pair_type,cancer,sample_a,sample_b,kn,kf,omega_floor,omega_raw
TT,TCGA-LUAD,TCGA-44-3918-01,TCGA-55-6969-01,0.003176686090190346,0.29525210117585243,92.94342997490226,92.94342997490226
TT,TCGA-LUAD,TCGA-38-4626-01,TCGA-64-5781-01,0.00305245340118703,0.20322979120952278,66.57916256165986,66.57916256165986
TT,TCGA-LUAD,TCGA-49-4487-01,TCGA-55-6969-01,0.0014841322398436313,0.26128622913243954,176.05319938334387,176.05319938334387
TT,TCGA-LUAD,TCGA-KN-8418-01,TCGA-TQ-A7RP-01,0.003540944326727825,0.40381562740117005,114.04178946081728,114.04178946081728
TT,TCGA-LUAD,TCGA-49-AAR0-01,TCGA-55-6968-01,0.0032576903644532832,0.24397885944626535,74.8932010569429,74.8932010569429
TT,TCGA-LUAD,TCGA-55-A4DF-01,TCGA-86-8674-01,0.003293234900110069,0.274229718554172,83.27062200907882,83.27062200907882
TT,TCGA-LUAD,TCGA-50-6592-01,TCGA-TQ-A7RR-01,0.0034957638508373327,0.30522181988608665,87.3119103319801,87.3119103319801
TT,TCGA-LUAD,TCGA-50-6591-01,TCGA-KN-8419-01,0.006051895963935267,0.3426896125249737,56.62516582689874,56.62516582689874
TT,TCGA-LUAD,TCGA-50-6673-01,TCGA-55-8089-01,0.0013504422492953661,0.30442735432637424,225.4278955543774,225.4278955543774
TT,TCGA-LUAD,TCGA-44-A47A-01,TCGA-55-A492-01,0.0037485145092825156,0.29160626558229397,77.79248682649727,77.79248682649727
TT,TCGA-LUAD,TCGA-50-5941-01,TCGA-97-7941-01,0.001261892479748695,0.2669117126313948,211.51700078643,211.51700078643
TT,TCGA-LUAD,TCGA-49-AAR0-01,TCGA-73-4676-01,0.0036180025110801395,0.1979601887704114,54.71532652731941,54.71532652731941
TT,TCGA-LUAD,TCGA-05-4390-01,TCGA-MP-A4T4-01,0.001954766777003306,0.3529902888520482,180.57923482472364,180.57923482472364
TT,TCGA-LUAD,TCGA-55-8089-01,TCGA-55-8507-01,0.00195482930629808,0.3319777251384326,169.82440567514763,169.82440567514763
TT,TCGA-LUAD,TCGA-44-3917-01,TCGA-44-6145-01,0.00989194573882786,0.07125107618990353,7.202938438110195,7.202938438110195
TT,TCGA-LUAD,TCGA-44-4112-01,TCGA-91-A4BD-01,0.003981920223460318,0.34054569873993423,85.52298379398408,85.52298379398408
TT,TCGA-LUAD,TCGA-55-7911-01,TCGA-NJ-A7XG-01,0.001639981617837957,0.33272941933738737,202.88606635483865,202.88606635483865
TT,TCGA-LUAD,TCGA-38-6178-01,TCGA-55-A4DF-01,0.0019464373045062506,0.2649618370037111,136.12657155218443,136.12657155218443
TT,TCGA-LUAD,TCGA-NJ-A55A-01,TCGA-TQ-A7RM-01,0.0023179783765859495,0.07262114351340167,31.329517240951237,31.329517240951237
TT,TCGA-LUAD,TCGA-44-A4SS-01,TCGA-N6-A4VF-01,0.0020801986098994574,0.3739275135790566,179.75567900082854,179.75567900082854
TT,TCGA-LUAD,TCGA-75-5122-01,TCGA-97-A4M2-01,0.0018900029835356657,0.17632462174256786,93.2933033855396,93.2933033855396
TT,TCGA-LUAD,TCGA-91-7771-01,TCGA-TQ-A7RN-01,0.003230303263024305,0.18434299676283683,57.06677725058219,57.06677725058219
TT,TCGA-LUAD,TCGA-44-2661-01,TCGA-97-7937-01,0.003234784680306106,0.2762288454398694,85.39327118790796,85.39327118790796
TT,TCGA-LUAD,TCGA-44-2657-01,TCGA-KN-8426-01,0.004160075223173225,0.16115059901964357,38.73742429511191,38.73742429511191
TT,TCGA-LUAD,TCGA-73-4668-01,TCGA-73-A9RS-01,0.002015044985581467,0.3475472404098711,172.47616946357252,172.47616946357252
TT,TCGA-LUAD,TCGA-93-A4JP-01,TCGA-J2-8194-01,0.0013204354335118525,0.3308006491715946,250.52391110998252,250.52391110998252
TT,TCGA-LUAD,TCGA-38-4627-01,TCGA-97-7941-01,0.001961231105727473,0.2519945774260505,128.48795671766536,128.48795671766536
TT,TCGA-LUAD,TCGA-05-4250-01,TCGA-05-4410-01,0.0020552158543531785,0.2943001754467507,143.19672302225084,143.19672302225084
TT,TCGA-LUAD,TCGA-05-4426-01,TCGA-86-A4P8-01,0.0018974480375029618,0.3192201859431912,168.23658916282332,168.23658916282332
TT,TCGA-LUAD,TCGA-05-4432-01,TCGA-55-A48X-01,0.001519909957096454,0.20008247680674196,131.64100667447937,131.64100667447937
TT,TCGA-LUAD,TCGA-55-8094-01,TCGA-73-7498-01,0.0031408200237983005,0.2214003253812381,70.49124868781598,70.49124868781598
TT,TCGA-LUAD,TCGA-49-AAR4-01,TCGA-55-1592-01,0.0021995223686253383,0.2879351005657306,130.90801197247418,130.90801197247418
TT,TCGA-LUAD,TCGA-MT-A67A-01,TCGA-TQ-A8XE-01,0.006623207509510563,0.48898008029923906,73.82828932916422,73.82828932916422
TT,TCGA-LUAD,TCGA-55-7727-01,TCGA-TQ-A7RU-01,0.005648668691209587,0.31028468475565885,54.93058660680904,54.93058660680904
TT,TCGA-LUAD,TCGA-05-5428-01,TCGA-49-AARN-01,0.00842355357235779,0.19125895108003751,22.705257280924883,22.705257280924883
TT,TCGA-LUAD,TCGA-55-5899-01,TCGA-55-8619-01,0.002094830798948031,0.36065835268064983,172.16586316267782,172.16586316267782
TT,TCGA-LUAD,TCGA-78-7220-01,TCGA-TQ-A7RV-01,0.0038222022623536876,0.36685162889386647,95.97912504712966,95.97912504712966
TT,TCGA-LUAD,TCGA-05-5425-01,TCGA-44-6146-01,0.0039639994414524616,0.2395016208828074,60.419186334458935,60.419186334458935
TT,TCGA-LUAD,TCGA-05-4434-01,TCGA-38-A44F-01,0.001532538322214857,0.2209165794417821,144.1507701566045,144.1507701566045
TT,TCGA-LUAD,TCGA-44-2656-01,TCGA-75-7031-01,0.0032655208978206503,0.2718501938270709,83.24864618336964,83.24864618336964
TT,TCGA-LUAD,TCGA-05-5715-01,TCGA-78-7535-01,0.003932034755601448,0.27856932985966465,70.84610060041405,70.84610060041405
TT,TCGA-LUAD,TCGA-55-A4DF-01,TCGA-86-8668-01,0.0027170933533157996,0.3349815252108207,123.28671917070005,123.28671917070005
TT,TCGA-LUAD,TCGA-05-5429-01,TCGA-78-7542-01,0.003503795790983942,0.370892351500251,105.85444290293424,105.85444290293424
TT,TCGA-LUAD,TCGA-05-4417-01,TCGA-44-6778-01,0.001349136036665644,0.2896911151182496,214.72342836102277,214.72342836102277
TT,TCGA-LUAD,TCGA-64-1678-01,TCGA-97-7554-01,0.011674534398451675,0.2657293998549688,22.761455899278598,22.761455899278598
TT,TCGA-LUAD,TCGA-73-7498-01,TCGA-MP-A5C7-01,0.0008854666161274873,0.2467452710157627,278.66129170954196,278.66129170954196
TT,TCGA-LUAD,TCGA-55-7727-01,TCGA-73-4675-01,0.004520523500809403,0.36652868309494635,81.08102590979101,81.08102590979101
TT,TCGA-LUAD,TCGA-55-1594-01,TCGA-TQ-A7RS-01,0.004087155884826039,0.31014506921816554,75.88285789871853,75.88285789871853
TT,TCGA-LUAD,TCGA-49-4501-01,TCGA-75-5146-01,0.0015951477814057974,0.2410553025784372,151.11784963647452,151.11784963647452
TT,TCGA-LUAD,TCGA-50-5935-01,TCGA-55-7913-01,0.001809061444884352,0.2858325110251633,158.00044372922653,158.00044372922653
TT,TCGA-LUAD,TCGA-50-5072-01,TCGA-TQ-A7RN-01,0.003929366166431898,0.16421850482602934,41.792619437946065,41.792619437946065
TT,TCGA-LUAD,TCGA-50-6592-01,TCGA-91-6847-01,0.002368272328706199,0.2630356569171247,111.06647395606849,111.06647395606849
TT,TCGA-LUAD,TCGA-49-AARN-01,TCGA-55-8619-01,0.0009732817892598213,0.24203343174276634,248.6776537007152,248.6776537007152
TT,TCGA-LUAD,TCGA-64-1680-01,TCGA-97-8174-01,0.003042434406630097,0.2625728839004459,86.30354801676087,86.30354801676087
TT,TCGA-LUAD,TCGA-44-A47B-01,TCGA-50-5068-01,0.009538729306130481,0.24382461866276744,25.56154083396233,25.56154083396233
TT,TCGA-LUAD,TCGA-44-3917-01,TCGA-55-7910-01,0.00918040247804857,0.09313271464856344,10.144731112960983,10.144731112960983
TT,TCGA-LUAD,TCGA-55-6986-01,TCGA-73-A9RS-01,0.0021126338518895594,0.3484259123211215,164.92489316569748,164.92489316569748
TT,TCGA-LUAD,TCGA-44-A47A-01,TCGA-86-8359-01,0.0017884293914757555,0.3425752172507141,191.55087636310418,191.55087636310418
TT,TCGA-LUAD,TCGA-05-4402-01,TCGA-97-A4M1-01,0.0019466311913636076,0.30650231103381187,157.45268666896692,157.45268666896692
TT,TCGA-LUAD,TCGA-49-AARE-01,TCGA-50-5045-01,0.0032001614241184153,0.3165927628300785,98.93024784438612,98.93024784438612
TT,TCGA-LUAD,TCGA-44-2661-01,TCGA-44-3918-01,0.0027725042374343173,0.25057318283441654,90.37792601042068,90.37792601042068
TT,TCGA-LUAD,TCGA-50-5072-01,TCGA-93-7347-01,0.001631328587894461,0.2824717618649918,173.15442392239027,173.15442392239027
TT,TCGA-LUAD,TCGA-78-7146-01,TCGA-J2-A4AE-01,0.002876150350264486,0.32698356429073094,113.68792464575507,113.68792464575507
TT,TCGA-LUAD,TCGA-78-7156-01,TCGA-TQ-A7RJ-01,0.0031802271928847133,0.45913157334897803,144.37068344557798,144.37068344557798
TT,TCGA-LUAD,TCGA-44-2661-01,TCGA-50-5936-01,0.0027225042839198834,0.2971379932715641,109.14142358804389,109.14142358804389
TT,TCGA-LUAD,TCGA-55-6970-01,TCGA-78-7536-01,0.001613637599737501,0.34118388715315473,211.4377399291247,211.4377399291247
TT,TCGA-LUAD,TCGA-78-7537-01,TCGA-KN-8433-01,0.00659005853515627,0.1728224281328934,26.224718219258616,26.224718219258616
TT,TCGA-LUAD,TCGA-55-6712-01,TCGA-55-8615-01,0.0025251423138329086,0.38009693788302895,150.5249568710765,150.5249568710765
TT,TCGA-LUAD,TCGA-49-AAR0-01,TCGA-49-AARN-01,0.0012838536804299714,0.254353737832823,198.11738807154268,198.11738807154268
TT,TCGA-LUAD,TCGA-50-5944-01,TCGA-97-A4M3-01,0.0021471080654819224,0.32544559728263317,151.57392518554315,151.57392518554315
TT,TCGA-LUAD,TCGA-91-6847-01,TCGA-91-A4BD-01,0.004160976426359098,0.4174226329396315,100.3184325427388,100.3184325427388
TT,TCGA-LUAD,TCGA-93-A4JN-01,TCGA-MP-A4TF-01,0.0017423860147656625,0.2419514395431916,138.86213358739118,138.86213358739118
TT,TCGA-LUAD,TCGA-49-4490-01,TCGA-73-4659-01,0.0024949604000585237,0.3199191772358084,128.22615430221023,128.22615430221023
TT,TCGA-LUAD,TCGA-05-4418-01,TCGA-44-2668-01,0.003519947999907803,0.30209569312883183,85.82390794885167,85.82390794885167
TT,TCGA-LUAD,TCGA-49-4514-01,TCGA-50-5946-01,0.005736234958876572,0.35728395468099816,62.285446332374676,62.285446332374676
TT,TCGA-LUAD,TCGA-44-6777-01,TCGA-97-7554-01,0.0008429403520392349,0.2675417160080951,317.3910412057748,317.3910412057748
TT,TCGA-LUAD,TCGA-55-8513-01,TCGA-93-A4JO-01,0.0014023402697205083,0.23373137143524197,166.67236653043238,166.67236653043238
TT,TCGA-LUAD,TCGA-50-6591-01,TCGA-97-A4M3-01,0.0027369058639869466,0.33600435332003065,122.76796134689168,122.76796134689168
TT,TCGA-LUAD,TCGA-49-6761-01,TCGA-55-8091-01,0.0021099221099130806,0.27352604646950107,129.63798293045477,129.63798293045477
TT,TCGA-LUAD,TCGA-38-6178-01,TCGA-86-A456-01,0.0017144471972484075,0.27703547270440787,161.58880433823475,161.58880433823475
TT,TCGA-LUAD,TCGA-55-8207-01,TCGA-73-4668-01,0.0013689537859991174,0.2549433280507323,186.232238559218,186.232238559218
TT,TCGA-LUAD,TCGA-50-6592-01,TCGA-55-6975-01,0.0015102670289273675,0.27142495869733785,179.71984655595057,179.71984655595057
TT,TCGA-LUAD,TCGA-55-1592-01,TCGA-67-6216-01,0.0014781405615564157,0.23856583251450347,161.3959042320741,161.3959042320741
TT,TCGA-LUAD,TCGA-64-5775-01,TCGA-MP-A5C7-01,0.00311088839654286,0.33006066459303074,106.09852316136708,106.09852316136708
TT,TCGA-LUAD,TCGA-50-6595-01,TCGA-MP-A4TA-01,0.0018501747249845776,0.30657968619612774,165.703099310625,165.703099310625
TT,TCGA-LUAD,TCGA-38-4626-01,TCGA-49-AAR3-01,0.0020293842326628486,0.2534642589943154,124.89712638682191,124.89712638682191
TT,TCGA-LUAD,TCGA-35-3615-01,TCGA-78-7155-01,0.005399526062424919,0.4506391618332416,83.45902151842938,83.45902151842938
TT,TCGA-LUAD,TCGA-73-4659-01,TCGA-91-6829-01,0.0015780775296713868,0.316348372712651,200.46440479925357,200.46440479925357
TT,TCGA-LUAD,TCGA-55-6982-01,TCGA-KN-8435-01,0.0039740978524543235,0.20637358826747973,51.92966955758966,51.92966955758966
TT,TCGA-LUAD,TCGA-64-1677-01,TCGA-97-7941-01,0.004637282184526779,0.17958307582629926,38.72593227677931,38.72593227677931
TT,TCGA-LUAD,TCGA-75-6203-01,TCGA-97-7547-01,0.0013419887063259041,0.3235189960567359,241.07430601444182,241.07430601444182
TT,TCGA-LUAD,TCGA-49-4510-01,TCGA-91-6830-01,0.00368076085948259,0.19996921849400934,54.32822889833688,54.32822889833688
TT,TCGA-LUAD,TCGA-05-4384-01,TCGA-97-7552-01,0.0008665886186353748,0.3282607845802029,378.7965564296451,378.7965564296451
TT,TCGA-LUAD,TCGA-75-5146-01,TCGA-MP-A4SW-01,0.0030211752285449556,0.2462825977911848,81.51880614677167,81.51880614677167
TT,TCGA-LUAD,TCGA-78-7150-01,TCGA-MP-A5C7-01,0.0026921024228962094,0.3969073148420213,147.43395773739607,147.43395773739607
TT,TCGA-LUAD,TCGA-44-A47A-01,TCGA-64-1679-01,0.0023034517283639974,0.3428401797542522,148.83757950410833,148.83757950410833
TT,TCGA-LUAD,TCGA-05-4433-01,TCGA-55-8508-01,0.0026023153818285297,0.37304651846639936,143.35177091574366,143.35177091574366
TT,TCGA-LUAD,TCGA-49-AARE-01,TCGA-50-5942-01,0.004090856897746281,0.373934252436668,91.40731680022208,91.40731680022208
TT,TCGA-LUAD,TCGA-55-A494-01,TCGA-MP-A4TK-01,0.00189819416378894,0.2909576730240783,153.28130207886883,153.28130207886883
TT,TCGA-LUAD,TCGA-44-A47A-01,TCGA-86-8358-01,0.002699514199528243,0.37629032207583996,139.39186618896062,139.39186618896062
TT,TCGA-LUAD,TCGA-38-6178-01,TCGA-64-1679-01,0.0013393978232011511,0.22019227800055435,164.39647294206915,164.39647294206915
TT,TCGA-LUAD,TCGA-75-6212-01,TCGA-TQ-A7RG-01,0.003330498280904221,0.34189922053962307,102.65707762106948,102.65707762106948
TT,TCGA-LUAD,TCGA-05-4434-01,TCGA-TQ-A7RH-01,0.0026342669784267707,0.0830868135209614,31.54077175980935,31.54077175980935
TT,TCGA-LUAD,TCGA-05-4403-01,TCGA-49-4490-01,0.0025643198829190007,0.3156524408382899,123.09401917477565,123.09401917477565
TT,TCGA-LUAD,TCGA-05-5425-01,TCGA-50-5942-01,0.002684679880296141,0.3170006371134494,118.07762982843295,118.07762982843295
TT,TCGA-LUAD,TCGA-86-8669-01,TCGA-MP-A4TD-01,0.00158236951609951,0.25114525861951387,158.71467192984028,158.71467192984028
TT,TCGA-LUAD,TCGA-78-7162-01,TCGA-KN-8431-01,0.005220515023253011,0.14747802017336376,28.24970707228559,28.24970707228559
TT,TCGA-LUAD,TCGA-50-6590-01,TCGA-55-6543-01,0.0017238506687033152,0.2503757322829203,145.24212382691684,145.24212382691684
TT,TCGA-LUAD,TCGA-50-5931-01,TCGA-55-7283-01,0.0022187351512512965,0.37035893002853515,166.92345177821895,166.92345177821895
TT,TCGA-LUAD,TCGA-KN-8429-01,TCGA-NJ-A4YI-01,0.0039454444842298726,0.3071935874503352,77.86032440152242,77.86032440152242
TT,TCGA-LUAD,TCGA-55-7816-01,TCGA-97-7547-01,0.0014881096187490486,0.3418793669367129,229.74071441330202,229.74071441330202
TT,TCGA-LUAD,TCGA-05-5429-01,TCGA-55-8512-01,0.004255636617719931,0.25573775902362644,60.09389005601815,60.09389005601815
TT,TCGA-LUAD,TCGA-93-7347-01,TCGA-93-A4JQ-01,0.0011118784899378116,0.15800110695492398,142.10285421005054,142.10285421005054
TT,TCGA-LUAD,TCGA-44-8120-01,TCGA-75-6211-01,0.0021872792138346057,0.3540259323387889,161.85676254753594,161.85676254753594
TT,TCGA-LUAD,TCGA-49-6745-01,TCGA-97-A4M2-01,0.002239617027983216,0.2955587029469303,131.96841212315755,131.96841212315755
TT,TCGA-LUAD,TCGA-97-8547-01,TCGA-KN-8427-01,0.002614131787351575,0.07351167143593412,28.120874315372657,28.120874315372657
TT,TCGA-LUAD,TCGA-55-1596-01,TCGA-MP-A4SV-01,0.0024730596464474916,0.26088331944262966,105.49010405688522,105.49010405688522
TT,TCGA-LUAD,TCGA-55-6970-01,TCGA-78-7167-01,0.0017180939830081583,0.3312208423093592,192.78389051187685,192.78389051187685
TT,TCGA-LUAD,TCGA-50-5045-01,TCGA-55-8508-01,0.0028001807636640103,0.28875717835539305,103.12090637232897,103.12090637232897
TT,TCGA-LUAD,TCGA-44-A479-01,TCGA-55-8094-01,0.003263031121200992,0.21485064781144264,65.84388558708096,65.84388558708096
TT,TCGA-LUAD,TCGA-75-6205-01,TCGA-97-8172-01,0.0016175788427938665,0.2828265564412919,174.84560811440673,174.84560811440673
TT,TCGA-LUAD,TCGA-05-4425-01,TCGA-MP-A4TH-01,0.001836865765955843,0.3210064760250996,174.75772153555195,174.75772153555195
TT,TCGA-LUAD,TCGA-50-5941-01,TCGA-MT-A51W-01,0.0021518208736319,0.12188790481676648,56.64407586633401,56.64407586633401
TT,TCGA-LUAD,TCGA-50-5044-01,TCGA-55-8514-01,0.0033220600260480612,0.3446475050503748,103.74511668904705,103.74511668904705
TT,TCGA-LUAD,TCGA-38-7271-01,TCGA-MT-A67F-01,0.0024198987642375996,0.28558826157959827,118.01661532298611,118.01661532298611
TT,TCGA-LUAD,TCGA-05-4425-01,TCGA-KN-8429-01,0.0031594660280413103,0.1931148647525705,61.12262738026361,61.12262738026361
TT,TCGA-LUAD,TCGA-44-6148-01,TCGA-91-6848-01,0.002236065609738609,0.41912152933211044,187.43704456020177,187.43704456020177
TT,TCGA-LUAD,TCGA-67-4679-01,TCGA-KN-8429-01,0.003308916848840133,0.20085736239952198,60.701846427457994,60.701846427457994
TT,TCGA-LUAD,TCGA-44-2659-01,TCGA-49-4505-01,0.0019150682544383625,0.27891758205733846,145.6436768824918,145.6436768824918
TT,TCGA-LUAD,TCGA-55-7903-01,TCGA-73-4668-01,0.0015981966830986754,0.29667797163196363,185.63295417229085,185.63295417229085
TT,TCGA-LUAD,TCGA-50-6593-01,TCGA-55-6969-01,0.0011775997865145537,0.19442835364827302,165.1056291575424,165.1056291575424
TT,TCGA-LUAD,TCGA-05-4432-01,TCGA-50-6592-01,0.002063845960923504,0.28407848183013723,137.6451960121197,137.6451960121197
TT,TCGA-LUAD,TCGA-73-4666-01,TCGA-KN-8419-01,0.004477621971394861,0.3270349896561488,73.03765073188424,73.03765073188424
TT,TCGA-LUAD,TCGA-78-7159-01,TCGA-NJ-A55O-01,0.001508983539431445,0.3183929164008166,210.99827008105117,210.99827008105117
TT,TCGA-LUAD,TCGA-50-5045-01,TCGA-55-7903-01,0.0032162842554992847,0.304717609833548,94.74212651214957,94.74212651214957
TT,TCGA-LUAD,TCGA-86-6851-01,TCGA-KN-8419-01,0.00427951066914094,0.26287736027486186,61.42696691246509,61.42696691246509
TT,TCGA-LUAD,TCGA-67-3772-01,TCGA-75-6207-01,0.004813241825457529,0.3372236099140249,70.06163873388383,70.06163873388383
TT,TCGA-LUAD,TCGA-05-5420-01,TCGA-MP-A4T8-01,0.006602811466711277,0.3770013296908364,57.09709138168273,57.09709138168273
TT,TCGA-LUAD,TCGA-44-6775-01,TCGA-86-8673-01,0.004582705547057454,0.2950861394340878,64.39125019139883,64.39125019139883
TT,TCGA-LUAD,TCGA-50-6673-01,TCGA-55-7574-01,0.001588842794415048,0.2696167755311007,169.69380260830866,169.69380260830866
TT,TCGA-LUAD,TCGA-44-7672-01,TCGA-KN-8431-01,0.005143765477985349,0.21760970900825904,42.30552694122632,42.30552694122632
TT,TCGA-LUAD,TCGA-05-4390-01,TCGA-L4-A4E5-01,0.0029092090250070913,0.3649354626934486,125.44147208279718,125.44147208279718
TT,TCGA-LUAD,TCGA-05-4427-01,TCGA-50-8457-01,0.0018232433147822842,0.3065313019921786,168.1241880921318,168.1241880921318
TT,TCGA-LUAD,TCGA-44-7671-01,TCGA-64-1681-01,0.0016608133049114953,0.2712479844712745,163.32238167235138,163.32238167235138
TT,TCGA-LUAD,TCGA-44-A479-01,TCGA-55-8508-01,0.0020870703165325965,0.2079774915723431,99.65044777114717,99.65044777114717
TT,TCGA-LUAD,TCGA-05-4418-01,TCGA-55-A494-01,0.003237706202049743,0.4449977604229641,137.44229175001817,137.44229175001817
TT,TCGA-LUAD,TCGA-05-4424-01,TCGA-86-8585-01,0.0031844796406503184,0.3034464063296222,95.28916512955125,95.28916512955125
TT,TCGA-LUAD,TCGA-44-5643-01,TCGA-86-8281-01,0.0032902494931101936,0.33432964203623217,101.61224634676515,101.61224634676515
TT,TCGA-LUAD,TCGA-73-4676-01,TCGA-KN-8423-01,0.005148282075146997,0.3579874780391622,69.53532708849112,69.53532708849112
TT,TCGA-LUAD,TCGA-05-4434-01,TCGA-97-A4M6-01,0.00145186123967442,0.2265075068734547,156.0118148234669,156.0118148234669
TT,TCGA-LUAD,TCGA-73-A9RS-01,TCGA-TQ-A7RH-01,0.003481413058207232,0.4165432290638186,119.64774707840017,119.64774707840017
TT,TCGA-LUAD,TCGA-55-A492-01,TCGA-KN-8428-01,0.006725029398564815,0.3795078653615004,56.43214964123293,56.43214964123293
TT,TCGA-LUAD,TCGA-44-6774-01,TCGA-55-A494-01,0.001816693850000163,0.30943730663194685,170.329913668128,170.329913668128
TT,TCGA-LUAD,TCGA-44-6148-01,TCGA-75-6206-01,0.0011805214023350428,0.2570619028798596,217.75285257124298,217.75285257124298
TT,TCGA-LUAD,TCGA-50-5068-01,TCGA-78-7152-01,0.007769687145808008,0.2858076003484239,36.784956071574406,36.784956071574406
TT,TCGA-LUAD,TCGA-38-6178-01,TCGA-44-7670-01,0.001939332422675885,0.2881954174094794,148.605475801734,148.605475801734
TT,TCGA-LUAD,TCGA-73-7499-01,TCGA-97-A4M2-01,0.003547438865319084,0.28247617115116264,79.62819991423716,79.62819991423716
TT,TCGA-LUAD,TCGA-50-5066-01,TCGA-KN-8427-01,0.009664782304915836,0.3728279459613442,38.575927961844656,38.575927961844656
TT,TCGA-LUAD,TCGA-35-4123-01,TCGA-55-8512-01,0.005119848535628384,0.25683849653764035,50.16525288791913,50.16525288791913
TT,TCGA-LUAD,TCGA-49-4507-01,TCGA-KN-8431-01,0.00810118766397962,0.30712044824023216,37.910546080272205,37.910546080272205
TT,TCGA-LUAD,TCGA-44-7671-01,TCGA-67-3771-01,0.001904015914902336,0.32729380294936444,171.89656892450532,171.89656892450532
TT,TCGA-LUAD,TCGA-55-7281-01,TCGA-78-7539-01,0.0014701883607972299,0.2868425195204858,195.10596544577558,195.10596544577558
TT,TCGA-LUAD,TCGA-05-4397-01,TCGA-97-8547-01,0.002325081827206516,0.3456564591404163,148.66421262932815,148.66421262932815
TT,TCGA-LUAD,TCGA-44-7659-01,TCGA-78-7161-01,0.001771293538279622,0.3455175658044473,195.06510825982747,195.06510825982747
TT,TCGA-LUAD,TCGA-50-5932-01,TCGA-78-7150-01,0.002372765158356951,0.3838878934471159,161.78924917834834,161.78924917834834
TT,TCGA-LUAD,TCGA-05-4384-01,TCGA-49-AAR9-01,0.002564058743707109,0.26726589529834266,104.23548054594505,104.23548054594505
TT,TCGA-LUAD,TCGA-05-4426-01,TCGA-55-1596-01,0.002517597291701346,0.38784303105834333,154.05284726702502,154.05284726702502
TT,TCGA-LUAD,TCGA-86-8671-01,TCGA-97-8179-01,0.0016405266891620683,0.23958393811421483,146.04086583717032,146.04086583717032
TT,TCGA-LUAD,TCGA-44-7670-01,TCGA-55-8513-01,0.0021148458643788226,0.31316800010168144,148.08076814319793,148.08076814319793
TT,TCGA-LUAD,TCGA-50-5931-01,TCGA-55-8206-01,0.0020869640224171577,0.3007821484939192,144.1242614932806,144.1242614932806
TT,TCGA-LUAD,TCGA-05-4403-01,TCGA-55-8205-01,0.0024183786451001774,0.34889232614517535,144.26703893207883,144.26703893207883
TT,TCGA-LUAD,TCGA-50-8459-01,TCGA-TQ-A7RS-01,0.002448324620417045,0.12208242317072476,49.86365866382922,49.86365866382922
TT,TCGA-LUAD,TCGA-38-7271-01,TCGA-86-7955-01,0.002233265265414719,0.30800758087742824,137.9180456739119,137.9180456739119
TT,TCGA-LUAD,TCGA-64-5778-01,TCGA-73-4662-01,0.003753195607149769,0.2467136090563628,65.73427949941589,65.73427949941589
TT,TCGA-LUAD,TCGA-55-8302-01,TCGA-78-7156-01,0.0028901638586704523,0.2937477726702299,101.63706524423885,101.63706524423885
TT,TCGA-LUAD,TCGA-86-8585-01,TCGA-MP-A4TK-01,0.001495756819268963,0.26272421224064857,175.64634094000155,175.64634094000155
TT,TCGA-LUAD,TCGA-49-6743-01,TCGA-97-7552-01,0.0015755763402782934,0.3360128324215135,213.26344133992495,213.26344133992495
TT,TCGA-LUAD,TCGA-78-7153-01,TCGA-KN-8429-01,0.004099035059279902,0.35202407117844126,85.87974147268774,85.87974147268774
TT,TCGA-LUAD,TCGA-05-5429-01,TCGA-50-5051-01,0.0033984539725296315,0.38308192220341775,112.72241004290301,112.72241004290301
TT,TCGA-LUAD,TCGA-38-4630-01,TCGA-44-6775-01,0.0034433798280294513,0.2883029142498045,83.72672451147861,83.72672451147861
TT,TCGA-LUAD,TCGA-55-A48X-01,TCGA-L3-A524-01,0.0025243368022716136,0.18287750634305278,72.44576325095922,72.44576325095922
TT,TCGA-LUAD,TCGA-73-4675-01,TCGA-91-7771-01,0.0023645430505375743,0.3064869444787476,129.61783225264955,129.61783225264955
TT,TCGA-LUAD,TCGA-05-4402-01,TCGA-38-4631-01,0.0035734631185376014,0.17643973832252327,49.37499911702718,49.37499911702718
TT,TCGA-LUAD,TCGA-78-8640-01,TCGA-MP-A4TJ-01,0.001711543873128004,0.2227430801964856,130.1416128991202,130.1416128991202
TT,TCGA-LUAD,TCGA-L4-A4E5-01,TCGA-L4-A4E6-01,0.0024190943592804167,0.3348097719087012,138.40294018472832,138.40294018472832
TT,TCGA-LUAD,TCGA-64-5778-01,TCGA-J2-8194-01,0.0044234457172244715,0.3124917515707907,70.64441875119613,70.64441875119613
TT,TCGA-LUAD,TCGA-05-4410-01,TCGA-50-5051-01,0.003000060189746756,0.3441393646838001,114.71082008952956,114.71082008952956
TT,TCGA-LUAD,TCGA-67-6216-01,TCGA-78-7154-01,0.002471915797565096,0.3581909691750662,144.90419517035897,144.90419517035897
TT,TCGA-LUAD,TCGA-50-5044-01,TCGA-86-8074-01,0.0038293012093560085,0.14897269030612903,38.90336177842288,38.90336177842288
TT,TCGA-LUAD,TCGA-55-8208-01,TCGA-86-6851-01,0.0010218696686680468,0.22107560595880182,216.34422934478738,216.34422934478738
TT,TCGA-LUAD,TCGA-49-4487-01,TCGA-50-5936-01,0.0021186947825179298,0.2673868401588534,126.20356757620448,126.20356757620448
TT,TCGA-LUAD,TCGA-55-7576-01,TCGA-78-7167-01,0.0018447927142242935,0.33621777570377276,182.25233280214198,182.25233280214198
TT,TCGA-LUAD,TCGA-73-4675-01,TCGA-KN-8434-01,0.003139707510360366,0.24094259708811336,76.74045951511538,76.74045951511538
TT,TCGA-LUAD,TCGA-78-7147-01,TCGA-86-7701-01,0.00250757536480128,0.38675421085478895,154.23433181057686,154.23433181057686
TT,TCGA-LUAD,TCGA-86-8073-01,TCGA-MP-A4T6-01,0.003602711867280741,0.2919912455007436,81.0476264151352,81.0476264151352
TT,TCGA-LUAD,TCGA-38-4627-01,TCGA-86-8054-01,0.002706155317143203,0.34146852259514265,126.18215977182693,126.18215977182693
TT,TCGA-LUAD,TCGA-44-6776-01,TCGA-49-6743-01,0.002272558460099363,0.292432339485389,128.67978739372143,128.67978739372143
TT,TCGA-LUAD,TCGA-78-7146-01,TCGA-KN-8426-01,0.006644539979097108,0.3099872428223157,46.6529276364499,46.6529276364499
TT,TCGA-LUAD,TCGA-55-8513-01,TCGA-KN-8427-01,0.0024324446930209936,0.06775305627284897,27.853893848950182,27.853893848950182
TT,TCGA-LUAD,TCGA-67-6215-01,TCGA-73-4658-01,0.0011161306623033642,0.2928015029879535,262.3362235956296,262.3362235956296
TT,TCGA-LUAD,TCGA-50-5942-01,TCGA-TQ-A7RN-01,0.002678595383929431,0.2207275383408837,82.40421067891263,82.40421067891263
TT,TCGA-LUAD,TCGA-55-7281-01,TCGA-NJ-A4YG-01,0.0014170955963057614,0.2408722185162028,169.97598407908023,169.97598407908023
TT,TCGA-LUAD,TCGA-55-7815-01,TCGA-97-8179-01,0.006639158619842268,0.40106451723510883,60.40893736692154,60.40893736692154
TT,TCGA-LUAD,TCGA-49-6761-01,TCGA-KN-8425-01,0.00457467670011837,0.34928608181149534,76.35208009397856,76.35208009397856
TT,TCGA-LUAD,TCGA-05-4425-01,TCGA-55-6712-01,0.0014647411717453513,0.3219894131727523,219.82683315242465,219.82683315242465
TT,TCGA-LUAD,TCGA-78-7152-01,TCGA-KN-8432-01,0.0036907516615602657,0.32691454676007997,88.57668484307524,88.57668484307524
TT,TCGA-LUAD,TCGA-50-8459-01,TCGA-67-3773-01,0.003383742483202725,0.3341767996343023,98.75952478452281,98.75952478452281
TT,TCGA-LUAD,TCGA-38-4631-01,TCGA-91-8497-01,0.005381273003790119,0.16719061515135214,31.068971047110423,31.068971047110423
TT,TCGA-LUAD,TCGA-75-6214-01,TCGA-86-8674-01,0.002940043091588282,0.3849148294828482,130.92149247203992,130.92149247203992
TT,TCGA-LUAD,TCGA-49-4505-01,TCGA-55-6986-01,0.0020451857314759125,0.27830137992562304,136.07633558287455,136.07633558287455
TT,TCGA-LUAD,TCGA-44-7660-01,TCGA-KN-8432-01,0.004941121248435924,0.3668340238084259,74.241048815498,74.241048815498
TT,TCGA-LUAD,TCGA-NJ-A4YP-01,TCGA-TQ-A7RK-01,0.0027000097601638105,0.20922631717136905,77.49094846185861,77.49094846185861
TT,TCGA-LUAD,TCGA-75-6211-01,TCGA-MP-A4T8-01,0.0017562424806610972,0.3426442977690819,195.10079134408667,195.10079134408667
TT,TCGA-LUAD,TCGA-55-6984-01,TCGA-86-8671-01,0.0016969041438316878,0.2544324855977961,149.93922109428985,149.93922109428985
TT,TCGA-LUAD,TCGA-49-AARQ-01,TCGA-MT-A67F-01,0.005689435420591044,0.4024136575382952,70.72998070808416,70.72998070808416
TT,TCGA-LUAD,TCGA-55-7573-01,TCGA-75-5126-01,0.0018952696310831209,0.254755472147102,134.4164798343298,134.4164798343298
TT,TCGA-LUAD,TCGA-73-4675-01,TCGA-KN-8419-01,0.0041132611423847516,0.19561873787820722,47.55806429659194,47.55806429659194
TT,TCGA-LUAD,TCGA-75-7027-01,TCGA-L3-A4E7-01,0.0021508565039562314,0.3152755263334665,146.58138548692423,146.58138548692423
TT,TCGA-LUAD,TCGA-05-4420-01,TCGA-75-6206-01,0.003123003864378596,0.36915615831854803,118.2054759935436,118.2054759935436
TT,TCGA-LUAD,TCGA-55-A48Y-01,TCGA-TQ-A8XE-01,0.003950447305440665,0.2897290650463348,73.34082513828545,73.34082513828545
TT,TCGA-LUAD,TCGA-55-6712-01,TCGA-55-6985-01,0.0011850460249735236,0.13921989426756942,117.48057993838668,117.48057993838668
TT,TCGA-LUAD,TCGA-55-8205-01,TCGA-91-6840-01,0.0018733123951605339,0.32828543121317166,175.24329207517957,175.24329207517957
TT,TCGA-LUAD,TCGA-44-6148-01,TCGA-55-7573-01,0.0008136813807391851,0.22101551154232177,271.6241476996085,271.6241476996085
TT,TCGA-LUAD,TCGA-86-A456-01,TCGA-TQ-A7RN-01,0.0032959380020359634,0.25254248769210713,76.62234166301273,76.62234166301273
TT,TCGA-LUAD,TCGA-73-4677-01,TCGA-MT-A67D-01,0.003330638107586981,0.38977605303047724,117.02744052035924,117.02744052035924
TT,TCGA-LUAD,TCGA-50-6594-01,TCGA-75-7031-01,0.0029096572734320144,0.39701587663749,136.44764291060292,136.44764291060292
TT,TCGA-LUAD,TCGA-55-6983-01,TCGA-78-7156-01,0.0016100598632863166,0.1526220155427063,94.79275834575944,94.79275834575944
TT,TCGA-LUAD,TCGA-05-4434-01,TCGA-55-8619-01,0.0012862915561282528,0.22376908576073112,173.96451426166377,173.96451426166377
TT,TCGA-LUAD,TCGA-55-8203-01,TCGA-55-A493-01,0.0020076807291384835,0.3325902085352793,165.65891364509795,165.65891364509795
TT,TCGA-LUAD,TCGA-78-7156-01,TCGA-TQ-A7RU-01,0.003595166113444711,0.46524751895434474,129.40918563247345,129.40918563247345
TT,TCGA-LUAD,TCGA-05-4244-01,TCGA-78-7152-01,0.0017814779430076737,0.30672985557140703,172.1771839922723,172.1771839922723
TT,TCGA-LUAD,TCGA-55-7284-01,TCGA-78-7146-01,0.002187808330291528,0.25435836384816324,116.2617219828712,116.2617219828712
TT,TCGA-LUAD,TCGA-49-AARO-01,TCGA-97-7553-01,0.0019330216985136185,0.2869391119660423,148.44070927226625,148.44070927226625
TT,TCGA-LUAD,TCGA-55-7726-01,TCGA-86-6851-01,0.002299738874316148,0.3280383089370592,142.64154622102689,142.64154622102689
TT,TCGA-LUAD,TCGA-86-7701-01,TCGA-97-7553-01,0.001309047709245854,0.24282536373853664,185.4977187030326,185.4977187030326
TT,TCGA-LUAD,TCGA-97-A4M3-01,TCGA-KN-8427-01,0.0030284939294857763,0.2292012787124531,75.68160414023691,75.68160414023691
TT,TCGA-LUAD,TCGA-78-7154-01,TCGA-86-8674-01,0.003433737113311035,0.34858779220911285,101.51848575064082,101.51848575064082
TT,TCGA-LUAD,TCGA-55-7725-01,TCGA-KN-8435-01,0.006786323967477125,0.3709001870215278,54.654064379925735,54.654064379925735
TT,TCGA-LUAD,TCGA-50-5072-01,TCGA-55-A48Y-01,0.0013671521775560573,0.1467364945368354,107.3300375376967,107.3300375376967
TT,TCGA-LUAD,TCGA-05-4425-01,TCGA-78-7163-01,0.002120089863649111,0.2697608240724088,127.24027820598836,127.24027820598836
TT,TCGA-LUAD,TCGA-55-7911-01,TCGA-64-5781-01,0.0028485377667021774,0.32972545206310133,115.75252956706719,115.75252956706719
TT,TCGA-LUAD,TCGA-05-4432-01,TCGA-38-4630-01,0.0021571117657734036,0.25063349332622686,116.18938680090392,116.18938680090392
TT,TCGA-LUAD,TCGA-91-6847-01,TCGA-KN-8433-01,0.00943322847764335,0.3452850375784751,36.60306101954351,36.60306101954351
TT,TCGA-LUAD,TCGA-73-4676-01,TCGA-78-7539-01,0.0023698688028660525,0.3742619703118579,157.92518550361777,157.92518550361777
TT,TCGA-LUAD,TCGA-55-6969-01,TCGA-78-7156-01,0.0021332178438347475,0.39582222092770425,185.55171103208113,185.55171103208113
TT,TCGA-LUAD,TCGA-05-5420-01,TCGA-55-8506-01,0.007551218328339522,0.24322287972327103,32.209753333506725,32.209753333506725
TT,TCGA-LUAD,TCGA-49-AAR0-01,TCGA-93-A4JP-01,0.002567022174506509,0.2697913000779939,105.09893633071529,105.09893633071529
TT,TCGA-LUAD,TCGA-55-8513-01,TCGA-86-7954-01,0.0013938005332561352,0.2574073392759676,184.68018424029725,184.68018424029725
TT,TCGA-LUAD,TCGA-78-7539-01,TCGA-97-A4M6-01,0.0013171541443698078,0.199353143830646,151.35141523320073,151.35141523320073
TT,TCGA-LUAD,TCGA-50-5941-01,TCGA-55-6972-01,0.003138421282230533,0.06231460299980269,19.8553977927127,19.8553977927127
TT,TCGA-LUAD,TCGA-55-6969-01,TCGA-55-7284-01,0.0017119127737862914,0.23543894983896096,137.52975820037443,137.52975820037443
TT,TCGA-LUAD,TCGA-78-7158-01,TCGA-78-8655-01,0.0016956997568117423,0.295878638822191,174.48763416614656,174.48763416614656
TT,TCGA-LUAD,TCGA-44-6147-01,TCGA-TQ-A7RM-01,0.0033789943808042247,0.24928657027915452,73.77537284327254,73.77537284327254
TT,TCGA-LUAD,TCGA-38-4627-01,TCGA-86-A4P8-01,0.0029499813396037036,0.35904156406628873,121.70977465048028,121.70977465048028
TT,TCGA-LUAD,TCGA-55-8091-01,TCGA-TQ-A7RM-01,0.00316833931621329,0.17696164786150081,55.853123734550124,55.853123734550124
TT,TCGA-LUAD,TCGA-38-4627-01,TCGA-67-3770-01,0.0028645831676205845,0.3006741004886846,104.96260115164826,104.96260115164826
TT,TCGA-LUAD,TCGA-44-2655-01,TCGA-55-8299-01,0.0016791382049803293,0.2626473146953492,156.41792552652092,156.41792552652092
TT,TCGA-LUAD,TCGA-38-4629-01,TCGA-50-5939-01,0.0023837943231905115,0.21250935187995515,89.14751990663731,89.14751990663731
TT,TCGA-LUAD,TCGA-50-6594-01,TCGA-93-A4JP-01,0.002808667106430846,0.25258594157741554,89.9308931980881,89.9308931980881
TT,TCGA-LUAD,TCGA-78-7540-01,TCGA-MP-A4TC-01,0.001783827774139862,0.3596071186990198,201.59295864334075,201.59295864334075
TT,TCGA-LUAD,TCGA-38-6178-01,TCGA-73-4666-01,0.0018390013053782416,0.1448077271192494,78.74259071799065,78.74259071799065
TT,TCGA-LUAD,TCGA-55-A48Z-01,TCGA-MP-A4TH-01,0.001708051909928606,0.3312836661394767,193.95409718743494,193.95409718743494
TT,TCGA-LUAD,TCGA-05-4432-01,TCGA-55-6983-01,0.001165653710747411,0.22732862940463067,195.0224387471548,195.0224387471548
TT,TCGA-LUAD,TCGA-50-5930-01,TCGA-TQ-A7RP-01,0.0035570312720741453,0.33023150610703605,92.83907867205068,92.83907867205068
TT,TCGA-LUAD,TCGA-55-8204-01,TCGA-73-4662-01,0.0021853832822932894,0.348677620907072,159.54987106022793,159.54987106022793
TT,TCGA-LUAD,TCGA-55-6968-01,TCGA-55-6972-01,0.00400650659426495,0.38426573428544214,95.91042102251703,95.91042102251703
TT,TCGA-LUAD,TCGA-78-7149-01,TCGA-91-7771-01,0.003177075689390702,0.23116413935065083,72.76003531253086,72.76003531253086
TT,TCGA-LUAD,TCGA-44-7671-01,TCGA-49-4501-01,0.0016812789984060267,0.3055207355770913,181.71923628781832,181.71923628781832
TT,TCGA-LUAD,TCGA-49-4507-01,TCGA-L3-A4E7-01,0.005845206699715628,0.22671525633505357,38.78652509347246,38.78652509347246
TT,TCGA-LUAD,TCGA-49-4506-01,TCGA-50-5072-01,0.005345578944514939,0.11633543162114234,21.76292462026275,21.76292462026275
TT,TCGA-LUAD,TCGA-86-8668-01,TCGA-97-7938-01,0.0017341783712400958,0.2824046383666053,162.84636174112828,162.84636174112828
TT,TCGA-LUAD,TCGA-73-4659-01,TCGA-78-7147-01,0.0018909417567440966,0.33222837635869473,175.6946638751791,175.6946638751791
TT,TCGA-LUAD,TCGA-64-5774-01,TCGA-J2-A4AD-01,0.0021431653222679327,0.34493030109220846,160.94432730331675,160.94432730331675
TT,TCGA-LUAD,TCGA-55-8087-01,TCGA-MP-A4T9-01,0.0010945918898707242,0.23125790766612697,211.2731784386229,211.2731784386229
TT,TCGA-LUAD,TCGA-49-4510-01,TCGA-KN-8432-01,0.0055058539487987754,0.37309120495894044,67.76264107774573,67.76264107774573
TT,TCGA-LUAD,TCGA-67-6217-01,TCGA-73-4662-01,0.0011330138192591878,0.23441546932543617,206.89550766354012,206.89550766354012
TT,TCGA-LUAD,TCGA-44-6146-01,TCGA-73-7499-01,0.0068658503726033515,0.3035743066976201,44.215106683502135,44.215106683502135
TT,TCGA-LUAD,TCGA-64-1680-01,TCGA-78-7153-01,0.0022386006006056437,0.36168581695003166,161.56781913315808,161.56781913315808
TT,TCGA-LUAD,TCGA-44-6147-01,TCGA-97-8176-01,0.0024646574002937603,0.2983157900306225,121.03742694423431,121.03742694423431
TT,TCGA-LUAD,TCGA-73-4668-01,TCGA-78-7146-01,0.0018737251496883582,0.31376235507224837,167.4537779057051,167.4537779057051
TT,TCGA-LUAD,TCGA-55-8085-01,TCGA-67-6215-01,0.0016945043029492667,0.33868904915913345,199.87500094844773,199.87500094844773
TT,TCGA-LUAD,TCGA-49-4487-01,TCGA-86-A4JF-01,0.0016303489839543577,0.2809639945766869,172.33365208424152,172.33365208424152
TT,TCGA-LUAD,TCGA-50-6594-01,TCGA-N6-A4V9-01,0.002893926199929184,0.4143720132503104,143.18679351963098,143.18679351963098
TT,TCGA-LUAD,TCGA-55-A48X-01,TCGA-86-7711-01,0.0025367103688017714,0.20414591392349185,80.47663479213878,80.47663479213878
TT,TCGA-LUAD,TCGA-97-A4M5-01,TCGA-MT-A51X-01,0.0026635804079254834,0.14554217292148725,54.641554085781124,54.641554085781124
TT,TCGA-LUAD,TCGA-73-4677-01,TCGA-MT-A67F-01,0.0034196216568459343,0.3288582892197274,96.16803325635962,96.16803325635962
TT,TCGA-LUAD,TCGA-86-8279-01,TCGA-MP-A4T9-01,0.0012917224935660482,0.18768871714552374,145.30111388505202,145.30111388505202
TT,TCGA-LUAD,TCGA-91-6847-01,TCGA-N1-A6IA-01,0.0022497280227283247,0.40796932768378164,181.34162154811176,181.34162154811176
TT,TCGA-LUAD,TCGA-05-5420-01,TCGA-44-7662-01,0.006683143327920687,0.29035069543924186,43.445229466532794,43.445229466532794
TT,TCGA-LUAD,TCGA-49-6744-01,TCGA-86-7714-01,0.0009950897165603386,0.21552471340798884,216.58822297247627,216.58822297247627
TT,TCGA-LUAD,TCGA-55-5899-01,TCGA-86-8281-01,0.001976217531024774,0.3871718073054132,195.9155817753747,195.9155817753747
TT,TCGA-LUAD,TCGA-35-4123-01,TCGA-75-7025-01,0.004403310484763537,0.19327297885827444,43.89265293170745,43.89265293170745
TT,TCGA-LUAD,TCGA-78-7163-01,TCGA-KN-8432-01,0.0037655113102366368,0.45368884583943864,120.48532283147686,120.48532283147686
TT,TCGA-LUAD,TCGA-44-8117-01,TCGA-64-1679-01,0.0020904150809428097,0.2909320618113949,139.17430297153234,139.17430297153234
TT,TCGA-LUAD,TCGA-55-6971-01,TCGA-55-7573-01,0.0012759339694039004,0.2477240888921019,194.15118245330152,194.15118245330152
TT,TCGA-LUAD,TCGA-49-4487-01,TCGA-50-5944-01,0.0024723226757159883,0.3197691908747782,129.33958581364084,129.33958581364084
TT,TCGA-LUAD,TCGA-50-5049-01,TCGA-86-7954-01,0.002599635160613379,0.13724559776032902,52.79417659820626,52.79417659820626
TT,TCGA-LUAD,TCGA-50-5072-01,TCGA-KN-8426-01,0.005288874066763427,0.0785173594447248,14.845760828027085,14.845760828027085
TT,TCGA-LUAD,TCGA-55-7913-01,TCGA-J2-A4AD-01,0.0021497779372630236,0.33498379363761444,155.82250977238002,155.82250977238002
TT,TCGA-LUAD,TCGA-93-8067-01,TCGA-TQ-A7RO-01,0.0036381315384732345,0.3702151397961786,101.75969062172551,101.75969062172551
TT,TCGA-LUAD,TCGA-78-7220-01,TCGA-86-7954-01,0.0020896945785206737,0.28170264140632917,134.80565260677986,134.80565260677986
TT,TCGA-LUAD,TCGA-55-5899-01,TCGA-78-8662-01,0.0029784805537634,0.39644524634078726,133.1031843870415,133.1031843870415
TT,TCGA-LUAD,TCGA-75-6207-01,TCGA-N6-A4V9-01,0.0031442816718287216,0.3958434051002601,125.89311213649529,125.89311213649529
TT,TCGA-LUAD,TCGA-55-6984-01,TCGA-91-6831-01,0.0020954996178663187,0.377203179100679,180.00632206497616,180.00632206497616
TT,TCGA-LUAD,TCGA-49-6742-01,TCGA-55-7724-01,0.004099463675212203,0.38072048443901907,92.87080325679715,92.87080325679715
TT,TCGA-LUAD,TCGA-44-6774-01,TCGA-67-3770-01,0.00472137240962524,0.2917309210082173,61.789432329777505,61.789432329777505
TT,TCGA-LUAD,TCGA-64-1681-01,TCGA-67-3770-01,0.00360195066737655,0.2291568163641063,63.62019847734637,63.62019847734637
TT,TCGA-LUAD,TCGA-55-6969-01,TCGA-TQ-A7RF-01,0.0027947912936510146,0.3379037794323231,120.90483471876634,120.90483471876634
TT,TCGA-LUAD,TCGA-05-4403-01,TCGA-J2-A4AG-01,0.0026702233042155874,0.30847387014133093,115.52362293233341,115.52362293233341
TT,TCGA-LUAD,TCGA-44-6779-01,TCGA-97-7941-01,0.0020344723087513533,0.1695795592182807,83.3530928333742,83.3530928333742
TT,TCGA-LUAD,TCGA-97-A4M7-01,TCGA-MT-A51W-01,0.00320613822444571,0.14027616320641778,43.75237540816546,43.75237540816546
TT,TCGA-LUAD,TCGA-55-6971-01,TCGA-64-1680-01,0.003042748563614578,0.18778059759005372,61.71413564549783,61.71413564549783
TT,TCGA-LUAD,TCGA-55-7728-01,TCGA-75-6211-01,0.004209178830416227,0.3654105403881543,86.81278584498166,86.81278584498166
TT,TCGA-LUAD,TCGA-N6-A4VC-01,TCGA-TQ-A7RJ-01,0.0031994168647648496,0.4189578339752452,130.94818577385905,130.94818577385905
TT,TCGA-LUAD,TCGA-55-8085-01,TCGA-64-1677-01,0.0032833941967699643,0.2579296991778134,78.55581258916504,78.55581258916504
TT,TCGA-LUAD,TCGA-78-7167-01,TCGA-86-8671-01,0.0018254203951252718,0.22188377661991973,121.55215160981734,121.55215160981734
TT,TCGA-LUAD,TCGA-55-8091-01,TCGA-86-7953-01,0.0013841131921521275,0.2799908369607417,202.2889735812647,202.2889735812647
TT,TCGA-LUAD,TCGA-55-7227-01,TCGA-55-7725-01,0.003252676642220569,0.1688415250053606,51.90848755568098,51.90848755568098
TT,TCGA-LUAD,TCGA-86-A4JF-01,TCGA-KN-8422-01,0.0063917578411344916,0.15716154870109364,24.588157531512266,24.588157531512266
TT,TCGA-LUAD,TCGA-55-A48X-01,TCGA-N6-A4V9-01,0.0021035389478543678,0.08855187182647453,42.0966162365562,42.0966162365562
TT,TCGA-LUAD,TCGA-49-AARR-01,TCGA-64-5775-01,0.002549497608949895,0.0756304214388343,29.664833249239837,29.664833249239837
TT,TCGA-LUAD,TCGA-55-6968-01,TCGA-86-8671-01,0.001886421104879812,0.22036049347241188,116.81405222957974,116.81405222957974
TT,TCGA-LUAD,TCGA-05-4389-01,TCGA-49-6742-01,0.0017519109236316865,0.31026952701197763,177.10348330313124,177.10348330313124
TT,TCGA-LUAD,TCGA-44-5645-01,TCGA-TQ-A7RN-01,0.002924084945103377,0.3843957826562406,131.45848697040873,131.45848697040873
TT,TCGA-LUAD,TCGA-78-8648-01,TCGA-KN-8426-01,0.003915113636849812,0.11092881805154808,28.33348616179731,28.33348616179731
TT,TCGA-LUAD,TCGA-05-4418-01,TCGA-NJ-A55R-01,0.0027210728903755022,0.23930032618057012,87.94337227311364,87.94337227311364
TT,TCGA-LUAD,TCGA-L3-A524-01,TCGA-MP-A5C7-01,0.0030561247478446147,0.41342135612234204,135.27633530467455,135.27633530467455
TT,TCGA-LUAD,TCGA-75-6211-01,TCGA-86-8073-01,0.002059122208154055,0.2533724656004789,123.04877515143707,123.04877515143707
TT,TCGA-LUAD,TCGA-55-8621-01,TCGA-91-6829-01,0.0014740237581894202,0.20940231485984817,142.0616958827463,142.0616958827463
TT,TCGA-LUAD,TCGA-44-2668-01,TCGA-MP-A4T8-01,0.002650600311244051,0.2845971205733339,107.3708168546012,107.3708168546012
TT,TCGA-LUAD,TCGA-MP-A4T8-01,TCGA-TQ-A7RV-01,0.0027206812182770518,0.27328087283798697,100.44575270418848,100.44575270418848
TT,TCGA-LUAD,TCGA-50-6593-01,TCGA-75-6206-01,0.001502452199225798,0.2296940674425381,152.87945104735957,152.87945104735957
TT,TCGA-LUAD,TCGA-38-4630-01,TCGA-78-7161-01,0.0029506766281744094,0.37380739986251194,126.68531559616801,126.68531559616801
TT,TCGA-LUAD,TCGA-55-7727-01,TCGA-55-8087-01,0.0029492754643120097,0.3622702872053635,122.833655787345,122.833655787345
TT,TCGA-LUAD,TCGA-78-7540-01,TCGA-NJ-A55A-01,0.0017869411469796774,0.24207645639685577,135.46974213785276,135.46974213785276
TT,TCGA-LUAD,TCGA-05-4250-01,TCGA-78-7145-01,0.0016809285694435628,0.2835274235767735,168.67309458047316,168.67309458047316
TT,TCGA-LUAD,TCGA-49-4505-01,TCGA-TQ-A7RH-01,0.004173917882606083,0.2972233543514051,71.20967942134664,71.20967942134664
TT,TCGA-LUAD,TCGA-55-A57B-01,TCGA-75-5125-01,0.0017207629314288872,0.2975917901539219,172.94177176794923,172.94177176794923
TT,TCGA-LUAD,TCGA-50-5072-01,TCGA-78-7148-01,0.0010207266409546852,0.19517974518347309,191.21647006383762,191.21647006383762
TT,TCGA-LUAD,TCGA-55-6986-01,TCGA-75-6207-01,0.0021555401764813886,0.31742372041668143,147.25947763814372,147.25947763814372
TT,TCGA-LUAD,TCGA-49-4490-01,TCGA-MP-A4T9-01,0.0017501241501192489,0.1738436075007297,99.33215737231238,99.33215737231238
TT,TCGA-LUAD,TCGA-55-7911-01,TCGA-91-A4BD-01,0.0026663336805727404,0.3032068642326218,113.71677387636329,113.71677387636329
TT,TCGA-LUAD,TCGA-55-1595-01,TCGA-55-8087-01,0.0016680663902121514,0.3348523078763159,200.7427940765164,200.7427940765164
TT,TCGA-LUAD,TCGA-44-2659-01,TCGA-67-3774-01,0.002010604268669588,0.2159388646162814,107.3999831698197,107.3999831698197
TT,TCGA-LUAD,TCGA-KN-8422-01,TCGA-MT-A51W-01,0.00661224915107707,0.33571504394044327,50.771686950991345,50.771686950991345
TT,TCGA-LUAD,TCGA-49-6744-01,TCGA-NJ-A4YP-01,0.0013356918117912555,0.2615293929897693,195.80070094091556,195.80070094091556
TT,TCGA-LUAD,TCGA-44-A47B-01,TCGA-73-4658-01,0.0018367060675831826,0.2613131492144869,142.27270973103174,142.27270973103174
TT,TCGA-LUAD,TCGA-50-6590-01,TCGA-73-4668-01,0.0018446763188797674,0.30529439424672944,165.50025124848364,165.50025124848364
TT,TCGA-LUAD,TCGA-75-7030-01,TCGA-86-8279-01,0.001568044213200389,0.2986394822990398,190.4534832532015,190.4534832532015
TT,TCGA-LUAD,TCGA-86-8279-01,TCGA-93-A4JN-01,0.0013765643616229207,0.24115284677709545,175.1845779973446,175.1845779973446
TT,TCGA-LUAD,TCGA-55-A57B-01,TCGA-78-7166-01,0.005083505385426304,0.28246353224850707,55.56471584711808,55.56471584711808
TT,TCGA-LUAD,TCGA-55-6971-01,TCGA-78-7633-01,0.0017160785362345069,0.1793198660143968,104.49397403913002,104.49397403913002
TT,TCGA-LUAD,TCGA-73-A9RS-01,TCGA-91-6836-01,0.002819375393065612,0.3993057228719143,141.6291437649721,141.6291437649721
TT,TCGA-LUAD,TCGA-55-7284-01,TCGA-KN-8424-01,0.002306029832938786,0.16846527969918912,73.05424990295911,73.05424990295911
TT,TCGA-LUAD,TCGA-44-4112-01,TCGA-44-6777-01,0.0025160030761553305,0.2653386604875842,105.46038794715805,105.46038794715805
TT,TCGA-LUAD,TCGA-44-6777-01,TCGA-78-7162-01,0.0010566950383628137,0.3105918519802647,293.9276145949156,293.9276145949156
TT,TCGA-LUAD,TCGA-38-4625-01,TCGA-86-6562-01,0.0073380020885233585,0.2623724185659217,35.75529352550504,35.75529352550504
TT,TCGA-LUAD,TCGA-05-4434-01,TCGA-55-5899-01,0.0014184015546257229,0.23383094077905175,164.85524851300187,164.85524851300187
TT,TCGA-LUAD,TCGA-05-5428-01,TCGA-55-7284-01,0.009474023521036292,0.11086509262470723,11.702007323344763,11.702007323344763
TT,TCGA-LUAD,TCGA-05-4434-01,TCGA-44-6147-01,0.0016545454313676845,0.14156195492726673,85.5594245062515,85.5594245062515
TT,TCGA-LUAD,TCGA-73-4658-01,TCGA-TQ-A8XE-01,0.003102903273503579,0.20894087427667976,67.33721803733782,67.33721803733782
TT,TCGA-LUAD,TCGA-38-4626-01,TCGA-97-A4M1-01,0.0015867805789751325,0.24718450724371493,155.77737118724133,155.77737118724133
TT,TCGA-LUAD,TCGA-91-A4BC-01,TCGA-97-8177-01,0.0019128195328392515,0.19366790489407945,101.24734799555961,101.24734799555961
TT,TCGA-LUAD,TCGA-86-A4P7-01,TCGA-NJ-A55O-01,0.0008729251711042349,0.2527743810412414,289.5716487605533,289.5716487605533
TT,TCGA-LUAD,TCGA-50-6590-01,TCGA-86-7701-01,0.001765674221932289,0.3146267727040207,178.1907266900599,178.1907266900599
TT,TCGA-LUAD,TCGA-50-6595-01,TCGA-KN-8418-01,0.0041440371034097145,0.2458686980060056,59.330718299723905,59.330718299723905
TT,TCGA-LUAD,TCGA-50-5931-01,TCGA-55-8506-01,0.002824796044766587,0.38378432742568,135.86266808065858,135.86266808065858
TT,TCGA-LUAD,TCGA-49-4494-01,TCGA-78-7535-01,0.003553355126415452,0.3412648978162536,96.04018896937954,96.04018896937954
TT,TCGA-LUAD,TCGA-44-7671-01,TCGA-75-6211-01,0.0020795080222820493,0.32885604164607385,158.14127097484706,158.14127097484706
TT,TCGA-LUAD,TCGA-50-5045-01,TCGA-78-7156-01,0.0038622026705836766,0.3303716074619028,85.53968697141812,85.53968697141812
TT,TCGA-LUAD,TCGA-55-6543-01,TCGA-75-6206-01,0.0013848347504450552,0.3172506629509938,229.0891839976116,229.0891839976116
TT,TCGA-LUAD,TCGA-50-5049-01,TCGA-78-7536-01,0.00224307397304064,0.33756991853669294,150.4943317045821,150.4943317045821
TT,TCGA-LUAD,TCGA-55-7574-01,TCGA-97-A4M2-01,0.0006415939082023782,0.23251738740022715,362.405852717174,362.405852717174
TT,TCGA-LUAD,TCGA-35-4123-01,TCGA-44-5644-01,0.00454084631031286,0.3760890980935959,82.82356908654849,82.82356908654849
TT,TCGA-LUAD,TCGA-38-4629-01,TCGA-55-7576-01,0.002733346129433542,0.23410189616966162,85.64663422929787,85.64663422929787
TT,TCGA-LUAD,TCGA-05-4433-01,TCGA-55-1596-01,0.0028740374707688573,0.35716892120923416,124.27427437600004,124.27427437600004
TT,TCGA-LUAD,TCGA-38-4625-01,TCGA-KN-8422-01,0.01300815928032218,0.24999791297108728,19.218546420266115,19.218546420266115
TT,TCGA-LUAD,TCGA-55-A493-01,TCGA-64-1679-01,0.0016501275585205,0.3132650089989061,189.84290479929845,189.84290479929845
TT,TCGA-LUAD,TCGA-05-4250-01,TCGA-50-5944-01,0.0018336173088036216,0.3274967652746573,178.60693379271098,178.60693379271098
TT,TCGA-LUAD,TCGA-50-5049-01,TCGA-55-7726-01,0.0025051685280348445,0.32695133577734514,130.5107149952179,130.5107149952179
TT,TCGA-LUAD,TCGA-55-8619-01,TCGA-91-6840-01,0.0018605742908758653,0.3041954104009422,163.49543895811988,163.49543895811988
TT,TCGA-LUAD,TCGA-55-7911-01,TCGA-MT-A67A-01,0.004864577088527208,0.25494257434126316,52.40796264541245,52.40796264541245
TT,TCGA-LUAD,TCGA-78-8655-01,TCGA-KN-8432-01,0.0033882655654204692,0.26159789392548194,77.20702196287816,77.20702196287816
TT,TCGA-LUAD,TCGA-78-8648-01,TCGA-91-6849-01,0.0014048689897762754,0.2985402411806797,212.50397250794327,212.50397250794327
TT,TCGA-LUAD,TCGA-55-8203-01,TCGA-55-8205-01,0.001384582504609161,0.3230764117121643,233.33850502708907,233.33850502708907
TT,TCGA-LUAD,TCGA-86-8055-01,TCGA-97-8547-01,0.0015789077546819873,0.26826539407762684,169.90567896201068,169.90567896201068
TT,TCGA-LUAD,TCGA-50-5045-01,TCGA-78-7153-01,0.0026303640192891905,0.29749842810359534,113.10161860562138,113.10161860562138
TT,TCGA-LUAD,TCGA-78-8648-01,TCGA-86-8585-01,0.0016846896381869196,0.29422956951073176,174.64912399377292,174.64912399377292
TT,TCGA-LUAD,TCGA-55-6981-01,TCGA-TQ-A7RO-01,0.003578870934988538,0.29092643651984307,81.29000508948916,81.29000508948916
TT,TCGA-LUAD,TCGA-86-6562-01,TCGA-91-8497-01,0.0015176036231222623,0.30633860543339075,201.8567963109767,201.8567963109767
TT,TCGA-LUAD,TCGA-55-7284-01,TCGA-78-7147-01,0.0024093525560158193,0.2955860673032319,122.68277905829699,122.68277905829699
TT,TCGA-LUAD,TCGA-44-2655-01,TCGA-TQ-A7RR-01,0.004026108036677377,0.3220742879018028,79.99643451386387,79.99643451386387
TT,TCGA-LUAD,TCGA-78-7159-01,TCGA-MP-A4T9-01,0.001385783411031894,0.2376276582895895,171.47532319833815,171.47532319833815
TT,TCGA-LUAD,TCGA-97-8171-01,TCGA-KN-8430-01,0.00545180055385963,0.41302942874371107,75.76018687097876,75.76018687097876
TT,TCGA-LUAD,TCGA-55-6987-01,TCGA-73-4662-01,0.0016165045882924698,0.2762574359985963,170.8980215703624,170.8980215703624
TT,TCGA-LUAD,TCGA-44-6776-01,TCGA-55-6984-01,0.001702860130239348,0.3528982495304509,207.23854135973502,207.23854135973502
TT,TCGA-LUAD,TCGA-49-AAR0-01,TCGA-78-8640-01,0.002335422615406583,0.22249911940413825,95.27145876567718,95.27145876567718
TT,TCGA-LUAD,TCGA-75-7030-01,TCGA-86-6562-01,0.0011051171255669072,0.292423841377888,264.6089130397643,264.6089130397643
TT,TCGA-LUAD,TCGA-05-4250-01,TCGA-49-4506-01,0.0057581692157488975,0.13855939626017247,24.06309906301558,24.06309906301558
TT,TCGA-LUAD,TCGA-55-7725-01,TCGA-55-8091-01,0.003926288678651541,0.2461078791151167,62.682064223469396,62.682064223469396
TT,TCGA-LUAD,TCGA-50-5049-01,TCGA-78-7162-01,0.0014426681915050798,0.26963609261658317,186.90097570896208,186.90097570896208
TT,TCGA-LUAD,TCGA-86-7954-01,TCGA-86-A4D0-01,0.002363964799389548,0.18729659856460795,79.22985935026358,79.22985935026358
TT,TCGA-LUAD,TCGA-38-4627-01,TCGA-NJ-A4YQ-01,0.002515277456376198,0.3101357524010637,123.30081185074567,123.30081185074567
TT,TCGA-LUAD,TCGA-44-6778-01,TCGA-44-7661-01,0.000895387765797621,0.29463870145330706,329.0626840214192,329.0626840214192
TT,TCGA-LUAD,TCGA-KN-8429-01,TCGA-TQ-A7RR-01,0.003829969596319262,0.43530324322101477,113.65710151834018,113.65710151834018
TT,TCGA-LUAD,TCGA-44-2661-01,TCGA-50-6594-01,0.0034699301053627545,0.36316622642519814,104.66096301591986,104.66096301591986
TT,TCGA-LUAD,TCGA-55-8092-01,TCGA-86-8674-01,0.0019360492497229353,0.37694267213793664,194.69684058495943,194.69684058495943
TT,TCGA-LUAD,TCGA-38-4627-01,TCGA-86-A4P7-01,0.002326045971161472,0.25006506144120366,107.5065001042683,107.5065001042683
TT,TCGA-LUAD,TCGA-05-4417-01,TCGA-44-2657-01,0.0015472983743440312,0.27869942203113407,180.12002510458734,180.12002510458734
TT,TCGA-LUAD,TCGA-44-A47B-01,TCGA-93-8067-01,0.0017093803470069053,0.3278134203886682,191.77324751782928,191.77324751782928
TT,TCGA-LUAD,TCGA-55-A48X-01,TCGA-55-A4DG-01,0.0012074443496596682,0.20673821464001943,171.21966300003055,171.21966300003055
TT,TCGA-LUAD,TCGA-97-8174-01,TCGA-KN-8427-01,0.002720222053687853,0.19254450533533773,70.78264256930854,70.78264256930854
TT,TCGA-LUAD,TCGA-50-5933-01,TCGA-78-7159-01,0.0015661581240008476,0.3630459149061157,231.80667988918802,231.80667988918802
TT,TCGA-LUAD,TCGA-55-8621-01,TCGA-97-8547-01,0.0009043592981872432,0.1451186836125724,160.46573956109896,160.46573956109896
TT,TCGA-LUAD,TCGA-55-A4DF-01,TCGA-MP-A4TA-01,0.0022729093386892234,0.3286107305672765,144.57713951616955,144.57713951616955
TT,TCGA-LUAD,TCGA-55-A48Z-01,TCGA-86-6851-01,0.001833312291195426,0.26647554738886303,145.35196685726987,145.35196685726987
TT,TCGA-LUAD,TCGA-50-5942-01,TCGA-78-7152-01,0.001587752782162856,0.31353937214575256,197.47367201501322,197.47367201501322
TT,TCGA-LUAD,TCGA-44-2661-01,TCGA-67-4679-01,0.0026801905466653387,0.27031956458373124,100.85833819541661,100.85833819541661
TT,TCGA-LUAD,TCGA-86-A456-01,TCGA-93-8067-01,0.0018520222585312403,0.30951940248150356,167.1250985541449,167.1250985541449
TT,TCGA-LUAD,TCGA-49-AARQ-01,TCGA-50-5932-01,0.0075043686050869215,0.38667517500405235,51.52667670694377,51.52667670694377
TT,TCGA-LUAD,TCGA-38-4629-01,TCGA-50-5933-01,0.0025109434311273706,0.23444328947715937,93.36860662444249,93.36860662444249
TT,TCGA-LUAD,TCGA-55-6543-01,TCGA-64-1678-01,0.010892856029938827,0.21657060291240504,19.881893446233427,19.881893446233427
TT,TCGA-LUAD,TCGA-55-8511-01,TCGA-55-A494-01,0.0020755986136596245,0.36292602414649777,174.85366474908125,174.85366474908125
TT,TCGA-LUAD,TCGA-67-3770-01,TCGA-91-8496-01,0.0018292637164261294,0.20483798352688498,111.97837779622132,111.97837779622132
TT,TCGA-LUAD,TCGA-44-7669-01,TCGA-78-7158-01,0.0019145259036624637,0.30190708175174247,157.6928685969712,157.6928685969712
TT,TCGA-LUAD,TCGA-44-6775-01,TCGA-55-A492-01,0.007417019510166596,0.2879168987217863,38.81840924472899,38.81840924472899
TT,TCGA-LUAD,TCGA-05-4397-01,TCGA-38-4628-01,0.003560122628457935,0.36912386501561745,103.68290745521404,103.68290745521404
TT,TCGA-LUAD,TCGA-78-7160-01,TCGA-TQ-A7RQ-01,0.0034156493649760405,0.12189193567135882,35.68631397626315,35.68631397626315
TT,TCGA-LUAD,TCGA-75-6211-01,TCGA-86-8674-01,0.0026554218381411327,0.3292042889834005,123.97438488110515,123.97438488110515
TT,TCGA-LUAD,TCGA-73-4666-01,TCGA-75-5126-01,0.001319686970180816,0.21576560074056117,163.49756087308964,163.49756087308964
TT,TCGA-LUAD,TCGA-49-4487-01,TCGA-50-5072-01,0.0018294227235730125,0.24052987382394816,131.4785646447933,131.4785646447933
TT,TCGA-LUAD,TCGA-55-8512-01,TCGA-KN-8426-01,0.003952620557980209,0.0647070244207143,16.370664340667098,16.370664340667098
TT,TCGA-LUAD,TCGA-KN-8430-01,TCGA-MP-A5C7-01,0.004091601697051153,0.27081312989737316,66.18755928578047,66.18755928578047
TT,TCGA-LUAD,TCGA-55-7726-01,TCGA-73-4662-01,0.0027101894347107258,0.29105514612218314,107.39291593218432,107.39291593218432
TT,TCGA-LUAD,TCGA-55-1594-01,TCGA-86-8055-01,0.0013833138735333326,0.21793049665909578,157.54233426608113,157.54233426608113
TT,TCGA-LUAD,TCGA-44-8119-01,TCGA-J2-A4AE-01,0.0020155636537352445,0.3802973877109859,188.68041552853884,188.68041552853884
TT,TCGA-LUAD,TCGA-55-6975-01,TCGA-55-7573-01,0.0018535572503688234,0.20970377282048092,113.13584880032909,113.13584880032909
TT,TCGA-LUAD,TCGA-50-5051-01,TCGA-50-5939-01,0.00243231159381166,0.3469030148636625,142.62276911653123,142.62276911653123
TT,TCGA-LUAD,TCGA-KN-8427-01,TCGA-MT-A67F-01,0.003213410268521174,0.3992709160132957,124.25145955516037,124.25145955516037
TT,TCGA-LUAD,TCGA-49-AARO-01,TCGA-67-3771-01,0.002627928528941741,0.29436931449096915,112.01572312528256,112.01572312528256
TT,TCGA-LUAD,TCGA-50-8460-01,TCGA-KN-8434-01,0.003691982968115153,0.17879566090003077,48.428083889918454,48.428083889918454
TT,TCGA-LUAD,TCGA-50-5935-01,TCGA-55-8092-01,0.00166625933790612,0.26451471827313044,158.74762844871972,158.74762844871972
TT,TCGA-LUAD,TCGA-50-5045-01,TCGA-91-7771-01,0.003728317083585959,0.2276200899043514,61.05169834037359,61.05169834037359
TT,TCGA-LUAD,TCGA-50-6592-01,TCGA-91-6836-01,0.002163042837236266,0.3378461387659522,156.19022099332088,156.19022099332088
TT,TCGA-LUAD,TCGA-44-2655-01,TCGA-50-5939-01,0.0019897037697107324,0.30111971888179284,151.3389698837281,151.3389698837281
TT,TCGA-LUAD,TCGA-93-A4JQ-01,TCGA-97-8177-01,0.002038796171348376,0.17923068592293182,87.91005616044296,87.91005616044296
TT,TCGA-LUAD,TCGA-55-8507-01,TCGA-KN-8429-01,0.004246897824482619,0.19093911850860967,44.959668539205076,44.959668539205076
TT,TCGA-LUAD,TCGA-38-6178-01,TCGA-97-8547-01,0.0017448766713751293,0.2712642174289893,155.46326103105454,155.46326103105454
TT,TCGA-LUAD,TCGA-55-1594-01,TCGA-64-5774-01,0.0017428626904733805,0.31184097166021485,178.92457814649498,178.92457814649498
TT,TCGA-LUAD,TCGA-55-6543-01,TCGA-64-5779-01,0.00192546921432683,0.33973666383373546,176.44357089994398,176.44357089994398
TT,TCGA-LUAD,TCGA-86-8674-01,TCGA-MP-A4TC-01,0.0016755105599060094,0.3615761546365699,215.80058239492868,215.80058239492868
TT,TCGA-LUAD,TCGA-44-6777-01,TCGA-49-AAR0-01,0.0036142487565152303,0.27927435427948727,77.27037431390215,77.27037431390215
TT,TCGA-LUAD,TCGA-97-8171-01,TCGA-MT-A51W-01,0.0038493927556745642,0.45464172499928424,118.10738832224284,118.10738832224284
TT,TCGA-LUAD,TCGA-44-2662-01,TCGA-86-8073-01,0.002053087355901665,0.24009904045931013,116.94536024935219,116.94536024935219
TT,TCGA-LUAD,TCGA-55-A48Z-01,TCGA-64-5778-01,0.0028929691690814515,0.263522005353655,91.09049905199164,91.09049905199164
TT,TCGA-LUAD,TCGA-44-2661-01,TCGA-75-6207-01,0.0042295104485504855,0.3385334221485397,80.0408052578662,80.0408052578662
TT,TCGA-LUAD,TCGA-49-AAR9-01,TCGA-97-8179-01,0.002694454864773943,0.35450385349840174,131.56793165586893,131.56793165586893
TT,TCGA-LUAD,TCGA-55-7281-01,TCGA-55-8507-01,0.001809353951429846,0.27506662194967696,152.02477200898417,152.02477200898417
TT,TCGA-LUAD,TCGA-55-7574-01,TCGA-64-1680-01,0.002704670308259172,0.1642897697391459,60.742993050746,60.742993050746
TT,TCGA-LUAD,TCGA-49-4506-01,TCGA-55-8508-01,0.006257270950261858,0.2539305413074614,40.581675833749024,40.581675833749024
TT,TCGA-LUAD,TCGA-55-1592-01,TCGA-75-7030-01,0.0012195900742892718,0.29483080711862003,241.74582372723523,241.74582372723523
TT,TCGA-LUAD,TCGA-73-4675-01,TCGA-TQ-A7RO-01,0.004100016808255928,0.34447299372018425,84.0174589105445,84.0174589105445
TT,TCGA-LUAD,TCGA-49-AARR-01,TCGA-97-7547-01,0.0017669134908530285,0.2549886173552255,144.3130174030888,144.3130174030888
TT,TCGA-LUAD,TCGA-64-1677-01,TCGA-86-8074-01,0.004995985416323195,0.187721089641735,37.57438703251634,37.57438703251634
TT,TCGA-LUAD,TCGA-50-5068-01,TCGA-78-7542-01,0.00913891878267676,0.3137421599046005,34.33033681175865,34.33033681175865
TT,TCGA-LUAD,TCGA-38-4626-01,TCGA-78-8648-01,0.0006485119784573505,0.22080373385149163,340.4774949211101,340.4774949211101
TT,TCGA-LUAD,TCGA-05-4418-01,TCGA-78-8660-01,0.0022433285382789077,0.2984292956617593,133.0296880592959,133.0296880592959
TT,TCGA-LUAD,TCGA-55-8299-01,TCGA-93-8067-01,0.0014862118858962093,0.3037160614971198,204.35582865358006,204.35582865358006
TT,TCGA-LUAD,TCGA-55-7283-01,TCGA-NJ-A4YP-01,0.001195101411480365,0.3450133015623593,288.6895607754269,288.6895607754269
TT,TCGA-LUAD,TCGA-44-7672-01,TCGA-97-A4M0-01,0.002047179791194233,0.32357189470073994,158.05739002141212,158.05739002141212
TT,TCGA-LUAD,TCGA-44-A47B-01,TCGA-97-8547-01,0.002035679917149733,0.3415302310971788,167.77206879133234,167.77206879133234
TT,TCGA-LUAD,TCGA-50-6597-01,TCGA-86-8278-01,0.006794749389170418,0.3054403130316976,44.952403030274134,44.952403030274134
TT,TCGA-LUAD,TCGA-44-6774-01,TCGA-55-6978-01,0.0009822490580673393,0.2706471335281646,275.5381960464146,275.5381960464146
TT,TCGA-LUAD,TCGA-55-7914-01,TCGA-86-7714-01,0.0014800303651034625,0.3556147023831265,240.27527459429322,240.27527459429322
TT,TCGA-LUAD,TCGA-J2-A4AG-01,TCGA-L4-A4E6-01,0.0013077098053290077,0.25452182846018984,194.63173513190452,194.63173513190452
TT,TCGA-LUAD,TCGA-55-7725-01,TCGA-75-7027-01,0.003973215707135505,0.3418688925959369,86.0433758937311,86.0433758937311
TT,TCGA-LUAD,TCGA-73-4658-01,TCGA-NJ-A55O-01,0.0013806587264446027,0.29764859175102976,215.58447866223844,215.58447866223844
TT,TCGA-LUAD,TCGA-05-4244-01,TCGA-55-8087-01,0.0017936486239618166,0.3495014291320513,194.85501477991352,194.85501477991352
TT,TCGA-LUAD,TCGA-44-7672-01,TCGA-55-8204-01,0.0015351584375081914,0.3004446538285841,195.70921573167,195.70921573167
TT,TCGA-LUAD,TCGA-05-4432-01,TCGA-44-6775-01,0.0025275957548445875,0.2719414509005855,107.58898070601728,107.58898070601728
TT,TCGA-LUAD,TCGA-05-4384-01,TCGA-49-6767-01,0.002368214534612097,0.2695633746877949,113.8255722815873,113.8255722815873
TT,TCGA-LUAD,TCGA-86-8671-01,TCGA-91-6828-01,0.0019338439867436661,0.26659462315794097,137.85735818681556,137.85735818681556
TT,TCGA-LUAD,TCGA-38-4630-01,TCGA-55-8614-01,0.0020989465329730936,0.23991881287012953,114.30439465758657,114.30439465758657
TT,TCGA-LUAD,TCGA-05-5420-01,TCGA-49-AAR4-01,0.007447692361589654,0.2145083944175591,28.801994497497464,28.801994497497464
TT,TCGA-LUAD,TCGA-75-5147-01,TCGA-86-8280-01,0.0022274800336620913,0.21846616940379054,98.07772285375819,98.07772285375819
TT,TCGA-LUAD,TCGA-49-4501-01,TCGA-55-8508-01,0.0024083449168135064,0.3196482858735608,132.72529347519256,132.72529347519256
TT,TCGA-LUAD,TCGA-55-A494-01,TCGA-KN-8428-01,0.0038482842573326396,0.3420502399870792,88.88382902986599,88.88382902986599
TT,TCGA-LUAD,TCGA-75-6203-01,TCGA-KN-8437-01,0.0019239858697385256,0.14651370814176312,76.15113522724296,76.15113522724296
TT,TCGA-LUAD,TCGA-55-8092-01,TCGA-55-8505-01,0.0015774289094107018,0.2727916533631639,172.93435649348777,172.93435649348777
TT,TCGA-LUAD,TCGA-KN-8437-01,TCGA-MT-A67A-01,0.00769160688870303,0.46214874407130696,60.08481072402222,60.08481072402222
TT,TCGA-LUAD,TCGA-44-6777-01,TCGA-55-7994-01,0.001579871505358644,0.3359464729173036,212.64164318289983,212.64164318289983
TT,TCGA-LUAD,TCGA-50-5939-01,TCGA-86-7954-01,0.0015057053050220072,0.28754837653632903,190.9725466047463,190.9725466047463
TT,TCGA-LUAD,TCGA-50-6673-01,TCGA-MP-A4TH-01,0.0019179333249056535,0.31493466765364697,164.20522213364177,164.20522213364177
TT,TCGA-LUAD,TCGA-38-4630-01,TCGA-KN-8419-01,0.006209670426027882,0.2632444669478784,42.39266319907851,42.39266319907851
TT,TCGA-LUAD,TCGA-86-8279-01,TCGA-91-6847-01,0.002210816685902862,0.2819965570352047,127.55311592921231,127.55311592921231
TT,TCGA-LUAD,TCGA-55-7724-01,TCGA-97-8174-01,0.00447036623529197,0.35176664922657114,78.68855272963927,78.68855272963927
TT,TCGA-LUAD,TCGA-50-6673-01,TCGA-78-7159-01,0.0015378796508527953,0.2894514098292101,188.21460422387509,188.21460422387509
TT,TCGA-LUAD,TCGA-N6-A4VF-01,TCGA-TQ-A7RK-01,0.0026076449282105467,0.247699726908517,94.98982174635901,94.98982174635901
TT,TCGA-LUAD,TCGA-44-6775-01,TCGA-55-8507-01,0.0030837259143011225,0.3021182059992798,97.97180890758577,97.97180890758577
TT,TCGA-LUAD,TCGA-55-7726-01,TCGA-55-7727-01,0.0018006713402042153,0.36458807311077757,202.4734136488391,202.4734136488391
TT,TCGA-LUAD,TCGA-55-7283-01,TCGA-KN-8434-01,0.0039692674545526285,0.2729367123676221,68.76248967667121,68.76248967667121
TT,TCGA-LUAD,TCGA-55-A490-01,TCGA-73-4670-01,0.004675645341952856,0.38028971621883323,81.33416638910413,81.33416638910413
TT,TCGA-LUAD,TCGA-49-6761-01,TCGA-91-6829-01,0.0026482655679019194,0.3206215816389848,121.06851575803114,121.06851575803114
TT,TCGA-LUAD,TCGA-KN-8431-01,TCGA-MP-A4TF-01,0.006600016517713411,0.16119742508956636,24.423791161270234,24.423791161270234
TT,TCGA-LUAD,TCGA-55-7726-01,TCGA-91-6829-01,0.002031506277622482,0.2942930778963547,144.86446886138722,144.86446886138722
TT,TCGA-LUAD,TCGA-05-4425-01,TCGA-86-7701-01,0.0016746813212385387,0.3361582901787635,200.72970655106607,200.72970655106607
TT,TCGA-LUAD,TCGA-55-8203-01,TCGA-KN-8426-01,0.00477563070375788,0.16230342958249533,33.98575803920117,33.98575803920117
TT,TCGA-LUAD,TCGA-KN-8419-01,TCGA-TQ-A7RK-01,0.005667434053668012,0.45807777779312475,80.8263093059994,80.8263093059994
TT,TCGA-LUAD,TCGA-78-7536-01,TCGA-97-A4M0-01,0.002263551181299657,0.35493711390039917,156.8054289351681,156.8054289351681
TT,TCGA-LUAD,TCGA-J2-8192-01,TCGA-KN-8429-01,0.0033046450014022864,0.11685955989827172,35.36221283940749,35.36221283940749
TT,TCGA-LUAD,TCGA-78-7160-01,TCGA-86-7955-01,0.0022921707731692474,0.19547452940869486,85.27921728031805,85.27921728031805
TT,TCGA-LUAD,TCGA-97-7547-01,TCGA-L3-A4E7-01,0.0027427660192180987,0.3391716992080109,123.66045693708178,123.66045693708178
TT,TCGA-LUAD,TCGA-55-6642-01,TCGA-67-3771-01,0.0017026822699369101,0.19502488072608792,114.53979651371728,114.53979651371728
TT,TCGA-LUAD,TCGA-91-8499-01,TCGA-93-A4JQ-01,0.003509263908969923,0.09257467672454175,26.38008400790674,26.38008400790674
TT,TCGA-LUAD,TCGA-55-7573-01,TCGA-55-8619-01,0.001026871118424198,0.2241270915830903,218.26214367293554,218.26214367293554
TT,TCGA-LUAD,TCGA-44-6774-01,TCGA-N6-A4VG-01,0.0027102955800110723,0.19599949847423914,72.31665059699445,72.31665059699445
TT,TCGA-LUAD,TCGA-44-2662-01,TCGA-49-AARR-01,0.002762508776579972,0.20440638812901735,73.99302759214237,73.99302759214237
TT,TCGA-LUAD,TCGA-44-2668-01,TCGA-44-6147-01,0.001782894282497367,0.23710174188005562,132.98698874502998,132.98698874502998
TT,TCGA-LUAD,TCGA-55-8096-01,TCGA-KN-8424-01,0.0032545407083574254,0.1665678240609439,51.180132309671144,51.180132309671144
TT,TCGA-LUAD,TCGA-86-8671-01,TCGA-MP-A4TJ-01,0.0008279970155643985,0.221344665502361,267.3254387897557,267.3254387897557
TT,TCGA-LUAD,TCGA-49-AAR4-01,TCGA-97-7554-01,0.002772491299962979,0.31778154251983604,114.61949133044325,114.61949133044325
TT,TCGA-LUAD,TCGA-73-7499-01,TCGA-86-6851-01,0.004095858131030529,0.2796742316247496,68.28220672633081,68.28220672633081
TT,TCGA-LUAD,TCGA-44-2668-01,TCGA-75-6214-01,0.00230554647854477,0.3314559977121729,143.76461320414734,143.76461320414734
TT,TCGA-LUAD,TCGA-55-8089-01,TCGA-91-6835-01,0.0013839452216987394,0.26949379621549174,194.72865832413405,194.72865832413405
TT,TCGA-LUAD,TCGA-86-8279-01,TCGA-TQ-A7RH-01,0.0025150061885449385,0.22339879008601388,88.82633812335136,88.82633812335136
TT,TCGA-LUAD,TCGA-55-7281-01,TCGA-86-7713-01,0.003643976729555882,0.3517983942091504,96.5424371005867,96.5424371005867
TT,TCGA-LUAD,TCGA-MT-A67A-01,TCGA-S2-AA1A-01,0.0054461664653041595,0.22994310752344527,42.22109422992147,42.22109422992147
TT,TCGA-LUAD,TCGA-L4-A4E5-01,TCGA-MP-A4T7-01,0.0023305879448593083,0.3060936658739802,131.33753075018942,131.33753075018942
TT,TCGA-LUAD,TCGA-75-7025-01,TCGA-KN-8425-01,0.0033943407080760787,0.136178495271894,40.119277050735526,40.119277050735526
TT,TCGA-LUAD,TCGA-75-7025-01,TCGA-93-A4JP-01,0.0010490369065311522,0.2646286988257487,252.2587119463659,252.2587119463659
TT,TCGA-LUAD,TCGA-44-6776-01,TCGA-44-A47G-01,0.0016590959684653357,0.25983756496534843,156.613945126814,156.613945126814
TT,TCGA-LUAD,TCGA-55-7576-01,TCGA-97-7547-01,0.0018685643950010049,0.32117693731530444,171.88432904670205,171.88432904670205
TT,TCGA-LUAD,TCGA-55-6972-01,TCGA-78-7149-01,0.0027164868142820165,0.14698114673980747,54.10707166589191,54.10707166589191
TT,TCGA-LUAD,TCGA-49-6743-01,TCGA-67-3770-01,0.005876040201673687,0.2563357495079374,43.62389308278127,43.62389308278127
TT,TCGA-LUAD,TCGA-L3-A4E7-01,TCGA-NJ-A55O-01,0.001462686246092968,0.3048643915394414,208.4277420080863,208.4277420080863
TT,TCGA-LUAD,TCGA-49-AAR2-01,TCGA-93-7348-01,0.005717271119616691,0.2223562842506263,38.89203076056571,38.89203076056571
TT,TCGA-LUAD,TCGA-67-6217-01,TCGA-MT-A67A-01,0.006433438111162232,0.19055963238670764,29.620185831286737,29.620185831286737
TT,TCGA-LUAD,TCGA-64-1678-01,TCGA-78-7150-01,0.010877749739470748,0.20302857522975737,18.664574943570603,18.664574943570603
TT,TCGA-LUAD,TCGA-75-6205-01,TCGA-91-6831-01,0.0013144136709072616,0.3430607382027744,260.99906429456104,260.99906429456104
TT,TCGA-LUAD,TCGA-05-4424-01,TCGA-50-5049-01,0.0022764031317751964,0.20309911867148076,89.21931086656824,89.21931086656824
TT,TCGA-LUAD,TCGA-55-8302-01,TCGA-86-7954-01,0.0021904287454402077,0.3048820951594223,139.18831908780055,139.18831908780055
TT,TCGA-LUAD,TCGA-50-5068-01,TCGA-75-7025-01,0.008589719117721132,0.15818043490772243,18.415088169924697,18.415088169924697
TT,TCGA-LUAD,TCGA-J2-A4AD-01,TCGA-TQ-A7RH-01,0.0028888095165913496,0.19579844864255946,67.77824827771677,67.77824827771677
TT,TCGA-LUAD,TCGA-49-4488-01,TCGA-73-4658-01,0.002058416718020456,0.27962186811388395,135.84317775206932,135.84317775206932
TT,TCGA-LUAD,TCGA-05-4434-01,TCGA-MT-A67F-01,0.0021552559772567755,0.05150323481225019,23.89657440031966,23.89657440031966
TT,TCGA-LUAD,TCGA-44-6776-01,TCGA-78-7542-01,0.002249530003763339,0.37773860852885444,167.91890212485217,167.91890212485217
TT,TCGA-LUAD,TCGA-50-6597-01,TCGA-97-8171-01,0.006864519639745877,0.36451542502445516,53.101374044280455,53.101374044280455
TT,TCGA-LUAD,TCGA-44-6775-01,TCGA-TQ-A7RJ-01,0.0033693845147392317,0.18045344289093135,53.55679712468117,53.55679712468117
TT,TCGA-LUAD,TCGA-35-4122-01,TCGA-86-7701-01,0.007417661468648891,0.2654069352530404,35.78040550580473,35.78040550580473
TT,TCGA-LUAD,TCGA-91-6836-01,TCGA-MP-A4T6-01,0.004505109778468184,0.287568149235225,63.831552032235535,63.831552032235535
TT,TCGA-LUAD,TCGA-38-A44F-01,TCGA-44-2662-01,0.0032799900188033044,0.34879727716152253,106.34095688156401,106.34095688156401
TT,TCGA-LUAD,TCGA-05-4430-01,TCGA-86-8054-01,0.002107396195856929,0.24078908720022835,114.25904994685466,114.25904994685466
TT,TCGA-LUAD,TCGA-93-7347-01,TCGA-KN-8422-01,0.005262512634613661,0.047828796897998,9.088585665981832,9.088585665981832
TT,TCGA-LUAD,TCGA-38-4625-01,TCGA-75-7027-01,0.007461837093407508,0.336210913921123,45.05739132500808,45.05739132500808
TT,TCGA-LUAD,TCGA-38-6178-01,TCGA-97-8177-01,0.0025273177310116616,0.24355963386044358,96.37080089765719,96.37080089765719
TT,TCGA-LUAD,TCGA-78-7143-01,TCGA-KN-8432-01,0.0036781154404337936,0.18744549064584176,50.96237290032816,50.96237290032816
TT,TCGA-LUAD,TCGA-55-7815-01,TCGA-TQ-A7RK-01,0.010050446112755903,0.31972440538283586,31.811961558307903,31.811961558307903
TT,TCGA-LUAD,TCGA-05-4418-01,TCGA-49-AAQV-01,0.002943651727316125,0.23138481031910557,78.60468280670916,78.60468280670916
TT,TCGA-LUAD,TCGA-44-2655-01,TCGA-KN-8432-01,0.004365059514197965,0.2181925960771261,49.986167512132255,49.986167512132255
TT,TCGA-LUAD,TCGA-75-5147-01,TCGA-S2-AA1A-01,0.0029409780703182763,0.24315318029293478,82.67765841131228,82.67765841131228
TT,TCGA-LUAD,TCGA-50-5935-01,TCGA-97-8172-01,0.0016013842232066439,0.26022565505261347,162.50044885014066,162.50044885014066
TT,TCGA-LUAD,TCGA-55-8204-01,TCGA-75-5122-01,0.0016929397913718947,0.33607682189077825,198.51670071410763,198.51670071410763
TT,TCGA-LUAD,TCGA-44-6776-01,TCGA-MT-A7BN-01,0.00924627175651509,0.3197998479828901,34.58689690334413,34.58689690334413
TT,TCGA-LUAD,TCGA-78-8640-01,TCGA-86-8278-01,0.002240880495921609,0.2846512763714378,127.02653126282353,127.02653126282353
TT,TCGA-LUAD,TCGA-93-A4JO-01,TCGA-J2-A4AG-01,0.0017087557674484556,0.28887269032501356,169.05440544985746,169.05440544985746
TT,TCGA-LUAD,TCGA-55-7910-01,TCGA-91-A4BD-01,0.004094090801273589,0.3756516860442808,91.75460542482915,91.75460542482915
TT,TCGA-LUAD,TCGA-50-5045-01,TCGA-78-7535-01,0.0032976899478714145,0.26142382991691704,79.27483603655956,79.27483603655956
TT,TCGA-LUAD,TCGA-91-6831-01,TCGA-91-8497-01,0.0020813636910122597,0.3211809199996461,154.3127332270515,154.3127332270515
TT,TCGA-LUAD,TCGA-44-5643-01,TCGA-97-8172-01,0.0030444098465333344,0.28159701181830515,92.4964200004015,92.4964200004015
TT,TCGA-LUAD,TCGA-44-A4SS-01,TCGA-49-6743-01,0.0018212631391977736,0.31835441656042796,174.7986931205647,174.7986931205647
TT,TCGA-LUAD,TCGA-MT-A7BN-01,TCGA-NJ-A7XG-01,0.008341969891551528,0.262574954106416,31.476372789638482,31.476372789638482
TT,TCGA-LUAD,TCGA-55-6984-01,TCGA-NJ-A4YI-01,0.0020118755370736405,0.36649602415978494,182.1663504556893,182.1663504556893
TT,TCGA-LUAD,TCGA-55-6971-01,TCGA-TQ-A7RG-01,0.0025689606422267582,0.15732257054622117,61.239774545496736,61.239774545496736
TT,TCGA-LUAD,TCGA-55-7281-01,TCGA-73-4666-01,0.0025187779920107416,0.316271979238318,125.5656434356241,125.5656434356241
TT,TCGA-LUAD,TCGA-44-6775-01,TCGA-55-6969-01,0.002353202716564292,0.19949065489183507,84.77410530236602,84.77410530236602
TT,TCGA-LUAD,TCGA-44-4112-01,TCGA-MP-A5C7-01,0.003450982722407703,0.30117106532757987,87.27110204639244,87.27110204639244
TT,TCGA-LUAD,TCGA-44-A47G-01,TCGA-KN-8431-01,0.0058987757021353865,0.09760434100435368,16.54654218654566,16.54654218654566
TT,TCGA-LUAD,TCGA-38-4626-01,TCGA-44-A4SS-01,0.001005466341812122,0.30074794614453365,299.11289283190183,299.11289283190183
TT,TCGA-LUAD,TCGA-44-8119-01,TCGA-KN-8424-01,0.0033284000838817804,0.2756980143812885,82.8319935804571,82.8319935804571
TT,TCGA-LUAD,TCGA-49-4512-01,TCGA-67-6216-01,0.00220195259470285,0.3153509802582875,143.21424585475404,143.21424585475404
TT,TCGA-LUAD,TCGA-55-A491-01,TCGA-93-A4JO-01,0.0017435274069512482,0.30663960126335565,175.8731179336889,175.8731179336889
TT,TCGA-LUAD,TCGA-38-4630-01,TCGA-93-A4JP-01,0.0024638446714975943,0.2515302615796922,102.08852225526256,102.08852225526256
TT,TCGA-LUAD,TCGA-49-4506-01,TCGA-55-6712-01,0.007558811803510289,0.2304896042766863,30.49283541755169,30.49283541755169
TT,TCGA-LUAD,TCGA-50-5051-01,TCGA-73-4675-01,0.0016156995414904236,0.3210191420089363,198.6874005749905,198.6874005749905
TT,TCGA-LUAD,TCGA-55-8097-01,TCGA-97-A4M7-01,0.0009457182973658671,0.2679827161507393,283.36420781659643,283.36420781659643
TT,TCGA-LUAD,TCGA-55-A494-01,TCGA-78-7535-01,0.004327929239025429,0.36500927497522473,84.33808752784003,84.33808752784003
TT,TCGA-LUAD,TCGA-67-6216-01,TCGA-78-7542-01,0.0019488594996884562,0.32598008510722387,167.26710425217155,167.26710425217155
TT,TCGA-LUAD,TCGA-35-3615-01,TCGA-64-1676-01,0.004902452513058233,0.3613608555289079,73.71022045932779,73.71022045932779
TT,TCGA-LUAD,TCGA-55-7907-01,TCGA-TQ-A7RS-01,0.003578212630942892,0.30939999746136637,86.46775062661288,86.46775062661288
TT,TCGA-LUAD,TCGA-49-4486-01,TCGA-55-8513-01,0.004972512802755022,0.10988629421688276,22.09874535788027,22.09874535788027
TT,TCGA-LUAD,TCGA-55-6983-01,TCGA-L4-A4E5-01,0.0024154867638676524,0.29698239348401,122.94929449685118,122.94929449685118
TT,TCGA-LUAD,TCGA-86-8668-01,TCGA-L4-A4E6-01,0.0015846119462506975,0.2969732308171033,187.41069794391157,187.41069794391157
TT,TCGA-LUAD,TCGA-55-7903-01,TCGA-91-6835-01,0.0015223050979423162,0.23035919814280467,151.32262149957901,151.32262149957901
TT,TCGA-LUAD,TCGA-55-8090-01,TCGA-TQ-A7RI-01,0.002770247785018546,0.3212154270260679,115.9518757719781,115.9518757719781
TT,TCGA-LUAD,TCGA-44-5643-01,TCGA-NJ-A4YG-01,0.00371050000630153,0.33725693991756217,90.89258572828454,90.89258572828454
TT,TCGA-LUAD,TCGA-50-6594-01,TCGA-55-8505-01,0.0026189599939676327,0.30742185639660813,117.38318153187012,117.38318153187012
TT,TCGA-LUAD,TCGA-55-A493-01,TCGA-91-6847-01,0.0024296948373959885,0.2376545155815279,97.81249559563322,97.81249559563322
TT,TCGA-LUAD,TCGA-49-4507-01,TCGA-NJ-A4YP-01,0.00427063826387384,0.24833619900179052,58.14966842369085,58.14966842369085
TT,TCGA-LUAD,TCGA-44-8117-01,TCGA-97-8547-01,0.0016779545084668443,0.3437141379216755,204.84115402850156,204.84115402850156
TT,TCGA-LUAD,TCGA-78-7220-01,TCGA-91-6829-01,0.0019174615379141135,0.3607160651005567,188.12166917984553,188.12166917984553
TT,TCGA-LUAD,TCGA-05-4433-01,TCGA-86-6562-01,0.0015229231090060202,0.3238732627327612,212.66553827799385,212.66553827799385
TT,TCGA-LUAD,TCGA-NJ-A4YI-01,TCGA-TQ-A8XE-01,0.0027946015598409773,0.2697281333518686,96.51756344371937,96.51756344371937
TT,TCGA-LUAD,TCGA-50-5051-01,TCGA-67-6216-01,0.0015867895811837046,0.3272661453919009,206.24419852049238,206.24419852049238
TT,TCGA-LUAD,TCGA-97-7553-01,TCGA-J2-A4AD-01,0.0013411471075940702,0.2201736827004956,164.1681821880619,164.1681821880619
TT,TCGA-LUAD,TCGA-44-6146-01,TCGA-KN-8427-01,0.0045037212769001005,0.30840965634431994,68.4788505732303,68.4788505732303
TT,TCGA-LUAD,TCGA-05-4422-01,TCGA-64-1679-01,0.002485837360298334,0.3636513547372443,146.28927883423606,146.28927883423606
TT,TCGA-LUAD,TCGA-64-1680-01,TCGA-64-5815-01,0.0020676185407087063,0.27510950463096845,133.0562186469225,133.0562186469225
TT,TCGA-LUAD,TCGA-78-7542-01,TCGA-NJ-A4YG-01,0.002368016256347366,0.3375178650077625,142.53190369916604,142.53190369916604
TT,TCGA-LUAD,TCGA-86-8668-01,TCGA-KN-8424-01,0.003451241057740366,0.13894987565401334,40.26084336890339,40.26084336890339
TT,TCGA-LUAD,TCGA-55-8615-01,TCGA-MP-A4TH-01,0.0017345561488935173,0.3194321798330289,184.15787810431874,184.15787810431874
TT,TCGA-LUAD,TCGA-86-A4P7-01,TCGA-KN-8432-01,0.0030921001385374163,0.11270264030671451,36.44857386799368,36.44857386799368
TT,TCGA-LUAD,TCGA-50-6592-01,TCGA-55-7903-01,0.0020389004308624618,0.36998117684185106,181.46113034335266,181.46113034335266
TT,TCGA-LUAD,TCGA-44-5645-01,TCGA-91-6830-01,0.001714289174449829,0.28071102047915775,163.74776476626064,163.74776476626064
TT,TCGA-LUAD,TCGA-05-4418-01,TCGA-78-7159-01,0.002229544683493247,0.24858655769145824,111.49655780927127,111.49655780927127
TT,TCGA-LUAD,TCGA-50-6595-01,TCGA-55-6983-01,0.0013756133493773714,0.28519063485672513,207.31889159538022,207.31889159538022
TT,TCGA-LUAD,TCGA-55-8205-01,TCGA-91-7771-01,0.0018031060611177533,0.2905277808089633,161.126284844755,161.126284844755
TT,TCGA-LUAD,TCGA-50-6593-01,TCGA-78-8660-01,0.0011805164324831753,0.23347685413949332,197.77518356807866,197.77518356807866
TT,TCGA-LUAD,TCGA-49-4487-01,TCGA-TQ-A7RP-01,0.004043627987677904,0.3231368015576575,79.9125939731222,79.9125939731222
TT,TCGA-LUAD,TCGA-67-3774-01,TCGA-KN-8422-01,0.0062210076460948,0.045556077325941864,7.322941863693002,7.322941863693002
TT,TCGA-LUAD,TCGA-55-7283-01,TCGA-75-6207-01,0.0018515674966023555,0.29878263468584965,161.36740099084625,161.36740099084625
TT,TCGA-LUAD,TCGA-50-5935-01,TCGA-55-6986-01,0.0015442942108805904,0.24575654752664788,159.1384243981023,159.1384243981023
TT,TCGA-LUAD,TCGA-55-6985-01,TCGA-73-4659-01,0.001096132808251399,0.2174808764095878,198.40741447792553,198.40741447792553
TT,TCGA-LUAD,TCGA-75-6214-01,TCGA-97-A4M5-01,0.0017914407982820516,0.17441329116426352,97.35922690357485,97.35922690357485
TT,TCGA-LUAD,TCGA-05-5428-01,TCGA-TQ-A7RR-01,0.011577552340542883,0.48300208220629914,41.71884246335013,41.71884246335013
TT,TCGA-LUAD,TCGA-05-4422-01,TCGA-44-A47B-01,0.0022181011852819843,0.3572727416607396,161.07143534812184,161.07143534812184
TT,TCGA-LUAD,TCGA-86-8278-01,TCGA-N1-A6IA-01,0.002512408882312498,0.06996238284321996,27.846734397318496,27.846734397318496
TT,TCGA-LUAD,TCGA-86-8073-01,TCGA-91-8496-01,0.004826057340826435,0.10504111107344805,21.765408832763757,21.765408832763757
TT,TCGA-LUAD,TCGA-44-6148-01,TCGA-86-8281-01,0.0013545525397117494,0.30982845837263967,228.73122251763786,228.73122251763786
TT,TCGA-LUAD,TCGA-44-2665-01,TCGA-55-6980-01,0.002830060611513841,0.22636809530583887,79.98701313494175,79.98701313494175
TT,TCGA-LUAD,TCGA-55-8206-01,TCGA-75-5125-01,0.0019577778751366194,0.34465855772672593,176.045792581385,176.045792581385
TT,TCGA-LUAD,TCGA-55-8090-01,TCGA-55-8511-01,0.0017954728215383185,0.28132966168524165,156.68834320989893,156.68834320989893
TT,TCGA-LUAD,TCGA-50-5068-01,TCGA-55-8514-01,0.008979437648666346,0.3130206519587444,34.859716633283284,34.859716633283284
TT,TCGA-LUAD,TCGA-55-8207-01,TCGA-MP-A4T8-01,0.0017922159565157505,0.3305232254604451,184.42153930099795,184.42153930099795
TT,TCGA-LUAD,TCGA-44-8119-01,TCGA-MP-A4SW-01,0.0024384241801062136,0.2801523453933803,114.89073463058315,114.89073463058315
TT,TCGA-LUAD,TCGA-55-A492-01,TCGA-TQ-A7RG-01,0.006442476098888457,0.4612423820352133,71.593960917417,71.593960917417
TT,TCGA-LUAD,TCGA-44-7671-01,TCGA-78-7146-01,0.0025321325247922334,0.3315277029266813,130.92825895985987,130.92825895985987
TT,TCGA-LUAD,TCGA-44-6148-01,TCGA-75-6214-01,0.0023307791348401775,0.336606270349866,144.41791816235187,144.41791816235187
TT,TCGA-LUAD,TCGA-55-6970-01,TCGA-86-A4D0-01,0.0022577605614377706,0.3414128799539218,151.21748771114406,151.21748771114406
TT,TCGA-LUAD,TCGA-55-8204-01,TCGA-J2-A4AE-01,0.002266211526445485,0.33483736805859743,147.7520364499179,147.7520364499179
TT,TCGA-LUAD,TCGA-44-5645-01,TCGA-97-8547-01,0.0027792443729922995,0.3645272337808535,131.160554762006,131.160554762006
TT,TCGA-LUAD,TCGA-KN-8425-01,TCGA-S2-AA1A-01,0.0030472131956331625,0.2028287099614287,66.56203453440484,66.56203453440484
TT,TCGA-LUAD,TCGA-55-A490-01,TCGA-86-7711-01,0.004278201792439073,0.3989344715214982,93.2481661399284,93.2481661399284
TT,TCGA-LUAD,TCGA-38-4625-01,TCGA-55-8091-01,0.007401551738100153,0.1954190478590196,26.40244299760582,26.40244299760582
TT,TCGA-LUAD,TCGA-93-7347-01,TCGA-NJ-A55R-01,0.0013411318641833151,0.29739060611549584,221.7459849084955,221.7459849084955
TT,TCGA-LUAD,TCGA-78-7156-01,TCGA-MT-A51W-01,0.003757211282318201,0.4418056984442354,117.58872877961792,117.58872877961792
TT,TCGA-LUAD,TCGA-78-8655-01,TCGA-TQ-A7RV-01,0.002642334844624779,0.2662445687210334,100.76110121419569,100.76110121419569
TT,TCGA-LUAD,TCGA-44-3396-01,TCGA-78-8660-01,0.0014326506045468771,0.295192727223291,206.04655893518114,206.04655893518114
TT,TCGA-LUAD,TCGA-55-6987-01,TCGA-MP-A4SV-01,0.001209016196621505,0.13293969165930167,109.95691540840443,109.95691540840443
TT,TCGA-LUAD,TCGA-05-4402-01,TCGA-86-7714-01,0.0015498373928148376,0.22267007240209163,143.6731836735949,143.6731836735949
TT,TCGA-LUAD,TCGA-67-6216-01,TCGA-91-6847-01,0.002103455849134102,0.32600827408243493,154.98698212117827,154.98698212117827
TT,TCGA-LUAD,TCGA-38-4628-01,TCGA-50-5055-01,0.001853006781285662,0.19814124157109603,106.9295825423913,106.9295825423913
TT,TCGA-LUAD,TCGA-05-5425-01,TCGA-44-3919-01,0.0018541433303961964,0.24269524957043145,130.89346739907745,130.89346739907745
TT,TCGA-LUAD,TCGA-05-5429-01,TCGA-44-6776-01,0.0032676949922974463,0.3994611566557757,122.24554543719,122.24554543719
TT,TCGA-LUAD,TCGA-49-4501-01,TCGA-86-8280-01,0.0016823382000304772,0.10002927720233251,59.45848296170198,59.45848296170198
TT,TCGA-LUAD,TCGA-44-A4SS-01,TCGA-55-6979-01,0.001439430516097202,0.32791096642944717,227.806040487823,227.806040487823
TT,TCGA-LUAD,TCGA-86-A4P7-01,TCGA-KN-8433-01,0.0067152502039128075,0.09789596316453147,14.57815571897678,14.57815571897678
TT,TCGA-LUAD,TCGA-55-A48X-01,TCGA-MP-A4TH-01,0.0008883797822895523,0.1267401005779985,142.6643234173577,142.6643234173577
TT,TCGA-LUAD,TCGA-50-6595-01,TCGA-78-7150-01,0.0016648531781005746,0.3283136385454109,197.2027580954513,197.2027580954513
TT,TCGA-LUAD,TCGA-55-8507-01,TCGA-55-A492-01,0.004095135506161312,0.1682750837810034,41.091456809628426,41.091456809628426
TT,TCGA-LUAD,TCGA-50-5942-01,TCGA-MP-A4TI-01,0.002223130857184997,0.338319324888969,152.18147136752907,152.18147136752907
TT,TCGA-LUAD,TCGA-50-6593-01,TCGA-75-5122-01,0.0015624986847011797,0.2521682887518574,161.38784065606004,161.38784065606004
TT,TCGA-LUAD,TCGA-55-1596-01,TCGA-86-8359-01,0.002433501541205368,0.34122650505363583,140.220377622863,140.220377622863
TT,TCGA-LUAD,TCGA-91-6836-01,TCGA-NJ-A55O-01,0.0030983802198311546,0.30396298218964535,98.10383510846508,98.10383510846508
TT,TCGA-LUAD,TCGA-55-6985-01,TCGA-91-6828-01,0.0014377161436299156,0.2529494378417198,175.93837209275426,175.93837209275426
TT,TCGA-LUAD,TCGA-55-8203-01,TCGA-91-6848-01,0.0019191936158762947,0.3329416617474458,173.47997564874467,173.47997564874467
TT,TCGA-LUAD,TCGA-78-7147-01,TCGA-91-A4BC-01,0.001984248997198383,0.38028434914131926,191.65152643557005,191.65152643557005
TT,TCGA-LUAD,TCGA-44-A4SU-01,TCGA-50-5072-01,0.002801685087123188,0.32186820662436794,114.88379193782518,114.88379193782518
TT,TCGA-LUAD,TCGA-55-8301-01,TCGA-75-7025-01,0.0015274645758069144,0.2578261258922598,168.7935222694496,168.7935222694496
TT,TCGA-LUAD,TCGA-55-6985-01,TCGA-J2-A4AE-01,0.001424674653570227,0.2530549873070218,177.6230009236617,177.6230009236617
TT,TCGA-LUAD,TCGA-55-1594-01,TCGA-55-6970-01,0.0021400924784307,0.3341146659435734,156.12160189851937,156.12160189851937
TT,TCGA-LUAD,TCGA-64-5774-01,TCGA-86-7714-01,0.0017973564420373112,0.39810735353389415,221.49605065684008,221.49605065684008
TT,TCGA-LUAD,TCGA-50-5931-01,TCGA-55-8204-01,0.00189566584173884,0.32357041108914275,170.6895825017034,170.6895825017034
TT,TCGA-LUAD,TCGA-55-6969-01,TCGA-75-6207-01,0.002540029617248206,0.35221073025617294,138.66402496430248,138.66402496430248
TT,TCGA-LUAD,TCGA-44-6778-01,TCGA-49-6744-01,0.0012036462696366642,0.2416064517123378,200.72878370259875,200.72878370259875
TT,TCGA-LUAD,TCGA-05-4432-01,TCGA-55-6978-01,0.0015920352543743366,0.29765827278712437,186.96713654378394,186.96713654378394
TT,TCGA-LUAD,TCGA-55-8511-01,TCGA-75-5147-01,0.003015652889992014,0.27196536493243273,90.18457191641608,90.18457191641608
TT,TCGA-LUAD,TCGA-05-5423-01,TCGA-55-A48X-01,0.004116601965826585,0.2407895412711063,58.492305855651864,58.492305855651864
TT,TCGA-LUAD,TCGA-50-6597-01,TCGA-91-A4BC-01,0.0049652812997062895,0.3608627814630607,72.6772079326919,72.6772079326919
TT,TCGA-LUAD,TCGA-05-4424-01,TCGA-91-6840-01,0.0019966976881004624,0.29434714787203475,147.4169823635439,147.4169823635439
TT,TCGA-LUAD,TCGA-44-A47G-01,TCGA-55-7574-01,0.0007893416109433615,0.20015652049959004,253.574013740867,253.574013740867
TT,TCGA-LUAD,TCGA-05-5429-01,TCGA-55-6978-01,0.003579238278186815,0.3462754527688839,96.74557150308013,96.74557150308013
TT,TCGA-LUAD,TCGA-44-7669-01,TCGA-86-8075-01,0.0015962599335862882,0.2559885636752304,160.36771849563718,160.36771849563718
TT,TCGA-LUAD,TCGA-50-6595-01,TCGA-78-7143-01,0.0017578560437164097,0.3298905546237474,187.66642228922345,187.66642228922345
TT,TCGA-LUAD,TCGA-78-7147-01,TCGA-KN-8426-01,0.004792085063790538,0.1742541447950009,36.362907268003696,36.362907268003696
TT,TCGA-LUAD,TCGA-05-4430-01,TCGA-73-A9RS-01,0.0024014687096983625,0.2671405360368954,111.24048169274282,111.24048169274282
TT,TCGA-LUAD,TCGA-55-5899-01,TCGA-55-8087-01,0.0022949033276613777,0.41693817233653396,181.6800591602327,181.6800591602327
TT,TCGA-LUAD,TCGA-86-8054-01,TCGA-97-8172-01,0.002077538806847871,0.3187461365966734,153.42487733371797,153.42487733371797
TT,TCGA-LUAD,TCGA-50-5930-01,TCGA-TQ-A7RM-01,0.0043412619853003985,0.3060505845735052,70.49806844410651,70.49806844410651
TT,TCGA-LUAD,TCGA-05-4433-01,TCGA-86-A4P8-01,0.0015724070367648234,0.28728863874524124,182.70627899015787,182.70627899015787
TT,TCGA-LUAD,TCGA-44-7669-01,TCGA-KN-8434-01,0.0045084002424031575,0.15663649168048008,34.743253317941125,34.743253317941125
TT,TCGA-LUAD,TCGA-05-4430-01,TCGA-91-A4BC-01,0.0024766796728391506,0.2182974389373596,88.14116792387347,88.14116792387347
TT,TCGA-LUAD,TCGA-86-A4P7-01,TCGA-91-6848-01,0.0020718442316389717,0.2574334725495834,124.25329502012598,124.25329502012598
TT,TCGA-LUAD,TCGA-44-6774-01,TCGA-97-7941-01,0.0011944516192921402,0.2782521197178517,232.95386370085913,232.95386370085913
TT,TCGA-LUAD,TCGA-49-4486-01,TCGA-55-7570-01,0.005459358802785631,0.3158839317611485,57.86099488459508,57.86099488459508
TT,TCGA-LUAD,TCGA-05-4420-01,TCGA-86-7955-01,0.00283311102906972,0.3401518060276109,120.06299878028541,120.06299878028541
TT,TCGA-LUAD,TCGA-49-4506-01,TCGA-55-7727-01,0.00875235717625757,0.20945409414139166,23.931163905144963,23.931163905144963
TT,TCGA-LUAD,TCGA-05-4426-01,TCGA-67-3770-01,0.003944320498339362,0.3189190235325854,80.85525090236878,80.85525090236878
TT,TCGA-LUAD,TCGA-50-5049-01,TCGA-75-7031-01,0.0022445104597800273,0.3239541429322523,144.33175907943922,144.33175907943922
TT,TCGA-LUAD,TCGA-75-5126-01,TCGA-MP-A4T8-01,0.001697020110289303,0.33912260502231695,199.83416988765345,199.83416988765345
TT,TCGA-LUAD,TCGA-78-7150-01,TCGA-78-7539-01,0.002925810767764871,0.40407825835397393,138.10813153260196,138.10813153260196
TT,TCGA-LUAD,TCGA-55-6981-01,TCGA-55-8620-01,0.002265273552335964,0.33489318931113343,147.8378578012309,147.8378578012309
TT,TCGA-LUAD,TCGA-44-6145-01,TCGA-78-7143-01,0.0015538635200413441,0.3642503093945701,234.41589605300624,234.41589605300624
TT,TCGA-LUAD,TCGA-64-5781-01,TCGA-TQ-A7RS-01,0.005603655450625598,0.4159918249808403,74.23579637366863,74.23579637366863
TT,TCGA-LUAD,TCGA-05-5715-01,TCGA-MP-A4TF-01,0.002495003131474843,0.3451811154584644,138.3489708305181,138.3489708305181
TT,TCGA-LUAD,TCGA-67-6217-01,TCGA-MT-A51W-01,0.003182014668693958,0.23762042395914307,74.67609319873851,74.67609319873851
TT,TCGA-LUAD,TCGA-55-8085-01,TCGA-93-A4JN-01,0.0019952532245035935,0.19816260491690119,99.31702025751784,99.31702025751784
TT,TCGA-LUAD,TCGA-50-6673-01,TCGA-91-A4BC-01,0.00295249158525182,0.28260404207961876,95.71713717704475,95.71713717704475
TT,TCGA-LUAD,TCGA-05-4433-01,TCGA-NJ-A4YP-01,0.0019329550081397403,0.3499141232436553,181.0254877998478,181.0254877998478
TT,TCGA-LUAD,TCGA-55-6979-01,TCGA-MP-A4TA-01,0.0016381530935794452,0.3127086037488034,190.89095211822948,190.89095211822948
TT,TCGA-LUAD,TCGA-44-6779-01,TCGA-50-5931-01,0.0026435738413726996,0.372732407079429,140.99564810562822,140.99564810562822
TT,TCGA-LUAD,TCGA-55-6983-01,TCGA-55-8092-01,0.0014569975826585575,0.19411887573417877,133.23211928737283,133.23211928737283
TT,TCGA-LUAD,TCGA-44-2657-01,TCGA-50-6673-01,0.0019172251337031716,0.27944815393234934,145.75656714482338,145.75656714482338
TT,TCGA-LUAD,TCGA-38-4630-01,TCGA-50-5939-01,0.0025892272173024555,0.344810714681103,133.17128461222438,133.17128461222438
TT,TCGA-LUAD,TCGA-49-6745-01,TCGA-78-7143-01,0.0015422833179228237,0.2791302986273896,180.9850987711697,180.9850987711697
TT,TCGA-LUAD,TCGA-67-3772-01,TCGA-97-A4LX-01,0.003846959218881037,0.25839606651931274,67.16891233239333,67.16891233239333
TT,TCGA-LUAD,TCGA-55-7570-01,TCGA-NJ-A55A-01,0.0023398943906469565,0.25774913995272114,110.15417660856744,110.15417660856744
TT,TCGA-LUAD,TCGA-44-2656-01,TCGA-55-7911-01,0.002034098958767129,0.20192006527959555,99.26757221388073,99.26757221388073
TT,TCGA-LUAD,TCGA-55-8091-01,TCGA-86-A4JF-01,0.001572021234435003,0.25173393262161825,160.13392637924096,160.13392637924096
TT,TCGA-LUAD,TCGA-50-8460-01,TCGA-91-6849-01,0.0016717943763514356,0.3223738846529863,192.83106177001434,192.83106177001434
TT,TCGA-LUAD,TCGA-50-6590-01,TCGA-97-A4LX-01,0.001818335274309447,0.21094941158986352,116.01238482819194,116.01238482819194
TT,TCGA-LUAD,TCGA-50-5051-01,TCGA-55-7573-01,0.0026656072646854814,0.20601152269690515,77.28502447685696,77.28502447685696
TT,TCGA-LUAD,TCGA-78-8660-01,TCGA-MT-A67F-01,0.002775791254566763,0.27385641441658537,98.65886491501611,98.65886491501611
TT,TCGA-LUAD,TCGA-55-7283-01,TCGA-67-3772-01,0.003242684329561716,0.29263887364920954,90.2458716013109,90.2458716013109
TT,TCGA-LUAD,TCGA-44-7669-01,TCGA-55-7725-01,0.004481718787104097,0.238704260379002,53.261766683322605,53.261766683322605
TT,TCGA-LUAD,TCGA-44-5645-01,TCGA-78-7160-01,0.0016953026480610227,0.26916708079427604,158.77228830034088,158.77228830034088
TT,TCGA-LUAD,TCGA-49-AAR3-01,TCGA-75-7031-01,0.002256500381917227,0.35696800112671656,158.1954091332438,158.1954091332438
TT,TCGA-LUAD,TCGA-05-4389-01,TCGA-91-A4BC-01,0.002576322184399702,0.2929798899645383,113.72020616777179,113.72020616777179
TT,TCGA-LUAD,TCGA-55-7994-01,TCGA-97-A4M0-01,0.0023595805944357563,0.3280516404740297,139.02963994856734,139.02963994856734
TT,TCGA-LUAD,TCGA-49-AARN-01,TCGA-55-6970-01,0.002259131478128468,0.20338819510486128,90.0293750381249,90.0293750381249
TT,TCGA-LUAD,TCGA-38-A44F-01,TCGA-KN-8426-01,0.004020713343884944,0.11043437322805079,27.466363250195176,27.466363250195176
TT,TCGA-LUAD,TCGA-78-8648-01,TCGA-MP-A4SV-01,0.0012501996981022835,0.15167195110238718,121.31817927377098,121.31817927377098
TT,TCGA-LUAD,TCGA-35-5375-01,TCGA-50-6593-01,0.007720993190027113,0.10817295495889973,14.010238358793304,14.010238358793304
TT,TCGA-LUAD,TCGA-50-5049-01,TCGA-NJ-A55O-01,0.0019298188377707497,0.27794872689535516,144.02840383526907,144.02840383526907
TT,TCGA-LUAD,TCGA-44-7659-01,TCGA-75-6207-01,0.002358695784036086,0.323660366683737,137.2200556232415,137.2200556232415
TT,TCGA-LUAD,TCGA-55-8094-01,TCGA-86-8585-01,0.0024587765325847664,0.3298725580318733,134.16126014717483,134.16126014717483
TT,TCGA-LUAD,TCGA-73-7498-01,TCGA-NJ-A4YI-01,0.0013132513138911972,0.31397123819860734,239.07932539454504,239.07932539454504
TT,TCGA-LUAD,TCGA-38-7271-01,TCGA-78-7149-01,0.0024603824031438305,0.31465146824632517,127.88722104509829,127.88722104509829
TT,TCGA-LUAD,TCGA-55-6712-01,TCGA-86-8074-01,0.0017437438079173013,0.2185419387680073,125.32915545032395,125.32915545032395
TT,TCGA-LUAD,TCGA-78-7150-01,TCGA-NJ-A55A-01,0.002297490546383429,0.26601304071261,115.78417205300438,115.78417205300438
TT,TCGA-LUAD,TCGA-64-1676-01,TCGA-L3-A524-01,0.009040343091978402,0.4197777197096223,46.43382617658569,46.43382617658569
TT,TCGA-LUAD,TCGA-78-7536-01,TCGA-KN-8419-01,0.0050763024001294135,0.31166848566225397,61.396753206489116,61.396753206489116
TT,TCGA-LUAD,TCGA-49-4487-01,TCGA-55-5899-01,0.0022636631165588827,0.3749715026833652,165.64810370430905,165.64810370430905
TT,TCGA-LUAD,TCGA-55-8204-01,TCGA-TQ-A7RH-01,0.0035477937956145565,0.20604532077148313,58.07702832847181,58.07702832847181
TT,TCGA-LUAD,TCGA-55-8513-01,TCGA-78-7537-01,0.0015906756875961308,0.16159220518568831,101.5871471763616,101.5871471763616
TT,TCGA-LUAD,TCGA-38-A44F-01,TCGA-97-7938-01,0.0024400717298829594,0.29983748637056645,122.88060334396336,122.88060334396336
TT,TCGA-LUAD,TCGA-KN-8428-01,TCGA-TQ-A7RV-01,0.003686858121504384,0.4654045045387525,126.2333643446114,126.2333643446114
TT,TCGA-LUAD,TCGA-05-4389-01,TCGA-55-6975-01,0.0015352138127263455,0.3368554007610495,219.4192092128437,219.4192092128437
TT,TCGA-LUAD,TCGA-78-7166-01,TCGA-MP-A4T4-01,0.003802544435036195,0.22283890827795166,58.602578374821945,58.602578374821945
TT,TCGA-LUAD,TCGA-05-4430-01,TCGA-55-7283-01,0.0013360347180310776,0.1690407024759918,126.52418398610786,126.52418398610786
TT,TCGA-LUAD,TCGA-44-3918-01,TCGA-55-8512-01,0.004377702943380066,0.3135601746826575,71.62664500952975,71.62664500952975
TT,TCGA-LUAD,TCGA-64-5774-01,TCGA-TQ-A7RO-01,0.003196320283282728,0.36940735799893887,115.57269774590459,115.57269774590459
TT,TCGA-LUAD,TCGA-05-4427-01,TCGA-55-6971-01,0.0015074464751961534,0.25203750597512237,167.19499506098649,167.19499506098649
TT,TCGA-LUAD,TCGA-44-A4SU-01,TCGA-55-8620-01,0.0020367456246719344,0.23884265663595858,117.2668072746835,117.2668072746835
TT,TCGA-LUAD,TCGA-86-8279-01,TCGA-97-8552-01,0.0014935631319163466,0.3108987640384504,208.1591044896411,208.1591044896411
TT,TCGA-LUAD,TCGA-55-7910-01,TCGA-N6-A4VD-01,0.002737490851964547,0.4079780021513967,149.0335581792404,149.0335581792404
TT,TCGA-LUAD,TCGA-78-7156-01,TCGA-78-7161-01,0.0020279610804969563,0.2710614882903104,133.66207611039863,133.66207611039863
TT,TCGA-LUAD,TCGA-55-5899-01,TCGA-97-A4M3-01,0.002182764803518775,0.3919017341057732,179.54372980267925,179.54372980267925
TT,TCGA-LUAD,TCGA-38-A44F-01,TCGA-44-8117-01,0.0023439358743182395,0.2752057598578789,117.41181270068901,117.41181270068901
TT,TCGA-LUAD,TCGA-05-4430-01,TCGA-38-4632-01,0.0021833187290707943,0.17569866938437012,80.4732112837901,80.4732112837901
TT,TCGA-LUAD,TCGA-78-7535-01,TCGA-97-7553-01,0.004932425691550414,0.1528926079951083,30.99744781903636,30.99744781903636
TT,TCGA-LUAD,TCGA-49-6742-01,TCGA-55-8513-01,0.001851409745604671,0.2083636476374935,112.54323800128958,112.54323800128958
TT,TCGA-LUAD,TCGA-86-8073-01,TCGA-MP-A4TE-01,0.003301461082527749,0.2881894411380224,87.29148517400407,87.29148517400407
TT,TCGA-LUAD,TCGA-44-3917-01,TCGA-49-4486-01,0.014750615137306097,0.18480827437564237,12.528852027888641,12.528852027888641
TT,TCGA-LUAD,TCGA-50-5936-01,TCGA-50-6597-01,0.006182063603370544,0.3111383086801809,50.329198895744796,50.329198895744796
TT,TCGA-LUAD,TCGA-55-A48Y-01,TCGA-67-6217-01,0.001989225268450694,0.27020116646713294,135.83236185089226,135.83236185089226
TT,TCGA-LUAD,TCGA-38-4625-01,TCGA-78-7154-01,0.006942095473055394,0.3237619162267137,46.63749115570976,46.63749115570976
TT,TCGA-LUAD,TCGA-55-A494-01,TCGA-75-6214-01,0.002532801573460014,0.3872283409501173,152.88538391940895,152.88538391940895
TT,TCGA-LUAD,TCGA-50-7109-01,TCGA-55-6983-01,0.0013646385445998817,0.16078932157263742,117.8255752843194,117.8255752843194
TT,TCGA-LUAD,TCGA-38-4629-01,TCGA-91-A4BC-01,0.00311156235630671,0.32622941677716755,104.8442484579958,104.8442484579958
TT,TCGA-LUAD,TCGA-44-6775-01,TCGA-75-7031-01,0.0033786796564141226,0.28617940717536183,84.70155098370327,84.70155098370327
TT,TCGA-LUAD,TCGA-50-5941-01,TCGA-TQ-A8XE-01,0.0028560494633219965,0.20995037309452275,73.51076225770973,73.51076225770973
TT,TCGA-LUAD,TCGA-78-7158-01,TCGA-97-A4M7-01,0.0017666061869297412,0.16272828476023876,92.1135032607641,92.1135032607641
TT,TCGA-LUAD,TCGA-86-8358-01,TCGA-91-6828-01,0.0018987343282014285,0.33025128434990747,173.9323292599535,173.9323292599535
TT,TCGA-LUAD,TCGA-35-4122-01,TCGA-55-A4DG-01,0.010325385808062394,0.13806733545713634,13.371639377322726,13.371639377322726
TT,TCGA-LUAD,TCGA-49-4512-01,TCGA-MP-A4TH-01,0.002931589138306773,0.290296801729454,99.02369944552449,99.02369944552449
TT,TCGA-LUAD,TCGA-55-8301-01,TCGA-NJ-A4YP-01,0.0010914807050783207,0.29496121814688026,270.2395166259168,270.2395166259168
TT,TCGA-LUAD,TCGA-97-A4M7-01,TCGA-J2-8194-01,0.0021140568513908606,0.30465106487048393,144.10731890679796,144.10731890679796
TT,TCGA-LUAD,TCGA-55-6972-01,TCGA-55-7576-01,0.0037078395556691653,0.1849975604879657,49.89362611580927,49.89362611580927
TT,TCGA-LUAD,TCGA-64-5775-01,TCGA-91-6836-01,0.002760568812760735,0.3190071193054575,115.55847397494546,115.55847397494546
TT,TCGA-LUAD,TCGA-55-7573-01,TCGA-55-8096-01,0.0012760843769410888,0.26827900704585317,210.23610342205328,210.23610342205328
TT,TCGA-LUAD,TCGA-75-6212-01,TCGA-KN-8430-01,0.0034372558890225797,0.3014506062729364,87.70094982909669,87.70094982909669
TT,TCGA-LUAD,TCGA-05-5715-01,TCGA-44-A47G-01,0.0017495896959810687,0.3074138874920375,175.70627456150945,175.70627456150945
TT,TCGA-LUAD,TCGA-55-7913-01,TCGA-55-8091-01,0.0018536580731051988,0.26740435446701677,144.25764834777112,144.25764834777112
TT,TCGA-LUAD,TCGA-05-4390-01,TCGA-55-8619-01,0.002211642637598059,0.33386423291290823,150.95758565927244,150.95758565927244
TT,TCGA-LUAD,TCGA-97-7553-01,TCGA-97-7941-01,0.0010442545453002543,0.2477086464965912,237.2109823332084,237.2109823332084
TT,TCGA-LUAD,TCGA-44-A4SS-01,TCGA-TQ-A7RM-01,0.0031853570686164448,0.26544826657886944,83.33391229328224,83.33391229328224
TT,TCGA-LUAD,TCGA-05-4395-01,TCGA-91-6848-01,0.0035944425536665356,0.34626667791639043,96.33390233575405,96.33390233575405
TT,TCGA-LUAD,TCGA-05-5428-01,TCGA-TQ-A7RV-01,0.011991951246918927,0.4843908603414482,40.39299780057912,40.39299780057912
TT,TCGA-LUAD,TCGA-38-4626-01,TCGA-78-7537-01,0.0015309864256060042,0.18911554710912543,123.52529320060337,123.52529320060337
TT,TCGA-LUAD,TCGA-50-5055-01,TCGA-64-5781-01,0.001433886480820345,0.2049890382732809,142.9604372558168,142.9604372558168
TT,TCGA-LUAD,TCGA-44-8120-01,TCGA-55-7283-01,0.001251187790096323,0.31124884954506266,248.7626973414607,248.7626973414607
TT,TCGA-LUAD,TCGA-50-6591-01,TCGA-75-5126-01,0.002602582050596972,0.26086237010519187,100.2321406333207,100.2321406333207
TT,TCGA-LUAD,TCGA-38-4628-01,TCGA-MP-A4TC-01,0.0035658356093354014,0.24159839676361702,67.75365530904158,67.75365530904158
TT,TCGA-LUAD,TCGA-86-7953-01,TCGA-91-6828-01,0.0015314158494366833,0.3072094604101113,200.60485891086697,200.60485891086697
TT,TCGA-LUAD,TCGA-78-7148-01,TCGA-TQ-A7RW-01,0.003019381785993441,0.3111183068712954,103.04039996350802,103.04039996350802
TT,TCGA-LUAD,TCGA-05-4402-01,TCGA-78-7143-01,0.0012451293982744661,0.29062182193381825,233.40692327766882,233.40692327766882
TT,TCGA-LUAD,TCGA-44-A47B-01,TCGA-75-7025-01,0.0014903658442305154,0.30861031968202896,207.07017735055936,207.07017735055936
TT,TCGA-LUAD,TCGA-55-1592-01,TCGA-55-6986-01,0.001658178201815001,0.2350296725578491,141.7396949860946,141.7396949860946
TT,TCGA-LUAD,TCGA-KN-8432-01,TCGA-MP-A4TJ-01,0.0028723036560999947,0.08409270359677924,29.2770938122051,29.2770938122051
TT,TCGA-LUAD,TCGA-44-2659-01,TCGA-55-1592-01,0.001579252218091307,0.19446660064916976,123.13840589959923,123.13840589959923
TT,TCGA-LUAD,TCGA-38-4629-01,TCGA-NJ-A4YQ-01,0.0027915620944939145,0.3067896482839752,109.89891605459468,109.89891605459468
TT,TCGA-LUAD,TCGA-44-7660-01,TCGA-67-3770-01,0.005986822841923756,0.38663910564197335,64.58168478520302,64.58168478520302
TT,TCGA-LUAD,TCGA-78-7220-01,TCGA-L3-A524-01,0.002827420790534916,0.34077526325788,120.52513173796433,120.52513173796433
TT,TCGA-LUAD,TCGA-44-7662-01,TCGA-78-7159-01,0.0013828892584273667,0.3443496851108376,249.00741907738507,249.00741907738507
TT,TCGA-LUAD,TCGA-75-6211-01,TCGA-TQ-A7RV-01,0.0033150982713648623,0.2830910865732793,85.39447805169516,85.39447805169516
TT,TCGA-LUAD,TCGA-78-8655-01,TCGA-86-8075-01,0.0017189296871181975,0.21230176257415695,123.50811331328097,123.50811331328097
TT,TCGA-LUAD,TCGA-73-4666-01,TCGA-86-8674-01,0.0025673836181794875,0.394385057407648,153.61360671425624,153.61360671425624
TT,TCGA-LUAD,TCGA-64-5779-01,TCGA-97-8172-01,0.0017361900959137959,0.2572953275554858,148.1953664872541,148.1953664872541
TT,TCGA-LUAD,TCGA-55-6984-01,TCGA-TQ-A7RR-01,0.0031583828242699257,0.39627102463135955,125.46643224700266,125.46643224700266
TT,TCGA-LUAD,TCGA-49-AAR4-01,TCGA-86-8358-01,0.002875803506777847,0.3467782325229519,120.58481454162168,120.58481454162168
TT,TCGA-LUAD,TCGA-49-4512-01,TCGA-97-7546-01,0.004254128398815997,0.2683374831196948,63.07695912384264,63.07695912384264
TT,TCGA-LUAD,TCGA-49-4501-01,TCGA-55-8087-01,0.002423183788810122,0.2936729677974421,121.19302264796309,121.19302264796309
TT,TCGA-LUAD,TCGA-44-8119-01,TCGA-97-A4M3-01,0.001999367827136716,0.36199938231637724,181.05692079420655,181.05692079420655
TT,TCGA-LUAD,TCGA-55-7227-01,TCGA-MT-A67A-01,0.005338596883933803,0.181888668299162,34.07050059287027,34.07050059287027
TT,TCGA-LUAD,TCGA-73-7499-01,TCGA-97-A4M0-01,0.003792064653198612,0.32172784334203175,84.8423939899479,84.8423939899479
TT,TCGA-LUAD,TCGA-L3-A524-01,TCGA-NJ-A4YQ-01,0.0026264049401512777,0.3994415537722243,152.08681177290848,152.08681177290848
TT,TCGA-LUAD,TCGA-55-8091-01,TCGA-86-7714-01,0.001142446918643402,0.25181941035621236,220.42110337628216,220.42110337628216
TT,TCGA-LUAD,TCGA-86-8075-01,TCGA-86-8672-01,0.0027719736940079887,0.2147877895543093,77.48550789590945,77.48550789590945
TT,TCGA-LUAD,TCGA-55-8615-01,TCGA-97-7547-01,0.0024205048306727935,0.3643188689885559,150.51358888934394,150.51358888934394
TT,TCGA-LUAD,TCGA-44-2665-01,TCGA-44-7662-01,0.003151874332451529,0.28799314453742675,91.37202634390108,91.37202634390108
TT,TCGA-LUAD,TCGA-78-7536-01,TCGA-KN-8429-01,0.0042369415103869195,0.3535603029540078,83.44705776259832,83.44705776259832
TT,TCGA-LUAD,TCGA-49-4494-01,TCGA-55-8094-01,0.0036349624368713033,0.35866957795130494,98.67215526442143,98.67215526442143
TT,TCGA-LUAD,TCGA-55-8616-01,TCGA-MP-A4SV-01,0.0013335671586010252,0.21845159749726606,163.80997094022027,163.80997094022027
TT,TCGA-LUAD,TCGA-44-5644-01,TCGA-86-A4D0-01,0.002572527477461155,0.30355328734414627,117.99807388013794,117.99807388013794
TT,TCGA-LUAD,TCGA-97-7547-01,TCGA-MP-A4TD-01,0.0026768251539416215,0.32772002707009074,122.42862653450617,122.42862653450617
TT,TCGA-LUAD,TCGA-05-4417-01,TCGA-55-8091-01,0.0011782030413184184,0.2726352079000511,231.3991717378103,231.3991717378103
TT,TCGA-LUAD,TCGA-44-6774-01,TCGA-55-6969-01,0.0009656144376618883,0.18626293580140696,192.8957651590409,192.8957651590409
TT,TCGA-LUAD,TCGA-55-6986-01,TCGA-55-7994-01,0.002043563620553374,0.3382741707948956,165.5315094635002,165.5315094635002
TT,TCGA-LUAD,TCGA-35-5375-01,TCGA-50-5044-01,0.006510461195045948,0.30462165745079905,46.78956656443894,46.78956656443894
TT,TCGA-LUAD,TCGA-55-8094-01,TCGA-MP-A4SW-01,0.0028247939989821205,0.20008942880916897,70.83328160611666,70.83328160611666
TT,TCGA-LUAD,TCGA-55-8087-01,TCGA-91-8499-01,0.003933959723353172,0.3359552225528927,85.39874482154991,85.39874482154991
TT,TCGA-LUAD,TCGA-49-4494-01,TCGA-93-7347-01,0.0032407394374807602,0.22143538390966508,68.32866022755638,68.32866022755638
TT,TCGA-LUAD,TCGA-49-4512-01,TCGA-75-5146-01,0.003897074874892414,0.3310649047900389,84.95215396629467,84.95215396629467
TT,TCGA-LUAD,TCGA-55-8616-01,TCGA-91-6848-01,0.0028186509799907455,0.36285342719897784,128.73301085335837,128.73301085335837
TT,TCGA-LUAD,TCGA-78-7633-01,TCGA-97-8176-01,0.0018946521066154562,0.24981015831743902,131.85014676055312,131.85014676055312
TT,TCGA-LUAD,TCGA-75-5147-01,TCGA-97-A4M2-01,0.0028316111628473393,0.308166578646969,108.83082489938015,108.83082489938015
TT,TCGA-LUAD,TCGA-49-6761-01,TCGA-MP-A4T9-01,0.0019279358984241525,0.10412947372628707,54.01085887316064,54.01085887316064
TT,TCGA-LUAD,TCGA-55-8206-01,TCGA-86-8669-01,0.001415768701940723,0.2924581332623516,206.57197242844302,206.57197242844302
TT,TCGA-LUAD,TCGA-78-7163-01,TCGA-MP-A4T6-01,0.00326372630704004,0.24148593681294855,73.9908662966162,73.9908662966162
TT,TCGA-LUAD,TCGA-55-7907-01,TCGA-86-8358-01,0.0025793748299245862,0.36466509820647164,141.37731902157603,141.37731902157603
TT,TCGA-LUAD,TCGA-05-4434-01,TCGA-J2-A4AE-01,0.0015194350275650028,0.2075602111733923,136.60354500713436,136.60354500713436
TT,TCGA-LUAD,TCGA-05-4390-01,TCGA-44-7661-01,0.001809210022771611,0.3549759850136452,196.20496268854478,196.20496268854478
TT,TCGA-LUAD,TCGA-05-4403-01,TCGA-44-3919-01,0.0017879886541139413,0.25336552071578733,141.7042105568313,141.7042105568313
TT,TCGA-LUAD,TCGA-86-7955-01,TCGA-97-A4M1-01,0.002896426796502446,0.28148770034582504,97.18446904500847,97.18446904500847
TT,TCGA-LUAD,TCGA-55-A494-01,TCGA-97-7547-01,0.002245333256875877,0.3916088429771909,174.41012009151353,174.41012009151353
TT,TCGA-LUAD,TCGA-38-4631-01,TCGA-75-6214-01,0.004601520564914035,0.38694805578992747,84.09134553050865,84.09134553050865
TT,TCGA-LUAD,TCGA-05-4396-01,TCGA-NJ-A55R-01,0.0021387623752363027,0.321546416061406,150.34228195915392,150.34228195915392
TT,TCGA-LUAD,TCGA-55-7815-01,TCGA-97-8552-01,0.008366660776874518,0.2655899621591928,31.743842524760232,31.743842524760232
TT,TCGA-LUAD,TCGA-44-A47B-01,TCGA-TQ-A7RK-01,0.0030297730891099615,0.19220359466749593,63.438280364407895,63.438280364407895
TT,TCGA-LUAD,TCGA-49-AAR0-01,TCGA-MP-A4T8-01,0.00218648339922091,0.2484084817611549,113.61096171581639,113.61096171581639
TT,TCGA-LUAD,TCGA-55-A490-01,TCGA-MP-A5C7-01,0.004290520193959346,0.3422064898314541,79.75874121586679,79.75874121586679
TT,TCGA-LUAD,TCGA-MP-A4TF-01,TCGA-NJ-A55R-01,0.0015751504255808496,0.30335798910858897,192.58985312258238,192.58985312258238
TT,TCGA-LUAD,TCGA-55-7281-01,TCGA-91-6828-01,0.0031139005076156554,0.33696899859257123,108.21443966126964,108.21443966126964
TT,TCGA-LUAD,TCGA-49-4505-01,TCGA-73-4670-01,0.002218068722640864,0.3191292642618561,143.87708595516207,143.87708595516207
TT,TCGA-LUAD,TCGA-49-6745-01,TCGA-KN-8425-01,0.003643259748771627,0.20499961134671119,56.26818439608362,56.26818439608362
TT,TCGA-LUAD,TCGA-86-8280-01,TCGA-N6-A4VF-01,0.0015010621044737834,0.17363961784130055,115.67783726188475,115.67783726188475
TT,TCGA-LUAD,TCGA-05-4418-01,TCGA-N6-A4VE-01,0.003573590106571496,0.4401119566806215,123.15680969434547,123.15680969434547
TT,TCGA-LUAD,TCGA-55-1595-01,TCGA-93-7347-01,0.0013688227006437544,0.2516591868760286,183.85082798354662,183.85082798354662
TT,TCGA-LUAD,TCGA-78-7148-01,TCGA-MP-A4TH-01,0.0016882342556905465,0.316325321502446,187.37051474711248,187.37051474711248
TT,TCGA-LUAD,TCGA-55-8619-01,TCGA-73-4666-01,0.002165633921127391,0.24975958151619015,115.32862460252271,115.32862460252271
TT,TCGA-LUAD,TCGA-86-8076-01,TCGA-N6-A4VD-01,0.0011377338282459418,0.2490434897606412,218.89433501735164,218.89433501735164
TT,TCGA-LUAD,TCGA-44-8120-01,TCGA-97-8171-01,0.002829304592137624,0.17522888163228723,61.93355148796354,61.93355148796354
TT,TCGA-LUAD,TCGA-86-8585-01,TCGA-93-A4JN-01,0.002223496085254321,0.2274522463818972,102.29487152700854,102.29487152700854
TT,TCGA-LUAD,TCGA-64-5781-01,TCGA-67-4679-01,0.0035613433481688004,0.27409179749456924,76.96303633164264,76.96303633164264
TT,TCGA-LUAD,TCGA-91-A4BC-01,TCGA-NJ-A4YI-01,0.0016854790319567833,0.3907330619427978,231.82315207396564,231.82315207396564
TT,TCGA-LUAD,TCGA-78-7154-01,TCGA-78-7167-01,0.0032325826271582944,0.3672249199242613,113.60109308236993,113.60109308236993
TT,TCGA-LUAD,TCGA-78-8640-01,TCGA-86-7714-01,0.002635310824664985,0.3687978106142494,139.94471056792057,139.94471056792057
TT,TCGA-LUAD,TCGA-55-6971-01,TCGA-67-3774-01,0.0013492669028690321,0.24267866944120794,179.8596474316422,179.8596474316422
TT,TCGA-LUAD,TCGA-55-6986-01,TCGA-55-8302-01,0.0018334169365314742,0.2682835835276364,146.32982721059903,146.32982721059903
TT,TCGA-LUAD,TCGA-86-8672-01,TCGA-NJ-A55A-01,0.002098093329105957,0.2406167411293163,114.68352612886306,114.68352612886306
TT,TCGA-LUAD,TCGA-49-4510-01,TCGA-55-8507-01,0.003036865656115227,0.22125031081976793,72.85482331898487,72.85482331898487
TT,TCGA-LUAD,TCGA-49-AAR3-01,TCGA-86-8671-01,0.001483968720579513,0.15907834709514745,107.19791117499085,107.19791117499085
TT,TCGA-LUAD,TCGA-55-6975-01,TCGA-NJ-A7XG-01,0.0024145758038041317,0.4254582602567757,176.20414301612396,176.20414301612396
TT,TCGA-LUAD,TCGA-05-4420-01,TCGA-55-8511-01,0.0030038622152515782,0.3433549584490325,114.30449662627952,114.30449662627952
TT,TCGA-LUAD,TCGA-44-2668-01,TCGA-L3-A524-01,0.0030607066742321313,0.35440404253811497,115.7915737309351,115.7915737309351
TT,TCGA-LUAD,TCGA-44-4112-01,TCGA-97-8179-01,0.0033816054847537014,0.3272948250215627,96.78681516729358,96.78681516729358
TT,TCGA-LUAD,TCGA-05-4434-01,TCGA-91-6829-01,0.0015388144296095846,0.2575663981340547,167.37976534272707,167.37976534272707
TT,TCGA-LUAD,TCGA-55-6987-01,TCGA-75-6203-01,0.0013461069108586061,0.2875047429431767,213.58239871140216,213.58239871140216
TT,TCGA-LUAD,TCGA-50-5941-01,TCGA-78-7154-01,0.0019705547972899548,0.31124145590497765,157.94610549933387,157.94610549933387
TT,TCGA-LUAD,TCGA-97-8547-01,TCGA-97-A4M1-01,0.0014036403434446608,0.32980583567168864,234.964631226198,234.964631226198
TT,TCGA-LUAD,TCGA-64-5779-01,TCGA-KN-8425-01,0.004138300906357715,0.31178025601350035,75.34016087001046,75.34016087001046
TT,TCGA-LUAD,TCGA-49-4501-01,TCGA-N6-A4V9-01,0.0029020062511077075,0.24034403101362,82.81995633947368,82.81995633947368
TT,TCGA-LUAD,TCGA-86-7701-01,TCGA-TQ-A7RM-01,0.003971436582291955,0.26428252274237,66.54582473273436,66.54582473273436
TT,TCGA-LUAD,TCGA-05-4418-01,TCGA-49-AAR9-01,0.003232972571644188,0.3790391989104098,117.24169955380798,117.24169955380798
TT,TCGA-LUAD,TCGA-05-4398-01,TCGA-TQ-A7RF-01,0.003258600995022856,0.3109040503899547,95.4102852312466,95.4102852312466
TT,TCGA-LUAD,TCGA-44-2655-01,TCGA-75-5147-01,0.001534036580873662,0.28086636040816004,183.08974108570573,183.08974108570573
TT,TCGA-LUAD,TCGA-55-6970-01,TCGA-55-8616-01,0.0023711691755540745,0.30581092465626747,128.97052129770884,128.97052129770884
TT,TCGA-LUAD,TCGA-55-6986-01,TCGA-75-7030-01,0.0010064128838500786,0.16690170161242618,165.83820049474733,165.83820049474733
TT,TCGA-LUAD,TCGA-05-4250-01,TCGA-55-7570-01,0.0020007878323708792,0.33615848651531577,168.01306019388227,168.01306019388227
TT,TCGA-LUAD,TCGA-73-4659-01,TCGA-TQ-A8XE-01,0.0029087254590755944,0.16143330119135152,55.499669344062376,55.499669344062376
TT,TCGA-LUAD,TCGA-05-4427-01,TCGA-TQ-A7RM-01,0.0028066320470254446,0.363924180432713,129.66579670406426,129.66579670406426
TT,TCGA-LUAD,TCGA-44-2668-01,TCGA-50-5051-01,0.0035485242286730726,0.34142806839696005,96.21691903302374,96.21691903302374
TT,TCGA-LUAD,TCGA-44-2668-01,TCGA-93-7348-01,0.0025592518150132945,0.27827052245672956,108.73120058929568,108.73120058929568
TT,TCGA-LUAD,TCGA-67-6215-01,TCGA-78-7540-01,0.0021848940015929633,0.3560139473496138,162.94334969570653,162.94334969570653
TT,TCGA-LUAD,TCGA-55-6712-01,TCGA-91-6829-01,0.0016090102132982713,0.3208116266861354,199.38445637862756,199.38445637862756
TT,TCGA-LUAD,TCGA-05-5423-01,TCGA-73-7498-01,0.0039005927231160692,0.2667212805655682,68.37967957661891,68.37967957661891
TT,TCGA-LUAD,TCGA-55-7283-01,TCGA-78-8655-01,0.0012314672994945797,0.2800086008797875,227.37802375646433,227.37802375646433
TT,TCGA-LUAD,TCGA-KN-8437-01,TCGA-TQ-A7RR-01,0.0032828818546248462,0.39638844732944645,120.7440489431637,120.7440489431637
TT,TCGA-LUAD,TCGA-05-4395-01,TCGA-55-A493-01,0.0035697405700561716,0.24833730461756445,69.56732562043206,69.56732562043206
TT,TCGA-LUAD,TCGA-67-3770-01,TCGA-73-4676-01,0.003442034864716976,0.3191026129337259,92.7075481438984,92.7075481438984
TT,TCGA-LUAD,TCGA-50-5935-01,TCGA-NJ-A7XG-01,0.0015174377618104818,0.24660432761433246,162.5136356960726,162.5136356960726
TT,TCGA-LUAD,TCGA-78-7143-01,TCGA-86-8280-01,0.0011078899737041016,0.2327400227031175,210.07503292495574,210.07503292495574
TT,TCGA-LUAD,TCGA-64-5815-01,TCGA-75-6206-01,0.0020285200708996323,0.3294041725812342,162.3864497604631,162.3864497604631
TT,TCGA-LUAD,TCGA-55-7816-01,TCGA-78-7156-01,0.0016362360038862263,0.3443289844330921,210.4396820600915,210.4396820600915
TT,TCGA-LUAD,TCGA-55-6543-01,TCGA-67-6215-01,0.001328677593436386,0.3050434778819836,229.584271902293,229.584271902293
TT,TCGA-LUAD,TCGA-55-8208-01,TCGA-78-7154-01,0.0019348452341891506,0.26022590207850604,134.49442750265283,134.49442750265283
TT,TCGA-LUAD,TCGA-73-4676-01,TCGA-75-6211-01,0.002574770916567018,0.34175776228426813,132.73326962226955,132.73326962226955
TT,TCGA-LUAD,TCGA-64-5778-01,TCGA-KN-8423-01,0.0075017606148570625,0.3817927558832428,50.89375354461606,50.89375354461606
TT,TCGA-LUAD,TCGA-05-4422-01,TCGA-TQ-A7RK-01,0.003402171014906857,0.2544563042370744,74.79233204978698,74.79233204978698
TT,TCGA-LUAD,TCGA-55-7573-01,TCGA-MP-A4T4-01,0.0013828731870759363,0.2459661479449744,177.86601855016508,177.86601855016508
TT,TCGA-LUAD,TCGA-44-7661-01,TCGA-49-6742-01,0.0017461709902373093,0.32333057901370893,185.165473954969,185.165473954969
TT,TCGA-LUAD,TCGA-55-7910-01,TCGA-67-6217-01,0.0022758880269516755,0.32055205576657425,140.84702409367728,140.84702409367728
TT,TCGA-LUAD,TCGA-50-5939-01,TCGA-50-5941-01,0.001164709325502621,0.2692755392670305,231.19548660849503,231.19548660849503
TT,TCGA-LUAD,TCGA-44-7671-01,TCGA-86-8055-01,0.00170129037747772,0.29807024486317746,175.20245150924038,175.20245150924038
TT,TCGA-LUAD,TCGA-55-7728-01,TCGA-73-4670-01,0.004213128417409203,0.3113786266401203,73.90674951977792,73.90674951977792
TT,TCGA-LUAD,TCGA-05-4390-01,TCGA-55-8621-01,0.0016751085285908922,0.15415335642314199,92.02589193000908,92.02589193000908
TT,TCGA-LUAD,TCGA-78-7143-01,TCGA-86-7701-01,0.0017416551496890653,0.3813598479006355,218.96404002176837,218.96404002176837
TT,TCGA-LUAD,TCGA-55-7227-01,TCGA-TQ-A7RI-01,0.0025756711999673073,0.2805689291278286,108.93041360690364,108.93041360690364
TT,TCGA-LUAD,TCGA-50-5072-01,TCGA-73-4666-01,0.0018078820867595093,0.1871901763677225,103.54114227839196,103.54114227839196
TT,TCGA-LUAD,TCGA-44-5645-01,TCGA-86-8358-01,0.002827277525149794,0.26594511133507404,94.06402766243608,94.06402766243608
TT,TCGA-LUAD,TCGA-86-8054-01,TCGA-N6-A4VD-01,0.0018119313837269002,0.3876017690386886,213.9163615795669,213.9163615795669
TT,TCGA-LUAD,TCGA-44-6148-01,TCGA-78-8640-01,0.0022606215969661653,0.3266260156118866,144.48504608211758,144.48504608211758
TT,TCGA-LUAD,TCGA-50-5055-01,TCGA-55-1594-01,0.0027673035698810955,0.31092585856430094,112.35697519721722,112.35697519721722
TT,TCGA-LUAD,TCGA-05-4384-01,TCGA-73-4677-01,0.0013684222280342475,0.1696759826960898,123.993880850526,123.993880850526
TT,TCGA-LUAD,TCGA-97-A4M2-01,TCGA-NJ-A55A-01,0.0007255881555903503,0.20027604382541056,276.0188989888661,276.0188989888661
TT,TCGA-LUAD,TCGA-05-4402-01,TCGA-NJ-A4YP-01,0.0017547240058251058,0.3027645777121678,172.5425632219592,172.5425632219592
TT,TCGA-LUAD,TCGA-44-8117-01,TCGA-86-7954-01,0.001763741513968718,0.23552860670928857,133.539186351241,133.539186351241
TT,TCGA-LUAD,TCGA-55-8512-01,TCGA-86-7714-01,0.0014727655028191362,0.23724419509459427,161.0875557856743,161.0875557856743
TT,TCGA-LUAD,TCGA-86-A456-01,TCGA-MP-A4TF-01,0.002045899215261878,0.35757685409635964,174.77735532079438,174.77735532079438
TT,TCGA-LUAD,TCGA-78-7152-01,TCGA-KN-8423-01,0.0036757142294615184,0.35280733700167655,95.98334227777055,95.98334227777055
TT,TCGA-LUAD,TCGA-05-4410-01,TCGA-91-7771-01,0.0018982009155461815,0.27632949451517164,145.57441852021316,145.57441852021316
TT,TCGA-LUAD,TCGA-55-7576-01,TCGA-J2-A4AD-01,0.0017313397858927542,0.28897636023749085,166.9090969849584,166.9090969849584
TT,TCGA-LUAD,TCGA-44-3918-01,TCGA-44-A479-01,0.003001481270235071,0.3234635401266241,107.7679688806757,107.7679688806757
TT,TCGA-LUAD,TCGA-50-6593-01,TCGA-L4-A4E6-01,0.001483549810001257,0.22945358699526813,154.66523971653754,154.66523971653754
TT,TCGA-LUAD,TCGA-05-5429-01,TCGA-91-A4BD-01,0.003126849540518244,0.40620769366128784,129.90957460459163,129.90957460459163
TT,TCGA-LUAD,TCGA-44-7659-01,TCGA-49-4490-01,0.002570952181082744,0.3118102428408197,121.28200794053757,121.28200794053757
TT,TCGA-LUAD,TCGA-KN-8434-01,TCGA-N6-A4VD-01,0.0031956401482379545,0.3225811175147736,100.94413092558051,100.94413092558051
TT,TCGA-LUAD,TCGA-05-4410-01,TCGA-05-4420-01,0.0030013729701083166,0.34055965622540085,113.46795603783637,113.46795603783637
TT,TCGA-LUAD,TCGA-50-6594-01,TCGA-97-A4LX-01,0.0023069738488129595,0.2798829506675561,121.3203828953537,121.3203828953537
TT,TCGA-LUAD,TCGA-44-7672-01,TCGA-75-5126-01,0.0013425048670030475,0.2587565111968181,192.7415814696117,192.7415814696117
TT,TCGA-LUAD,TCGA-38-4625-01,TCGA-50-5068-01,0.012415764195247616,0.364660577161142,29.37077182093416,29.37077182093416
TT,TCGA-LUAD,TCGA-44-2659-01,TCGA-44-3919-01,0.0013288884857720568,0.16422417897127195,123.58010527562145,123.58010527562145
TT,TCGA-LUAD,TCGA-55-8514-01,TCGA-86-8359-01,0.00248460336363403,0.2993312062031546,120.47444295710316,120.47444295710316
TT,TCGA-LUAD,TCGA-55-1594-01,TCGA-73-4677-01,0.002615030414880673,0.3401522935352837,130.07584600151017,130.07584600151017
TT,TCGA-LUAD,TCGA-55-6968-01,TCGA-J2-A4AG-01,0.0017773343191460351,0.2850925485217307,160.40457073867262,160.40457073867262
TT,TCGA-LUAD,TCGA-50-5935-01,TCGA-KN-8427-01,0.0025906522419708406,0.133504326821211,51.53309450736911,51.53309450736911
TT,TCGA-LUAD,TCGA-50-6597-01,TCGA-64-1680-01,0.0052123722573249424,0.36141125110102695,69.3371910636536,69.3371910636536
TT,TCGA-LUAD,TCGA-50-6592-01,TCGA-55-6981-01,0.0023291785148329726,0.34372181694760245,147.57212242800165,147.57212242800165
TT,TCGA-LUAD,TCGA-55-8299-01,TCGA-86-8671-01,0.000955999056022337,0.22796905057378142,238.46158543534682,238.46158543534682
TT,TCGA-LUAD,TCGA-44-A47A-01,TCGA-49-4510-01,0.0031317469580432107,0.3095009000611755,98.82691807723793,98.82691807723793
TT,TCGA-LUAD,TCGA-55-7914-01,TCGA-MP-A4T7-01,0.0018833176364870358,0.3497267996280753,185.69719353365312,185.69719353365312
TT,TCGA-LUAD,TCGA-50-5944-01,TCGA-55-7728-01,0.0035462506075561633,0.3661429305022847,103.24790067631619,103.24790067631619
TT,TCGA-LUAD,TCGA-91-6828-01,TCGA-KN-8426-01,0.005455136343497832,0.1175127925752352,21.541678369836312,21.541678369836312
TT,TCGA-LUAD,TCGA-44-A479-01,TCGA-91-6831-01,0.0015098269793866964,0.29461228661682215,195.12983317896197,195.12983317896197
TT,TCGA-LUAD,TCGA-05-4434-01,TCGA-50-6597-01,0.005996801933918586,0.12711598725588028,21.19729626834896,21.19729626834896
TT,TCGA-LUAD,TCGA-05-4405-01,TCGA-86-8674-01,0.0025769516274048642,0.2432754349510056,94.40434673428375,94.40434673428375
TT,TCGA-LUAD,TCGA-78-7143-01,TCGA-TQ-A7RJ-01,0.0024096089690356258,0.18179433675737044,75.44557606379105,75.44557606379105
TT,TCGA-LUAD,TCGA-78-7539-01,TCGA-91-6847-01,0.002485246043403798,0.39943094660128997,160.72088623234606,160.72088623234606
TT,TCGA-LUAD,TCGA-86-8668-01,TCGA-KN-8434-01,0.0034640824094590073,0.12327960249446834,35.58795314968305,35.58795314968305
TT,TCGA-LUAD,TCGA-55-8092-01,TCGA-78-7539-01,0.0020164724665535823,0.36618881801111824,181.5987195882636,181.5987195882636
TT,TCGA-LUAD,TCGA-49-AARR-01,TCGA-78-8648-01,0.0007668533440277688,0.1576376686066419,205.5642970514759,205.5642970514759
TT,TCGA-LUAD,TCGA-44-2659-01,TCGA-91-7771-01,0.0018886309226918377,0.2627706686554752,139.13288483117287,139.13288483117287
TT,TCGA-LUAD,TCGA-64-5781-01,TCGA-73-4676-01,0.0022841959334134257,0.3578054937247718,156.64395881752546,156.64395881752546
TT,TCGA-LUAD,TCGA-55-8090-01,TCGA-93-7348-01,0.0013460391809753535,0.25881714816381074,192.2805456348375,192.2805456348375
TT,TCGA-LUAD,TCGA-05-4244-01,TCGA-78-7156-01,0.0021820506429415768,0.23105385431613015,105.88840138222058,105.88840138222058
TT,TCGA-LUAD,TCGA-38-4625-01,TCGA-86-A4D0-01,0.007583665751683358,0.3943926599986723,52.005543613407326,52.005543613407326
TT,TCGA-LUAD,TCGA-50-6673-01,TCGA-55-8513-01,0.0016883659456208779,0.26881291849573125,159.21484272586312,159.21484272586312
TT,TCGA-LUAD,TCGA-55-7284-01,TCGA-55-8208-01,0.0011546989514333978,0.2816646421553114,243.9290706947157,243.9290706947157
TT,TCGA-LUAD,TCGA-73-4666-01,TCGA-MP-A4SV-01,0.0015224838137148406,0.132617332729154,87.10590650259161,87.10590650259161
TT,TCGA-LUAD,TCGA-55-A48X-01,TCGA-MP-A4T8-01,0.0013541136732516028,0.18423037720915972,136.05237200416965,136.05237200416965
TT,TCGA-LUAD,TCGA-55-7281-01,TCGA-MP-A4T7-01,0.0020285024799581945,0.319963896706687,157.73404265854344,157.73404265854344
TT,TCGA-LUAD,TCGA-44-5644-01,TCGA-97-8547-01,0.0021958613977447238,0.3555569186781597,161.92138494867532,161.92138494867532
TT,TCGA-LUAD,TCGA-05-4427-01,TCGA-55-8615-01,0.0030429755313404576,0.3539643268466844,116.32177886450502,116.32177886450502
TT,TCGA-LUAD,TCGA-91-8496-01,TCGA-KN-8430-01,0.005102127080587786,0.36399807640229237,71.34241673187769,71.34241673187769
TT,TCGA-LUAD,TCGA-05-4426-01,TCGA-38-4628-01,0.0037635013801514757,0.34026157561392034,90.410907621409,90.410907621409
TT,TCGA-LUAD,TCGA-78-7163-01,TCGA-97-8177-01,0.0020767434007004587,0.1653011778399036,79.59634193812758,79.59634193812758
TT,TCGA-LUAD,TCGA-49-AAQV-01,TCGA-55-7726-01,0.004063864949094728,0.2511627715109306,61.80391687644048,61.80391687644048
TT,TCGA-LUAD,TCGA-49-4487-01,TCGA-55-6979-01,0.0014268076290463875,0.22915825328624442,160.6090748473242,160.6090748473242
TT,TCGA-LUAD,TCGA-97-A4M6-01,TCGA-MP-A4T6-01,0.001536182198228632,0.25865486918649194,168.37512469858476,168.37512469858476
TT,TCGA-LUAD,TCGA-35-3615-01,TCGA-50-6597-01,0.005241278131942067,0.3498285754001975,66.7448982087456,66.7448982087456
TT,TCGA-LUAD,TCGA-44-7660-01,TCGA-55-8090-01,0.0025895522570895477,0.3152441581298059,121.73693628570193,121.73693628570193
TT,TCGA-LUAD,TCGA-49-4514-01,TCGA-64-1678-01,0.008242556222667397,0.29001254146523475,35.184781714644224,35.184781714644224
TT,TCGA-LUAD,TCGA-64-1676-01,TCGA-93-A4JQ-01,0.00865323231759076,0.0823003688769448,9.510939479764128,9.510939479764128
TT,TCGA-LUAD,TCGA-38-4626-01,TCGA-86-7955-01,0.001958818560845456,0.18077420551189616,92.2873660304052,92.2873660304052
TT,TCGA-LUAD,TCGA-50-5055-01,TCGA-NJ-A55A-01,0.002297178734500368,0.2024825237912471,88.14400061703803,88.14400061703803
TT,TCGA-LUAD,TCGA-86-7713-01,TCGA-KN-8432-01,0.004094513501126481,0.25461259707948736,62.18384601966472,62.18384601966472
TT,TCGA-LUAD,TCGA-55-8301-01,TCGA-75-6207-01,0.0022547275019755087,0.30673412462212646,136.0404414073884,136.0404414073884
TT,TCGA-LUAD,TCGA-44-A47G-01,TCGA-91-6828-01,0.0016150255210943926,0.3057003551299282,189.28515440596624,189.28515440596624
TT,TCGA-LUAD,TCGA-49-4506-01,TCGA-55-A490-01,0.009559362153819195,0.3616304982077996,37.82998199972155,37.82998199972155
TT,TCGA-LUAD,TCGA-64-1681-01,TCGA-73-A9RS-01,0.002403100105819114,0.26359979429856106,109.69155785905606,109.69155785905606
TT,TCGA-LUAD,TCGA-50-6597-01,TCGA-55-7724-01,0.010309826950838513,0.3814182527574205,36.99560182495587,36.99560182495587
TT,TCGA-LUAD,TCGA-44-6147-01,TCGA-78-7540-01,0.0027220828403195702,0.3239260273344405,118.99932747690067,118.99932747690067
TT,TCGA-LUAD,TCGA-55-7726-01,TCGA-TQ-A7RN-01,0.004310674576182544,0.35495772104712464,82.34389183733485,82.34389183733485
TT,TCGA-LUAD,TCGA-44-3917-01,TCGA-KN-8425-01,0.014039646792699721,0.29142758114916345,20.757472424498513,20.757472424498513
TT,TCGA-LUAD,TCGA-50-6590-01,TCGA-86-A4D0-01,0.002298524074135353,0.36896610472570723,160.52305428408576,160.52305428408576
TT,TCGA-LUAD,TCGA-44-7659-01,TCGA-64-5779-01,0.0020015297342763053,0.32604938548400964,162.90009581191637,162.90009581191637
TT,TCGA-LUAD,TCGA-49-4510-01,TCGA-MT-A51W-01,0.0043979228893767115,0.3730820844640109,84.83142925611536,84.83142925611536
TT,TCGA-LUAD,TCGA-49-4514-01,TCGA-50-6597-01,0.0033448021659165583,0.306596412873283,91.66354171780083,91.66354171780083
TT,TCGA-LUAD,TCGA-97-8177-01,TCGA-MP-A4T8-01,0.0020569629978793398,0.27623310766221004,134.2917242298462,134.2917242298462
TT,TCGA-LUAD,TCGA-KN-8434-01,TCGA-MT-A67A-01,0.006970927582429514,0.45585486145892773,65.39371641270914,65.39371641270914
TT,TCGA-LUAD,TCGA-44-7662-01,TCGA-55-7570-01,0.0020169561929408862,0.3428459320346623,169.98184354949476,169.98184354949476
TT,TCGA-LUAD,TCGA-05-4424-01,TCGA-78-7143-01,0.0017177036984964257,0.317972982848627,185.11515293758836,185.11515293758836
TT,TCGA-LUAD,TCGA-38-4632-01,TCGA-75-6206-01,0.004521584560253434,0.3630855817084299,80.30051785387356,80.30051785387356
TT,TCGA-LUAD,TCGA-50-5935-01,TCGA-55-7728-01,0.0029216644390195777,0.31877017969640237,109.1056780645802,109.1056780645802
TT,TCGA-LUAD,TCGA-55-6972-01,TCGA-55-7724-01,0.00630546323602036,0.2598047975648583,41.2031262161211,41.2031262161211
TT,TCGA-LUAD,TCGA-44-7671-01,TCGA-MP-A4TC-01,0.0014593429584235543,0.36669330159462465,251.27287556226173,251.27287556226173
TT,TCGA-LUAD,TCGA-55-8511-01,TCGA-91-6835-01,0.0019227164979605123,0.2416410938093516,125.67692328310915,125.67692328310915
TT,TCGA-LUAD,TCGA-49-6745-01,TCGA-J2-A4AE-01,0.002122887119845024,0.3109391511983859,146.4699410023672,146.4699410023672
TT,TCGA-LUAD,TCGA-05-4390-01,TCGA-55-8089-01,0.0019346147178797924,0.38910909271134086,201.13001783516785,201.13001783516785
TT,TCGA-LUAD,TCGA-50-5045-01,TCGA-50-8457-01,0.0035702128768259167,0.27300193494285296,76.46657058319845,76.46657058319845
TT,TCGA-LUAD,TCGA-55-7727-01,TCGA-97-7553-01,0.0022581221526224837,0.21303160872484453,94.34016157072769,94.34016157072769
TT,TCGA-LUAD,TCGA-05-4389-01,TCGA-50-6593-01,0.0014892085811072757,0.22705202107572708,152.4648890398593,152.4648890398593
TT,TCGA-LUAD,TCGA-49-4487-01,TCGA-55-7816-01,0.0027986707656559896,0.30501047764060896,108.98405106579821,108.98405106579821
TT,TCGA-LUAD,TCGA-05-4422-01,TCGA-L4-A4E6-01,0.001745726931206784,0.3339365600156792,191.2879695250138,191.2879695250138
TT,TCGA-LUAD,TCGA-44-2666-01,TCGA-44-8120-01,0.001959868695211001,0.2854468780958617,145.64591944009302,145.64591944009302
TT,TCGA-LUAD,TCGA-49-6745-01,TCGA-86-8054-01,0.0017375479673507836,0.3074414206035595,176.93981770892424,176.93981770892424
TT,TCGA-LUAD,TCGA-05-4250-01,TCGA-78-7166-01,0.004545453055014557,0.2698764457121434,59.372837524834836,59.372837524834836
TT,TCGA-LUAD,TCGA-49-AAR0-01,TCGA-50-8459-01,0.0019469902468431848,0.28583481884394335,146.8085519726618,146.8085519726618
TT,TCGA-LUAD,TCGA-73-4666-01,TCGA-86-8673-01,0.003134620137596697,0.310949698064638,99.19852626961114,99.19852626961114
TT,TCGA-LUAD,TCGA-49-AAR3-01,TCGA-KN-8428-01,0.004226936937094011,0.3542548966067591,83.8088909011041,83.8088909011041
TT,TCGA-LUAD,TCGA-05-4415-01,TCGA-55-6972-01,0.004897528963694194,0.40746046242920875,83.19715216586741,83.19715216586741
TT,TCGA-LUAD,TCGA-49-4510-01,TCGA-73-4670-01,0.002994494737553431,0.3520836815593548,117.57699125129038,117.57699125129038
TT,TCGA-LUAD,TCGA-44-A4SS-01,TCGA-86-6851-01,0.001274675613713803,0.33490239445803727,262.73538997289654,262.73538997289654
TT,TCGA-LUAD,TCGA-55-1594-01,TCGA-55-7914-01,0.0021124424257882557,0.3438110321126879,162.7552201733475,162.7552201733475
TT,TCGA-LUAD,TCGA-73-7498-01,TCGA-75-6214-01,0.002063771739740396,0.3406863906803034,165.07949213567517,165.07949213567517
TT,TCGA-LUAD,TCGA-97-A4M1-01,TCGA-N1-A6IA-01,0.0029120366460170626,0.30258472787263196,103.90828298348929,103.90828298348929
TT,TCGA-LUAD,TCGA-75-7025-01,TCGA-91-6828-01,0.0018336669908723827,0.318725738942511,173.8187689090016,173.8187689090016
TT,TCGA-LUAD,TCGA-55-A4DG-01,TCGA-KN-8437-01,0.0033708481092743475,0.1269524241345213,37.66186431991168,37.66186431991168
TT,TCGA-LUAD,TCGA-05-4417-01,TCGA-50-5933-01,0.0014433605422403979,0.2829870071940307,196.06120502281127,196.06120502281127
TT,TCGA-LUAD,TCGA-78-7160-01,TCGA-L3-A4E7-01,0.0026193596215718946,0.29669878997464516,113.27149870188283,113.27149870188283
TT,TCGA-LUAD,TCGA-05-4415-01,TCGA-49-6742-01,0.0020985989923981477,0.34567691773528864,164.71794706251654,164.71794706251654
TT,TCGA-LUAD,TCGA-38-4626-01,TCGA-86-8668-01,0.0012984663501303582,0.2634158331246427,202.8668922365199,202.8668922365199
TT,TCGA-LUAD,TCGA-44-3917-01,TCGA-55-7903-01,0.009996665911759083,0.07635237804319944,7.637784309005076,7.637784309005076
TT,TCGA-LUAD,TCGA-44-7669-01,TCGA-55-7994-01,0.001805425295193698,0.3371971859569286,186.76883881852993,186.76883881852993
TT,TCGA-LUAD,TCGA-55-7728-01,TCGA-KN-8428-01,0.004392876993650468,0.2877180046985189,65.49648558664195,65.49648558664195
TT,TCGA-LUAD,TCGA-38-6178-01,TCGA-55-8087-01,0.001516708376455957,0.2580571010161109,170.1428600395183,170.1428600395183
TT,TCGA-LUAD,TCGA-44-A4SS-01,TCGA-L3-A4E7-01,0.0015366619781138915,0.3057817724043415,198.99091456642924,198.99091456642924
TT,TCGA-LUAD,TCGA-05-4382-01,TCGA-05-4390-01,0.0014887535934455425,0.32500113174706574,218.3041795351032,218.3041795351032
TT,TCGA-LUAD,TCGA-50-5066-01,TCGA-55-7726-01,0.009381318908537644,0.24471774265021928,26.0856437176983,26.0856437176983
TT,TCGA-LUAD,TCGA-49-AAR2-01,TCGA-55-8620-01,0.00561979716753668,0.3659079087916406,65.11051873995457,65.11051873995457
TT,TCGA-LUAD,TCGA-05-4417-01,TCGA-55-8206-01,0.001694796106429957,0.32125869967461496,189.55595806231693,189.55595806231693
TT,TCGA-LUAD,TCGA-49-4494-01,TCGA-KN-8421-01,0.005646630652493949,0.2929405293107029,51.87881895220467,51.87881895220467
TT,TCGA-LUAD,TCGA-38-A44F-01,TCGA-50-6597-01,0.004694394259268607,0.15036781096919263,32.03135541338621,32.03135541338621
TT,TCGA-LUAD,TCGA-44-5643-01,TCGA-N6-A4VD-01,0.0023775712107395415,0.3884973646417642,163.4009374301443,163.4009374301443
TT,TCGA-LUAD,TCGA-73-4668-01,TCGA-97-8176-01,0.0018655249615402896,0.30621811337380095,164.14581401310699,164.14581401310699
TT,TCGA-LUAD,TCGA-91-8496-01,TCGA-N6-A4VC-01,0.004682783560428289,0.4238552780598628,90.51353166130464,90.51353166130464
TT,TCGA-LUAD,TCGA-50-5044-01,TCGA-55-1594-01,0.00429667346064253,0.3408904459364911,79.33822503828668,79.33822503828668
TT,TCGA-LUAD,TCGA-64-5781-01,TCGA-S2-AA1A-01,0.003018819480884979,0.3214944971816316,106.49676114034622,106.49676114034622
TT,TCGA-LUAD,TCGA-78-7156-01,TCGA-86-7954-01,0.0024139939930155493,0.18249658128890783,75.59943471977493,75.59943471977493
TT,TCGA-LUAD,TCGA-55-A48X-01,TCGA-86-A4P8-01,0.0010352659572903209,0.20980206979990562,202.65523880359817,202.65523880359817
TT,TCGA-LUAD,TCGA-44-2668-01,TCGA-55-1596-01,0.003185927995406467,0.29248443064661844,91.8050976256614,91.8050976256614
TT,TCGA-LUAD,TCGA-75-6211-01,TCGA-KN-8423-01,0.003973383189490498,0.27717156460982956,69.75706882309805,69.75706882309805
TT,TCGA-LUAD,TCGA-44-3396-01,TCGA-55-6642-01,0.0019143798168930167,0.2562891483396379,133.87580984612958,133.87580984612958
TT,TCGA-LUAD,TCGA-44-5645-01,TCGA-KN-8433-01,0.010084069053585401,0.2687697782925995,26.65290934288457,26.65290934288457
TT,TCGA-LUAD,TCGA-49-AAR0-01,TCGA-73-A9RS-01,0.002456554581524455,0.16938789254007644,68.95344146392222,68.95344146392222
TT,TCGA-LUAD,TCGA-44-6775-01,TCGA-86-8585-01,0.004339850645348745,0.256956165247685,59.20852726189528,59.20852726189528
TT,TCGA-LUAD,TCGA-55-7727-01,TCGA-55-8092-01,0.003232217289693941,0.3557517199481087,110.06429582640928,110.06429582640928
TT,TCGA-LUAD,TCGA-49-AAR9-01,TCGA-50-5941-01,0.002142576094121531,0.21162789217446787,98.77263764638266,98.77263764638266
TT,TCGA-LUAD,TCGA-38-4626-01,TCGA-55-6712-01,0.0013268073293204964,0.2730736324000551,205.81257456567224,205.81257456567224
TT,TCGA-LUAD,TCGA-86-7954-01,TCGA-86-8054-01,0.00191339382865987,0.25413032067027835,132.81652572710018,132.81652572710018
TT,TCGA-LUAD,TCGA-44-A479-01,TCGA-97-7938-01,0.0013978285530793382,0.294522542118961,210.70004720546328,210.70004720546328
TT,TCGA-LUAD,TCGA-50-5045-01,TCGA-55-A491-01,0.0024338093774632875,0.31395310853463443,128.99658923241626,128.99658923241626
TT,TCGA-LUAD,TCGA-75-7027-01,TCGA-78-7539-01,0.002353077686117015,0.37803484132675613,160.65548687879445,160.65548687879445
TT,TCGA-LUAD,TCGA-44-2668-01,TCGA-73-4668-01,0.001941888617047438,0.2758383672941276,142.0464412184096,142.0464412184096
TT,TCGA-LUAD,TCGA-55-8207-01,TCGA-TQ-A7RG-01,0.002581318691265866,0.15724148854336012,60.91517838359186,60.91517838359186
TT,TCGA-LUAD,TCGA-97-A4M1-01,TCGA-KN-8435-01,0.00403499790414831,0.18112602593726929,44.888753412004704,44.888753412004704
TT,TCGA-LUAD,TCGA-49-4510-01,TCGA-91-6831-01,0.0037173450436189456,0.3422793571935925,92.07629455359177,92.07629455359177
TT,TCGA-LUAD,TCGA-55-8087-01,TCGA-86-8278-01,0.0011884396122857537,0.3346176682037111,281.560514093041,281.560514093041
TT,TCGA-LUAD,TCGA-55-7994-01,TCGA-78-7156-01,0.0024746721873652082,0.3956924616721834,159.89692036482558,159.89692036482558
TT,TCGA-LUAD,TCGA-49-4486-01,TCGA-78-7220-01,0.0057072083673657785,0.22959298109519255,40.22859624471072,40.22859624471072
TT,TCGA-LUAD,TCGA-91-6849-01,TCGA-J2-A4AD-01,0.001685419218706887,0.3432214220809481,203.6415737232898,203.6415737232898
TT,TCGA-LUAD,TCGA-38-4632-01,TCGA-44-2668-01,0.004351405292404497,0.25271510299112276,58.076663976174366,58.076663976174366
TT,TCGA-LUAD,TCGA-44-2659-01,TCGA-86-7711-01,0.0027567363844462015,0.3858322513485146,139.95979213878448,139.95979213878448
TT,TCGA-LUAD,TCGA-49-AAR9-01,TCGA-MP-A4TK-01,0.0024943730861588086,0.23360070970480493,93.65107048382109,93.65107048382109
TT,TCGA-LUAD,TCGA-49-AARQ-01,TCGA-50-8457-01,0.005660929808797991,0.3546791905986457,62.65387534878413,62.65387534878413
TT,TCGA-LUAD,TCGA-55-8619-01,TCGA-75-5122-01,0.0016431871819844758,0.2095605860906671,127.53299708532352,127.53299708532352
TT,TCGA-LUAD,TCGA-50-6592-01,TCGA-NJ-A4YI-01,0.0026960903728858506,0.39299068608833065,145.76317249620973,145.76317249620973
TT,TCGA-LUAD,TCGA-44-3917-01,TCGA-49-4514-01,0.016744555195528917,0.167753267350003,10.018377042036686,10.018377042036686
TT,TCGA-LUAD,TCGA-55-6981-01,TCGA-55-8092-01,0.001879282497687797,0.3323327460519455,176.84022836419538,176.84022836419538
TT,TCGA-LUAD,TCGA-49-6743-01,TCGA-55-6642-01,0.0016388959881426667,0.22572527339431186,137.73007867944233,137.73007867944233
TT,TCGA-LUAD,TCGA-05-4424-01,TCGA-05-4433-01,0.0016599454136049698,0.32149304293348974,193.67687653974744,193.67687653974744
TT,TCGA-LUAD,TCGA-75-6203-01,TCGA-TQ-A7RF-01,0.002603013247338525,0.29269041233731974,112.44292077137285,112.44292077137285
TT,TCGA-LUAD,TCGA-38-4625-01,TCGA-49-AAR2-01,0.01219084107524381,0.4206905213731676,34.508736417495626,34.508736417495626
TT,TCGA-LUAD,TCGA-55-5899-01,TCGA-MP-A4T7-01,0.002297806446397064,0.36908954259302434,160.62690709731135,160.62690709731135
TT,TCGA-LUAD,TCGA-49-4501-01,TCGA-86-7953-01,0.0026872320398856797,0.3320908837656454,123.58102271650988,123.58102271650988
TT,TCGA-LUAD,TCGA-44-7659-01,TCGA-50-5935-01,0.0012600514546364568,0.26840876784445933,213.014132761665,213.014132761665
TT,TCGA-LUAD,TCGA-49-4486-01,TCGA-KN-8436-01,0.0065721328149739335,0.31484494291121967,47.90605299300672,47.90605299300672
TT,TCGA-LUAD,TCGA-NJ-A4YI-01,TCGA-NJ-A55R-01,0.001437904676748536,0.36321137296775285,252.59767134846874,252.59767134846874
TT,TCGA-LUAD,TCGA-50-6590-01,TCGA-L3-A524-01,0.0018744686799213373,0.35136304482104164,187.44674082033032,187.44674082033032
TT,TCGA-LUAD,TCGA-44-8117-01,TCGA-78-7159-01,0.0018713332248284022,0.3597097833152819,192.22112798658114,192.22112798658114
TT,TCGA-LUAD,TCGA-55-8208-01,TCGA-55-8621-01,0.0006530123896512771,0.18685008093960004,286.1355831845428,286.1355831845428
TT,TCGA-LUAD,TCGA-86-8076-01,TCGA-NJ-A4YF-01,0.0027790060375977024,0.20776959738454137,74.76399639784401,74.76399639784401
TT,TCGA-LUAD,TCGA-49-4494-01,TCGA-73-4677-01,0.0035419332199327826,0.30582836252377865,86.34503914491718,86.34503914491718
TT,TCGA-LUAD,TCGA-50-8460-01,TCGA-TQ-A7RV-01,0.0034624051609887583,0.24228323278047736,69.97541348144496,69.97541348144496
TT,TCGA-LUAD,TCGA-55-A48Y-01,TCGA-55-A491-01,0.0026508284708568765,0.3386314884641235,127.74553019443817,127.74553019443817
TT,TCGA-LUAD,TCGA-49-AAR2-01,TCGA-75-6211-01,0.00700246905251768,0.3181843968062935,45.438886544153014,45.438886544153014
TT,TCGA-LUAD,TCGA-50-5944-01,TCGA-55-8620-01,0.0024945455703711543,0.3612371784844126,144.81081555494112,144.81081555494112
TT,TCGA-LUAD,TCGA-38-6178-01,TCGA-49-4487-01,0.0027055375845138506,0.16327955694700788,60.350134435980145,60.350134435980145
TT,TCGA-LUAD,TCGA-05-5420-01,TCGA-49-AAR0-01,0.006661168890561087,0.14286489525211216,21.447421255832815,21.447421255832815
TT,TCGA-LUAD,TCGA-05-4397-01,TCGA-55-8085-01,0.0023881699303380166,0.3660153394124892,153.2618490681206,153.2618490681206
TT,TCGA-LUAD,TCGA-55-8094-01,TCGA-91-6830-01,0.003114205168729625,0.10109184959198082,32.461525209406524,32.461525209406524
TT,TCGA-LUAD,TCGA-49-4506-01,TCGA-55-8302-01,0.006711799510526183,0.2149568566132873,32.02671001661601,32.02671001661601
TT,TCGA-LUAD,TCGA-55-A48Z-01,TCGA-78-7536-01,0.002539741744001139,0.29350287161003896,115.56406170166383,115.56406170166383
TT,TCGA-LUAD,TCGA-55-6984-01,TCGA-MP-A4SW-01,0.00185371203277175,0.26783003804696837,144.4830876166334,144.4830876166334
TT,TCGA-LUAD,TCGA-44-2656-01,TCGA-97-7554-01,0.0017982757932650938,0.3183298983821246,177.01950922897055,177.01950922897055
TT,TCGA-LUAD,TCGA-38-4630-01,TCGA-KN-8428-01,0.004329882230132254,0.3524842568023485,81.40735430385645,81.40735430385645
TT,TCGA-LUAD,TCGA-78-8648-01,TCGA-KN-8428-01,0.0029858102944649487,0.2393979857082481,80.17856531342282,80.17856531342282
TT,TCGA-LUAD,TCGA-38-4627-01,TCGA-KN-8432-01,0.003783551675734782,0.20624395763231687,54.51067549969789,54.51067549969789
TT,TCGA-LUAD,TCGA-55-5899-01,TCGA-86-7713-01,0.0026459809939749566,0.37617620290098325,142.1688983244993,142.1688983244993
TT,TCGA-LUAD,TCGA-55-8091-01,TCGA-NJ-A4YP-01,0.0015931464368480258,0.3194400337177559,200.50889631323207,200.50889631323207
TT,TCGA-LUAD,TCGA-38-4626-01,TCGA-J2-A4AG-01,0.0010968797050509413,0.2493170334943111,227.29660540371867,227.29660540371867
TT,TCGA-LUAD,TCGA-05-4430-01,TCGA-93-7347-01,0.0011312572103467505,0.22805718749468756,201.59622887599892,201.59622887599892
TT,TCGA-LUAD,TCGA-55-8301-01,TCGA-86-7954-01,0.001678067295046187,0.18028616198717637,107.43678904856684,107.43678904856684
TT,TCGA-LUAD,TCGA-55-7816-01,TCGA-67-4679-01,0.0012951149929508862,0.3293121615975486,254.2725266790552,254.2725266790552
TT,TCGA-LUAD,TCGA-49-AAR3-01,TCGA-86-8281-01,0.002725117005511146,0.3380417949111211,124.04670853672762,124.04670853672762
TT,TCGA-LUAD,TCGA-50-6673-01,TCGA-78-7148-01,0.0013650791775102855,0.2524947471128889,184.9671076028016,184.9671076028016
TT,TCGA-LUAD,TCGA-44-7670-01,TCGA-78-7146-01,0.002179778245290189,0.17267084266021093,79.21486648162399,79.21486648162399
TT,TCGA-LUAD,TCGA-73-4662-01,TCGA-MT-A51X-01,0.003301102379765053,0.27357018147483886,82.87237110601504,82.87237110601504
TT,TCGA-LUAD,TCGA-05-4390-01,TCGA-55-8096-01,0.0018440386473971403,0.2540780659875136,137.7834821120179,137.7834821120179
TT,TCGA-LUAD,TCGA-44-3919-01,TCGA-44-7660-01,0.002240793334470024,0.27277686873302365,121.73227425167204,121.73227425167204
TT,TCGA-LUAD,TCGA-86-8055-01,TCGA-NJ-A55R-01,0.0017664839454206924,0.29768708702672897,168.51955422432897,168.51955422432897
TT,TCGA-LUAD,TCGA-50-5935-01,TCGA-MT-A7BN-01,0.009356630975654541,0.20111974068529656,21.49488862055151,21.49488862055151
TT,TCGA-LUAD,TCGA-49-4506-01,TCGA-O1-A52J-01,0.008974422968813867,0.15443183770477079,17.2079963515673,17.2079963515673
TT,TCGA-LUAD,TCGA-86-8075-01,TCGA-TQ-A7RM-01,0.002936738653810545,0.08752097605961821,29.802098986934357,29.802098986934357
TT,TCGA-LUAD,TCGA-64-5775-01,TCGA-97-7938-01,0.0025086916106476613,0.17062860157987625,68.01497675349007,68.01497675349007
TT,TCGA-LUAD,TCGA-44-3917-01,TCGA-50-5941-01,0.010165216348076572,0.017311012745818977,1.7029655004927178,1.7029655004927178
TT,TCGA-LUAD,TCGA-05-4390-01,TCGA-49-AARE-01,0.0031587456249426342,0.3818808914748631,120.89637369321197,120.89637369321197
TT,TCGA-LUAD,TCGA-49-4488-01,TCGA-MP-A4TF-01,0.0038997395209686425,0.3031235972957915,77.7291908000306,77.7291908000306
TT,TCGA-LUAD,TCGA-05-5425-01,TCGA-55-6642-01,0.0020065252691166607,0.27273466957071557,135.92386488647733,135.92386488647733
TT,TCGA-LUAD,TCGA-64-1681-01,TCGA-91-6830-01,0.0017815978657106856,0.21204712863631403,119.02075811688722,119.02075811688722
TT,TCGA-LUAD,TCGA-55-6975-01,TCGA-55-8091-01,0.0015028360426291257,0.24314487691258063,161.7906877500839,161.7906877500839
TT,TCGA-LUAD,TCGA-55-7728-01,TCGA-86-A4P7-01,0.0017837639717189452,0.23201866244167932,130.072513023173,130.072513023173
TT,TCGA-LUAD,TCGA-55-8514-01,TCGA-91-7771-01,0.003938002142873204,0.2734993544137931,69.45129649275542,69.45129649275542
TT,TCGA-LUAD,TCGA-50-5044-01,TCGA-55-7724-01,0.007189807165265305,0.3481870643965561,48.42787245792675,48.42787245792675
TT,TCGA-LUAD,TCGA-55-6969-01,TCGA-KN-8421-01,0.004599812284447733,0.1712192381464158,37.2230924999525,37.2230924999525
TT,TCGA-LUAD,TCGA-44-3396-01,TCGA-86-A4D0-01,0.002142900534628737,0.3378955873854562,157.68141447778277,157.68141447778277
TT,TCGA-LUAD,TCGA-44-6774-01,TCGA-MP-A4TF-01,0.0016776458951237262,0.316978947048099,188.94270117993037,188.94270117993037
TT,TCGA-LUAD,TCGA-05-4432-01,TCGA-49-4507-01,0.005140902523496383,0.24826327845414786,48.29176926025459,48.29176926025459
TT,TCGA-LUAD,TCGA-55-8205-01,TCGA-64-5815-01,0.0018636554539276573,0.29746802113875437,159.61535192132214,159.61535192132214
TT,TCGA-LUAD,TCGA-44-7671-01,TCGA-55-7907-01,0.0017144505118705138,0.35180963543504284,205.20256082003127,205.20256082003127
TT,TCGA-LUAD,TCGA-50-5072-01,TCGA-78-7160-01,0.0014539224392029742,0.22085867360874545,151.90540269109403,151.90540269109403
TT,TCGA-LUAD,TCGA-05-4405-01,TCGA-55-A4DF-01,0.0021993797091974998,0.3218758174601771,146.34845275426397,146.34845275426397
TT,TCGA-LUAD,TCGA-64-5779-01,TCGA-TQ-A7RQ-01,0.0034750700441903296,0.34693495783068357,99.83538559480095,99.83538559480095
TT,TCGA-LUAD,TCGA-55-8208-01,TCGA-55-A492-01,0.003916833584350685,0.2141211257313369,54.666893836602185,54.666893836602185
TT,TCGA-LUAD,TCGA-05-4389-01,TCGA-MP-A4SV-01,0.0019097830206683097,0.2644258858836238,138.45860132900887,138.45860132900887
TT,TCGA-LUAD,TCGA-44-3919-01,TCGA-TQ-A7RP-01,0.0027222957177825214,0.1802417328603699,66.2094612583779,66.2094612583779
TT,TCGA-LUAD,TCGA-KN-8434-01,TCGA-MP-A5C7-01,0.004041362304885464,0.32400266661345645,80.17164564082285,80.17164564082285
TT,TCGA-LUAD,TCGA-75-6212-01,TCGA-86-8074-01,0.0020495367169164787,0.20261160177286863,98.85726862102628,98.85726862102628
TT,TCGA-LUAD,TCGA-MP-A5C7-01,TCGA-NJ-A4YP-01,0.0015006341830025435,0.35302397732794666,235.24985724475417,235.24985724475417
TT,TCGA-LUAD,TCGA-50-5072-01,TCGA-55-7227-01,0.0018122696326600795,0.2864860559971506,158.08136429270826,158.08136429270826
TT,TCGA-LUAD,TCGA-05-4250-01,TCGA-MT-A67D-01,0.002336354379314818,0.30026483292139083,128.51853108407698,128.51853108407698
TT,TCGA-LUAD,TCGA-05-4390-01,TCGA-55-8615-01,0.0018508003984468472,0.3001033967474258,162.14789936249542,162.14789936249542
TT,TCGA-LUAD,TCGA-91-6836-01,TCGA-97-8552-01,0.003619155950963097,0.35883524291077074,99.14887553140139,99.14887553140139
TT,TCGA-LUAD,TCGA-49-AAR0-01,TCGA-J2-8194-01,0.0036975198264434903,0.3120332144739303,84.38986918808862,84.38986918808862
TT,TCGA-LUAD,TCGA-44-7669-01,TCGA-86-8054-01,0.0015931658369412421,0.25655238681758247,161.0330706752686,161.0330706752686
TT,TCGA-LUAD,TCGA-44-7662-01,TCGA-49-AAR2-01,0.00517249332817946,0.37813975961318036,73.10589605850154,73.10589605850154
TT,TCGA-LUAD,TCGA-05-4430-01,TCGA-KN-8421-01,0.0046813441619051235,0.12671490263431825,27.068059568333524,27.068059568333524
TT,TCGA-LUAD,TCGA-05-5428-01,TCGA-86-7713-01,0.010635108012033392,0.1465239140709805,13.777379026634417,13.777379026634417
TT,TCGA-LUAD,TCGA-55-8207-01,TCGA-MT-A67D-01,0.0030380052050266097,0.311860914945049,102.6531865149709,102.6531865149709
TT,TCGA-LUAD,TCGA-55-8510-01,TCGA-MP-A4TE-01,0.0017302745649249932,0.2843543639215991,164.34060217138182,164.34060217138182
TT,TCGA-LUAD,TCGA-05-5420-01,TCGA-J2-A4AG-01,0.007523487530460343,0.14879838309261828,19.777846708747543,19.777846708747543
TT,TCGA-LUAD,TCGA-49-4505-01,TCGA-55-8203-01,0.001988747395598032,0.2749786285401566,138.26724758951516,138.26724758951516
TT,TCGA-LUAD,TCGA-50-6590-01,TCGA-97-A4M7-01,0.0025296229632937573,0.15783243224710813,62.39365887222915,62.39365887222915
TT,TCGA-LUAD,TCGA-55-1594-01,TCGA-75-7025-01,0.0021702146366886247,0.32747820626839874,150.89669046195095,150.89669046195095
TT,TCGA-LUAD,TCGA-64-1677-01,TCGA-TQ-A7RR-01,0.006731024670156983,0.47082501264443904,69.94849012096375,69.94849012096375
TT,TCGA-LUAD,TCGA-55-8621-01,TCGA-91-6836-01,0.002339758917148282,0.10768072960860293,46.02214733295904,46.02214733295904
TT,TCGA-LUAD,TCGA-55-A491-01,TCGA-86-8585-01,0.0019447274765355765,0.3318327193399404,170.63199000565461,170.63199000565461
TT,TCGA-LUAD,TCGA-49-AARQ-01,TCGA-50-8459-01,0.004754190439016702,0.19129306261349865,40.23672696061863,40.23672696061863
TT,TCGA-LUAD,TCGA-05-4244-01,TCGA-55-7725-01,0.0037018988353064723,0.21819082362247072,58.94024481206742,58.94024481206742
TT,TCGA-LUAD,TCGA-55-8614-01,TCGA-75-5146-01,0.003485757053112876,0.1800916971733656,51.665016932989865,51.665016932989865
TT,TCGA-LUAD,TCGA-44-5645-01,TCGA-91-6848-01,0.0026476366979238577,0.3666607232118499,138.4860405883355,138.4860405883355
TT,TCGA-LUAD,TCGA-49-4507-01,TCGA-97-8174-01,0.007060298258933221,0.30695476534160526,43.476175380158054,43.476175380158054
TT,TCGA-LUAD,TCGA-49-AAQV-01,TCGA-64-1676-01,0.006730159190368069,0.08782626936470955,13.049657055720607,13.049657055720607
TT,TCGA-LUAD,TCGA-55-6980-01,TCGA-91-A4BD-01,0.0028662901298566247,0.1919023218457563,66.9514644895196,66.9514644895196
TT,TCGA-LUAD,TCGA-55-6985-01,TCGA-L3-A524-01,0.002105621843846833,0.15068422888303218,71.56281614543948,71.56281614543948
TT,TCGA-LUAD,TCGA-55-8089-01,TCGA-86-8055-01,0.0009566720437228927,0.1864549365032171,194.8995350356712,194.8995350356712
TT,TCGA-LUAD,TCGA-55-7914-01,TCGA-86-8054-01,0.0019629650819852377,0.3792136113624308,193.1840840382726,193.1840840382726
TT,TCGA-LUAD,TCGA-50-5939-01,TCGA-55-7903-01,0.0018117185902918245,0.35003839101338863,193.20792582749058,193.20792582749058
TT,TCGA-LUAD,TCGA-91-6847-01,TCGA-L4-A4E5-01,0.002709499593274013,0.3748132825817376,138.33302780785195,138.33302780785195
TT,TCGA-LUAD,TCGA-75-5126-01,TCGA-78-7156-01,0.002216478024908926,0.24340679609415522,109.81692277511151,109.81692277511151
TT,TCGA-LUAD,TCGA-49-4506-01,TCGA-49-6743-01,0.00833420306648575,0.06797066194282916,8.155628246707707,8.155628246707707
TT,TCGA-LUAD,TCGA-49-AAR2-01,TCGA-86-6851-01,0.006461976690012135,0.36822003800259284,56.982569833736335,56.982569833736335
TT,TCGA-LUAD,TCGA-55-6969-01,TCGA-93-7347-01,0.0011327612836246547,0.17915194622690656,158.15507540445682,158.15507540445682
TT,TCGA-LUAD,TCGA-55-1595-01,TCGA-64-1681-01,0.002197519296596343,0.29444087509482547,133.98784509008595,133.98784509008595
TT,TCGA-LUAD,TCGA-50-5936-01,TCGA-KN-8436-01,0.0037264820832032704,0.05341674008337735,14.334361172470878,14.334361172470878
TT,TCGA-LUAD,TCGA-05-4390-01,TCGA-86-8673-01,0.002689004978907868,0.3656107947400998,135.96508656841223,135.96508656841223
TT,TCGA-LUAD,TCGA-44-6145-01,TCGA-86-7953-01,0.0013456253450126123,0.32057837717079857,238.23746955939941,238.23746955939941
TT,TCGA-LUAD,TCGA-05-4390-01,TCGA-44-7672-01,0.0015796831922713556,0.31880808969273716,201.81773867856205,201.81773867856205
TT,TCGA-LUAD,TCGA-55-7903-01,TCGA-97-8172-01,0.0017801781993423593,0.2846307589496797,159.88891396087715,159.88891396087715
TT,TCGA-LUAD,TCGA-55-7910-01,TCGA-75-5146-01,0.0034450131375752206,0.3436672953674116,99.75790559954221,99.75790559954221
TT,TCGA-LUAD,TCGA-55-8506-01,TCGA-MT-A51X-01,0.00354491796558558,0.3484365672591839,98.2918562973364,98.2918562973364
TT,TCGA-LUAD,TCGA-44-8120-01,TCGA-L4-A4E6-01,0.001453622300633747,0.20620545205273638,141.85627997233902,141.85627997233902
TT,TCGA-LUAD,TCGA-35-4122-01,TCGA-97-A4M6-01,0.009018278982123634,0.16249462404611745,18.018362967947688,18.018362967947688
TT,TCGA-LUAD,TCGA-44-A47B-01,TCGA-55-8204-01,0.002550673637737419,0.37949163924286533,148.7809469734804,148.7809469734804
TT,TCGA-LUAD,TCGA-44-6145-01,TCGA-91-6830-01,0.0010158089146284385,0.1736442722125943,170.9418668333992,170.9418668333992
TT,TCGA-LUAD,TCGA-35-5375-01,TCGA-55-8085-01,0.006928902766730848,0.2667999174424373,38.505363175751015,38.505363175751015
TT,TCGA-LUAD,TCGA-38-A44F-01,TCGA-55-7281-01,0.0012439127840739646,0.231932217670144,186.4537615816906,186.4537615816906
TT,TCGA-LUAD,TCGA-86-8076-01,TCGA-86-A4P7-01,0.0011139319517837665,0.1931442028506924,173.38958860225335,173.38958860225335
TT,TCGA-LUAD,TCGA-44-8120-01,TCGA-55-8091-01,0.0015772934033898081,0.3033689385709353,192.33513429965285,192.33513429965285
TT,TCGA-LUAD,TCGA-55-7573-01,TCGA-86-8054-01,0.002077860730757587,0.2626866535726861,126.4216844200673,126.4216844200673
TT,TCGA-LUAD,TCGA-44-A479-01,TCGA-86-7711-01,0.0021885670571655056,0.29720094236984596,135.79704647238998,135.79704647238998
TT,TCGA-LUAD,TCGA-50-6594-01,TCGA-MT-A7BN-01,0.009815151945061197,0.3626099642613151,36.94389717968388,36.94389717968388
TT,TCGA-LUAD,TCGA-49-4514-01,TCGA-78-7161-01,0.00536946010095456,0.2481396546847258,46.21314806690016,46.21314806690016
TT,TCGA-LUAD,TCGA-86-7953-01,TCGA-97-A4M6-01,0.0018946787240868164,0.2951275440859703,155.76653726779654,155.76653726779654
TT,TCGA-LUAD,TCGA-55-7724-01,TCGA-86-8672-01,0.006368931071194281,0.3697044036325971,58.04810877993555,58.04810877993555
TT,TCGA-LUAD,TCGA-55-6987-01,TCGA-55-7573-01,0.0016145154328421408,0.17727126255970793,109.798431748432,109.798431748432
TT,TCGA-LUAD,TCGA-44-6147-01,TCGA-67-3773-01,0.004477100758048116,0.2881210405708968,64.35437934984272,64.35437934984272
TT,TCGA-LUAD,TCGA-50-6590-01,TCGA-75-7030-01,0.0016266332102861944,0.19370699108408013,119.08461591657702,119.08461591657702
TT,TCGA-LUAD,TCGA-55-A490-01,TCGA-86-8669-01,0.00328030622635991,0.3360897493184341,102.45682144480338,102.45682144480338
TT,TCGA-LUAD,TCGA-05-4417-01,TCGA-05-5429-01,0.0028065722552623566,0.33875804792651476,120.70170197519033,120.70170197519033
TT,TCGA-LUAD,TCGA-55-8203-01,TCGA-NJ-A7XG-01,0.0014219603921642688,0.29207672982691096,205.40426543271076,205.40426543271076
TT,TCGA-LUAD,TCGA-55-6982-01,TCGA-67-3770-01,0.0038845007875716064,0.21396675194104361,55.082174941404716,55.082174941404716
TT,TCGA-LUAD,TCGA-50-6597-01,TCGA-55-8204-01,0.005817263791320043,0.3644737151019396,62.653805668185775,62.653805668185775
TT,TCGA-LUAD,TCGA-44-7669-01,TCGA-55-6975-01,0.001972242282031445,0.3174478427967167,160.95783245745025,160.95783245745025
TT,TCGA-LUAD,TCGA-67-3772-01,TCGA-78-7159-01,0.0029666111853765536,0.3156138340110458,106.38867525573116,106.38867525573116
TT,TCGA-LUAD,TCGA-44-6779-01,TCGA-TQ-A7RU-01,0.004008768132753028,0.4580636273563849,114.26543321721351,114.26543321721351
TT,TCGA-LUAD,TCGA-44-2657-01,TCGA-91-8497-01,0.0011582208300293135,0.19967853278864725,172.40108933595468,172.40108933595468
TT,TCGA-LUAD,TCGA-55-6971-01,TCGA-75-6211-01,0.0018790930573290097,0.22709998212880952,120.85616582055557,120.85616582055557
TT,TCGA-LUAD,TCGA-TQ-A7RP-01,TCGA-TQ-A7RS-01,0.001543217985301635,0.2747796026399726,178.0562469185224,178.0562469185224
TT,TCGA-LUAD,TCGA-55-8091-01,TCGA-78-7536-01,0.0019657324201150113,0.21548340146043432,109.61990515872287,109.61990515872287
TT,TCGA-LUAD,TCGA-MT-A51W-01,TCGA-TQ-A7RN-01,0.004351354182025705,0.5013706070706269,115.2217415768306,115.2217415768306
TT,TCGA-LUAD,TCGA-64-5779-01,TCGA-78-7150-01,0.0023844052107730492,0.36669838719025455,153.79029769498243,153.79029769498243
TT,TCGA-LUAD,TCGA-05-4422-01,TCGA-38-4628-01,0.003609140798152982,0.36606187584588723,101.42632175315063,101.42632175315063
TT,TCGA-LUAD,TCGA-44-7670-01,TCGA-55-6983-01,0.001876199446161221,0.2855087916278511,152.17400911828082,152.17400911828082
TT,TCGA-LUAD,TCGA-KN-8421-01,TCGA-MP-A5C7-01,0.005233103359721369,0.19716057469461148,37.6756507834596,37.6756507834596
TT,TCGA-LUAD,TCGA-55-7907-01,TCGA-75-5146-01,0.002405724212859936,0.3353303199211528,139.3885126685035,139.3885126685035
TT,TCGA-LUAD,TCGA-44-6779-01,TCGA-55-7573-01,0.0020288890526842735,0.1853828016903521,91.37158162743586,91.37158162743586
TT,TCGA-LUAD,TCGA-35-4123-01,TCGA-78-7154-01,0.0037371114605173686,0.3311351646626942,88.60724871632584,88.60724871632584
TT,TCGA-LUAD,TCGA-49-4505-01,TCGA-50-5068-01,0.005404969207819102,0.19207599975841738,35.536927662890385,35.536927662890385
TT,TCGA-LUAD,TCGA-50-5935-01,TCGA-MP-A4TF-01,0.00197984939628163,0.32398730599398673,163.64239956961865,163.64239956961865
TT,TCGA-LUAD,TCGA-49-AARO-01,TCGA-86-6562-01,0.001794422570996847,0.26054206609367125,145.19549090877382,145.19549090877382
TT,TCGA-LUAD,TCGA-49-4488-01,TCGA-KN-8431-01,0.006607482306641614,0.22609567648171192,34.21812817484934,34.21812817484934
TT,TCGA-LUAD,TCGA-55-8204-01,TCGA-55-8505-01,0.001707251499980736,0.32019285363585304,187.54873177119245,187.54873177119245
TT,TCGA-LUAD,TCGA-55-8506-01,TCGA-91-6828-01,0.0028260902199373173,0.3305378110610896,116.95939808617324,116.95939808617324
TT,TCGA-LUAD,TCGA-55-7725-01,TCGA-TQ-A7RV-01,0.0065267097170378235,0.4545290826637226,69.64138170220518,69.64138170220518
TT,TCGA-LUAD,TCGA-55-6987-01,TCGA-78-7537-01,0.0016675820993807136,0.2838021320059074,170.18780191470177,170.18780191470177
TT,TCGA-LUAD,TCGA-49-AAR9-01,TCGA-97-7547-01,0.0030208804372711504,0.30323309729695525,100.37904630574343,100.37904630574343
TT,TCGA-LUAD,TCGA-78-7155-01,TCGA-TQ-A7RG-01,0.004237808418636489,0.4770060010048388,112.55959540481423,112.55959540481423
TT,TCGA-LUAD,TCGA-97-8171-01,TCGA-TQ-A7RF-01,0.0037298143195439778,0.4880322543287138,130.84626003269315,130.84626003269315
TT,TCGA-LUAD,TCGA-49-6767-01,TCGA-55-1592-01,0.002466088047348493,0.2070628961537071,83.96411327500594,83.96411327500594
TT,TCGA-LUAD,TCGA-86-8668-01,TCGA-MT-A67D-01,0.003953623269949824,0.35360592044623024,89.43844577551718,89.43844577551718
TT,TCGA-LUAD,TCGA-50-5935-01,TCGA-NJ-A4YF-01,0.00284872336968349,0.18823775720379188,66.07793484163616,66.07793484163616
TT,TCGA-LUAD,TCGA-64-1681-01,TCGA-97-A4M7-01,0.0014901645042604723,0.21885703823033326,146.8677032667249,146.8677032667249
TT,TCGA-LUAD,TCGA-55-7284-01,TCGA-78-8660-01,0.0021612449058429984,0.3006406005080432,139.10529051809502,139.10529051809502
TT,TCGA-LUAD,TCGA-55-7281-01,TCGA-97-A4M3-01,0.0017678121261570398,0.32846718601847824,185.80435169460964,185.80435169460964
TT,TCGA-LUAD,TCGA-05-4382-01,TCGA-05-4422-01,0.0015632479413978005,0.34725279242216545,222.13545479654647,222.13545479654647
TT,TCGA-LUAD,TCGA-05-4405-01,TCGA-97-7553-01,0.0008497858512124658,0.22699205699543484,267.1167761519739,267.1167761519739
TT,TCGA-LUAD,TCGA-50-5044-01,TCGA-55-6968-01,0.003817639250877431,0.3810050317113771,99.80121396326497,99.80121396326497
TT,TCGA-LUAD,TCGA-44-6146-01,TCGA-78-8660-01,0.004468437517026071,0.3047678645102063,68.20457113900562,68.20457113900562
TT,TCGA-LUAD,TCGA-86-8358-01,TCGA-91-8499-01,0.0033633358283556595,0.23654769455170643,70.3312742537979,70.3312742537979
TT,TCGA-LUAD,TCGA-44-A479-01,TCGA-55-8513-01,0.0014571714057263385,0.26217792335742857,179.9225007621831,179.9225007621831
TT,TCGA-LUAD,TCGA-50-5051-01,TCGA-93-A4JO-01,0.0018391951168694775,0.2803016158361811,152.4045019830668,152.4045019830668
TT,TCGA-LUAD,TCGA-50-5049-01,TCGA-97-8547-01,0.002055447963494524,0.40835343009736047,198.66882419300342,198.66882419300342
TT,TCGA-LUAD,TCGA-KN-8423-01,TCGA-NJ-A4YG-01,0.00467100934963338,0.30645294813850055,65.60743625198558,65.60743625198558
TT,TCGA-LUAD,TCGA-50-5051-01,TCGA-73-7498-01,0.001595295929206094,0.28560810756461485,179.03142754632927,179.03142754632927
TT,TCGA-LUAD,TCGA-44-A4SS-01,TCGA-49-AAR9-01,0.0021359955046865585,0.26448826808450715,123.82435613941932,123.82435613941932
TT,TCGA-LUAD,TCGA-86-A4JF-01,TCGA-MP-A5C7-01,0.0024465962239112425,0.3700784041240197,151.26255836870178,151.26255836870178
TT,TCGA-LUAD,TCGA-55-8505-01,TCGA-86-8075-01,0.0014911125852804328,0.2647800947877334,177.57216819274336,177.57216819274336
TT,TCGA-LUAD,TCGA-44-2666-01,TCGA-MP-A4TF-01,0.0027179088369752415,0.2451146140648911,90.18500206124608,90.18500206124608
TT,TCGA-LUAD,TCGA-55-8616-01,TCGA-78-7220-01,0.002938210391340529,0.36712371748883643,124.9480699444875,124.9480699444875
TT,TCGA-LUAD,TCGA-05-4417-01,TCGA-49-6742-01,0.0014339454788888355,0.3043600808506905,212.25359355122703,212.25359355122703
TT,TCGA-LUAD,TCGA-44-2657-01,TCGA-86-7953-01,0.0021223614385938224,0.2959955511241701,139.4651946372918,139.4651946372918
TT,TCGA-LUAD,TCGA-55-8505-01,TCGA-86-8055-01,0.001449120319443629,0.24680067826987107,170.310687772722,170.310687772722
TT,TCGA-LUAD,TCGA-05-4433-01,TCGA-38-A44F-01,0.002008795422478691,0.2779443386202187,138.36368577406347,138.36368577406347
TT,TCGA-LUAD,TCGA-49-6742-01,TCGA-73-4668-01,0.0017864190689798618,0.39441569185254344,220.78564806060612,220.78564806060612
TT,TCGA-LUAD,TCGA-44-A47A-01,TCGA-67-3770-01,0.005087053181334825,0.25556571902063935,50.23846024616943,50.23846024616943
TT,TCGA-LUAD,TCGA-86-8054-01,TCGA-91-8496-01,0.004570192504093686,0.27783472007165566,60.79278275976102,60.79278275976102
TT,TCGA-LUAD,TCGA-44-3919-01,TCGA-MP-A4SW-01,0.0015180384272306842,0.2393525037515391,157.67222980526475,157.67222980526475
TT,TCGA-LUAD,TCGA-55-1596-01,TCGA-64-5778-01,0.00408738640937761,0.36996016192491676,90.51264668202754,90.51264668202754
TT,TCGA-LUAD,TCGA-55-6975-01,TCGA-MP-A4T8-01,0.001505286284383275,0.33978856298604576,225.73019266249358,225.73019266249358
TT,TCGA-LUAD,TCGA-49-4494-01,TCGA-49-4501-01,0.0025849540727870056,0.2758521435389945,106.71452403855692,106.71452403855692
TT,TCGA-LUAD,TCGA-75-6205-01,TCGA-TQ-A7RQ-01,0.003229917347063922,0.35214438153181926,109.02581821541891,109.02581821541891
TT,TCGA-LUAD,TCGA-44-7669-01,TCGA-86-A4D0-01,0.0022742445970762156,0.2547976510541299,112.03616857294043,112.03616857294043
TT,TCGA-LUAD,TCGA-75-7030-01,TCGA-MT-A67D-01,0.0026072558548093615,0.20334722712909417,77.99281637588368,77.99281637588368
TT,TCGA-LUAD,TCGA-49-6761-01,TCGA-86-8055-01,0.0021922176604054263,0.18153409320881705,82.80842568125482,82.80842568125482
TT,TCGA-LUAD,TCGA-55-8087-01,TCGA-86-A4P8-01,0.0009816733939315837,0.32079150547179347,326.7802789143846,326.7802789143846
TT,TCGA-LUAD,TCGA-50-5932-01,TCGA-KN-8430-01,0.004269652728335605,0.29835637354601585,69.87837009927527,69.87837009927527
TT,TCGA-LUAD,TCGA-75-6207-01,TCGA-97-7552-01,0.0024781232095807994,0.31904100452637624,128.74299522030037,128.74299522030037
TT,TCGA-LUAD,TCGA-05-4424-01,TCGA-MP-A4TA-01,0.002429645592558938,0.34588192426475733,142.35900302663876,142.35900302663876
TT,TCGA-LUAD,TCGA-97-A4LX-01,TCGA-KN-8423-01,0.0030351100111256353,0.2306195955768735,75.98393294856001,75.98393294856001
TT,TCGA-LUAD,TCGA-44-8119-01,TCGA-MT-A67F-01,0.0030859517472337176,0.2940417277660895,95.28396807554488,95.28396807554488
TT,TCGA-LUAD,TCGA-55-7281-01,TCGA-L3-A4E7-01,0.002294983620095616,0.28618864672247546,124.70182541457615,124.70182541457615
TT,TCGA-LUAD,TCGA-44-5643-01,TCGA-49-AAR9-01,0.0029199696566009027,0.3984768586962855,136.46609573338753,136.46609573338753
TT,TCGA-LUAD,TCGA-64-1677-01,TCGA-78-7162-01,0.004005935906889653,0.20275637524072465,50.61398383633943,50.61398383633943
TT,TCGA-LUAD,TCGA-05-4422-01,TCGA-NJ-A4YF-01,0.002952039884702635,0.3303253062855141,111.89730463915748,111.89730463915748
TT,TCGA-LUAD,TCGA-97-7553-01,TCGA-NJ-A7XG-01,0.0019680567308206836,0.16769742714670252,85.20965098235372,85.20965098235372
TT,TCGA-LUAD,TCGA-86-A4JF-01,TCGA-N6-A4VE-01,0.0026567826498496575,0.408774612058469,153.86076541925655,153.86076541925655
TT,TCGA-LUAD,TCGA-55-8514-01,TCGA-TQ-A7RN-01,0.005029839256218071,0.4004865893340956,79.62214475124615,79.62214475124615
TT,TCGA-LUAD,TCGA-55-8513-01,TCGA-86-8280-01,0.0007653028009585239,0.2179721187092054,284.81813791377795,284.81813791377795
TT,TCGA-LUAD,TCGA-05-4389-01,TCGA-78-7158-01,0.0021604161001065204,0.3093944450546405,143.21058107250064,143.21058107250064
TT,TCGA-LUAD,TCGA-55-8207-01,TCGA-75-7027-01,0.0019482623721874628,0.34180692645796845,175.44193807643873,175.44193807643873
TT,TCGA-LUAD,TCGA-78-7535-01,TCGA-91-6829-01,0.005659628945211821,0.3282179001870682,57.99283015978428,57.99283015978428
TT,TCGA-LUAD,TCGA-44-A4SS-01,TCGA-91-6847-01,0.002154391553314731,0.30976364303987597,143.78242551279774,143.78242551279774
TT,TCGA-LUAD,TCGA-49-AAR2-01,TCGA-KN-8423-01,0.008948367028297988,0.44427920617215033,49.6491935083997,49.6491935083997
TT,TCGA-LUAD,TCGA-44-6779-01,TCGA-KN-8432-01,0.004061358851161574,0.39014691700190224,96.06314814814205,96.06314814814205
TT,TCGA-LUAD,TCGA-86-A456-01,TCGA-KN-8433-01,0.007319397609958388,0.10960939876857777,14.97519394484718,14.97519394484718
TT,TCGA-LUAD,TCGA-05-4395-01,TCGA-55-6981-01,0.003077632471796981,0.2717866983346136,88.31031672080118,88.31031672080118
TT,TCGA-LUAD,TCGA-55-8507-01,TCGA-86-8674-01,0.0016257269808696156,0.21698748697653195,133.4710498932997,133.4710498932997
TT,TCGA-LUAD,TCGA-55-8085-01,TCGA-86-A4P7-01,0.0015680313325047075,0.21285110458566406,135.74416542153187,135.74416542153187
TT,TCGA-LUAD,TCGA-50-6592-01,TCGA-67-3771-01,0.0017260031325502512,0.2889364110695826,167.4020200894221,167.4020200894221
TT,TCGA-LUAD,TCGA-55-6983-01,TCGA-86-8055-01,0.0013652178917979518,0.2847896856163624,208.60383337146482,208.60383337146482
TT,TCGA-LUAD,TCGA-05-5429-01,TCGA-97-8172-01,0.004656663625681769,0.3318883558465222,71.27170492112396,71.27170492112396
TT,TCGA-LUAD,TCGA-05-4402-01,TCGA-44-A47G-01,0.0012848762631414087,0.2519610332395747,196.09750796045705,196.09750796045705
TT,TCGA-LUAD,TCGA-44-6778-01,TCGA-KN-8419-01,0.003980886436379848,0.12791720433508416,32.13284437508595,32.13284437508595
TT,TCGA-LUAD,TCGA-NJ-A4YI-01,TCGA-TQ-A7RW-01,0.002721737489229544,0.28748094364912147,105.62405257183717,105.62405257183717
TT,TCGA-LUAD,TCGA-55-6971-01,TCGA-86-8674-01,0.0025597336500529123,0.23308488204043318,91.05825601644729,91.05825601644729
TT,TCGA-LUAD,TCGA-44-2655-01,TCGA-97-8171-01,0.0028497867124319624,0.17830251707145972,62.56696906250195,62.56696906250195
TT,TCGA-LUAD,TCGA-50-5045-01,TCGA-86-7714-01,0.004065457914874154,0.3406868916501994,83.80037348406431,83.80037348406431
TT,TCGA-LUAD,TCGA-44-2662-01,TCGA-78-7147-01,0.003359195626568094,0.3194018528461978,95.08283778414929,95.08283778414929
TT,TCGA-LUAD,TCGA-49-AAR3-01,TCGA-93-A4JP-01,0.0019824046226406423,0.3031384891622876,152.91453909066,152.91453909066
TT,TCGA-LUAD,TCGA-55-6712-01,TCGA-73-4668-01,0.0016676780619585903,0.29686179447694383,178.00905417457912,178.00905417457912
TT,TCGA-LUAD,TCGA-73-7498-01,TCGA-MP-A4TF-01,0.0017673696040703564,0.3378439432917073,191.15636169912213,191.15636169912213
TT,TCGA-LUAD,TCGA-78-7161-01,TCGA-KN-8429-01,0.004023850587096714,0.26147341201712737,64.9808948810362,64.9808948810362
TT,TCGA-LUAD,TCGA-05-4384-01,TCGA-38-A44F-01,0.0014840753456738722,0.3152852368266489,212.44557275728323,212.44557275728323
TT,TCGA-LUAD,TCGA-50-5930-01,TCGA-55-7816-01,0.0017647501665777267,0.3416937315738652,193.62158907540504,193.62158907540504
TT,TCGA-LUAD,TCGA-38-6178-01,TCGA-MT-A51W-01,0.0029470499270044482,0.08924617363563607,30.283224188994666,30.283224188994666
TT,TCGA-LUAD,TCGA-MP-A4TD-01,TCGA-MT-A67D-01,0.002555783350455413,0.3183141289859863,124.54660091954437,124.54660091954437
TT,TCGA-LUAD,TCGA-05-4402-01,TCGA-44-8120-01,0.0010912671464351415,0.28060294872842745,257.1349734527217,257.1349734527217
TT,TCGA-LUAD,TCGA-55-7815-01,TCGA-97-8174-01,0.006326927172443931,0.3239834833150008,51.20708275670798,51.20708275670798
TT,TCGA-LUAD,TCGA-05-4389-01,TCGA-50-7109-01,0.0018711438834874386,0.300316010492879,160.49861966421838,160.49861966421838
TT,TCGA-LUAD,TCGA-38-6178-01,TCGA-N6-A4VC-01,0.0024988931846334343,0.15443700619874132,61.80216391337906,61.80216391337906
TT,TCGA-LUAD,TCGA-55-7903-01,TCGA-78-7537-01,0.002000926369923759,0.33345715722544966,166.6513881958362,166.6513881958362
TT,TCGA-LUAD,TCGA-78-7537-01,TCGA-86-7701-01,0.0022992406836060486,0.3380955765479249,147.04662237346446,147.04662237346446
TT,TCGA-LUAD,TCGA-86-8359-01,TCGA-KN-8432-01,0.004172359484134261,0.22213169856559473,53.23886865699581,53.23886865699581
TT,TCGA-LUAD,TCGA-38-A44F-01,TCGA-KN-8428-01,0.003555465709722906,0.1558385880591588,43.830710456016185,43.830710456016185
TT,TCGA-LUAD,TCGA-55-8091-01,TCGA-97-A4M2-01,0.0013245923369366469,0.28057944627669706,211.82324436934798,211.82324436934798
TT,TCGA-LUAD,TCGA-50-5051-01,TCGA-91-6840-01,0.002603905473732133,0.32639244430606873,125.34727070497534,125.34727070497534
TT,TCGA-LUAD,TCGA-78-7156-01,TCGA-91-6829-01,0.0024480897785425734,0.2417421757785714,98.74726731733192,98.74726731733192
TT,TCGA-LUAD,TCGA-44-6777-01,TCGA-75-6211-01,0.0019539896997093293,0.3486677559186572,178.4388914488772,178.4388914488772
TT,TCGA-LUAD,TCGA-05-4433-01,TCGA-TQ-A7RN-01,0.0030464644070598698,0.2870437007300535,94.22191182173638,94.22191182173638
TT,TCGA-LUAD,TCGA-49-4488-01,TCGA-75-5125-01,0.003645023801571801,0.3120403028513659,85.60720583410414,85.60720583410414
TT,TCGA-LUAD,TCGA-50-5944-01,TCGA-55-7903-01,0.0017585665952247558,0.336017006108752,191.0743710367175,191.0743710367175
TT,TCGA-LUAD,TCGA-86-7953-01,TCGA-TQ-A7RM-01,0.0028029719391385833,0.19657113598734732,70.12954116399683,70.12954116399683
TT,TCGA-LUAD,TCGA-05-4420-01,TCGA-55-7911-01,0.002774724338477157,0.3673949279158313,132.4077216684766,132.4077216684766
TT,TCGA-LUAD,TCGA-55-7284-01,TCGA-TQ-A7RN-01,0.002521845707585047,0.11047911303238347,43.80883124613509,43.80883124613509
TT,TCGA-LUAD,TCGA-75-7030-01,TCGA-91-6829-01,0.0014341527614294704,0.3062476193041884,213.53905074863897,213.53905074863897
TT,TCGA-LUAD,TCGA-55-5899-01,TCGA-55-6642-01,0.002100805875036462,0.38294036269285914,182.28260271131086,182.28260271131086
TT,TCGA-LUAD,TCGA-49-AAR9-01,TCGA-TQ-A7RV-01,0.004080011136933981,0.4464797461999504,109.4310116357839,109.4310116357839
TT,TCGA-LUAD,TCGA-05-4415-01,TCGA-35-3615-01,0.003778446949907939,0.38594235073461036,102.14311749011422,102.14311749011422
TT,TCGA-LUAD,TCGA-05-4433-01,TCGA-TQ-A7RS-01,0.0034855054477647383,0.3222518667163642,92.45484522855213,92.45484522855213
TT,TCGA-LUAD,TCGA-55-6987-01,TCGA-78-7163-01,0.0025416377025796275,0.29028882642054754,114.21329882143304,114.21329882143304
TT,TCGA-LUAD,TCGA-50-5936-01,TCGA-75-7030-01,0.0011520620842095123,0.267995867164057,232.6227647253424,232.6227647253424
TT,TCGA-LUAD,TCGA-50-5942-01,TCGA-78-7156-01,0.0014889318004704193,0.2495133765805722,167.57878131271016,167.57878131271016
TT,TCGA-LUAD,TCGA-44-3918-01,TCGA-97-8176-01,0.003758954946141638,0.2885963048203246,76.77567540854751,76.77567540854751
TT,TCGA-LUAD,TCGA-55-1595-01,TCGA-KN-8424-01,0.0038839088247711938,0.30534157586890864,78.61708130774586,78.61708130774586
TT,TCGA-LUAD,TCGA-55-8505-01,TCGA-75-5126-01,0.001540944898098545,0.3158319459279999,204.95992187502745,204.95992187502745
TT,TCGA-LUAD,TCGA-44-3919-01,TCGA-86-A4JF-01,0.0016679324524029998,0.21579132643110188,129.37653807275592,129.37653807275592
TT,TCGA-LUAD,TCGA-55-8514-01,TCGA-N6-A4VC-01,0.003913649143377256,0.3951251560414411,100.96080194364859,100.96080194364859
TT,TCGA-LUAD,TCGA-38-4628-01,TCGA-75-5125-01,0.0044582131499209185,0.3284140399029941,73.66494800923093,73.66494800923093
TT,TCGA-LUAD,TCGA-86-8674-01,TCGA-TQ-A7RI-01,0.0044340347767289415,0.4079877871144769,92.0127621135746,92.0127621135746
TT,TCGA-LUAD,TCGA-78-7542-01,TCGA-N6-A4VC-01,0.002562225486140716,0.4027265618983269,157.1784232405412,157.1784232405412
TT,TCGA-LUAD,TCGA-97-7546-01,TCGA-KN-8432-01,0.0033870203266081816,0.12534112609992032,37.00631056603047,37.00631056603047
TT,TCGA-LUAD,TCGA-44-3919-01,TCGA-49-4505-01,0.0016641474382730272,0.22339068623166466,134.23731641439707,134.23731641439707
TT,TCGA-LUAD,TCGA-64-5781-01,TCGA-KN-8423-01,0.0059781055802474,0.4208713358260322,70.40212491673906,70.40212491673906
TT,TCGA-LUAD,TCGA-75-6207-01,TCGA-78-7540-01,0.003499047463324758,0.3794009638869902,108.42978492394825,108.42978492394825
TT,TCGA-LUAD,TCGA-67-4679-01,TCGA-97-A4M3-01,0.0015332170342468245,0.32933367799463054,214.79912539349786,214.79912539349786
TT,TCGA-LUAD,TCGA-55-A48Z-01,TCGA-78-8640-01,0.002198115241897466,0.2627715290136509,119.5440184413717,119.5440184413717
TT,TCGA-LUAD,TCGA-44-7662-01,TCGA-64-5775-01,0.0018680775415069657,0.12416739118137413,66.46800704065481,66.46800704065481
TT,TCGA-LUAD,TCGA-55-8208-01,TCGA-TQ-A7RO-01,0.0030640617457424494,0.21739730182305195,70.95069220622858,70.95069220622858
TT,TCGA-LUAD,TCGA-86-8278-01,TCGA-NJ-A4YQ-01,0.001834383063516571,0.272128272096433,148.34866147027893,148.34866147027893
TT,TCGA-LUAD,TCGA-05-5429-01,TCGA-55-6987-01,0.002799270472906295,0.3690738888481536,131.84645514621135,131.84645514621135
TT,TCGA-LUAD,TCGA-55-7815-01,TCGA-MP-A4TI-01,0.007756017340773341,0.31101822305308036,40.10024854096951,40.10024854096951
TT,TCGA-LUAD,TCGA-44-6775-01,TCGA-78-8648-01,0.0022807942149993244,0.25384739564485703,111.29780756872545,111.29780756872545
TT,TCGA-LUAD,TCGA-05-4420-01,TCGA-78-7540-01,0.0029402538886613705,0.376416672566693,128.0218262845549,128.0218262845549
TT,TCGA-LUAD,TCGA-73-7499-01,TCGA-75-6203-01,0.0031973660927615798,0.35607539488089557,111.36522517299595,111.36522517299595
TT,TCGA-LUAD,TCGA-38-4627-01,TCGA-55-6975-01,0.0014249996616951587,0.28345244168145534,198.91404138599196,198.91404138599196
TT,TCGA-LUAD,TCGA-44-2656-01,TCGA-78-7153-01,0.003591092508165385,0.36000024111110196,100.24811120641908,100.24811120641908
TT,TCGA-LUAD,TCGA-55-A48X-01,TCGA-KN-8428-01,0.0030948556152662343,0.12900092212384706,41.682371703388746,41.682371703388746
TT,TCGA-LUAD,TCGA-55-6969-01,TCGA-97-7938-01,0.0018367613008339,0.21223048807516845,115.54603637326996,115.54603637326996
TT,TCGA-LUAD,TCGA-38-4628-01,TCGA-78-7154-01,0.0043001759552376805,0.3424264874440536,79.6308083688931,79.6308083688931
TT,TCGA-LUAD,TCGA-50-7109-01,TCGA-86-8279-01,0.001821577569225453,0.33979087028977395,186.5365911561237,186.5365911561237
TT,TCGA-LUAD,TCGA-50-6590-01,TCGA-64-1676-01,0.008578256889921698,0.3733329265166171,43.520837777105186,43.520837777105186
TT,TCGA-LUAD,TCGA-05-5423-01,TCGA-86-8674-01,0.003865627130528746,0.3245580084288423,83.95998824243786,83.95998824243786
TT,TCGA-LUAD,TCGA-38-4628-01,TCGA-44-7662-01,0.0037799608268919756,0.29236831635661714,77.34691700416728,77.34691700416728
TT,TCGA-LUAD,TCGA-64-5774-01,TCGA-TQ-A7RW-01,0.0027043538179046954,0.3061856462070363,113.21952186133163,113.21952186133163
TT,TCGA-LUAD,TCGA-05-4382-01,TCGA-MP-A4T6-01,0.0027621259249450266,0.34435228430967274,124.66929230119233,124.66929230119233
TT,TCGA-LUAD,TCGA-55-6972-01,TCGA-86-8668-01,0.004653612261343476,0.2113689881950448,45.42041242903713,45.42041242903713
TT,TCGA-LUAD,TCGA-44-8120-01,TCGA-78-8655-01,0.0012581280269598888,0.2971321311485342,236.17002783613154,236.17002783613154
TT,TCGA-LUAD,TCGA-05-4415-01,TCGA-86-8672-01,0.003321260097332179,0.31117875285758356,93.69297909174281,93.69297909174281
TT,TCGA-LUAD,TCGA-64-1679-01,TCGA-TQ-A7RQ-01,0.0037545449293680086,0.21656985766760942,57.682052483538655,57.682052483538655
TT,TCGA-LUAD,TCGA-50-5051-01,TCGA-97-8174-01,0.002648453823619183,0.34074470548896973,128.65797487204551,128.65797487204551
TT,TCGA-LUAD,TCGA-05-4382-01,TCGA-50-5044-01,0.0031395420807009736,0.2889922577202426,92.04917478147595,92.04917478147595
TT,TCGA-LUAD,TCGA-35-4123-01,TCGA-67-6215-01,0.004016183195498728,0.3624699741611675,90.25235068146739,90.25235068146739
TT,TCGA-LUAD,TCGA-86-8074-01,TCGA-97-A4M6-01,0.0017290665832330517,0.2936868459178195,169.8528262391588,169.8528262391588
TT,TCGA-LUAD,TCGA-05-4427-01,TCGA-44-7662-01,0.0019540916561875624,0.29187408670601656,149.36560717702648,149.36560717702648
TT,TCGA-LUAD,TCGA-49-AARR-01,TCGA-55-6984-01,0.0015858932502609221,0.2827875259630094,178.3143511812559,178.3143511812559
TT,TCGA-LUAD,TCGA-38-6178-01,TCGA-55-1595-01,0.0019002447948895443,0.2542780389060145,133.81330636445446,133.81330636445446
TT,TCGA-LUAD,TCGA-44-3396-01,TCGA-55-7281-01,0.001497543124012645,0.2881016138305279,192.3828497563154,192.3828497563154
TT,TCGA-LUAD,TCGA-38-4630-01,TCGA-91-6830-01,0.0025889378072221497,0.23568677037651228,91.03608812812575,91.03608812812575
TT,TCGA-LUAD,TCGA-44-3396-01,TCGA-50-5066-01,0.007860887306427252,0.1828160005399514,23.256407758253523,23.256407758253523
TT,TCGA-LUAD,TCGA-50-5068-01,TCGA-KN-8434-01,0.011152619264419746,0.393412134384034,35.27531291587606,35.27531291587606
TT,TCGA-LUAD,TCGA-86-6851-01,TCGA-91-6849-01,0.002255110799705211,0.3450949914470006,153.0279538779698,153.0279538779698
TT,TCGA-LUAD,TCGA-44-7660-01,TCGA-55-8514-01,0.003353540770816777,0.38409718784994673,114.53481979179794,114.53481979179794
TT,TCGA-LUAD,TCGA-05-5428-01,TCGA-55-6980-01,0.008329667032247487,0.15374743893090406,18.457813299821705,18.457813299821705
TT,TCGA-LUAD,TCGA-86-6562-01,TCGA-TQ-A7RN-01,0.0027065593879963897,0.08643701570374104,31.93612380614659,31.93612380614659
TT,TCGA-LUAD,TCGA-97-8174-01,TCGA-97-8175-01,0.0023418154110862177,0.338023033170266,144.34230450873957,144.34230450873957
TT,TCGA-LUAD,TCGA-93-A4JN-01,TCGA-97-8177-01,0.0024451745757611922,0.24122005094919172,98.65146371976283,98.65146371976283
TT,TCGA-LUAD,TCGA-05-4389-01,TCGA-49-4490-01,0.002643723783986169,0.32915690550449817,124.50502866384932,124.50502866384932
TT,TCGA-LUAD,TCGA-49-AAR2-01,TCGA-J2-8192-01,0.007957024000004875,0.22894787071682998,28.773052678575525,28.773052678575525
TT,TCGA-LUAD,TCGA-73-4659-01,TCGA-NJ-A4YG-01,0.0017633911887292525,0.2815974642054735,159.69086496819816,159.69086496819816
TT,TCGA-LUAD,TCGA-44-7659-01,TCGA-49-4494-01,0.004541884729841525,0.23683492610850507,52.14463602575151,52.14463602575151
TT,TCGA-LUAD,TCGA-05-4434-01,TCGA-78-7166-01,0.004031305056622863,0.09486474769097566,23.532019124954665,23.532019124954665
TT,TCGA-LUAD,TCGA-N1-A6IA-01,TCGA-TQ-A7RU-01,0.0036670179571843017,0.44376172058930674,121.0143298371101,121.0143298371101
TT,TCGA-LUAD,TCGA-97-8175-01,TCGA-KN-8424-01,0.003273875330126566,0.34657445525879216,105.86061481009229,105.86061481009229
TT,TCGA-LUAD,TCGA-55-7727-01,TCGA-75-7030-01,0.0031441505989616724,0.25205349918157016,80.1658480560087,80.1658480560087
TT,TCGA-LUAD,TCGA-64-5774-01,TCGA-86-A4P8-01,0.00242111924054354,0.4031724734856988,166.5231793355154,166.5231793355154
TT,TCGA-LUAD,TCGA-44-6778-01,TCGA-49-AARO-01,0.0022516836763622518,0.2889274918519968,128.31619951110486,128.31619951110486
TT,TCGA-LUAD,TCGA-49-4488-01,TCGA-MT-A51X-01,0.0034457825496271056,0.3641277798488807,105.67346447566337,105.67346447566337
TT,TCGA-LUAD,TCGA-05-4244-01,TCGA-50-5944-01,0.0016906309029230153,0.314306829592479,185.9109691234547,185.9109691234547
TT,TCGA-LUAD,TCGA-78-7159-01,TCGA-86-7701-01,0.001083037124938159,0.24030245707813574,221.87831935295563,221.87831935295563
TT,TCGA-LUAD,TCGA-73-4658-01,TCGA-KN-8429-01,0.003722465424331344,0.2659217628912515,71.43700010028121,71.43700010028121
TT,TCGA-LUAD,TCGA-49-AARN-01,TCGA-75-6206-01,0.0016663217761985647,0.26932103047559786,161.62606425873452,161.62606425873452
TT,TCGA-LUAD,TCGA-78-7542-01,TCGA-97-A4M0-01,0.00263059597671085,0.3575791799631812,135.93086248473557,135.93086248473557
TT,TCGA-LUAD,TCGA-55-8096-01,TCGA-67-6215-01,0.0014488871664794186,0.24029297815265932,165.84657778185425,165.84657778185425
TT,TCGA-LUAD,TCGA-05-5420-01,TCGA-KN-8426-01,0.009111238299702243,0.36414409567659306,39.96647697036893,39.96647697036893
TT,TCGA-LUAD,TCGA-44-6778-01,TCGA-49-4501-01,0.002761785097456696,0.30661629927567513,111.02105647468206,111.02105647468206
TT,TCGA-LUAD,TCGA-86-8278-01,TCGA-91-6835-01,0.0012312469806743127,0.2409295537151503,195.67930520585014,195.67930520585014
TT,TCGA-LUAD,TCGA-44-2666-01,TCGA-91-8499-01,0.0038521372643545698,0.3762296040051659,97.66775641319303,97.66775641319303
TT,TCGA-LUAD,TCGA-55-6981-01,TCGA-55-A4DG-01,0.0021117911639499092,0.3041161130081278,144.00861136254915,144.00861136254915
TT,TCGA-LUAD,TCGA-50-5939-01,TCGA-55-7284-01,0.0013324259443473555,0.2741959805194837,205.78703205437017,205.78703205437017
TT,TCGA-LUAD,TCGA-73-4677-01,TCGA-93-A4JQ-01,0.002546020029518447,0.12949063470469088,50.86002199644229,50.86002199644229
TT,TCGA-LUAD,TCGA-05-4430-01,TCGA-MT-A67A-01,0.00557821904177754,0.10751073314417103,19.273307903289496,19.273307903289496
TT,TCGA-LUAD,TCGA-55-A4DF-01,TCGA-93-A4JO-01,0.002753921151669021,0.3074523656514437,111.64167335187189,111.64167335187189
TT,TCGA-LUAD,TCGA-05-4390-01,TCGA-55-6979-01,0.0017858115342957088,0.3269162874275252,183.06315148561015,183.06315148561015
TT,TCGA-LUAD,TCGA-97-8171-01,TCGA-MP-A4TA-01,0.0026622813151421934,0.342396837838691,128.61031472941974,128.61031472941974
TT,TCGA-LUAD,TCGA-75-6212-01,TCGA-NJ-A55A-01,0.0015938692319239626,0.09798885048235756,61.47860095402873,61.47860095402873
TT,TCGA-LUAD,TCGA-55-6543-01,TCGA-55-6984-01,0.001598318988560873,0.31612669474374455,197.78698558063505,197.78698558063505
TT,TCGA-LUAD,TCGA-55-8094-01,TCGA-78-7152-01,0.0031884966617969734,0.34131826713738966,107.04676947819964,107.04676947819964
TT,TCGA-LUAD,TCGA-05-4389-01,TCGA-78-7542-01,0.0024581581496299102,0.32413004987223176,131.85890823217838,131.85890823217838
TT,TCGA-LUAD,TCGA-50-5946-01,TCGA-55-A493-01,0.0023746565094838875,0.36117531070280084,152.0958122828886,152.0958122828886
TT,TCGA-LUAD,TCGA-05-4422-01,TCGA-78-8648-01,0.001561739079392583,0.3286211706120205,210.42002146724357,210.42002146724357
TT,TCGA-LUAD,TCGA-50-5066-01,TCGA-50-8460-01,0.008852016199630467,0.2427631795381271,27.424619890354627,27.424619890354627
TT,TCGA-LUAD,TCGA-55-A494-01,TCGA-75-5125-01,0.0023246840320181846,0.39457956346227196,169.73470718070703,169.73470718070703
TT,TCGA-LUAD,TCGA-67-3773-01,TCGA-86-8280-01,0.003472326631441788,0.15213864693520834,43.81461281827538,43.81461281827538
TT,TCGA-LUAD,TCGA-35-5375-01,TCGA-NJ-A55O-01,0.00824290816701076,0.19121357287210794,23.197343582859588,23.197343582859588
TT,TCGA-LUAD,TCGA-86-7954-01,TCGA-KN-8423-01,0.0036267330544455696,0.19480246181013275,53.71293086248743,53.71293086248743
TT,TCGA-LUAD,TCGA-05-4396-01,TCGA-78-7155-01,0.003717429899438601,0.34520608725929086,92.86149210545254,92.86149210545254
TT,TCGA-LUAD,TCGA-50-5946-01,TCGA-75-5122-01,0.0026513590782817117,0.38316950644691994,144.5181490449961,144.5181490449961
TT,TCGA-LUAD,TCGA-05-4390-01,TCGA-44-2655-01,0.0021558758722322905,0.34912782919607865,161.94245396632044,161.94245396632044
TT,TCGA-LUAD,TCGA-05-4417-01,TCGA-38-4625-01,0.007462711336883004,0.2705150611283279,36.248897875944856,36.248897875944856
TT,TCGA-LUAD,TCGA-55-7573-01,TCGA-TQ-A7RK-01,0.00276117235128259,0.09189042001252994,33.27949447626693,33.27949447626693
TT,TCGA-LUAD,TCGA-50-5933-01,TCGA-55-8512-01,0.002409656578850223,0.31551732725525333,130.93871136019044,130.93871136019044
TT,TCGA-LUAD,TCGA-49-AARO-01,TCGA-50-5055-01,0.0018887813195274496,0.18482908705331008,97.85626591200727,97.85626591200727
TT,TCGA-LUAD,TCGA-44-7661-01,TCGA-55-7576-01,0.0011845676696106357,0.25625519363101895,216.328032754135,216.328032754135
TT,TCGA-LUAD,TCGA-55-8096-01,TCGA-91-8499-01,0.003292538850151129,0.1475661102342702,44.818335318198855,44.818335318198855
TT,TCGA-LUAD,TCGA-55-7994-01,TCGA-93-8067-01,0.002179389862777041,0.3487247815521932,160.01027971555217,160.01027971555217
TT,TCGA-LUAD,TCGA-05-4424-01,TCGA-55-8512-01,0.0022115577020436154,0.31499958412445617,142.4333553826686,142.4333553826686
TT,TCGA-LUAD,TCGA-86-7711-01,TCGA-MP-A4TI-01,0.002605128302443472,0.2694594915830044,103.43424979501613,103.43424979501613
TT,TCGA-LUAD,TCGA-05-5423-01,TCGA-50-5941-01,0.0034993436631989006,0.2661892476713881,76.0683354626716,76.0683354626716
TT,TCGA-LUAD,TCGA-50-5946-01,TCGA-97-A4LX-01,0.001860139959977692,0.27735124213824414,149.10235149271796,149.10235149271796
TT,TCGA-LUAD,TCGA-55-7284-01,TCGA-MP-A4TD-01,0.0022848848503718815,0.2975694864883679,130.23390935431004,130.23390935431004
TT,TCGA-LUAD,TCGA-78-7154-01,TCGA-TQ-A8XE-01,0.003956278982223938,0.3728801650207336,94.25022014274812,94.25022014274812
TT,TCGA-LUAD,TCGA-50-5932-01,TCGA-78-7166-01,0.005256946335660613,0.268395771511428,51.05545203890694,51.05545203890694
TT,TCGA-LUAD,TCGA-49-AARR-01,TCGA-MT-A67A-01,0.005582922228617946,0.06544306865728208,11.72200972491113,11.72200972491113
TT,TCGA-LUAD,TCGA-55-A57B-01,TCGA-97-7553-01,0.0010700145633907529,0.23494681822539515,219.57347709443854,219.57347709443854
TT,TCGA-LUAD,TCGA-49-AAR2-01,TCGA-55-6978-01,0.007269544896987163,0.3611587443392712,49.681066622059404,49.681066622059404
TT,TCGA-LUAD,TCGA-50-6673-01,TCGA-TQ-A7RW-01,0.0027834461327347244,0.12175933968275435,43.74409773941854,43.74409773941854
TT,TCGA-LUAD,TCGA-55-7907-01,TCGA-78-8662-01,0.0030224914669827697,0.20906773472959628,69.17066169199151,69.17066169199151
TT,TCGA-LUAD,TCGA-75-5125-01,TCGA-75-6207-01,0.0019726650578407064,0.2823567457418575,143.13466172048854,143.13466172048854
TT,TCGA-LUAD,TCGA-05-4403-01,TCGA-86-8075-01,0.0025662940476802914,0.24855911218665314,96.8552736235854,96.8552736235854
TT,TCGA-LUAD,TCGA-55-1594-01,TCGA-O1-A52J-01,0.0026173866660879623,0.3662704152225406,139.9374498113346,139.9374498113346
TT,TCGA-LUAD,TCGA-55-6970-01,TCGA-MT-A67A-01,0.006733753156800679,0.20654278722424307,30.67275892280778,30.67275892280778
TT,TCGA-LUAD,TCGA-55-6979-01,TCGA-78-7153-01,0.002051665150567904,0.3332392849730461,162.42381700581353,162.42381700581353
TT,TCGA-LUAD,TCGA-44-6775-01,TCGA-67-3770-01,0.006060929382141362,0.24242620397226597,39.99818982985995,39.99818982985995
TT,TCGA-LUAD,TCGA-44-A4SS-01,TCGA-73-4662-01,0.0014714352403114419,0.3342068847402067,227.12986313245358,227.12986313245358
TT,TCGA-LUAD,TCGA-75-6205-01,TCGA-91-6829-01,0.0012101557601688338,0.300618564966879,248.41311743617075,248.41311743617075
TT,TCGA-LUAD,TCGA-91-6835-01,TCGA-91-6847-01,0.0018113162737910067,0.14634222203844283,80.79330162045908,80.79330162045908
TT,TCGA-LUAD,TCGA-78-8648-01,TCGA-91-6830-01,0.0014517714034833215,0.15214927686834692,104.80250299963625,104.80250299963625
TT,TCGA-LUAD,TCGA-05-4389-01,TCGA-TQ-A7RK-01,0.003784923301590537,0.2099773949286009,55.47731834892458,55.47731834892458
TT,TCGA-LUAD,TCGA-55-6969-01,TCGA-91-6828-01,0.0017081091137725983,0.22669437209660812,132.7165637538938,132.7165637538938
TT,TCGA-LUAD,TCGA-05-4432-01,TCGA-KN-8431-01,0.005651171384699782,0.09092698429943233,16.089935715914024,16.089935715914024
TT,TCGA-LUAD,TCGA-50-7109-01,TCGA-55-8302-01,0.0021700071671251035,0.34999006993268555,161.28521381630452,161.28521381630452
TT,TCGA-LUAD,TCGA-91-6831-01,TCGA-KN-8437-01,0.0031442676199701235,0.1886712446828243,60.00483021372622,60.00483021372622
TT,TCGA-LUAD,TCGA-75-6211-01,TCGA-78-7150-01,0.0020874225693979704,0.35591856009051065,170.50623352853776,170.50623352853776
TT,TCGA-LUAD,TCGA-49-AAR4-01,TCGA-78-8655-01,0.0013419761907129553,0.28883014591585005,215.22747416435345,215.22747416435345
TT,TCGA-LUAD,TCGA-05-5423-01,TCGA-55-A492-01,0.004361012157084837,0.3414796175332943,78.30283549623485,78.30283549623485
TT,TCGA-LUAD,TCGA-73-7499-01,TCGA-91-6835-01,0.004365255468273187,0.2669775017798864,61.1596511865771,61.1596511865771
TT,TCGA-LUAD,TCGA-49-4510-01,TCGA-86-8674-01,0.002542631410466533,0.29941016810264826,117.75602506527329,117.75602506527329
TT,TCGA-LUAD,TCGA-55-8092-01,TCGA-91-8499-01,0.003483386306891598,0.35268819664573975,101.24866023270938,101.24866023270938
TT,TCGA-LUAD,TCGA-55-8094-01,TCGA-78-8648-01,0.0028409150922509533,0.28803705045882,101.38882758041125,101.38882758041125
TT,TCGA-LUAD,TCGA-05-4382-01,TCGA-38-4629-01,0.002321638884792852,0.2247723162381013,96.8162265503046,96.8162265503046
TT,TCGA-LUAD,TCGA-55-7727-01,TCGA-97-8172-01,0.0035204569095255685,0.3085793764052136,87.65321784517994,87.65321784517994
TT,TCGA-LUAD,TCGA-55-8092-01,TCGA-TQ-A7RM-01,0.003642600383744107,0.3922333049028392,107.67947718153911,107.67947718153911
TT,TCGA-LUAD,TCGA-93-A4JO-01,TCGA-97-7938-01,0.002654590115408804,0.30660390148174754,115.49952653784024,115.49952653784024
TT,TCGA-LUAD,TCGA-55-6980-01,TCGA-55-8087-01,0.0017210802150549698,0.3377870347493625,196.26455048091637,196.26455048091637
TT,TCGA-LUAD,TCGA-44-2662-01,TCGA-78-7536-01,0.002547410640232446,0.3777580360119129,148.2909861668173,148.2909861668173
TT,TCGA-LUAD,TCGA-44-2656-01,TCGA-55-6968-01,0.0025717746339123104,0.37066156182992493,144.12676637457002,144.12676637457002
TT,TCGA-LUAD,TCGA-05-4396-01,TCGA-50-8457-01,0.002395863845405313,0.35913100805189124,149.89625088279436,149.89625088279436
TT,TCGA-LUAD,TCGA-44-7660-01,TCGA-73-7498-01,0.0028356867688154406,0.34661436596235895,122.2329524452911,122.2329524452911
TT,TCGA-LUAD,TCGA-05-4410-01,TCGA-55-8204-01,0.00207877012993468,0.33122873088839644,159.3387965887332,159.3387965887332
TT,TCGA-LUAD,TCGA-78-7155-01,TCGA-KN-8426-01,0.008595316581033921,0.38717358492050313,45.044714906118145,45.044714906118145
TT,TCGA-LUAD,TCGA-05-4402-01,TCGA-38-6178-01,0.0012651179609392458,0.22411224251389647,177.1473091311672,177.1473091311672
TT,TCGA-LUAD,TCGA-44-6778-01,TCGA-55-7726-01,0.0019287649728021868,0.32300686501193937,167.46823463029924,167.46823463029924
TT,TCGA-LUAD,TCGA-05-5420-01,TCGA-55-6975-01,0.005250895804557567,0.25236764643768095,48.06182713026527,48.06182713026527
TT,TCGA-LUAD,TCGA-44-3396-01,TCGA-55-8206-01,0.0017632519266858133,0.32277205508339957,183.05498505257722,183.05498505257722
TT,TCGA-LUAD,TCGA-75-7027-01,TCGA-91-8497-01,0.0019256571414711862,0.33142133652479944,172.10817511968733,172.10817511968733
TT,TCGA-LUAD,TCGA-49-AAR4-01,TCGA-67-6215-01,0.002234625820739445,0.33727750643015386,150.93243052143185,150.93243052143185
TT,TCGA-LUAD,TCGA-86-8674-01,TCGA-MT-A67F-01,0.0031862375327112126,0.37113739093651443,116.48139447428724,116.48139447428724
TT,TCGA-LUAD,TCGA-91-A4BD-01,TCGA-MT-A51W-01,0.003806221035759217,0.3633633851909751,95.46565524629233,95.46565524629233
TT,TCGA-LUAD,TCGA-86-8585-01,TCGA-97-7938-01,0.003567700699476692,0.2844412177084799,79.72676008113616,79.72676008113616
TT,TCGA-LUAD,TCGA-93-A4JP-01,TCGA-97-7547-01,0.0016227913001114116,0.30415519870371,187.42718098305582,187.42718098305582
TT,TCGA-LUAD,TCGA-50-6590-01,TCGA-64-5781-01,0.0030463924497982704,0.30764142483205614,100.98548690022781,100.98548690022781
TT,TCGA-LUAD,TCGA-05-4382-01,TCGA-N6-A4VF-01,0.0018267196848790893,0.34127989811440396,186.82663844890536,186.82663844890536
TT,TCGA-LUAD,TCGA-44-6147-01,TCGA-78-7156-01,0.0017991873238186787,0.2996731356620895,166.5602751280224,166.5602751280224
TT,TCGA-LUAD,TCGA-75-6205-01,TCGA-KN-8428-01,0.0031926097426784785,0.282349516245056,88.43846852643364,88.43846852643364
TT,TCGA-LUAD,TCGA-44-2655-01,TCGA-KN-8435-01,0.004537565813336308,0.17889317693543094,39.424921707944826,39.424921707944826
TT,TCGA-LUAD,TCGA-73-7498-01,TCGA-86-6851-01,0.001261697597324616,0.26327130966025136,208.66435048977556,208.66435048977556
TT,TCGA-LUAD,TCGA-55-1596-01,TCGA-86-A4P7-01,0.0025463711540629464,0.25411389886324387,99.79452463470774,99.79452463470774
TT,TCGA-LUAD,TCGA-44-A4SU-01,TCGA-50-5049-01,0.002653390520586903,0.16245846223026805,61.226744035527005,61.226744035527005
TT,TCGA-LUAD,TCGA-05-4430-01,TCGA-55-8203-01,0.001284609754810167,0.24828302365309537,193.27505705402757,193.27505705402757
TT,TCGA-LUAD,TCGA-44-7661-01,TCGA-55-7570-01,0.0018940420752002192,0.2862586301246044,151.1363627412258,151.1363627412258
TT,TCGA-LUAD,TCGA-55-6971-01,TCGA-TQ-A7RM-01,0.0029017600714417026,0.12759093503303715,43.97018771081415,43.97018771081415
TT,TCGA-LUAD,TCGA-91-6847-01,TCGA-97-7546-01,0.0021503408258548786,0.1731600973883521,80.5268147757514,80.5268147757514
TT,TCGA-LUAD,TCGA-44-6776-01,TCGA-55-6981-01,0.0019209793580061037,0.3033870624939433,157.93353594847912,157.93353594847912
TT,TCGA-LUAD,TCGA-49-AARN-01,TCGA-55-8621-01,0.0008112276986619168,0.22312222444762977,275.0426604215558,275.0426604215558
TT,TCGA-LUAD,TCGA-05-4405-01,TCGA-55-8510-01,0.0012834375460800706,0.23004032952505238,179.2376498783687,179.2376498783687
TT,TCGA-LUAD,TCGA-97-A4M7-01,TCGA-J2-8192-01,0.0013942456143027173,0.25704042270784344,184.35806436901947,184.35806436901947
TT,TCGA-LUAD,TCGA-97-8177-01,TCGA-MT-A51W-01,0.002804201848286328,0.1826556739753568,65.1364216477424,65.1364216477424
TT,TCGA-LUAD,TCGA-55-8085-01,TCGA-55-A57B-01,0.0020462622564121386,0.3091916692145353,151.1007048317764,151.1007048317764
TT,TCGA-LUAD,TCGA-44-7667-01,TCGA-55-8513-01,0.0029912627576631342,0.2436387648376867,81.45013814434166,81.45013814434166
TT,TCGA-LUAD,TCGA-55-6987-01,TCGA-64-5815-01,0.0014186459313950046,0.2646611560578492,186.55899276967477,186.55899276967477
TT,TCGA-LUAD,TCGA-86-7713-01,TCGA-97-A4M0-01,0.0023937717393126357,0.377605819582949,157.74512389029096,157.74512389029096
TT,TCGA-LUAD,TCGA-67-3774-01,TCGA-KN-8424-01,0.0031509187134252767,0.14069008302100136,44.65049587650614,44.65049587650614
TT,TCGA-LUAD,TCGA-44-5644-01,TCGA-55-7727-01,0.004492284313136181,0.37320674557660116,83.07727640596634,83.07727640596634
TT,TCGA-LUAD,TCGA-38-4632-01,TCGA-49-AAR2-01,0.0071534169756654,0.3583729410971218,50.098147824492855,50.098147824492855
TT,TCGA-LUAD,TCGA-49-6761-01,TCGA-MP-A4T8-01,0.001771186119199664,0.33394700319515463,188.5442752600463,188.5442752600463
TT,TCGA-LUAD,TCGA-49-4490-01,TCGA-67-6216-01,0.0019619551314740626,0.28970966915399654,147.66375872027763,147.66375872027763
TT,TCGA-LUAD,TCGA-50-6595-01,TCGA-55-6981-01,0.0016188574792769597,0.29594187896294194,182.8091000914548,182.8091000914548
TT,TCGA-LUAD,TCGA-05-4405-01,TCGA-55-8206-01,0.0013660826416033237,0.28234721575423616,206.6838470495863,206.6838470495863
TT,TCGA-LUAD,TCGA-78-8655-01,TCGA-N6-A4VG-01,0.0029069952830939536,0.293216976155499,100.86599653626693,100.86599653626693
TT,TCGA-LUAD,TCGA-35-5375-01,TCGA-91-6849-01,0.007399119331275711,0.2746667601596424,37.12154756021296,37.12154756021296
TT,TCGA-LUAD,TCGA-97-8174-01,TCGA-KN-8433-01,0.008386871568802013,0.14141047950100097,16.860932988055776,16.860932988055776
TT,TCGA-LUAD,TCGA-91-6829-01,TCGA-KN-8428-01,0.003770867102376759,0.22237698026316144,58.972372726421014,58.972372726421014
TT,TCGA-LUAD,TCGA-64-5779-01,TCGA-73-4676-01,0.0028562424474109643,0.39678219882068744,138.9175485366622,138.9175485366622
TT,TCGA-LUAD,TCGA-67-6216-01,TCGA-78-7536-01,0.0020276228129441597,0.35261494976210994,173.90559403408176,173.90559403408176
TT,TCGA-LUAD,TCGA-55-8508-01,TCGA-NJ-A4YP-01,0.0013284557685592881,0.2996401997440321,225.5552701381938,225.5552701381938
TT,TCGA-LUAD,TCGA-86-8669-01,TCGA-KN-8435-01,0.003249463626136306,0.23504732149686747,72.33419066652075,72.33419066652075
TT,TCGA-LUAD,TCGA-49-6745-01,TCGA-N1-A6IA-01,0.0024050227531043937,0.1411549344217649,58.69172515709579,58.69172515709579
TT,TCGA-LUAD,TCGA-50-5051-01,TCGA-MT-A51W-01,0.0025057280078415855,0.3200901487669562,127.7433734887608,127.7433734887608
TT,TCGA-LUAD,TCGA-93-A4JN-01,TCGA-TQ-A7RP-01,0.0025262132704082707,0.07419342512002916,29.369422601456957,29.369422601456957
TT,TCGA-LUAD,TCGA-73-4670-01,TCGA-93-A4JN-01,0.003574989408549014,0.18700003268766718,52.30785642063347,52.30785642063347
TT,TCGA-LUAD,TCGA-55-7727-01,TCGA-78-8648-01,0.0038013453129090782,0.3346668637059057,88.03905884829842,88.03905884829842
TT,TCGA-LUAD,TCGA-55-A48X-01,TCGA-KN-8421-01,0.004500345714827447,0.05914994403240231,13.143422256987707,13.143422256987707
TT,TCGA-LUAD,TCGA-55-7283-01,TCGA-78-8662-01,0.0027143242396319113,0.22743988309132446,83.7924518266718,83.7924518266718
TT,TCGA-LUAD,TCGA-05-4382-01,TCGA-97-A4M2-01,0.0014224989191234725,0.284547014470551,200.033202588221,200.033202588221
TT,TCGA-LUAD,TCGA-38-6178-01,TCGA-KN-8431-01,0.006418096602732732,0.08946389088667248,13.939318216023745,13.939318216023745
TT,TCGA-LUAD,TCGA-05-4398-01,TCGA-97-7941-01,0.0018397654148945945,0.2845764891310686,154.68085595432981,154.68085595432981
TT,TCGA-LUAD,TCGA-55-A490-01,TCGA-75-6214-01,0.004290616961078563,0.39776756796606094,92.70638035842549,92.70638035842549
TT,TCGA-LUAD,TCGA-44-6145-01,TCGA-MP-A4TF-01,0.0016429250685253147,0.29411462763086627,179.0188933539512,179.0188933539512
TT,TCGA-LUAD,TCGA-67-3774-01,TCGA-NJ-A55R-01,0.0014748125155290602,0.28956286077284776,196.33876016367594,196.33876016367594
TT,TCGA-LUAD,TCGA-86-A4JF-01,TCGA-97-8177-01,0.0017162131867230757,0.2618018315112425,152.54621834664079,152.54621834664079
TT,TCGA-LUAD,TCGA-44-7669-01,TCGA-78-7148-01,0.0022988598636939153,0.31159766299250274,135.54443570640842,135.54443570640842
TT,TCGA-LUAD,TCGA-44-6146-01,TCGA-97-8179-01,0.003809217284139579,0.3259705719176617,85.57416067466247,85.57416067466247
TT,TCGA-LUAD,TCGA-05-4389-01,TCGA-44-6776-01,0.001998543220870416,0.31426201596290254,157.24554399480715,157.24554399480715
TT,TCGA-LUAD,TCGA-05-4425-01,TCGA-86-8672-01,0.0022369678297666676,0.32325762770442495,144.5070525391253,144.5070525391253
TT,TCGA-LUAD,TCGA-55-8087-01,TCGA-55-8089-01,0.0015776894043857063,0.39105357399094637,247.86473998233393,247.86473998233393
TT,TCGA-LUAD,TCGA-49-AARO-01,TCGA-MP-A4TF-01,0.0022066534346164967,0.27214937692397306,123.33127289255144,123.33127289255144
TT,TCGA-LUAD,TCGA-44-2661-01,TCGA-55-6982-01,0.0026215191989465286,0.23975524902931722,91.4566062021076,91.4566062021076
TT,TCGA-LUAD,TCGA-44-7669-01,TCGA-55-8207-01,0.0020949003481788037,0.32413672485510203,154.72656020936245,154.72656020936245
TT,TCGA-LUAD,TCGA-55-6969-01,TCGA-73-4659-01,0.0010487796108851733,0.2655284343362496,253.17848629050175,253.17848629050175
TT,TCGA-LUAD,TCGA-49-AARO-01,TCGA-73-7499-01,0.002864561218703017,0.2310022980872432,80.64142479448695,80.64142479448695
TT,TCGA-LUAD,TCGA-44-3396-01,TCGA-44-3917-01,0.010856144062567463,0.056980907786903845,5.248724359082237,5.248724359082237
TT,TCGA-LUAD,TCGA-55-6970-01,TCGA-J2-8192-01,0.0016110084940242073,0.16659781537782092,103.41212724562928,103.41212724562928
TT,TCGA-LUAD,TCGA-44-7670-01,TCGA-78-8648-01,0.001935014087182235,0.3041627541562778,157.18890946122218,157.18890946122218
TT,TCGA-LUAD,TCGA-75-5125-01,TCGA-86-6562-01,0.0018754436367002217,0.2893482296039121,154.28255157430928,154.28255157430928
TT,TCGA-LUAD,TCGA-44-7660-01,TCGA-55-7573-01,0.002851131896453234,0.20854562265838728,73.1448527224626,73.1448527224626
TT,TCGA-LUAD,TCGA-55-8091-01,TCGA-NJ-A4YQ-01,0.0017113064848059945,0.19080854243318335,111.49875497305483,111.49875497305483
TT,TCGA-LUAD,TCGA-50-6590-01,TCGA-KN-8431-01,0.00597539247384649,0.26329437585150867,44.063109997194935,44.063109997194935
TT,TCGA-LUAD,TCGA-49-4506-01,TCGA-86-8075-01,0.008370299831493368,0.027241215593069742,3.2545089353399614,3.2545089353399614
TT,TCGA-LUAD,TCGA-55-7815-01,TCGA-55-8621-01,0.006609350438285587,0.0971593312382723,14.70028441455658,14.70028441455658
TT,TCGA-LUAD,TCGA-55-7725-01,TCGA-97-8174-01,0.00409916000478346,0.2858451048091483,69.73260484479385,69.73260484479385
TT,TCGA-LUAD,TCGA-55-7573-01,TCGA-64-1678-01,0.012588978071995289,0.1209259287902003,9.605698580030504,9.605698580030504
TT,TCGA-LUAD,TCGA-49-4505-01,TCGA-86-8668-01,0.002897612130509296,0.31360725785203236,108.22955030800188,108.22955030800188
TT,TCGA-LUAD,TCGA-50-5045-01,TCGA-NJ-A55O-01,0.0029170180725618844,0.26977526884769576,92.48323532351803,92.48323532351803
TT,TCGA-LUAD,TCGA-05-4395-01,TCGA-49-AARR-01,0.004163687505221225,0.15742806403403825,37.80976930584366,37.80976930584366
TT,TCGA-LUAD,TCGA-86-7955-01,TCGA-97-7546-01,0.002484391217857757,0.27698287011146105,111.48923250111072,111.48923250111072
TT,TCGA-LUAD,TCGA-75-5146-01,TCGA-NJ-A55R-01,0.003149049046462583,0.2774396418395007,88.10267409177276,88.10267409177276
TT,TCGA-LUAD,TCGA-05-4415-01,TCGA-44-2666-01,0.0027822855966696193,0.38806836957880386,139.4782656544388,139.4782656544388
TT,TCGA-LUAD,TCGA-97-7938-01,TCGA-J2-A4AG-01,0.0014626999852807173,0.27394552190208205,187.287567278882,187.287567278882
TT,TCGA-LUAD,TCGA-55-7995-01,TCGA-MT-A67F-01,0.0037306016744174707,0.2056173990571782,55.11641740451562,55.11641740451562
TT,TCGA-LUAD,TCGA-78-7145-01,TCGA-86-8669-01,0.0023778251030016897,0.3619471025506901,152.21771445417906,152.21771445417906
TT,TCGA-LUAD,TCGA-50-5051-01,TCGA-55-8090-01,0.001801255321370022,0.3065267222444931,170.1739440310722,170.1739440310722
TT,TCGA-LUAD,TCGA-38-6178-01,TCGA-KN-8436-01,0.004633374519335555,0.055861227926429176,12.056272959009563,12.056272959009563
TT,TCGA-LUAD,TCGA-55-8096-01,TCGA-93-7348-01,0.0009891479918580192,0.26251379839809635,265.39385466980474,265.39385466980474
TT,TCGA-LUAD,TCGA-50-5939-01,TCGA-50-7109-01,0.0017515875882338928,0.34013479500112587,194.1865752451924,194.1865752451924
TT,TCGA-LUAD,TCGA-64-1680-01,TCGA-93-8067-01,0.0031195629485484665,0.3235589541850735,103.71932207222348,103.71932207222348
TT,TCGA-LUAD,TCGA-05-4417-01,TCGA-55-8513-01,0.0013680780268379056,0.23931587097462345,174.92852474779085,174.92852474779085
TT,TCGA-LUAD,TCGA-55-8208-01,TCGA-KN-8419-01,0.004145823986589879,0.1845839588571937,44.522864321845475,44.522864321845475
TT,TCGA-LUAD,TCGA-05-4434-01,TCGA-KN-8423-01,0.0035038340969389325,0.08614909469847465,24.587092971592863,24.587092971592863
TT,TCGA-LUAD,TCGA-73-4658-01,TCGA-KN-8423-01,0.0035771658916787376,0.2749273497353515,76.85619232110315,76.85619232110315
TT,TCGA-LUAD,TCGA-55-8204-01,TCGA-KN-8426-01,0.005304704775976568,0.24263857972180722,45.74026076260554,45.74026076260554
TT,TCGA-LUAD,TCGA-05-4403-01,TCGA-55-7907-01,0.002369215238446269,0.33343586312827295,140.73683881374163,140.73683881374163
TT,TCGA-LUAD,TCGA-67-3771-01,TCGA-NJ-A4YF-01,0.0034698674585719636,0.21252605869733374,61.24904228612801,61.24904228612801
TT,TCGA-LUAD,TCGA-55-7724-01,TCGA-97-7938-01,0.0029105735973241577,0.25764410202678545,88.52004369985735,88.52004369985735
TT,TCGA-LUAD,TCGA-44-A4SS-01,TCGA-93-8067-01,0.0017838846102041566,0.3337490322912029,187.09115510167834,187.09115510167834
TT,TCGA-LUAD,TCGA-75-7030-01,TCGA-78-8662-01,0.003211013828033732,0.1871829466217491,58.29403317654687,58.29403317654687
TT,TCGA-LUAD,TCGA-78-7220-01,TCGA-MT-A51X-01,0.0031420066139945593,0.28951166528668293,92.14228385045158,92.14228385045158
TT,TCGA-LUAD,TCGA-05-5715-01,TCGA-86-8673-01,0.0027208316131152213,0.36054857678843333,132.51410894025247,132.51410894025247
TT,TCGA-LUAD,TCGA-44-3918-01,TCGA-44-5643-01,0.004541727213830974,0.34557903927734024,76.08978324918863,76.08978324918863
TT,TCGA-LUAD,TCGA-05-4433-01,TCGA-NJ-A4YG-01,0.0024810507004116656,0.3164531258525525,127.54802866384203,127.54802866384203
TT,TCGA-LUAD,TCGA-44-3919-01,TCGA-97-A4LX-01,0.0010354821449126213,0.23309172430822506,225.10453265989864,225.10453265989864
TT,TCGA-LUAD,TCGA-86-8280-01,TCGA-J2-A4AG-01,0.0011399312542718525,0.22125074205024214,194.0913026299724,194.0913026299724
TT,TCGA-LUAD,TCGA-55-6983-01,TCGA-78-7160-01,0.001170858905769641,0.21711263872981018,185.4302321654166,185.4302321654166
TT,TCGA-LUAD,TCGA-55-A493-01,TCGA-73-4670-01,0.003119669916712562,0.28493473146380227,91.33489730351347,91.33489730351347
TT,TCGA-LUAD,TCGA-75-7025-01,TCGA-86-8055-01,0.0013477209678842061,0.2970255848605773,220.39100966639944,220.39100966639944
TT,TCGA-LUAD,TCGA-97-7547-01,TCGA-KN-8418-01,0.004196326264206967,0.1643668948226465,39.16923624948619,39.16923624948619
TT,TCGA-LUAD,TCGA-44-7661-01,TCGA-86-8585-01,0.002644379519801065,0.3071618678767063,116.15649931361361,116.15649931361361
TT,TCGA-LUAD,TCGA-55-7910-01,TCGA-86-6851-01,0.0021375859497790584,0.3572908929955323,167.14691310188581,167.14691310188581
TT,TCGA-LUAD,TCGA-05-4424-01,TCGA-86-8358-01,0.0021076046982663097,0.3262337596630005,154.78887475025866,154.78887475025866
TT,TCGA-LUAD,TCGA-55-1592-01,TCGA-93-A4JN-01,0.0015387381782820792,0.25827075412794503,167.84580884078073,167.84580884078073
TT,TCGA-LUAD,TCGA-55-7907-01,TCGA-55-8507-01,0.0015739037950287193,0.30792257826413294,195.64256674183457,195.64256674183457
TT,TCGA-LUAD,TCGA-64-5778-01,TCGA-86-7954-01,0.005090844666562237,0.24893333157299663,48.89823749839478,48.89823749839478
TT,TCGA-LUAD,TCGA-91-6848-01,TCGA-93-7348-01,0.002475285252951554,0.25987403627517147,104.987510415333,104.987510415333
TT,TCGA-LUAD,TCGA-91-6836-01,TCGA-MT-A67D-01,0.003434104007369185,0.4023309327415303,117.15746869581564,117.15746869581564
TT,TCGA-LUAD,TCGA-05-4244-01,TCGA-97-A4LX-01,0.001252188647370212,0.2756648944946528,220.14645722399044,220.14645722399044
TT,TCGA-LUAD,TCGA-05-4425-01,TCGA-78-8640-01,0.002315189470832716,0.30595961641742686,132.15316511757493,132.15316511757493
TT,TCGA-LUAD,TCGA-55-8097-01,TCGA-86-8279-01,0.0011923319684573547,0.27955038902686036,234.45684291141174,234.45684291141174
TT,TCGA-LUAD,TCGA-55-8614-01,TCGA-MP-A4T6-01,0.0021315005909331415,0.29483254080444254,138.3215852993824,138.3215852993824
TT,TCGA-LUAD,TCGA-73-4670-01,TCGA-KN-8419-01,0.004449547349475119,0.36631092520065833,82.3254359218965,82.3254359218965
TT,TCGA-LUAD,TCGA-55-8512-01,TCGA-97-7941-01,0.0007384283222763948,0.22892439787532803,310.01573337491965,310.01573337491965
TT,TCGA-LUAD,TCGA-67-6217-01,TCGA-91-6828-01,0.0017475401463226093,0.3020829336137969,172.86179905478983,172.86179905478983
TT,TCGA-LUAD,TCGA-44-8119-01,TCGA-97-A4M2-01,0.0018156972282509388,0.29971623574632605,165.069501171758,165.069501171758
TT,TCGA-LUAD,TCGA-05-4405-01,TCGA-97-7552-01,0.0012907096484085256,0.30673906067215795,237.65148191955814,237.65148191955814
TT,TCGA-LUAD,TCGA-73-4675-01,TCGA-MP-A4T9-01,0.0016571928572377398,0.23231961345516583,140.18864035076965,140.18864035076965
TT,TCGA-LUAD,TCGA-44-4112-01,TCGA-44-7660-01,0.004308305983137044,0.3597437265287635,83.50004106876834,83.50004106876834
TT,TCGA-LUAD,TCGA-49-6767-01,TCGA-73-4659-01,0.002185644354765672,0.2666781588889622,122.01351894579086,122.01351894579086
TT,TCGA-LUAD,TCGA-55-8620-01,TCGA-86-8358-01,0.0017429366284722702,0.2351912595912026,134.93965055823855,134.93965055823855
TT,TCGA-LUAD,TCGA-91-6828-01,TCGA-91-A4BC-01,0.0029470099958149197,0.2322082103353549,78.79451059382774,78.79451059382774
TT,TCGA-LUAD,TCGA-75-7025-01,TCGA-97-7546-01,0.0016046445775656898,0.2545191008611257,158.61400363639493,158.61400363639493
TT,TCGA-LUAD,TCGA-44-6774-01,TCGA-MP-A4TD-01,0.002063444751543032,0.2708025895558862,131.23811013276784,131.23811013276784
TT,TCGA-LUAD,TCGA-05-5423-01,TCGA-86-8075-01,0.004202663430819371,0.235004845147685,55.91807410137226,55.91807410137226
TT,TCGA-LUAD,TCGA-J2-A4AD-01,TCGA-NJ-A4YI-01,0.0020300069977222035,0.344505612928904,169.70661348234816,169.70661348234816
TT,TCGA-LUAD,TCGA-91-A4BC-01,TCGA-TQ-A7RQ-01,0.0038825080177667458,0.3554120396778959,91.54186882589677,91.54186882589677
TT,TCGA-LUAD,TCGA-55-8511-01,TCGA-86-8585-01,0.002067374123180756,0.2970178497241222,143.66913389974417,143.66913389974417
TT,TCGA-LUAD,TCGA-05-4424-01,TCGA-55-8208-01,0.0014675814988623526,0.27528730588436223,187.57888818969226,187.57888818969226
TT,TCGA-LUAD,TCGA-86-8278-01,TCGA-97-8175-01,0.0016927639387492215,0.30980874454955953,183.01946151952902,183.01946151952902
TT,TCGA-LUAD,TCGA-44-8120-01,TCGA-MT-A51W-01,0.0029824033470749996,0.2480594780864175,83.17435612111372,83.17435612111372
TT,TCGA-LUAD,TCGA-55-7907-01,TCGA-91-6831-01,0.002121022607070302,0.3309937847849278,156.05386933716773,156.05386933716773
TT,TCGA-LUAD,TCGA-05-4425-01,TCGA-64-1676-01,0.006770897920406069,0.27293904296270965,40.31061259100193,40.31061259100193
TT,TCGA-LUAD,TCGA-44-3396-01,TCGA-73-4676-01,0.001626961935429466,0.3034468515427373,186.51134051432928,186.51134051432928
TT,TCGA-LUAD,TCGA-05-4389-01,TCGA-44-6779-01,0.002356779619602579,0.27377961246290206,116.1668278975822,116.1668278975822
TT,TCGA-LUAD,TCGA-55-8619-01,TCGA-67-6217-01,0.0011375685718138183,0.2553734366823458,224.49058721371026,224.49058721371026
TT,TCGA-LUAD,TCGA-05-4425-01,TCGA-50-5068-01,0.006640065217425892,0.2672152176370936,40.24286040682641,40.24286040682641
TT,TCGA-LUAD,TCGA-50-5932-01,TCGA-KN-8436-01,0.004271043425364676,0.13108799739799354,30.692265177987696,30.692265177987696
TT,TCGA-LUAD,TCGA-75-7031-01,TCGA-78-7535-01,0.0038065275203497833,0.3272462059944145,85.96974650648099,85.96974650648099
TT,TCGA-LUAD,TCGA-50-5051-01,TCGA-78-7158-01,0.0020785248304606083,0.3432531510737028,165.14267524898258,165.14267524898258
TT,TCGA-LUAD,TCGA-KN-8423-01,TCGA-KN-8433-01,0.005163918288922473,0.20784716055327018,40.24989338021469,40.24989338021469
TT,TCGA-LUAD,TCGA-05-4418-01,TCGA-78-7160-01,0.0030097317516468132,0.16186572526052567,53.78078135101534,53.78078135101534
TT,TCGA-LUAD,TCGA-64-5781-01,TCGA-97-A4M6-01,0.003381643462551047,0.22936101432363132,67.82530945784738,67.82530945784738
TT,TCGA-LUAD,TCGA-05-5425-01,TCGA-75-5125-01,0.002594150515566224,0.31327898624572414,120.76361196695824,120.76361196695824
TT,TCGA-LUAD,TCGA-50-6591-01,TCGA-KN-8428-01,0.004071238344794623,0.43035210889259967,105.70545677897645,105.70545677897645
TT,TCGA-LUAD,TCGA-67-3773-01,TCGA-91-6831-01,0.004677705685369429,0.3750454061162247,80.17721321999012,80.17721321999012
TT,TCGA-LUAD,TCGA-44-A4SU-01,TCGA-73-4658-01,0.0020884266407618095,0.24401638061833963,116.84220831876006,116.84220831876006
TT,TCGA-LUAD,TCGA-55-6987-01,TCGA-97-8179-01,0.0017904000746949977,0.34682535726937114,193.71388672917382,193.71388672917382
TT,TCGA-LUAD,TCGA-38-6178-01,TCGA-44-3918-01,0.0037700048161487193,0.14126945369587646,37.471955762696204,37.471955762696204
TT,TCGA-LUAD,TCGA-86-8075-01,TCGA-97-A4M5-01,0.0014440373921087819,0.2750233439618376,190.45444769280573,190.45444769280573
TT,TCGA-LUAD,TCGA-55-7725-01,TCGA-67-6216-01,0.00346853966190113,0.26129521299726277,75.33291773115984,75.33291773115984
TT,TCGA-LUAD,TCGA-49-AARO-01,TCGA-75-5125-01,0.0022539361509987645,0.25428354972230494,112.8175479192819,112.8175479192819
TT,TCGA-LUAD,TCGA-05-4390-01,TCGA-44-8119-01,0.0017667513512415792,0.3125982056342814,176.93389928050937,176.93389928050937
TT,TCGA-LUAD,TCGA-50-8459-01,TCGA-55-A48X-01,0.0011135353779951683,0.24206235736944087,217.381829219701,217.381829219701
TT,TCGA-LUAD,TCGA-55-6970-01,TCGA-KN-8433-01,0.010276611708718212,0.19572507249777515,19.04568140214258,19.04568140214258
TT,TCGA-LUAD,TCGA-38-4626-01,TCGA-75-6205-01,0.0009129718170033622,0.2648017701253015,290.04375074189863,290.04375074189863
TT,TCGA-LUAD,TCGA-49-4507-01,TCGA-55-7284-01,0.00659422083690784,0.1501822046488151,22.774821827052804,22.774821827052804
TT,TCGA-LUAD,TCGA-49-6767-01,TCGA-50-6597-01,0.005966062815555298,0.3821795957670882,64.05892924402882,64.05892924402882
TT,TCGA-LUAD,TCGA-05-4420-01,TCGA-86-8280-01,0.002654481866324761,0.239721265317918,90.30811939575308,90.30811939575308
TT,TCGA-LUAD,TCGA-05-4405-01,TCGA-67-3772-01,0.003895683779654273,0.23134154471698007,59.3840665213106,59.3840665213106
TT,TCGA-LUAD,TCGA-MP-A4TC-01,TCGA-S2-AA1A-01,0.0015139424658292466,0.34625206423307325,228.7088657912883,228.7088657912883
TT,TCGA-LUAD,TCGA-49-AAR4-01,TCGA-86-8075-01,0.002331457939146431,0.27659862475153896,118.6376215960406,118.6376215960406
TT,TCGA-LUAD,TCGA-55-7815-01,TCGA-78-7535-01,0.01261109015975906,0.44514976326414024,35.29827775592122,35.29827775592122
TT,TCGA-LUAD,TCGA-78-7220-01,TCGA-97-7554-01,0.0022813139082006268,0.3820465575433528,167.4677720457549,167.4677720457549
TT,TCGA-LUAD,TCGA-05-5429-01,TCGA-55-7284-01,0.003140368847750977,0.09040540116343068,28.788147363064017,28.788147363064017
TT,TCGA-LUAD,TCGA-44-A479-01,TCGA-KN-8418-01,0.004412926279811543,0.18140881561996258,41.10850807770797,41.10850807770797
TT,TCGA-LUAD,TCGA-55-6712-01,TCGA-86-A456-01,0.0017543069874915035,0.3053155390588165,174.03769194090108,174.03769194090108
TT,TCGA-LUAD,TCGA-05-4426-01,TCGA-55-7994-01,0.001922623245323868,0.3448028013847446,179.3397652001561,179.3397652001561
TT,TCGA-LUAD,TCGA-55-A57B-01,TCGA-78-7148-01,0.002040417847979188,0.33763723535617096,165.47455497439603,165.47455497439603
TT,TCGA-LUAD,TCGA-55-7994-01,TCGA-TQ-A8XE-01,0.0031634788946538032,0.4233969381310032,133.8390272957196,133.8390272957196
TT,TCGA-LUAD,TCGA-55-6987-01,TCGA-75-6211-01,0.0016144953835111266,0.3075357680349621,190.4841420891202,190.4841420891202
TT,TCGA-LUAD,TCGA-44-7660-01,TCGA-55-8621-01,0.002298825486956517,0.13858319795232044,60.28434900284441,60.28434900284441
TT,TCGA-LUAD,TCGA-67-6215-01,TCGA-78-7537-01,0.0016490815697590413,0.3185600093262457,193.1741977886471,193.1741977886471
TT,TCGA-LUAD,TCGA-38-4630-01,TCGA-55-6983-01,0.002305768566339171,0.27922770142614795,121.09962183649374,121.09962183649374
TT,TCGA-LUAD,TCGA-38-4632-01,TCGA-50-6673-01,0.0038664494566493755,0.23628024006934242,61.11039151513968,61.11039151513968
TT,TCGA-LUAD,TCGA-49-6767-01,TCGA-55-6972-01,0.0035924463678359848,0.4124662885002077,114.8148771803847,114.8148771803847
TT,TCGA-LUAD,TCGA-05-4396-01,TCGA-NJ-A4YF-01,0.004200158867823609,0.3067883579096728,73.0420842554084,73.0420842554084
TT,TCGA-LUAD,TCGA-49-6745-01,TCGA-55-7816-01,0.0012594561431019183,0.30789925490243647,244.47000920898324,244.47000920898324
TT,TCGA-LUAD,TCGA-44-6775-01,TCGA-55-8203-01,0.002007241508300227,0.28982902374708547,144.39170500839165,144.39170500839165
TT,TCGA-LUAD,TCGA-55-6543-01,TCGA-55-8621-01,0.0008383017490873053,0.12365421194858972,147.50561129476029,147.50561129476029
TT,TCGA-LUAD,TCGA-55-7227-01,TCGA-NJ-A7XG-01,0.001395304405682377,0.25345186373909523,181.64628643535602,181.64628643535602
TT,TCGA-LUAD,TCGA-55-8508-01,TCGA-97-8552-01,0.0014395386067270288,0.27966606204356326,194.2747910592124,194.2747910592124
TT,TCGA-LUAD,TCGA-05-4425-01,TCGA-TQ-A7RN-01,0.0032298711459282483,0.33387445698328494,103.37082871067017,103.37082871067017
TT,TCGA-LUAD,TCGA-05-4402-01,TCGA-55-6987-01,0.0013782948583892832,0.21291487652465035,154.47701573338892,154.47701573338892
TT,TCGA-LUAD,TCGA-38-4629-01,TCGA-44-A4SS-01,0.003033730435930258,0.2842400948678581,93.69326012009343,93.69326012009343
TT,TCGA-LUAD,TCGA-55-8087-01,TCGA-MP-A4TD-01,0.0021329460102874013,0.35806364300098603,167.87281125448607,167.87281125448607
TT,TCGA-LUAD,TCGA-44-6777-01,TCGA-97-8552-01,0.0020342789092499198,0.299214927796713,147.08648181730382,147.08648181730382
TT,TCGA-LUAD,TCGA-44-6776-01,TCGA-73-4668-01,0.0020887572109104463,0.34225203753341277,163.85438946455253,163.85438946455253
TT,TCGA-LUAD,TCGA-86-8074-01,TCGA-91-8497-01,0.0018378884525096918,0.3142665777201077,170.99328160583806,170.99328160583806
TT,TCGA-LUAD,TCGA-44-2657-01,TCGA-55-8090-01,0.0013902262465133029,0.27404577895442384,197.12315145950708,197.12315145950708
TT,TCGA-LUAD,TCGA-49-4507-01,TCGA-50-5049-01,0.0040017957675805745,0.36193216618009955,90.44243814544247,90.44243814544247
TT,TCGA-LUAD,TCGA-44-7667-01,TCGA-97-8171-01,0.0035247800381536173,0.42127238108585374,119.5173532889526,119.5173532889526
TT,TCGA-LUAD,TCGA-55-8204-01,TCGA-KN-8421-01,0.004996118181591941,0.17514474827527615,35.05616598914576,35.05616598914576
TT,TCGA-LUAD,TCGA-35-4122-01,TCGA-86-6851-01,0.009728703466358613,0.24194695173851027,24.869393190485365,24.869393190485365
TT,TCGA-LUAD,TCGA-44-6779-01,TCGA-KN-8422-01,0.006873924534959544,0.155700508731684,22.65089003229803,22.65089003229803
TT,TCGA-LUAD,TCGA-49-4514-01,TCGA-86-8075-01,0.006227345221716048,0.1588981239304489,25.516190009241512,25.516190009241512
TT,TCGA-LUAD,TCGA-50-6591-01,TCGA-NJ-A4YF-01,0.003947826708115813,0.44282193064395226,112.16853306494264,112.16853306494264
TT,TCGA-LUAD,TCGA-55-8513-01,TCGA-97-A4M3-01,0.0015185723259185664,0.26085095334147046,171.77380944545055,171.77380944545055
TT,TCGA-LUAD,TCGA-05-4405-01,TCGA-05-4418-01,0.0032410574074057856,0.25556646859036947,78.85280526238212,78.85280526238212
TT,TCGA-LUAD,TCGA-44-6147-01,TCGA-44-7672-01,0.002297008503182727,0.26520453803242805,115.45648945790212,115.45648945790212
TT,TCGA-LUAD,TCGA-86-6851-01,TCGA-TQ-A7RQ-01,0.0029706647823695117,0.3254061454407599,109.53984016372388,109.53984016372388
TT,TCGA-LUAD,TCGA-73-4670-01,TCGA-73-4676-01,0.002079832576773357,0.3556439798490252,170.9964464547284,170.9964464547284
TT,TCGA-LUAD,TCGA-55-7570-01,TCGA-73-4675-01,0.0030889210120475137,0.346575297812014,112.19946915453305,112.19946915453305
TT,TCGA-LUAD,TCGA-05-4402-01,TCGA-MP-A4T8-01,0.0015946377036891333,0.28576858386423587,179.20596208350096,179.20596208350096
TT,TCGA-LUAD,TCGA-49-AARR-01,TCGA-78-7537-01,0.0016700681563890855,0.13027392561054632,78.00515512625321,78.00515512625321
TT,TCGA-LUAD,TCGA-78-7152-01,TCGA-MP-A4T4-01,0.001665941258433373,0.2830541345354426,169.90643163590448,169.90643163590448
TT,TCGA-LUAD,TCGA-05-4397-01,TCGA-55-8089-01,0.002281755689114472,0.36035611662726363,157.9293165987961,157.9293165987961
TT,TCGA-LUAD,TCGA-44-8117-01,TCGA-TQ-A7RG-01,0.003220803155206281,0.38352079793139765,119.07613705340975,119.07613705340975
TT,TCGA-LUAD,TCGA-49-AAR9-01,TCGA-86-8671-01,0.0027638011487031333,0.15034251894046305,54.39701007831505,54.39701007831505
TT,TCGA-LUAD,TCGA-05-4420-01,TCGA-86-8278-01,0.0031885325470048034,0.302355733557378,94.82598314431523,94.82598314431523
TT,TCGA-LUAD,TCGA-73-4666-01,TCGA-MT-A51W-01,0.0021914504816199446,0.34528503375751646,157.56004374886805,157.56004374886805
TT,TCGA-LUAD,TCGA-78-7154-01,TCGA-86-6851-01,0.00273191108194673,0.3967554252469342,145.22999224565194,145.22999224565194
TT,TCGA-LUAD,TCGA-44-6145-01,TCGA-55-7910-01,0.0019560723685399625,0.31600441208068136,161.55047081236114,161.55047081236114
TT,TCGA-LUAD,TCGA-78-7150-01,TCGA-S2-AA1A-01,0.0028603076001531063,0.38402574623360064,134.26029641463896,134.26029641463896
TT,TCGA-LUAD,TCGA-05-4405-01,TCGA-91-6830-01,0.0014206242985023623,0.24214516825794397,170.44982865154148,170.44982865154148
TT,TCGA-LUAD,TCGA-50-5066-01,TCGA-KN-8422-01,0.01227194410331748,0.25296540798389,20.61331161991732,20.61331161991732
TT,TCGA-LUAD,TCGA-86-7713-01,TCGA-TQ-A7RV-01,0.0031965495896519487,0.3315724967753377,103.72825056389644,103.72825056389644
TT,TCGA-LUAD,TCGA-44-6775-01,TCGA-55-8091-01,0.001505661473087306,0.22391643544546092,148.71632132973963,148.71632132973963
TT,TCGA-LUAD,TCGA-55-8514-01,TCGA-TQ-A7RG-01,0.0047865434148574955,0.43567476256978965,91.0207481284823,91.0207481284823
TT,TCGA-LUAD,TCGA-75-5146-01,TCGA-MT-A67A-01,0.006288627629599339,0.24005256985050963,38.172489132705074,38.172489132705074
TT,TCGA-LUAD,TCGA-44-7667-01,TCGA-91-6835-01,0.002808777132129515,0.09695531980973722,34.51869452391516,34.51869452391516
TT,TCGA-LUAD,TCGA-55-A4DF-01,TCGA-86-6851-01,0.001616163706443961,0.2697369589020628,166.8995274591112,166.8995274591112
TT,TCGA-LUAD,TCGA-44-7669-01,TCGA-50-5930-01,0.0026201062523331636,0.2953108119251258,112.70947949616783,112.70947949616783
TT,TCGA-LUAD,TCGA-55-6969-01,TCGA-67-4679-01,0.0018898658544157297,0.305849208639334,161.83646470182416,161.83646470182416
TT,TCGA-LUAD,TCGA-44-6774-01,TCGA-MP-A4TK-01,0.0013669337333353923,0.2375762724256615,173.80233337717297,173.80233337717297
TT,TCGA-LUAD,TCGA-05-4390-01,TCGA-TQ-A7RM-01,0.0040667727714428815,0.2855360138096921,70.21194196409076,70.21194196409076
TT,TCGA-LUAD,TCGA-67-3774-01,TCGA-86-7955-01,0.0025095863754508434,0.23984454842797762,95.57134624819993,95.57134624819993
TT,TCGA-LUAD,TCGA-44-7669-01,TCGA-44-A4SU-01,0.0024168162604837305,0.32065246040664597,132.67556398452348,132.67556398452348
TT,TCGA-LUAD,TCGA-78-7161-01,TCGA-MP-A4TD-01,0.0016700695145415972,0.2625958546142551,157.23648167204152,157.23648167204152
TT,TCGA-LUAD,TCGA-49-AAR3-01,TCGA-L4-A4E5-01,0.0020726236447787634,0.3076896507148204,148.45418341623903,148.45418341623903
TT,TCGA-LUAD,TCGA-78-7154-01,TCGA-MT-A67A-01,0.005789582152620476,0.14870815433028411,25.685472700819343,25.685472700819343
TT,TCGA-LUAD,TCGA-44-2657-01,TCGA-44-2661-01,0.0014938271650890961,0.1885862835264374,126.24371007149918,126.24371007149918
TT,TCGA-LUAD,TCGA-55-8508-01,TCGA-86-8074-01,0.0023201035103606066,0.1953763089978826,84.21016912625414,84.21016912625414
TT,TCGA-LUAD,TCGA-44-3917-01,TCGA-49-4488-01,0.0125959827230247,0.08488041257147881,6.738689186697797,6.738689186697797
TT,TCGA-LUAD,TCGA-55-7725-01,TCGA-55-A4DF-01,0.004032157976924736,0.24321104912417651,60.31783737542689,60.31783737542689
TT,TCGA-LUAD,TCGA-49-6744-01,TCGA-NJ-A55O-01,0.0011066150843720458,0.2611159895001937,235.95918146043098,235.95918146043098
TT,TCGA-LUAD,TCGA-55-8207-01,TCGA-NJ-A4YQ-01,0.0017237181186002823,0.2624904302314288,152.2815287482039,152.2815287482039
TT,TCGA-LUAD,TCGA-55-8092-01,TCGA-TQ-A7RJ-01,0.0030330297232677985,0.3760550398339007,123.98659892747028,123.98659892747028
TT,TCGA-LUAD,TCGA-50-8460-01,TCGA-86-A4P8-01,0.0023819660094704332,0.23175444097664008,97.29544420668056,97.29544420668056
TT,TCGA-LUAD,TCGA-44-4112-01,TCGA-50-8460-01,0.0035856352453009586,0.19662580698625845,54.8370912082985,54.8370912082985
TT,TCGA-LUAD,TCGA-44-2655-01,TCGA-55-6968-01,0.0027636801162047066,0.3835793040797617,138.7929456201037,138.7929456201037
TT,TCGA-LUAD,TCGA-55-7913-01,TCGA-TQ-A7RM-01,0.0038544299911727436,0.42556775151136816,110.41003533232822,110.41003533232822
TT,TCGA-LUAD,TCGA-64-1678-01,TCGA-78-7540-01,0.010783172027609613,0.15909969022016976,14.75444236749681,14.75444236749681
TT,TCGA-LUAD,TCGA-44-2657-01,TCGA-MP-A4TC-01,0.0014603212535150005,0.305520851582793,209.2148223189951,209.2148223189951
TT,TCGA-LUAD,TCGA-73-A9RS-01,TCGA-78-7158-01,0.0020763850488197577,0.3966894871380845,191.04813308281504,191.04813308281504
TT,TCGA-LUAD,TCGA-55-6983-01,TCGA-91-6847-01,0.0019973204773960063,0.14913269027277365,74.66638026322367,74.66638026322367
TT,TCGA-LUAD,TCGA-86-8074-01,TCGA-KN-8430-01,0.004423868685534227,0.17246996015399338,38.98622956824178,38.98622956824178
TT,TCGA-LUAD,TCGA-05-4384-01,TCGA-50-5045-01,0.003736825822477481,0.2830778044941418,75.75354537302567,75.75354537302567
TT,TCGA-LUAD,TCGA-75-6214-01,TCGA-93-A4JN-01,0.002104069145880759,0.22822140042563013,108.46668270024801,108.46668270024801
TT,TCGA-LUAD,TCGA-44-2662-01,TCGA-55-8505-01,0.0025318151934326854,0.31910813094370627,126.03926691468074,126.03926691468074
TT,TCGA-LUAD,TCGA-44-7659-01,TCGA-75-5125-01,0.0021253139446559283,0.3491510216581829,164.28209231681663,164.28209231681663
TT,TCGA-LUAD,TCGA-78-7536-01,TCGA-93-A4JP-01,0.0019112422931009735,0.21687399952206154,113.4727921754941,113.4727921754941
TT,TCGA-LUAD,TCGA-50-5932-01,TCGA-N1-A6IA-01,0.0033306548866130696,0.26981811181708626,81.01052826024352,81.01052826024352
TT,TCGA-LUAD,TCGA-50-5930-01,TCGA-78-7150-01,0.0020358812353475264,0.30023819289007575,147.473333747204,147.473333747204
TT,TCGA-LUAD,TCGA-75-5146-01,TCGA-N6-A4V9-01,0.0031939681883505306,0.3444964032213237,107.85843280400137,107.85843280400137
TT,TCGA-LUAD,TCGA-05-4415-01,TCGA-86-8074-01,0.002227696476135871,0.16533339891416055,74.2172017980409,74.2172017980409
TT,TCGA-LUAD,TCGA-KN-8419-01,TCGA-TQ-A7RJ-01,0.004595658246133539,0.42677597058411776,92.8650364598318,92.8650364598318
TT,TCGA-LUAD,TCGA-05-4426-01,TCGA-64-5774-01,0.0018206682158314878,0.36795110872117254,202.09673872574942,202.09673872574942
TT,TCGA-LUAD,TCGA-91-6849-01,TCGA-MP-A4SW-01,0.001869893582759017,0.2592656239404674,138.65260907410706,138.65260907410706
TT,TCGA-LUAD,TCGA-44-7660-01,TCGA-86-A4D0-01,0.0026960937129236534,0.36698969639202633,136.11904313001844,136.11904313001844
TT,TCGA-LUAD,TCGA-44-7662-01,TCGA-50-6594-01,0.0023213397357067004,0.29730623717986043,128.07528023869784,128.07528023869784
TT,TCGA-LUAD,TCGA-78-7167-01,TCGA-86-A4D0-01,0.0027259091705784887,0.39082299875542525,143.3734487464545,143.3734487464545
TT,TCGA-LUAD,TCGA-MP-A4TE-01,TCGA-MT-A67F-01,0.003371941379476371,0.4218546077228319,125.10733736075261,125.10733736075261
TT,TCGA-LUAD,TCGA-49-4507-01,TCGA-86-7953-01,0.006335608716870524,0.2565890553826409,40.49951107292862,40.49951107292862
TT,TCGA-LUAD,TCGA-78-7220-01,TCGA-97-8176-01,0.0021037338982614383,0.2803456431225597,133.26098103673766,133.26098103673766
TT,TCGA-LUAD,TCGA-L4-A4E5-01,TCGA-MP-A5C7-01,0.002564096450488633,0.359863656142272,140.34716052654483,140.34716052654483
TT,TCGA-LUAD,TCGA-05-4402-01,TCGA-N6-A4VC-01,0.0021066064556895464,0.15942847797252946,75.68023801595368,75.68023801595368
TT,TCGA-LUAD,TCGA-86-8672-01,TCGA-97-A4M1-01,0.002111819010669939,0.3574446024899216,169.25910823036315,169.25910823036315
TT,TCGA-LUAD,TCGA-73-7498-01,TCGA-91-8499-01,0.003844460474139332,0.34011129904822013,88.46788810447104,88.46788810447104
TT,TCGA-LUAD,TCGA-55-7914-01,TCGA-86-8668-01,0.002196107792140126,0.25539323867073604,116.29358066338497,116.29358066338497
TT,TCGA-LUAD,TCGA-44-7659-01,TCGA-NJ-A55A-01,0.0008727320115447001,0.19691025950050553,225.62511389032517,225.62511389032517
TT,TCGA-LUAD,TCGA-05-4250-01,TCGA-44-2659-01,0.00231964376944331,0.30067303278956004,129.62034806823738,129.62034806823738
TT,TCGA-LUAD,TCGA-50-5939-01,TCGA-78-7143-01,0.0016115928796114995,0.36485190854155836,226.3921075585242,226.3921075585242
TT,TCGA-LUAD,TCGA-38-4628-01,TCGA-44-6147-01,0.004651392534715189,0.2554489080957282,54.918802528320626,54.918802528320626
TT,TCGA-LUAD,TCGA-38-4627-01,TCGA-86-8673-01,0.0033208314977980417,0.35166225215738167,105.8958433725288,105.8958433725288
TT,TCGA-LUAD,TCGA-44-8119-01,TCGA-91-6835-01,0.001569458589656591,0.20595373133852546,131.22597352733573,131.22597352733573
TT,TCGA-LUAD,TCGA-35-4123-01,TCGA-86-A4P8-01,0.005428112452661017,0.33654205043906094,61.99983021244859,61.99983021244859
TT,TCGA-LUAD,TCGA-05-4398-01,TCGA-64-1676-01,0.0072896931611832584,0.1842125341015759,25.270272702626983,25.270272702626983
TT,TCGA-LUAD,TCGA-73-7499-01,TCGA-MP-A4SV-01,0.003354814375247397,0.21588176529218844,64.34983911032886,64.34983911032886
TT,TCGA-LUAD,TCGA-05-4420-01,TCGA-49-6742-01,0.0024581172952022937,0.3827065038349506,155.69090400279507,155.69090400279507
TT,TCGA-LUAD,TCGA-86-7713-01,TCGA-TQ-A7RH-01,0.003215768131395695,0.30765293992854564,95.67012525714014,95.67012525714014
TT,TCGA-LUAD,TCGA-55-8512-01,TCGA-97-8547-01,0.0014193070331887108,0.34103443982467907,240.28235741105865,240.28235741105865
TT,TCGA-LUAD,TCGA-44-8119-01,TCGA-55-1595-01,0.0016738795412266708,0.2882371452746146,172.19706566422664,172.19706566422664
TT,TCGA-LUAD,TCGA-49-AAR3-01,TCGA-97-8172-01,0.0025568798847543537,0.2910852543896359,113.84392991053673,113.84392991053673
TT,TCGA-LUAD,TCGA-KN-8437-01,TCGA-MT-A7BN-01,0.012274215796438592,0.40876943383440134,33.30309981620229,33.30309981620229
TT,TCGA-LUAD,TCGA-05-4382-01,TCGA-55-8208-01,0.0007432795837468628,0.23991298425981192,322.77623320475675,322.77623320475675
TT,TCGA-LUAD,TCGA-44-A479-01,TCGA-97-8172-01,0.0016062939232839388,0.27920293419416614,173.81808531240546,173.81808531240546
TT,TCGA-LUAD,TCGA-49-AARQ-01,TCGA-78-7536-01,0.006112208795232885,0.39321359409021106,64.3324872011721,64.3324872011721
TT,TCGA-LUAD,TCGA-05-4424-01,TCGA-75-6211-01,0.0019584910093675776,0.27456431697050176,140.1917678749836,140.1917678749836
TT,TCGA-LUAD,TCGA-38-6178-01,TCGA-55-7227-01,0.0013412858106790942,0.23928472970253256,178.3995087380985,178.3995087380985
TT,TCGA-LUAD,TCGA-55-6642-01,TCGA-67-3773-01,0.004330442138147971,0.35128991294222495,81.12102684564756,81.12102684564756
TT,TCGA-LUAD,TCGA-44-3918-01,TCGA-75-5126-01,0.0028610831170029537,0.2386431389226374,83.4100685521577,83.4100685521577
TT,TCGA-LUAD,TCGA-44-6776-01,TCGA-64-5778-01,0.0037114590083366763,0.3387099745118919,91.26059960546023,91.26059960546023
TT,TCGA-LUAD,TCGA-55-7227-01,TCGA-N6-A4VG-01,0.002790610866188518,0.24975313426749662,89.4976570519183,89.4976570519183
TT,TCGA-LUAD,TCGA-50-5931-01,TCGA-55-6979-01,0.0022414651182900884,0.30272271936580264,135.05573515091592,135.05573515091592
TT,TCGA-LUAD,TCGA-49-AAR4-01,TCGA-86-7713-01,0.003131281077743202,0.35145148709369595,112.23888190420658,112.23888190420658
TT,TCGA-LUAD,TCGA-49-AARR-01,TCGA-55-8085-01,0.0019166563519832478,0.21829597452707283,113.89416485703997,113.89416485703997
TT,TCGA-LUAD,TCGA-55-6985-01,TCGA-67-3770-01,0.004672621222544204,0.16743319496641518,35.83281995095018,35.83281995095018
TT,TCGA-LUAD,TCGA-55-7727-01,TCGA-N6-A4VF-01,0.004199371202045244,0.41806997219707687,99.55537438401774,99.55537438401774
TT,TCGA-LUAD,TCGA-44-A47A-01,TCGA-55-8204-01,0.002187624029791296,0.37190549323217076,170.00430063279717,170.00430063279717
TT,TCGA-LUAD,TCGA-55-6981-01,TCGA-NJ-A4YI-01,0.0018983865178026102,0.3135247847570066,165.1532929763496,165.1532929763496
TT,TCGA-LUAD,TCGA-64-5778-01,TCGA-KN-8429-01,0.006650929798945297,0.336170768840186,50.544928153278036,50.544928153278036
TT,TCGA-LUAD,TCGA-86-8359-01,TCGA-86-A4P8-01,0.002491728030591666,0.3805331623167201,152.71857828976692,152.71857828976692
TT,TCGA-LUAD,TCGA-05-4415-01,TCGA-97-8171-01,0.003717611065287496,0.40111184920051657,107.89505468870159,107.89505468870159
TT,TCGA-LUAD,TCGA-78-7166-01,TCGA-78-8648-01,0.0036815377848600666,0.27007108323161927,73.35822664709784,73.35822664709784
TT,TCGA-LUAD,TCGA-50-5045-01,TCGA-86-A4P8-01,0.004355727074617108,0.31904050113785354,73.24621025891503,73.24621025891503
TT,TCGA-LUAD,TCGA-44-A479-01,TCGA-55-7284-01,0.001491384349798971,0.32405531361847584,217.28490959567628,217.28490959567628
TT,TCGA-LUAD,TCGA-38-4628-01,TCGA-TQ-A7RU-01,0.006602909035720394,0.4337306900602218,65.6878184621092,65.6878184621092
TT,TCGA-LUAD,TCGA-05-5425-01,TCGA-49-AAR2-01,0.006235152050594285,0.3196847290545908,51.271360579590194,51.271360579590194
TT,TCGA-LUAD,TCGA-05-4420-01,TCGA-73-4676-01,0.0023799170403330174,0.38250431698429066,160.7217018500643,160.7217018500643
TT,TCGA-LUAD,TCGA-75-7027-01,TCGA-97-A4M5-01,0.0014563124619292175,0.21629422772895218,148.52185460421126,148.52185460421126
TT,TCGA-LUAD,TCGA-44-3918-01,TCGA-55-6968-01,0.0035308020207768563,0.33175229636512193,93.9594727806712,93.9594727806712
TT,TCGA-LUAD,TCGA-50-6593-01,TCGA-55-7576-01,0.0012142049143202898,0.22013736752764632,181.3016608081173,181.3016608081173
TT,TCGA-LUAD,TCGA-78-8662-01,TCGA-TQ-A7RH-01,0.00470479185054113,0.46749454983325384,99.36561800911215,99.36561800911215
TT,TCGA-LUAD,TCGA-50-5066-01,TCGA-50-5946-01,0.010652172883343457,0.24830716870308805,23.310471151980636,23.310471151980636
TT,TCGA-LUAD,TCGA-50-5051-01,TCGA-50-6594-01,0.0030570303461119512,0.3763113273651827,123.09702055911545,123.09702055911545
TT,TCGA-LUAD,TCGA-55-A4DF-01,TCGA-MT-A67F-01,0.0031836754841897017,0.19152167996549435,60.157412687505676,60.157412687505676
TT,TCGA-LUAD,TCGA-91-6829-01,TCGA-97-A4M6-01,0.0022109075352221884,0.3195484414837849,144.53270269924312,144.53270269924312
TT,TCGA-LUAD,TCGA-44-7659-01,TCGA-93-A4JO-01,0.0016748172097295808,0.28379475197128295,169.44819430002454,169.44819430002454
TT,TCGA-LUAD,TCGA-MP-A4SW-01,TCGA-MP-A4T8-01,0.0015488291909817433,0.23209485152308035,149.85180604451568,149.85180604451568
TT,TCGA-LUAD,TCGA-05-4398-01,TCGA-78-7155-01,0.003446054166131879,0.31974428539115396,92.78562378201384,92.78562378201384
TT,TCGA-LUAD,TCGA-05-4384-01,TCGA-N6-A4VD-01,0.001623747120427917,0.3268840792259793,201.31464752949543,201.31464752949543
TT,TCGA-LUAD,TCGA-38-7271-01,TCGA-MT-A51W-01,0.0023702235490171983,0.2474519348244427,104.40025158261862,104.40025158261862
TT,TCGA-LUAD,TCGA-55-7727-01,TCGA-67-3772-01,0.004731328038440056,0.32753025788971,69.22586115962876,69.22586115962876
TT,TCGA-LUAD,TCGA-38-4626-01,TCGA-78-7536-01,0.0018601077067402641,0.22870265128989617,122.95129494984187,122.95129494984187
TT,TCGA-LUAD,TCGA-38-4626-01,TCGA-MP-A4TF-01,0.0015908253151827047,0.3115543873799924,195.84449933411494,195.84449933411494
TT,TCGA-LUAD,TCGA-05-4250-01,TCGA-55-8507-01,0.0019758901575576333,0.30182975738118434,152.75634438822823,152.75634438822823
TT,TCGA-LUAD,TCGA-44-7670-01,TCGA-55-7570-01,0.002052116736882618,0.2519085825267506,122.75548364242978,122.75548364242978
TT,TCGA-LUAD,TCGA-50-5930-01,TCGA-78-7535-01,0.004180268425286297,0.31489192866254323,75.32815997120497,75.32815997120497
TT,TCGA-LUAD,TCGA-55-A492-01,TCGA-91-6829-01,0.00653439742654042,0.3385404509354637,51.80897775829056,51.80897775829056
TT,TCGA-LUAD,TCGA-44-2657-01,TCGA-78-7163-01,0.0021114802102542582,0.21419553209959685,101.4433055348428,101.4433055348428
TT,TCGA-LUAD,TCGA-50-5045-01,TCGA-N6-A4V9-01,0.0033771413539880543,0.1620327732453251,47.97926893228238,47.97926893228238
TT,TCGA-LUAD,TCGA-75-6212-01,TCGA-78-7539-01,0.001682679117262826,0.3345315831133996,198.80889926153841,198.80889926153841
TT,TCGA-LUAD,TCGA-78-7537-01,TCGA-MP-A4T8-01,0.0019073031214147376,0.34806441960093143,182.49035284058857,182.49035284058857
TT,TCGA-LUAD,TCGA-44-6777-01,TCGA-MP-A4TI-01,0.0017283144005441663,0.2597330870930931,150.28115660629524,150.28115660629524
TT,TCGA-LUAD,TCGA-73-4670-01,TCGA-NJ-A4YG-01,0.0026203666136988286,0.2954673884379436,112.75803427401748,112.75803427401748
TT,TCGA-LUAD,TCGA-86-8073-01,TCGA-N6-A4V9-01,0.002437158770266559,0.15972662342118504,65.5380459286677,65.5380459286677
TT,TCGA-LUAD,TCGA-50-5049-01,TCGA-75-6214-01,0.002109874672462163,0.38559672857382205,182.75811999953615,182.75811999953615
TT,TCGA-LUAD,TCGA-67-6217-01,TCGA-86-8669-01,0.0017425689233552363,0.2822073918302169,161.94905581515798,161.94905581515798
TT,TCGA-LUAD,TCGA-55-7815-01,TCGA-55-8513-01,0.006899393518798617,0.17657377153501602,25.592651158961953,25.592651158961953
TT,TCGA-LUAD,TCGA-55-6978-01,TCGA-TQ-A7RF-01,0.0027089054190631524,0.19456444675906015,71.82400883761689,71.82400883761689
TT,TCGA-LUAD,TCGA-44-2657-01,TCGA-78-7150-01,0.0026149583031662036,0.3367395361367837,128.77434249297892,128.77434249297892
TT,TCGA-LUAD,TCGA-49-AARQ-01,TCGA-50-5072-01,0.005953966376075873,0.27966601156781384,46.9713790611185,46.9713790611185
TT,TCGA-LUAD,TCGA-44-3917-01,TCGA-97-8179-01,0.010852793392323028,0.10155808487357271,9.357782941432585,9.357782941432585
TT,TCGA-LUAD,TCGA-75-7025-01,TCGA-78-7537-01,0.0017153617228542403,0.1426893784516644,83.18325898880347,83.18325898880347
TT,TCGA-LUAD,TCGA-05-4390-01,TCGA-KN-8426-01,0.004397106921729354,0.17236420902717203,39.199458210896154,39.199458210896154
TT,TCGA-LUAD,TCGA-55-6985-01,TCGA-97-A4M0-01,0.0013998078101370047,0.23561367122892946,168.3185859677901,168.3185859677901
TT,TCGA-LUAD,TCGA-05-4417-01,TCGA-50-6592-01,0.0015285658568002475,0.3037519186742148,198.71693281836073,198.71693281836073
TT,TCGA-LUAD,TCGA-35-5375-01,TCGA-97-7552-01,0.00964697837631459,0.15076756535252764,15.62847551547275,15.62847551547275
TT,TCGA-LUAD,TCGA-86-8076-01,TCGA-TQ-A8XE-01,0.0025033403141651797,0.11488581493817084,45.8930071505213,45.8930071505213
TT,TCGA-LUAD,TCGA-75-5122-01,TCGA-KN-8429-01,0.0036882082563679274,0.383627331125637,104.01455244922244,104.01455244922244
TT,TCGA-LUAD,TCGA-55-6984-01,TCGA-75-6212-01,0.0017712355503845304,0.35327970668076214,199.45382566653322,199.45382566653322
TT,TCGA-LUAD,TCGA-55-A4DF-01,TCGA-75-5146-01,0.003860165149819405,0.29666267833089055,76.85232802663111,76.85232802663111
TT,TCGA-LUAD,TCGA-KN-8428-01,TCGA-N6-A4VG-01,0.004630678167468755,0.3853877732757789,83.22490990265504,83.22490990265504
TT,TCGA-LUAD,TCGA-50-5933-01,TCGA-75-6212-01,0.002181948494828689,0.3726090178859696,170.76893371638647,170.76893371638647
TT,TCGA-LUAD,TCGA-64-1680-01,TCGA-N6-A4VD-01,0.002558062007222003,0.4039715915278832,157.92095359196827,157.92095359196827
TT,TCGA-LUAD,TCGA-55-8087-01,TCGA-78-7537-01,0.0017517021589679126,0.2935562056562081,167.58340118115103,167.58340118115103
TT,TCGA-LUAD,TCGA-50-5939-01,TCGA-78-7536-01,0.0017639656945990624,0.356035143470781,201.8379068033437,201.8379068033437
TT,TCGA-LUAD,TCGA-55-6983-01,TCGA-TQ-A7RS-01,0.002869194946319413,0.08930465306006699,31.12533471266095,31.12533471266095
TT,TCGA-LUAD,TCGA-55-A491-01,TCGA-J2-8192-01,0.003230237415732401,0.2470136387057211,76.46919000525384,76.46919000525384
TT,TCGA-LUAD,TCGA-75-6214-01,TCGA-93-A4JO-01,0.0023280844317444026,0.26016652512272187,111.75132721788039,111.75132721788039
TT,TCGA-LUAD,TCGA-49-4501-01,TCGA-NJ-A4YQ-01,0.002572708007954825,0.2993640290714203,116.3614479940146,116.3614479940146
TT,TCGA-LUAD,TCGA-38-4632-01,TCGA-50-5930-01,0.003416593181165854,0.3173753029980184,92.89233050852123,92.89233050852123
TT,TCGA-LUAD,TCGA-05-4250-01,TCGA-55-6543-01,0.001806458904946615,0.3195237552368251,176.87850764934382,176.87850764934382
TT,TCGA-LUAD,TCGA-49-6761-01,TCGA-49-AAQV-01,0.0019989850560172217,0.2134173441469962,106.76285123021829,106.76285123021829
TT,TCGA-LUAD,TCGA-78-7540-01,TCGA-86-8358-01,0.003728805572655098,0.3974186115926196,106.58067411909532,106.58067411909532
TT,TCGA-LUAD,TCGA-49-AAR0-01,TCGA-55-A4DF-01,0.0036506954918184213,0.2898349149303047,79.39169826129135,79.39169826129135
TT,TCGA-LUAD,TCGA-05-4405-01,TCGA-97-7546-01,0.0012245804471709004,0.2683761827019988,219.15765789174378,219.15765789174378
TT,TCGA-LUAD,TCGA-50-5049-01,TCGA-64-5774-01,0.0019793458308285375,0.35428468150061676,178.99079381813544,178.99079381813544
TT,TCGA-LUAD,TCGA-86-8054-01,TCGA-NJ-A55A-01,0.0018027240237048414,0.29406021699971074,163.1199302461046,163.1199302461046
TT,TCGA-LUAD,TCGA-64-5781-01,TCGA-73-4668-01,0.002927823344064011,0.2839543736645514,96.9848041686846,96.9848041686846
TT,TCGA-LUAD,TCGA-55-7816-01,TCGA-KN-8428-01,0.0032667960916739937,0.2706294350050338,82.84246319957975,82.84246319957975
TT,TCGA-LUAD,TCGA-50-6594-01,TCGA-86-8076-01,0.00247529243013847,0.31621011368244367,127.74656837808638,127.74656837808638
TT,TCGA-LUAD,TCGA-35-4122-01,TCGA-49-4514-01,0.006681534665294166,0.34355443064171726,51.418491088018875,51.418491088018875
TT,TCGA-LUAD,TCGA-05-4398-01,TCGA-50-6593-01,0.0014004550968839432,0.25086240710224395,179.12920425683103,179.12920425683103
TT,TCGA-LUAD,TCGA-73-4675-01,TCGA-73-7499-01,0.0032437525177519905,0.361811466275466,111.54102056041295,111.54102056041295
TT,TCGA-LUAD,TCGA-05-5420-01,TCGA-50-5066-01,0.0021148809632826246,0.2777271662605064,131.32047197088133,131.32047197088133
TT,TCGA-LUAD,TCGA-49-4487-01,TCGA-78-7167-01,0.002493233355846855,0.3607169343199602,144.67836854261827,144.67836854261827
TT,TCGA-LUAD,TCGA-44-2668-01,TCGA-TQ-A7RQ-01,0.004905674464700213,0.4761469353503177,97.06044271313367,97.06044271313367
TT,TCGA-LUAD,TCGA-NJ-A4YG-01,TCGA-TQ-A7RJ-01,0.003170266182509318,0.32384137428702164,102.1495848120538,102.1495848120538
TT,TCGA-LUAD,TCGA-86-7955-01,TCGA-NJ-A4YQ-01,0.0017128727344841196,0.3187603432525186,186.09692175906014,186.09692175906014
TT,TCGA-LUAD,TCGA-55-7728-01,TCGA-55-A57B-01,0.002491624830319383,0.3387632194801125,135.96076558471643,135.96076558471643
TT,TCGA-LUAD,TCGA-44-7671-01,TCGA-KN-8429-01,0.0039002234062844527,0.2491030103187311,63.86890810340505,63.86890810340505
TT,TCGA-LUAD,TCGA-44-5643-01,TCGA-55-A491-01,0.0034734950352037644,0.33523000914645584,96.51086463314618,96.51086463314618
TT,TCGA-LUAD,TCGA-05-4424-01,TCGA-86-7713-01,0.0021229875073015348,0.34378875919352486,161.93630815590825,161.93630815590825
TT,TCGA-LUAD,TCGA-05-4422-01,TCGA-55-A493-01,0.0028016136243048224,0.380058547167247,135.65701703836936,135.65701703836936
TT,TCGA-LUAD,TCGA-55-6987-01,TCGA-75-6206-01,0.0017792781705834933,0.3308430953822806,185.9423112428702,185.9423112428702
TT,TCGA-LUAD,TCGA-50-5942-01,TCGA-50-8460-01,0.0022409519622924325,0.2707219421194782,120.8066690740381,120.8066690740381
TT,TCGA-LUAD,TCGA-44-6147-01,TCGA-50-5049-01,0.002443044241769808,0.24599714367433337,100.69287304274373,100.69287304274373
TT,TCGA-LUAD,TCGA-50-5941-01,TCGA-55-8615-01,0.00191882757661764,0.3270274080628264,170.43084644389197,170.43084644389197
TT,TCGA-LUAD,TCGA-05-4433-01,TCGA-50-6597-01,0.0072116718040202525,0.2995026828676294,41.530270789731055,41.530270789731055
TT,TCGA-LUAD,TCGA-50-8460-01,TCGA-55-6968-01,0.003104719530146455,0.390178513198672,125.6727087294312,125.6727087294312
TT,TCGA-LUAD,TCGA-97-7553-01,TCGA-KN-8432-01,0.0028551776435115097,0.11407783997831615,39.954725842562546,39.954725842562546
TT,TCGA-LUAD,TCGA-05-4432-01,TCGA-86-7953-01,0.0015747673089314968,0.291770164919394,185.27827144021958,185.27827144021958
TT,TCGA-LUAD,TCGA-55-7995-01,TCGA-TQ-A7RN-01,0.002713960367038586,0.2863897470678727,105.52466076738435,105.52466076738435
TT,TCGA-LUAD,TCGA-55-6975-01,TCGA-L3-A524-01,0.0023342415005671103,0.3587352983772105,153.68388330430028,153.68388330430028
TT,TCGA-LUAD,TCGA-44-6777-01,TCGA-55-1596-01,0.0024493819360388667,0.3802557920839771,155.24560971447582,155.24560971447582
TT,TCGA-LUAD,TCGA-97-7553-01,TCGA-NJ-A4YF-01,0.003314411520108653,0.14569669012766828,43.95853962120312,43.95853962120312
TT,TCGA-LUAD,TCGA-49-AAR3-01,TCGA-67-3773-01,0.0041590619372170266,0.3770554157252204,90.6587642639247,90.6587642639247
TT,TCGA-LUAD,TCGA-38-4630-01,TCGA-64-5778-01,0.0049212962103086805,0.38696593291001113,78.63089649012193,78.63089649012193
TT,TCGA-LUAD,TCGA-55-7995-01,TCGA-67-3771-01,0.0023777392484566296,0.2853957292502074,120.02818620059173,120.02818620059173
TT,TCGA-LUAD,TCGA-MP-A4T9-01,TCGA-N6-A4VF-01,0.0017460725450078114,0.1856251161616455,106.31008241459696,106.31008241459696
TT,TCGA-LUAD,TCGA-86-8358-01,TCGA-MP-A4T8-01,0.0022088271877278042,0.3720767525406446,168.4499152346073,168.4499152346073
TT,TCGA-LUAD,TCGA-38-4625-01,TCGA-97-8176-01,0.0074055957425424816,0.287058657725531,38.76239909727753,38.76239909727753
TT,TCGA-LUAD,TCGA-73-4675-01,TCGA-97-7937-01,0.0024617117393602845,0.33348447461195985,135.46853162369902,135.46853162369902
TT,TCGA-LUAD,TCGA-64-5781-01,TCGA-TQ-A7RQ-01,0.00690215214808774,0.4368162610495819,63.28696494623101,63.28696494623101
TT,TCGA-LUAD,TCGA-38-4630-01,TCGA-55-A48X-01,0.0021626502792026514,0.16397468814037094,75.82117632113263,75.82117632113263
TT,TCGA-LUAD,TCGA-55-6543-01,TCGA-MP-A4T4-01,0.0014169309292652887,0.28350021693542576,200.08047751659083,200.08047751659083
TT,TCGA-LUAD,TCGA-05-4398-01,TCGA-55-8511-01,0.0016592030463374974,0.2527087645394023,152.30731711662912,152.30731711662912
TT,TCGA-LUAD,TCGA-05-4397-01,TCGA-50-5935-01,0.0022000709804502246,0.32147444589253515,146.1200337394334,146.1200337394334
TT,TCGA-LUAD,TCGA-05-4432-01,TCGA-50-5930-01,0.0016202436297077733,0.2288250346836636,141.2287821955112,141.2287821955112
TT,TCGA-LUAD,TCGA-MP-A4SW-01,TCGA-TQ-A7RG-01,0.0033658890681976293,0.27195637519539045,80.79778319640761,80.79778319640761
TT,TCGA-LUAD,TCGA-44-8119-01,TCGA-78-7143-01,0.0018090380184668672,0.3640340779999158,201.23075042305038,201.23075042305038
TT,TCGA-LUAD,TCGA-44-A47B-01,TCGA-78-8662-01,0.004011180002871843,0.2336851737891457,58.25846100694472,58.25846100694472
TT,TCGA-LUAD,TCGA-50-5072-01,TCGA-55-7576-01,0.0016120347484277501,0.25792836115582307,160.00173780831076,160.00173780831076
TT,TCGA-LUAD,TCGA-50-5941-01,TCGA-86-8076-01,0.00096698594368807,0.23123495814506123,239.12959609643812,239.12959609643812
TT,TCGA-LUAD,TCGA-NJ-A55A-01,TCGA-TQ-A7RQ-01,0.0021496938601309225,0.12303526000097115,57.233851890649184,57.233851890649184
TT,TCGA-LUAD,TCGA-97-8179-01,TCGA-TQ-A7RJ-01,0.0026563398343727087,0.3072334159631768,115.66043319744502,115.66043319744502
TT,TCGA-LUAD,TCGA-05-4396-01,TCGA-KN-8418-01,0.004592803871767397,0.13371894882133323,29.114883316338013,29.114883316338013
TT,TCGA-LUAD,TCGA-49-AARO-01,TCGA-MP-A4T8-01,0.0014351525646427751,0.22578689891745155,157.3260602949571,157.3260602949571
TT,TCGA-LUAD,TCGA-86-8076-01,TCGA-91-6835-01,0.0015655620119499334,0.26919007153597285,171.94468790200918,171.94468790200918
TT,TCGA-LUAD,TCGA-55-6983-01,TCGA-55-8620-01,0.0018847083438917902,0.27288404590387305,144.78847445456026,144.78847445456026
TT,TCGA-LUAD,TCGA-05-5428-01,TCGA-50-5068-01,0.001985866314019465,0.2403862870782876,121.04857481153255,121.04857481153255
TT,TCGA-LUAD,TCGA-55-7727-01,TCGA-55-A48X-01,0.003459176847509317,0.17910792153117033,51.77761341115935,51.77761341115935
TT,TCGA-LUAD,TCGA-75-5146-01,TCGA-MP-A4TE-01,0.0030986145306372563,0.3568770446038032,115.17310109896387,115.17310109896387
TT,TCGA-LUAD,TCGA-55-8092-01,TCGA-78-7160-01,0.0017777768220840365,0.2135033563506001,120.09570250798764,120.09570250798764
TT,TCGA-LUAD,TCGA-J2-A4AD-01,TCGA-KN-8418-01,0.004726084986269915,0.19794477425619833,41.88345635579169,41.88345635579169
TT,TCGA-LUAD,TCGA-05-4418-01,TCGA-44-3919-01,0.0025604448490925773,0.2213944068124311,86.46716483305367,86.46716483305367
TT,TCGA-LUAD,TCGA-44-2656-01,TCGA-86-A456-01,0.0023754461518096298,0.2955203852112122,124.40626573920984,124.40626573920984
TT,TCGA-LUAD,TCGA-50-5941-01,TCGA-55-8087-01,0.0016502112996466876,0.3343451528488985,202.60747997573537,202.60747997573537
TT,TCGA-LUAD,TCGA-44-2666-01,TCGA-75-6205-01,0.0018372839826950019,0.24490476421115404,133.29717480686784,133.29717480686784
TT,TCGA-LUAD,TCGA-44-3918-01,TCGA-44-6146-01,0.0033484542496238037,0.35465346163324607,105.91557632095201,105.91557632095201
TT,TCGA-LUAD,TCGA-NJ-A4YP-01,TCGA-S2-AA1A-01,0.0016059735841200142,0.3480750348634113,216.73770870530066,216.73770870530066
TT,TCGA-LUAD,TCGA-50-6590-01,TCGA-78-7158-01,0.002117402332928526,0.3880034054913596,183.24500708125782,183.24500708125782
TT,TCGA-LUAD,TCGA-49-4494-01,TCGA-93-A4JP-01,0.004716183122815394,0.21889870452762927,46.414377649728436,46.414377649728436
TT,TCGA-LUAD,TCGA-44-6148-01,TCGA-KN-8436-01,0.003289982048322917,0.023497618891609652,7.14217237251725,7.14217237251725
TT,TCGA-LUAD,TCGA-86-8672-01,TCGA-93-8067-01,0.00237448633500396,0.30394610562311275,128.00499255035967,128.00499255035967
TT,TCGA-LUAD,TCGA-91-6828-01,TCGA-MP-A4SW-01,0.0025841735096586967,0.28549541787523186,110.47842445878896,110.47842445878896
TT,TCGA-LUAD,TCGA-64-1676-01,TCGA-91-8497-01,0.009160998792050614,0.21470105109060472,23.436423905754676,23.436423905754676
TT,TCGA-LUAD,TCGA-44-A47A-01,TCGA-55-6543-01,0.0016865564826972104,0.33031791293150026,195.85345425445954,195.85345425445954
TT,TCGA-LUAD,TCGA-35-3615-01,TCGA-86-A456-01,0.0026045396432090783,0.23292763734200073,89.43140410602787,89.43140410602787
TT,TCGA-LUAD,TCGA-50-6590-01,TCGA-MT-A51W-01,0.0019680355562250625,0.3149216361730147,160.0182655119675,160.0182655119675
TT,TCGA-LUAD,TCGA-KN-8427-01,TCGA-KN-8433-01,0.00909437521589555,0.41830167776996596,45.99564762171236,45.99564762171236
TT,TCGA-LUAD,TCGA-05-4418-01,TCGA-73-4659-01,0.0019158558857935051,0.24007651048286857,125.31031810017078,125.31031810017078
TT,TCGA-LUAD,TCGA-50-5935-01,TCGA-78-7161-01,0.001515683366589524,0.3006717770746681,198.37373933265295,198.37373933265295
TT,TCGA-LUAD,TCGA-44-2661-01,TCGA-S2-AA1A-01,0.0028554408321307206,0.24686008186226802,86.45252918025335,86.45252918025335
TT,TCGA-LUAD,TCGA-55-8090-01,TCGA-78-8655-01,0.0010964358126414426,0.22217351311718314,202.6324847798806,202.6324847798806
TT,TCGA-LUAD,TCGA-50-5072-01,TCGA-55-8615-01,0.0021261017142855075,0.2776218522719165,130.5778789446174,130.5778789446174
TT,TCGA-LUAD,TCGA-44-7670-01,TCGA-50-5944-01,0.0020302052322707202,0.300464687075804,147.9971986574696,147.9971986574696
TT,TCGA-LUAD,TCGA-44-5645-01,TCGA-64-5815-01,0.002681249534320792,0.3302142280913326,123.15684305563215,123.15684305563215
TT,TCGA-LUAD,TCGA-55-8616-01,TCGA-O1-A52J-01,0.002553448340703985,0.33130487466749986,129.74802324614848,129.74802324614848
TT,TCGA-LUAD,TCGA-44-6779-01,TCGA-73-4677-01,0.002170870847582258,0.3447617193699004,158.8126349173966,158.8126349173966
TT,TCGA-LUAD,TCGA-67-6217-01,TCGA-91-6831-01,0.0018509776705650817,0.3454496376848928,186.63090494194404,186.63090494194404
TT,TCGA-LUAD,TCGA-64-5815-01,TCGA-97-A4M6-01,0.002033597412724302,0.280591147242491,137.97772631240616,137.97772631240616
TT,TCGA-LUAD,TCGA-55-8510-01,TCGA-J2-A4AE-01,0.0014913766889625077,0.2658720976700769,178.27293375158874,178.27293375158874
TT,TCGA-LUAD,TCGA-75-6206-01,TCGA-MP-A4TA-01,0.002082211054037706,0.3844707406146256,184.6454228878872,184.6454228878872
TT,TCGA-LUAD,TCGA-64-1681-01,TCGA-86-7954-01,0.001763626370721118,0.2578230172473101,146.18913706869245,146.18913706869245
TT,TCGA-LUAD,TCGA-05-4426-01,TCGA-75-6203-01,0.0012082240114973273,0.3364639116563828,278.47808722110227,278.47808722110227
TT,TCGA-LUAD,TCGA-55-A57B-01,TCGA-MP-A4TI-01,0.001184741998640976,0.2907660793137821,245.42565355775477,245.42565355775477
TT,TCGA-LUAD,TCGA-49-4505-01,TCGA-97-8171-01,0.003529322082802335,0.26590397693727974,75.34137454696341,75.34137454696341
TT,TCGA-LUAD,TCGA-49-4490-01,TCGA-J2-8194-01,0.003147403087395406,0.3189564275483206,101.33955476680586,101.33955476680586
TT,TCGA-LUAD,TCGA-J2-8192-01,TCGA-N1-A6IA-01,0.00236019571405678,0.020008275947705143,8.477380002234762,8.477380002234762
TT,TCGA-LUAD,TCGA-50-5066-01,TCGA-KN-8430-01,0.01131014110253921,0.4167320853753036,36.845878543614646,36.845878543614646
TT,TCGA-LUAD,TCGA-97-7547-01,TCGA-KN-8419-01,0.004198758985113786,0.19951602030949434,47.51785492257481,47.51785492257481
TT,TCGA-LUAD,TCGA-49-AARE-01,TCGA-55-6543-01,0.003116839633171489,0.314911405150446,101.03548536759753,101.03548536759753
TT,TCGA-LUAD,TCGA-93-8067-01,TCGA-97-A4M5-01,0.0014344102455107611,0.19356150100901842,134.9415215171553,134.9415215171553
TT,TCGA-LUAD,TCGA-44-2656-01,TCGA-TQ-A7RN-01,0.00429017579172428,0.42437805575453097,98.91857032365745,98.91857032365745
TT,TCGA-LUAD,TCGA-55-6968-01,TCGA-KN-8433-01,0.009493830235491621,0.17788526192980048,18.7369330941685,18.7369330941685
TT,TCGA-LUAD,TCGA-50-6594-01,TCGA-KN-8425-01,0.005030906669571778,0.35856624440217044,71.27268859326523,71.27268859326523
TT,TCGA-LUAD,TCGA-55-6972-01,TCGA-93-A4JN-01,0.003984415468138908,0.12253199178036502,30.752815001393127,30.752815001393127
TT,TCGA-LUAD,TCGA-55-6983-01,TCGA-TQ-A7RN-01,0.002931059568143431,0.07522379524122855,25.664369315044738,25.664369315044738
TT,TCGA-LUAD,TCGA-55-7728-01,TCGA-78-8655-01,0.002072016143960326,0.3011439818642767,145.3386271830336,145.3386271830336
TT,TCGA-LUAD,TCGA-05-5423-01,TCGA-38-4625-01,0.00856142063298696,0.33640736539511995,39.293404659846985,39.293404659846985
TT,TCGA-LUAD,TCGA-44-6779-01,TCGA-64-1677-01,0.0057602188750416556,0.36711229664318396,63.73235194826328,63.73235194826328
TT,TCGA-LUAD,TCGA-44-7659-01,TCGA-55-6642-01,0.0019550470965109144,0.24311529742645638,124.35265516638113,124.35265516638113
TT,TCGA-LUAD,TCGA-55-8089-01,TCGA-MP-A4T4-01,0.0013789137896037507,0.2934308050062005,212.7985137421258,212.7985137421258
TT,TCGA-LUAD,TCGA-44-3918-01,TCGA-55-7995-01,0.004509581271829549,0.3058765517236316,67.82814928613908,67.82814928613908
TT,TCGA-LUAD,TCGA-55-7911-01,TCGA-64-5774-01,0.0015090622411650283,0.3638699655282487,241.123232430316,241.123232430316
TT,TCGA-LUAD,TCGA-55-6975-01,TCGA-55-7724-01,0.003078823004652208,0.3631127609609156,117.93882285933283,117.93882285933283
TT,TCGA-LUAD,TCGA-55-8508-01,TCGA-N6-A4VD-01,0.001517570369038666,0.3909188135381086,257.5951807663085,257.5951807663085
TT,TCGA-LUAD,TCGA-38-4632-01,TCGA-55-6985-01,0.003610013875801664,0.1352396727872054,37.46236924288086,37.46236924288086
TT,TCGA-LUAD,TCGA-44-A4SU-01,TCGA-97-A4M3-01,0.0016069596670975476,0.30236676844344934,188.16077007681034,188.16077007681034
TT,TCGA-LUAD,TCGA-55-A57B-01,TCGA-64-1677-01,0.005801976644653026,0.2427569254387887,41.84038308091229,41.84038308091229
TT,TCGA-LUAD,TCGA-55-7907-01,TCGA-86-7713-01,0.0021820529723243763,0.35282162437368336,161.69251106578275,161.69251106578275
TT,TCGA-LUAD,TCGA-75-7025-01,TCGA-97-A4M0-01,0.0013993034830019893,0.23222449845954315,165.95720748249792,165.95720748249792
TT,TCGA-LUAD,TCGA-78-7156-01,TCGA-KN-8418-01,0.004008019071963961,0.3937272657631691,98.23487830117526,98.23487830117526
TT,TCGA-LUAD,TCGA-05-4420-01,TCGA-44-5645-01,0.0041448227055702865,0.3869278125687582,93.35207801500421,93.35207801500421
TT,TCGA-LUAD,TCGA-44-2662-01,TCGA-55-A493-01,0.0021321462527143144,0.29564557293960714,138.6610194132966,138.6610194132966
TT,TCGA-LUAD,TCGA-44-7670-01,TCGA-97-8547-01,0.0020911535337821874,0.33471380936750983,160.06180510434643,160.06180510434643
TT,TCGA-LUAD,TCGA-55-8208-01,TCGA-64-5779-01,0.0014457910906930322,0.22350755955529467,154.59187775749643,154.59187775749643
TT,TCGA-LUAD,TCGA-49-4488-01,TCGA-49-AARE-01,0.003879654529633381,0.35602220009307206,91.76646976521268,91.76646976521268
TT,TCGA-LUAD,TCGA-44-7667-01,TCGA-MP-A4TI-01,0.002030616928867168,0.25905872138105746,127.57636248289334,127.57636248289334
TT,TCGA-LUAD,TCGA-55-7724-01,TCGA-TQ-A7RS-01,0.007237837666382606,0.33942529149775236,46.895952512761106,46.895952512761106
TT,TCGA-LUAD,TCGA-55-6642-01,TCGA-93-A4JQ-01,0.0018571950523756451,0.08443227238083109,45.4622535596511,45.4622535596511
NN,TCGA-LUAD,TCGA-38-4625-11,TCGA-38-4626-11,0.0003088324138407685,0.13485116819481183,436.6483638091823,436.6483638091823
NN,TCGA-LUAD,TCGA-38-4625-11,TCGA-38-4627-11,0.000607825952838567,0.17114706927337014,281.57249369512397,281.57249369512397
NN,TCGA-LUAD,TCGA-38-4625-11,TCGA-38-4632-11,0.000592060435991178,0.20497057363435664,346.19873440996287,346.19873440996287
NN,TCGA-LUAD,TCGA-38-4625-11,TCGA-44-2655-11,0.0010773589376511245,0.14492676346595243,134.52040763863167,134.52040763863167
NN,TCGA-LUAD,TCGA-38-4625-11,TCGA-44-2657-11,0.0007966359470046044,0.0679094338571609,85.24525426263297,85.24525426263297
NN,TCGA-LUAD,TCGA-38-4625-11,TCGA-44-2661-11,0.001095800644020975,0.14766963054722257,134.75957634534478,134.75957634534478
NN,TCGA-LUAD,TCGA-38-4625-11,TCGA-44-2662-11,0.001186208307550667,0.234578883033632,197.75521848940713,197.75521848940713
NN,TCGA-LUAD,TCGA-38-4625-11,TCGA-44-2665-11,0.0009350352066875217,0.17359349218543457,185.65449829468034,185.65449829468034
NN,TCGA-LUAD,TCGA-38-4625-11,TCGA-44-2668-11,0.0013528905435956718,0.20939722659616894,154.77765558153678,154.77765558153678
NN,TCGA-LUAD,TCGA-38-4625-11,TCGA-44-3396-11,0.0014245796365301557,0.11574516262501477,81.24864321866549,81.24864321866549
NN,TCGA-LUAD,TCGA-38-4625-11,TCGA-44-3398-11,0.0010925258785082106,0.12840581551539804,117.53114323546252,117.53114323546252
NN,TCGA-LUAD,TCGA-38-4625-11,TCGA-44-5645-11,0.0010568732205365303,0.1706447388254267,161.46188162360428,161.46188162360428
NN,TCGA-LUAD,TCGA-38-4625-11,TCGA-44-6144-11,0.0010523980566694972,0.24425485593421875,232.09360221284248,232.09360221284248
NN,TCGA-LUAD,TCGA-38-4625-11,TCGA-44-6145-11,0.0011977759071988394,0.15583223239905666,130.1013248492294,130.1013248492294
NN,TCGA-LUAD,TCGA-38-4625-11,TCGA-44-6146-11,0.0020011196977936683,0.217578093097586,108.72817519985257,108.72817519985257
NN,TCGA-LUAD,TCGA-38-4625-11,TCGA-44-6147-11,0.002399459595670006,0.1744733159670419,72.71358779363958,72.71358779363958
NN,TCGA-LUAD,TCGA-38-4625-11,TCGA-44-6148-11,0.0016635091145979321,0.147236488100553,88.50957701914358,88.50957701914358
NN,TCGA-LUAD,TCGA-38-4625-11,TCGA-44-6776-11,0.0015004586953501725,0.2161650947834935,144.06600825026078,144.06600825026078
NN,TCGA-LUAD,TCGA-38-4625-11,TCGA-44-6777-11,0.000813925812567248,0.11309515621881472,138.95020218377778,138.95020218377778
NN,TCGA-LUAD,TCGA-38-4625-11,TCGA-44-6778-11,0.0016298475135946909,0.16849248857894686,103.37929602219673,103.37929602219673
NN,TCGA-LUAD,TCGA-38-4625-11,TCGA-49-4490-11,0.0013106449657174953,0.1679856586486691,128.1702238536487,128.1702238536487
NN,TCGA-LUAD,TCGA-38-4625-11,TCGA-49-4512-11,0.001678129117111007,0.1788784256075113,106.59395858374741,106.59395858374741
NN,TCGA-LUAD,TCGA-38-4625-11,TCGA-49-6742-11,0.0007691190704003409,0.173596829884721,225.70865366055816,225.70865366055816
NN,TCGA-LUAD,TCGA-38-4625-11,TCGA-49-6743-11,0.0006772531649435261,0.1982095702460937,292.6668792498323,292.6668792498323
NN,TCGA-LUAD,TCGA-38-4625-11,TCGA-49-6744-11,0.001856005387615155,0.13324959926338226,71.79375671672982,71.79375671672982
NN,TCGA-LUAD,TCGA-38-4625-11,TCGA-49-6745-11,0.0006582246419421206,0.19895477407368084,302.2596867334776,302.2596867334776
NN,TCGA-LUAD,TCGA-38-4625-11,TCGA-49-6761-11,0.0007712659783892775,0.23093767259433412,299.42675946452033,299.42675946452033
NN,TCGA-LUAD,TCGA-38-4625-11,TCGA-50-5930-11,0.0009540982870443573,0.21091689614925635,221.06411783071417,221.06411783071417
NN,TCGA-LUAD,TCGA-38-4625-11,TCGA-50-5931-11,0.0011878765265975915,0.21385625734979385,180.0323960961983,180.0323960961983
NN,TCGA-LUAD,TCGA-38-4625-11,TCGA-50-5932-11,0.0016193479977416987,0.20808050768527472,128.49647387433615,128.49647387433615
NN,TCGA-LUAD,TCGA-38-4625-11,TCGA-50-5933-11,0.0022061027318936595,0.1379788711029809,62.54417308324691,62.54417308324691
NN,TCGA-LUAD,TCGA-38-4625-11,TCGA-50-5935-11,0.0014638966938877369,0.17207190132635763,117.54374611597659,117.54374611597659
NN,TCGA-LUAD,TCGA-38-4625-11,TCGA-50-5936-11,0.0015864450313548733,0.15040318690886817,94.80516748848157,94.80516748848157
NN,TCGA-LUAD,TCGA-38-4625-11,TCGA-50-5939-11,0.0016400713669520294,0.2230399474404724,135.99404997538508,135.99404997538508
NN,TCGA-LUAD,TCGA-38-4625-11,TCGA-50-6595-11,0.0015535525435494105,0.12926493107926793,83.20602455063128,83.20602455063128
NN,TCGA-LUAD,TCGA-38-4625-11,TCGA-55-6968-11,0.0007633656607079171,0.15027726202927463,196.86143844866305,196.86143844866305
NN,TCGA-LUAD,TCGA-38-4625-11,TCGA-55-6969-11,0.001423928925942554,0.18211962591222383,127.89937938206555,127.89937938206555
NN,TCGA-LUAD,TCGA-38-4625-11,TCGA-55-6970-11,0.0017057900748332399,0.15786352186799746,92.54569140545057,92.54569140545057
NN,TCGA-LUAD,TCGA-38-4625-11,TCGA-55-6971-11,0.0016519974314693807,0.2113389339992951,127.92933570805748,127.92933570805748
NN,TCGA-LUAD,TCGA-38-4625-11,TCGA-55-6972-11,0.001570450120532611,0.12005228083612816,76.44450420075296,76.44450420075296
NN,TCGA-LUAD,TCGA-38-4625-11,TCGA-55-6975-11,0.001608698685266556,0.22091883141808014,137.32766331034492,137.32766331034492
NN,TCGA-LUAD,TCGA-38-4625-11,TCGA-55-6978-11,0.0012798539251745282,0.153403367445893,119.86005936183228,119.86005936183228
NN,TCGA-LUAD,TCGA-38-4625-11,TCGA-55-6979-11,0.0011276989573600444,0.15053748348158996,133.49084212510036,133.49084212510036
NN,TCGA-LUAD,TCGA-38-4625-11,TCGA-55-6980-11,0.0015692521328819816,0.14979559788458569,95.45667948813382,95.45667948813382
NN,TCGA-LUAD,TCGA-38-4625-11,TCGA-55-6981-11,0.0017646575764822326,0.15857537610345804,89.86183960945618,89.86183960945618
NN,TCGA-LUAD,TCGA-38-4625-11,TCGA-55-6982-11,0.0018062494654031492,0.11402982524919406,63.13071778473466,63.13071778473466
NN,TCGA-LUAD,TCGA-38-4625-11,TCGA-55-6983-11,0.0012326796377292648,0.1440210435638325,116.83574479183865,116.83574479183865
NN,TCGA-LUAD,TCGA-38-4625-11,TCGA-55-6984-11,0.0009277362362232395,0.18906735234833372,203.79429515226866,203.79429515226866
NN,TCGA-LUAD,TCGA-38-4625-11,TCGA-55-6985-11,0.0011923807193035408,0.11702042589554336,98.14015272227311,98.14015272227311
NN,TCGA-LUAD,TCGA-38-4625-11,TCGA-55-6986-11,0.0015233899269416855,0.08825112860646657,57.93075498643807,57.93075498643807
NN,TCGA-LUAD,TCGA-38-4625-11,TCGA-73-4676-11,0.0004761575860693116,0.17527686646139345,368.10684443422764,368.10684443422764
NN,TCGA-LUAD,TCGA-38-4625-11,TCGA-91-6828-11,0.001597686339779982,0.14383698020237673,90.02829693229059,90.02829693229059
NN,TCGA-LUAD,TCGA-38-4625-11,TCGA-91-6829-11,0.0010088221373915527,0.16029445904896414,158.89268594306162,158.89268594306162
NN,TCGA-LUAD,TCGA-38-4625-11,TCGA-91-6831-11,0.002121473348178234,0.25887036870018865,122.0238608806882,122.0238608806882
NN,TCGA-LUAD,TCGA-38-4625-11,TCGA-91-6835-11,0.0014307980266527612,0.13493722121528523,94.30906298561243,94.30906298561243
NN,TCGA-LUAD,TCGA-38-4625-11,TCGA-91-6836-11,0.0010088384090950367,0.10843359948372804,107.4836153205118,107.4836153205118
NN,TCGA-LUAD,TCGA-38-4625-11,TCGA-91-6847-11,0.0011962097533906699,0.1699183758846679,142.04730851176592,142.04730851176592
NN,TCGA-LUAD,TCGA-38-4625-11,TCGA-91-6849-11,0.0015057311231094083,0.1188799312693362,78.95163316000492,78.95163316000492
NN,TCGA-LUAD,TCGA-38-4625-11,TCGA-KN-8419-11,0.0019199456506235114,0.38467500472447125,200.35723646632718,200.35723646632718
NN,TCGA-LUAD,TCGA-38-4625-11,TCGA-KN-8422-11,0.0018415916961723967,0.38033279981785384,206.52395458143388,206.52395458143388
NN,TCGA-LUAD,TCGA-38-4625-11,TCGA-KN-8423-11,0.0015617041498520523,0.3836800298144555,245.6803549192101,245.6803549192101
NN,TCGA-LUAD,TCGA-38-4625-11,TCGA-KN-8424-11,0.0012555492183405357,0.2680516108558795,213.4935109992457,213.4935109992457
NN,TCGA-LUAD,TCGA-38-4625-11,TCGA-KN-8425-11,0.0017876730796298405,0.2772144970597095,155.07001823684124,155.07001823684124
NN,TCGA-LUAD,TCGA-38-4625-11,TCGA-KN-8426-11,0.0020883601110076823,0.3992795096460505,191.1928443478021,191.1928443478021
NN,TCGA-LUAD,TCGA-38-4625-11,TCGA-KN-8427-11,0.0015401704225739936,0.3756587240371998,243.90724463425556,243.90724463425556
NN,TCGA-LUAD,TCGA-38-4625-11,TCGA-KN-8428-11,0.0012565287510735474,0.3917213525561023,311.74881770228114,311.74881770228114
NN,TCGA-LUAD,TCGA-38-4625-11,TCGA-KN-8429-11,0.001424210898646027,0.3013238169294972,211.57246950993047,211.57246950993047
NN,TCGA-LUAD,TCGA-38-4625-11,TCGA-KN-8430-11,0.001786190537115279,0.26358395195779727,147.56765668655305,147.56765668655305
NN,TCGA-LUAD,TCGA-38-4625-11,TCGA-KN-8431-11,0.0015367718903699361,0.27026221629736624,175.86358651595842,175.86358651595842
NN,TCGA-LUAD,TCGA-38-4625-11,TCGA-KN-8432-11,0.00246653812068104,0.311369520315388,126.23746525734425,126.23746525734425
NN,TCGA-LUAD,TCGA-38-4625-11,TCGA-KN-8433-11,0.0013743606298294855,0.34281330423070816,249.4347529972831,249.4347529972831
NN,TCGA-LUAD,TCGA-38-4625-11,TCGA-KN-8434-11,0.0013035963987646606,0.36348816180304333,278.8348925691257,278.8348925691257
NN,TCGA-LUAD,TCGA-38-4625-11,TCGA-KN-8435-11,0.0016911388421762053,0.4116222077536609,243.3994167054751,243.3994167054751
NN,TCGA-LUAD,TCGA-38-4625-11,TCGA-KN-8436-11,0.0016791738652577907,0.35440200627088914,211.0573619584536,211.0573619584536
NN,TCGA-LUAD,TCGA-38-4625-11,TCGA-KN-8437-11,0.0018408009792395545,0.38068096039259147,206.8018024142148,206.8018024142148
NN,TCGA-LUAD,TCGA-38-4626-11,TCGA-38-4627-11,0.0007102925629208537,0.20530157163765833,289.03804200542453,289.03804200542453
NN,TCGA-LUAD,TCGA-38-4626-11,TCGA-38-4632-11,0.0006015164025515832,0.20069905472340954,333.655165299002,333.655165299002
NN,TCGA-LUAD,TCGA-38-4626-11,TCGA-44-2655-11,0.0013507905481807473,0.17599486785264182,130.29027193717985,130.29027193717985
NN,TCGA-LUAD,TCGA-38-4626-11,TCGA-44-2657-11,0.000895361081478812,0.103161619601262,115.21789559009689,115.21789559009689
NN,TCGA-LUAD,TCGA-38-4626-11,TCGA-44-2661-11,0.001274215821586899,0.1832964813186006,143.8504201669106,143.8504201669106
NN,TCGA-LUAD,TCGA-38-4626-11,TCGA-44-2662-11,0.0012677116163040563,0.2574276909403886,203.06486714297444,203.06486714297444
NN,TCGA-LUAD,TCGA-38-4626-11,TCGA-44-2665-11,0.0010414268305747754,0.1975393262264095,189.68142593117682,189.68142593117682
NN,TCGA-LUAD,TCGA-38-4626-11,TCGA-44-2668-11,0.0011076125904636385,0.2164109013317709,195.3850138532489,195.3850138532489
NN,TCGA-LUAD,TCGA-38-4626-11,TCGA-44-3396-11,0.001507120896211937,0.0946228379441287,62.78384048815051,62.78384048815051
NN,TCGA-LUAD,TCGA-38-4626-11,TCGA-44-3398-11,0.0012658251840440865,0.15303584724988728,120.89809017779606,120.89809017779606
NN,TCGA-LUAD,TCGA-38-4626-11,TCGA-44-5645-11,0.0012981730895684402,0.21868435073098436,168.45546444325305,168.45546444325305
NN,TCGA-LUAD,TCGA-38-4626-11,TCGA-44-6144-11,0.0011477224103869296,0.2506845696748142,218.41916425619095,218.41916425619095
NN,TCGA-LUAD,TCGA-38-4626-11,TCGA-44-6145-11,0.0010406900349140395,0.19810109362687428,190.35552083789997,190.35552083789997
NN,TCGA-LUAD,TCGA-38-4626-11,TCGA-44-6146-11,0.0021356642641566564,0.2737517621191963,128.18108478642216,128.18108478642216
NN,TCGA-LUAD,TCGA-38-4626-11,TCGA-44-6147-11,0.0020130066420384076,0.23273645802882553,115.61633884782034,115.61633884782034
NN,TCGA-LUAD,TCGA-38-4626-11,TCGA-44-6148-11,0.0018544736643108278,0.23060868903496773,124.35263626171154,124.35263626171154
NN,TCGA-LUAD,TCGA-38-4626-11,TCGA-44-6776-11,0.001599695361425875,0.19854687166554785,124.11542625751866,124.11542625751866
NN,TCGA-LUAD,TCGA-38-4626-11,TCGA-44-6777-11,0.0010315178014350193,0.17962791493707125,174.13942317541958,174.13942317541958
NN,TCGA-LUAD,TCGA-38-4626-11,TCGA-44-6778-11,0.001532550018446072,0.2112117384816234,137.81719091673196,137.81719091673196
NN,TCGA-LUAD,TCGA-38-4626-11,TCGA-49-4490-11,0.0015594605335705865,0.1602480907066206,102.75867023047508,102.75867023047508
NN,TCGA-LUAD,TCGA-38-4626-11,TCGA-49-4512-11,0.0019625037769062954,0.19069480521529203,97.16914049251139,97.16914049251139
NN,TCGA-LUAD,TCGA-38-4626-11,TCGA-49-6742-11,0.0008956749415731367,0.20742461186558964,231.58469913345488,231.58469913345488
NN,TCGA-LUAD,TCGA-38-4626-11,TCGA-49-6743-11,0.0007973065368895603,0.23319446315658643,292.47780165746667,292.47780165746667
NN,TCGA-LUAD,TCGA-38-4626-11,TCGA-49-6744-11,0.002086368520571863,0.189501706763292,90.82849213587184,90.82849213587184
NN,TCGA-LUAD,TCGA-38-4626-11,TCGA-49-6745-11,0.0008516613376081535,0.2020899368824296,237.28908189021314,237.28908189021314
NN,TCGA-LUAD,TCGA-38-4626-11,TCGA-49-6761-11,0.0009601390308028018,0.2201105557712294,229.2486282816648,229.2486282816648
NN,TCGA-LUAD,TCGA-38-4626-11,TCGA-50-5930-11,0.001061463900887666,0.2221500301858808,209.28646749089094,209.28646749089094
NN,TCGA-LUAD,TCGA-38-4626-11,TCGA-50-5931-11,0.0012375040954826619,0.23843174177565207,192.67147692360314,192.67147692360314
NN,TCGA-LUAD,TCGA-38-4626-11,TCGA-50-5932-11,0.0017917069942957207,0.25594449265685704,142.84952476700187,142.84952476700187
NN,TCGA-LUAD,TCGA-38-4626-11,TCGA-50-5933-11,0.0019588553433223235,0.1529950703633848,78.10432295827265,78.10432295827265
NN,TCGA-LUAD,TCGA-38-4626-11,TCGA-50-5935-11,0.001680845783819894,0.16873413787501773,100.3864480009297,100.3864480009297
NN,TCGA-LUAD,TCGA-38-4626-11,TCGA-50-5936-11,0.0017320836769814498,0.20156598747750382,116.37196871965126,116.37196871965126
NN,TCGA-LUAD,TCGA-38-4626-11,TCGA-50-5939-11,0.0017711308216210833,0.25978097072337836,146.67520182704834,146.67520182704834
NN,TCGA-LUAD,TCGA-38-4626-11,TCGA-50-6595-11,0.001721035363836127,0.1821026831557865,105.8099600869828,105.8099600869828
NN,TCGA-LUAD,TCGA-38-4626-11,TCGA-55-6968-11,0.000764846694123168,0.2167971956247297,283.45183066165873,283.45183066165873
NN,TCGA-LUAD,TCGA-38-4626-11,TCGA-55-6969-11,0.001375558928814187,0.22684360269356768,164.91013066893487,164.91013066893487
NN,TCGA-LUAD,TCGA-38-4626-11,TCGA-55-6970-11,0.001688051884569444,0.21646251876306002,128.23214780407721,128.23214780407721
NN,TCGA-LUAD,TCGA-38-4626-11,TCGA-55-6971-11,0.0016872820073051235,0.24152090027546247,143.14198766406125,143.14198766406125
NN,TCGA-LUAD,TCGA-38-4626-11,TCGA-55-6972-11,0.0016248570751258064,0.1436311113929429,88.39615101643454,88.39615101643454
NN,TCGA-LUAD,TCGA-38-4626-11,TCGA-55-6975-11,0.0016411475991196022,0.26286153611428464,160.16934507005791,160.16934507005791
NN,TCGA-LUAD,TCGA-38-4626-11,TCGA-55-6978-11,0.001310671932912961,0.20719864802688204,158.08582058088646,158.08582058088646
NN,TCGA-LUAD,TCGA-38-4626-11,TCGA-55-6979-11,0.0010953947682980799,0.17835194582511898,162.81978971127026,162.81978971127026
NN,TCGA-LUAD,TCGA-38-4626-11,TCGA-55-6980-11,0.0016769274706502438,0.20436523909709053,121.8688599679544,121.8688599679544
NN,TCGA-LUAD,TCGA-38-4626-11,TCGA-55-6981-11,0.0017503385129898122,0.18499579691317822,105.69143942172687,105.69143942172687
NN,TCGA-LUAD,TCGA-38-4626-11,TCGA-55-6982-11,0.0019200337170370502,0.1526277379457115,79.49221755399324,79.49221755399324
NN,TCGA-LUAD,TCGA-38-4626-11,TCGA-55-6983-11,0.0011734067681532145,0.1503557974843685,128.1361259923602,128.1361259923602
NN,TCGA-LUAD,TCGA-38-4626-11,TCGA-55-6984-11,0.0010042697963357227,0.2042688501413774,203.40037197841932,203.40037197841932
NN,TCGA-LUAD,TCGA-38-4626-11,TCGA-55-6985-11,0.001168534091041702,0.10649339596288587,91.13417980638563,91.13417980638563
NN,TCGA-LUAD,TCGA-38-4626-11,TCGA-55-6986-11,0.001659151617511368,0.11358655392273061,68.46062332332467,68.46062332332467
NN,TCGA-LUAD,TCGA-38-4626-11,TCGA-73-4676-11,0.0005741908040523315,0.1576641027255788,274.58486205782106,274.58486205782106
NN,TCGA-LUAD,TCGA-38-4626-11,TCGA-91-6828-11,0.0015281508748484585,0.149123094875346,97.58401302497964,97.58401302497964
NN,TCGA-LUAD,TCGA-38-4626-11,TCGA-91-6829-11,0.000846820212897089,0.17197733094854506,203.08600140776852,203.08600140776852
NN,TCGA-LUAD,TCGA-38-4626-11,TCGA-91-6831-11,0.002015901488754238,0.2523779768430506,125.19360606207599,125.19360606207599
NN,TCGA-LUAD,TCGA-38-4626-11,TCGA-91-6835-11,0.001547187040406395,0.14814473967420239,95.75102156704314,95.75102156704314
NN,TCGA-LUAD,TCGA-38-4626-11,TCGA-91-6836-11,0.0010892937782228276,0.1289679811498209,118.39595867354619,118.39595867354619
NN,TCGA-LUAD,TCGA-38-4626-11,TCGA-91-6847-11,0.001331635325722484,0.21059130322783995,158.1448758229531,158.1448758229531
NN,TCGA-LUAD,TCGA-38-4626-11,TCGA-91-6849-11,0.0015415723491890249,0.20567785061433863,133.42082239769,133.42082239769
NN,TCGA-LUAD,TCGA-38-4626-11,TCGA-KN-8419-11,0.0018356098330837198,0.390699336434826,212.84443425456783,212.84443425456783
NN,TCGA-LUAD,TCGA-38-4626-11,TCGA-KN-8422-11,0.0020868832178917197,0.40549723854477254,194.30758514337347,194.30758514337347
NN,TCGA-LUAD,TCGA-38-4626-11,TCGA-KN-8423-11,0.0018145041930157806,0.4053715075965974,223.40621154633612,223.40621154633612
NN,TCGA-LUAD,TCGA-38-4626-11,TCGA-KN-8424-11,0.0014531690194648716,0.33050906804695174,227.44021075309013,227.44021075309013
NN,TCGA-LUAD,TCGA-38-4626-11,TCGA-KN-8425-11,0.0020329451994644853,0.3178623885184797,156.35561086556118,156.35561086556118
NN,TCGA-LUAD,TCGA-38-4626-11,TCGA-KN-8426-11,0.0022282012051912155,0.41696830982859057,187.13225217594655,187.13225217594655
NN,TCGA-LUAD,TCGA-38-4626-11,TCGA-KN-8427-11,0.0015759323198922333,0.372270407148068,236.22233166302783,236.22233166302783
NN,TCGA-LUAD,TCGA-38-4626-11,TCGA-KN-8428-11,0.0014668034008034911,0.40002468566561183,272.7186788948572,272.7186788948572
NN,TCGA-LUAD,TCGA-38-4626-11,TCGA-KN-8429-11,0.0014275732727916139,0.33116490515925623,231.9775184020254,231.9775184020254
NN,TCGA-LUAD,TCGA-38-4626-11,TCGA-KN-8430-11,0.0019299678571987344,0.2867703229042571,148.5881341674218,148.5881341674218
NN,TCGA-LUAD,TCGA-38-4626-11,TCGA-KN-8431-11,0.0017480406728279962,0.33166676465980516,189.73629722426975,189.73629722426975
NN,TCGA-LUAD,TCGA-38-4626-11,TCGA-KN-8432-11,0.0025470293833367973,0.32454140541107124,127.41957652090292,127.41957652090292
NN,TCGA-LUAD,TCGA-38-4626-11,TCGA-KN-8433-11,0.001573962213763161,0.34990451398763966,222.30807761963902,222.30807761963902
NN,TCGA-LUAD,TCGA-38-4626-11,TCGA-KN-8434-11,0.001603653009481152,0.38535601396963043,240.29887493823182,240.29887493823182
NN,TCGA-LUAD,TCGA-38-4626-11,TCGA-KN-8435-11,0.0019521051278181046,0.42198130203704215,216.16730370904594,216.16730370904594
NN,TCGA-LUAD,TCGA-38-4626-11,TCGA-KN-8436-11,0.0019542627554398864,0.363447504079626,185.9767848862357,185.9767848862357
NN,TCGA-LUAD,TCGA-38-4626-11,TCGA-KN-8437-11,0.0019929379551519998,0.3942207168174616,197.80882580832514,197.80882580832514
NN,TCGA-LUAD,TCGA-38-4627-11,TCGA-38-4632-11,0.0006164770084224522,0.190612133448757,309.1958513368215,309.1958513368215
NN,TCGA-LUAD,TCGA-38-4627-11,TCGA-44-2655-11,0.002092261297058526,0.1674640992725335,80.03976344062207,80.03976344062207
NN,TCGA-LUAD,TCGA-38-4627-11,TCGA-44-2657-11,0.0016853323883347124,0.12092850580330447,71.75350491115566,71.75350491115566
NN,TCGA-LUAD,TCGA-38-4627-11,TCGA-44-2661-11,0.0020719827903999087,0.12215072056147211,58.9535401198463,58.9535401198463
NN,TCGA-LUAD,TCGA-38-4627-11,TCGA-44-2662-11,0.0021930038199169683,0.19643438336368793,89.57320620222418,89.57320620222418
NN,TCGA-LUAD,TCGA-38-4627-11,TCGA-44-2665-11,0.0018384505499284872,0.15923561661440783,86.61403300763344,86.61403300763344
NN,TCGA-LUAD,TCGA-38-4627-11,TCGA-44-2668-11,0.002344098097860526,0.19439874564633225,82.93114772959429,82.93114772959429
NN,TCGA-LUAD,TCGA-38-4627-11,TCGA-44-3396-11,0.0025085581073480147,0.1082059704525288,43.13472752956138,43.13472752956138
NN,TCGA-LUAD,TCGA-38-4627-11,TCGA-44-3398-11,0.0021293934159258275,0.13615017910550814,63.938480361231015,63.938480361231015
NN,TCGA-LUAD,TCGA-38-4627-11,TCGA-44-5645-11,0.0021867269910406427,0.16668731573084017,76.22685246662422,76.22685246662422
NN,TCGA-LUAD,TCGA-38-4627-11,TCGA-44-6144-11,0.001959520677344166,0.2475148275523457,126.31396566216111,126.31396566216111
NN,TCGA-LUAD,TCGA-38-4627-11,TCGA-44-6145-11,0.0021214608994456555,0.19106048627066757,90.06080966214947,90.06080966214947
NN,TCGA-LUAD,TCGA-38-4627-11,TCGA-44-6146-11,0.003220682557370445,0.1901115351666392,59.02833693794941,59.02833693794941
NN,TCGA-LUAD,TCGA-38-4627-11,TCGA-44-6147-11,0.003223215185776467,0.18453223590721085,57.25098241083068,57.25098241083068
NN,TCGA-LUAD,TCGA-38-4627-11,TCGA-44-6148-11,0.002851119220880431,0.18116904222744928,63.54313102750713,63.54313102750713
NN,TCGA-LUAD,TCGA-38-4627-11,TCGA-44-6776-11,0.002486756260864428,0.24260590480275784,97.55918125985735,97.55918125985735
NN,TCGA-LUAD,TCGA-38-4627-11,TCGA-44-6777-11,0.001577495034026345,0.14822865284899003,93.96457652906598,93.96457652906598
NN,TCGA-LUAD,TCGA-38-4627-11,TCGA-44-6778-11,0.002656307794029834,0.17581804349902563,66.18888213714699,66.18888213714699
NN,TCGA-LUAD,TCGA-38-4627-11,TCGA-49-4490-11,0.0006256287660794599,0.1416301033518193,226.3804208354306,226.3804208354306
NN,TCGA-LUAD,TCGA-38-4627-11,TCGA-49-4512-11,0.0009345440707181758,0.160577580179957,171.82451337640694,171.82451337640694
NN,TCGA-LUAD,TCGA-38-4627-11,TCGA-49-6742-11,0.0016508935148105068,0.2231528622868744,135.17096062521534,135.17096062521534
NN,TCGA-LUAD,TCGA-38-4627-11,TCGA-49-6743-11,0.0010654217542465261,0.17739690671370667,166.5039276761934,166.5039276761934
NN,TCGA-LUAD,TCGA-38-4627-11,TCGA-49-6744-11,0.0028766809593465566,0.16899722150856167,58.74729380728744,58.74729380728744
NN,TCGA-LUAD,TCGA-38-4627-11,TCGA-49-6745-11,0.00045853854100678194,0.2406069595491993,524.7257057627369,524.7257057627369
NN,TCGA-LUAD,TCGA-38-4627-11,TCGA-49-6761-11,0.0015603121401301873,0.2305796697576407,147.77791175706795,147.77791175706795
NN,TCGA-LUAD,TCGA-38-4627-11,TCGA-50-5930-11,0.0018510505853276584,0.22621292480569002,122.20785676996914,122.20785676996914
NN,TCGA-LUAD,TCGA-38-4627-11,TCGA-50-5931-11,0.0020623117398409895,0.1962719878686992,95.17086290932542,95.17086290932542
NN,TCGA-LUAD,TCGA-38-4627-11,TCGA-50-5932-11,0.0028214486284282884,0.2117669494406549,75.05610674847604,75.05610674847604
NN,TCGA-LUAD,TCGA-38-4627-11,TCGA-50-5933-11,0.0033159679614694947,0.16799615533048182,50.66278000346937,50.66278000346937
NN,TCGA-LUAD,TCGA-38-4627-11,TCGA-50-5935-11,0.002397704038954247,0.16973884240727655,70.79224109799128,70.79224109799128
NN,TCGA-LUAD,TCGA-38-4627-11,TCGA-50-5936-11,0.0027091939722100958,0.20029926400397857,73.93315726322069,73.93315726322069
NN,TCGA-LUAD,TCGA-38-4627-11,TCGA-50-5939-11,0.0028225711577676785,0.185771319085332,65.81634570100803,65.81634570100803
NN,TCGA-LUAD,TCGA-38-4627-11,TCGA-50-6595-11,0.002625403885908058,0.1371766050601571,52.24971509962984,52.24971509962984
NN,TCGA-LUAD,TCGA-38-4627-11,TCGA-55-6968-11,0.001639535889174704,0.1897805004952116,115.75257470621258,115.75257470621258
NN,TCGA-LUAD,TCGA-38-4627-11,TCGA-55-6969-11,0.0026396921132926703,0.1741526104061617,65.97459208563878,65.97459208563878
NN,TCGA-LUAD,TCGA-38-4627-11,TCGA-55-6970-11,0.002731677970631558,0.18354708444646722,67.1920652506604,67.1920652506604
NN,TCGA-LUAD,TCGA-38-4627-11,TCGA-55-6971-11,0.002777007531190284,0.16820698750061883,60.571311244705825,60.571311244705825
NN,TCGA-LUAD,TCGA-38-4627-11,TCGA-55-6972-11,0.002735566475159026,0.09952001869670563,36.38004033183667,36.38004033183667
NN,TCGA-LUAD,TCGA-38-4627-11,TCGA-55-6975-11,0.0027649863918493365,0.19345034574109737,69.96430301116594,69.96430301116594
NN,TCGA-LUAD,TCGA-38-4627-11,TCGA-55-6978-11,0.002216889713143333,0.20521299170078988,92.56797507072099,92.56797507072099
NN,TCGA-LUAD,TCGA-38-4627-11,TCGA-55-6979-11,0.0022160369806619056,0.14842731654257618,66.97871824243772,66.97871824243772
NN,TCGA-LUAD,TCGA-38-4627-11,TCGA-55-6980-11,0.0027861062562655513,0.16419373550299804,58.93304863507987,58.93304863507987
NN,TCGA-LUAD,TCGA-38-4627-11,TCGA-55-6981-11,0.002901797552478029,0.16027201563575783,55.23197698574506,55.23197698574506
NN,TCGA-LUAD,TCGA-38-4627-11,TCGA-55-6982-11,0.0029502700869780633,0.09571115194361698,32.441488108518605,32.441488108518605
NN,TCGA-LUAD,TCGA-38-4627-11,TCGA-55-6983-11,0.002289461929380562,0.20843511534844467,91.04109252641688,91.04109252641688
NN,TCGA-LUAD,TCGA-38-4627-11,TCGA-55-6984-11,0.0018494195521697734,0.20585176056615745,111.30614485212311,111.30614485212311
NN,TCGA-LUAD,TCGA-38-4627-11,TCGA-55-6985-11,0.0021318600088459814,0.09381812649731032,44.00763938908726,44.00763938908726
NN,TCGA-LUAD,TCGA-38-4627-11,TCGA-55-6986-11,0.002619541460895429,0.0907019602764969,34.62512872214382,34.62512872214382
NN,TCGA-LUAD,TCGA-38-4627-11,TCGA-73-4676-11,0.0003745519991235278,0.15408964785095774,411.39721109895544,411.39721109895544
NN,TCGA-LUAD,TCGA-38-4627-11,TCGA-91-6828-11,0.0025273168196875495,0.1612795321593052,63.81452887226228,63.81452887226228
NN,TCGA-LUAD,TCGA-38-4627-11,TCGA-91-6829-11,0.0018490961321192727,0.22510587086540176,121.7383276917058,121.7383276917058
NN,TCGA-LUAD,TCGA-38-4627-11,TCGA-91-6831-11,0.002876016444427713,0.24835445255670488,86.35362744114072,86.35362744114072
NN,TCGA-LUAD,TCGA-38-4627-11,TCGA-91-6835-11,0.002466157263917154,0.12121321381155507,49.15064241240822,49.15064241240822
NN,TCGA-LUAD,TCGA-38-4627-11,TCGA-91-6836-11,0.0020732289581399596,0.1688328971110467,81.43475733742338,81.43475733742338
NN,TCGA-LUAD,TCGA-38-4627-11,TCGA-91-6847-11,0.0024133487102805436,0.19818065088188883,82.11853100120413,82.11853100120413
NN,TCGA-LUAD,TCGA-38-4627-11,TCGA-91-6849-11,0.0027124463983357124,0.14567113207890428,53.704704420439185,53.704704420439185
NN,TCGA-LUAD,TCGA-38-4627-11,TCGA-KN-8419-11,0.002432096654471184,0.40364201621037515,165.96462787295758,165.96462787295758
NN,TCGA-LUAD,TCGA-38-4627-11,TCGA-KN-8422-11,0.002855573215596683,0.3966671993148444,138.90983328611983,138.90983328611983
NN,TCGA-LUAD,TCGA-38-4627-11,TCGA-KN-8423-11,0.002365453462938802,0.4054139227478818,171.38951541418277,171.38951541418277
NN,TCGA-LUAD,TCGA-38-4627-11,TCGA-KN-8424-11,0.001718323741500491,0.3190931241010221,185.7002358719554,185.7002358719554
NN,TCGA-LUAD,TCGA-38-4627-11,TCGA-KN-8425-11,0.0025693513260357133,0.356093602095633,138.59280297220178,138.59280297220178
NN,TCGA-LUAD,TCGA-38-4627-11,TCGA-KN-8426-11,0.0029836585268831284,0.41511801806554915,139.13053867434394,139.13053867434394
NN,TCGA-LUAD,TCGA-38-4627-11,TCGA-KN-8427-11,0.002315298725923255,0.3857872167981031,166.62524471621498,166.62524471621498
NN,TCGA-LUAD,TCGA-38-4627-11,TCGA-KN-8428-11,0.0020195260599115174,0.3890998473357056,192.66889150851236,192.66889150851236
NN,TCGA-LUAD,TCGA-38-4627-11,TCGA-KN-8429-11,0.0015786972151141418,0.33484400451811125,212.10147285519955,212.10147285519955
NN,TCGA-LUAD,TCGA-38-4627-11,TCGA-KN-8430-11,0.0027620833835560864,0.3341179495609649,120.96591708639862,120.96591708639862
NN,TCGA-LUAD,TCGA-38-4627-11,TCGA-KN-8431-11,0.002266678051617162,0.3365276264702199,148.46732478400457,148.46732478400457
NN,TCGA-LUAD,TCGA-38-4627-11,TCGA-KN-8432-11,0.001835065911486054,0.3429341622240126,186.87838953223277,186.87838953223277
NN,TCGA-LUAD,TCGA-38-4627-11,TCGA-KN-8433-11,0.002176960261102008,0.36337032971562,166.91638162089225,166.91638162089225
NN,TCGA-LUAD,TCGA-38-4627-11,TCGA-KN-8434-11,0.0020404686702548205,0.38157642029038236,187.00430241976213,187.00430241976213
NN,TCGA-LUAD,TCGA-38-4627-11,TCGA-KN-8435-11,0.00262703070886806,0.40375028991199907,153.69073857761174,153.69073857761174
NN,TCGA-LUAD,TCGA-38-4627-11,TCGA-KN-8436-11,0.0025484140881209985,0.383365510873658,150.4329742409805,150.4329742409805
NN,TCGA-LUAD,TCGA-38-4627-11,TCGA-KN-8437-11,0.0029443272491634412,0.37206457487051325,126.36658339395743,126.36658339395743
NN,TCGA-LUAD,TCGA-38-4632-11,TCGA-44-2655-11,0.0016950378442810673,0.23871665048428486,140.832637624993,140.832637624993
NN,TCGA-LUAD,TCGA-38-4632-11,TCGA-44-2657-11,0.0013780501048201886,0.13308266330433496,96.57316728820969,96.57316728820969
NN,TCGA-LUAD,TCGA-38-4632-11,TCGA-44-2661-11,0.00164227351377838,0.15669471881125696,95.41328986713626,95.41328986713626
NN,TCGA-LUAD,TCGA-38-4632-11,TCGA-44-2662-11,0.0019294558905640375,0.23830910735397376,123.51104190534716,123.51104190534716
NN,TCGA-LUAD,TCGA-38-4632-11,TCGA-44-2665-11,0.0015176114064976852,0.22737346609768244,149.82324534737822,149.82324534737822
NN,TCGA-LUAD,TCGA-38-4632-11,TCGA-44-2668-11,0.001621795073918117,0.1899957250923432,117.15149968567232,117.15149968567232
NN,TCGA-LUAD,TCGA-38-4632-11,TCGA-44-3396-11,0.0018576133216669562,0.1429079758727989,76.9309598536677,76.9309598536677
NN,TCGA-LUAD,TCGA-38-4632-11,TCGA-44-3398-11,0.0015598725538407952,0.20212194896751148,129.57593777122165,129.57593777122165
NN,TCGA-LUAD,TCGA-38-4632-11,TCGA-44-5645-11,0.0017252607848671198,0.20826713493371668,120.71632112692893,120.71632112692893
NN,TCGA-LUAD,TCGA-38-4632-11,TCGA-44-6144-11,0.0014155923201321717,0.259916135278416,183.60945561936083,183.60945561936083
NN,TCGA-LUAD,TCGA-38-4632-11,TCGA-44-6145-11,0.0015188583205840939,0.2243475693143301,147.70802929667246,147.70802929667246
NN,TCGA-LUAD,TCGA-38-4632-11,TCGA-44-6146-11,0.002363654636473836,0.21611608787907455,91.43302263543983,91.43302263543983
NN,TCGA-LUAD,TCGA-38-4632-11,TCGA-44-6147-11,0.002429362015171432,0.22223193004857006,91.47748613040199,91.47748613040199
NN,TCGA-LUAD,TCGA-38-4632-11,TCGA-44-6148-11,0.0021448411235132697,0.20497853229302032,95.5681658869276,95.5681658869276
NN,TCGA-LUAD,TCGA-38-4632-11,TCGA-44-6776-11,0.0017719625151507998,0.2924208840947822,165.0265632565575,165.0265632565575
NN,TCGA-LUAD,TCGA-38-4632-11,TCGA-44-6777-11,0.0011997103833307644,0.17860346424656817,148.87215008568162,148.87215008568162
NN,TCGA-LUAD,TCGA-38-4632-11,TCGA-44-6778-11,0.0017652687032464111,0.20691202691770905,117.21276570370743,117.21276570370743
NN,TCGA-LUAD,TCGA-38-4632-11,TCGA-49-4490-11,0.0009394441854689791,0.1922811660802056,204.67545497044838,204.67545497044838
NN,TCGA-LUAD,TCGA-38-4632-11,TCGA-49-4512-11,0.0012935273102030413,0.19593244207620186,151.47143823770284,151.47143823770284
NN,TCGA-LUAD,TCGA-38-4632-11,TCGA-49-6742-11,0.0009739315420785365,0.24978608387219176,256.4719110945986,256.4719110945986
NN,TCGA-LUAD,TCGA-38-4632-11,TCGA-49-6743-11,0.0007034244324051521,0.2361863137956531,335.7664347655423,335.7664347655423
NN,TCGA-LUAD,TCGA-38-4632-11,TCGA-49-6744-11,0.0019663214065678888,0.20265848360963745,103.06478021991697,103.06478021991697
NN,TCGA-LUAD,TCGA-38-4632-11,TCGA-49-6745-11,0.000624293573852592,0.24445067548822494,391.5636580714581,391.5636580714581
NN,TCGA-LUAD,TCGA-38-4632-11,TCGA-49-6761-11,0.001236373169387843,0.26523883066870063,214.52975301949212,214.52975301949212
NN,TCGA-LUAD,TCGA-38-4632-11,TCGA-50-5930-11,0.001373413660870538,0.2376464658310053,173.03342219588316,173.03342219588316
NN,TCGA-LUAD,TCGA-38-4632-11,TCGA-50-5931-11,0.0015781475421695226,0.22269324220945544,141.1105338752503,141.1105338752503
NN,TCGA-LUAD,TCGA-38-4632-11,TCGA-50-5932-11,0.0019234557581601914,0.24970043394055785,129.81865212194916,129.81865212194916
NN,TCGA-LUAD,TCGA-38-4632-11,TCGA-50-5933-11,0.002225311305685601,0.1766122037175159,79.36516714145891,79.36516714145891
NN,TCGA-LUAD,TCGA-38-4632-11,TCGA-50-5935-11,0.0017528728195971078,0.23956617840561573,136.67059910295103,136.67059910295103
NN,TCGA-LUAD,TCGA-38-4632-11,TCGA-50-5936-11,0.001937757392669968,0.2421325932447993,124.95506102091205,124.95506102091205
NN,TCGA-LUAD,TCGA-38-4632-11,TCGA-50-5939-11,0.001952834506964037,0.2298752143569601,117.71361758367036,117.71361758367036
NN,TCGA-LUAD,TCGA-38-4632-11,TCGA-50-6595-11,0.00203265825465668,0.18202892550390887,89.552154223118,89.552154223118
NN,TCGA-LUAD,TCGA-38-4632-11,TCGA-55-6968-11,0.0012097510262180314,0.2154958978127504,178.1324364621055,178.1324364621055
NN,TCGA-LUAD,TCGA-38-4632-11,TCGA-55-6969-11,0.0019316464431780708,0.2051545367698258,106.20708437321075,106.20708437321075
NN,TCGA-LUAD,TCGA-38-4632-11,TCGA-55-6970-11,0.001803216819455512,0.18268431573685312,101.31023278277502,101.31023278277502
NN,TCGA-LUAD,TCGA-38-4632-11,TCGA-55-6971-11,0.0019965154096122767,0.2494835764386581,124.95950456355746,124.95950456355746
NN,TCGA-LUAD,TCGA-38-4632-11,TCGA-55-6972-11,0.00214927278697762,0.16930040152949882,78.77101620384575,78.77101620384575
NN,TCGA-LUAD,TCGA-38-4632-11,TCGA-55-6975-11,0.0018696327749472845,0.24957620439238973,133.48942516234328,133.48942516234328
NN,TCGA-LUAD,TCGA-38-4632-11,TCGA-55-6978-11,0.0016448971879754158,0.2206540324143078,134.14457391461335,134.14457391461335
NN,TCGA-LUAD,TCGA-38-4632-11,TCGA-55-6979-11,0.0014580588784385623,0.14002923123066824,96.03811841989932,96.03811841989932
NN,TCGA-LUAD,TCGA-38-4632-11,TCGA-55-6980-11,0.0022389686649671794,0.24075970455586154,107.53152034818262,107.53152034818262
NN,TCGA-LUAD,TCGA-38-4632-11,TCGA-55-6981-11,0.0022570327709744006,0.22635086347605818,100.28691935134754,100.28691935134754
NN,TCGA-LUAD,TCGA-38-4632-11,TCGA-55-6982-11,0.0021963185486526733,0.1695075937268448,77.17805499153519,77.17805499153519
NN,TCGA-LUAD,TCGA-38-4632-11,TCGA-55-6983-11,0.00136071687167211,0.20570429337548304,151.1734716147852,151.1734716147852
NN,TCGA-LUAD,TCGA-38-4632-11,TCGA-55-6984-11,0.0012998749038846027,0.270407667876659,208.0259162389865,208.0259162389865
NN,TCGA-LUAD,TCGA-38-4632-11,TCGA-55-6985-11,0.0013831307495525142,0.18236435904083065,131.84896590566814,131.84896590566814
NN,TCGA-LUAD,TCGA-38-4632-11,TCGA-55-6986-11,0.002134921879063359,0.17161562392147178,80.38496659032958,80.38496659032958
NN,TCGA-LUAD,TCGA-38-4632-11,TCGA-73-4676-11,0.0005488027369177884,0.18916775212951095,344.69170688164513,344.69170688164513
NN,TCGA-LUAD,TCGA-38-4632-11,TCGA-91-6828-11,0.0018318297753589553,0.2261904613817017,123.47788229251742,123.47788229251742
NN,TCGA-LUAD,TCGA-38-4632-11,TCGA-91-6829-11,0.0013685061031202175,0.2338788294257882,170.90083039640118,170.90083039640118
NN,TCGA-LUAD,TCGA-38-4632-11,TCGA-91-6831-11,0.0019606692530593018,0.2680724349279421,136.7249649626826,136.7249649626826
NN,TCGA-LUAD,TCGA-38-4632-11,TCGA-91-6835-11,0.001880848230275529,0.17355536050184198,92.27504787901867,92.27504787901867
NN,TCGA-LUAD,TCGA-38-4632-11,TCGA-91-6836-11,0.0012731175082900806,0.19558560798569585,153.6273020456581,153.6273020456581
NN,TCGA-LUAD,TCGA-38-4632-11,TCGA-91-6847-11,0.001784235714713128,0.2800977966200966,156.9847494422177,156.9847494422177
NN,TCGA-LUAD,TCGA-38-4632-11,TCGA-91-6849-11,0.0019952660188683785,0.20980353047243688,105.15065584659615,105.15065584659615
NN,TCGA-LUAD,TCGA-38-4632-11,TCGA-KN-8419-11,0.0018492574150723866,0.4147314010911043,224.26915674953247,224.26915674953247
NN,TCGA-LUAD,TCGA-38-4632-11,TCGA-KN-8422-11,0.0022524949008291676,0.4160755660376486,184.71765058579564,184.71765058579564
NN,TCGA-LUAD,TCGA-38-4632-11,TCGA-KN-8423-11,0.0018208008572478144,0.41711896935587206,229.08544209846085,229.08544209846085
NN,TCGA-LUAD,TCGA-38-4632-11,TCGA-KN-8424-11,0.0016164665509075886,0.32607648141318346,201.72176234027427,201.72176234027427
NN,TCGA-LUAD,TCGA-38-4632-11,TCGA-KN-8425-11,0.002097564923466318,0.34339584796354733,163.71166590451497,163.71166590451497
NN,TCGA-LUAD,TCGA-38-4632-11,TCGA-KN-8426-11,0.0022323030380509267,0.42571435966465443,190.7063478426097,190.7063478426097
NN,TCGA-LUAD,TCGA-38-4632-11,TCGA-KN-8427-11,0.001851028188969825,0.4133518747994493,223.3093354615507,223.3093354615507
NN,TCGA-LUAD,TCGA-38-4632-11,TCGA-KN-8428-11,0.001567787028068713,0.41403770446676635,264.0905282758979,264.0905282758979
NN,TCGA-LUAD,TCGA-38-4632-11,TCGA-KN-8429-11,0.0015886062941247244,0.36286676623765646,228.4183108046827,228.4183108046827
NN,TCGA-LUAD,TCGA-38-4632-11,TCGA-KN-8430-11,0.002407527517666253,0.3084203158475547,128.10666278345312,128.10666278345312
NN,TCGA-LUAD,TCGA-38-4632-11,TCGA-KN-8431-11,0.0018378554357938574,0.3418903461099835,186.0267894043063,186.0267894043063
NN,TCGA-LUAD,TCGA-38-4632-11,TCGA-KN-8432-11,0.0020841068647386805,0.36168751641292535,173.5455712623816,173.5455712623816
NN,TCGA-LUAD,TCGA-38-4632-11,TCGA-KN-8433-11,0.0016721343491111573,0.38621795916595697,230.9730431476727,230.9730431476727
NN,TCGA-LUAD,TCGA-38-4632-11,TCGA-KN-8434-11,0.001680308602060383,0.40895386419540025,243.38021223836134,243.38021223836134
NN,TCGA-LUAD,TCGA-38-4632-11,TCGA-KN-8435-11,0.001929963701697359,0.4192328084938364,217.22315716359364,217.22315716359364
NN,TCGA-LUAD,TCGA-38-4632-11,TCGA-KN-8436-11,0.0022370087668760843,0.39632623497376906,177.16793999302325,177.16793999302325
NN,TCGA-LUAD,TCGA-38-4632-11,TCGA-KN-8437-11,0.002384490734484138,0.387779824634751,162.62584669621017,162.62584669621017
NN,TCGA-LUAD,TCGA-44-2655-11,TCGA-44-2657-11,0.00034388525340011176,0.12841586665564622,373.42650022341576,373.42650022341576
NN,TCGA-LUAD,TCGA-44-2655-11,TCGA-44-2661-11,0.00011207440368017141,0.13772433863239833,1228.8652369315705,1228.8652369315705
NN,TCGA-LUAD,TCGA-44-2655-11,TCGA-44-2662-11,0.0003352632377330529,0.2048521572291921,611.0188477995366,611.0188477995366
NN,TCGA-LUAD,TCGA-44-2655-11,TCGA-44-2665-11,0.0002343797987500224,0.14221692677470085,606.7797972912427,606.7797972912427
NN,TCGA-LUAD,TCGA-44-2655-11,TCGA-44-2668-11,0.0006657482090000049,0.24280545686628258,364.71064222762453,364.71064222762453
NN,TCGA-LUAD,TCGA-44-2655-11,TCGA-44-3396-11,0.0002340716726340441,0.12065388281087126,515.4570027766914,515.4570027766914
NN,TCGA-LUAD,TCGA-44-2655-11,TCGA-44-3398-11,0.00013341665021835688,0.10001051389329783,749.6104401483266,749.6104401483266
NN,TCGA-LUAD,TCGA-44-2655-11,TCGA-44-5645-11,0.00019711605515516893,0.13943063802616512,707.3530256904031,707.3530256904031
NN,TCGA-LUAD,TCGA-44-2655-11,TCGA-44-6144-11,0.0002687531793380017,0.20892756322249945,777.3956897445235,777.3956897445235
NN,TCGA-LUAD,TCGA-44-2655-11,TCGA-44-6145-11,0.00044741842336077747,0.2187807287861374,488.98462236483005,488.98462236483005
NN,TCGA-LUAD,TCGA-44-2655-11,TCGA-44-6146-11,0.00038476062265879426,0.20095070898468365,522.27462258498,522.27462258498
NN,TCGA-LUAD,TCGA-44-2655-11,TCGA-44-6147-11,0.0011791350501132443,0.2170590664926501,184.0832960328028,184.0832960328028
NN,TCGA-LUAD,TCGA-44-2655-11,TCGA-44-6148-11,0.00028342788529641484,0.15536261455498562,548.1557130220414,548.1557130220414
NN,TCGA-LUAD,TCGA-44-2655-11,TCGA-44-6776-11,0.0004385839021528887,0.18133175110095315,413.4482597533678,413.4482597533678
NN,TCGA-LUAD,TCGA-44-2655-11,TCGA-44-6777-11,0.00023462280590938136,0.1643307109430408,700.4038260735423,700.4038260735423
NN,TCGA-LUAD,TCGA-44-2655-11,TCGA-44-6778-11,0.0006207040745258839,0.1786274242917565,287.78194251133044,287.78194251133044
NN,TCGA-LUAD,TCGA-44-2655-11,TCGA-49-4490-11,0.0032761137993906706,0.14391143275668186,43.92748285589108,43.92748285589108
NN,TCGA-LUAD,TCGA-44-2655-11,TCGA-49-4512-11,0.0038508002025374054,0.15103313330171464,39.221233343187855,39.221233343187855
NN,TCGA-LUAD,TCGA-44-2655-11,TCGA-49-6742-11,0.0004994846866557591,0.20516770058780553,410.7587400956809,410.7587400956809
NN,TCGA-LUAD,TCGA-44-2655-11,TCGA-49-6743-11,0.000667339740666564,0.1523542860919179,228.30093400363168,228.30093400363168
NN,TCGA-LUAD,TCGA-44-2655-11,TCGA-49-6744-11,0.0005560188186166298,0.167980048980363,302.1121648333702,302.1121648333702
NN,TCGA-LUAD,TCGA-44-2655-11,TCGA-49-6745-11,0.002067099262682971,0.14887971144815149,72.02349405074749,72.02349405074749
NN,TCGA-LUAD,TCGA-44-2655-11,TCGA-49-6761-11,0.00030224183276318314,0.20130978133115568,666.0553222918312,666.0553222918312
NN,TCGA-LUAD,TCGA-44-2655-11,TCGA-50-5930-11,0.0003170610162641629,0.1918339339359133,605.0379078331242,605.0379078331242
NN,TCGA-LUAD,TCGA-44-2655-11,TCGA-50-5931-11,0.00036916383047196,0.19889364148492777,538.7679535956999,538.7679535956999
NN,TCGA-LUAD,TCGA-44-2655-11,TCGA-50-5932-11,0.0003654809026492938,0.16915025140296192,462.81556759006423,462.81556759006423
NN,TCGA-LUAD,TCGA-44-2655-11,TCGA-50-5933-11,0.0009914683153503987,0.2098963134313913,211.70249233553272,211.70249233553272
NN,TCGA-LUAD,TCGA-44-2655-11,TCGA-50-5935-11,0.000244293432621777,0.1404451473922258,574.9034916123493,574.9034916123493
NN,TCGA-LUAD,TCGA-44-2655-11,TCGA-50-5936-11,0.00029863789649544915,0.15778783337176294,528.3583738816196,528.3583738816196
NN,TCGA-LUAD,TCGA-44-2655-11,TCGA-50-5939-11,0.00035755978060173714,0.1730916919187483,484.09161575010586,484.09161575010586
NN,TCGA-LUAD,TCGA-44-2655-11,TCGA-50-6595-11,0.0002292230186294699,0.11340386190459947,494.7315613529739,494.7315613529739
NN,TCGA-LUAD,TCGA-44-2655-11,TCGA-55-6968-11,0.0005376334307432829,0.21190569654596608,394.14531245388633,394.14531245388633
NN,TCGA-LUAD,TCGA-44-2655-11,TCGA-55-6969-11,0.00042115416921006303,0.1851068878396535,439.52286685621294,439.52286685621294
NN,TCGA-LUAD,TCGA-44-2655-11,TCGA-55-6970-11,0.0005345317698787211,0.16333254807730235,305.56190909730316,305.56190909730316
NN,TCGA-LUAD,TCGA-44-2655-11,TCGA-55-6971-11,0.0004313789503780269,0.2158122224227168,500.28454618287657,500.28454618287657
NN,TCGA-LUAD,TCGA-44-2655-11,TCGA-55-6972-11,0.0003198345065045846,0.14913897101637547,466.30043970642566,466.30043970642566
NN,TCGA-LUAD,TCGA-44-2655-11,TCGA-55-6975-11,0.0004359891768781923,0.230345157125817,528.3276955982129,528.3276955982129
NN,TCGA-LUAD,TCGA-44-2655-11,TCGA-55-6978-11,0.0002744189213941803,0.1830777062207568,667.1468034734407,667.1468034734407
NN,TCGA-LUAD,TCGA-44-2655-11,TCGA-55-6979-11,0.000456413631966401,0.20561277551550516,450.4965695911585,450.4965695911585
NN,TCGA-LUAD,TCGA-44-2655-11,TCGA-55-6980-11,0.0003270653666711101,0.17535458048708033,536.1453652884413,536.1453652884413
NN,TCGA-LUAD,TCGA-44-2655-11,TCGA-55-6981-11,0.0003662345858014206,0.13094374320056304,357.54062635570756,357.54062635570756
NN,TCGA-LUAD,TCGA-44-2655-11,TCGA-55-6982-11,0.00034250526079316105,0.09739748304772594,284.3678453936049,284.3678453936049
NN,TCGA-LUAD,TCGA-44-2655-11,TCGA-55-6983-11,0.0005237039654821534,0.2186190646314397,417.44779310610306,417.44779310610306
NN,TCGA-LUAD,TCGA-44-2655-11,TCGA-55-6984-11,0.000357807123869344,0.16949051409555912,473.69239679378177,473.69239679378177
NN,TCGA-LUAD,TCGA-44-2655-11,TCGA-55-6985-11,0.00044169090175410965,0.15347719028311912,347.4764584772005,347.4764584772005
NN,TCGA-LUAD,TCGA-44-2655-11,TCGA-55-6986-11,0.00030447345245433554,0.108983110990376,357.9396171057676,357.9396171057676
NN,TCGA-LUAD,TCGA-44-2655-11,TCGA-73-4676-11,0.0016412126682044314,0.19070518132538444,116.197726851588,116.197726851588
NN,TCGA-LUAD,TCGA-44-2655-11,TCGA-91-6828-11,0.0004376430214481159,0.1890750882762169,432.0303969444933,432.0303969444933
NN,TCGA-LUAD,TCGA-44-2655-11,TCGA-91-6829-11,0.0007007191995352448,0.2158600665072655,308.05501925797904,308.05501925797904
NN,TCGA-LUAD,TCGA-44-2655-11,TCGA-91-6831-11,0.0011366526697668658,0.19873772568539252,174.8447269526537,174.8447269526537
NN,TCGA-LUAD,TCGA-44-2655-11,TCGA-91-6835-11,0.00034186719855346055,0.11997842892817424,350.9503966330723,350.9503966330723
NN,TCGA-LUAD,TCGA-44-2655-11,TCGA-91-6836-11,0.00039722158953580744,0.16502973960283157,415.4601460501809,415.4601460501809
NN,TCGA-LUAD,TCGA-44-2655-11,TCGA-91-6847-11,0.00031532365459643473,0.1792205578659151,568.3701658706498,568.3701658706498
NN,TCGA-LUAD,TCGA-44-2655-11,TCGA-91-6849-11,0.00039265410323846025,0.14444661195133937,367.8724117741269,367.8724117741269
NN,TCGA-LUAD,TCGA-44-2655-11,TCGA-KN-8419-11,0.0017203496452917089,0.3267260654317533,189.91840776434282,189.91840776434282
NN,TCGA-LUAD,TCGA-44-2655-11,TCGA-KN-8422-11,0.0007127501500729515,0.31775514434541596,445.81561198253416,445.81561198253416
NN,TCGA-LUAD,TCGA-44-2655-11,TCGA-KN-8423-11,0.000876077173409629,0.3269823351576752,373.2346248505524,373.2346248505524
NN,TCGA-LUAD,TCGA-44-2655-11,TCGA-KN-8424-11,0.001218744600333846,0.25158467549413654,206.42936627183494,206.42936627183494
NN,TCGA-LUAD,TCGA-44-2655-11,TCGA-KN-8425-11,0.0012935730474336543,0.24817787201517666,191.85454776407235,191.85454776407235
NN,TCGA-LUAD,TCGA-44-2655-11,TCGA-KN-8426-11,0.0009943633121668803,0.34014781820408524,342.07599379631927,342.07599379631927
NN,TCGA-LUAD,TCGA-44-2655-11,TCGA-KN-8427-11,0.0009757584193440555,0.29429911491665417,301.61063341323154,301.61063341323154
NN,TCGA-LUAD,TCGA-44-2655-11,TCGA-KN-8428-11,0.0008260608883588619,0.33995114222318723,411.53279015372505,411.53279015372505
NN,TCGA-LUAD,TCGA-44-2655-11,TCGA-KN-8429-11,0.0018815871306614592,0.2858796023625875,151.9353516528828,151.9353516528828
NN,TCGA-LUAD,TCGA-44-2655-11,TCGA-KN-8430-11,0.0015031382652329736,0.2222006910016623,147.82451896880096,147.82451896880096
NN,TCGA-LUAD,TCGA-44-2655-11,TCGA-KN-8431-11,0.0011411994367708017,0.2500886205520909,219.14541183069184,219.14541183069184
NN,TCGA-LUAD,TCGA-44-2655-11,TCGA-KN-8432-11,0.004294818573920455,0.236483015239304,55.062399300242,55.062399300242
NN,TCGA-LUAD,TCGA-44-2655-11,TCGA-KN-8433-11,0.0010907001726591157,0.2874935152384732,263.5862012724973,263.5862012724973
NN,TCGA-LUAD,TCGA-44-2655-11,TCGA-KN-8434-11,0.001117883790813831,0.323269508789999,289.17988743235594,289.17988743235594
NN,TCGA-LUAD,TCGA-44-2655-11,TCGA-KN-8435-11,0.0007939290296333749,0.3694883725014011,465.39219339545446,465.39219339545446
NN,TCGA-LUAD,TCGA-44-2655-11,TCGA-KN-8436-11,0.0009205702952821681,0.28248972593103716,306.863829279273,306.863829279273
NN,TCGA-LUAD,TCGA-44-2655-11,TCGA-KN-8437-11,0.000480364694058157,0.36464513566273715,759.1006170378336,759.1006170378336
NN,TCGA-LUAD,TCGA-44-2657-11,TCGA-44-2661-11,0.0002551299161023744,0.19311157500969375,756.9146651238073,756.9146651238073
NN,TCGA-LUAD,TCGA-44-2657-11,TCGA-44-2662-11,0.00043904674034237775,0.16789172351670528,382.4005694377319,382.4005694377319
NN,TCGA-LUAD,TCGA-44-2657-11,TCGA-44-2665-11,0.0002495264350311199,0.1527687028089148,612.2345425640459,612.2345425640459
NN,TCGA-LUAD,TCGA-44-2657-11,TCGA-44-2668-11,0.0006455576408370097,0.18643822539614674,288.8018258980202,288.8018258980202
NN,TCGA-LUAD,TCGA-44-2657-11,TCGA-44-3396-11,0.0005736474626780496,0.17297258800915943,301.53116550301473,301.53116550301473
NN,TCGA-LUAD,TCGA-44-2657-11,TCGA-44-3398-11,0.0003850397995797382,0.20668054204805766,536.7770871313681,536.7770871313681
NN,TCGA-LUAD,TCGA-44-2657-11,TCGA-44-5645-11,0.0004369520410450086,0.16927376427777305,387.39666685831287,387.39666685831287
NN,TCGA-LUAD,TCGA-44-2657-11,TCGA-44-6144-11,0.00038516230743734716,0.1524671821552523,395.8517726453634,395.8517726453634
NN,TCGA-LUAD,TCGA-44-2657-11,TCGA-44-6145-11,0.0005535818959307229,0.209243411350373,377.9809507653379,377.9809507653379
NN,TCGA-LUAD,TCGA-44-2657-11,TCGA-44-6146-11,0.0009221734224864838,0.20841867969747319,226.00811801267017,226.00811801267017
NN,TCGA-LUAD,TCGA-44-2657-11,TCGA-44-6147-11,0.0015188429057248504,0.22264588036379318,146.58914330415098,146.58914330415098
NN,TCGA-LUAD,TCGA-44-2657-11,TCGA-44-6148-11,0.0007240391403951036,0.24221312354029165,334.53042802094575,334.53042802094575
NN,TCGA-LUAD,TCGA-44-2657-11,TCGA-44-6776-11,0.0007974834979824283,0.12550145331548657,157.3718498664807,157.3718498664807
NN,TCGA-LUAD,TCGA-44-2657-11,TCGA-44-6777-11,0.00030811667305504246,0.13706530560182834,444.84871345259126,444.84871345259126
NN,TCGA-LUAD,TCGA-44-2657-11,TCGA-44-6778-11,0.001024752671910799,0.2086005699457079,203.5618697697485,203.5618697697485
NN,TCGA-LUAD,TCGA-44-2657-11,TCGA-49-4490-11,0.0029467485063800047,0.0870389841758786,29.537296442988097,29.537296442988097
NN,TCGA-LUAD,TCGA-44-2657-11,TCGA-49-4512-11,0.003381807660986352,0.09617786029588131,28.439778348550334,28.439778348550334
NN,TCGA-LUAD,TCGA-44-2657-11,TCGA-49-6742-11,0.0005115205692286605,0.17855562264253885,349.06831393269096,349.06831393269096
NN,TCGA-LUAD,TCGA-44-2657-11,TCGA-49-6743-11,0.0007334936063969355,0.1422642548618069,193.9543216479239,193.9543216479239
NN,TCGA-LUAD,TCGA-44-2657-11,TCGA-49-6744-11,0.0010995375108148805,0.19440105369264704,176.80256633407083,176.80256633407083
NN,TCGA-LUAD,TCGA-44-2657-11,TCGA-49-6745-11,0.0017531861658042023,0.11281369496793142,64.34781266722052,64.34781266722052
NN,TCGA-LUAD,TCGA-44-2657-11,TCGA-49-6761-11,0.00040192824977390703,0.09542426078073785,237.4161578202477,237.4161578202477
NN,TCGA-LUAD,TCGA-44-2657-11,TCGA-50-5930-11,0.00040740243446277485,0.12231983362904747,300.2432564997941,300.2432564997941
NN,TCGA-LUAD,TCGA-44-2657-11,TCGA-50-5931-11,0.0006685617526443241,0.1598884359973563,239.1528312305613,239.1528312305613
NN,TCGA-LUAD,TCGA-44-2657-11,TCGA-50-5932-11,0.0008623461994356542,0.2056578589536202,238.4864212171504,238.4864212171504
NN,TCGA-LUAD,TCGA-44-2657-11,TCGA-50-5933-11,0.0014494018468354498,0.22474726767938913,155.06208176158384,155.06208176158384
NN,TCGA-LUAD,TCGA-44-2657-11,TCGA-50-5935-11,0.000680876502228562,0.18570422787853574,272.74289429979046,272.74289429979046
NN,TCGA-LUAD,TCGA-44-2657-11,TCGA-50-5936-11,0.0007423810638577654,0.15082985843440105,203.17040099408962,203.17040099408962
NN,TCGA-LUAD,TCGA-44-2657-11,TCGA-50-5939-11,0.0008890193535443197,0.18901472374258355,212.6103588060535,212.6103588060535
NN,TCGA-LUAD,TCGA-44-2657-11,TCGA-50-6595-11,0.000668904433572178,0.1702348618748405,254.49803190229767,254.49803190229767
NN,TCGA-LUAD,TCGA-44-2657-11,TCGA-55-6968-11,0.0002660956012110043,0.14908285058940587,560.2604849945959,560.2604849945959
NN,TCGA-LUAD,TCGA-44-2657-11,TCGA-55-6969-11,0.000532834790770805,0.2085155363430211,391.3324354090695,391.3324354090695
NN,TCGA-LUAD,TCGA-44-2657-11,TCGA-55-6970-11,0.0009351535829590693,0.20667220522480947,221.00348968438405,221.00348968438405
NN,TCGA-LUAD,TCGA-44-2657-11,TCGA-55-6971-11,0.0007137024386626235,0.18945537867865586,265.45429637828926,265.45429637828926
NN,TCGA-LUAD,TCGA-44-2657-11,TCGA-55-6972-11,0.0006352249287851638,0.2207824794679717,347.56582977656,347.56582977656
NN,TCGA-LUAD,TCGA-44-2657-11,TCGA-55-6975-11,0.0007986636868290302,0.1989291542642534,249.07749975971817,249.07749975971817
NN,TCGA-LUAD,TCGA-44-2657-11,TCGA-55-6978-11,0.000568434972251824,0.2225900154868643,391.5839565695371,391.5839565695371
NN,TCGA-LUAD,TCGA-44-2657-11,TCGA-55-6979-11,0.0005708968017896926,0.15437295534205875,270.4043092518966,270.4043092518966
NN,TCGA-LUAD,TCGA-44-2657-11,TCGA-55-6980-11,0.0005465830128670182,0.2051986623534009,375.42085561178067,375.42085561178067
NN,TCGA-LUAD,TCGA-44-2657-11,TCGA-55-6981-11,0.0007172926290533499,0.22535859302422795,314.1794351374361,314.1794351374361
NN,TCGA-LUAD,TCGA-44-2657-11,TCGA-55-6982-11,0.0007614004816088382,0.20170147910534286,264.9085257723346,264.9085257723346
NN,TCGA-LUAD,TCGA-44-2657-11,TCGA-55-6983-11,0.0006809260919909076,0.16544272674643684,242.96723050031983,242.96723050031983
NN,TCGA-LUAD,TCGA-44-2657-11,TCGA-55-6984-11,0.000521595881843734,0.11752065781129478,225.30978848200155,225.30978848200155
NN,TCGA-LUAD,TCGA-44-2657-11,TCGA-55-6985-11,0.0006353544398821753,0.19309911563741877,303.9234536131179,303.9234536131179
NN,TCGA-LUAD,TCGA-44-2657-11,TCGA-55-6986-11,0.0006486852899488691,0.22465504460696675,346.32363040739614,346.32363040739614
NN,TCGA-LUAD,TCGA-44-2657-11,TCGA-73-4676-11,0.0013001910335566278,0.11341631144514591,87.23049807142532,87.23049807142532
NN,TCGA-LUAD,TCGA-44-2657-11,TCGA-91-6828-11,0.0007830633694915316,0.19412843657943873,247.90897409170424,247.90897409170424
NN,TCGA-LUAD,TCGA-44-2657-11,TCGA-91-6829-11,0.00046326596091078934,0.15872809994292708,342.62845392496513,342.62845392496513
NN,TCGA-LUAD,TCGA-44-2657-11,TCGA-91-6831-11,0.0016067898508841767,0.16609049296387146,103.36790020952397,103.36790020952397
NN,TCGA-LUAD,TCGA-44-2657-11,TCGA-91-6835-11,0.0004984372341214307,0.21080876850585156,422.9394476867949,422.9394476867949
NN,TCGA-LUAD,TCGA-44-2657-11,TCGA-91-6836-11,0.0005544489808304386,0.1420497038608626,256.1997745006302,256.1997745006302
NN,TCGA-LUAD,TCGA-44-2657-11,TCGA-91-6847-11,0.0005673626683536004,0.11550040259741472,203.57420225158486,203.57420225158486
NN,TCGA-LUAD,TCGA-44-2657-11,TCGA-91-6849-11,0.0008114130710479205,0.2015873954545334,248.43991629835116,248.43991629835116
NN,TCGA-LUAD,TCGA-44-2657-11,TCGA-KN-8419-11,0.0018673597905177275,0.30896663596976043,165.45640403025874,165.45640403025874
NN,TCGA-LUAD,TCGA-44-2657-11,TCGA-KN-8422-11,0.0010204804049751212,0.2533650994175755,248.2802199653725,248.2802199653725
NN,TCGA-LUAD,TCGA-44-2657-11,TCGA-KN-8423-11,0.001090651671054722,0.27223948775278545,249.6117642120462,249.6117642120462
NN,TCGA-LUAD,TCGA-44-2657-11,TCGA-KN-8424-11,0.0011688065171963878,0.1381203379900334,118.17211485211614,118.17211485211614
NN,TCGA-LUAD,TCGA-44-2657-11,TCGA-KN-8425-11,0.0014259005499011135,0.16445598955633745,115.33482441516871,115.33482441516871
NN,TCGA-LUAD,TCGA-44-2657-11,TCGA-KN-8426-11,0.001379650211787803,0.3200001407087384,231.9429504483387,231.9429504483387
NN,TCGA-LUAD,TCGA-44-2657-11,TCGA-KN-8427-11,0.001053072500611194,0.27839363807213274,264.36322087088547,264.36322087088547
NN,TCGA-LUAD,TCGA-44-2657-11,TCGA-KN-8428-11,0.0009281747311442186,0.3163968289581905,340.88067509460046,340.88067509460046
NN,TCGA-LUAD,TCGA-44-2657-11,TCGA-KN-8429-11,0.0016864296216243576,0.23218789719670596,137.6801582582878,137.6801582582878
NN,TCGA-LUAD,TCGA-44-2657-11,TCGA-KN-8430-11,0.0013823591718409817,0.16357223564403164,118.32831797700693,118.32831797700693
NN,TCGA-LUAD,TCGA-44-2657-11,TCGA-KN-8431-11,0.0012662285217000875,0.14112610595874295,111.45389915025888,111.45389915025888
NN,TCGA-LUAD,TCGA-44-2657-11,TCGA-KN-8432-11,0.003836585411881183,0.18714980959460134,48.780305793540684,48.780305793540684
NN,TCGA-LUAD,TCGA-44-2657-11,TCGA-KN-8433-11,0.0011695600441647244,0.22252051877869783,190.26002118396357,190.26002118396357
NN,TCGA-LUAD,TCGA-44-2657-11,TCGA-KN-8434-11,0.0010996014434700987,0.26010717206509293,236.54677211431468,236.54677211431468
NN,TCGA-LUAD,TCGA-44-2657-11,TCGA-KN-8435-11,0.0010435132288582223,0.33711787080467726,323.0604667786919,323.0604667786919
NN,TCGA-LUAD,TCGA-44-2657-11,TCGA-KN-8436-11,0.001013060083500062,0.24195693242841504,238.8376922249945,238.8376922249945
NN,TCGA-LUAD,TCGA-44-2657-11,TCGA-KN-8437-11,0.0008453145940635011,0.3333214706132692,394.3164745458419,394.3164745458419
NN,TCGA-LUAD,TCGA-44-2661-11,TCGA-44-2662-11,0.00029712345462895367,0.15858706863160818,533.7413326378119,533.7413326378119
NN,TCGA-LUAD,TCGA-44-2661-11,TCGA-44-2665-11,0.00017861090176993146,0.10182769892655322,570.1090914244271,570.1090914244271
NN,TCGA-LUAD,TCGA-44-2661-11,TCGA-44-2668-11,0.0005739656585942483,0.18170728239885126,316.58215030475367,316.58215030475367
NN,TCGA-LUAD,TCGA-44-2661-11,TCGA-44-3396-11,0.0002430975758621248,0.16360386972725482,672.9967139616579,672.9967139616579
NN,TCGA-LUAD,TCGA-44-2661-11,TCGA-44-3398-11,0.00015186515123454572,0.15905657203633,1047.3539896633533,1047.3539896633533
NN,TCGA-LUAD,TCGA-44-2661-11,TCGA-44-5645-11,0.00025942549139691207,0.1640815128820539,632.4803009855914,632.4803009855914
NN,TCGA-LUAD,TCGA-44-2661-11,TCGA-44-6144-11,0.0002392862465062113,0.13813544224500263,577.2811612113151,577.2811612113151
NN,TCGA-LUAD,TCGA-44-2661-11,TCGA-44-6145-11,0.00042762976069630126,0.2210282607117037,516.8682842648923,516.8682842648923
NN,TCGA-LUAD,TCGA-44-2661-11,TCGA-44-6146-11,0.0004247085857696669,0.17594046589079276,414.2616179325626,414.2616179325626
NN,TCGA-LUAD,TCGA-44-2661-11,TCGA-44-6147-11,0.0011911648438698045,0.21379004233480103,179.47981208062626,179.47981208062626
NN,TCGA-LUAD,TCGA-44-2661-11,TCGA-44-6148-11,0.00035201417924603495,0.2092438130663421,594.4187064126594,594.4187064126594
NN,TCGA-LUAD,TCGA-44-2661-11,TCGA-44-6776-11,0.0004901923472508153,0.19989965195041265,407.79839398049717,407.79839398049717
NN,TCGA-LUAD,TCGA-44-2661-11,TCGA-44-6777-11,0.00020456827736572975,0.17685990541351393,864.5519612863609,864.5519612863609
NN,TCGA-LUAD,TCGA-44-2661-11,TCGA-44-6778-11,0.0007006349784943501,0.20416658194636128,291.4022111558161,291.4022111558161
NN,TCGA-LUAD,TCGA-44-2661-11,TCGA-49-4490-11,0.003325016117623837,0.11159841109356305,33.56326921305718,33.56326921305718
NN,TCGA-LUAD,TCGA-44-2661-11,TCGA-49-4512-11,0.003847300465287089,0.1379327725602112,35.85183268235291,35.85183268235291
NN,TCGA-LUAD,TCGA-44-2661-11,TCGA-49-6742-11,0.0004862709991710026,0.21230900497420535,436.6063477693527,436.6063477693527
NN,TCGA-LUAD,TCGA-44-2661-11,TCGA-49-6743-11,0.0006545149774350251,0.12057809734762741,184.22511555069406,184.22511555069406
NN,TCGA-LUAD,TCGA-44-2661-11,TCGA-49-6744-11,0.0005918360823069777,0.16232546149890198,274.2743579711415,274.2743579711415
NN,TCGA-LUAD,TCGA-44-2661-11,TCGA-49-6745-11,0.002080122376509285,0.1977798781046578,95.08088578738241,95.08088578738241
NN,TCGA-LUAD,TCGA-44-2661-11,TCGA-49-6761-11,0.0003316759734477834,0.15285743634687277,460.8637603680313,460.8637603680313
NN,TCGA-LUAD,TCGA-44-2661-11,TCGA-50-5930-11,0.0002827926579644383,0.14569818284146063,515.2120422439767,515.2120422439767
NN,TCGA-LUAD,TCGA-44-2661-11,TCGA-50-5931-11,0.000409342173691398,0.15458614148111688,377.6452841081041,377.6452841081041
NN,TCGA-LUAD,TCGA-44-2661-11,TCGA-50-5932-11,0.00041236618485193254,0.15823243426726463,383.7182583826092,383.7182583826092
NN,TCGA-LUAD,TCGA-44-2661-11,TCGA-50-5933-11,0.0010461192730604949,0.2141807145240319,204.73833150729675,204.73833150729675
NN,TCGA-LUAD,TCGA-44-2661-11,TCGA-50-5935-11,0.00027434504874081114,0.17832316842185897,649.995942118608,649.995942118608
NN,TCGA-LUAD,TCGA-44-2661-11,TCGA-50-5936-11,0.0003350975964477894,0.15894472962596531,474.3236934876972,474.3236934876972
NN,TCGA-LUAD,TCGA-44-2661-11,TCGA-50-5939-11,0.0004419967712026311,0.15068042981935226,340.9084401439521,340.9084401439521
NN,TCGA-LUAD,TCGA-44-2661-11,TCGA-50-6595-11,0.00028909813058567325,0.1572157578946361,543.8145088525425,543.8145088525425
NN,TCGA-LUAD,TCGA-44-2661-11,TCGA-55-6968-11,0.00047645588710164765,0.19860773676418308,416.8439138664938,416.8439138664938
NN,TCGA-LUAD,TCGA-44-2661-11,TCGA-55-6969-11,0.00040170169846422165,0.22258066221075595,554.094401546526,554.094401546526
NN,TCGA-LUAD,TCGA-44-2661-11,TCGA-55-6970-11,0.0005643968095061538,0.20882484424447262,369.9965002055805,369.9965002055805
NN,TCGA-LUAD,TCGA-44-2661-11,TCGA-55-6971-11,0.000412841358212132,0.2025991256093978,490.7432881404664,490.7432881404664
NN,TCGA-LUAD,TCGA-44-2661-11,TCGA-55-6972-11,0.00036490550763476994,0.2095518631901265,574.263360803709,574.263360803709
NN,TCGA-LUAD,TCGA-44-2661-11,TCGA-55-6975-11,0.0004798218595906393,0.19330487900234222,402.86801265632323,402.86801265632323
NN,TCGA-LUAD,TCGA-44-2661-11,TCGA-55-6978-11,0.0003245229410962402,0.2557709785783333,788.1445228936284,788.1445228936284
NN,TCGA-LUAD,TCGA-44-2661-11,TCGA-55-6979-11,0.00044287217689853415,0.18067766138618094,407.96796640393995,407.96796640393995
NN,TCGA-LUAD,TCGA-44-2661-11,TCGA-55-6980-11,0.0003606986094624652,0.21332636267094912,591.4255200175596,591.4255200175596
NN,TCGA-LUAD,TCGA-44-2661-11,TCGA-55-6981-11,0.0004013280838628714,0.20163452112360541,502.4181691518536,502.4181691518536
NN,TCGA-LUAD,TCGA-44-2661-11,TCGA-55-6982-11,0.00036457926987011255,0.1652957739327438,453.387747448266,453.387747448266
NN,TCGA-LUAD,TCGA-44-2661-11,TCGA-55-6983-11,0.0005340645454956199,0.2157067400423388,403.89638642303004,403.89638642303004
NN,TCGA-LUAD,TCGA-44-2661-11,TCGA-55-6984-11,0.0003653951658051379,0.1904990280021428,521.3507069322703,521.3507069322703
NN,TCGA-LUAD,TCGA-44-2661-11,TCGA-55-6985-11,0.00046068730017305014,0.21760847313093068,472.35613625378727,472.35613625378727
NN,TCGA-LUAD,TCGA-44-2661-11,TCGA-55-6986-11,0.0003893164846078419,0.19073273472109897,489.9169243070297,489.9169243070297
NN,TCGA-LUAD,TCGA-44-2661-11,TCGA-73-4676-11,0.0016033032679011355,0.1543768757228777,96.28675922613853,96.28675922613853
NN,TCGA-LUAD,TCGA-44-2661-11,TCGA-91-6828-11,0.00047290873775189665,0.23976910742261906,507.00925629420226,507.00925629420226
NN,TCGA-LUAD,TCGA-44-2661-11,TCGA-91-6829-11,0.0005337192429086806,0.21394164745015673,400.8505413524357,400.8505413524357
NN,TCGA-LUAD,TCGA-44-2661-11,TCGA-91-6831-11,0.0011983527917190026,0.17709998894777684,147.78618631474293,147.78618631474293
NN,TCGA-LUAD,TCGA-44-2661-11,TCGA-91-6835-11,0.00036698639530047695,0.13624112623214552,371.2429887778144,371.2429887778144
NN,TCGA-LUAD,TCGA-44-2661-11,TCGA-91-6836-11,0.0003799128961028887,0.1759964275396083,463.2546811254984,463.2546811254984
NN,TCGA-LUAD,TCGA-44-2661-11,TCGA-91-6847-11,0.00035970965536019075,0.2328222492234927,647.250485924152,647.250485924152
NN,TCGA-LUAD,TCGA-44-2661-11,TCGA-91-6849-11,0.0005047809999452282,0.21414512062106766,424.23371847257266,424.23371847257266
NN,TCGA-LUAD,TCGA-44-2661-11,TCGA-KN-8419-11,0.0018470984126369217,0.29433969334868193,159.3524694379884,159.3524694379884
NN,TCGA-LUAD,TCGA-44-2661-11,TCGA-KN-8422-11,0.0008208101780452301,0.2630676285004527,320.4975224929004,320.4975224929004
NN,TCGA-LUAD,TCGA-44-2661-11,TCGA-KN-8423-11,0.0009935381355310948,0.30166104381223857,303.62301458210857,303.62301458210857
NN,TCGA-LUAD,TCGA-44-2661-11,TCGA-KN-8424-11,0.001297730113246406,0.17880493394869468,137.7828349080963,137.7828349080963
NN,TCGA-LUAD,TCGA-44-2661-11,TCGA-KN-8425-11,0.0013977158711999489,0.1883657031707946,134.76680565205382,134.76680565205382
NN,TCGA-LUAD,TCGA-44-2661-11,TCGA-KN-8426-11,0.0010976471870744625,0.3133467965705008,285.4713247210681,285.4713247210681
NN,TCGA-LUAD,TCGA-44-2661-11,TCGA-KN-8427-11,0.0010667389954001783,0.26423197065517523,247.7006763552792,247.7006763552792
NN,TCGA-LUAD,TCGA-44-2661-11,TCGA-KN-8428-11,0.0008887020577273909,0.3251398256536201,365.8592019974333,365.8592019974333
NN,TCGA-LUAD,TCGA-44-2661-11,TCGA-KN-8429-11,0.0019385899008963424,0.2572731927848444,132.71150987936616,132.71150987936616
NN,TCGA-LUAD,TCGA-44-2661-11,TCGA-KN-8430-11,0.0015774214249800942,0.19605660987972806,124.28930327366521,124.28930327366521
NN,TCGA-LUAD,TCGA-44-2661-11,TCGA-KN-8431-11,0.0012409545359878447,0.21485121112569647,173.13382956021604,173.13382956021604
NN,TCGA-LUAD,TCGA-44-2661-11,TCGA-KN-8432-11,0.004342998261921605,0.2187611776672436,50.37100281280113,50.37100281280113
NN,TCGA-LUAD,TCGA-44-2661-11,TCGA-KN-8433-11,0.0011817925443273064,0.24372646546601107,206.2345600637917,206.2345600637917
NN,TCGA-LUAD,TCGA-44-2661-11,TCGA-KN-8434-11,0.0011751503227333412,0.3006990830792103,255.88137726907922,255.88137726907922
NN,TCGA-LUAD,TCGA-44-2661-11,TCGA-KN-8435-11,0.0008409546260739601,0.35942106923471595,427.39650641163803,427.39650641163803
NN,TCGA-LUAD,TCGA-44-2661-11,TCGA-KN-8436-11,0.0009831356841530836,0.2479177414163817,252.17042307842684,252.17042307842684
NN,TCGA-LUAD,TCGA-44-2661-11,TCGA-KN-8437-11,0.0005728881086022336,0.33465928118999183,584.1616821241297,584.1616821241297
NN,TCGA-LUAD,TCGA-44-2662-11,TCGA-44-2665-11,0.00023220414406759172,0.1579046909734672,680.0252924319177,680.0252924319177
NN,TCGA-LUAD,TCGA-44-2662-11,TCGA-44-2668-11,0.0006281737711800124,0.19858041084175154,316.1233721502285,316.1233721502285
NN,TCGA-LUAD,TCGA-44-2662-11,TCGA-44-3396-11,0.00040130802928958374,0.15377196819622324,383.176903956889,383.176903956889
NN,TCGA-LUAD,TCGA-44-2662-11,TCGA-44-3398-11,0.00044101434020046225,0.1612859292854536,365.715838655363,365.715838655363
NN,TCGA-LUAD,TCGA-44-2662-11,TCGA-44-5645-11,0.0005002926103546977,0.23390836048067337,467.5431050537343,467.5431050537343
NN,TCGA-LUAD,TCGA-44-2662-11,TCGA-44-6144-11,0.0004229652326994835,0.17631366963058975,416.8514478254067,416.8514478254067
NN,TCGA-LUAD,TCGA-44-2662-11,TCGA-44-6145-11,0.0004917635322343752,0.18127774040297517,368.6278638420426,368.6278638420426
NN,TCGA-LUAD,TCGA-44-2662-11,TCGA-44-6146-11,0.0007121601298280255,0.15635271214998153,219.54712936223774,219.54712936223774
NN,TCGA-LUAD,TCGA-44-2662-11,TCGA-44-6147-11,0.001135720327507176,0.17025572329293154,149.90990226144015,149.90990226144015
NN,TCGA-LUAD,TCGA-44-2662-11,TCGA-44-6148-11,0.0006754460309136983,0.18352754999744783,271.7131222892583,271.7131222892583
NN,TCGA-LUAD,TCGA-44-2662-11,TCGA-44-6776-11,0.0006541895218372085,0.2351254993951843,359.4149578166035,359.4149578166035
NN,TCGA-LUAD,TCGA-44-2662-11,TCGA-44-6777-11,0.0004305887512424212,0.20000065406686007,464.4818367636822,464.4818367636822
NN,TCGA-LUAD,TCGA-44-2662-11,TCGA-44-6778-11,0.0008546477845256268,0.21823717046864782,255.35334487502428,255.35334487502428
NN,TCGA-LUAD,TCGA-44-2662-11,TCGA-49-4490-11,0.0035867283448588667,0.2048632129432143,57.11701395977214,57.11701395977214
NN,TCGA-LUAD,TCGA-44-2662-11,TCGA-49-4512-11,0.004126977725906413,0.26113421060285236,63.27492609510006,63.27492609510006
NN,TCGA-LUAD,TCGA-44-2662-11,TCGA-49-6742-11,0.0006898339783506784,0.2636207472533276,382.15100375835,382.15100375835
NN,TCGA-LUAD,TCGA-44-2662-11,TCGA-49-6743-11,0.0008611492911822166,0.17364021481755632,201.6377608337537,201.6377608337537
NN,TCGA-LUAD,TCGA-44-2662-11,TCGA-49-6744-11,0.0009500962152219446,0.20477080163565575,215.52638391241337,215.52638391241337
NN,TCGA-LUAD,TCGA-44-2662-11,TCGA-49-6745-11,0.002342283945927291,0.2704029372167792,115.44413207756027,115.44413207756027
NN,TCGA-LUAD,TCGA-44-2662-11,TCGA-49-6761-11,0.0005378161073065719,0.1837530064846375,341.6651230564438,341.6651230564438
NN,TCGA-LUAD,TCGA-44-2662-11,TCGA-50-5930-11,0.00047194087496008237,0.19720621548243342,417.86212202770844,417.86212202770844
NN,TCGA-LUAD,TCGA-44-2662-11,TCGA-50-5931-11,0.00042193400063059334,0.17060775003541026,404.3470063574676,404.3470063574676
NN,TCGA-LUAD,TCGA-44-2662-11,TCGA-50-5932-11,0.0007150930804238197,0.17705131793246415,247.59198876253953,247.59198876253953
NN,TCGA-LUAD,TCGA-44-2662-11,TCGA-50-5933-11,0.0010080146533324235,0.17577676807526607,174.3791794039509,174.3791794039509
NN,TCGA-LUAD,TCGA-44-2662-11,TCGA-50-5935-11,0.0005802473036149213,0.18504940351733326,318.9147150955837,318.9147150955837
NN,TCGA-LUAD,TCGA-44-2662-11,TCGA-50-5936-11,0.0005130451091333638,0.20002877449152506,389.885354972809,389.885354972809
NN,TCGA-LUAD,TCGA-44-2662-11,TCGA-50-5939-11,0.0006025985275210578,0.1683167825822382,279.31827725277066,279.31827725277066
NN,TCGA-LUAD,TCGA-44-2662-11,TCGA-50-6595-11,0.0005364742267110882,0.17318606176775808,322.82270637583747,322.82270637583747
NN,TCGA-LUAD,TCGA-44-2662-11,TCGA-55-6968-11,0.000662900446065691,0.23538960346284604,355.09042852494895,355.09042852494895
NN,TCGA-LUAD,TCGA-44-2662-11,TCGA-55-6969-11,0.0005363143427675715,0.16898397553671915,315.08382689282956,315.08382689282956
NN,TCGA-LUAD,TCGA-44-2662-11,TCGA-55-6970-11,0.0008589239150537341,0.21177015712723737,246.55287088378378,246.55287088378378
NN,TCGA-LUAD,TCGA-44-2662-11,TCGA-55-6971-11,0.0006931674253278399,0.19117144445204048,275.79403974678155,275.79403974678155
NN,TCGA-LUAD,TCGA-44-2662-11,TCGA-55-6972-11,0.0005809149274526149,0.18024955486690378,310.28563107737784,310.28563107737784
NN,TCGA-LUAD,TCGA-44-2662-11,TCGA-55-6975-11,0.0006561337835445874,0.21474076651381463,327.2819841004605,327.2819841004605
NN,TCGA-LUAD,TCGA-44-2662-11,TCGA-55-6978-11,0.0005660874132687977,0.22557005748334802,398.47213026840365,398.47213026840365
NN,TCGA-LUAD,TCGA-44-2662-11,TCGA-55-6979-11,0.0006036934472920579,0.19666415112524815,325.76823884275984,325.76823884275984
NN,TCGA-LUAD,TCGA-44-2662-11,TCGA-55-6980-11,0.0005835166548897697,0.2371918280499388,406.4868175780621,406.4868175780621
NN,TCGA-LUAD,TCGA-44-2662-11,TCGA-55-6981-11,0.000624759834264156,0.17291064423044744,276.7633812985147,276.7633812985147
NN,TCGA-LUAD,TCGA-44-2662-11,TCGA-55-6982-11,0.000744075687707926,0.155872487518419,209.48472056461551,209.48472056461551
NN,TCGA-LUAD,TCGA-44-2662-11,TCGA-55-6983-11,0.0007557783906743375,0.24739596354101262,327.33929230270195,327.33929230270195
NN,TCGA-LUAD,TCGA-44-2662-11,TCGA-55-6984-11,0.0006352906692673426,0.2631386235525879,414.20193351187737,414.20193351187737
NN,TCGA-LUAD,TCGA-44-2662-11,TCGA-55-6985-11,0.0007273635854810385,0.20462343755306533,281.3220810576303,281.3220810576303
NN,TCGA-LUAD,TCGA-44-2662-11,TCGA-55-6986-11,0.0006512343462747876,0.13158318916827005,202.05198009127835,202.05198009127835
NN,TCGA-LUAD,TCGA-44-2662-11,TCGA-73-4676-11,0.0016456443089018957,0.2089940922321621,126.99833803795639,126.99833803795639
NN,TCGA-LUAD,TCGA-44-2662-11,TCGA-91-6828-11,0.0005858458300920569,0.20509426661478583,350.08231872634195,350.08231872634195
NN,TCGA-LUAD,TCGA-44-2662-11,TCGA-91-6829-11,0.000749215512568243,0.27690437682605135,369.592423249284,369.592423249284
NN,TCGA-LUAD,TCGA-44-2662-11,TCGA-91-6831-11,0.0013805428597835558,0.18087279104848403,131.01570137188034,131.01570137188034
NN,TCGA-LUAD,TCGA-44-2662-11,TCGA-91-6835-11,0.000687510276814978,0.1539579182507641,223.9354427747661,223.9354427747661
NN,TCGA-LUAD,TCGA-44-2662-11,TCGA-91-6836-11,0.000637320794258522,0.20784153033176134,326.11760388827474,326.11760388827474
NN,TCGA-LUAD,TCGA-44-2662-11,TCGA-91-6847-11,0.0005590846062139674,0.27607623607639675,493.80046062427186,493.80046062427186
NN,TCGA-LUAD,TCGA-44-2662-11,TCGA-91-6849-11,0.0006501577474109369,0.14073417349988065,216.46158037847482,216.46158037847482
NN,TCGA-LUAD,TCGA-44-2662-11,TCGA-KN-8419-11,0.0020442766049736157,0.33794036055051885,165.31048671609705,165.31048671609705
NN,TCGA-LUAD,TCGA-44-2662-11,TCGA-KN-8422-11,0.0011972032576876533,0.34522298606023427,288.3578739394826,288.3578739394826
NN,TCGA-LUAD,TCGA-44-2662-11,TCGA-KN-8423-11,0.0014508442534845812,0.3601474223436738,248.2330005296473,248.2330005296473
NN,TCGA-LUAD,TCGA-44-2662-11,TCGA-KN-8424-11,0.0016097527775307298,0.2903573459787821,180.37387481584219,180.37387481584219
NN,TCGA-LUAD,TCGA-44-2662-11,TCGA-KN-8425-11,0.001739389821302566,0.2372506070130668,136.39875553336194,136.39875553336194
NN,TCGA-LUAD,TCGA-44-2662-11,TCGA-KN-8426-11,0.001411990167198346,0.36887058948536466,261.2416134719077,261.2416134719077
NN,TCGA-LUAD,TCGA-44-2662-11,TCGA-KN-8427-11,0.0012626429958523477,0.33462965416188595,265.02317381960694,265.02317381960694
NN,TCGA-LUAD,TCGA-44-2662-11,TCGA-KN-8428-11,0.0012121534310602785,0.3824493728876691,315.5123461170573,315.5123461170573
NN,TCGA-LUAD,TCGA-44-2662-11,TCGA-KN-8429-11,0.0019908027924662904,0.31887940524772285,160.17628991402086,160.17628991402086
NN,TCGA-LUAD,TCGA-44-2662-11,TCGA-KN-8430-11,0.001659239846153624,0.2342405185559881,141.17339280333343,141.17339280333343
NN,TCGA-LUAD,TCGA-44-2662-11,TCGA-KN-8431-11,0.001618315550917723,0.28619624869346105,176.84823490150814,176.84823490150814
NN,TCGA-LUAD,TCGA-44-2662-11,TCGA-KN-8432-11,0.0047554297351994545,0.3087639921157675,64.92872554299599,64.92872554299599
NN,TCGA-LUAD,TCGA-44-2662-11,TCGA-KN-8433-11,0.001417755628339788,0.3191293185644164,225.09472872847726,225.09472872847726
NN,TCGA-LUAD,TCGA-44-2662-11,TCGA-KN-8434-11,0.0015014273062827826,0.3588823711603404,239.02747049995878,239.02747049995878
NN,TCGA-LUAD,TCGA-44-2662-11,TCGA-KN-8435-11,0.0012158309365470797,0.3924997353047991,322.824270633782,322.824270633782
NN,TCGA-LUAD,TCGA-44-2662-11,TCGA-KN-8436-11,0.0011865178757347002,0.3063962292501353,258.23144810221476,258.23144810221476
NN,TCGA-LUAD,TCGA-44-2662-11,TCGA-KN-8437-11,0.0009113328086624208,0.3936420506984676,431.9410504667586,431.9410504667586
NN,TCGA-LUAD,TCGA-44-2665-11,TCGA-44-2668-11,0.0004739369625763009,0.1890070218179749,398.8020279965945,398.8020279965945
NN,TCGA-LUAD,TCGA-44-2665-11,TCGA-44-3396-11,0.0003146495023308285,0.12169644918701447,386.7682875247662,386.7682875247662
NN,TCGA-LUAD,TCGA-44-2665-11,TCGA-44-3398-11,0.00031602708673372787,0.14731123066478297,466.1348246674238,466.1348246674238
NN,TCGA-LUAD,TCGA-44-2665-11,TCGA-44-5645-11,0.0004137385803212757,0.18184271750070352,439.51114580491685,439.51114580491685
NN,TCGA-LUAD,TCGA-44-2665-11,TCGA-44-6144-11,0.0002822142110250501,0.19614482264785466,695.0210690504324,695.0210690504324
NN,TCGA-LUAD,TCGA-44-2665-11,TCGA-44-6145-11,0.0003923602522317044,0.19927771667733152,507.89476136754564,507.89476136754564
NN,TCGA-LUAD,TCGA-44-2665-11,TCGA-44-6146-11,0.0006753640745954686,0.17458357614737274,258.50290637971125,258.50290637971125
NN,TCGA-LUAD,TCGA-44-2665-11,TCGA-44-6147-11,0.0011877030592824973,0.17817434040110236,150.01589749944668,150.01589749944668
NN,TCGA-LUAD,TCGA-44-2665-11,TCGA-44-6148-11,0.0005871273764442154,0.1760593835028388,299.8657370894486,299.8657370894486
NN,TCGA-LUAD,TCGA-44-2665-11,TCGA-44-6776-11,0.0006171618567193813,0.2049707260921837,332.11826664359506,332.11826664359506
NN,TCGA-LUAD,TCGA-44-2665-11,TCGA-44-6777-11,0.00025960068459929573,0.1630376681851226,628.0325047554397,628.0325047554397
NN,TCGA-LUAD,TCGA-44-2665-11,TCGA-44-6778-11,0.0008784078055303324,0.19453365829378272,221.4616685655866,221.4616685655866
NN,TCGA-LUAD,TCGA-44-2665-11,TCGA-49-4490-11,0.003184398403807466,0.1686443619775926,52.95956742596996,52.95956742596996
NN,TCGA-LUAD,TCGA-44-2665-11,TCGA-49-4512-11,0.00368870820183505,0.18284777567748273,49.56959609505572,49.56959609505572
NN,TCGA-LUAD,TCGA-44-2665-11,TCGA-49-6742-11,0.0004907759993643928,0.18129389424227826,369.40252676796166,369.40252676796166
NN,TCGA-LUAD,TCGA-44-2665-11,TCGA-49-6743-11,0.0006805205334534313,0.1536383538495454,225.76593401212784,225.76593401212784
NN,TCGA-LUAD,TCGA-44-2665-11,TCGA-49-6744-11,0.000836911435997333,0.15969024803474746,190.8090165412154,190.8090165412154
NN,TCGA-LUAD,TCGA-44-2665-11,TCGA-49-6745-11,0.001958517860919465,0.21185096183418223,108.1690221271327,108.1690221271327
NN,TCGA-LUAD,TCGA-44-2665-11,TCGA-49-6761-11,0.000360359095398529,0.1916009494145075,531.6945010160263,531.6945010160263
NN,TCGA-LUAD,TCGA-44-2665-11,TCGA-50-5930-11,0.000302239263137805,0.19910778778791463,658.7753878195902,658.7753878195902
NN,TCGA-LUAD,TCGA-44-2665-11,TCGA-50-5931-11,0.0004164135112888235,0.18073129205338678,434.0187989914476,434.0187989914476
NN,TCGA-LUAD,TCGA-44-2665-11,TCGA-50-5932-11,0.0006583257039537856,0.18422958072391893,279.8456442114735,279.8456442114735
NN,TCGA-LUAD,TCGA-44-2665-11,TCGA-50-5933-11,0.0011000495533779757,0.1906996340066891,173.35549423305383,173.35549423305383
NN,TCGA-LUAD,TCGA-44-2665-11,TCGA-50-5935-11,0.00042910384552002326,0.13789792935799505,321.3626044084481,321.3626044084481
NN,TCGA-LUAD,TCGA-44-2665-11,TCGA-50-5936-11,0.0005118391266936625,0.17719753024967194,346.19770355251734,346.19770355251734
NN,TCGA-LUAD,TCGA-44-2665-11,TCGA-50-5939-11,0.0006114753667516159,0.15782023331757716,258.0974506887772,258.0974506887772
NN,TCGA-LUAD,TCGA-44-2665-11,TCGA-50-6595-11,0.0004707852801204898,0.1565033779168468,332.430482696469,332.430482696469
NN,TCGA-LUAD,TCGA-44-2665-11,TCGA-55-6968-11,0.0003764560488547864,0.191748527169575,509.3516965735881,509.3516965735881
NN,TCGA-LUAD,TCGA-44-2665-11,TCGA-55-6969-11,0.0004416044055405713,0.1817655322536168,411.60262436946533,411.60262436946533
NN,TCGA-LUAD,TCGA-44-2665-11,TCGA-55-6970-11,0.0007964308601692936,0.1768939744590992,222.1083879415442,222.1083879415442
NN,TCGA-LUAD,TCGA-44-2665-11,TCGA-55-6971-11,0.000557376798315425,0.19348236031751082,347.13027327703236,347.13027327703236
NN,TCGA-LUAD,TCGA-44-2665-11,TCGA-55-6972-11,0.0005130522246195087,0.16959897740126828,330.5686424555449,330.5686424555449
NN,TCGA-LUAD,TCGA-44-2665-11,TCGA-55-6975-11,0.0006048766435227597,0.20038564023795002,331.2834813242547,331.2834813242547
NN,TCGA-LUAD,TCGA-44-2665-11,TCGA-55-6978-11,0.0004377756696659851,0.21922798495175133,500.7769963986768,500.7769963986768
NN,TCGA-LUAD,TCGA-44-2665-11,TCGA-55-6979-11,0.0005062360107117416,0.1705829906592216,336.9633669864591,336.9633669864591
NN,TCGA-LUAD,TCGA-44-2665-11,TCGA-55-6980-11,0.00048061058310197656,0.20143078042732626,419.1143256297925,419.1143256297925
NN,TCGA-LUAD,TCGA-44-2665-11,TCGA-55-6981-11,0.0005140116745888883,0.14066127274339163,273.6538481463362,273.6538481463362
NN,TCGA-LUAD,TCGA-44-2665-11,TCGA-55-6982-11,0.0006115962382303952,0.12089072861850324,197.66427760950737,197.66427760950737
NN,TCGA-LUAD,TCGA-44-2665-11,TCGA-55-6983-11,0.0005965679620198072,0.21344171489952626,357.78273137041106,357.78273137041106
NN,TCGA-LUAD,TCGA-44-2665-11,TCGA-55-6984-11,0.00047797253511188163,0.19464862341891354,407.23809240075076,407.23809240075076
NN,TCGA-LUAD,TCGA-44-2665-11,TCGA-55-6985-11,0.0005969985471320869,0.16268638494470677,272.5071706224976,272.5071706224976
NN,TCGA-LUAD,TCGA-44-2665-11,TCGA-55-6986-11,0.0005577821303612814,0.1525206427788699,273.4412496866486,273.4412496866486
NN,TCGA-LUAD,TCGA-44-2665-11,TCGA-73-4676-11,0.0014010612392154162,0.17711504131751327,126.41491774955986,126.41491774955986
NN,TCGA-LUAD,TCGA-44-2665-11,TCGA-91-6828-11,0.0005569988313031479,0.19666600219978864,353.0815347308201,353.0815347308201
NN,TCGA-LUAD,TCGA-44-2665-11,TCGA-91-6829-11,0.0005252576039377023,0.23209011223331846,441.8595951651284,441.8595951651284
NN,TCGA-LUAD,TCGA-44-2665-11,TCGA-91-6831-11,0.0013960747436851484,0.19685350200393073,141.00498765868826,141.00498765868826
NN,TCGA-LUAD,TCGA-44-2665-11,TCGA-91-6835-11,0.0004999009633591118,0.11530494095384111,230.6555686131174,230.6555686131174
NN,TCGA-LUAD,TCGA-44-2665-11,TCGA-91-6836-11,0.0005050211603025185,0.18075135546550436,357.90847923526695,357.90847923526695
NN,TCGA-LUAD,TCGA-44-2665-11,TCGA-91-6847-11,0.00044244332157888,0.2196125728763924,496.363177305275,496.363177305275
NN,TCGA-LUAD,TCGA-44-2665-11,TCGA-91-6849-11,0.0006026231310363111,0.15928556979608433,264.32037137732533,264.32037137732533
NN,TCGA-LUAD,TCGA-44-2665-11,TCGA-KN-8419-11,0.0018721732767985125,0.34516425695087705,184.365550576131,184.365550576131
NN,TCGA-LUAD,TCGA-44-2665-11,TCGA-KN-8422-11,0.0009933884863863873,0.34291547527478594,345.19775493090015,345.19775493090015
NN,TCGA-LUAD,TCGA-44-2665-11,TCGA-KN-8423-11,0.0011599611006797958,0.35596825242299546,306.87947398786054,306.87947398786054
NN,TCGA-LUAD,TCGA-44-2665-11,TCGA-KN-8424-11,0.0013071329177245946,0.2807050727781437,214.74868314599868,214.74868314599868
NN,TCGA-LUAD,TCGA-44-2665-11,TCGA-KN-8425-11,0.0014619978866932952,0.25408795369163234,173.79502118592058,173.79502118592058
NN,TCGA-LUAD,TCGA-44-2665-11,TCGA-KN-8426-11,0.0012724949094757654,0.36387599755615596,285.9547765940088,285.9547765940088
NN,TCGA-LUAD,TCGA-44-2665-11,TCGA-KN-8427-11,0.0010603675098247826,0.32247335935871846,304.1147115229932,304.1147115229932
NN,TCGA-LUAD,TCGA-44-2665-11,TCGA-KN-8428-11,0.0009546374020769784,0.37198806070942636,389.66424309387224,389.66424309387224
NN,TCGA-LUAD,TCGA-44-2665-11,TCGA-KN-8429-11,0.0018069170608216321,0.3073970099111607,170.1223684120746,170.1223684120746
NN,TCGA-LUAD,TCGA-44-2665-11,TCGA-KN-8430-11,0.0014816528326360952,0.24345945049207668,164.31612394579892,164.31612394579892
NN,TCGA-LUAD,TCGA-44-2665-11,TCGA-KN-8431-11,0.0013323457637466115,0.27915730583128373,209.52316840508564,209.52316840508564
NN,TCGA-LUAD,TCGA-44-2665-11,TCGA-KN-8432-11,0.004223110074097144,0.27751521247895405,65.71346889135583,65.71346889135583
NN,TCGA-LUAD,TCGA-44-2665-11,TCGA-KN-8433-11,0.0011918845505940804,0.2996527693988792,251.4109015420335,251.4109015420335
NN,TCGA-LUAD,TCGA-44-2665-11,TCGA-KN-8434-11,0.001218696988003075,0.3497308685536232,286.9711437678065,286.9711437678065
NN,TCGA-LUAD,TCGA-44-2665-11,TCGA-KN-8435-11,0.0009847003527245286,0.3891202445567902,395.1661472245325,395.1661472245325
NN,TCGA-LUAD,TCGA-44-2665-11,TCGA-KN-8436-11,0.0010223510567295125,0.3282468416416843,321.0705750055579,321.0705750055579
NN,TCGA-LUAD,TCGA-44-2665-11,TCGA-KN-8437-11,0.0007666351565927415,0.3801163776668296,495.82434929834335,495.82434929834335
NN,TCGA-LUAD,TCGA-44-2668-11,TCGA-44-3396-11,0.0004064080732728444,0.1297009521690564,319.1397039053919,319.1397039053919
NN,TCGA-LUAD,TCGA-44-2668-11,TCGA-44-3398-11,0.0006106519384004902,0.1887214723754839,309.04916615807537,309.04916615807537
NN,TCGA-LUAD,TCGA-44-2668-11,TCGA-44-5645-11,0.0007840809173687566,0.24767812410294177,315.88337200464946,315.88337200464946
NN,TCGA-LUAD,TCGA-44-2668-11,TCGA-44-6144-11,0.000645193331874316,0.20782738959750913,322.1164561539424,322.1164561539424
NN,TCGA-LUAD,TCGA-44-2668-11,TCGA-44-6145-11,0.00040090710765727355,0.18613139011991772,464.2756054079172,464.2756054079172
NN,TCGA-LUAD,TCGA-44-2668-11,TCGA-44-6146-11,0.0008725250946753377,0.21538801266315352,246.85595174004519,246.85595174004519
NN,TCGA-LUAD,TCGA-44-2668-11,TCGA-44-6147-11,0.000790216397003216,0.16846085448775117,213.18319276417844,213.18319276417844
NN,TCGA-LUAD,TCGA-44-2668-11,TCGA-44-6148-11,0.0009843059292261533,0.2076331160488593,210.94368110948736,210.94368110948736
NN,TCGA-LUAD,TCGA-44-2668-11,TCGA-44-6776-11,0.000992735071356133,0.267330311766081,269.28666013671955,269.28666013671955
NN,TCGA-LUAD,TCGA-44-2668-11,TCGA-44-6777-11,0.0006344062723345489,0.18716649249276976,295.02623264429053,295.02623264429053
NN,TCGA-LUAD,TCGA-44-2668-11,TCGA-44-6778-11,0.000823247078613661,0.20408972094723907,247.90822372661668,247.90822372661668
NN,TCGA-LUAD,TCGA-44-2668-11,TCGA-49-4490-11,0.003775016514931678,0.16843919086269113,44.619458006726,44.619458006726
NN,TCGA-LUAD,TCGA-44-2668-11,TCGA-49-4512-11,0.004387395091469867,0.22148368689878747,50.481819458066155,50.481819458066155
NN,TCGA-LUAD,TCGA-44-2668-11,TCGA-49-6742-11,0.0006685670487662574,0.23735340817631284,355.01810718059437,355.01810718059437
NN,TCGA-LUAD,TCGA-44-2668-11,TCGA-49-6743-11,0.0010416364940229312,0.1994445160204551,191.47228151557488,191.47228151557488
NN,TCGA-LUAD,TCGA-44-2668-11,TCGA-49-6744-11,0.0011452971230679087,0.21513596331319906,187.84292650357324,187.84292650357324
NN,TCGA-LUAD,TCGA-44-2668-11,TCGA-49-6745-11,0.0025699431113039234,0.2983199348032785,116.08036516104771,116.08036516104771
NN,TCGA-LUAD,TCGA-44-2668-11,TCGA-49-6761-11,0.0008040838559166608,0.2315447117813825,287.9609011891179,287.9609011891179
NN,TCGA-LUAD,TCGA-44-2668-11,TCGA-50-5930-11,0.0005766324541939271,0.15499281100404788,268.7896074471075,268.7896074471075
NN,TCGA-LUAD,TCGA-44-2668-11,TCGA-50-5931-11,0.0006876229205075648,0.20390497304465466,296.53603299631635,296.53603299631635
NN,TCGA-LUAD,TCGA-44-2668-11,TCGA-50-5932-11,0.0007356574258732809,0.2259010177341952,307.0736592729063,307.0736592729063
NN,TCGA-LUAD,TCGA-44-2668-11,TCGA-50-5933-11,0.0007362139663829993,0.18364714450087963,249.44805842672807,249.44805842672807
NN,TCGA-LUAD,TCGA-44-2668-11,TCGA-50-5935-11,0.0007104941483662943,0.24751596943306917,348.3715805432118,348.3715805432118
NN,TCGA-LUAD,TCGA-44-2668-11,TCGA-50-5936-11,0.00075545623622189,0.20953153337248426,277.3576063391465,277.3576063391465
NN,TCGA-LUAD,TCGA-44-2668-11,TCGA-50-5939-11,0.0006538707610116762,0.20582271955758266,314.77584230732606,314.77584230732606
NN,TCGA-LUAD,TCGA-44-2668-11,TCGA-50-6595-11,0.0008480512214438694,0.2192951890584382,258.58719793489837,258.58719793489837
NN,TCGA-LUAD,TCGA-44-2668-11,TCGA-55-6968-11,0.0006587288096302045,0.21297121244119557,323.30635813659467,323.30635813659467
NN,TCGA-LUAD,TCGA-44-2668-11,TCGA-55-6969-11,0.0006170185609598981,0.18458207227951728,299.15157170047246,299.15157170047246
NN,TCGA-LUAD,TCGA-44-2668-11,TCGA-55-6970-11,0.0008644405966578156,0.1935778558287615,223.93424901281946,223.93424901281946
NN,TCGA-LUAD,TCGA-44-2668-11,TCGA-55-6971-11,0.0008912937533625492,0.2113779652975631,237.15858492231732,237.15858492231732
NN,TCGA-LUAD,TCGA-44-2668-11,TCGA-55-6972-11,0.000834719764022365,0.16992523849656216,203.57160069832645,203.57160069832645
NN,TCGA-LUAD,TCGA-44-2668-11,TCGA-55-6975-11,0.0007564688431902968,0.1999725308186862,264.3499895849395,264.3499895849395
NN,TCGA-LUAD,TCGA-44-2668-11,TCGA-55-6978-11,0.0007178268516500887,0.23306351143845325,324.6792884700588,324.6792884700588
NN,TCGA-LUAD,TCGA-44-2668-11,TCGA-55-6979-11,0.0005733283275830435,0.19327031193323033,337.1023245057365,337.1023245057365
NN,TCGA-LUAD,TCGA-44-2668-11,TCGA-55-6980-11,0.0009719299416114083,0.22869179431279882,235.2965831401798,235.2965831401798
NN,TCGA-LUAD,TCGA-44-2668-11,TCGA-55-6981-11,0.0008471259014389456,0.23703144568630327,279.8066323833054,279.8066323833054
NN,TCGA-LUAD,TCGA-44-2668-11,TCGA-55-6982-11,0.0008892923258971865,0.17656601846204129,198.54665706679512,198.54665706679512
NN,TCGA-LUAD,TCGA-44-2668-11,TCGA-55-6983-11,0.0005451983469960768,0.21109259377913542,387.1849482710453,387.1849482710453
NN,TCGA-LUAD,TCGA-44-2668-11,TCGA-55-6984-11,0.0008365876086588826,0.2827386970345691,337.96663267320207,337.96663267320207
NN,TCGA-LUAD,TCGA-44-2668-11,TCGA-55-6985-11,0.0007824266061551597,0.1818304200941679,232.3929409656474,232.3929409656474
NN,TCGA-LUAD,TCGA-44-2668-11,TCGA-55-6986-11,0.0010780335864242737,0.19765077854260296,183.34380397014365,183.34380397014365
NN,TCGA-LUAD,TCGA-44-2668-11,TCGA-73-4676-11,0.001876571734347071,0.15424421138371258,82.19467903121746,82.19467903121746
NN,TCGA-LUAD,TCGA-44-2668-11,TCGA-91-6828-11,0.0006760533854696093,0.22805894715666505,337.33866593722877,337.33866593722877
NN,TCGA-LUAD,TCGA-44-2668-11,TCGA-91-6829-11,0.0007517656263585576,0.23472090617906988,312.2261752190287,312.2261752190287
NN,TCGA-LUAD,TCGA-44-2668-11,TCGA-91-6831-11,0.0014113694311718794,0.20318935532648516,143.96610188572262,143.96610188572262
NN,TCGA-LUAD,TCGA-44-2668-11,TCGA-91-6835-11,0.0009039624448093481,0.184012589058552,203.56220561503693,203.56220561503693
NN,TCGA-LUAD,TCGA-44-2668-11,TCGA-91-6836-11,0.0007050214451107164,0.22438990122499736,318.27386639247436,318.27386639247436
NN,TCGA-LUAD,TCGA-44-2668-11,TCGA-91-6847-11,0.0007138636752298047,0.2956731569552886,414.1871441492053,414.1871441492053
NN,TCGA-LUAD,TCGA-44-2668-11,TCGA-91-6849-11,0.0007266427639569682,0.1880683883028891,258.81822214640056,258.81822214640056
NN,TCGA-LUAD,TCGA-44-2668-11,TCGA-KN-8419-11,0.0018075067281078144,0.3568240533913952,197.41229608862145,197.41229608862145
NN,TCGA-LUAD,TCGA-44-2668-11,TCGA-KN-8422-11,0.0013851895179401042,0.3405108806130522,245.82259409486517,245.82259409486517
NN,TCGA-LUAD,TCGA-44-2668-11,TCGA-KN-8423-11,0.001506380847527093,0.38640490359141433,256.5120926927243,256.5120926927243
NN,TCGA-LUAD,TCGA-44-2668-11,TCGA-KN-8424-11,0.0020015813894149487,0.26241474562544215,131.1037098032494,131.1037098032494
NN,TCGA-LUAD,TCGA-44-2668-11,TCGA-KN-8425-11,0.0019226967995210728,0.1972389766247915,102.5845451419704,102.5845451419704
NN,TCGA-LUAD,TCGA-44-2668-11,TCGA-KN-8426-11,0.0015120950161746204,0.389218714346253,257.4036090211576,257.4036090211576
NN,TCGA-LUAD,TCGA-44-2668-11,TCGA-KN-8427-11,0.0012149348851936224,0.3321259158126546,273.3693137469867,273.3693137469867
NN,TCGA-LUAD,TCGA-44-2668-11,TCGA-KN-8428-11,0.0013306966068593385,0.36488980831843676,274.2096180583464,274.2096180583464
NN,TCGA-LUAD,TCGA-44-2668-11,TCGA-KN-8429-11,0.0022808901388539165,0.2992989944631673,131.22025886505727,131.22025886505727
NN,TCGA-LUAD,TCGA-44-2668-11,TCGA-KN-8430-11,0.001897325081889801,0.2233408755640941,117.7135524617842,117.7135524617842
NN,TCGA-LUAD,TCGA-44-2668-11,TCGA-KN-8431-11,0.0017235420045471788,0.24468451787592604,141.96608915267564,141.96608915267564
NN,TCGA-LUAD,TCGA-44-2668-11,TCGA-KN-8432-11,0.004967131447822874,0.30318996923044533,61.03924818887881,61.03924818887881
NN,TCGA-LUAD,TCGA-44-2668-11,TCGA-KN-8433-11,0.0015465095027871146,0.30771602631738004,198.9745460747672,198.9745460747672
NN,TCGA-LUAD,TCGA-44-2668-11,TCGA-KN-8434-11,0.0017129936983803027,0.35189810039021885,205.42871857786236,205.42871857786236
NN,TCGA-LUAD,TCGA-44-2668-11,TCGA-KN-8435-11,0.0012962357697026369,0.3907756888451009,301.4696075967313,301.4696075967313
NN,TCGA-LUAD,TCGA-44-2668-11,TCGA-KN-8436-11,0.0016593718836578589,0.32765705121921096,197.45848079391084,197.45848079391084
NN,TCGA-LUAD,TCGA-44-2668-11,TCGA-KN-8437-11,0.0010475746829438182,0.37987967536132294,362.62777398725666,362.62777398725666
NN,TCGA-LUAD,TCGA-44-3396-11,TCGA-44-3398-11,0.00020800061511488103,0.13421783260896533,645.2761331250648,645.2761331250648
NN,TCGA-LUAD,TCGA-44-3396-11,TCGA-44-5645-11,0.0004315908059776691,0.17889301013064457,414.49680496646323,414.49680496646323
NN,TCGA-LUAD,TCGA-44-3396-11,TCGA-44-6144-11,0.0003437357020467661,0.16665127725805984,484.82388144652634,484.82388144652634
NN,TCGA-LUAD,TCGA-44-3396-11,TCGA-44-6145-11,0.0003691025842643289,0.16706346524424504,452.6206869486568,452.6206869486568
NN,TCGA-LUAD,TCGA-44-3396-11,TCGA-44-6146-11,0.0002750930563609546,0.18131202331418045,659.0934199236118,659.0934199236118
NN,TCGA-LUAD,TCGA-44-3396-11,TCGA-44-6147-11,0.0008204599514334546,0.15989467994765352,194.88419839176288,194.88419839176288
NN,TCGA-LUAD,TCGA-44-3396-11,TCGA-44-6148-11,0.00032460930356275616,0.18297374769891026,563.6737631690715,563.6737631690715
NN,TCGA-LUAD,TCGA-44-3396-11,TCGA-44-6776-11,0.0004446191205672109,0.15307139097420472,344.2753221654705,344.2753221654705
NN,TCGA-LUAD,TCGA-44-3396-11,TCGA-44-6777-11,0.0003539720844062666,0.14630148214509892,413.31361593244566,413.31361593244566
NN,TCGA-LUAD,TCGA-44-3396-11,TCGA-44-6778-11,0.0005028195197156451,0.17947942300381647,356.9460133634347,356.9460133634347
NN,TCGA-LUAD,TCGA-44-3396-11,TCGA-49-4490-11,0.003773523111800508,0.052338596854190705,13.86995529205007,13.86995529205007
NN,TCGA-LUAD,TCGA-44-3396-11,TCGA-49-4512-11,0.004428518995437404,0.11150041523675891,25.17781121671491,25.17781121671491
NN,TCGA-LUAD,TCGA-44-3396-11,TCGA-49-6742-11,0.0005676337436930787,0.15207528435230303,267.91093031729736,267.91093031729736
NN,TCGA-LUAD,TCGA-44-3396-11,TCGA-49-6743-11,0.0007902941915095747,0.1092826090354041,138.28092147135578,138.28092147135578
NN,TCGA-LUAD,TCGA-44-3396-11,TCGA-49-6744-11,0.0004159942223635647,0.14812466995430518,356.0738635087323,356.0738635087323
NN,TCGA-LUAD,TCGA-44-3396-11,TCGA-49-6745-11,0.002507347107268505,0.13950447736167193,55.63827878368529,55.63827878368529
NN,TCGA-LUAD,TCGA-44-3396-11,TCGA-49-6761-11,0.0005201790225416076,0.16254342245816428,312.47592735280455,312.47592735280455
NN,TCGA-LUAD,TCGA-44-3396-11,TCGA-50-5930-11,0.00037047537678684033,0.13244214866072454,357.49244608212524,357.49244608212524
NN,TCGA-LUAD,TCGA-44-3396-11,TCGA-50-5931-11,0.00036974187741701153,0.15503456817009548,419.3048654730568,419.3048654730568
NN,TCGA-LUAD,TCGA-44-3396-11,TCGA-50-5932-11,0.0002511074360423488,0.17254551728665143,687.1382226114242,687.1382226114242
NN,TCGA-LUAD,TCGA-44-3396-11,TCGA-50-5933-11,0.0005905213001137884,0.15311995259744668,259.29623972571653,259.29623972571653
NN,TCGA-LUAD,TCGA-44-3396-11,TCGA-50-5935-11,0.0001836990274402177,0.14678757273457244,799.0655953926725,799.0655953926725
NN,TCGA-LUAD,TCGA-44-3396-11,TCGA-50-5936-11,0.0002054115730016195,0.14025276972508494,682.7890350850834,682.7890350850834
NN,TCGA-LUAD,TCGA-44-3396-11,TCGA-50-5939-11,0.0002172990700322878,0.1378863811299342,634.5465772561571,634.5465772561571
NN,TCGA-LUAD,TCGA-44-3396-11,TCGA-50-6595-11,0.00024686342341205563,0.15099605423806473,611.6582689774478,611.6582689774478
NN,TCGA-LUAD,TCGA-44-3396-11,TCGA-55-6968-11,0.0007298783715575777,0.18042686065761449,247.2012703604017,247.2012703604017
NN,TCGA-LUAD,TCGA-44-3396-11,TCGA-55-6969-11,0.0004409460519148458,0.20191688514275774,457.91743517356934,457.91743517356934
NN,TCGA-LUAD,TCGA-44-3396-11,TCGA-55-6970-11,0.00041189252006658406,0.1784812859232435,433.32004643927814,433.32004643927814
NN,TCGA-LUAD,TCGA-44-3396-11,TCGA-55-6971-11,0.0003971641451754334,0.20083045394141935,505.6610884467164,505.6610884467164
NN,TCGA-LUAD,TCGA-44-3396-11,TCGA-55-6972-11,0.00039377526802182984,0.1919599922769386,487.48615737415196,487.48615737415196
NN,TCGA-LUAD,TCGA-44-3396-11,TCGA-55-6975-11,0.00034088651115688726,0.16425574644168867,481.84877097144135,481.84877097144135
NN,TCGA-LUAD,TCGA-44-3396-11,TCGA-55-6978-11,0.00029270589736422653,0.18736595340283163,640.1167693921934,640.1167693921934
NN,TCGA-LUAD,TCGA-44-3396-11,TCGA-55-6979-11,0.0004329124221307208,0.18076687624557927,417.5599197543828,417.5599197543828
NN,TCGA-LUAD,TCGA-44-3396-11,TCGA-55-6980-11,0.0005031941601850757,0.18916226976822428,375.9230228320815,375.9230228320815
NN,TCGA-LUAD,TCGA-44-3396-11,TCGA-55-6981-11,0.0003771557244498699,0.20971032034966613,556.0311212445617,556.0311212445617
NN,TCGA-LUAD,TCGA-44-3396-11,TCGA-55-6982-11,0.00030489992753302437,0.17579989451082617,576.5822771203673,576.5822771203673
NN,TCGA-LUAD,TCGA-44-3396-11,TCGA-55-6983-11,0.00044950930146868287,0.15724887437888485,349.82340491087774,349.82340491087774
NN,TCGA-LUAD,TCGA-44-3396-11,TCGA-55-6984-11,0.0005280575782088662,0.14824408574877374,280.7346999007327,280.7346999007327
NN,TCGA-LUAD,TCGA-44-3396-11,TCGA-55-6985-11,0.0004622376482021804,0.1543400595493132,333.8976393411504,333.8976393411504
NN,TCGA-LUAD,TCGA-44-3396-11,TCGA-55-6986-11,0.00045939249899103445,0.18354332829626618,399.53488291468216,399.53488291468216
NN,TCGA-LUAD,TCGA-44-3396-11,TCGA-73-4676-11,0.001918282140829937,0.11028693322590472,57.49255069339775,57.49255069339775
NN,TCGA-LUAD,TCGA-44-3396-11,TCGA-91-6828-11,0.0003234888362935466,0.15900661729398596,491.53664502257215,491.53664502257215
NN,TCGA-LUAD,TCGA-44-3396-11,TCGA-91-6829-11,0.0007443368473093734,0.17364777464092018,233.2919232315606,233.2919232315606
NN,TCGA-LUAD,TCGA-44-3396-11,TCGA-91-6831-11,0.0009403687297867365,0.11764745330709495,125.10778972177847,125.10778972177847
NN,TCGA-LUAD,TCGA-44-3396-11,TCGA-91-6835-11,0.0004989795375447885,0.18692413577029718,374.6128281934183,374.6128281934183
NN,TCGA-LUAD,TCGA-44-3396-11,TCGA-91-6836-11,0.00041326023267868495,0.14314450561178677,346.37861156866603,346.37861156866603
NN,TCGA-LUAD,TCGA-44-3396-11,TCGA-91-6847-11,0.0004263803022756274,0.13947985488437326,327.12546555260076,327.12546555260076
NN,TCGA-LUAD,TCGA-44-3396-11,TCGA-91-6849-11,0.0003570349827687359,0.17213078131282328,482.1118087028419,482.1118087028419
NN,TCGA-LUAD,TCGA-44-3396-11,TCGA-KN-8419-11,0.0017387580994359397,0.2647929668604271,152.288559832634,152.288559832634
NN,TCGA-LUAD,TCGA-44-3396-11,TCGA-KN-8422-11,0.000889065799576913,0.22569560958807663,253.85703701062423,253.85703701062423
NN,TCGA-LUAD,TCGA-44-3396-11,TCGA-KN-8423-11,0.0010608167164450327,0.24770808350994605,233.50695711136194,233.50695711136194
NN,TCGA-LUAD,TCGA-44-3396-11,TCGA-KN-8424-11,0.0016686584107355215,0.15173968447997827,90.93513897376607,90.93513897376607
NN,TCGA-LUAD,TCGA-44-3396-11,TCGA-KN-8425-11,0.001521206510695958,0.15085914340799972,99.17071899658191,99.17071899658191
NN,TCGA-LUAD,TCGA-44-3396-11,TCGA-KN-8426-11,0.0009926562899474209,0.27309572732884935,275.11610019951087,275.11610019951087
NN,TCGA-LUAD,TCGA-44-3396-11,TCGA-KN-8427-11,0.0011357257234635067,0.23544674592955975,207.3095123808078,207.3095123808078
NN,TCGA-LUAD,TCGA-44-3396-11,TCGA-KN-8428-11,0.001043449152507216,0.28547833513932874,273.5910364710891,273.5910364710891
NN,TCGA-LUAD,TCGA-44-3396-11,TCGA-KN-8429-11,0.0021563796847228313,0.19532955702557656,90.58217270799558,90.58217270799558
NN,TCGA-LUAD,TCGA-44-3396-11,TCGA-KN-8430-11,0.001806726957575222,0.16980286918929027,93.9836916017348,93.9836916017348
NN,TCGA-LUAD,TCGA-44-3396-11,TCGA-KN-8431-11,0.0013964186522194405,0.17058020999319737,122.15549378553524,122.15549378553524
NN,TCGA-LUAD,TCGA-44-3396-11,TCGA-KN-8432-11,0.004809326027183692,0.17484921193672331,36.35628172189312,36.35628172189312
NN,TCGA-LUAD,TCGA-44-3396-11,TCGA-KN-8433-11,0.0013123266243766484,0.20344327926801098,155.02488137406036,155.02488137406036
NN,TCGA-LUAD,TCGA-44-3396-11,TCGA-KN-8434-11,0.0014574933306204232,0.26353501619337244,180.81387451782803,180.81387451782803
NN,TCGA-LUAD,TCGA-44-3396-11,TCGA-KN-8435-11,0.0008785417016995791,0.3390588062497337,385.93365072347615,385.93365072347615
NN,TCGA-LUAD,TCGA-44-3396-11,TCGA-KN-8436-11,0.0011918532016240912,0.22671094473316242,190.21717139680658,190.21717139680658
NN,TCGA-LUAD,TCGA-44-3396-11,TCGA-KN-8437-11,0.0005571034340011555,0.28983758257428593,520.2581152527679,520.2581152527679
NN,TCGA-LUAD,TCGA-44-3398-11,TCGA-44-5645-11,0.00021631097328545906,0.1354462937277349,626.1646909100192,626.1646909100192
NN,TCGA-LUAD,TCGA-44-3398-11,TCGA-44-6144-11,0.00023892967918221695,0.17282375598670296,723.3247731224757,723.3247731224757
NN,TCGA-LUAD,TCGA-44-3398-11,TCGA-44-6145-11,0.00037062740486194237,0.1905392906573426,514.0993033915502,514.0993033915502
NN,TCGA-LUAD,TCGA-44-3398-11,TCGA-44-6146-11,0.0002976273238241612,0.16008899014959577,537.8840493965422,537.8840493965422
NN,TCGA-LUAD,TCGA-44-3398-11,TCGA-44-6147-11,0.0010676504046865554,0.1740617116868128,163.0324972694732,163.0324972694732
NN,TCGA-LUAD,TCGA-44-3398-11,TCGA-44-6148-11,0.00020830907723707318,0.16522509779304934,793.1728179325058,793.1728179325058
NN,TCGA-LUAD,TCGA-44-3398-11,TCGA-44-6776-11,0.0003643186854565566,0.14941357929119764,410.11780415258045,410.11780415258045
NN,TCGA-LUAD,TCGA-44-3398-11,TCGA-44-6777-11,0.0002520378445443326,0.16713460141015343,663.132958117149,663.132958117149
NN,TCGA-LUAD,TCGA-44-3398-11,TCGA-44-6778-11,0.0004505852981360962,0.18190167499689175,403.70086585015383,403.70086585015383
NN,TCGA-LUAD,TCGA-44-3398-11,TCGA-49-4490-11,0.003225434202454639,0.10632176507359938,32.963551075599604,32.963551075599604
NN,TCGA-LUAD,TCGA-44-3398-11,TCGA-49-4512-11,0.0037641857953092644,0.10752777402017256,28.566011314895288,28.566011314895288
NN,TCGA-LUAD,TCGA-44-3398-11,TCGA-49-6742-11,0.000440400092381818,0.16047231073306661,364.37846746394496,364.37846746394496
NN,TCGA-LUAD,TCGA-44-3398-11,TCGA-49-6743-11,0.000608569499592199,0.12431036069126394,204.2664983614263,204.2664983614263
NN,TCGA-LUAD,TCGA-44-3398-11,TCGA-49-6744-11,0.00045808877067660396,0.16231080960659455,354.32173848500815,354.32173848500815
NN,TCGA-LUAD,TCGA-44-3398-11,TCGA-49-6745-11,0.0020066105634832312,0.12304853174967503,61.32158077353973,61.32158077353973
NN,TCGA-LUAD,TCGA-44-3398-11,TCGA-49-6761-11,0.0003406267973883156,0.16717810022462815,490.79550260411423,490.79550260411423
NN,TCGA-LUAD,TCGA-44-3398-11,TCGA-50-5930-11,0.0003101471521201691,0.15202910937206326,490.18379931200633,490.18379931200633
NN,TCGA-LUAD,TCGA-44-3398-11,TCGA-50-5931-11,0.0003963728407775195,0.16557596831706603,417.7278342085055,417.7278342085055
NN,TCGA-LUAD,TCGA-44-3398-11,TCGA-50-5932-11,0.00025888630677322667,0.12834715850010842,495.76650113261894,495.76650113261894
NN,TCGA-LUAD,TCGA-44-3398-11,TCGA-50-5933-11,0.0008145652637049083,0.18864290243822543,231.58721694099256,231.58721694099256
NN,TCGA-LUAD,TCGA-44-3398-11,TCGA-50-5935-11,0.0002446860697052544,0.15226007930579036,622.2670521832356,622.2670521832356
NN,TCGA-LUAD,TCGA-44-3398-11,TCGA-50-5936-11,0.0002587787559611162,0.15108940856465455,583.8555332855726,583.8555332855726
NN,TCGA-LUAD,TCGA-44-3398-11,TCGA-50-5939-11,0.0002913837543446515,0.1456587365329594,499.8862646291284,499.8862646291284
NN,TCGA-LUAD,TCGA-44-3398-11,TCGA-50-6595-11,0.0002063576132419615,0.1333296268581013,646.1095607932218,646.1095607932218
NN,TCGA-LUAD,TCGA-44-3398-11,TCGA-55-6968-11,0.0004878053458454883,0.19503992214957944,399.83145697496735,399.83145697496735
NN,TCGA-LUAD,TCGA-44-3398-11,TCGA-55-6969-11,0.0003358102299503955,0.20379416170231512,606.8730000644076,606.8730000644076
NN,TCGA-LUAD,TCGA-44-3398-11,TCGA-55-6970-11,0.0003425089178770882,0.19734941293174185,576.1876629517778,576.1876629517778
NN,TCGA-LUAD,TCGA-44-3398-11,TCGA-55-6971-11,0.00029250144364179243,0.1658272329842928,566.9279129691089,566.9279129691089
NN,TCGA-LUAD,TCGA-44-3398-11,TCGA-55-6972-11,0.0002738207286717209,0.18371387511731513,670.9275663989873,670.9275663989873
NN,TCGA-LUAD,TCGA-44-3398-11,TCGA-55-6975-11,0.0003074927304256833,0.17073078655635746,555.2351963573353,555.2351963573353
NN,TCGA-LUAD,TCGA-44-3398-11,TCGA-55-6978-11,0.00020609511321923309,0.17714351309599602,859.5231120670004,859.5231120670004
NN,TCGA-LUAD,TCGA-44-3398-11,TCGA-55-6979-11,0.00033659574917557084,0.18589419301222243,552.277304355554,552.277304355554
NN,TCGA-LUAD,TCGA-44-3398-11,TCGA-55-6980-11,0.0003030072427057951,0.1789454853204556,590.5650430085683,590.5650430085683
NN,TCGA-LUAD,TCGA-44-3398-11,TCGA-55-6981-11,0.0002966272388386736,0.17758595276597766,598.6839019277025,598.6839019277025
NN,TCGA-LUAD,TCGA-44-3398-11,TCGA-55-6982-11,0.0002323619297155507,0.15035975805583454,647.0929133696715,647.0929133696715
NN,TCGA-LUAD,TCGA-44-3398-11,TCGA-55-6983-11,0.00037415212509003386,0.16940371462607753,452.76694495671563,452.76694495671563
NN,TCGA-LUAD,TCGA-44-3398-11,TCGA-55-6984-11,0.000281225427882017,0.10928233509890746,388.5933641276381,388.5933641276381
NN,TCGA-LUAD,TCGA-44-3398-11,TCGA-55-6985-11,0.00027244880239066666,0.16820344358121875,617.3763367842976,617.3763367842976
NN,TCGA-LUAD,TCGA-44-3398-11,TCGA-55-6986-11,0.00028433084351800947,0.17258659577032864,606.9921702300195,606.9921702300195
NN,TCGA-LUAD,TCGA-44-3398-11,TCGA-73-4676-11,0.001623662186307214,0.13667732054561707,84.17842190219997,84.17842190219997
NN,TCGA-LUAD,TCGA-44-3398-11,TCGA-91-6828-11,0.00037074044030624366,0.16354477939246814,441.13013206051875,441.13013206051875
NN,TCGA-LUAD,TCGA-44-3398-11,TCGA-91-6829-11,0.0005749099102792664,0.16446094875248626,286.0638611579999,286.0638611579999
NN,TCGA-LUAD,TCGA-44-3398-11,TCGA-91-6831-11,0.0009084320391855011,0.13722781174715043,151.06007475274507,151.06007475274507
NN,TCGA-LUAD,TCGA-44-3398-11,TCGA-91-6835-11,0.0002763454127896945,0.1326838296766111,480.1376231911137,480.1376231911137
NN,TCGA-LUAD,TCGA-44-3398-11,TCGA-91-6836-11,0.00025023953918399755,0.1413148914437352,564.7184769623013,564.7184769623013
NN,TCGA-LUAD,TCGA-44-3398-11,TCGA-91-6847-11,0.0002914035231486652,0.14114621311694125,484.36687241057393,484.36687241057393
NN,TCGA-LUAD,TCGA-44-3398-11,TCGA-91-6849-11,0.00032304833881778236,0.16914543842354604,523.5917294685539,523.5917294685539
NN,TCGA-LUAD,TCGA-44-3398-11,TCGA-KN-8419-11,0.0015885083561315507,0.2854449467012311,179.69370170413652,179.69370170413652
NN,TCGA-LUAD,TCGA-44-3398-11,TCGA-KN-8422-11,0.0006973643657374102,0.26015768003510176,373.05846529741257,373.05846529741257
NN,TCGA-LUAD,TCGA-44-3398-11,TCGA-KN-8423-11,0.0007920743449710357,0.2678101021358733,338.1123297784206,338.1123297784206
NN,TCGA-LUAD,TCGA-44-3398-11,TCGA-KN-8424-11,0.0012162893370094852,0.1726574102666258,141.954225045779,141.954225045779
NN,TCGA-LUAD,TCGA-44-3398-11,TCGA-KN-8425-11,0.0012458999857314413,0.1881070027420127,150.98082100994574,150.98082100994574
NN,TCGA-LUAD,TCGA-44-3398-11,TCGA-KN-8426-11,0.0008869990654296444,0.2996570613342209,337.8324431368742,337.8324431368742
NN,TCGA-LUAD,TCGA-44-3398-11,TCGA-KN-8427-11,0.0009406151053610579,0.25408004753485713,270.12116442392,270.12116442392
NN,TCGA-LUAD,TCGA-44-3398-11,TCGA-KN-8428-11,0.0007727280751792492,0.30145298049670044,390.1152166973778,390.1152166973778
NN,TCGA-LUAD,TCGA-44-3398-11,TCGA-KN-8429-11,0.0018030782454497502,0.22642425629708848,125.57650055869341,125.57650055869341
NN,TCGA-LUAD,TCGA-44-3398-11,TCGA-KN-8430-11,0.001487421600908878,0.19296057232231587,129.7282305194497,129.7282305194497
NN,TCGA-LUAD,TCGA-44-3398-11,TCGA-KN-8431-11,0.0010776266640255823,0.20265419966458556,188.0560368723158,188.0560368723158
NN,TCGA-LUAD,TCGA-44-3398-11,TCGA-KN-8432-11,0.004081568192242856,0.20270671707078958,49.6639300198487,49.6639300198487
NN,TCGA-LUAD,TCGA-44-3398-11,TCGA-KN-8433-11,0.0010427252887471232,0.20139837849937658,193.14615332803996,193.14615332803996
NN,TCGA-LUAD,TCGA-44-3398-11,TCGA-KN-8434-11,0.0010812239959594287,0.26855148830370457,248.37729213122418,248.37729213122418
NN,TCGA-LUAD,TCGA-44-3398-11,TCGA-KN-8435-11,0.0007224071127902151,0.3424655757491002,474.06174397475957,474.06174397475957
NN,TCGA-LUAD,TCGA-44-3398-11,TCGA-KN-8436-11,0.0009411833443581754,0.21316293012771614,226.4839591621536,226.4839591621536
NN,TCGA-LUAD,TCGA-44-3398-11,TCGA-KN-8437-11,0.00042032029186189074,0.3146577216411292,748.6141586153061,748.6141586153061
NN,TCGA-LUAD,TCGA-44-5645-11,TCGA-44-6144-11,0.0002710610103800393,0.20765718098997232,766.0901901709433,766.0901901709433
NN,TCGA-LUAD,TCGA-44-5645-11,TCGA-44-6145-11,0.0005087929159305917,0.21793518781350088,428.3377008402198,428.3377008402198
NN,TCGA-LUAD,TCGA-44-5645-11,TCGA-44-6146-11,0.0005582925564892886,0.20524891677651866,367.6368498752438,367.6368498752438
NN,TCGA-LUAD,TCGA-44-5645-11,TCGA-44-6147-11,0.0014311331432975676,0.2301447791265784,160.81297551133974,160.81297551133974
NN,TCGA-LUAD,TCGA-44-5645-11,TCGA-44-6148-11,0.00037092763285084005,0.16826373549253337,453.62955086227487,453.62955086227487
NN,TCGA-LUAD,TCGA-44-5645-11,TCGA-44-6776-11,0.0005342065408762992,0.20519206090524192,384.1062308384505,384.1062308384505
NN,TCGA-LUAD,TCGA-44-5645-11,TCGA-44-6777-11,0.0003877178656366817,0.18517419360836856,477.6003636156646,477.6003636156646
NN,TCGA-LUAD,TCGA-44-5645-11,TCGA-44-6778-11,0.0006513941395338544,0.21120084183707896,324.2289560483563,324.2289560483563
NN,TCGA-LUAD,TCGA-44-5645-11,TCGA-49-4490-11,0.0033966138417114537,0.11444870221139604,33.694940768930245,33.694940768930245
NN,TCGA-LUAD,TCGA-44-5645-11,TCGA-49-4512-11,0.003832205980835765,0.08661282925612446,22.60129797021899,22.60129797021899
NN,TCGA-LUAD,TCGA-44-5645-11,TCGA-49-6742-11,0.0005886354046931079,0.19933075827723865,338.6319556859855,338.6319556859855
NN,TCGA-LUAD,TCGA-44-5645-11,TCGA-49-6743-11,0.0008714378874070831,0.19440727689593357,223.08793283521564,223.08793283521564
NN,TCGA-LUAD,TCGA-44-5645-11,TCGA-49-6744-11,0.0007829132795637857,0.1841219217354047,235.17537196200269,235.17537196200269
NN,TCGA-LUAD,TCGA-44-5645-11,TCGA-49-6745-11,0.0021298297114688454,0.20622307968975695,96.82608829207025,96.82608829207025
NN,TCGA-LUAD,TCGA-44-5645-11,TCGA-49-6761-11,0.00032119389307606384,0.22254863120668622,692.8793977847616,692.8793977847616
NN,TCGA-LUAD,TCGA-44-5645-11,TCGA-50-5930-11,0.0003896362521056247,0.18000273998821126,461.9763664583632,461.9763664583632
NN,TCGA-LUAD,TCGA-44-5645-11,TCGA-50-5931-11,0.0005279744575660118,0.1901300607346454,360.1122327226857,360.1122327226857
NN,TCGA-LUAD,TCGA-44-5645-11,TCGA-50-5932-11,0.00040632620895613683,0.183778239639459,452.29235916528825,452.29235916528825
NN,TCGA-LUAD,TCGA-44-5645-11,TCGA-50-5933-11,0.0011681062240477022,0.23468782990842807,200.91308913258908,200.91308913258908
NN,TCGA-LUAD,TCGA-44-5645-11,TCGA-50-5935-11,0.0004937504371114211,0.18995500480577898,384.71865648781835,384.71865648781835
NN,TCGA-LUAD,TCGA-44-5645-11,TCGA-50-5936-11,0.0004952442316108192,0.1904299280178849,384.51720557854287,384.51720557854287
NN,TCGA-LUAD,TCGA-44-5645-11,TCGA-50-5939-11,0.00048060017179720187,0.19735224227157427,410.6370614341992,410.6370614341992
NN,TCGA-LUAD,TCGA-44-5645-11,TCGA-50-6595-11,0.0003325286536387562,0.1411280629818128,424.4087282027967,424.4087282027967
NN,TCGA-LUAD,TCGA-44-5645-11,TCGA-55-6968-11,0.0004498421815877305,0.18637582320304594,414.31379899774464,414.31379899774464
NN,TCGA-LUAD,TCGA-44-5645-11,TCGA-55-6969-11,0.0003413351153920528,0.19244622834049124,563.8043660390762,563.8043660390762
NN,TCGA-LUAD,TCGA-44-5645-11,TCGA-55-6970-11,0.0005403089730191259,0.17540050486168624,324.6300054607411,324.6300054607411
NN,TCGA-LUAD,TCGA-44-5645-11,TCGA-55-6971-11,0.00045720399627716726,0.20276494778174298,443.48901022908456,443.48901022908456
NN,TCGA-LUAD,TCGA-44-5645-11,TCGA-55-6972-11,0.00029261818317778747,0.14819270314696814,506.43709675734664,506.43709675734664
NN,TCGA-LUAD,TCGA-44-5645-11,TCGA-55-6975-11,0.0005485922749000321,0.22607887151340056,412.10728232474304,412.10728232474304
NN,TCGA-LUAD,TCGA-44-5645-11,TCGA-55-6978-11,0.0003379713755525525,0.20549919756980028,608.037284914522,608.037284914522
NN,TCGA-LUAD,TCGA-44-5645-11,TCGA-55-6979-11,0.00040036964948868205,0.19081404311006678,476.5946753300561,476.5946753300561
NN,TCGA-LUAD,TCGA-44-5645-11,TCGA-55-6980-11,0.0003402182504933207,0.17724851883402792,520.9847460476191,520.9847460476191
NN,TCGA-LUAD,TCGA-44-5645-11,TCGA-55-6981-11,0.00042394724986214,0.17207049722007833,405.87713984707426,405.87713984707426
NN,TCGA-LUAD,TCGA-44-5645-11,TCGA-55-6982-11,0.00038992289248428365,0.1378870345395195,353.62641485605315,353.62641485605315
NN,TCGA-LUAD,TCGA-44-5645-11,TCGA-55-6983-11,0.0004988790235173689,0.2173367153678588,435.65013785409656,435.65013785409656
NN,TCGA-LUAD,TCGA-44-5645-11,TCGA-55-6984-11,0.00032246812750965726,0.13814990230454538,428.41413001478134,428.41413001478134
NN,TCGA-LUAD,TCGA-44-5645-11,TCGA-55-6985-11,0.0003819078475150129,0.1398345533831635,366.14736851582126,366.14736851582126
NN,TCGA-LUAD,TCGA-44-5645-11,TCGA-55-6986-11,0.0003451348198330374,0.10390801289760093,301.0649952614678,301.0649952614678
NN,TCGA-LUAD,TCGA-44-5645-11,TCGA-73-4676-11,0.0016910691141365257,0.1629078301276552,96.33422357834105,96.33422357834105
NN,TCGA-LUAD,TCGA-44-5645-11,TCGA-91-6828-11,0.0006317051010165471,0.22130006340477404,350.32179263497386,350.32179263497386
NN,TCGA-LUAD,TCGA-44-5645-11,TCGA-91-6829-11,0.0006295128195227902,0.19248082108443748,305.7615589629293,305.7615589629293
NN,TCGA-LUAD,TCGA-44-5645-11,TCGA-91-6831-11,0.0012524058367354457,0.22543447950119871,180.00114091517028,180.00114091517028
NN,TCGA-LUAD,TCGA-44-5645-11,TCGA-91-6835-11,0.00042209630429374,0.16430240519506412,389.25336119674915,389.25336119674915
NN,TCGA-LUAD,TCGA-44-5645-11,TCGA-91-6836-11,0.000350486178944355,0.16778966692314734,478.73404716990706,478.73404716990706
NN,TCGA-LUAD,TCGA-44-5645-11,TCGA-91-6847-11,0.00023027314762340045,0.18398274840713041,798.9761303303347,798.9761303303347
NN,TCGA-LUAD,TCGA-44-5645-11,TCGA-91-6849-11,0.00035122770263223003,0.15508528861896095,441.55198310581585,441.55198310581585
NN,TCGA-LUAD,TCGA-44-5645-11,TCGA-KN-8419-11,0.0018541115744888175,0.364993176567002,196.8561016440617,196.8561016440617
NN,TCGA-LUAD,TCGA-44-5645-11,TCGA-KN-8422-11,0.0008359590560512877,0.3298248546845303,394.54666146268164,394.54666146268164
NN,TCGA-LUAD,TCGA-44-5645-11,TCGA-KN-8423-11,0.0009025429183807416,0.33903020141320617,375.63886936419885,375.63886936419885
NN,TCGA-LUAD,TCGA-44-5645-11,TCGA-KN-8424-11,0.0012325656191728236,0.2510000669295214,203.64032796725897,203.64032796725897
NN,TCGA-LUAD,TCGA-44-5645-11,TCGA-KN-8425-11,0.0012952936439518782,0.2741785469034145,211.67288837063154,211.67288837063154
NN,TCGA-LUAD,TCGA-44-5645-11,TCGA-KN-8426-11,0.0011685947639060563,0.3727114732224296,318.939879532433,318.939879532433
NN,TCGA-LUAD,TCGA-44-5645-11,TCGA-KN-8427-11,0.0010077009709020344,0.3439360807703887,341.30768025609564,341.30768025609564
NN,TCGA-LUAD,TCGA-44-5645-11,TCGA-KN-8428-11,0.0008287292284313494,0.35076968436486855,423.26211304121483,423.26211304121483
NN,TCGA-LUAD,TCGA-44-5645-11,TCGA-KN-8429-11,0.0020053958518020678,0.32972576703292344,164.4192924487346,164.4192924487346
NN,TCGA-LUAD,TCGA-44-5645-11,TCGA-KN-8430-11,0.001397362853270784,0.2590958719393041,185.41774696017052,185.41774696017052
NN,TCGA-LUAD,TCGA-44-5645-11,TCGA-KN-8431-11,0.001113925480190019,0.2770731795258098,248.73583058585322,248.73583058585322
NN,TCGA-LUAD,TCGA-44-5645-11,TCGA-KN-8432-11,0.004326016484467659,0.2918273927243629,67.45868717147849,67.45868717147849
NN,TCGA-LUAD,TCGA-44-5645-11,TCGA-KN-8433-11,0.0011294388114509567,0.3047742037668254,269.8456974178982,269.8456974178982
NN,TCGA-LUAD,TCGA-44-5645-11,TCGA-KN-8434-11,0.0010846661106660156,0.34033150368895304,313.7661445695762,313.7661445695762
NN,TCGA-LUAD,TCGA-44-5645-11,TCGA-KN-8435-11,0.0008823928057093292,0.37350042297556996,423.2813556036692,423.2813556036692
NN,TCGA-LUAD,TCGA-44-5645-11,TCGA-KN-8436-11,0.0010223630364900361,0.3039496326994763,297.3010778470555,297.3010778470555
NN,TCGA-LUAD,TCGA-44-5645-11,TCGA-KN-8437-11,0.0005829498886963713,0.34695473689949163,595.1707747562544,595.1707747562544
NN,TCGA-LUAD,TCGA-44-6144-11,TCGA-44-6145-11,0.0003326686625372061,0.17114058738110002,514.4475769849811,514.4475769849811
NN,TCGA-LUAD,TCGA-44-6144-11,TCGA-44-6146-11,0.00047033880871437015,0.1919799538896055,408.17374695140694,408.17374695140694
NN,TCGA-LUAD,TCGA-44-6144-11,TCGA-44-6147-11,0.001109133775542418,0.19342386073250292,174.3918226977712,174.3918226977712
NN,TCGA-LUAD,TCGA-44-6144-11,TCGA-44-6148-11,0.00036547755297361656,0.13855606834338,379.10965315394407,379.10965315394407
NN,TCGA-LUAD,TCGA-44-6144-11,TCGA-44-6776-11,0.000301119631406054,0.21298488383560554,707.3098583479585,707.3098583479585
NN,TCGA-LUAD,TCGA-44-6144-11,TCGA-44-6777-11,0.00025552620690186533,0.2058202607070592,805.4761317930271,805.4761317930271
NN,TCGA-LUAD,TCGA-44-6144-11,TCGA-44-6778-11,0.0005871379148221225,0.20579871606507139,350.51171261426634,350.51171261426634
NN,TCGA-LUAD,TCGA-44-6144-11,TCGA-49-4490-11,0.00306460685959311,0.25729409569864864,83.95664027613962,83.95664027613962
NN,TCGA-LUAD,TCGA-44-6144-11,TCGA-49-4512-11,0.0034726639701470777,0.29640160475614663,85.35280329573412,85.35280329573412
NN,TCGA-LUAD,TCGA-44-6144-11,TCGA-49-6742-11,0.0004577911839054097,0.2524901451208743,551.539990278722,551.539990278722
NN,TCGA-LUAD,TCGA-44-6144-11,TCGA-49-6743-11,0.0005943661181971115,0.22855261930843956,384.53170917902816,384.53170917902816
NN,TCGA-LUAD,TCGA-44-6144-11,TCGA-49-6744-11,0.0005313176181252836,0.19584926597148178,368.61052464723826,368.61052464723826
NN,TCGA-LUAD,TCGA-44-6144-11,TCGA-49-6745-11,0.0018552557691029412,0.2563537448894544,138.17703691249392,138.17703691249392
NN,TCGA-LUAD,TCGA-44-6144-11,TCGA-49-6761-11,0.00023376758965619216,0.168483855458638,720.7323124066575,720.7323124066575
NN,TCGA-LUAD,TCGA-44-6144-11,TCGA-50-5930-11,0.0002099161142897281,0.23705246054563517,1129.2723350359527,1129.2723350359527
NN,TCGA-LUAD,TCGA-44-6144-11,TCGA-50-5931-11,0.0003534366766875488,0.21049377238824796,595.5629007182305,595.5629007182305
NN,TCGA-LUAD,TCGA-44-6144-11,TCGA-50-5932-11,0.0004038183605585558,0.19147056138823254,474.15021229691786,474.15021229691786
NN,TCGA-LUAD,TCGA-44-6144-11,TCGA-50-5933-11,0.0009700334147554082,0.17999247815966035,185.55286387226678,185.55286387226678
NN,TCGA-LUAD,TCGA-44-6144-11,TCGA-50-5935-11,0.0003498484971076153,0.19127313273483137,546.7313260345227,546.7313260345227
NN,TCGA-LUAD,TCGA-44-6144-11,TCGA-50-5936-11,0.0003353094413134222,0.16836286741084155,502.11192011580886,502.11192011580886
NN,TCGA-LUAD,TCGA-44-6144-11,TCGA-50-5939-11,0.0004625084301242197,0.2029784124719619,438.8642438743145,438.8642438743145
NN,TCGA-LUAD,TCGA-44-6144-11,TCGA-50-6595-11,0.00027238747047595064,0.1309363167111558,480.69875050554606,480.69875050554606
NN,TCGA-LUAD,TCGA-44-6144-11,TCGA-55-6968-11,0.00036304023233720223,0.20261365270467097,558.1024764122494,558.1024764122494
NN,TCGA-LUAD,TCGA-44-6144-11,TCGA-55-6969-11,0.00030390346521576034,0.16536966348850352,544.1519509199973,544.1519509199973
NN,TCGA-LUAD,TCGA-44-6144-11,TCGA-55-6970-11,0.0004452948550696703,0.16046155030356174,360.3489878149527,360.3489878149527
NN,TCGA-LUAD,TCGA-44-6144-11,TCGA-55-6971-11,0.00028683597282445526,0.17813488482466625,621.0339765636212,621.0339765636212
NN,TCGA-LUAD,TCGA-44-6144-11,TCGA-55-6972-11,0.00029814570156026137,0.15614020538865145,523.7043652534172,523.7043652534172
NN,TCGA-LUAD,TCGA-44-6144-11,TCGA-55-6975-11,0.00042730193753363476,0.22437226272004254,525.0906747933509,525.0906747933509
NN,TCGA-LUAD,TCGA-44-6144-11,TCGA-55-6978-11,0.000233863411792288,0.17145438047291534,733.1389684214353,733.1389684214353
NN,TCGA-LUAD,TCGA-44-6144-11,TCGA-55-6979-11,0.0003273106810209182,0.16891100046205315,516.0570988248874,516.0570988248874
NN,TCGA-LUAD,TCGA-44-6144-11,TCGA-55-6980-11,0.0003280976998815576,0.21605408447182717,658.5053310334761,658.5053310334761
NN,TCGA-LUAD,TCGA-44-6144-11,TCGA-55-6981-11,0.0003757189997032717,0.171850655841866,457.39144407811955,457.39144407811955
NN,TCGA-LUAD,TCGA-44-6144-11,TCGA-55-6982-11,0.0003719246327251641,0.16276442772659433,437.6274476202012,437.6274476202012
NN,TCGA-LUAD,TCGA-44-6144-11,TCGA-55-6983-11,0.00039397793376053086,0.2003660535712325,508.571766085305,508.571766085305
NN,TCGA-LUAD,TCGA-44-6144-11,TCGA-55-6984-11,0.00025867087908884134,0.24525616428911987,948.1398337262613,948.1398337262613
NN,TCGA-LUAD,TCGA-44-6144-11,TCGA-55-6985-11,0.0002950195720579731,0.16284357851236916,551.9755092057737,551.9755092057737
NN,TCGA-LUAD,TCGA-44-6144-11,TCGA-55-6986-11,0.00035940525005356307,0.1035487158152943,288.11130555233177,288.11130555233177
NN,TCGA-LUAD,TCGA-44-6144-11,TCGA-73-4676-11,0.0013607988746563574,0.2226849450457753,163.6428051147602,163.6428051147602
NN,TCGA-LUAD,TCGA-44-6144-11,TCGA-91-6828-11,0.00039189395597480977,0.17535074349847343,447.44436811305314,447.44436811305314
NN,TCGA-LUAD,TCGA-44-6144-11,TCGA-91-6829-11,0.0003902075508480842,0.21053191232072296,539.538283826515,539.538283826515
NN,TCGA-LUAD,TCGA-44-6144-11,TCGA-91-6831-11,0.0008945574111166803,0.2184736915269779,244.2254558645444,244.2254558645444
NN,TCGA-LUAD,TCGA-44-6144-11,TCGA-91-6835-11,0.00042227935990468343,0.15123593651932324,358.1419100224555,358.1419100224555
NN,TCGA-LUAD,TCGA-44-6144-11,TCGA-91-6836-11,0.00023626136945212038,0.18095203654417774,765.8976876490535,765.8976876490535
NN,TCGA-LUAD,TCGA-44-6144-11,TCGA-91-6847-11,0.00028513950883233657,0.24704127632525197,866.3873951978835,866.3873951978835
NN,TCGA-LUAD,TCGA-44-6144-11,TCGA-91-6849-11,0.0004126262324163586,0.15599488173597326,378.05371903395456,378.05371903395456
NN,TCGA-LUAD,TCGA-44-6144-11,TCGA-KN-8419-11,0.001760493669277107,0.36972211553235224,210.01047716585504,210.01047716585504
NN,TCGA-LUAD,TCGA-44-6144-11,TCGA-KN-8422-11,0.0008963132612909744,0.3685741802123723,411.2113433215403,411.2113433215403
NN,TCGA-LUAD,TCGA-44-6144-11,TCGA-KN-8423-11,0.0009803353382927269,0.3790691210455496,386.6729130724858,386.6729130724858
NN,TCGA-LUAD,TCGA-44-6144-11,TCGA-KN-8424-11,0.001215242874599631,0.28225197619090314,232.25972527005578,232.25972527005578
NN,TCGA-LUAD,TCGA-44-6144-11,TCGA-KN-8425-11,0.0013297699298862992,0.2915909334117176,219.2792353461097,219.2792353461097
NN,TCGA-LUAD,TCGA-44-6144-11,TCGA-KN-8426-11,0.0010928495739740952,0.3978846787796157,364.08000538695103,364.08000538695103
NN,TCGA-LUAD,TCGA-44-6144-11,TCGA-KN-8427-11,0.0010454326412977933,0.3535060436872304,338.1433004123444,338.1433004123444
NN,TCGA-LUAD,TCGA-44-6144-11,TCGA-KN-8428-11,0.000852033427022063,0.39121525998033,459.1548260584848,459.1548260584848
NN,TCGA-LUAD,TCGA-44-6144-11,TCGA-KN-8429-11,0.001812242506294538,0.3464615222226195,191.17834452025056,191.17834452025056
NN,TCGA-LUAD,TCGA-44-6144-11,TCGA-KN-8430-11,0.0014925712157398152,0.29320034348758445,196.43976809659654,196.43976809659654
NN,TCGA-LUAD,TCGA-44-6144-11,TCGA-KN-8431-11,0.0011841434570081565,0.3275295899259631,276.59620799112946,276.59620799112946
NN,TCGA-LUAD,TCGA-44-6144-11,TCGA-KN-8432-11,0.003972525366555315,0.33342448710498945,83.93262631173855,83.93262631173855
NN,TCGA-LUAD,TCGA-44-6144-11,TCGA-KN-8433-11,0.0011043125709774004,0.33726601033677583,305.40810564011764,305.40810564011764
NN,TCGA-LUAD,TCGA-44-6144-11,TCGA-KN-8434-11,0.0011291855171098961,0.371658507221329,329.13857075724246,329.13857075724246
NN,TCGA-LUAD,TCGA-44-6144-11,TCGA-KN-8435-11,0.0008772984635483485,0.3968912500875731,452.40162450791775,452.40162450791775
NN,TCGA-LUAD,TCGA-44-6144-11,TCGA-KN-8436-11,0.0010078154218635586,0.3163077903163784,313.8548820095364,313.8548820095364
NN,TCGA-LUAD,TCGA-44-6144-11,TCGA-KN-8437-11,0.0007242326527,0.4179191807173078,577.0510058601612,577.0510058601612
NN,TCGA-LUAD,TCGA-44-6145-11,TCGA-44-6146-11,0.0005447386221779778,0.19946754784522774,366.1711134924034,366.1711134924034
NN,TCGA-LUAD,TCGA-44-6145-11,TCGA-44-6147-11,0.0005609196760782894,0.15574985937204508,277.6687394191295,277.6687394191295
NN,TCGA-LUAD,TCGA-44-6145-11,TCGA-44-6148-11,0.0005445991378272856,0.19569391955902316,359.33571312609314,359.33571312609314
NN,TCGA-LUAD,TCGA-44-6145-11,TCGA-44-6776-11,0.0003911611553307912,0.19088075052809989,487.9849338993765,487.9849338993765
NN,TCGA-LUAD,TCGA-44-6145-11,TCGA-44-6777-11,0.0004388777818742648,0.15445589076198607,351.93372082398224,351.93372082398224
NN,TCGA-LUAD,TCGA-44-6145-11,TCGA-44-6778-11,0.00046993020095019325,0.19599174560473828,417.06565189563327,417.06565189563327
NN,TCGA-LUAD,TCGA-44-6145-11,TCGA-49-4490-11,0.0031865621375463168,0.1105155131550769,34.681737993715984,34.681737993715984
NN,TCGA-LUAD,TCGA-44-6145-11,TCGA-49-4512-11,0.0036474193140443737,0.15049840997355002,41.26161458707434,41.26161458707434
NN,TCGA-LUAD,TCGA-44-6145-11,TCGA-49-6742-11,0.0004842281483883339,0.18935618476128674,391.04745436944273,391.04745436944273
NN,TCGA-LUAD,TCGA-44-6145-11,TCGA-49-6743-11,0.0006306450858976734,0.1774027342707545,281.3036020382776,281.3036020382776
NN,TCGA-LUAD,TCGA-44-6145-11,TCGA-49-6744-11,0.0006900934637872121,0.19860368963380684,287.79245139328776,287.79245139328776
NN,TCGA-LUAD,TCGA-44-6145-11,TCGA-49-6745-11,0.0020511699056846976,0.16225152020116013,79.1019406785803,79.1019406785803
NN,TCGA-LUAD,TCGA-44-6145-11,TCGA-49-6761-11,0.0004211139879383471,0.19158938442574996,454.95849084405023,454.95849084405023
NN,TCGA-LUAD,TCGA-44-6145-11,TCGA-50-5930-11,0.00029406245996109275,0.1597475079864264,543.2434592554333,543.2434592554333
NN,TCGA-LUAD,TCGA-44-6145-11,TCGA-50-5931-11,0.0002703750496941394,0.18447253992337662,682.2838872597912,682.2838872597912
NN,TCGA-LUAD,TCGA-44-6145-11,TCGA-50-5932-11,0.00048561303040077443,0.18367117073783037,378.2253754316422,378.2253754316422
NN,TCGA-LUAD,TCGA-44-6145-11,TCGA-50-5933-11,0.0005452278818198163,0.1762425817180845,323.2457245763673,323.2457245763673
NN,TCGA-LUAD,TCGA-44-6145-11,TCGA-50-5935-11,0.00045842227719419424,0.2111841870703298,460.6761005658308,460.6761005658308
NN,TCGA-LUAD,TCGA-44-6145-11,TCGA-50-5936-11,0.0004448059941247768,0.18241164554893935,410.0925975781012,410.0925975781012
NN,TCGA-LUAD,TCGA-44-6145-11,TCGA-50-5939-11,0.00046593373623440577,0.2123575718280053,455.7677526084325,455.7677526084325
NN,TCGA-LUAD,TCGA-44-6145-11,TCGA-50-6595-11,0.00042113913304971595,0.17373846510945518,412.5441011651253,412.5441011651253
NN,TCGA-LUAD,TCGA-44-6145-11,TCGA-55-6968-11,0.0005170102772195505,0.1781817875423489,344.6387729478021,344.6387729478021
NN,TCGA-LUAD,TCGA-44-6145-11,TCGA-55-6969-11,0.0003466303463850569,0.15195191914694134,438.3687716081974,438.3687716081974
NN,TCGA-LUAD,TCGA-44-6145-11,TCGA-55-6970-11,0.00045214511669066596,0.1709717015670385,378.13457506389125,378.13457506389125
NN,TCGA-LUAD,TCGA-44-6145-11,TCGA-55-6971-11,0.0004166164103266061,0.1986536149393535,476.8261883482198,476.8261883482198
NN,TCGA-LUAD,TCGA-44-6145-11,TCGA-55-6972-11,0.0003888280751872963,0.18466451837179843,474.92588667329784,474.92588667329784
NN,TCGA-LUAD,TCGA-44-6145-11,TCGA-55-6975-11,0.00040894325176253946,0.1990502729786522,486.7430190393127,486.7430190393127
NN,TCGA-LUAD,TCGA-44-6145-11,TCGA-55-6978-11,0.00028708763840239074,0.1983565668712851,690.9268820319687,690.9268820319687
NN,TCGA-LUAD,TCGA-44-6145-11,TCGA-55-6979-11,0.00032626315248818205,0.182650745507704,559.82645945383,559.82645945383
NN,TCGA-LUAD,TCGA-44-6145-11,TCGA-55-6980-11,0.00048817860323463724,0.2027992332804536,415.4201596233839,415.4201596233839
NN,TCGA-LUAD,TCGA-44-6145-11,TCGA-55-6981-11,0.0004311513175603008,0.22772075495587102,528.1689877336905,528.1689877336905
NN,TCGA-LUAD,TCGA-44-6145-11,TCGA-55-6982-11,0.0005123165719266441,0.1946857202235669,380.01058504006954,380.01058504006954
NN,TCGA-LUAD,TCGA-44-6145-11,TCGA-55-6983-11,0.0003044313507470041,0.1972357189131011,647.8824156222094,647.8824156222094
NN,TCGA-LUAD,TCGA-44-6145-11,TCGA-55-6984-11,0.00034413810187020196,0.1640900994989163,476.8146816849879,476.8146816849879
NN,TCGA-LUAD,TCGA-44-6145-11,TCGA-55-6985-11,0.00034053290017264546,0.1781886146836778,523.2640211660566,523.2640211660566
NN,TCGA-LUAD,TCGA-44-6145-11,TCGA-55-6986-11,0.0005020772497967432,0.19775834060386735,393.88030563807905,393.88030563807905
NN,TCGA-LUAD,TCGA-44-6145-11,TCGA-73-4676-11,0.0015129608569069055,0.15553616618041205,102.80250508158547,102.80250508158547
NN,TCGA-LUAD,TCGA-44-6145-11,TCGA-91-6828-11,0.0002764677931335773,0.20597496287542877,745.0233553096384,745.0233553096384
NN,TCGA-LUAD,TCGA-44-6145-11,TCGA-91-6829-11,0.0005583867987573089,0.18086730501268108,323.91042448568214,323.91042448568214
NN,TCGA-LUAD,TCGA-44-6145-11,TCGA-91-6831-11,0.0007488226257743471,0.19242178468274962,256.96577274727633,256.96577274727633
NN,TCGA-LUAD,TCGA-44-6145-11,TCGA-91-6835-11,0.0005133377065241928,0.17042497077521365,331.99386799220406,331.99386799220406
NN,TCGA-LUAD,TCGA-44-6145-11,TCGA-91-6836-11,0.000378192356268283,0.18712445110399245,494.78644399478463,494.78644399478463
NN,TCGA-LUAD,TCGA-44-6145-11,TCGA-91-6847-11,0.00035259073748967123,0.2039146880776047,578.3325152821922,578.3325152821922
NN,TCGA-LUAD,TCGA-44-6145-11,TCGA-91-6849-11,0.00034970373084090183,0.15323316603903292,438.17995784765174,438.17995784765174
NN,TCGA-LUAD,TCGA-44-6145-11,TCGA-KN-8419-11,0.0016344308323287939,0.32967120941271166,201.7039833634224,201.7039833634224
NN,TCGA-LUAD,TCGA-44-6145-11,TCGA-KN-8422-11,0.001157348364675811,0.29392202101792037,253.96158148134762,253.96158148134762
NN,TCGA-LUAD,TCGA-44-6145-11,TCGA-KN-8423-11,0.0012809312309212018,0.31419397452782794,245.28559140670683,245.28559140670683
NN,TCGA-LUAD,TCGA-44-6145-11,TCGA-KN-8424-11,0.0015192268379911377,0.20328098580930698,133.8055520912887,133.8055520912887
NN,TCGA-LUAD,TCGA-44-6145-11,TCGA-KN-8425-11,0.0017116584595298114,0.22977469399619313,134.24097121531577,134.24097121531577
NN,TCGA-LUAD,TCGA-44-6145-11,TCGA-KN-8426-11,0.0012121191294221362,0.34492860086989463,284.5665846675775,284.5665846675775
NN,TCGA-LUAD,TCGA-44-6145-11,TCGA-KN-8427-11,0.0010694102536020532,0.30822966231022897,288.22396388292606,288.22396388292606
NN,TCGA-LUAD,TCGA-44-6145-11,TCGA-KN-8428-11,0.0011243062451875541,0.3595147486403524,319.7658557703546,319.7658557703546
NN,TCGA-LUAD,TCGA-44-6145-11,TCGA-KN-8429-11,0.0018577728005705852,0.259143454853242,139.49146783376858,139.49146783376858
NN,TCGA-LUAD,TCGA-44-6145-11,TCGA-KN-8430-11,0.0017357424337600834,0.20128644211861618,115.96561690467853,115.96561690467853
NN,TCGA-LUAD,TCGA-44-6145-11,TCGA-KN-8431-11,0.0014939299968004165,0.21712859985563232,145.34054495234818,145.34054495234818
NN,TCGA-LUAD,TCGA-44-6145-11,TCGA-KN-8432-11,0.004303114324006412,0.3053066004317527,70.95014853044786,70.95014853044786
NN,TCGA-LUAD,TCGA-44-6145-11,TCGA-KN-8433-11,0.0012908599916878975,0.2471649526938693,191.4730910287818,191.4730910287818
NN,TCGA-LUAD,TCGA-44-6145-11,TCGA-KN-8434-11,0.001489422249742182,0.3364528535388907,225.89487541033475,225.89487541033475
NN,TCGA-LUAD,TCGA-44-6145-11,TCGA-KN-8435-11,0.0011771998469128795,0.3744877863577092,318.1174269940452,318.1174269940452
NN,TCGA-LUAD,TCGA-44-6145-11,TCGA-KN-8436-11,0.0013330058462057955,0.2804177034247204,210.36494642757046,210.36494642757046
NN,TCGA-LUAD,TCGA-44-6145-11,TCGA-KN-8437-11,0.0008182043381946402,0.3649214307446915,446.00280603484345,446.00280603484345
NN,TCGA-LUAD,TCGA-44-6146-11,TCGA-44-6147-11,0.0009319498637392647,0.18571516712741196,199.27592068340087,199.27592068340087
NN,TCGA-LUAD,TCGA-44-6146-11,TCGA-44-6148-11,0.0002157524389006008,0.15537067117279918,720.13402010431,720.13402010431
NN,TCGA-LUAD,TCGA-44-6146-11,TCGA-44-6776-11,0.00031458234531741013,0.23718665054198249,753.9731776831397,753.9731776831397
NN,TCGA-LUAD,TCGA-44-6146-11,TCGA-44-6777-11,0.0006051283266906154,0.20678524639911844,341.721313113874,341.721313113874
NN,TCGA-LUAD,TCGA-44-6146-11,TCGA-44-6778-11,0.00042068691018829423,0.1799253081469616,427.6940969388119,427.6940969388119
NN,TCGA-LUAD,TCGA-44-6146-11,TCGA-49-4490-11,0.00431370583137902,0.12974312766337265,30.07695302715993,30.07695302715993
NN,TCGA-LUAD,TCGA-44-6146-11,TCGA-49-4512-11,0.004958226097868331,0.18591939822191358,37.49716018433389,37.49716018433389
NN,TCGA-LUAD,TCGA-44-6146-11,TCGA-49-6742-11,0.0008508417604549178,0.24310311204995633,285.72071018232214,285.72071018232214
NN,TCGA-LUAD,TCGA-44-6146-11,TCGA-49-6743-11,0.0010052263324867338,0.14018991610159692,139.46104630466098,139.46104630466098
NN,TCGA-LUAD,TCGA-44-6146-11,TCGA-49-6744-11,0.000285954431684174,0.17513860467739595,612.4703283872516,612.4703283872516
NN,TCGA-LUAD,TCGA-44-6146-11,TCGA-49-6745-11,0.0029280770275110775,0.24019158076071573,82.03048570921075,82.03048570921075
NN,TCGA-LUAD,TCGA-44-6146-11,TCGA-49-6761-11,0.0007130704969074685,0.2185289581577756,306.46192642315,306.46192642315
NN,TCGA-LUAD,TCGA-44-6146-11,TCGA-50-5930-11,0.0005556997777336839,0.14911344962294298,268.3345496934944,268.3345496934944
NN,TCGA-LUAD,TCGA-44-6146-11,TCGA-50-5931-11,0.0004899041667641268,0.1684147380480553,343.7707810497999,343.7707810497999
NN,TCGA-LUAD,TCGA-44-6146-11,TCGA-50-5932-11,0.0001921106085350919,0.14724504353801343,766.4597216197819,766.4597216197819
NN,TCGA-LUAD,TCGA-44-6146-11,TCGA-50-5933-11,0.0006462848912295667,0.20737302693333623,320.869371615366,320.869371615366
NN,TCGA-LUAD,TCGA-44-6146-11,TCGA-50-5935-11,0.00024119999244860246,0.2317099503486818,960.6548822676979,960.6548822676979
NN,TCGA-LUAD,TCGA-44-6146-11,TCGA-50-5936-11,0.00017472985177106358,0.16059171711939807,919.0857514708492,919.0857514708492
NN,TCGA-LUAD,TCGA-44-6146-11,TCGA-50-5939-11,0.0002228845948027935,0.14036248658914544,629.7540963445098,629.7540963445098
NN,TCGA-LUAD,TCGA-44-6146-11,TCGA-50-6595-11,0.00016291944490943463,0.14105357214445455,865.7872129558561,865.7872129558561
NN,TCGA-LUAD,TCGA-44-6146-11,TCGA-55-6968-11,0.0010463903535384163,0.2190494042070496,209.3381341545477,209.3381341545477
NN,TCGA-LUAD,TCGA-44-6146-11,TCGA-55-6969-11,0.0004833180691756941,0.1730681488352513,358.08334070857626,358.08334070857626
NN,TCGA-LUAD,TCGA-44-6146-11,TCGA-55-6970-11,0.0002864080856723734,0.18250003313239088,637.2027965060855,637.2027965060855
NN,TCGA-LUAD,TCGA-44-6146-11,TCGA-55-6971-11,0.0002532120848067962,0.1740034481847278,687.1846117356306,687.1846117356306
NN,TCGA-LUAD,TCGA-44-6146-11,TCGA-55-6972-11,0.0002932261246968566,0.17972210484393242,612.9130036750066,612.9130036750066
NN,TCGA-LUAD,TCGA-44-6146-11,TCGA-55-6975-11,0.00023535971590253716,0.17987067843855042,764.237319665338,764.237319665338
NN,TCGA-LUAD,TCGA-44-6146-11,TCGA-55-6978-11,0.0003139941407348673,0.2215548185109139,705.6017605691312,705.6017605691312
NN,TCGA-LUAD,TCGA-44-6146-11,TCGA-55-6979-11,0.0005377404186949808,0.19175940698830596,356.60218261755114,356.60218261755114
NN,TCGA-LUAD,TCGA-44-6146-11,TCGA-55-6980-11,0.0003825100626755705,0.2037443177438176,532.6508701984797,532.6508701984797
NN,TCGA-LUAD,TCGA-44-6146-11,TCGA-55-6981-11,0.00029105323011161205,0.21655644269919697,744.0441139105471,744.0441139105471
NN,TCGA-LUAD,TCGA-44-6146-11,TCGA-55-6982-11,0.00018264528616355493,0.15572248722435142,852.5951613386029,852.5951613386029
NN,TCGA-LUAD,TCGA-44-6146-11,TCGA-55-6983-11,0.0005194568749434525,0.24407773482294234,469.8710260587318,469.8710260587318
NN,TCGA-LUAD,TCGA-44-6146-11,TCGA-55-6984-11,0.0005390773424709522,0.2227992630806598,413.2973982164075,413.2973982164075
NN,TCGA-LUAD,TCGA-44-6146-11,TCGA-55-6985-11,0.00048305510380855027,0.2092129776635134,433.10375154721686,433.10375154721686
NN,TCGA-LUAD,TCGA-44-6146-11,TCGA-55-6986-11,0.0004101804113260002,0.1732037006472277,422.26224330729957,422.26224330729957
NN,TCGA-LUAD,TCGA-44-6146-11,TCGA-73-4676-11,0.0025117517264318795,0.1905707305465243,75.87164310114497,75.87164310114497
NN,TCGA-LUAD,TCGA-44-6146-11,TCGA-91-6828-11,0.000332412085443484,0.2410612689545567,725.1880407204432,725.1880407204432
NN,TCGA-LUAD,TCGA-44-6146-11,TCGA-91-6829-11,0.0010313739360013263,0.2601859164879381,252.27117673410308,252.27117673410308
NN,TCGA-LUAD,TCGA-44-6146-11,TCGA-91-6831-11,0.0007503043636765774,0.16485115122758776,219.71237168313698,219.71237168313698
NN,TCGA-LUAD,TCGA-44-6146-11,TCGA-91-6835-11,0.0005583223892949532,0.13978961171591586,250.374361473201,250.374361473201
NN,TCGA-LUAD,TCGA-44-6146-11,TCGA-91-6836-11,0.0004597016299099506,0.1936346419481518,421.2180887548348,421.2180887548348
NN,TCGA-LUAD,TCGA-44-6146-11,TCGA-91-6847-11,0.0004893500221807768,0.2661687404692562,543.923017072895,543.923017072895
NN,TCGA-LUAD,TCGA-44-6146-11,TCGA-91-6849-11,0.00036440724747021746,0.17221866501746588,472.5994507876551,472.5994507876551
NN,TCGA-LUAD,TCGA-44-6146-11,TCGA-KN-8419-11,0.0019801301815334585,0.32003224859154333,161.62182243174686,161.62182243174686
NN,TCGA-LUAD,TCGA-44-6146-11,TCGA-KN-8422-11,0.0009306961758395182,0.31903128604612385,342.7877908258807,342.7877908258807
NN,TCGA-LUAD,TCGA-44-6146-11,TCGA-KN-8423-11,0.0011811895136361868,0.31610813281428973,267.6184720275572,267.6184720275572
NN,TCGA-LUAD,TCGA-44-6146-11,TCGA-KN-8424-11,0.0018867321861476996,0.24170281155189427,128.1065820186167,128.1065820186167
NN,TCGA-LUAD,TCGA-44-6146-11,TCGA-KN-8425-11,0.0017095605144059624,0.23052961227638563,134.84729574284182,134.84729574284182
NN,TCGA-LUAD,TCGA-44-6146-11,TCGA-KN-8426-11,0.0010072237745387786,0.32454258896578275,322.21498059296226,322.21498059296226
NN,TCGA-LUAD,TCGA-44-6146-11,TCGA-KN-8427-11,0.0014253651446297362,0.3214782950735323,225.54101051561912,225.54101051561912
NN,TCGA-LUAD,TCGA-44-6146-11,TCGA-KN-8428-11,0.001272230812486537,0.3612931928254892,283.98399824899104,283.98399824899104
NN,TCGA-LUAD,TCGA-44-6146-11,TCGA-KN-8429-11,0.0025341167520660022,0.2813573578324977,111.02778023274345,111.02778023274345
NN,TCGA-LUAD,TCGA-44-6146-11,TCGA-KN-8430-11,0.0021802829050883888,0.21889463535164794,100.39735432534336,100.39735432534336
NN,TCGA-LUAD,TCGA-44-6146-11,TCGA-KN-8431-11,0.0015871154604162995,0.25667552628762647,161.72454537132452,161.72454537132452
NN,TCGA-LUAD,TCGA-44-6146-11,TCGA-KN-8432-11,0.005209888499165699,0.2792945125056445,53.608539328695834,53.608539328695834
NN,TCGA-LUAD,TCGA-44-6146-11,TCGA-KN-8433-11,0.0015414496702846675,0.31276828320004435,202.90528405139807,202.90528405139807
NN,TCGA-LUAD,TCGA-44-6146-11,TCGA-KN-8434-11,0.001719437095009207,0.3556000010110687,206.81187002608235,206.81187002608235
NN,TCGA-LUAD,TCGA-44-6146-11,TCGA-KN-8435-11,0.0010100174865186615,0.38410302398749885,380.2934395833374,380.2934395833374
NN,TCGA-LUAD,TCGA-44-6146-11,TCGA-KN-8436-11,0.0013847367962858382,0.3002305746662835,216.8141812014864,216.8141812014864
NN,TCGA-LUAD,TCGA-44-6146-11,TCGA-KN-8437-11,0.0005588716059235679,0.34429680717165634,616.0570755830148,616.0570755830148
NN,TCGA-LUAD,TCGA-44-6147-11,TCGA-44-6148-11,0.0011864175256170472,0.21946250301102332,184.9791479579522,184.9791479579522
NN,TCGA-LUAD,TCGA-44-6147-11,TCGA-44-6776-11,0.0009276093020189229,0.19743822126143623,212.846314533194,212.846314533194
NN,TCGA-LUAD,TCGA-44-6147-11,TCGA-44-6777-11,0.0012381775790225851,0.2034010316041273,164.27452333993293,164.27452333993293
NN,TCGA-LUAD,TCGA-44-6147-11,TCGA-44-6778-11,0.0007072572318676921,0.19148711964457177,270.74607514284645,270.74607514284645
NN,TCGA-LUAD,TCGA-44-6147-11,TCGA-49-4490-11,0.004202885926129432,0.1349963878520587,32.11992669436571,32.11992669436571
NN,TCGA-LUAD,TCGA-44-6147-11,TCGA-49-4512-11,0.004976213714172358,0.1546431440603041,31.076467560040136,31.076467560040136
NN,TCGA-LUAD,TCGA-44-6147-11,TCGA-49-6742-11,0.0013386709699340239,0.23361344247127552,174.5114727353721,174.5114727353721
NN,TCGA-LUAD,TCGA-44-6147-11,TCGA-49-6743-11,0.0012766278983403138,0.18169573789342938,142.32474327847902,142.32474327847902
NN,TCGA-LUAD,TCGA-44-6147-11,TCGA-49-6744-11,0.0010636182501419463,0.20243691869511113,190.3285494284201,190.3285494284201
NN,TCGA-LUAD,TCGA-44-6147-11,TCGA-49-6745-11,0.0031243524340666016,0.2036079778376902,65.16805710445337,65.16805710445337
NN,TCGA-LUAD,TCGA-44-6147-11,TCGA-49-6761-11,0.0012690760571901281,0.21531865116773813,169.665679174877,169.665679174877
NN,TCGA-LUAD,TCGA-44-6147-11,TCGA-50-5930-11,0.0010112265900925957,0.1736131481955956,171.68570318122096,171.68570318122096
NN,TCGA-LUAD,TCGA-44-6147-11,TCGA-50-5931-11,0.0007356682396115822,0.17675567092872127,240.2654639842066,240.2654639842066
NN,TCGA-LUAD,TCGA-44-6147-11,TCGA-50-5932-11,0.0009843150753424059,0.193255799597264,196.33530404889677,196.33530404889677
NN,TCGA-LUAD,TCGA-44-6147-11,TCGA-50-5933-11,0.00041796342680789733,0.17250590013316341,412.72965304796844,412.72965304796844
NN,TCGA-LUAD,TCGA-44-6147-11,TCGA-50-5935-11,0.0009532057080585089,0.21662748470488202,227.26205148950405,227.26205148950405
NN,TCGA-LUAD,TCGA-44-6147-11,TCGA-50-5936-11,0.0009063132828468572,0.19384464179035366,213.8826004860708,213.8826004860708
NN,TCGA-LUAD,TCGA-44-6147-11,TCGA-50-5939-11,0.0008552751169857728,0.1908564506660428,223.1521143029087,223.1521143029087
NN,TCGA-LUAD,TCGA-44-6147-11,TCGA-50-6595-11,0.0009764049488318984,0.18587169286742034,190.36332526764028,190.36332526764028
NN,TCGA-LUAD,TCGA-44-6147-11,TCGA-55-6968-11,0.0015541069384948695,0.22121886898079218,142.34468909523017,142.34468909523017
NN,TCGA-LUAD,TCGA-44-6147-11,TCGA-55-6969-11,0.0010534233265447938,0.18513054086765984,175.7418278128358,175.7418278128358
NN,TCGA-LUAD,TCGA-44-6147-11,TCGA-55-6970-11,0.0008740442239295954,0.18724768379292375,214.23136114449815,214.23136114449815
NN,TCGA-LUAD,TCGA-44-6147-11,TCGA-55-6971-11,0.0010465719070212934,0.20889855596675838,199.60267857878605,199.60267857878605
NN,TCGA-LUAD,TCGA-44-6147-11,TCGA-55-6972-11,0.0010566598938241978,0.20222735453591234,191.383581148352,191.383581148352
NN,TCGA-LUAD,TCGA-44-6147-11,TCGA-55-6975-11,0.0008342676269453226,0.21156446327534778,253.59303950219513,253.59303950219513
NN,TCGA-LUAD,TCGA-44-6147-11,TCGA-55-6978-11,0.0008972916203652871,0.2147013106034391,239.27707083237252,239.27707083237252
NN,TCGA-LUAD,TCGA-44-6147-11,TCGA-55-6979-11,0.0009902761874873759,0.18931166642993877,191.1705732420756,191.1705732420756
NN,TCGA-LUAD,TCGA-44-6147-11,TCGA-55-6980-11,0.0012621321493330364,0.22806958473906483,180.70182655563158,180.70182655563158
NN,TCGA-LUAD,TCGA-44-6147-11,TCGA-55-6981-11,0.000985419104914439,0.18754268027091528,190.31768243137424,190.31768243137424
NN,TCGA-LUAD,TCGA-44-6147-11,TCGA-55-6982-11,0.0010726655783493395,0.18116627480817615,168.89352885450285,168.89352885450285
NN,TCGA-LUAD,TCGA-44-6147-11,TCGA-55-6983-11,0.0009715918390934207,0.2313901678332106,238.15573425268542,238.15573425268542
NN,TCGA-LUAD,TCGA-44-6147-11,TCGA-55-6984-11,0.001249858512483883,0.2091326304981282,167.32504392238155,167.32504392238155
NN,TCGA-LUAD,TCGA-44-6147-11,TCGA-55-6985-11,0.0010201820529222231,0.2095781184360327,205.4320773784584,205.4320773784584
NN,TCGA-LUAD,TCGA-44-6147-11,TCGA-55-6986-11,0.0012366847390618096,0.18583378393182506,150.26771016257933,150.26771016257933
NN,TCGA-LUAD,TCGA-44-6147-11,TCGA-73-4676-11,0.0025021766305971804,0.1757676843679018,70.24591398487816,70.24591398487816
NN,TCGA-LUAD,TCGA-44-6147-11,TCGA-91-6828-11,0.000593019559598532,0.2119560017818416,357.4182307331205,357.4182307331205
NN,TCGA-LUAD,TCGA-44-6147-11,TCGA-91-6829-11,0.0015629147743417846,0.2378684147731786,152.19538434100218,152.19538434100218
NN,TCGA-LUAD,TCGA-44-6147-11,TCGA-91-6831-11,0.0007728789005967334,0.18989956734545438,245.70416814178066,245.70416814178066
NN,TCGA-LUAD,TCGA-44-6147-11,TCGA-91-6835-11,0.00132629244138061,0.16367999662982677,123.41169377354164,123.41169377354164
NN,TCGA-LUAD,TCGA-44-6147-11,TCGA-91-6836-11,0.0011059587021886841,0.20567253721545614,185.96764671992878,185.96764671992878
NN,TCGA-LUAD,TCGA-44-6147-11,TCGA-91-6847-11,0.0011864239434368207,0.24506179206788603,206.55499530630976,206.55499530630976
NN,TCGA-LUAD,TCGA-44-6147-11,TCGA-91-6849-11,0.0008687058801562649,0.1437911858102382,165.52344020553042,165.52344020553042
NN,TCGA-LUAD,TCGA-44-6147-11,TCGA-KN-8419-11,0.0019342873952740503,0.3631696035683563,187.75369392142596,187.75369392142596
NN,TCGA-LUAD,TCGA-44-6147-11,TCGA-KN-8422-11,0.001887607786749949,0.36088245687365983,191.18508590972763,191.18508590972763
NN,TCGA-LUAD,TCGA-44-6147-11,TCGA-KN-8423-11,0.002116892877565282,0.3819016821298951,180.40671125935035,180.40671125935035
NN,TCGA-LUAD,TCGA-44-6147-11,TCGA-KN-8424-11,0.002595504930075855,0.28561197664658095,110.04100718014578,110.04100718014578
NN,TCGA-LUAD,TCGA-44-6147-11,TCGA-KN-8425-11,0.002675477862059067,0.26417461498623673,98.73922663778876,98.73922663778876
NN,TCGA-LUAD,TCGA-44-6147-11,TCGA-KN-8426-11,0.0017357897983821431,0.3845253852269855,221.52762136601186,221.52762136601186
NN,TCGA-LUAD,TCGA-44-6147-11,TCGA-KN-8427-11,0.0017553728154454447,0.35070873411558057,199.7915947140747,199.7915947140747
NN,TCGA-LUAD,TCGA-44-6147-11,TCGA-KN-8428-11,0.0020854412537645427,0.3894283200702671,186.7366531506409,186.7366531506409
NN,TCGA-LUAD,TCGA-44-6147-11,TCGA-KN-8429-11,0.0025688962830708547,0.33914120444172946,132.01825495123555,132.01825495123555
NN,TCGA-LUAD,TCGA-44-6147-11,TCGA-KN-8430-11,0.0028691380786431066,0.2413745198526315,84.12788553096897,84.12788553096897
NN,TCGA-LUAD,TCGA-44-6147-11,TCGA-KN-8431-11,0.0024703757077154842,0.27483511432532404,111.25235463859131,111.25235463859131
NN,TCGA-LUAD,TCGA-44-6147-11,TCGA-KN-8432-11,0.005467496408178608,0.3449106379494019,63.083834391452726,63.083834391452726
NN,TCGA-LUAD,TCGA-44-6147-11,TCGA-KN-8433-11,0.0021508149768667616,0.33753561555251377,156.93382238030762,156.93382238030762
NN,TCGA-LUAD,TCGA-44-6147-11,TCGA-KN-8434-11,0.0026243592954346127,0.382387013247688,145.70680695775764,145.70680695775764
NN,TCGA-LUAD,TCGA-44-6147-11,TCGA-KN-8435-11,0.0019960439004889025,0.4026635100893663,201.73078858172389,201.73078858172389
NN,TCGA-LUAD,TCGA-44-6147-11,TCGA-KN-8436-11,0.0023088057786457335,0.34503582726740784,149.44341809027958,149.44341809027958
NN,TCGA-LUAD,TCGA-44-6147-11,TCGA-KN-8437-11,0.001344803264580208,0.36179375817412374,269.0309933825605,269.0309933825605
NN,TCGA-LUAD,TCGA-44-6148-11,TCGA-44-6776-11,0.00030669311763736114,0.15236142593367435,496.78788721248367,496.78788721248367
NN,TCGA-LUAD,TCGA-44-6148-11,TCGA-44-6777-11,0.0004682954010759289,0.15942065634445407,340.42755059771724,340.42755059771724
NN,TCGA-LUAD,TCGA-44-6148-11,TCGA-44-6778-11,0.00048820443440934476,0.20750534316644148,425.037809043034,425.037809043034
NN,TCGA-LUAD,TCGA-44-6148-11,TCGA-49-4490-11,0.003915149454889431,0.11366753526961323,29.032744874569122,29.032744874569122
NN,TCGA-LUAD,TCGA-44-6148-11,TCGA-49-4512-11,0.004392434594102325,0.16466448826653182,37.48820494393361,37.48820494393361
NN,TCGA-LUAD,TCGA-44-6148-11,TCGA-49-6742-11,0.0006844194058891623,0.18100037453419818,264.4582736502801,264.4582736502801
NN,TCGA-LUAD,TCGA-44-6148-11,TCGA-49-6743-11,0.000928274159631417,0.1761503705471337,189.7611483843054,189.7611483843054
NN,TCGA-LUAD,TCGA-44-6148-11,TCGA-49-6744-11,0.0003822785032851243,0.15187111568201367,397.278723174083,397.278723174083
NN,TCGA-LUAD,TCGA-44-6148-11,TCGA-49-6745-11,0.0025159037396388423,0.09462307841499736,37.60997566170019,37.60997566170019
NN,TCGA-LUAD,TCGA-44-6148-11,TCGA-49-6761-11,0.0005382106661239825,0.15609681530715816,290.0292118536343,290.0292118536343
NN,TCGA-LUAD,TCGA-44-6148-11,TCGA-50-5930-11,0.0005065415311069003,0.1342383821841604,265.00962693191445,265.00962693191445
NN,TCGA-LUAD,TCGA-44-6148-11,TCGA-50-5931-11,0.0005348706800800327,0.1854027001001023,346.63089042824424,346.63089042824424
NN,TCGA-LUAD,TCGA-44-6148-11,TCGA-50-5932-11,0.00027285221234546063,0.11028934846549769,404.2091046923943,404.2091046923943
NN,TCGA-LUAD,TCGA-44-6148-11,TCGA-50-5933-11,0.0008716437036634078,0.20899438262025688,239.77042654226724,239.77042654226724
NN,TCGA-LUAD,TCGA-44-6148-11,TCGA-50-5935-11,0.00027774822737034713,0.15682425022929056,564.6273667128843,564.6273667128843
NN,TCGA-LUAD,TCGA-44-6148-11,TCGA-50-5936-11,0.0002609163432777909,0.1168105112065817,447.693347757126,447.693347757126
NN,TCGA-LUAD,TCGA-44-6148-11,TCGA-50-5939-11,0.0003488270121989311,0.17569361198920885,503.6697441567778,503.6697441567778
NN,TCGA-LUAD,TCGA-44-6148-11,TCGA-50-6595-11,0.00018606011156680472,0.13322647897670103,716.0399822122336,716.0399822122336
NN,TCGA-LUAD,TCGA-44-6148-11,TCGA-55-6968-11,0.0007848649549892075,0.178275701192403,227.14187970700567,227.14187970700567
NN,TCGA-LUAD,TCGA-44-6148-11,TCGA-55-6969-11,0.00039475611167250215,0.18869631351191507,478.0073263779167,478.0073263779167
NN,TCGA-LUAD,TCGA-44-6148-11,TCGA-55-6970-11,0.0003194910582954928,0.18285420460799484,572.3296469814675,572.3296469814675
NN,TCGA-LUAD,TCGA-44-6148-11,TCGA-55-6971-11,0.00024228811146205444,0.180703802823064,745.8219956919538,745.8219956919538
NN,TCGA-LUAD,TCGA-44-6148-11,TCGA-55-6972-11,0.000261708623956605,0.16067429622154686,613.9434528079936,613.9434528079936
NN,TCGA-LUAD,TCGA-44-6148-11,TCGA-55-6975-11,0.0003170171819127166,0.19511206801396636,615.4621236513483,615.4621236513483
NN,TCGA-LUAD,TCGA-44-6148-11,TCGA-55-6978-11,0.00017527709587613981,0.12013111626226894,685.3782900828071,685.3782900828071
NN,TCGA-LUAD,TCGA-44-6148-11,TCGA-55-6979-11,0.0004593951261144156,0.19950514471987035,434.2778871149412,434.2778871149412
NN,TCGA-LUAD,TCGA-44-6148-11,TCGA-55-6980-11,0.0002637443476553296,0.15247550866833764,578.1185834837227,578.1185834837227
NN,TCGA-LUAD,TCGA-44-6148-11,TCGA-55-6981-11,0.00026527017499013606,0.17583030689952464,662.8348132467693,662.8348132467693
NN,TCGA-LUAD,TCGA-44-6148-11,TCGA-55-6982-11,0.00015543653434289744,0.1695823416640177,1091.006965517606,1091.006965517606
NN,TCGA-LUAD,TCGA-44-6148-11,TCGA-55-6983-11,0.00046416908305436277,0.1753080687586609,377.68148538692975,377.68148538692975
NN,TCGA-LUAD,TCGA-44-6148-11,TCGA-55-6984-11,0.00036300865296657974,0.15013315645352998,413.58010401849,413.58010401849
NN,TCGA-LUAD,TCGA-44-6148-11,TCGA-55-6985-11,0.00031700757002586213,0.18373138507767328,579.5804341917894,579.5804341917894
NN,TCGA-LUAD,TCGA-44-6148-11,TCGA-55-6986-11,0.00014379230770903063,0.14016701742609616,974.788009590399,974.788009590399
NN,TCGA-LUAD,TCGA-44-6148-11,TCGA-73-4676-11,0.0021802789458797234,0.16321269495994517,74.85863002455875,74.85863002455875
NN,TCGA-LUAD,TCGA-44-6148-11,TCGA-91-6828-11,0.0003237737445907602,0.16356521988014144,505.183705018709,505.183705018709
NN,TCGA-LUAD,TCGA-44-6148-11,TCGA-91-6829-11,0.0007860378092959923,0.17252015637781454,219.48073532535372,219.48073532535372
NN,TCGA-LUAD,TCGA-44-6148-11,TCGA-91-6831-11,0.0008511088098243523,0.1975978101049923,232.165156586467,232.165156586467
NN,TCGA-LUAD,TCGA-44-6148-11,TCGA-91-6835-11,0.0002747103532255997,0.1644152446022893,598.5039976533646,598.5039976533646
NN,TCGA-LUAD,TCGA-44-6148-11,TCGA-91-6836-11,0.00037527013483116693,0.1780937423720274,474.5747818492173,474.5747818492173
NN,TCGA-LUAD,TCGA-44-6148-11,TCGA-91-6847-11,0.00029957911955108237,0.13176551191331531,439.83543349337964,439.83543349337964
NN,TCGA-LUAD,TCGA-44-6148-11,TCGA-91-6849-11,0.0002884154460369325,0.15633442820042065,542.0459630320962,542.0459630320962
NN,TCGA-LUAD,TCGA-44-6148-11,TCGA-KN-8419-11,0.0018753006376843481,0.24478908867681715,130.53325091335046,130.53325091335046
NN,TCGA-LUAD,TCGA-44-6148-11,TCGA-KN-8422-11,0.0007706387589170024,0.2312975767394883,300.13748213824135,300.13748213824135
NN,TCGA-LUAD,TCGA-44-6148-11,TCGA-KN-8423-11,0.0009286237553002253,0.19193938067597952,206.69230092431272,206.69230092431272
NN,TCGA-LUAD,TCGA-44-6148-11,TCGA-KN-8424-11,0.0014798145796677822,0.18138179161207796,122.5706207414162,122.5706207414162
NN,TCGA-LUAD,TCGA-44-6148-11,TCGA-KN-8425-11,0.0014021538300173948,0.1387237025591313,98.93615064861345,98.93615064861345
NN,TCGA-LUAD,TCGA-44-6148-11,TCGA-KN-8426-11,0.0009057862641413338,0.2423982200416216,267.61083672582515,267.61083672582515
NN,TCGA-LUAD,TCGA-44-6148-11,TCGA-KN-8427-11,0.0011770243707741328,0.2125611157239783,180.59194100133726,180.59194100133726
NN,TCGA-LUAD,TCGA-44-6148-11,TCGA-KN-8428-11,0.0009926369603800523,0.2861776391072974,288.3004064222313,288.3004064222313
NN,TCGA-LUAD,TCGA-44-6148-11,TCGA-KN-8429-11,0.00220873378208899,0.23972090553102104,108.53318198642134,108.53318198642134
NN,TCGA-LUAD,TCGA-44-6148-11,TCGA-KN-8430-11,0.0017467177892352163,0.11981497887891314,68.59435428969495,68.59435428969495
NN,TCGA-LUAD,TCGA-44-6148-11,TCGA-KN-8431-11,0.0012790941473288684,0.154508990283159,120.7956354157511,120.7956354157511
NN,TCGA-LUAD,TCGA-44-6148-11,TCGA-KN-8432-11,0.004644953485951991,0.22037395739911333,47.443738256067235,47.443738256067235
NN,TCGA-LUAD,TCGA-44-6148-11,TCGA-KN-8433-11,0.0012556671266607334,0.19624530839902618,156.28768503394082,156.28768503394082
NN,TCGA-LUAD,TCGA-44-6148-11,TCGA-KN-8434-11,0.0013474232238343963,0.2728958906917982,202.53168111145618,202.53168111145618
NN,TCGA-LUAD,TCGA-44-6148-11,TCGA-KN-8435-11,0.0008318043995840601,0.31748687310967194,381.6845321669731,381.6845321669731
NN,TCGA-LUAD,TCGA-44-6148-11,TCGA-KN-8436-11,0.0010640891985521043,0.18536288273244317,174.19863201756453,174.19863201756453
NN,TCGA-LUAD,TCGA-44-6148-11,TCGA-KN-8437-11,0.0004626014776691808,0.2946716608816383,636.9881530996022,636.9881530996022
NN,TCGA-LUAD,TCGA-44-6776-11,TCGA-44-6777-11,0.0005024769993234397,0.2151163192359501,428.11177332612937,428.11177332612937
NN,TCGA-LUAD,TCGA-44-6776-11,TCGA-44-6778-11,0.0003942197425704294,0.21123951848620576,535.842058819433,535.842058819433
NN,TCGA-LUAD,TCGA-44-6776-11,TCGA-49-4490-11,0.0032411144031433527,0.2559357905816215,78.9653676937184,78.9653676937184
NN,TCGA-LUAD,TCGA-44-6776-11,TCGA-49-4512-11,0.0037199106150700356,0.2725014642954293,73.254841982352,73.254841982352
NN,TCGA-LUAD,TCGA-44-6776-11,TCGA-49-6742-11,0.0006152576946721913,0.2447697806940305,397.8329451441377,397.8329451441377
NN,TCGA-LUAD,TCGA-44-6776-11,TCGA-49-6743-11,0.0005986491174679267,0.24017121478401504,401.1886224769762,401.1886224769762
NN,TCGA-LUAD,TCGA-44-6776-11,TCGA-49-6744-11,0.00026743796378484103,0.17594969156507698,657.908432576281,657.908432576281
NN,TCGA-LUAD,TCGA-44-6776-11,TCGA-49-6745-11,0.0021118475536104735,0.19420809470125486,91.96122815268141,91.96122815268141
NN,TCGA-LUAD,TCGA-44-6776-11,TCGA-49-6761-11,0.00046341469055287583,0.2055714768187818,443.60155387720926,443.60155387720926
NN,TCGA-LUAD,TCGA-44-6776-11,TCGA-50-5930-11,0.0003983879476187416,0.27242976965743293,683.8303500038335,683.8303500038335
NN,TCGA-LUAD,TCGA-44-6776-11,TCGA-50-5931-11,0.00034981272761680575,0.2522931547492715,721.2234856864334,721.2234856864334
NN,TCGA-LUAD,TCGA-44-6776-11,TCGA-50-5932-11,0.0003355145418300913,0.21809558579850005,650.0331836852137,650.0331836852137
NN,TCGA-LUAD,TCGA-44-6776-11,TCGA-50-5933-11,0.000707025714887617,0.2019678077251223,285.658362167528,285.658362167528
NN,TCGA-LUAD,TCGA-44-6776-11,TCGA-50-5935-11,0.00033283272446250645,0.16835575765683156,505.82693732628087,505.82693732628087
NN,TCGA-LUAD,TCGA-44-6776-11,TCGA-50-5936-11,0.00024152238024556877,0.1880994801117466,778.8076613044959,778.8076613044959
NN,TCGA-LUAD,TCGA-44-6776-11,TCGA-50-5939-11,0.0003734271715430672,0.2450814329234151,656.3031605619249,656.3031605619249
NN,TCGA-LUAD,TCGA-44-6776-11,TCGA-50-6595-11,0.00024431186577667213,0.15959970519409575,653.2621929218428,653.2621929218428
NN,TCGA-LUAD,TCGA-44-6776-11,TCGA-55-6968-11,0.000819732994403431,0.23510067555148362,286.80152824954973,286.80152824954973
NN,TCGA-LUAD,TCGA-44-6776-11,TCGA-55-6969-11,0.00047146476621877625,0.2078511451435314,440.86252046050276,440.86252046050276
NN,TCGA-LUAD,TCGA-44-6776-11,TCGA-55-6970-11,0.0002694983737944387,0.16738456400473875,621.0967496687464,621.0967496687464
NN,TCGA-LUAD,TCGA-44-6776-11,TCGA-55-6971-11,0.00024737374202277954,0.21986377636042034,888.7918926341587,888.7918926341587
NN,TCGA-LUAD,TCGA-44-6776-11,TCGA-55-6972-11,0.00032745601897753157,0.15712068403422463,479.8222507096609,479.8222507096609
NN,TCGA-LUAD,TCGA-44-6776-11,TCGA-55-6975-11,0.0002778944622143461,0.27805217945251626,1000.5675436527716,1000.5675436527716
NN,TCGA-LUAD,TCGA-44-6776-11,TCGA-55-6978-11,0.0002491999761132402,0.17533253223296114,703.5816574608635,703.5816574608635
NN,TCGA-LUAD,TCGA-44-6776-11,TCGA-55-6979-11,0.0004328802669702046,0.18486431791810867,427.05646808990025,427.05646808990025
NN,TCGA-LUAD,TCGA-44-6776-11,TCGA-55-6980-11,0.0003891746219164216,0.18952788422686107,486.9995974906187,486.9995974906187
NN,TCGA-LUAD,TCGA-44-6776-11,TCGA-55-6981-11,0.0003457555311665319,0.15211167837963346,439.93997107270985,439.93997107270985
NN,TCGA-LUAD,TCGA-44-6776-11,TCGA-55-6982-11,0.00034158531007637326,0.14612809739309193,427.79385729561943,427.79385729561943
NN,TCGA-LUAD,TCGA-44-6776-11,TCGA-55-6983-11,0.0003926947779045533,0.2034354977373961,518.0499186236754,518.0499186236754
NN,TCGA-LUAD,TCGA-44-6776-11,TCGA-55-6984-11,0.00034755247439697434,0.17844885604217067,513.4443549906839,513.4443549906839
NN,TCGA-LUAD,TCGA-44-6776-11,TCGA-55-6985-11,0.00027971368196104255,0.1250923589486133,447.2157317139592,447.2157317139592
NN,TCGA-LUAD,TCGA-44-6776-11,TCGA-55-6986-11,0.0003395734884153968,0.10394457054780265,306.10331517002385,306.10331517002385
NN,TCGA-LUAD,TCGA-44-6776-11,TCGA-73-4676-11,0.001726059680721911,0.22545568630281704,130.61870850753084,130.61870850753084
NN,TCGA-LUAD,TCGA-44-6776-11,TCGA-91-6828-11,0.0002514854280073254,0.15896393758571692,632.0999942035868,632.0999942035868
NN,TCGA-LUAD,TCGA-44-6776-11,TCGA-91-6829-11,0.0007799757642965525,0.22345144546999568,286.4851136387845,286.4851136387845
NN,TCGA-LUAD,TCGA-44-6776-11,TCGA-91-6831-11,0.0005011457775412268,0.20577189361628587,410.6028681432082,410.6028681432082
NN,TCGA-LUAD,TCGA-44-6776-11,TCGA-91-6835-11,0.0004908882118674727,0.12235965828684796,249.2617572162885,249.2617572162885
NN,TCGA-LUAD,TCGA-44-6776-11,TCGA-91-6836-11,0.00028784318746956947,0.14288571288336854,496.4012320023183,496.4012320023183
NN,TCGA-LUAD,TCGA-44-6776-11,TCGA-91-6847-11,0.0004246516916977058,0.1873976122924801,441.297223009491,441.297223009491
NN,TCGA-LUAD,TCGA-44-6776-11,TCGA-91-6849-11,0.00035690021889073285,0.1337033643346071,374.6239348077878,374.6239348077878
NN,TCGA-LUAD,TCGA-44-6776-11,TCGA-KN-8419-11,0.0017782123818901314,0.34320628336741965,193.00635113259773,193.00635113259773
NN,TCGA-LUAD,TCGA-44-6776-11,TCGA-KN-8422-11,0.0010228883212864035,0.33070795982480294,323.3079828391221,323.3079828391221
NN,TCGA-LUAD,TCGA-44-6776-11,TCGA-KN-8423-11,0.0011419487889075767,0.35625190554859104,311.9683728456795,311.9683728456795
NN,TCGA-LUAD,TCGA-44-6776-11,TCGA-KN-8424-11,0.0014706269198551752,0.2811722923540974,191.19212939593598,191.19212939593598
NN,TCGA-LUAD,TCGA-44-6776-11,TCGA-KN-8425-11,0.0016147634076277158,0.28217709272862956,174.74825810127942,174.74825810127942
NN,TCGA-LUAD,TCGA-44-6776-11,TCGA-KN-8426-11,0.0009999296368822244,0.37129351804000366,371.31964524793466,371.31964524793466
NN,TCGA-LUAD,TCGA-44-6776-11,TCGA-KN-8427-11,0.0012905425615018459,0.3432600429742281,265.98118745868044,265.98118745868044
NN,TCGA-LUAD,TCGA-44-6776-11,TCGA-KN-8428-11,0.0011406914412631047,0.39020426172649825,342.07696105304274,342.07696105304274
NN,TCGA-LUAD,TCGA-44-6776-11,TCGA-KN-8429-11,0.001981399318287309,0.3284104102248943,165.74670597382018,165.74670597382018
NN,TCGA-LUAD,TCGA-44-6776-11,TCGA-KN-8430-11,0.0019442800993841568,0.2613093743374076,134.39903767989824,134.39903767989824
NN,TCGA-LUAD,TCGA-44-6776-11,TCGA-KN-8431-11,0.0014545771726310836,0.3090874457725953,212.49298530755055,212.49298530755055
NN,TCGA-LUAD,TCGA-44-6776-11,TCGA-KN-8432-11,0.004194169904023737,0.2923283973484575,69.69874946363238,69.69874946363238
NN,TCGA-LUAD,TCGA-44-6776-11,TCGA-KN-8433-11,0.0013044618489995682,0.3133509306931016,240.2147145456343,240.2147145456343
NN,TCGA-LUAD,TCGA-44-6776-11,TCGA-KN-8434-11,0.0014809061567328645,0.3483523811656266,235.22920718632997,235.22920718632997
NN,TCGA-LUAD,TCGA-44-6776-11,TCGA-KN-8435-11,0.0010539651827376963,0.39446475645993717,374.26735049758173,374.26735049758173
NN,TCGA-LUAD,TCGA-44-6776-11,TCGA-KN-8436-11,0.0012783709880396983,0.3172013596111397,248.12934788010804,248.12934788010804
NN,TCGA-LUAD,TCGA-44-6776-11,TCGA-KN-8437-11,0.0007899768537707316,0.42179222433851593,533.929851647184,533.929851647184
NN,TCGA-LUAD,TCGA-44-6777-11,TCGA-44-6778-11,0.0007977604600489514,0.22354908952060076,280.22081904997344,280.22081904997344
NN,TCGA-LUAD,TCGA-44-6777-11,TCGA-49-4490-11,0.002635633563908787,0.11811045428636939,44.812926919630364,44.812926919630364
NN,TCGA-LUAD,TCGA-44-6777-11,TCGA-49-4512-11,0.002998673122844327,0.13357927069624725,44.546125977726945,44.546125977726945
NN,TCGA-LUAD,TCGA-44-6777-11,TCGA-49-6742-11,0.0003423922455565902,0.1769173827952778,516.7096658619773,516.7096658619773
NN,TCGA-LUAD,TCGA-44-6777-11,TCGA-49-6743-11,0.0004446714638216781,0.15711235904275178,353.32233306015985,353.32233306015985
NN,TCGA-LUAD,TCGA-44-6777-11,TCGA-49-6744-11,0.00060743546182724,0.17975732550920223,295.9282702535513,295.9282702535513
NN,TCGA-LUAD,TCGA-44-6777-11,TCGA-49-6745-11,0.001575597772464734,0.14641940858862726,92.92943360765287,92.92943360765287
NN,TCGA-LUAD,TCGA-44-6777-11,TCGA-49-6761-11,0.000259402571108166,0.1551561672865134,598.1288721375711,598.1288721375711
NN,TCGA-LUAD,TCGA-44-6777-11,TCGA-50-5930-11,0.0002563703396318347,0.13468572286173336,525.3561042012552,525.3561042012552
NN,TCGA-LUAD,TCGA-44-6777-11,TCGA-50-5931-11,0.0003955042946847245,0.18065940473246667,456.7824095980524,456.7824095980524
NN,TCGA-LUAD,TCGA-44-6777-11,TCGA-50-5932-11,0.0005111958073084489,0.18596786327024517,363.78988366396084,363.78988366396084
NN,TCGA-LUAD,TCGA-44-6777-11,TCGA-50-5933-11,0.0011076344544684012,0.1971471756849818,177.98938529733687,177.98938529733687
NN,TCGA-LUAD,TCGA-44-6777-11,TCGA-50-5935-11,0.00028818617754811896,0.17790268461469627,617.3185894212138,617.3185894212138
NN,TCGA-LUAD,TCGA-44-6777-11,TCGA-50-5936-11,0.00042325008549273834,0.19055433993566073,450.21689650415925,450.21689650415925
NN,TCGA-LUAD,TCGA-44-6777-11,TCGA-50-5939-11,0.0005446125390819313,0.19002884993563485,348.9248526226954,348.9248526226954
NN,TCGA-LUAD,TCGA-44-6777-11,TCGA-50-6595-11,0.00041025939420854195,0.17782846356842755,433.45372727293176,433.45372727293176
NN,TCGA-LUAD,TCGA-44-6777-11,TCGA-55-6968-11,0.00043053896395705795,0.19157367899113945,444.9624657206335,444.9624657206335
NN,TCGA-LUAD,TCGA-44-6777-11,TCGA-55-6969-11,0.0005764516875690198,0.15280876153891326,265.085114388909,265.085114388909
NN,TCGA-LUAD,TCGA-44-6777-11,TCGA-55-6970-11,0.0006490502863558434,0.1789229117840619,275.6687972339434,275.6687972339434
NN,TCGA-LUAD,TCGA-44-6777-11,TCGA-55-6971-11,0.0005338563739993689,0.2387996758635848,447.31071406832564,447.31071406832564
NN,TCGA-LUAD,TCGA-44-6777-11,TCGA-55-6972-11,0.0005746104364258395,0.1996899818035284,347.52237193189376,347.52237193189376
NN,TCGA-LUAD,TCGA-44-6777-11,TCGA-55-6975-11,0.0005932569499864464,0.22177577669446275,373.82752397511643,373.82752397511643
NN,TCGA-LUAD,TCGA-44-6777-11,TCGA-55-6978-11,0.00036929673340641977,0.19993042851712045,541.3815244801863,541.3815244801863
NN,TCGA-LUAD,TCGA-44-6777-11,TCGA-55-6979-11,0.00047709521331472924,0.1741331950907651,364.9862548000314,364.9862548000314
NN,TCGA-LUAD,TCGA-44-6777-11,TCGA-55-6980-11,0.000578781250099519,0.2123711695569847,366.9282125508875,366.9282125508875
NN,TCGA-LUAD,TCGA-44-6777-11,TCGA-55-6981-11,0.0006430526907685123,0.23527239948173823,365.8679962921299,365.8679962921299
NN,TCGA-LUAD,TCGA-44-6777-11,TCGA-55-6982-11,0.0005522062081112415,0.16935267438542967,306.683756715958,306.683756715958
NN,TCGA-LUAD,TCGA-44-6777-11,TCGA-55-6983-11,0.0005093434103491222,0.21701532210380364,426.0687734333376,426.0687734333376
NN,TCGA-LUAD,TCGA-44-6777-11,TCGA-55-6984-11,0.0003569813937783976,0.1864184455416245,522.2077362870822,522.2077362870822
NN,TCGA-LUAD,TCGA-44-6777-11,TCGA-55-6985-11,0.00044137684837235945,0.17715587099236307,401.3710090269818,401.3710090269818
NN,TCGA-LUAD,TCGA-44-6777-11,TCGA-55-6986-11,0.0005273437752791451,0.16116415223675254,305.6149703320981,305.6149703320981
NN,TCGA-LUAD,TCGA-44-6777-11,TCGA-73-4676-11,0.0011349784263511155,0.143523922948672,126.455199161884,126.455199161884
NN,TCGA-LUAD,TCGA-44-6777-11,TCGA-91-6828-11,0.0004990361425929409,0.23294924162975875,466.79833732959344,466.79833732959344
NN,TCGA-LUAD,TCGA-44-6777-11,TCGA-91-6829-11,0.0004928896327245091,0.20056334380326896,406.913293539225,406.913293539225
NN,TCGA-LUAD,TCGA-44-6777-11,TCGA-91-6831-11,0.0010643544450797857,0.22091178774967002,207.5547189856572,207.5547189856572
NN,TCGA-LUAD,TCGA-44-6777-11,TCGA-91-6835-11,0.00047637943931167165,0.13861698493240332,290.98020085143315,290.98020085143315
NN,TCGA-LUAD,TCGA-44-6777-11,TCGA-91-6836-11,0.00038916009214013,0.19717904020870508,506.6784703548282,506.6784703548282
NN,TCGA-LUAD,TCGA-44-6777-11,TCGA-91-6847-11,0.0004265893059516477,0.2092027767916596,490.4079260143759,490.4079260143759
NN,TCGA-LUAD,TCGA-44-6777-11,TCGA-91-6849-11,0.0006304307756411511,0.15695703143801853,248.96790813930758,248.96790813930758
NN,TCGA-LUAD,TCGA-44-6777-11,TCGA-KN-8419-11,0.0017628203673225639,0.3272280336452299,185.62755440716617,185.62755440716617
NN,TCGA-LUAD,TCGA-44-6777-11,TCGA-KN-8422-11,0.0009595614314451109,0.2622612168820116,273.313628797109,273.313628797109
NN,TCGA-LUAD,TCGA-44-6777-11,TCGA-KN-8423-11,0.0010221769255743024,0.2989896367214397,292.50282337713173,292.50282337713173
NN,TCGA-LUAD,TCGA-44-6777-11,TCGA-KN-8424-11,0.00124085272857784,0.16177099531940792,130.37082612117564,130.37082612117564
NN,TCGA-LUAD,TCGA-44-6777-11,TCGA-KN-8425-11,0.0013934191865780543,0.18431948164480277,132.27855868516696,132.27855868516696
NN,TCGA-LUAD,TCGA-44-6777-11,TCGA-KN-8426-11,0.0011432823791762397,0.32738202025155566,286.3527210901664,286.3527210901664
NN,TCGA-LUAD,TCGA-44-6777-11,TCGA-KN-8427-11,0.00107026417758486,0.24558229238327006,229.45950871442497,229.45950871442497
NN,TCGA-LUAD,TCGA-44-6777-11,TCGA-KN-8428-11,0.0008937450662466482,0.32821833400732786,367.2393240565861,367.2393240565861
NN,TCGA-LUAD,TCGA-44-6777-11,TCGA-KN-8429-11,0.0017176437861194142,0.25188112993115436,146.6434029958078,146.6434029958078
NN,TCGA-LUAD,TCGA-44-6777-11,TCGA-KN-8430-11,0.001601587471631314,0.1914303966062631,119.52540838202214,119.52540838202214
NN,TCGA-LUAD,TCGA-44-6777-11,TCGA-KN-8431-11,0.0012288915849771645,0.18261657590262664,148.60267425951986,148.60267425951986
NN,TCGA-LUAD,TCGA-44-6777-11,TCGA-KN-8432-11,0.003818077839532221,0.21862051149097853,57.259312323963314,57.259312323963314
NN,TCGA-LUAD,TCGA-44-6777-11,TCGA-KN-8433-11,0.0011206731651158092,0.24307599383996492,216.9017706557163,216.9017706557163
NN,TCGA-LUAD,TCGA-44-6777-11,TCGA-KN-8434-11,0.0011234540565322384,0.2750223519575426,244.8007111269446,244.8007111269446
NN,TCGA-LUAD,TCGA-44-6777-11,TCGA-KN-8435-11,0.0008849912128775729,0.35352786697874966,399.47048268337517,399.47048268337517
NN,TCGA-LUAD,TCGA-44-6777-11,TCGA-KN-8436-11,0.0010109518535565843,0.2535599897141257,250.81312114131615,250.81312114131615
NN,TCGA-LUAD,TCGA-44-6777-11,TCGA-KN-8437-11,0.0008332787921340517,0.34712289603225754,416.5747398217894,416.5747398217894
NN,TCGA-LUAD,TCGA-44-6778-11,TCGA-49-4490-11,0.0035071915743088823,0.13163587968903961,37.53313068305356,37.53313068305356
NN,TCGA-LUAD,TCGA-44-6778-11,TCGA-49-4512-11,0.004180477919124605,0.15208016872097316,36.37865614006613,36.37865614006613
NN,TCGA-LUAD,TCGA-44-6778-11,TCGA-49-6742-11,0.0007811321692089421,0.21536954091540317,275.7145965880644,275.7145965880644
NN,TCGA-LUAD,TCGA-44-6778-11,TCGA-49-6743-11,0.0007972419623335956,0.168485841226155,211.33589197059135,211.33589197059135
NN,TCGA-LUAD,TCGA-44-6778-11,TCGA-49-6744-11,0.0005327739622160702,0.20186259123481287,378.88974602881603,378.88974602881603
NN,TCGA-LUAD,TCGA-44-6778-11,TCGA-49-6745-11,0.0023921548093073655,0.2185807002078045,91.37397770301216,91.37397770301216
NN,TCGA-LUAD,TCGA-44-6778-11,TCGA-49-6761-11,0.0007960457479190618,0.25618091433654505,321.8168239780515,321.8168239780515
NN,TCGA-LUAD,TCGA-44-6778-11,TCGA-50-5930-11,0.0007566858876396624,0.19118569254747578,252.66189798232284,252.66189798232284
NN,TCGA-LUAD,TCGA-44-6778-11,TCGA-50-5931-11,0.0005506264528297207,0.21235533160613457,385.6613326781173,385.6613326781173
NN,TCGA-LUAD,TCGA-44-6778-11,TCGA-50-5932-11,0.0003495245067787543,0.18374279464123533,525.693595377971,525.693595377971
NN,TCGA-LUAD,TCGA-44-6778-11,TCGA-50-5933-11,0.00046029239666165356,0.18610853428478974,404.32676193344173,404.32676193344173
NN,TCGA-LUAD,TCGA-44-6778-11,TCGA-50-5935-11,0.000579605951533767,0.22210642812275547,383.2024628715633,383.2024628715633
NN,TCGA-LUAD,TCGA-44-6778-11,TCGA-50-5936-11,0.0003969072684443395,0.15388761102993137,387.71678743270957,387.71678743270957
NN,TCGA-LUAD,TCGA-44-6778-11,TCGA-50-5939-11,0.0003007157211905163,0.18005201155511796,598.744923751583,598.744923751583
NN,TCGA-LUAD,TCGA-44-6778-11,TCGA-50-6595-11,0.00046729657742837933,0.1705735623589595,365.02206649502506,365.02206649502506
NN,TCGA-LUAD,TCGA-44-6778-11,TCGA-55-6968-11,0.0009425796943231487,0.2039744181123348,216.40018275463225,216.40018275463225
NN,TCGA-LUAD,TCGA-44-6778-11,TCGA-55-6969-11,0.00045902740423468,0.1839563072404638,400.75234189376465,400.75234189376465
NN,TCGA-LUAD,TCGA-44-6778-11,TCGA-55-6970-11,0.00019832897503018572,0.14857565892120492,749.1374313742692,749.1374313742692
NN,TCGA-LUAD,TCGA-44-6778-11,TCGA-55-6971-11,0.00045934121707468043,0.1966771639218247,428.1722532420786,428.1722532420786
NN,TCGA-LUAD,TCGA-44-6778-11,TCGA-55-6972-11,0.00042851138751474487,0.16625299082021497,387.97799933495185,387.97799933495185
NN,TCGA-LUAD,TCGA-44-6778-11,TCGA-55-6975-11,0.0002812066706252819,0.17696405988643327,629.30249660487,629.30249660487
NN,TCGA-LUAD,TCGA-44-6778-11,TCGA-55-6978-11,0.00041389443604208313,0.20440017638327096,493.84615637231803,493.84615637231803
NN,TCGA-LUAD,TCGA-44-6778-11,TCGA-55-6979-11,0.0003882709912918951,0.21439469142947679,552.1779793955782,552.1779793955782
NN,TCGA-LUAD,TCGA-44-6778-11,TCGA-55-6980-11,0.0006324755909481943,0.18295553048768415,289.26891900033803,289.26891900033803
NN,TCGA-LUAD,TCGA-44-6778-11,TCGA-55-6981-11,0.0004024938007748937,0.20301217228748258,504.3858362455203,504.3858362455203
NN,TCGA-LUAD,TCGA-44-6778-11,TCGA-55-6982-11,0.00044295948352991455,0.1686389825026044,380.7097235140596,380.7097235140596
NN,TCGA-LUAD,TCGA-44-6778-11,TCGA-55-6983-11,0.00040771153179447266,0.20430837979157207,501.11013267724763,501.11013267724763
NN,TCGA-LUAD,TCGA-44-6778-11,TCGA-55-6984-11,0.0005570792523162886,0.20011941130115513,359.2296975144479,359.2296975144479
NN,TCGA-LUAD,TCGA-44-6778-11,TCGA-55-6985-11,0.0003032928916160955,0.14288105801778211,471.09926400332273,471.09926400332273
NN,TCGA-LUAD,TCGA-44-6778-11,TCGA-55-6986-11,0.0005830528370122481,0.1731056738337623,296.8953460904366,296.8953460904366
NN,TCGA-LUAD,TCGA-44-6778-11,TCGA-73-4676-11,0.002040220634013136,0.16051667374293843,78.67613485861105,78.67613485861105
NN,TCGA-LUAD,TCGA-44-6778-11,TCGA-91-6828-11,0.0004065856030904203,0.1947650481282786,479.0259336481349,479.0259336481349
NN,TCGA-LUAD,TCGA-44-6778-11,TCGA-91-6829-11,0.0009999819931080817,0.21052928485125597,210.53307589759888,210.53307589759888
NN,TCGA-LUAD,TCGA-44-6778-11,TCGA-91-6831-11,0.00046311018454420585,0.16112951171728085,347.92910433586104,347.92910433586104
NN,TCGA-LUAD,TCGA-44-6778-11,TCGA-91-6835-11,0.00070889598239797,0.18230308981877905,257.1647947588948,257.1647947588948
NN,TCGA-LUAD,TCGA-44-6778-11,TCGA-91-6836-11,0.0003636576444131252,0.17121766914539202,470.8210366970424,470.8210366970424
NN,TCGA-LUAD,TCGA-44-6778-11,TCGA-91-6847-11,0.0006190503161274477,0.24799261969306083,400.60171723101917,400.60171723101917
NN,TCGA-LUAD,TCGA-44-6778-11,TCGA-91-6849-11,0.000303993310892692,0.1565905271343261,515.1117525398503,515.1117525398503
NN,TCGA-LUAD,TCGA-44-6778-11,TCGA-KN-8419-11,0.001584712129845672,0.34263400516859327,216.21214270755968,216.21214270755968
NN,TCGA-LUAD,TCGA-44-6778-11,TCGA-KN-8422-11,0.001146801394458738,0.33533967411465615,292.41303309796564,292.41303309796564
NN,TCGA-LUAD,TCGA-44-6778-11,TCGA-KN-8423-11,0.0011707079974339338,0.35861214277891224,306.32074229009413,306.32074229009413
NN,TCGA-LUAD,TCGA-44-6778-11,TCGA-KN-8424-11,0.0017885091342403707,0.24144188791849552,134.99617267598836,134.99617267598836
NN,TCGA-LUAD,TCGA-44-6778-11,TCGA-KN-8425-11,0.0017541360836604441,0.24543464996479986,139.91767927870168,139.91767927870168
NN,TCGA-LUAD,TCGA-44-6778-11,TCGA-KN-8426-11,0.0010765953346583764,0.3664138470037772,340.34500727243733,340.34500727243733
NN,TCGA-LUAD,TCGA-44-6778-11,TCGA-KN-8427-11,0.0012838808332563893,0.33141505421181444,258.13537022063423,258.13537022063423
NN,TCGA-LUAD,TCGA-44-6778-11,TCGA-KN-8428-11,0.0012406847108419503,0.3591383219926771,289.4678388911229,289.4678388911229
NN,TCGA-LUAD,TCGA-44-6778-11,TCGA-KN-8429-11,0.0020729369545096007,0.31932628947474334,154.04534555672825,154.04534555672825
NN,TCGA-LUAD,TCGA-44-6778-11,TCGA-KN-8430-11,0.00204694234314265,0.23952968778539005,117.01828758774052,117.01828758774052
NN,TCGA-LUAD,TCGA-44-6778-11,TCGA-KN-8431-11,0.0015699486750662046,0.2586082487262904,164.72401476142838,164.72401476142838
NN,TCGA-LUAD,TCGA-44-6778-11,TCGA-KN-8432-11,0.00434893394053,0.32449940237393415,74.61584995572218,74.61584995572218
NN,TCGA-LUAD,TCGA-44-6778-11,TCGA-KN-8433-11,0.0014129540515010605,0.3181004996144975,225.13152446575418,225.13152446575418
NN,TCGA-LUAD,TCGA-44-6778-11,TCGA-KN-8434-11,0.0016866508012092804,0.3519957344429204,208.69508625647322,208.69508625647322
NN,TCGA-LUAD,TCGA-44-6778-11,TCGA-KN-8435-11,0.001166885749506364,0.37959156035190367,325.30310744859554,325.30310744859554
NN,TCGA-LUAD,TCGA-44-6778-11,TCGA-KN-8436-11,0.001614884162227237,0.3040090998017454,188.25443144012146,188.25443144012146
NN,TCGA-LUAD,TCGA-44-6778-11,TCGA-KN-8437-11,0.0007221615372112467,0.3679718159345307,509.5422519392522,509.5422519392522
NN,TCGA-LUAD,TCGA-49-4490-11,TCGA-49-4512-11,0.0004962807870598045,0.1495947940299558,301.4317659086182,301.4317659086182
NN,TCGA-LUAD,TCGA-49-4490-11,TCGA-49-6742-11,0.0024525400242142834,0.1828064428681529,74.53759818933774,74.53759818933774
NN,TCGA-LUAD,TCGA-49-4490-11,TCGA-49-6743-11,0.0015063619652106856,0.1451983437029585,96.39007559690377,96.39007559690377
NN,TCGA-LUAD,TCGA-49-4490-11,TCGA-49-6744-11,0.0035567648486494823,0.10226153715814221,28.751278622473823,28.751278622473823
NN,TCGA-LUAD,TCGA-49-4490-11,TCGA-49-6745-11,0.0004935747946387525,0.23128759965920362,468.59686145132895,468.59686145132895
NN,TCGA-LUAD,TCGA-49-4490-11,TCGA-49-6761-11,0.002532627703820187,0.2660338123627517,105.0426053389013,105.0426053389013
NN,TCGA-LUAD,TCGA-49-4490-11,TCGA-50-5930-11,0.002864665648857238,0.21959226015894615,76.65545898752445,76.65545898752445
NN,TCGA-LUAD,TCGA-49-4490-11,TCGA-50-5931-11,0.002990388110230247,0.166737360654058,55.75776605171827,55.75776605171827
NN,TCGA-LUAD,TCGA-49-4490-11,TCGA-50-5932-11,0.0037681425570399553,0.160541780644921,42.60501778123643,42.60501778123643
NN,TCGA-LUAD,TCGA-49-4490-11,TCGA-50-5933-11,0.004184006926232805,0.10802628890764662,25.818859961809693,25.818859961809693
NN,TCGA-LUAD,TCGA-49-4490-11,TCGA-50-5935-11,0.003396646807036779,0.20419309845071687,60.1160821395069,60.1160821395069
NN,TCGA-LUAD,TCGA-49-4490-11,TCGA-50-5936-11,0.003749107598513018,0.16169420104142107,43.12871711272109,43.12871711272109
NN,TCGA-LUAD,TCGA-49-4490-11,TCGA-50-5939-11,0.003870517333073364,0.17652492426704314,45.60757880055131,45.60757880055131
NN,TCGA-LUAD,TCGA-49-4490-11,TCGA-50-6595-11,0.003722760933408901,0.10356433904484597,27.819229033870023,27.819229033870023
NN,TCGA-LUAD,TCGA-49-4490-11,TCGA-55-6968-11,0.002894655098721271,0.1106788265959042,38.23558345337831,38.23558345337831
NN,TCGA-LUAD,TCGA-49-4490-11,TCGA-55-6969-11,0.0039700234259373345,0.11953345959460145,30.1090061115645,30.1090061115645
NN,TCGA-LUAD,TCGA-49-4490-11,TCGA-55-6970-11,0.0036186837114656764,0.13772582999798014,38.059648474278234,38.059648474278234
NN,TCGA-LUAD,TCGA-49-4490-11,TCGA-55-6971-11,0.003849029025011825,0.14949071864068678,38.83855322193303,38.83855322193303
NN,TCGA-LUAD,TCGA-49-4490-11,TCGA-55-6972-11,0.003970249085527298,0.055647155219653376,14.01603627905949,14.01603627905949
NN,TCGA-LUAD,TCGA-49-4490-11,TCGA-55-6975-11,0.003700195725423413,0.14958543373801264,40.42635710058165,40.42635710058165
NN,TCGA-LUAD,TCGA-49-4490-11,TCGA-55-6978-11,0.0032428066220165494,0.15887173494529594,48.99204715651563,48.99204715651563
NN,TCGA-LUAD,TCGA-49-4490-11,TCGA-55-6979-11,0.003298223280868017,0.0768144653062702,23.289649840217727,23.289649840217727
NN,TCGA-LUAD,TCGA-49-4490-11,TCGA-55-6980-11,0.004010707115135069,0.09279659372931696,23.137215225498174,23.137215225498174
NN,TCGA-LUAD,TCGA-49-4490-11,TCGA-55-6981-11,0.004150671631024098,0.1382218168590673,33.301072488108076,33.301072488108076
NN,TCGA-LUAD,TCGA-49-4490-11,TCGA-55-6982-11,0.0041208143780442465,0.08002737937824111,19.42028250644534,19.42028250644534
NN,TCGA-LUAD,TCGA-49-4490-11,TCGA-55-6983-11,0.0032251960681378027,0.13898176056371794,43.092499689162985,43.092499689162985
NN,TCGA-LUAD,TCGA-49-4490-11,TCGA-55-6984-11,0.0027497408421860428,0.15599625102454945,56.7312557719194,56.7312557719194
NN,TCGA-LUAD,TCGA-49-4490-11,TCGA-55-6985-11,0.003040202328903693,0.08178543683277603,26.90131378929248,26.90131378929248
NN,TCGA-LUAD,TCGA-49-4490-11,TCGA-55-6986-11,0.003732441100851008,0.05980172097918638,16.022147265914366,16.022147265914366
NN,TCGA-LUAD,TCGA-49-4490-11,TCGA-73-4676-11,0.0007658307829457374,0.17357762697743206,226.65271603443867,226.65271603443867
NN,TCGA-LUAD,TCGA-49-4490-11,TCGA-91-6828-11,0.003496387372842948,0.1630489828100478,46.633557847873995,46.633557847873995
NN,TCGA-LUAD,TCGA-49-4490-11,TCGA-91-6829-11,0.0030402345934157273,0.19606063279958807,64.48865269285434,64.48865269285434
NN,TCGA-LUAD,TCGA-49-4490-11,TCGA-91-6831-11,0.0033763899502243524,0.24027745297935127,71.16401142095138,71.16401142095138
NN,TCGA-LUAD,TCGA-49-4490-11,TCGA-91-6835-11,0.00357436421931232,0.06572861145646196,18.388895877294686,18.388895877294686
NN,TCGA-LUAD,TCGA-49-4490-11,TCGA-91-6836-11,0.002890199994591149,0.10548736290689373,36.4982918498054,36.4982918498054
NN,TCGA-LUAD,TCGA-49-4490-11,TCGA-91-6847-11,0.00348535293435303,0.17659061178898117,50.66649349867372,50.66649349867372
NN,TCGA-LUAD,TCGA-49-4490-11,TCGA-91-6849-11,0.003792785508998921,0.06059673792132601,15.976842818438234,15.976842818438234
NN,TCGA-LUAD,TCGA-49-4490-11,TCGA-KN-8419-11,0.0029884588889436247,0.41872945937687467,140.11551603605605,140.11551603605605
NN,TCGA-LUAD,TCGA-49-4490-11,TCGA-KN-8422-11,0.003952699908656045,0.41810247669346,105.77642784817904,105.77642784817904
NN,TCGA-LUAD,TCGA-49-4490-11,TCGA-KN-8423-11,0.00327204992928987,0.4213581393269642,128.77497239732256,128.77497239732256
NN,TCGA-LUAD,TCGA-49-4490-11,TCGA-KN-8424-11,0.0024894311535285005,0.3809791356597514,153.03863098192312,153.03863098192312
NN,TCGA-LUAD,TCGA-49-4490-11,TCGA-KN-8425-11,0.003510946182306493,0.38896251535717297,110.78566721340246,110.78566721340246
NN,TCGA-LUAD,TCGA-49-4490-11,TCGA-KN-8426-11,0.003879783953384755,0.42813837175099756,110.35108575504215,110.35108575504215
NN,TCGA-LUAD,TCGA-49-4490-11,TCGA-KN-8427-11,0.003422892600500815,0.40909980350800235,119.51873787922693,119.51873787922693
NN,TCGA-LUAD,TCGA-49-4490-11,TCGA-KN-8428-11,0.003032226476627869,0.4016669865479419,132.4660244358247,132.4660244358247
NN,TCGA-LUAD,TCGA-49-4490-11,TCGA-KN-8429-11,0.0021342030881345143,0.3839996505229548,179.9264805949677,179.9264805949677
NN,TCGA-LUAD,TCGA-49-4490-11,TCGA-KN-8430-11,0.003979696067262413,0.36513775063391407,91.75015992743589,91.75015992743589
NN,TCGA-LUAD,TCGA-49-4490-11,TCGA-KN-8431-11,0.0031802435647458904,0.3945478989244888,124.06216407390615,124.06216407390615
NN,TCGA-LUAD,TCGA-49-4490-11,TCGA-KN-8432-11,0.0015748830682231684,0.3696488992617355,234.71513963178535,234.71513963178535
NN,TCGA-LUAD,TCGA-49-4490-11,TCGA-KN-8433-11,0.0030208285248734795,0.3938013909405076,130.36204726549352,130.36204726549352
NN,TCGA-LUAD,TCGA-49-4490-11,TCGA-KN-8434-11,0.002970950992353032,0.41536772276480005,139.80968512571235,139.80968512571235
NN,TCGA-LUAD,TCGA-49-4490-11,TCGA-KN-8435-11,0.0036894030341843133,0.4132539582806505,112.01106370099151,112.01106370099151
NN,TCGA-LUAD,TCGA-49-4490-11,TCGA-KN-8436-11,0.003686514403585226,0.4099681499943113,111.20752697876542,111.20752697876542
NN,TCGA-LUAD,TCGA-49-4490-11,TCGA-KN-8437-11,0.004221085577132027,0.36541964513479364,86.57006318812286,86.57006318812286
NN,TCGA-LUAD,TCGA-49-4512-11,TCGA-49-6742-11,0.0027662870873692413,0.14998862218688802,54.220193873488476,54.220193873488476
NN,TCGA-LUAD,TCGA-49-4512-11,TCGA-49-6743-11,0.002038953393502175,0.19306357354832604,94.6875853874784,94.6875853874784
NN,TCGA-LUAD,TCGA-49-4512-11,TCGA-49-6744-11,0.004189927204223676,0.1216803442801038,29.041159511660098,29.041159511660098
NN,TCGA-LUAD,TCGA-49-4512-11,TCGA-49-6745-11,0.0008920384019610895,0.2362467350072177,264.839198052286,264.839198052286
NN,TCGA-LUAD,TCGA-49-4512-11,TCGA-49-6761-11,0.0029045862121881015,0.28212240629035346,97.12998192531637,97.12998192531637
NN,TCGA-LUAD,TCGA-49-4512-11,TCGA-50-5930-11,0.003284152370370811,0.23898939339442182,72.77049492299827,72.77049492299827
NN,TCGA-LUAD,TCGA-49-4512-11,TCGA-50-5931-11,0.0035536304429613077,0.22604326928953805,63.60910987164211,63.60910987164211
NN,TCGA-LUAD,TCGA-49-4512-11,TCGA-50-5932-11,0.004362924161936932,0.2045977319802484,46.89463405419742,46.89463405419742
NN,TCGA-LUAD,TCGA-49-4512-11,TCGA-50-5933-11,0.004934060398843342,0.11222821856129538,22.745611015950328,22.745611015950328
NN,TCGA-LUAD,TCGA-49-4512-11,TCGA-50-5935-11,0.0039589907914636645,0.24542579864979,61.99201048382699,61.99201048382699
NN,TCGA-LUAD,TCGA-49-4512-11,TCGA-50-5936-11,0.004342651734028083,0.18749422222088957,43.17505379299133,43.17505379299133
NN,TCGA-LUAD,TCGA-49-4512-11,TCGA-50-5939-11,0.004511611919554716,0.2099254562920126,46.53003406213442,46.53003406213442
NN,TCGA-LUAD,TCGA-49-4512-11,TCGA-50-6595-11,0.004292567049418968,0.11045393799280806,25.73144151767154,25.73144151767154
NN,TCGA-LUAD,TCGA-49-4512-11,TCGA-55-6968-11,0.0031492769159141656,0.10286613058843334,32.66341237527332,32.66341237527332
NN,TCGA-LUAD,TCGA-49-4512-11,TCGA-55-6969-11,0.004348689588177286,0.1716959525451481,39.48222770646477,39.48222770646477
NN,TCGA-LUAD,TCGA-49-4512-11,TCGA-55-6970-11,0.004158461829685042,0.15157248488021272,36.44917065204677,36.44917065204677
NN,TCGA-LUAD,TCGA-49-4512-11,TCGA-55-6971-11,0.004283490839021553,0.18974085716692352,44.29584754528497,44.29584754528497
NN,TCGA-LUAD,TCGA-49-4512-11,TCGA-55-6972-11,0.0044995515305577966,0.055004082072135765,12.224347626332678,12.224347626332678
NN,TCGA-LUAD,TCGA-49-4512-11,TCGA-55-6975-11,0.0043185082824168455,0.20089570856711986,46.51969972712173,46.51969972712173
NN,TCGA-LUAD,TCGA-49-4512-11,TCGA-55-6978-11,0.003721342141980173,0.1743298152382627,46.845951967614454,46.845951967614454
NN,TCGA-LUAD,TCGA-49-4512-11,TCGA-55-6979-11,0.0036168376415866765,0.08345118654756552,23.072970041020746,23.072970041020746
NN,TCGA-LUAD,TCGA-49-4512-11,TCGA-55-6980-11,0.004481365786203933,0.1262391811558251,28.169800721123362,28.169800721123362
NN,TCGA-LUAD,TCGA-49-4512-11,TCGA-55-6981-11,0.004703354978573744,0.15486344092925708,32.9261647557417,32.9261647557417
NN,TCGA-LUAD,TCGA-49-4512-11,TCGA-55-6982-11,0.004634788659190107,0.07381970152666703,15.927306929150562,15.927306929150562
NN,TCGA-LUAD,TCGA-49-4512-11,TCGA-55-6983-11,0.0036057383279774185,0.1267409536737704,35.14979239906843,35.14979239906843
NN,TCGA-LUAD,TCGA-49-4512-11,TCGA-55-6984-11,0.0030503800993767595,0.15562350078646164,51.01774064755339,51.01774064755339
NN,TCGA-LUAD,TCGA-49-4512-11,TCGA-55-6985-11,0.0033552891581788537,0.08182793780543804,24.387745421575435,24.387745421575435
NN,TCGA-LUAD,TCGA-49-4512-11,TCGA-55-6986-11,0.004184374471332142,0.07350266805309785,17.565987116276776,17.565987116276776
NN,TCGA-LUAD,TCGA-49-4512-11,TCGA-73-4676-11,0.0009941358345218428,0.1680909602672508,169.08248795608378,169.08248795608378
NN,TCGA-LUAD,TCGA-49-4512-11,TCGA-91-6828-11,0.004071162919022936,0.16891988907745503,41.4918028183444,41.4918028183444
NN,TCGA-LUAD,TCGA-49-4512-11,TCGA-91-6829-11,0.003205757864010672,0.13560504774659166,42.30046481955389,42.30046481955389
NN,TCGA-LUAD,TCGA-49-4512-11,TCGA-91-6831-11,0.003918433292257782,0.2844794381894235,72.6003014397389,72.6003014397389
NN,TCGA-LUAD,TCGA-49-4512-11,TCGA-91-6835-11,0.0038982489557418992,0.055397013490389696,14.21074285386341,14.21074285386341
NN,TCGA-LUAD,TCGA-49-4512-11,TCGA-91-6836-11,0.0033127253196006913,0.10186901031028242,30.750817071232905,30.750817071232905
NN,TCGA-LUAD,TCGA-49-4512-11,TCGA-91-6847-11,0.0038653543938866647,0.18369927650444967,47.524562507123086,47.524562507123086
NN,TCGA-LUAD,TCGA-49-4512-11,TCGA-91-6849-11,0.004352416832568977,0.14702924647798224,33.7810582336158,33.7810582336158
NN,TCGA-LUAD,TCGA-49-4512-11,TCGA-KN-8419-11,0.00389700945255773,0.42491746822673554,109.03680717218914,109.03680717218914
NN,TCGA-LUAD,TCGA-49-4512-11,TCGA-KN-8422-11,0.004633491892341933,0.4164573386697501,89.87980303970222,89.87980303970222
NN,TCGA-LUAD,TCGA-49-4512-11,TCGA-KN-8423-11,0.003897927908724067,0.41237986769380197,105.79463688151914,105.79463688151914
NN,TCGA-LUAD,TCGA-49-4512-11,TCGA-KN-8424-11,0.0029652773608688605,0.34286555438735333,115.62680743189897,115.62680743189897
NN,TCGA-LUAD,TCGA-49-4512-11,TCGA-KN-8425-11,0.004057502616438195,0.3779055799142434,93.1374827420274,93.1374827420274
NN,TCGA-LUAD,TCGA-49-4512-11,TCGA-KN-8426-11,0.004556222121296486,0.4321455740753044,94.84734557944162,94.84734557944162
NN,TCGA-LUAD,TCGA-49-4512-11,TCGA-KN-8427-11,0.0040145789544824735,0.4144034175515182,103.224627601063,103.224627601063
NN,TCGA-LUAD,TCGA-49-4512-11,TCGA-KN-8428-11,0.003562112092622011,0.4028740730710184,113.09977412150148,113.09977412150148
NN,TCGA-LUAD,TCGA-49-4512-11,TCGA-KN-8429-11,0.0027730374156830547,0.3860922524132494,139.23081247648696,139.23081247648696
NN,TCGA-LUAD,TCGA-49-4512-11,TCGA-KN-8430-11,0.004348149371144705,0.35113046240918755,80.75400186096827,80.75400186096827
NN,TCGA-LUAD,TCGA-49-4512-11,TCGA-KN-8431-11,0.003736457013112449,0.38464880672450885,102.94479646752269,102.94479646752269
NN,TCGA-LUAD,TCGA-49-4512-11,TCGA-KN-8432-11,0.0021369137738505104,0.3538717359454019,165.59944545996328,165.59944545996328
NN,TCGA-LUAD,TCGA-49-4512-11,TCGA-KN-8433-11,0.0035579950485812553,0.3853642305394793,108.30937797205274,108.30937797205274
NN,TCGA-LUAD,TCGA-49-4512-11,TCGA-KN-8434-11,0.0034135830402786164,0.4083729343000306,119.63175627527703,119.63175627527703
NN,TCGA-LUAD,TCGA-49-4512-11,TCGA-KN-8435-11,0.004221941895860103,0.4165528752082605,98.66381051257918,98.66381051257918
NN,TCGA-LUAD,TCGA-49-4512-11,TCGA-KN-8436-11,0.00412611788609882,0.39553174656529233,95.86050556089697,95.86050556089697
NN,TCGA-LUAD,TCGA-49-4512-11,TCGA-KN-8437-11,0.004937471031089417,0.3815362756791715,77.273623131514,77.273623131514
NN,TCGA-LUAD,TCGA-49-6742-11,TCGA-49-6743-11,0.0004214111656307235,0.17883022984610852,424.3604451686856,424.3604451686856
NN,TCGA-LUAD,TCGA-49-6742-11,TCGA-49-6744-11,0.0007641707941794727,0.1939765902722972,253.83931412947973,253.83931412947973
NN,TCGA-LUAD,TCGA-49-6742-11,TCGA-49-6745-11,0.0014612061996248076,0.20748410007845197,141.9950860677483,141.9950860677483
NN,TCGA-LUAD,TCGA-49-6742-11,TCGA-49-6761-11,0.00045562315008470226,0.2574520104851159,565.0547177799339,565.0547177799339
NN,TCGA-LUAD,TCGA-49-6742-11,TCGA-50-5930-11,0.0004376927316184382,0.17280157147289452,394.8010990128471,394.8010990128471
NN,TCGA-LUAD,TCGA-49-6742-11,TCGA-50-5931-11,0.0005497755829105336,0.24484859197242062,445.36097924935575,445.36097924935575
NN,TCGA-LUAD,TCGA-49-6742-11,TCGA-50-5932-11,0.0005918494093511497,0.21528791710728412,363.7545526036874,363.7545526036874
NN,TCGA-LUAD,TCGA-49-6742-11,TCGA-50-5933-11,0.0009976555576493916,0.17711818079019287,177.5343999561399,177.5343999561399
NN,TCGA-LUAD,TCGA-49-6742-11,TCGA-50-5935-11,0.0005421072366773745,0.22549824466308915,415.96612147291887,415.96612147291887
NN,TCGA-LUAD,TCGA-49-6742-11,TCGA-50-5936-11,0.0006215971097580867,0.21280689203066386,342.35502174951245,342.35502174951245
NN,TCGA-LUAD,TCGA-49-6742-11,TCGA-50-5939-11,0.0006217342209066923,0.21889008235317658,352.0637516686199,352.0637516686199
NN,TCGA-LUAD,TCGA-49-6742-11,TCGA-50-6595-11,0.0007129921503068395,0.1986539998833769,278.6201780733283,278.6201780733283
NN,TCGA-LUAD,TCGA-49-6742-11,TCGA-55-6968-11,0.0005054593142040263,0.21491791381405684,425.1932999839948,425.1932999839948
NN,TCGA-LUAD,TCGA-49-6742-11,TCGA-55-6969-11,0.0006342218418515923,0.22039392843528183,347.502898657429,347.502898657429
NN,TCGA-LUAD,TCGA-49-6742-11,TCGA-55-6970-11,0.0007062735810206343,0.20569224496923183,291.23593250081143,291.23593250081143
NN,TCGA-LUAD,TCGA-49-6742-11,TCGA-55-6971-11,0.0007144659393159465,0.2510169484459099,351.3350806985171,351.3350806985171
NN,TCGA-LUAD,TCGA-49-6742-11,TCGA-55-6972-11,0.000807063179687735,0.17642349424165776,218.5993596064173,218.5993596064173
NN,TCGA-LUAD,TCGA-49-6742-11,TCGA-55-6975-11,0.0006168050544126688,0.232884152915817,377.5652473171979,377.5652473171979
NN,TCGA-LUAD,TCGA-49-6742-11,TCGA-55-6978-11,0.0005247458034955357,0.2093225501900822,398.9027616718483,398.9027616718483
NN,TCGA-LUAD,TCGA-49-6742-11,TCGA-55-6979-11,0.0004356943515420444,0.22100178955946292,507.24042847302394,507.24042847302394
NN,TCGA-LUAD,TCGA-49-6742-11,TCGA-55-6980-11,0.0008364204786730974,0.18682357786963907,223.36083660459528,223.36083660459528
NN,TCGA-LUAD,TCGA-49-6742-11,TCGA-55-6981-11,0.0008661655466260117,0.23144928113666086,267.2113685867891,267.2113685867891
NN,TCGA-LUAD,TCGA-49-6742-11,TCGA-55-6982-11,0.0008099017827944991,0.16103797989428476,198.8364309294845,198.8364309294845
NN,TCGA-LUAD,TCGA-49-6742-11,TCGA-55-6983-11,0.00037609038399416344,0.18567227341421422,493.69056300332227,493.69056300332227
NN,TCGA-LUAD,TCGA-49-6742-11,TCGA-55-6984-11,0.0003951569349353983,0.19911272763638427,503.8826603636248,503.8826603636248
NN,TCGA-LUAD,TCGA-49-6742-11,TCGA-55-6985-11,0.00044842983262204165,0.15255987193563184,340.2090156303599,340.2090156303599
NN,TCGA-LUAD,TCGA-49-6742-11,TCGA-55-6986-11,0.0007709284569514185,0.18673621429667153,242.2224949836546,242.2224949836546
NN,TCGA-LUAD,TCGA-49-6742-11,TCGA-73-4676-11,0.0010980223671444537,0.20169670158343908,183.6908861046036,183.6908861046036
NN,TCGA-LUAD,TCGA-49-6742-11,TCGA-91-6828-11,0.0006297717950752167,0.19532472339709972,310.1515897100014,310.1515897100014
NN,TCGA-LUAD,TCGA-49-6742-11,TCGA-91-6829-11,0.0006205874294684932,0.21254434655542787,342.48896523325175,342.48896523325175
NN,TCGA-LUAD,TCGA-49-6742-11,TCGA-91-6831-11,0.0011286496166041386,0.22986603385644722,203.66465418033292,203.66465418033292
NN,TCGA-LUAD,TCGA-49-6742-11,TCGA-91-6835-11,0.0005193520651523358,0.14290334796086732,275.15698415284254,275.15698415284254
NN,TCGA-LUAD,TCGA-49-6742-11,TCGA-91-6836-11,0.0003482791461479901,0.20348021514365033,584.244613535339,584.244613535339
NN,TCGA-LUAD,TCGA-49-6742-11,TCGA-91-6847-11,0.0004850078273428591,0.2082493074254454,429.3730857218329,429.3730857218329
NN,TCGA-LUAD,TCGA-49-6742-11,TCGA-91-6849-11,0.000661024193061727,0.17431301771758215,263.7014190209898,263.7014190209898
NN,TCGA-LUAD,TCGA-49-6742-11,TCGA-KN-8419-11,0.0015938082571408017,0.32254943700815725,202.37656290399195,202.37656290399195
NN,TCGA-LUAD,TCGA-49-6742-11,TCGA-KN-8422-11,0.0011642980634000962,0.32046212953924985,275.2406274759276,275.2406274759276
NN,TCGA-LUAD,TCGA-49-6742-11,TCGA-KN-8423-11,0.0010811159219374891,0.299636349811553,277.1546914918881,277.1546914918881
NN,TCGA-LUAD,TCGA-49-6742-11,TCGA-KN-8424-11,0.0013599969936683909,0.2360827871660464,173.59066840967637,173.59066840967637
NN,TCGA-LUAD,TCGA-49-6742-11,TCGA-KN-8425-11,0.0014660886678540253,0.22725150504570313,155.0052940374613,155.0052940374613
NN,TCGA-LUAD,TCGA-49-6742-11,TCGA-KN-8426-11,0.001235891099886585,0.3257937956872484,263.6104392346104,263.6104392346104
NN,TCGA-LUAD,TCGA-49-6742-11,TCGA-KN-8427-11,0.0011055261700549546,0.2705151105509068,244.69353858666213,244.69353858666213
NN,TCGA-LUAD,TCGA-49-6742-11,TCGA-KN-8428-11,0.0009480713120076623,0.3500044952621065,369.17528336652987,369.17528336652987
NN,TCGA-LUAD,TCGA-49-6742-11,TCGA-KN-8429-11,0.0016959687162325808,0.24939108204655308,147.04934098109405,147.04934098109405
NN,TCGA-LUAD,TCGA-49-6742-11,TCGA-KN-8430-11,0.0015659891493670685,0.194991437095092,124.51646754634437,124.51646754634437
NN,TCGA-LUAD,TCGA-49-6742-11,TCGA-KN-8431-11,0.0012873484295771447,0.2337418618916461,181.56845227086134,181.56845227086134
NN,TCGA-LUAD,TCGA-49-6742-11,TCGA-KN-8432-11,0.0036035636008390965,0.2072810488999529,57.52112959840285,57.52112959840285
NN,TCGA-LUAD,TCGA-49-6742-11,TCGA-KN-8433-11,0.0011074628972934394,0.27458416700264043,247.939834078148,247.939834078148
NN,TCGA-LUAD,TCGA-49-6742-11,TCGA-KN-8434-11,0.0011846647211244655,0.3529228498213199,297.9094789674592,297.9094789674592
NN,TCGA-LUAD,TCGA-49-6742-11,TCGA-KN-8435-11,0.0010158746950360534,0.37185868756126883,366.0477905181717,366.0477905181717
NN,TCGA-LUAD,TCGA-49-6742-11,TCGA-KN-8436-11,0.0012624779767295797,0.2691076668214417,213.15830595204437,213.15830595204437
NN,TCGA-LUAD,TCGA-49-6742-11,TCGA-KN-8437-11,0.001085572162334061,0.36680299717548104,337.889096554233,337.889096554233
NN,TCGA-LUAD,TCGA-49-6743-11,TCGA-49-6744-11,0.0007144084187677933,0.1358442775706299,190.14932355491158,190.14932355491158
NN,TCGA-LUAD,TCGA-49-6743-11,TCGA-49-6745-11,0.0008582114432058542,0.2544664104633699,296.5078273866974,296.5078273866974
NN,TCGA-LUAD,TCGA-49-6743-11,TCGA-49-6761-11,0.0005037780016274426,0.2318690633225844,460.26039758293734,460.26039758293734
NN,TCGA-LUAD,TCGA-49-6743-11,TCGA-50-5930-11,0.0005499258985506325,0.170371344900546,309.80782201669604,309.80782201669604
NN,TCGA-LUAD,TCGA-49-6743-11,TCGA-50-5931-11,0.000549202336317163,0.179763520702865,327.3174726610267,327.3174726610267
NN,TCGA-LUAD,TCGA-49-6743-11,TCGA-50-5932-11,0.0008039728986212847,0.17005780016295607,211.52180683526078,211.52180683526078
NN,TCGA-LUAD,TCGA-49-6743-11,TCGA-50-5933-11,0.0011530398156348294,0.16339004602607676,141.70373287250194,141.70373287250194
NN,TCGA-LUAD,TCGA-49-6743-11,TCGA-50-5935-11,0.0006415764347013329,0.19327276438193675,301.2466698093567,301.2466698093567
NN,TCGA-LUAD,TCGA-49-6743-11,TCGA-50-5936-11,0.0007078156720145234,0.17719845228529654,250.3454773486008,250.3454773486008
NN,TCGA-LUAD,TCGA-49-6743-11,TCGA-50-5939-11,0.0008062376207048109,0.1536577521909374,190.58618482304286,190.58618482304286
NN,TCGA-LUAD,TCGA-49-6743-11,TCGA-50-6595-11,0.0007931028245994797,0.12734423569559555,160.56459735836262,160.56459735836262
NN,TCGA-LUAD,TCGA-49-6743-11,TCGA-55-6968-11,0.0008052034325367072,0.21376729937253547,265.48234984429274,265.48234984429274
NN,TCGA-LUAD,TCGA-49-6743-11,TCGA-55-6969-11,0.0009937694653660333,0.16389674695862583,164.92431360653453,164.92431360653453
NN,TCGA-LUAD,TCGA-49-6743-11,TCGA-55-6970-11,0.0007899664104460865,0.1740657600663308,220.34577390200363,220.34577390200363
NN,TCGA-LUAD,TCGA-49-6743-11,TCGA-55-6971-11,0.0008529955147324057,0.16223329831684008,190.1924400713109,190.1924400713109
NN,TCGA-LUAD,TCGA-49-6743-11,TCGA-55-6972-11,0.000981197831836237,0.14651142517073595,149.31894508628395,149.31894508628395
NN,TCGA-LUAD,TCGA-49-6743-11,TCGA-55-6975-11,0.0007683577105346124,0.17550339891279115,228.41366268151117,228.41366268151117
NN,TCGA-LUAD,TCGA-49-6743-11,TCGA-55-6978-11,0.0006526166307996247,0.21820499418976427,334.3540202498464,334.3540202498464
NN,TCGA-LUAD,TCGA-49-6743-11,TCGA-55-6979-11,0.0007142955954899488,0.14868592369704056,208.15741359157352,208.15741359157352
NN,TCGA-LUAD,TCGA-49-6743-11,TCGA-55-6980-11,0.0010518875418207424,0.18996716034345817,180.59645426985335,180.59645426985335
NN,TCGA-LUAD,TCGA-49-6743-11,TCGA-55-6981-11,0.0010024629912874588,0.15764421774730045,157.25689538407664,157.25689538407664
NN,TCGA-LUAD,TCGA-49-6743-11,TCGA-55-6982-11,0.001006711703608288,0.12027572745678153,119.47385435739493,119.47385435739493
NN,TCGA-LUAD,TCGA-49-6743-11,TCGA-55-6983-11,0.0006890970461699928,0.22472346928793033,326.11294814996705,326.11294814996705
NN,TCGA-LUAD,TCGA-49-6743-11,TCGA-55-6984-11,0.0005413670620929847,0.2232220729977742,412.330355184102,412.330355184102
NN,TCGA-LUAD,TCGA-49-6743-11,TCGA-55-6985-11,0.0005924498633509148,0.1491631650587621,251.77348208857808,251.77348208857808
NN,TCGA-LUAD,TCGA-49-6743-11,TCGA-55-6986-11,0.0009462812156900571,0.10779662810237417,113.91606037932982,113.91606037932982
NN,TCGA-LUAD,TCGA-49-6743-11,TCGA-73-4676-11,0.0006874179248463122,0.20585160145393921,299.4562609055648,299.4562609055648
NN,TCGA-LUAD,TCGA-49-6743-11,TCGA-91-6828-11,0.000709108806830437,0.2096942055440027,295.7151335932358,295.7151335932358
NN,TCGA-LUAD,TCGA-49-6743-11,TCGA-91-6829-11,0.0008083752568882087,0.25525643816880633,315.76478373596,315.76478373596
NN,TCGA-LUAD,TCGA-49-6743-11,TCGA-91-6831-11,0.0008929407996470629,0.19603163204541024,219.53485843954294,219.53485843954294
NN,TCGA-LUAD,TCGA-49-6743-11,TCGA-91-6835-11,0.0008863999847089387,0.0978665474162358,110.40901297891108,110.40901297891108
NN,TCGA-LUAD,TCGA-49-6743-11,TCGA-91-6836-11,0.0005028123278399564,0.1655708599621351,329.2895794210435,329.2895794210435
NN,TCGA-LUAD,TCGA-49-6743-11,TCGA-91-6847-11,0.0008589559526003571,0.24191554157558415,281.6390536013192,281.6390536013192
NN,TCGA-LUAD,TCGA-49-6743-11,TCGA-91-6849-11,0.0009325557016148626,0.13299572535953622,142.61424291249713,142.61424291249713
NN,TCGA-LUAD,TCGA-49-6743-11,TCGA-KN-8419-11,0.0014634316757309764,0.3854153712982217,263.3641034903175,263.3641034903175
NN,TCGA-LUAD,TCGA-49-6743-11,TCGA-KN-8422-11,0.0013375262766261644,0.3706295913751974,277.1007925990732,277.1007925990732
NN,TCGA-LUAD,TCGA-49-6743-11,TCGA-KN-8423-11,0.0012069433977653532,0.37654714782463233,311.9840984438927,311.9840984438927
NN,TCGA-LUAD,TCGA-49-6743-11,TCGA-KN-8424-11,0.0012009002590165586,0.3139242595540673,261.4074376261241,261.4074376261241
NN,TCGA-LUAD,TCGA-49-6743-11,TCGA-KN-8425-11,0.0016103991815658097,0.3087092697885516,191.69735884266288,191.69735884266288
NN,TCGA-LUAD,TCGA-49-6743-11,TCGA-KN-8426-11,0.0013089326094600376,0.3877872426995585,296.26219096148037,296.26219096148037
NN,TCGA-LUAD,TCGA-49-6743-11,TCGA-KN-8427-11,0.0013183275590904293,0.37270517927303093,282.7106030690705,282.7106030690705
NN,TCGA-LUAD,TCGA-49-6743-11,TCGA-KN-8428-11,0.0010963896968999346,0.38166099783573054,348.1070634965699,348.1070634965699
NN,TCGA-LUAD,TCGA-49-6743-11,TCGA-KN-8429-11,0.0013205170436687628,0.3510846199476444,265.8690560874806,265.8690560874806
NN,TCGA-LUAD,TCGA-49-6743-11,TCGA-KN-8430-11,0.001965008640566827,0.30845340753857753,156.97305404703005,156.97305404703005
NN,TCGA-LUAD,TCGA-49-6743-11,TCGA-KN-8431-11,0.0013813083805482595,0.3314104378471733,239.92501784115152,239.92501784115152
NN,TCGA-LUAD,TCGA-49-6743-11,TCGA-KN-8432-11,0.0026808212210690076,0.3282219037617113,122.43334288096582,122.43334288096582
NN,TCGA-LUAD,TCGA-49-6743-11,TCGA-KN-8433-11,0.0012234364283062,0.3494014457543738,285.5901930581767,285.5901930581767
NN,TCGA-LUAD,TCGA-49-6743-11,TCGA-KN-8434-11,0.0013274405190108949,0.37652992450175105,283.65107069528943,283.65107069528943
NN,TCGA-LUAD,TCGA-49-6743-11,TCGA-KN-8435-11,0.0012347354598202008,0.3998004434901683,323.7944130545876,323.7944130545876
NN,TCGA-LUAD,TCGA-49-6743-11,TCGA-KN-8436-11,0.0014305617458752907,0.36204595845998533,253.07957486201838,253.07957486201838
NN,TCGA-LUAD,TCGA-49-6743-11,TCGA-KN-8437-11,0.0012872986456597645,0.36816172569976036,285.99558225361966,285.99558225361966
NN,TCGA-LUAD,TCGA-49-6744-11,TCGA-49-6745-11,0.002483809637197654,0.18701263400143137,75.29265979192651,75.29265979192651
NN,TCGA-LUAD,TCGA-49-6744-11,TCGA-49-6761-11,0.0007192800795778251,0.18987415226743226,263.97804924456847,263.97804924456847
NN,TCGA-LUAD,TCGA-49-6744-11,TCGA-50-5930-11,0.000577856655342127,0.1571175852477058,271.897163068378,271.897163068378
NN,TCGA-LUAD,TCGA-49-6744-11,TCGA-50-5931-11,0.0005484353882810805,0.1872759521596571,341.4731364192634,341.4731364192634
NN,TCGA-LUAD,TCGA-49-6744-11,TCGA-50-5932-11,0.00027547603956807584,0.17589550647404584,638.514720735189,638.514720735189
NN,TCGA-LUAD,TCGA-49-6744-11,TCGA-50-5933-11,0.0007759187693388922,0.20244898792642999,260.9151832980185,260.9151832980185
NN,TCGA-LUAD,TCGA-49-6744-11,TCGA-50-5935-11,0.00027173446507818867,0.168146779780198,618.7907733081101,618.7907733081101
NN,TCGA-LUAD,TCGA-49-6744-11,TCGA-50-5936-11,0.00024037824913419095,0.16728479674438537,695.9231850091344,695.9231850091344
NN,TCGA-LUAD,TCGA-49-6744-11,TCGA-50-5939-11,0.00033280887902020296,0.17776932800176817,534.1483932914446,534.1483932914446
NN,TCGA-LUAD,TCGA-49-6744-11,TCGA-50-6595-11,0.00029378501488655344,0.1484539639789021,505.3149631754647,505.3149631754647
NN,TCGA-LUAD,TCGA-49-6744-11,TCGA-55-6968-11,0.0012286875735777725,0.21049611050496103,171.31784762177153,171.31784762177153
NN,TCGA-LUAD,TCGA-49-6744-11,TCGA-55-6969-11,0.0007922906749661561,0.19865611729243912,250.73640719162196,250.73640719162196
NN,TCGA-LUAD,TCGA-49-6744-11,TCGA-55-6970-11,0.0003437164371772387,0.16397029553472378,477.05107408108006,477.05107408108006
NN,TCGA-LUAD,TCGA-49-6744-11,TCGA-55-6971-11,0.0003994442362088974,0.18873420775673325,472.4920042607171,472.4920042607171
NN,TCGA-LUAD,TCGA-49-6744-11,TCGA-55-6972-11,0.0005796539044436059,0.17216520448987765,297.0137924890446,297.0137924890446
NN,TCGA-LUAD,TCGA-49-6744-11,TCGA-55-6975-11,0.0003993763136640961,0.21818670278275137,546.3185855490216,546.3185855490216
NN,TCGA-LUAD,TCGA-49-6744-11,TCGA-55-6978-11,0.0004547368537577673,0.19257512891102724,423.48696244797793,423.48696244797793
NN,TCGA-LUAD,TCGA-49-6744-11,TCGA-55-6979-11,0.000687688962678454,0.19411033287707702,282.26472055192505,282.26472055192505
NN,TCGA-LUAD,TCGA-49-6744-11,TCGA-55-6980-11,0.0007018959158176152,0.18509216766596104,263.70315526106646,263.70315526106646
NN,TCGA-LUAD,TCGA-49-6744-11,TCGA-55-6981-11,0.0005511213165798733,0.19122971819093726,346.9829825811548,346.9829825811548
NN,TCGA-LUAD,TCGA-49-6744-11,TCGA-55-6982-11,0.0003817406902996633,0.14282277200733282,374.13557327414617,374.13557327414617
NN,TCGA-LUAD,TCGA-49-6744-11,TCGA-55-6983-11,0.0006235501105521389,0.20908785733593235,335.318451232075,335.318451232075
NN,TCGA-LUAD,TCGA-49-6744-11,TCGA-55-6984-11,0.0006408059787571072,0.18054343638463355,281.7443069660672,281.7443069660672
NN,TCGA-LUAD,TCGA-49-6744-11,TCGA-55-6985-11,0.0004975739820089837,0.15965764337869282,320.87217007220886,320.87217007220886
NN,TCGA-LUAD,TCGA-49-6744-11,TCGA-55-6986-11,0.0005911968330162384,0.12932948996554558,218.7587665274135,218.7587665274135
NN,TCGA-LUAD,TCGA-49-6744-11,TCGA-73-4676-11,0.002087758465152277,0.15947403089106693,76.38528764362367,76.38528764362367
NN,TCGA-LUAD,TCGA-49-6744-11,TCGA-91-6828-11,0.0004569336157169748,0.20430666190859664,447.125479240609,447.125479240609
NN,TCGA-LUAD,TCGA-49-6744-11,TCGA-91-6829-11,0.001083541723667745,0.2027892220434255,187.15405010615757,187.15405010615757
NN,TCGA-LUAD,TCGA-49-6744-11,TCGA-91-6831-11,0.0005890151270488108,0.1909231336398698,324.1396101259183,324.1396101259183
NN,TCGA-LUAD,TCGA-49-6744-11,TCGA-91-6835-11,0.0007444911007880494,0.14574982664791689,195.7710797263253,195.7710797263253
NN,TCGA-LUAD,TCGA-49-6744-11,TCGA-91-6836-11,0.0004404871899511939,0.15556076684295306,353.1561652455528,353.1561652455528
NN,TCGA-LUAD,TCGA-49-6744-11,TCGA-91-6847-11,0.0007213276348797032,0.21128518432955645,292.9115343886593,292.9115343886593
NN,TCGA-LUAD,TCGA-49-6744-11,TCGA-91-6849-11,0.0005779245472867864,0.15204510211763286,263.08815368969397,263.08815368969397
NN,TCGA-LUAD,TCGA-49-6744-11,TCGA-KN-8419-11,0.0019489560038664824,0.3097952742654345,158.95447288232256,158.95447288232256
NN,TCGA-LUAD,TCGA-49-6744-11,TCGA-KN-8422-11,0.0011263813533654108,0.29140291198834,258.7071519940242,258.7071519940242
NN,TCGA-LUAD,TCGA-49-6744-11,TCGA-KN-8423-11,0.0012495116081102922,0.31804594013671317,254.53620284305498,254.53620284305498
NN,TCGA-LUAD,TCGA-49-6744-11,TCGA-KN-8424-11,0.0018286419611422075,0.18007920553562085,98.47701702258853,98.47701702258853
NN,TCGA-LUAD,TCGA-49-6744-11,TCGA-KN-8425-11,0.0017785171733711012,0.20913059279441765,117.58705281322631,117.58705281322631
NN,TCGA-LUAD,TCGA-49-6744-11,TCGA-KN-8426-11,0.0010437110268320753,0.3278621909769597,314.1311939302813,314.1311939302813
NN,TCGA-LUAD,TCGA-49-6744-11,TCGA-KN-8427-11,0.001605931741466452,0.29437300594101135,183.30356038184132,183.30356038184132
NN,TCGA-LUAD,TCGA-49-6744-11,TCGA-KN-8428-11,0.0013302209991578533,0.3232127245934742,242.97671198853143,242.97671198853143
NN,TCGA-LUAD,TCGA-49-6744-11,TCGA-KN-8429-11,0.0024351027208818674,0.2808682705105682,115.34144662647016,115.34144662647016
NN,TCGA-LUAD,TCGA-49-6744-11,TCGA-KN-8430-11,0.0024256510948824977,0.19497773138558425,80.38160632291152,80.38160632291152
NN,TCGA-LUAD,TCGA-49-6744-11,TCGA-KN-8431-11,0.0016595114611638033,0.21808089555092616,131.4127082906602,131.4127082906602
NN,TCGA-LUAD,TCGA-49-6744-11,TCGA-KN-8432-11,0.00458950767367574,0.20205147433195958,44.02465116048851,44.02465116048851
NN,TCGA-LUAD,TCGA-49-6744-11,TCGA-KN-8433-11,0.001556335524505899,0.23894381344682508,153.5297560740858,153.5297560740858
NN,TCGA-LUAD,TCGA-49-6744-11,TCGA-KN-8434-11,0.0017629786237271753,0.3073819542115094,174.3537613415087,174.3537613415087
NN,TCGA-LUAD,TCGA-49-6744-11,TCGA-KN-8435-11,0.0010961708001413944,0.3572463244187028,325.90388685104716,325.90388685104716
NN,TCGA-LUAD,TCGA-49-6744-11,TCGA-KN-8436-11,0.0015210824087259658,0.28397456130611926,186.6924235511814,186.6924235511814
NN,TCGA-LUAD,TCGA-49-6744-11,TCGA-KN-8437-11,0.0008773106501495207,0.33911730511908245,386.54187665599005,386.54187665599005
NN,TCGA-LUAD,TCGA-49-6745-11,TCGA-49-6761-11,0.0015186771109904533,0.22821508566958462,150.27228896651172,150.27228896651172
NN,TCGA-LUAD,TCGA-49-6745-11,TCGA-50-5930-11,0.0017680123961906855,0.2870025646635902,162.33062917542807,162.33062917542807
NN,TCGA-LUAD,TCGA-49-6745-11,TCGA-50-5931-11,0.0019341477558391439,0.2769105603060528,143.1692896626262,143.1692896626262
NN,TCGA-LUAD,TCGA-49-6745-11,TCGA-50-5932-11,0.0025548289473983875,0.20332090345550125,79.58298095163879,79.58298095163879
NN,TCGA-LUAD,TCGA-49-6745-11,TCGA-50-5933-11,0.0030701553999441236,0.12714750519392937,41.41402913879976,41.41402913879976
NN,TCGA-LUAD,TCGA-49-6745-11,TCGA-50-5935-11,0.0022415818663566256,0.12281964998446974,54.791507652627345,54.791507652627345
NN,TCGA-LUAD,TCGA-49-6745-11,TCGA-50-5936-11,0.0025104249211469016,0.23105992496192795,92.0401653981219,92.0401653981219
NN,TCGA-LUAD,TCGA-49-6745-11,TCGA-50-5939-11,0.0026755441220813205,0.2638494221129134,98.61523864822811,98.61523864822811
NN,TCGA-LUAD,TCGA-49-6745-11,TCGA-50-6595-11,0.00244691115740744,0.09989548206988641,40.82513652670906,40.82513652670906
NN,TCGA-LUAD,TCGA-49-6745-11,TCGA-55-6968-11,0.001656688133860773,0.211091865785377,127.41798620446751,127.41798620446751
NN,TCGA-LUAD,TCGA-49-6745-11,TCGA-55-6969-11,0.002554851285184772,0.18047912826943086,70.6417353197833,70.6417353197833
NN,TCGA-LUAD,TCGA-49-6745-11,TCGA-55-6970-11,0.0024783586530666237,0.2114041585365507,85.30006674980939,85.30006674980939
NN,TCGA-LUAD,TCGA-49-6745-11,TCGA-55-6971-11,0.0024939974565909183,0.2771889847005184,111.14244882968408,111.14244882968408
NN,TCGA-LUAD,TCGA-49-6745-11,TCGA-55-6972-11,0.002554627725044237,0.18317000957160123,71.70125328864869,71.70125328864869
NN,TCGA-LUAD,TCGA-49-6745-11,TCGA-55-6975-11,0.002459266680964832,0.3059983500656129,124.42666443379049,124.42666443379049
NN,TCGA-LUAD,TCGA-49-6745-11,TCGA-55-6978-11,0.00197234024129952,0.14974460533590236,75.92229890175533,75.92229890175533
NN,TCGA-LUAD,TCGA-49-6745-11,TCGA-55-6979-11,0.0021350789229641533,0.1738093066456103,81.40650201553625,81.40650201553625
NN,TCGA-LUAD,TCGA-49-6745-11,TCGA-55-6980-11,0.0025358104835547226,0.18223413329810806,71.86425581877498,71.86425581877498
NN,TCGA-LUAD,TCGA-49-6745-11,TCGA-55-6981-11,0.0027463296102524654,0.12338853189824078,44.928522577047076,44.928522577047076
NN,TCGA-LUAD,TCGA-49-6745-11,TCGA-55-6982-11,0.0027226458962138897,0.11851198750583385,43.528241285668685,43.528241285668685
NN,TCGA-LUAD,TCGA-49-6745-11,TCGA-55-6983-11,0.0020749581440212177,0.18735137699473686,90.29164156133507,90.29164156133507
NN,TCGA-LUAD,TCGA-49-6745-11,TCGA-55-6984-11,0.0015872717825298188,0.19847609187659357,125.04228580203149,125.04228580203149
NN,TCGA-LUAD,TCGA-49-6745-11,TCGA-55-6985-11,0.0019390305793010234,0.18738460128059245,96.63829094853179,96.63829094853179
NN,TCGA-LUAD,TCGA-49-6745-11,TCGA-55-6986-11,0.002333161349147421,0.08847024690639722,37.918614989368756,37.918614989368756
NN,TCGA-LUAD,TCGA-49-6745-11,TCGA-73-4676-11,0.00048675469154155183,0.24006613831342372,493.19737947082626,493.19737947082626
NN,TCGA-LUAD,TCGA-49-6745-11,TCGA-91-6828-11,0.002273242534371393,0.146250981103958,64.33584577652643,64.33584577652643
NN,TCGA-LUAD,TCGA-49-6745-11,TCGA-91-6829-11,0.0018948745605390106,0.21844066273686516,115.27974847829935,115.27974847829935
NN,TCGA-LUAD,TCGA-49-6745-11,TCGA-91-6831-11,0.0024455515562198547,0.2701171418862862,110.45244219010148,110.45244219010148
NN,TCGA-LUAD,TCGA-49-6745-11,TCGA-91-6835-11,0.0022222394292165477,0.10360797136700894,46.62322610463987,46.62322610463987
NN,TCGA-LUAD,TCGA-49-6745-11,TCGA-91-6836-11,0.0018124931093829798,0.17236604850821466,95.09887106102852,95.09887106102852
NN,TCGA-LUAD,TCGA-49-6745-11,TCGA-91-6847-11,0.0021491957790320875,0.18717404842763935,87.09027360547633,87.09027360547633
NN,TCGA-LUAD,TCGA-49-6745-11,TCGA-91-6849-11,0.0024682927114686266,0.0936639758361085,37.94686724184293,37.94686724184293
NN,TCGA-LUAD,TCGA-49-6745-11,TCGA-KN-8419-11,0.0021437045701111356,0.40119209258362915,187.14896547653964,187.14896547653964
NN,TCGA-LUAD,TCGA-49-6745-11,TCGA-KN-8422-11,0.0026318245025394008,0.39837054210439593,151.36668182852438,151.36668182852438
NN,TCGA-LUAD,TCGA-49-6745-11,TCGA-KN-8423-11,0.0021041498836378526,0.39472077544143686,187.5915677446924,187.5915677446924
NN,TCGA-LUAD,TCGA-49-6745-11,TCGA-KN-8424-11,0.0015372521014241913,0.35163802244677844,228.74453846639886,228.74453846639886
NN,TCGA-LUAD,TCGA-49-6745-11,TCGA-KN-8425-11,0.002341065754728905,0.3588890158705343,153.30155299806756,153.30155299806756
NN,TCGA-LUAD,TCGA-49-6745-11,TCGA-KN-8426-11,0.0026953903460441254,0.4110609923682453,152.50518091805762,152.50518091805762
NN,TCGA-LUAD,TCGA-49-6745-11,TCGA-KN-8427-11,0.002294197435816421,0.3931643635032397,171.37337762010307,171.37337762010307
NN,TCGA-LUAD,TCGA-49-6745-11,TCGA-KN-8428-11,0.0019374014435729423,0.3989560573485228,205.92327866380177,205.92327866380177
NN,TCGA-LUAD,TCGA-49-6745-11,TCGA-KN-8429-11,0.00139428121500189,0.3733807588239509,267.7944411834056,267.7944411834056
NN,TCGA-LUAD,TCGA-49-6745-11,TCGA-KN-8430-11,0.0027120090597583073,0.3417957212069074,126.03044963181945,126.03044963181945
NN,TCGA-LUAD,TCGA-49-6745-11,TCGA-KN-8431-11,0.0020529779565812666,0.376987507982942,183.62959367119686,183.62959367119686
NN,TCGA-LUAD,TCGA-49-6745-11,TCGA-KN-8432-11,0.0013632890355978545,0.35562018569523635,260.8545777229722,260.8545777229722
NN,TCGA-LUAD,TCGA-49-6745-11,TCGA-KN-8433-11,0.001990858175983334,0.3570609702041046,179.3502794480794,179.3502794480794
NN,TCGA-LUAD,TCGA-49-6745-11,TCGA-KN-8434-11,0.001903369564476951,0.39532043715723636,207.69505015484,207.69505015484
NN,TCGA-LUAD,TCGA-49-6745-11,TCGA-KN-8435-11,0.002487105964549579,0.41190512047261424,165.6162328199037,165.6162328199037
NN,TCGA-LUAD,TCGA-49-6745-11,TCGA-KN-8436-11,0.0024335577328322604,0.37885014843123166,155.6774854033615,155.6774854033615
NN,TCGA-LUAD,TCGA-49-6745-11,TCGA-KN-8437-11,0.00282089411625626,0.41216939351215837,146.11303243780296,146.11303243780296
NN,TCGA-LUAD,TCGA-49-6761-11,TCGA-50-5930-11,0.0002246063665859909,0.24447330904554276,1088.4522676784666,1088.4522676784666
NN,TCGA-LUAD,TCGA-49-6761-11,TCGA-50-5931-11,0.00038500104461696973,0.20876719403510066,542.2509807546086,542.2509807546086
NN,TCGA-LUAD,TCGA-49-6761-11,TCGA-50-5932-11,0.0005994148496806424,0.21538916492283194,359.3323806335253,359.3323806335253
NN,TCGA-LUAD,TCGA-49-6761-11,TCGA-50-5933-11,0.0011957941498851152,0.20125096911721224,168.2990079325503,168.2990079325503
NN,TCGA-LUAD,TCGA-49-6761-11,TCGA-50-5935-11,0.00045457741969396584,0.1302041359964352,286.4289565550622,286.4289565550622
NN,TCGA-LUAD,TCGA-49-6761-11,TCGA-50-5936-11,0.0005208654700828898,0.2131716511593773,409.26431757024216,409.26431757024216
NN,TCGA-LUAD,TCGA-49-6761-11,TCGA-50-5939-11,0.0006559887265129642,0.2288595286909506,348.8772282833243,348.8772282833243
NN,TCGA-LUAD,TCGA-49-6761-11,TCGA-50-6595-11,0.0003987908635090932,0.14425043590610892,361.71951041405873,361.71951041405873
NN,TCGA-LUAD,TCGA-49-6761-11,TCGA-55-6968-11,0.0004609195581491038,0.21927521187887758,475.73423171586,475.73423171586
NN,TCGA-LUAD,TCGA-49-6761-11,TCGA-55-6969-11,0.0005072689677988444,0.19489870122066139,384.2117566670227,384.2117566670227
NN,TCGA-LUAD,TCGA-49-6761-11,TCGA-55-6970-11,0.0006532913664170635,0.23566295607227195,360.73177786620846,360.73177786620846
NN,TCGA-LUAD,TCGA-49-6761-11,TCGA-55-6971-11,0.0005152828376973394,0.18843069385677497,365.68400899750736,365.68400899750736
NN,TCGA-LUAD,TCGA-49-6761-11,TCGA-55-6972-11,0.0004922216089309327,0.21568944274175345,438.19580211078954,438.19580211078954
NN,TCGA-LUAD,TCGA-49-6761-11,TCGA-55-6975-11,0.0006165404312542393,0.27345531909149323,443.53185165034216,443.53185165034216
NN,TCGA-LUAD,TCGA-49-6761-11,TCGA-55-6978-11,0.0003623357967345023,0.1858783519421444,513.0002434684773,513.0002434684773
NN,TCGA-LUAD,TCGA-49-6761-11,TCGA-55-6979-11,0.00042699388607758806,0.1643212286448306,384.83274351842164,384.83274351842164
NN,TCGA-LUAD,TCGA-49-6761-11,TCGA-55-6980-11,0.0004917892620934698,0.2471558131740624,502.5644767475378,502.5644767475378
NN,TCGA-LUAD,TCGA-49-6761-11,TCGA-55-6981-11,0.0006080307167219774,0.13567464347608454,223.13781153612655,223.13781153612655
NN,TCGA-LUAD,TCGA-49-6761-11,TCGA-55-6982-11,0.000590645877920983,0.1531779383927461,259.3397230366151,259.3397230366151
NN,TCGA-LUAD,TCGA-49-6761-11,TCGA-55-6983-11,0.0005185775607983846,0.23328172856929902,449.84925342729116,449.84925342729116
NN,TCGA-LUAD,TCGA-49-6761-11,TCGA-55-6984-11,0.00028242108993570676,0.23272946668031738,824.0513013149914,824.0513013149914
NN,TCGA-LUAD,TCGA-49-6761-11,TCGA-55-6985-11,0.00041277934634978083,0.18721371996032035,453.5443006435677,453.5443006435677
NN,TCGA-LUAD,TCGA-49-6761-11,TCGA-55-6986-11,0.0004894992508069661,0.06751280335700421,137.92217913654758,137.92217913654758
NN,TCGA-LUAD,TCGA-49-6761-11,TCGA-73-4676-11,0.0010282548593371474,0.24822577562721826,241.40491374602803,241.40491374602803
NN,TCGA-LUAD,TCGA-49-6761-11,TCGA-91-6828-11,0.000549781619752035,0.1699071179727717,309.04474043603705,309.04474043603705
NN,TCGA-LUAD,TCGA-49-6761-11,TCGA-91-6829-11,0.0005393201219695731,0.2304509642668007,427.2990286830093,427.2990286830093
NN,TCGA-LUAD,TCGA-49-6761-11,TCGA-91-6831-11,0.0010365172363651612,0.24566521126829577,237.0102518794476,237.0102518794476
NN,TCGA-LUAD,TCGA-49-6761-11,TCGA-91-6835-11,0.0005698020571752955,0.14316624870276654,251.25611060881528,251.25611060881528
NN,TCGA-LUAD,TCGA-49-6761-11,TCGA-91-6836-11,0.00037607154975829386,0.17820687215867603,473.8642746924407,473.8642746924407
NN,TCGA-LUAD,TCGA-49-6761-11,TCGA-91-6847-11,0.0003564774557301933,0.17731957866672343,497.4215783253657,497.4215783253657
NN,TCGA-LUAD,TCGA-49-6761-11,TCGA-91-6849-11,0.0005588605286636068,0.1225095200795835,219.2130483298549,219.2130483298549
NN,TCGA-LUAD,TCGA-49-6761-11,TCGA-KN-8419-11,0.00175617956445112,0.37893808168413434,215.77410952425495,215.77410952425495
NN,TCGA-LUAD,TCGA-49-6761-11,TCGA-KN-8422-11,0.0010300190732797413,0.3668421501672391,356.15083223571435,356.15083223571435
NN,TCGA-LUAD,TCGA-49-6761-11,TCGA-KN-8423-11,0.001062890355456558,0.3842843432820696,361.5465521060285,361.5465521060285
NN,TCGA-LUAD,TCGA-49-6761-11,TCGA-KN-8424-11,0.0010963870831938363,0.30562870801867315,278.75985835984113,278.75985835984113
NN,TCGA-LUAD,TCGA-49-6761-11,TCGA-KN-8425-11,0.001438301053607973,0.3196173106686654,222.21864460636147,222.21864460636147
NN,TCGA-LUAD,TCGA-49-6761-11,TCGA-KN-8426-11,0.001277363566263414,0.3943979260673984,308.75933562212373,308.75933562212373
NN,TCGA-LUAD,TCGA-49-6761-11,TCGA-KN-8427-11,0.0010525093089858088,0.35649341405173895,338.70808648263045,338.70808648263045
NN,TCGA-LUAD,TCGA-49-6761-11,TCGA-KN-8428-11,0.0008837951377782843,0.40556928196927833,458.8951269734442,458.8951269734442
NN,TCGA-LUAD,TCGA-49-6761-11,TCGA-KN-8429-11,0.001703764918254091,0.3515967110193853,206.36456781824046,206.36456781824046
NN,TCGA-LUAD,TCGA-49-6761-11,TCGA-KN-8430-11,0.0015916774225974953,0.3012088980215087,189.2399136565994,189.2399136565994
NN,TCGA-LUAD,TCGA-49-6761-11,TCGA-KN-8431-11,0.0012080333997327756,0.3339345598432682,276.42825100459686,276.42825100459686
NN,TCGA-LUAD,TCGA-49-6761-11,TCGA-KN-8432-11,0.003705286300255241,0.30454443372359985,82.19187642871783,82.19187642871783
NN,TCGA-LUAD,TCGA-49-6761-11,TCGA-KN-8433-11,0.0011026473640656858,0.3340794200306717,302.9793848133393,302.9793848133393
NN,TCGA-LUAD,TCGA-49-6761-11,TCGA-KN-8434-11,0.0011338317313197505,0.37027427268738183,326.56898061619097,326.56898061619097
NN,TCGA-LUAD,TCGA-49-6761-11,TCGA-KN-8435-11,0.001046166287237569,0.4123482126311878,394.1516923853517,394.1516923853517
NN,TCGA-LUAD,TCGA-49-6761-11,TCGA-KN-8436-11,0.0010924524676280828,0.3417805187886471,312.8561918402877,312.8561918402877
NN,TCGA-LUAD,TCGA-49-6761-11,TCGA-KN-8437-11,0.0008758045504006352,0.4295559956581341,490.4701573674566,490.4701573674566
NN,TCGA-LUAD,TCGA-50-5930-11,TCGA-50-5931-11,0.00034115618357117005,0.1984177554151611,581.603866411433,581.603866411433
NN,TCGA-LUAD,TCGA-50-5930-11,TCGA-50-5932-11,0.00046898234378599496,0.17154069433018698,365.77218013235927,365.77218013235927
NN,TCGA-LUAD,TCGA-50-5930-11,TCGA-50-5933-11,0.0009492309996818665,0.14722895334758443,155.10339779982746,155.10339779982746
NN,TCGA-LUAD,TCGA-50-5930-11,TCGA-50-5935-11,0.0003656395713507954,0.23523315826555113,643.3471010714754,643.3471010714754
NN,TCGA-LUAD,TCGA-50-5930-11,TCGA-50-5936-11,0.0004200247468936836,0.18626853221332992,443.4703754740387,443.4703754740387
NN,TCGA-LUAD,TCGA-50-5930-11,TCGA-50-5939-11,0.0005414061366957206,0.17006343092993434,314.11433931624026,314.11433931624026
NN,TCGA-LUAD,TCGA-50-5930-11,TCGA-50-6595-11,0.00035383691003451005,0.13568199663064895,383.45913832849084,383.45913832849084
NN,TCGA-LUAD,TCGA-50-5930-11,TCGA-55-6968-11,0.00048556020597161455,0.1641214121600431,338.0042477567396,338.0042477567396
NN,TCGA-LUAD,TCGA-50-5930-11,TCGA-55-6969-11,0.0005037241509627306,0.1790191964430268,355.3913309514358,355.3913309514358
NN,TCGA-LUAD,TCGA-50-5930-11,TCGA-55-6970-11,0.0006070518591280402,0.15774226679634917,259.8497384110275,259.8497384110275
NN,TCGA-LUAD,TCGA-50-5930-11,TCGA-55-6971-11,0.0004328344099931642,0.17770611202986325,410.5637350613362,410.5637350613362
NN,TCGA-LUAD,TCGA-50-5930-11,TCGA-55-6972-11,0.00044073938970515443,0.1293673265298552,293.5234053312078,293.5234053312078
NN,TCGA-LUAD,TCGA-50-5930-11,TCGA-55-6975-11,0.0005544870654852293,0.17624831610294178,317.85830017280495,317.85830017280495
NN,TCGA-LUAD,TCGA-50-5930-11,TCGA-55-6978-11,0.0003285845986601689,0.1797257485481234,546.9694845131821,546.9694845131821
NN,TCGA-LUAD,TCGA-50-5930-11,TCGA-55-6979-11,0.00042806170688966527,0.14585763105372823,340.73973145961327,340.73973145961327
NN,TCGA-LUAD,TCGA-50-5930-11,TCGA-55-6980-11,0.0004770960903319405,0.1714057201253863,359.26875863964943,359.26875863964943
NN,TCGA-LUAD,TCGA-50-5930-11,TCGA-55-6981-11,0.0005643607681748864,0.19404968995140232,343.8397934338154,343.8397934338154
NN,TCGA-LUAD,TCGA-50-5930-11,TCGA-55-6982-11,0.0005266812588249288,0.13340804797561848,253.29940213415475,253.29940213415475
NN,TCGA-LUAD,TCGA-50-5930-11,TCGA-55-6983-11,0.0004456289203849012,0.1636345269442575,367.19907407024243,367.19907407024243
NN,TCGA-LUAD,TCGA-50-5930-11,TCGA-55-6984-11,0.00033298054581817996,0.23662971150618078,710.6412506014378,710.6412506014378
NN,TCGA-LUAD,TCGA-50-5930-11,TCGA-55-6985-11,0.0004344424688343578,0.13066531807960355,300.7655269757318,300.7655269757318
NN,TCGA-LUAD,TCGA-50-5930-11,TCGA-55-6986-11,0.0005114575939285997,0.11207039494635601,219.11962257813545,219.11962257813545
NN,TCGA-LUAD,TCGA-50-5930-11,TCGA-73-4676-11,0.0011925163888659683,0.2092479122189395,175.46753585326007,175.46753585326007
NN,TCGA-LUAD,TCGA-50-5930-11,TCGA-91-6828-11,0.00041752015509226856,0.19216948548271778,460.26397322124456,460.26397322124456
NN,TCGA-LUAD,TCGA-50-5930-11,TCGA-91-6829-11,0.00046814466115654903,0.19830161704319527,423.5904699912461,423.5904699912461
NN,TCGA-LUAD,TCGA-50-5930-11,TCGA-91-6831-11,0.0009642139173662797,0.2312625313515249,239.8456682550396,239.8456682550396
NN,TCGA-LUAD,TCGA-50-5930-11,TCGA-91-6835-11,0.0005331378864460795,0.12519731152515431,234.83101596797985,234.83101596797985
NN,TCGA-LUAD,TCGA-50-5930-11,TCGA-91-6836-11,0.0003573822380439482,0.16406913716144364,459.0858741593857,459.0858741593857
NN,TCGA-LUAD,TCGA-50-5930-11,TCGA-91-6847-11,0.0003547255331252166,0.21043500972559953,593.2333313354042,593.2333313354042
NN,TCGA-LUAD,TCGA-50-5930-11,TCGA-91-6849-11,0.0005311822366268079,0.10696554062931558,201.37258600472785,201.37258600472785
NN,TCGA-LUAD,TCGA-50-5930-11,TCGA-KN-8419-11,0.00178613323331615,0.4050214697072092,226.75882299958272,226.75882299958272
NN,TCGA-LUAD,TCGA-50-5930-11,TCGA-KN-8422-11,0.0010861811237775716,0.4005951474002565,368.8106326199519,368.8106326199519
NN,TCGA-LUAD,TCGA-50-5930-11,TCGA-KN-8423-11,0.0011828366544079543,0.40453569331950734,342.0046984610819,342.0046984610819
NN,TCGA-LUAD,TCGA-50-5930-11,TCGA-KN-8424-11,0.0012906954831068814,0.337204585718754,261.25805051014527,261.25805051014527
NN,TCGA-LUAD,TCGA-50-5930-11,TCGA-KN-8425-11,0.0015621714378878607,0.3374618916773694,216.02103552324314,216.02103552324314
NN,TCGA-LUAD,TCGA-50-5930-11,TCGA-KN-8426-11,0.0012321171699893542,0.4130513292043695,335.2370531513154,335.2370531513154
NN,TCGA-LUAD,TCGA-50-5930-11,TCGA-KN-8427-11,0.0011136727646958477,0.39719574016576653,356.6539047708899,356.6539047708899
NN,TCGA-LUAD,TCGA-50-5930-11,TCGA-KN-8428-11,0.0010168963890841304,0.4133064276882631,406.4390749390981,406.4390749390981
NN,TCGA-LUAD,TCGA-50-5930-11,TCGA-KN-8429-11,0.0018757718540697674,0.3579095959058899,190.80657124124744,190.80657124124744
NN,TCGA-LUAD,TCGA-50-5930-11,TCGA-KN-8430-11,0.001727873590620222,0.32384835325453976,187.42595234544564,187.42595234544564
NN,TCGA-LUAD,TCGA-50-5930-11,TCGA-KN-8431-11,0.0013652137112481293,0.34641174004594055,253.74176745502945,253.74176745502945
NN,TCGA-LUAD,TCGA-50-5930-11,TCGA-KN-8432-11,0.004103225620202567,0.35809935348390776,87.27264514063675,87.27264514063675
NN,TCGA-LUAD,TCGA-50-5930-11,TCGA-KN-8433-11,0.0012421297422724768,0.3933386728920074,316.6647247109583,316.6647247109583
NN,TCGA-LUAD,TCGA-50-5930-11,TCGA-KN-8434-11,0.0013246356530620472,0.4130800458877878,311.84427576964725,311.84427576964725
NN,TCGA-LUAD,TCGA-50-5930-11,TCGA-KN-8435-11,0.0010804770730810465,0.4243186372670075,392.71415177467577,392.71415177467577
NN,TCGA-LUAD,TCGA-50-5930-11,TCGA-KN-8436-11,0.0011662298995781142,0.3846562256015029,329.8288148337245,329.8288148337245
NN,TCGA-LUAD,TCGA-50-5930-11,TCGA-KN-8437-11,0.0008567938960689506,0.3928609277660186,458.5244240983751,458.5244240983751
NN,TCGA-LUAD,TCGA-50-5931-11,TCGA-50-5932-11,0.00044012453625023705,0.19162453819243858,435.38708344923674,435.38708344923674
NN,TCGA-LUAD,TCGA-50-5931-11,TCGA-50-5933-11,0.0005984441951661004,0.16451344571587487,274.9018990320619,274.9018990320619
NN,TCGA-LUAD,TCGA-50-5931-11,TCGA-50-5935-11,0.0003448339312766286,0.2092427449153823,606.7927948410799,606.7927948410799
NN,TCGA-LUAD,TCGA-50-5931-11,TCGA-50-5936-11,0.00034075256347942154,0.19424396338737165,570.0440266800878,570.0440266800878
NN,TCGA-LUAD,TCGA-50-5931-11,TCGA-50-5939-11,0.0004197926799097943,0.17384614488230227,414.12381206756294,414.12381206756294
NN,TCGA-LUAD,TCGA-50-5931-11,TCGA-50-6595-11,0.0003007111705361231,0.13524902394533386,449.76388374334437,449.76388374334437
NN,TCGA-LUAD,TCGA-50-5931-11,TCGA-55-6968-11,0.0007966344526356473,0.2302466644406375,289.0242364975197,289.0242364975197
NN,TCGA-LUAD,TCGA-50-5931-11,TCGA-55-6969-11,0.0005416672386573847,0.16735733195538136,308.9670558075568,308.9670558075568
NN,TCGA-LUAD,TCGA-50-5931-11,TCGA-55-6970-11,0.000535922458139154,0.17715483404504917,330.56057150538436,330.56057150538436
NN,TCGA-LUAD,TCGA-50-5931-11,TCGA-55-6971-11,0.0004702705475965455,0.18341218010254606,390.01417596727543,390.01417596727543
NN,TCGA-LUAD,TCGA-50-5931-11,TCGA-55-6972-11,0.0004411604403664817,0.15756946594479843,357.170433989734,357.170433989734
NN,TCGA-LUAD,TCGA-50-5931-11,TCGA-55-6975-11,0.0004247288245996343,0.2306653471805236,543.0885162973283,543.0885162973283
NN,TCGA-LUAD,TCGA-50-5931-11,TCGA-55-6978-11,0.00031817205818528876,0.19660210057557836,617.9112700747793,617.9112700747793
NN,TCGA-LUAD,TCGA-50-5931-11,TCGA-55-6979-11,0.000518376140402281,0.16646185520622264,321.12175355339747,321.12175355339747
NN,TCGA-LUAD,TCGA-50-5931-11,TCGA-55-6980-11,0.0005570834963239156,0.22853267302669247,410.2305570614363,410.2305570614363
NN,TCGA-LUAD,TCGA-50-5931-11,TCGA-55-6981-11,0.0005117096183487481,0.14115165736516394,275.84327576380264,275.84327576380264
NN,TCGA-LUAD,TCGA-50-5931-11,TCGA-55-6982-11,0.0005537169257938373,0.1413146933779562,255.21107770971628,255.21107770971628
NN,TCGA-LUAD,TCGA-50-5931-11,TCGA-55-6983-11,0.0005143558288172324,0.2325437340910386,452.1067344094764,452.1067344094764
NN,TCGA-LUAD,TCGA-50-5931-11,TCGA-55-6984-11,0.00038975766696311767,0.22324012117627412,572.7664651620544,572.7664651620544
NN,TCGA-LUAD,TCGA-50-5931-11,TCGA-55-6985-11,0.0004819751793712528,0.15383388040092866,319.17386410148407,319.17386410148407
NN,TCGA-LUAD,TCGA-50-5931-11,TCGA-55-6986-11,0.0004925806751165255,0.10089673215998152,204.83290810406493,204.83290810406493
NN,TCGA-LUAD,TCGA-50-5931-11,TCGA-73-4676-11,0.0014486757240419945,0.19213026630426835,132.62475729778905,132.62475729778905
NN,TCGA-LUAD,TCGA-50-5931-11,TCGA-91-6828-11,0.0003253624928191705,0.20092617545888222,617.5455988117004,617.5455988117004
NN,TCGA-LUAD,TCGA-50-5931-11,TCGA-91-6829-11,0.0008023839632639608,0.25244798177530664,314.6224168643543,314.6224168643543
NN,TCGA-LUAD,TCGA-50-5931-11,TCGA-91-6831-11,0.0007426289718191019,0.2138354156408211,287.9438101061718,287.9438101061718
NN,TCGA-LUAD,TCGA-50-5931-11,TCGA-91-6835-11,0.0006750823358137959,0.1464222740325506,216.89543077148062,216.89543077148062
NN,TCGA-LUAD,TCGA-50-5931-11,TCGA-91-6836-11,0.00045917062728804937,0.1730257057829348,376.8222431928151,376.8222431928151
NN,TCGA-LUAD,TCGA-50-5931-11,TCGA-91-6847-11,0.0004230840711020552,0.2471611525884512,584.1892178654764,584.1892178654764
NN,TCGA-LUAD,TCGA-50-5931-11,TCGA-91-6849-11,0.00039856775488953506,0.13770771223273065,345.5064052306414,345.5064052306414
NN,TCGA-LUAD,TCGA-50-5931-11,TCGA-KN-8419-11,0.0016550538377450947,0.3725008600972882,225.06872683054038,225.06872683054038
NN,TCGA-LUAD,TCGA-50-5931-11,TCGA-KN-8422-11,0.0011176731529434305,0.38045066835047864,340.39528224199427,340.39528224199427
NN,TCGA-LUAD,TCGA-50-5931-11,TCGA-KN-8423-11,0.001301850830318778,0.39490384707319043,303.3403197019832,303.3403197019832
NN,TCGA-LUAD,TCGA-50-5931-11,TCGA-KN-8424-11,0.0014862206055533092,0.2951339330448275,198.58016497823434,198.58016497823434
NN,TCGA-LUAD,TCGA-50-5931-11,TCGA-KN-8425-11,0.001635199674856146,0.3181423481472016,194.55871539063855,194.55871539063855
NN,TCGA-LUAD,TCGA-50-5931-11,TCGA-KN-8426-11,0.0012147842602374006,0.4001696108113869,329.4161966942042,329.4161966942042
NN,TCGA-LUAD,TCGA-50-5931-11,TCGA-KN-8427-11,0.0012016636948173503,0.36195192904845913,301.20900765290645,301.20900765290645
NN,TCGA-LUAD,TCGA-50-5931-11,TCGA-KN-8428-11,0.0011402000248880158,0.3915004482038705,343.36119948981894,343.36119948981894
NN,TCGA-LUAD,TCGA-50-5931-11,TCGA-KN-8429-11,0.0018428916481192299,0.33090847404830503,179.55937582440885,179.55937582440885
NN,TCGA-LUAD,TCGA-50-5931-11,TCGA-KN-8430-11,0.001848905608915835,0.29515638995816207,159.63843072077458,159.63843072077458
NN,TCGA-LUAD,TCGA-50-5931-11,TCGA-KN-8431-11,0.0014850610932407792,0.32445086747018237,218.4764444687918,218.4764444687918
NN,TCGA-LUAD,TCGA-50-5931-11,TCGA-KN-8432-11,0.00422786901736936,0.2970869238334517,70.268715187942,70.268715187942
NN,TCGA-LUAD,TCGA-50-5931-11,TCGA-KN-8433-11,0.0012944391087159968,0.34395303553797046,265.71588668944844,265.71588668944844
NN,TCGA-LUAD,TCGA-50-5931-11,TCGA-KN-8434-11,0.0014968205412720724,0.37406911077765476,249.90912434950437,249.90912434950437
NN,TCGA-LUAD,TCGA-50-5931-11,TCGA-KN-8435-11,0.0011470917566515444,0.4040872720131249,352.2710974688625,352.2710974688625
NN,TCGA-LUAD,TCGA-50-5931-11,TCGA-KN-8436-11,0.0012934120183476124,0.3452769780354987,266.95049461238534,266.95049461238534
NN,TCGA-LUAD,TCGA-50-5931-11,TCGA-KN-8437-11,0.0008855169160718034,0.3869093208676288,436.93046834607924,436.93046834607924
NN,TCGA-LUAD,TCGA-50-5932-11,TCGA-50-5933-11,0.0005771715177448791,0.1911024472860926,331.1016594040657,331.1016594040657
NN,TCGA-LUAD,TCGA-50-5932-11,TCGA-50-5935-11,0.00024348760249540865,0.19971995920856525,820.2469331568177,820.2469331568177
NN,TCGA-LUAD,TCGA-50-5932-11,TCGA-50-5936-11,0.00020749314473383142,0.1650130351970419,795.269816787045,795.269816787045
NN,TCGA-LUAD,TCGA-50-5932-11,TCGA-50-5939-11,0.00015052398823636273,0.16765459554130252,1113.8064936071198,1113.8064936071198
NN,TCGA-LUAD,TCGA-50-5932-11,TCGA-50-6595-11,0.00022980296826333229,0.1369674892342978,596.0214102950407,596.0214102950407
NN,TCGA-LUAD,TCGA-50-5932-11,TCGA-55-6968-11,0.0009088250709477695,0.21367107641868519,235.10693449054833,235.10693449054833
NN,TCGA-LUAD,TCGA-50-5932-11,TCGA-55-6969-11,0.00046604384740444064,0.17316204452417872,371.55740921927844,371.55740921927844
NN,TCGA-LUAD,TCGA-50-5932-11,TCGA-55-6970-11,0.0002470834467588393,0.16207721909740264,655.9614625078254,655.9614625078254
NN,TCGA-LUAD,TCGA-50-5932-11,TCGA-55-6971-11,0.0003440619832892561,0.18986252706319903,551.826520466168,551.826520466168
NN,TCGA-LUAD,TCGA-50-5932-11,TCGA-55-6972-11,0.0003486502730181004,0.1755783047721836,503.59434183798373,503.59434183798373
NN,TCGA-LUAD,TCGA-50-5932-11,TCGA-55-6975-11,0.0002941607713946436,0.19433771265281133,660.6513565063015,660.6513565063015
NN,TCGA-LUAD,TCGA-50-5932-11,TCGA-55-6978-11,0.00031316013834975834,0.1730414394709481,552.5653436699015,552.5653436699015
NN,TCGA-LUAD,TCGA-50-5932-11,TCGA-55-6979-11,0.00041327288920804553,0.20190746396237697,488.5572444621085,488.5572444621085
NN,TCGA-LUAD,TCGA-50-5932-11,TCGA-55-6980-11,0.0005210813261016193,0.1855017112082215,355.9937804642143,355.9937804642143
NN,TCGA-LUAD,TCGA-50-5932-11,TCGA-55-6981-11,0.0004128193133219461,0.19191257892202307,464.8827531292265,464.8827531292265
NN,TCGA-LUAD,TCGA-50-5932-11,TCGA-55-6982-11,0.00025960447419614565,0.1478628193427778,569.569610849847,569.569610849847
NN,TCGA-LUAD,TCGA-50-5932-11,TCGA-55-6983-11,0.0003690135709548298,0.23339495142038852,632.4833821598337,632.4833821598337
NN,TCGA-LUAD,TCGA-50-5932-11,TCGA-55-6984-11,0.0004520939819986234,0.1995564255411736,441.40473770292573,441.40473770292573
NN,TCGA-LUAD,TCGA-50-5932-11,TCGA-55-6985-11,0.0003595237680850257,0.17511253665769183,487.0680388960502,487.0680388960502
NN,TCGA-LUAD,TCGA-50-5932-11,TCGA-55-6986-11,0.0004797244528801125,0.12282866170707334,256.04002666457643,256.04002666457643
NN,TCGA-LUAD,TCGA-50-5932-11,TCGA-73-4676-11,0.002118922039801411,0.2055057434514761,96.9859860774946,96.9859860774946
NN,TCGA-LUAD,TCGA-50-5932-11,TCGA-91-6828-11,0.0004057920365615281,0.195730635129072,482.3422282694165,482.3422282694165
NN,TCGA-LUAD,TCGA-50-5932-11,TCGA-91-6829-11,0.0008933556190873413,0.23673834277903105,264.9989967275123,264.9989967275123
NN,TCGA-LUAD,TCGA-50-5932-11,TCGA-91-6831-11,0.0007080850970312637,0.19785634696936538,279.4245321627346,279.4245321627346
NN,TCGA-LUAD,TCGA-50-5932-11,TCGA-91-6835-11,0.0005553098105256715,0.12252085252519523,220.63513052148969,220.63513052148969
NN,TCGA-LUAD,TCGA-50-5932-11,TCGA-91-6836-11,0.00029163468523855007,0.18504360184816204,634.5047801731844,634.5047801731844
NN,TCGA-LUAD,TCGA-50-5932-11,TCGA-91-6847-11,0.0003844253378760316,0.2187029480200809,568.9087749221349,568.9087749221349
NN,TCGA-LUAD,TCGA-50-5932-11,TCGA-91-6849-11,0.0002893178046450835,0.14098567111366087,487.30381901871897,487.30381901871897
NN,TCGA-LUAD,TCGA-50-5932-11,TCGA-KN-8419-11,0.0018002791423702572,0.3214235961053954,178.54097653001043,178.54097653001043
NN,TCGA-LUAD,TCGA-50-5932-11,TCGA-KN-8422-11,0.0009552147097369758,0.3165233250717955,331.36353727106246,331.36353727106246
NN,TCGA-LUAD,TCGA-50-5932-11,TCGA-KN-8423-11,0.0010582349467857678,0.33032311605755493,312.1453483093358,312.1453483093358
NN,TCGA-LUAD,TCGA-50-5932-11,TCGA-KN-8424-11,0.0017628021824672708,0.24149976217838265,136.99765327064227,136.99765327064227
NN,TCGA-LUAD,TCGA-50-5932-11,TCGA-KN-8425-11,0.0015686173351254528,0.22917968714778167,146.10299275409488,146.10299275409488
NN,TCGA-LUAD,TCGA-50-5932-11,TCGA-KN-8426-11,0.0009975986628187922,0.3450218350941155,345.8523431850135,345.8523431850135
NN,TCGA-LUAD,TCGA-50-5932-11,TCGA-KN-8427-11,0.0012836719290204314,0.3113626343443262,242.5562383232347,242.5562383232347
NN,TCGA-LUAD,TCGA-50-5932-11,TCGA-KN-8428-11,0.0011052403672438488,0.35841427589263486,324.28626976991154,324.28626976991154
NN,TCGA-LUAD,TCGA-50-5932-11,TCGA-KN-8429-11,0.0023814234664101155,0.29193252398398895,122.58740543279502,122.58740543279502
NN,TCGA-LUAD,TCGA-50-5932-11,TCGA-KN-8430-11,0.001971929162871776,0.21285432214621153,107.94217467539544,107.94217467539544
NN,TCGA-LUAD,TCGA-50-5932-11,TCGA-KN-8431-11,0.001413195231307143,0.26537080491426623,187.78071071525622,187.78071071525622
NN,TCGA-LUAD,TCGA-50-5932-11,TCGA-KN-8432-11,0.0048170931126410394,0.26982422466305134,56.01391095284774,56.01391095284774
NN,TCGA-LUAD,TCGA-50-5932-11,TCGA-KN-8433-11,0.0013742668264529415,0.28666699005660373,208.59631080268963,208.59631080268963
NN,TCGA-LUAD,TCGA-50-5932-11,TCGA-KN-8434-11,0.0015238023774530613,0.3408289167315894,223.67002557199262,223.67002557199262
NN,TCGA-LUAD,TCGA-50-5932-11,TCGA-KN-8435-11,0.000914594058747973,0.3735773200846665,408.4624391678998,408.4624391678998
NN,TCGA-LUAD,TCGA-50-5932-11,TCGA-KN-8436-11,0.001373359302759009,0.28667210006882554,208.73787325204398,208.73787325204398
NN,TCGA-LUAD,TCGA-50-5932-11,TCGA-KN-8437-11,0.0006373348522982125,0.356246614517881,558.9630211391471,558.9630211391471
NN,TCGA-LUAD,TCGA-50-5933-11,TCGA-50-5935-11,0.0007394173743414173,0.2137412930297548,289.06717700558426,289.06717700558426
NN,TCGA-LUAD,TCGA-50-5933-11,TCGA-50-5936-11,0.0005856138815182907,0.18474074242622318,315.46510124940255,315.46510124940255
NN,TCGA-LUAD,TCGA-50-5933-11,TCGA-50-5939-11,0.00047534973766044436,0.18435390077890612,387.8279215767555,387.8279215767555
NN,TCGA-LUAD,TCGA-50-5933-11,TCGA-50-6595-11,0.0007827481212302589,0.1904526909644963,243.31286885129597,243.31286885129597
NN,TCGA-LUAD,TCGA-50-5933-11,TCGA-55-6968-11,0.0014451669188785808,0.21607735638491088,149.51723123622452,149.51723123622452
NN,TCGA-LUAD,TCGA-50-5933-11,TCGA-55-6969-11,0.0008796633442145468,0.20820139657986772,236.68304238114092,236.68304238114092
NN,TCGA-LUAD,TCGA-50-5933-11,TCGA-55-6970-11,0.0005725686895756337,0.19867503293209354,346.9889928479044,346.9889928479044
NN,TCGA-LUAD,TCGA-50-5933-11,TCGA-55-6971-11,0.0008325583832381109,0.23285236008593063,279.6829204701373,279.6829204701373
NN,TCGA-LUAD,TCGA-50-5933-11,TCGA-55-6972-11,0.0008982125310208768,0.20043103644906,223.14433335867304,223.14433335867304
NN,TCGA-LUAD,TCGA-50-5933-11,TCGA-55-6975-11,0.0005207564983138926,0.19204663130982114,368.7839363150157,368.7839363150157
NN,TCGA-LUAD,TCGA-50-5933-11,TCGA-55-6978-11,0.0007042802202678995,0.20333160571749737,288.70838604575965,288.70838604575965
NN,TCGA-LUAD,TCGA-50-5933-11,TCGA-55-6979-11,0.0007588704632618755,0.2039252205557907,268.7220420719142,268.7220420719142
NN,TCGA-LUAD,TCGA-50-5933-11,TCGA-55-6980-11,0.0011292934672298056,0.21425647410081738,189.7261255096035,189.7261255096035
NN,TCGA-LUAD,TCGA-50-5933-11,TCGA-55-6981-11,0.00083089877739775,0.22762413270457577,273.9492930985653,273.9492930985653
NN,TCGA-LUAD,TCGA-50-5933-11,TCGA-55-6982-11,0.0008353782989170613,0.201654903387774,241.3935143505504,241.3935143505504
NN,TCGA-LUAD,TCGA-50-5933-11,TCGA-55-6983-11,0.0006266017297335549,0.18935506098786192,302.19364550490457,302.19364550490457
NN,TCGA-LUAD,TCGA-50-5933-11,TCGA-55-6984-11,0.001015467651482917,0.2036168368684536,200.5153355413203,200.5153355413203
NN,TCGA-LUAD,TCGA-50-5933-11,TCGA-55-6985-11,0.0007509763007637858,0.1802903960413311,240.0746812621989,240.0746812621989
NN,TCGA-LUAD,TCGA-50-5933-11,TCGA-55-6986-11,0.0010476679573164453,0.19367338075676246,184.86141472995718,184.86141472995718
NN,TCGA-LUAD,TCGA-50-5933-11,TCGA-73-4676-11,0.002526635690200524,0.10611605543829997,41.99895372723013,41.99895372723013
NN,TCGA-LUAD,TCGA-50-5933-11,TCGA-91-6828-11,0.0004670228959843766,0.170451292315846,364.9741667516621,364.9741667516621
NN,TCGA-LUAD,TCGA-50-5933-11,TCGA-91-6829-11,0.001457753918419165,0.21867108116164294,150.00548336633994,150.00548336633994
NN,TCGA-LUAD,TCGA-50-5933-11,TCGA-91-6831-11,0.0006486796870241471,0.12634119723355164,194.76669265404112,194.76669265404112
NN,TCGA-LUAD,TCGA-50-5933-11,TCGA-91-6835-11,0.0010591328809797418,0.21177741705684872,199.95358548489764,199.95358548489764
NN,TCGA-LUAD,TCGA-50-5933-11,TCGA-91-6836-11,0.0007691252669874691,0.17823813733609672,231.74136254062324,231.74136254062324
NN,TCGA-LUAD,TCGA-50-5933-11,TCGA-91-6847-11,0.0009182412210270705,0.18943521539318342,206.3022341572691,206.3022341572691
NN,TCGA-LUAD,TCGA-50-5933-11,TCGA-91-6849-11,0.0006264947831735104,0.1654650185015311,264.11236445316877,264.11236445316877
NN,TCGA-LUAD,TCGA-50-5933-11,TCGA-KN-8419-11,0.0018377888829360022,0.3259951161453446,177.38442057857242,177.38442057857242
NN,TCGA-LUAD,TCGA-50-5933-11,TCGA-KN-8422-11,0.0016163846395900797,0.31860826374454043,197.1116626209344,197.1116626209344
NN,TCGA-LUAD,TCGA-50-5933-11,TCGA-KN-8423-11,0.001787835995414108,0.32115302065077933,179.63226015951884,179.63226015951884
NN,TCGA-LUAD,TCGA-50-5933-11,TCGA-KN-8424-11,0.0024817895551473637,0.22383761696639762,90.19202152017542,90.19202152017542
NN,TCGA-LUAD,TCGA-50-5933-11,TCGA-KN-8425-11,0.0023436279631059483,0.22286699525217898,95.09486947613445,95.09486947613445
NN,TCGA-LUAD,TCGA-50-5933-11,TCGA-KN-8426-11,0.0014551249612413397,0.3490868004192017,239.9015958886461,239.9015958886461
NN,TCGA-LUAD,TCGA-50-5933-11,TCGA-KN-8427-11,0.0016381419612299208,0.30608700821009033,186.8501115619305,186.8501115619305
NN,TCGA-LUAD,TCGA-50-5933-11,TCGA-KN-8428-11,0.0017932485858089538,0.3507442071218748,195.59151469435028,195.59151469435028
NN,TCGA-LUAD,TCGA-50-5933-11,TCGA-KN-8429-11,0.0026029231615829116,0.268601957472281,103.19242666730757,103.19242666730757
NN,TCGA-LUAD,TCGA-50-5933-11,TCGA-KN-8430-11,0.002629188172458233,0.22430957952299196,85.31514855905785,85.31514855905785
NN,TCGA-LUAD,TCGA-50-5933-11,TCGA-KN-8431-11,0.0021752654749859395,0.2530676942286337,116.3387628492883,116.3387628492883
NN,TCGA-LUAD,TCGA-50-5933-11,TCGA-KN-8432-11,0.005404168276629234,0.24611571739327506,45.54183082300056,45.54183082300056
NN,TCGA-LUAD,TCGA-50-5933-11,TCGA-KN-8433-11,0.0018982188546205767,0.28462331130504664,149.94230544714415,149.94230544714415
NN,TCGA-LUAD,TCGA-50-5933-11,TCGA-KN-8434-11,0.0023170590350490164,0.33841634046858426,146.05425901952697,146.05425901952697
NN,TCGA-LUAD,TCGA-50-5933-11,TCGA-KN-8435-11,0.0016046470413448573,0.37622701270434994,234.46091446317905,234.46091446317905
NN,TCGA-LUAD,TCGA-50-5933-11,TCGA-KN-8436-11,0.0021167393762768654,0.28795519662532254,136.0371521655194,136.0371521655194
NN,TCGA-LUAD,TCGA-50-5933-11,TCGA-KN-8437-11,0.001154066809888866,0.3508483646407689,304.0104451791268,304.0104451791268
NN,TCGA-LUAD,TCGA-50-5935-11,TCGA-50-5936-11,0.00019475185228394647,0.17476482615972627,897.3718304097088,897.3718304097088
NN,TCGA-LUAD,TCGA-50-5935-11,TCGA-50-5939-11,0.0002625042429474412,0.19822540273659991,755.1321857159039,755.1321857159039
NN,TCGA-LUAD,TCGA-50-5935-11,TCGA-50-6595-11,0.00019441035410165355,0.15516630000454948,798.138045278267,798.138045278267
NN,TCGA-LUAD,TCGA-50-5935-11,TCGA-55-6968-11,0.0008518776770413006,0.24175449640502938,283.7901531176156,283.7901531176156
NN,TCGA-LUAD,TCGA-50-5935-11,TCGA-55-6969-11,0.0005760100457007124,0.21693672294814798,376.6196867005087,376.6196867005087
NN,TCGA-LUAD,TCGA-50-5935-11,TCGA-55-6970-11,0.0004128684881345252,0.22176823108193502,537.1401244109387,537.1401244109387
NN,TCGA-LUAD,TCGA-50-5935-11,TCGA-55-6971-11,0.000372133868702656,0.22962136755467377,617.0396915367755,617.0396915367755
NN,TCGA-LUAD,TCGA-50-5935-11,TCGA-55-6972-11,0.0004509405663917439,0.1938935942052276,429.9759406360153,429.9759406360153
NN,TCGA-LUAD,TCGA-50-5935-11,TCGA-55-6975-11,0.0003719594494531465,0.2778815824773089,747.0749375660422,747.0749375660422
NN,TCGA-LUAD,TCGA-50-5935-11,TCGA-55-6978-11,0.00026720397695661905,0.20797215077014708,778.3273031295925,778.3273031295925
NN,TCGA-LUAD,TCGA-50-5935-11,TCGA-55-6979-11,0.0005366588057726335,0.20488490201394688,381.77870149539774,381.77870149539774
NN,TCGA-LUAD,TCGA-50-5935-11,TCGA-55-6980-11,0.0005377820834632897,0.21396251678242245,397.8609986493313,397.8609986493313
NN,TCGA-LUAD,TCGA-50-5935-11,TCGA-55-6981-11,0.00042247925872553385,0.13853484450278084,327.9092207288235,327.9092207288235
NN,TCGA-LUAD,TCGA-50-5935-11,TCGA-55-6982-11,0.00028838202012710984,0.12140297835516713,420.97970706237675,420.97970706237675
NN,TCGA-LUAD,TCGA-50-5935-11,TCGA-55-6983-11,0.00046247454341973986,0.2110414520106167,456.33095921363264,456.33095921363264
NN,TCGA-LUAD,TCGA-50-5935-11,TCGA-55-6984-11,0.00044727914119116236,0.17835267317341147,398.750258503974,398.750258503974
NN,TCGA-LUAD,TCGA-50-5935-11,TCGA-55-6985-11,0.0004543844485290715,0.18865504769613337,415.18817007678297,415.18817007678297
NN,TCGA-LUAD,TCGA-50-5935-11,TCGA-55-6986-11,0.0004187861639117702,0.1497377395090701,357.5517827771808,357.5517827771808
NN,TCGA-LUAD,TCGA-50-5935-11,TCGA-73-4676-11,0.001828499874255049,0.19365120270008113,105.90714575738036,105.90714575738036
NN,TCGA-LUAD,TCGA-50-5935-11,TCGA-91-6828-11,0.0003092768608077294,0.1883844099701567,609.1125261623473,609.1125261623473
NN,TCGA-LUAD,TCGA-50-5935-11,TCGA-91-6829-11,0.0008240101612233887,0.2193200378983203,266.16181234064027,266.16181234064027
NN,TCGA-LUAD,TCGA-50-5935-11,TCGA-91-6831-11,0.0008020251502070748,0.19640806199307045,244.89015331047895,244.89015331047895
NN,TCGA-LUAD,TCGA-50-5935-11,TCGA-91-6835-11,0.0004788956973810625,0.15326514462388335,320.03867535675226,320.03867535675226
NN,TCGA-LUAD,TCGA-50-5935-11,TCGA-91-6836-11,0.00042880808089588724,0.1839109613466114,428.88874893023336,428.88874893023336
NN,TCGA-LUAD,TCGA-50-5935-11,TCGA-91-6847-11,0.0004447857085007942,0.17508486289676528,393.63868836278635,393.63868836278635
NN,TCGA-LUAD,TCGA-50-5935-11,TCGA-91-6849-11,0.00044914280315920465,0.15658701353471655,348.6352501549762,348.6352501549762
NN,TCGA-LUAD,TCGA-50-5935-11,TCGA-KN-8419-11,0.0017664809069862226,0.2732509468698257,154.6866121162989,154.6866121162989
NN,TCGA-LUAD,TCGA-50-5935-11,TCGA-KN-8422-11,0.0008647749763393312,0.2639866659082129,305.266309885251,305.266309885251
NN,TCGA-LUAD,TCGA-50-5935-11,TCGA-KN-8423-11,0.0010175849622252328,0.29036304372850613,285.3452581429137,285.3452581429137
NN,TCGA-LUAD,TCGA-50-5935-11,TCGA-KN-8424-11,0.0015571930808212795,0.17462053579912634,112.13801162475606,112.13801162475606
NN,TCGA-LUAD,TCGA-50-5935-11,TCGA-KN-8425-11,0.0014808489780588608,0.1968385323013958,132.92275932108714,132.92275932108714
NN,TCGA-LUAD,TCGA-50-5935-11,TCGA-KN-8426-11,0.0009414957025100393,0.31701185076293714,336.7108845189411,336.7108845189411
NN,TCGA-LUAD,TCGA-50-5935-11,TCGA-KN-8427-11,0.0012061683010041921,0.24746648749544456,205.16746070131092,205.16746070131092
NN,TCGA-LUAD,TCGA-50-5935-11,TCGA-KN-8428-11,0.00101017861458303,0.3395390471517921,336.117833272429,336.117833272429
NN,TCGA-LUAD,TCGA-50-5935-11,TCGA-KN-8429-11,0.0021073044117922543,0.26145728957050707,124.07191296493261,124.07191296493261
NN,TCGA-LUAD,TCGA-50-5935-11,TCGA-KN-8430-11,0.0019262279376017735,0.1739433434756211,90.30257534951296,90.30257534951296
NN,TCGA-LUAD,TCGA-50-5935-11,TCGA-KN-8431-11,0.0013541111046483662,0.19637800426158736,145.02355352338873,145.02355352338873
NN,TCGA-LUAD,TCGA-50-5935-11,TCGA-KN-8432-11,0.004499007820552335,0.21843019410953501,48.550747814152224,48.550747814152224
NN,TCGA-LUAD,TCGA-50-5935-11,TCGA-KN-8433-11,0.001279578834955985,0.2251220699867345,175.93450582079868,175.93450582079868
NN,TCGA-LUAD,TCGA-50-5935-11,TCGA-KN-8434-11,0.0013968601931593247,0.27182112037519646,194.5943636352108,194.5943636352108
NN,TCGA-LUAD,TCGA-50-5935-11,TCGA-KN-8435-11,0.0008430183536722558,0.3335557583332127,395.66844171329956,395.66844171329956
NN,TCGA-LUAD,TCGA-50-5935-11,TCGA-KN-8436-11,0.0011492218741854464,0.23071963185829847,200.76160838987644,200.76160838987644
NN,TCGA-LUAD,TCGA-50-5935-11,TCGA-KN-8437-11,0.0006507551311723229,0.3901367621815687,599.5139238913795,599.5139238913795
NN,TCGA-LUAD,TCGA-50-5936-11,TCGA-50-5939-11,0.00016594331354158613,0.16705360046814352,1006.690760253375,1006.690760253375
NN,TCGA-LUAD,TCGA-50-5936-11,TCGA-50-6595-11,0.0001766578474952648,0.12812277590834129,725.2594646936109,725.2594646936109
NN,TCGA-LUAD,TCGA-50-5936-11,TCGA-55-6968-11,0.0008735201475024129,0.20189400571528696,231.1269022157606,231.1269022157606
NN,TCGA-LUAD,TCGA-50-5936-11,TCGA-55-6969-11,0.0004596163331337076,0.13545242236237978,294.707591087663,294.707591087663
NN,TCGA-LUAD,TCGA-50-5936-11,TCGA-55-6970-11,0.000281511146809173,0.14885120186029377,528.7577545239976,528.7577545239976
NN,TCGA-LUAD,TCGA-50-5936-11,TCGA-55-6971-11,0.00026953485966869657,0.17300534695266734,641.8663143065052,641.8663143065052
NN,TCGA-LUAD,TCGA-50-5936-11,TCGA-55-6972-11,0.00034324344590147126,0.12543678937635183,365.4455485578557,365.4455485578557
NN,TCGA-LUAD,TCGA-50-5936-11,TCGA-55-6975-11,0.00023816730438034375,0.18519310549611662,777.5756877206393,777.5756877206393
NN,TCGA-LUAD,TCGA-50-5936-11,TCGA-55-6978-11,0.0002912583427125149,0.1505256549873586,516.8114794086231,516.8114794086231
NN,TCGA-LUAD,TCGA-50-5936-11,TCGA-55-6979-11,0.00041932066446179824,0.17693757029746462,421.9624389953821,421.9624389953821
NN,TCGA-LUAD,TCGA-50-5936-11,TCGA-55-6980-11,0.00044817451991944037,0.16547717028483802,369.22485087858774,369.22485087858774
NN,TCGA-LUAD,TCGA-50-5936-11,TCGA-55-6981-11,0.0003312033019117077,0.17348640921531613,523.8063999179701,523.8063999179701
NN,TCGA-LUAD,TCGA-50-5936-11,TCGA-55-6982-11,0.0002542886188042258,0.14108033066150089,554.8039520011596,554.8039520011596
NN,TCGA-LUAD,TCGA-50-5936-11,TCGA-55-6983-11,0.0004459450505538951,0.19245592629996347,431.56870125796814,431.56870125796814
NN,TCGA-LUAD,TCGA-50-5936-11,TCGA-55-6984-11,0.0004570684517968942,0.1849731059199129,404.6945379684807,404.6945379684807
NN,TCGA-LUAD,TCGA-50-5936-11,TCGA-55-6985-11,0.00036732658600572795,0.12044988261045712,327.90951485493315,327.90951485493315
NN,TCGA-LUAD,TCGA-50-5936-11,TCGA-55-6986-11,0.0004030614953369593,0.08634275488640891,214.2173238707071,214.2173238707071
NN,TCGA-LUAD,TCGA-50-5936-11,TCGA-73-4676-11,0.0020162125760835453,0.133111996221231,66.02081437255913,66.02081437255913
NN,TCGA-LUAD,TCGA-50-5936-11,TCGA-91-6828-11,0.0002802782041451621,0.15212722824591762,542.772238426102,542.772238426102
NN,TCGA-LUAD,TCGA-50-5936-11,TCGA-91-6829-11,0.0008142006208583784,0.20286411399323173,249.1574051851746,249.1574051851746
NN,TCGA-LUAD,TCGA-50-5936-11,TCGA-91-6831-11,0.0006725757387408085,0.18568122031223733,276.07481152958087,276.07481152958087
NN,TCGA-LUAD,TCGA-50-5936-11,TCGA-91-6835-11,0.0005501721913433652,0.13989578409368753,254.27636346377577,254.27636346377577
NN,TCGA-LUAD,TCGA-50-5936-11,TCGA-91-6836-11,0.0003406973782930048,0.13938657385343906,409.1213573518154,409.1213573518154
NN,TCGA-LUAD,TCGA-50-5936-11,TCGA-91-6847-11,0.0004726160563355702,0.21065261032422275,445.716152679023,445.716152679023
NN,TCGA-LUAD,TCGA-50-5936-11,TCGA-91-6849-11,0.0003933726954833123,0.1276926459821662,324.60983552831055,324.60983552831055
NN,TCGA-LUAD,TCGA-50-5936-11,TCGA-KN-8419-11,0.0018648906114481253,0.3462367594505804,185.66062659392153,185.66062659392153
NN,TCGA-LUAD,TCGA-50-5936-11,TCGA-KN-8422-11,0.0009608353941695788,0.35182257449737303,366.1632123798299,366.1632123798299
NN,TCGA-LUAD,TCGA-50-5936-11,TCGA-KN-8423-11,0.0011644356567653237,0.36094676092691247,309.97570267607875,309.97570267607875
NN,TCGA-LUAD,TCGA-50-5936-11,TCGA-KN-8424-11,0.00171859346916191,0.23831024378463095,138.66586139236605,138.66586139236605
NN,TCGA-LUAD,TCGA-50-5936-11,TCGA-KN-8425-11,0.0016577038105729251,0.2402628257630003,144.9371258186118,144.9371258186118
NN,TCGA-LUAD,TCGA-50-5936-11,TCGA-KN-8426-11,0.000991611814630535,0.3776643247125416,380.8590409476471,380.8590409476471
NN,TCGA-LUAD,TCGA-50-5936-11,TCGA-KN-8427-11,0.0013286469296480926,0.32628229676707166,245.57486980645135,245.57486980645135
NN,TCGA-LUAD,TCGA-50-5936-11,TCGA-KN-8428-11,0.0011715152551510636,0.377853804497928,322.5342588041714,322.5342588041714
NN,TCGA-LUAD,TCGA-50-5936-11,TCGA-KN-8429-11,0.002257696195865415,0.3072494792109785,136.0898245626021,136.0898245626021
NN,TCGA-LUAD,TCGA-50-5936-11,TCGA-KN-8430-11,0.002044777363214818,0.21736201582410974,106.30106716477493,106.30106716477493
NN,TCGA-LUAD,TCGA-50-5936-11,TCGA-KN-8431-11,0.0015219718606591204,0.274864865432834,180.59786290253638,180.59786290253638
NN,TCGA-LUAD,TCGA-50-5936-11,TCGA-KN-8432-11,0.004806388891975477,0.296630098645718,61.715792315714985,61.715792315714985
NN,TCGA-LUAD,TCGA-50-5936-11,TCGA-KN-8433-11,0.00140873628607041,0.3216834308138151,228.34893513755708,228.34893513755708
NN,TCGA-LUAD,TCGA-50-5936-11,TCGA-KN-8434-11,0.0015917435040895215,0.3632921983183331,228.23538929793622,228.23538929793622
NN,TCGA-LUAD,TCGA-50-5936-11,TCGA-KN-8435-11,0.0009707995443208696,0.39428855375931937,406.14826826597556,406.14826826597556
NN,TCGA-LUAD,TCGA-50-5936-11,TCGA-KN-8436-11,0.0013022271744577776,0.31221640508410653,239.75571329488454,239.75571329488454
NN,TCGA-LUAD,TCGA-50-5936-11,TCGA-KN-8437-11,0.0006761216072743291,0.38886267455670853,575.1371800175758,575.1371800175758
NN,TCGA-LUAD,TCGA-50-5939-11,TCGA-50-6595-11,0.0002701802612506105,0.14970846610699623,554.1058603394105,554.1058603394105
NN,TCGA-LUAD,TCGA-50-5939-11,TCGA-55-6968-11,0.0009429221732548537,0.23220386363823373,246.2598401273076,246.2598401273076
NN,TCGA-LUAD,TCGA-50-5939-11,TCGA-55-6969-11,0.00046482373014933276,0.15493184242317237,333.31310854847663,333.31310854847663
NN,TCGA-LUAD,TCGA-50-5939-11,TCGA-55-6970-11,0.00023886959532601766,0.17529733989383928,733.8620876155766,733.8620876155766
NN,TCGA-LUAD,TCGA-50-5939-11,TCGA-55-6971-11,0.0004061726418353269,0.19000781331644206,467.800619110817,467.800619110817
NN,TCGA-LUAD,TCGA-50-5939-11,TCGA-55-6972-11,0.0004096622748614815,0.1598552491955862,390.212277295091,390.212277295091
NN,TCGA-LUAD,TCGA-50-5939-11,TCGA-55-6975-11,0.0002443950109441961,0.19765377828967914,808.7471897485273,808.7471897485273
NN,TCGA-LUAD,TCGA-50-5939-11,TCGA-55-6978-11,0.0003710838642869308,0.2226330845142275,599.9535575119546,599.9535575119546
NN,TCGA-LUAD,TCGA-50-5939-11,TCGA-55-6979-11,0.00039683011047966977,0.195470721633416,492.5803674452528,492.5803674452528
NN,TCGA-LUAD,TCGA-50-5939-11,TCGA-55-6980-11,0.000597609906193489,0.21629867346431192,361.93957165475865,361.93957165475865
NN,TCGA-LUAD,TCGA-50-5939-11,TCGA-55-6981-11,0.00038536342267581547,0.18057941238355224,468.59510207190453,468.59510207190453
NN,TCGA-LUAD,TCGA-50-5939-11,TCGA-55-6982-11,0.00031338975615873314,0.14446773584287598,460.9842313087684,460.9842313087684
NN,TCGA-LUAD,TCGA-50-5939-11,TCGA-55-6983-11,0.0003693232004882684,0.24145627812327292,653.7804226868299,653.7804226868299
NN,TCGA-LUAD,TCGA-50-5939-11,TCGA-55-6984-11,0.0005333641322415072,0.2341047961960479,438.9211460699523,438.9211460699523
NN,TCGA-LUAD,TCGA-50-5939-11,TCGA-55-6985-11,0.0003841951307491513,0.17244060440822817,448.83599662489763,448.83599662489763
NN,TCGA-LUAD,TCGA-50-5939-11,TCGA-55-6986-11,0.0005546921717382872,0.1498122879062514,270.08184996873416,270.08184996873416
NN,TCGA-LUAD,TCGA-50-5939-11,TCGA-73-4676-11,0.002172134134770612,0.20282990153310887,93.37816587212222,93.37816587212222
NN,TCGA-LUAD,TCGA-50-5939-11,TCGA-91-6828-11,0.000379420585827326,0.2112263620541911,556.7077010163072,556.7077010163072
NN,TCGA-LUAD,TCGA-50-5939-11,TCGA-91-6829-11,0.0009732291965324799,0.26191221132288967,269.1166811025164,269.1166811025164
NN,TCGA-LUAD,TCGA-50-5939-11,TCGA-91-6831-11,0.000708208405394382,0.17375423768756254,245.34337119425112,245.34337119425112
NN,TCGA-LUAD,TCGA-50-5939-11,TCGA-91-6835-11,0.000653999916859512,0.14552839239356388,222.52050595417026,222.52050595417026
NN,TCGA-LUAD,TCGA-50-5939-11,TCGA-91-6836-11,0.00036197023660924834,0.19629589564729533,542.2984427838451,542.2984427838451
NN,TCGA-LUAD,TCGA-50-5939-11,TCGA-91-6847-11,0.00047717291697204646,0.2533184233964894,530.8734305457851,530.8734305457851
NN,TCGA-LUAD,TCGA-50-5939-11,TCGA-91-6849-11,0.0003089180663888591,0.14292655289732412,462.66815847996213,462.66815847996213
NN,TCGA-LUAD,TCGA-50-5939-11,TCGA-KN-8419-11,0.0017684624299290253,0.333850097930912,188.77986452011345,188.77986452011345
NN,TCGA-LUAD,TCGA-50-5939-11,TCGA-KN-8422-11,0.000994346937030185,0.3266853787676833,328.54265106240905,328.54265106240905
NN,TCGA-LUAD,TCGA-50-5939-11,TCGA-KN-8423-11,0.001125580831855273,0.33937167272521723,301.5080419998247,301.5080419998247
NN,TCGA-LUAD,TCGA-50-5939-11,TCGA-KN-8424-11,0.001875128480486135,0.24940197037433362,133.00527028935912,133.00527028935912
NN,TCGA-LUAD,TCGA-50-5939-11,TCGA-KN-8425-11,0.0016543826148555812,0.23775774558559157,143.71388060454598,143.71388060454598
NN,TCGA-LUAD,TCGA-50-5939-11,TCGA-KN-8426-11,0.0009973496493644583,0.3543923231416589,355.33408305451206,355.33408305451206
NN,TCGA-LUAD,TCGA-50-5939-11,TCGA-KN-8427-11,0.0012816340102511062,0.3141481449472501,245.1153312369575,245.1153312369575
NN,TCGA-LUAD,TCGA-50-5939-11,TCGA-KN-8428-11,0.0011548955095850555,0.3578032188972104,309.8143649599661,309.8143649599661
NN,TCGA-LUAD,TCGA-50-5939-11,TCGA-KN-8429-11,0.002369810976439523,0.32012532591170073,135.08475110224484,135.08475110224484
NN,TCGA-LUAD,TCGA-50-5939-11,TCGA-KN-8430-11,0.0019977250827298227,0.20975169367674007,104.9952746201302,104.9952746201302
NN,TCGA-LUAD,TCGA-50-5939-11,TCGA-KN-8431-11,0.0015112644849685699,0.25739453426338244,170.31733149524487,170.31733149524487
NN,TCGA-LUAD,TCGA-50-5939-11,TCGA-KN-8432-11,0.004956713757472793,0.2926387633141864,59.03886680424126,59.03886680424126
NN,TCGA-LUAD,TCGA-50-5939-11,TCGA-KN-8433-11,0.0013911086954770816,0.31012018082120574,222.9302295568283,222.9302295568283
NN,TCGA-LUAD,TCGA-50-5939-11,TCGA-KN-8434-11,0.0016017329812260711,0.3536330092264742,220.78149939559864,220.78149939559864
NN,TCGA-LUAD,TCGA-50-5939-11,TCGA-KN-8435-11,0.000944328837510074,0.3866631510490282,409.45816297270846,409.45816297270846
NN,TCGA-LUAD,TCGA-50-5939-11,TCGA-KN-8436-11,0.0014200936897526381,0.3060938902019791,215.544856237828,215.544856237828
NN,TCGA-LUAD,TCGA-50-5939-11,TCGA-KN-8437-11,0.0006426571064316234,0.36545532389388635,568.6630089926027,568.6630089926027
NN,TCGA-LUAD,TCGA-50-6595-11,TCGA-55-6968-11,0.0007984350540139598,0.19155969703681638,239.91894653646705,239.91894653646705
NN,TCGA-LUAD,TCGA-50-6595-11,TCGA-55-6969-11,0.0003902503963667193,0.16567726256953208,424.54092068069224,424.54092068069224
NN,TCGA-LUAD,TCGA-50-6595-11,TCGA-55-6970-11,0.0003039536248942603,0.1534169887456882,504.73814483725624,504.73814483725624
NN,TCGA-LUAD,TCGA-50-6595-11,TCGA-55-6971-11,0.00019001587939613136,0.16104959210308942,847.5585967599312,847.5585967599312
NN,TCGA-LUAD,TCGA-50-6595-11,TCGA-55-6972-11,0.00018697991162922094,0.15307627473220273,818.6776504406059,818.6776504406059
NN,TCGA-LUAD,TCGA-50-6595-11,TCGA-55-6975-11,0.0002880206380472261,0.19990100671619346,694.0509821501615,694.0509821501615
NN,TCGA-LUAD,TCGA-50-6595-11,TCGA-55-6978-11,0.00019102791207189807,0.1555988656587967,814.5347136508157,814.5347136508157
NN,TCGA-LUAD,TCGA-50-6595-11,TCGA-55-6979-11,0.0004582463853222359,0.17769054948971727,387.76203191382825,387.76203191382825
NN,TCGA-LUAD,TCGA-50-6595-11,TCGA-55-6980-11,0.000267748425272422,0.17117565010682423,639.3152450202488,639.3152450202488
NN,TCGA-LUAD,TCGA-50-6595-11,TCGA-55-6981-11,0.00022488516789407774,0.14472135847405948,643.5344750802957,643.5344750802957
NN,TCGA-LUAD,TCGA-50-6595-11,TCGA-55-6982-11,0.00015220919692850166,0.1274499490771816,837.3340878807054,837.3340878807054
NN,TCGA-LUAD,TCGA-50-6595-11,TCGA-55-6983-11,0.00048750222410627516,0.1886779116709132,387.02984794953784,387.02984794953784
NN,TCGA-LUAD,TCGA-50-6595-11,TCGA-55-6984-11,0.00035662356938911813,0.12766740260707785,357.98924570736307,357.98924570736307
NN,TCGA-LUAD,TCGA-50-6595-11,TCGA-55-6985-11,0.0003512630106088285,0.15193019359846185,432.5254553137492,432.5254553137492
NN,TCGA-LUAD,TCGA-50-6595-11,TCGA-55-6986-11,0.00022882468548048415,0.08402496654168921,367.2023687708968,367.2023687708968
NN,TCGA-LUAD,TCGA-50-6595-11,TCGA-73-4676-11,0.0019848587054561977,0.13043252866871924,65.71376003247585,65.71376003247585
NN,TCGA-LUAD,TCGA-50-6595-11,TCGA-91-6828-11,0.00031835127069908666,0.1821756873211956,572.2474011840602,572.2474011840602
NN,TCGA-LUAD,TCGA-50-6595-11,TCGA-91-6829-11,0.0007747357726271563,0.18757960599162565,242.12074957573807,242.12074957573807
NN,TCGA-LUAD,TCGA-50-6595-11,TCGA-91-6831-11,0.0007578137310752341,0.1500853542500344,198.05045500704216,198.05045500704216
NN,TCGA-LUAD,TCGA-50-6595-11,TCGA-91-6835-11,0.0004582310523722154,0.1470155044636267,320.8326971787321,320.8326971787321
NN,TCGA-LUAD,TCGA-50-6595-11,TCGA-91-6836-11,0.00037068091727100933,0.12430505258437646,335.34246515715705,335.34246515715705
NN,TCGA-LUAD,TCGA-50-6595-11,TCGA-91-6847-11,0.0003495998759430826,0.16232923829653179,464.32864959872063,464.32864959872063
NN,TCGA-LUAD,TCGA-50-6595-11,TCGA-91-6849-11,0.0002978643833693094,0.13157941283404037,441.74268620394486,441.74268620394486
NN,TCGA-LUAD,TCGA-50-6595-11,TCGA-KN-8419-11,0.0018779843742048419,0.31918702423309536,169.96255592821024,169.96255592821024
NN,TCGA-LUAD,TCGA-50-6595-11,TCGA-KN-8422-11,0.0008725703575762954,0.2980158694929905,341.53792517176214,341.53792517176214
NN,TCGA-LUAD,TCGA-50-6595-11,TCGA-KN-8423-11,0.0010735012375622046,0.31441608461136605,292.88842304957944,292.88842304957944
NN,TCGA-LUAD,TCGA-50-6595-11,TCGA-KN-8424-11,0.0015112540137223963,0.20328531390180074,134.51432522656143,134.51432522656143
NN,TCGA-LUAD,TCGA-50-6595-11,TCGA-KN-8425-11,0.0015196663888359014,0.23135424506208715,152.24015399808223,152.24015399808223
NN,TCGA-LUAD,TCGA-50-6595-11,TCGA-KN-8426-11,0.0010134661841894744,0.3327947544509372,328.37282549993694,328.37282549993694
NN,TCGA-LUAD,TCGA-50-6595-11,TCGA-KN-8427-11,0.0012490975023028233,0.3125404031283694,250.21297581027352,250.21297581027352
NN,TCGA-LUAD,TCGA-50-6595-11,TCGA-KN-8428-11,0.0010599821359862,0.3450478924842093,325.5223656794736,325.5223656794736
NN,TCGA-LUAD,TCGA-50-6595-11,TCGA-KN-8429-11,0.0021968266231599974,0.27878332784555016,126.90274458006058,126.90274458006058
NN,TCGA-LUAD,TCGA-50-6595-11,TCGA-KN-8430-11,0.0019035398733280567,0.2156693505737926,113.2990979572846,113.2990979572846
NN,TCGA-LUAD,TCGA-50-6595-11,TCGA-KN-8431-11,0.0013848807762604676,0.2526949826120028,182.46695812642002,182.46695812642002
NN,TCGA-LUAD,TCGA-50-6595-11,TCGA-KN-8432-11,0.0046740607248293075,0.24297186619467845,51.98303584375267,51.98303584375267
NN,TCGA-LUAD,TCGA-50-6595-11,TCGA-KN-8433-11,0.001350513305217317,0.279742589634701,207.13797380151425,207.13797380151425
NN,TCGA-LUAD,TCGA-50-6595-11,TCGA-KN-8434-11,0.0014769445039238955,0.33697211157863166,228.1548905076499,228.1548905076499
NN,TCGA-LUAD,TCGA-50-6595-11,TCGA-KN-8435-11,0.000954223739764402,0.3736787560917982,391.60496696933944,391.60496696933944
NN,TCGA-LUAD,TCGA-50-6595-11,TCGA-KN-8436-11,0.0011640226096003383,0.27281789491118524,234.37508228887066,234.37508228887066
NN,TCGA-LUAD,TCGA-50-6595-11,TCGA-KN-8437-11,0.0005368848890089845,0.3509655458606212,653.7072527938999,653.7072527938999
NN,TCGA-LUAD,TCGA-55-6968-11,TCGA-55-6969-11,0.0004188843925793321,0.15481949266286948,369.59957306967067,369.59957306967067
NN,TCGA-LUAD,TCGA-55-6968-11,TCGA-55-6970-11,0.000889105191892163,0.16510578545153692,185.6988205188235,185.6988205188235
NN,TCGA-LUAD,TCGA-55-6968-11,TCGA-55-6971-11,0.0006480815775837643,0.1887596535362729,291.2590946343877,291.2590946343877
NN,TCGA-LUAD,TCGA-55-6968-11,TCGA-55-6972-11,0.0006186581290307651,0.15711433875587644,253.95987118446692,253.95987118446692
NN,TCGA-LUAD,TCGA-55-6968-11,TCGA-55-6975-11,0.0007881859688751514,0.17625633483694364,223.6227765998999,223.6227765998999
NN,TCGA-LUAD,TCGA-55-6968-11,TCGA-55-6978-11,0.000575886775617871,0.20768167978402285,360.6293607996128,360.6293607996128
NN,TCGA-LUAD,TCGA-55-6968-11,TCGA-55-6979-11,0.000467697808556349,0.1788779022726613,382.46470049711553,382.46470049711553
NN,TCGA-LUAD,TCGA-55-6968-11,TCGA-55-6980-11,0.0005550054425778929,0.17051413786499117,307.22966800647214,307.22966800647214
NN,TCGA-LUAD,TCGA-55-6968-11,TCGA-55-6981-11,0.0007112883678892304,0.22250825224545495,312.8242528494524,312.8242528494524
NN,TCGA-LUAD,TCGA-55-6968-11,TCGA-55-6982-11,0.0007897004481256409,0.1656492964053493,209.76219121885896,209.76219121885896
NN,TCGA-LUAD,TCGA-55-6968-11,TCGA-55-6983-11,0.0005368195641522476,0.18486534119264886,344.3714676915522,344.3714676915522
NN,TCGA-LUAD,TCGA-55-6968-11,TCGA-55-6984-11,0.000450816373402314,0.20305939522716637,450.42595435182585,450.42595435182585
NN,TCGA-LUAD,TCGA-55-6968-11,TCGA-55-6985-11,0.0004942441899969953,0.13839360801562756,280.01059155893955,280.01059155893955
NN,TCGA-LUAD,TCGA-55-6968-11,TCGA-55-6986-11,0.0007049547410971808,0.15341046845992118,217.617471755925,217.617471755925
NN,TCGA-LUAD,TCGA-55-6968-11,TCGA-73-4676-11,0.0012781492941477612,0.15733399107529975,123.09515938058411,123.09515938058411
NN,TCGA-LUAD,TCGA-55-6968-11,TCGA-91-6828-11,0.0008357331342651213,0.23378134337760853,279.7320505703985,279.7320505703985
NN,TCGA-LUAD,TCGA-55-6968-11,TCGA-91-6829-11,0.0003245028368744453,0.16439921018412612,506.61871485497824,506.61871485497824
NN,TCGA-LUAD,TCGA-55-6968-11,TCGA-91-6831-11,0.001530670699445631,0.20991726103170028,137.14070642870922,137.14070642870922
NN,TCGA-LUAD,TCGA-55-6968-11,TCGA-91-6835-11,0.0005335534335623154,0.15357857782566542,287.8410448983241,287.8410448983241
NN,TCGA-LUAD,TCGA-55-6968-11,TCGA-91-6836-11,0.00047688174276351347,0.17552825231745334,368.0750101697605,368.0750101697605
NN,TCGA-LUAD,TCGA-55-6968-11,TCGA-91-6847-11,0.0005152473419707483,0.2413967570903193,468.50655486549584,468.50655486549584
NN,TCGA-LUAD,TCGA-55-6968-11,TCGA-91-6849-11,0.0007618832401298404,0.1838968621180182,241.37144962878884,241.37144962878884
NN,TCGA-LUAD,TCGA-55-6968-11,TCGA-KN-8419-11,0.0018688340142813684,0.365357902907957,195.50045649637312,195.50045649637312
NN,TCGA-LUAD,TCGA-55-6968-11,TCGA-KN-8422-11,0.0011330496996635234,0.32814876419842204,289.61550785977954,289.61550785977954
NN,TCGA-LUAD,TCGA-55-6968-11,TCGA-KN-8423-11,0.0010887605419625523,0.34789276168296335,319.53101556735976,319.53101556735976
NN,TCGA-LUAD,TCGA-55-6968-11,TCGA-KN-8424-11,0.0011894111888967154,0.2168798044397177,182.3421592669672,182.3421592669672
NN,TCGA-LUAD,TCGA-55-6968-11,TCGA-KN-8425-11,0.0014087740163277478,0.25829528587488165,183.34756524554604,183.34756524554604
NN,TCGA-LUAD,TCGA-55-6968-11,TCGA-KN-8426-11,0.0014477053470585608,0.3816729396685338,263.6399322859549,263.6399322859549
NN,TCGA-LUAD,TCGA-55-6968-11,TCGA-KN-8427-11,0.0010378211349339975,0.33900044983568384,326.6463154628695,326.6463154628695
NN,TCGA-LUAD,TCGA-55-6968-11,TCGA-KN-8428-11,0.0009198161051995701,0.36173404643225676,393.26778949339257,393.26778949339257
NN,TCGA-LUAD,TCGA-55-6968-11,TCGA-KN-8429-11,0.0016909481167627456,0.3141547033357696,185.78612804348285,185.78612804348285
NN,TCGA-LUAD,TCGA-55-6968-11,TCGA-KN-8430-11,0.0013036259364236115,0.21318103176441358,163.52929610257516,163.52929610257516
NN,TCGA-LUAD,TCGA-55-6968-11,TCGA-KN-8431-11,0.001249042047333579,0.2685806185942392,215.02928517706653,215.02928517706653
NN,TCGA-LUAD,TCGA-55-6968-11,TCGA-KN-8432-11,0.003599097745779656,0.25980915786819814,72.18730254627104,72.18730254627104
NN,TCGA-LUAD,TCGA-55-6968-11,TCGA-KN-8433-11,0.0011454976460079926,0.2916555155315175,254.6103141703728,254.6103141703728
NN,TCGA-LUAD,TCGA-55-6968-11,TCGA-KN-8434-11,0.00109499244372185,0.33988272863406643,310.3973279293272,310.3973279293272
NN,TCGA-LUAD,TCGA-55-6968-11,TCGA-KN-8435-11,0.0010734929659787754,0.3887595326882951,362.1444620588054,362.1444620588054
NN,TCGA-LUAD,TCGA-55-6968-11,TCGA-KN-8436-11,0.0011344909504906694,0.2995016484086951,263.99650722569453,263.99650722569453
NN,TCGA-LUAD,TCGA-55-6968-11,TCGA-KN-8437-11,0.0009401516928981323,0.373659266605056,397.44572011906473,397.44572011906473
NN,TCGA-LUAD,TCGA-55-6969-11,TCGA-55-6970-11,0.00039650441518500866,0.17250841975410908,435.0731370131573,435.0731370131573
NN,TCGA-LUAD,TCGA-55-6969-11,TCGA-55-6971-11,0.0002658751227950107,0.17449618668503694,656.3088146444345,656.3088146444345
NN,TCGA-LUAD,TCGA-55-6969-11,TCGA-55-6972-11,0.0002297864691528839,0.15156422586395504,659.5872525597439,659.5872525597439
NN,TCGA-LUAD,TCGA-55-6969-11,TCGA-55-6975-11,0.000320594436213517,0.1698143589387255,529.6859201437562,529.6859201437562
NN,TCGA-LUAD,TCGA-55-6969-11,TCGA-55-6978-11,0.0003150126939228596,0.2117067716527763,672.0579066715931,672.0579066715931
NN,TCGA-LUAD,TCGA-55-6969-11,TCGA-55-6979-11,0.0002443715615538656,0.17637904628112996,721.7658436178206,721.7658436178206
NN,TCGA-LUAD,TCGA-55-6969-11,TCGA-55-6980-11,0.0002645401352107756,0.18377465794914122,694.6948061499875,694.6948061499875
NN,TCGA-LUAD,TCGA-55-6969-11,TCGA-55-6981-11,0.00023746641460975276,0.2094232832515578,881.9069576458614,881.9069576458614
NN,TCGA-LUAD,TCGA-55-6969-11,TCGA-55-6982-11,0.0003381082087747572,0.191065281283811,565.1009834283436,565.1009834283436
NN,TCGA-LUAD,TCGA-55-6969-11,TCGA-55-6983-11,0.00033815483642356904,0.20565998494151133,608.1828878055846,608.1828878055846
NN,TCGA-LUAD,TCGA-55-6969-11,TCGA-55-6984-11,0.0003502335597331869,0.18782608254834351,536.2880778513406,536.2880778513406
NN,TCGA-LUAD,TCGA-55-6969-11,TCGA-55-6985-11,0.0002903299029456694,0.18387808938526498,633.3418897593708,633.3418897593708
NN,TCGA-LUAD,TCGA-55-6969-11,TCGA-55-6986-11,0.0003815405580511273,0.19616527343898027,514.1400286275559,514.1400286275559
NN,TCGA-LUAD,TCGA-55-6969-11,TCGA-73-4676-11,0.002024683475866143,0.16807662301756193,83.01377722543032,83.01377722543032
NN,TCGA-LUAD,TCGA-55-6969-11,TCGA-91-6828-11,0.0004725425576731536,0.23393458293884256,495.05505724343567,495.05505724343567
NN,TCGA-LUAD,TCGA-55-6969-11,TCGA-91-6829-11,0.0005355638457012277,0.19739571621857363,368.57550748243335,368.57550748243335
NN,TCGA-LUAD,TCGA-55-6969-11,TCGA-91-6831-11,0.001049297578762608,0.1671812290355416,159.3268033961265,159.3268033961265
NN,TCGA-LUAD,TCGA-55-6969-11,TCGA-91-6835-11,0.0004019161910928069,0.15612674839861457,388.4559812684013,388.4559812684013
NN,TCGA-LUAD,TCGA-55-6969-11,TCGA-91-6836-11,0.0003162099286911816,0.19366782809507835,612.4659933882693,612.4659933882693
NN,TCGA-LUAD,TCGA-55-6969-11,TCGA-91-6847-11,0.0002819822398144648,0.22671034972244086,803.9880450329388,803.9880450329388
NN,TCGA-LUAD,TCGA-55-6969-11,TCGA-91-6849-11,0.00028914637168444743,0.18305558832220542,633.0896952149152,633.0896952149152
NN,TCGA-LUAD,TCGA-55-6969-11,TCGA-KN-8419-11,0.0018733443092951354,0.3115849428337269,166.32550742952526,166.32550742952526
NN,TCGA-LUAD,TCGA-55-6969-11,TCGA-KN-8422-11,0.000995752803079708,0.2618728043835184,262.98977374061786,262.98977374061786
NN,TCGA-LUAD,TCGA-55-6969-11,TCGA-KN-8423-11,0.0010962041520108461,0.3032714064530952,276.65595491203226,276.65595491203226
NN,TCGA-LUAD,TCGA-55-6969-11,TCGA-KN-8424-11,0.001558297737497101,0.19029002115094146,122.11403287832565,122.11403287832565
NN,TCGA-LUAD,TCGA-55-6969-11,TCGA-KN-8425-11,0.0015184634315810698,0.17786837135226666,117.1370792690508,117.1370792690508
NN,TCGA-LUAD,TCGA-55-6969-11,TCGA-KN-8426-11,0.0011764345583357234,0.3229815169942197,274.5426974290305,274.5426974290305
NN,TCGA-LUAD,TCGA-55-6969-11,TCGA-KN-8427-11,0.001096397927420868,0.2838535627734048,258.896478800478,258.896478800478
NN,TCGA-LUAD,TCGA-55-6969-11,TCGA-KN-8428-11,0.0010351509973477134,0.3520509128117528,340.0961924528744,340.0961924528744
NN,TCGA-LUAD,TCGA-55-6969-11,TCGA-KN-8429-11,0.0021208679199948366,0.2870852659646919,135.362161527433,135.362161527433
NN,TCGA-LUAD,TCGA-55-6969-11,TCGA-KN-8430-11,0.0014836814216132683,0.1853369176638565,124.91692284070793,124.91692284070793
NN,TCGA-LUAD,TCGA-55-6969-11,TCGA-KN-8431-11,0.0013810793970560529,0.20096571832142235,145.51351555153633,145.51351555153633
NN,TCGA-LUAD,TCGA-55-6969-11,TCGA-KN-8432-11,0.004649985614705988,0.28949124202088194,62.2563736768003,62.2563736768003
NN,TCGA-LUAD,TCGA-55-6969-11,TCGA-KN-8433-11,0.0012764671141307477,0.24010690582223515,188.10269623416335,188.10269623416335
NN,TCGA-LUAD,TCGA-55-6969-11,TCGA-KN-8434-11,0.0013870157145378947,0.31632052435502206,228.05835654169863,228.05835654169863
NN,TCGA-LUAD,TCGA-55-6969-11,TCGA-KN-8435-11,0.0010227181620478107,0.36298671672670146,354.9235069805403,354.9235069805403
NN,TCGA-LUAD,TCGA-55-6969-11,TCGA-KN-8436-11,0.0012007798727723075,0.2534469402860824,211.06861135249986,211.06861135249986
NN,TCGA-LUAD,TCGA-55-6969-11,TCGA-KN-8437-11,0.0006269355288936245,0.34631367483420217,552.3912091014435,552.3912091014435
NN,TCGA-LUAD,TCGA-55-6970-11,TCGA-55-6971-11,0.0002847542536146641,0.17154835369957822,602.4435158454958,602.4435158454958
NN,TCGA-LUAD,TCGA-55-6970-11,TCGA-55-6972-11,0.00033602816692917273,0.16166244866828328,481.0979095760092,481.0979095760092
NN,TCGA-LUAD,TCGA-55-6970-11,TCGA-55-6975-11,0.0002277613123686297,0.16636069716699292,730.4168361031376,730.4168361031376
NN,TCGA-LUAD,TCGA-55-6970-11,TCGA-55-6978-11,0.0003112087197705555,0.20362329430993237,654.2981651030135,654.2981651030135
NN,TCGA-LUAD,TCGA-55-6970-11,TCGA-55-6979-11,0.0003279057209633569,0.19313058925153492,588.9820668091272,588.9820668091272
NN,TCGA-LUAD,TCGA-55-6970-11,TCGA-55-6980-11,0.0005154092102186765,0.1842061672944834,357.3978959676116,357.3978959676116
NN,TCGA-LUAD,TCGA-55-6970-11,TCGA-55-6981-11,0.0003018977559935851,0.21170614309608662,701.2511318586452,701.2511318586452
NN,TCGA-LUAD,TCGA-55-6970-11,TCGA-55-6982-11,0.00024458518400912143,0.17150651377189394,701.2138305380666,701.2138305380666
NN,TCGA-LUAD,TCGA-55-6970-11,TCGA-55-6983-11,0.00029161755597556017,0.20469536181984016,701.9308598724942,701.9308598724942
NN,TCGA-LUAD,TCGA-55-6970-11,TCGA-55-6984-11,0.0004204661132321785,0.1838434947604601,437.2373634280083,437.2373634280083
NN,TCGA-LUAD,TCGA-55-6970-11,TCGA-55-6985-11,0.00019503456055665992,0.15794607438640776,809.8363384192234,809.8363384192234
NN,TCGA-LUAD,TCGA-55-6970-11,TCGA-55-6986-11,0.00045464959039791556,0.17250461970276398,379.4232379089698,379.4232379089698
NN,TCGA-LUAD,TCGA-55-6970-11,TCGA-73-4676-11,0.0020641409863186816,0.1542788658757474,74.74240708281172,74.74240708281172
NN,TCGA-LUAD,TCGA-55-6970-11,TCGA-91-6828-11,0.0003469560678760387,0.231971754645725,668.5911448840965,668.5911448840965
NN,TCGA-LUAD,TCGA-55-6970-11,TCGA-91-6829-11,0.000848351249337062,0.20253908546718752,238.74437106736184,238.74437106736184
NN,TCGA-LUAD,TCGA-55-6970-11,TCGA-91-6831-11,0.0005090493470602764,0.15483151094046194,304.1581564431874,304.1581564431874
NN,TCGA-LUAD,TCGA-55-6970-11,TCGA-91-6835-11,0.0005745680671393236,0.18049280733051326,314.13650993372494,314.13650993372494
NN,TCGA-LUAD,TCGA-55-6970-11,TCGA-91-6836-11,0.00028312828174779383,0.15721080568457957,555.2635177033302,555.2635177033302
NN,TCGA-LUAD,TCGA-55-6970-11,TCGA-91-6847-11,0.0004920243296122001,0.24511693102850934,498.1805091258468,498.1805091258468
NN,TCGA-LUAD,TCGA-55-6970-11,TCGA-91-6849-11,0.0002934565677119332,0.19473568978817174,663.5928829486304,663.5928829486304
NN,TCGA-LUAD,TCGA-55-6970-11,TCGA-KN-8419-11,0.0017216007798641511,0.3183369218547035,184.9075149000705,184.9075149000705
NN,TCGA-LUAD,TCGA-55-6970-11,TCGA-KN-8422-11,0.0010576818787561275,0.29309452787449886,277.11028595780493,277.11028595780493
NN,TCGA-LUAD,TCGA-55-6970-11,TCGA-KN-8423-11,0.0010652895029296906,0.3130132116005173,293.8292461717576,293.8292461717576
NN,TCGA-LUAD,TCGA-55-6970-11,TCGA-KN-8424-11,0.001729541956332975,0.193795916144437,112.05042782271019,112.05042782271019
NN,TCGA-LUAD,TCGA-55-6970-11,TCGA-KN-8425-11,0.0016672184819322465,0.21298814158438337,127.75058811580456,127.75058811580456
NN,TCGA-LUAD,TCGA-55-6970-11,TCGA-KN-8426-11,0.0009851249351238507,0.3287849322876898,333.7494774166433,333.7494774166433
NN,TCGA-LUAD,TCGA-55-6970-11,TCGA-KN-8427-11,0.0012780733920364296,0.297793595367603,233.0019521751493,233.0019521751493
NN,TCGA-LUAD,TCGA-55-6970-11,TCGA-KN-8428-11,0.001164292383012799,0.35490578471119927,304.82530839274403,304.82530839274403
NN,TCGA-LUAD,TCGA-55-6970-11,TCGA-KN-8429-11,0.002214183507214912,0.23896242965563314,107.92349815495173,107.92349815495173
NN,TCGA-LUAD,TCGA-55-6970-11,TCGA-KN-8430-11,0.0020385174770950767,0.2316025144821971,113.61321013162701,113.61321013162701
NN,TCGA-LUAD,TCGA-55-6970-11,TCGA-KN-8431-11,0.001469164227676871,0.23006891377960093,156.59849964043804,156.59849964043804
NN,TCGA-LUAD,TCGA-55-6970-11,TCGA-KN-8432-11,0.004471896421348351,0.2849654386427811,63.72362232774151,63.72362232774151
NN,TCGA-LUAD,TCGA-55-6970-11,TCGA-KN-8433-11,0.001394544465740656,0.25982353027106325,186.3142672421481,186.3142672421481
NN,TCGA-LUAD,TCGA-55-6970-11,TCGA-KN-8434-11,0.0015996777942185148,0.3156864166376733,197.3437512095331,197.3437512095331
NN,TCGA-LUAD,TCGA-55-6970-11,TCGA-KN-8435-11,0.0010237881579985572,0.3654224991836843,356.9317503125478,356.9317503125478
NN,TCGA-LUAD,TCGA-55-6970-11,TCGA-KN-8436-11,0.0014695972892855788,0.26496011338395103,180.29436724992678,180.29436724992678
NN,TCGA-LUAD,TCGA-55-6970-11,TCGA-KN-8437-11,0.0006790625275826528,0.355318436477462,523.2484816123417,523.2484816123417
NN,TCGA-LUAD,TCGA-55-6971-11,TCGA-55-6972-11,0.0002098294741898959,0.15521540785149202,739.7216642263608,739.7216642263608
NN,TCGA-LUAD,TCGA-55-6971-11,TCGA-55-6975-11,0.00023177423771367545,0.1794099549277043,774.0720310310766,774.0720310310766
NN,TCGA-LUAD,TCGA-55-6971-11,TCGA-55-6978-11,0.00024856717116468176,0.21752809416534574,875.1280112578829,875.1280112578829
NN,TCGA-LUAD,TCGA-55-6971-11,TCGA-55-6979-11,0.0004026602719835678,0.17847587552504526,443.24182926178696,443.24182926178696
NN,TCGA-LUAD,TCGA-55-6971-11,TCGA-55-6980-11,0.00021894560197540514,0.1853684899889803,846.6417608598658,846.6417608598658
NN,TCGA-LUAD,TCGA-55-6971-11,TCGA-55-6981-11,0.00019253426480054814,0.1754807914446573,911.4262940492331,911.4262940492331
NN,TCGA-LUAD,TCGA-55-6971-11,TCGA-55-6982-11,0.00016593932957561881,0.15567403073864328,938.1382408665354,938.1382408665354
NN,TCGA-LUAD,TCGA-55-6971-11,TCGA-55-6983-11,0.00041278645585539147,0.21666495906583957,524.8838860685445,524.8838860685445
NN,TCGA-LUAD,TCGA-55-6971-11,TCGA-55-6984-11,0.00032412275469566245,0.20588274243555107,635.1999032862295,635.1999032862295
NN,TCGA-LUAD,TCGA-55-6971-11,TCGA-55-6985-11,0.00026763439087622797,0.12527425309305856,468.0798035069931,468.0798035069931
NN,TCGA-LUAD,TCGA-55-6971-11,TCGA-55-6986-11,0.0002929169499092018,0.14295660534526042,488.0448379295702,488.0448379295702
NN,TCGA-LUAD,TCGA-55-6971-11,TCGA-73-4676-11,0.0020817376462132138,0.17256287759278083,82.89367197959908,82.89367197959908
NN,TCGA-LUAD,TCGA-55-6971-11,TCGA-91-6828-11,0.00035044773123658673,0.21533935305351604,614.4692456523303,614.4692456523303
NN,TCGA-LUAD,TCGA-55-6971-11,TCGA-91-6829-11,0.0006018959998292284,0.22254665956104236,369.74271240244815,369.74271240244815
NN,TCGA-LUAD,TCGA-55-6971-11,TCGA-91-6831-11,0.0007657405286915912,0.14609624147247208,190.79079139523205,190.79079139523205
NN,TCGA-LUAD,TCGA-55-6971-11,TCGA-91-6835-11,0.0004305988096341205,0.1122064329869834,260.58231113626425,260.58231113626425
NN,TCGA-LUAD,TCGA-55-6971-11,TCGA-91-6836-11,0.000307806009345409,0.1690588706998925,549.2383695153288,549.2383695153288
NN,TCGA-LUAD,TCGA-55-6971-11,TCGA-91-6847-11,0.00038124743433743915,0.22786051034564633,597.6709344723583,597.6709344723583
NN,TCGA-LUAD,TCGA-55-6971-11,TCGA-91-6849-11,0.0003822461041368808,0.16496251810761803,431.5610187319152,431.5610187319152
NN,TCGA-LUAD,TCGA-55-6971-11,TCGA-KN-8419-11,0.0019709716559787047,0.3478608761884777,176.49207442089983,176.49207442089983
NN,TCGA-LUAD,TCGA-55-6971-11,TCGA-KN-8422-11,0.0009752299457384242,0.3429169912008844,351.62680627206817,351.62680627206817
NN,TCGA-LUAD,TCGA-55-6971-11,TCGA-KN-8423-11,0.001129991895878547,0.3441745501886675,304.5814323483076,304.5814323483076
NN,TCGA-LUAD,TCGA-55-6971-11,TCGA-KN-8424-11,0.001572901693760778,0.23430691669089118,148.96475578881717,148.96475578881717
NN,TCGA-LUAD,TCGA-55-6971-11,TCGA-KN-8425-11,0.001578084263799389,0.2571280435399297,162.93682754358713,162.93682754358713
NN,TCGA-LUAD,TCGA-55-6971-11,TCGA-KN-8426-11,0.0010758365424000534,0.36368258721081126,338.0463229102462,338.0463229102462
NN,TCGA-LUAD,TCGA-55-6971-11,TCGA-KN-8427-11,0.001338180192946362,0.3372264075349489,252.00373560488492,252.00373560488492
NN,TCGA-LUAD,TCGA-55-6971-11,TCGA-KN-8428-11,0.0011537292335420126,0.37372159307262826,323.92487093811627,323.92487093811627
NN,TCGA-LUAD,TCGA-55-6971-11,TCGA-KN-8429-11,0.0022065093066435055,0.31319042372416417,141.9393169025798,141.9393169025798
NN,TCGA-LUAD,TCGA-55-6971-11,TCGA-KN-8430-11,0.001879607715123824,0.2240648251803246,119.2082919097636,119.2082919097636
NN,TCGA-LUAD,TCGA-55-6971-11,TCGA-KN-8431-11,0.0014659555661316864,0.2690702423682698,183.5459740968024,183.5459740968024
NN,TCGA-LUAD,TCGA-55-6971-11,TCGA-KN-8432-11,0.004553271571688283,0.2716034645585331,59.650179059674834,59.650179059674834
NN,TCGA-LUAD,TCGA-55-6971-11,TCGA-KN-8433-11,0.001413061546596464,0.31117332790605634,220.21215470448286,220.21215470448286
NN,TCGA-LUAD,TCGA-55-6971-11,TCGA-KN-8434-11,0.001546796871387365,0.35481167050917106,229.38478676319704,229.38478676319704
NN,TCGA-LUAD,TCGA-55-6971-11,TCGA-KN-8435-11,0.0010274972515168157,0.3950775545260314,384.5047312222087,384.5047312222087
NN,TCGA-LUAD,TCGA-55-6971-11,TCGA-KN-8436-11,0.0012371580436995482,0.2998529785933384,242.37241160932842,242.37241160932842
NN,TCGA-LUAD,TCGA-55-6971-11,TCGA-KN-8437-11,0.0006516800379807344,0.3819785791960102,586.1443606276346,586.1443606276346
NN,TCGA-LUAD,TCGA-55-6972-11,TCGA-55-6975-11,0.0003315214048512727,0.16584541799155067,500.25553573517317,500.25553573517317
NN,TCGA-LUAD,TCGA-55-6972-11,TCGA-55-6978-11,0.000231484739936925,0.18205143086336018,786.4511108290144,786.4511108290144
NN,TCGA-LUAD,TCGA-55-6972-11,TCGA-55-6979-11,0.00040061629376188007,0.21071782717772253,525.9841660433558,525.9841660433558
NN,TCGA-LUAD,TCGA-55-6972-11,TCGA-55-6980-11,0.00014599679281992873,0.14588446410642464,999.2306083487557,999.2306083487557
NN,TCGA-LUAD,TCGA-55-6972-11,TCGA-55-6981-11,0.0001523116029798128,0.1906510456936008,1251.7171506550912,1251.7171506550912
NN,TCGA-LUAD,TCGA-55-6972-11,TCGA-55-6982-11,0.00020377859601860367,0.1475244177890217,723.9446176945575,723.9446176945575
NN,TCGA-LUAD,TCGA-55-6972-11,TCGA-55-6983-11,0.00045385719696672093,0.1801957775644017,397.0318830872578,397.0318830872578
NN,TCGA-LUAD,TCGA-55-6972-11,TCGA-55-6984-11,0.0003274211836582706,0.1385041019364795,423.01509141520967,423.01509141520967
NN,TCGA-LUAD,TCGA-55-6972-11,TCGA-55-6985-11,0.0003391434511560773,0.14594380599936219,430.3306034713828,430.3306034713828
NN,TCGA-LUAD,TCGA-55-6972-11,TCGA-55-6986-11,0.00021050015443493686,0.13783725979326844,654.8083547172519,654.8083547172519
NN,TCGA-LUAD,TCGA-55-6972-11,TCGA-73-4676-11,0.0021172897079351554,0.06872073113857226,32.45693344704858,32.45693344704858
NN,TCGA-LUAD,TCGA-55-6972-11,TCGA-91-6828-11,0.0004020025714578751,0.19479181655900424,484.5536580837917,484.5536580837917
NN,TCGA-LUAD,TCGA-55-6972-11,TCGA-91-6829-11,0.0006777483927870248,0.152854917757079,225.53342712995854,225.53342712995854
NN,TCGA-LUAD,TCGA-55-6972-11,TCGA-91-6831-11,0.000935874331949806,0.13802888388993145,147.48655794668636,147.48655794668636
NN,TCGA-LUAD,TCGA-55-6972-11,TCGA-91-6835-11,0.000423579225340912,0.16833236496857654,397.4046763816061,397.4046763816061
NN,TCGA-LUAD,TCGA-55-6972-11,TCGA-91-6836-11,0.00038012524106142325,0.1401600732050898,368.7207742735552,368.7207742735552
NN,TCGA-LUAD,TCGA-55-6972-11,TCGA-91-6847-11,0.0003154922683490959,0.20584204775568127,652.4472020592107,652.4472020592107
NN,TCGA-LUAD,TCGA-55-6972-11,TCGA-91-6849-11,0.00023912213489437283,0.15951356826512614,667.0798934426873,667.0798934426873
NN,TCGA-LUAD,TCGA-55-6972-11,TCGA-KN-8419-11,0.0019575644381806733,0.3141386300866882,160.47422192581473,160.47422192581473
NN,TCGA-LUAD,TCGA-55-6972-11,TCGA-KN-8422-11,0.0009177198628475463,0.3102096073978208,338.022113235391,338.022113235391
NN,TCGA-LUAD,TCGA-55-6972-11,TCGA-KN-8423-11,0.0010982391482845157,0.3127467812088812,284.77110991481374,284.77110991481374
NN,TCGA-LUAD,TCGA-55-6972-11,TCGA-KN-8424-11,0.0014962681502306708,0.21915406729068937,146.4671070201579,146.4671070201579
NN,TCGA-LUAD,TCGA-55-6972-11,TCGA-KN-8425-11,0.001542276236715392,0.2324341543483994,150.70851045686717,150.70851045686717
NN,TCGA-LUAD,TCGA-55-6972-11,TCGA-KN-8426-11,0.0011292201514840486,0.3328686628872664,294.777473152425,294.777473152425
NN,TCGA-LUAD,TCGA-55-6972-11,TCGA-KN-8427-11,0.0012001231676864292,0.29041818815355686,241.99031897152574,241.99031897152574
NN,TCGA-LUAD,TCGA-55-6972-11,TCGA-KN-8428-11,0.001075623972674585,0.34023465068194025,316.3137484151941,316.3137484151941
NN,TCGA-LUAD,TCGA-55-6972-11,TCGA-KN-8429-11,0.002214189578301158,0.26793634688050716,121.00876524135839,121.00876524135839
NN,TCGA-LUAD,TCGA-55-6972-11,TCGA-KN-8430-11,0.0017281485754236836,0.1942033948118648,112.37656158368947,112.37656158368947
NN,TCGA-LUAD,TCGA-55-6972-11,TCGA-KN-8431-11,0.0013882122281567658,0.2363607890489844,170.26271938464225,170.26271938464225
NN,TCGA-LUAD,TCGA-55-6972-11,TCGA-KN-8432-11,0.004691338700534398,0.26080556338343575,55.592993819381874,55.592993819381874
NN,TCGA-LUAD,TCGA-55-6972-11,TCGA-KN-8433-11,0.0013732976443874081,0.2687522971113647,195.69850586268794,195.69850586268794
NN,TCGA-LUAD,TCGA-55-6972-11,TCGA-KN-8434-11,0.0014678605545420842,0.3273359147055835,223.00205131385906,223.00205131385906
NN,TCGA-LUAD,TCGA-55-6972-11,TCGA-KN-8435-11,0.001035884386725742,0.3611359345900944,348.625714623989,348.625714623989
NN,TCGA-LUAD,TCGA-55-6972-11,TCGA-KN-8436-11,0.0012016572966234997,0.270147724792157,224.8126196638899,224.8126196638899
NN,TCGA-LUAD,TCGA-55-6972-11,TCGA-KN-8437-11,0.000512223939127908,0.3325696375353972,649.2660965858349,649.2660965858349
NN,TCGA-LUAD,TCGA-55-6975-11,TCGA-55-6978-11,0.00030999004301698283,0.22824492923036663,736.2976146232613,736.2976146232613
NN,TCGA-LUAD,TCGA-55-6975-11,TCGA-55-6979-11,0.0003825727390069419,0.19307898645503374,504.6856892004797,504.6856892004797
NN,TCGA-LUAD,TCGA-55-6975-11,TCGA-55-6980-11,0.00039010993874560363,0.1856325174130037,475.8466754523201,475.8466754523201
NN,TCGA-LUAD,TCGA-55-6975-11,TCGA-55-6981-11,0.0002845291981286363,0.2446805486675057,859.9488216913508,859.9488216913508
NN,TCGA-LUAD,TCGA-55-6975-11,TCGA-55-6982-11,0.0002951220787946391,0.1769304178738165,599.516032810726,599.516032810726
NN,TCGA-LUAD,TCGA-55-6975-11,TCGA-55-6983-11,0.0003193495483394303,0.21775564482654455,681.8724058287892,681.8724058287892
NN,TCGA-LUAD,TCGA-55-6975-11,TCGA-55-6984-11,0.0004181483001201776,0.2520150916361362,602.6930913355525,602.6930913355525
NN,TCGA-LUAD,TCGA-55-6975-11,TCGA-55-6985-11,0.00032650649656344353,0.15982317814388342,489.4946343367111,489.4946343367111
NN,TCGA-LUAD,TCGA-55-6975-11,TCGA-55-6986-11,0.0004574654922475061,0.19311720023606077,422.14593998617295,422.14593998617295
NN,TCGA-LUAD,TCGA-55-6975-11,TCGA-73-4676-11,0.00210175632026578,0.17813737618437156,84.75643654153257,84.75643654153257
NN,TCGA-LUAD,TCGA-55-6975-11,TCGA-91-6828-11,0.00029325569781177264,0.2375936694501782,810.1928495271,810.1928495271
NN,TCGA-LUAD,TCGA-55-6975-11,TCGA-91-6829-11,0.0008994219896130646,0.2560015578897657,284.6289737700306,284.6289737700306
NN,TCGA-LUAD,TCGA-55-6975-11,TCGA-91-6831-11,0.0006565181239252332,0.14761683568382286,224.8480739590885,224.8480739590885
NN,TCGA-LUAD,TCGA-55-6975-11,TCGA-91-6835-11,0.0005213868592451659,0.13920224058758113,266.9845588151381,266.9845588151381
NN,TCGA-LUAD,TCGA-55-6975-11,TCGA-91-6836-11,0.0003175758581481544,0.2080483884436348,655.1139927852349,655.1139927852349
NN,TCGA-LUAD,TCGA-55-6975-11,TCGA-91-6847-11,0.00045154277217837694,0.27581044295958845,610.8179777277724,610.8179777277724
NN,TCGA-LUAD,TCGA-55-6975-11,TCGA-91-6849-11,0.0003225086186670801,0.19050880304532455,590.7091842465871,590.7091842465871
NN,TCGA-LUAD,TCGA-55-6975-11,TCGA-KN-8419-11,0.0016062678326498358,0.3488262350889755,217.1656731203551,217.1656731203551
NN,TCGA-LUAD,TCGA-55-6975-11,TCGA-KN-8422-11,0.0009275465647335941,0.3402851932382529,366.8658870360736,366.8658870360736
NN,TCGA-LUAD,TCGA-55-6975-11,TCGA-KN-8423-11,0.00103062500016161,0.33886505519974786,328.7956872253353,328.7956872253353
NN,TCGA-LUAD,TCGA-55-6975-11,TCGA-KN-8424-11,0.0016609036824442045,0.26501224439712934,159.55906847478016,159.55906847478016
NN,TCGA-LUAD,TCGA-55-6975-11,TCGA-KN-8425-11,0.0015323186899013125,0.26984303744180793,176.10111996949337,176.10111996949337
NN,TCGA-LUAD,TCGA-55-6975-11,TCGA-KN-8426-11,0.0009374639275555609,0.34987741260035043,373.21693381062295,373.21693381062295
NN,TCGA-LUAD,TCGA-55-6975-11,TCGA-KN-8427-11,0.0012031923743439942,0.3426272548639525,284.76514825882276,284.76514825882276
NN,TCGA-LUAD,TCGA-55-6975-11,TCGA-KN-8428-11,0.0011137731830676673,0.36487866973304867,327.60590332051515,327.60590332051515
NN,TCGA-LUAD,TCGA-55-6975-11,TCGA-KN-8429-11,0.002045885439289882,0.28998575367520124,141.74095387073777,141.74095387073777
NN,TCGA-LUAD,TCGA-55-6975-11,TCGA-KN-8430-11,0.0018499570893393488,0.23157412761845544,125.17810761824455,125.17810761824455
NN,TCGA-LUAD,TCGA-55-6975-11,TCGA-KN-8431-11,0.001428397528034565,0.269182671079378,188.45080994347967,188.45080994347967
NN,TCGA-LUAD,TCGA-55-6975-11,TCGA-KN-8432-11,0.00446783036823215,0.28246525274663664,63.222018175771446,63.222018175771446
NN,TCGA-LUAD,TCGA-55-6975-11,TCGA-KN-8433-11,0.0012876482297965587,0.3118398524536188,242.17782872492106,242.17782872492106
NN,TCGA-LUAD,TCGA-55-6975-11,TCGA-KN-8434-11,0.0015222671544523631,0.35575695254490564,233.70204862160972,233.70204862160972
NN,TCGA-LUAD,TCGA-55-6975-11,TCGA-KN-8435-11,0.0009595998033790048,0.3993438419039933,416.1566524897129,416.1566524897129
NN,TCGA-LUAD,TCGA-55-6975-11,TCGA-KN-8436-11,0.0012959557151071975,0.296657842559289,228.91047826796333,228.91047826796333
NN,TCGA-LUAD,TCGA-55-6975-11,TCGA-KN-8437-11,0.0006132726270544483,0.36757061943442504,599.3592461477838,599.3592461477838
NN,TCGA-LUAD,TCGA-55-6978-11,TCGA-55-6979-11,0.0003442631735948647,0.20711781142463184,601.626393151107,601.626393151107
NN,TCGA-LUAD,TCGA-55-6978-11,TCGA-55-6980-11,0.00029049600111077326,0.18803929477481887,647.3042453452392,647.3042453452392
NN,TCGA-LUAD,TCGA-55-6978-11,TCGA-55-6981-11,0.000268844331686564,0.18757582878669773,697.7116742985146,697.7116742985146
NN,TCGA-LUAD,TCGA-55-6978-11,TCGA-55-6982-11,0.00022473118749341125,0.1979366849426772,880.7708763096372,880.7708763096372
NN,TCGA-LUAD,TCGA-55-6978-11,TCGA-55-6983-11,0.0003180433612858443,0.18106825167017837,569.3193875769715,569.3193875769715
NN,TCGA-LUAD,TCGA-55-6978-11,TCGA-55-6984-11,0.00022678472954289604,0.1853024788463468,817.0853444137961,817.0853444137961
NN,TCGA-LUAD,TCGA-55-6978-11,TCGA-55-6985-11,0.0002324119924661948,0.18826803421015473,810.0616160654404,810.0616160654404
NN,TCGA-LUAD,TCGA-55-6978-11,TCGA-55-6986-11,0.00015953151525800662,0.12159232373275586,762.1837198506353,762.1837198506353
NN,TCGA-LUAD,TCGA-55-6978-11,TCGA-73-4676-11,0.0016405055739113234,0.1520118629754863,92.66159493323563,92.66159493323563
NN,TCGA-LUAD,TCGA-55-6978-11,TCGA-91-6828-11,0.00018874142832735744,0.15383525437366535,815.0582293297579,815.0582293297579
NN,TCGA-LUAD,TCGA-55-6978-11,TCGA-91-6829-11,0.0005944784676522846,0.16689012873873116,280.7336814028167,280.7336814028167
NN,TCGA-LUAD,TCGA-55-6978-11,TCGA-91-6831-11,0.0006850090468429968,0.18637267122548776,272.0732990088584,272.0732990088584
NN,TCGA-LUAD,TCGA-55-6978-11,TCGA-91-6835-11,0.00027266259901127983,0.17629772306996824,646.5783122043626,646.5783122043626
NN,TCGA-LUAD,TCGA-55-6978-11,TCGA-91-6836-11,0.00030098040231430953,0.1791719920688571,595.2945463929254,595.2945463929254
NN,TCGA-LUAD,TCGA-55-6978-11,TCGA-91-6847-11,0.00021780095589212095,0.1599129952839889,734.2162233814779,734.2162233814779
NN,TCGA-LUAD,TCGA-55-6978-11,TCGA-91-6849-11,0.0002147062219867088,0.16489821117581255,768.0178508567881,768.0178508567881
NN,TCGA-LUAD,TCGA-55-6978-11,TCGA-KN-8419-11,0.0015793264194434436,0.3109241031004614,196.87133658539787,196.87133658539787
NN,TCGA-LUAD,TCGA-55-6978-11,TCGA-KN-8422-11,0.0008035374958359037,0.3019994266891524,375.83737940565993,375.83737940565993
NN,TCGA-LUAD,TCGA-55-6978-11,TCGA-KN-8423-11,0.0008883255873458422,0.3211652919680942,361.54006655113756,361.54006655113756
NN,TCGA-LUAD,TCGA-55-6978-11,TCGA-KN-8424-11,0.0012546431334571236,0.28054252579427547,223.60344412936828,223.60344412936828
NN,TCGA-LUAD,TCGA-55-6978-11,TCGA-KN-8425-11,0.0013196870266185164,0.2366877566326534,179.35143095187297,179.35143095187297
NN,TCGA-LUAD,TCGA-55-6978-11,TCGA-KN-8426-11,0.0009245041400389857,0.3360815564803984,363.52628606533455,363.52628606533455
NN,TCGA-LUAD,TCGA-55-6978-11,TCGA-KN-8427-11,0.0009883309805761467,0.31042979966224143,314.09498008579743,314.09498008579743
NN,TCGA-LUAD,TCGA-55-6978-11,TCGA-KN-8428-11,0.0008742355988813914,0.35268770506958474,403.42409474157586,403.42409474157586
NN,TCGA-LUAD,TCGA-55-6978-11,TCGA-KN-8429-11,0.0018123238077209032,0.3165115836250111,174.64405768803633,174.64405768803633
NN,TCGA-LUAD,TCGA-55-6978-11,TCGA-KN-8430-11,0.0016030184702844963,0.21704840288748758,135.3998141075485,135.3998141075485
NN,TCGA-LUAD,TCGA-55-6978-11,TCGA-KN-8431-11,0.0011572578545234204,0.2508423270433444,216.75577837978537,216.75577837978537
NN,TCGA-LUAD,TCGA-55-6978-11,TCGA-KN-8432-11,0.004053595100993932,0.30733922610472264,75.81892578007206,75.81892578007206
NN,TCGA-LUAD,TCGA-55-6978-11,TCGA-KN-8433-11,0.0011079132134750383,0.28212630332042177,254.64657329567825,254.64657329567825
NN,TCGA-LUAD,TCGA-55-6978-11,TCGA-KN-8434-11,0.0012333487698295738,0.34150142553376317,276.8895821584615,276.8895821584615
NN,TCGA-LUAD,TCGA-55-6978-11,TCGA-KN-8435-11,0.0008608087854649226,0.3744393044745326,434.98545878838587,434.98545878838587
NN,TCGA-LUAD,TCGA-55-6978-11,TCGA-KN-8436-11,0.0010502165468950725,0.27569537570242797,262.51288509737486,262.51288509737486
NN,TCGA-LUAD,TCGA-55-6978-11,TCGA-KN-8437-11,0.0005281086991597822,0.35760994542797786,677.1521582525211,677.1521582525211
NN,TCGA-LUAD,TCGA-55-6979-11,TCGA-55-6980-11,0.0004865256772959725,0.21574173306037836,443.43339545701775,443.43339545701775
NN,TCGA-LUAD,TCGA-55-6979-11,TCGA-55-6981-11,0.00041963285566074427,0.1942287221182894,462.8539436276059,462.8539436276059
NN,TCGA-LUAD,TCGA-55-6979-11,TCGA-55-6982-11,0.0004491602797333732,0.16606544975988974,369.72425491067054,369.72425491067054
NN,TCGA-LUAD,TCGA-55-6979-11,TCGA-55-6983-11,0.00022782902802139657,0.19992129465244862,877.5058050709544,877.5058050709544
NN,TCGA-LUAD,TCGA-55-6979-11,TCGA-55-6984-11,0.00030368019717784514,0.1580693009656018,520.5123759618451,520.5123759618451
NN,TCGA-LUAD,TCGA-55-6979-11,TCGA-55-6985-11,0.00019093404413665288,0.18196661090805683,953.0338695273327,953.0338695273327
NN,TCGA-LUAD,TCGA-55-6979-11,TCGA-55-6986-11,0.0005100758445559946,0.14639995049647508,287.01604292575695,287.01604292575695
NN,TCGA-LUAD,TCGA-55-6979-11,TCGA-73-4676-11,0.0015644507891846818,0.12691836210395058,81.12646494307083,81.12646494307083
NN,TCGA-LUAD,TCGA-55-6979-11,TCGA-91-6828-11,0.00044836080136107453,0.230349149905237,513.7584490124325,513.7584490124325
NN,TCGA-LUAD,TCGA-55-6979-11,TCGA-91-6829-11,0.000511748989815266,0.19608474182062807,383.16586006630286,383.16586006630286
NN,TCGA-LUAD,TCGA-55-6979-11,TCGA-91-6831-11,0.0008353174793516159,0.15172275991552822,181.6348438360195,181.6348438360195
NN,TCGA-LUAD,TCGA-55-6979-11,TCGA-91-6835-11,0.0004859616047222639,0.16060048336160976,330.47977823967375,330.47977823967375
NN,TCGA-LUAD,TCGA-55-6979-11,TCGA-91-6836-11,0.0002185165292575237,0.1565908881288703,716.6088929791051,716.6088929791051
NN,TCGA-LUAD,TCGA-55-6979-11,TCGA-91-6847-11,0.00033191898734490516,0.2031882438801018,612.1621589215199,612.1621589215199
NN,TCGA-LUAD,TCGA-55-6979-11,TCGA-91-6849-11,0.00032567981843071057,0.19032982345224153,584.4077915829924,584.4077915829924
NN,TCGA-LUAD,TCGA-55-6979-11,TCGA-KN-8419-11,0.0017268376217429516,0.36087234622899667,208.97873759824438,208.97873759824438
NN,TCGA-LUAD,TCGA-55-6979-11,TCGA-KN-8422-11,0.0011154622511312037,0.34867097702554645,312.57980865955346,312.57980865955346
NN,TCGA-LUAD,TCGA-55-6979-11,TCGA-KN-8423-11,0.0011410827162939448,0.35528320265759983,311.35622123127337,311.35622123127337
NN,TCGA-LUAD,TCGA-55-6979-11,TCGA-KN-8424-11,0.0015436220045501022,0.23467082367685344,152.02609381384767,152.02609381384767
NN,TCGA-LUAD,TCGA-55-6979-11,TCGA-KN-8425-11,0.001605033948733187,0.2604910227529966,162.29626978207887,162.29626978207887
NN,TCGA-LUAD,TCGA-55-6979-11,TCGA-KN-8426-11,0.0011825316100580532,0.380122271214272,321.44787334320046,321.44787334320046
NN,TCGA-LUAD,TCGA-55-6979-11,TCGA-KN-8427-11,0.001077344095583499,0.34323223372633976,318.5910937214931,318.5910937214931
NN,TCGA-LUAD,TCGA-55-6979-11,TCGA-KN-8428-11,0.0010231761311064059,0.38222065822013196,373.5629151227558,373.5629151227558
NN,TCGA-LUAD,TCGA-55-6979-11,TCGA-KN-8429-11,0.001993468480591166,0.27276675655500493,136.8302329385793,136.8302329385793
NN,TCGA-LUAD,TCGA-55-6979-11,TCGA-KN-8430-11,0.00162907578594528,0.26833955622894295,164.71889063972398,164.71889063972398
NN,TCGA-LUAD,TCGA-55-6979-11,TCGA-KN-8431-11,0.0013968233387338766,0.2652303638500675,189.8811084374352,189.8811084374352
NN,TCGA-LUAD,TCGA-55-6979-11,TCGA-KN-8432-11,0.004320685710880021,0.2887998311043606,66.84120309355686,66.84120309355686
NN,TCGA-LUAD,TCGA-55-6979-11,TCGA-KN-8433-11,0.0011870425950016152,0.3122880088210478,263.08071010764604,263.08071010764604
NN,TCGA-LUAD,TCGA-55-6979-11,TCGA-KN-8434-11,0.001359556869887197,0.35433945927756916,260.62864093869706,260.62864093869706
NN,TCGA-LUAD,TCGA-55-6979-11,TCGA-KN-8435-11,0.0010482849526757764,0.4037166421773709,385.1210886380397,385.1210886380397
NN,TCGA-LUAD,TCGA-55-6979-11,TCGA-KN-8436-11,0.001336340882205668,0.3401134734601584,254.5110143594437,254.5110143594437
NN,TCGA-LUAD,TCGA-55-6979-11,TCGA-KN-8437-11,0.0007895839759505557,0.3736377259139312,473.20834426017865,473.20834426017865
NN,TCGA-LUAD,TCGA-55-6980-11,TCGA-55-6981-11,0.0002058815814735242,0.20580144717426924,999.6107748022847,999.6107748022847
NN,TCGA-LUAD,TCGA-55-6980-11,TCGA-55-6982-11,0.00027203120962007824,0.14677628023014735,539.5567678985684,539.5567678985684
NN,TCGA-LUAD,TCGA-55-6980-11,TCGA-55-6983-11,0.0005700280594532006,0.1914045625350475,335.7809486056745,335.7809486056745
NN,TCGA-LUAD,TCGA-55-6980-11,TCGA-55-6984-11,0.0003512176261178276,0.15148333350561974,431.3090296180057,431.3090296180057
NN,TCGA-LUAD,TCGA-55-6980-11,TCGA-55-6985-11,0.0004289974229309529,0.1552706892356352,361.9385127649729,361.9385127649729
NN,TCGA-LUAD,TCGA-55-6980-11,TCGA-55-6986-11,0.00019803685406395016,0.15883434524345527,802.0443770136058,802.0443770136058
NN,TCGA-LUAD,TCGA-55-6980-11,TCGA-73-4676-11,0.0021541068260727855,0.12947999763269347,60.10843847923373,60.10843847923373
NN,TCGA-LUAD,TCGA-55-6980-11,TCGA-91-6828-11,0.0004890611927684187,0.20561106011165414,420.41990481345664,420.41990481345664
NN,TCGA-LUAD,TCGA-55-6980-11,TCGA-91-6829-11,0.0006610840179081968,0.18827431657312235,284.79635185987445,284.79635185987445
NN,TCGA-LUAD,TCGA-55-6980-11,TCGA-91-6831-11,0.0011425029179501283,0.1893028727536552,165.6913691680554,165.6913691680554
NN,TCGA-LUAD,TCGA-55-6980-11,TCGA-91-6835-11,0.0003444498319447223,0.13627685094449388,395.6362822855543,395.6362822855543
NN,TCGA-LUAD,TCGA-55-6980-11,TCGA-91-6836-11,0.0004537884043053855,0.17492111683271513,385.46845880838913,385.46845880838913
NN,TCGA-LUAD,TCGA-55-6980-11,TCGA-91-6847-11,0.0003342719959299787,0.21805598021444356,652.3309845558244,652.3309845558244
NN,TCGA-LUAD,TCGA-55-6980-11,TCGA-91-6849-11,0.0003878645165634255,0.17209576693291578,443.70072430890656,443.70072430890656
NN,TCGA-LUAD,TCGA-55-6980-11,TCGA-KN-8419-11,0.0020215814952935338,0.38087780761232004,188.40586367606048,188.40586367606048
NN,TCGA-LUAD,TCGA-55-6980-11,TCGA-KN-8422-11,0.0008731738525761941,0.351610942025544,402.6814831756108,402.6814831756108
NN,TCGA-LUAD,TCGA-55-6980-11,TCGA-KN-8423-11,0.001105220431846057,0.3398800511257414,307.52241031052733,307.52241031052733
NN,TCGA-LUAD,TCGA-55-6980-11,TCGA-KN-8424-11,0.001405065662685751,0.25876856978459656,184.1683108887355,184.1683108887355
NN,TCGA-LUAD,TCGA-55-6980-11,TCGA-KN-8425-11,0.001492610284270867,0.22209432811025928,148.79592513242753,148.79592513242753
NN,TCGA-LUAD,TCGA-55-6980-11,TCGA-KN-8426-11,0.0011403441804044305,0.36792135959781114,322.6406254533832,322.6406254533832
NN,TCGA-LUAD,TCGA-55-6980-11,TCGA-KN-8427-11,0.0012134204824649356,0.3394594913456588,279.7542123700456,279.7542123700456
NN,TCGA-LUAD,TCGA-55-6980-11,TCGA-KN-8428-11,0.0010924886278607746,0.370668541722736,339.28823812889476,339.28823812889476
NN,TCGA-LUAD,TCGA-55-6980-11,TCGA-KN-8429-11,0.0021367080962197142,0.3154053423925239,147.61274268139024,147.61274268139024
NN,TCGA-LUAD,TCGA-55-6980-11,TCGA-KN-8430-11,0.001611879469049401,0.2296974712176425,142.50288289428093,142.50288289428093
NN,TCGA-LUAD,TCGA-55-6980-11,TCGA-KN-8431-11,0.0013779177867956143,0.2609352429800841,189.36923921048742,189.36923921048742
NN,TCGA-LUAD,TCGA-55-6980-11,TCGA-KN-8432-11,0.00460480515467784,0.2856771520843879,62.038922926886436,62.038922926886436
NN,TCGA-LUAD,TCGA-55-6980-11,TCGA-KN-8433-11,0.0013453167084201305,0.3243885854986022,241.1243266870202,241.1243266870202
NN,TCGA-LUAD,TCGA-55-6980-11,TCGA-KN-8434-11,0.0013962612013599367,0.36221705014541294,259.41926180618583,259.41926180618583
NN,TCGA-LUAD,TCGA-55-6980-11,TCGA-KN-8435-11,0.0010392881073363546,0.3954291964196154,380.4808249303279,380.4808249303279
NN,TCGA-LUAD,TCGA-55-6980-11,TCGA-KN-8436-11,0.0010680327736920666,0.3219922915828396,301.48165816087203,301.48165816087203
NN,TCGA-LUAD,TCGA-55-6980-11,TCGA-KN-8437-11,0.0005313360050078503,0.35742918375058663,672.6989708617728,672.6989708617728
NN,TCGA-LUAD,TCGA-55-6981-11,TCGA-55-6982-11,0.00017789241109785283,0.1562859861598147,878.5421772368179,878.5421772368179
NN,TCGA-LUAD,TCGA-55-6981-11,TCGA-55-6983-11,0.00046064220975750296,0.2038265601023994,442.48346283702557,442.48346283702557
NN,TCGA-LUAD,TCGA-55-6981-11,TCGA-55-6984-11,0.0004131764673736979,0.14102270692467447,341.31350176128575,341.31350176128575
NN,TCGA-LUAD,TCGA-55-6981-11,TCGA-55-6985-11,0.00033336520289086336,0.18263306392903067,547.8468128805298,547.8468128805298
NN,TCGA-LUAD,TCGA-55-6981-11,TCGA-55-6986-11,0.0002421337379445579,0.154188720221454,636.7915579643802,636.7915579643802
NN,TCGA-LUAD,TCGA-55-6981-11,TCGA-73-4676-11,0.0023108629600407833,0.15374406284640274,66.53101698583173,66.53101698583173
NN,TCGA-LUAD,TCGA-55-6981-11,TCGA-91-6828-11,0.0003771409285783407,0.1956653851718273,518.8123864185246,518.8123864185246
NN,TCGA-LUAD,TCGA-55-6981-11,TCGA-91-6829-11,0.0007123651321541883,0.19965608151962444,280.27211398719857,280.27211398719857
NN,TCGA-LUAD,TCGA-55-6981-11,TCGA-91-6831-11,0.0009067034777261554,0.17056526897244248,188.11582084165886,188.11582084165886
NN,TCGA-LUAD,TCGA-55-6981-11,TCGA-91-6835-11,0.00040213397874655656,0.18723711849610275,465.6087980421775,465.6087980421775
NN,TCGA-LUAD,TCGA-55-6981-11,TCGA-91-6836-11,0.00041984696623024456,0.16909463940940675,402.75303386776187,402.75303386776187
NN,TCGA-LUAD,TCGA-55-6981-11,TCGA-91-6847-11,0.00041188165006025276,0.1402123960158345,340.4191373792042,340.4191373792042
NN,TCGA-LUAD,TCGA-55-6981-11,TCGA-91-6849-11,0.0002964361128285774,0.16913090037333134,570.5475583237596,570.5475583237596
NN,TCGA-LUAD,TCGA-55-6981-11,TCGA-KN-8419-11,0.0019179788794447218,0.31886189583714786,166.2489088146071,166.2489088146071
NN,TCGA-LUAD,TCGA-55-6981-11,TCGA-KN-8422-11,0.0008902743696252738,0.2961525725047898,332.65314897186545,332.65314897186545
NN,TCGA-LUAD,TCGA-55-6981-11,TCGA-KN-8423-11,0.00107970740955792,0.31326135700928814,290.1354146838274,290.1354146838274
NN,TCGA-LUAD,TCGA-55-6981-11,TCGA-KN-8424-11,0.0015485900702945162,0.223358213930206,144.2332727134993,144.2332727134993
NN,TCGA-LUAD,TCGA-55-6981-11,TCGA-KN-8425-11,0.0015506033836906916,0.21862323946564066,140.99236578813682,140.99236578813682
NN,TCGA-LUAD,TCGA-55-6981-11,TCGA-KN-8426-11,0.0010329758799456762,0.32556180871635093,315.16883892145876,315.16883892145876
NN,TCGA-LUAD,TCGA-55-6981-11,TCGA-KN-8427-11,0.0012034210591305087,0.2674741219964152,222.26146033182232,222.26146033182232
NN,TCGA-LUAD,TCGA-55-6981-11,TCGA-KN-8428-11,0.0011151738227403187,0.34055905517147744,305.3865220173668,305.3865220173668
NN,TCGA-LUAD,TCGA-55-6981-11,TCGA-KN-8429-11,0.0021898217213907863,0.28591065231617785,130.5634378923742,130.5634378923742
NN,TCGA-LUAD,TCGA-55-6981-11,TCGA-KN-8430-11,0.0017574868798318653,0.20155426857347494,114.683228015197,114.683228015197
NN,TCGA-LUAD,TCGA-55-6981-11,TCGA-KN-8431-11,0.001416411091767825,0.2514558072867198,177.5302443959807,177.5302443959807
NN,TCGA-LUAD,TCGA-55-6981-11,TCGA-KN-8432-11,0.004739131734110702,0.2497145078966297,52.692037678393135,52.692037678393135
NN,TCGA-LUAD,TCGA-55-6981-11,TCGA-KN-8433-11,0.0013901264740158433,0.2713709437284227,195.21313261841374,195.21313261841374
NN,TCGA-LUAD,TCGA-55-6981-11,TCGA-KN-8434-11,0.0015119057304405984,0.3159523754068968,208.97624041336374,208.97624041336374
NN,TCGA-LUAD,TCGA-55-6981-11,TCGA-KN-8435-11,0.0010061266940780142,0.3601025104797798,357.9097071962368,357.9097071962368
NN,TCGA-LUAD,TCGA-55-6981-11,TCGA-KN-8436-11,0.0011899811291553176,0.27271020190448325,229.17187106829223,229.17187106829223
NN,TCGA-LUAD,TCGA-55-6981-11,TCGA-KN-8437-11,0.0004976801980156585,0.37497640993246806,753.4485226206855,753.4485226206855
NN,TCGA-LUAD,TCGA-55-6982-11,TCGA-55-6983-11,0.00046023121916236,0.167194716010852,363.28416902085297,363.28416902085297
NN,TCGA-LUAD,TCGA-55-6982-11,TCGA-55-6984-11,0.0004059540407102138,0.11300171591204602,278.3608600479756,278.3608600479756
NN,TCGA-LUAD,TCGA-55-6982-11,TCGA-55-6985-11,0.000315736519018016,0.15832232915458144,501.43812837040724,501.43812837040724
NN,TCGA-LUAD,TCGA-55-6982-11,TCGA-55-6986-11,0.0002367475072303379,0.15261800213086502,644.6446001324903,644.6446001324903
NN,TCGA-LUAD,TCGA-55-6982-11,TCGA-73-4676-11,0.002333881270321365,0.1352640644341186,57.95670334827844,57.95670334827844
NN,TCGA-LUAD,TCGA-55-6982-11,TCGA-91-6828-11,0.0003688229791706258,0.17508886415683023,474.7233064234595,474.7233064234595
NN,TCGA-LUAD,TCGA-55-6982-11,TCGA-91-6829-11,0.0007739856374062452,0.16524378591234362,213.49722517604212,213.49722517604212
NN,TCGA-LUAD,TCGA-55-6982-11,TCGA-91-6831-11,0.0008479813273149473,0.16614470282378552,195.92967141135878,195.92967141135878
NN,TCGA-LUAD,TCGA-55-6982-11,TCGA-91-6835-11,0.0003691548965100944,0.14975767439235904,405.6770634986389,405.6770634986389
NN,TCGA-LUAD,TCGA-55-6982-11,TCGA-91-6836-11,0.00038897148827877364,0.1287995044779967,331.1283946490362,331.1283946490362
NN,TCGA-LUAD,TCGA-55-6982-11,TCGA-91-6847-11,0.0003832985486924757,0.13511724759347898,352.5117641441552,352.5117641441552
NN,TCGA-LUAD,TCGA-55-6982-11,TCGA-91-6849-11,0.0003119047188945367,0.1647264929490277,528.1308135794063,528.1308135794063
NN,TCGA-LUAD,TCGA-55-6982-11,TCGA-KN-8419-11,0.0019729962760492046,0.30673843019907787,155.46832699213272,155.46832699213272
NN,TCGA-LUAD,TCGA-55-6982-11,TCGA-KN-8422-11,0.0008516226944482003,0.2982760770675687,350.2443969753923,350.2443969753923
NN,TCGA-LUAD,TCGA-55-6982-11,TCGA-KN-8423-11,0.0010093711555218348,0.2759334336579315,273.3716256388134,273.3716256388134
NN,TCGA-LUAD,TCGA-55-6982-11,TCGA-KN-8424-11,0.0016225307994873028,0.2019527965601631,124.46777381605168,124.46777381605168
NN,TCGA-LUAD,TCGA-55-6982-11,TCGA-KN-8425-11,0.001532576949860631,0.19926494846431692,130.01953897482122,130.01953897482122
NN,TCGA-LUAD,TCGA-55-6982-11,TCGA-KN-8426-11,0.0009992130321130025,0.329064597765019,329.32376499249324,329.32376499249324
NN,TCGA-LUAD,TCGA-55-6982-11,TCGA-KN-8427-11,0.0012731941978741308,0.2973081583094742,233.51359816585213,233.51359816585213
NN,TCGA-LUAD,TCGA-55-6982-11,TCGA-KN-8428-11,0.0010919703306436343,0.3312964668676487,303.3932860358709,303.3932860358709
NN,TCGA-LUAD,TCGA-55-6982-11,TCGA-KN-8429-11,0.002384058101648979,0.26940728188752455,113.00365611944773,113.00365611944773
NN,TCGA-LUAD,TCGA-55-6982-11,TCGA-KN-8430-11,0.0019276665269401362,0.21298441817930125,110.48820696045395,110.48820696045395
NN,TCGA-LUAD,TCGA-55-6982-11,TCGA-KN-8431-11,0.0013937137343448067,0.21751509120996132,156.06870037211513,156.06870037211513
NN,TCGA-LUAD,TCGA-55-6982-11,TCGA-KN-8432-11,0.004844669412127442,0.2356524723052365,48.641600129688584,48.641600129688584
NN,TCGA-LUAD,TCGA-55-6982-11,TCGA-KN-8433-11,0.0014123768534744366,0.25947649822169194,183.7161927309851,183.7161927309851
NN,TCGA-LUAD,TCGA-55-6982-11,TCGA-KN-8434-11,0.0015133203628645694,0.3098873834252578,204.77315380774422,204.77315380774422
NN,TCGA-LUAD,TCGA-55-6982-11,TCGA-KN-8435-11,0.0009224929483836466,0.35510394653504457,384.939469897567,384.939469897567
NN,TCGA-LUAD,TCGA-55-6982-11,TCGA-KN-8436-11,0.0012265463240116207,0.2654924166182653,216.455270723024,216.455270723024
NN,TCGA-LUAD,TCGA-55-6982-11,TCGA-KN-8437-11,0.00047160805613181137,0.30998632909278334,657.2965093839368,657.2965093839368
NN,TCGA-LUAD,TCGA-55-6983-11,TCGA-55-6984-11,0.00028364198348627175,0.17045021969832258,600.9343807404744,600.9343807404744
NN,TCGA-LUAD,TCGA-55-6983-11,TCGA-55-6985-11,0.00021465497805925814,0.13012213283101434,606.192011047107,606.192011047107
NN,TCGA-LUAD,TCGA-55-6983-11,TCGA-55-6986-11,0.0005550865698302225,0.15117188620571806,272.33929700723104,272.33929700723104
NN,TCGA-LUAD,TCGA-55-6983-11,TCGA-73-4676-11,0.0016903988440953284,0.14828747010893875,87.72336222715508,87.72336222715508
NN,TCGA-LUAD,TCGA-55-6983-11,TCGA-91-6828-11,0.0003681985700596673,0.16423331155727997,446.0454898851607,446.0454898851607
NN,TCGA-LUAD,TCGA-55-6983-11,TCGA-91-6829-11,0.0006063986274682117,0.16685525893169897,275.15771206201447,275.15771206201447
NN,TCGA-LUAD,TCGA-55-6983-11,TCGA-91-6831-11,0.0007619363337697213,0.21176164908753914,277.9256477241831,277.9256477241831
NN,TCGA-LUAD,TCGA-55-6983-11,TCGA-91-6835-11,0.00047407103861923553,0.176196733799803,371.667365112596,371.667365112596
NN,TCGA-LUAD,TCGA-55-6983-11,TCGA-91-6836-11,0.0002588347987366658,0.1742876334388938,673.3547200359684,673.3547200359684
NN,TCGA-LUAD,TCGA-55-6983-11,TCGA-91-6847-11,0.0003263928803619806,0.18517054161592506,567.3240832047708,567.3240832047708
NN,TCGA-LUAD,TCGA-55-6983-11,TCGA-91-6849-11,0.0003375598410440122,0.18786957187524767,556.5519028987592,556.5519028987592
NN,TCGA-LUAD,TCGA-55-6983-11,TCGA-KN-8419-11,0.0015349627513083625,0.34450008955612776,224.43547197642732,224.43547197642732
NN,TCGA-LUAD,TCGA-55-6983-11,TCGA-KN-8422-11,0.0010595731441168533,0.34766077397691075,328.11399185346806,328.11399185346806
NN,TCGA-LUAD,TCGA-55-6983-11,TCGA-KN-8423-11,0.0010187007212650542,0.35714215713877695,350.5859470633011,350.5859470633011
NN,TCGA-LUAD,TCGA-55-6983-11,TCGA-KN-8424-11,0.0015158259285613113,0.2401892012853143,158.45434278412216,158.45434278412216
NN,TCGA-LUAD,TCGA-55-6983-11,TCGA-KN-8425-11,0.0014755774931465835,0.24609143811595457,166.77635655120955,166.77635655120955
NN,TCGA-LUAD,TCGA-55-6983-11,TCGA-KN-8426-11,0.001017503911346274,0.36400961956665634,357.7476366503889,357.7476366503889
NN,TCGA-LUAD,TCGA-55-6983-11,TCGA-KN-8427-11,0.0009927906833229728,0.3206955618568117,323.024346666319,323.024346666319
NN,TCGA-LUAD,TCGA-55-6983-11,TCGA-KN-8428-11,0.0009736100280831486,0.3768126449765965,387.02625703072135,387.02625703072135
NN,TCGA-LUAD,TCGA-55-6983-11,TCGA-KN-8429-11,0.0019399435347294677,0.30476103318934655,157.09788853820768,157.09788853820768
NN,TCGA-LUAD,TCGA-55-6983-11,TCGA-KN-8430-11,0.0016100541906181134,0.21913427080648026,136.1036616552346,136.1036616552346
NN,TCGA-LUAD,TCGA-55-6983-11,TCGA-KN-8431-11,0.0012933735626263795,0.2737294055145716,211.6398644786932,211.6398644786932
NN,TCGA-LUAD,TCGA-55-6983-11,TCGA-KN-8432-11,0.004134366016329021,0.2754549911274246,66.62569062330047,66.62569062330047
NN,TCGA-LUAD,TCGA-55-6983-11,TCGA-KN-8433-11,0.0011527884321975174,0.3122584455877583,270.87229266562963,270.87229266562963
NN,TCGA-LUAD,TCGA-55-6983-11,TCGA-KN-8434-11,0.0013029153793086942,0.37024513686211297,284.16667938831074,284.16667938831074
NN,TCGA-LUAD,TCGA-55-6983-11,TCGA-KN-8435-11,0.0009405390573974723,0.398388441730004,423.57458586820263,423.57458586820263
NN,TCGA-LUAD,TCGA-55-6983-11,TCGA-KN-8436-11,0.001305280723683536,0.31925958001929944,244.59074146007507,244.59074146007507
NN,TCGA-LUAD,TCGA-55-6983-11,TCGA-KN-8437-11,0.0008282409026876412,0.3972763209065571,479.66276432061704,479.66276432061704
NN,TCGA-LUAD,TCGA-55-6984-11,TCGA-55-6985-11,0.00022503880414107382,0.11154282789812357,495.66041876137444,495.66041876137444
NN,TCGA-LUAD,TCGA-55-6984-11,TCGA-55-6986-11,0.0003150660999918267,0.07439273648466564,236.11787014406028,236.11787014406028
NN,TCGA-LUAD,TCGA-55-6984-11,TCGA-73-4676-11,0.001310086403078448,0.1884094510240894,143.81452290578994,143.81452290578994
NN,TCGA-LUAD,TCGA-55-6984-11,TCGA-91-6828-11,0.0004159292942584982,0.17197444489428376,413.47038371238745,413.47038371238745
NN,TCGA-LUAD,TCGA-55-6984-11,TCGA-91-6829-11,0.00047447777616009594,0.19415928509199676,409.2062786655881,409.2062786655881
NN,TCGA-LUAD,TCGA-55-6984-11,TCGA-91-6831-11,0.0009043424991388121,0.23526393097141587,260.14914835413924,260.14914835413924
NN,TCGA-LUAD,TCGA-55-6984-11,TCGA-91-6835-11,0.00038502204892608665,0.0896818465318939,232.92652143438747,232.92652143438747
NN,TCGA-LUAD,TCGA-55-6984-11,TCGA-91-6836-11,0.00025335779294913437,0.15568641939318512,614.4923255802187,614.4923255802187
NN,TCGA-LUAD,TCGA-55-6984-11,TCGA-91-6847-11,0.00020735732015416444,0.15371614940138414,741.3104552426721,741.3104552426721
NN,TCGA-LUAD,TCGA-55-6984-11,TCGA-91-6849-11,0.0003701823696334119,0.1301783168189901,351.6599587060411,351.6599587060411
NN,TCGA-LUAD,TCGA-55-6984-11,TCGA-KN-8419-11,0.0016016393903409577,0.38148958183482173,238.18693779353796,238.18693779353796
NN,TCGA-LUAD,TCGA-55-6984-11,TCGA-KN-8422-11,0.0009480860361240156,0.38175529492955684,402.65891531348416,402.65891531348416
NN,TCGA-LUAD,TCGA-55-6984-11,TCGA-KN-8423-11,0.000957440889684425,0.3775479660215896,394.33031332725966,394.33031332725966
NN,TCGA-LUAD,TCGA-55-6984-11,TCGA-KN-8424-11,0.0011332925038779595,0.30429911306090396,268.50889070530104,268.50889070530104
NN,TCGA-LUAD,TCGA-55-6984-11,TCGA-KN-8425-11,0.0012859590474691733,0.31182717993459336,242.4860889219479,242.4860889219479
NN,TCGA-LUAD,TCGA-55-6984-11,TCGA-KN-8426-11,0.0010635814299906486,0.400602373183643,376.6541628948573,376.6541628948573
NN,TCGA-LUAD,TCGA-55-6984-11,TCGA-KN-8427-11,0.0010210187848842082,0.37821344422325565,370.4275081149933,370.4275081149933
NN,TCGA-LUAD,TCGA-55-6984-11,TCGA-KN-8428-11,0.0008465725812642517,0.38856900026540997,458.9907692086249,458.9907692086249
NN,TCGA-LUAD,TCGA-55-6984-11,TCGA-KN-8429-11,0.0016832389424723303,0.3302334262883302,196.18927411653482,196.18927411653482
NN,TCGA-LUAD,TCGA-55-6984-11,TCGA-KN-8430-11,0.0014616596367574845,0.2979892960095632,203.87051028556584,203.87051028556584
NN,TCGA-LUAD,TCGA-55-6984-11,TCGA-KN-8431-11,0.0010964764437775294,0.3311413276631834,302.0049628447564,302.0049628447564
NN,TCGA-LUAD,TCGA-55-6984-11,TCGA-KN-8432-11,0.0035990837237834996,0.2893902382431053,80.40664248257242,80.40664248257242
NN,TCGA-LUAD,TCGA-55-6984-11,TCGA-KN-8433-11,0.0010526896954959144,0.34752992137913974,330.1351983078175,330.1351983078175
NN,TCGA-LUAD,TCGA-55-6984-11,TCGA-KN-8434-11,0.0011040320348630994,0.3728806344414263,337.7443975053348,337.7443975053348
NN,TCGA-LUAD,TCGA-55-6984-11,TCGA-KN-8435-11,0.0009230708340808051,0.40760683990951263,441.5769893925941,441.5769893925941
NN,TCGA-LUAD,TCGA-55-6984-11,TCGA-KN-8436-11,0.0010551091545759287,0.3519147456662757,333.53397052811835,333.53397052811835
NN,TCGA-LUAD,TCGA-55-6984-11,TCGA-KN-8437-11,0.0007879812530035284,0.40205876741083246,510.2390010908447,510.2390010908447
NN,TCGA-LUAD,TCGA-55-6985-11,TCGA-55-6986-11,0.0003393854772292459,0.15631794141058297,460.5911327932112,460.5911327932112
NN,TCGA-LUAD,TCGA-55-6985-11,TCGA-73-4676-11,0.0015118974955710268,0.08892555860425516,58.81718758365227,58.81718758365227
NN,TCGA-LUAD,TCGA-55-6985-11,TCGA-91-6828-11,0.00036618411435564624,0.14394858852990663,393.10440537051954,393.10440537051954
NN,TCGA-LUAD,TCGA-55-6985-11,TCGA-91-6829-11,0.00047160191223844265,0.09601158501860915,203.58608081738555,203.58608081738555
NN,TCGA-LUAD,TCGA-55-6985-11,TCGA-91-6831-11,0.0006050812487730765,0.11202813882309093,185.14561317219867,185.14561317219867
NN,TCGA-LUAD,TCGA-55-6985-11,TCGA-91-6835-11,0.00037503624657804675,0.18312271679011718,488.28004882458345,488.28004882458345
NN,TCGA-LUAD,TCGA-55-6985-11,TCGA-91-6836-11,0.00016620291939420503,0.10229506087374521,615.4829364405973,615.4829364405973
NN,TCGA-LUAD,TCGA-55-6985-11,TCGA-91-6847-11,0.0003430326599040216,0.1514441085669724,441.4859757357959,441.4859757357959
NN,TCGA-LUAD,TCGA-55-6985-11,TCGA-91-6849-11,0.00030462642472157606,0.16792533205945198,551.2500506577301,551.2500506577301
NN,TCGA-LUAD,TCGA-55-6985-11,TCGA-KN-8419-11,0.0015910014359384291,0.271684863860679,170.76343095845772,170.76343095845772
NN,TCGA-LUAD,TCGA-55-6985-11,TCGA-KN-8422-11,0.000976829759196109,0.2245960304681558,229.92341127382232,229.92341127382232
NN,TCGA-LUAD,TCGA-55-6985-11,TCGA-KN-8423-11,0.0009362598888077413,0.24810446215066234,264.99529149604524,264.99529149604524
NN,TCGA-LUAD,TCGA-55-6985-11,TCGA-KN-8424-11,0.0013162898009252664,0.12120186421797349,92.07840411190335,92.07840411190335
NN,TCGA-LUAD,TCGA-55-6985-11,TCGA-KN-8425-11,0.001428085040660558,0.1708846941248292,119.66002672066841,119.66002672066841
NN,TCGA-LUAD,TCGA-55-6985-11,TCGA-KN-8426-11,0.0009803698388273002,0.26646480468116224,271.8002881442195,271.8002881442195
NN,TCGA-LUAD,TCGA-55-6985-11,TCGA-KN-8427-11,0.0010281645593836417,0.24368653518402925,237.01121864199743,237.01121864199743
NN,TCGA-LUAD,TCGA-55-6985-11,TCGA-KN-8428-11,0.000914004198846531,0.2971766877814086,325.13711442074793,325.13711442074793
NN,TCGA-LUAD,TCGA-55-6985-11,TCGA-KN-8429-11,0.0018003114693484596,0.15824725705023301,87.89993273080873,87.89993273080873
NN,TCGA-LUAD,TCGA-55-6985-11,TCGA-KN-8430-11,0.0016101524514278956,0.11188930193568475,69.48988081001923,69.48988081001923
NN,TCGA-LUAD,TCGA-55-6985-11,TCGA-KN-8431-11,0.0012338056597808351,0.13291065917245493,107.72414449457483,107.72414449457483
NN,TCGA-LUAD,TCGA-55-6985-11,TCGA-KN-8432-11,0.0038509476467156263,0.1743748622186979,45.28102644226227,45.28102644226227
NN,TCGA-LUAD,TCGA-55-6985-11,TCGA-KN-8433-11,0.00109980411266697,0.1888365251230754,171.70014455133855,171.70014455133855
NN,TCGA-LUAD,TCGA-55-6985-11,TCGA-KN-8434-11,0.0012567797808106873,0.23978422524466644,190.79255483406436,190.79255483406436
NN,TCGA-LUAD,TCGA-55-6985-11,TCGA-KN-8435-11,0.0009189368727844446,0.3202514793096961,348.5021537326184,348.5021537326184
NN,TCGA-LUAD,TCGA-55-6985-11,TCGA-KN-8436-11,0.001199065803166165,0.17531981744892627,146.21367483418314,146.21367483418314
NN,TCGA-LUAD,TCGA-55-6985-11,TCGA-KN-8437-11,0.000693821811626644,0.29740849582730344,428.65256012929075,428.65256012929075
NN,TCGA-LUAD,TCGA-55-6986-11,TCGA-73-4676-11,0.002015246714858254,0.05833712408241891,28.947881989983625,28.947881989983625
NN,TCGA-LUAD,TCGA-55-6986-11,TCGA-91-6828-11,0.0003570129698792576,0.14359243470028465,402.2050928537634,402.2050928537634
NN,TCGA-LUAD,TCGA-55-6986-11,TCGA-91-6829-11,0.000716485796692183,0.12981487375161135,181.1827594502651,181.1827594502651
NN,TCGA-LUAD,TCGA-55-6986-11,TCGA-91-6831-11,0.0009726770672643685,0.11636304550713658,119.63173536557711,119.63173536557711
NN,TCGA-LUAD,TCGA-55-6986-11,TCGA-91-6835-11,0.00023851834916535853,0.1710671456333647,717.2074862666785,717.2074862666785
NN,TCGA-LUAD,TCGA-55-6986-11,TCGA-91-6836-11,0.00045277739682684365,0.09926258998326529,219.2304445383488,219.2304445383488
NN,TCGA-LUAD,TCGA-55-6986-11,TCGA-91-6847-11,0.00028833313806899774,0.07749340303578647,268.7634295342161,268.7634295342161
NN,TCGA-LUAD,TCGA-55-6986-11,TCGA-91-6849-11,0.0002800753868455265,0.12921996793843005,461.37566529436003,461.37566529436003
NN,TCGA-LUAD,TCGA-55-6986-11,TCGA-KN-8419-11,0.0018711352941820762,0.3017250046121589,161.2523720493718,161.2523720493718
NN,TCGA-LUAD,TCGA-55-6986-11,TCGA-KN-8422-11,0.0008006892395124193,0.26812215360143066,334.86418996301734,334.86418996301734
NN,TCGA-LUAD,TCGA-55-6986-11,TCGA-KN-8423-11,0.0009794848682531704,0.27615621511296407,281.94025662230564,281.94025662230564
NN,TCGA-LUAD,TCGA-55-6986-11,TCGA-KN-8424-11,0.0012669727417935841,0.19116350308754337,150.88209618221433,150.88209618221433
NN,TCGA-LUAD,TCGA-55-6986-11,TCGA-KN-8425-11,0.0013854944237399807,0.2048243264225968,147.83482554169896,147.83482554169896
NN,TCGA-LUAD,TCGA-55-6986-11,TCGA-KN-8426-11,0.001004159738032201,0.29950528850622415,298.2645859643296,298.2645859643296
NN,TCGA-LUAD,TCGA-55-6986-11,TCGA-KN-8427-11,0.0011087056062628509,0.271276353152493,244.67843548378255,244.67843548378255
NN,TCGA-LUAD,TCGA-55-6986-11,TCGA-KN-8428-11,0.0009649817222487193,0.3032540967441096,314.25890226959893,314.25890226959893
NN,TCGA-LUAD,TCGA-55-6986-11,TCGA-KN-8429-11,0.0020083997596158035,0.23482656131204993,116.92222137935877,116.92222137935877
NN,TCGA-LUAD,TCGA-55-6986-11,TCGA-KN-8430-11,0.0015952430100986874,0.2166284254140559,135.79650501064066,135.79650501064066
NN,TCGA-LUAD,TCGA-55-6986-11,TCGA-KN-8431-11,0.0012407274724011725,0.23452222126070418,189.0199310303291,189.0199310303291
NN,TCGA-LUAD,TCGA-55-6986-11,TCGA-KN-8432-11,0.004368743796269364,0.21023925011934186,48.123501840248245,48.123501840248245
NN,TCGA-LUAD,TCGA-55-6986-11,TCGA-KN-8433-11,0.0012029007905183823,0.23297469032508966,193.67739398083754,193.67739398083754
NN,TCGA-LUAD,TCGA-55-6986-11,TCGA-KN-8434-11,0.0012866297395209658,0.27147039578301263,210.99340971559207,210.99340971559207
NN,TCGA-LUAD,TCGA-55-6986-11,TCGA-KN-8435-11,0.0009343767614416831,0.3244641753442645,347.25197450719685,347.25197450719685
NN,TCGA-LUAD,TCGA-55-6986-11,TCGA-KN-8436-11,0.0010081459497464848,0.23399202996484214,232.1013440798759,232.1013440798759
NN,TCGA-LUAD,TCGA-55-6986-11,TCGA-KN-8437-11,0.0005057511325692443,0.33319659521818484,658.8153219262749,658.8153219262749
NN,TCGA-LUAD,TCGA-73-4676-11,TCGA-91-6828-11,0.0018644530081661915,0.13448908330484705,72.13326520743242,72.13326520743242
NN,TCGA-LUAD,TCGA-73-4676-11,TCGA-91-6829-11,0.001328167363451138,0.1761163186506024,132.60099856164064,132.60099856164064
NN,TCGA-LUAD,TCGA-73-4676-11,TCGA-91-6831-11,0.0020600576903006622,0.2382246916016592,115.63981568248737,115.63981568248737
NN,TCGA-LUAD,TCGA-73-4676-11,TCGA-91-6835-11,0.001926846946521311,0.11136461572814682,57.79629561611116,57.79629561611116
NN,TCGA-LUAD,TCGA-73-4676-11,TCGA-91-6836-11,0.0014190618326536874,0.1118899498368282,78.84783260472217,78.84783260472217
NN,TCGA-LUAD,TCGA-73-4676-11,TCGA-91-6847-11,0.0017619057277048515,0.21369773397346872,121.28783658126949,121.28783658126949
NN,TCGA-LUAD,TCGA-73-4676-11,TCGA-91-6849-11,0.0020431728051044655,0.10664735642556333,52.196934179588666,52.196934179588666
NN,TCGA-LUAD,TCGA-73-4676-11,TCGA-KN-8419-11,0.0021958690925110574,0.41648221963423127,189.66623331720038,189.66623331720038
NN,TCGA-LUAD,TCGA-73-4676-11,TCGA-KN-8422-11,0.002478066261166768,0.4221805515326871,170.36693414885056,170.36693414885056
NN,TCGA-LUAD,TCGA-73-4676-11,TCGA-KN-8423-11,0.0021009082863031594,0.4165804459351079,198.2858788510655,198.2858788510655
NN,TCGA-LUAD,TCGA-73-4676-11,TCGA-KN-8424-11,0.001504803299300159,0.34519502751367276,229.39544834478573,229.39544834478573
NN,TCGA-LUAD,TCGA-73-4676-11,TCGA-KN-8425-11,0.002328424625782475,0.36768973026118956,157.91352066534094,157.91352066534094
NN,TCGA-LUAD,TCGA-73-4676-11,TCGA-KN-8426-11,0.002524989003156145,0.42460115135405263,168.15960418968817,168.15960418968817
NN,TCGA-LUAD,TCGA-73-4676-11,TCGA-KN-8427-11,0.0020030933095337745,0.40585747041253417,202.61535919512338,202.61535919512338
NN,TCGA-LUAD,TCGA-73-4676-11,TCGA-KN-8428-11,0.0017431260536623758,0.4079479655915763,234.0323952673771,234.0323952673771
NN,TCGA-LUAD,TCGA-73-4676-11,TCGA-KN-8429-11,0.0015223381951458093,0.37051096791863647,243.38282327807522,243.38282327807522
NN,TCGA-LUAD,TCGA-73-4676-11,TCGA-KN-8430-11,0.002441710650536677,0.33334827799950684,136.52243271586596,136.52243271586596
NN,TCGA-LUAD,TCGA-73-4676-11,TCGA-KN-8431-11,0.002031500743320074,0.368505209935314,181.3955575192492,181.3955575192492
NN,TCGA-LUAD,TCGA-73-4676-11,TCGA-KN-8432-11,0.002207316378192066,0.3585608516995239,162.4419839593671,162.4419839593671
NN,TCGA-LUAD,TCGA-73-4676-11,TCGA-KN-8433-11,0.0018230768814371334,0.39169910585923373,214.85605453482407,214.85605453482407
NN,TCGA-LUAD,TCGA-73-4676-11,TCGA-KN-8434-11,0.0018211227996103127,0.4193791431082372,230.28603189086246,230.28603189086246
NN,TCGA-LUAD,TCGA-73-4676-11,TCGA-KN-8435-11,0.0022517377288666183,0.425206969584794,188.83503355375944,188.83503355375944
NN,TCGA-LUAD,TCGA-73-4676-11,TCGA-KN-8436-11,0.0021768484788077386,0.3997602407118766,183.64173924076957,183.64173924076957
NN,TCGA-LUAD,TCGA-73-4676-11,TCGA-KN-8437-11,0.0025049281815071704,0.3985934359383422,159.12369818863056,159.12369818863056
NN,TCGA-LUAD,TCGA-91-6828-11,TCGA-91-6829-11,0.0008176708422769063,0.19310129029163586,236.1601763295378,236.1601763295378
NN,TCGA-LUAD,TCGA-91-6828-11,TCGA-91-6831-11,0.0005439588120291158,0.1369098407120648,251.69155767759966,251.69155767759966
NN,TCGA-LUAD,TCGA-91-6828-11,TCGA-91-6835-11,0.0004523379668280181,0.16729103992442573,369.8363882597343,369.8363882597343
NN,TCGA-LUAD,TCGA-91-6828-11,TCGA-91-6836-11,0.0004417705896924215,0.16620137139532826,376.2164690751468,376.2164690751468
NN,TCGA-LUAD,TCGA-91-6828-11,TCGA-91-6847-11,0.00040228776197085456,0.16234251654554854,403.54823559686145,403.54823559686145
NN,TCGA-LUAD,TCGA-91-6828-11,TCGA-91-6849-11,0.00033388433563257556,0.16358427716595275,489.9429524180187,489.9429524180187
NN,TCGA-LUAD,TCGA-91-6828-11,TCGA-KN-8419-11,0.0015841061011942412,0.34034975133306333,214.85287574896478,214.85287574896478
NN,TCGA-LUAD,TCGA-91-6828-11,TCGA-KN-8422-11,0.001014013232351833,0.3337045931265066,329.09293733034923,329.09293733034923
NN,TCGA-LUAD,TCGA-91-6828-11,TCGA-KN-8423-11,0.0011786474040101796,0.32675090165858983,277.22531823076736,277.22531823076736
NN,TCGA-LUAD,TCGA-91-6828-11,TCGA-KN-8424-11,0.001597781029500817,0.27972891640949415,175.0733744140696,175.0733744140696
NN,TCGA-LUAD,TCGA-91-6828-11,TCGA-KN-8425-11,0.0016683917654169746,0.26894972410828244,161.20297982953954,161.20297982953954
NN,TCGA-LUAD,TCGA-91-6828-11,TCGA-KN-8426-11,0.000976836825622619,0.34819510828103883,356.4516602443866,356.4516602443866
NN,TCGA-LUAD,TCGA-91-6828-11,TCGA-KN-8427-11,0.0011079925838247198,0.3128679727233318,282.3737065489477,282.3737065489477
NN,TCGA-LUAD,TCGA-91-6828-11,TCGA-KN-8428-11,0.0011679773198166627,0.35771925894140455,306.2724360071955,306.2724360071955
NN,TCGA-LUAD,TCGA-91-6828-11,TCGA-KN-8429-11,0.001924024180266518,0.2798750342814995,145.46336639216815,145.46336639216815
NN,TCGA-LUAD,TCGA-91-6828-11,TCGA-KN-8430-11,0.001939011682172445,0.2206323299999732,113.78597252842718,113.78597252842718
NN,TCGA-LUAD,TCGA-91-6828-11,TCGA-KN-8431-11,0.001491914506527932,0.29045299769740296,194.6847466302621,194.6847466302621
NN,TCGA-LUAD,TCGA-91-6828-11,TCGA-KN-8432-11,0.0044832795918317864,0.23523154290407727,52.46863107370155,52.46863107370155
NN,TCGA-LUAD,TCGA-91-6828-11,TCGA-KN-8433-11,0.001304583267104134,0.30991775170119706,237.5607287905364,237.5607287905364
NN,TCGA-LUAD,TCGA-91-6828-11,TCGA-KN-8434-11,0.0015808319234388098,0.34956699701706906,221.1285031849877,221.1285031849877
NN,TCGA-LUAD,TCGA-91-6828-11,TCGA-KN-8435-11,0.0010876403058987022,0.372375043422972,342.3696615539488,342.3696615539488
NN,TCGA-LUAD,TCGA-91-6828-11,TCGA-KN-8436-11,0.0012998995735995788,0.30508015561020396,234.69517323203684,234.69517323203684
NN,TCGA-LUAD,TCGA-91-6828-11,TCGA-KN-8437-11,0.0007009232048689467,0.3842061004002216,548.142931681164,548.142931681164
NN,TCGA-LUAD,TCGA-91-6829-11,TCGA-91-6831-11,0.001410552196409022,0.27431197210162106,194.47133739535718,194.47133739535718
NN,TCGA-LUAD,TCGA-91-6829-11,TCGA-91-6835-11,0.0006549680989730123,0.17708256313106663,270.3682261910641,270.3682261910641
NN,TCGA-LUAD,TCGA-91-6829-11,TCGA-91-6836-11,0.00045721475376361755,0.17106115115761167,374.1374261208797,374.1374261208797
NN,TCGA-LUAD,TCGA-91-6829-11,TCGA-91-6847-11,0.0006350770616345477,0.19538050623322317,307.6485013178669,307.6485013178669
NN,TCGA-LUAD,TCGA-91-6829-11,TCGA-91-6849-11,0.0008798328109582663,0.16873402029626222,191.7796406256846,191.7796406256846
NN,TCGA-LUAD,TCGA-91-6829-11,TCGA-KN-8419-11,0.0020915014619525205,0.3937055000368876,188.24060475164285,188.24060475164285
NN,TCGA-LUAD,TCGA-91-6829-11,TCGA-KN-8422-11,0.0013248396999179057,0.3855379630029271,291.0072539544347,291.0072539544347
NN,TCGA-LUAD,TCGA-91-6829-11,TCGA-KN-8423-11,0.001335879339311971,0.371676642569549,278.22620773592973,278.22620773592973
NN,TCGA-LUAD,TCGA-91-6829-11,TCGA-KN-8424-11,0.0013611362038985697,0.2942725891679868,216.196283902471,216.196283902471
NN,TCGA-LUAD,TCGA-91-6829-11,TCGA-KN-8425-11,0.0016219853096093302,0.29605360807961245,182.52545588771062,182.52545588771062
NN,TCGA-LUAD,TCGA-91-6829-11,TCGA-KN-8426-11,0.0014821531089304078,0.41695137035706253,281.31464141242094,281.31464141242094
NN,TCGA-LUAD,TCGA-91-6829-11,TCGA-KN-8427-11,0.0012857062209814605,0.38334305970962584,298.1575833217918,298.1575833217918
NN,TCGA-LUAD,TCGA-91-6829-11,TCGA-KN-8428-11,0.0011190644305735713,0.39591519208616766,353.79123960114,353.79123960114
NN,TCGA-LUAD,TCGA-91-6829-11,TCGA-KN-8429-11,0.0018990715960565587,0.3580581926253941,188.54380917965682,188.54380917965682
NN,TCGA-LUAD,TCGA-91-6829-11,TCGA-KN-8430-11,0.0015999246342686846,0.2621014882786097,163.82114673696154,163.82114673696154
NN,TCGA-LUAD,TCGA-91-6829-11,TCGA-KN-8431-11,0.001453497332464786,0.29985867944709194,206.3014996653643,206.3014996653643
NN,TCGA-LUAD,TCGA-91-6829-11,TCGA-KN-8432-11,0.003834974680032727,0.33062150446357563,86.21217401642771,86.21217401642771
NN,TCGA-LUAD,TCGA-91-6829-11,TCGA-KN-8433-11,0.0013907062705035078,0.3548109907825361,255.13007189798324,255.13007189798324
NN,TCGA-LUAD,TCGA-91-6829-11,TCGA-KN-8434-11,0.001349454886694891,0.3830201964897335,283.8332724318287,283.8332724318287
NN,TCGA-LUAD,TCGA-91-6829-11,TCGA-KN-8435-11,0.0012166594930998432,0.41679234097403794,342.5710672031345,342.5710672031345
NN,TCGA-LUAD,TCGA-91-6829-11,TCGA-KN-8436-11,0.0012688691942323253,0.33614928751203677,264.920362981473,264.920362981473
NN,TCGA-LUAD,TCGA-91-6829-11,TCGA-KN-8437-11,0.0011494112727335095,0.3930476330359197,341.9556101108882,341.9556101108882
NN,TCGA-LUAD,TCGA-91-6831-11,TCGA-91-6835-11,0.0011929198662940512,0.14843545793657115,124.43036798247289,124.43036798247289
NN,TCGA-LUAD,TCGA-91-6831-11,TCGA-91-6836-11,0.0007510971974092145,0.14837480599324657,197.54408151839857,197.54408151839857
NN,TCGA-LUAD,TCGA-91-6831-11,TCGA-91-6847-11,0.0010573502474997417,0.2388535364669514,225.89821776819488,225.89821776819488
NN,TCGA-LUAD,TCGA-91-6831-11,TCGA-91-6849-11,0.0007657464049900344,0.16789251721580084,219.2534187842329,219.2534187842329
NN,TCGA-LUAD,TCGA-91-6831-11,TCGA-KN-8419-11,0.0019088558363822491,0.39610527916081245,207.50926896162534,207.50926896162534
NN,TCGA-LUAD,TCGA-91-6831-11,TCGA-KN-8422-11,0.0016560121973417446,0.39339881727969983,237.5579225268929,237.5579225268929
NN,TCGA-LUAD,TCGA-91-6831-11,TCGA-KN-8423-11,0.00168951568860032,0.41116049470356697,243.35997438662028,243.35997438662028
NN,TCGA-LUAD,TCGA-91-6831-11,TCGA-KN-8424-11,0.002127693699331268,0.34121966825846656,160.37067194667708,160.37067194667708
NN,TCGA-LUAD,TCGA-91-6831-11,TCGA-KN-8425-11,0.002289641845788587,0.3599425478017879,157.20473857683987,157.20473857683987
NN,TCGA-LUAD,TCGA-91-6831-11,TCGA-KN-8426-11,0.001392841575317159,0.40853152605216114,293.3079635845418,293.3079635845418
NN,TCGA-LUAD,TCGA-91-6831-11,TCGA-KN-8427-11,0.001758995869920813,0.38473718694711156,218.7254635023286,218.7254635023286
NN,TCGA-LUAD,TCGA-91-6831-11,TCGA-KN-8428-11,0.0017414740429535737,0.3989644524967999,229.09583643299584,229.09583643299584
NN,TCGA-LUAD,TCGA-91-6831-11,TCGA-KN-8429-11,0.0023140560830804337,0.36367669448730916,157.1598446322825,157.1598446322825
NN,TCGA-LUAD,TCGA-91-6831-11,TCGA-KN-8430-11,0.00277828516715907,0.32275092938820016,116.16911510859357,116.16911510859357
NN,TCGA-LUAD,TCGA-91-6831-11,TCGA-KN-8431-11,0.002086787940715335,0.36516030336215277,174.98678051444872,174.98678051444872
NN,TCGA-LUAD,TCGA-91-6831-11,TCGA-KN-8432-11,0.0044380381461411305,0.35780741647214,80.62287990544948,80.62287990544948
NN,TCGA-LUAD,TCGA-91-6831-11,TCGA-KN-8433-11,0.0018249445393487276,0.3682547438310605,201.78955354033963,201.78955354033963
NN,TCGA-LUAD,TCGA-91-6831-11,TCGA-KN-8434-11,0.002211775190032011,0.40420469383746516,182.751255940987,182.751255940987
NN,TCGA-LUAD,TCGA-91-6831-11,TCGA-KN-8435-11,0.0016656010979844333,0.40938956562976114,245.79088361863418,245.79088361863418
NN,TCGA-LUAD,TCGA-91-6831-11,TCGA-KN-8436-11,0.002056760763209237,0.3856224966836459,187.49020478295463,187.49020478295463
NN,TCGA-LUAD,TCGA-91-6831-11,TCGA-KN-8437-11,0.0013253082362416544,0.3935743863415342,296.9681886665424,296.9681886665424
NN,TCGA-LUAD,TCGA-91-6835-11,TCGA-91-6836-11,0.00043813234536479664,0.11799391108159951,269.3111164466886,269.3111164466886
NN,TCGA-LUAD,TCGA-91-6835-11,TCGA-91-6847-11,0.0003399071457341123,0.10978865035328547,322.9960056184466,322.9960056184466
NN,TCGA-LUAD,TCGA-91-6835-11,TCGA-91-6849-11,0.0004387012982183698,0.16969220480661218,386.8057958701218,386.8057958701218
NN,TCGA-LUAD,TCGA-91-6835-11,TCGA-KN-8419-11,0.0018120185975812081,0.250426497805345,138.20305053139597,138.20305053139597
NN,TCGA-LUAD,TCGA-91-6835-11,TCGA-KN-8422-11,0.0007947412257826548,0.2310492298440452,290.7225928999842,290.7225928999842
NN,TCGA-LUAD,TCGA-91-6835-11,TCGA-KN-8423-11,0.0008960245477492577,0.2514397433157784,280.6170254457593,280.6170254457593
NN,TCGA-LUAD,TCGA-91-6835-11,TCGA-KN-8424-11,0.001237993482552544,0.16483750675879916,133.14892936183367,133.14892936183367
NN,TCGA-LUAD,TCGA-91-6835-11,TCGA-KN-8425-11,0.0013325614854687697,0.1912693788150468,143.5351245708275,143.5351245708275
NN,TCGA-LUAD,TCGA-91-6835-11,TCGA-KN-8426-11,0.0010161620370321253,0.2735006949049922,269.15067178045507,269.15067178045507
NN,TCGA-LUAD,TCGA-91-6835-11,TCGA-KN-8427-11,0.0010040854929639926,0.24237991583277402,241.39370355534655,241.39370355534655
NN,TCGA-LUAD,TCGA-91-6835-11,TCGA-KN-8428-11,0.0008905425490460697,0.2764840068846165,310.46692511298903,310.46692511298903
NN,TCGA-LUAD,TCGA-91-6835-11,TCGA-KN-8429-11,0.0019260548231505698,0.2072259857645595,107.59090721290417,107.59090721290417
NN,TCGA-LUAD,TCGA-91-6835-11,TCGA-KN-8430-11,0.0014335233443881776,0.17298504207927634,120.6712417739564,120.6712417739564
NN,TCGA-LUAD,TCGA-91-6835-11,TCGA-KN-8431-11,0.0011803827761779106,0.19324643029111327,163.7150542952235,163.7150542952235
NN,TCGA-LUAD,TCGA-91-6835-11,TCGA-KN-8432-11,0.004206943053381412,0.19500414192845417,46.35293120303015,46.35293120303015
NN,TCGA-LUAD,TCGA-91-6835-11,TCGA-KN-8433-11,0.0011300733184619518,0.18915364607656407,167.3817468179899,167.3817468179899
NN,TCGA-LUAD,TCGA-91-6835-11,TCGA-KN-8434-11,0.0011505295175345469,0.23957612722436833,208.2311870952712,208.2311870952712
NN,TCGA-LUAD,TCGA-91-6835-11,TCGA-KN-8435-11,0.0008550161959222475,0.29339576507087656,343.1464415178833,343.1464415178833
NN,TCGA-LUAD,TCGA-91-6835-11,TCGA-KN-8436-11,0.0009653249222277727,0.21521813984658425,222.9489106630592,222.9489106630592
NN,TCGA-LUAD,TCGA-91-6835-11,TCGA-KN-8437-11,0.0005593227862136076,0.2682171547786884,479.53911657061514,479.53911657061514
NN,TCGA-LUAD,TCGA-91-6836-11,TCGA-91-6847-11,0.00032566522103293267,0.17189963540258507,527.8415510792349,527.8415510792349
NN,TCGA-LUAD,TCGA-91-6836-11,TCGA-91-6849-11,0.00037167252524712127,0.1576186694717442,424.07942143946514,424.07942143946514
NN,TCGA-LUAD,TCGA-91-6836-11,TCGA-KN-8419-11,0.0016373992404812815,0.3424238237079338,209.1266535626858,209.1266535626858
NN,TCGA-LUAD,TCGA-91-6836-11,TCGA-KN-8422-11,0.0009741727958427811,0.32644904468057234,335.1038399693282,335.1038399693282
NN,TCGA-LUAD,TCGA-91-6836-11,TCGA-KN-8423-11,0.0009537678340662592,0.34395569532103054,360.6283238286851,360.6283238286851
NN,TCGA-LUAD,TCGA-91-6836-11,TCGA-KN-8424-11,0.001338670940428188,0.22827547056118358,170.52396049485267,170.52396049485267
NN,TCGA-LUAD,TCGA-91-6836-11,TCGA-KN-8425-11,0.0013976021330568177,0.28126522868931403,201.24842545434177,201.24842545434177
NN,TCGA-LUAD,TCGA-91-6836-11,TCGA-KN-8426-11,0.0010458914681241312,0.3501103715251374,334.7482814379213,334.7482814379213
NN,TCGA-LUAD,TCGA-91-6836-11,TCGA-KN-8427-11,0.0011284347155091413,0.33083567790597085,293.1810527972815,293.1810527972815
NN,TCGA-LUAD,TCGA-91-6836-11,TCGA-KN-8428-11,0.0009182137450705163,0.35130626771598966,382.59748299565075,382.59748299565075
NN,TCGA-LUAD,TCGA-91-6836-11,TCGA-KN-8429-11,0.001842870384031795,0.2757193534174591,149.61407802009703,149.61407802009703
NN,TCGA-LUAD,TCGA-91-6836-11,TCGA-KN-8430-11,0.0016071978975388363,0.25765772223218647,160.3148701393572,160.3148701393572
NN,TCGA-LUAD,TCGA-91-6836-11,TCGA-KN-8431-11,0.0012139498837427736,0.2625789821691561,216.3013363942086,216.3013363942086
NN,TCGA-LUAD,TCGA-91-6836-11,TCGA-KN-8432-11,0.0038148515037695345,0.2451846049971072,64.27107444544963,64.27107444544963
NN,TCGA-LUAD,TCGA-91-6836-11,TCGA-KN-8433-11,0.0010977352339248138,0.3018224578983287,274.95014150106175,274.95014150106175
NN,TCGA-LUAD,TCGA-91-6836-11,TCGA-KN-8434-11,0.0011990604625008265,0.33766234343012225,281.6057688416104,281.6057688416104
NN,TCGA-LUAD,TCGA-91-6836-11,TCGA-KN-8435-11,0.000901396490133489,0.3865387739266046,428.8221422621266,428.8221422621266
NN,TCGA-LUAD,TCGA-91-6836-11,TCGA-KN-8436-11,0.0012124488842086135,0.3134181356225429,258.5000816979731,258.5000816979731
NN,TCGA-LUAD,TCGA-91-6836-11,TCGA-KN-8437-11,0.0007574064827280406,0.3734014131874074,493.000022712353,493.000022712353
NN,TCGA-LUAD,TCGA-91-6847-11,TCGA-91-6849-11,0.0002307452169945456,0.13819027502331016,598.886845080636,598.886845080636
NN,TCGA-LUAD,TCGA-91-6847-11,TCGA-KN-8419-11,0.0017321179352113598,0.37185084520222306,214.67986540815326,214.67986540815326
NN,TCGA-LUAD,TCGA-91-6847-11,TCGA-KN-8422-11,0.0009030993266508344,0.349481789886023,386.9804567146392,386.9804567146392
NN,TCGA-LUAD,TCGA-91-6847-11,TCGA-KN-8423-11,0.0010010496651979648,0.3652640104280143,364.8810075330086,364.8810075330086
NN,TCGA-LUAD,TCGA-91-6847-11,TCGA-KN-8424-11,0.001348496956650978,0.29640832044800075,219.8064437491482,219.8064437491482
NN,TCGA-LUAD,TCGA-91-6847-11,TCGA-KN-8425-11,0.0013443795414079742,0.2957423767400975,219.98428838805842,219.98428838805842
NN,TCGA-LUAD,TCGA-91-6847-11,TCGA-KN-8426-11,0.0011119747094335214,0.37438718826782813,336.6867835137671,336.6867835137671
NN,TCGA-LUAD,TCGA-91-6847-11,TCGA-KN-8427-11,0.000991470812390129,0.365930292133538,369.07822959648547,369.07822959648547
NN,TCGA-LUAD,TCGA-91-6847-11,TCGA-KN-8428-11,0.0009066245486325896,0.3811227930129697,420.3755497110635,420.3755497110635
NN,TCGA-LUAD,TCGA-91-6847-11,TCGA-KN-8429-11,0.0020023819154171745,0.31756144961223476,158.5918486214825,158.5918486214825
NN,TCGA-LUAD,TCGA-91-6847-11,TCGA-KN-8430-11,0.0014080430395700923,0.2812902891328523,199.77392823072842,199.77392823072842
NN,TCGA-LUAD,TCGA-91-6847-11,TCGA-KN-8431-11,0.0011712075089153951,0.3099778996057576,264.66522562924376,264.66522562924376
NN,TCGA-LUAD,TCGA-91-6847-11,TCGA-KN-8432-11,0.004400428825608697,0.262528803516921,59.65982269480434,59.65982269480434
NN,TCGA-LUAD,TCGA-91-6847-11,TCGA-KN-8433-11,0.0011093642502361034,0.3419823623156698,308.2687784854132,308.2687784854132
NN,TCGA-LUAD,TCGA-91-6847-11,TCGA-KN-8434-11,0.0011767967372724275,0.37331259279872764,317.2277598797472,317.2277598797472
NN,TCGA-LUAD,TCGA-91-6847-11,TCGA-KN-8435-11,0.0009250273968531065,0.39603667846577767,428.1350799047392,428.1350799047392
NN,TCGA-LUAD,TCGA-91-6847-11,TCGA-KN-8436-11,0.0010723099702490422,0.3286416811092262,306.48011323899163,306.48011323899163
NN,TCGA-LUAD,TCGA-91-6847-11,TCGA-KN-8437-11,0.0006695326122240276,0.39525685264140803,590.3474235981711,590.3474235981711
NN,TCGA-LUAD,TCGA-91-6849-11,TCGA-KN-8419-11,0.0016148611351944019,0.31028425398008713,192.14299435272133,192.14299435272133
NN,TCGA-LUAD,TCGA-91-6849-11,TCGA-KN-8422-11,0.0009295690955548124,0.2916876727423159,313.7880488251628,313.7880488251628
NN,TCGA-LUAD,TCGA-91-6849-11,TCGA-KN-8423-11,0.0010473501788964554,0.3024455492593242,288.7721369160381,288.7721369160381
NN,TCGA-LUAD,TCGA-91-6849-11,TCGA-KN-8424-11,0.0015412922923857954,0.18247352183939644,118.38995286023409,118.38995286023409
NN,TCGA-LUAD,TCGA-91-6849-11,TCGA-KN-8425-11,0.0014780748309319901,0.22757603995357978,153.96787442086625,153.96787442086625
NN,TCGA-LUAD,TCGA-91-6849-11,TCGA-KN-8426-11,0.0010217270984361052,0.3178763524444136,311.116689506393,311.116689506393
NN,TCGA-LUAD,TCGA-91-6849-11,TCGA-KN-8427-11,0.0010532232975969066,0.28715239729336417,272.6415167121229,272.6415167121229
NN,TCGA-LUAD,TCGA-91-6849-11,TCGA-KN-8428-11,0.0010109184781615388,0.3188091374317112,315.365822584922,315.365822584922
NN,TCGA-LUAD,TCGA-91-6849-11,TCGA-KN-8429-11,0.0021125369960986423,0.23809020782941814,112.70345005513022,112.70345005513022
NN,TCGA-LUAD,TCGA-91-6849-11,TCGA-KN-8430-11,0.0016353227930098982,0.21363638276392566,130.63866270139644,130.63866270139644
NN,TCGA-LUAD,TCGA-91-6849-11,TCGA-KN-8431-11,0.0013110845691352076,0.23105063171402002,176.22862563810142,176.22862563810142
NN,TCGA-LUAD,TCGA-91-6849-11,TCGA-KN-8432-11,0.004615789977712085,0.23066197969261565,49.97237326793369,49.97237326793369
NN,TCGA-LUAD,TCGA-91-6849-11,TCGA-KN-8433-11,0.0011931742386530712,0.25093868016064236,210.3118488745763,210.3118488745763
NN,TCGA-LUAD,TCGA-91-6849-11,TCGA-KN-8434-11,0.0014086883825691252,0.30696146292976934,217.9058667112324,217.9058667112324
NN,TCGA-LUAD,TCGA-91-6849-11,TCGA-KN-8435-11,0.0009827809582706856,0.3521186166819875,358.28799257728815,358.28799257728815
NN,TCGA-LUAD,TCGA-91-6849-11,TCGA-KN-8436-11,0.001278128127963294,0.26914293253634636,210.5758621909272,210.5758621909272
NN,TCGA-LUAD,TCGA-91-6849-11,TCGA-KN-8437-11,0.0005612175498523152,0.33763453558034984,601.6107936560405,601.6107936560405
NN,TCGA-LUAD,TCGA-KN-8419-11,TCGA-KN-8422-11,0.001016859796860813,0.1939005649386899,190.68564372127582,190.68564372127582
NN,TCGA-LUAD,TCGA-KN-8419-11,TCGA-KN-8423-11,0.0009768323172995592,0.20983287911321274,214.80951786412342,214.80951786412342
NN,TCGA-LUAD,TCGA-KN-8419-11,TCGA-KN-8424-11,0.0011115428081269652,0.2117837445953334,190.5313435046242,190.5313435046242
NN,TCGA-LUAD,TCGA-KN-8419-11,TCGA-KN-8425-11,0.0008630332250771991,0.1330956986211164,154.21851065955295,154.21851065955295
NN,TCGA-LUAD,TCGA-KN-8419-11,TCGA-KN-8426-11,0.0006554723618331767,0.17880911259967452,272.79428243106145,272.79428243106145
NN,TCGA-LUAD,TCGA-KN-8419-11,TCGA-KN-8427-11,0.0005738996972200746,0.17009588368158665,296.3860836754538,296.3860836754538
NN,TCGA-LUAD,TCGA-KN-8419-11,TCGA-KN-8428-11,0.0009669269873949697,0.21678889721236633,224.20399889388187,224.20399889388187
NN,TCGA-LUAD,TCGA-KN-8419-11,TCGA-KN-8429-11,0.000654308366263426,0.19211397524361673,293.6138144476533,293.6138144476533
NN,TCGA-LUAD,TCGA-KN-8419-11,TCGA-KN-8430-11,0.0011861929170852265,0.15877378999250646,133.8515748202691,133.8515748202691
NN,TCGA-LUAD,TCGA-KN-8419-11,TCGA-KN-8431-11,0.0008797102964216993,0.18116434322439354,205.93636787166844,205.93636787166844
NN,TCGA-LUAD,TCGA-KN-8419-11,TCGA-KN-8432-11,0.0023251154627154215,0.19342574952705816,83.18973944681566,83.18973944681566
NN,TCGA-LUAD,TCGA-KN-8419-11,TCGA-KN-8433-11,0.0007381189348699931,0.1654801441010631,224.19170716736804,224.19170716736804
NN,TCGA-LUAD,TCGA-KN-8419-11,TCGA-KN-8434-11,0.0010799878391295873,0.23234053673301044,215.13254901116713,215.13254901116713
NN,TCGA-LUAD,TCGA-KN-8419-11,TCGA-KN-8435-11,0.0010705106257432172,0.182383834174137,170.37087702657266,170.37087702657266
NN,TCGA-LUAD,TCGA-KN-8419-11,TCGA-KN-8436-11,0.0011342403322706623,0.17326456197871382,152.75824448232362,152.75824448232362
NN,TCGA-LUAD,TCGA-KN-8419-11,TCGA-KN-8437-11,0.001383526340622445,0.09194541707002449,66.45729421288682,66.45729421288682
NN,TCGA-LUAD,TCGA-KN-8422-11,TCGA-KN-8423-11,0.00037298049263323073,0.15910981680912806,426.59018353967434,426.59018353967434
NN,TCGA-LUAD,TCGA-KN-8422-11,TCGA-KN-8424-11,0.000610018967161998,0.1163487255536879,190.729685168609,190.729685168609
NN,TCGA-LUAD,TCGA-KN-8422-11,TCGA-KN-8425-11,0.0003631147225206462,0.07954568990747067,219.06489870552633,219.06489870552633
NN,TCGA-LUAD,TCGA-KN-8422-11,TCGA-KN-8426-11,0.0003655146227296895,0.15805964686280746,432.43043378786507,432.43043378786507
NN,TCGA-LUAD,TCGA-KN-8422-11,TCGA-KN-8427-11,0.0004649604223733849,0.2087533263499478,448.97009789428733,448.97009789428733
NN,TCGA-LUAD,TCGA-KN-8422-11,TCGA-KN-8428-11,0.0003111409081946007,0.1657073380838663,532.5797210189601,532.5797210189601
NN,TCGA-LUAD,TCGA-KN-8422-11,TCGA-KN-8429-11,0.0013483275877039817,0.22547812831597785,167.2280018388828,167.2280018388828
NN,TCGA-LUAD,TCGA-KN-8422-11,TCGA-KN-8430-11,0.0007620756405776628,0.13821140417199357,181.3617924688258,181.3617924688258
NN,TCGA-LUAD,TCGA-KN-8422-11,TCGA-KN-8431-11,0.0003350300729871939,0.13335834773302196,398.0488872057745,398.0488872057745
NN,TCGA-LUAD,TCGA-KN-8422-11,TCGA-KN-8432-11,0.0034333887521164367,0.165242476661719,48.12809984300756,48.12809984300756
NN,TCGA-LUAD,TCGA-KN-8422-11,TCGA-KN-8433-11,0.00040022970594876233,0.09757974997118656,243.80936377490875,243.80936377490875
NN,TCGA-LUAD,TCGA-KN-8422-11,TCGA-KN-8434-11,0.00041464608419141183,0.15371638395804094,370.7170761248074,370.7170761248074
NN,TCGA-LUAD,TCGA-KN-8422-11,TCGA-KN-8435-11,0.00021464878473751494,0.1262146503316227,588.0054270326541,588.0054270326541
NN,TCGA-LUAD,TCGA-KN-8422-11,TCGA-KN-8436-11,0.0003276773223730734,0.13568093019344718,414.0687222748029,414.0687222748029
NN,TCGA-LUAD,TCGA-KN-8422-11,TCGA-KN-8437-11,0.0004067172695398874,0.09606942556779931,236.20690037696477,236.20690037696477
NN,TCGA-LUAD,TCGA-KN-8423-11,TCGA-KN-8424-11,0.0006787100663497982,0.10981567523250275,161.80056945833658,161.80056945833658
NN,TCGA-LUAD,TCGA-KN-8423-11,TCGA-KN-8425-11,0.00046269958587282314,0.04832196336546818,104.43485328458858,104.43485328458858
NN,TCGA-LUAD,TCGA-KN-8423-11,TCGA-KN-8426-11,0.0004530218941292401,0.1361672643068424,300.575460196182,300.575460196182
NN,TCGA-LUAD,TCGA-KN-8423-11,TCGA-KN-8427-11,0.0005438693542350146,0.1967750868342794,361.8058000547863,361.8058000547863
NN,TCGA-LUAD,TCGA-KN-8423-11,TCGA-KN-8428-11,0.0003976522749806019,0.25312731063287897,636.5544133884986,636.5544133884986
NN,TCGA-LUAD,TCGA-KN-8423-11,TCGA-KN-8429-11,0.0010403965581584971,0.17373745892519815,166.99157409047336,166.99157409047336
NN,TCGA-LUAD,TCGA-KN-8423-11,TCGA-KN-8430-11,0.0007328873925007595,0.11000691594841107,150.10070724923415,150.10070724923415
NN,TCGA-LUAD,TCGA-KN-8423-11,TCGA-KN-8431-11,0.00030515160733110645,0.0818676821421914,268.2852725509665,268.2852725509665
NN,TCGA-LUAD,TCGA-KN-8423-11,TCGA-KN-8432-11,0.0025924973299535545,0.08527383154593947,32.89254363377384,32.89254363377384
NN,TCGA-LUAD,TCGA-KN-8423-11,TCGA-KN-8433-11,0.0005621871472488678,0.1370549500708577,243.7888356956451,243.7888356956451
NN,TCGA-LUAD,TCGA-KN-8423-11,TCGA-KN-8434-11,0.0005205099812948965,0.2098009972792224,403.068153961795,403.068153961795
NN,TCGA-LUAD,TCGA-KN-8423-11,TCGA-KN-8435-11,0.0004118655368333592,0.210095593273111,510.10724249578493,510.10724249578493
NN,TCGA-LUAD,TCGA-KN-8423-11,TCGA-KN-8436-11,0.00047382476896490984,0.11482262329545366,242.33140776133024,242.33140776133024
NN,TCGA-LUAD,TCGA-KN-8423-11,TCGA-KN-8437-11,0.0005834158947812442,0.15160686299326315,259.8607003158685,259.8607003158685
NN,TCGA-LUAD,TCGA-KN-8424-11,TCGA-KN-8425-11,0.0004810770361762724,0.1578645337723581,328.1481382422807,328.1481382422807
NN,TCGA-LUAD,TCGA-KN-8424-11,TCGA-KN-8426-11,0.0009189933060120403,0.177874135434691,193.55324382782888,193.55324382782888
NN,TCGA-LUAD,TCGA-KN-8424-11,TCGA-KN-8427-11,0.0006475034573547951,0.16883812843328916,260.75247400690785,260.75247400690785
NN,TCGA-LUAD,TCGA-KN-8424-11,TCGA-KN-8428-11,0.0004556977509334495,0.1438746570529827,315.7238690738991,315.7238690738991
NN,TCGA-LUAD,TCGA-KN-8424-11,TCGA-KN-8429-11,0.0008056796479571733,0.20196795974883305,250.68023036318382,250.68023036318382
NN,TCGA-LUAD,TCGA-KN-8424-11,TCGA-KN-8430-11,0.0007498782857624014,0.1780169248388414,237.39442549380072,237.39442549380072
NN,TCGA-LUAD,TCGA-KN-8424-11,TCGA-KN-8431-11,0.0003549170834970305,0.14027717453481664,395.23928561751046,395.23928561751046
NN,TCGA-LUAD,TCGA-KN-8424-11,TCGA-KN-8432-11,0.001876159518746014,0.20056567723250565,106.90225176938023,106.90225176938023
NN,TCGA-LUAD,TCGA-KN-8424-11,TCGA-KN-8433-11,0.0004823767681604752,0.1763654770889147,365.61768461917745,365.61768461917745
NN,TCGA-LUAD,TCGA-KN-8424-11,TCGA-KN-8434-11,0.0004221914196677627,0.16125349978732983,381.94404783078227,381.94404783078227
NN,TCGA-LUAD,TCGA-KN-8424-11,TCGA-KN-8435-11,0.0007623821527904291,0.10063779700914667,132.0043978479792,132.0043978479792
NN,TCGA-LUAD,TCGA-KN-8424-11,TCGA-KN-8436-11,0.00048241924281853393,0.13486518706562844,279.56013171796116,279.56013171796116
NN,TCGA-LUAD,TCGA-KN-8424-11,TCGA-KN-8437-11,0.0011369586311046726,0.04429507422423418,38.95926642572469,38.95926642572469
NN,TCGA-LUAD,TCGA-KN-8425-11,TCGA-KN-8426-11,0.0005226557475964756,0.08656935641605375,165.63360646880506,165.63360646880506
NN,TCGA-LUAD,TCGA-KN-8425-11,TCGA-KN-8427-11,0.0005485737147095391,0.11372232437006327,207.305456533362,207.305456533362
NN,TCGA-LUAD,TCGA-KN-8425-11,TCGA-KN-8428-11,0.000428456377908719,0.1135995084747521,265.1366961304846,265.1366961304846
NN,TCGA-LUAD,TCGA-KN-8425-11,TCGA-KN-8429-11,0.0010392389768337567,0.16242294681035574,156.290276280061,156.290276280061
NN,TCGA-LUAD,TCGA-KN-8425-11,TCGA-KN-8430-11,0.0004474389319804851,0.15606661585978407,348.7998131253157,348.7998131253157
NN,TCGA-LUAD,TCGA-KN-8425-11,TCGA-KN-8431-11,0.00017176565907846026,0.134543778472543,783.2984730148254,783.2984730148254
NN,TCGA-LUAD,TCGA-KN-8425-11,TCGA-KN-8432-11,0.0024657648484895066,0.18924067524897942,76.74725161440502,76.74725161440502
NN,TCGA-LUAD,TCGA-KN-8425-11,TCGA-KN-8433-11,0.00042732814997711865,0.19682969749134802,460.6055030586852,460.6055030586852
NN,TCGA-LUAD,TCGA-KN-8425-11,TCGA-KN-8434-11,0.0003857927457730114,0.14763026687296057,382.66729608187524,382.66729608187524
NN,TCGA-LUAD,TCGA-KN-8425-11,TCGA-KN-8435-11,0.0004438504011714129,0.04530369161029747,102.06973225828268,102.06973225828268
NN,TCGA-LUAD,TCGA-KN-8425-11,TCGA-KN-8436-11,0.0003141323536352429,0.0660858213788423,210.3757241623648,210.3757241623648
NN,TCGA-LUAD,TCGA-KN-8425-11,TCGA-KN-8437-11,0.001040481487284457,0.044366080394164384,42.63995173038111,42.63995173038111
NN,TCGA-LUAD,TCGA-KN-8426-11,TCGA-KN-8427-11,0.00047197209686483297,0.17456059848981695,369.85364102956487,369.85364102956487
NN,TCGA-LUAD,TCGA-KN-8426-11,TCGA-KN-8428-11,0.0006021005779023112,0.24906736203709684,413.6640474666795,413.6640474666795
NN,TCGA-LUAD,TCGA-KN-8426-11,TCGA-KN-8429-11,0.0010872256036713805,0.15814005297576667,145.45284110469248,145.45284110469248
NN,TCGA-LUAD,TCGA-KN-8426-11,TCGA-KN-8430-11,0.0008445455759831683,0.1252450850962395,148.2987877243177,148.2987877243177
NN,TCGA-LUAD,TCGA-KN-8426-11,TCGA-KN-8431-11,0.0005384000220229102,0.0883644108334767,164.12408473065884,164.12408473065884
NN,TCGA-LUAD,TCGA-KN-8426-11,TCGA-KN-8432-11,0.003222051356429157,0.15670832173502428,48.63619613707725,48.63619613707725
NN,TCGA-LUAD,TCGA-KN-8426-11,TCGA-KN-8433-11,0.0005876486127833469,0.1832953736008402,311.9132243547338,311.9132243547338
NN,TCGA-LUAD,TCGA-KN-8426-11,TCGA-KN-8434-11,0.0007887130540079382,0.2432110055198608,308.3643719144186,308.3643719144186
NN,TCGA-LUAD,TCGA-KN-8426-11,TCGA-KN-8435-11,0.0004241116572236027,0.17403687080892372,410.35625370034796,410.35625370034796
NN,TCGA-LUAD,TCGA-KN-8426-11,TCGA-KN-8436-11,0.0004565954635180114,0.15500973757161274,339.49031463712305,339.49031463712305
NN,TCGA-LUAD,TCGA-KN-8426-11,TCGA-KN-8437-11,0.000652994734978558,0.1416016404531035,216.84958984815273,216.84958984815273
NN,TCGA-LUAD,TCGA-KN-8427-11,TCGA-KN-8428-11,0.00036313798494099154,0.15727418184550165,433.097578241665,433.097578241665
NN,TCGA-LUAD,TCGA-KN-8427-11,TCGA-KN-8429-11,0.000821469663649037,0.20357078722544403,247.81290926942518,247.81290926942518
NN,TCGA-LUAD,TCGA-KN-8427-11,TCGA-KN-8430-11,0.0005680128669974108,0.12848632375606964,226.20319225383906,226.20319225383906
NN,TCGA-LUAD,TCGA-KN-8427-11,TCGA-KN-8431-11,0.0004853125651339907,0.15510616089894577,319.6005462090648,319.6005462090648
NN,TCGA-LUAD,TCGA-KN-8427-11,TCGA-KN-8432-11,0.003003741226389698,0.18806592829109212,62.61056266725584,62.61056266725584
NN,TCGA-LUAD,TCGA-KN-8427-11,TCGA-KN-8433-11,0.0003455535290747476,0.1974747566877902,571.4737083326788,571.4737083326788
NN,TCGA-LUAD,TCGA-KN-8427-11,TCGA-KN-8434-11,0.0004947962145500326,0.2274856616233859,459.7562692153197,459.7562692153197
NN,TCGA-LUAD,TCGA-KN-8427-11,TCGA-KN-8435-11,0.0005048705216201079,0.1340623799664617,265.5381414154688,265.5381414154688
NN,TCGA-LUAD,TCGA-KN-8427-11,TCGA-KN-8436-11,0.0004742506493173361,0.1539234673912253,324.56142677462157,324.56142677462157
NN,TCGA-LUAD,TCGA-KN-8427-11,TCGA-KN-8437-11,0.0006918019723094835,0.09607489679234217,138.87629789722868,138.87629789722868
NN,TCGA-LUAD,TCGA-KN-8428-11,TCGA-KN-8429-11,0.0010410632716747878,0.19577733934254601,188.0551784596084,188.0551784596084
NN,TCGA-LUAD,TCGA-KN-8428-11,TCGA-KN-8430-11,0.0006620083483241352,0.1380246224300165,208.49377923922543,208.49377923922543
NN,TCGA-LUAD,TCGA-KN-8428-11,TCGA-KN-8431-11,0.0003326760637954692,0.178866224935647,537.6588351292229,537.6588351292229
NN,TCGA-LUAD,TCGA-KN-8428-11,TCGA-KN-8432-11,0.0026938264501645305,0.16093498005829204,59.742148588845666,59.742148588845666
NN,TCGA-LUAD,TCGA-KN-8428-11,TCGA-KN-8433-11,0.00020199359994683435,0.08982333642461127,444.6840714173775,444.6840714173775
NN,TCGA-LUAD,TCGA-KN-8428-11,TCGA-KN-8434-11,0.00016012530984050184,0.13057205372018105,815.4366967360857,815.4366967360857
NN,TCGA-LUAD,TCGA-KN-8428-11,TCGA-KN-8435-11,0.00020679882132401632,0.13108313381728504,633.867896238642,633.867896238642
NN,TCGA-LUAD,TCGA-KN-8428-11,TCGA-KN-8436-11,0.0004265022310163069,0.16112675284352582,377.78642437480073,377.78642437480073
NN,TCGA-LUAD,TCGA-KN-8428-11,TCGA-KN-8437-11,0.0006275089392958324,0.17428205162021804,277.73636470548286,277.73636470548286
NN,TCGA-LUAD,TCGA-KN-8429-11,TCGA-KN-8430-11,0.001021813423112192,0.14102530661017124,138.0147328468664,138.0147328468664
NN,TCGA-LUAD,TCGA-KN-8429-11,TCGA-KN-8431-11,0.000950489935516772,0.18886255723980716,198.70021783778748,198.70021783778748
NN,TCGA-LUAD,TCGA-KN-8429-11,TCGA-KN-8432-11,0.0012917663283411793,0.15194676738198565,117.62713119880434,117.62713119880434
NN,TCGA-LUAD,TCGA-KN-8429-11,TCGA-KN-8433-11,0.0008934183590275009,0.2577492484735014,288.4978194919402,288.4978194919402
NN,TCGA-LUAD,TCGA-KN-8429-11,TCGA-KN-8434-11,0.0010256445793173008,0.27290644296659144,266.08285995938866,266.08285995938866
NN,TCGA-LUAD,TCGA-KN-8429-11,TCGA-KN-8435-11,0.0014031773815905459,0.13086554340363735,93.26372069602286,93.26372069602286
NN,TCGA-LUAD,TCGA-KN-8429-11,TCGA-KN-8436-11,0.0009949770497661822,0.19854272860651134,199.54503337857744,199.54503337857744
NN,TCGA-LUAD,TCGA-KN-8429-11,TCGA-KN-8437-11,0.0017368815075200885,0.06383039902429496,36.75000208588306,36.75000208588306
NN,TCGA-LUAD,TCGA-KN-8430-11,TCGA-KN-8431-11,0.0004520406232945208,0.15324896444074448,339.0159126050431,339.0159126050431
NN,TCGA-LUAD,TCGA-KN-8430-11,TCGA-KN-8432-11,0.002914417968161424,0.19940726109233287,68.42095515151178,68.42095515151178
NN,TCGA-LUAD,TCGA-KN-8430-11,TCGA-KN-8433-11,0.0006140897088701164,0.21411697449225275,348.6737709482439,348.6737709482439
NN,TCGA-LUAD,TCGA-KN-8430-11,TCGA-KN-8434-11,0.0005923699707679967,0.18449125233605065,311.4459905806183,311.4459905806183
NN,TCGA-LUAD,TCGA-KN-8430-11,TCGA-KN-8435-11,0.0008124292781574014,0.08761061228785805,107.83783234223154,107.83783234223154
NN,TCGA-LUAD,TCGA-KN-8430-11,TCGA-KN-8436-11,0.00038831246553746245,0.08690953008259278,223.8133920380369,223.8133920380369
NN,TCGA-LUAD,TCGA-KN-8430-11,TCGA-KN-8437-11,0.001304779244012855,0.04343906721060075,33.29227331744157,33.29227331744157
NN,TCGA-LUAD,TCGA-KN-8431-11,TCGA-KN-8432-11,0.002309233851370677,0.18008272899980038,77.98375590800812,77.98375590800812
NN,TCGA-LUAD,TCGA-KN-8431-11,TCGA-KN-8433-11,0.00040346381975581093,0.21526685338412027,533.5468580910342,533.5468580910342
NN,TCGA-LUAD,TCGA-KN-8431-11,TCGA-KN-8434-11,0.00032818438805613706,0.19553885765836626,595.8201083743163,595.8201083743163
NN,TCGA-LUAD,TCGA-KN-8431-11,TCGA-KN-8435-11,0.0004257497872789577,0.08723270063753055,204.8919418023675,204.8919418023675
NN,TCGA-LUAD,TCGA-KN-8431-11,TCGA-KN-8436-11,0.00032728312563083705,0.1203542212639048,367.73732538737664,367.73732538737664
NN,TCGA-LUAD,TCGA-KN-8431-11,TCGA-KN-8437-11,0.0008992279412089107,0.0183001342542048,20.350940418513165,20.350940418513165
NN,TCGA-LUAD,TCGA-KN-8432-11,TCGA-KN-8433-11,0.002548566595797142,0.2340942897971406,91.85331479396577,91.85331479396577
NN,TCGA-LUAD,TCGA-KN-8432-11,TCGA-KN-8434-11,0.002454152058019968,0.1899823561727688,77.41262630892084,77.41262630892084
NN,TCGA-LUAD,TCGA-KN-8432-11,TCGA-KN-8435-11,0.0033359441185036387,0.11085595857346335,33.23076005937071,33.23076005937071
NN,TCGA-LUAD,TCGA-KN-8432-11,TCGA-KN-8436-11,0.0029445951847696106,0.1410987062621309,47.91786218762382,47.91786218762382
NN,TCGA-LUAD,TCGA-KN-8432-11,TCGA-KN-8437-11,0.004205344292769589,0.07105943633833278,16.89741229047715,16.89741229047715
NN,TCGA-LUAD,TCGA-KN-8433-11,TCGA-KN-8434-11,0.00021936406685877372,0.11502173286694864,524.3417233917324,524.3417233917324
NN,TCGA-LUAD,TCGA-KN-8433-11,TCGA-KN-8435-11,0.0003318840949741017,0.07406141011154128,223.1544422679267,223.1544422679267
NN,TCGA-LUAD,TCGA-KN-8433-11,TCGA-KN-8436-11,0.00046599343677148746,0.1753962365760735,376.39207494264303,376.39207494264303
NN,TCGA-LUAD,TCGA-KN-8433-11,TCGA-KN-8437-11,0.0008727113493142914,0.08864579727839283,101.57516267898177,101.57516267898177
NN,TCGA-LUAD,TCGA-KN-8434-11,TCGA-KN-8435-11,0.00030190566003574117,0.09824471371705953,325.4152761012457,325.4152761012457
NN,TCGA-LUAD,TCGA-KN-8434-11,TCGA-KN-8436-11,0.00042867156632523046,0.19099589904556236,445.55299219602296,445.55299219602296
NN,TCGA-LUAD,TCGA-KN-8434-11,TCGA-KN-8437-11,0.0009666967545670267,0.12530515906970005,129.62199208563902,129.62199208563902
NN,TCGA-LUAD,TCGA-KN-8435-11,TCGA-KN-8436-11,0.00043574578813253,0.10090382434519143,231.5658053234057,231.5658053234057
NN,TCGA-LUAD,TCGA-KN-8435-11,TCGA-KN-8437-11,0.0005595244068293242,0.1812290354514198,323.8983558883454,323.8983558883454
NN,TCGA-LUAD,TCGA-KN-8436-11,TCGA-KN-8437-11,0.0007840253018851786,0.09278310806664228,118.34198187679213,118.34198187679213
TN,TCGA-LUAD,TCGA-64-1679-01,TCGA-55-6981-11,0.0016919855650339684,0.3864910025990491,228.4245271272689,228.4245271272689
TN,TCGA-LUAD,TCGA-78-7158-01,TCGA-KN-8434-11,0.0021498132919720112,0.4215686460122666,196.09546912121107,196.09546912121107
TN,TCGA-LUAD,TCGA-MP-A4T7-01,TCGA-50-5931-11,0.002150650854269118,0.26359474717584475,122.56510472287951,122.56510472287951
TN,TCGA-LUAD,TCGA-55-7284-01,TCGA-91-6849-11,0.0008617497118534297,0.2038149528982348,236.5129342020605,236.5129342020605
TN,TCGA-LUAD,TCGA-TQ-A7RH-01,TCGA-91-6836-11,0.0022034770833617425,0.3067721241916146,139.2218355743399,139.2218355743399
TN,TCGA-LUAD,TCGA-38-A44F-01,TCGA-38-4626-11,0.0012649526279513738,0.2041840826673939,161.41638679234632,161.41638679234632
TN,TCGA-LUAD,TCGA-86-A456-01,TCGA-38-4626-11,0.0018579410659947005,0.2400171056516269,129.18445587138527,129.18445587138527
TN,TCGA-LUAD,TCGA-55-7283-01,TCGA-73-4676-11,0.0023795263220927733,0.20260294477717092,85.14423349559056,85.14423349559056
TN,TCGA-LUAD,TCGA-73-A9RS-01,TCGA-55-6968-11,0.002003817742373788,0.38236578624684986,190.81864491023362,190.81864491023362
TN,TCGA-LUAD,TCGA-TQ-A7RW-01,TCGA-55-6984-11,0.0018093456018549309,0.34444626196204475,190.37062991665076,190.37062991665076
TN,TCGA-LUAD,TCGA-35-3615-01,TCGA-91-6835-11,0.00280007929349399,0.19865185972636634,70.94508365814346,70.94508365814346
TN,TCGA-LUAD,TCGA-49-AARN-01,TCGA-49-6742-11,0.0015364534897447755,0.28148054488568386,183.20147454150492,183.20147454150492
TN,TCGA-LUAD,TCGA-50-5930-01,TCGA-55-6975-11,0.001960137037305751,0.3498246542934004,178.46948842629985,178.46948842629985
TN,TCGA-LUAD,TCGA-93-A4JO-01,TCGA-50-5939-11,0.0026369488834722173,0.270226207198339,102.47684696963755,102.47684696963755
TN,TCGA-LUAD,TCGA-75-7025-01,TCGA-50-5939-11,0.0016066860197459427,0.26093856963677803,162.40794183174566,162.40794183174566
TN,TCGA-LUAD,TCGA-55-8096-01,TCGA-44-2665-11,0.0015919072320946326,0.32442759220184325,203.79805158304433,203.79805158304433
TN,TCGA-LUAD,TCGA-93-7348-01,TCGA-44-2668-11,0.0015057755661681252,0.31257514411224163,207.58415207100094,207.58415207100094
TN,TCGA-LUAD,TCGA-44-6774-01,TCGA-44-6146-11,0.0012677396697715585,0.3600045101579583,283.973530798188,283.973530798188
TN,TCGA-LUAD,TCGA-50-6590-01,TCGA-KN-8431-11,0.0026186383897924157,0.4396807287026815,167.90433166204969,167.90433166204969
TN,TCGA-LUAD,TCGA-44-2656-01,TCGA-91-6828-11,0.0021934060917181888,0.29352193317888753,133.82015044417025,133.82015044417025
TN,TCGA-LUAD,TCGA-78-7152-01,TCGA-91-6836-11,0.0015675888185974996,0.33510966289040445,213.7739558452723,213.7739558452723
TN,TCGA-LUAD,TCGA-78-7167-01,TCGA-49-6761-11,0.0016959074899529055,0.36361513245173177,214.4074099595074,214.4074099595074
TN,TCGA-LUAD,TCGA-73-7499-01,TCGA-55-6972-11,0.004251807968430147,0.38191219553108274,89.82348176747324,89.82348176747324
TN,TCGA-LUAD,TCGA-64-1680-01,TCGA-44-2661-11,0.002822907876282801,0.2562587665752366,90.7782959296134,90.7782959296134
TN,TCGA-LUAD,TCGA-78-7162-01,TCGA-91-6831-11,0.0014968237521116538,0.24981735076820566,166.89830744319377,166.89830744319377
TN,TCGA-LUAD,TCGA-55-6981-01,TCGA-44-3396-11,0.001994712773749494,0.34557871712058186,173.24735754862184,173.24735754862184
TN,TCGA-LUAD,TCGA-TQ-A7RK-01,TCGA-44-2657-11,0.0022920109411872485,0.16791430690737985,73.26069168779848,73.26069168779848
TN,TCGA-LUAD,TCGA-44-3398-01,TCGA-50-5930-11,0.0038179293107338747,0.2596254327150147,68.00163428513297,68.00163428513297
TN,TCGA-LUAD,TCGA-75-6207-01,TCGA-44-6146-11,0.0027940796741829886,0.36992366664434734,132.39553261934665,132.39553261934665
TN,TCGA-LUAD,TCGA-MP-A4TD-01,TCGA-44-5645-11,0.0018860918248821798,0.36416738220954914,193.08040966260904,193.08040966260904
TN,TCGA-LUAD,TCGA-NJ-A55R-01,TCGA-55-6972-11,0.0016250505597408883,0.367785305595546,226.32237710449377,226.32237710449377
TN,TCGA-LUAD,TCGA-97-8552-01,TCGA-KN-8434-11,0.001481609988563393,0.2475743453315149,167.0981886208592,167.0981886208592
TN,TCGA-LUAD,TCGA-64-5775-01,TCGA-55-6985-11,0.0020627308356631485,0.24534304791120037,118.9408931448513,118.9408931448513
TN,TCGA-LUAD,TCGA-KN-8419-01,TCGA-44-6778-11,0.0034313880990993638,0.1685434125444329,49.11814335098687,49.11814335098687
TN,TCGA-LUAD,TCGA-67-4679-01,TCGA-55-6982-11,0.0010941343091584027,0.24237467028113008,221.52186276615552,221.52186276615552
TN,TCGA-LUAD,TCGA-97-A4M7-01,TCGA-55-6972-11,0.0013514382791663217,0.21521781910560767,159.2509420691944,159.2509420691944
TN,TCGA-LUAD,TCGA-MP-A4TJ-01,TCGA-KN-8434-11,0.0016615372224000075,0.23625248385302317,142.1891009530128,142.1891009530128
TN,TCGA-LUAD,TCGA-55-8508-01,TCGA-KN-8423-11,0.0026214364435935633,0.41805310577136384,159.47482030053757,159.47482030053757
TN,TCGA-LUAD,TCGA-75-6212-01,TCGA-KN-8429-11,0.0022114663302718555,0.3538739824380983,160.01780248428952,160.01780248428952
TN,TCGA-LUAD,TCGA-97-8174-01,TCGA-44-6147-11,0.0017060173994292434,0.29290774765206107,171.69094978166976,171.69094978166976
TN,TCGA-LUAD,TCGA-KN-8431-01,TCGA-91-6828-11,0.005305011514856747,0.07879746079396399,14.853400520110236,14.853400520110236
TN,TCGA-LUAD,TCGA-55-A493-01,TCGA-KN-8430-11,0.003049973010946325,0.2513114522709545,82.39792659443216,82.39792659443216
TN,TCGA-LUAD,TCGA-49-AAR2-01,TCGA-44-2668-11,0.006775496952476968,0.32450767938726555,47.89429936480643,47.89429936480643
TN,TCGA-LUAD,TCGA-75-5146-01,TCGA-44-2668-11,0.0030381493671602154,0.29525782599584666,97.18344633984428,97.18344633984428
TN,TCGA-LUAD,TCGA-TQ-A7RW-01,TCGA-73-4676-11,0.003969703526588653,0.3828803938248604,96.45062691971029,96.45062691971029
TN,TCGA-LUAD,TCGA-73-4668-01,TCGA-49-6744-11,0.002319188897932414,0.3516957518943268,151.64601391799863,151.64601391799863
TN,TCGA-LUAD,TCGA-78-7633-01,TCGA-91-6829-11,0.0018657467476827605,0.27840144918509024,149.21716976372178,149.21716976372178
TN,TCGA-LUAD,TCGA-J2-A4AD-01,TCGA-38-4632-11,0.0025530687190832824,0.28836201225697955,112.94721920392345,112.94721920392345
TN,TCGA-LUAD,TCGA-73-4677-01,TCGA-44-3398-11,0.0016171019631243564,0.2666733807385727,164.90820419470688,164.90820419470688
TN,TCGA-LUAD,TCGA-N6-A4VG-01,TCGA-44-2657-11,0.002733988047295543,0.22321304313559337,81.64375237718957,81.64375237718957
TN,TCGA-LUAD,TCGA-86-8358-01,TCGA-KN-8425-11,0.003077612233740105,0.24413783888031554,79.32703028790087,79.32703028790087
TN,TCGA-LUAD,TCGA-78-7539-01,TCGA-44-2655-11,0.0017570946165949809,0.32192220152796636,183.21278688555168,183.21278688555168
TN,TCGA-LUAD,TCGA-55-1596-01,TCGA-44-3396-11,0.0030859502515205132,0.38387746612075907,124.39522183859395,124.39522183859395
TN,TCGA-LUAD,TCGA-55-7570-01,TCGA-44-3398-11,0.002732012438765326,0.36904488822809306,135.08170130985016,135.08170130985016
TN,TCGA-LUAD,TCGA-55-1594-01,TCGA-KN-8434-11,0.002487666790373348,0.38718558892857247,155.64206204258724,155.64206204258724
TN,TCGA-LUAD,TCGA-97-7553-01,TCGA-KN-8423-11,0.0010894098118862275,0.1815313153751476,166.63271561767962,166.63271561767962
TN,TCGA-LUAD,TCGA-TQ-A7RN-01,TCGA-50-5936-11,0.0022670758989809074,0.2829129102826445,124.79198883893524,124.79198883893524
TN,TCGA-LUAD,TCGA-64-1677-01,TCGA-50-5930-11,0.005059128017194424,0.34582789779276657,68.35721425063838,68.35721425063838
TN,TCGA-LUAD,TCGA-78-7145-01,TCGA-55-6968-11,0.0023658987860331274,0.3331160826994328,140.79895753189186,140.79895753189186
TN,TCGA-LUAD,TCGA-05-4424-01,TCGA-55-6978-11,0.0018196904259461554,0.2877860760396215,158.15111841893983,158.15111841893983
TN,TCGA-LUAD,TCGA-50-6593-01,TCGA-55-6978-11,0.0015014037894956283,0.2190930058442424,145.92543816466792,145.92543816466792
TN,TCGA-LUAD,TCGA-86-8585-01,TCGA-KN-8432-11,0.005215671981673392,0.35972760624026917,68.97051952351775,68.97051952351775
TN,TCGA-LUAD,TCGA-55-8299-01,TCGA-KN-8422-11,0.0014056839098271262,0.24138851409532797,171.72318215196358,171.72318215196358
TN,TCGA-LUAD,TCGA-49-6745-01,TCGA-KN-8433-11,0.002119155136979525,0.29463430433127474,139.03385325117017,139.03385325117017
TN,TCGA-LUAD,TCGA-78-7146-01,TCGA-44-3396-11,0.002442865082085021,0.3521084604336286,144.13749781592477,144.13749781592477
TN,TCGA-LUAD,TCGA-55-A57B-01,TCGA-49-4512-11,0.005876999614801065,0.14036524298719807,23.883827154538515,23.883827154538515
TN,TCGA-LUAD,TCGA-NJ-A55R-01,TCGA-55-6980-11,0.0015974352174037815,0.3662600731401618,229.28007918557284,229.28007918557284
TN,TCGA-LUAD,TCGA-86-8281-01,TCGA-KN-8432-11,0.004668971859163248,0.27030179974509516,57.893216729204575,57.893216729204575
TN,TCGA-LUAD,TCGA-55-7576-01,TCGA-50-5939-11,0.001714347939597498,0.3091125553996428,180.30911243852722,180.30911243852722
TN,TCGA-LUAD,TCGA-50-5941-01,TCGA-55-6982-11,0.0014092193208900057,0.3157978440195282,224.09417706541456,224.09417706541456
TN,TCGA-LUAD,TCGA-86-8668-01,TCGA-73-4676-11,0.0036925163175053734,0.2750832446646944,74.49750278978804,74.49750278978804
TN,TCGA-LUAD,TCGA-S2-AA1A-01,TCGA-49-4490-11,0.004799462113647611,0.23382517448364953,48.719037456041384,48.719037456041384
TN,TCGA-LUAD,TCGA-44-2662-01,TCGA-55-6969-11,0.002578506696376399,0.38950577301964606,151.05866258444175,151.05866258444175
TN,TCGA-LUAD,TCGA-N6-A4VC-01,TCGA-44-6146-11,0.003288079161004401,0.35376450423559114,107.59002046882826,107.59002046882826
TN,TCGA-LUAD,TCGA-75-6206-01,TCGA-44-2657-11,0.001303785572411527,0.30670135593707293,235.23910865939976,235.23910865939976
TN,TCGA-LUAD,TCGA-05-4424-01,TCGA-91-6828-11,0.0017701473850167326,0.25951289852976633,146.60524921619069,146.60524921619069
TN,TCGA-LUAD,TCGA-75-6206-01,TCGA-49-6761-11,0.001452991999306812,0.3473676546561635,239.07059008025118,239.07059008025118
TN,TCGA-LUAD,TCGA-38-4630-01,TCGA-55-6986-11,0.002950298384677713,0.40763380480363437,138.16697555768204,138.16697555768204
TN,TCGA-LUAD,TCGA-05-4426-01,TCGA-55-6986-11,0.0015747437530716538,0.30644944243262334,194.60273573708173,194.60273573708173
TN,TCGA-LUAD,TCGA-91-6831-01,TCGA-55-6969-11,0.0020707279566710398,0.3696432950084714,178.50886390828484,178.50886390828484
TN,TCGA-LUAD,TCGA-KN-8435-01,TCGA-55-6972-11,0.00276328650033581,0.20018906244670834,72.44600312793489,72.44600312793489
TN,TCGA-LUAD,TCGA-55-6979-01,TCGA-44-2665-11,0.0015456115927289528,0.31206569019093855,201.90434107701736,201.90434107701736
TN,TCGA-LUAD,TCGA-05-4432-01,TCGA-KN-8436-11,0.002116407484300596,0.28172871603799626,133.1164807003593,133.1164807003593
TN,TCGA-LUAD,TCGA-86-6562-01,TCGA-KN-8431-11,0.0017941843098451381,0.26252086651084106,146.31766929981686,146.31766929981686
TN,TCGA-LUAD,TCGA-05-5428-01,TCGA-KN-8434-11,0.007990250554722144,0.380004643933066,47.55853916351693,47.55853916351693
TN,TCGA-LUAD,TCGA-KN-8423-01,TCGA-KN-8425-11,0.0020051863561966806,0.3115901780458795,155.3921295559209,155.3921295559209
TN,TCGA-LUAD,TCGA-MP-A4TF-01,TCGA-50-5935-11,0.0021535418610740425,0.4081526845973906,189.52623674277285,189.52623674277285
TN,TCGA-LUAD,TCGA-64-1678-01,TCGA-44-6777-11,0.011286475137552106,0.1429975861637468,12.66981802741659,12.66981802741659
TN,TCGA-LUAD,TCGA-75-7025-01,TCGA-44-6148-11,0.0011627721507320508,0.24799056766887073,213.27529001510948,213.27529001510948
TN,TCGA-LUAD,TCGA-MT-A67D-01,TCGA-44-6144-11,0.0029370575965783335,0.44197441090691086,150.4820373362137,150.4820373362137
TN,TCGA-LUAD,TCGA-49-AAQV-01,TCGA-KN-8428-11,0.0026060885171202853,0.38451285091465026,147.544048634056,147.544048634056
TN,TCGA-LUAD,TCGA-O1-A52J-01,TCGA-91-6829-11,0.0020123419139151015,0.32271815470108356,160.36944441177042,160.36944441177042
TN,TCGA-LUAD,TCGA-05-5423-01,TCGA-50-6595-11,0.004498705445727762,0.3369469172806111,74.89863947429497,74.89863947429497
TN,TCGA-LUAD,TCGA-55-6970-01,TCGA-50-5939-11,0.0016661361955979809,0.3184059166723986,191.10437520872765,191.10437520872765
TN,TCGA-LUAD,TCGA-55-8302-01,TCGA-55-6981-11,0.002209575543976495,0.37367785523514024,169.11748333467042,169.11748333467042
TN,TCGA-LUAD,TCGA-05-4396-01,TCGA-50-5930-11,0.0020904805702911017,0.3866757372399168,184.96978289832742,184.96978289832742
TN,TCGA-LUAD,TCGA-75-6207-01,TCGA-44-2668-11,0.002575223547472396,0.34385596048062306,133.52470344491863,133.52470344491863
TN,TCGA-LUAD,TCGA-44-3398-01,TCGA-91-6849-11,0.004618294865086765,0.33541999482500917,72.62853599078447,72.62853599078447
TN,TCGA-LUAD,TCGA-05-5420-01,TCGA-44-6777-11,0.006348786987675841,0.1716631812543618,27.038736941023775,27.038736941023775
TN,TCGA-LUAD,TCGA-KN-8431-01,TCGA-50-5939-11,0.005310859589013185,0.10844605716717876,20.419680722029636,20.419680722029636
TN,TCGA-LUAD,TCGA-97-A4M3-01,TCGA-49-6745-11,0.0033711485856542317,0.3245007230935191,96.25820839651418,96.25820839651418
TN,TCGA-LUAD,TCGA-86-8076-01,TCGA-49-4512-11,0.003429961934030249,0.17793203075596292,51.87580334073577,51.87580334073577
TN,TCGA-LUAD,TCGA-MT-A51W-01,TCGA-KN-8419-11,0.0035718649787468745,0.4019268262182652,112.5257613627025,112.5257613627025
TN,TCGA-LUAD,TCGA-MP-A4SY-01,TCGA-49-6744-11,0.0021537756987982486,0.3804342700205621,176.63597478271979,176.63597478271979
TN,TCGA-LUAD,TCGA-91-6828-01,TCGA-50-5936-11,0.0011263086270380078,0.22537526734101415,200.10080889969848,200.10080889969848
TN,TCGA-LUAD,TCGA-J2-A4AD-01,TCGA-KN-8437-11,0.001917173442611871,0.38120741978161854,198.83825391524235,198.83825391524235
TN,TCGA-LUAD,TCGA-55-8299-01,TCGA-91-6835-11,0.0007925266040383271,0.3360385140757685,424.00912772326,424.00912772326
TN,TCGA-LUAD,TCGA-49-4506-01,TCGA-55-6968-11,0.0063091725793005165,0.24027011623206795,38.08266665907341,38.08266665907341
TN,TCGA-LUAD,TCGA-55-A4DF-01,TCGA-49-6761-11,0.002378576107715671,0.3030291552673599,127.39939423606758,127.39939423606758
TN,TCGA-LUAD,TCGA-49-4488-01,TCGA-KN-8432-11,0.0032620568230241464,0.41972579852084274,128.6690641187938,128.6690641187938
TN,TCGA-LUAD,TCGA-78-7537-01,TCGA-49-4512-11,0.004019620787555345,0.32593492662964874,81.08598891684903,81.08598891684903
TN,TCGA-LUAD,TCGA-93-8067-01,TCGA-55-6969-11,0.0018363473486034574,0.3392118349071876,184.72095443444198,184.72095443444198
TN,TCGA-LUAD,TCGA-44-2661-01,TCGA-44-2665-11,0.002465090598634455,0.311816775046966,126.49302837782022,126.49302837782022
TN,TCGA-LUAD,TCGA-78-7149-01,TCGA-KN-8426-11,0.003995027117245428,0.43262633335007017,108.29121321418367,108.29121321418367
TN,TCGA-LUAD,TCGA-49-AARN-01,TCGA-91-6847-11,0.0014450137661127388,0.30880600487895393,213.70454186722338,213.70454186722338
TN,TCGA-LUAD,TCGA-44-2656-01,TCGA-KN-8432-11,0.004996314915912622,0.4412893737826413,88.32297027098738,88.32297027098738
TN,TCGA-LUAD,TCGA-86-6562-01,TCGA-55-6970-11,0.0014094534230085231,0.29891468652990005,212.0784423594908,212.0784423594908
TN,TCGA-LUAD,TCGA-78-7149-01,TCGA-44-2662-11,0.0032738707207176955,0.3481493983869545,106.34182840018603,106.34182840018603
TN,TCGA-LUAD,TCGA-44-7662-01,TCGA-91-6835-11,0.0014391639337424694,0.35997555063217124,250.12824612417427,250.12824612417427
TN,TCGA-LUAD,TCGA-44-7667-01,TCGA-44-6145-11,0.0028986101448272446,0.40212084586370433,138.72884788639644,138.72884788639644
TN,TCGA-LUAD,TCGA-55-8302-01,TCGA-KN-8423-11,0.002429959533928651,0.3949466499193698,162.53219216405532,162.53219216405532
TN,TCGA-LUAD,TCGA-NJ-A4YF-01,TCGA-44-3398-11,0.00354466733117982,0.24803482513678987,69.97407710309251,69.97407710309251
TN,TCGA-LUAD,TCGA-N6-A4VD-01,TCGA-44-6776-11,0.0020931109218878764,0.363831415549673,173.82328463582624,173.82328463582624
TN,TCGA-LUAD,TCGA-MP-A4TE-01,TCGA-44-2661-11,0.0023951539725509453,0.35571206951636913,148.5132369747069,148.5132369747069
TN,TCGA-LUAD,TCGA-64-5779-01,TCGA-50-5939-11,0.0020398533157411454,0.3972042154320291,194.7219500377221,194.7219500377221
TN,TCGA-LUAD,TCGA-55-A48X-01,TCGA-55-6970-11,0.0012809834903177758,0.22169506160006067,173.0662910769165,173.0662910769165
TN,TCGA-LUAD,TCGA-55-8205-01,TCGA-KN-8430-11,0.002833186480198504,0.2725904959859614,96.21339713821544,96.21339713821544
TN,TCGA-LUAD,TCGA-78-7148-01,TCGA-KN-8437-11,0.0018571166745114456,0.40556477723954354,218.3841127516859,218.3841127516859
TN,TCGA-LUAD,TCGA-KN-8428-01,TCGA-55-6969-11,0.0029968109699218645,0.21404509097752814,71.42428839384183,71.42428839384183
TN,TCGA-LUAD,TCGA-86-8673-01,TCGA-55-6975-11,0.003969004834772771,0.4023422431720757,101.37106401260158,101.37106401260158
TN,TCGA-LUAD,TCGA-86-8669-01,TCGA-KN-8433-11,0.001981787168520448,0.3737285339789268,188.58156915908535,188.58156915908535
TN,TCGA-LUAD,TCGA-78-7150-01,TCGA-73-4676-11,0.003319392652758397,0.42364609203698456,127.62759225996871,127.62759225996871
TN,TCGA-LUAD,TCGA-55-7816-01,TCGA-91-6828-11,0.0009163438535403571,0.32744621016675524,357.3398881889636,357.3398881889636
TN,TCGA-LUAD,TCGA-50-5933-01,TCGA-50-6595-11,0.0020484903145028366,0.41346237286932574,201.83760203409702,201.83760203409702
TN,TCGA-LUAD,TCGA-J2-8194-01,TCGA-55-6985-11,0.0012357401788278687,0.3052252058985333,246.9978812116049,246.9978812116049
TN,TCGA-LUAD,TCGA-91-6847-01,TCGA-49-6742-11,0.0023503151595574484,0.2773515044914768,118.00609095492563,118.00609095492563
TN,TCGA-LUAD,TCGA-55-8094-01,TCGA-49-6744-11,0.004679477272346682,0.31991384172009923,68.36529447650626,68.36529447650626
TN,TCGA-LUAD,TCGA-MP-A4T6-01,TCGA-49-6745-11,0.005420182764838202,0.21659359519895793,39.960570444975296,39.960570444975296
TN,TCGA-LUAD,TCGA-TQ-A7RR-01,TCGA-49-6744-11,0.002347640938388503,0.2593053265175974,110.45357161627665,110.45357161627665
TN,TCGA-LUAD,TCGA-75-7031-01,TCGA-55-6985-11,0.002330604227656421,0.2688976864309692,115.37681226184158,115.37681226184158
TN,TCGA-LUAD,TCGA-NJ-A7XG-01,TCGA-KN-8425-11,0.0024341939189860794,0.41558761094052377,170.72904820731353,170.72904820731353
TN,TCGA-LUAD,TCGA-86-8280-01,TCGA-44-6776-11,0.0012469004457875206,0.15328509087581077,122.9329024571794,122.9329024571794
TN,TCGA-LUAD,TCGA-97-7553-01,TCGA-44-2661-11,0.0005914949425690631,0.10264080695126192,173.5277845410784,173.5277845410784
TN,TCGA-LUAD,TCGA-05-4384-01,TCGA-49-6742-11,0.0010232946535702382,0.2411955254605594,235.70486234735702,235.70486234735702
TN,TCGA-LUAD,TCGA-49-AAR9-01,TCGA-KN-8419-11,0.003877160265193781,0.443930041751059,114.49875975886988,114.49875975886988
TN,TCGA-LUAD,TCGA-KN-8429-01,TCGA-91-6836-11,0.0027629741162133754,0.17029684776474358,61.635339529757694,61.635339529757694
TN,TCGA-LUAD,TCGA-91-6828-01,TCGA-38-4627-11,0.0038924796469705903,0.23306856417251287,59.8766301460057,59.8766301460057
TN,TCGA-LUAD,TCGA-NJ-A4YF-01,TCGA-KN-8432-11,0.005491872130561933,0.4613269307176124,84.00176110262223,84.00176110262223
TN,TCGA-LUAD,TCGA-86-7701-01,TCGA-73-4676-11,0.0026071639945615056,0.35558257228025714,136.38673018728227,136.38673018728227
TN,TCGA-LUAD,TCGA-50-6673-01,TCGA-49-4512-11,0.004454197955763515,0.2200803813475497,49.409654338055724,49.409654338055724
TN,TCGA-LUAD,TCGA-05-4415-01,TCGA-44-6778-11,0.002726626224700231,0.38043798663320066,139.5270034399477,139.5270034399477
TN,TCGA-LUAD,TCGA-55-6970-01,TCGA-44-3396-11,0.0017091214162404363,0.3117992854876771,182.43249574014683,182.43249574014683
TN,TCGA-LUAD,TCGA-44-2665-01,TCGA-55-6985-11,0.002045987766790966,0.27266064164449677,133.2660175540306,133.2660175540306
TN,TCGA-LUAD,TCGA-86-7955-01,TCGA-91-6849-11,0.002727969499327315,0.2830002428711546,103.74025183967018,103.74025183967018
TN,TCGA-LUAD,TCGA-TQ-A7RJ-01,TCGA-KN-8425-11,0.002093306191862772,0.423718464465377,202.41590366114684,202.41590366114684
TN,TCGA-LUAD,TCGA-86-6851-01,TCGA-KN-8426-11,0.0018969499395425217,0.4136267927648273,218.04834389281757,218.04834389281757
TN,TCGA-LUAD,TCGA-49-6745-01,TCGA-44-2668-11,0.0013929370945885188,0.2359129226725019,169.363658695723,169.363658695723
TN,TCGA-LUAD,TCGA-55-7907-01,TCGA-KN-8432-11,0.004578390384475833,0.3433151475515658,74.98599261339986,74.98599261339986
TN,TCGA-LUAD,TCGA-35-5375-01,TCGA-50-5936-11,0.010171896639028424,0.2404060050105517,23.634334238920683,23.634334238920683
TN,TCGA-LUAD,TCGA-78-7146-01,TCGA-KN-8428-11,0.0030347985645406386,0.4291895394588235,141.42274366199578,141.42274366199578
TN,TCGA-LUAD,TCGA-67-3770-01,TCGA-44-3396-11,0.005529741434703896,0.2733547683932366,49.43355338057937,49.43355338057937
TN,TCGA-LUAD,TCGA-78-8648-01,TCGA-44-2661-11,0.0006362749572729428,0.25643533093492593,403.02596857497076,403.02596857497076
TN,TCGA-LUAD,TCGA-NJ-A4YP-01,TCGA-44-6145-11,0.0015704969412782543,0.38915877709866165,247.79340020994798,247.79340020994798
TN,TCGA-LUAD,TCGA-49-AARQ-01,TCGA-50-5931-11,0.006653597408442099,0.36586619041506807,54.98772588056744,54.98772588056744
TN,TCGA-LUAD,TCGA-49-4486-01,TCGA-KN-8419-11,0.004798038673942193,0.4410161956038359,91.91593181584041,91.91593181584041
TN,TCGA-LUAD,TCGA-44-3919-01,TCGA-50-5936-11,0.00125694046909078,0.28806793029386407,229.18184065013102,229.18184065013102
TN,TCGA-LUAD,TCGA-44-3396-01,TCGA-44-6148-11,0.0019236458625533468,0.35767957570828124,185.93836977535776,185.93836977535776
TN,TCGA-LUAD,TCGA-86-8358-01,TCGA-50-5930-11,0.0026110143949227994,0.3103916712196349,118.87780926187209,118.87780926187209
TN,TCGA-LUAD,TCGA-55-6981-01,TCGA-44-6777-11,0.0018160913255456552,0.32419259696970676,178.51117529692579,178.51117529692579
TN,TCGA-LUAD,TCGA-TQ-A7RH-01,TCGA-49-6742-11,0.00272082176037515,0.2520530422754349,92.63857189994009,92.63857189994009
TN,TCGA-LUAD,TCGA-MT-A51X-01,TCGA-44-2657-11,0.002511081442644172,0.3040615456747582,121.08788688055493,121.08788688055493
TN,TCGA-LUAD,TCGA-64-5781-01,TCGA-49-6761-11,0.0031292036101755695,0.4447363577888094,142.12445503469704,142.12445503469704
TN,TCGA-LUAD,TCGA-55-A491-01,TCGA-44-6776-11,0.003197787696303611,0.43613246270350753,136.3856841427097,136.3856841427097
TN,TCGA-LUAD,TCGA-75-6214-01,TCGA-44-5645-11,0.002170377466373455,0.38322226476928967,176.569408182083,176.569408182083
TN,TCGA-LUAD,TCGA-TQ-A7RR-01,TCGA-91-6829-11,0.0021970932402470993,0.36605568966189483,166.6090828356132,166.6090828356132
TN,TCGA-LUAD,TCGA-73-4670-01,TCGA-55-6986-11,0.003437615604931039,0.30313471233721456,88.18167799284691,88.18167799284691
TN,TCGA-LUAD,TCGA-91-6828-01,TCGA-55-6972-11,0.0013930943285456812,0.30425248193496435,218.40048853876843,218.40048853876843
TN,TCGA-LUAD,TCGA-55-7903-01,TCGA-44-6778-11,0.0019714212875188535,0.37407787571421036,189.75034817900783,189.75034817900783
TN,TCGA-LUAD,TCGA-97-A4LX-01,TCGA-KN-8436-11,0.0017816110582153698,0.22976379232071398,128.96405826694135,128.96405826694135
TN,TCGA-LUAD,TCGA-49-AAR0-01,TCGA-KN-8423-11,0.003094543233162207,0.29357719059440934,94.86931300501269,94.86931300501269
TN,TCGA-LUAD,TCGA-MP-A4TC-01,TCGA-50-5930-11,0.0015556887899725725,0.37066745001337864,238.26581023310817,238.26581023310817
TN,TCGA-LUAD,TCGA-97-A4M2-01,TCGA-44-2655-11,0.0010013923288496687,0.14145063082509562,141.2539588630407,141.2539588630407
TN,TCGA-LUAD,TCGA-78-8662-01,TCGA-55-6975-11,0.004111581847474854,0.32185679031252656,78.28052614596407,78.28052614596407
TN,TCGA-LUAD,TCGA-49-4505-01,TCGA-49-6745-11,0.001982441105748781,0.29390716426387475,148.2551806515655,148.2551806515655
TN,TCGA-LUAD,TCGA-86-8359-01,TCGA-38-4626-11,0.002627211660332164,0.36286872271804843,138.1193332067391,138.1193332067391
TN,TCGA-LUAD,TCGA-49-4514-01,TCGA-91-6836-11,0.006004433170363043,0.3556241230985303,59.22692667375102,59.22692667375102
TN,TCGA-LUAD,TCGA-05-4422-01,TCGA-38-4626-11,0.0020131786030079257,0.3759816884219013,186.76022478092128,186.76022478092128
TN,TCGA-LUAD,TCGA-78-8662-01,TCGA-KN-8432-11,0.005868235850036402,0.42634562977555596,72.65311767810275,72.65311767810275
TN,TCGA-LUAD,TCGA-55-8085-01,TCGA-38-4625-11,0.002438059666725166,0.3687105288998267,151.23113430406053,151.23113430406053
TN,TCGA-LUAD,TCGA-NJ-A4YQ-01,TCGA-KN-8427-11,0.002202803221465206,0.4372299358869989,198.48796825173204,198.48796825173204
TN,TCGA-LUAD,TCGA-49-4505-01,TCGA-49-6742-11,0.0017398703173353417,0.3111128088970562,178.813791923029,178.813791923029
TN,TCGA-LUAD,TCGA-KN-8429-01,TCGA-49-6744-11,0.0029468707348573354,0.08188339740742924,27.78655895518722,27.78655895518722
TN,TCGA-LUAD,TCGA-44-A47B-01,TCGA-38-4626-11,0.0026912982943510235,0.35643975570881764,132.441564153991,132.441564153991
TN,TCGA-LUAD,TCGA-TQ-A7RS-01,TCGA-91-6831-11,0.0035831966030522248,0.3847727239190417,107.38253200823145,107.38253200823145
TN,TCGA-LUAD,TCGA-55-8208-01,TCGA-55-6982-11,0.0012536351947439986,0.26845759912669725,214.14331717251943,214.14331717251943
TN,TCGA-LUAD,TCGA-97-7937-01,TCGA-55-6972-11,0.0021224177922833758,0.3102419341518361,146.17382839505237,146.17382839505237
TN,TCGA-LUAD,TCGA-O1-A52J-01,TCGA-44-6777-11,0.0021445281412826598,0.33461187001933573,156.03053351363423,156.03053351363423
TN,TCGA-LUAD,TCGA-MP-A4TK-01,TCGA-55-6971-11,0.001701891038906595,0.24439378576548768,143.60131182223162,143.60131182223162
TN,TCGA-LUAD,TCGA-44-6775-01,TCGA-44-2668-11,0.0020140088817423773,0.31370486733121117,155.76141206478493,155.76141206478493
TN,TCGA-LUAD,TCGA-44-3398-01,TCGA-44-6146-11,0.005050651091441222,0.3449848903089243,68.30503316563124,68.30503316563124
TN,TCGA-LUAD,TCGA-55-6972-01,TCGA-91-6836-11,0.00341044710688512,0.09009795332445664,26.41822332988657,26.41822332988657
TN,TCGA-LUAD,TCGA-97-A4M2-01,TCGA-55-6981-11,0.0008018413571234461,0.19075095162994424,237.89113636424406,237.89113636424406
TN,TCGA-LUAD,TCGA-MP-A4TI-01,TCGA-44-6147-11,0.002077990746156709,0.29687464226885807,142.86620035143778,142.86620035143778
TN,TCGA-LUAD,TCGA-05-4403-01,TCGA-50-5936-11,0.002050643496855489,0.33495012927809353,163.33903469409233,163.33903469409233
TN,TCGA-LUAD,TCGA-TQ-A7RV-01,TCGA-91-6831-11,0.0031366914476959333,0.33785765471930596,107.7114725350115,107.7114725350115
TN,TCGA-LUAD,TCGA-44-7659-01,TCGA-44-6148-11,0.0013510159514126302,0.2911376772359067,215.49536623271655,215.49536623271655
TN,TCGA-LUAD,TCGA-91-6830-01,TCGA-KN-8424-11,0.0021278698418385365,0.12656391508131476,59.479162020530424,59.479162020530424
TN,TCGA-LUAD,TCGA-49-AARR-01,TCGA-55-6970-11,0.0009954768935212755,0.13817547816611694,138.8033002728494,138.8033002728494
TN,TCGA-LUAD,TCGA-44-2655-01,TCGA-49-6745-11,0.0013575469568253536,0.23513736999967785,173.2075408644063,173.2075408644063
TN,TCGA-LUAD,TCGA-55-6543-01,TCGA-KN-8432-11,0.004276763621005514,0.32878609660620306,76.87731325419895,76.87731325419895
TN,TCGA-LUAD,TCGA-38-4625-01,TCGA-50-5939-11,0.0081716338417065,0.37892548444724317,46.37083498691264,46.37083498691264
TN,TCGA-LUAD,TCGA-KN-8431-01,TCGA-KN-8424-11,0.0037587927369290425,0.10551643981005343,28.071896269614758,28.071896269614758
TN,TCGA-LUAD,TCGA-78-7220-01,TCGA-38-4627-11,0.003803994989452263,0.3178730225508791,83.5629445970037,83.5629445970037
TN,TCGA-LUAD,TCGA-55-6969-01,TCGA-50-5939-11,0.002020342702633855,0.3848912581465599,190.5079062303587,190.5079062303587
TN,TCGA-LUAD,TCGA-78-7154-01,TCGA-44-6147-11,0.003097235907207402,0.34236712337618896,110.53956935585238,110.53956935585238
TN,TCGA-LUAD,TCGA-86-7714-01,TCGA-44-6144-11,0.0010322837341098221,0.3474681236560391,336.601374384412,336.601374384412
TN,TCGA-LUAD,TCGA-93-A4JO-01,TCGA-KN-8431-11,0.0027643742514477272,0.21753727901358266,78.69313603237929,78.69313603237929
TN,TCGA-LUAD,TCGA-86-6562-01,TCGA-49-4512-11,0.004264102635818015,0.23980544877430893,56.238198105263294,56.238198105263294
TN,TCGA-LUAD,TCGA-44-7670-01,TCGA-38-4625-11,0.0029300516324851445,0.19703137640319845,67.24501855828557,67.24501855828557
TN,TCGA-LUAD,TCGA-MP-A4T4-01,TCGA-91-6835-11,0.0013092126536256602,0.31267389484246677,238.8259034745541,238.8259034745541
TN,TCGA-LUAD,TCGA-49-AARR-01,TCGA-91-6836-11,0.000925638208125387,0.11408523097173454,123.25034767393757,123.25034767393757
TN,TCGA-LUAD,TCGA-49-4494-01,TCGA-91-6836-11,0.004540826399308194,0.3614400837397322,79.59786434354736,79.59786434354736
TN,TCGA-LUAD,TCGA-97-8177-01,TCGA-KN-8431-11,0.002276177006753101,0.13516913624349747,59.3842815573962,59.3842815573962
TN,TCGA-LUAD,TCGA-KN-8422-01,TCGA-KN-8432-11,0.0064790130537239095,0.13196878021143651,20.368654780774904,20.368654780774904
TN,TCGA-LUAD,TCGA-78-7155-01,TCGA-49-6743-11,0.0038059923050014237,0.4531682651215486,119.06704712094238,119.06704712094238
TN,TCGA-LUAD,TCGA-05-4415-01,TCGA-44-2655-11,0.0030349109915783325,0.3806811382118175,125.43403719851463,125.43403719851463
TN,TCGA-LUAD,TCGA-91-6848-01,TCGA-49-4490-11,0.005129012669474213,0.35167732925032463,68.56628203384335,68.56628203384335
TN,TCGA-LUAD,TCGA-05-4402-01,TCGA-44-5645-11,0.0014111525599392735,0.3301100901891225,233.92941313399044,233.92941313399044
TN,TCGA-LUAD,TCGA-S2-AA1A-01,TCGA-38-4626-11,0.002028740608409631,0.28144985969030206,138.73131859421696,138.73131859421696
TN,TCGA-LUAD,TCGA-05-4382-01,TCGA-44-6776-11,0.0016116201886003279,0.42514510168404573,263.7998113273072,263.7998113273072
TN,TCGA-LUAD,TCGA-KN-8430-01,TCGA-91-6836-11,0.0029067962796994187,0.19239911034911286,66.18940298389543,66.18940298389543
TN,TCGA-LUAD,TCGA-86-8671-01,TCGA-55-6972-11,0.0008434908630120465,0.21722674430025718,257.5330140797919,257.5330140797919
TN,TCGA-LUAD,TCGA-N6-A4VE-01,TCGA-50-5930-11,0.00316456383751415,0.4383070850493598,138.50473795265947,138.50473795265947
TN,TCGA-LUAD,TCGA-MP-A4T9-01,TCGA-KN-8424-11,0.0019414687950103638,0.10827403468644978,55.7691346699558,55.7691346699558
TN,TCGA-LUAD,TCGA-KN-8419-01,TCGA-44-6776-11,0.0032744965076217025,0.18617362971461443,56.855650717989036,56.855650717989036
TN,TCGA-LUAD,TCGA-93-A4JO-01,TCGA-KN-8422-11,0.002517634194526017,0.3092337076199664,122.82710025639142,122.82710025639142
TN,TCGA-LUAD,TCGA-91-6830-01,TCGA-50-6595-11,0.001454353541987254,0.1553310128056011,106.8041630327067,106.8041630327067
TN,TCGA-LUAD,TCGA-78-8648-01,TCGA-91-6849-11,0.0012347486139068472,0.31431605972033083,254.55874676045087,254.55874676045087
TN,TCGA-LUAD,TCGA-N6-A4V9-01,TCGA-55-6980-11,0.0024934840854884737,0.3021683135872375,121.18317311339194,121.18317311339194
TN,TCGA-LUAD,TCGA-55-5899-01,TCGA-KN-8426-11,0.00226732643788903,0.42622900677512,187.98749031125664,187.98749031125664
TN,TCGA-LUAD,TCGA-44-6146-01,TCGA-44-5645-11,0.002999629382274896,0.3313790184281558,110.47332059964037,110.47332059964037
TN,TCGA-LUAD,TCGA-78-8648-01,TCGA-55-6984-11,0.00102659608675733,0.3200912423971383,311.7986192682639,311.7986192682639
TN,TCGA-LUAD,TCGA-44-5644-01,TCGA-49-6744-11,0.003505391024630428,0.3661680784004411,104.45855421765566,104.45855421765566
TN,TCGA-LUAD,TCGA-78-7158-01,TCGA-50-5935-11,0.0018852857163656044,0.2459526627966327,130.45909204190687,130.45909204190687
TN,TCGA-LUAD,TCGA-NJ-A7XG-01,TCGA-KN-8434-11,0.002150156924701785,0.4415636451004872,205.36345046616987,205.36345046616987
TN,TCGA-LUAD,TCGA-64-5779-01,TCGA-91-6847-11,0.0021127002029553464,0.418245959131595,197.96749133953435,197.96749133953435
TN,TCGA-LUAD,TCGA-67-6216-01,TCGA-91-6836-11,0.0010666411690044616,0.34406605149298186,322.569633998013,322.569633998013
TN,TCGA-LUAD,TCGA-75-6212-01,TCGA-KN-8419-11,0.002411739041900426,0.40184618843486325,166.62092434271517,166.62092434271517
TN,TCGA-LUAD,TCGA-TQ-A7RK-01,TCGA-55-6970-11,0.0028118237249946205,0.2657505167765205,94.51179830877518,94.51179830877518
TN,TCGA-LUAD,TCGA-50-5933-01,TCGA-KN-8433-11,0.002542620837777713,0.36664836395261785,144.2009593035011,144.2009593035011
TN,TCGA-LUAD,TCGA-05-4410-01,TCGA-91-6847-11,0.0016885434594450513,0.34983759649412216,207.183057408009,207.183057408009
TN,TCGA-LUAD,TCGA-L3-A524-01,TCGA-44-2655-11,0.002688376514799251,0.37413189206269654,139.16647835715602,139.16647835715602
TN,TCGA-LUAD,TCGA-05-4425-01,TCGA-55-6985-11,0.0013538265110992814,0.31963620381728647,236.0983487889803,236.0983487889803
TN,TCGA-LUAD,TCGA-N6-A4VD-01,TCGA-44-2661-11,0.0016235894670680135,0.30303457767208847,186.644828522649,186.644828522649
TN,TCGA-LUAD,TCGA-73-4662-01,TCGA-44-6146-11,0.0015596244234144935,0.31477046101509265,201.8245266549264,201.8245266549264
TN,TCGA-LUAD,TCGA-05-5715-01,TCGA-38-4632-11,0.0020367975115029467,0.2746248558552339,134.83169254885286,134.83169254885286
TN,TCGA-LUAD,TCGA-05-5420-01,TCGA-44-2665-11,0.006875946060451995,0.3609679934331118,52.497211330564646,52.497211330564646
TN,TCGA-LUAD,TCGA-97-A4M7-01,TCGA-50-5933-11,0.0021928596125154257,0.19958824878212655,91.01733993503542,91.01733993503542
TN,TCGA-LUAD,TCGA-78-8660-01,TCGA-91-6849-11,0.0022604631851113168,0.3553537416052761,157.2039500337081,157.2039500337081
TN,TCGA-LUAD,TCGA-05-4426-01,TCGA-55-6970-11,0.0016741230873229423,0.3514681299580421,209.94163011040482,209.94163011040482
TN,TCGA-LUAD,TCGA-97-7937-01,TCGA-55-6984-11,0.0020422336136192917,0.36011560850638874,176.33418924497275,176.33418924497275
TN,TCGA-LUAD,TCGA-49-6742-01,TCGA-44-2661-11,0.0018781860596918112,0.35325823274566404,188.0847911327963,188.0847911327963
TN,TCGA-LUAD,TCGA-86-A4P8-01,TCGA-44-2655-11,0.0007404395925133778,0.13691310297937742,184.9078633337719,184.9078633337719
TN,TCGA-LUAD,TCGA-N6-A4VD-01,TCGA-50-5939-11,0.0023650759042310532,0.3800796184972079,160.70504029796942,160.70504029796942
TN,TCGA-LUAD,TCGA-86-8281-01,TCGA-91-6835-11,0.0012007634675321602,0.29979600332789647,249.67115625531554,249.67115625531554
TN,TCGA-LUAD,TCGA-50-8459-01,TCGA-44-6146-11,0.0013078282716040065,0.3474647822623281,265.68073944155867,265.68073944155867
TN,TCGA-LUAD,TCGA-86-7713-01,TCGA-55-6969-11,0.0022334066463181278,0.35560915815316163,159.2227545034844,159.2227545034844
TN,TCGA-LUAD,TCGA-TQ-A7RU-01,TCGA-55-6970-11,0.002405722096074871,0.314178325842423,130.5962672725292,130.5962672725292
TN,TCGA-LUAD,TCGA-44-5643-01,TCGA-44-2662-11,0.003336195495776637,0.4074928849498853,122.14298756345049,122.14298756345049
TN,TCGA-LUAD,TCGA-05-4420-01,TCGA-KN-8423-11,0.002909182329482207,0.4490835653124099,154.3676244562988,154.3676244562988
TN,TCGA-LUAD,TCGA-78-8662-01,TCGA-KN-8430-11,0.00364549840717608,0.4383675180509543,120.24899453749258,120.24899453749258
TN,TCGA-LUAD,TCGA-KN-8425-01,TCGA-44-3396-11,0.002736749270421474,0.11178408207907195,40.845569335570374,40.845569335570374
TN,TCGA-LUAD,TCGA-78-7154-01,TCGA-44-2668-11,0.0026337895594249743,0.34635067366374905,131.50278936460154,131.50278936460154
TN,TCGA-LUAD,TCGA-49-AAR3-01,TCGA-44-6147-11,0.003225153470048212,0.3418668555395912,106.00018222837647,106.00018222837647
TN,TCGA-LUAD,TCGA-55-A494-01,TCGA-38-4627-11,0.004247621811175335,0.4342200936622209,102.22663715489077,102.22663715489077
TN,TCGA-LUAD,TCGA-MP-A4TA-01,TCGA-50-6595-11,0.002613692484863126,0.40544983263428763,155.12530069332936,155.12530069332936
TN,TCGA-LUAD,TCGA-05-5423-01,TCGA-44-3398-11,0.0038551411361915943,0.28703561703520636,74.45528111553453,74.45528111553453
TN,TCGA-LUAD,TCGA-91-A4BD-01,TCGA-55-6978-11,0.0034580492951469238,0.2304699795111539,66.64739563851758,66.64739563851758
TN,TCGA-LUAD,TCGA-44-7660-01,TCGA-49-6744-11,0.0036508207694390445,0.37054741921082895,101.49701741391273,101.49701741391273
TN,TCGA-LUAD,TCGA-49-6745-01,TCGA-38-4627-11,0.002876865007649197,0.23956093071381926,83.27152302136491,83.27152302136491
TN,TCGA-LUAD,TCGA-75-5147-01,TCGA-55-6986-11,0.003143308629804643,0.37031530685452946,117.8106735505462,117.8106735505462
TN,TCGA-LUAD,TCGA-55-6985-01,TCGA-49-6743-11,0.0015003947028130677,0.15618326749437625,104.09478732599533,104.09478732599533
TN,TCGA-LUAD,TCGA-55-6986-01,TCGA-KN-8436-11,0.0019096633539153352,0.35143953190677174,184.03219142589924,184.03219142589924
TN,TCGA-LUAD,TCGA-55-7726-01,TCGA-49-6744-11,0.0022189784406384614,0.39444983122116223,177.7619034043738,177.7619034043738
TN,TCGA-LUAD,TCGA-55-6712-01,TCGA-55-6968-11,0.0016036913561281473,0.33246325759794537,207.3112487184716,207.3112487184716
TN,TCGA-LUAD,TCGA-50-5932-01,TCGA-50-5935-11,0.0016797818418935332,0.33504701133075754,199.45864574478074,199.45864574478074
TN,TCGA-LUAD,TCGA-97-A4LX-01,TCGA-44-2661-11,0.001143692889596043,0.2853271584178349,249.47882514038676,249.47882514038676
TN,TCGA-LUAD,TCGA-N6-A4VD-01,TCGA-49-6743-11,0.0020167046479188464,0.41880237596704495,207.66668852537788,207.66668852537788
TN,TCGA-LUAD,TCGA-N6-A4VC-01,TCGA-44-2655-11,0.002631263703458781,0.3208076625621262,121.92151707957905,121.92151707957905
TN,TCGA-LUAD,TCGA-55-1594-01,TCGA-55-6985-11,0.0020389850024496144,0.3382779232024391,165.90505707302196,165.90505707302196
TN,TCGA-LUAD,TCGA-49-6743-01,TCGA-44-2668-11,0.0019586813535681907,0.2720829946833252,138.91131101425108,138.91131101425108
TN,TCGA-LUAD,TCGA-97-7546-01,TCGA-55-6980-11,0.001412696499867815,0.2752255243081452,194.82282594591112,194.82282594591112
TN,TCGA-LUAD,TCGA-44-2659-01,TCGA-KN-8437-11,0.001834069881203292,0.354566266890575,193.32211412683583,193.32211412683583
TN,TCGA-LUAD,TCGA-55-8085-01,TCGA-50-5939-11,0.0025968887811128466,0.38152595366371067,146.91655508643504,146.91655508643504
TN,TCGA-LUAD,TCGA-91-6849-01,TCGA-KN-8422-11,0.0019217577446650198,0.41052728462858484,213.62072600890886,213.62072600890886
TN,TCGA-LUAD,TCGA-35-5375-01,TCGA-KN-8422-11,0.009646320950532253,0.40336185634411004,41.815098047494864,41.815098047494864
TN,TCGA-LUAD,TCGA-55-8514-01,TCGA-55-6983-11,0.003399218797114403,0.3334532288010855,98.09701837497309,98.09701837497309
TN,TCGA-LUAD,TCGA-93-8067-01,TCGA-50-5939-11,0.002078409954519779,0.3660882354559519,176.1386076215832,176.1386076215832
TN,TCGA-LUAD,TCGA-78-7163-01,TCGA-55-6971-11,0.002928689030419659,0.2938969981294559,100.35104276241397,100.35104276241397
TN,TCGA-LUAD,TCGA-L3-A4E7-01,TCGA-44-6144-11,0.0018125406473062924,0.278043971176438,153.40013013757957,153.40013013757957
TN,TCGA-LUAD,TCGA-55-8092-01,TCGA-50-5933-11,0.0024559227110516188,0.3301861338897842,134.444839165317,134.444839165317
TN,TCGA-LUAD,TCGA-97-A4M3-01,TCGA-38-4626-11,0.0023115374200061286,0.33710417598940584,145.83548294386344,145.83548294386344
TN,TCGA-LUAD,TCGA-49-4486-01,TCGA-KN-8426-11,0.005524894611183781,0.42852262720019163,77.56213599672176,77.56213599672176
TN,TCGA-LUAD,TCGA-67-3774-01,TCGA-50-5936-11,0.0013135943047164807,0.23547371501747277,179.25908644092073,179.25908644092073
TN,TCGA-LUAD,TCGA-TQ-A7RM-01,TCGA-91-6828-11,0.002812066994916469,0.33328945934885224,118.5211660857861,118.5211660857861
TN,TCGA-LUAD,TCGA-86-8279-01,TCGA-44-2665-11,0.001779795764337014,0.3581894174296446,201.25310139900944,201.25310139900944
TN,TCGA-LUAD,TCGA-N6-A4VD-01,TCGA-KN-8431-11,0.0018662689759501132,0.41851247742457276,224.25088924360918,224.25088924360918
TN,TCGA-LUAD,TCGA-86-8668-01,TCGA-55-6986-11,0.0015365689420802696,0.31876261498865005,207.45090328136936,207.45090328136936
TN,TCGA-LUAD,TCGA-55-A494-01,TCGA-55-6975-11,0.0023179155058132596,0.40121353494398404,173.09239009694403,173.09239009694403
TN,TCGA-LUAD,TCGA-50-8459-01,TCGA-44-2668-11,0.0009722890296768431,0.2848171926225197,292.9346973267646,292.9346973267646
TN,TCGA-LUAD,TCGA-97-7546-01,TCGA-50-6595-11,0.0011250380791297263,0.2553481765626888,226.96847448951553,226.96847448951553
TN,TCGA-LUAD,TCGA-44-3398-01,TCGA-50-5939-11,0.004693851248169724,0.3363276843056151,71.6528212172807,71.6528212172807
TN,TCGA-LUAD,TCGA-44-6147-01,TCGA-49-6742-11,0.0015897096583225843,0.2821108050553406,177.46058443968678,177.46058443968678
TN,TCGA-LUAD,TCGA-93-A4JN-01,TCGA-49-6761-11,0.0018585359822248084,0.15154857275078162,81.5419094385068,81.5419094385068
TN,TCGA-LUAD,TCGA-86-8054-01,TCGA-44-6148-11,0.0022238561120832626,0.38806188810078523,174.49954877577798,174.49954877577798
TN,TCGA-LUAD,TCGA-73-4676-01,TCGA-44-6776-11,0.003086219814898185,0.35237449430740597,114.17673252124813,114.17673252124813
TN,TCGA-LUAD,TCGA-73-4676-01,TCGA-55-6985-11,0.0026089675802905736,0.32117393990659576,123.10384472881225,123.10384472881225
TN,TCGA-LUAD,TCGA-55-8507-01,TCGA-44-6776-11,0.0020135923691679113,0.19039058949384466,94.55269716408435,94.55269716408435
TN,TCGA-LUAD,TCGA-78-8655-01,TCGA-44-6144-11,0.001494692909537465,0.3027457619723727,202.54713194970452,202.54713194970452
TN,TCGA-LUAD,TCGA-55-6981-01,TCGA-55-6984-11,0.0020744177813699304,0.32325736973385877,155.83040824128588,155.83040824128588
TN,TCGA-LUAD,TCGA-64-5779-01,TCGA-KN-8419-11,0.0029777826719104743,0.42840392052457044,143.866751783372,143.866751783372
TN,TCGA-LUAD,TCGA-55-A492-01,TCGA-44-2668-11,0.0049709670305339414,0.2946077466378447,59.26568106934322,59.26568106934322
TN,TCGA-LUAD,TCGA-78-7540-01,TCGA-50-6595-11,0.0019493106250174385,0.36621960910778095,187.87134508360091,187.87134508360091
TN,TCGA-LUAD,TCGA-75-7031-01,TCGA-KN-8423-11,0.0026552096404013313,0.44169776440032826,166.35137116087236,166.35137116087236
TN,TCGA-LUAD,TCGA-NJ-A55R-01,TCGA-91-6831-11,0.0027481095695374705,0.3681527565745753,133.96582168903055,133.96582168903055
TN,TCGA-LUAD,TCGA-MP-A4T6-01,TCGA-38-4632-11,0.00484041611222221,0.18404161545046088,38.0218582831649,38.0218582831649
TN,TCGA-LUAD,TCGA-55-8205-01,TCGA-55-6978-11,0.001394956020868733,0.3559625824839428,255.17835484323078,255.17835484323078
TN,TCGA-LUAD,TCGA-KN-8422-01,TCGA-91-6831-11,0.007384458008518108,0.09796963647653335,13.267004343923897,13.267004343923897
TN,TCGA-LUAD,TCGA-L4-A4E6-01,TCGA-38-4626-11,0.0012473451577781616,0.2738676153731013,219.56041089775746,219.56041089775746
TN,TCGA-LUAD,TCGA-KN-8427-01,TCGA-49-4490-11,0.004906771404519183,0.31691900030284326,64.58809147109602,64.58809147109602
TN,TCGA-LUAD,TCGA-86-8673-01,TCGA-49-4512-11,0.005546027116447368,0.35602708950619366,64.194978140362,64.194978140362
TN,TCGA-LUAD,TCGA-50-5072-01,TCGA-55-6984-11,0.002082158148435833,0.2438309083418913,117.10489355722711,117.10489355722711
TN,TCGA-LUAD,TCGA-MP-A4T6-01,TCGA-44-6776-11,0.0033371072185011024,0.3510102386883516,105.18398592119902,105.18398592119902
TN,TCGA-LUAD,TCGA-55-8620-01,TCGA-44-5645-11,0.0019317225391310916,0.395523128087627,204.75152102617042,204.75152102617042
TN,TCGA-LUAD,TCGA-NJ-A4YF-01,TCGA-55-6968-11,0.002665772234284265,0.3235061009755595,121.3554919715104,121.3554919715104
TN,TCGA-LUAD,TCGA-73-4666-01,TCGA-91-6849-11,0.0025029869922153945,0.3706313980867919,148.07563892241643,148.07563892241643
TN,TCGA-LUAD,TCGA-78-7148-01,TCGA-44-3398-11,0.0014024526200998155,0.34038709578847026,242.70844583986317,242.70844583986317
TN,TCGA-LUAD,TCGA-86-6851-01,TCGA-55-6971-11,0.0013341177450824147,0.3724258852712883,279.15518449856296,279.15518449856296
TN,TCGA-LUAD,TCGA-05-4398-01,TCGA-KN-8419-11,0.002876888482478238,0.3954767951740348,137.46684919582256,137.46684919582256
TN,TCGA-LUAD,TCGA-78-7535-01,TCGA-44-2665-11,0.004048864880114241,0.3790553596501398,93.62015549391329,93.62015549391329
TN,TCGA-LUAD,TCGA-KN-8423-01,TCGA-44-6776-11,0.0029630228726036474,0.1946300793135098,65.68632362344398,65.68632362344398
TN,TCGA-LUAD,TCGA-75-7030-01,TCGA-49-6745-11,0.0022091090419842172,0.13804864842604647,62.49064478141444,62.49064478141444
TN,TCGA-LUAD,TCGA-78-7159-01,TCGA-50-6595-11,0.0018251103174900171,0.3940071302767261,215.8812683819488,215.8812683819488
TN,TCGA-LUAD,TCGA-67-3772-01,TCGA-KN-8430-11,0.003761012982886784,0.3094648767566476,82.28232079090466,82.28232079090466
TN,TCGA-LUAD,TCGA-44-A47A-01,TCGA-KN-8423-11,0.002294580622544378,0.4092621525784004,178.36032805183558,178.36032805183558
TN,TCGA-LUAD,TCGA-75-6203-01,TCGA-91-6847-11,0.0006695386682896685,0.2871789830885165,428.92068328497453,428.92068328497453
TN,TCGA-LUAD,TCGA-44-8119-01,TCGA-50-5935-11,0.0015755144890054063,0.39806486267758123,252.65706247415875,252.65706247415875
TN,TCGA-LUAD,TCGA-50-5931-01,TCGA-50-5935-11,0.0024588074323672465,0.3745043038143586,152.31135992370093,152.31135992370093
TN,TCGA-LUAD,TCGA-49-AAR9-01,TCGA-50-5931-11,0.003308427978098188,0.4222811699950578,127.63801200768509,127.63801200768509
TN,TCGA-LUAD,TCGA-86-8668-01,TCGA-55-6982-11,0.001312634798186761,0.27430672164130965,208.97413509091004,208.97413509091004
TN,TCGA-LUAD,TCGA-38-4632-01,TCGA-44-6778-11,0.004859360260129568,0.3752484295421047,77.22177600639537,77.22177600639537
TN,TCGA-LUAD,TCGA-73-4677-01,TCGA-91-6849-11,0.0019034136768550191,0.2646325134956623,139.0304780897185,139.0304780897185
TN,TCGA-LUAD,TCGA-97-A4LX-01,TCGA-55-6983-11,0.0011338391068940017,0.27166235627372054,239.59515474634023,239.59515474634023
TN,TCGA-LUAD,TCGA-55-7726-01,TCGA-44-6147-11,0.002297327687047451,0.36646707567448705,159.5188521605615,159.5188521605615
TN,TCGA-LUAD,TCGA-97-8171-01,TCGA-KN-8434-11,0.0032399011043103398,0.38673734402593585,119.36702126846508,119.36702126846508
TN,TCGA-LUAD,TCGA-78-7537-01,TCGA-73-4676-11,0.0023930288115925767,0.33622672884158755,140.50258284095895,140.50258284095895
TN,TCGA-LUAD,TCGA-TQ-A7RW-01,TCGA-50-5939-11,0.0015946479968086936,0.21668647784226291,135.8835794958568,135.8835794958568
TN,TCGA-LUAD,TCGA-78-7161-01,TCGA-44-6148-11,0.0019231161873308736,0.35518101426064097,184.69035651642187,184.69035651642187
TN,TCGA-LUAD,TCGA-05-4396-01,TCGA-55-6985-11,0.0018118497380638318,0.28779478119374546,158.84031393314493,158.84031393314493
TN,TCGA-LUAD,TCGA-50-5066-01,TCGA-55-6975-11,0.011018051104372779,0.2564277542236065,23.27342211381076,23.27342211381076
TN,TCGA-LUAD,TCGA-75-7027-01,TCGA-50-5933-11,0.0024049592299754856,0.4020103240026167,167.15889358619793,167.15889358619793
TN,TCGA-LUAD,TCGA-86-A4D0-01,TCGA-38-4626-11,0.0029138334695638945,0.4053352324354792,139.10720590910935,139.10720590910935
TN,TCGA-LUAD,TCGA-MP-A4TH-01,TCGA-38-4625-11,0.0022631628586073163,0.22914796345598695,101.25120363498624,101.25120363498624
TN,TCGA-LUAD,TCGA-49-4488-01,TCGA-38-4626-11,0.002185489500209724,0.34844957003267774,159.4377689754354,159.4377689754354
TN,TCGA-LUAD,TCGA-78-7539-01,TCGA-55-6971-11,0.0019703970828865956,0.31761637041570834,161.19409289340103,161.19409289340103
TN,TCGA-LUAD,TCGA-55-7573-01,TCGA-49-4490-11,0.004718372334173684,0.10423426416138029,22.091148552742304,22.091148552742304
TN,TCGA-LUAD,TCGA-TQ-A7RQ-01,TCGA-55-6986-11,0.0020427538441505104,0.26663641396139964,130.5279217684115,130.5279217684115
TN,TCGA-LUAD,TCGA-91-6848-01,TCGA-50-5931-11,0.0025467707136512642,0.40486135077293917,158.97047527788473,158.97047527788473
TN,TCGA-LUAD,TCGA-55-5899-01,TCGA-55-6971-11,0.002437111498400843,0.4325420717959815,177.4814455882721,177.4814455882721
TN,TCGA-LUAD,TCGA-KN-8418-01,TCGA-KN-8428-11,0.00219842382161894,0.06063636086516042,27.581743005544414,27.581743005544414
TN,TCGA-LUAD,TCGA-05-4403-01,TCGA-44-2661-11,0.0014738200180534997,0.30778978381697086,208.8381078060497,208.8381078060497
TN,TCGA-LUAD,TCGA-44-2657-01,TCGA-55-6986-11,0.0016380006571844682,0.31042705870119536,189.51583281705345,189.51583281705345
TN,TCGA-LUAD,TCGA-64-1677-01,TCGA-91-6835-11,0.005053425966377171,0.1540090705350386,30.476170336665394,30.476170336665394
TN,TCGA-LUAD,TCGA-50-5935-01,TCGA-55-6985-11,0.0013047072604377217,0.29988473089177153,229.84828856640374,229.84828856640374
TN,TCGA-LUAD,TCGA-86-7701-01,TCGA-44-6146-11,0.0021223061619720205,0.3880370479943283,182.83745057488272,182.83745057488272
TN,TCGA-LUAD,TCGA-55-8299-01,TCGA-44-6146-11,0.0012818933876726948,0.22324819696335904,174.15504215110352,174.15504215110352
TN,TCGA-LUAD,TCGA-55-7570-01,TCGA-91-6835-11,0.002509994479821342,0.35361301894511193,140.88199069277698,140.88199069277698
TN,TCGA-LUAD,TCGA-44-A47A-01,TCGA-49-6761-11,0.0018780971959775506,0.3316272597765275,176.5761966349752,176.5761966349752
TN,TCGA-LUAD,TCGA-67-3774-01,TCGA-KN-8431-11,0.0016651481996521789,0.1711158269656356,102.763121625678,102.763121625678
TN,TCGA-LUAD,TCGA-44-2662-01,TCGA-KN-8430-11,0.0040080287310468666,0.43482831541675926,108.4893209593299,108.4893209593299
TN,TCGA-LUAD,TCGA-78-8660-01,TCGA-50-5932-11,0.002585699329930362,0.32762201180712197,126.70537831478863,126.70537831478863
TN,TCGA-LUAD,TCGA-55-8514-01,TCGA-KN-8433-11,0.003768503685592869,0.4363279164310445,115.78280209706111,115.78280209706111
TN,TCGA-LUAD,TCGA-05-4396-01,TCGA-KN-8429-11,0.0035240760275504247,0.3734741731851945,105.97789896286527,105.97789896286527
TN,TCGA-LUAD,TCGA-55-8506-01,TCGA-44-2662-11,0.0022695785346583,0.4143919423552985,182.58541664330994,182.58541664330994
TN,TCGA-LUAD,TCGA-55-8085-01,TCGA-55-6982-11,0.0023141486059888496,0.33589308084927627,145.14758472295566,145.14758472295566
TN,TCGA-LUAD,TCGA-97-A4M1-01,TCGA-KN-8423-11,0.0019310688892084883,0.35503861277799015,183.85600573965766,183.85600573965766
TN,TCGA-LUAD,TCGA-KN-8436-01,TCGA-55-6975-11,0.0035356252466367095,0.061865215312850844,17.497673253606447,17.497673253606447
TN,TCGA-LUAD,TCGA-55-8505-01,TCGA-KN-8432-11,0.004998754415849803,0.2814779718907105,56.30962205268859,56.30962205268859
TN,TCGA-LUAD,TCGA-75-7030-01,TCGA-44-2668-11,0.0007300002121341321,0.23832742569991033,326.47583074416895,326.47583074416895
TN,TCGA-LUAD,TCGA-55-A48Y-01,TCGA-55-6980-11,0.0025220540854210523,0.35436626571720364,140.507004891627,140.507004891627
TN,TCGA-LUAD,TCGA-44-8119-01,TCGA-44-6146-11,0.0017625562944594032,0.40318870846782723,228.75224452986333,228.75224452986333
TN,TCGA-LUAD,TCGA-50-5944-01,TCGA-91-6829-11,0.001468412090411281,0.2887176485874009,196.61895354357594,196.61895354357594
TN,TCGA-LUAD,TCGA-TQ-A7RJ-01,TCGA-55-6986-11,0.001518736017053767,0.18474105171340893,121.64131859583642,121.64131859583642
TN,TCGA-LUAD,TCGA-91-6840-01,TCGA-44-2655-11,0.0019061993085135532,0.32438323473468744,170.17277956502892,170.17277956502892
TN,TCGA-LUAD,TCGA-55-A494-01,TCGA-44-6778-11,0.002450239344503334,0.40112604513163364,163.70892338803017,163.70892338803017
TN,TCGA-LUAD,TCGA-44-7667-01,TCGA-91-6829-11,0.003069738330468295,0.3965949722638965,129.1950419120561,129.1950419120561
TN,TCGA-LUAD,TCGA-78-7160-01,TCGA-KN-8423-11,0.0016595932333827157,0.22137605089476783,133.39175313672584,133.39175313672584
TN,TCGA-LUAD,TCGA-50-8460-01,TCGA-44-2665-11,0.0016106757484517045,0.30681444916854295,190.48802930290265,190.48802930290265
TN,TCGA-LUAD,TCGA-55-7724-01,TCGA-55-6986-11,0.004231257980240387,0.29659998571470386,70.09735334025967,70.09735334025967
TN,TCGA-LUAD,TCGA-05-4422-01,TCGA-KN-8435-11,0.0018669587557545852,0.42682980873042725,228.6230520169749,228.6230520169749
TN,TCGA-LUAD,TCGA-49-6742-01,TCGA-49-4512-11,0.003672259082669684,0.3028996320566978,82.48318684434807,82.48318684434807
TN,TCGA-LUAD,TCGA-38-A44F-01,TCGA-KN-8433-11,0.0018188731375935246,0.19190153965607998,105.50573082297367,105.50573082297367
TN,TCGA-LUAD,TCGA-49-AAR9-01,TCGA-49-4512-11,0.006260651503295241,0.4386339818830983,70.06203454260744,70.06203454260744
TN,TCGA-LUAD,TCGA-55-8507-01,TCGA-44-5645-11,0.0016701178572574192,0.22506548820717084,134.7602429548066,134.7602429548066
TN,TCGA-LUAD,TCGA-N6-A4VF-01,TCGA-55-6978-11,0.0019877990328782194,0.4040074678536957,203.24361827901484,203.24361827901484
TN,TCGA-LUAD,TCGA-86-8076-01,TCGA-55-6978-11,0.0010178894782429844,0.28017837150506497,275.25421717561215,275.25421717561215
TN,TCGA-LUAD,TCGA-50-5066-01,TCGA-50-5933-11,0.011612976580852793,0.2754414673600184,23.718420978662774,23.718420978662774
TN,TCGA-LUAD,TCGA-78-7143-01,TCGA-44-2657-11,0.001728972960618952,0.31171675797913423,180.29012892575443,180.29012892575443
TN,TCGA-LUAD,TCGA-86-8672-01,TCGA-44-6777-11,0.002371290072494094,0.3528879158427349,148.81684865806892,148.81684865806892
TN,TCGA-LUAD,TCGA-73-4676-01,TCGA-55-6986-11,0.003270126148202419,0.362038893100205,110.71098688324821,110.71098688324821
TN,TCGA-LUAD,TCGA-50-5946-01,TCGA-50-5932-11,0.0024706686808817708,0.4014173464170285,162.47315940143153,162.47315940143153
TN,TCGA-LUAD,TCGA-78-8655-01,TCGA-44-3398-11,0.001421704261650154,0.2979480433754518,209.57104189138977,209.57104189138977
TN,TCGA-LUAD,TCGA-49-AARQ-01,TCGA-55-6975-11,0.0066928774352382914,0.3438222977066949,51.37137218387648,51.37137218387648
TN,TCGA-LUAD,TCGA-05-4410-01,TCGA-44-6776-11,0.0017300762648248453,0.3443591214700249,199.0427407573782,199.0427407573782
TN,TCGA-LUAD,TCGA-KN-8423-01,TCGA-91-6836-11,0.0027615504544776783,0.21195011040259643,76.75040304222318,76.75040304222318
TN,TCGA-LUAD,TCGA-50-6593-01,TCGA-55-6968-11,0.0011840956284929535,0.21245232287538704,179.42159211058294,179.42159211058294
TN,TCGA-LUAD,TCGA-50-5051-01,TCGA-44-6777-11,0.0021807693857414582,0.3489466332274417,160.0107904618261,160.0107904618261
TN,TCGA-LUAD,TCGA-MP-A5C7-01,TCGA-44-6778-11,0.0018365879902599383,0.35752854016202584,194.66997609595808,194.66997609595808
TN,TCGA-LUAD,TCGA-78-7161-01,TCGA-38-4625-11,0.002680038021798623,0.37712571479718826,140.71655391817623,140.71655391817623
TN,TCGA-LUAD,TCGA-55-8616-01,TCGA-49-6743-11,0.002567918381577854,0.35378501689667047,137.77112989054103,137.77112989054103
TN,TCGA-LUAD,TCGA-MT-A67F-01,TCGA-44-6145-11,0.002522330562275447,0.3053851907283224,121.07262834448949,121.07262834448949
TN,TCGA-LUAD,TCGA-50-5936-01,TCGA-44-6146-11,0.0017807977644860517,0.3649495091348456,204.93596544926712,204.93596544926712
TN,TCGA-LUAD,TCGA-55-6971-01,TCGA-44-6144-11,0.0013433877430311474,0.18665877370306144,138.9463129102955,138.9463129102955
TN,TCGA-LUAD,TCGA-35-5375-01,TCGA-KN-8426-11,0.00961518720347231,0.42435434842687914,44.13375833947706,44.13375833947706
TN,TCGA-LUAD,TCGA-L4-A4E6-01,TCGA-KN-8426-11,0.0015985945096117346,0.37234838128428016,232.92234462553975,232.92234462553975
TN,TCGA-LUAD,TCGA-55-8097-01,TCGA-55-6981-11,0.0008887469358997483,0.2753854031288388,309.8580619578109,309.8580619578109
TN,TCGA-LUAD,TCGA-38-6178-01,TCGA-55-6982-11,0.001549742659078364,0.2887765979658651,186.33841965581647,186.33841965581647
TN,TCGA-LUAD,TCGA-05-4395-01,TCGA-38-4625-11,0.003087927037272916,0.37229742186566117,120.56548531485167,120.56548531485167
TN,TCGA-LUAD,TCGA-38-4632-01,TCGA-55-6978-11,0.004646460742954137,0.37023744844011214,79.6816047572419,79.6816047572419
TN,TCGA-LUAD,TCGA-KN-8427-01,TCGA-KN-8436-11,0.0029010095344813693,0.31973678841737846,110.21569719678281,110.21569719678281
TN,TCGA-LUAD,TCGA-55-7911-01,TCGA-44-6147-11,0.002264681110599881,0.3525540510604175,155.6749201511338,155.6749201511338
TN,TCGA-LUAD,TCGA-50-5055-01,TCGA-38-4625-11,0.0010680235208340469,0.2486787024706038,232.840099136023,232.840099136023
TN,TCGA-LUAD,TCGA-49-AARR-01,TCGA-50-5933-11,0.0014220328460762053,0.15957100799718493,112.21330677240466,112.21330677240466
TN,TCGA-LUAD,TCGA-55-A48X-01,TCGA-44-2668-11,0.0012401535319002568,0.17723259228260496,142.91181512907988,142.91181512907988
TN,TCGA-LUAD,TCGA-MT-A7BN-01,TCGA-38-4632-11,0.009137011718910177,0.3636696383272884,39.8018137127513,39.8018137127513
TN,TCGA-LUAD,TCGA-73-A9RS-01,TCGA-55-6981-11,0.0024728210274907996,0.35300918809481996,142.75565605854723,142.75565605854723
TN,TCGA-LUAD,TCGA-55-6972-01,TCGA-50-6595-11,0.0041580708504737,0.14100481762571127,33.911114720339015,33.911114720339015
TN,TCGA-LUAD,TCGA-55-7995-01,TCGA-KN-8435-11,0.002063601801437479,0.35652606449341495,172.76882790326283,172.76882790326283
TN,TCGA-LUAD,TCGA-50-5068-01,TCGA-KN-8433-11,0.007774917762715036,0.4262638374063094,54.82551075337113,54.82551075337113
TN,TCGA-LUAD,TCGA-86-7713-01,TCGA-KN-8423-11,0.0024913255591834643,0.41914900097660046,168.24336724341126,168.24336724341126
TN,TCGA-LUAD,TCGA-97-8177-01,TCGA-KN-8428-11,0.0019890632678605798,0.29786373817909373,149.75076107029693,149.75076107029693
TN,TCGA-LUAD,TCGA-KN-8431-01,TCGA-44-6776-11,0.005315510519094553,0.12376054219902084,23.282907964238643,23.282907964238643
TN,TCGA-LUAD,TCGA-55-1595-01,TCGA-55-6982-11,0.0016592870973557378,0.3403197123165712,205.09995699894807,205.09995699894807
TN,TCGA-LUAD,TCGA-64-5778-01,TCGA-49-4512-11,0.003177535441000459,0.26783369065772156,84.28975715008646,84.28975715008646
TN,TCGA-LUAD,TCGA-78-7158-01,TCGA-KN-8430-11,0.0025407906137632297,0.4090666398353212,160.99974457534782,160.99974457534782
TN,TCGA-LUAD,TCGA-44-A47G-01,TCGA-91-6847-11,0.0014054825486852743,0.26371215783151325,187.63104392736616,187.63104392736616
TN,TCGA-LUAD,TCGA-86-A4P7-01,TCGA-91-6829-11,0.0011190768429321703,0.13081808708837245,116.89821652068768,116.89821652068768
TN,TCGA-LUAD,TCGA-NJ-A55R-01,TCGA-44-2668-11,0.0016505825971289477,0.3643680347609999,220.75116713019273,220.75116713019273
TN,TCGA-LUAD,TCGA-93-7348-01,TCGA-50-5936-11,0.0016515677992071376,0.31028382729536774,187.87229167602118,187.87229167602118
TN,TCGA-LUAD,TCGA-TQ-A7RH-01,TCGA-55-6969-11,0.001774780321713268,0.1641194256194539,92.47309292962112,92.47309292962112
TN,TCGA-LUAD,TCGA-55-8510-01,TCGA-KN-8433-11,0.0020603171811056473,0.21987855806850834,106.72073216926378,106.72073216926378
TN,TCGA-LUAD,TCGA-91-6830-01,TCGA-44-3398-11,0.001254041291417533,0.1672600032516165,133.37679101662633,133.37679101662633
TN,TCGA-LUAD,TCGA-91-6849-01,TCGA-49-4512-11,0.003452542187022418,0.31501314563966426,91.24092583828545,91.24092583828545
TN,TCGA-LUAD,TCGA-86-8668-01,TCGA-50-5931-11,0.0018319216285791625,0.31829010716319034,173.7465741970938,173.7465741970938
TN,TCGA-LUAD,TCGA-44-6775-01,TCGA-55-6983-11,0.0014872916776573317,0.30139225288774446,202.64502075509125,202.64502075509125
TN,TCGA-LUAD,TCGA-KN-8429-01,TCGA-55-6969-11,0.0028086738797330783,0.14982836492965745,53.34487781254845,53.34487781254845
TN,TCGA-LUAD,TCGA-64-1681-01,TCGA-55-6969-11,0.0016627472397617554,0.27960258559283513,168.1569987948966,168.1569987948966
TN,TCGA-LUAD,TCGA-97-8174-01,TCGA-KN-8426-11,0.0013137481782351636,0.3612966888967408,275.01213313352963,275.01213313352963
TN,TCGA-LUAD,TCGA-05-4427-01,TCGA-KN-8429-11,0.003539865067294341,0.4024117496057934,113.6799685738792,113.6799685738792
TN,TCGA-LUAD,TCGA-64-5775-01,TCGA-KN-8430-11,0.003335324435630599,0.4582156176457298,137.38262243717722,137.38262243717722
TN,TCGA-LUAD,TCGA-97-7941-01,TCGA-KN-8428-11,0.0011075742923817074,0.2742590187737657,247.6213294766928,247.6213294766928
TN,TCGA-LUAD,TCGA-KN-8418-01,TCGA-KN-8425-11,0.0022790194666067326,0.17321910498239024,76.00597867656604,76.00597867656604
TN,TCGA-LUAD,TCGA-91-6849-01,TCGA-KN-8430-11,0.001823045749644015,0.34756963543432173,190.65327104500338,190.65327104500338
TN,TCGA-LUAD,TCGA-86-7711-01,TCGA-44-2668-11,0.0022972313401805706,0.359188105385103,156.3569585276812,156.3569585276812
TN,TCGA-LUAD,TCGA-55-7725-01,TCGA-KN-8427-11,0.004724927810539103,0.4347594661831211,92.01399124307808,92.01399124307808
TN,TCGA-LUAD,TCGA-05-4426-01,TCGA-91-6847-11,0.001651475702217525,0.3534484487015884,214.0197692445576,214.0197692445576
TN,TCGA-LUAD,TCGA-64-1678-01,TCGA-38-4625-11,0.008400127981730718,0.28979107368346735,34.49841172821754,34.49841172821754
TN,TCGA-LUAD,TCGA-97-8171-01,TCGA-50-5933-11,0.0037528326877781437,0.20745348396907884,55.279172089044344,55.279172089044344
TN,TCGA-LUAD,TCGA-93-A4JQ-01,TCGA-50-5930-11,0.0016706791724546487,0.11815975517858786,70.72558102521947,70.72558102521947
TN,TCGA-LUAD,TCGA-78-7146-01,TCGA-55-6970-11,0.0024248519564618216,0.3738547246370595,154.1763090488059,154.1763090488059
TN,TCGA-LUAD,TCGA-55-6642-01,TCGA-44-6146-11,0.0015583794672084427,0.3604166081796055,231.27653807273734,231.27653807273734
TN,TCGA-LUAD,TCGA-55-A57B-01,TCGA-49-4490-11,0.005433161887494115,0.1089883647732676,20.059841217714062,20.059841217714062
TN,TCGA-LUAD,TCGA-TQ-A7RQ-01,TCGA-44-3398-11,0.002133381958599647,0.18015638630546274,84.44638128641412,84.44638128641412
TN,TCGA-LUAD,TCGA-75-6211-01,TCGA-55-6975-11,0.002386541173501479,0.3999077179861592,167.56791059230864,167.56791059230864
TN,TCGA-LUAD,TCGA-55-6978-01,TCGA-49-6745-11,0.0032162859625396254,0.2579407166303067,80.19831558342935,80.19831558342935
TN,TCGA-LUAD,TCGA-55-1596-01,TCGA-KN-8431-11,0.002958894190093929,0.4086752932867452,138.11757603734114,138.11757603734114
TN,TCGA-LUAD,TCGA-TQ-A7RM-01,TCGA-55-6982-11,0.0023522025031997044,0.1771445291410877,75.310067436846,75.310067436846
TN,TCGA-LUAD,TCGA-38-4631-01,TCGA-KN-8434-11,0.004657989366765484,0.43895979067935564,94.23804051836429,94.23804051836429
TN,TCGA-LUAD,TCGA-73-4658-01,TCGA-49-6742-11,0.0010342959945388076,0.33166828241149243,320.67056641690203,320.67056641690203
TN,TCGA-LUAD,TCGA-73-4675-01,TCGA-49-4490-11,0.004041906238661082,0.33526205250910446,82.94651897223699,82.94651897223699
TN,TCGA-LUAD,TCGA-55-7570-01,TCGA-55-6971-11,0.0030068344098180405,0.4090735439728881,136.04791226186722,136.04791226186722
TN,TCGA-LUAD,TCGA-44-5644-01,TCGA-91-6847-11,0.0029333025576342834,0.39309659876893904,134.01161013747335,134.01161013747335
TN,TCGA-LUAD,TCGA-49-4510-01,TCGA-50-5935-11,0.003790676119578981,0.33104523610403014,87.3314484437669,87.3314484437669
TN,TCGA-LUAD,TCGA-55-7283-01,TCGA-KN-8432-11,0.004749159697621776,0.30649005333040935,64.53563848019041,64.53563848019041
TN,TCGA-LUAD,TCGA-38-7271-01,TCGA-KN-8436-11,0.0015450177856264396,0.30016524170526016,194.2794733482992,194.2794733482992
TN,TCGA-LUAD,TCGA-55-6983-01,TCGA-KN-8430-11,0.0017530986697858702,0.13030586209627595,74.32888082231673,74.32888082231673
TN,TCGA-LUAD,TCGA-50-5946-01,TCGA-KN-8432-11,0.006002266438482396,0.372728115223531,62.09789569384244,62.09789569384244
TN,TCGA-LUAD,TCGA-O1-A52J-01,TCGA-73-4676-11,0.003863676176929342,0.3010461007069083,77.91701139565086,77.91701139565086
TN,TCGA-LUAD,TCGA-55-8205-01,TCGA-50-5939-11,0.001616149546705416,0.29608299877927663,183.20272364822512,183.20272364822512
TN,TCGA-LUAD,TCGA-55-8616-01,TCGA-55-6986-11,0.0021660696688180253,0.33283945177749075,153.66054775103962,153.66054775103962
TN,TCGA-LUAD,TCGA-86-8054-01,TCGA-49-6742-11,0.0022886346021737843,0.3612411872765159,157.84135524884698,157.84135524884698
TN,TCGA-LUAD,TCGA-50-5933-01,TCGA-44-6146-11,0.0019645979857324672,0.4087599000028417,208.0628723898658,208.0628723898658
TN,TCGA-LUAD,TCGA-55-8090-01,TCGA-44-2668-11,0.0013008026271886083,0.26197050080804324,201.39142967002874,201.39142967002874
TN,TCGA-LUAD,TCGA-55-A492-01,TCGA-91-6847-11,0.004448249034768264,0.2797439746582743,62.88855962688874,62.88855962688874
TN,TCGA-LUAD,TCGA-NJ-A55A-01,TCGA-49-6745-11,0.0027552265270112605,0.10678226638373933,38.756256640564395,38.756256640564395
TN,TCGA-LUAD,TCGA-KN-8435-01,TCGA-91-6831-11,0.0034042735577504844,0.22432334104158666,65.89462839461633,65.89462839461633
TN,TCGA-LUAD,TCGA-73-4659-01,TCGA-55-6971-11,0.0016287068936209205,0.2576946458960889,158.22039367880703,158.22039367880703
TN,TCGA-LUAD,TCGA-50-5072-01,TCGA-44-3396-11,0.002048816575855739,0.2756641324436949,134.54798037669963,134.54798037669963
TN,TCGA-LUAD,TCGA-64-1678-01,TCGA-50-5933-11,0.013253413444186993,0.26684687064676604,20.134199523052402,20.134199523052402
TN,TCGA-LUAD,TCGA-35-4123-01,TCGA-44-2662-11,0.004643907533438437,0.4025190075477595,86.67679204407561,86.67679204407561
TN,TCGA-LUAD,TCGA-97-8177-01,TCGA-55-6972-11,0.002388537353197341,0.29655744604968737,124.15859674654448,124.15859674654448
TN,TCGA-LUAD,TCGA-05-4433-01,TCGA-55-6975-11,0.0011304806657691422,0.2612834379954721,231.12596783572886,231.12596783572886
TN,TCGA-LUAD,TCGA-67-6215-01,TCGA-49-4490-11,0.004258159749572851,0.3532140907518428,82.94993882915614,82.94993882915614
TN,TCGA-LUAD,TCGA-O1-A52J-01,TCGA-KN-8426-11,0.0024182138034322355,0.41401712176102734,171.20782338327643,171.20782338327643
TN,TCGA-LUAD,TCGA-55-7903-01,TCGA-55-6986-11,0.0018403619336139492,0.3456092402719392,187.7941691574008,187.7941691574008
TN,TCGA-LUAD,TCGA-78-7147-01,TCGA-55-6983-11,0.0021484437311452076,0.3364009289395902,156.57888734199005,156.57888734199005
TN,TCGA-LUAD,TCGA-TQ-A7RK-01,TCGA-50-5939-11,0.0029406672251642784,0.1940431712296303,65.9861032792618,65.9861032792618
TN,TCGA-LUAD,TCGA-KN-8436-01,TCGA-55-6969-11,0.0034183559291704746,0.06635678307078846,19.411899885712348,19.411899885712348
TN,TCGA-LUAD,TCGA-55-8620-01,TCGA-50-6595-11,0.0022735746168367097,0.4023653916991131,176.9747905872277,176.9747905872277
TN,TCGA-LUAD,TCGA-97-8552-01,TCGA-44-2665-11,0.0010705349128069196,0.1859261189783424,173.67590421768506,173.67590421768506
TN,TCGA-LUAD,TCGA-05-4434-01,TCGA-38-4627-11,0.002344968024810207,0.16441204474625182,70.11270218047375,70.11270218047375
TN,TCGA-LUAD,TCGA-50-5068-01,TCGA-KN-8435-11,0.009010945194828649,0.4044582088438813,44.885214602792,44.885214602792
TN,TCGA-LUAD,TCGA-64-5779-01,TCGA-50-5935-11,0.001961165193873666,0.4251172240816831,216.7676774040628,216.7676774040628
TN,TCGA-LUAD,TCGA-97-8552-01,TCGA-49-6761-11,0.0013206512548696301,0.17071741719606234,129.26759927465858,129.26759927465858
TN,TCGA-LUAD,TCGA-75-6207-01,TCGA-50-6595-11,0.0028325838327045725,0.376360064133586,132.86811136468097,132.86811136468097
TN,TCGA-LUAD,TCGA-05-4420-01,TCGA-49-4490-11,0.0032467334130841996,0.3918274168936868,120.68358163150651,120.68358163150651
TN,TCGA-LUAD,TCGA-97-8171-01,TCGA-KN-8437-11,0.0032353348023083962,0.3348477381063526,103.49709027561546,103.49709027561546
TN,TCGA-LUAD,TCGA-KN-8426-01,TCGA-55-6980-11,0.0040990474297085714,0.16107727352211926,39.29626975152403,39.29626975152403
TN,TCGA-LUAD,TCGA-93-A4JN-01,TCGA-KN-8434-11,0.002423922438668534,0.24302739797378986,100.2620356562586,100.2620356562586
TN,TCGA-LUAD,TCGA-NJ-A55R-01,TCGA-55-6984-11,0.0016304542531404567,0.38136833627767247,233.90311966319194,233.90311966319194
TN,TCGA-LUAD,TCGA-91-6835-01,TCGA-KN-8419-11,0.002618401118762938,0.1848982382844764,70.6149401478378,70.6149401478378
TN,TCGA-LUAD,TCGA-55-8619-01,TCGA-91-6847-11,0.0008168430581606601,0.17111693224501023,209.48569071557714,209.48569071557714
TN,TCGA-LUAD,TCGA-97-8179-01,TCGA-KN-8423-11,0.0019072512871843054,0.3990769857747544,209.24195382975248,209.24195382975248
TN,TCGA-LUAD,TCGA-44-2657-01,TCGA-55-6982-11,0.0017322930711788438,0.26421089045806867,152.52089548465975,152.52089548465975
TN,TCGA-LUAD,TCGA-44-6774-01,TCGA-44-6145-11,0.0010805073875831193,0.3459631686253787,320.185842874457,320.185842874457
TN,TCGA-LUAD,TCGA-55-8621-01,TCGA-50-5936-11,0.0008224453491535423,0.08486809946467178,103.18995608889722,103.18995608889722
TN,TCGA-LUAD,TCGA-78-7153-01,TCGA-44-6778-11,0.003197797563564166,0.359549752174851,112.4366833822051,112.4366833822051
TN,TCGA-LUAD,TCGA-49-6761-01,TCGA-55-6979-11,0.0025455205733205186,0.3517295219384181,138.17587083163997,138.17587083163997
TN,TCGA-LUAD,TCGA-44-A47A-01,TCGA-55-6980-11,0.001711246242917692,0.368068858096258,215.08819062106275,215.08819062106275
TN,TCGA-LUAD,TCGA-55-7903-01,TCGA-55-6983-11,0.0016996365434082,0.35008882263777397,205.9786393717786,205.9786393717786
TN,TCGA-LUAD,TCGA-55-A493-01,TCGA-KN-8431-11,0.0030266619128354716,0.2982809935332271,98.5511438420911,98.5511438420911
TN,TCGA-LUAD,TCGA-64-1677-01,TCGA-50-6595-11,0.006247106516841667,0.27466355189968344,43.96652292692848,43.96652292692848
TN,TCGA-LUAD,TCGA-TQ-A7RJ-01,TCGA-55-6975-11,0.0018424031822478868,0.24831403030800048,134.7772478361856,134.7772478361856
TN,TCGA-LUAD,TCGA-55-7728-01,TCGA-44-2655-11,0.0025680043264170115,0.3790295937593813,147.59694516878773,147.59694516878773
TN,TCGA-LUAD,TCGA-91-6848-01,TCGA-44-6146-11,0.0023009653445215323,0.40416245286971225,175.64908303899495,175.64908303899495
TN,TCGA-LUAD,TCGA-91-6847-01,TCGA-55-6981-11,0.002245269012474578,0.25611669724677166,114.06949270835827,114.06949270835827
TN,TCGA-LUAD,TCGA-55-7910-01,TCGA-49-4512-11,0.005470995669324877,0.3744102975517776,68.43549514232754,68.43549514232754
TN,TCGA-LUAD,TCGA-05-5428-01,TCGA-49-4512-11,0.0038017617336974377,0.30529649428005423,80.30395265805765,80.30395265805765
TN,TCGA-LUAD,TCGA-NJ-A55O-01,TCGA-KN-8432-11,0.0042053659306872685,0.28320163460057907,67.3429231292356,67.3429231292356
TN,TCGA-LUAD,TCGA-38-4632-01,TCGA-55-6972-11,0.005246946858172075,0.362086880406156,69.00906187799649,69.00906187799649
TN,TCGA-LUAD,TCGA-50-5930-01,TCGA-44-3398-11,0.0017019322026211475,0.33713804894116894,198.09135077292873,198.09135077292873
TN,TCGA-LUAD,TCGA-TQ-A7RW-01,TCGA-38-4626-11,0.00345774118345292,0.3675168298456272,106.28812578696906,106.28812578696906
TN,TCGA-LUAD,TCGA-86-7954-01,TCGA-50-5939-11,0.001803977520640941,0.31166574188472784,172.76586782189787,172.76586782189787
TN,TCGA-LUAD,TCGA-55-7227-01,TCGA-KN-8432-11,0.004169478324055943,0.2948950729181795,70.72709101682402,70.72709101682402
TN,TCGA-LUAD,TCGA-75-7031-01,TCGA-KN-8431-11,0.0027328230721930004,0.42602354590115415,155.89137483360176,155.89137483360176
TN,TCGA-LUAD,TCGA-44-A47B-01,TCGA-44-6145-11,0.0014824467512961318,0.3509582879740887,236.74259305923744,236.74259305923744
TN,TCGA-LUAD,TCGA-67-4679-01,TCGA-50-5932-11,0.0012603622151289176,0.27451499539577706,217.80643064398592,217.80643064398592
TN,TCGA-LUAD,TCGA-55-6987-01,TCGA-KN-8429-11,0.0026577954346158903,0.35189271261152,132.4002246479802,132.4002246479802
TN,TCGA-LUAD,TCGA-J2-8194-01,TCGA-55-6982-11,0.0014119343106915828,0.3302377460605087,233.89030464084,233.89030464084
TN,TCGA-LUAD,TCGA-38-4630-01,TCGA-44-2665-11,0.0028666668226368652,0.4293215772647668,149.76333275795932,149.76333275795932
TN,TCGA-LUAD,TCGA-50-8457-01,TCGA-38-4625-11,0.0018092094397825506,0.2917667100413688,161.26751476403766,161.26751476403766
TN,TCGA-LUAD,TCGA-KN-8431-01,TCGA-38-4627-11,0.00535209119294551,0.18689820757345454,34.92059474244414,34.92059474244414
TN,TCGA-LUAD,TCGA-44-6774-01,TCGA-73-4676-11,0.0023213381943000275,0.3329220776853346,143.41817082181916,143.41817082181916
TN,TCGA-LUAD,TCGA-97-8179-01,TCGA-91-6847-11,0.0017069904363636594,0.2974429945747974,174.2499478839668,174.2499478839668
TN,TCGA-LUAD,TCGA-78-7537-01,TCGA-44-2662-11,0.0019409422109165934,0.3547986583581604,182.797126242419,182.797126242419
TN,TCGA-LUAD,TCGA-O1-A52J-01,TCGA-44-2657-11,0.0019353524008610995,0.3215831959139538,166.16260468681116,166.16260468681116
TN,TCGA-LUAD,TCGA-44-7672-01,TCGA-49-6744-11,0.002415885015453384,0.3649282761665251,151.05366101127947,151.05366101127947
TN,TCGA-LUAD,TCGA-91-A4BC-01,TCGA-73-4676-11,0.0033580538949371935,0.39233402831715947,116.83374972291723,116.83374972291723
TN,TCGA-LUAD,TCGA-MT-A67A-01,TCGA-55-6984-11,0.005863910288920754,0.25685962765708836,43.80347157465861,43.80347157465861
TN,TCGA-LUAD,TCGA-38-4630-01,TCGA-KN-8431-11,0.003057543432543195,0.41059168750741964,134.28809649513263,134.28809649513263
TN,TCGA-LUAD,TCGA-44-3918-01,TCGA-44-6776-11,0.0033102075066701684,0.3990206345248858,120.54248373277117,120.54248373277117
TN,TCGA-LUAD,TCGA-MP-A4T7-01,TCGA-KN-8435-11,0.002134323618609801,0.3917294555881995,183.5379846676456,183.5379846676456
TN,TCGA-LUAD,TCGA-86-8076-01,TCGA-KN-8424-11,0.0016345200184530288,0.2594478802102615,158.73031671757238,158.73031671757238
TN,TCGA-LUAD,TCGA-44-7662-01,TCGA-KN-8433-11,0.002293644855697844,0.35882423901031313,156.44280679239702,156.44280679239702
TN,TCGA-LUAD,TCGA-55-A48Z-01,TCGA-44-6778-11,0.0024319495028459065,0.3991519277526711,164.12837819435686,164.12837819435686
TN,TCGA-LUAD,TCGA-NJ-A7XG-01,TCGA-KN-8433-11,0.0021278852647636857,0.42527362187896056,199.85740252127255,199.85740252127255
TN,TCGA-LUAD,TCGA-55-6984-01,TCGA-44-6776-11,0.002022532621480064,0.3972889448064317,196.4314150422457,196.4314150422457
TN,TCGA-LUAD,TCGA-55-8207-01,TCGA-49-6745-11,0.0026690204184690366,0.2464147717960265,92.3240489622673,92.3240489622673
TN,TCGA-LUAD,TCGA-44-2662-01,TCGA-50-5931-11,0.0027963151715136797,0.3790810470240804,135.56449247417243,135.56449247417243
TN,TCGA-LUAD,TCGA-86-8278-01,TCGA-44-6148-11,0.0014653253637714038,0.3453214548376416,235.66196516851736,235.66196516851736
TN,TCGA-LUAD,TCGA-55-8092-01,TCGA-55-6979-11,0.0016539037232857516,0.34082769315635314,206.07468763613574,206.07468763613574
TN,TCGA-LUAD,TCGA-97-8177-01,TCGA-49-6744-11,0.003082266159145109,0.2907645863248086,94.33467822436673,94.33467822436673
TN,TCGA-LUAD,TCGA-NJ-A4YP-01,TCGA-44-6778-11,0.0020602051979967057,0.4038850226863845,196.04116283131052,196.04116283131052
TN,TCGA-LUAD,TCGA-97-7941-01,TCGA-49-6744-11,0.0015131789325024073,0.21841589361217378,144.34240982391307,144.34240982391307
TN,TCGA-LUAD,TCGA-97-A4M7-01,TCGA-55-6984-11,0.001540504155490744,0.14420420760780117,93.60845090473865,93.60845090473865
TN,TCGA-LUAD,TCGA-NJ-A4YP-01,TCGA-50-5931-11,0.002085176631429663,0.40287362096505397,193.20839054715046,193.20839054715046
TN,TCGA-LUAD,TCGA-55-7815-01,TCGA-KN-8423-11,0.006548047693494065,0.4670962398117918,71.33366488394458,71.33366488394458
TN,TCGA-LUAD,TCGA-73-4659-01,TCGA-KN-8429-11,0.0020994046343132807,0.2908155864737105,138.52288487913947,138.52288487913947
TN,TCGA-LUAD,TCGA-55-6972-01,TCGA-38-4626-11,0.0026936827096762455,0.1616492628305987,60.01050615572588,60.01050615572588
TN,TCGA-LUAD,TCGA-97-A4M7-01,TCGA-44-6148-11,0.001571394408328949,0.24054454887133517,153.07713174767807,153.07713174767807
TN,TCGA-LUAD,TCGA-55-8097-01,TCGA-49-6743-11,0.0018209247088710316,0.21570764393065991,118.46049585674417,118.46049585674417
TN,TCGA-LUAD,TCGA-55-8087-01,TCGA-KN-8424-11,0.0018424567548630255,0.37042973617192443,201.05206550666827,201.05206550666827
TN,TCGA-LUAD,TCGA-73-4666-01,TCGA-KN-8426-11,0.0025056519696622466,0.42585047120313696,169.95595412260712,169.95595412260712
TN,TCGA-LUAD,TCGA-86-8671-01,TCGA-49-6742-11,0.001284953454340676,0.21300174644163913,165.76611839292866,165.76611839292866
TN,TCGA-LUAD,TCGA-38-4626-01,TCGA-44-6145-11,0.0004531032366044474,0.19743616668784053,435.7421239526467,435.7421239526467
TN,TCGA-LUAD,TCGA-44-A479-01,TCGA-49-6742-11,0.001750083372859262,0.3777847711724678,215.86672785494113,215.86672785494113
TN,TCGA-LUAD,TCGA-O1-A52J-01,TCGA-55-6970-11,0.0022462869149324875,0.3313739098549886,147.5207408511072,147.5207408511072
TN,TCGA-LUAD,TCGA-TQ-A7RN-01,TCGA-KN-8428-11,0.002153687172937787,0.2541055783766067,117.98629883187171,117.98629883187171
TN,TCGA-LUAD,TCGA-55-8089-01,TCGA-55-6984-11,0.0013608203695427848,0.328724050556857,241.56314669753462,241.56314669753462
TN,TCGA-LUAD,TCGA-86-8673-01,TCGA-44-2668-11,0.0031606050885689494,0.38391113707156865,121.46760709209481,121.46760709209481
TN,TCGA-LUAD,TCGA-44-7667-01,TCGA-KN-8433-11,0.003179757205898963,0.4358775031126769,137.07886322391337,137.07886322391337
TN,TCGA-LUAD,TCGA-05-5429-01,TCGA-55-6982-11,0.004220360791822501,0.34031494931072237,80.63645884734,80.63645884734
TN,TCGA-LUAD,TCGA-75-7031-01,TCGA-50-5930-11,0.0024763054177044923,0.3537253196749668,142.84397923858126,142.84397923858126
TN,TCGA-LUAD,TCGA-50-7109-01,TCGA-KN-8432-11,0.004910126557632047,0.3877980807004584,78.97924343674708,78.97924343674708
TN,TCGA-LUAD,TCGA-86-7954-01,TCGA-55-6979-11,0.00177742647863066,0.2564630925671293,144.2890019083715,144.2890019083715
TN,TCGA-LUAD,TCGA-05-4427-01,TCGA-44-5645-11,0.0020299335019383453,0.3788878014609709,186.65035140273218,186.65035140273218
TN,TCGA-LUAD,TCGA-05-4402-01,TCGA-91-6831-11,0.002178451111502379,0.28750369927470765,131.9761998590041,131.9761998590041
TN,TCGA-LUAD,TCGA-86-8671-01,TCGA-44-6145-11,0.0010437930284812036,0.21998413624676533,210.75455597443354,210.75455597443354
TN,TCGA-LUAD,TCGA-55-8511-01,TCGA-91-6849-11,0.0022573359572511283,0.37804447066616925,167.47372913269544,167.47372913269544
TN,TCGA-LUAD,TCGA-78-7147-01,TCGA-50-5931-11,0.0025730745955670265,0.3755134594271099,145.9395930743929,145.9395930743929
TN,TCGA-LUAD,TCGA-97-8172-01,TCGA-KN-8426-11,0.0014433633905029742,0.3114091974808084,215.75245674777057,215.75245674777057
TN,TCGA-LUAD,TCGA-TQ-A7RO-01,TCGA-55-6971-11,0.002078180648215291,0.33560682759327615,161.49069036971835,161.49069036971835
TN,TCGA-LUAD,TCGA-44-2666-01,TCGA-55-6986-11,0.0018761792358970007,0.21400879638335712,114.0662855065868,114.0662855065868
TN,TCGA-LUAD,TCGA-97-7547-01,TCGA-44-6147-11,0.002085224998308206,0.3710154829707415,177.92587527569225,177.92587527569225
TN,TCGA-LUAD,TCGA-55-7815-01,TCGA-44-6776-11,0.005286301487601336,0.4373381701821818,82.73046310505161,82.73046310505161
TN,TCGA-LUAD,TCGA-55-6985-01,TCGA-KN-8434-11,0.001747504187973397,0.2216440098038911,126.83460865460614,126.83460865460614
TN,TCGA-LUAD,TCGA-KN-8429-01,TCGA-55-6970-11,0.0029982331826720315,0.17443041427886724,58.177734569468846,58.177734569468846
TN,TCGA-LUAD,TCGA-50-6590-01,TCGA-55-6980-11,0.0022671163519081463,0.3608009752486604,159.1453279162262,159.1453279162262
TN,TCGA-LUAD,TCGA-MP-A4SY-01,TCGA-49-6742-11,0.001864004716785495,0.34717709903403615,186.2533371872301,186.2533371872301
TN,TCGA-LUAD,TCGA-44-3919-01,TCGA-44-6145-11,0.0010979645808885156,0.2917746875181464,265.7414388377,265.7414388377
TN,TCGA-LUAD,TCGA-44-7671-01,TCGA-KN-8433-11,0.0016241705834418147,0.3511750702720532,216.21809547114847,216.21809547114847
TN,TCGA-LUAD,TCGA-49-4510-01,TCGA-49-6744-11,0.004271483741691725,0.28776597925728803,67.36909155208866,67.36909155208866
TN,TCGA-LUAD,TCGA-86-8674-01,TCGA-44-6776-11,0.002885281775804289,0.375207805746871,130.04199759390212,130.04199759390212
TN,TCGA-LUAD,TCGA-97-7552-01,TCGA-50-5935-11,0.0005430659221959174,0.23421652218937772,431.28561858993123,431.28561858993123
TN,TCGA-LUAD,TCGA-55-8094-01,TCGA-50-5933-11,0.004700981463596101,0.3475103978008928,73.92294577036228,73.92294577036228
TN,TCGA-LUAD,TCGA-55-8510-01,TCGA-44-3396-11,0.0017221982945746354,0.2599275904945004,150.92779461769226,150.92779461769226
TN,TCGA-LUAD,TCGA-TQ-A7RR-01,TCGA-KN-8437-11,0.0014008088088657477,0.15560472057625294,111.08205458976803,111.08205458976803
TN,TCGA-LUAD,TCGA-49-4487-01,TCGA-KN-8434-11,0.0029906520825380783,0.3943740571291697,131.8689189664871,131.8689189664871
TN,TCGA-LUAD,TCGA-64-1679-01,TCGA-44-2668-11,0.001505668487166619,0.35153539596760275,233.47463200822202,233.47463200822202
TN,TCGA-LUAD,TCGA-78-7155-01,TCGA-55-6986-11,0.0034930313946863194,0.4118537889537977,117.90726804812556,117.90726804812556
TN,TCGA-LUAD,TCGA-55-8511-01,TCGA-44-3396-11,0.0020466947429200696,0.3524248294688391,172.192179946691,172.192179946691
TN,TCGA-LUAD,TCGA-55-7913-01,TCGA-44-3398-11,0.002083590523760575,0.3173519308280403,152.31012389865677,152.31012389865677
TN,TCGA-LUAD,TCGA-05-4405-01,TCGA-38-4625-11,0.00246740239924996,0.23423653191044286,94.93244068403516,94.93244068403516
TN,TCGA-LUAD,TCGA-TQ-A7RI-01,TCGA-50-5939-11,0.0020447503165567076,0.2662865863174395,130.2293899461805,130.2293899461805
TN,TCGA-LUAD,TCGA-44-4112-01,TCGA-55-6978-11,0.0030436013278207982,0.32524624980877975,106.86230382270672,106.86230382270672
TN,TCGA-LUAD,TCGA-55-7283-01,TCGA-KN-8426-11,0.0020027863969243106,0.3922126073667209,195.83346879579562,195.83346879579562
TN,TCGA-LUAD,TCGA-44-7660-01,TCGA-55-6972-11,0.0029437088791283723,0.35736660029046485,121.40011630371566,121.40011630371566
TN,TCGA-LUAD,TCGA-44-3918-01,TCGA-55-6969-11,0.003732942852143211,0.3481109125007921,93.25374812553845,93.25374812553845
TN,TCGA-LUAD,TCGA-55-1594-01,TCGA-KN-8431-11,0.0024556848850990315,0.3394652683758318,138.236493792705,138.236493792705
TN,TCGA-LUAD,TCGA-78-7159-01,TCGA-91-6847-11,0.0018590983591426592,0.3955706112177788,212.7755152235194,212.7755152235194
TN,TCGA-LUAD,TCGA-TQ-A7RS-01,TCGA-55-6969-11,0.0020544626839302167,0.23254846331985785,113.19186526911713,113.19186526911713
TN,TCGA-LUAD,TCGA-44-6777-01,TCGA-44-3396-11,0.001027647083209422,0.30089549399390675,292.8004165147695,292.8004165147695
TN,TCGA-LUAD,TCGA-73-4676-01,TCGA-44-2665-11,0.0027274877291246715,0.30933633663499593,113.41438252199609,113.41438252199609
TN,TCGA-LUAD,TCGA-49-4487-01,TCGA-38-4625-11,0.0025109412445246198,0.34092010185423094,135.77382688569247,135.77382688569247
TN,TCGA-LUAD,TCGA-KN-8426-01,TCGA-55-6981-11,0.0043626997078834925,0.14882607757256566,34.11329853935024,34.11329853935024
TN,TCGA-LUAD,TCGA-91-6848-01,TCGA-55-6981-11,0.0021975619282674566,0.4090688813719393,186.1466910716125,186.1466910716125
TN,TCGA-LUAD,TCGA-05-4244-01,TCGA-KN-8437-11,0.0020404053672644406,0.405323895538557,198.64871071279939,198.64871071279939
TN,TCGA-LUAD,TCGA-86-6851-01,TCGA-44-3398-11,0.0012905767688659074,0.286696361991322,222.14591871451088,222.14591871451088
TN,TCGA-LUAD,TCGA-TQ-A7RP-01,TCGA-KN-8429-11,0.0028921835222935877,0.40346346112421205,139.5013345502548,139.5013345502548
TN,TCGA-LUAD,TCGA-55-A492-01,TCGA-44-6777-11,0.004425437137745434,0.2966098518685088,67.0238538332551,67.0238538332551
TN,TCGA-LUAD,TCGA-44-7661-01,TCGA-55-6978-11,0.0011782415088074764,0.3336943098328262,283.2138465148503,283.2138465148503
TN,TCGA-LUAD,TCGA-44-A47B-01,TCGA-50-5932-11,0.0016632350565839375,0.3695031250507014,222.1592934732938,222.1592934732938
TN,TCGA-LUAD,TCGA-78-7148-01,TCGA-44-6144-11,0.0013561401442785163,0.33065850439637867,243.82325513436754,243.82325513436754
TN,TCGA-LUAD,TCGA-J2-A4AD-01,TCGA-91-6828-11,0.0019279009353529455,0.33618852650063,174.380602413621,174.380602413621
TN,TCGA-LUAD,TCGA-91-A4BC-01,TCGA-91-6829-11,0.001940650743710518,0.36558680759476114,188.38361759816726,188.38361759816726
TN,TCGA-LUAD,TCGA-05-4390-01,TCGA-55-6975-11,0.0024279539766779907,0.4162328584276359,171.43358664365618,171.43358664365618
TN,TCGA-LUAD,TCGA-50-5936-01,TCGA-38-4626-11,0.002140451287081132,0.33904757953983666,158.4000446943997,158.4000446943997
TN,TCGA-LUAD,TCGA-50-5055-01,TCGA-44-6147-11,0.0032625233290422308,0.31974117850022077,98.00425813172231,98.00425813172231
TN,TCGA-LUAD,TCGA-N6-A4VC-01,TCGA-38-4627-11,0.003539176050946066,0.3214934704177336,90.83850754804762,90.83850754804762
TN,TCGA-LUAD,TCGA-N6-A4VF-01,TCGA-49-6761-11,0.0018011525363806318,0.4067514785431146,225.8284461350902,225.8284461350902
TN,TCGA-LUAD,TCGA-KN-8435-01,TCGA-50-5935-11,0.002560433118454085,0.14183313746897475,55.394197351504914,55.394197351504914
TN,TCGA-LUAD,TCGA-55-8089-01,TCGA-44-2661-11,0.001327602286789863,0.3448545393312349,259.7574158787356,259.7574158787356
TN,TCGA-LUAD,TCGA-86-8076-01,TCGA-50-6595-11,0.0013065257088444157,0.30521585227203946,233.6087611639836,233.6087611639836
TN,TCGA-LUAD,TCGA-50-5066-01,TCGA-KN-8436-11,0.010344158947652305,0.45965557541003754,44.43624442897412,44.43624442897412
TN,TCGA-LUAD,TCGA-91-6828-01,TCGA-50-6595-11,0.0012741459317899856,0.28259709047849846,221.79334676483373,221.79334676483373
TN,TCGA-LUAD,TCGA-78-7167-01,TCGA-49-4512-11,0.004895818219844068,0.32783843945321645,66.96295179514613,66.96295179514613
TN,TCGA-LUAD,TCGA-55-1596-01,TCGA-91-6836-11,0.0029582785677387687,0.4155019981997674,140.45397980128908,140.45397980128908
TN,TCGA-LUAD,TCGA-55-8510-01,TCGA-55-6972-11,0.00147947759705674,0.2154570531165798,145.63049386162265,145.63049386162265
TN,TCGA-LUAD,TCGA-38-4629-01,TCGA-44-6148-11,0.003868800277283046,0.3204012332639947,82.81669000732286,82.81669000732286
TN,TCGA-LUAD,TCGA-44-4112-01,TCGA-49-6761-11,0.0031362734493966555,0.3753592523730207,119.68320314838328,119.68320314838328
TN,TCGA-LUAD,TCGA-L4-A4E6-01,TCGA-55-6985-11,0.0005446710947476977,0.190846573368262,350.38865695023867,350.38865695023867
TN,TCGA-LUAD,TCGA-78-7535-01,TCGA-91-6849-11,0.0050534568990419915,0.3105994049966276,61.46275929562384,61.46275929562384
TN,TCGA-LUAD,TCGA-44-6776-01,TCGA-91-6829-11,0.0013841394382361903,0.2772980394182162,200.33967081494131,200.33967081494131
TN,TCGA-LUAD,TCGA-55-7914-01,TCGA-44-6778-11,0.0017248471923423433,0.35607095676354555,206.43623292797378,206.43623292797378
TN,TCGA-LUAD,TCGA-44-A479-01,TCGA-44-6148-11,0.0017925015170606573,0.35601629319322176,198.6142214133336,198.6142214133336
TN,TCGA-LUAD,TCGA-NJ-A55O-01,TCGA-55-6981-11,0.0012142014901087524,0.3066951774414935,252.59001898772476,252.59001898772476
TN,TCGA-LUAD,TCGA-KN-8432-01,TCGA-55-6983-11,0.002756994703534273,0.21551522695025147,78.17034493173894,78.17034493173894
TN,TCGA-LUAD,TCGA-50-5932-01,TCGA-KN-8437-11,0.0019573614613250453,0.40213867867731035,205.44936978838882,205.44936978838882
TN,TCGA-LUAD,TCGA-86-8076-01,TCGA-55-6983-11,0.0009929198975176662,0.27053294634745195,272.46200526728654,272.46200526728654
TN,TCGA-LUAD,TCGA-64-1678-01,TCGA-91-6828-11,0.012348587592843241,0.21564783092501624,17.463360024266848,17.463360024266848
TN,TCGA-LUAD,TCGA-55-8206-01,TCGA-KN-8426-11,0.0013956831334771568,0.33562962448973804,240.47695099213672,240.47695099213672
TN,TCGA-LUAD,TCGA-93-A4JO-01,TCGA-55-6972-11,0.0019045185655250391,0.25469578956613076,133.7323742475128,133.7323742475128
TN,TCGA-LUAD,TCGA-55-8511-01,TCGA-KN-8422-11,0.0024538914690062294,0.3881958899231537,158.1960306012899,158.1960306012899
TN,TCGA-LUAD,TCGA-78-7161-01,TCGA-55-6985-11,0.0016492640495299506,0.28547922341609644,173.0949167887699,173.0949167887699
TN,TCGA-LUAD,TCGA-50-5944-01,TCGA-50-6595-11,0.0012839830837614674,0.2893529215770435,225.35571164175727,225.35571164175727
TN,TCGA-LUAD,TCGA-NJ-A7XG-01,TCGA-KN-8429-11,0.0029130501835378333,0.43516241849061055,149.38376995693073,149.38376995693073
TN,TCGA-LUAD,TCGA-MP-A4SV-01,TCGA-KN-8427-11,0.0016831181407555998,0.24306320623544936,144.41244518125825,144.41244518125825
TN,TCGA-LUAD,TCGA-93-A4JN-01,TCGA-55-6985-11,0.0014785052545068242,0.2520449875894093,170.47283857877284,170.47283857877284
TN,TCGA-LUAD,TCGA-N1-A6IA-01,TCGA-44-6146-11,0.0028595910243616814,0.33632380987978766,117.61255613636636,117.61255613636636
TN,TCGA-LUAD,TCGA-75-7030-01,TCGA-KN-8433-11,0.0012198690041367016,0.14790891040515974,121.24983084543125,121.24983084543125
TN,TCGA-LUAD,TCGA-50-5055-01,TCGA-38-4632-11,0.0011745372803164359,0.2712239669917088,230.9198452335523,230.9198452335523
TN,TCGA-LUAD,TCGA-75-5126-01,TCGA-44-2657-11,0.001241212719753491,0.260629072182642,209.9793758433315,209.9793758433315
TN,TCGA-LUAD,TCGA-55-6712-01,TCGA-50-5930-11,0.0015312145290758165,0.35528191130700076,232.0262148514458,232.0262148514458
TN,TCGA-LUAD,TCGA-44-A47B-01,TCGA-50-5936-11,0.0016046316203654895,0.37376902094925646,232.93135708251998,232.93135708251998
TN,TCGA-LUAD,TCGA-75-5147-01,TCGA-38-4625-11,0.0021244948313038532,0.2864782742958347,134.84536185951376,134.84536185951376
TN,TCGA-LUAD,TCGA-05-4422-01,TCGA-44-3398-11,0.0016935830422333347,0.3476830686215113,205.29437290717098,205.29437290717098
TN,TCGA-LUAD,TCGA-44-A47A-01,TCGA-KN-8425-11,0.002725042849212729,0.3370225001898891,123.67603697947564,123.67603697947564
TN,TCGA-LUAD,TCGA-86-8075-01,TCGA-55-6971-11,0.001466739073533703,0.26390708936229096,179.9277691065253,179.9277691065253
TN,TCGA-LUAD,TCGA-KN-8433-01,TCGA-49-6743-11,0.00788022700855408,0.17905747769058977,22.72237557321899,22.72237557321899
TN,TCGA-LUAD,TCGA-73-7498-01,TCGA-38-4627-11,0.003132244061318354,0.15479844043325736,49.42093828030216,49.42093828030216
TN,TCGA-LUAD,TCGA-93-A4JO-01,TCGA-50-6595-11,0.0024049765574913973,0.2390688661146988,99.40590288500304,99.40590288500304
TN,TCGA-LUAD,TCGA-49-AARE-01,TCGA-KN-8430-11,0.003523026372812225,0.37974190468609526,107.7885500990359,107.7885500990359
TN,TCGA-LUAD,TCGA-86-8668-01,TCGA-KN-8423-11,0.0017867161118164318,0.23117818110435556,129.38719227719537,129.38719227719537
TN,TCGA-LUAD,TCGA-55-8206-01,TCGA-44-2655-11,0.0009762172158280793,0.24543548656733913,251.41483123625076,251.41483123625076
TN,TCGA-LUAD,TCGA-05-4395-01,TCGA-91-6831-11,0.0048248045701490255,0.36884634222156826,76.44793418237364,76.44793418237364
TN,TCGA-LUAD,TCGA-55-8510-01,TCGA-KN-8435-11,0.0019146029247158005,0.3130040127338226,163.48246871099096,163.48246871099096
TN,TCGA-LUAD,TCGA-38-4632-01,TCGA-KN-8432-11,0.0030042565196680684,0.3707644243440885,123.4130381066971,123.4130381066971
TN,TCGA-LUAD,TCGA-38-4631-01,TCGA-55-6986-11,0.0058117916689458225,0.31937118437742484,54.95227677962419,54.95227677962419
TN,TCGA-LUAD,TCGA-05-4433-01,TCGA-44-6777-11,0.001209761765907738,0.27612136422838884,228.24441308177956,228.24441308177956
TN,TCGA-LUAD,TCGA-97-8177-01,TCGA-55-6983-11,0.0021582107643487378,0.2639845585670485,122.31639417603802,122.31639417603802
TN,TCGA-LUAD,TCGA-49-AAQV-01,TCGA-55-6984-11,0.002820830964228585,0.35037515018073756,124.20990645093651,124.20990645093651
TN,TCGA-LUAD,TCGA-44-3918-01,TCGA-55-6971-11,0.003443538060201934,0.3197747533638351,92.86226775291777,92.86226775291777
TN,TCGA-LUAD,TCGA-MP-A4TE-01,TCGA-91-6836-11,0.0027534526092578924,0.39405070630493877,143.11149027225963,143.11149027225963
TN,TCGA-LUAD,TCGA-KN-8437-01,TCGA-44-6777-11,0.0018718709625057256,0.12910622252119217,68.97175345268879,68.97175345268879
TN,TCGA-LUAD,TCGA-97-7941-01,TCGA-91-6835-11,0.0005842504161780672,0.22395211566090983,383.31528649293074,383.31528649293074
TN,TCGA-LUAD,TCGA-86-6562-01,TCGA-55-6980-11,0.00162231949978581,0.3004266189439333,185.1833864929798,185.1833864929798
TN,TCGA-LUAD,TCGA-O1-A52J-01,TCGA-50-5933-11,0.002785923462643632,0.3501710908155024,125.69300467544659,125.69300467544659
TN,TCGA-LUAD,TCGA-86-8073-01,TCGA-55-6982-11,0.001346087181689078,0.2508032724664008,186.32022938639932,186.32022938639932
TN,TCGA-LUAD,TCGA-78-7220-01,TCGA-50-5931-11,0.002381745291786304,0.3524850380459989,147.99443049665308,147.99443049665308
TN,TCGA-LUAD,TCGA-55-7913-01,TCGA-55-6982-11,0.0022288046807219524,0.35509684494815824,159.32165255195696,159.32165255195696
TN,TCGA-LUAD,TCGA-49-6743-01,TCGA-49-4512-11,0.005620539736031992,0.2528161559119474,44.98076124098918,44.98076124098918
TN,TCGA-LUAD,TCGA-55-1596-01,TCGA-KN-8433-11,0.0030619302455062378,0.40278314053043807,131.54549850427594,131.54549850427594
TN,TCGA-LUAD,TCGA-55-6979-01,TCGA-91-6847-11,0.0016838581186866752,0.37479124014758625,222.5788716925299,222.5788716925299
TN,TCGA-LUAD,TCGA-44-5643-01,TCGA-KN-8425-11,0.003371501927110563,0.45178179029938903,134.00015781292288,134.00015781292288
TN,TCGA-LUAD,TCGA-55-8094-01,TCGA-KN-8428-11,0.0036350669806266118,0.414307815132003,113.9752905077377,113.9752905077377
TN,TCGA-LUAD,TCGA-55-A494-01,TCGA-44-2657-11,0.0022887263644233414,0.3224513831045053,140.88682164752748,140.88682164752748
TN,TCGA-LUAD,TCGA-49-AAR2-01,TCGA-44-3398-11,0.006974237247497754,0.3127721677637624,44.84679208123871,44.84679208123871
TN,TCGA-LUAD,TCGA-78-8648-01,TCGA-55-6975-11,0.0011950225750815995,0.28224569989507703,236.18440837889986,236.18440837889986
TN,TCGA-LUAD,TCGA-55-7913-01,TCGA-55-6971-11,0.002214857821240676,0.40860421522176527,184.48327080104912,184.48327080104912
TN,TCGA-LUAD,TCGA-78-7147-01,TCGA-55-6985-11,0.0020653098062974103,0.2790681237925514,135.12167663254917,135.12167663254917
TN,TCGA-LUAD,TCGA-44-3918-01,TCGA-50-5939-11,0.0035679595316818217,0.3107716270076821,87.10065914374157,87.10065914374157
TN,TCGA-LUAD,TCGA-55-A4DG-01,TCGA-50-6595-11,0.0018487297606217816,0.34294995407020823,185.5057247279149,185.5057247279149
TN,TCGA-LUAD,TCGA-55-8615-01,TCGA-38-4626-11,0.0024817780832461127,0.3705047517164311,149.29004096603947,149.29004096603947
TN,TCGA-LUAD,TCGA-KN-8427-01,TCGA-55-6971-11,0.0026138712569914284,0.24350877182979586,93.16020105369496,93.16020105369496
TN,TCGA-LUAD,TCGA-67-3774-01,TCGA-55-6983-11,0.0010667637702398548,0.19994589872516616,187.43221723794542,187.43221723794542
TN,TCGA-LUAD,TCGA-49-AARN-01,TCGA-KN-8429-11,0.002574205612185306,0.1912026551954717,74.27637259836253,74.27637259836253
TN,TCGA-LUAD,TCGA-44-6778-01,TCGA-49-6761-11,0.0015246184550673646,0.2158151186834198,141.55352636990355,141.55352636990355
TN,TCGA-LUAD,TCGA-50-5044-01,TCGA-KN-8429-11,0.0037994332054221897,0.4266148421884133,112.28381159052596,112.28381159052596
TN,TCGA-LUAD,TCGA-44-7659-01,TCGA-50-5933-11,0.001860569698335258,0.31421718296432977,168.88224249028409,168.88224249028409
TN,TCGA-LUAD,TCGA-KN-8435-01,TCGA-44-6776-11,0.002783311400408507,0.17439523782880295,62.65746542165815,62.65746542165815
TN,TCGA-LUAD,TCGA-38-4625-01,TCGA-50-5931-11,0.008275557806557294,0.4112377216933773,49.69305167169823,49.69305167169823
TN,TCGA-LUAD,TCGA-55-8097-01,TCGA-55-6983-11,0.0010276635760945252,0.28287686477060214,275.2621298943293,275.2621298943293
TN,TCGA-LUAD,TCGA-TQ-A7RW-01,TCGA-44-6145-11,0.0019237745681158856,0.21394237271715494,111.20968967101312,111.20968967101312
TN,TCGA-LUAD,TCGA-55-1592-01,TCGA-55-6982-11,0.0013358612802361496,0.2909792825631377,217.82148106852776,217.82148106852776
TN,TCGA-LUAD,TCGA-91-6847-01,TCGA-44-6776-11,0.002467706357549203,0.3470869466765859,140.6516401818953,140.6516401818953
TN,TCGA-LUAD,TCGA-55-6975-01,TCGA-KN-8426-11,0.0020171800919667523,0.40351661145064543,200.03995332772513,200.03995332772513
TN,TCGA-LUAD,TCGA-38-4632-01,TCGA-55-6985-11,0.0043028184272967005,0.32172907690348274,74.77170657782393,74.77170657782393
TN,TCGA-LUAD,TCGA-55-6972-01,TCGA-50-5932-11,0.004348158351123783,0.13440733810175104,30.911325496462982,30.911325496462982
TN,TCGA-LUAD,TCGA-67-6217-01,TCGA-91-6847-11,0.0012852639194328925,0.2642097519913738,205.56848130300992,205.56848130300992
TN,TCGA-LUAD,TCGA-97-A4M6-01,TCGA-44-5645-11,0.0013741092428151895,0.22343490582852338,162.60345165189622,162.60345165189622
TN,TCGA-LUAD,TCGA-91-6848-01,TCGA-44-2668-11,0.002032853880976168,0.37331649511038617,183.64157827768767,183.64157827768767
TN,TCGA-LUAD,TCGA-NJ-A4YG-01,TCGA-91-6828-11,0.0022833580833760084,0.3301509004123375,144.59006794247543,144.59006794247543
TN,TCGA-LUAD,TCGA-55-6979-01,TCGA-55-6979-11,0.0013411757379111452,0.29392265402182693,219.1529757909323,219.1529757909323
TN,TCGA-LUAD,TCGA-86-8668-01,TCGA-44-2665-11,0.0015033176400517417,0.27006941960580777,179.64893939281683,179.64893939281683
TN,TCGA-LUAD,TCGA-05-4410-01,TCGA-55-6975-11,0.001567861520104825,0.34390075826502753,219.34383480630026,219.34383480630026
TN,TCGA-LUAD,TCGA-86-8672-01,TCGA-KN-8429-11,0.003045832464905188,0.4181830877191478,137.29681213184034,137.29681213184034
TN,TCGA-LUAD,TCGA-78-7162-01,TCGA-55-6979-11,0.0008001027625833464,0.2728159824403765,340.97617855926023,340.97617855926023
TN,TCGA-LUAD,TCGA-MT-A67F-01,TCGA-38-4625-11,0.003031629638805847,0.399197774386855,131.677619613225,131.677619613225
TN,TCGA-LUAD,TCGA-38-6178-01,TCGA-44-6148-11,0.001689176006289084,0.3133095072759682,185.4806758499201,185.4806758499201
TN,TCGA-LUAD,TCGA-35-3615-01,TCGA-KN-8431-11,0.0028594035089411383,0.4662979113621459,163.07523926023998,163.07523926023998
TN,TCGA-LUAD,TCGA-TQ-A7RI-01,TCGA-44-6778-11,0.0021534472615967427,0.3118230174382704,144.80178966958272,144.80178966958272
TN,TCGA-LUAD,TCGA-05-5428-01,TCGA-50-5932-11,0.010276536271109006,0.20513380586710556,19.96137613446756,19.96137613446756
TN,TCGA-LUAD,TCGA-NJ-A4YQ-01,TCGA-KN-8428-11,0.0022153421525576223,0.40300051784526336,181.91344275194578,181.91344275194578
TN,TCGA-LUAD,TCGA-55-7573-01,TCGA-55-6975-11,0.000890912397992607,0.194725790157596,218.5689531275463,218.5689531275463
TN,TCGA-LUAD,TCGA-97-7547-01,TCGA-50-5936-11,0.0014573507122456553,0.3713141254034257,254.7870751243273,254.7870751243273
TN,TCGA-LUAD,TCGA-86-8359-01,TCGA-KN-8432-11,0.005331088550005804,0.34877953011536006,65.42369852681969,65.42369852681969
TN,TCGA-LUAD,TCGA-55-1594-01,TCGA-38-4626-11,0.002783102139631831,0.3083877650672019,110.80720347115887,110.80720347115887
TN,TCGA-LUAD,TCGA-73-4666-01,TCGA-91-6831-11,0.002974089808154726,0.38142678915186845,128.24992308773778,128.24992308773778
TN,TCGA-LUAD,TCGA-75-6212-01,TCGA-55-6972-11,0.001990587352145799,0.2948342459420844,148.11419635730184,148.11419635730184
TN,TCGA-LUAD,TCGA-05-4382-01,TCGA-55-6971-11,0.0014602529777513226,0.3881401517248761,265.8033625944609,265.8033625944609
TN,TCGA-LUAD,TCGA-TQ-A7RP-01,TCGA-91-6849-11,0.0019578215263833386,0.24220708509146782,123.71254571855393,123.71254571855393
TN,TCGA-LUAD,TCGA-KN-8419-01,TCGA-KN-8427-11,0.0026259587653039334,0.1732162740489928,65.963059411919,65.963059411919
TN,TCGA-LUAD,TCGA-97-A4M1-01,TCGA-44-6148-11,0.001856856769085681,0.23925541928806207,128.84969011684825,128.84969011684825
TN,TCGA-LUAD,TCGA-73-4676-01,TCGA-91-6831-11,0.0032933230913669317,0.280010356610506,85.023652050575,85.023652050575
TN,TCGA-LUAD,TCGA-44-6775-01,TCGA-KN-8435-11,0.00211476929740518,0.35072837743367646,165.847110540152,165.847110540152
TN,TCGA-LUAD,TCGA-44-6775-01,TCGA-91-6828-11,0.0016133471221832787,0.3200739708525017,198.39126152799548,198.39126152799548
TN,TCGA-LUAD,TCGA-05-4389-01,TCGA-55-6982-11,0.002567014163701185,0.3425108509400365,133.4277215074637,133.4277215074637
TN,TCGA-LUAD,TCGA-86-8669-01,TCGA-KN-8436-11,0.0019275619910123047,0.3872011584799825,200.87611204485032,200.87611204485032
TN,TCGA-LUAD,TCGA-97-A4M7-01,TCGA-KN-8424-11,0.0022328188917948924,0.0987448199467934,44.22428541323187,44.22428541323187
TN,TCGA-LUAD,TCGA-78-8640-01,TCGA-KN-8425-11,0.0030490166219803703,0.4028354933818506,132.11980888454602,132.11980888454602
TN,TCGA-LUAD,TCGA-J2-A4AG-01,TCGA-91-6831-11,0.0020532168700581246,0.22690231533316474,110.5106424177887,110.5106424177887
TN,TCGA-LUAD,TCGA-05-4402-01,TCGA-50-5935-11,0.0014115612775068382,0.3227385971869696,228.63945216533904,228.63945216533904
TN,TCGA-LUAD,TCGA-05-4415-01,TCGA-44-6145-11,0.0028775034303812064,0.38627522596341574,134.23970998089922,134.23970998089922
TN,TCGA-LUAD,TCGA-78-7146-01,TCGA-91-6828-11,0.002300651341533352,0.3971777350814123,172.63708233890796,172.63708233890796
TN,TCGA-LUAD,TCGA-55-6712-01,TCGA-91-6835-11,0.0014507058855187343,0.2781177174845727,191.71199363069042,191.71199363069042
TN,TCGA-LUAD,TCGA-91-8496-01,TCGA-91-6849-11,0.004112389120354325,0.13662390776513672,33.222514642137064,33.222514642137064
TN,TCGA-LUAD,TCGA-50-5055-01,TCGA-44-2665-11,0.001951983541248883,0.30282433781357143,155.13672703399118,155.13672703399118
TN,TCGA-LUAD,TCGA-MP-A4TA-01,TCGA-KN-8424-11,0.0024985028068684736,0.3162522282292568,126.57669519516573,126.57669519516573
TN,TCGA-LUAD,TCGA-55-7914-01,TCGA-KN-8437-11,0.0019083879071118272,0.38856817657194764,203.61068896103544,203.61068896103544
TN,TCGA-LUAD,TCGA-44-2662-01,TCGA-55-6983-11,0.002232012703850681,0.3198810436822156,143.31506408111161,143.31506408111161
TN,TCGA-LUAD,TCGA-TQ-A7RJ-01,TCGA-50-5933-11,0.0025987892594763803,0.17014654485315486,65.47146685046599,65.47146685046599
TN,TCGA-LUAD,TCGA-78-7152-01,TCGA-KN-8422-11,0.002101167257962422,0.4349693629815935,207.01320246318662,207.01320246318662
TN,TCGA-LUAD,TCGA-KN-8430-01,TCGA-50-5939-11,0.003269661959731888,0.21254711149613137,65.00583672373281,65.00583672373281
TN,TCGA-LUAD,TCGA-NJ-A7XG-01,TCGA-44-6777-11,0.002016396712241071,0.33559174351384474,166.431407806086,166.431407806086
TN,TCGA-LUAD,TCGA-97-7554-01,TCGA-KN-8422-11,0.0017825276714266548,0.4072769077404196,228.48279679970045,228.48279679970045
TN,TCGA-LUAD,TCGA-55-6642-01,TCGA-44-5645-11,0.0019419396661135024,0.36099823600524655,185.89570124376198,185.89570124376198
TN,TCGA-LUAD,TCGA-55-6983-01,TCGA-44-2661-11,0.0011839301955568066,0.2855259665728228,241.16790638871993,241.16790638871993
TN,TCGA-LUAD,TCGA-50-5930-01,TCGA-44-2657-11,0.0015631294999249694,0.32286348907308177,206.549418387011,206.549418387011
TN,TCGA-LUAD,TCGA-97-8175-01,TCGA-44-6148-11,0.002066329071502843,0.3514035521715193,170.06175687009193,170.06175687009193
TN,TCGA-LUAD,TCGA-91-A4BD-01,TCGA-44-6778-11,0.004175223338842472,0.2583561486969775,61.87840211886808,61.87840211886808
TN,TCGA-LUAD,TCGA-J2-A4AD-01,TCGA-50-5936-11,0.002070326042083367,0.34270104066543955,165.5299859536036,165.5299859536036
TN,TCGA-LUAD,TCGA-86-8671-01,TCGA-44-2655-11,0.0008629070908413982,0.17589350035759244,203.83828366282546,203.83828366282546
TN,TCGA-LUAD,TCGA-86-A4D0-01,TCGA-91-6831-11,0.0035229010115762323,0.4280838288743582,121.51457774932568,121.51457774932568
TN,TCGA-LUAD,TCGA-49-4486-01,TCGA-91-6828-11,0.005193237402080721,0.0931496474844325,17.936720444767495,17.936720444767495
TN,TCGA-LUAD,TCGA-75-6206-01,TCGA-KN-8429-11,0.0027937820872412696,0.36827246394531565,131.81860733775684,131.81860733775684
TN,TCGA-LUAD,TCGA-55-6968-01,TCGA-KN-8425-11,0.0023858033868299398,0.3679175529368913,154.2111789126723,154.2111789126723
TN,TCGA-LUAD,TCGA-73-4662-01,TCGA-KN-8428-11,0.0015521033448609462,0.37842867592270946,243.816674434532,243.816674434532
TN,TCGA-LUAD,TCGA-J2-8194-01,TCGA-KN-8429-11,0.0027387184849570864,0.3549238028694315,129.5948469398792,129.5948469398792
TN,TCGA-LUAD,TCGA-50-5049-01,TCGA-49-6742-11,0.0014209527396172657,0.3188457855506849,224.38873346102005,224.38873346102005
TN,TCGA-LUAD,TCGA-64-1680-01,TCGA-91-6847-11,0.0029243175991974708,0.2958392012454593,101.16520904796639,101.16520904796639
TN,TCGA-LUAD,TCGA-55-6981-01,TCGA-KN-8424-11,0.0025200134449861952,0.2351119417407412,93.29789180629913,93.29789180629913
TN,TCGA-LUAD,TCGA-55-7907-01,TCGA-55-6971-11,0.0018427423667114172,0.38037018067207584,206.41527950045975,206.41527950045975
TN,TCGA-LUAD,TCGA-05-4422-01,TCGA-KN-8424-11,0.0020495052445074747,0.38329337628754756,187.0175142585002,187.0175142585002
TN,TCGA-LUAD,TCGA-49-4505-01,TCGA-91-6847-11,0.0023991569042907564,0.35011602056585556,145.9329400005864,145.9329400005864
TN,TCGA-LUAD,TCGA-50-6592-01,TCGA-91-6829-11,0.00213996364661788,0.3805982893974981,177.8526892262947,177.8526892262947
TN,TCGA-LUAD,TCGA-49-AAR2-01,TCGA-44-2657-11,0.005563304142364796,0.2913716810964672,52.373854393050266,52.373854393050266
TN,TCGA-LUAD,TCGA-49-4512-01,TCGA-50-6595-11,0.003726279232313231,0.35172750708220357,94.39107623286063,94.39107623286063
TN,TCGA-LUAD,TCGA-97-8175-01,TCGA-55-6982-11,0.0019968902452598856,0.32783250600278857,164.17151958200023,164.17151958200023
TN,TCGA-LUAD,TCGA-55-1596-01,TCGA-91-6831-11,0.0038518569945120724,0.4365548423645603,113.33620198946669,113.33620198946669
TN,TCGA-LUAD,TCGA-N6-A4VD-01,TCGA-50-5931-11,0.0021703452282354303,0.40961319755544057,188.731816591442,188.731816591442
TN,TCGA-LUAD,TCGA-N6-A4VG-01,TCGA-44-6778-11,0.0031603832917848655,0.3729780888124652,118.0167259401695,118.0167259401695
TN,TCGA-LUAD,TCGA-J2-8192-01,TCGA-KN-8437-11,0.0011506914180671075,0.28344121547766327,246.32252489879366,246.32252489879366
TN,TCGA-LUAD,TCGA-44-8119-01,TCGA-49-6761-11,0.001796562377871727,0.40563432996821513,225.78360482464532,225.78360482464532
TN,TCGA-LUAD,TCGA-KN-8431-01,TCGA-49-4512-11,0.007260262374309075,0.21008490301285504,28.936268716163006,28.936268716163006
TN,TCGA-LUAD,TCGA-N1-A6IA-01,TCGA-KN-8422-11,0.002740232756076293,0.3887250181330171,141.85839406198028,141.85839406198028
TN,TCGA-LUAD,TCGA-44-7667-01,TCGA-55-6978-11,0.0029610244814604154,0.383998291752445,129.68426777851295,129.68426777851295
TN,TCGA-LUAD,TCGA-49-AAQV-01,TCGA-91-6835-11,0.002508611962603548,0.3274976134103559,130.54933098160961,130.54933098160961
TN,TCGA-LUAD,TCGA-55-7728-01,TCGA-50-5939-11,0.0033240674889244027,0.4025752834117476,121.10923883257628,121.10923883257628
TN,TCGA-LUAD,TCGA-55-6979-01,TCGA-50-5936-11,0.0020261360123165458,0.327352993933431,161.56516242912926,161.56516242912926
TN,TCGA-LUAD,TCGA-44-7672-01,TCGA-KN-8433-11,0.0021490806134711266,0.30932832686545925,143.93519020482066,143.93519020482066
TN,TCGA-LUAD,TCGA-55-6986-01,TCGA-50-5932-11,0.001794001722125896,0.3099810117901861,172.78746612509264,172.78746612509264
TN,TCGA-LUAD,TCGA-44-8119-01,TCGA-49-6744-11,0.001799081430498603,0.3880246670689981,215.679324176816,215.679324176816
TN,TCGA-LUAD,TCGA-86-8669-01,TCGA-44-6144-11,0.0015304341147764945,0.3664817405760508,239.4626054383086,239.4626054383086
TN,TCGA-LUAD,TCGA-44-A47G-01,TCGA-44-2668-11,0.0012214851763317032,0.2532684631660046,207.34468831345663,207.34468831345663
TN,TCGA-LUAD,TCGA-86-8281-01,TCGA-55-6969-11,0.0012669511348375223,0.3364450991242571,265.55491358189107,265.55491358189107
TN,TCGA-LUAD,TCGA-05-4420-01,TCGA-55-6968-11,0.002463580283647498,0.38461283062416995,156.1194628716238,156.1194628716238
TN,TCGA-LUAD,TCGA-86-8278-01,TCGA-55-6970-11,0.0014032437707207632,0.3663888752817241,261.10137306615786,261.10137306615786
TN,TCGA-LUAD,TCGA-50-5049-01,TCGA-55-6969-11,0.0022134695812988897,0.304013378650104,137.34698738064674,137.34698738064674
TN,TCGA-LUAD,TCGA-49-4486-01,TCGA-KN-8427-11,0.004350136806056119,0.4333318562871531,99.61338587878032,99.61338587878032
TN,TCGA-LUAD,TCGA-TQ-A7RJ-01,TCGA-91-6829-11,0.002298187156422542,0.3525072231465148,153.38490695215737,153.38490695215737
TN,TCGA-LUAD,TCGA-TQ-A7RS-01,TCGA-91-6849-11,0.002134965497738024,0.23929478493968245,112.0836777892725,112.0836777892725
TN,TCGA-LUAD,TCGA-05-4434-01,TCGA-KN-8428-11,0.0014536586024670567,0.19230628143857498,132.2912278799197,132.2912278799197
TN,TCGA-LUAD,TCGA-50-8460-01,TCGA-44-6148-11,0.002442442286440096,0.2950429770330878,120.79834134509613,120.79834134509613
TN,TCGA-LUAD,TCGA-91-6840-01,TCGA-50-5939-11,0.0022631803922638473,0.3507393174529211,154.9762973609357,154.9762973609357
TN,TCGA-LUAD,TCGA-35-4123-01,TCGA-55-6984-11,0.0038934688480319617,0.3944305935764194,101.30570166903811,101.30570166903811
TN,TCGA-LUAD,TCGA-05-4389-01,TCGA-KN-8427-11,0.002086197604763614,0.39150292570548906,187.66339526588138,187.66339526588138
TN,TCGA-LUAD,TCGA-44-7667-01,TCGA-49-4512-11,0.005496137185548294,0.41118005934802626,74.81255388406157,74.81255388406157
TN,TCGA-LUAD,TCGA-MP-A4SW-01,TCGA-KN-8433-11,0.0024354979634931334,0.22834156382284893,93.75559628690804,93.75559628690804
TN,TCGA-LUAD,TCGA-64-1681-01,TCGA-49-6761-11,0.0014079280296122587,0.2546280603399298,180.85303721814103,180.85303721814103
TN,TCGA-LUAD,TCGA-78-7156-01,TCGA-KN-8422-11,0.0019860170510144328,0.4379052327802644,220.49419593683137,220.49419593683137
TN,TCGA-LUAD,TCGA-91-A4BD-01,TCGA-91-6829-11,0.0024752893491710804,0.2395809616227419,96.78907304431793,96.78907304431793
TN,TCGA-LUAD,TCGA-TQ-A8XE-01,TCGA-KN-8436-11,0.0021314240336817105,0.36705149717148466,172.209514095353,172.209514095353
TN,TCGA-LUAD,TCGA-78-7150-01,TCGA-50-5931-11,0.002572386169522249,0.4349313473358772,169.07700425735607,169.07700425735607
TN,TCGA-LUAD,TCGA-44-2655-01,TCGA-55-6983-11,0.0018282782243032245,0.2649215281385215,144.90219520034256,144.90219520034256
TN,TCGA-LUAD,TCGA-55-7284-01,TCGA-55-6981-11,0.0006912593713878142,0.20267924915724095,293.2028953912477,293.2028953912477
TN,TCGA-LUAD,TCGA-05-5423-01,TCGA-91-6836-11,0.0035707831998714936,0.3058031381672523,85.64035424448554,85.64035424448554
TN,TCGA-LUAD,TCGA-05-4382-01,TCGA-55-6985-11,0.001254484090516835,0.3387467463480619,270.02873046281644,270.02873046281644
TN,TCGA-LUAD,TCGA-MP-A4TI-01,TCGA-38-4626-11,0.0017708734082335278,0.24407683251119758,137.8285039327954,137.8285039327954
TN,TCGA-LUAD,TCGA-49-4488-01,TCGA-50-5933-11,0.004395869940504556,0.33942495775517856,77.21451324745506,77.21451324745506
TN,TCGA-LUAD,TCGA-91-6829-01,TCGA-KN-8435-11,0.0017268714798302997,0.35091260592325746,203.2071349963703,203.2071349963703
TN,TCGA-LUAD,TCGA-KN-8422-01,TCGA-91-6847-11,0.0056633286140324104,0.13312326966539814,23.506188451708358,23.506188451708358
TN,TCGA-LUAD,TCGA-55-8094-01,TCGA-49-4490-11,0.0049159415496028685,0.3898068530574035,79.29444423294532,79.29444423294532
TN,TCGA-LUAD,TCGA-78-7540-01,TCGA-49-4490-11,0.003831671764174942,0.2885345675617917,75.30252728313242,75.30252728313242
TN,TCGA-LUAD,TCGA-49-AARN-01,TCGA-91-6836-11,0.0015435753823505637,0.29611102720288424,191.83451005286506,191.83451005286506
TN,TCGA-LUAD,TCGA-78-7160-01,TCGA-KN-8427-11,0.0017485838150950507,0.1975579250982701,112.98167316476685,112.98167316476685
TN,TCGA-LUAD,TCGA-55-6982-01,TCGA-44-3398-11,0.0018537984648915224,0.33797418287292214,182.31441511777234,182.31441511777234
TN,TCGA-LUAD,TCGA-55-6543-01,TCGA-KN-8430-11,0.0018796631015773311,0.3064335891054914,163.02580438395887,163.02580438395887
TN,TCGA-LUAD,TCGA-50-6590-01,TCGA-55-6972-11,0.0022005847285560143,0.3257123774856672,148.0117412699642,148.0117412699642
TN,TCGA-LUAD,TCGA-97-7552-01,TCGA-50-5930-11,0.0008868696684982442,0.2349752918464539,264.94906770725703,264.94906770725703
TN,TCGA-LUAD,TCGA-55-7727-01,TCGA-55-6982-11,0.0030397768083010694,0.3436318895792702,113.04510536460273,113.04510536460273
TN,TCGA-LUAD,TCGA-N6-A4VF-01,TCGA-49-6745-11,0.0028842850183363007,0.40711413096658955,141.14906411066795,141.14906411066795
TN,TCGA-LUAD,TCGA-TQ-A7RI-01,TCGA-49-4512-11,0.007249209356494412,0.4506993778365283,62.17221157128761,62.17221157128761
TN,TCGA-LUAD,TCGA-55-8096-01,TCGA-49-4512-11,0.004597535066228154,0.2767010975418458,60.18466277166497,60.18466277166497
TN,TCGA-LUAD,TCGA-97-A4M0-01,TCGA-50-6595-11,0.0018993796203682122,0.3402955245264122,179.1614066388913,179.1614066388913
TN,TCGA-LUAD,TCGA-44-8120-01,TCGA-44-2668-11,0.001536592872379667,0.22547905788107903,146.73962240361533,146.73962240361533
TN,TCGA-LUAD,TCGA-97-8175-01,TCGA-KN-8433-11,0.00203430102074305,0.38536456532740937,189.43340311880237,189.43340311880237
TN,TCGA-LUAD,TCGA-93-A4JO-01,TCGA-50-5933-11,0.0031290738063811854,0.2512707700074739,80.30196331420888,80.30196331420888
TN,TCGA-LUAD,TCGA-MP-A4TA-01,TCGA-KN-8436-11,0.0024300080819161067,0.3653182299690627,150.33622014993566,150.33622014993566
TN,TCGA-LUAD,TCGA-86-8672-01,TCGA-49-6742-11,0.00225714683523122,0.36414967558623795,161.33185041501068,161.33185041501068
TN,TCGA-LUAD,TCGA-50-6673-01,TCGA-KN-8436-11,0.0022095614602193306,0.23907526760253348,108.20032477340632,108.20032477340632
TN,TCGA-LUAD,TCGA-86-7953-01,TCGA-50-5933-11,0.0019980443749716,0.34059982529943067,170.4665970215361,170.4665970215361
TN,TCGA-LUAD,TCGA-TQ-A7RO-01,TCGA-38-4626-11,0.004205564918977325,0.42790446607942073,101.74720265249765,101.74720265249765
TN,TCGA-LUAD,TCGA-O1-A52J-01,TCGA-91-6849-11,0.0021350192586131553,0.31789294112704164,148.89464806679794,148.89464806679794
TN,TCGA-LUAD,TCGA-44-6776-01,TCGA-50-5931-11,0.0015685130743026924,0.32859042654697157,209.49167203662086,209.49167203662086
TN,TCGA-LUAD,TCGA-73-4675-01,TCGA-55-6986-11,0.002047588157844347,0.339024724017536,165.5727118359843,165.5727118359843
TN,TCGA-LUAD,TCGA-86-8279-01,TCGA-KN-8424-11,0.002390397565436909,0.3454184615830975,144.5025156390515,144.5025156390515
TN,TCGA-LUAD,TCGA-44-2656-01,TCGA-49-6761-11,0.002858740594023099,0.3779829169082807,132.22008240221132,132.22008240221132
TN,TCGA-LUAD,TCGA-50-5066-01,TCGA-55-6968-11,0.008758879645269557,0.2891573458917499,33.0130516233222,33.0130516233222
TN,TCGA-LUAD,TCGA-55-8089-01,TCGA-KN-8431-11,0.0019737711315227597,0.33957564139282287,172.04408148924597,172.04408148924597
TN,TCGA-LUAD,TCGA-49-6761-01,TCGA-44-6777-11,0.002352154367339605,0.349286565806593,148.49644677090316,148.49644677090316
TN,TCGA-LUAD,TCGA-MT-A51W-01,TCGA-55-6979-11,0.0026581865801622953,0.3199088994917215,120.34854960113053,120.34854960113053
TN,TCGA-LUAD,TCGA-55-A4DF-01,TCGA-50-6595-11,0.002105019102632431,0.36186659000133325,171.9065587332681,171.9065587332681
TN,TCGA-LUAD,TCGA-86-7711-01,TCGA-50-5931-11,0.0028400239125924414,0.4097318824670876,144.2705748533908,144.2705748533908
TN,TCGA-LUAD,TCGA-55-A57B-01,TCGA-KN-8430-11,0.0021337918776116365,0.20885525820889655,97.87986373004159,97.87986373004159
TN,TCGA-LUAD,TCGA-55-7573-01,TCGA-KN-8434-11,0.0019000936347254422,0.18619316939133532,97.9915757773904,97.9915757773904
TN,TCGA-LUAD,TCGA-KN-8434-01,TCGA-55-6982-11,0.0027626290313980113,0.13014025982657185,47.107396015713036,47.107396015713036
TN,TCGA-LUAD,TCGA-55-A48Z-01,TCGA-50-5933-11,0.003051180716549944,0.4033475420271593,132.19392081214897,132.19392081214897
TN,TCGA-LUAD,TCGA-MP-A4SV-01,TCGA-55-6979-11,0.0014040047175849946,0.21656514823985323,154.24816279275996,154.24816279275996
TN,TCGA-LUAD,TCGA-78-8648-01,TCGA-55-6972-11,0.0009966572087281608,0.2935801271761286,294.5647958045351,294.5647958045351
TN,TCGA-LUAD,TCGA-64-5779-01,TCGA-44-6776-11,0.0018652570813314118,0.4495429482582246,241.0085734333966,241.0085734333966
TN,TCGA-LUAD,TCGA-55-7574-01,TCGA-91-6835-11,0.0007799534766340665,0.3055435890602469,391.74591589595525,391.74591589595525
TN,TCGA-LUAD,TCGA-KN-8431-01,TCGA-91-6831-11,0.00647809374313731,0.1516941971707672,23.416486884196033,23.416486884196033
TN,TCGA-LUAD,TCGA-55-8620-01,TCGA-91-6836-11,0.0022903720230382538,0.3699511770391597,161.52449179343682,161.52449179343682
TN,TCGA-LUAD,TCGA-MT-A51W-01,TCGA-55-6985-11,0.002716123026433602,0.21428878788190617,78.8950963547765,78.8950963547765
TN,TCGA-LUAD,TCGA-N6-A4VD-01,TCGA-KN-8423-11,0.001676361597752105,0.38848086419714845,231.74049364891007,231.74049364891007
TN,TCGA-LUAD,TCGA-NJ-A4YI-01,TCGA-KN-8424-11,0.0024506914812263466,0.3681102367272799,150.20668229648982,150.20668229648982
TN,TCGA-LUAD,TCGA-73-4666-01,TCGA-91-6836-11,0.0022432052928453073,0.38012556272652565,169.45643091113163,169.45643091113163
TN,TCGA-LUAD,TCGA-50-6592-01,TCGA-KN-8424-11,0.002878723659684238,0.32878146737729336,114.21084697423052,114.21084697423052
TN,TCGA-LUAD,TCGA-KN-8425-01,TCGA-50-5930-11,0.0027048301197126253,0.25781908665262715,95.31803301569975,95.31803301569975
TN,TCGA-LUAD,TCGA-75-5146-01,TCGA-44-3398-11,0.002681657416652117,0.2517292386035434,93.87076702653978,93.87076702653978
TN,TCGA-LUAD,TCGA-44-7672-01,TCGA-49-6761-11,0.001374628487600899,0.35900480802882495,261.16497022070746,261.16497022070746
TN,TCGA-LUAD,TCGA-55-8205-01,TCGA-49-6742-11,0.0017157858530744596,0.32275240102474567,188.10762453042514,188.10762453042514
TN,TCGA-LUAD,TCGA-86-A4D0-01,TCGA-KN-8437-11,0.0029824639522702673,0.42105206461749,141.17591070865515,141.17591070865515
TN,TCGA-LUAD,TCGA-91-7771-01,TCGA-38-4632-11,0.002069191117356023,0.1167069894378883,56.40222812623249,56.40222812623249
TN,TCGA-LUAD,TCGA-50-5932-01,TCGA-55-6970-11,0.0018336205455355536,0.33515400819401003,182.78264224843758,182.78264224843758
TN,TCGA-LUAD,TCGA-TQ-A7RF-01,TCGA-55-6981-11,0.0019325449434629918,0.1718760714830633,88.93768399252482,88.93768399252482
TN,TCGA-LUAD,TCGA-55-A493-01,TCGA-49-4512-11,0.0065795158079558404,0.3660000944288817,55.62720800614545,55.62720800614545
TN,TCGA-LUAD,TCGA-86-6851-01,TCGA-55-6975-11,0.0013422546809771377,0.31176254744418724,232.26780421225993,232.26780421225993
TN,TCGA-LUAD,TCGA-38-6178-01,TCGA-44-6145-11,0.0016996292201935461,0.2770487108243416,163.00538231085045,163.00538231085045
TN,TCGA-LUAD,TCGA-05-4417-01,TCGA-KN-8437-11,0.001685013956214177,0.3466725754764536,205.73869682085237,205.73869682085237
TN,TCGA-LUAD,TCGA-44-5645-01,TCGA-44-6146-11,0.001234467060552111,0.3180139198898269,257.6123171302735,257.6123171302735
TN,TCGA-LUAD,TCGA-91-8496-01,TCGA-55-6981-11,0.0041452947610266175,0.17809089461362074,42.962178778696796,42.962178778696796
TN,TCGA-LUAD,TCGA-50-6673-01,TCGA-KN-8419-11,0.002407353007910351,0.28181391414276535,117.0638095936697,117.0638095936697
TN,TCGA-LUAD,TCGA-KN-8435-01,TCGA-KN-8419-11,0.0025979138046781014,0.1705348349744687,65.64299195276769,65.64299195276769
TN,TCGA-LUAD,TCGA-86-6562-01,TCGA-44-6145-11,0.0013723740642155049,0.2829639521331082,206.18573281976143,206.18573281976143
TN,TCGA-LUAD,TCGA-55-8207-01,TCGA-KN-8425-11,0.002087052040342995,0.23828491692605958,114.17296374023277,114.17296374023277
TN,TCGA-LUAD,TCGA-97-8172-01,TCGA-44-3396-11,0.0009471540336642794,0.2850550710627308,300.9595703878606,300.9595703878606
TN,TCGA-LUAD,TCGA-86-8668-01,TCGA-KN-8425-11,0.002295566021867088,0.1930721124353765,84.10653869076795,84.10653869076795
TN,TCGA-LUAD,TCGA-55-A4DG-01,TCGA-44-2657-11,0.0019813602602868057,0.3055534026711151,154.21395532929768,154.21395532929768
TN,TCGA-LUAD,TCGA-86-7954-01,TCGA-44-2662-11,0.00200796509646354,0.3073243075987616,153.05261438061154,153.05261438061154
TN,TCGA-LUAD,TCGA-86-8073-01,TCGA-44-6146-11,0.0014293913568324426,0.24022360948424565,168.0600685991173,168.0600685991173
TN,TCGA-LUAD,TCGA-78-7152-01,TCGA-38-4625-11,0.0019050162372902762,0.3469558714646715,182.12751401961106,182.12751401961106
TN,TCGA-LUAD,TCGA-55-7911-01,TCGA-55-6982-11,0.0018978105274168816,0.33739921626483044,177.7834042917161,177.7834042917161
TN,TCGA-LUAD,TCGA-75-5122-01,TCGA-38-4626-11,0.0015266775017405017,0.35912977018590275,235.2361712126325,235.2361712126325
TN,TCGA-LUAD,TCGA-49-AAR3-01,TCGA-KN-8419-11,0.003756752562057395,0.42035820184910655,111.89403478276895,111.89403478276895
TN,TCGA-LUAD,TCGA-97-A4M2-01,TCGA-KN-8433-11,0.0015606589379822118,0.18671132069661464,119.63621016262219,119.63621016262219
TN,TCGA-LUAD,TCGA-38-7271-01,TCGA-55-6975-11,0.0011611415347903948,0.27546240787436926,237.23413522029833,237.23413522029833
TN,TCGA-LUAD,TCGA-97-7937-01,TCGA-44-6146-11,0.002344340853766492,0.3592753460122868,153.25217979077732,153.25217979077732
TN,TCGA-LUAD,TCGA-86-8074-01,TCGA-44-6778-11,0.0015295949333419688,0.33616979967157884,219.77700915698702,219.77700915698702
TN,TCGA-LUAD,TCGA-49-AAR2-01,TCGA-KN-8433-11,0.006895463483192572,0.4456180022733533,64.62480779711619,64.62480779711619
TN,TCGA-LUAD,TCGA-86-A4D0-01,TCGA-55-6986-11,0.002990349296311745,0.3764286533249033,125.88116504957635,125.88116504957635
TN,TCGA-LUAD,TCGA-05-4424-01,TCGA-55-6968-11,0.0020848897800687955,0.2112173282560669,101.30863044908654,101.30863044908654
TN,TCGA-LUAD,TCGA-55-8621-01,TCGA-55-6970-11,0.0007402551408185961,0.10684429841382412,144.3344227176491,144.3344227176491
TN,TCGA-LUAD,TCGA-05-4396-01,TCGA-55-6970-11,0.0017697618754436524,0.3583615323855909,202.49138449530398,202.49138449530398
TN,TCGA-LUAD,TCGA-44-4112-01,TCGA-38-4625-11,0.0030758250294794513,0.3177099512318148,103.29259570580437,103.29259570580437
TN,TCGA-LUAD,TCGA-NJ-A4YQ-01,TCGA-38-4632-11,0.0027998428525688483,0.3150950189102468,112.54025154345645,112.54025154345645
TN,TCGA-LUAD,TCGA-05-4396-01,TCGA-50-5931-11,0.002135684061233578,0.38482767166165943,180.18941970254798,180.18941970254798
TN,TCGA-LUAD,TCGA-50-5068-01,TCGA-44-3398-11,0.008946858190198897,0.26277205203161763,29.370315975219004,29.370315975219004
TN,TCGA-LUAD,TCGA-44-2661-01,TCGA-55-6979-11,0.0025199742785430987,0.24938850077846308,98.964700910616,98.964700910616
TN,TCGA-LUAD,TCGA-MP-A4T7-01,TCGA-91-6835-11,0.001592681023292028,0.3108203084462502,195.15540393882083,195.15540393882083
TN,TCGA-LUAD,TCGA-49-6742-01,TCGA-91-6829-11,0.0017500446622306725,0.33873598590798515,193.55848065969903,193.55848065969903
TN,TCGA-LUAD,TCGA-75-7030-01,TCGA-50-5931-11,0.0006508490803498004,0.19477953000651688,299.2698858878807,299.2698858878807
TN,TCGA-LUAD,TCGA-73-4659-01,TCGA-49-6761-11,0.0014689972301768562,0.2271789895295475,154.6490251055115,154.6490251055115
TN,TCGA-LUAD,TCGA-KN-8430-01,TCGA-KN-8423-11,0.002774881500949931,0.24094967147456325,86.83241839050729,86.83241839050729
TN,TCGA-LUAD,TCGA-55-6981-01,TCGA-44-2668-11,0.0018435534663762958,0.31620560992681374,171.51963080753504,171.51963080753504
TN,TCGA-LUAD,TCGA-KN-8435-01,TCGA-91-6847-11,0.0026020365904537283,0.21524360246176186,82.7212050942869,82.7212050942869
TN,TCGA-LUAD,TCGA-93-A4JQ-01,TCGA-49-4512-11,0.005503407408441723,0.06608149575114597,12.007378492419624,12.007378492419624
TN,TCGA-LUAD,TCGA-44-7667-01,TCGA-55-6972-11,0.003200329728247729,0.37265747815325245,116.44346357938966,116.44346357938966
TN,TCGA-LUAD,TCGA-50-6595-01,TCGA-44-2655-11,0.0016442039698636181,0.36839997763478227,224.0597787057648,224.0597787057648
TN,TCGA-LUAD,TCGA-55-8302-01,TCGA-49-6745-11,0.0037774076000126975,0.3038725328831122,80.44472957646688,80.44472957646688
TN,TCGA-LUAD,TCGA-MP-A4T8-01,TCGA-49-6743-11,0.002416715600755817,0.37206617235125944,153.95529876783905,153.95529876783905
TN,TCGA-LUAD,TCGA-55-A57B-01,TCGA-KN-8426-11,0.0017370696082415372,0.2912107800007764,167.6448535045027,167.6448535045027
TN,TCGA-LUAD,TCGA-55-A4DG-01,TCGA-49-6744-11,0.002194341028672393,0.3262055019940702,148.65761416830873,148.65761416830873
TN,TCGA-LUAD,TCGA-73-4662-01,TCGA-KN-8425-11,0.002069195823074886,0.24861131488771784,120.1487612314402,120.1487612314402
TN,TCGA-LUAD,TCGA-49-6742-01,TCGA-44-6778-11,0.0021431234611871065,0.3656091038096547,170.5963797377957,170.5963797377957
TN,TCGA-LUAD,TCGA-KN-8433-01,TCGA-38-4626-11,0.006348473871508788,0.2330618966329705,36.71148394875266,36.71148394875266
TN,TCGA-LUAD,TCGA-55-8204-01,TCGA-55-6985-11,0.0016416742968732867,0.315386837812438,192.1129169245812,192.1129169245812
TN,TCGA-LUAD,TCGA-64-1681-01,TCGA-KN-8428-11,0.001840021579353124,0.3290092801477149,178.80729434889622,178.80729434889622
TN,TCGA-LUAD,TCGA-78-7160-01,TCGA-55-6975-11,0.0013537192440667796,0.1593111143065712,117.6840138786653,117.6840138786653
TN,TCGA-LUAD,TCGA-55-8302-01,TCGA-55-6968-11,0.0016712113993212112,0.2687527776473717,160.81315491058155,160.81315491058155
TN,TCGA-LUAD,TCGA-78-8655-01,TCGA-KN-8425-11,0.002262207541644959,0.3281507326075961,145.05774848977032,145.05774848977032
TN,TCGA-LUAD,TCGA-44-6777-01,TCGA-55-6986-11,0.001570865032087605,0.3573756914198879,227.50248055681308,227.50248055681308
TN,TCGA-LUAD,TCGA-44-3396-01,TCGA-91-6829-11,0.0014138865533601308,0.36115818581439474,255.43646691885908,255.43646691885908
TN,TCGA-LUAD,TCGA-78-7167-01,TCGA-KN-8422-11,0.0018552864126073563,0.43420078870720946,234.03437105810443,234.03437105810443
TN,TCGA-LUAD,TCGA-91-6828-01,TCGA-KN-8434-11,0.002343415012678489,0.28212194336837126,120.38923615408181,120.38923615408181
TN,TCGA-LUAD,TCGA-86-8074-01,TCGA-50-5939-11,0.0016520940704739134,0.32753306111118446,198.2532756244501,198.2532756244501
TN,TCGA-LUAD,TCGA-91-6829-01,TCGA-38-4632-11,0.0029506608236422997,0.28472112433376817,96.49401993357814,96.49401993357814
TN,TCGA-LUAD,TCGA-38-6178-01,TCGA-44-2657-11,0.0017672616313316662,0.28252401950609723,159.8654180553956,159.8654180553956
TN,TCGA-LUAD,TCGA-50-5944-01,TCGA-44-2655-11,0.001178525424142297,0.2592091142489524,219.94359132099223,219.94359132099223
TN,TCGA-LUAD,TCGA-05-4420-01,TCGA-55-6984-11,0.002917719135592937,0.4194285018181807,143.75218529488265,143.75218529488265
TN,TCGA-LUAD,TCGA-49-AARO-01,TCGA-KN-8433-11,0.0024324753310301737,0.17576587520558837,72.25802990205456,72.25802990205456
TN,TCGA-LUAD,TCGA-05-4427-01,TCGA-50-5930-11,0.0019978750671609674,0.33592853186094385,168.14291212828792,168.14291212828792
TN,TCGA-LUAD,TCGA-49-6761-01,TCGA-KN-8435-11,0.0031780216530493963,0.4356499524770118,137.08212216206712,137.08212216206712
TN,TCGA-LUAD,TCGA-TQ-A7RW-01,TCGA-KN-8419-11,0.0027573573053362296,0.3677596553777087,133.3739572546491,133.3739572546491
TN,TCGA-LUAD,TCGA-75-5147-01,TCGA-73-4676-11,0.002181329752152644,0.30811286761587847,141.25001839443004,141.25001839443004
TN,TCGA-LUAD,TCGA-55-7728-01,TCGA-44-6145-11,0.0024647997209867444,0.33549108893462803,136.1129206880628,136.1129206880628
TN,TCGA-LUAD,TCGA-38-4628-01,TCGA-44-5645-11,0.0042665909758240455,0.32206411723247375,75.48511658544221,75.48511658544221
TN,TCGA-LUAD,TCGA-44-5644-01,TCGA-44-6145-11,0.0026987845126904054,0.33660768387662204,124.72566160573504,124.72566160573504
TN,TCGA-LUAD,TCGA-38-A44F-01,TCGA-55-6972-11,0.0013272514498519766,0.23701553073263867,178.57620781583785,178.57620781583785
TN,TCGA-LUAD,TCGA-49-AARQ-01,TCGA-55-6970-11,0.006738516744506898,0.28864872460001245,42.835647004262924,42.835647004262924
TN,TCGA-LUAD,TCGA-TQ-A7RS-01,TCGA-44-2668-11,0.0028852623065260033,0.26829128435398153,92.98679144254906,92.98679144254906
TN,TCGA-LUAD,TCGA-44-6778-01,TCGA-55-6978-11,0.001063063501250303,0.30677739721178027,288.57861910503897,288.57861910503897
TN,TCGA-LUAD,TCGA-55-6981-01,TCGA-38-4627-11,0.003240822239970657,0.2545234397767363,78.53668635001739,78.53668635001739
TN,TCGA-LUAD,TCGA-44-2668-01,TCGA-KN-8419-11,0.0036409025799088394,0.39373942257603756,108.14335564724063,108.14335564724063
TN,TCGA-LUAD,TCGA-38-4631-01,TCGA-KN-8435-11,0.005305420648924454,0.3828405460132977,72.16026237069616,72.16026237069616
TN,TCGA-LUAD,TCGA-NJ-A55A-01,TCGA-KN-8422-11,0.0010480253479315715,0.1831454761382087,174.7529069785121,174.7529069785121
TN,TCGA-LUAD,TCGA-55-7576-01,TCGA-55-6979-11,0.0015996358524412865,0.27719371626798867,173.28551110238564,173.28551110238564
TN,TCGA-LUAD,TCGA-TQ-A7RF-01,TCGA-44-2662-11,0.002378103115591306,0.24395067091707712,102.58204083653443,102.58204083653443
TN,TCGA-LUAD,TCGA-MP-A4TI-01,TCGA-50-5935-11,0.0018350375368397687,0.3013225746996391,164.2051285874867,164.2051285874867
TN,TCGA-LUAD,TCGA-50-5933-01,TCGA-KN-8427-11,0.002231396415439012,0.38160499807711634,171.01622797132538,171.01622797132538
TN,TCGA-LUAD,TCGA-86-8673-01,TCGA-KN-8430-11,0.0035744255625707096,0.3313174749231119,92.69111053604652,92.69111053604652
TN,TCGA-LUAD,TCGA-78-7146-01,TCGA-44-5645-11,0.002951924120078085,0.4093101722276571,138.65877155976148,138.65877155976148
TN,TCGA-LUAD,TCGA-TQ-A7RG-01,TCGA-44-6776-11,0.0020187323932985123,0.345322069358156,171.05886372285147,171.05886372285147
TN,TCGA-LUAD,TCGA-78-7162-01,TCGA-KN-8426-11,0.0014656069938023834,0.3531973993794127,240.99052534068107,240.99052534068107
TN,TCGA-LUAD,TCGA-50-5944-01,TCGA-55-6983-11,0.0011163765717139467,0.2919128064990193,261.48238318084054,261.48238318084054
TN,TCGA-LUAD,TCGA-55-7995-01,TCGA-44-6144-11,0.0018306325788100923,0.35492746103742245,193.882412640184,193.882412640184
TN,TCGA-LUAD,TCGA-55-8619-01,TCGA-44-6146-11,0.0010657374777549022,0.1898811613399451,178.16879419493762,178.16879419493762
TN,TCGA-LUAD,TCGA-KN-8422-01,TCGA-KN-8431-11,0.00474502629878448,0.12151564141578122,25.609055411749676,25.609055411749676
TN,TCGA-LUAD,TCGA-44-7667-01,TCGA-44-2662-11,0.0031671616365635973,0.44238828187441226,139.67972987776147,139.67972987776147
TN,TCGA-LUAD,TCGA-91-A4BD-01,TCGA-49-6761-11,0.002811804804131893,0.3501545442701881,124.5301749807251,124.5301749807251
TN,TCGA-LUAD,TCGA-55-8094-01,TCGA-91-6829-11,0.003269229648751178,0.3063874461447661,93.71854505901838,93.71854505901838
TN,TCGA-LUAD,TCGA-49-AARR-01,TCGA-91-6829-11,0.0008472461839833773,0.1058325064778012,124.9135239302271,124.9135239302271
TN,TCGA-LUAD,TCGA-55-6642-01,TCGA-KN-8425-11,0.0026842422214938474,0.3635769912889749,135.44865227797337,135.44865227797337
TN,TCGA-LUAD,TCGA-55-1595-01,TCGA-KN-8427-11,0.0020796320714608165,0.3677662523893744,176.8419796156734,176.8419796156734
TN,TCGA-LUAD,TCGA-55-8205-01,TCGA-44-6776-11,0.0016473014350330299,0.26661212044711025,161.8478044012415,161.8478044012415
TN,TCGA-LUAD,TCGA-35-4123-01,TCGA-38-4625-11,0.002702863288674858,0.4048197797881471,149.77441940343917,149.77441940343917
TN,TCGA-LUAD,TCGA-49-4512-01,TCGA-KN-8430-11,0.0031146642264294686,0.3635739753407199,116.72974963259752,116.72974963259752
TN,TCGA-LUAD,TCGA-78-7143-01,TCGA-44-6776-11,0.0015884171085892766,0.30006089647977713,188.90560600059936,188.90560600059936
TN,TCGA-LUAD,TCGA-35-4123-01,TCGA-91-6828-11,0.004462768048080286,0.33374234814270887,74.78370924661257,74.78370924661257
TN,TCGA-LUAD,TCGA-75-6207-01,TCGA-55-6968-11,0.0026898290698695324,0.34228801120090335,127.25269982211387,127.25269982211387
TN,TCGA-LUAD,TCGA-55-8514-01,TCGA-49-6745-11,0.004804632177808462,0.36243346943371557,75.43417602448653,75.43417602448653
TN,TCGA-LUAD,TCGA-55-8614-01,TCGA-KN-8423-11,0.002031326115239462,0.30282381831006855,149.0769089405274,149.0769089405274
TN,TCGA-LUAD,TCGA-44-8117-01,TCGA-55-6968-11,0.0019179281493221494,0.35368980714819725,184.41243863760033,184.41243863760033
TN,TCGA-LUAD,TCGA-05-4425-01,TCGA-91-6849-11,0.0018085560036261417,0.3747047985719061,207.18451506097995,207.18451506097995
TN,TCGA-LUAD,TCGA-44-7667-01,TCGA-KN-8434-11,0.0030956928372417114,0.4459966118630805,144.07004677520501,144.07004677520501
TN,TCGA-LUAD,TCGA-75-6206-01,TCGA-KN-8431-11,0.001979725201454159,0.3685521481292943,186.16328562094543,186.16328562094543
TN,TCGA-LUAD,TCGA-55-8207-01,TCGA-KN-8437-11,0.0013976744777188608,0.3221568457988999,230.49490488278136,230.49490488278136
TN,TCGA-LUAD,TCGA-75-5125-01,TCGA-55-6970-11,0.0018503376238711586,0.3606262731245066,194.89755192353886,194.89755192353886
TN,TCGA-LUAD,TCGA-05-4403-01,TCGA-49-6761-11,0.001281460179706931,0.28626837740348177,223.39233160483465,223.39233160483465
TN,TCGA-LUAD,TCGA-38-4628-01,TCGA-44-3396-11,0.004593499017191534,0.27541025052079826,59.95652758170919,59.95652758170919
TN,TCGA-LUAD,TCGA-75-6212-01,TCGA-KN-8428-11,0.0016114472053002562,0.4098136851240227,254.31406240061295,254.31406240061295
TN,TCGA-LUAD,TCGA-MT-A7BN-01,TCGA-50-5935-11,0.01194508080417139,0.30486661200076237,25.52235660844577,25.52235660844577
TN,TCGA-LUAD,TCGA-55-6981-01,TCGA-49-6761-11,0.0020580653250592764,0.30001949708709164,145.77744128624803,145.77744128624803
TN,TCGA-LUAD,TCGA-MT-A7BN-01,TCGA-55-6981-11,0.011361995770001392,0.25189037714670803,22.169553857057736,22.169553857057736
TN,TCGA-LUAD,TCGA-TQ-A7RG-01,TCGA-50-5930-11,0.0021591088682875476,0.39190333985202697,181.51161602279785,181.51161602279785
TN,TCGA-LUAD,TCGA-KN-8431-01,TCGA-KN-8427-11,0.003930385412771428,0.07941935304637109,20.206505140260585,20.206505140260585
TN,TCGA-LUAD,TCGA-97-A4M5-01,TCGA-50-5931-11,0.0013301406281793682,0.1653721889925615,124.32684596583965,124.32684596583965
TN,TCGA-LUAD,TCGA-55-6980-01,TCGA-44-5645-11,0.0014829710438958575,0.3097004202719928,208.83780674394725,208.83780674394725
TN,TCGA-LUAD,TCGA-73-7498-01,TCGA-38-4626-11,0.0020833613616638483,0.2729714506761131,131.02453357304665,131.02453357304665
TN,TCGA-LUAD,TCGA-55-7281-01,TCGA-50-5936-11,0.0026003292843149164,0.3613765641804134,138.9733855478314,138.9733855478314
TN,TCGA-LUAD,TCGA-55-6984-01,TCGA-91-6849-11,0.0019528114484012853,0.35574951920592124,182.17299959868828,182.17299959868828
TN,TCGA-LUAD,TCGA-44-2657-01,TCGA-44-6778-11,0.001846889878321969,0.31284393698084256,169.38959959273996,169.38959959273996
TN,TCGA-LUAD,TCGA-78-7159-01,TCGA-91-6829-11,0.001703886894238104,0.3703918407199075,217.38053269406055,217.38053269406055
TN,TCGA-LUAD,TCGA-44-6778-01,TCGA-91-6847-11,0.0012819270640017067,0.2794930579211247,218.02570970664257,218.02570970664257
TN,TCGA-LUAD,TCGA-78-7166-01,TCGA-44-5645-11,0.004931027094919565,0.2950783928233151,59.84116232647235,59.84116232647235
TN,TCGA-LUAD,TCGA-49-6745-01,TCGA-50-5933-11,0.001702982594374608,0.2819251688686597,165.54788627900925,165.54788627900925
TN,TCGA-LUAD,TCGA-91-6836-01,TCGA-49-6745-11,0.004734492601676476,0.44430926298350193,93.84516998213763,93.84516998213763
TN,TCGA-LUAD,TCGA-KN-8419-01,TCGA-49-4512-11,0.005721935940473636,0.3495184243843263,61.083945717049524,61.083945717049524
TN,TCGA-LUAD,TCGA-78-7143-01,TCGA-49-6761-11,0.0017366686922687532,0.2406376376417969,138.56277752518943,138.56277752518943
TN,TCGA-LUAD,TCGA-49-AAR3-01,TCGA-55-6980-11,0.0024077086092062208,0.39087363554273546,162.3425833376073,162.3425833376073
TN,TCGA-LUAD,TCGA-J2-A4AE-01,TCGA-55-6970-11,0.0011379424193230943,0.28198129512498704,247.79926500386878,247.79926500386878
TN,TCGA-LUAD,TCGA-64-5815-01,TCGA-55-6970-11,0.0018485841172019026,0.34280632277127415,185.44264206389522,185.44264206389522
TN,TCGA-LUAD,TCGA-55-6983-01,TCGA-KN-8434-11,0.0014489171573117676,0.23529077459767772,162.39077121166943,162.39077121166943
TN,TCGA-LUAD,TCGA-55-1594-01,TCGA-KN-8428-11,0.002241857237509445,0.40583081554725575,181.02437958899955,181.02437958899955
TN,TCGA-LUAD,TCGA-55-6982-01,TCGA-KN-8430-11,0.002719654679924454,0.21981845541266953,80.8258699294778,80.8258699294778
TN,TCGA-LUAD,TCGA-MP-A4TC-01,TCGA-KN-8436-11,0.0019824444427246615,0.3517957753348818,177.4555532317342,177.4555532317342
TN,TCGA-LUAD,TCGA-KN-8423-01,TCGA-50-5931-11,0.0030100385923334137,0.2848494256389873,94.63314735050258,94.63314735050258
TN,TCGA-LUAD,TCGA-L3-A4E7-01,TCGA-KN-8431-11,0.0023833623474794315,0.32610396392555174,136.82517233287209,136.82517233287209
TN,TCGA-LUAD,TCGA-78-7539-01,TCGA-50-5935-11,0.0020281295913247527,0.33940935674102385,167.35092185077053,167.35092185077053
TN,TCGA-LUAD,TCGA-44-2666-01,TCGA-44-6147-11,0.002270753840212965,0.33429808734375926,147.21899019772516,147.21899019772516
TN,TCGA-LUAD,TCGA-05-4390-01,TCGA-91-6829-11,0.0021800796800236217,0.402026200703476,184.4089481624451,184.4089481624451
TN,TCGA-LUAD,TCGA-05-4382-01,TCGA-91-6829-11,0.0012858513741172265,0.37003880247676757,287.77727342773943,287.77727342773943
TN,TCGA-LUAD,TCGA-TQ-A7RW-01,TCGA-44-2662-11,0.0020801021796750903,0.24565060017106716,118.0954486617756,118.0954486617756
TN,TCGA-LUAD,TCGA-44-3918-01,TCGA-91-6835-11,0.003562220549607222,0.23444189894069495,65.8134148843044,65.8134148843044
TN,TCGA-LUAD,TCGA-50-6592-01,TCGA-KN-8425-11,0.0029374494974229977,0.3432943416868031,116.86816811249781,116.86816811249781
TN,TCGA-LUAD,TCGA-78-7161-01,TCGA-49-4512-11,0.0052105730228709495,0.32211181030604047,61.81888419799202,61.81888419799202
TN,TCGA-LUAD,TCGA-L3-A4E7-01,TCGA-91-6835-11,0.0014881255678036243,0.3081057799862692,207.0428642933762,207.0428642933762
TN,TCGA-LUAD,TCGA-97-8547-01,TCGA-91-6829-11,0.0015160939711290579,0.3595356809100863,237.1460395969616,237.1460395969616
TN,TCGA-LUAD,TCGA-75-6211-01,TCGA-44-6144-11,0.002230663477614134,0.4179554332502893,187.36821463420594,187.36821463420594
TN,TCGA-LUAD,TCGA-55-8512-01,TCGA-44-2661-11,0.0010259219762128854,0.24218803538701572,236.0686689654849,236.0686689654849
TN,TCGA-LUAD,TCGA-05-4405-01,TCGA-50-5933-11,0.001722634012393543,0.2967987390335943,172.29355562369415,172.29355562369415
TN,TCGA-LUAD,TCGA-44-2662-01,TCGA-44-6778-11,0.002188876227921417,0.35462304437740744,162.01146499460214,162.01146499460214
TN,TCGA-LUAD,TCGA-44-6775-01,TCGA-50-5932-11,0.0014998431342446638,0.35070424023968294,233.82727982170024,233.82727982170024
TN,TCGA-LUAD,TCGA-75-5146-01,TCGA-91-6836-11,0.002528132392843796,0.2936684486178601,116.16023332050429,116.16023332050429
TN,TCGA-LUAD,TCGA-78-7160-01,TCGA-49-6761-11,0.001624745499383168,0.10580281117045788,65.11962101795373,65.11962101795373
TN,TCGA-LUAD,TCGA-97-8177-01,TCGA-44-2661-11,0.0020279129231750206,0.2648045187715333,130.57982704550238,130.57982704550238
TN,TCGA-LUAD,TCGA-78-7153-01,TCGA-49-4490-11,0.003723063762596278,0.38772649099722867,104.1417809956732,104.1417809956732
TN,TCGA-LUAD,TCGA-55-7576-01,TCGA-55-6975-11,0.0017621456497788884,0.30222546119757204,171.5099210076618,171.5099210076618
TN,TCGA-LUAD,TCGA-MP-A4TE-01,TCGA-44-5645-11,0.0025569072132231242,0.3908674424481597,152.86727669536722,152.86727669536722
TN,TCGA-LUAD,TCGA-49-6742-01,TCGA-55-6982-11,0.0022711430005294036,0.3517198165464058,154.8646723101187,154.8646723101187
TN,TCGA-LUAD,TCGA-44-5645-01,TCGA-91-6836-11,0.0012961943751489229,0.22779602360419043,175.74217877470608,175.74217877470608
TN,TCGA-LUAD,TCGA-50-6673-01,TCGA-55-6979-11,0.0014663317967640909,0.27012344783658926,184.21713859898503,184.21713859898503
TN,TCGA-LUAD,TCGA-55-8204-01,TCGA-44-2661-11,0.0017827453657611465,0.3691771143820912,207.08348004846465,207.08348004846465
TN,TCGA-LUAD,TCGA-KN-8433-01,TCGA-44-6147-11,0.009564716118950104,0.14615715428594825,15.280866935127769,15.280866935127769
TN,TCGA-LUAD,TCGA-NJ-A4YF-01,TCGA-44-6146-11,0.004468875042786406,0.3663317745313796,81.97404738866152,81.97404738866152
TN,TCGA-LUAD,TCGA-78-7155-01,TCGA-KN-8428-11,0.003718746234753668,0.4439718248775766,119.38750235991446,119.38750235991446
TN,TCGA-LUAD,TCGA-75-7031-01,TCGA-55-6986-11,0.0026255794715362036,0.2954116776742395,112.5129446191917,112.5129446191917
TN,TCGA-LUAD,TCGA-67-3772-01,TCGA-KN-8428-11,0.003182422652239939,0.39814753387545593,125.10831444566954,125.10831444566954
TN,TCGA-LUAD,TCGA-50-5942-01,TCGA-44-6145-11,0.001180174388892575,0.2705869936743064,229.2771273643835,229.2771273643835
TN,TCGA-LUAD,TCGA-55-8615-01,TCGA-50-5930-11,0.0021667958118289964,0.4038726196597165,186.39163757604223,186.39163757604223
TN,TCGA-LUAD,TCGA-MP-A4SV-01,TCGA-55-6970-11,0.0014984672408242545,0.28359989994743007,189.25999329250047,189.25999329250047
TN,TCGA-LUAD,TCGA-64-5778-01,TCGA-50-5931-11,0.004637863139330089,0.37433434376268593,80.71267575540321,80.71267575540321
TN,TCGA-LUAD,TCGA-KN-8432-01,TCGA-KN-8424-11,0.0021731162317961466,0.2561100600697843,117.85382499218717,117.85382499218717
TN,TCGA-LUAD,TCGA-75-7030-01,TCGA-44-6777-11,0.0004724266038933961,0.22786645915577305,482.3319797781573,482.3319797781573
TN,TCGA-LUAD,TCGA-38-7271-01,TCGA-44-2661-11,0.0007634202092367775,0.2768705489029069,362.6712334216378,362.6712334216378
TN,TCGA-LUAD,TCGA-44-4112-01,TCGA-55-6972-11,0.0035391556042128655,0.30241838494595874,85.44930451375812,85.44930451375812
TN,TCGA-LUAD,TCGA-55-6979-01,TCGA-49-6742-11,0.001418889170185976,0.33309106893459584,234.7548180179126,234.7548180179126
TN,TCGA-LUAD,TCGA-55-8614-01,TCGA-KN-8433-11,0.002329946758620729,0.24829863142913206,106.5683713631803,106.5683713631803
TN,TCGA-LUAD,TCGA-73-4676-01,TCGA-KN-8425-11,0.003355929178540028,0.4303950520216907,128.24914624954357,128.24914624954357
TN,TCGA-LUAD,TCGA-49-6742-01,TCGA-50-6595-11,0.002290210665405967,0.3544359073146149,154.7612683271593,154.7612683271593
TN,TCGA-LUAD,TCGA-86-8076-01,TCGA-91-6828-11,0.0011228319697508629,0.2770275135630247,246.72214634616464,246.72214634616464
TN,TCGA-LUAD,TCGA-55-7907-01,TCGA-KN-8429-11,0.0028271912817296233,0.3323692375659091,117.56163783957757,117.56163783957757
TN,TCGA-LUAD,TCGA-97-A4M0-01,TCGA-73-4676-11,0.003487435429308852,0.31244614298152495,89.59195067977107,89.59195067977107
TN,TCGA-LUAD,TCGA-75-6211-01,TCGA-50-5936-11,0.0023565735962868934,0.4158559917972435,176.46637153725302,176.46637153725302
TN,TCGA-LUAD,TCGA-55-7995-01,TCGA-91-6849-11,0.0018448130921660628,0.3865718136143716,209.54524621271167,209.54524621271167
TN,TCGA-LUAD,TCGA-44-6774-01,TCGA-55-6986-11,0.0013306682891490197,0.37654103987587684,282.9713783265098,282.9713783265098
TN,TCGA-LUAD,TCGA-73-4659-01,TCGA-55-6978-11,0.001420231509410311,0.29017423125810493,204.31473976984717,204.31473976984717
TN,TCGA-LUAD,TCGA-91-6836-01,TCGA-55-6968-11,0.0031129452469555023,0.40587933389661934,130.3843472009584,130.3843472009584
TN,TCGA-LUAD,TCGA-55-7573-01,TCGA-44-5645-11,0.0011758841036032899,0.20942543251805368,178.10040281717076,178.10040281717076
TN,TCGA-LUAD,TCGA-MP-A4SW-01,TCGA-91-6849-11,0.002120349994433526,0.33111454746010616,156.16032651655084,156.16032651655084
TN,TCGA-LUAD,TCGA-67-6215-01,TCGA-55-6979-11,0.0012753576161685291,0.31840537663691637,249.65968180241097,249.65968180241097
TN,TCGA-LUAD,TCGA-MP-A4T9-01,TCGA-55-6984-11,0.001160645752433021,0.12960332755592865,111.66484457832698,111.66484457832698
TN,TCGA-LUAD,TCGA-75-6203-01,TCGA-KN-8433-11,0.0012190738500206409,0.2802672686299793,229.9017968642621,229.9017968642621
TN,TCGA-LUAD,TCGA-05-4415-01,TCGA-44-6144-11,0.003009300622451216,0.3937338726464365,130.83899618035565,130.83899618035565
TN,TCGA-LUAD,TCGA-KN-8434-01,TCGA-55-6971-11,0.002760345776869062,0.22619485634135084,81.94439198045458,81.94439198045458
TN,TCGA-LUAD,TCGA-44-2662-01,TCGA-49-6744-11,0.002266719910349738,0.35050752644835365,154.63204114807152,154.63204114807152
TN,TCGA-LUAD,TCGA-86-6562-01,TCGA-55-6982-11,0.0013894118211666528,0.32149063832204156,231.38614010934086,231.38614010934086
TN,TCGA-LUAD,TCGA-64-5779-01,TCGA-55-6983-11,0.0018668537689181751,0.38693688764600953,207.26684333194237,207.26684333194237
TN,TCGA-LUAD,TCGA-78-8640-01,TCGA-91-6836-11,0.002533329919040812,0.3061987681879402,120.86809771065089,120.86809771065089
TN,TCGA-LUAD,TCGA-55-6642-01,TCGA-38-4625-11,0.0026838801989387782,0.3835588576573625,142.9120635895089,142.9120635895089
TN,TCGA-LUAD,TCGA-67-3772-01,TCGA-KN-8434-11,0.003182641627839776,0.3724454474337886,117.02399798201176,117.02399798201176
TN,TCGA-LUAD,TCGA-50-5066-01,TCGA-50-6595-11,0.0114395546454572,0.30288618483514695,26.477095850530084,26.477095850530084
TN,TCGA-LUAD,TCGA-N6-A4VF-01,TCGA-91-6831-11,0.0029657331411360264,0.4305632577203933,145.17936619053518,145.17936619053518
TN,TCGA-LUAD,TCGA-05-4389-01,TCGA-44-2655-11,0.00205069295523125,0.351348315397136,171.33150747939038,171.33150747939038
TN,TCGA-LUAD,TCGA-78-7163-01,TCGA-38-4632-11,0.0026704618427135316,0.34618948003264544,129.636557428161,129.636557428161
TN,TCGA-LUAD,TCGA-05-4398-01,TCGA-50-5939-11,0.0024401822405223216,0.38393751173979646,157.339687734804,157.339687734804
TN,TCGA-LUAD,TCGA-N1-A6IA-01,TCGA-55-6984-11,0.0025523622378589516,0.4066998162005133,159.34251422778976,159.34251422778976
TN,TCGA-LUAD,TCGA-67-6217-01,TCGA-49-6745-11,0.0031331638122621486,0.1881227909819594,60.04243705538475,60.04243705538475
TN,TCGA-LUAD,TCGA-KN-8436-01,TCGA-91-6836-11,0.003265039896767896,0.07674610806559824,23.5054120292895,23.5054120292895
TN,TCGA-LUAD,TCGA-78-7158-01,TCGA-91-6831-11,0.002314668510586911,0.37367187640727495,161.43645394498677,161.43645394498677
TN,TCGA-LUAD,TCGA-55-A494-01,TCGA-55-6968-11,0.0021036043732391733,0.3844236111459297,182.7452043912546,182.7452043912546
TN,TCGA-LUAD,TCGA-05-4396-01,TCGA-44-2665-11,0.002103197271330558,0.3775519356118014,179.51332514469672,179.51332514469672
TN,TCGA-LUAD,TCGA-50-6590-01,TCGA-KN-8436-11,0.002613135181667018,0.44573059282929095,170.57310925068273,170.57310925068273
TN,TCGA-LUAD,TCGA-55-7281-01,TCGA-91-6831-11,0.003160742415010535,0.3665558101072809,115.9714275881792,115.9714275881792
TN,TCGA-LUAD,TCGA-55-6978-01,TCGA-44-6776-11,0.0014581455485269629,0.3267558613542403,224.09001740898444,224.09001740898444
TN,TCGA-LUAD,TCGA-38-6178-01,TCGA-44-3396-11,0.0014763241506162285,0.2854194369785952,193.33114401702298,193.33114401702298
TN,TCGA-LUAD,TCGA-86-8672-01,TCGA-49-6761-11,0.002258857705000175,0.4281845214670383,189.55798787998694,189.55798787998694
TN,TCGA-LUAD,TCGA-05-5428-01,TCGA-55-6981-11,0.010237578533019775,0.23007866541720717,22.47393411197022,22.47393411197022
TN,TCGA-LUAD,TCGA-38-4630-01,TCGA-50-5932-11,0.003087045326821064,0.40117577139376714,129.9546099657968,129.9546099657968
TN,TCGA-LUAD,TCGA-MP-A4TJ-01,TCGA-44-2662-11,0.0012433362380996245,0.21212374157439784,170.60850884441209,170.60850884441209
TN,TCGA-LUAD,TCGA-55-7995-01,TCGA-49-6742-11,0.002227118738139771,0.37261806212594295,167.30947288296667,167.30947288296667
TN,TCGA-LUAD,TCGA-97-A4M5-01,TCGA-49-6761-11,0.0011693278587932027,0.1511156803395321,129.23294284247197,129.23294284247197
TN,TCGA-LUAD,TCGA-55-6985-01,TCGA-50-5933-11,0.0016059076796871336,0.2320459640341023,144.49520789346371,144.49520789346371
TN,TCGA-LUAD,TCGA-78-7163-01,TCGA-44-3396-11,0.0028412271657161266,0.16313960729961413,57.41871303644778,57.41871303644778
TN,TCGA-LUAD,TCGA-55-8091-01,TCGA-KN-8428-11,0.0013665590752428665,0.3571291146917278,261.334560035949,261.334560035949
TN,TCGA-LUAD,TCGA-86-8075-01,TCGA-55-6985-11,0.0013640662715386533,0.3006715078321049,220.42294726116964,220.42294726116964
TN,TCGA-LUAD,TCGA-55-6972-01,TCGA-KN-8419-11,0.0037450665070661473,0.40195930204520514,107.33035081934942,107.33035081934942
TN,TCGA-LUAD,TCGA-TQ-A7RK-01,TCGA-91-6836-11,0.0026306679891027135,0.22145027349277113,84.18024410914163,84.18024410914163
TN,TCGA-LUAD,TCGA-78-7540-01,TCGA-38-4627-11,0.002521511135732977,0.33370597566580756,132.3436454183268,132.3436454183268
TN,TCGA-LUAD,TCGA-78-7160-01,TCGA-KN-8428-11,0.0017322523275918212,0.2393367735216673,138.16507543932326,138.16507543932326
TN,TCGA-LUAD,TCGA-NJ-A55R-01,TCGA-50-6595-11,0.0019127261173302503,0.3762508574656146,196.7092173085287,196.7092173085287
TN,TCGA-LUAD,TCGA-49-4501-01,TCGA-KN-8423-11,0.002043303635724052,0.33314168042316933,163.04071240254967,163.04071240254967
TN,TCGA-LUAD,TCGA-73-4662-01,TCGA-49-6761-11,0.0015279682552011798,0.31629101442680896,207.0010377180019,207.0010377180019
TN,TCGA-LUAD,TCGA-55-8203-01,TCGA-44-6144-11,0.0013602877643065624,0.3406009231801017,250.38887514637813,250.38887514637813
TN,TCGA-LUAD,TCGA-05-4432-01,TCGA-38-4632-11,0.0022517361453484354,0.19267264176439428,85.56626057738215,85.56626057738215
TN,TCGA-LUAD,TCGA-44-7667-01,TCGA-44-6148-11,0.0032425179815596073,0.3688079286407734,113.7412130752107,113.7412130752107
TN,TCGA-LUAD,TCGA-86-8672-01,TCGA-38-4632-11,0.0026799552603319773,0.38082445885125793,142.10105089742567,142.10105089742567
TN,TCGA-LUAD,TCGA-55-8512-01,TCGA-KN-8425-11,0.0016949342504124212,0.19935862153142989,117.62026844576467,117.62026844576467
TN,TCGA-LUAD,TCGA-MT-A51W-01,TCGA-50-5930-11,0.0026381228512373477,0.3916906599439867,148.47324481506755,148.47324481506755
TN,TCGA-LUAD,TCGA-97-8552-01,TCGA-50-5933-11,0.002342267765265192,0.2607633397810834,111.32943194970697,111.32943194970697
TN,TCGA-LUAD,TCGA-93-7348-01,TCGA-55-6983-11,0.0012222261546661647,0.28628426139112123,234.23182387167626,234.23182387167626
TN,TCGA-LUAD,TCGA-55-8615-01,TCGA-KN-8436-11,0.0023361615095724314,0.4222886194025822,180.76174000481254,180.76174000481254
TN,TCGA-LUAD,TCGA-55-8512-01,TCGA-44-6145-11,0.001094732349728253,0.20100214666764832,183.6084835873749,183.6084835873749
TN,TCGA-LUAD,TCGA-KN-8425-01,TCGA-50-5939-11,0.003042275263303234,0.2030254885801509,66.73475310702504,66.73475310702504
TN,TCGA-LUAD,TCGA-KN-8430-01,TCGA-38-4632-11,0.0034856220575401158,0.3519002080287109,100.95764894173726,100.95764894173726
TN,TCGA-LUAD,TCGA-KN-8431-01,TCGA-50-5932-11,0.005273905720980119,0.1507203977626152,28.578515759778288,28.578515759778288
TN,TCGA-LUAD,TCGA-05-5715-01,TCGA-49-6761-11,0.0016999283599657428,0.3056433577415444,179.79778733011062,179.79778733011062
TN,TCGA-LUAD,TCGA-67-3773-01,TCGA-91-6835-11,0.0035666016024658437,0.21321899233837566,59.78211645252509,59.78211645252509
TN,TCGA-LUAD,TCGA-50-5935-01,TCGA-55-6979-11,0.0014466684403328489,0.289527631299312,200.13406197808368,200.13406197808368
TN,TCGA-LUAD,TCGA-55-7283-01,TCGA-91-6828-11,0.0015475660120655877,0.2814324811020842,181.85491210578274,181.85491210578274
TN,TCGA-LUAD,TCGA-97-7554-01,TCGA-KN-8426-11,0.0017264718949118601,0.41661915306530656,241.31244435147656,241.31244435147656
TN,TCGA-LUAD,TCGA-91-6847-01,TCGA-91-6847-11,0.0023271067143633417,0.3718540200233187,159.79242280904674,159.79242280904674
TN,TCGA-LUAD,TCGA-TQ-A7RJ-01,TCGA-44-2661-11,0.0018205437247964117,0.15788141941725087,86.72212442187099,86.72212442187099
TN,TCGA-LUAD,TCGA-91-A4BD-01,TCGA-KN-8423-11,0.0036051150456364255,0.4477251380985084,124.19163672472196,124.19163672472196
TN,TCGA-LUAD,TCGA-97-7937-01,TCGA-55-6969-11,0.0019278414435435721,0.3275229285652473,169.89100927471827,169.89100927471827
TN,TCGA-LUAD,TCGA-TQ-A7RG-01,TCGA-KN-8426-11,0.0019536641681809725,0.30428853669416733,155.75273460509123,155.75273460509123
TN,TCGA-LUAD,TCGA-55-1594-01,TCGA-KN-8437-11,0.0022727556552997012,0.41573204373068173,182.91981487814644,182.91981487814644
TN,TCGA-LUAD,TCGA-97-A4M5-01,TCGA-KN-8422-11,0.0012570464627797901,0.16178303078406817,128.70091565772887,128.70091565772887
TN,TCGA-LUAD,TCGA-78-7155-01,TCGA-50-5930-11,0.003671602695421804,0.4641662688295652,126.4206144658145,126.4206144658145
TN,TCGA-LUAD,TCGA-78-7539-01,TCGA-49-6745-11,0.002768556237659189,0.3791509243600817,136.9489697202804,136.9489697202804
TN,TCGA-LUAD,TCGA-44-2659-01,TCGA-55-6970-11,0.0016403311741351202,0.2893002717205351,176.36698996047022,176.36698996047022
TN,TCGA-LUAD,TCGA-05-4434-01,TCGA-91-6828-11,0.0014503849767866818,0.24267854263889685,167.32008847509545,167.32008847509545
TN,TCGA-LUAD,TCGA-97-7554-01,TCGA-91-6836-11,0.0013753834484860163,0.34515163619834327,250.9493891163781,250.9493891163781
TN,TCGA-LUAD,TCGA-78-7161-01,TCGA-55-6983-11,0.0017712973931291712,0.3453663350680478,194.97930523000667,194.97930523000667
TN,TCGA-LUAD,TCGA-78-8660-01,TCGA-KN-8419-11,0.003039268303526521,0.36436270396668025,119.88500769869617,119.88500769869617
TN,TCGA-LUAD,TCGA-KN-8434-01,TCGA-55-6978-11,0.0026212119616284934,0.16518823248565398,63.01979195266096,63.01979195266096
TN,TCGA-LUAD,TCGA-L3-A524-01,TCGA-KN-8432-11,0.005871797905269363,0.4327403020402257,73.6980919680297,73.6980919680297
TN,TCGA-LUAD,TCGA-KN-8423-01,TCGA-KN-8429-11,0.003271077685910265,0.2495743260497548,76.29727876068588,76.29727876068588
TN,TCGA-LUAD,TCGA-KN-8433-01,TCGA-KN-8426-11,0.007659225067027918,0.05047288187084993,6.589815735815086,6.589815735815086
TN,TCGA-LUAD,TCGA-44-6147-01,TCGA-50-5932-11,0.0014508954221325058,0.33439315174259354,230.47364175366076,230.47364175366076
TN,TCGA-LUAD,TCGA-55-7910-01,TCGA-44-2655-11,0.0030486689644181994,0.3827439010305592,125.54459191787033,125.54459191787033
TN,TCGA-LUAD,TCGA-N6-A4VC-01,TCGA-38-4632-11,0.003030920142883123,0.37724968467273,124.46704858211018,124.46704858211018
TN,TCGA-LUAD,TCGA-44-3917-01,TCGA-44-2661-11,0.011582461573247039,0.07706005697980721,6.653167506102428,6.653167506102428
TN,TCGA-LUAD,TCGA-55-7903-01,TCGA-KN-8423-11,0.0020894578922637506,0.435235283572585,208.30057651989551,208.30057651989551
TN,TCGA-LUAD,TCGA-NJ-A4YQ-01,TCGA-44-6144-11,0.002088731949599211,0.3857546235917494,184.6836419894705,184.6836419894705
TN,TCGA-LUAD,TCGA-86-8075-01,TCGA-91-6836-11,0.0015698333744492772,0.2442875603882666,155.61368764628705,155.61368764628705
TN,TCGA-LUAD,TCGA-MT-A51X-01,TCGA-91-6829-11,0.00264438292029641,0.35164924362415073,132.97969856223932,132.97969856223932
TN,TCGA-LUAD,TCGA-50-6593-01,TCGA-44-3398-11,0.0014066372760352392,0.2626405488511108,186.71519184490253,186.71519184490253
TN,TCGA-LUAD,TCGA-MP-A4T4-01,TCGA-49-6742-11,0.0017106626281524796,0.3385611401536643,197.91227947693653,197.91227947693653
TN,TCGA-LUAD,TCGA-75-5122-01,TCGA-38-4625-11,0.0017520558140371176,0.391578708985981,223.49670932211828,223.49670932211828
TN,TCGA-LUAD,TCGA-49-4514-01,TCGA-55-6983-11,0.005964574741170028,0.2884426714280622,48.35930203659086,48.35930203659086
TN,TCGA-LUAD,TCGA-55-6969-01,TCGA-55-6979-11,0.0015632218298861603,0.3456745540932543,221.1295591479986,221.1295591479986
TN,TCGA-LUAD,TCGA-38-A44F-01,TCGA-91-6836-11,0.001352790478592332,0.2031193286346643,150.1484020245496,150.1484020245496
TN,TCGA-LUAD,TCGA-97-A4M0-01,TCGA-55-6971-11,0.0016741883205555474,0.32656788990625985,195.0604277288797,195.0604277288797
TN,TCGA-LUAD,TCGA-78-7540-01,TCGA-91-6847-11,0.0016450496511557894,0.3367127305455881,204.6824120530455,204.6824120530455
TN,TCGA-LUAD,TCGA-86-8073-01,TCGA-55-6980-11,0.0017575773444582041,0.21730961945836294,123.64156840298338,123.64156840298338
TN,TCGA-LUAD,TCGA-97-A4M0-01,TCGA-KN-8434-11,0.0023828226362156524,0.40145129558261006,168.47720408606926,168.47720408606926
TN,TCGA-LUAD,TCGA-55-6975-01,TCGA-55-6968-11,0.0015446506346637739,0.4112702795249136,266.25456287365284,266.25456287365284
TN,TCGA-LUAD,TCGA-91-8497-01,TCGA-50-6595-11,0.0009854765600455615,0.21956453460381017,222.80036228731717,222.80036228731717
TN,TCGA-LUAD,TCGA-55-7724-01,TCGA-55-6980-11,0.00461678726159411,0.34324969020657614,74.34817130561416,74.34817130561416
TN,TCGA-LUAD,TCGA-86-6562-01,TCGA-KN-8419-11,0.002310538827001029,0.31514190423486915,136.3932518909057,136.3932518909057
TN,TCGA-LUAD,TCGA-91-6835-01,TCGA-50-5933-11,0.0013892917310541642,0.19564427557830738,140.82303320833614,140.82303320833614
TN,TCGA-LUAD,TCGA-NJ-A55A-01,TCGA-55-6969-11,0.0006557382454911893,0.1922314831774876,293.15277017812815,293.15277017812815
TN,TCGA-LUAD,TCGA-55-8097-01,TCGA-91-6847-11,0.0009592747875524576,0.262704709570029,273.85761929624687,273.85761929624687
TN,TCGA-LUAD,TCGA-NJ-A4YI-01,TCGA-55-6985-11,0.0017848440507290861,0.2715652150069279,152.15066823120873,152.15066823120873
TN,TCGA-LUAD,TCGA-TQ-A7RR-01,TCGA-55-6984-11,0.0019608906914391757,0.37143220206614047,189.42014651185457,189.42014651185457
TN,TCGA-LUAD,TCGA-93-A4JO-01,TCGA-55-6969-11,0.0015793161074616395,0.2211329020582004,140.01813887253826,140.01813887253826
TN,TCGA-LUAD,TCGA-50-5066-01,TCGA-KN-8425-11,0.009714144209520947,0.4621697558271126,47.57699143215669,47.57699143215669
TN,TCGA-LUAD,TCGA-49-AAR4-01,TCGA-55-6980-11,0.001926881216299508,0.37152360370610693,192.81084924352626,192.81084924352626
TN,TCGA-LUAD,TCGA-MP-A4TI-01,TCGA-49-6761-11,0.0015308076355785335,0.2131633897481291,139.2489721071772,139.2489721071772
TN,TCGA-LUAD,TCGA-TQ-A7RP-01,TCGA-44-6144-11,0.002067167594216478,0.34844428893560686,168.5612186987085,168.5612186987085
TN,TCGA-LUAD,TCGA-86-7953-01,TCGA-55-6983-11,0.001517412440522308,0.3145000613629261,207.26076376088767,207.26076376088767
TN,TCGA-LUAD,TCGA-55-6987-01,TCGA-50-5933-11,0.002254351470413733,0.3283149309768364,145.6360888200729,145.6360888200729
TN,TCGA-LUAD,TCGA-91-8499-01,TCGA-55-6986-11,0.0038950217829065124,0.3672727636773717,94.29286513599632,94.29286513599632
TN,TCGA-LUAD,TCGA-44-A479-01,TCGA-91-6828-11,0.0016937653277859085,0.41424052427764,244.5678379891833,244.5678379891833
TN,TCGA-LUAD,TCGA-93-A4JP-01,TCGA-49-6745-11,0.0030906580106866057,0.09225709069780397,29.850307079853387,29.850307079853387
TN,TCGA-LUAD,TCGA-86-6851-01,TCGA-44-2655-11,0.0014587055583016866,0.37473822747479024,256.89778539754326,256.89778539754326
TN,TCGA-LUAD,TCGA-NJ-A7XG-01,TCGA-44-6145-11,0.001794294172005884,0.328279346503932,182.95737211080652,182.95737211080652
TN,TCGA-LUAD,TCGA-NJ-A4YG-01,TCGA-73-4676-11,0.0025366160005045324,0.26993105638738785,106.41384282591397,106.41384282591397
TN,TCGA-LUAD,TCGA-44-A479-01,TCGA-44-6147-11,0.0020924779009820114,0.39007011440381656,186.41540454059492,186.41540454059492
TN,TCGA-LUAD,TCGA-67-3773-01,TCGA-KN-8434-11,0.003163736495659211,0.42753348861311025,135.13561865841402,135.13561865841402
TN,TCGA-LUAD,TCGA-55-6981-01,TCGA-44-2661-11,0.0018610208934470014,0.3262270709160216,175.29468479624674,175.29468479624674
TN,TCGA-LUAD,TCGA-73-7498-01,TCGA-44-2662-11,0.0012185527720330739,0.2816042221365481,231.0972726004392,231.0972726004392
TN,TCGA-LUAD,TCGA-78-8655-01,TCGA-55-6985-11,0.0014897143483822638,0.2864470688886067,192.2832180543003,192.2832180543003
TN,TCGA-LUAD,TCGA-05-4398-01,TCGA-55-6971-11,0.0023941485288988635,0.3651356705744724,152.51170350003665,152.51170350003665
TN,TCGA-LUAD,TCGA-MP-A4TA-01,TCGA-91-6829-11,0.002020749323313589,0.3754764958560148,185.8105265824437,185.8105265824437
TN,TCGA-LUAD,TCGA-50-5939-01,TCGA-91-6829-11,0.0015784554787137983,0.29317373186783124,185.73455876419357,185.73455876419357
TN,TCGA-LUAD,TCGA-78-7166-01,TCGA-55-6972-11,0.005335379785054443,0.23354911839212858,43.77366331940425,43.77366331940425
TN,TCGA-LUAD,TCGA-MP-A4TE-01,TCGA-44-2657-11,0.00201296886326624,0.3373934162629454,167.6098534954442,167.6098534954442
TN,TCGA-LUAD,TCGA-MP-A4T4-01,TCGA-38-4627-11,0.0032940382431258615,0.3109521741528053,94.39847117795716,94.39847117795716
TN,TCGA-LUAD,TCGA-TQ-A7RS-01,TCGA-KN-8429-11,0.0036226354361171935,0.38192368079984573,105.42702613465254,105.42702613465254
TN,TCGA-LUAD,TCGA-78-7167-01,TCGA-55-6978-11,0.0014445461695605163,0.32154212448372144,222.59041023351043,222.59041023351043
TN,TCGA-LUAD,TCGA-44-7670-01,TCGA-55-6968-11,0.002091262302816819,0.23519463440897886,112.46539187943293,112.46539187943293
TN,TCGA-LUAD,TCGA-49-AAR0-01,TCGA-44-6148-11,0.003344754724313108,0.29887003143309465,89.35484245245271,89.35484245245271
TN,TCGA-LUAD,TCGA-49-AARE-01,TCGA-38-4625-11,0.003450017229871477,0.38773530316754873,112.38648311967792,112.38648311967792
TN,TCGA-LUAD,TCGA-50-5941-01,TCGA-55-6983-11,0.0012537281765954479,0.2589612095681398,206.55291505959445,206.55291505959445
TN,TCGA-LUAD,TCGA-MT-A67F-01,TCGA-44-2662-11,0.003164820958135405,0.37404465332468156,118.18825085923812,118.18825085923812
TN,TCGA-LUAD,TCGA-KN-8421-01,TCGA-44-3398-11,0.0038792153210110256,0.07868719116276712,20.284306142165672,20.284306142165672
TN,TCGA-LUAD,TCGA-50-5944-01,TCGA-44-2661-11,0.001138022296772475,0.24721779324385487,217.2345778681006,217.2345778681006
TN,TCGA-LUAD,TCGA-MP-A4T9-01,TCGA-55-6985-11,0.0010171355534160178,0.18635217192933395,183.21272056952097,183.21272056952097
TN,TCGA-LUAD,TCGA-55-6543-01,TCGA-91-6835-11,0.0009459098861705005,0.2250981964150072,237.97002199259518,237.97002199259518
TN,TCGA-LUAD,TCGA-44-3396-01,TCGA-38-4632-11,0.001822789512791047,0.3434398150311787,188.41441242730502,188.41441242730502
TN,TCGA-LUAD,TCGA-NJ-A4YP-01,TCGA-44-2668-11,0.0017118412110069569,0.376297422108322,219.82028455020804,219.82028455020804
TN,TCGA-LUAD,TCGA-50-6597-01,TCGA-49-6743-11,0.006003835193627811,0.3134922446164986,52.21533145167352,52.21533145167352
TN,TCGA-LUAD,TCGA-TQ-A7RQ-01,TCGA-KN-8434-11,0.002816088805762115,0.39322659661775816,139.6357230685201,139.6357230685201
TN,TCGA-LUAD,TCGA-05-4427-01,TCGA-KN-8419-11,0.002805178992867332,0.4299043577324132,153.253806201145,153.253806201145
TN,TCGA-LUAD,TCGA-KN-8423-01,TCGA-55-6979-11,0.0028996029649641323,0.25828364324149183,89.0755204634324,89.0755204634324
TN,TCGA-LUAD,TCGA-44-2656-01,TCGA-KN-8424-11,0.0035238202332692798,0.4404936135993607,125.00456448956983,125.00456448956983
TN,TCGA-LUAD,TCGA-TQ-A7RW-01,TCGA-55-6968-11,0.0019997000682245034,0.25155916634246456,125.79844864726103,125.79844864726103
TN,TCGA-LUAD,TCGA-64-1678-01,TCGA-44-2665-11,0.01174026059763986,0.2628816203179356,22.391463812207252,22.391463812207252
TN,TCGA-LUAD,TCGA-49-4506-01,TCGA-50-5936-11,0.009022686831520145,0.1901344655244928,21.0729319408794,21.0729319408794
TN,TCGA-LUAD,TCGA-NJ-A4YQ-01,TCGA-55-6972-11,0.002227748281731275,0.3184731235897935,142.95740959669598,142.95740959669598
TN,TCGA-LUAD,TCGA-67-3774-01,TCGA-KN-8426-11,0.0015470137935403414,0.28426717881221303,183.75219406523036,183.75219406523036
TN,TCGA-LUAD,TCGA-97-A4M3-01,TCGA-44-2668-11,0.0018934335547513602,0.34562292179968357,182.5376554315209,182.5376554315209
TN,TCGA-LUAD,TCGA-49-4505-01,TCGA-55-6971-11,0.0029079894431718436,0.342913801681621,117.92126772908543,117.92126772908543
TN,TCGA-LUAD,TCGA-55-6979-01,TCGA-49-6761-11,0.0015587571413330982,0.31916771112874787,204.75781804969668,204.75781804969668
TN,TCGA-LUAD,TCGA-TQ-A7RP-01,TCGA-55-6981-11,0.0020079174762391793,0.2237945788054784,111.45606403339079,111.45606403339079
TN,TCGA-LUAD,TCGA-05-4396-01,TCGA-49-4490-11,0.005193639781432762,0.35042297979463843,67.4715603202592,67.4715603202592
TN,TCGA-LUAD,TCGA-78-8655-01,TCGA-55-6970-11,0.0019035579372918877,0.3114442663090794,163.61165594579072,163.61165594579072
TN,TCGA-LUAD,TCGA-78-7146-01,TCGA-KN-8431-11,0.0033998876037513235,0.43587162488393055,128.20177478896778,128.20177478896778
TN,TCGA-LUAD,TCGA-05-4426-01,TCGA-50-5935-11,0.001513001286893058,0.3284641052702829,217.09439913615844,217.09439913615844
TN,TCGA-LUAD,TCGA-55-A490-01,TCGA-KN-8433-11,0.004720930699555839,0.43648832999105336,92.45811001464597,92.45811001464597
TN,TCGA-LUAD,TCGA-44-2661-01,TCGA-55-6972-11,0.003057077755856117,0.28479576064058193,93.15947561197262,93.15947561197262
TN,TCGA-LUAD,TCGA-05-4410-01,TCGA-50-5939-11,0.001576566914090726,0.372528501598247,236.2909549025391,236.2909549025391
TN,TCGA-LUAD,TCGA-NJ-A4YQ-01,TCGA-55-6981-11,0.0021761945231942607,0.3633847637885965,166.98174722690382,166.98174722690382
TN,TCGA-LUAD,TCGA-N6-A4VG-01,TCGA-44-5645-11,0.0029502649873711937,0.35216569007272447,119.3674776944421,119.3674776944421
TN,TCGA-LUAD,TCGA-50-5931-01,TCGA-50-5939-11,0.002680156461272576,0.42132737061962217,157.20252780301118,157.20252780301118
TN,TCGA-LUAD,TCGA-J2-A4AD-01,TCGA-KN-8431-11,0.002175728194929012,0.3279661411350981,150.73856279451243,150.73856279451243
TN,TCGA-LUAD,TCGA-49-AARQ-01,TCGA-KN-8437-11,0.0061852567693038395,0.3708138582389753,59.95124730783181,59.95124730783181
TN,TCGA-LUAD,TCGA-N6-A4VF-01,TCGA-50-5933-11,0.003016021317151045,0.4068332591463041,134.8907107628144,134.8907107628144
TN,TCGA-LUAD,TCGA-49-4490-01,TCGA-KN-8425-11,0.003252263358880646,0.2935673716737595,90.26555948248871,90.26555948248871
TN,TCGA-LUAD,TCGA-55-8619-01,TCGA-91-6849-11,0.0009537881860469402,0.2307134168617674,241.8916696986777,241.8916696986777
TN,TCGA-LUAD,TCGA-55-7815-01,TCGA-73-4676-11,0.006645811578971194,0.3941914933026843,59.3142746553322,59.3142746553322
TN,TCGA-LUAD,TCGA-44-7670-01,TCGA-50-5936-11,0.002523426294866228,0.2731785553530776,108.25699799865143,108.25699799865143
TN,TCGA-LUAD,TCGA-78-7163-01,TCGA-91-6849-11,0.00288431344525288,0.1434601281455312,49.73805062055363,49.73805062055363
TN,TCGA-LUAD,TCGA-91-8497-01,TCGA-55-6980-11,0.0006779055486237805,0.19010243734992255,280.4261415706811,280.4261415706811
TN,TCGA-LUAD,TCGA-55-8614-01,TCGA-55-6979-11,0.001724898942640151,0.2338793770197875,135.59019096029414,135.59019096029414
TN,TCGA-LUAD,TCGA-78-7166-01,TCGA-91-6829-11,0.004033339136986293,0.24310507378685797,60.27389850695913,60.27389850695913
TN,TCGA-LUAD,TCGA-NJ-A55R-01,TCGA-49-4512-11,0.005226485302309177,0.3027081644681632,57.91811264338962,57.91811264338962
TN,TCGA-LUAD,TCGA-05-4389-01,TCGA-38-4627-11,0.0020119488281971553,0.3555927652199261,176.74046190258312,176.74046190258312
TN,TCGA-LUAD,TCGA-91-6835-01,TCGA-KN-8434-11,0.002392419588361784,0.1891142192379926,79.04726251112544,79.04726251112544
TN,TCGA-LUAD,TCGA-44-6774-01,TCGA-KN-8426-11,0.00158662254610351,0.3572607561311104,225.17060343588676,225.17060343588676
TN,TCGA-LUAD,TCGA-91-8496-01,TCGA-44-3398-11,0.003472349840836555,0.13677811694340358,39.39064990941441,39.39064990941441
TN,TCGA-LUAD,TCGA-NJ-A4YP-01,TCGA-KN-8426-11,0.002388146796148855,0.42364695926332485,177.395694413133,177.395694413133
TN,TCGA-LUAD,TCGA-55-8619-01,TCGA-38-4626-11,0.001462902116639614,0.1570340354318325,107.3441849906885,107.3441849906885
TN,TCGA-LUAD,TCGA-91-A4BC-01,TCGA-55-6980-11,0.002249797307734743,0.35372062688120787,157.22333103747872,157.22333103747872
TN,TCGA-LUAD,TCGA-49-4494-01,TCGA-44-2662-11,0.004291626521989722,0.3830764745532236,89.26137271973477,89.26137271973477
TN,TCGA-LUAD,TCGA-73-4668-01,TCGA-49-4490-11,0.00440241216144115,0.3453342093908961,78.44204420829361,78.44204420829361
TN,TCGA-LUAD,TCGA-50-6591-01,TCGA-KN-8422-11,0.0027012117701604803,0.43396836817334417,160.65692181830005,160.65692181830005
TN,TCGA-LUAD,TCGA-44-6147-01,TCGA-44-6146-11,0.0014003921556999207,0.32765156107010923,233.9712913532766,233.9712913532766
TN,TCGA-LUAD,TCGA-49-AARR-01,TCGA-KN-8427-11,0.0011676132780567329,0.18230221484157155,156.13235843376023,156.13235843376023
TN,TCGA-LUAD,TCGA-55-8619-01,TCGA-91-6835-11,0.0007053838187952449,0.23906541112853213,338.9153603450135,338.9153603450135
TN,TCGA-LUAD,TCGA-50-5944-01,TCGA-KN-8435-11,0.001464909344892171,0.36768476375137493,250.99489264193306,250.99489264193306
TN,TCGA-LUAD,TCGA-J2-8192-01,TCGA-KN-8426-11,0.0012981897324134011,0.20146981643426057,155.1928900714057,155.1928900714057
TN,TCGA-LUAD,TCGA-05-4420-01,TCGA-73-4676-11,0.0026757199556629273,0.3949207684571305,147.59420828824602,147.59420828824602
TN,TCGA-LUAD,TCGA-TQ-A7RW-01,TCGA-KN-8437-11,0.0011477976906981138,0.1219591458723695,106.25491483450492,106.25491483450492
TN,TCGA-LUAD,TCGA-91-6836-01,TCGA-50-5939-11,0.0029716922527632077,0.4323448488313514,145.4877598544528,145.4877598544528
TN,TCGA-LUAD,TCGA-55-6981-01,TCGA-44-6148-11,0.0022302635405709527,0.3551326200324316,159.23347782545773,159.23347782545773
TN,TCGA-LUAD,TCGA-86-7955-01,TCGA-44-2655-11,0.002643505434612219,0.2788181157387066,105.47287404370589,105.47287404370589
TN,TCGA-LUAD,TCGA-73-4670-01,TCGA-91-6829-11,0.0027729208612456337,0.35081044311312903,126.51296617081968,126.51296617081968
TN,TCGA-LUAD,TCGA-86-8073-01,TCGA-44-2655-11,0.001665766552540495,0.22683969535872495,136.17736231572607,136.17736231572607
TN,TCGA-LUAD,TCGA-MP-A4TF-01,TCGA-44-3396-11,0.002009473855304281,0.3301026686330836,164.27318412814003,164.27318412814003
TN,TCGA-LUAD,TCGA-49-AARR-01,TCGA-KN-8431-11,0.0015243086828437623,0.14604304562012546,95.80936411624081,95.80936411624081
TN,TCGA-LUAD,TCGA-86-8674-01,TCGA-55-6968-11,0.0017974171636295825,0.3235750130685353,180.02221165793802,180.02221165793802
TN,TCGA-LUAD,TCGA-44-6148-01,TCGA-50-5932-11,0.000772223896452961,0.2681972996718379,347.3051027088681,347.3051027088681
TN,TCGA-LUAD,TCGA-L3-A4E7-01,TCGA-55-6980-11,0.0015916226718066938,0.3296300691845074,207.1031501519989,207.1031501519989
TN,TCGA-LUAD,TCGA-75-6205-01,TCGA-55-6970-11,0.0013827048182480403,0.3436901091015948,248.56361572317962,248.56361572317962
TN,TCGA-LUAD,TCGA-55-A48Y-01,TCGA-91-6847-11,0.002287494865815834,0.4033060778713229,176.30906363913692,176.30906363913692
TN,TCGA-LUAD,TCGA-78-7220-01,TCGA-50-5939-11,0.0023235625417473505,0.37862939483339864,162.95209964465352,162.95209964465352
TN,TCGA-LUAD,TCGA-55-7910-01,TCGA-44-2668-11,0.002957402914940229,0.35973000703460695,121.63713142274945,121.63713142274945
TN,TCGA-LUAD,TCGA-MT-A67F-01,TCGA-55-6982-11,0.0033284133485841144,0.2636152573537315,79.20147822561513,79.20147822561513
TN,TCGA-LUAD,TCGA-97-A4M6-01,TCGA-55-6984-11,0.0014492063794649655,0.18632537127682042,128.5706259074088,128.5706259074088
TN,TCGA-LUAD,TCGA-50-5942-01,TCGA-91-6835-11,0.0007715916637521635,0.23919495000449614,310.00198841096596,310.00198841096596
TN,TCGA-LUAD,TCGA-44-2655-01,TCGA-91-6829-11,0.0017512275274091716,0.273631031093421,156.25098784179147,156.25098784179147
TN,TCGA-LUAD,TCGA-05-4430-01,TCGA-55-6984-11,0.0015630564540338252,0.1895739692465404,121.28414732385471,121.28414732385471
TN,TCGA-LUAD,TCGA-KN-8423-01,TCGA-91-6835-11,0.002753227099533983,0.10360699767763537,37.63111212118031,37.63111212118031
TN,TCGA-LUAD,TCGA-55-8616-01,TCGA-55-6982-11,0.0022794647136669104,0.31046020318332634,136.19873179958017,136.19873179958017
TN,TCGA-LUAD,TCGA-55-8087-01,TCGA-KN-8432-11,0.004822697751315685,0.3585985589834979,74.35642403376166,74.35642403376166
TN,TCGA-LUAD,TCGA-05-4430-01,TCGA-49-6743-11,0.0012795171625069267,0.12816481459974596,100.16654590911135,100.16654590911135
TN,TCGA-LUAD,TCGA-50-6594-01,TCGA-KN-8422-11,0.0033039974872029606,0.4444936841631723,134.53208904812573,134.53208904812573
TN,TCGA-LUAD,TCGA-91-7771-01,TCGA-44-2662-11,0.0019792755300021237,0.27683444579679956,139.86655298896284,139.86655298896284
TN,TCGA-LUAD,TCGA-05-4402-01,TCGA-KN-8423-11,0.0015285647809081299,0.26802317461688596,175.34302632411283,175.34302632411283
TN,TCGA-LUAD,TCGA-55-6984-01,TCGA-50-5939-11,0.0021139196267902843,0.4065089519014714,192.3010443489297,192.3010443489297
TN,TCGA-LUAD,TCGA-78-8660-01,TCGA-44-2662-11,0.0020717978482613256,0.281153924500525,135.7052883979353,135.7052883979353
TN,TCGA-LUAD,TCGA-75-5146-01,TCGA-55-6979-11,0.0027576127965894424,0.27233187308910145,98.75638574999209,98.75638574999209
TN,TCGA-LUAD,TCGA-86-8358-01,TCGA-44-3396-11,0.0022447022901848183,0.3688913281090511,164.33864291138508,164.33864291138508
TN,TCGA-LUAD,TCGA-44-2659-01,TCGA-50-5932-11,0.001744967876992558,0.3204397042328697,183.63644881827034,183.63644881827034
TN,TCGA-LUAD,TCGA-78-7166-01,TCGA-KN-8425-11,0.005573744286125169,0.46961578486832156,84.25499283082387,84.25499283082387
TN,TCGA-LUAD,TCGA-86-8281-01,TCGA-44-6148-11,0.001385653017610789,0.34177971231387627,246.6560588906952,246.6560588906952
TN,TCGA-LUAD,TCGA-KN-8427-01,TCGA-KN-8429-11,0.0034832944107612224,0.38279347321883384,109.8940910754598,109.8940910754598
TN,TCGA-LUAD,TCGA-64-1680-01,TCGA-44-3398-11,0.0027231555048368604,0.21371027276857513,78.47890889410597,78.47890889410597
TN,TCGA-LUAD,TCGA-50-7109-01,TCGA-KN-8424-11,0.0024483024251274726,0.37258511057097055,152.18099967840845,152.18099967840845
TN,TCGA-LUAD,TCGA-97-8552-01,TCGA-55-6969-11,0.0009540915256723128,0.23107823745393916,242.1971385723261,242.1971385723261
TN,TCGA-LUAD,TCGA-55-8206-01,TCGA-KN-8428-11,0.001434906879354751,0.3443135238893764,239.95530918647998,239.95530918647998
TN,TCGA-LUAD,TCGA-97-7552-01,TCGA-91-6828-11,0.0006429037231560541,0.24793615789500859,385.6505242773749,385.6505242773749
TN,TCGA-LUAD,TCGA-55-8301-01,TCGA-50-5933-11,0.0024920918625181386,0.36340058350585136,145.82150400292733,145.82150400292733
TN,TCGA-LUAD,TCGA-O1-A52J-01,TCGA-55-6985-11,0.0019736101155618324,0.2760901458810277,139.89092562105785,139.89092562105785
TN,TCGA-LUAD,TCGA-97-7938-01,TCGA-55-6972-11,0.001399756283383462,0.3007309291593834,214.845207504597,214.845207504597
TN,TCGA-LUAD,TCGA-44-6145-01,TCGA-49-4512-11,0.004378785920734124,0.21419462397628625,48.916441190250175,48.916441190250175
TN,TCGA-LUAD,TCGA-55-8506-01,TCGA-KN-8436-11,0.0025671715891979916,0.42624936674881875,166.0385182441128,166.0385182441128
TN,TCGA-LUAD,TCGA-50-5931-01,TCGA-55-6982-11,0.0023300447425532392,0.338839201188599,145.42175735960438,145.42175735960438
TN,TCGA-LUAD,TCGA-75-7031-01,TCGA-44-6144-11,0.002394222765414189,0.3597851486495755,150.27221102683583,150.27221102683583
TN,TCGA-LUAD,TCGA-78-7147-01,TCGA-44-6148-11,0.002431293506936441,0.3237607332123853,133.163985462348,133.163985462348
TN,TCGA-LUAD,TCGA-97-A4M6-01,TCGA-73-4676-11,0.0027493991975235665,0.14438379001205626,52.51466943836506,52.51466943836506
TN,TCGA-LUAD,TCGA-44-2665-01,TCGA-KN-8424-11,0.0033931101819487867,0.4204730841113592,123.91966707956009,123.91966707956009
TN,TCGA-LUAD,TCGA-44-7669-01,TCGA-91-6847-11,0.002281453346032088,0.22426872405680925,98.30081533197172,98.30081533197172
TN,TCGA-LUAD,TCGA-44-7659-01,TCGA-50-5939-11,0.0016013149409012336,0.34950709336797303,218.26255687795398,218.26255687795398
TN,TCGA-LUAD,TCGA-MP-A4T7-01,TCGA-KN-8432-11,0.004923367643544925,0.33109119780436697,67.24892833027893,67.24892833027893
TN,TCGA-LUAD,TCGA-78-7633-01,TCGA-44-2657-11,0.0017181069998173384,0.24522453899771035,142.7294918324537,142.7294918324537
TN,TCGA-LUAD,TCGA-MP-A4TH-01,TCGA-55-6983-11,0.0009435284726811919,0.3103031756602798,328.875264122663,328.875264122663
TN,TCGA-LUAD,TCGA-55-7724-01,TCGA-44-6777-11,0.003728327126991217,0.2920627596724765,78.33614104247687,78.33614104247687
TN,TCGA-LUAD,TCGA-49-4512-01,TCGA-50-5930-11,0.002866746849040052,0.3541203765642654,123.52690879658412,123.52690879658412
TN,TCGA-LUAD,TCGA-TQ-A7RI-01,TCGA-KN-8430-11,0.002789722179011669,0.4557790118390638,163.37792174005486,163.37792174005486
TN,TCGA-LUAD,TCGA-55-6971-01,TCGA-55-6970-11,0.0012517896460091237,0.2427486523327249,193.92128150815176,193.92128150815176
TN,TCGA-LUAD,TCGA-44-6146-01,TCGA-44-2657-11,0.003303733301405103,0.24062118728576243,72.83311494406175,72.83311494406175
TN,TCGA-LUAD,TCGA-55-6986-01,TCGA-44-2662-11,0.0017190691512984674,0.3000957713365115,174.56876072137044,174.56876072137044
TN,TCGA-LUAD,TCGA-55-7913-01,TCGA-49-6743-11,0.0024120188780942606,0.424653507342461,176.05729009798642,176.05729009798642
TN,TCGA-LUAD,TCGA-35-4122-01,TCGA-38-4625-11,0.005545726958920295,0.3635535823575385,65.55562238288039,65.55562238288039
TN,TCGA-LUAD,TCGA-55-7574-01,TCGA-38-4626-11,0.0018584054398004415,0.2041130542844849,109.83235945887184,109.83235945887184
TN,TCGA-LUAD,TCGA-55-7911-01,TCGA-55-6986-11,0.0019042383629656562,0.36918820104311334,193.87709449784455,193.87709449784455
TN,TCGA-LUAD,TCGA-64-5774-01,TCGA-KN-8429-11,0.002736172332984203,0.3847607886988965,140.6200859721645,140.6200859721645
TN,TCGA-LUAD,TCGA-78-7152-01,TCGA-KN-8432-11,0.004485637354837755,0.3675293567102712,81.93470127804495,81.93470127804495
TN,TCGA-LUAD,TCGA-86-8359-01,TCGA-49-6744-11,0.0028588304394244314,0.39473813880918585,138.0767930009373,138.0767930009373
TN,TCGA-LUAD,TCGA-MP-A4TD-01,TCGA-55-6969-11,0.0017630848312122898,0.3460343480545692,196.26642004323602,196.26642004323602
TN,TCGA-LUAD,TCGA-44-7672-01,TCGA-44-3398-11,0.001610494726910014,0.3462692210578094,215.0079818778302,215.0079818778302
TN,TCGA-LUAD,TCGA-73-4675-01,TCGA-91-6828-11,0.002209823584806975,0.3579308149468529,161.97257437548694,161.97257437548694
TN,TCGA-LUAD,TCGA-55-7914-01,TCGA-KN-8432-11,0.004751629573740608,0.37375546051975805,78.65837492578949,78.65837492578949
TN,TCGA-LUAD,TCGA-TQ-A8XE-01,TCGA-91-6836-11,0.0021432777758567728,0.2940951669528054,137.21747608531106,137.21747608531106
TN,TCGA-LUAD,TCGA-MP-A4SW-01,TCGA-91-6836-11,0.0019957159659592496,0.2634528823960319,132.00920716661307,132.00920716661307
TN,TCGA-LUAD,TCGA-TQ-A7RM-01,TCGA-50-5931-11,0.00323071381421201,0.3681198965162068,113.94382718049367,113.94382718049367
TN,TCGA-LUAD,TCGA-55-A48Z-01,TCGA-44-3396-11,0.002307177547585911,0.3684869739258867,159.71331478647963,159.71331478647963
TN,TCGA-LUAD,TCGA-KN-8431-01,TCGA-55-6980-11,0.004748784697965355,0.16349914734245874,34.429682064236545,34.429682064236545
TN,TCGA-LUAD,TCGA-05-4396-01,TCGA-55-6984-11,0.002024899578347101,0.3784460248535618,186.89619421150869,186.89619421150869
TN,TCGA-LUAD,TCGA-97-8179-01,TCGA-55-6970-11,0.0019375835836150292,0.3537874186728012,182.5920810150164,182.5920810150164
TN,TCGA-LUAD,TCGA-78-7163-01,TCGA-49-4512-11,0.004350544033498608,0.31859720309736594,73.23157762436377,73.23157762436377
TN,TCGA-LUAD,TCGA-55-8301-01,TCGA-91-6836-11,0.001624321711911684,0.36102225340106653,222.26031379964442,222.26031379964442
TN,TCGA-LUAD,TCGA-67-6217-01,TCGA-44-3396-11,0.0013518663873407011,0.2830496718911001,209.37695806454363,209.37695806454363
TN,TCGA-LUAD,TCGA-44-6145-01,TCGA-44-6148-11,0.0013398427396659554,0.34445271073376205,257.08443277428194,257.08443277428194
TN,TCGA-LUAD,TCGA-55-7281-01,TCGA-91-6828-11,0.0023422979576882648,0.35257851673415075,150.5267575275217,150.5267575275217
TN,TCGA-LUAD,TCGA-50-8460-01,TCGA-91-6829-11,0.001657129886371133,0.29578249527680706,178.49083388661015,178.49083388661015
TN,TCGA-LUAD,TCGA-44-3918-01,TCGA-91-6829-11,0.0034911301390965063,0.3203474309454976,91.76038078844077,91.76038078844077
TN,TCGA-LUAD,TCGA-44-7662-01,TCGA-55-6970-11,0.002002942107165381,0.39369160364812317,196.55665645038857,196.55665645038857
TN,TCGA-LUAD,TCGA-49-AARN-01,TCGA-55-6969-11,0.0012214934274032347,0.3008850629735717,246.3255685404885,246.3255685404885
TN,TCGA-LUAD,TCGA-KN-8425-01,TCGA-49-6743-11,0.0031712921050159886,0.25382822885515577,80.03937210756436,80.03937210756436
TN,TCGA-LUAD,TCGA-49-6767-01,TCGA-44-6144-11,0.002515065462130813,0.3391457758484474,134.84570519334173,134.84570519334173
TN,TCGA-LUAD,TCGA-55-8506-01,TCGA-91-6835-11,0.002150935264346473,0.2775585463419214,129.04086466137932,129.04086466137932
TN,TCGA-LUAD,TCGA-55-6978-01,TCGA-KN-8428-11,0.0017393892878768116,0.36624041464548224,210.55689902088233,210.55689902088233
TN,TCGA-LUAD,TCGA-44-7671-01,TCGA-91-6836-11,0.0013063237325658648,0.337897944871523,258.6632520315834,258.6632520315834
TN,TCGA-LUAD,TCGA-73-4670-01,TCGA-49-4512-11,0.0038068298418184768,0.38328601758124337,100.68377981353436,100.68377981353436
TN,TCGA-LUAD,TCGA-55-7283-01,TCGA-38-4627-11,0.0027949090145722166,0.2164172878587026,77.43267731805824,77.43267731805824
TN,TCGA-LUAD,TCGA-78-7161-01,TCGA-44-6145-11,0.0017377560645667404,0.35817031195378746,206.1108110953921,206.1108110953921
TN,TCGA-LUAD,TCGA-TQ-A7RW-01,TCGA-KN-8434-11,0.002166989258833531,0.3564480717610242,164.49000395733236,164.49000395733236
TN,TCGA-LUAD,TCGA-50-5942-01,TCGA-50-5931-11,0.001194696748168782,0.32872231022669557,275.1512555220038,275.1512555220038
TN,TCGA-LUAD,TCGA-49-4501-01,TCGA-KN-8424-11,0.0018598299676128515,0.25616345763947995,137.73488012362418,137.73488012362418
TN,TCGA-LUAD,TCGA-05-4382-01,TCGA-55-6984-11,0.0014042223174159179,0.39922277393114425,284.30168711874853,284.30168711874853
TN,TCGA-LUAD,TCGA-49-AAR9-01,TCGA-55-6982-11,0.0031632042874042135,0.2844608507519095,89.92806815690794,89.92806815690794
TN,TCGA-LUAD,TCGA-86-8281-01,TCGA-44-6778-11,0.0015220508015406091,0.3591602618160179,235.97127076998902,235.97127076998902
TN,TCGA-LUAD,TCGA-J2-8192-01,TCGA-50-6595-11,0.0011046671107507171,0.29929643653048077,270.938125719234,270.938125719234
TN,TCGA-LUAD,TCGA-78-7161-01,TCGA-44-5645-11,0.0019213122710224355,0.3748213050846697,195.08609336326506,195.08609336326506
TN,TCGA-LUAD,TCGA-93-8067-01,TCGA-49-6743-11,0.002117880518267776,0.31738814905758383,149.86121564458085,149.86121564458085
TN,TCGA-LUAD,TCGA-49-6743-01,TCGA-55-6971-11,0.0021121660347907644,0.2717029606553964,128.63712235686617,128.63712235686617
TN,TCGA-LUAD,TCGA-97-7552-01,TCGA-55-6985-11,0.0006050159582923259,0.262744386032917,434.2767863091086,434.2767863091086
TN,TCGA-LUAD,TCGA-55-8299-01,TCGA-49-4490-11,0.003762845022749422,0.1742848100833589,46.3172968936183,46.3172968936183
TN,TCGA-LUAD,TCGA-50-8457-01,TCGA-55-6968-11,0.0009117926368453857,0.27825137757334073,305.16958168913607,305.16958168913607
TN,TCGA-LUAD,TCGA-55-8097-01,TCGA-50-5932-11,0.0013063998502154657,0.23909652663779796,183.01940757139826,183.01940757139826
TN,TCGA-LUAD,TCGA-KN-8433-01,TCGA-44-3398-11,0.007230323221266419,0.0956143221325065,13.22407300565455,13.22407300565455
TN,TCGA-LUAD,TCGA-86-8281-01,TCGA-44-6777-11,0.0013902424106541215,0.33017342924965987,237.49342324718054,237.49342324718054
TN,TCGA-LUAD,TCGA-J2-A4AE-01,TCGA-49-4490-11,0.004621753108140099,0.16307040576050835,35.283236024291156,35.283236024291156
TN,TCGA-LUAD,TCGA-55-7227-01,TCGA-44-2657-11,0.0009911729340034525,0.26474956682412004,267.10734095085553,267.10734095085553
TN,TCGA-LUAD,TCGA-44-6148-01,TCGA-49-4512-11,0.004367246121073554,0.15216439924528566,34.842185447492184,34.842185447492184
TN,TCGA-LUAD,TCGA-44-6147-01,TCGA-91-6847-11,0.0017451868996734687,0.31637319498497746,181.28327404026018,181.28327404026018
TN,TCGA-LUAD,TCGA-44-6774-01,TCGA-55-6979-11,0.0011453564807765613,0.342966296722335,299.4406566676961,299.4406566676961
TN,TCGA-LUAD,TCGA-55-1595-01,TCGA-KN-8436-11,0.0023243209945209954,0.3456641720469695,148.7161940462553,148.7161940462553
TN,TCGA-LUAD,TCGA-64-5815-01,TCGA-KN-8422-11,0.002223668991092541,0.3142333362174444,141.3130000356097,141.3130000356097
TN,TCGA-LUAD,TCGA-MP-A4SY-01,TCGA-50-5935-11,0.0019118681717970108,0.38159886030793577,199.5947555051674,199.5947555051674
TN,TCGA-LUAD,TCGA-97-A4M7-01,TCGA-38-4626-11,0.0022373716213747044,0.12808584335532733,57.24835433312047,57.24835433312047
TN,TCGA-LUAD,TCGA-44-6146-01,TCGA-49-4512-11,0.0064272011273496885,0.35863675721378974,55.799834190295,55.799834190295
TN,TCGA-LUAD,TCGA-64-1677-01,TCGA-38-4632-11,0.0032700469283149214,0.3168613453081398,96.89810337719548,96.89810337719548
TN,TCGA-LUAD,TCGA-86-8671-01,TCGA-38-4632-11,0.0024527554958539964,0.0974611056793589,39.73535309332782,39.73535309332782
TN,TCGA-LUAD,TCGA-78-7159-01,TCGA-KN-8429-11,0.0025879650917417286,0.3707497557241911,143.2591795412018,143.2591795412018
TN,TCGA-LUAD,TCGA-J2-8194-01,TCGA-49-4512-11,0.004707396620190117,0.21689108429723647,46.07452946857852,46.07452946857852
TN,TCGA-LUAD,TCGA-67-3774-01,TCGA-44-6145-11,0.0011418420717828053,0.22438842709324752,196.514415292914,196.514415292914
TN,TCGA-LUAD,TCGA-44-2656-01,TCGA-55-6970-11,0.0019820611762703657,0.3300211151429327,166.50400052935385,166.50400052935385
TN,TCGA-LUAD,TCGA-44-6779-01,TCGA-55-6979-11,0.0017763086227985992,0.38803019287855833,218.44750844434415,218.44750844434415
TN,TCGA-LUAD,TCGA-05-4382-01,TCGA-KN-8425-11,0.002077088671732177,0.26822548480273545,129.1353077281242,129.1353077281242
TN,TCGA-LUAD,TCGA-86-8671-01,TCGA-91-6831-11,0.002347685944809388,0.14468980500342143,61.63081792235589,61.63081792235589
TN,TCGA-LUAD,TCGA-44-6777-01,TCGA-KN-8431-11,0.0021271742894499986,0.26645022252662176,125.26017442393733,125.26017442393733
TN,TCGA-LUAD,TCGA-L4-A4E5-01,TCGA-KN-8426-11,0.003620556876617607,0.44333810312805455,122.45025233306912,122.45025233306912
TN,TCGA-LUAD,TCGA-05-4433-01,TCGA-55-6968-11,0.0014149771514195717,0.2413745693113621,170.58548900892413,170.58548900892413
TN,TCGA-LUAD,TCGA-55-7907-01,TCGA-55-6975-11,0.0019427849637747774,0.37532212600955406,193.187683149613,193.187683149613
TN,TCGA-LUAD,TCGA-55-8512-01,TCGA-91-6849-11,0.0008780564945999444,0.2213509273834477,252.09189698471334,252.09189698471334
TN,TCGA-LUAD,TCGA-TQ-A7RP-01,TCGA-38-4627-11,0.003907752315051518,0.3259847461760642,83.42001229721402,83.42001229721402
TN,TCGA-LUAD,TCGA-44-6146-01,TCGA-91-6828-11,0.0020568958065702815,0.2319026408715873,112.74399030365444,112.74399030365444
TN,TCGA-LUAD,TCGA-KN-8431-01,TCGA-44-5645-11,0.004320699529668059,0.1464464155511772,33.89414481280258,33.89414481280258
TN,TCGA-LUAD,TCGA-64-5815-01,TCGA-91-6836-11,0.0014804363193712203,0.3201597055976453,216.2603696007846,216.2603696007846
TN,TCGA-LUAD,TCGA-44-6779-01,TCGA-50-6595-11,0.0021330268183147308,0.40358915691943253,189.20960273640708,189.20960273640708
TN,TCGA-LUAD,TCGA-N1-A6IA-01,TCGA-KN-8423-11,0.0026294120928289804,0.2954969462920401,112.38137494610645,112.38137494610645
TN,TCGA-LUAD,TCGA-44-2656-01,TCGA-44-6776-11,0.0021869649911052842,0.3698292440263221,169.10615649106103,169.10615649106103
TN,TCGA-LUAD,TCGA-86-8054-01,TCGA-91-6829-11,0.002526894019036675,0.3746322096931001,148.25798267389177,148.25798267389177
TN,TCGA-LUAD,TCGA-97-A4M3-01,TCGA-55-6978-11,0.0017991287038983507,0.3515325821169145,195.3904583675498,195.3904583675498
TN,TCGA-LUAD,TCGA-55-8203-01,TCGA-38-4625-11,0.0020737503800436342,0.3330371013602077,160.59652336420558,160.59652336420558
TN,TCGA-LUAD,TCGA-75-5125-01,TCGA-KN-8430-11,0.003108217893449462,0.27291853194216487,87.80546966071392,87.80546966071392
TN,TCGA-LUAD,TCGA-44-2655-01,TCGA-KN-8433-11,0.0021039795269060524,0.3203674979101929,152.26740270676507,152.26740270676507
TN,TCGA-LUAD,TCGA-75-7027-01,TCGA-55-6985-11,0.0017933497417072044,0.3497431229681254,195.0222618791483,195.0222618791483
TN,TCGA-LUAD,TCGA-55-6971-01,TCGA-91-6847-11,0.001533907373310761,0.28384526806408483,185.04720232971943,185.04720232971943
TN,TCGA-LUAD,TCGA-78-7540-01,TCGA-44-6778-11,0.002304047182794005,0.3778345285194522,163.98732254313944,163.98732254313944
TN,TCGA-LUAD,TCGA-49-4507-01,TCGA-55-6968-11,0.004784705664760009,0.34144723634220864,71.3622237741838,71.3622237741838
TN,TCGA-LUAD,TCGA-73-7499-01,TCGA-55-6978-11,0.003867888890511292,0.37669342981106635,97.38993039204692,97.38993039204692
TN,TCGA-LUAD,TCGA-97-8177-01,TCGA-49-6743-11,0.0018354645378085431,0.20525953125589297,111.82974501973382,111.82974501973382
TN,TCGA-LUAD,TCGA-55-1594-01,TCGA-49-4512-11,0.0047584100037663096,0.2743816269943953,57.662460102685685,57.662460102685685
TN,TCGA-LUAD,TCGA-49-4507-01,TCGA-KN-8437-11,0.007090891696748827,0.356381666685189,50.25907628071515,50.25907628071515
TN,TCGA-LUAD,TCGA-05-4424-01,TCGA-44-6145-11,0.0019177148794650375,0.23785485315379795,124.03035284377077,124.03035284377077
TN,TCGA-LUAD,TCGA-64-1677-01,TCGA-91-6829-11,0.0045400821515227665,0.2759764003371251,60.78665344074473,60.78665344074473
TN,TCGA-LUAD,TCGA-73-A9RS-01,TCGA-KN-8433-11,0.002573719913744121,0.44229936248657065,171.85217401653287,171.85217401653287
TN,TCGA-LUAD,TCGA-KN-8423-01,TCGA-55-6983-11,0.002757119405364449,0.250613849991959,90.8969881769889,90.8969881769889
TN,TCGA-LUAD,TCGA-MP-A4TC-01,TCGA-55-6985-11,0.0016000169630379015,0.35290761898129797,220.56492345633853,220.56492345633853
TN,TCGA-LUAD,TCGA-86-A4P8-01,TCGA-49-6761-11,0.0009506927669182411,0.15564661588004955,163.71915438527265,163.71915438527265
TN,TCGA-LUAD,TCGA-75-5122-01,TCGA-38-4632-11,0.0015028276464455,0.3372220061781397,224.39167057895153,224.39167057895153
TN,TCGA-LUAD,TCGA-44-3398-01,TCGA-55-6979-11,0.0039663518047887494,0.28544432554240234,71.96646681662806,71.96646681662806
TN,TCGA-LUAD,TCGA-N6-A4V9-01,TCGA-49-4512-11,0.004886706235333847,0.3963197367585095,81.10160866492805,81.10160866492805
TN,TCGA-LUAD,TCGA-78-7152-01,TCGA-49-4512-11,0.0038912436040350554,0.3192481494269894,82.04270457288835,82.04270457288835
TN,TCGA-LUAD,TCGA-J2-A4AE-01,TCGA-44-6148-11,0.0013351824072786987,0.29608164219781236,221.75370240330759,221.75370240330759
TN,TCGA-LUAD,TCGA-55-A48X-01,TCGA-44-2657-11,0.0011203114023654614,0.22740278318414858,202.98176266349077,202.98176266349077
TN,TCGA-LUAD,TCGA-97-A4M6-01,TCGA-KN-8432-11,0.004722289485305942,0.1565518765299602,33.151689877779205,33.151689877779205
TN,TCGA-LUAD,TCGA-44-7671-01,TCGA-50-5936-11,0.0016295054320321777,0.34561507361645183,212.09814144984514,212.09814144984514
TN,TCGA-LUAD,TCGA-91-6835-01,TCGA-55-6982-11,0.0009745515623540295,0.21131549515574843,216.833570760808,216.833570760808
TN,TCGA-LUAD,TCGA-MP-A4T7-01,TCGA-50-5936-11,0.002301398594093085,0.26788613776025266,116.401451903128,116.401451903128
TN,TCGA-LUAD,TCGA-78-8640-01,TCGA-55-6978-11,0.00241714162823037,0.356585845724146,147.52377004288675,147.52377004288675
TN,TCGA-LUAD,TCGA-44-7669-01,TCGA-91-6849-11,0.0020207618413334667,0.2839453088223688,140.513989830191,140.513989830191
TN,TCGA-LUAD,TCGA-67-6215-01,TCGA-55-6978-11,0.0013969809220687542,0.33654668890931977,240.91001071864045,240.91001071864045
TN,TCGA-LUAD,TCGA-44-6777-01,TCGA-44-2655-11,0.0011626035342278645,0.34706677014179926,298.5254731504849,298.5254731504849
TN,TCGA-LUAD,TCGA-KN-8424-01,TCGA-KN-8419-11,0.002502263522966605,0.241279815551502,96.42462248158748,96.42462248158748
TN,TCGA-LUAD,TCGA-44-3917-01,TCGA-55-6978-11,0.010552442463268068,0.22871058707752134,21.6737108848154,21.6737108848154
TN,TCGA-LUAD,TCGA-78-8640-01,TCGA-50-5932-11,0.0029240903416871797,0.36408273191341217,124.51145121027245,124.51145121027245
TN,TCGA-LUAD,TCGA-50-5946-01,TCGA-50-5931-11,0.002684998147008494,0.42084510711533296,156.73944042911907,156.73944042911907
TN,TCGA-LUAD,TCGA-KN-8433-01,TCGA-49-4490-11,0.009281716383568334,0.3090576993138682,33.29747285329695,33.29747285329695
TN,TCGA-LUAD,TCGA-75-5147-01,TCGA-KN-8435-11,0.002761164005292244,0.3101822839367223,112.33750814591411,112.33750814591411
TN,TCGA-LUAD,TCGA-78-7146-01,TCGA-91-6829-11,0.002871618988710034,0.4010104859764645,139.64613256600705,139.64613256600705
TN,TCGA-LUAD,TCGA-05-4417-01,TCGA-55-6985-11,0.0011422059886734641,0.30891442750399006,270.45421803711366,270.45421803711366
TN,TCGA-LUAD,TCGA-44-5643-01,TCGA-KN-8429-11,0.003752122041335626,0.4491112905907282,119.69527793687118,119.69527793687118
TN,TCGA-LUAD,TCGA-97-A4M1-01,TCGA-44-2668-11,0.0020102884156303364,0.2767557777078171,137.66968737221663,137.66968737221663
TN,TCGA-LUAD,TCGA-49-4506-01,TCGA-KN-8422-11,0.008551302955464572,0.3416806165029665,39.95655612746371,39.95655612746371
TN,TCGA-LUAD,TCGA-KN-8427-01,TCGA-KN-8434-11,0.0028372432807167195,0.3335279272244153,117.55351734947537,117.55351734947537
TN,TCGA-LUAD,TCGA-MP-A4TE-01,TCGA-KN-8429-11,0.003088427336955202,0.45348042667247646,146.83215021647578,146.83215021647578
TN,TCGA-LUAD,TCGA-05-4389-01,TCGA-55-6972-11,0.002567394997961767,0.35636382878423023,138.80366249336174,138.80366249336174
TN,TCGA-LUAD,TCGA-86-8074-01,TCGA-73-4676-11,0.003137993262859705,0.2900791038923357,92.44095815170165,92.44095815170165
TN,TCGA-LUAD,TCGA-55-8094-01,TCGA-91-6828-11,0.0038913717964942497,0.23773328029408683,61.09240975335781,61.09240975335781
TN,TCGA-LUAD,TCGA-55-6982-01,TCGA-KN-8419-11,0.0028192407558763986,0.31601472767480865,112.09213935209704,112.09213935209704
TN,TCGA-LUAD,TCGA-05-4402-01,TCGA-55-6985-11,0.0012914650193402558,0.2899957968515981,224.54793007072098,224.54793007072098
TN,TCGA-LUAD,TCGA-N6-A4VE-01,TCGA-44-2657-11,0.00250377270669934,0.2679862557560478,107.0329806851067,107.0329806851067
TN,TCGA-LUAD,TCGA-55-6986-01,TCGA-KN-8429-11,0.002410438039316192,0.33392605006820364,138.53334730932718,138.53334730932718
TN,TCGA-LUAD,TCGA-MP-A4SY-01,TCGA-73-4676-11,0.003282962422607163,0.3687915467136989,112.33498872059073,112.33498872059073
TN,TCGA-LUAD,TCGA-55-7903-01,TCGA-38-4626-11,0.0025053415815674035,0.36899796199315116,147.2844919463225,147.2844919463225
TN,TCGA-LUAD,TCGA-55-1592-01,TCGA-KN-8432-11,0.004302593023036447,0.18858102390912707,43.82962155598921,43.82962155598921
TN,TCGA-LUAD,TCGA-05-4398-01,TCGA-38-4632-11,0.002597192234350234,0.26547192392426155,102.21496907820432,102.21496907820432
TN,TCGA-LUAD,TCGA-05-4397-01,TCGA-55-6984-11,0.002677339604467821,0.4377359501657204,163.49661037966453,163.49661037966453
TN,TCGA-LUAD,TCGA-55-7570-01,TCGA-38-4625-11,0.0036118945620305914,0.39387935866923374,109.05062479116125,109.05062479116125
TN,TCGA-LUAD,TCGA-75-7025-01,TCGA-50-5935-11,0.0014927460663873432,0.24905552663147615,166.84386731242628,166.84386731242628
TN,TCGA-LUAD,TCGA-55-A48X-01,TCGA-55-6971-11,0.001183064896467352,0.18128198148246058,153.23080079864687,153.23080079864687
TN,TCGA-LUAD,TCGA-KN-8432-01,TCGA-91-6835-11,0.0025713775106757514,0.09489763355079894,36.905368098152216,36.905368098152216
TN,TCGA-LUAD,TCGA-86-8054-01,TCGA-50-5939-11,0.0023881856998806475,0.37056483426749287,155.16583751674432,155.16583751674432
TN,TCGA-LUAD,TCGA-44-2661-01,TCGA-KN-8428-11,0.0024354113870545878,0.38952123580269216,159.94063174426694,159.94063174426694
TN,TCGA-LUAD,TCGA-64-5779-01,TCGA-91-6835-11,0.0016247837748054653,0.28398684167287247,174.78439043796712,174.78439043796712
TN,TCGA-LUAD,TCGA-55-7903-01,TCGA-73-4676-11,0.00299039415537562,0.35361000016379357,118.24862603083072,118.24862603083072
TN,TCGA-LUAD,TCGA-05-5429-01,TCGA-50-5933-11,0.004411149338581548,0.38678904762034433,87.68441463483086,87.68441463483086
TN,TCGA-LUAD,TCGA-78-7540-01,TCGA-38-4625-11,0.001956239382023388,0.31880811963362377,162.9698913963548,162.9698913963548
TN,TCGA-LUAD,TCGA-MT-A67A-01,TCGA-73-4676-11,0.00539447578224915,0.27461788790253183,50.90724270302198,50.90724270302198
TN,TCGA-LUAD,TCGA-44-2666-01,TCGA-KN-8424-11,0.002530592155989596,0.42988252703577345,169.87428259361948,169.87428259361948
TN,TCGA-LUAD,TCGA-05-5423-01,TCGA-44-5645-11,0.004068556290597034,0.33384423381058104,82.05471670187745,82.05471670187745
TN,TCGA-LUAD,TCGA-93-A4JQ-01,TCGA-KN-8429-11,0.0028537819767301405,0.09163789284693438,32.111034968387095,32.111034968387095
TN,TCGA-LUAD,TCGA-55-6712-01,TCGA-49-4512-11,0.004599452694500338,0.2982786374893278,64.85089798749009,64.85089798749009
TN,TCGA-LUAD,TCGA-78-7220-01,TCGA-55-6986-11,0.0023360831008568846,0.39536859385705003,169.24423352577966,169.24423352577966
TN,TCGA-LUAD,TCGA-97-8177-01,TCGA-55-6968-11,0.0013235800350541093,0.21262444830250785,160.64343875798605,160.64343875798605
TN,TCGA-LUAD,TCGA-KN-8427-01,TCGA-50-6595-11,0.0026127767374802026,0.2082189109505443,79.69257685268335,79.69257685268335
TN,TCGA-LUAD,TCGA-55-6981-01,TCGA-44-6147-11,0.002660197490563326,0.3199487810544594,120.27256705166906,120.27256705166906
TN,TCGA-LUAD,TCGA-49-4486-01,TCGA-55-6983-11,0.004571266869992374,0.12024351811750056,26.30420002534246,26.30420002534246
TN,TCGA-LUAD,TCGA-38-4629-01,TCGA-55-6969-11,0.0035447114259513565,0.331963444399414,93.6503439938892,93.6503439938892
TN,TCGA-LUAD,TCGA-91-6848-01,TCGA-50-5933-11,0.0024212240456304994,0.4079003001947604,168.46863095172222,168.46863095172222
TN,TCGA-LUAD,TCGA-97-8171-01,TCGA-KN-8423-11,0.0032550334436782565,0.35447654352915947,108.90104500081372,108.90104500081372
TN,TCGA-LUAD,TCGA-78-7633-01,TCGA-49-6761-11,0.0017013119066402432,0.31154119297340255,183.11821116248765,183.11821116248765
TN,TCGA-LUAD,TCGA-78-7162-01,TCGA-44-3398-11,0.0008592805721113088,0.27211602396594714,316.67889720506565,316.67889720506565
TN,TCGA-LUAD,TCGA-TQ-A7RV-01,TCGA-55-6978-11,0.0019160285549647924,0.20354565756058657,106.23310233720748,106.23310233720748
TN,TCGA-LUAD,TCGA-55-7907-01,TCGA-50-5930-11,0.0017413486992918937,0.3812816958490469,218.95769411611371,218.95769411611371
TN,TCGA-LUAD,TCGA-91-6829-01,TCGA-44-6778-11,0.0015853359149226843,0.34495256456752776,217.58957285992656,217.58957285992656
TN,TCGA-LUAD,TCGA-44-6145-01,TCGA-91-6835-11,0.0012450209793336358,0.316775116521566,254.43355716874055,254.43355716874055
TN,TCGA-LUAD,TCGA-05-4415-01,TCGA-55-6985-11,0.0026680434721243883,0.31997172121347733,119.9274766534088,119.9274766534088
TN,TCGA-LUAD,TCGA-86-6851-01,TCGA-55-6979-11,0.0013871577280037016,0.31574135917013124,227.61748919823535,227.61748919823535
TN,TCGA-LUAD,TCGA-MP-A4SV-01,TCGA-91-6849-11,0.0014613309988063174,0.3129212824168941,214.13443133178083,214.13443133178083
TN,TCGA-LUAD,TCGA-49-4507-01,TCGA-KN-8436-11,0.006355644642556245,0.4513984772042775,71.02324037782023,71.02324037782023
TN,TCGA-LUAD,TCGA-NJ-A4YI-01,TCGA-55-6975-11,0.0020092419648511705,0.3559524689105463,177.15759233453628,177.15759233453628
TN,TCGA-LUAD,TCGA-97-A4M6-01,TCGA-50-5935-11,0.0018975654157124882,0.23178383238324013,122.14800631587771,122.14800631587771
TN,TCGA-LUAD,TCGA-50-5931-01,TCGA-44-3396-11,0.002406203309930734,0.3535936260417262,146.95085181804728,146.95085181804728
TN,TCGA-LUAD,TCGA-91-6828-01,TCGA-50-5930-11,0.0015822187546439583,0.2142037770513746,135.38189736575094,135.38189736575094
TN,TCGA-LUAD,TCGA-78-7542-01,TCGA-50-5939-11,0.0026732453162401455,0.432618884421773,161.83284107656866,161.83284107656866
TN,TCGA-LUAD,TCGA-44-6779-01,TCGA-KN-8427-11,0.0023170607809807455,0.4335109293966184,187.09519100881144,187.09519100881144
TN,TCGA-LUAD,TCGA-44-A47B-01,TCGA-49-6761-11,0.0017228955614189954,0.3543276500448419,205.65822907629632,205.65822907629632
TN,TCGA-LUAD,TCGA-38-4627-01,TCGA-44-6144-11,0.0016966453634914024,0.34092685397549016,200.94172966937634,200.94172966937634
TN,TCGA-LUAD,TCGA-55-8090-01,TCGA-44-2665-11,0.001095779948274628,0.23669425564311808,216.00528100172627,216.00528100172627
TN,TCGA-LUAD,TCGA-49-4507-01,TCGA-55-6980-11,0.006673406401090468,0.3439688965466363,51.54322633347043,51.54322633347043
TN,TCGA-LUAD,TCGA-05-4397-01,TCGA-KN-8432-11,0.004047390698646833,0.3700024391335278,91.41752469244716,91.41752469244716
TN,TCGA-LUAD,TCGA-05-5425-01,TCGA-55-6983-11,0.0023270962964849805,0.31363936744609894,134.77713316799273,134.77713316799273
TN,TCGA-LUAD,TCGA-86-A4P8-01,TCGA-KN-8427-11,0.0015749763699759672,0.2837625245158453,180.16938534777844,180.16938534777844
TN,TCGA-LUAD,TCGA-73-4668-01,TCGA-55-6980-11,0.002289890627010458,0.3628795715170508,158.4702637046051,158.4702637046051
TN,TCGA-LUAD,TCGA-97-7547-01,TCGA-44-2655-11,0.0014749553577254864,0.35160864614328435,238.38595812519807,238.38595812519807
TN,TCGA-LUAD,TCGA-44-6779-01,TCGA-55-6972-11,0.0022695149425807732,0.359722626490416,158.5019863677823,158.5019863677823
TN,TCGA-LUAD,TCGA-67-3772-01,TCGA-KN-8423-11,0.0034241719949415286,0.3576162512374661,104.43875242416752,104.43875242416752
TN,TCGA-LUAD,TCGA-TQ-A7RW-01,TCGA-49-6743-11,0.0024640479895705458,0.3126873513666242,126.89986262041992,126.89986262041992
TN,TCGA-LUAD,TCGA-KN-8433-01,TCGA-55-6983-11,0.007782374580620401,0.17065341721751934,21.928193695852027,21.928193695852027
TN,TCGA-LUAD,TCGA-44-2666-01,TCGA-55-6982-11,0.0016842089854699595,0.19679532542897202,116.84733137441285,116.84733137441285
TN,TCGA-LUAD,TCGA-NJ-A55R-01,TCGA-49-6742-11,0.0016590334370279963,0.3567018335998232,215.00581340833085,215.00581340833085
TN,TCGA-LUAD,TCGA-TQ-A7RK-01,TCGA-91-6831-11,0.0038200182182373415,0.2842914016896567,74.42147797421667,74.42147797421667
TN,TCGA-LUAD,TCGA-91-8497-01,TCGA-44-6148-11,0.0009724733822208725,0.2399779647766799,246.77072829349177,246.77072829349177
TN,TCGA-LUAD,TCGA-44-2668-01,TCGA-KN-8434-11,0.003883561987269909,0.38642442532181076,99.50257690967406,99.50257690967406
TN,TCGA-LUAD,TCGA-L3-A524-01,TCGA-KN-8422-11,0.0029027594414052843,0.4353742350183727,149.98632983779024,149.98632983779024
TN,TCGA-LUAD,TCGA-MT-A51X-01,TCGA-55-6971-11,0.003299895070364363,0.3702414532603838,112.1979473182167,112.1979473182167
TN,TCGA-LUAD,TCGA-93-7348-01,TCGA-91-6836-11,0.001320866970424642,0.2978966650395215,225.53116378082456,225.53116378082456
TN,TCGA-LUAD,TCGA-75-7025-01,TCGA-50-5936-11,0.0014569589374154803,0.25291438395749494,173.59060537844894,173.59060537844894
TN,TCGA-LUAD,TCGA-NJ-A4YI-01,TCGA-73-4676-11,0.0032275863550329078,0.3176865410060221,98.42851780267334,98.42851780267334
TN,TCGA-LUAD,TCGA-78-7540-01,TCGA-44-2668-11,0.0018743897640105915,0.3572287223561632,190.5840125758095,190.5840125758095
TN,TCGA-LUAD,TCGA-KN-8418-01,TCGA-50-5932-11,0.003536964899776074,0.16480935584721046,46.59626558851194,46.59626558851194
TN,TCGA-LUAD,TCGA-44-7669-01,TCGA-44-2655-11,0.0022023310245224636,0.2348965370938011,106.65814288509796,106.65814288509796
TN,TCGA-LUAD,TCGA-55-A57B-01,TCGA-44-6148-11,0.001260729649104117,0.2846780051612161,225.8041645673283,225.8041645673283
TN,TCGA-LUAD,TCGA-64-1678-01,TCGA-44-2661-11,0.012185718619071598,0.1889446176040296,15.50541445363071,15.50541445363071
TN,TCGA-LUAD,TCGA-NJ-A4YI-01,TCGA-55-6981-11,0.0016835398614297426,0.32344471192216734,192.12180200324013,192.12180200324013
TN,TCGA-LUAD,TCGA-38-7271-01,TCGA-50-5933-11,0.0015501763467777579,0.3004033557804593,193.78656912478797,193.78656912478797
TN,TCGA-LUAD,TCGA-55-8301-01,TCGA-44-2668-11,0.001518172080390165,0.33462275531351815,220.41161185596383,220.41161185596383
TN,TCGA-LUAD,TCGA-MT-A51W-01,TCGA-44-2665-11,0.002498750363510672,0.34624083482980755,138.56559658218484,138.56559658218484
TN,TCGA-LUAD,TCGA-50-6593-01,TCGA-91-6836-11,0.0015551079311495325,0.17001125062112515,109.32440586001847,109.32440586001847
TN,TCGA-LUAD,TCGA-86-8278-01,TCGA-55-6978-11,0.001426718081066794,0.3726575294054069,261.199135520005,261.199135520005
TN,TCGA-LUAD,TCGA-86-8669-01,TCGA-44-6145-11,0.0015911750455770163,0.34010338395068257,213.74353808279406,213.74353808279406
TN,TCGA-LUAD,TCGA-N6-A4V9-01,TCGA-50-5930-11,0.0024871100111807315,0.4019531105550551,161.61452800563163,161.61452800563163
TN,TCGA-LUAD,TCGA-05-4403-01,TCGA-44-3396-11,0.0018412567191017947,0.31047059913676345,168.61885467454957,168.61885467454957
TN,TCGA-LUAD,TCGA-55-7994-01,TCGA-55-6978-11,0.001693141320841651,0.3805025310532795,224.731702173646,224.731702173646
TN,TCGA-LUAD,TCGA-55-8090-01,TCGA-91-6831-11,0.00207308134738628,0.202306203545301,97.58719974995994,97.58719974995994
TN,TCGA-LUAD,TCGA-NJ-A4YF-01,TCGA-50-5932-11,0.004254465974292949,0.30465382992982054,71.60800715545764,71.60800715545764
TN,TCGA-LUAD,TCGA-55-8511-01,TCGA-91-6847-11,0.0022043818031640995,0.38315470947063723,173.81503917364458,173.81503917364458
TN,TCGA-LUAD,TCGA-44-3918-01,TCGA-KN-8437-11,0.004099936421959499,0.3119371849449011,76.08342004382003,76.08342004382003
TN,TCGA-LUAD,TCGA-73-4675-01,TCGA-55-6985-11,0.0019127578546231103,0.306403234086766,160.18924368612235,160.18924368612235
TN,TCGA-LUAD,TCGA-55-8085-01,TCGA-73-4676-11,0.0025577111767081514,0.3578198417448526,139.89845491678116,139.89845491678116
TN,TCGA-LUAD,TCGA-55-A48Y-01,TCGA-38-4626-11,0.0024416297439179523,0.3788986427395671,155.18267816133692,155.18267816133692
TN,TCGA-LUAD,TCGA-86-A4JF-01,TCGA-91-6836-11,0.002120773753693833,0.328672190921042,154.97748892289007,154.97748892289007
TN,TCGA-LUAD,TCGA-50-5941-01,TCGA-55-6981-11,0.0014397029397050399,0.3314736137552775,230.23750567821193,230.23750567821193
TN,TCGA-LUAD,TCGA-05-4424-01,TCGA-50-5931-11,0.002113003840833733,0.19589310387292846,92.70835200925828,92.70835200925828
TN,TCGA-LUAD,TCGA-55-A493-01,TCGA-KN-8422-11,0.0026500345974942233,0.3720511736531071,140.3948363560631,140.3948363560631
TN,TCGA-LUAD,TCGA-05-4395-01,TCGA-49-6745-11,0.0031010413080590623,0.3556326966916205,114.68170248728823,114.68170248728823
TN,TCGA-LUAD,TCGA-91-7771-01,TCGA-44-6148-11,0.0015832739422180996,0.3215288744838359,203.07848560520586,203.07848560520586
TN,TCGA-LUAD,TCGA-64-1679-01,TCGA-91-6847-11,0.001783372017503539,0.39274537447577473,220.22627394679043,220.22627394679043
TN,TCGA-LUAD,TCGA-55-7816-01,TCGA-KN-8428-11,0.0013102546043676545,0.39039765435530926,297.9555676079613,297.9555676079613
TN,TCGA-LUAD,TCGA-78-7150-01,TCGA-KN-8426-11,0.00238105349507438,0.4146759635864674,174.15650863968247,174.15650863968247
TN,TCGA-LUAD,TCGA-78-7542-01,TCGA-38-4632-11,0.0031008907588141446,0.3766453641060203,121.46360301001334,121.46360301001334
TN,TCGA-LUAD,TCGA-50-5045-01,TCGA-55-6979-11,0.0033261352812811117,0.30401740960834445,91.4025990822741,91.4025990822741
TN,TCGA-LUAD,TCGA-49-AAR2-01,TCGA-KN-8434-11,0.006517744828555627,0.44373043415235547,68.08036304340698,68.08036304340698
TN,TCGA-LUAD,TCGA-MP-A4T9-01,TCGA-KN-8429-11,0.0025191173742879014,0.06634980265252358,26.338511785811168,26.338511785811168
TN,TCGA-LUAD,TCGA-78-7160-01,TCGA-44-2655-11,0.001529098450657629,0.19464067231458013,127.29113173247268,127.29113173247268
TN,TCGA-LUAD,TCGA-55-7815-01,TCGA-91-6847-11,0.006719112985128199,0.3953739469652693,58.843175853773154,58.843175853773154
TN,TCGA-LUAD,TCGA-55-7727-01,TCGA-38-4626-11,0.004266702038537341,0.35241229389850237,82.59594663875617,82.59594663875617
TN,TCGA-LUAD,TCGA-50-5049-01,TCGA-55-6971-11,0.0024841410405927037,0.3608527211840873,145.26257377801286,145.26257377801286
TN,TCGA-LUAD,TCGA-91-6829-01,TCGA-44-6777-11,0.0015986860232331378,0.3409143707482789,213.24660739750712,213.24660739750712
TN,TCGA-LUAD,TCGA-MP-A4T8-01,TCGA-50-5932-11,0.0023352332568112063,0.39352697132148884,168.5172006580856,168.5172006580856
TN,TCGA-LUAD,TCGA-75-7025-01,TCGA-49-6745-11,0.0030368017920877387,0.19682753595539193,64.81408713213287,64.81408713213287
TN,TCGA-LUAD,TCGA-MP-A5C7-01,TCGA-44-2665-11,0.001824439495906,0.3561348374507133,195.20232830404714,195.20232830404714
TN,TCGA-LUAD,TCGA-50-5939-01,TCGA-44-3398-11,0.001215001534149499,0.3314550377436817,272.8021557402396,272.8021557402396
TN,TCGA-LUAD,TCGA-91-8499-01,TCGA-91-6836-11,0.00350864889517082,0.4020185840631756,114.57931416748474,114.57931416748474
TN,TCGA-LUAD,TCGA-TQ-A7RR-01,TCGA-44-2662-11,0.002148280322120284,0.2832464742698875,131.84800482198355,131.84800482198355
TN,TCGA-LUAD,TCGA-91-8499-01,TCGA-KN-8426-11,0.003828749765216364,0.4332228974842983,113.14996383938838,113.14996383938838
TN,TCGA-LUAD,TCGA-NJ-A55R-01,TCGA-KN-8436-11,0.0017256710110016655,0.2897652942882515,167.91456334429427,167.91456334429427
TN,TCGA-LUAD,TCGA-78-7148-01,TCGA-91-6829-11,0.0014831329513791823,0.3397724970177391,229.0910580213195,229.0910580213195
TN,TCGA-LUAD,TCGA-44-2657-01,TCGA-91-6836-11,0.0014186267815415401,0.2664103651662475,187.7945409128359,187.7945409128359
TN,TCGA-LUAD,TCGA-78-7154-01,TCGA-38-4632-11,0.0026676519606636598,0.28669100135983394,107.46941714559752,107.46941714559752
TN,TCGA-LUAD,TCGA-05-4395-01,TCGA-44-6778-11,0.004459240574202406,0.3007394661309458,67.44185722357827,67.44185722357827
TN,TCGA-LUAD,TCGA-93-A4JQ-01,TCGA-KN-8428-11,0.0018126894857605365,0.21557990048879355,118.92820153824874,118.92820153824874
TN,TCGA-LUAD,TCGA-50-5055-01,TCGA-55-6980-11,0.002651844296822775,0.3156109349235374,119.01563576024311,119.01563576024311
TN,TCGA-LUAD,TCGA-55-6981-01,TCGA-KN-8427-11,0.0021305103498015813,0.30333088531760344,142.37475323499518,142.37475323499518
TN,TCGA-LUAD,TCGA-MT-A7BN-01,TCGA-KN-8423-11,0.010991834706303029,0.41651018236068643,37.89268975468197,37.89268975468197
TN,TCGA-LUAD,TCGA-44-2666-01,TCGA-44-6778-11,0.0016955653762328279,0.2946492891249872,173.77642481685544,173.77642481685544
TN,TCGA-LUAD,TCGA-97-A4M6-01,TCGA-44-3398-11,0.001412792258174944,0.25337743943230273,179.34514997952894,179.34514997952894
TN,TCGA-LUAD,TCGA-75-6203-01,TCGA-44-5645-11,0.0006507678975227265,0.23592823045574302,362.5382127081703,362.5382127081703
TN,TCGA-LUAD,TCGA-KN-8421-01,TCGA-91-6847-11,0.0037979857448336802,0.1684045560188674,44.340491864126804,44.340491864126804
TN,TCGA-LUAD,TCGA-KN-8425-01,TCGA-49-4490-11,0.00563343445922501,0.35546537991313754,63.099230582339786,63.099230582339786
TN,TCGA-LUAD,TCGA-05-4390-01,TCGA-KN-8436-11,0.0024780655300087146,0.4091896912020659,165.1246451100213,165.1246451100213
TN,TCGA-LUAD,TCGA-97-A4LX-01,TCGA-55-6975-11,0.0012317339013734455,0.2590047974951948,210.27658425768044,210.27658425768044
TN,TCGA-LUAD,TCGA-44-6779-01,TCGA-44-6148-11,0.002067833352519737,0.31991253228889743,154.70904940142844,154.70904940142844
TN,TCGA-LUAD,TCGA-78-7145-01,TCGA-50-5931-11,0.002565765307600008,0.32827121644781065,127.94280734697139,127.94280734697139
TN,TCGA-LUAD,TCGA-N6-A4VD-01,TCGA-38-4626-11,0.002143998748359879,0.38109203063292274,177.74825238328677,177.74825238328677
TN,TCGA-LUAD,TCGA-73-4658-01,TCGA-44-2657-11,0.0012416242420037478,0.32291320980812027,260.07321610199807,260.07321610199807
TN,TCGA-LUAD,TCGA-55-7284-01,TCGA-KN-8436-11,0.001378402949410476,0.2055537830979944,149.12459610298058,149.12459610298058
TN,TCGA-LUAD,TCGA-44-6775-01,TCGA-38-4626-11,0.0034015143164500116,0.26876496149316476,79.01332656264141,79.01332656264141
TN,TCGA-LUAD,TCGA-75-5147-01,TCGA-55-6975-11,0.003022944980686341,0.3416587907835644,113.02183564915327,113.02183564915327
TN,TCGA-LUAD,TCGA-55-8615-01,TCGA-44-6144-11,0.0019942242760842143,0.3895013242641313,195.31470403566738,195.31470403566738
TN,TCGA-LUAD,TCGA-97-7937-01,TCGA-38-4627-11,0.003878935527013074,0.39394771485313634,101.56077926783456,101.56077926783456
TN,TCGA-LUAD,TCGA-38-7271-01,TCGA-55-6982-11,0.0011927560709970044,0.23648558861453647,198.26819109531945,198.26819109531945
TN,TCGA-LUAD,TCGA-97-8176-01,TCGA-49-4512-11,0.004537178628089137,0.17776968195764686,39.18066634121384,39.18066634121384
TN,TCGA-LUAD,TCGA-91-6835-01,TCGA-38-4626-11,0.0029605855634441585,0.13449211082948082,45.427537204167535,45.427537204167535
TN,TCGA-LUAD,TCGA-75-5146-01,TCGA-44-6146-11,0.0035013891366178817,0.31457121544400224,89.84183224714576,89.84183224714576
TN,TCGA-LUAD,TCGA-91-8497-01,TCGA-KN-8422-11,0.001102147885972708,0.18487546825100823,167.74107232247255,167.74107232247255
TN,TCGA-LUAD,TCGA-55-8514-01,TCGA-55-6970-11,0.004109183769204813,0.33869197008562235,82.42317431112704,82.42317431112704
TN,TCGA-LUAD,TCGA-97-A4LX-01,TCGA-38-4632-11,0.0025465149939148373,0.16114736938837831,63.28153173001405,63.28153173001405
TN,TCGA-LUAD,TCGA-05-4390-01,TCGA-55-6968-11,0.0018115944926954432,0.4007375967138217,221.20711799999484,221.20711799999484
TN,TCGA-LUAD,TCGA-55-6970-01,TCGA-55-6979-11,0.0016109193206321755,0.28118442334589816,174.5490414973436,174.5490414973436
TN,TCGA-LUAD,TCGA-55-A494-01,TCGA-50-5936-11,0.002495697907593565,0.41289076954639564,165.44100481476892,165.44100481476892
TN,TCGA-LUAD,TCGA-50-5932-01,TCGA-38-4625-11,0.002770582416354175,0.34501548486413935,124.52814355118416,124.52814355118416
TN,TCGA-LUAD,TCGA-93-A4JQ-01,TCGA-KN-8433-11,0.0021297989790603085,0.16988773207652336,79.76702672262513,79.76702672262513
TN,TCGA-LUAD,TCGA-55-6971-01,TCGA-50-5936-11,0.0012776964539966081,0.1904398784531966,149.0493910799428,149.0493910799428
TN,TCGA-LUAD,TCGA-55-6984-01,TCGA-49-4490-11,0.004200059390870026,0.3721520490660607,88.60637777528446,88.60637777528446
TN,TCGA-LUAD,TCGA-44-3917-01,TCGA-73-4676-11,0.012194006929921897,0.0794231375212268,6.513292798476006,6.513292798476006
TN,TCGA-LUAD,TCGA-55-8620-01,TCGA-55-6986-11,0.0020131958133060394,0.39126307189071197,194.34923781615944,194.34923781615944
TN,TCGA-LUAD,TCGA-KN-8437-01,TCGA-49-6744-11,0.002081591888886764,0.09587062751186766,46.05639944299519,46.05639944299519
TN,TCGA-LUAD,TCGA-KN-8431-01,TCGA-91-6836-11,0.00480221928600859,0.10218915778267476,21.279569235916806,21.279569235916806
TN,TCGA-LUAD,TCGA-67-6216-01,TCGA-KN-8433-11,0.0015721960525758422,0.38944361277993067,247.70677431855722,247.70677431855722
TN,TCGA-LUAD,TCGA-73-4668-01,TCGA-50-5930-11,0.002030473622606492,0.3683567166616417,181.4141846318531,181.4141846318531
TN,TCGA-LUAD,TCGA-44-6774-01,TCGA-44-5645-11,0.0012653989104987476,0.3681477591879093,290.9341521740418,290.9341521740418
TN,TCGA-LUAD,TCGA-64-5774-01,TCGA-73-4676-11,0.0029799139486923892,0.41090736119797,137.89235805895655,137.89235805895655
TN,TCGA-LUAD,TCGA-KN-8434-01,TCGA-91-6849-11,0.0028023113351745028,0.12673849820629407,45.22641600006301,45.22641600006301
TN,TCGA-LUAD,TCGA-KN-8430-01,TCGA-44-5645-11,0.0028751438140915252,0.2157427931479872,75.03721799605235,75.03721799605235
TN,TCGA-LUAD,TCGA-86-6851-01,TCGA-KN-8435-11,0.0017484232395986125,0.41169675475813816,235.46744600160534,235.46744600160534
TN,TCGA-LUAD,TCGA-05-4424-01,TCGA-49-6744-11,0.0018405441943094257,0.16043718932196477,87.1683439158933,87.1683439158933
TN,TCGA-LUAD,TCGA-67-3771-01,TCGA-50-5933-11,0.0023034824898643135,0.38344140983168884,166.46161258828386,166.46161258828386
TN,TCGA-LUAD,TCGA-97-7552-01,TCGA-50-5939-11,0.0006412557725109728,0.253877412067012,395.9066303183536,395.9066303183536
TN,TCGA-LUAD,TCGA-49-4490-01,TCGA-KN-8432-11,0.005015985837450686,0.3038980907022303,60.58591482321306,60.58591482321306
TN,TCGA-LUAD,TCGA-78-7153-01,TCGA-KN-8437-11,0.0030025310153901047,0.3941839092180176,131.28387590254522,131.28387590254522
TN,TCGA-LUAD,TCGA-49-4506-01,TCGA-44-3396-11,0.00871987388695675,0.1145598762044645,13.137790487523448,13.137790487523448
TN,TCGA-LUAD,TCGA-49-4506-01,TCGA-55-6972-11,0.008834144154203943,0.19102846212083324,21.623878757958423,21.623878757958423
TN,TCGA-LUAD,TCGA-44-A47B-01,TCGA-50-5939-11,0.0016655268585439606,0.3897268210161155,233.99611901595094,233.99611901595094
TN,TCGA-LUAD,TCGA-55-A48Z-01,TCGA-KN-8423-11,0.002429644188695572,0.36023984037001294,148.2685580243001,148.2685580243001
TN,TCGA-LUAD,TCGA-55-7281-01,TCGA-KN-8437-11,0.002591045171618619,0.39822363325052923,153.69227739158248,153.69227739158248
TN,TCGA-LUAD,TCGA-05-4434-01,TCGA-KN-8432-11,0.0037764245058853007,0.09114786238112242,24.136021318332904,24.136021318332904
TN,TCGA-LUAD,TCGA-TQ-A7RF-01,TCGA-55-6975-11,0.0023024491558850165,0.3053073953233971,132.60114541206576,132.60114541206576
TN,TCGA-LUAD,TCGA-NJ-A55A-01,TCGA-55-6970-11,0.0008650353861946059,0.20049496816428053,231.77660863826839,231.77660863826839
TN,TCGA-LUAD,TCGA-44-A47B-01,TCGA-50-5935-11,0.0016547419498307504,0.37186541848487076,224.72713556509868,224.72713556509868
TN,TCGA-LUAD,TCGA-67-3770-01,TCGA-KN-8419-11,0.00439379764361519,0.415817020909192,94.63727158974491,94.63727158974491
TN,TCGA-LUAD,TCGA-86-7701-01,TCGA-91-6828-11,0.0017796126474165126,0.39736661608253043,223.28826256623475,223.28826256623475
TN,TCGA-LUAD,TCGA-55-8513-01,TCGA-50-5930-11,0.0007936689186205528,0.10669124260161407,134.42789568608816,134.42789568608816
TN,TCGA-LUAD,TCGA-75-7030-01,TCGA-38-4626-11,0.0013570853954787724,0.2669993960384007,196.7447272868225,196.7447272868225
TN,TCGA-LUAD,TCGA-KN-8429-01,TCGA-KN-8428-11,0.0021396943266678813,0.09690754667314219,45.29036950060763,45.29036950060763
TN,TCGA-LUAD,TCGA-TQ-A7RV-01,TCGA-50-5939-11,0.0021359494763176497,0.2297316288721181,107.5548047457436,107.5548047457436
TN,TCGA-LUAD,TCGA-55-6987-01,TCGA-91-6836-11,0.0016132648016682297,0.29883414431722666,185.23564389938406,185.23564389938406
TN,TCGA-LUAD,TCGA-05-4410-01,TCGA-KN-8430-11,0.0026671862911975073,0.25877426376642887,97.02144339165937,97.02144339165937
TN,TCGA-LUAD,TCGA-KN-8426-01,TCGA-55-6975-11,0.004658332635666358,0.12724596555308784,27.315774871642617,27.315774871642617
TN,TCGA-LUAD,TCGA-44-3919-01,TCGA-50-6595-11,0.0012492833035638697,0.28610747668080905,229.01729004511728,229.01729004511728
TN,TCGA-LUAD,TCGA-TQ-A7RH-01,TCGA-55-6982-11,0.0018192239527434156,0.15245983342835173,83.80487361022271,83.80487361022271
TN,TCGA-LUAD,TCGA-55-7574-01,TCGA-44-2665-11,0.0009772258610218566,0.15345735718659156,157.0336636671953,157.0336636671953
TN,TCGA-LUAD,TCGA-38-4628-01,TCGA-44-6144-11,0.0040445734485966365,0.3569964953007514,88.26554884906838,88.26554884906838
TN,TCGA-LUAD,TCGA-49-4486-01,TCGA-50-5930-11,0.004185922867603587,0.18152565768830503,43.36574357191327,43.36574357191327
TN,TCGA-LUAD,TCGA-44-3919-01,TCGA-91-6831-11,0.0018531246130134924,0.26684210619714255,143.99577034553135,143.99577034553135
TN,TCGA-LUAD,TCGA-55-6543-01,TCGA-50-5936-11,0.001285231916247913,0.31789870034229933,247.34734355988303,247.34734355988303
TN,TCGA-LUAD,TCGA-73-4659-01,TCGA-91-6829-11,0.0014216126254050791,0.25327052352807583,178.1571990864305,178.1571990864305
TN,TCGA-LUAD,TCGA-J2-A4AE-01,TCGA-91-6847-11,0.0012572513441761481,0.2675996201801536,212.8449664577661,212.8449664577661
TN,TCGA-LUAD,TCGA-49-4514-01,TCGA-73-4676-11,0.004691646370439803,0.3721255360948538,79.31662080063595,79.31662080063595
TN,TCGA-LUAD,TCGA-38-4632-01,TCGA-91-6836-11,0.00428708613925122,0.38087724121826877,88.84291774104464,88.84291774104464
TN,TCGA-LUAD,TCGA-38-A44F-01,TCGA-91-6835-11,0.00109604664264731,0.23629615892371594,215.58951027210273,215.58951027210273
TN,TCGA-LUAD,TCGA-50-5044-01,TCGA-KN-8428-11,0.003583706413671603,0.4191340221429176,116.95545721712834,116.95545721712834
TN,TCGA-LUAD,TCGA-49-AAR3-01,TCGA-55-6983-11,0.002638510211107939,0.33828755737854116,128.21157786480217,128.21157786480217
TN,TCGA-LUAD,TCGA-55-8511-01,TCGA-KN-8425-11,0.002984173825404559,0.3079471326930764,103.19342997766846,103.19342997766846
TN,TCGA-LUAD,TCGA-73-4670-01,TCGA-50-5930-11,0.002836728062459262,0.41331789390995427,145.7023319858281,145.7023319858281
TN,TCGA-LUAD,TCGA-05-4422-01,TCGA-50-5930-11,0.0017774308877647703,0.38485129201710927,216.52110057628383,216.52110057628383
TN,TCGA-LUAD,TCGA-55-7281-01,TCGA-91-6847-11,0.002008188345128608,0.35691504404847063,177.72986528592423,177.72986528592423
TN,TCGA-LUAD,TCGA-MP-A4TJ-01,TCGA-KN-8425-11,0.0018639991197762355,0.15584417104528944,83.60742738118772,83.60742738118772
TN,TCGA-LUAD,TCGA-91-6847-01,TCGA-KN-8427-11,0.0024162898594296623,0.41530425456799724,171.87683544971094,171.87683544971094
TN,TCGA-LUAD,TCGA-44-3918-01,TCGA-KN-8429-11,0.004006430513171128,0.43909752448226547,109.59818797274374,109.59818797274374
TN,TCGA-LUAD,TCGA-05-4418-01,TCGA-KN-8435-11,0.00305023791555938,0.3980782162981912,130.50726773396232,130.50726773396232
TN,TCGA-LUAD,TCGA-75-6206-01,TCGA-44-6147-11,0.0018326576281947708,0.3284082516879183,179.19781995036982,179.19781995036982
TN,TCGA-LUAD,TCGA-86-8279-01,TCGA-55-6968-11,0.0016287915402358737,0.352759828262276,216.5776402615592,216.5776402615592
TN,TCGA-LUAD,TCGA-64-1678-01,TCGA-55-6978-11,0.011946355193579778,0.27255751797486105,22.815119219068524,22.815119219068524
TN,TCGA-LUAD,TCGA-86-7954-01,TCGA-91-6828-11,0.0017201000819871163,0.2845988805117377,165.45483805974806,165.45483805974806
TN,TCGA-LUAD,TCGA-75-6207-01,TCGA-55-6981-11,0.002663711120174275,0.36191613882453433,135.86913989413978,135.86913989413978
TN,TCGA-LUAD,TCGA-05-4405-01,TCGA-KN-8429-11,0.002994060022801005,0.26423339333965823,88.2525371326599,88.2525371326599
TN,TCGA-LUAD,TCGA-64-1680-01,TCGA-49-6742-11,0.001991224056135164,0.24134565051556595,121.20466793877637,121.20466793877637
TN,TCGA-LUAD,TCGA-78-7536-01,TCGA-KN-8437-11,0.0022028812835763944,0.42998815731844786,195.19352246724745,195.19352246724745
TN,TCGA-LUAD,TCGA-44-3398-01,TCGA-44-2668-11,0.004330879785416415,0.28763215035642875,66.41425405641289,66.41425405641289
TN,TCGA-LUAD,TCGA-78-7152-01,TCGA-KN-8436-11,0.0021639428350020183,0.4129538911824023,190.8340111868145,190.8340111868145
TN,TCGA-LUAD,TCGA-97-7553-01,TCGA-55-6985-11,0.000488063329316707,0.07289896552512098,149.36374266671538,149.36374266671538
TN,TCGA-LUAD,TCGA-35-4122-01,TCGA-38-4632-11,0.0044561305401679165,0.3206438825598489,71.95567537116324,71.95567537116324
TN,TCGA-LUAD,TCGA-67-3773-01,TCGA-91-6836-11,0.003147246643129561,0.27405388389384494,87.07734568312418,87.07734568312418
TN,TCGA-LUAD,TCGA-05-4425-01,TCGA-KN-8429-11,0.0019165223212826057,0.3165407616734955,165.16414035900976,165.16414035900976
TN,TCGA-LUAD,TCGA-50-5930-01,TCGA-44-3396-11,0.0018262325781495798,0.3074455706127616,168.34962550294617,168.34962550294617
TN,TCGA-LUAD,TCGA-73-4658-01,TCGA-55-6975-11,0.0016748154592322842,0.3348339915144255,199.9229166823606,199.9229166823606
TN,TCGA-LUAD,TCGA-44-3396-01,TCGA-44-2665-11,0.0013914204941178824,0.3868646058933134,278.03572502255946,278.03572502255946
TN,TCGA-LUAD,TCGA-73-7498-01,TCGA-KN-8427-11,0.0014252415769875153,0.34566974610535905,242.53414416662574,242.53414416662574
TN,TCGA-LUAD,TCGA-49-AARR-01,TCGA-KN-8432-11,0.0048006713569828715,0.16615566755941863,34.61092318217847,34.61092318217847
TN,TCGA-LUAD,TCGA-64-1681-01,TCGA-KN-8432-11,0.004162354157038188,0.23106434202269835,55.51289806322418,55.51289806322418
TN,TCGA-LUAD,TCGA-55-8203-01,TCGA-50-5935-11,0.0015797994524725356,0.370334324708423,234.4185675775585,234.4185675775585
TN,TCGA-LUAD,TCGA-55-6987-01,TCGA-38-4625-11,0.0020925890971805897,0.2685901610599465,128.35303472708824,128.35303472708824
TN,TCGA-LUAD,TCGA-55-A494-01,TCGA-55-6986-11,0.002249178929315375,0.37233083374199794,165.54077974371353,165.54077974371353
TN,TCGA-LUAD,TCGA-38-4631-01,TCGA-KN-8432-11,0.0036950142878189257,0.4544128012439612,122.9799848790814,122.9799848790814
TN,TCGA-LUAD,TCGA-44-6777-01,TCGA-91-6829-11,0.0013259162863990558,0.34286475340980355,258.58702915623803,258.58702915623803
TN,TCGA-LUAD,TCGA-44-5643-01,TCGA-50-5933-11,0.0032399678617064465,0.37991424343559466,117.25864565690446,117.25864565690446
TN,TCGA-LUAD,TCGA-55-7283-01,TCGA-KN-8419-11,0.0025269047964303036,0.3926198679234487,155.3758054035487,155.3758054035487
TN,TCGA-LUAD,TCGA-TQ-A7RG-01,TCGA-44-6777-11,0.0021790034631470785,0.24390938725019792,111.93620908611402,111.93620908611402
TN,TCGA-LUAD,TCGA-64-5781-01,TCGA-55-6982-11,0.004482748370821759,0.2973230089894762,66.32605366046282,66.32605366046282
TN,TCGA-LUAD,TCGA-49-AARE-01,TCGA-KN-8425-11,0.004120256398599097,0.41774489333941905,101.38808193622462,101.38808193622462
TN,TCGA-LUAD,TCGA-49-AAR3-01,TCGA-55-6986-11,0.002564203527174921,0.3724974596628331,145.2682892427137,145.2682892427137
TN,TCGA-LUAD,TCGA-N6-A4V9-01,TCGA-91-6829-11,0.0025240087241093292,0.3511931479055996,139.1410198193861,139.1410198193861
TN,TCGA-LUAD,TCGA-44-7662-01,TCGA-55-6969-11,0.001573771487663642,0.38343835355238043,243.64296631248394,243.64296631248394
TN,TCGA-LUAD,TCGA-86-8585-01,TCGA-KN-8435-11,0.0029612456964249094,0.43171207649229437,145.78732086077736,145.78732086077736
TN,TCGA-LUAD,TCGA-TQ-A7RK-01,TCGA-73-4676-11,0.004319386590499536,0.3041362188326106,70.4119005003063,70.4119005003063
TN,TCGA-LUAD,TCGA-05-4382-01,TCGA-38-4632-11,0.0019896816466854293,0.3582400105095831,180.04890938526168,180.04890938526168
TN,TCGA-LUAD,TCGA-49-AARN-01,TCGA-91-6828-11,0.0018533365936735232,0.2933943816692407,158.30604255630638,158.30604255630638
TN,TCGA-LUAD,TCGA-NJ-A4YP-01,TCGA-55-6981-11,0.0017721447819749774,0.3892813337521338,219.66677763105614,219.66677763105614
TN,TCGA-LUAD,TCGA-93-8067-01,TCGA-KN-8435-11,0.0021346518459200614,0.41280978920450373,193.38506651260388,193.38506651260388
TN,TCGA-LUAD,TCGA-64-5774-01,TCGA-KN-8419-11,0.0026736623377727254,0.4155231128784274,155.41345928692547,155.41345928692547
TN,TCGA-LUAD,TCGA-NJ-A4YQ-01,TCGA-49-6761-11,0.002241230044303313,0.3816081058297861,170.2672631931494,170.2672631931494
TN,TCGA-LUAD,TCGA-NJ-A4YI-01,TCGA-50-5933-11,0.0026930093140154227,0.3648688200317881,135.4873962495692,135.4873962495692
TN,TCGA-LUAD,TCGA-78-7153-01,TCGA-49-6761-11,0.002275403340532758,0.4032210194139104,177.20859077208752,177.20859077208752
TN,TCGA-LUAD,TCGA-55-7726-01,TCGA-55-6970-11,0.002098319733563921,0.37105991575481795,176.83668976633317,176.83668976633317
TN,TCGA-LUAD,TCGA-55-6971-01,TCGA-55-6971-11,0.0012030800616165682,0.13884275044606426,115.40607718118315,115.40607718118315
TN,TCGA-LUAD,TCGA-49-4507-01,TCGA-KN-8433-11,0.006135774592335317,0.45028758469684704,73.38724360235413,73.38724360235413
TN,TCGA-LUAD,TCGA-50-5942-01,TCGA-44-5645-11,0.0011631091339404512,0.2945530384929085,253.24626030147655,253.24626030147655
TN,TCGA-LUAD,TCGA-55-6984-01,TCGA-91-6836-11,0.0018010080460985306,0.37097359432163435,205.98108660606113,205.98108660606113
TN,TCGA-LUAD,TCGA-73-7498-01,TCGA-50-6595-11,0.0010896778552611777,0.2511615826626493,230.49159111566055,230.49159111566055
TN,TCGA-LUAD,TCGA-38-4631-01,TCGA-50-5932-11,0.0060137080713088525,0.31328637910465273,52.0953753307928,52.0953753307928
TN,TCGA-LUAD,TCGA-49-4486-01,TCGA-91-6829-11,0.0039558084136413,0.10448251244583598,26.412429905739646,26.412429905739646
TN,TCGA-LUAD,TCGA-73-4670-01,TCGA-50-5935-11,0.00312475553012718,0.3519052525406933,112.61849099803673,112.61849099803673
TN,TCGA-LUAD,TCGA-73-4675-01,TCGA-49-6744-11,0.002750427087366279,0.36557546662221957,132.91589088161686,132.91589088161686
TN,TCGA-LUAD,TCGA-55-8094-01,TCGA-55-6980-11,0.003958463529617353,0.3382681736207803,85.45441206918967,85.45441206918967
TN,TCGA-LUAD,TCGA-86-A4D0-01,TCGA-50-5936-11,0.0032305086324227418,0.395998542262959,122.58086491042037,122.58086491042037
TN,TCGA-LUAD,TCGA-05-4420-01,TCGA-KN-8430-11,0.0034760810757869104,0.39789944923129583,114.46782757827934,114.46782757827934
TN,TCGA-LUAD,TCGA-86-8073-01,TCGA-44-6776-11,0.0015467178746664434,0.2153276948778123,139.2158831320474,139.2158831320474
TN,TCGA-LUAD,TCGA-50-6594-01,TCGA-KN-8435-11,0.00313852868640064,0.43186686200716207,137.60169339170199,137.60169339170199
TN,TCGA-LUAD,TCGA-44-2665-01,TCGA-KN-8425-11,0.0036298897477843764,0.42180250073775466,116.2025653796278,116.2025653796278
TN,TCGA-LUAD,TCGA-55-8205-01,TCGA-50-5931-11,0.0017683986789113425,0.2563654407878749,144.97038696370095,144.97038696370095
TN,TCGA-LUAD,TCGA-50-7109-01,TCGA-KN-8429-11,0.0029988332765607173,0.39905443446748146,133.0698967450256,133.0698967450256
TN,TCGA-LUAD,TCGA-NJ-A55O-01,TCGA-55-6972-11,0.001225812951571851,0.29047838531066195,236.967952523412,236.967952523412
TN,TCGA-LUAD,TCGA-44-A4SU-01,TCGA-91-6828-11,0.0022063040734808313,0.3652991379057362,165.57062206272084,165.57062206272084
TN,TCGA-LUAD,TCGA-44-2662-01,TCGA-44-6148-11,0.002495724124316951,0.37507959787373124,150.28888578635906,150.28888578635906
TN,TCGA-LUAD,TCGA-55-6983-01,TCGA-KN-8433-11,0.0014395397588692735,0.19698749672439156,136.84060861168632,136.84060861168632
TN,TCGA-LUAD,TCGA-86-8668-01,TCGA-91-6847-11,0.0014877110746616229,0.31261271562949977,210.12999160512598,210.12999160512598
TN,TCGA-LUAD,TCGA-TQ-A7RQ-01,TCGA-44-6148-11,0.002038706962737791,0.24095944711645245,118.19229125154243,118.19229125154243
TN,TCGA-LUAD,TCGA-50-5045-01,TCGA-55-6986-11,0.003970734198114161,0.33669455302397205,84.79402957364407,84.79402957364407
TN,TCGA-LUAD,TCGA-97-7554-01,TCGA-50-5939-11,0.0013195804324220035,0.34659969303008276,262.6590122997821,262.6590122997821
TN,TCGA-LUAD,TCGA-KN-8434-01,TCGA-44-6777-11,0.0024523629441095024,0.1551920665850836,63.28266660440699,63.28266660440699
TN,TCGA-LUAD,TCGA-44-6778-01,TCGA-KN-8436-11,0.0019409647558075967,0.24424481181294783,125.8368092888541,125.8368092888541
TN,TCGA-LUAD,TCGA-05-4424-01,TCGA-50-5930-11,0.0020036833501795694,0.15547494792912794,77.59456997793306,77.59456997793306
TN,TCGA-LUAD,TCGA-97-7554-01,TCGA-44-6147-11,0.0018602652671327285,0.3386353929227186,182.03607781414178,182.03607781414178
TN,TCGA-LUAD,TCGA-55-8620-01,TCGA-50-5933-11,0.002950224157014167,0.40759748638937654,138.15814144844293,138.15814144844293
TN,TCGA-LUAD,TCGA-KN-8422-01,TCGA-55-6982-11,0.0065581494860764995,0.10056568684688594,15.334460896384767,15.334460896384767
TN,TCGA-LUAD,TCGA-55-8207-01,TCGA-55-6979-11,0.001150957689108805,0.2645644023162757,229.86457696905424,229.86457696905424
TN,TCGA-LUAD,TCGA-05-4434-01,TCGA-KN-8433-11,0.001665571772875539,0.09364466447345923,56.22373409449999,56.22373409449999
TN,TCGA-LUAD,TCGA-55-7227-01,TCGA-49-4490-11,0.003590439815543981,0.18582940819281857,51.75672556557362,51.75672556557362
TN,TCGA-LUAD,TCGA-86-7714-01,TCGA-38-4626-11,0.002250412690344867,0.3403315277032003,151.23071833151005,151.23071833151005
TN,TCGA-LUAD,TCGA-55-6642-01,TCGA-44-2655-11,0.001591849927315082,0.3929735209294909,246.8659351527601,246.8659351527601
TN,TCGA-LUAD,TCGA-75-6207-01,TCGA-44-3396-11,0.0025956236563252468,0.3530283997591689,136.00908548466873,136.00908548466873
TN,TCGA-LUAD,TCGA-55-A48Y-01,TCGA-49-4490-11,0.0035265838405168838,0.38002715601920506,107.7607036172165,107.7607036172165
TN,TCGA-LUAD,TCGA-50-8459-01,TCGA-KN-8434-11,0.001627894931782328,0.25165659672083984,154.59019609165404,154.59019609165404
TN,TCGA-LUAD,TCGA-05-4390-01,TCGA-49-4490-11,0.0036100884647272697,0.39262556833326145,108.75788008228852,108.75788008228852
TN,TCGA-LUAD,TCGA-55-8096-01,TCGA-44-5645-11,0.0016321224613755079,0.34797961674975697,213.20680585235579,213.20680585235579
TN,TCGA-LUAD,TCGA-86-8671-01,TCGA-KN-8422-11,0.0013425708968798147,0.13419290116180904,99.95218984239744,99.95218984239744
TN,TCGA-LUAD,TCGA-75-6207-01,TCGA-49-6761-11,0.0027741655361213594,0.36880518171511356,132.9427450932689,132.9427450932689
TN,TCGA-LUAD,TCGA-44-7662-01,TCGA-55-6978-11,0.0016373137477638177,0.40870791647069077,249.62101309470395,249.62101309470395
TN,TCGA-LUAD,TCGA-NJ-A55R-01,TCGA-55-6971-11,0.001712492886300839,0.3751395938345794,219.06052681183368,219.06052681183368
TN,TCGA-LUAD,TCGA-73-7499-01,TCGA-44-6776-11,0.00420046166067096,0.40343820308031453,96.04615770159688,96.04615770159688
TN,TCGA-LUAD,TCGA-75-5125-01,TCGA-38-4626-11,0.0029317023207783843,0.34297763902830747,116.98924430269062,116.98924430269062
TN,TCGA-LUAD,TCGA-05-4384-01,TCGA-50-5936-11,0.0008466678023359084,0.14817824254946113,175.01343754970458,175.01343754970458
TN,TCGA-LUAD,TCGA-05-4418-01,TCGA-73-4676-11,0.001987904714792295,0.3574125113933988,179.79358302932684,179.79358302932684
TN,TCGA-LUAD,TCGA-44-4112-01,TCGA-38-4632-11,0.002379496248456476,0.3063353530015232,128.73958225411613,128.73958225411613
TN,TCGA-LUAD,TCGA-73-4658-01,TCGA-55-6984-11,0.0013964200004863948,0.3607253692275244,258.3215430184888,258.3215430184888
TN,TCGA-LUAD,TCGA-05-4402-01,TCGA-KN-8426-11,0.0017393251515458793,0.3040687409451637,174.81995282763154,174.81995282763154
TN,TCGA-LUAD,TCGA-55-6972-01,TCGA-KN-8432-11,0.003287430394075569,0.41168874266648353,125.23116638709885,125.23116638709885
TN,TCGA-LUAD,TCGA-75-7027-01,TCGA-49-4490-11,0.004709448368870389,0.369258568789421,78.40802995744309,78.40802995744309
TN,TCGA-LUAD,TCGA-86-8279-01,TCGA-44-6144-11,0.0018465831629126124,0.36074668458453285,195.3590240774901,195.3590240774901
TN,TCGA-LUAD,TCGA-05-4405-01,TCGA-50-5935-11,0.0013243466489703828,0.3018379221067355,227.91458893440043,227.91458893440043
TN,TCGA-LUAD,TCGA-75-5146-01,TCGA-KN-8419-11,0.0028607461883741114,0.38575252883177286,134.84332528325874,134.84332528325874
TN,TCGA-LUAD,TCGA-64-1678-01,TCGA-55-6986-11,0.012535117978335977,0.21677367929410896,17.293309857055323,17.293309857055323
TN,TCGA-LUAD,TCGA-50-5931-01,TCGA-55-6980-11,0.0023742875972786823,0.41144105328946196,173.290318224734,173.290318224734
TN,TCGA-LUAD,TCGA-KN-8419-01,TCGA-KN-8419-11,0.0026411053379611915,0.12549241157481236,47.51511034833869,47.51511034833869
TN,TCGA-LUAD,TCGA-44-6148-01,TCGA-38-4627-11,0.0027940993874504528,0.1965877377630023,70.35817646500536,70.35817646500536
TN,TCGA-LUAD,TCGA-38-A44F-01,TCGA-KN-8419-11,0.00264957010956972,0.2462568555273209,92.9421926364168,92.9421926364168
TN,TCGA-LUAD,TCGA-44-8119-01,TCGA-55-6985-11,0.0015200556716787406,0.34736837152763356,228.52345344957132,228.52345344957132
TN,TCGA-LUAD,TCGA-KN-8426-01,TCGA-44-2661-11,0.0038973307073893737,0.10713352013867156,27.488947739422127,27.488947739422127
TN,TCGA-LUAD,TCGA-97-A4M0-01,TCGA-55-6980-11,0.0015303833892052576,0.33110570901582614,216.35474571360345,216.35474571360345
TN,TCGA-LUAD,TCGA-73-4662-01,TCGA-91-6831-11,0.002096461770938527,0.3091994217853837,147.48631531065973,147.48631531065973
TN,TCGA-LUAD,TCGA-55-7570-01,TCGA-49-6742-11,0.002740889452092182,0.38042148624424993,138.7949032216041,138.7949032216041
TN,TCGA-LUAD,TCGA-75-7027-01,TCGA-55-6983-11,0.0018675778650703767,0.3728903427907676,199.66521865834807,199.66521865834807
TN,TCGA-LUAD,TCGA-93-A4JO-01,TCGA-55-6984-11,0.0020319911568636236,0.18596114461796226,91.51670960270964,91.51670960270964
TN,TCGA-LUAD,TCGA-L3-A4E7-01,TCGA-44-2668-11,0.0018813896318615585,0.2969034878042196,157.810738815673,157.810738815673
TN,TCGA-LUAD,TCGA-49-AARO-01,TCGA-KN-8428-11,0.002099215465103319,0.2899231392903191,138.11023408978636,138.11023408978636
TN,TCGA-LUAD,TCGA-75-6207-01,TCGA-55-6972-11,0.0027859452351594095,0.3689883652454543,132.44638142513276,132.44638142513276
TN,TCGA-LUAD,TCGA-50-5944-01,TCGA-55-6978-11,0.0012029057236215383,0.3059713520687307,254.36020966593748,254.36020966593748
TN,TCGA-LUAD,TCGA-55-6978-01,TCGA-44-6778-11,0.0012925054282152794,0.31685563592823207,245.14839861504757,245.14839861504757
TN,TCGA-LUAD,TCGA-55-8096-01,TCGA-55-6979-11,0.0014909529031792413,0.3185574936036783,213.66033288134088,213.66033288134088
TN,TCGA-LUAD,TCGA-55-7815-01,TCGA-50-5932-11,0.005700186571877349,0.3700564492628336,64.92005912377637,64.92005912377637
TN,TCGA-LUAD,TCGA-49-4506-01,TCGA-49-6742-11,0.006769940194084504,0.1694464434325015,25.029237862479473,25.029237862479473
TN,TCGA-LUAD,TCGA-75-5122-01,TCGA-50-5931-11,0.0019381960571531892,0.3642338650390252,187.92415952698292,187.92415952698292
TN,TCGA-LUAD,TCGA-86-7701-01,TCGA-91-6847-11,0.0020795569862043354,0.4077814426728503,196.09053532942332,196.09053532942332
TN,TCGA-LUAD,TCGA-97-A4M6-01,TCGA-KN-8430-11,0.002002520189629413,0.13028952011220785,65.06277479095941,65.06277479095941
TN,TCGA-LUAD,TCGA-44-2655-01,TCGA-KN-8430-11,0.0026464986762018746,0.2806067521102058,106.02943225836745,106.02943225836745
TN,TCGA-LUAD,TCGA-MP-A4T8-01,TCGA-55-6972-11,0.0019776620895257642,0.38773033515577976,196.05489593460123,196.05489593460123
TN,TCGA-LUAD,TCGA-TQ-A7RP-01,TCGA-55-6969-11,0.0019536736874910246,0.19959160428581482,102.16220117195583,102.16220117195583
TN,TCGA-LUAD,TCGA-67-6217-01,TCGA-55-6975-11,0.0012949901881891507,0.27071985587567793,209.0516656765091,209.0516656765091
TN,TCGA-LUAD,TCGA-78-7153-01,TCGA-KN-8433-11,0.0023380245056203765,0.42701958500243997,182.64119301398583,182.64119301398583
TN,TCGA-LUAD,TCGA-TQ-A7RP-01,TCGA-KN-8430-11,0.0019489318226962621,0.4371497471268144,224.30222649966115,224.30222649966115
TN,TCGA-LUAD,TCGA-97-8552-01,TCGA-55-6982-11,0.0013898419366306896,0.21032125856897374,151.32746611376754,151.32746611376754
TN,TCGA-LUAD,TCGA-MT-A51W-01,TCGA-49-6743-11,0.0028157292612113905,0.3648342355954759,129.5700693320621,129.5700693320621
TN,TCGA-LUAD,TCGA-55-7994-01,TCGA-55-6975-11,0.0015924451604714424,0.3753286104836092,235.6932720825962,235.6932720825962
TN,TCGA-LUAD,TCGA-86-8054-01,TCGA-KN-8435-11,0.00234756651051192,0.41454696469561636,176.5858231659722,176.5858231659722
TN,TCGA-LUAD,TCGA-50-8459-01,TCGA-55-6981-11,0.000947459351815755,0.3359906882635588,354.62280003849315,354.62280003849315
TN,TCGA-LUAD,TCGA-55-A4DG-01,TCGA-44-2668-11,0.0024201281710033353,0.30954838910431115,127.90578317840858,127.90578317840858
TN,TCGA-LUAD,TCGA-78-7159-01,TCGA-KN-8427-11,0.0019120148387886337,0.39264962131103676,205.35908683627258,205.35908683627258
TN,TCGA-LUAD,TCGA-50-5935-01,TCGA-50-5935-11,0.0014742784013281863,0.32243149921759384,218.70462114015464,218.70462114015464
TN,TCGA-LUAD,TCGA-N6-A4V9-01,TCGA-44-2661-11,0.0023400897914453425,0.22269436825371106,95.16488173565563,95.16488173565563
TN,TCGA-LUAD,TCGA-93-A4JP-01,TCGA-91-6831-11,0.0016092320351204182,0.09979476128670545,62.013904215645226,62.013904215645226
TN,TCGA-LUAD,TCGA-KN-8429-01,TCGA-KN-8426-11,0.002374016409413357,0.10020707670368231,42.209934314836715,42.209934314836715
TN,TCGA-LUAD,TCGA-49-AAQV-01,TCGA-44-2662-11,0.002984776984886691,0.38961257408561734,130.53322779504342,130.53322779504342
TN,TCGA-LUAD,TCGA-NJ-A55A-01,TCGA-KN-8435-11,0.0011615010011068036,0.2496872202279493,214.96944039653894,214.96944039653894
TN,TCGA-LUAD,TCGA-64-1680-01,TCGA-44-2665-11,0.0026768148238221537,0.3092665192220319,115.5352684353557,115.5352684353557
TN,TCGA-LUAD,TCGA-55-7914-01,TCGA-50-5935-11,0.0018062465693746085,0.3897363101969753,215.77137739944158,215.77137739944158
TN,TCGA-LUAD,TCGA-55-8621-01,TCGA-38-4627-11,0.0023596670519090692,0.036625742346712405,15.521572129034327,15.521572129034327
TN,TCGA-LUAD,TCGA-49-AAQV-01,TCGA-55-6983-11,0.002756568842946612,0.3442436963758069,124.88122589669496,124.88122589669496
TN,TCGA-LUAD,TCGA-MP-A4T4-01,TCGA-44-6777-11,0.0016172628759603877,0.3365741610409221,208.11345270078772,208.11345270078772
TN,TCGA-LUAD,TCGA-78-7167-01,TCGA-91-6835-11,0.0012836846767137443,0.24553687793993756,191.27507120246722,191.27507120246722
TN,TCGA-LUAD,TCGA-05-4425-01,TCGA-44-2657-11,0.001208587869455611,0.3391692609481232,280.63268672462897,280.63268672462897
TN,TCGA-LUAD,TCGA-73-4670-01,TCGA-49-6745-11,0.00282517119082359,0.41667388154999574,147.4862418615162,147.4862418615162
TN,TCGA-LUAD,TCGA-78-8655-01,TCGA-55-6984-11,0.0014867768672174465,0.3170653962723154,213.2568802107569,213.2568802107569
TN,TCGA-LUAD,TCGA-TQ-A7RM-01,TCGA-44-2662-11,0.0032682488743198115,0.31384337008809,96.02798995942655,96.02798995942655
TN,TCGA-LUAD,TCGA-91-6831-01,TCGA-KN-8437-11,0.0019716064381251667,0.41150614198966085,208.7161687202487,208.7161687202487
TN,TCGA-LUAD,TCGA-86-8055-01,TCGA-50-5930-11,0.0014856522088001083,0.2101712888614341,141.46735529116845,141.46735529116845
TN,TCGA-LUAD,TCGA-55-7570-01,TCGA-44-2665-11,0.003026773740905909,0.40098735247288525,132.4801213429552,132.4801213429552
TN,TCGA-LUAD,TCGA-NJ-A4YP-01,TCGA-50-6595-11,0.0020637423173079355,0.4063404067912676,196.89493372473044,196.89493372473044
TN,TCGA-LUAD,TCGA-50-5045-01,TCGA-50-5931-11,0.003718452558123097,0.32869120758285736,88.3946218070792,88.3946218070792
TN,TCGA-LUAD,TCGA-55-8094-01,TCGA-55-6978-11,0.003793865141755449,0.2768820894711707,72.98153179558074,72.98153179558074
TN,TCGA-LUAD,TCGA-50-5932-01,TCGA-49-4490-11,0.0045474768866116035,0.36024759980122845,79.21922612995502,79.21922612995502
TN,TCGA-LUAD,TCGA-55-8301-01,TCGA-49-4490-11,0.003928714229104797,0.33270904303545185,84.68649630219184,84.68649630219184
TN,TCGA-LUAD,TCGA-64-1677-01,TCGA-55-6978-11,0.005417350531916493,0.2616828483798247,48.30458114868364,48.30458114868364
TN,TCGA-LUAD,TCGA-KN-8433-01,TCGA-55-6970-11,0.008798298040473607,0.16249908191558904,18.469376823570506,18.469376823570506
TN,TCGA-LUAD,TCGA-64-1680-01,TCGA-73-4676-11,0.0016380459944733282,0.32932994556429185,201.05048739500106,201.05048739500106
TN,TCGA-LUAD,TCGA-91-A4BD-01,TCGA-91-6828-11,0.0039000607013596144,0.2162273268791415,55.44204140303809,55.44204140303809
TN,TCGA-LUAD,TCGA-75-6214-01,TCGA-55-6986-11,0.002300864495350733,0.3299379176428968,143.3973701230948,143.3973701230948
TN,TCGA-LUAD,TCGA-91-6840-01,TCGA-38-4627-11,0.003737789648652952,0.2641666357521386,70.67455918696244,70.67455918696244
TN,TCGA-LUAD,TCGA-44-5645-01,TCGA-55-6971-11,0.0012295767521557266,0.2847027593857305,231.54533369843082,231.54533369843082
TN,TCGA-LUAD,TCGA-55-8301-01,TCGA-55-6978-11,0.001696519892531011,0.35742676437396675,210.6823303089759,210.6823303089759
TN,TCGA-LUAD,TCGA-73-7499-01,TCGA-55-6985-11,0.0035582826351350247,0.3310176692135164,93.02736829980775,93.02736829980775
TN,TCGA-LUAD,TCGA-44-A479-01,TCGA-44-6778-11,0.0015599440650180128,0.3912154560730033,250.7881307067801,250.7881307067801
TN,TCGA-LUAD,TCGA-44-5645-01,TCGA-91-6829-11,0.001955479550639186,0.2849752303187947,145.73163407699408,145.73163407699408
TN,TCGA-LUAD,TCGA-55-6978-01,TCGA-44-6144-11,0.0013593979414509745,0.33864806332966657,249.11621020126404,249.11621020126404
TN,TCGA-LUAD,TCGA-97-8174-01,TCGA-38-4627-11,0.003546495708293596,0.25094452272078777,70.75844533914021,70.75844533914021
TN,TCGA-LUAD,TCGA-55-8510-01,TCGA-KN-8419-11,0.002845857064594049,0.3035278769866793,106.65605126938321,106.65605126938321
TN,TCGA-LUAD,TCGA-91-6849-01,TCGA-55-6985-11,0.0012753836967438774,0.23369807857711042,183.23746741765171,183.23746741765171
TN,TCGA-LUAD,TCGA-50-7109-01,TCGA-KN-8422-11,0.002267295099163821,0.42606727922349164,187.9187580745997,187.9187580745997
TN,TCGA-LUAD,TCGA-50-5930-01,TCGA-49-6745-11,0.0027172500414891746,0.3406848059463082,125.37852635733061,125.37852635733061
TN,TCGA-LUAD,TCGA-73-4675-01,TCGA-44-6146-11,0.00263076775111249,0.38378095062058787,145.88172994681722,145.88172994681722
TN,TCGA-LUAD,TCGA-L3-A4E7-01,TCGA-44-6148-11,0.0019466275831495228,0.35788823373210754,183.85038660197475,183.85038660197475
TN,TCGA-LUAD,TCGA-55-7727-01,TCGA-50-6595-11,0.003232075302382501,0.3745477855516107,115.88460988997241,115.88460988997241
TN,TCGA-LUAD,TCGA-78-7153-01,TCGA-91-6847-11,0.002521752516178512,0.3585604822330427,142.18702268865331,142.18702268865331
TN,TCGA-LUAD,TCGA-TQ-A8XE-01,TCGA-49-4512-11,0.006395932831297646,0.3633544575205936,56.810236615145,56.810236615145
TN,TCGA-LUAD,TCGA-44-2655-01,TCGA-38-4632-11,0.0011642656191802577,0.22576869301627495,193.91510777002534,193.91510777002534
TN,TCGA-LUAD,TCGA-97-A4LX-01,TCGA-49-6743-11,0.0018851135819421922,0.2244291325279133,119.05337411907497,119.05337411907497
TN,TCGA-LUAD,TCGA-KN-8434-01,TCGA-49-6744-11,0.003283476710499433,0.12775985501400383,38.9099318431197,38.9099318431197
TN,TCGA-LUAD,TCGA-91-6830-01,TCGA-KN-8437-11,0.0015823719980968638,0.20755896954836847,131.16951626924765,131.16951626924765
TN,TCGA-LUAD,TCGA-05-4434-01,TCGA-55-6982-11,0.0014589894034310396,0.25342035078133657,173.6958131329668,173.6958131329668
TN,TCGA-LUAD,TCGA-50-6595-01,TCGA-49-4490-11,0.003640069936255268,0.3297531689785508,90.58978941426199,90.58978941426199
TN,TCGA-LUAD,TCGA-75-6211-01,TCGA-55-6979-11,0.0022830502818817324,0.3925140275168145,171.92526622466553,171.92526622466553
TN,TCGA-LUAD,TCGA-50-6591-01,TCGA-55-6982-11,0.0024119654191362585,0.3132042893164305,129.85438631561772,129.85438631561772
TN,TCGA-LUAD,TCGA-55-1594-01,TCGA-38-4625-11,0.0029724437227678607,0.3155836986049393,106.1697808398122,106.1697808398122
TN,TCGA-LUAD,TCGA-73-4670-01,TCGA-49-6761-11,0.0027962894834840327,0.4251016391429131,152.02347312527112,152.02347312527112
TN,TCGA-LUAD,TCGA-75-5126-01,TCGA-73-4676-11,0.0017674583940215194,0.17673085023158247,99.99151936440475,99.99151936440475
TN,TCGA-LUAD,TCGA-93-7347-01,TCGA-49-6742-11,0.0008139935050366596,0.2142140730765756,263.16435174372566,263.16435174372566
TN,TCGA-LUAD,TCGA-55-6978-01,TCGA-KN-8422-11,0.001718005724329029,0.35353723116249136,205.78350011061002,205.78350011061002
TN,TCGA-LUAD,TCGA-50-6592-01,TCGA-50-5936-11,0.0019652194689476167,0.4052355181761135,206.20369611599605,206.20369611599605
TN,TCGA-LUAD,TCGA-86-8054-01,TCGA-KN-8419-11,0.0029219057689374066,0.4223156431679696,144.53431306977117,144.53431306977117
TN,TCGA-LUAD,TCGA-55-8092-01,TCGA-KN-8434-11,0.002183115036720406,0.4293213875829543,196.65541227177116,196.65541227177116
TN,TCGA-LUAD,TCGA-44-A4SS-01,TCGA-55-6982-11,0.0014617812415125145,0.33580567451739773,229.7236173108484,229.7236173108484
TN,TCGA-LUAD,TCGA-MP-A4SY-01,TCGA-44-2665-11,0.0018845913284492634,0.3754436145770088,199.21752207463607,199.21752207463607
TN,TCGA-LUAD,TCGA-64-5781-01,TCGA-38-4626-11,0.002246372613064472,0.3007022008787454,133.86122993572798,133.86122993572798
TN,TCGA-LUAD,TCGA-75-6205-01,TCGA-50-6595-11,0.0014508158888597287,0.3722169846760358,256.5570087384281,256.5570087384281
TN,TCGA-LUAD,TCGA-05-4403-01,TCGA-44-6145-11,0.001685498951993671,0.3276111096394797,194.37040245677343,194.37040245677343
TN,TCGA-LUAD,TCGA-75-6212-01,TCGA-49-6743-11,0.001353838300979155,0.30643809014803447,226.34762949637712,226.34762949637712
TN,TCGA-LUAD,TCGA-55-7815-01,TCGA-KN-8435-11,0.006460774935958635,0.4454571410492092,68.94794284969366,68.94794284969366
TN,TCGA-LUAD,TCGA-93-7348-01,TCGA-44-2657-11,0.0013208497215985047,0.30720642013460875,232.58241653927493,232.58241653927493
TN,TCGA-LUAD,TCGA-86-7953-01,TCGA-38-4632-11,0.0029482508697088188,0.23544849592351755,79.86040073542704,79.86040073542704
TN,TCGA-LUAD,TCGA-49-AAR9-01,TCGA-44-6145-11,0.0029062393906174036,0.3639875627792909,125.24348956056409,125.24348956056409
TN,TCGA-LUAD,TCGA-91-6831-01,TCGA-KN-8427-11,0.0020014080171516626,0.3992675869607162,199.49334845222643,199.49334845222643
TN,TCGA-LUAD,TCGA-49-4490-01,TCGA-KN-8431-11,0.0029993489365400176,0.2989358324157641,99.666907299092,99.666907299092
TN,TCGA-LUAD,TCGA-75-6206-01,TCGA-49-4490-11,0.004604736891507019,0.3103753490293763,67.40349260819502,67.40349260819502
TN,TCGA-LUAD,TCGA-38-6178-01,TCGA-55-6971-11,0.0017731292443474956,0.25287166230054525,142.6132150866425,142.6132150866425
TN,TCGA-LUAD,TCGA-55-7281-01,TCGA-KN-8435-11,0.0026961713973582555,0.4133994629975487,153.32833194603393,153.32833194603393
TN,TCGA-LUAD,TCGA-05-4398-01,TCGA-38-4627-11,0.0030865638221598203,0.3043162755698543,98.59387108247425,98.59387108247425
TN,TCGA-LUAD,TCGA-38-4625-01,TCGA-KN-8428-11,0.008174318715119346,0.4368302996308484,53.43935254480356,53.43935254480356
TN,TCGA-LUAD,TCGA-MP-A4T8-01,TCGA-49-4490-11,0.004877051511116117,0.3450348237298697,70.74660231564957,70.74660231564957
TN,TCGA-LUAD,TCGA-MP-A4TE-01,TCGA-KN-8430-11,0.0026697107362990812,0.41064395019753175,153.81589646179867,153.81589646179867
TN,TCGA-LUAD,TCGA-78-7158-01,TCGA-44-2661-11,0.0017038881097629476,0.22589578017518488,132.57665153060577,132.57665153060577
TN,TCGA-LUAD,TCGA-91-6828-01,TCGA-KN-8435-11,0.0015671039650140667,0.3290587129236405,209.97886564640703,209.97886564640703
TN,TCGA-LUAD,TCGA-44-6774-01,TCGA-55-6978-11,0.0011046770112395185,0.3807915208859368,344.70846863977397,344.70846863977397
TN,TCGA-LUAD,TCGA-78-7537-01,TCGA-55-6972-11,0.002044615781085872,0.22838206831681743,111.69925930803798,111.69925930803798
TN,TCGA-LUAD,TCGA-44-2666-01,TCGA-55-6981-11,0.0017594602705101115,0.3235295693730154,183.88000842963967,183.88000842963967
TN,TCGA-LUAD,TCGA-86-8669-01,TCGA-55-6975-11,0.0017122773714730688,0.341594672182286,199.49727647712402,199.49727647712402
TN,TCGA-LUAD,TCGA-49-6745-01,TCGA-55-6986-11,0.0017505087715742635,0.3536416721049058,202.02222225191687,202.02222225191687
TN,TCGA-LUAD,TCGA-86-A4JF-01,TCGA-55-6975-11,0.0023852865752499,0.344360075186523,144.36842883352298,144.36842883352298
TN,TCGA-LUAD,TCGA-MP-A4T4-01,TCGA-49-6744-11,0.0022225064853537736,0.36843061039212965,165.77256931310313,165.77256931310313
TN,TCGA-LUAD,TCGA-05-5425-01,TCGA-55-6968-11,0.0019387537105647658,0.2748619853009091,141.77251282775924,141.77251282775924
TN,TCGA-LUAD,TCGA-55-8619-01,TCGA-91-6836-11,0.0008694161899592155,0.17090106602557817,196.5699143854167,196.5699143854167
TN,TCGA-LUAD,TCGA-44-7671-01,TCGA-55-6971-11,0.0017058082509959476,0.3590359829122761,210.47851228451412,210.47851228451412
TN,TCGA-LUAD,TCGA-67-6215-01,TCGA-50-5939-11,0.001521291150503334,0.36487885694197925,239.848142691986,239.848142691986
TN,TCGA-LUAD,TCGA-44-A47A-01,TCGA-55-6981-11,0.0017598591095459354,0.3560524088756438,202.31870093709352,202.31870093709352
TN,TCGA-LUAD,TCGA-N1-A6IA-01,TCGA-44-2662-11,0.002718076350727427,0.36549338591843517,134.46766711340533,134.46766711340533
TN,TCGA-LUAD,TCGA-44-6777-01,TCGA-49-4512-11,0.003922295004054756,0.3200833919615217,81.60614936679384,81.60614936679384
TN,TCGA-LUAD,TCGA-67-3770-01,TCGA-91-6835-11,0.005007967900182637,0.21630860750239114,43.19289017297865,43.19289017297865
TN,TCGA-LUAD,TCGA-KN-8426-01,TCGA-44-6147-11,0.0055016180493813755,0.15952947332209255,28.996828185851744,28.996828185851744
TN,TCGA-LUAD,TCGA-78-7633-01,TCGA-38-4627-11,0.003171301846278688,0.3451278710571899,108.82845209520958,108.82845209520958
TN,TCGA-LUAD,TCGA-TQ-A7RW-01,TCGA-55-6982-11,0.0012292074663443247,0.15896514398569228,129.3232821457359,129.3232821457359
TN,TCGA-LUAD,TCGA-55-8510-01,TCGA-50-5933-11,0.002536457533659259,0.25333787534972296,99.87861889579568,99.87861889579568
TN,TCGA-LUAD,TCGA-97-8177-01,TCGA-50-5939-11,0.002960045717547634,0.2864812974912566,96.78272730483476,96.78272730483476
TN,TCGA-LUAD,TCGA-55-7284-01,TCGA-44-2657-11,0.0009581389472353118,0.20244747872811134,211.2924010784333,211.2924010784333
TN,TCGA-LUAD,TCGA-KN-8418-01,TCGA-44-6146-11,0.0035663979829656197,0.16354290774268176,45.85660616785357,45.85660616785357
TN,TCGA-LUAD,TCGA-05-4434-01,TCGA-55-6978-11,0.001312765050252716,0.21484300120000965,163.65685631153187,163.65685631153187
TN,TCGA-LUAD,TCGA-73-7499-01,TCGA-44-2665-11,0.0036957108351157843,0.3786546209589773,102.45785935444115,102.45785935444115
TN,TCGA-LUAD,TCGA-44-3917-01,TCGA-44-2655-11,0.011585390350453507,0.03349949345138949,2.891529110201984,2.891529110201984
TN,TCGA-LUAD,TCGA-49-4506-01,TCGA-44-3398-11,0.00803356464053844,0.19149207072687588,23.83650089283919,23.83650089283919
TN,TCGA-LUAD,TCGA-64-1681-01,TCGA-55-6981-11,0.001901683844485157,0.2888832614869151,151.9091947510994,151.9091947510994
TN,TCGA-LUAD,TCGA-TQ-A7RR-01,TCGA-49-6742-11,0.0024083604435239277,0.24305717512622754,100.92225845172278,100.92225845172278
TN,TCGA-LUAD,TCGA-44-2666-01,TCGA-49-6743-11,0.0016625966460296307,0.2902421581378629,174.57160089368438,174.57160089368438
TN,TCGA-LUAD,TCGA-05-4425-01,TCGA-55-6969-11,0.0016403871901797475,0.3512327772286149,214.1157766479072,214.1157766479072
TN,TCGA-LUAD,TCGA-44-5643-01,TCGA-91-6828-11,0.002750639804870847,0.36072384599697027,131.14179666788746,131.14179666788746
TN,TCGA-LUAD,TCGA-NJ-A4YQ-01,TCGA-55-6985-11,0.0018952330834466893,0.2510572632479964,132.46775050561126,132.46775050561126
TN,TCGA-LUAD,TCGA-91-6848-01,TCGA-91-6847-11,0.00255660909426981,0.4368399464243376,170.8669297169589,170.8669297169589
TN,TCGA-LUAD,TCGA-38-7271-01,TCGA-50-5930-11,0.0008434365408335398,0.24294516919403075,288.04202501581955,288.04202501581955
TN,TCGA-LUAD,TCGA-78-7536-01,TCGA-KN-8422-11,0.0023352485434623912,0.4601944543680731,197.0644433785874,197.0644433785874
TN,TCGA-LUAD,TCGA-44-A47A-01,TCGA-KN-8428-11,0.002132861370356707,0.39642605633338557,185.8658334962886,185.8658334962886
TN,TCGA-LUAD,TCGA-91-A4BD-01,TCGA-44-6145-11,0.0031713483245314877,0.248812876837482,78.45649590517303,78.45649590517303
TN,TCGA-LUAD,TCGA-MT-A67A-01,TCGA-49-6761-11,0.005613482074592432,0.24615963851269398,43.85150522290862,43.85150522290862
TN,TCGA-LUAD,TCGA-44-5643-01,TCGA-KN-8432-11,0.00584560485897072,0.4477452722886035,76.59519982803651,76.59519982803651
TN,TCGA-LUAD,TCGA-75-6206-01,TCGA-KN-8427-11,0.001672988802619102,0.3875656833895695,231.6606559367442,231.6606559367442
TN,TCGA-LUAD,TCGA-TQ-A7RO-01,TCGA-55-6982-11,0.001740741974000559,0.18134059512726527,104.17431063060414,104.17431063060414
TN,TCGA-LUAD,TCGA-N6-A4V9-01,TCGA-55-6985-11,0.0022008501792496905,0.2407998515096965,109.4121961503938,109.4121961503938
TN,TCGA-LUAD,TCGA-49-AAQV-01,TCGA-49-4512-11,0.005335229633776843,0.2507008443003012,46.98970082058651,46.98970082058651
TN,TCGA-LUAD,TCGA-78-7539-01,TCGA-55-6985-11,0.0016850107821014945,0.2415532909225852,143.35415149173542,143.35415149173542
TN,TCGA-LUAD,TCGA-86-8279-01,TCGA-49-4512-11,0.005582867489380218,0.2885049799838703,51.676845372502065,51.676845372502065
TN,TCGA-LUAD,TCGA-44-A47B-01,TCGA-KN-8431-11,0.0024002396116852426,0.36428357494718766,151.76967048361433,151.76967048361433
TN,TCGA-LUAD,TCGA-44-6776-01,TCGA-55-6978-11,0.0013557501230290312,0.26776956166613386,197.50657375407815,197.50657375407815
TN,TCGA-LUAD,TCGA-MP-A4SV-01,TCGA-55-6975-11,0.0014842522014259262,0.24283500915429623,163.6076462753458,163.6076462753458
TN,TCGA-LUAD,TCGA-50-5946-01,TCGA-55-6985-11,0.002134512579916495,0.35018589685303075,164.05895198178243,164.05895198178243
TN,TCGA-LUAD,TCGA-91-6835-01,TCGA-KN-8426-11,0.0016210022746470537,0.18756740736723004,115.7107613609424,115.7107613609424
TN,TCGA-LUAD,TCGA-50-8459-01,TCGA-91-6831-11,0.0019521952125512736,0.27016963288200924,138.39273405907574,138.39273405907574
TN,TCGA-LUAD,TCGA-49-4512-01,TCGA-50-5933-11,0.00458086948013688,0.3549192435841588,77.47857587366875,77.47857587366875
TN,TCGA-LUAD,TCGA-78-7146-01,TCGA-50-5936-11,0.002523431458365465,0.40996254322973363,162.46232560454962,162.46232560454962
TN,TCGA-LUAD,TCGA-KN-8426-01,TCGA-KN-8425-11,0.0035658343805831496,0.21023725130644444,58.95878183553288,58.95878183553288
TN,TCGA-LUAD,TCGA-55-8513-01,TCGA-KN-8432-11,0.004745186860157456,0.1066783326900857,22.481376568286684,22.481376568286684
TN,TCGA-LUAD,TCGA-75-7030-01,TCGA-91-6849-11,0.000690375727715108,0.23753361817221363,344.0642662197342,344.0642662197342
TN,TCGA-LUAD,TCGA-78-7154-01,TCGA-50-5932-11,0.002916295714006614,0.3476053332372458,119.19413095446377,119.19413095446377
TN,TCGA-LUAD,TCGA-49-6761-01,TCGA-49-6744-11,0.0033663823672530073,0.3832938614030817,113.85927669168856,113.85927669168856
TN,TCGA-LUAD,TCGA-97-7937-01,TCGA-55-6985-11,0.0018103512796516694,0.21795338705817313,120.39287043789074,120.39287043789074
TN,TCGA-LUAD,TCGA-75-6203-01,TCGA-KN-8424-11,0.0012991793540194007,0.23559439188911022,181.3409296878282,181.3409296878282
TN,TCGA-LUAD,TCGA-86-8673-01,TCGA-55-6971-11,0.0037109770152475687,0.40030588574701953,107.87075320117931,107.87075320117931
TN,TCGA-LUAD,TCGA-44-2657-01,TCGA-44-6776-11,0.0017773209540304776,0.28003377785631084,157.55948705903165,157.55948705903165
TN,TCGA-LUAD,TCGA-55-8301-01,TCGA-KN-8434-11,0.002064828474515461,0.3958258837616666,191.6991598319334,191.6991598319334
TN,TCGA-LUAD,TCGA-78-7146-01,TCGA-KN-8423-11,0.0028834459637106452,0.42876738776696066,148.6996438161751,148.6996438161751
TN,TCGA-LUAD,TCGA-55-8085-01,TCGA-KN-8426-11,0.0025577192258353044,0.4355967231573621,170.30670089094872,170.30670089094872
TN,TCGA-LUAD,TCGA-50-5944-01,TCGA-38-4626-11,0.002144066024426069,0.2680316486861678,125.01091180618631,125.01091180618631
TN,TCGA-LUAD,TCGA-44-7667-01,TCGA-44-3398-11,0.00285922028204113,0.3435668235832816,120.16101933147219,120.16101933147219
TN,TCGA-LUAD,TCGA-55-6543-01,TCGA-44-6147-11,0.0018723369504854276,0.30666308038531764,163.786267373408,163.786267373408
TN,TCGA-LUAD,TCGA-67-6217-01,TCGA-50-5933-11,0.001806258232638473,0.28623527185579956,158.4686323824719,158.4686323824719
TN,TCGA-LUAD,TCGA-49-AAR4-01,TCGA-KN-8434-11,0.00266387544539158,0.3700308494930886,138.9069635869163,138.9069635869163
TN,TCGA-LUAD,TCGA-KN-8427-01,TCGA-91-6849-11,0.002729869790845692,0.16605144751622308,60.82760726282906,60.82760726282906
TN,TCGA-LUAD,TCGA-67-6216-01,TCGA-91-6849-11,0.001300640385449064,0.28404315855329454,218.38715891881577,218.38715891881577
TN,TCGA-LUAD,TCGA-78-7540-01,TCGA-55-6968-11,0.0013707193190982485,0.33742492399772483,246.1663152305358,246.1663152305358
TN,TCGA-LUAD,TCGA-05-4402-01,TCGA-91-6829-11,0.0014054888160249515,0.2284308733195347,162.52770617242635,162.52770617242635
TN,TCGA-LUAD,TCGA-MP-A4TA-01,TCGA-55-6975-11,0.0025074654626985474,0.38808431264134324,154.7715485674865,154.7715485674865
TN,TCGA-LUAD,TCGA-TQ-A7RQ-01,TCGA-KN-8437-11,0.0017850275503901705,0.14327855644126625,80.26685997644601,80.26685997644601
TN,TCGA-LUAD,TCGA-50-5045-01,TCGA-50-5935-11,0.0042108089459473134,0.3359085311046884,79.77292140693845,79.77292140693845
TN,TCGA-LUAD,TCGA-86-8280-01,TCGA-50-5932-11,0.001340770470478711,0.19258439041323605,143.63710616663224,143.63710616663224
TN,TCGA-LUAD,TCGA-55-8510-01,TCGA-KN-8436-11,0.0019360793335634898,0.23770905459506722,122.77857134993897,122.77857134993897
TN,TCGA-LUAD,TCGA-55-8505-01,TCGA-KN-8422-11,0.0017513508371231174,0.34563117659531684,197.3511927302202,197.3511927302202
