pair_type,cancer,sample_a,sample_b,kn,kf,omega_floor,omega_raw
TT,TCGA-KIRC,TCGA-B4-5377-01,TCGA-BP-5176-01,0.001858822587436852,0.23809468520579463,128.0889778373662,128.0889778373662
TT,TCGA-KIRC,TCGA-BP-4993-01,TCGA-CJ-4897-01,0.0010104123779912976,0.2250164067820062,222.6975952425874,222.6975952425874
TT,TCGA-KIRC,TCGA-B0-4700-01,TCGA-KL-8342-01,0.0035305702871062045,0.2099857309621539,59.47643408460975,59.47643408460975
TT,TCGA-KIRC,TCGA-B0-5094-01,TCGA-DX-AB2V-01,0.0028985270539436357,0.358459586393128,123.66956723947783,123.66956723947783
TT,TCGA-KIRC,TCGA-BP-4343-01,TCGA-CJ-5681-01,0.0038281920650882787,0.39848370608089745,104.09187922281228,104.09187922281228
TT,TCGA-KIRC,TCGA-B8-A54H-01,TCGA-DX-A7EL-01,0.0016688322824081937,0.1828992396451172,109.59713661650053,109.59713661650053
TT,TCGA-KIRC,TCGA-B3-3925-01,TCGA-P4-A5E6-01,0.006834143312830179,0.2221452802696685,32.50521244595805,32.50521244595805
TT,TCGA-KIRC,TCGA-B0-5711-01,TCGA-CW-5583-01,0.00043793717721791136,0.16384880817703773,374.13769988180036,374.13769988180036
TT,TCGA-KIRC,TCGA-A3-3376-01,TCGA-A3-3385-01,0.0013187305843138483,0.11506992559478532,87.25810030003787,87.25810030003787
TT,TCGA-KIRC,TCGA-B0-5696-01,TCGA-CJ-4905-01,0.00202573787407882,0.2504917771943964,123.65458552148785,123.65458552148785
TT,TCGA-KIRC,TCGA-BP-4346-01,TCGA-DX-A1KZ-01,0.002792196946721913,0.25521331793162405,91.4023340048591,91.4023340048591
TT,TCGA-KIRC,TCGA-BP-4758-01,TCGA-DX-AB32-01,0.002041132308499059,0.3280705297127946,160.7296735967304,160.7296735967304
TT,TCGA-KIRC,TCGA-CJ-4916-01,TCGA-MM-A563-01,0.0006278723786154371,0.11822639565288735,188.29685725878912,188.29685725878912
TT,TCGA-KIRC,TCGA-B0-4822-01,TCGA-BP-4334-01,0.004952930772085087,0.23464642566648491,47.37526859631502,47.37526859631502
TT,TCGA-KIRC,TCGA-DX-A3LS-01,TCGA-EU-5907-01,0.0028767825762505434,0.2741523293062865,95.29824449354221,95.29824449354221
TT,TCGA-KIRC,TCGA-BP-4985-01,TCGA-BP-5187-01,0.0022939043724404798,0.28182595148278694,122.85863127892857,122.85863127892857
TT,TCGA-KIRC,TCGA-A3-3365-01,TCGA-BW-A5NP-01,0.0045893214609868515,0.1545458071157779,33.67508866605861,33.67508866605861
TT,TCGA-KIRC,TCGA-BP-4981-01,TCGA-DX-A7EL-01,0.0045092678737587485,0.4133451522600491,91.66569026991533,91.66569026991533
TT,TCGA-KIRC,TCGA-BP-4992-01,TCGA-CJ-4643-01,0.006941490556192578,0.0914600991161208,13.175858754792696,13.175858754792696
TT,TCGA-KIRC,TCGA-A3-3323-01,TCGA-KL-8331-01,0.00580599703527262,0.11411085144503465,19.653963092262686,19.653963092262686
TT,TCGA-KIRC,TCGA-A3-3370-01,TCGA-CZ-5456-01,0.0020737568558632574,0.29384839370378624,141.69857612427947,141.69857612427947
TT,TCGA-KIRC,TCGA-AY-A69D-01,TCGA-P4-A5ED-01,0.007911036220185097,0.43751868149606016,55.30485126331824,55.30485126331824
TT,TCGA-KIRC,TCGA-DX-A2J4-01,TCGA-DX-A8BZ-01,0.007723657343467783,0.19037850481551388,24.648750760094874,24.648750760094874
TT,TCGA-KIRC,TCGA-A3-A6NI-01,TCGA-B0-4815-01,0.0010858453488429797,0.32376599500760406,298.1695278729998,298.1695278729998
TT,TCGA-KIRC,TCGA-A3-3385-01,TCGA-BP-4981-01,0.004580863099111059,0.33022483130379454,72.08790661477668,72.08790661477668
TT,TCGA-KIRC,TCGA-A3-3322-01,TCGA-B0-5075-01,0.0012208798003491284,0.24887011791339386,203.8448976240133,203.8448976240133
TT,TCGA-KIRC,TCGA-BP-4967-01,TCGA-DX-A6BA-01,0.0031676693822147804,0.3363644931626669,106.18674254681422,106.18674254681422
TT,TCGA-KIRC,TCGA-AY-A69D-01,TCGA-P4-AAVM-01,0.003822066346429955,0.45216375789069785,118.30348217608693,118.30348217608693
TT,TCGA-KIRC,TCGA-CZ-5454-01,TCGA-KL-8329-01,0.004094605939054996,0.39304940316153947,95.9919975235156,95.9919975235156
TT,TCGA-KIRC,TCGA-B0-5812-01,TCGA-BP-4994-01,0.0015118433259226855,0.2510550091271131,166.05887979423593,166.05887979423593
TT,TCGA-KIRC,TCGA-CZ-4865-01,TCGA-V5-AASX-01,0.003560135335191581,0.2611644945786612,73.35802434168059,73.35802434168059
TT,TCGA-KIRC,TCGA-B0-5115-01,TCGA-CJ-4635-01,0.0006962259037192361,0.25972540315053183,373.04760102012824,373.04760102012824
TT,TCGA-KIRC,TCGA-CW-6087-01,TCGA-DX-A7EI-01,0.0036294799823592613,0.38991088236726884,107.42885599655962,107.42885599655962
TT,TCGA-KIRC,TCGA-AK-3455-01,TCGA-BP-5007-01,0.001463184646637237,0.2149566761556784,146.91015016437086,146.91015016437086
TT,TCGA-KIRC,TCGA-A3-A8OW-01,TCGA-DX-AB2W-01,0.007083268758066374,0.2488801540438922,35.13634206812629,35.13634206812629
TT,TCGA-KIRC,TCGA-B0-5705-01,TCGA-BP-4334-01,0.008139115304442881,0.27011734155621503,33.1875555822101,33.1875555822101
TT,TCGA-KIRC,TCGA-B8-4153-01,TCGA-DX-A8BP-01,0.0031482854427309194,0.44833915040220773,142.40740192010816,142.40740192010816
TT,TCGA-KIRC,TCGA-AK-3455-01,TCGA-B0-4845-01,0.0020070896609855927,0.2933143610776434,146.13914205188507,146.13914205188507
TT,TCGA-KIRC,TCGA-A3-3308-01,TCGA-BP-4790-01,0.000881830851893714,0.19613705877091167,222.4202729465762,222.4202729465762
TT,TCGA-KIRC,TCGA-AK-3425-01,TCGA-BP-5189-01,0.0006802472242525876,0.10984077857098734,161.47185119597276,161.47185119597276
TT,TCGA-KIRC,TCGA-B0-5399-01,TCGA-CJ-6027-01,0.0014653798263710909,0.2573662333251283,175.6310744105694,175.6310744105694
TT,TCGA-KIRC,TCGA-BP-4353-01,TCGA-P4-A5E8-01,0.003762439107416711,0.24583063953309636,65.33810448878828,65.33810448878828
TT,TCGA-KIRC,TCGA-B0-4817-01,TCGA-CZ-5452-01,0.0015440583007701627,0.31284636359259516,202.61305122776136,202.61305122776136
TT,TCGA-KIRC,TCGA-BP-4982-01,TCGA-CZ-4864-01,0.0005434924728612636,0.1811697525373084,333.34362771120715,333.34362771120715
TT,TCGA-KIRC,TCGA-A3-3317-01,TCGA-DX-AATS-01,0.004077199805062789,0.12708431246933322,31.16950812945899,31.16950812945899
TT,TCGA-KIRC,TCGA-BP-4766-01,TCGA-DX-A7EQ-01,0.021330816781254883,0.23642992843408,11.083960396765029,11.083960396765029
TT,TCGA-KIRC,TCGA-BP-5010-01,TCGA-BP-5185-01,0.005127101503972832,0.18109914279166966,35.32193436220086,35.32193436220086
TT,TCGA-KIRC,TCGA-B8-4151-01,TCGA-DX-AB2E-01,0.003345547851405048,0.3459228448491105,103.39796655541227,103.39796655541227
TT,TCGA-KIRC,TCGA-AK-3455-01,TCGA-CZ-5464-01,0.0013491629002830973,0.23381647014908022,173.3048471018719,173.3048471018719
TT,TCGA-KIRC,TCGA-BP-4352-01,TCGA-CZ-4860-01,0.005929820556672814,0.35857926322705613,60.47050830628385,60.47050830628385
TT,TCGA-KIRC,TCGA-CZ-4866-01,TCGA-XM-A8R8-01,0.0033401601697278273,0.26066615119577785,78.04001543345696,78.04001543345696
TT,TCGA-KIRC,TCGA-B0-5712-01,TCGA-CW-5584-01,0.0011581508073427891,0.18965860754899716,163.75985437003806,163.75985437003806
TT,TCGA-KIRC,TCGA-B0-4712-01,TCGA-CZ-4854-01,0.0025537087875383427,0.13755160029532637,53.86346358933109,53.86346358933109
TT,TCGA-KIRC,TCGA-AK-3465-01,TCGA-AY-6196-01,0.003086809793577318,0.2671327447763271,86.54007296858603,86.54007296858603
TT,TCGA-KIRC,TCGA-CJ-5672-01,TCGA-P4-AAVK-01,0.0014955108490688198,0.12125657878768942,81.0803738824027,81.0803738824027
TT,TCGA-KIRC,TCGA-BP-4161-01,TCGA-DX-A3UA-01,0.0021901573910722534,0.2508788437180356,114.54831727650895,114.54831727650895
TT,TCGA-KIRC,TCGA-B0-4845-01,TCGA-BP-4163-01,0.0013729185779826384,0.2940275412406301,214.16240260414648,214.16240260414648
TT,TCGA-KIRC,TCGA-AK-3425-01,TCGA-DX-A1KU-01,0.001965509788617907,0.12058350394510362,61.3497346303702,61.3497346303702
TT,TCGA-KIRC,TCGA-B0-5094-01,TCGA-XM-A8RG-01,0.003247187681266855,0.3248932332414649,100.05372806622356,100.05372806622356
TT,TCGA-KIRC,TCGA-HE-7128-01,TCGA-XM-A8R8-01,0.003149662455090207,0.2071201836157044,65.75948583981595,65.75948583981595
TT,TCGA-KIRC,TCGA-A3-3324-01,TCGA-A3-3372-01,0.0007065136499930139,0.20932936943456706,296.2849612836736,296.2849612836736
TT,TCGA-KIRC,TCGA-B0-4822-01,TCGA-BP-5185-01,0.004397576686297287,0.12307276571292618,27.986496766825493,27.986496766825493
TT,TCGA-KIRC,TCGA-AK-3443-01,TCGA-BP-4986-01,0.0029014333521702935,0.10309523982156167,35.53252041596809,35.53252041596809
TT,TCGA-KIRC,TCGA-BP-4352-01,TCGA-MM-A564-01,0.0032908162175388053,0.3722635112958165,113.1219389620705,113.1219389620705
TT,TCGA-KIRC,TCGA-BP-4335-01,TCGA-XM-AAZ2-01,0.0022446552559280855,0.3284715691059339,146.33497426317368,146.33497426317368
TT,TCGA-KIRC,TCGA-B0-4846-01,TCGA-BP-4967-01,0.0011664856577509285,0.2705131598604289,231.90440282137587,231.90440282137587
TT,TCGA-KIRC,TCGA-CW-5585-01,TCGA-DX-A3LW-01,0.0024691565533295533,0.30239596635133253,122.46933712792101,122.46933712792101
TT,TCGA-KIRC,TCGA-B0-5709-01,TCGA-GK-A6C7-01,0.0006781499641942123,0.2392755709301299,352.83577905137935,352.83577905137935
TT,TCGA-KIRC,TCGA-A3-3319-01,TCGA-BP-5174-01,0.0023671487040343477,0.2606654151069,110.11788767754479,110.11788767754479
TT,TCGA-KIRC,TCGA-BW-A5NO-01,TCGA-EU-5906-01,0.006288745023356749,0.26403918735973464,41.985990269772174,41.985990269772174
TT,TCGA-KIRC,TCGA-BP-4988-01,TCGA-BP-5169-01,0.007221942791003462,0.18982371120384117,26.284300041854234,26.284300041854234
TT,TCGA-KIRC,TCGA-B2-5635-01,TCGA-BP-5173-01,0.0017079210236968154,0.2738772522839634,160.35709408339787,160.35709408339787
TT,TCGA-KIRC,TCGA-CJ-4900-01,TCGA-DX-A7ET-01,0.007213406181448997,0.2955038263524498,40.965920803462964,40.965920803462964
TT,TCGA-KIRC,TCGA-AK-3429-01,TCGA-DV-5569-01,0.0011852207362992987,0.15678240392559306,132.2811853723773,132.2811853723773
TT,TCGA-KIRC,TCGA-A3-3308-01,TCGA-DX-AB2H-01,0.0027570409274838446,0.08627625500291751,31.293062842435102,31.293062842435102
TT,TCGA-KIRC,TCGA-B2-4101-01,TCGA-BP-4758-01,0.0030445743856422763,0.184920789211726,60.737812839713406,60.737812839713406
TT,TCGA-KIRC,TCGA-A3-3363-01,TCGA-CJ-4637-01,0.0016812826826675246,0.30879152066146887,183.66424863874764,183.66424863874764
TT,TCGA-KIRC,TCGA-A3-3307-01,TCGA-B0-5120-01,0.0007982139540510709,0.24304705316067693,304.4886047496063,304.4886047496063
TT,TCGA-KIRC,TCGA-B2-4102-01,TCGA-DX-A6B7-01,0.0027676711898971715,0.214460367328038,77.48766114662845,77.48766114662845
TT,TCGA-KIRC,TCGA-CW-6097-01,TCGA-DX-A3UB-01,0.0058848704389429275,0.11822125194219779,20.08901524150349,20.08901524150349
TT,TCGA-KIRC,TCGA-B2-5641-01,TCGA-B3-4104-01,0.002415334975428541,0.23906530770249318,98.97811696287674,98.97811696287674
TT,TCGA-KIRC,TCGA-DX-AB2T-01,TCGA-HE-A5NJ-01,0.0025686113245278093,0.3968498160573659,154.4997533366864,154.4997533366864
TT,TCGA-KIRC,TCGA-A3-3307-01,TCGA-BP-4351-01,0.00202356729681295,0.23766690328228648,117.44946839999035,117.44946839999035
TT,TCGA-KIRC,TCGA-BP-5180-01,TCGA-DX-AB2H-01,0.00429850939766778,0.40891188796786737,95.12876444791038,95.12876444791038
TT,TCGA-KIRC,TCGA-BP-4784-01,TCGA-DV-5567-01,0.0006156594778676263,0.2463094280858555,400.07412691665695,400.07412691665695
TT,TCGA-KIRC,TCGA-B0-4836-01,TCGA-BP-4760-01,0.001369217618443325,0.2912205037595601,212.69117475325152,212.69117475325152
TT,TCGA-KIRC,TCGA-BP-4173-01,TCGA-CZ-5986-01,0.0016233954284325632,0.20590066296109347,126.83333915748223,126.83333915748223
TT,TCGA-KIRC,TCGA-BP-4766-01,TCGA-BP-4982-01,0.0006538370271367979,0.20997203315610596,321.13818037438085,321.13818037438085
TT,TCGA-KIRC,TCGA-BP-4974-01,TCGA-DX-A1L0-01,0.002436632864720804,0.22212669606519161,91.16133139353495,91.16133139353495
TT,TCGA-KIRC,TCGA-B0-5113-01,TCGA-BP-5201-01,0.002043934966032286,0.24465470389513833,119.69789056941734,119.69789056941734
TT,TCGA-KIRC,TCGA-MM-A84U-01,TCGA-P4-AAVM-01,0.0022902845525327054,0.1385868392481899,60.51075142384993,60.51075142384993
TT,TCGA-KIRC,TCGA-CJ-4920-01,TCGA-CJ-5681-01,0.0016514786030111398,0.26534354688318756,160.6702904896175,160.6702904896175
TT,TCGA-KIRC,TCGA-BP-4985-01,TCGA-DX-A2IZ-01,0.0045628648637303865,0.2898782583496279,63.52988024121251,63.52988024121251
TT,TCGA-KIRC,TCGA-B0-5691-01,TCGA-DX-AATS-01,0.0036412183037340673,0.06619814081419043,18.18021752398209,18.18021752398209
TT,TCGA-KIRC,TCGA-B1-7332-01,TCGA-DX-A1L4-01,0.0027642287905335497,0.42403036047843345,153.39915492182809,153.39915492182809
TT,TCGA-KIRC,TCGA-CJ-4635-01,TCGA-DX-AB35-01,0.004839557225506661,0.26344641708287875,54.436057847275094,54.436057847275094
TT,TCGA-KIRC,TCGA-BP-4961-01,TCGA-CZ-5989-01,0.014265437849397223,0.15485554144039024,10.855295370196686,10.855295370196686
TT,TCGA-KIRC,TCGA-BP-4762-01,TCGA-CJ-4875-01,0.003804307751623744,0.33343525675810604,87.64676217789955,87.64676217789955
TT,TCGA-KIRC,TCGA-B8-5545-01,TCGA-HE-7130-01,0.0021848021077425306,0.17971396156047695,82.25640250144589,82.25640250144589
TT,TCGA-KIRC,TCGA-B8-4143-01,TCGA-CZ-5989-01,0.01900904406801284,0.3667845521203101,19.29526549614932,19.29526549614932
TT,TCGA-KIRC,TCGA-CJ-4920-01,TCGA-DX-A6YS-01,0.001955554075252162,0.1812945264972974,92.70749849958513,92.70749849958513
TT,TCGA-KIRC,TCGA-CJ-4916-01,TCGA-XM-A8RF-01,0.001921175979734726,0.3606594928274751,187.72850412031207,187.72850412031207
TT,TCGA-KIRC,TCGA-BP-5187-01,TCGA-HE-A5NI-01,0.007780052698820122,0.2563320145069258,32.94733653228334,32.94733653228334
TT,TCGA-KIRC,TCGA-CJ-4869-01,TCGA-KL-8344-01,0.0030211234372034563,0.24173823753409496,80.01600813698073,80.01600813698073
TT,TCGA-KIRC,TCGA-BP-4330-01,TCGA-BP-4985-01,0.0026591518048030153,0.31637436848233014,118.97567032874474,118.97567032874474
TT,TCGA-KIRC,TCGA-CJ-6031-01,TCGA-DX-A8BZ-01,0.011329093662753595,0.0656006142744631,5.790455638136064,5.790455638136064
TT,TCGA-KIRC,TCGA-CW-5581-01,TCGA-KL-8336-01,0.0033589846069092097,0.12937857500566474,38.517168176222526,38.517168176222526
TT,TCGA-KIRC,TCGA-BP-4790-01,TCGA-KL-8346-01,0.008113867543851884,0.024706666881290775,3.044992631166594,3.044992631166594
TT,TCGA-KIRC,TCGA-B4-5836-01,TCGA-BP-4335-01,0.0018933014097187524,0.25146766905970575,132.81967032236085,132.81967032236085
TT,TCGA-KIRC,TCGA-B0-5713-01,TCGA-B8-A54E-01,0.0024670628213543724,0.28805964078602064,116.76218306750744,116.76218306750744
TT,TCGA-KIRC,TCGA-B0-5121-01,TCGA-CJ-4889-01,0.001999945784430326,0.1743486658726579,87.17669610344971,87.17669610344971
TT,TCGA-KIRC,TCGA-DV-A4W0-01,TCGA-DX-AB2Z-01,0.002490538852861487,0.20988927429744902,84.2746436403906,84.2746436403906
TT,TCGA-KIRC,TCGA-B2-3923-01,TCGA-B8-A8YJ-01,0.004512585479204914,0.1544918388294132,34.23577005717653,34.23577005717653
TT,TCGA-KIRC,TCGA-DX-A7EL-01,TCGA-XM-A8RF-01,0.002618273802031727,0.4223995418134216,161.32749045789183,161.32749045789183
TT,TCGA-KIRC,TCGA-B8-5545-01,TCGA-BP-5186-01,0.0005746552947655759,0.22799419108307342,396.7494829680132,396.7494829680132
TT,TCGA-KIRC,TCGA-B0-5088-01,TCGA-BP-4967-01,0.0018963219847542246,0.2528798330833664,133.35279299424525,133.35279299424525
TT,TCGA-KIRC,TCGA-B8-4620-01,TCGA-CW-5591-01,0.0019532214180119217,0.3617246250807026,185.19386575684925,185.19386575684925
TT,TCGA-KIRC,TCGA-CJ-6032-01,TCGA-DX-A3UD-01,0.005337447509670731,0.2611045884171818,48.91937352903156,48.91937352903156
TT,TCGA-KIRC,TCGA-A3-3385-01,TCGA-DX-A6BB-01,0.005516979232741115,0.4214182078006519,76.38567955806315,76.38567955806315
TT,TCGA-KIRC,TCGA-BP-4960-01,TCGA-CJ-5677-01,0.0015763669104558228,0.25490408494584466,161.7035242589154,161.7035242589154
TT,TCGA-KIRC,TCGA-B0-5077-01,TCGA-CJ-4644-01,0.001369685329156343,0.2184696684570851,159.50354713345098,159.50354713345098
TT,TCGA-KIRC,TCGA-BP-5010-01,TCGA-P4-A5ED-01,0.0033227458919322557,0.2413702633671304,72.64180627028564,72.64180627028564
TT,TCGA-KIRC,TCGA-AK-3436-01,TCGA-BP-5168-01,0.0024408723736966485,0.32127076135553934,131.62128623258647,131.62128623258647
TT,TCGA-KIRC,TCGA-BP-4761-01,TCGA-BP-4971-01,0.007687215533062276,0.25081526822877176,32.62758370049982,32.62758370049982
TT,TCGA-KIRC,TCGA-BP-5010-01,TCGA-KL-8325-01,0.006321611524781633,0.2828174694644594,44.738191892332196,44.738191892332196
TT,TCGA-KIRC,TCGA-DX-AB30-01,TCGA-P4-AAVL-01,0.0034309756163784454,0.40930960791624066,119.29831443928651,119.29831443928651
TT,TCGA-KIRC,TCGA-A3-3385-01,TCGA-B0-4945-01,0.0013596806324249794,0.18825857634187632,138.45793773359753,138.45793773359753
TT,TCGA-KIRC,TCGA-AL-3468-01,TCGA-UZ-A9PP-01,0.0011839215426004514,0.10619971840645066,89.70165216622874,89.70165216622874
TT,TCGA-KIRC,TCGA-AK-3454-01,TCGA-B0-4841-01,0.004157024413507829,0.035559517229918645,8.554079479151385,8.554079479151385
TT,TCGA-KIRC,TCGA-BP-4345-01,TCGA-CZ-4858-01,0.0015985770828114768,0.2569952251615978,160.76498776625195,160.76498776625195
TT,TCGA-KIRC,TCGA-B4-5378-01,TCGA-DX-A7EO-01,0.005415855949456348,0.14159242202668298,26.144052454145545,26.144052454145545
TT,TCGA-KIRC,TCGA-AL-3472-01,TCGA-B0-4815-01,0.003197613150162104,0.323607853940609,101.20294067598627,101.20294067598627
TT,TCGA-KIRC,TCGA-CJ-4891-01,TCGA-DX-A23V-01,0.003886502865142056,0.3489170381258495,89.7766064333253,89.7766064333253
TT,TCGA-KIRC,TCGA-DX-A8BH-01,TCGA-KL-8329-01,0.0045308479023364705,0.3776955454970775,83.36089704143616,83.36089704143616
TT,TCGA-KIRC,TCGA-AK-3454-01,TCGA-B4-5835-01,0.0030114749379271675,0.10875512679503738,36.11357525355824,36.11357525355824
TT,TCGA-KIRC,TCGA-B0-5701-01,TCGA-B8-A54G-01,0.001885312622687108,0.3186015696204709,168.99137351893017,168.99137351893017
TT,TCGA-KIRC,TCGA-CJ-4639-01,TCGA-UZ-A9Q1-01,0.002669345764241811,0.15491270693913423,58.033960610994484,58.033960610994484
TT,TCGA-KIRC,TCGA-B8-5546-01,TCGA-CW-5580-01,0.0015593220879957896,0.267691056649104,171.67143254744096,171.67143254744096
TT,TCGA-KIRC,TCGA-BP-4340-01,TCGA-CZ-5461-01,0.0016306761248467722,0.3368903713126435,206.59551346794856,206.59551346794856
TT,TCGA-KIRC,TCGA-B0-5081-01,TCGA-B8-4622-01,0.001459218115804902,0.20919487176526286,143.36093384495254,143.36093384495254
TT,TCGA-KIRC,TCGA-A3-A8OU-01,TCGA-Q2-A5QZ-01,0.01519172510946798,0.10546854832530907,6.942499786253874,6.942499786253874
TT,TCGA-KIRC,TCGA-A3-3367-01,TCGA-DV-A4VZ-01,0.003213368870306049,0.3484007709882505,108.42227738238716,108.42227738238716
TT,TCGA-KIRC,TCGA-DX-A3LT-01,TCGA-XM-A8RL-01,0.003766870753199084,0.3124209509253212,82.93912146043024,82.93912146043024
TT,TCGA-KIRC,TCGA-A3-A8OU-01,TCGA-DX-A48U-01,0.0022441805841122197,0.1522395378224249,67.837472126892,67.837472126892
TT,TCGA-KIRC,TCGA-BP-4971-01,TCGA-CJ-5671-01,0.0019041847849062175,0.30755195986994116,161.51371563715563,161.51371563715563
TT,TCGA-KIRC,TCGA-CZ-5460-01,TCGA-V5-AASX-01,0.0041095510916873594,0.37443542577230443,91.11346164540889,91.11346164540889
TT,TCGA-KIRC,TCGA-AY-A71X-01,TCGA-CJ-5672-01,0.0019286057162292399,0.15103008658336536,78.31050448126614,78.31050448126614
TT,TCGA-KIRC,TCGA-BP-4327-01,TCGA-CZ-5468-01,0.002214968926552904,0.2869577827289712,129.55386384383993,129.55386384383993
TT,TCGA-KIRC,TCGA-BP-4332-01,TCGA-DX-A7EU-01,0.0038764574068479115,0.16244342902291142,41.90512418270064,41.90512418270064
TT,TCGA-KIRC,TCGA-CZ-5460-01,TCGA-HE-A5NI-01,0.0036958834612919097,0.2265331935751345,61.29338112191151,61.29338112191151
TT,TCGA-KIRC,TCGA-BP-4756-01,TCGA-DX-A6BF-01,0.007488660154638967,0.3264196152868852,43.58852031557067,43.58852031557067
TT,TCGA-KIRC,TCGA-B0-4688-01,TCGA-HE-A5NI-01,0.007238134290971961,0.4616852018490124,63.78511136839045,63.78511136839045
TT,TCGA-KIRC,TCGA-BP-4334-01,TCGA-CZ-5470-01,0.006436624524642291,0.21587957612388659,33.53925264669433,33.53925264669433
TT,TCGA-KIRC,TCGA-B0-4817-01,TCGA-BP-5185-01,0.006016009210100406,0.16474628179774992,27.38464587473601,27.38464587473601
TT,TCGA-KIRC,TCGA-B0-5694-01,TCGA-CJ-4897-01,0.0012021585074357126,0.25084287441578673,208.66039949328476,208.66039949328476
TT,TCGA-KIRC,TCGA-UZ-A9PN-01,TCGA-XM-A8R8-01,0.0022449824934198453,0.15873957567001284,70.70860291128612,70.70860291128612
TT,TCGA-KIRC,TCGA-CZ-5455-01,TCGA-KL-8329-01,0.003721379510449349,0.21690204723487977,58.28538761656408,58.28538761656408
TT,TCGA-KIRC,TCGA-B8-4154-01,TCGA-BP-4795-01,0.003492829513341563,0.4261457130409282,122.00587272100718,122.00587272100718
TT,TCGA-KIRC,TCGA-B8-4621-01,TCGA-CZ-5986-01,0.0027821873056996524,0.30976701196478884,111.3393808282401,111.3393808282401
TT,TCGA-KIRC,TCGA-DX-A6YU-01,TCGA-DX-A8BO-01,0.003494471264994029,0.2697480629723531,77.19281187816951,77.19281187816951
TT,TCGA-KIRC,TCGA-B0-4841-01,TCGA-BP-4342-01,0.006475690201287772,0.1531962244279266,23.65712683374841,23.65712683374841
TT,TCGA-KIRC,TCGA-DX-AB32-01,TCGA-KL-8328-01,0.0052585932102158965,0.31586469231665326,60.06638652007181,60.06638652007181
TT,TCGA-KIRC,TCGA-BP-5191-01,TCGA-DV-5574-01,0.007586394428730539,0.05152480441905726,6.791738144266131,6.791738144266131
TT,TCGA-KIRC,TCGA-CJ-5677-01,TCGA-KL-8344-01,0.0032693302799874655,0.3099868055721792,94.81660738583062,94.81660738583062
TT,TCGA-KIRC,TCGA-B0-5706-01,TCGA-B4-5844-01,0.0012099718638048985,0.3396661512449707,280.7223551272098,280.7223551272098
TT,TCGA-KIRC,TCGA-DX-A3UF-01,TCGA-DX-A8BX-01,0.0019709381860926124,0.32387620375259296,164.32590633127768,164.32590633127768
TT,TCGA-KIRC,TCGA-AK-3427-01,TCGA-DX-A48R-01,0.013216251914580394,0.34986106705360664,26.47203377438909,26.47203377438909
TT,TCGA-KIRC,TCGA-A3-3311-01,TCGA-DX-A6BB-01,0.005680435070734381,0.21870001521910362,38.50057477918316,38.50057477918316
TT,TCGA-KIRC,TCGA-B1-A47O-01,TCGA-BP-4174-01,0.007203157767908615,0.3521190224901621,48.883980309152285,48.883980309152285
TT,TCGA-KIRC,TCGA-CZ-5984-01,TCGA-KL-8328-01,0.006300410896811173,0.1215642365008684,19.294652125371012,19.294652125371012
TT,TCGA-KIRC,TCGA-BP-5190-01,TCGA-UZ-A9PQ-01,0.0030727998172196606,0.3538269312704856,115.14805790070513,115.14805790070513
TT,TCGA-KIRC,TCGA-A3-3317-01,TCGA-B0-4699-01,0.0015711760199331637,0.1588756040434675,101.11890840227177,101.11890840227177
TT,TCGA-KIRC,TCGA-B2-A4SR-01,TCGA-DX-A8BT-01,0.002922429048858548,0.174814226509512,59.81812512361644,59.81812512361644
TT,TCGA-KIRC,TCGA-B0-4945-01,TCGA-BP-4969-01,0.0020082159419018307,0.18087069722092858,90.06536271674027,90.06536271674027
TT,TCGA-KIRC,TCGA-B8-4151-01,TCGA-CJ-4868-01,0.001246898395326732,0.13645871740009513,109.43852194495612,109.43852194495612
TT,TCGA-KIRC,TCGA-B0-5102-01,TCGA-DX-A3U6-01,0.002733525972918496,0.3505251393259323,128.23186711911436,128.23186711911436
TT,TCGA-KIRC,TCGA-DV-A4W0-01,TCGA-KL-8330-01,0.00439135153748784,0.18442564131347305,41.99746700738457,41.99746700738457
TT,TCGA-KIRC,TCGA-AK-3461-01,TCGA-CZ-4858-01,0.002084300043241249,0.09386388458277994,45.033767996672054,45.033767996672054
TT,TCGA-KIRC,TCGA-BP-5006-01,TCGA-CZ-4856-01,0.0006432735375213988,0.24820876721081817,385.85260038395626,385.85260038395626
TT,TCGA-KIRC,TCGA-B0-5119-01,TCGA-DX-AB2J-01,0.003168269095612313,0.23803909942999962,75.13222275205611,75.13222275205611
TT,TCGA-KIRC,TCGA-AL-7173-01,TCGA-DX-AB3A-01,0.0033956821305357607,0.2942233411754728,86.64631430888706,86.64631430888706
TT,TCGA-KIRC,TCGA-B0-5695-01,TCGA-DV-5575-01,0.00037667653565335104,0.13452657605635004,357.14084452595836,357.14084452595836
TT,TCGA-KIRC,TCGA-BP-4776-01,TCGA-CJ-4873-01,0.0010778607570298415,0.26261435395119404,243.64404422223836,243.64404422223836
TT,TCGA-KIRC,TCGA-BP-5009-01,TCGA-DX-AB2S-01,0.0022653169398690557,0.30741951234482456,135.7070646205447,135.7070646205447
TT,TCGA-KIRC,TCGA-B8-5162-01,TCGA-BP-4332-01,0.00137290237141361,0.32908614360044597,239.70105264047447,239.70105264047447
TT,TCGA-KIRC,TCGA-B0-4823-01,TCGA-B0-4827-01,0.0009126098785439637,0.23031696956084236,252.37176911596094,252.37176911596094
TT,TCGA-KIRC,TCGA-AL-3466-01,TCGA-DX-AB2Q-01,0.005942216060664737,0.3360025906466422,56.54499722264468,56.54499722264468
TT,TCGA-KIRC,TCGA-B4-5844-01,TCGA-GK-A6C7-01,0.0007664287927812648,0.2401331729769195,313.31439429031525,313.31439429031525
TT,TCGA-KIRC,TCGA-B0-4836-01,TCGA-DX-A8BX-01,0.002407538714635248,0.10059572868656717,41.78363906468181,41.78363906468181
TT,TCGA-KIRC,TCGA-B0-5097-01,TCGA-BP-5201-01,0.0019934976718985102,0.314204179534692,157.61452043004354,157.61452043004354
TT,TCGA-KIRC,TCGA-A3-3374-01,TCGA-CJ-4902-01,0.005387173574002707,0.11865115996639207,22.024751632094425,22.024751632094425
TT,TCGA-KIRC,TCGA-CJ-5671-01,TCGA-CJ-6031-01,0.0007194267881170105,0.1951532219543642,271.2621008527468,271.2621008527468
TT,TCGA-KIRC,TCGA-B0-5100-01,TCGA-CZ-5466-01,0.0026437608554609826,0.22642643739565102,85.64558209867658,85.64558209867658
TT,TCGA-KIRC,TCGA-AK-3461-01,TCGA-B4-5834-01,0.0006898020651516783,0.10776024975399626,156.2190883413798,156.2190883413798
TT,TCGA-KIRC,TCGA-DX-A6BG-01,TCGA-DX-AB2Z-01,0.0015637470058366483,0.21227954287852324,135.7505671225556,135.7505671225556
TT,TCGA-KIRC,TCGA-A3-A8OX-01,TCGA-B0-4834-01,0.002792814599119858,0.060534808128435466,21.67519753997015,21.67519753997015
TT,TCGA-KIRC,TCGA-CZ-5463-01,TCGA-DX-A3UB-01,0.007099887124787927,0.4031568596462896,56.78355902852918,56.78355902852918
TT,TCGA-KIRC,TCGA-CW-5589-01,TCGA-DX-A6YZ-01,0.0018782316046601268,0.07382430961302139,39.30522169356222,39.30522169356222
TT,TCGA-KIRC,TCGA-AY-5543-01,TCGA-DX-A3LT-01,0.003353296438179653,0.4483380190623917,133.70068150186367,133.70068150186367
TT,TCGA-KIRC,TCGA-BP-4985-01,TCGA-HE-7130-01,0.0039903414158121734,0.3507212293226355,87.89253669695115,87.89253669695115
TT,TCGA-KIRC,TCGA-B0-5099-01,TCGA-CJ-4882-01,0.0017388008755463236,0.2666658940417084,153.36195063619525,153.36195063619525
TT,TCGA-KIRC,TCGA-CJ-4888-01,TCGA-DX-A6BG-01,0.0011244218944788,0.19275111292305294,171.42241170285845,171.42241170285845
TT,TCGA-KIRC,TCGA-CJ-4873-01,TCGA-DX-A6BF-01,0.0038371268318324356,0.22912256426554614,59.71201221830025,59.71201221830025
TT,TCGA-KIRC,TCGA-A3-3349-01,TCGA-CJ-6033-01,0.0016621617035600155,0.23687174058417448,142.50824097128634,142.50824097128634
TT,TCGA-KIRC,TCGA-BP-5006-01,TCGA-CW-5581-01,0.0009119872014286129,0.23568001089206478,258.42469118302967,258.42469118302967
TT,TCGA-KIRC,TCGA-A3-3307-01,TCGA-BP-5170-01,0.0023762711481216227,0.1756197757398138,73.90561295104577,73.90561295104577
TT,TCGA-KIRC,TCGA-BP-5190-01,TCGA-CJ-4878-01,0.0025228078677158286,0.2664366392081638,105.61114963122331,105.61114963122331
TT,TCGA-KIRC,TCGA-CJ-5683-01,TCGA-DX-A6Z2-01,0.0018666553762153241,0.22023887846312745,117.98582709448252,117.98582709448252
TT,TCGA-KIRC,TCGA-A3-3378-01,TCGA-A3-A8OW-01,0.0013738272934573736,0.3048334251561658,221.88627828831528,221.88627828831528
TT,TCGA-KIRC,TCGA-EU-5907-01,TCGA-KL-8335-01,0.004616913600809793,0.220181642281778,47.69022366872077,47.69022366872077
TT,TCGA-KIRC,TCGA-B0-4815-01,TCGA-B8-A54K-01,0.0018258995157803195,0.38249856241591906,209.485001288504,209.485001288504
TT,TCGA-KIRC,TCGA-BP-4798-01,TCGA-UZ-A9PX-01,0.0019218895474164587,0.42473644792961296,220.99940576739908,220.99940576739908
TT,TCGA-KIRC,TCGA-A3-3351-01,TCGA-AL-3472-01,0.0049888971443087585,0.23633675442210397,47.37254499057223,47.37254499057223
TT,TCGA-KIRC,TCGA-A3-3382-01,TCGA-B8-4143-01,0.0019460566979972943,0.3188505463417558,163.84442789867734,163.84442789867734
TT,TCGA-KIRC,TCGA-A3-3367-01,TCGA-B8-4146-01,0.00783543945128981,0.23233360722056035,29.65163711172771,29.65163711172771
TT,TCGA-KIRC,TCGA-B0-5109-01,TCGA-BP-4325-01,0.002865139338776276,0.40655310952389595,141.89645300027118,141.89645300027118
TT,TCGA-KIRC,TCGA-BP-5189-01,TCGA-CJ-4900-01,0.00271986020534929,0.22870115996337614,84.08563039878952,84.08563039878952
TT,TCGA-KIRC,TCGA-B0-4696-01,TCGA-B2-5641-01,0.0026903740812794326,0.22888194794841993,85.07439524527867,85.07439524527867
TT,TCGA-KIRC,TCGA-B0-4710-01,TCGA-B4-5835-01,0.00341573881906558,0.21066934299604062,61.67606897229689,61.67606897229689
TT,TCGA-KIRC,TCGA-DX-A7ES-01,TCGA-P4-A5ED-01,0.004468774068124647,0.4297525089705999,96.16787566773287,96.16787566773287
TT,TCGA-KIRC,TCGA-CJ-4886-01,TCGA-CZ-5984-01,0.0008950346254973207,0.24392933161433655,272.53619543355506,272.53619543355506
TT,TCGA-KIRC,TCGA-DX-AB32-01,TCGA-UZ-A9PQ-01,0.003602305514723553,0.4646872485845964,128.99717880265837,128.99717880265837
TT,TCGA-KIRC,TCGA-B8-A54K-01,TCGA-CJ-6033-01,0.0023640173653527155,0.3619092466898706,153.09077335642715,153.09077335642715
TT,TCGA-KIRC,TCGA-B3-8121-01,TCGA-EU-5905-01,0.0017189981642367958,0.3363927390488711,195.6911566559022,195.6911566559022
TT,TCGA-KIRC,TCGA-DX-A48J-01,TCGA-UZ-A9PO-01,0.0035009372902761234,0.4820497035378878,137.69161329361256,137.69161329361256
TT,TCGA-KIRC,TCGA-A3-A8OW-01,TCGA-BP-4777-01,0.0009782774062385186,0.23058269506002288,235.70277059409403,235.70277059409403
TT,TCGA-KIRC,TCGA-BP-4774-01,TCGA-KL-8333-01,0.002479918252614488,0.3446350640256993,138.9703324544521,138.9703324544521
TT,TCGA-KIRC,TCGA-UZ-A9PP-01,TCGA-V5-A7RB-01,0.003613310073895005,0.3651589060912501,101.05938837892849,101.05938837892849
TT,TCGA-KIRC,TCGA-A3-3346-01,TCGA-CJ-4892-01,0.0022897510738145964,0.2744715890814423,119.86961911287068,119.86961911287068
TT,TCGA-KIRC,TCGA-A3-A6NN-01,TCGA-DX-A6BH-01,0.0026340037836507673,0.22581480964875245,85.73063222246775,85.73063222246775
TT,TCGA-KIRC,TCGA-DX-A7ET-01,TCGA-UZ-A9PQ-01,0.011724119723522011,0.3788749433982342,32.315854182050046,32.315854182050046
TT,TCGA-KIRC,TCGA-B1-A657-01,TCGA-DX-A48U-01,0.0027136890318666075,0.44538009949215385,164.12348440152692,164.12348440152692
TT,TCGA-KIRC,TCGA-B8-A54J-01,TCGA-DX-A6YX-01,0.0024182027922689175,0.18453321357907757,76.3100655449729,76.3100655449729
TT,TCGA-KIRC,TCGA-BP-5177-01,TCGA-CZ-5457-01,0.0015153021182799822,0.2677164680886607,176.67530775482933,176.67530775482933
TT,TCGA-KIRC,TCGA-BP-4763-01,TCGA-BP-5007-01,0.0021803466482197046,0.2831262819939553,129.8537928476343,129.8537928476343
TT,TCGA-KIRC,TCGA-B0-5690-01,TCGA-B0-5699-01,0.0006063500128478248,0.19103228504624117,315.05282592314285,315.05282592314285
TT,TCGA-KIRC,TCGA-B4-5377-01,TCGA-CJ-4871-01,0.0012454282486900256,0.26152330748965424,209.98665139058102,209.98665139058102
TT,TCGA-KIRC,TCGA-BP-4762-01,TCGA-P4-AAVK-01,0.0026733096198864664,0.16584654973161084,62.03791304153322,62.03791304153322
TT,TCGA-KIRC,TCGA-DX-A7ER-01,TCGA-KL-8342-01,0.006553338278936697,0.4238163258582327,64.67182187442313,64.67182187442313
TT,TCGA-KIRC,TCGA-B3-3926-01,TCGA-BP-4159-01,0.004948468217368652,0.3990954698664535,80.6503047681839,80.6503047681839
TT,TCGA-KIRC,TCGA-BP-4765-01,TCGA-CZ-5451-01,0.000810672979148261,0.2130201146282417,262.76947685126095,262.76947685126095
TT,TCGA-KIRC,TCGA-B2-4101-01,TCGA-UZ-A9PN-01,0.0014064618043164276,0.28036373431315037,199.33974278769236,199.33974278769236
TT,TCGA-KIRC,TCGA-BP-5010-01,TCGA-DX-A2J0-01,0.002859817873411979,0.3534724586641838,123.59963966602685,123.59963966602685
TT,TCGA-KIRC,TCGA-BP-4347-01,TCGA-CJ-5680-01,0.0012146032126284308,0.284573219817283,234.2931558705988,234.2931558705988
TT,TCGA-KIRC,TCGA-A3-3319-01,TCGA-BP-4353-01,0.0025381258854523018,0.30990835081335744,122.101252971592,122.101252971592
TT,TCGA-KIRC,TCGA-B2-4098-01,TCGA-CJ-5677-01,0.0022986563741379295,0.27155870014491046,118.13801453762473,118.13801453762473
TT,TCGA-KIRC,TCGA-DX-A6BA-01,TCGA-DX-A7ES-01,0.0034814400543923497,0.352368935004272,101.2135580389232,101.2135580389232
TT,TCGA-KIRC,TCGA-B8-4620-01,TCGA-BP-4999-01,0.0012408049819238342,0.28085939804904014,226.3525712264431,226.3525712264431
TT,TCGA-KIRC,TCGA-DV-A4VX-01,TCGA-DX-AB3C-01,0.003943489189343309,0.3397191722302785,86.14685014182842,86.14685014182842
TT,TCGA-KIRC,TCGA-B8-A7U6-01,TCGA-CW-5589-01,0.001034258540043743,0.22912436634292957,221.53490396437914,221.53490396437914
TT,TCGA-KIRC,TCGA-BP-5168-01,TCGA-P4-AAVK-01,0.0019713390693919695,0.3179379508455981,161.2801956710884,161.2801956710884
TT,TCGA-KIRC,TCGA-B8-A54H-01,TCGA-CJ-6028-01,0.0016876064794786906,0.3040239895432242,180.15099683496035,180.15099683496035
TT,TCGA-KIRC,TCGA-AY-6197-01,TCGA-BP-4756-01,0.002837462833037881,0.4131127618772751,145.59230770081416,145.59230770081416
TT,TCGA-KIRC,TCGA-AK-3465-01,TCGA-BP-4163-01,0.0031895648071211136,0.22051773794468343,69.13724952455871,69.13724952455871
TT,TCGA-KIRC,TCGA-B0-4836-01,TCGA-B8-5163-01,0.0011416789067782529,0.1995627880872542,174.79764836017512,174.79764836017512
TT,TCGA-KIRC,TCGA-DX-A3U9-01,TCGA-DX-AB2H-01,0.0024976979653529084,0.3943329937742276,157.87857428890965,157.87857428890965
TT,TCGA-KIRC,TCGA-B0-4817-01,TCGA-B3-A6W5-01,0.003258063957099282,0.3577846061611637,109.81509598102129,109.81509598102129
TT,TCGA-KIRC,TCGA-B3-A6W5-01,TCGA-CJ-4903-01,0.0020886812855301384,0.36225126977748445,173.4353978690146,173.4353978690146
TT,TCGA-KIRC,TCGA-CW-5584-01,TCGA-DX-A1L2-01,0.002051753252809449,0.22642430024980253,110.35649629884178,110.35649629884178
TT,TCGA-KIRC,TCGA-BP-4173-01,TCGA-DV-5569-01,0.0006870416540766832,0.20320614663284325,295.76976217829537,295.76976217829537
TT,TCGA-KIRC,TCGA-BP-4762-01,TCGA-CJ-4903-01,0.001321502159840155,0.2616299336639488,197.9791949001391,197.9791949001391
TT,TCGA-KIRC,TCGA-B0-4714-01,TCGA-B8-4154-01,0.0037751138152127923,0.23347768843363365,61.846529631179656,61.846529631179656
TT,TCGA-KIRC,TCGA-B0-5106-01,TCGA-BP-4758-01,0.0019328239700788581,0.1967983324308988,101.81906654586322,101.81906654586322
TT,TCGA-KIRC,TCGA-B0-4813-01,TCGA-CJ-5671-01,0.0032690847508767234,0.3111284316059485,95.17294757271378,95.17294757271378
TT,TCGA-KIRC,TCGA-B4-5835-01,TCGA-DX-A23Z-01,0.004359621744746267,0.4686982348450902,107.50892216966147,107.50892216966147
TT,TCGA-KIRC,TCGA-B2-5639-01,TCGA-UZ-A9PL-01,0.003971928594750367,0.3413799214899568,85.94815172184944,85.94815172184944
TT,TCGA-KIRC,TCGA-B0-5399-01,TCGA-BP-4986-01,0.0014185457842864537,0.28480126017331164,200.76987526812204,200.76987526812204
TT,TCGA-KIRC,TCGA-AL-3466-01,TCGA-BP-5181-01,0.00443297301152543,0.37673971638211345,84.98579066522979,84.98579066522979
TT,TCGA-KIRC,TCGA-B8-5549-01,TCGA-KL-8335-01,0.004999039766111773,0.1929559217436406,38.59859708491991,38.59859708491991
TT,TCGA-KIRC,TCGA-CZ-5469-01,TCGA-DX-A6B7-01,0.004235204980883162,0.34276430415106096,80.93216401525498,80.93216401525498
TT,TCGA-KIRC,TCGA-B0-4813-01,TCGA-UZ-A9PN-01,0.003187457910850448,0.22958312059357847,72.02702812547044,72.02702812547044
TT,TCGA-KIRC,TCGA-B0-4690-01,TCGA-DX-A8BH-01,0.004231549884813118,0.12555642020659769,29.67149711674562,29.67149711674562
TT,TCGA-KIRC,TCGA-CJ-5681-01,TCGA-XM-A8RF-01,0.003372403187176895,0.4522432656707497,134.10118558490967,134.10118558490967
TT,TCGA-KIRC,TCGA-B0-5701-01,TCGA-DX-A6YX-01,0.003383955964771493,0.18696491385246977,55.250397995381384,55.250397995381384
TT,TCGA-KIRC,TCGA-B0-5692-01,TCGA-KL-8323-01,0.0033900785491540863,0.2644049965961932,77.99376703591992,77.99376703591992
TT,TCGA-KIRC,TCGA-B0-5400-01,TCGA-DX-A3LW-01,0.003115673138819101,0.3788348386634648,121.59004548437656,121.59004548437656
TT,TCGA-KIRC,TCGA-B0-4707-01,TCGA-B0-4817-01,0.002139126890588177,0.2998384809087599,140.16862778360752,140.16862778360752
TT,TCGA-KIRC,TCGA-B0-5077-01,TCGA-DX-AB3A-01,0.003261757055685069,0.2644771507987839,81.08425804975705,81.08425804975705
TT,TCGA-KIRC,TCGA-BP-4985-01,TCGA-BP-4989-01,0.002672346410125626,0.33332112846270656,124.7297607824119,124.7297607824119
TT,TCGA-KIRC,TCGA-B0-5703-01,TCGA-B8-4148-01,0.0017613182539283402,0.21481974458194367,121.96532006797885,121.96532006797885
TT,TCGA-KIRC,TCGA-CZ-5463-01,TCGA-KL-8330-01,0.005501078073261518,0.30815097522441004,56.016470066513946,56.016470066513946
TT,TCGA-KIRC,TCGA-BP-4758-01,TCGA-KL-8342-01,0.003767172280190487,0.2954665105635715,78.43190822922259,78.43190822922259
TT,TCGA-KIRC,TCGA-B4-5834-01,TCGA-BP-4781-01,0.0009309496087207215,0.24568606029302453,263.9090859392892,263.9090859392892
TT,TCGA-KIRC,TCGA-B0-4843-01,TCGA-HE-A5NI-01,0.002999115072941994,0.2640814201115042,88.05311356474644,88.05311356474644
TT,TCGA-KIRC,TCGA-BP-4761-01,TCGA-DX-A48U-01,0.008382118242801677,0.4017981239646803,47.93515342136017,47.93515342136017
TT,TCGA-KIRC,TCGA-A3-3328-01,TCGA-AL-7173-01,0.005227893708392736,0.3026139942279942,57.88449633973715,57.88449633973715
TT,TCGA-KIRC,TCGA-BP-5191-01,TCGA-DX-A1KW-01,0.010087046165034377,0.48790442246168797,48.3694051240644,48.3694051240644
TT,TCGA-KIRC,TCGA-BP-4988-01,TCGA-DX-A1KW-01,0.003912210349426399,0.2214303827989645,56.59981519946396,56.59981519946396
TT,TCGA-KIRC,TCGA-B0-4694-01,TCGA-CJ-4905-01,0.0018228320486986553,0.23731473953430873,130.19012898293673,130.19012898293673
TT,TCGA-KIRC,TCGA-B0-4693-01,TCGA-CJ-4888-01,0.0012293437546104535,0.2831146824819971,230.29740983367884,230.29740983367884
TT,TCGA-KIRC,TCGA-A3-3380-01,TCGA-KL-8346-01,0.006367624080522171,0.124211290785409,19.50669342515948,19.50669342515948
TT,TCGA-KIRC,TCGA-CZ-5464-01,TCGA-DX-A8BR-01,0.0016699021044387957,0.11569116689011372,69.28020905093359,69.28020905093359
TT,TCGA-KIRC,TCGA-AY-5543-01,TCGA-BP-4986-01,0.004058497767878188,0.19973302024244324,49.21353458002889,49.21353458002889
TT,TCGA-KIRC,TCGA-BP-5192-01,TCGA-CJ-4890-01,0.0012032594013838664,0.3146597496644329,261.5061634278887,261.5061634278887
TT,TCGA-KIRC,TCGA-B8-A54J-01,TCGA-BP-5008-01,0.0008897711917559787,0.21033810863363323,236.39572800567677,236.39572800567677
TT,TCGA-KIRC,TCGA-CZ-5457-01,TCGA-DX-AB37-01,0.004756393133423637,0.2058030047307567,43.26871201721299,43.26871201721299
TT,TCGA-KIRC,TCGA-B0-5088-01,TCGA-CJ-4918-01,0.001706586377425996,0.24747711502246494,145.01294414158446,145.01294414158446
TT,TCGA-KIRC,TCGA-BP-4777-01,TCGA-DX-A7ES-01,0.0022301009791623793,0.32212986779457226,144.4463146756536,144.4463146756536
TT,TCGA-KIRC,TCGA-B8-A54H-01,TCGA-XM-A8RH-01,0.0022564686044735456,0.29365325069870196,130.13841633627067,130.13841633627067
TT,TCGA-KIRC,TCGA-DX-A7EL-01,TCGA-DX-A8BR-01,0.001995564021283163,0.3038304522730859,152.25292149620967,152.25292149620967
TT,TCGA-KIRC,TCGA-A3-3362-01,TCGA-B0-4706-01,0.0013458757006464706,0.13752447972642634,102.18215520227356,102.18215520227356
TT,TCGA-KIRC,TCGA-B0-5085-01,TCGA-CZ-5453-01,0.004448840404702176,0.2696172115948613,60.60392980379582,60.60392980379582
TT,TCGA-KIRC,TCGA-B0-5083-01,TCGA-B8-4620-01,0.0034578411018464997,0.3022933087925461,87.42255641276299,87.42255641276299
TT,TCGA-KIRC,TCGA-B0-4822-01,TCGA-DV-5568-01,0.0023651760927807684,0.26516948609516533,112.1140564986018,112.1140564986018
TT,TCGA-KIRC,TCGA-B0-4838-01,TCGA-V5-A7RB-01,0.002586370993634024,0.32815653921115073,126.87914456930591,126.87914456930591
TT,TCGA-KIRC,TCGA-BP-4760-01,TCGA-CW-5583-01,0.0007249694234004705,0.2771275746948647,382.2610523282448,382.2610523282448
TT,TCGA-KIRC,TCGA-CJ-4888-01,TCGA-KL-8330-01,0.00429291311819046,0.31594618659512064,73.59715370347342,73.59715370347342
TT,TCGA-KIRC,TCGA-BP-4981-01,TCGA-UZ-A9PN-01,0.0029067909936042278,0.19694654337731948,67.75394027663435,67.75394027663435
TT,TCGA-KIRC,TCGA-A3-3322-01,TCGA-BP-4993-01,0.0013353265657865202,0.21275296858484727,159.3265453080638,159.3265453080638
TT,TCGA-KIRC,TCGA-BP-5176-01,TCGA-CJ-4871-01,0.0010757903122105338,0.18376571036805617,170.8192649462091,170.8192649462091
TT,TCGA-KIRC,TCGA-CJ-6032-01,TCGA-CW-6097-01,0.001265041018786754,0.31342742927397316,247.76068492590684,247.76068492590684
TT,TCGA-KIRC,TCGA-DX-A23R-01,TCGA-DX-A3UC-01,0.00433356152655367,0.4232913266852818,97.67747015741821,97.67747015741821
TT,TCGA-KIRC,TCGA-BP-4763-01,TCGA-CJ-6027-01,0.0019766149949056984,0.26774337643507595,135.45550201993163,135.45550201993163
TT,TCGA-KIRC,TCGA-AK-3431-01,TCGA-MM-A84U-01,0.002942444396848499,0.29085974432648665,98.84969946688256,98.84969946688256
TT,TCGA-KIRC,TCGA-KL-8342-01,TCGA-UZ-A9PJ-01,0.0033943886152644973,0.2742645016948103,80.79938179778485,80.79938179778485
TT,TCGA-KIRC,TCGA-AK-3460-01,TCGA-BP-5000-01,0.002234752227358001,0.19753277328368316,88.39135312875962,88.39135312875962
TT,TCGA-KIRC,TCGA-CJ-4887-01,TCGA-DX-AB3C-01,0.0028450752093624465,0.19561058248884955,68.75409895848904,68.75409895848904
TT,TCGA-KIRC,TCGA-BP-4355-01,TCGA-DX-A3LY-01,0.0023559489731956734,0.2901993420688057,123.17726121002163,123.17726121002163
TT,TCGA-KIRC,TCGA-B0-5083-01,TCGA-B0-5116-01,0.003116347431403002,0.3598832522296086,115.48239089233596,115.48239089233596
TT,TCGA-KIRC,TCGA-BP-4338-01,TCGA-DX-A1L3-01,0.004101421853077641,0.4176172448532553,101.82255320551386,101.82255320551386
TT,TCGA-KIRC,TCGA-B1-A47M-01,TCGA-B8-A7U6-01,0.0028220893717076567,0.25577525344964713,90.63329319541592,90.63329319541592
TT,TCGA-KIRC,TCGA-BP-4974-01,TCGA-BW-A5NQ-01,0.0042991382118820805,0.18055195227969098,41.997243024352265,41.997243024352265
TT,TCGA-KIRC,TCGA-DV-5576-01,TCGA-HE-A5NK-01,0.0033520215703336815,0.2709626968675653,80.83560656818564,80.83560656818564
TT,TCGA-KIRC,TCGA-DX-A8BP-01,TCGA-KL-8336-01,0.004473011778656628,0.4380348674059552,97.92839569439039,97.92839569439039
TT,TCGA-KIRC,TCGA-AK-3454-01,TCGA-CJ-4894-01,0.0011405686521728316,0.20514023630804634,179.85785942586227,179.85785942586227
TT,TCGA-KIRC,TCGA-BP-5169-01,TCGA-DX-AB3C-01,0.005222484448080979,0.40973805048842826,78.45653817868008,78.45653817868008
TT,TCGA-KIRC,TCGA-CJ-5677-01,TCGA-DX-A3LT-01,0.0024134346400315047,0.1314595996796749,54.46992327828644,54.46992327828644
TT,TCGA-KIRC,TCGA-AK-3445-01,TCGA-B0-5115-01,0.0011825246923482734,0.2973259432442051,251.43317950830374,251.43317950830374
TT,TCGA-KIRC,TCGA-BP-4355-01,TCGA-DX-A6BA-01,0.003062050873174263,0.3833825791871284,125.2045100053143,125.2045100053143
TT,TCGA-KIRC,TCGA-B0-4699-01,TCGA-BP-5168-01,0.001967761796351764,0.4131671283291645,209.9680607150609,209.9680607150609
TT,TCGA-KIRC,TCGA-BP-4167-01,TCGA-CJ-4643-01,0.0038076945905232066,0.17975957393985526,47.20955677150433,47.20955677150433
TT,TCGA-KIRC,TCGA-A3-A6NN-01,TCGA-DX-A8BJ-01,0.00458766468302673,0.1447892951654365,31.560566250868884,31.560566250868884
TT,TCGA-KIRC,TCGA-A3-3324-01,TCGA-CJ-4876-01,0.002359188708083462,0.295118407363409,125.09317561254132,125.09317561254132
TT,TCGA-KIRC,TCGA-B0-4836-01,TCGA-DX-A6BG-01,0.0015144102075174029,0.13709669698757043,90.52811207097928,90.52811207097928
TT,TCGA-KIRC,TCGA-B8-5163-01,TCGA-DX-AB3A-01,0.003835726517701869,0.22960349800018603,59.85919406416657,59.85919406416657
TT,TCGA-KIRC,TCGA-BP-5195-01,TCGA-CJ-4920-01,0.00048738475557035703,0.18252875771829252,374.50649744818156,374.50649744818156
TT,TCGA-KIRC,TCGA-BP-4983-01,TCGA-CW-5585-01,0.0019648766341282932,0.4636032885813587,235.94523978195392,235.94523978195392
TT,TCGA-KIRC,TCGA-AL-A5DJ-01,TCGA-B0-5812-01,0.009777030345058009,0.13312596782867714,13.61619664972895,13.61619664972895
TT,TCGA-KIRC,TCGA-BP-4803-01,TCGA-P4-AAVO-01,0.0066374999519758695,0.1566190493637241,23.596090470343626,23.596090470343626
TT,TCGA-KIRC,TCGA-B0-5402-01,TCGA-BP-5199-01,0.0019343252359261352,0.2961727110524468,153.1142258559442,153.1142258559442
TT,TCGA-KIRC,TCGA-B0-5699-01,TCGA-K6-A3WQ-01,0.005205275416105413,0.30795531752355576,59.162156256079136,59.162156256079136
TT,TCGA-KIRC,TCGA-AY-A8YK-01,TCGA-CJ-4882-01,0.002323731834063863,0.16429502510056704,70.70309176478396,70.70309176478396
TT,TCGA-KIRC,TCGA-B0-5096-01,TCGA-KL-8325-01,0.0037845350425538896,0.3858255796335882,101.94794744805016,101.94794744805016
TT,TCGA-KIRC,TCGA-AL-3467-01,TCGA-B0-5095-01,0.001284542923054861,0.1617309016126924,125.90540861652867,125.90540861652867
TT,TCGA-KIRC,TCGA-DX-A23R-01,TCGA-DX-A6B7-01,0.003092175746275654,0.3708065482429601,119.91768213355112,119.91768213355112
TT,TCGA-KIRC,TCGA-DX-A6BG-01,TCGA-DX-A7EL-01,0.002146213821424255,0.33538347459468093,156.2675029145587,156.2675029145587
TT,TCGA-KIRC,TCGA-BP-4345-01,TCGA-DX-AB2T-01,0.0014701606471940857,0.1871095049587866,127.2714688125406,127.2714688125406
TT,TCGA-KIRC,TCGA-B0-4707-01,TCGA-DX-A7EO-01,0.003837075373729256,0.19077502027119775,49.718861812657956,49.718861812657956
TT,TCGA-KIRC,TCGA-BP-4338-01,TCGA-CJ-4868-01,0.0023339547364833037,0.07762117546167993,33.25736109974265,33.25736109974265
TT,TCGA-KIRC,TCGA-A3-A8OX-01,TCGA-KL-8346-01,0.005852424476109596,0.05312969538356659,9.078236823123362,9.078236823123362
TT,TCGA-KIRC,TCGA-B1-A47O-01,TCGA-CZ-4865-01,0.005362596985796479,0.2371951257442808,44.231391315163584,44.231391315163584
TT,TCGA-KIRC,TCGA-B0-5084-01,TCGA-DX-A6BA-01,0.0054748666747879565,0.4141432526547889,75.64444529068442,75.64444529068442
TT,TCGA-KIRC,TCGA-B0-5083-01,TCGA-B0-5084-01,0.00515362150397722,0.34762353470120827,67.45228271671401,67.45228271671401
TT,TCGA-KIRC,TCGA-CJ-4642-01,TCGA-CZ-4854-01,0.005356583939652066,0.2523365945420506,47.10774579189008,47.10774579189008
TT,TCGA-KIRC,TCGA-B0-4718-01,TCGA-CJ-5686-01,0.0025261998347672404,0.2464083517293606,97.5411162403406,97.5411162403406
TT,TCGA-KIRC,TCGA-B0-4694-01,TCGA-XM-A8RL-01,0.003690213139727969,0.10806251302690281,29.283542422936808,29.283542422936808
TT,TCGA-KIRC,TCGA-CJ-4903-01,TCGA-CJ-6030-01,0.0006795024242378851,0.2487662028034099,366.10053758442524,366.10053758442524
TT,TCGA-KIRC,TCGA-B0-5705-01,TCGA-DX-A6YU-01,0.002074461854212015,0.3370689508665844,162.4850079466128,162.4850079466128
TT,TCGA-KIRC,TCGA-BP-5006-01,TCGA-CZ-5984-01,0.0010324233483912384,0.2052742967012081,198.8276388954922,198.8276388954922
TT,TCGA-KIRC,TCGA-A3-3322-01,TCGA-KL-8333-01,0.0025787134911852225,0.3377340931722493,130.96999504858553,130.96999504858553
TT,TCGA-KIRC,TCGA-BP-5202-01,TCGA-DX-A7EO-01,0.00475098210200319,0.26660147314838745,56.11502367815244,56.11502367815244
TT,TCGA-KIRC,TCGA-B0-5110-01,TCGA-CJ-4902-01,0.000942691134078453,0.2108165041865247,223.63263699579892,223.63263699579892
TT,TCGA-KIRC,TCGA-BP-4982-01,TCGA-CZ-5982-01,0.0009547089829772629,0.19683107665297653,206.168665177066,206.168665177066
TT,TCGA-KIRC,TCGA-BP-4763-01,TCGA-DX-A6YQ-01,0.003543073197456243,0.10609007577741136,29.942953437591683,29.942953437591683
TT,TCGA-KIRC,TCGA-BP-4770-01,TCGA-DX-A7ES-01,0.00231752387268598,0.2778441349626438,119.88835939826849,119.88835939826849
TT,TCGA-KIRC,TCGA-B0-4713-01,TCGA-B4-5836-01,0.002988885760460982,0.2668669267461222,89.28642582343555,89.28642582343555
TT,TCGA-KIRC,TCGA-B3-4103-01,TCGA-CJ-4885-01,0.0026318821862493435,0.33262690078125345,126.38365900993279,126.38365900993279
TT,TCGA-KIRC,TCGA-BP-5174-01,TCGA-CJ-4904-01,0.0025374994009147297,0.21426897070563677,84.44099361300188,84.44099361300188
TT,TCGA-KIRC,TCGA-BP-4173-01,TCGA-DX-A3U5-01,0.0023524893778163504,0.1680855341982175,71.45007147885165,71.45007147885165
TT,TCGA-KIRC,TCGA-B8-4143-01,TCGA-MM-A564-01,0.0028741162939623956,0.29535690875519616,102.7644251471825,102.7644251471825
TT,TCGA-KIRC,TCGA-A3-3382-01,TCGA-B0-5100-01,0.004305050560527095,0.38505787084031146,89.44328653672453,89.44328653672453
TT,TCGA-KIRC,TCGA-BP-5198-01,TCGA-CZ-5985-01,0.0013442372887638432,0.27229993991413237,202.56835767778665,202.56835767778665
TT,TCGA-KIRC,TCGA-DV-A4W0-01,TCGA-DX-A6Z2-01,0.0019239587271569715,0.19020797229858527,98.86281322658884,98.86281322658884
TT,TCGA-KIRC,TCGA-CJ-4894-01,TCGA-CZ-5464-01,0.0011861233397399034,0.24785289663030294,208.9604751261811,208.9604751261811
TT,TCGA-KIRC,TCGA-B0-4849-01,TCGA-DX-A1L1-01,0.0019836578516794177,0.36598033504707084,184.49771201077954,184.49771201077954
TT,TCGA-KIRC,TCGA-B0-4823-01,TCGA-BP-4969-01,0.002592336055462537,0.32553639603297574,125.57646426550664,125.57646426550664
TT,TCGA-KIRC,TCGA-BP-5173-01,TCGA-KL-8328-01,0.005852784222524029,0.22506321124574155,38.45404215990085,38.45404215990085
TT,TCGA-KIRC,TCGA-B8-A54E-01,TCGA-CW-5584-01,0.002636008658507236,0.2160795329835541,81.97223946370468,81.97223946370468
TT,TCGA-KIRC,TCGA-BP-4353-01,TCGA-DX-A8BS-01,0.003912300150135777,0.24567088817476596,62.79448885491056,62.79448885491056
TT,TCGA-KIRC,TCGA-AK-3443-01,TCGA-CZ-5982-01,0.0026893780013627438,0.21390534457406293,79.53710652265104,79.53710652265104
TT,TCGA-KIRC,TCGA-B0-4848-01,TCGA-B1-A655-01,0.0015347649369198543,0.0988262512526363,64.39178331176393,64.39178331176393
TT,TCGA-KIRC,TCGA-BP-4967-01,TCGA-CZ-5459-01,0.001666670878215563,0.2432959368055472,145.97719320927615,145.97719320927615
TT,TCGA-KIRC,TCGA-A3-3325-01,TCGA-B4-5844-01,0.0010418884152818796,0.22748970134525587,218.3436325892051,218.3436325892051
TT,TCGA-KIRC,TCGA-DX-A7EN-01,TCGA-UZ-A9PS-01,0.0032206840261963885,0.47014269594989466,145.97603866937882,145.97603866937882
TT,TCGA-KIRC,TCGA-A3-3323-01,TCGA-B0-5095-01,0.0007416510148196055,0.2303745444597694,310.6239186038251,310.6239186038251
TT,TCGA-KIRC,TCGA-BP-4162-01,TCGA-CJ-5683-01,0.00127503971699368,0.26158922604454127,205.16162952266518,205.16162952266518
TT,TCGA-KIRC,TCGA-B0-4848-01,TCGA-B2-3924-01,0.0014559135332138365,0.24604342861360007,168.99590738089705,168.99590738089705
TT,TCGA-KIRC,TCGA-B0-5711-01,TCGA-B2-5636-01,0.0008829039594306212,0.34829348034417534,394.48625937614713,394.48625937614713
TT,TCGA-KIRC,TCGA-A3-A6NJ-01,TCGA-BP-5181-01,0.0008636153806559602,0.23077110794399397,267.2151435847651,267.2151435847651
TT,TCGA-KIRC,TCGA-DX-A48P-01,TCGA-DX-A7ER-01,0.004354826265711167,0.3335309654045853,76.58881090865238,76.58881090865238
TT,TCGA-KIRC,TCGA-A3-3323-01,TCGA-B8-5546-01,0.0018976856725870877,0.25186165400971305,132.7204276493028,132.7204276493028
TT,TCGA-KIRC,TCGA-B0-5083-01,TCGA-CZ-5468-01,0.0033430436211873927,0.37986298955338843,113.62788901284738,113.62788901284738
TT,TCGA-KIRC,TCGA-B0-5120-01,TCGA-DX-A6Z2-01,0.0017769827211733967,0.17106544751269137,96.26736685415352,96.26736685415352
TT,TCGA-KIRC,TCGA-B0-5096-01,TCGA-CZ-5455-01,0.001270674207045523,0.2913232095879822,229.26664283628236,229.26664283628236
TT,TCGA-KIRC,TCGA-B0-5106-01,TCGA-CJ-4908-01,0.0007543194622595887,0.1884872038125886,249.8771584760242,249.8771584760242
TT,TCGA-KIRC,TCGA-DV-5576-01,TCGA-XM-AAZ3-01,0.001999812969264484,0.26912531232497783,134.57524101564363,134.57524101564363
TT,TCGA-KIRC,TCGA-AK-3453-01,TCGA-DX-A3M2-01,0.008388443813271935,0.29809646142444085,35.5365629263442,35.5365629263442
TT,TCGA-KIRC,TCGA-BP-4355-01,TCGA-DX-A8BQ-01,0.003587806556537707,0.24001437671444636,66.89724569377682,66.89724569377682
TT,TCGA-KIRC,TCGA-B0-4694-01,TCGA-DX-A8BJ-01,0.0035688715405832166,0.0445143715816812,12.472954286947175,12.472954286947175
TT,TCGA-KIRC,TCGA-A3-3343-01,TCGA-CZ-5458-01,0.0007008522511169964,0.23909521983346882,341.1492500058412,341.1492500058412
TT,TCGA-KIRC,TCGA-B1-A654-01,TCGA-CJ-4643-01,0.008018708022015724,0.2331561077739721,29.07651795449236,29.07651795449236
TT,TCGA-KIRC,TCGA-B0-4690-01,TCGA-B0-4833-01,0.0027516707228593144,0.35051536323774124,127.38274253741884,127.38274253741884
TT,TCGA-KIRC,TCGA-B8-A54J-01,TCGA-DX-A7EM-01,0.0018467889202499364,0.29534265207753696,159.92225686385783,159.92225686385783
TT,TCGA-KIRC,TCGA-B0-5696-01,TCGA-B1-A657-01,0.0017397610599247954,0.2833366682685186,162.85952984875198,162.85952984875198
TT,TCGA-KIRC,TCGA-B1-A657-01,TCGA-EU-5905-01,0.0023647457824826574,0.3197513106901898,135.2159344394707,135.2159344394707
TT,TCGA-KIRC,TCGA-A3-3352-01,TCGA-AL-3471-01,0.002961798405293473,0.2831279531511928,95.59325599108045,95.59325599108045
TT,TCGA-KIRC,TCGA-B3-8121-01,TCGA-B8-4151-01,0.0020335348829226734,0.346551368754508,170.41820706632345,170.41820706632345
TT,TCGA-KIRC,TCGA-B0-5107-01,TCGA-CJ-5682-01,0.0025082880690202487,0.17393742306566132,69.34507452072769,69.34507452072769
TT,TCGA-KIRC,TCGA-DX-A1KY-01,TCGA-DX-A6YV-01,0.003561275403121616,0.38345472645634615,107.6734268066522,107.6734268066522
TT,TCGA-KIRC,TCGA-CJ-4887-01,TCGA-KL-8336-01,0.003715827779650999,0.33817745762823703,91.00999230378746,91.00999230378746
TT,TCGA-KIRC,TCGA-A3-A8OU-01,TCGA-DX-A48N-01,0.0026573751193776857,0.25559803580090434,96.1844016439656,96.1844016439656
TT,TCGA-KIRC,TCGA-BP-4968-01,TCGA-BW-A5NO-01,0.0034277662184107422,0.2558860547744648,74.65096464282924,74.65096464282924
TT,TCGA-KIRC,TCGA-DX-A7EO-01,TCGA-EU-5907-01,0.0055065900203126305,0.28037692337033404,50.91661488073084,50.91661488073084
TT,TCGA-KIRC,TCGA-AY-A69D-01,TCGA-B8-4143-01,0.002573407427335813,0.3742738201244826,145.43900672267793,145.43900672267793
TT,TCGA-KIRC,TCGA-B8-4146-01,TCGA-BP-5198-01,0.009479166192703281,0.326607959896393,34.45534694262498,34.45534694262498
TT,TCGA-KIRC,TCGA-A3-3367-01,TCGA-B0-5693-01,0.0006743389198072019,0.2039761238328153,302.4830954309051,302.4830954309051
TT,TCGA-KIRC,TCGA-BP-4992-01,TCGA-CZ-4865-01,0.007400338800375662,0.2859312023535978,38.63758269271174,38.63758269271174
TT,TCGA-KIRC,TCGA-BP-4761-01,TCGA-CJ-6033-01,0.005489462464119315,0.201586212104499,36.72239557554564,36.72239557554564
TT,TCGA-KIRC,TCGA-B0-4701-01,TCGA-B4-5377-01,0.0008827009806263302,0.2344595422577504,265.61604371549134,265.61604371549134
TT,TCGA-KIRC,TCGA-CZ-5984-01,TCGA-KL-8339-01,0.0035567702306849316,0.16592005674304977,46.64907935621648,46.64907935621648
TT,TCGA-KIRC,TCGA-BP-4999-01,TCGA-BP-5168-01,0.0012941855376117262,0.18920089562462142,146.19302265869112,146.19302265869112
TT,TCGA-KIRC,TCGA-B0-5712-01,TCGA-B4-5835-01,0.00296559764031189,0.3344387747845342,112.77280850188481,112.77280850188481
TT,TCGA-KIRC,TCGA-B0-4945-01,TCGA-CZ-4859-01,0.0012226260979706785,0.24955432060595728,204.1133597754611,204.1133597754611
TT,TCGA-KIRC,TCGA-B0-5077-01,TCGA-UZ-A9PO-01,0.001666802418367002,0.2067792329984315,124.05743519439878,124.05743519439878
TT,TCGA-KIRC,TCGA-A3-3349-01,TCGA-CZ-4856-01,0.0010858259120960344,0.1792195542893677,165.0536723178852,165.0536723178852
TT,TCGA-KIRC,TCGA-A3-3365-01,TCGA-CZ-5455-01,0.0009392769655209337,0.24510889673322572,260.95486819192416,260.95486819192416
TT,TCGA-KIRC,TCGA-B0-5108-01,TCGA-DX-A2IZ-01,0.002581851488676372,0.11055843444185218,42.82137641407552,42.82137641407552
TT,TCGA-KIRC,TCGA-B1-7332-01,TCGA-BP-5194-01,0.0031571417123950297,0.3151872074002104,99.83308831617418,99.83308831617418
TT,TCGA-KIRC,TCGA-A3-A6NJ-01,TCGA-CZ-4856-01,0.0009944733611464895,0.1563126869414153,157.181371616841,157.181371616841
TT,TCGA-KIRC,TCGA-BW-A5NP-01,TCGA-CZ-5463-01,0.0053736569942628865,0.27499363689673206,51.17439337686149,51.17439337686149
TT,TCGA-KIRC,TCGA-AK-3427-01,TCGA-CZ-5465-01,0.01080420653080151,0.15983058023237018,14.79336587806908,14.79336587806908
TT,TCGA-KIRC,TCGA-B0-4713-01,TCGA-B0-5109-01,0.00248717933112999,0.35418255155648815,142.4033028593776,142.4033028593776
TT,TCGA-KIRC,TCGA-CJ-5686-01,TCGA-DX-A8BO-01,0.005004095178470904,0.12081073236255734,24.14237300727628,24.14237300727628
TT,TCGA-KIRC,TCGA-CZ-4853-01,TCGA-DX-A8BP-01,0.0036002965238663845,0.3606499281245793,100.17228462539933,100.17228462539933
TT,TCGA-KIRC,TCGA-B0-4714-01,TCGA-MM-A563-01,0.0007265304369620403,0.11731138087034579,161.46795082788122,161.46795082788122
TT,TCGA-KIRC,TCGA-B0-5121-01,TCGA-BP-4758-01,0.0006309740075248697,0.1880445582722394,298.0226697608105,298.0226697608105
TT,TCGA-KIRC,TCGA-CJ-4893-01,TCGA-KL-8327-01,0.015734178373869676,0.05843679726904744,3.7140037363562346,3.7140037363562346
TT,TCGA-KIRC,TCGA-DX-A3U9-01,TCGA-DX-A8BQ-01,0.0035064523351366964,0.42981804114867905,122.57917691954678,122.57917691954678
TT,TCGA-KIRC,TCGA-B8-A8YJ-01,TCGA-BP-5187-01,0.0018306732585228775,0.2467281565694741,134.77454560545263,134.77454560545263
TT,TCGA-KIRC,TCGA-DX-A3M1-01,TCGA-DX-A6BF-01,0.0039668003584067794,0.15861660627087093,39.98603205092416,39.98603205092416
TT,TCGA-KIRC,TCGA-B0-5711-01,TCGA-DX-AB2T-01,0.002472941023312954,0.2123258214176865,85.85963814585332,85.85963814585332
TT,TCGA-KIRC,TCGA-BP-4961-01,TCGA-BP-4974-01,0.0005537635299905693,0.17205176878870926,310.6953771253938,310.6953771253938
TT,TCGA-KIRC,TCGA-A3-3358-01,TCGA-CW-5589-01,0.0009269214770992674,0.19822798771338274,213.85628946016297,213.85628946016297
TT,TCGA-KIRC,TCGA-A3-A8OV-01,TCGA-CW-6097-01,0.0025500512942261103,0.356449426523914,139.78127707901237,139.78127707901237
TT,TCGA-KIRC,TCGA-AK-3465-01,TCGA-CJ-4920-01,0.0030107466356934275,0.21033939540752455,69.86286820480984,69.86286820480984
TT,TCGA-KIRC,TCGA-B0-5115-01,TCGA-DX-AB35-01,0.003913140391431288,0.27491105681053535,70.253307909043,70.253307909043
TT,TCGA-KIRC,TCGA-B0-4811-01,TCGA-BP-4977-01,0.004256940253288028,0.18500374791730873,43.45932451704325,43.45932451704325
TT,TCGA-KIRC,TCGA-A3-3335-01,TCGA-B0-5402-01,0.0014766807947777843,0.2742293242058873,185.70656920282775,185.70656920282775
TT,TCGA-KIRC,TCGA-B0-4841-01,TCGA-DX-A48K-01,0.005976092457579883,0.38862494320714114,65.02994154888313,65.02994154888313
TT,TCGA-KIRC,TCGA-A3-3324-01,TCGA-XM-A8R8-01,0.002972126614548338,0.33804425700558594,113.73817499930337,113.73817499930337
TT,TCGA-KIRC,TCGA-BP-5195-01,TCGA-KL-8340-01,0.0038306428610079823,0.18828436952263833,49.152159664681925,49.152159664681925
TT,TCGA-KIRC,TCGA-A3-3316-01,TCGA-CZ-4856-01,0.0014339505295128123,0.32972245528128674,229.93990970756198,229.93990970756198
TT,TCGA-KIRC,TCGA-B0-4710-01,TCGA-B1-A47M-01,0.004190943890457453,0.27676308244494485,66.03836502681867,66.03836502681867
TT,TCGA-KIRC,TCGA-CJ-4873-01,TCGA-CJ-4878-01,0.002998726662715703,0.33974755436252757,113.29727333495806,113.29727333495806
TT,TCGA-KIRC,TCGA-DX-A2J4-01,TCGA-UZ-A9PL-01,0.003798183128952224,0.5153981477898201,135.69597101864835,135.69597101864835
TT,TCGA-KIRC,TCGA-B1-A47O-01,TCGA-DX-A1L3-01,0.005312640481314834,0.45774985220589104,86.16239962328521,86.16239962328521
TT,TCGA-KIRC,TCGA-BP-4162-01,TCGA-BP-4346-01,0.0010061086847495578,0.21155896282345893,210.2744624216424,210.2744624216424
TT,TCGA-KIRC,TCGA-AK-3434-01,TCGA-B2-5641-01,0.0017450006834450018,0.2982579944456364,170.92141984541334,170.92141984541334
TT,TCGA-KIRC,TCGA-CZ-4863-01,TCGA-CZ-5466-01,0.0012998465652790145,0.28218906071463057,217.0941311477468,217.0941311477468
TT,TCGA-KIRC,TCGA-B0-4700-01,TCGA-DX-A8BT-01,0.0016502147439133356,0.10646525212890343,64.51599861265976,64.51599861265976
TT,TCGA-KIRC,TCGA-DV-5573-01,TCGA-KL-8340-01,0.003502227149033741,0.040756590160660834,11.637334880436157,11.637334880436157
TT,TCGA-KIRC,TCGA-CJ-4870-01,TCGA-CZ-5464-01,0.0012253637887550616,0.179710646626855,146.65901528674715,146.65901528674715
TT,TCGA-KIRC,TCGA-DX-A3U6-01,TCGA-DX-AB2O-01,0.0034612197043102384,0.36562765797232555,105.63549534778488,105.63549534778488
TT,TCGA-KIRC,TCGA-B0-4847-01,TCGA-DX-A8BH-01,0.003938262333312639,0.37089476522226805,94.17726241468854,94.17726241468854
TT,TCGA-KIRC,TCGA-DV-A4VZ-01,TCGA-DX-A1L0-01,0.004106290775740746,0.42857451302619587,104.37023007677385,104.37023007677385
TT,TCGA-KIRC,TCGA-A3-3363-01,TCGA-B0-4698-01,0.002593230761253031,0.30982384349405717,119.47407385540671,119.47407385540671
TT,TCGA-KIRC,TCGA-B8-A54H-01,TCGA-DX-A3U7-01,0.002751538746169348,0.3176422718167983,115.44168595082124,115.44168595082124
TT,TCGA-KIRC,TCGA-BP-4969-01,TCGA-CJ-4868-01,0.0021330340190299215,0.16673883276750218,78.16979536188224,78.16979536188224
TT,TCGA-KIRC,TCGA-B0-5690-01,TCGA-XM-A8RB-01,0.002842528227462101,0.13731066996799415,48.30582459706635,48.30582459706635
TT,TCGA-KIRC,TCGA-P4-A5E7-01,TCGA-P4-AAVM-01,0.0015383648975635556,0.29880278477608885,194.23401122147888,194.23401122147888
TT,TCGA-KIRC,TCGA-CJ-4882-01,TCGA-DX-A3LT-01,0.0029014027072963864,0.10055376023966622,34.65694713346608,34.65694713346608
TT,TCGA-KIRC,TCGA-B1-5398-01,TCGA-B2-5635-01,0.0032466707882172303,0.28413807977843014,87.51675125473758,87.51675125473758
TT,TCGA-KIRC,TCGA-B4-5378-01,TCGA-BP-5169-01,0.010395239740895634,0.24854315042945924,23.909323558135203,23.909323558135203
TT,TCGA-KIRC,TCGA-BP-4352-01,TCGA-DX-A6BB-01,0.004429194336832896,0.42748202324266543,96.51462336790065,96.51462336790065
TT,TCGA-KIRC,TCGA-A3-3376-01,TCGA-CJ-5681-01,0.0016214991700951187,0.2800998960531873,172.74131323592127,172.74131323592127
TT,TCGA-KIRC,TCGA-CJ-4904-01,TCGA-UZ-A9PL-01,0.0052304717372290595,0.3253813566523208,62.20879740852929,62.20879740852929
TT,TCGA-KIRC,TCGA-A3-A6NI-01,TCGA-CZ-4864-01,0.0012427968869159155,0.24957897248832803,200.82040365234187,200.82040365234187
TT,TCGA-KIRC,TCGA-BP-5010-01,TCGA-CW-5580-01,0.0040821350025790955,0.20311176087455382,49.756257631417796,49.756257631417796
TT,TCGA-KIRC,TCGA-B2-3923-01,TCGA-BP-4347-01,0.004345858532735155,0.20964285739682553,48.23968746743409,48.23968746743409
TT,TCGA-KIRC,TCGA-DV-5567-01,TCGA-HE-A5NI-01,0.00674684442297334,0.37601722868028875,55.73231055987173,55.73231055987173
TT,TCGA-KIRC,TCGA-DX-AB2F-01,TCGA-XM-AAZ2-01,0.002211835927856963,0.42412557433974996,191.7527285808596,191.7527285808596
TT,TCGA-KIRC,TCGA-CW-5580-01,TCGA-CZ-4857-01,0.0011154852114811868,0.24582728764979295,220.3770028679927,220.3770028679927
TT,TCGA-KIRC,TCGA-CW-5585-01,TCGA-DX-AB2O-01,0.003195188046607711,0.29024264018608553,90.8374205061991,90.8374205061991
TT,TCGA-KIRC,TCGA-A3-3325-01,TCGA-BP-4332-01,0.0005707178997658215,0.21786155107867738,381.7324656683642,381.7324656683642
TT,TCGA-KIRC,TCGA-B0-4816-01,TCGA-XM-A8R9-01,0.0019039950620846494,0.30100582065475023,158.09170236249693,158.09170236249693
TT,TCGA-KIRC,TCGA-BP-4330-01,TCGA-CZ-5468-01,0.0032273983810609036,0.3523114772152085,109.16268635525479,109.16268635525479
TT,TCGA-KIRC,TCGA-A3-3378-01,TCGA-DX-A8BH-01,0.006007859234283139,0.14921775360325146,24.8370921794835,24.8370921794835
TT,TCGA-KIRC,TCGA-A3-A8OX-01,TCGA-CZ-5987-01,0.001462893604068452,0.17560625118361883,120.04034380575625,120.04034380575625
TT,TCGA-KIRC,TCGA-CZ-5460-01,TCGA-DX-A6YX-01,0.0026644745258211236,0.30655747085205726,115.05363173160156,115.05363173160156
TT,TCGA-KIRC,TCGA-AK-3431-01,TCGA-DX-A3U8-01,0.0014651370607933001,0.15953185942950698,108.88528022294943,108.88528022294943
TT,TCGA-KIRC,TCGA-B0-5707-01,TCGA-CZ-5984-01,0.001914423667439561,0.2822963251664103,147.45760302053017,147.45760302053017
TT,TCGA-KIRC,TCGA-B0-5700-01,TCGA-DX-A1L2-01,0.0032898593694198983,0.3057132594907698,92.92593547689434,92.92593547689434
TT,TCGA-KIRC,TCGA-AK-3443-01,TCGA-BP-4994-01,0.001555933046650301,0.016725759794439042,10.749665501640438,10.749665501640438
TT,TCGA-KIRC,TCGA-B0-5119-01,TCGA-KL-8338-01,0.00528449343891324,0.18000357775902148,34.06259840035668,34.06259840035668
TT,TCGA-KIRC,TCGA-B1-A655-01,TCGA-KL-8324-01,0.0062628852796929695,0.41650123439548237,66.50309175324713,66.50309175324713
TT,TCGA-KIRC,TCGA-KL-8329-01,TCGA-P4-A5ED-01,0.0065853247015791195,0.41577943869067474,63.13727227314599,63.13727227314599
TT,TCGA-KIRC,TCGA-BP-5170-01,TCGA-DX-A240-01,0.002964680790916767,0.2971369597446457,100.22561641543952,100.22561641543952
TT,TCGA-KIRC,TCGA-DX-A7EF-01,TCGA-EU-5905-01,0.0030448525341544323,0.1483233782656268,48.71282815895608,48.71282815895608
TT,TCGA-KIRC,TCGA-BP-5176-01,TCGA-CW-5585-01,0.0011868746223626684,0.28787942918164017,242.55251882340275,242.55251882340275
TT,TCGA-KIRC,TCGA-B0-4706-01,TCGA-GK-A6C7-01,0.0016395697150032884,0.2809441962392492,171.352394270521,171.352394270521
TT,TCGA-KIRC,TCGA-BP-4998-01,TCGA-BW-A5NO-01,0.0063434803880508,0.156100189423296,24.60797226036067,24.60797226036067
TT,TCGA-KIRC,TCGA-B8-4154-01,TCGA-CZ-5459-01,0.002231782706103686,0.2192641497295411,98.24619087238074,98.24619087238074
TT,TCGA-KIRC,TCGA-BP-4969-01,TCGA-DX-A8BT-01,0.0028101193418724303,0.347774859778932,123.75803923943091,123.75803923943091
TT,TCGA-KIRC,TCGA-A3-3382-01,TCGA-DX-AB3C-01,0.005913910953739697,0.23397595418929237,39.563658638001016,39.563658638001016
TT,TCGA-KIRC,TCGA-B4-5844-01,TCGA-CJ-4899-01,0.0004672555331256363,0.16735349766453123,358.162687865984,358.162687865984
TT,TCGA-KIRC,TCGA-CJ-4636-01,TCGA-CZ-5467-01,0.001175842560216286,0.24050184587715578,204.5357550528853,204.5357550528853
TT,TCGA-KIRC,TCGA-B0-4839-01,TCGA-DX-A3UA-01,0.004121364961902638,0.4068576152178015,98.71914256047218,98.71914256047218
TT,TCGA-KIRC,TCGA-CW-5584-01,TCGA-P4-A5EA-01,0.006161377794343689,0.258998162774019,42.0357542450629,42.0357542450629
TT,TCGA-KIRC,TCGA-B2-A4SR-01,TCGA-EU-5907-01,0.001908073845509754,0.226371955323395,118.63899075820008,118.63899075820008
TT,TCGA-KIRC,TCGA-A3-3372-01,TCGA-A3-3382-01,0.0009458561988439623,0.28307409841170555,299.2781553450539,299.2781553450539
TT,TCGA-KIRC,TCGA-A3-3306-01,TCGA-BP-4332-01,0.0015911056572917438,0.14746139602514036,92.67856936423547,92.67856936423547
TT,TCGA-KIRC,TCGA-B8-4619-01,TCGA-DX-A6YU-01,0.00376132782602148,0.4016682263688611,106.7889439442249,106.7889439442249
TT,TCGA-KIRC,TCGA-CZ-5982-01,TCGA-DX-A3U7-01,0.0030945688824365724,0.27113611507263113,87.61676516928799,87.61676516928799
TT,TCGA-KIRC,TCGA-B0-4706-01,TCGA-DX-A23U-01,0.0029734579799819668,0.28531846635656394,95.95510287261376,95.95510287261376
TT,TCGA-KIRC,TCGA-B0-4707-01,TCGA-V5-AASX-01,0.006947095784365993,0.4074774500523844,58.65435898687147,58.65435898687147
TT,TCGA-KIRC,TCGA-BP-4795-01,TCGA-DX-A6BF-01,0.006955681423277325,0.08075105710781862,11.609366817402478,11.609366817402478
TT,TCGA-KIRC,TCGA-A3-3316-01,TCGA-B0-4818-01,0.0015081351958175367,0.32528526382557754,215.68707150902705,215.68707150902705
TT,TCGA-KIRC,TCGA-B1-A47N-01,TCGA-V5-AASW-01,0.008601909670673,0.4484553391403626,52.134392978957685,52.134392978957685
TT,TCGA-KIRC,TCGA-BP-4332-01,TCGA-DX-A6BH-01,0.0025163967059826783,0.2480911542273155,98.58984222856603,98.58984222856603
TT,TCGA-KIRC,TCGA-BP-5190-01,TCGA-BP-5192-01,0.001783827069230966,0.2554654760473689,143.21201895288192,143.21201895288192
TT,TCGA-KIRC,TCGA-CJ-4889-01,TCGA-KL-8332-01,0.0034585978088262042,0.14296993211019332,41.33754197881573,41.33754197881573
TT,TCGA-KIRC,TCGA-BP-5168-01,TCGA-CZ-5457-01,0.0009842064098706884,0.2779414909597633,282.40162650056413,282.40162650056413
TT,TCGA-KIRC,TCGA-AL-3467-01,TCGA-B0-4836-01,0.0020681206531844845,0.1073283002636663,51.896537128238904,51.896537128238904
TT,TCGA-KIRC,TCGA-B0-5081-01,TCGA-DX-A3UE-01,0.0021435714142655675,0.17608003095611827,82.14330056106247,82.14330056106247
TT,TCGA-KIRC,TCGA-B0-4945-01,TCGA-B0-5694-01,0.0015332932205466704,0.23763976654210722,154.98651096714605,154.98651096714605
TT,TCGA-KIRC,TCGA-AK-3451-01,TCGA-DX-A48N-01,0.013399981680440032,0.47362180970110196,35.34495949292589,35.34495949292589
TT,TCGA-KIRC,TCGA-BP-4341-01,TCGA-BP-5198-01,0.0021729573953637553,0.3810839868115562,175.37572877620195,175.37572877620195
TT,TCGA-KIRC,TCGA-BP-4998-01,TCGA-BP-5004-01,0.0007121939817682278,0.14957624618171994,210.02177778918266,210.02177778918266
TT,TCGA-KIRC,TCGA-AK-3443-01,TCGA-DX-A23Z-01,0.005301062517370463,0.37371436203734837,70.498010693661,70.498010693661
TT,TCGA-KIRC,TCGA-DV-5574-01,TCGA-KL-8328-01,0.006563422613313341,0.09379848406974856,14.291093168293987,14.291093168293987
TT,TCGA-KIRC,TCGA-AK-3465-01,TCGA-DX-A8BS-01,0.004756018827976417,0.41683400242317264,87.64347188266419,87.64347188266419
TT,TCGA-KIRC,TCGA-A3-3326-01,TCGA-B4-5836-01,0.0011571912004736183,0.24533354828572282,212.00778936558802,212.00778936558802
TT,TCGA-KIRC,TCGA-B0-4846-01,TCGA-BP-5007-01,0.0008855167487502741,0.22732279153677487,256.71201799129665,256.71201799129665
TT,TCGA-KIRC,TCGA-A3-3365-01,TCGA-BP-4166-01,0.0013299019267189547,0.13593064178937467,102.21102703771072,102.21102703771072
TT,TCGA-KIRC,TCGA-B0-4841-01,TCGA-BP-4355-01,0.0051931377042366625,0.06266996167879886,12.067841302893141,12.067841302893141
TT,TCGA-KIRC,TCGA-AK-3454-01,TCGA-DX-A7EN-01,0.0030230966785183763,0.13081246735020316,43.27101686152972,43.27101686152972
TT,TCGA-KIRC,TCGA-DX-A8BQ-01,TCGA-MW-A4EC-01,0.0026783322805792546,0.208064532654371,77.68436133300531,77.68436133300531
TT,TCGA-KIRC,TCGA-B0-5088-01,TCGA-BP-4176-01,0.0023315287733069994,0.2533282553641458,108.65328288650261,108.65328288650261
TT,TCGA-KIRC,TCGA-BP-4983-01,TCGA-CJ-4637-01,0.0011098617667773575,0.18929379090586373,170.55618688037643,170.55618688037643
TT,TCGA-KIRC,TCGA-B8-A54D-01,TCGA-UZ-A9PS-01,0.001663214069313779,0.31317517411656337,188.2951689109842,188.2951689109842
TT,TCGA-KIRC,TCGA-B0-4842-01,TCGA-UZ-A9PS-01,0.005650135549530689,0.3845595779207326,68.06200922961483,68.06200922961483
TT,TCGA-KIRC,TCGA-BP-5199-01,TCGA-DX-A6B8-01,0.0024893280528109733,0.06264353747293065,25.16483811854085,25.16483811854085
TT,TCGA-KIRC,TCGA-BP-4334-01,TCGA-BP-5194-01,0.009639405790720094,0.23486531500196028,24.365123753589288,24.365123753589288
TT,TCGA-KIRC,TCGA-A3-3322-01,TCGA-B0-4813-01,0.0042732244240449024,0.3007681030203635,70.38434520966855,70.38434520966855
TT,TCGA-KIRC,TCGA-BP-5174-01,TCGA-DX-A1L2-01,0.00350794322617879,0.3853584844034006,109.85311322246581,109.85311322246581
TT,TCGA-KIRC,TCGA-DX-A3U8-01,TCGA-DX-A8BG-01,0.0018365867832418935,0.3703653299794845,201.65958579192517,201.65958579192517
TT,TCGA-KIRC,TCGA-A3-3346-01,TCGA-KL-8335-01,0.004901328636366635,0.3095358843751642,63.15346456846114,63.15346456846114
TT,TCGA-KIRC,TCGA-DX-A6YS-01,TCGA-DX-A8BH-01,0.004677321597994941,0.3619032862818593,77.37404381965072,77.37404381965072
TT,TCGA-KIRC,TCGA-B2-4101-01,TCGA-BP-4781-01,0.0010888036718688355,0.19677292099579063,180.72396895764254,180.72396895764254
TT,TCGA-KIRC,TCGA-CW-5580-01,TCGA-DX-AB2F-01,0.00377462031333912,0.19012274467512058,50.36870702021243,50.36870702021243
TT,TCGA-KIRC,TCGA-B2-3924-01,TCGA-DX-A6B8-01,0.0037762913887896005,0.4617831554308035,122.28483130344901,122.28483130344901
TT,TCGA-KIRC,TCGA-A3-3359-01,TCGA-B2-3923-01,0.003934169246200112,0.19025626349592129,48.35995901286751,48.35995901286751
TT,TCGA-KIRC,TCGA-BP-4804-01,TCGA-CW-5580-01,0.0016218113538229101,0.22068595344696373,136.07375045609714,136.07375045609714
TT,TCGA-KIRC,TCGA-B0-5083-01,TCGA-B8-5159-01,0.0034092810473545796,0.2903824540049891,85.17410268370523,85.17410268370523
TT,TCGA-KIRC,TCGA-B0-4700-01,TCGA-BP-4761-01,0.004844679637463106,0.13127930078564412,27.09762267260832,27.09762267260832
TT,TCGA-KIRC,TCGA-A3-3367-01,TCGA-BP-4991-01,0.0007795969103894401,0.21804984813590755,279.69562889491556,279.69562889491556
TT,TCGA-KIRC,TCGA-B0-4847-01,TCGA-B0-5697-01,0.003303249125994251,0.1638656518283417,49.60741548036268,49.60741548036268
TT,TCGA-KIRC,TCGA-DX-A3LS-01,TCGA-K6-A3WQ-01,0.003873196232568781,0.43765102283106844,112.99479720417098,112.99479720417098
TT,TCGA-KIRC,TCGA-B0-5077-01,TCGA-BP-5010-01,0.002446185884366443,0.2782944415468236,113.76667788224985,113.76667788224985
TT,TCGA-KIRC,TCGA-B1-A656-01,TCGA-EU-5907-01,0.006412014824530457,0.31356829679130616,48.90323952335346,48.90323952335346
TT,TCGA-KIRC,TCGA-AL-3472-01,TCGA-DX-A23R-01,0.006551198624723949,0.4858935624792292,74.1686507024054,74.1686507024054
TT,TCGA-KIRC,TCGA-B0-4816-01,TCGA-DX-A48J-01,0.0017923523640132586,0.261954043419753,146.15097381477563,146.15097381477563
TT,TCGA-KIRC,TCGA-A3-3372-01,TCGA-HE-7130-01,0.0025196684798775596,0.32632872233764254,129.51256284060835,129.51256284060835
TT,TCGA-KIRC,TCGA-BP-4776-01,TCGA-CJ-4889-01,0.0029709055781280526,0.2292622563151116,77.1691493674357,77.1691493674357
TT,TCGA-KIRC,TCGA-B0-5085-01,TCGA-BP-4353-01,0.0069443020787379375,0.24316397513500745,35.01633027738336,35.01633027738336
TT,TCGA-KIRC,TCGA-B0-4811-01,TCGA-DV-5569-01,0.0043727808649318654,0.20481146490759933,46.83780670330723,46.83780670330723
TT,TCGA-KIRC,TCGA-BP-4803-01,TCGA-CZ-4862-01,0.001098447765579208,0.18227442720467996,165.9381837866157,165.9381837866157
TT,TCGA-KIRC,TCGA-BW-A5NO-01,TCGA-CJ-4901-01,0.004955511167969932,0.28151370321165525,56.80820679634948,56.80820679634948
TT,TCGA-KIRC,TCGA-CZ-4858-01,TCGA-KL-8330-01,0.004942868191278381,0.4071431265014371,82.36981257558824,82.36981257558824
TT,TCGA-KIRC,TCGA-B0-5116-01,TCGA-BP-4976-01,0.0014348207830447383,0.28574898145683914,199.1530822758715,199.1530822758715
TT,TCGA-KIRC,TCGA-A3-A8CQ-01,TCGA-DV-5568-01,0.0020879504715425184,0.3058731051823369,146.49442568260088,146.49442568260088
TT,TCGA-KIRC,TCGA-B2-A4SR-01,TCGA-CJ-4870-01,0.0022737683966775283,0.12986257552152888,57.11336990666527,57.11336990666527
TT,TCGA-KIRC,TCGA-DX-A2J1-01,TCGA-DX-A3U8-01,0.003592214329464923,0.33274379179482316,92.6291588632427,92.6291588632427
TT,TCGA-KIRC,TCGA-A3-3380-01,TCGA-CJ-4644-01,0.0014703365633529188,0.21747978614531335,147.9115677089454,147.9115677089454
TT,TCGA-KIRC,TCGA-CJ-4923-01,TCGA-DX-AB37-01,0.0025220413270896844,0.05108098352270623,20.253824936981207,20.253824936981207
TT,TCGA-KIRC,TCGA-B0-4817-01,TCGA-KL-8337-01,0.005609651274988978,0.24339978373657073,43.389467866173014,43.389467866173014
TT,TCGA-KIRC,TCGA-BP-4759-01,TCGA-CJ-6033-01,0.0013591023745299596,0.17443031024691755,128.34228937849042,128.34228937849042
TT,TCGA-KIRC,TCGA-BP-5200-01,TCGA-CJ-4872-01,0.0014046877253776886,0.23563261910774946,167.7473326282489,167.7473326282489
TT,TCGA-KIRC,TCGA-AK-3458-01,TCGA-B8-4619-01,0.007629624066609688,0.37406946809346786,49.0285582654782,49.0285582654782
TT,TCGA-KIRC,TCGA-KL-8339-01,TCGA-Q2-A5QZ-01,0.016502221983752275,0.4458639370224107,27.018418335506485,27.018418335506485
TT,TCGA-KIRC,TCGA-B3-3926-01,TCGA-CJ-4638-01,0.005643767495700763,0.41153054196572925,72.9176994408823,72.9176994408823
TT,TCGA-KIRC,TCGA-B0-4703-01,TCGA-B0-5709-01,0.0006952861582559561,0.2609133687321833,375.2604098816722,375.2604098816722
TT,TCGA-KIRC,TCGA-B1-A657-01,TCGA-B8-4619-01,0.002824352511369872,0.3393086604182283,120.13679562033718,120.13679562033718
TT,TCGA-KIRC,TCGA-B0-5115-01,TCGA-BP-4964-01,0.0005416900874433392,0.17744672148427693,327.5797833439916,327.5797833439916
TT,TCGA-KIRC,TCGA-DV-5573-01,TCGA-KL-8344-01,0.001691903513998165,0.0480394121157256,28.393706684965075,28.393706684965075
TT,TCGA-KIRC,TCGA-B0-4698-01,TCGA-XM-A8RE-01,0.003330680122642826,0.36163565761103866,108.57712067650863,108.57712067650863
TT,TCGA-KIRC,TCGA-B0-5707-01,TCGA-BP-4331-01,0.0017540514157293843,0.2652822775339626,151.23973855900383,151.23973855900383
TT,TCGA-KIRC,TCGA-DX-A8BM-01,TCGA-KL-8342-01,0.005504597240396423,0.4010630211449538,72.85964869540038,72.85964869540038
TT,TCGA-KIRC,TCGA-B0-4818-01,TCGA-DX-A8BG-01,0.0020190876955862355,0.3648618185935898,180.70627610241237,180.70627610241237
TT,TCGA-KIRC,TCGA-BP-4774-01,TCGA-CJ-5686-01,0.0012220503955486955,0.25620239086890534,209.64961167077854,209.64961167077854
TT,TCGA-KIRC,TCGA-AY-5543-01,TCGA-CJ-5680-01,0.004109880378154627,0.23318741780289454,56.73824937639615,56.73824937639615
TT,TCGA-KIRC,TCGA-BP-4977-01,TCGA-DV-5567-01,0.0011497817318843128,0.2844479801417418,247.39302447915566,247.39302447915566
TT,TCGA-KIRC,TCGA-B8-5159-01,TCGA-BP-4340-01,0.0013352749003532807,0.2694376174612847,201.78437967342768,201.78437967342768
TT,TCGA-KIRC,TCGA-A3-A8CQ-01,TCGA-B0-5097-01,0.0011191445952231983,0.31693210794224436,283.19138500511326,283.19138500511326
TT,TCGA-KIRC,TCGA-BP-4160-01,TCGA-BP-4167-01,0.002976642647637965,0.17563749385209243,59.00523329243598,59.00523329243598
TT,TCGA-KIRC,TCGA-AK-3428-01,TCGA-AL-3468-01,0.0038104734884053196,0.35512438254530243,93.196917292796,93.196917292796
TT,TCGA-KIRC,TCGA-A3-3370-01,TCGA-CJ-5681-01,0.001475284120531111,0.27616955039587693,187.19753473415972,187.19753473415972
TT,TCGA-KIRC,TCGA-CJ-4918-01,TCGA-DX-A6YQ-01,0.001921635236646142,0.10550272336846271,54.90257534650444,54.90257534650444
TT,TCGA-KIRC,TCGA-HE-A5NJ-01,TCGA-UZ-A9PZ-01,0.0012815560818408558,0.24273743581744633,189.4083600842289,189.4083600842289
TT,TCGA-KIRC,TCGA-B0-4815-01,TCGA-CZ-5985-01,0.0019320896188134466,0.2684317049224173,138.93336122124043,138.93336122124043
TT,TCGA-KIRC,TCGA-B0-5088-01,TCGA-CJ-4870-01,0.0018219460219117756,0.1871519763440319,102.72092262516787,102.72092262516787
TT,TCGA-KIRC,TCGA-BP-4986-01,TCGA-CJ-4643-01,0.0006811794523307237,0.24522705674160228,360.00360243183104,360.00360243183104
TT,TCGA-KIRC,TCGA-A3-3363-01,TCGA-DX-AB2G-01,0.003913920383739471,0.34381711423026473,87.84468781190998,87.84468781190998
TT,TCGA-KIRC,TCGA-AY-A71X-01,TCGA-B0-5693-01,0.002131081606566404,0.22895152960687118,107.43442620940154,107.43442620940154
TT,TCGA-KIRC,TCGA-AK-3461-01,TCGA-DX-A6BB-01,0.004624018321431729,0.042932207071772935,9.28461007016077,9.28461007016077
TT,TCGA-KIRC,TCGA-A3-3335-01,TCGA-DX-A1KY-01,0.004939705954060609,0.41809083625274646,84.63881051645622,84.63881051645622
TT,TCGA-KIRC,TCGA-A3-3362-01,TCGA-BP-4325-01,0.0005273485835355016,0.12484009584719316,236.7316415457648,236.7316415457648
TT,TCGA-KIRC,TCGA-BP-4759-01,TCGA-EU-5907-01,0.0027513758706073626,0.22359609439804484,81.267011456594,81.267011456594
TT,TCGA-KIRC,TCGA-CW-6093-01,TCGA-DX-A3LS-01,0.0023879739477127094,0.2378236153532132,99.59221522538365,99.59221522538365
TT,TCGA-KIRC,TCGA-B3-A6W5-01,TCGA-CJ-5678-01,0.003518911955627325,0.37427941561795264,106.36225638422628,106.36225638422628
TT,TCGA-KIRC,TCGA-CW-6097-01,TCGA-DX-A2J4-01,0.004559329103086842,0.12980412501635769,28.470005582285182,28.470005582285182
TT,TCGA-KIRC,TCGA-BP-4974-01,TCGA-KL-8334-01,0.004285585665148951,0.14855409369091918,34.6636621685069,34.6636621685069
TT,TCGA-KIRC,TCGA-B0-4849-01,TCGA-CW-5591-01,0.0020481840628113453,0.3687606675840247,180.0427384821374,180.0427384821374
TT,TCGA-KIRC,TCGA-CW-6097-01,TCGA-P4-A5E7-01,0.00177334969405666,0.31382571414665017,176.96775497716536,176.96775497716536
TT,TCGA-KIRC,TCGA-B0-5100-01,TCGA-B0-5710-01,0.0034797953093069385,0.30731762458970885,88.31485684452988,88.31485684452988
TT,TCGA-KIRC,TCGA-B8-A54K-01,TCGA-BP-4807-01,0.0015156673106983026,0.35499487352241943,234.21688322806486,234.21688322806486
TT,TCGA-KIRC,TCGA-CJ-4902-01,TCGA-DX-A7EQ-01,0.018332471021200832,0.10291647355710026,5.613889880861185,5.613889880861185
TT,TCGA-KIRC,TCGA-A3-3307-01,TCGA-A3-A8CQ-01,0.0007176697105856168,0.22833035610715952,318.15520808429056,318.15520808429056
TT,TCGA-KIRC,TCGA-B0-4843-01,TCGA-DX-A1KY-01,0.00499245372658565,0.33008883103282904,66.11755443521707,66.11755443521707
TT,TCGA-KIRC,TCGA-BP-4352-01,TCGA-P4-A5ED-01,0.0042170273681725766,0.39659883520184824,94.0470147751761,94.0470147751761
TT,TCGA-KIRC,TCGA-CJ-4905-01,TCGA-CZ-5469-01,0.005041919562533902,0.3438736643179098,68.20292550345454,68.20292550345454
TT,TCGA-KIRC,TCGA-BP-4335-01,TCGA-DX-A8BJ-01,0.003795925551708267,0.28893712038938235,76.11769947894605,76.11769947894605
TT,TCGA-KIRC,TCGA-AY-5543-01,TCGA-DX-A3U8-01,0.0030208297825723416,0.45661010392842666,151.15386724623963,151.15386724623963
TT,TCGA-KIRC,TCGA-B8-4148-01,TCGA-KL-8335-01,0.0052276036446806465,0.16770165707226642,32.08002527944356,32.08002527944356
TT,TCGA-KIRC,TCGA-B8-4153-01,TCGA-KL-8336-01,0.0044966052029019165,0.3439457218516682,76.49008670578871,76.49008670578871
TT,TCGA-KIRC,TCGA-BP-4970-01,TCGA-BP-5174-01,0.0023453169252017347,0.1663211685070718,70.9162871422017,70.9162871422017
TT,TCGA-KIRC,TCGA-DX-A7EF-01,TCGA-XM-A8R8-01,0.003838511637350755,0.3811620722898803,99.2994442379622,99.2994442379622
TT,TCGA-KIRC,TCGA-AK-3460-01,TCGA-CZ-5456-01,0.0018257901721584358,0.27515852602861557,150.70654351443088,150.70654351443088
TT,TCGA-KIRC,TCGA-DX-A3LW-01,TCGA-DX-A8BV-01,0.0014640543313722597,0.2749782791989217,187.81972315274956,187.81972315274956
TT,TCGA-KIRC,TCGA-B0-5085-01,TCGA-DX-A7EM-01,0.006786708717662413,0.45489897391784967,67.02792072598827,67.02792072598827
TT,TCGA-KIRC,TCGA-AK-3456-01,TCGA-BP-4977-01,0.0014863352104977903,0.23954929141789488,161.16774313491985,161.16774313491985
TT,TCGA-KIRC,TCGA-B0-5092-01,TCGA-CJ-4871-01,0.0020860997644341064,0.28158695513784726,134.98249697287753,134.98249697287753
TT,TCGA-KIRC,TCGA-B0-4823-01,TCGA-BP-5185-01,0.010136267231529236,0.12656264440872317,12.486119546557076,12.486119546557076
TT,TCGA-KIRC,TCGA-A3-3351-01,TCGA-P4-A5EB-01,0.0028653606360052866,0.24740075788003357,86.34192665707337,86.34192665707337
TT,TCGA-KIRC,TCGA-DX-A3UE-01,TCGA-XM-A8RF-01,0.002680735935480947,0.4380481478674607,163.4059297186506,163.4059297186506
TT,TCGA-KIRC,TCGA-B8-5545-01,TCGA-KL-8342-01,0.004123368907889698,0.09956918259305249,24.147531985929213,24.147531985929213
TT,TCGA-KIRC,TCGA-CW-6088-01,TCGA-CZ-4858-01,0.002625603831039698,0.19423096992416944,73.97573374474284,73.97573374474284
TT,TCGA-KIRC,TCGA-B0-5692-01,TCGA-DX-AB2O-01,0.002928665898287875,0.3421673333603419,116.8338572045299,116.8338572045299
TT,TCGA-KIRC,TCGA-A3-3343-01,TCGA-CJ-4641-01,0.0007583260241029177,0.2199474000386313,290.0433231192666,290.0433231192666
TT,TCGA-KIRC,TCGA-B0-4703-01,TCGA-BP-5198-01,0.0009133734132563442,0.3018621568584706,330.4915081579576,330.4915081579576
TT,TCGA-KIRC,TCGA-B0-5109-01,TCGA-B8-5163-01,0.0027389198755656844,0.2908940838962275,106.20759171939906,106.20759171939906
TT,TCGA-KIRC,TCGA-B8-5549-01,TCGA-CJ-5684-01,0.0008659342541237311,0.19260766436071125,222.4275843616068,222.4275843616068
TT,TCGA-KIRC,TCGA-BP-4982-01,TCGA-CJ-4873-01,0.004689394179066306,0.24356307496075102,51.93913449375379,51.93913449375379
TT,TCGA-KIRC,TCGA-B2-3923-01,TCGA-BP-4345-01,0.0046718909103332425,0.22177535666563203,47.47014879459438,47.47014879459438
TT,TCGA-KIRC,TCGA-AK-3456-01,TCGA-KL-8340-01,0.003410297159674288,0.2609923575098657,76.53067908451493,76.53067908451493
TT,TCGA-KIRC,TCGA-BP-5182-01,TCGA-CW-5589-01,0.0004975474090743333,0.12204275701009762,245.28869969829248,245.28869969829248
TT,TCGA-KIRC,TCGA-DX-AB2J-01,TCGA-XM-A8R8-01,0.002978288876151247,0.3389617628773269,113.81090853596342,113.81090853596342
TT,TCGA-KIRC,TCGA-A3-3323-01,TCGA-P4-AAVL-01,0.0044130928659704555,0.2833760321912058,64.2125694603733,64.2125694603733
TT,TCGA-KIRC,TCGA-B8-5550-01,TCGA-CZ-5987-01,0.0017069535650911744,0.29978823720650605,175.62764643248704,175.62764643248704
TT,TCGA-KIRC,TCGA-CZ-5457-01,TCGA-XM-A8RC-01,0.003466814238634209,0.3840471671207757,110.77812097370277,110.77812097370277
TT,TCGA-KIRC,TCGA-B0-5106-01,TCGA-B8-4143-01,0.0009300203692252681,0.29601255710472996,318.2861009284306,318.2861009284306
TT,TCGA-KIRC,TCGA-B2-3924-01,TCGA-DX-A7ES-01,0.004188921528589356,0.41606832309198233,99.32588143566771,99.32588143566771
TT,TCGA-KIRC,TCGA-BP-4770-01,TCGA-CJ-6028-01,0.004168414404569093,0.2527695899594227,60.6392660197979,60.6392660197979
TT,TCGA-KIRC,TCGA-A3-3311-01,TCGA-AL-7173-01,0.004752953185385903,0.2734291971055689,57.528274830539615,57.528274830539615
TT,TCGA-KIRC,TCGA-CJ-4641-01,TCGA-UZ-A9PJ-01,0.0011894361458177562,0.14472682224370964,121.67683212973796,121.67683212973796
TT,TCGA-KIRC,TCGA-CZ-5463-01,TCGA-DV-A4VZ-01,0.004048660106179776,0.415311384298907,102.57995816072233,102.57995816072233
TT,TCGA-KIRC,TCGA-BP-5195-01,TCGA-CW-6088-01,0.0008992258625674452,0.1953537541108301,217.246592033131,217.246592033131
TT,TCGA-KIRC,TCGA-B0-5116-01,TCGA-DX-A3M2-01,0.01091499866426258,0.3357093343155877,30.756699532612203,30.756699532612203
TT,TCGA-KIRC,TCGA-CW-5580-01,TCGA-DX-A7ET-01,0.013462715319987648,0.14608207163932227,10.850862412758522,10.850862412758522
TT,TCGA-KIRC,TCGA-B8-A54F-01,TCGA-DX-A1L3-01,0.0029162251594281935,0.16927073201726411,58.04446596656285,58.04446596656285
TT,TCGA-KIRC,TCGA-BP-5001-01,TCGA-MW-A4EC-01,0.0020924086585010406,0.17413702395336939,83.22323808300317,83.22323808300317
TT,TCGA-KIRC,TCGA-B0-4848-01,TCGA-BP-5194-01,0.001116196818730983,0.20835066719015027,186.66122649142338,186.66122649142338
TT,TCGA-KIRC,TCGA-B0-5699-01,TCGA-BP-4351-01,0.0018744723109371368,0.22682744938624894,121.00869565411037,121.00869565411037
TT,TCGA-KIRC,TCGA-A3-3326-01,TCGA-DX-A3U9-01,0.0029121273216511003,0.29537789900530287,101.43028321915241,101.43028321915241
TT,TCGA-KIRC,TCGA-B2-4098-01,TCGA-B4-5835-01,0.0027910366470548856,0.33223595349147617,119.03675784481477,119.03675784481477
TT,TCGA-KIRC,TCGA-BP-5000-01,TCGA-DX-A240-01,0.0029089232726711997,0.23137037969402197,79.538151407328,79.538151407328
TT,TCGA-KIRC,TCGA-BP-5187-01,TCGA-DX-AB2X-01,0.005407714082416328,0.17773247282939247,32.86647003163605,32.86647003163605
TT,TCGA-KIRC,TCGA-B0-4828-01,TCGA-DX-AB3B-01,0.002177925874651503,0.3336724683514942,153.20653114738639,153.20653114738639
TT,TCGA-KIRC,TCGA-B1-5398-01,TCGA-DX-A7ER-01,0.006246644976608749,0.40535212273113597,64.89117346175775,64.89117346175775
TT,TCGA-KIRC,TCGA-B0-4700-01,TCGA-B0-4710-01,0.002009537207043782,0.2611012569993128,129.93103889000258,129.93103889000258
TT,TCGA-KIRC,TCGA-A3-3357-01,TCGA-B8-A54H-01,0.001217940054465619,0.24072619533576323,197.65028209157947,197.65028209157947
TT,TCGA-KIRC,TCGA-BP-4974-01,TCGA-BP-4982-01,0.0005798727455727441,0.1856206725265781,320.1058748557657,320.1058748557657
TT,TCGA-KIRC,TCGA-B0-5077-01,TCGA-CZ-5462-01,0.001709821678541067,0.25962837843963876,151.8452957393609,151.8452957393609
TT,TCGA-KIRC,TCGA-MW-A4EC-01,TCGA-UZ-A9PV-01,0.002176355117133299,0.23698273776315767,108.8897376616147,108.8897376616147
TT,TCGA-KIRC,TCGA-AK-3443-01,TCGA-DX-A7EQ-01,0.022159649411443827,0.483618854383573,21.82430080025632,21.82430080025632
TT,TCGA-KIRC,TCGA-A3-3307-01,TCGA-DX-A3U7-01,0.0029825284110992127,0.20697691786706301,69.39646143748939,69.39646143748939
TT,TCGA-KIRC,TCGA-B0-4839-01,TCGA-HE-A5NF-01,0.002924534908859971,0.31201938500604365,106.69025835895172,106.69025835895172
TT,TCGA-KIRC,TCGA-B0-5109-01,TCGA-XM-A8RG-01,0.004497275515523392,0.3550803075422374,78.95453732300706,78.95453732300706
TT,TCGA-KIRC,TCGA-A3-A8OX-01,TCGA-BP-5189-01,0.0008882080296687499,0.18208475625379184,205.00237576291548,205.00237576291548
TT,TCGA-KIRC,TCGA-CJ-4920-01,TCGA-CZ-5458-01,0.0007921195238376256,0.22811901570681276,287.9855991954748,287.9855991954748
TT,TCGA-KIRC,TCGA-AL-A5DJ-01,TCGA-B0-5100-01,0.004805147784120551,0.2784175125145828,57.94150877828608,57.94150877828608
TT,TCGA-KIRC,TCGA-B2-3924-01,TCGA-BW-A5NP-01,0.0050655892849282595,0.37270556798648025,73.57595474536357,73.57595474536357
TT,TCGA-KIRC,TCGA-B2-5639-01,TCGA-CZ-4859-01,0.0008451493734715364,0.26241008217564943,310.48958966599423,310.48958966599423
TT,TCGA-KIRC,TCGA-A3-3370-01,TCGA-B0-5695-01,0.0010056501252136605,0.18586836088292222,184.8240816789364,184.8240816789364
TT,TCGA-KIRC,TCGA-DX-A8BX-01,TCGA-DX-AB2O-01,0.00267749902270495,0.3248982275835841,121.34392013908369,121.34392013908369
TT,TCGA-KIRC,TCGA-B0-5713-01,TCGA-BP-5170-01,0.002079705490178476,0.24290696805673107,116.79873386105514,116.79873386105514
TT,TCGA-KIRC,TCGA-BP-4998-01,TCGA-CZ-5466-01,0.0015866032845096112,0.17605118593540003,110.96106232366341,110.96106232366341
TT,TCGA-KIRC,TCGA-B0-4845-01,TCGA-BP-4963-01,0.0009459399703289054,0.26183449746537474,276.7982173058342,276.7982173058342
TT,TCGA-KIRC,TCGA-CJ-4641-01,TCGA-KL-8332-01,0.0037266823811446916,0.0969156765446672,26.00588583427882,26.00588583427882
TT,TCGA-KIRC,TCGA-BP-4326-01,TCGA-XM-AAZ1-01,0.005378502336263535,0.2543439351579071,47.28898850578557,47.28898850578557
TT,TCGA-KIRC,TCGA-B0-5709-01,TCGA-BP-4787-01,0.001452601071716738,0.2429601058064382,167.2586579598891,167.2586579598891
TT,TCGA-KIRC,TCGA-AY-5543-01,TCGA-B0-5713-01,0.003523640969936934,0.26802185753985514,76.06389522274517,76.06389522274517
TT,TCGA-KIRC,TCGA-BP-5194-01,TCGA-CZ-5461-01,0.0007220787146978508,0.22443398962596092,310.816514955539,310.816514955539
TT,TCGA-KIRC,TCGA-BP-4970-01,TCGA-DX-A1L3-01,0.0027331155900044727,0.14286442654009796,52.27163719770233,52.27163719770233
TT,TCGA-KIRC,TCGA-B4-5836-01,TCGA-BP-4765-01,0.0007289185866581012,0.22221468323006038,304.85528466060373,304.85528466060373
TT,TCGA-KIRC,TCGA-AL-A5DJ-01,TCGA-DX-A1KY-01,0.01095115843454596,0.49503267983391824,45.203681673740896,45.203681673740896
TT,TCGA-KIRC,TCGA-CJ-4900-01,TCGA-UZ-A9PQ-01,0.003254486362439947,0.3916529915663582,120.34248970480519,120.34248970480519
TT,TCGA-KIRC,TCGA-AK-3450-01,TCGA-B2-5639-01,0.0010076813168974131,0.26137376114690924,259.3813706417248,259.3813706417248
TT,TCGA-KIRC,TCGA-CZ-5460-01,TCGA-DX-AB2O-01,0.0030604929141690215,0.40986203468212984,133.9202691124069,133.9202691124069
TT,TCGA-KIRC,TCGA-AL-7173-01,TCGA-BP-4351-01,0.003277844584543941,0.25357360542793217,77.35986221665627,77.35986221665627
TT,TCGA-KIRC,TCGA-CW-6093-01,TCGA-HE-7128-01,0.0014496457440075837,0.3494656024040751,241.06965708599142,241.06965708599142
TT,TCGA-KIRC,TCGA-DX-A7EQ-01,TCGA-DX-AB2L-01,0.013907594229330593,0.28718754348439685,20.649692444918266,20.649692444918266
TT,TCGA-KIRC,TCGA-A3-3324-01,TCGA-B0-5709-01,0.0007923671831280709,0.2340433564535863,295.37234938181143,295.37234938181143
TT,TCGA-KIRC,TCGA-AK-3445-01,TCGA-BP-4169-01,0.001481793433088945,0.22987218981330743,155.13106258955142,155.13106258955142
TT,TCGA-KIRC,TCGA-BP-4797-01,TCGA-BP-5202-01,0.0009403698505617058,0.2709629927613369,288.14512991828065,288.14512991828065
TT,TCGA-KIRC,TCGA-AK-3443-01,TCGA-BP-4969-01,0.0041615380394139255,0.24096517243519794,57.90291237350635,57.90291237350635
TT,TCGA-KIRC,TCGA-B0-4848-01,TCGA-BP-4758-01,0.0024269585587765,0.20567435320193583,84.74572112414735,84.74572112414735
TT,TCGA-KIRC,TCGA-DX-A3LT-01,TCGA-MM-A563-01,0.002427868050567936,0.05247530671039815,21.61373913962208,21.61373913962208
TT,TCGA-KIRC,TCGA-CJ-4639-01,TCGA-CZ-5454-01,0.001599394071558353,0.24318559736244919,152.04857995097095,152.04857995097095
TT,TCGA-KIRC,TCGA-BP-5181-01,TCGA-CZ-5454-01,0.0011476786671037748,0.24137811064498746,210.31854783370446,210.31854783370446
TT,TCGA-KIRC,TCGA-DX-A3LU-01,TCGA-DX-AB2Z-01,0.008327884152762949,0.37883547428965025,45.490002903554284,45.490002903554284
TT,TCGA-KIRC,TCGA-B0-4945-01,TCGA-DX-AATS-01,0.003564699960402133,0.3082793426547604,86.48114738385542,86.48114738385542
TT,TCGA-KIRC,TCGA-BP-4158-01,TCGA-BP-5176-01,0.0014273024838815046,0.2373016418674117,166.25883058934872,166.25883058934872
TT,TCGA-KIRC,TCGA-B0-4699-01,TCGA-DX-AB2L-01,0.0026258309079396636,0.34790169329322584,132.49203984966573,132.49203984966573
TT,TCGA-KIRC,TCGA-AK-3450-01,TCGA-DX-A3U5-01,0.0026776765792799495,0.28665035352070334,107.05189556454428,107.05189556454428
TT,TCGA-KIRC,TCGA-BP-4975-01,TCGA-CJ-4920-01,0.0008199232643056229,0.14765536750673952,180.08437366609664,180.08437366609664
TT,TCGA-KIRC,TCGA-B2-4102-01,TCGA-B8-5549-01,0.001033965051219411,0.18664233954020343,180.51126517292437,180.51126517292437
TT,TCGA-KIRC,TCGA-A3-3307-01,TCGA-CJ-4899-01,0.000545997798755678,0.14984957026108156,274.45086885439247,274.45086885439247
TT,TCGA-KIRC,TCGA-B0-4713-01,TCGA-BP-4759-01,0.0020920423447026945,0.2631827615321333,125.80183293064984,125.80183293064984
TT,TCGA-KIRC,TCGA-KL-8339-01,TCGA-XM-A8RC-01,0.004241705691315181,0.39623936397637527,93.41510062512553,93.41510062512553
TT,TCGA-KIRC,TCGA-A3-3331-01,TCGA-BP-4758-01,0.003413635259390201,0.20329039601865667,59.55246550124154,59.55246550124154
TT,TCGA-KIRC,TCGA-A3-A6NJ-01,TCGA-AY-A54L-01,0.0026948690034857246,0.13067717608274926,48.491105101480855,48.491105101480855
TT,TCGA-KIRC,TCGA-B2-5641-01,TCGA-DX-A6YR-01,0.002604565486580862,0.24826788596439373,95.32027021148424,95.32027021148424
TT,TCGA-KIRC,TCGA-BP-5184-01,TCGA-DX-AB2G-01,0.0036933250196435376,0.16994737825739328,46.014736681310495,46.014736681310495
TT,TCGA-KIRC,TCGA-AK-3433-01,TCGA-DX-A8BJ-01,0.007141249868928659,0.43726585968259324,61.23099845380323,61.23099845380323
TT,TCGA-KIRC,TCGA-A3-A6NJ-01,TCGA-BP-4969-01,0.0017259074870056399,0.149298934602008,86.50459872622369,86.50459872622369
TT,TCGA-KIRC,TCGA-BP-5004-01,TCGA-DX-A7EU-01,0.005181633856626906,0.31247338830076965,60.30402705917565,60.30402705917565
TT,TCGA-KIRC,TCGA-CZ-4856-01,TCGA-KL-8338-01,0.004981611308404322,0.2312497468941157,46.42067246474678,46.42067246474678
TT,TCGA-KIRC,TCGA-B1-A655-01,TCGA-B8-A54F-01,0.002569395404411059,0.14625427228589252,56.92166804486678,56.92166804486678
TT,TCGA-KIRC,TCGA-CJ-4644-01,TCGA-P4-AAVM-01,0.0021013552516251826,0.1802651291687059,85.78517555719783,85.78517555719783
TT,TCGA-KIRC,TCGA-CJ-5677-01,TCGA-P4-AAVM-01,0.00227770348857062,0.1686283924916257,74.0343918063931,74.0343918063931
TT,TCGA-KIRC,TCGA-A3-3349-01,TCGA-A3-3378-01,0.000947665670035266,0.22532000583445452,237.76318269086352,237.76318269086352
TT,TCGA-KIRC,TCGA-A3-3380-01,TCGA-KL-8329-01,0.003023575124245087,0.2511547813907614,83.06550063096866,83.06550063096866
TT,TCGA-KIRC,TCGA-BP-4983-01,TCGA-DX-A3UA-01,0.002242640133060671,0.34835671893586084,155.333311751822,155.333311751822
TT,TCGA-KIRC,TCGA-B0-4842-01,TCGA-DX-A48L-01,0.0069136233839203285,0.3827581809806308,55.36289145729979,55.36289145729979
TT,TCGA-KIRC,TCGA-A3-A6NJ-01,TCGA-B0-4823-01,0.0009319061987710156,0.2283796488509392,245.0672064979533,245.0672064979533
TT,TCGA-KIRC,TCGA-B8-A54I-01,TCGA-DX-A8BK-01,0.005064079271969432,0.38659693590861943,76.3410118890716,76.3410118890716
TT,TCGA-KIRC,TCGA-BP-4999-01,TCGA-CZ-4863-01,0.0008264865354698416,0.24453566358854767,295.8737415480506,295.8737415480506
TT,TCGA-KIRC,TCGA-B0-5104-01,TCGA-B3-4104-01,0.001967686516195848,0.2928439301997278,148.8265167186725,148.8265167186725
TT,TCGA-KIRC,TCGA-B0-4688-01,TCGA-BP-4798-01,0.0027325353010919295,0.30163043781807697,110.38482748879566,110.38482748879566
TT,TCGA-KIRC,TCGA-A3-3359-01,TCGA-DX-A48N-01,0.0028814056756679,0.41531652809972763,144.13677727051004,144.13677727051004
TT,TCGA-KIRC,TCGA-B0-5690-01,TCGA-BP-5010-01,0.00249780277378045,0.27164361145035926,108.75302658072715,108.75302658072715
TT,TCGA-KIRC,TCGA-BP-4174-01,TCGA-DX-A6YQ-01,0.003316875127363247,0.26246077341805585,79.12892808439831,79.12892808439831
TT,TCGA-KIRC,TCGA-B0-5097-01,TCGA-CJ-5683-01,0.0016173677100203628,0.29991075108690807,185.43139524105632,185.43139524105632
TT,TCGA-KIRC,TCGA-A3-3380-01,TCGA-B0-4827-01,0.0016328815160296768,0.27063047644971305,165.73797534786627,165.73797534786627
TT,TCGA-KIRC,TCGA-AK-3455-01,TCGA-B0-4818-01,0.0012592437230235856,0.21619218545120528,171.6841477931719,171.6841477931719
TT,TCGA-KIRC,TCGA-B0-5701-01,TCGA-P4-A5E7-01,0.0019074161435286934,0.3760029254704071,197.12684447286208,197.12684447286208
TT,TCGA-KIRC,TCGA-A3-3349-01,TCGA-DX-AB2P-01,0.001848624107139676,0.07873901060984567,42.593305099583674,42.593305099583674
TT,TCGA-KIRC,TCGA-CJ-4890-01,TCGA-DX-A8BH-01,0.0039099245520423246,0.05472842829277489,13.997310578330172,13.997310578330172
TT,TCGA-KIRC,TCGA-BP-5190-01,TCGA-UZ-A9PP-01,0.0019147609892849362,0.30831810455068853,161.02171825937884,161.02171825937884
TT,TCGA-KIRC,TCGA-A3-3311-01,TCGA-B0-5694-01,0.001394930953677294,0.23741656134631678,170.1995075243281,170.1995075243281
TT,TCGA-KIRC,TCGA-A3-3329-01,TCGA-B0-4699-01,0.0017039279188760714,0.39445403021908143,231.4968995163055,231.4968995163055
TT,TCGA-KIRC,TCGA-B0-5400-01,TCGA-BP-4982-01,0.004973444769209534,0.29944549343904503,60.208870779646375,60.208870779646375
TT,TCGA-KIRC,TCGA-BP-5195-01,TCGA-UZ-A9PL-01,0.003858347384088222,0.28907467506725953,74.92188916410171,74.92188916410171
TT,TCGA-KIRC,TCGA-A3-3326-01,TCGA-B0-4849-01,0.0008353763987640204,0.2389161269809949,285.9981767913037,285.9981767913037
TT,TCGA-KIRC,TCGA-B0-5703-01,TCGA-DX-A7ET-01,0.009300072909153244,0.305404879322126,32.838976888185776,32.838976888185776
TT,TCGA-KIRC,TCGA-BP-4998-01,TCGA-CJ-5675-01,0.0016511313184465882,0.14453955136889704,87.53970671750218,87.53970671750218
TT,TCGA-KIRC,TCGA-AY-5543-01,TCGA-CZ-5468-01,0.0030037869742267002,0.395456813340772,131.65274925748656,131.65274925748656
TT,TCGA-KIRC,TCGA-DV-5576-01,TCGA-DX-A3U7-01,0.0031942862529173817,0.2362752542425545,73.96809037598348,73.96809037598348
TT,TCGA-KIRC,TCGA-B0-5109-01,TCGA-BP-4343-01,0.004074760177284266,0.32057531833001407,78.6734198780921,78.6734198780921
TT,TCGA-KIRC,TCGA-BP-4177-01,TCGA-XM-A8RH-01,0.002615596612610232,0.41486628110102886,158.61248600066563,158.61248600066563
TT,TCGA-KIRC,TCGA-B8-A54J-01,TCGA-BP-4159-01,0.002512640785648154,0.0913134039238605,36.34160698394679,36.34160698394679
TT,TCGA-KIRC,TCGA-B0-4837-01,TCGA-XM-AAZ2-01,0.0023959561292308616,0.31274475120834866,130.5302494452369,130.5302494452369
TT,TCGA-KIRC,TCGA-B0-4710-01,TCGA-BP-4769-01,0.001227239019397185,0.33554670718517654,273.4159376304673,273.4159376304673
TT,TCGA-KIRC,TCGA-B8-A54D-01,TCGA-BP-4762-01,0.002517938023556081,0.3382934486271763,134.3533659138301,134.3533659138301
TT,TCGA-KIRC,TCGA-B0-4693-01,TCGA-DV-5566-01,0.0010849932426163977,0.25133020474241347,231.64218436637023,231.64218436637023
TT,TCGA-KIRC,TCGA-BP-4176-01,TCGA-DX-A7ES-01,0.0033019765312848185,0.24524687691604763,74.27274984920035,74.27274984920035
TT,TCGA-KIRC,TCGA-BP-4177-01,TCGA-P4-AAVL-01,0.003229287793018301,0.34384413675358494,106.4767709762424,106.4767709762424
TT,TCGA-KIRC,TCGA-BP-4975-01,TCGA-CZ-4861-01,0.0008019541557484128,0.22196544982959907,276.780721489563,276.780721489563
TT,TCGA-KIRC,TCGA-A3-A8CQ-01,TCGA-BP-5183-01,0.0013138791196701698,0.2671415234478484,203.32275583686146,203.32275583686146
TT,TCGA-KIRC,TCGA-B3-8121-01,TCGA-BP-4987-01,0.0010005910946834515,0.3507525231346545,350.5453176610762,350.5453176610762
TT,TCGA-KIRC,TCGA-AL-3472-01,TCGA-V5-A7RB-01,0.005813772471579301,0.44621333599003327,76.75108342669974,76.75108342669974
TT,TCGA-KIRC,TCGA-A3-3358-01,TCGA-CZ-4860-01,0.0025203154213911984,0.17183753025379983,68.18096211106251,68.18096211106251
TT,TCGA-KIRC,TCGA-B0-4834-01,TCGA-BP-4765-01,0.0026750319659441194,0.09904143704619023,37.02439384167687,37.02439384167687
TT,TCGA-KIRC,TCGA-A3-3380-01,TCGA-B0-5713-01,0.0008401778898015111,0.2430362898071975,289.2676571917572,289.2676571917572
TT,TCGA-KIRC,TCGA-DX-AB2P-01,TCGA-DX-AB2X-01,0.002632593971462185,0.30092482869732906,114.30734551526402,114.30734551526402
TT,TCGA-KIRC,TCGA-CZ-4854-01,TCGA-DX-A1KX-01,0.0025955223362320976,0.1701428774661203,65.55246128727815,65.55246128727815
TT,TCGA-KIRC,TCGA-B8-4154-01,TCGA-BP-5189-01,0.0036654716051149443,0.20457869323154879,55.8123797620125,55.8123797620125
TT,TCGA-KIRC,TCGA-A3-3307-01,TCGA-BP-4977-01,0.0009480836771266018,0.22168226251090084,233.82141034508984,233.82141034508984
TT,TCGA-KIRC,TCGA-A3-3307-01,TCGA-CJ-4870-01,0.0015555120238295115,0.14882920169145147,95.67859290797972,95.67859290797972
TT,TCGA-KIRC,TCGA-B0-5402-01,TCGA-BP-4347-01,0.0013485842266025686,0.27625672834931553,204.84944351253273,204.84944351253273
TT,TCGA-KIRC,TCGA-B8-A8YJ-01,TCGA-P4-A5EA-01,0.0059095056792648395,0.23471334827107132,39.71793260045913,39.71793260045913
TT,TCGA-KIRC,TCGA-BP-4341-01,TCGA-CJ-4901-01,0.0014986877263159187,0.34282407703633194,228.74950599553097,228.74950599553097
TT,TCGA-KIRC,TCGA-B0-5703-01,TCGA-B0-5705-01,0.0011533470910101429,0.2514307425564224,218.00093355783324,218.00093355783324
TT,TCGA-KIRC,TCGA-DX-A48O-01,TCGA-DX-A48P-01,0.0014219670949070563,0.24865337291537104,174.86577137118894,174.86577137118894
TT,TCGA-KIRC,TCGA-A3-3308-01,TCGA-UZ-A9PR-01,0.0014650112100705217,0.27813951270124015,189.85486990768572,189.85486990768572
TT,TCGA-KIRC,TCGA-B0-5694-01,TCGA-B1-7332-01,0.002117745110317846,0.3101620697553259,146.45864048708611,146.45864048708611
TT,TCGA-KIRC,TCGA-BP-5185-01,TCGA-UZ-A9PS-01,0.010810965828352333,0.27772857677883345,25.68952498679401,25.68952498679401
TT,TCGA-KIRC,TCGA-B0-4718-01,TCGA-CW-5585-01,0.0018939852323831604,0.3203190008796955,169.12433919912093,169.12433919912093
TT,TCGA-KIRC,TCGA-B0-4817-01,TCGA-BP-4763-01,0.0041162308267677266,0.2843762686491639,69.08656987841242,69.08656987841242
TT,TCGA-KIRC,TCGA-B0-5097-01,TCGA-CJ-6030-01,0.0010112735555201724,0.2531269814283871,250.30515239586705,250.30515239586705
TT,TCGA-KIRC,TCGA-CJ-4888-01,TCGA-CZ-5461-01,0.0011103021956786901,0.27173212038034417,244.73708278514528,244.73708278514528
TT,TCGA-KIRC,TCGA-B0-4813-01,TCGA-DX-A48U-01,0.0043228404425138395,0.34486755244703626,79.77799713710627,79.77799713710627
TT,TCGA-KIRC,TCGA-BP-5181-01,TCGA-UZ-A9PM-01,0.0029660025533503566,0.2717374049616474,91.61738740066035,91.61738740066035
TT,TCGA-KIRC,TCGA-B0-4703-01,TCGA-CJ-6028-01,0.0013706068132028544,0.30083009843287073,219.48679631169094,219.48679631169094
TT,TCGA-KIRC,TCGA-DX-A3U9-01,TCGA-XM-A8RC-01,0.0029084897355129364,0.42384688393893666,145.72748143606142,145.72748143606142
TT,TCGA-KIRC,TCGA-DX-A6BB-01,TCGA-P4-A5E7-01,0.004079112804505285,0.37414559199619446,91.7222959813613,91.7222959813613
TT,TCGA-KIRC,TCGA-CW-5589-01,TCGA-KL-8346-01,0.006350025051413355,0.0034517966443727505,0.5435878782249005,0.5435878782249005
TT,TCGA-KIRC,TCGA-B8-5552-01,TCGA-BP-4797-01,0.0009370725510735598,0.18742124346178365,200.00718540636367,200.00718540636367
TT,TCGA-KIRC,TCGA-B2-4101-01,TCGA-CJ-4870-01,0.002099126635655309,0.09528275147651208,45.39161661714923,45.39161661714923
TT,TCGA-KIRC,TCGA-BP-4971-01,TCGA-UZ-A9PM-01,0.003740846807148462,0.2239979050078241,59.87893024108387,59.87893024108387
TT,TCGA-KIRC,TCGA-KL-8344-01,TCGA-UZ-A9PS-01,0.0017154137851098368,0.4107983685179908,239.47479732517576,239.47479732517576
TT,TCGA-KIRC,TCGA-BP-4160-01,TCGA-DX-AB37-01,0.005486812482344177,0.16257712943986424,29.630524090811473,29.630524090811473
TT,TCGA-KIRC,TCGA-BP-4970-01,TCGA-GK-A6C7-01,0.0008754913949883005,0.2552334738275654,291.5316761405475,291.5316761405475
TT,TCGA-KIRC,TCGA-B0-4822-01,TCGA-BP-4158-01,0.0034596085346810627,0.29958925985368545,86.59628881430778,86.59628881430778
TT,TCGA-KIRC,TCGA-BP-4170-01,TCGA-DX-A8BJ-01,0.0046173273733533604,0.2829132485750407,61.27207921355884,61.27207921355884
TT,TCGA-KIRC,TCGA-B0-5080-01,TCGA-B2-4101-01,0.0010011402057451195,0.24369825858872865,243.42070889796213,243.42070889796213
TT,TCGA-KIRC,TCGA-BP-4329-01,TCGA-BP-4801-01,0.001075918043422682,0.1817391039918414,168.91537892021753,168.91537892021753
TT,TCGA-KIRC,TCGA-B0-5085-01,TCGA-B0-5706-01,0.005646831428840518,0.4053581726763996,71.78506703884962,71.78506703884962
TT,TCGA-KIRC,TCGA-B1-5398-01,TCGA-CZ-4866-01,0.00319318209655154,0.22942198563375346,71.84744831230155,71.84744831230155
TT,TCGA-KIRC,TCGA-B0-5696-01,TCGA-P4-AAVM-01,0.0016318010855565653,0.10333726229518612,63.327119469307405,63.327119469307405
TT,TCGA-KIRC,TCGA-BP-4352-01,TCGA-XM-A8RH-01,0.004445679896644159,0.43738570303961116,98.38443459903033,98.38443459903033
TT,TCGA-KIRC,TCGA-BP-5194-01,TCGA-DX-AB2G-01,0.00508800812648106,0.28043887021083946,55.11761444547752,55.11761444547752
TT,TCGA-KIRC,TCGA-KL-8340-01,TCGA-KL-8346-01,0.0020238713449307133,0.21816365886623013,107.79522098214147,107.79522098214147
TT,TCGA-KIRC,TCGA-DX-A7EO-01,TCGA-XM-A8RE-01,0.0019380088428821482,0.37337062656038233,192.65682297151793,192.65682297151793
TT,TCGA-KIRC,TCGA-AL-3471-01,TCGA-B0-4837-01,0.0028972949744708217,0.36106752860976865,124.62228795869018,124.62228795869018
TT,TCGA-KIRC,TCGA-B0-5088-01,TCGA-DX-A6YR-01,0.0022000653914442344,0.2067122690313223,93.9573295572028,93.9573295572028
TT,TCGA-KIRC,TCGA-BP-5008-01,TCGA-DX-A3U8-01,0.0018664054211607304,0.1128444678750573,60.46085517951322,60.46085517951322
TT,TCGA-KIRC,TCGA-BP-5001-01,TCGA-BP-5189-01,0.004831357405902171,0.3297441933753306,68.2508383611824,68.2508383611824
TT,TCGA-KIRC,TCGA-B8-A54F-01,TCGA-BW-A5NP-01,0.00528296745570305,0.1451363771158911,27.47251016267647,27.47251016267647
TT,TCGA-KIRC,TCGA-B0-4852-01,TCGA-DX-A48U-01,0.0029413399849922014,0.23059091492843092,78.39655262737072,78.39655262737072
TT,TCGA-KIRC,TCGA-AL-7173-01,TCGA-B0-5106-01,0.0034792435042740443,0.2757023862951472,79.24204958821169,79.24204958821169
TT,TCGA-KIRC,TCGA-CJ-5684-01,TCGA-P4-A5E8-01,0.002363230260144632,0.2375660883794722,100.52600137446316,100.52600137446316
TT,TCGA-KIRC,TCGA-A3-3363-01,TCGA-BP-4349-01,0.0017690672275758761,0.26130867883953535,147.70986357460387,147.70986357460387
TT,TCGA-KIRC,TCGA-B0-4816-01,TCGA-BP-4327-01,0.0006264864999222971,0.24713642345558817,394.4800462360169,394.4800462360169
TT,TCGA-KIRC,TCGA-AK-3428-01,TCGA-DX-A6B8-01,0.00356246901898638,0.3705400948469934,104.01215922782177,104.01215922782177
TT,TCGA-KIRC,TCGA-BP-4326-01,TCGA-CZ-5463-01,0.0019889766678970614,0.3480820328926686,175.0055888089902,175.0055888089902
TT,TCGA-KIRC,TCGA-DX-A7ER-01,TCGA-XM-A8RC-01,0.004153326449794173,0.28701101412317553,69.10389000060397,69.10389000060397
TT,TCGA-KIRC,TCGA-DX-A6BH-01,TCGA-UZ-A9Q0-01,0.008625737963243521,0.4524634945021581,52.45504749045484,52.45504749045484
TT,TCGA-KIRC,TCGA-B0-4828-01,TCGA-CJ-4923-01,0.0007936501118380442,0.140151248013517,176.5907242033085,176.5907242033085
TT,TCGA-KIRC,TCGA-B0-5121-01,TCGA-DX-AB2S-01,0.0019375952698073716,0.42985835569915,221.85146836257752,221.85146836257752
TT,TCGA-KIRC,TCGA-B0-4821-01,TCGA-V5-A7RB-01,0.006473961475076879,0.40212988117251547,62.114963569155336,62.114963569155336
TT,TCGA-KIRC,TCGA-AY-A71X-01,TCGA-BP-4781-01,0.0030611774302805573,0.15859246727040902,51.80766906930775,51.80766906930775
TT,TCGA-KIRC,TCGA-B0-4688-01,TCGA-B3-3925-01,0.002627568400999136,0.3018281472216231,114.86975833125888,114.86975833125888
TT,TCGA-KIRC,TCGA-B8-A54G-01,TCGA-BP-4760-01,0.0017886168386043303,0.41447679963297146,231.73034642589548,231.73034642589548
TT,TCGA-KIRC,TCGA-CZ-5465-01,TCGA-DX-A6YS-01,0.002665500404398673,0.38954883608897867,146.14472968983077,146.14472968983077
TT,TCGA-KIRC,TCGA-CJ-4873-01,TCGA-DV-5576-01,0.003995554502618947,0.36977663098582014,92.5470121214576,92.5470121214576
TT,TCGA-KIRC,TCGA-AK-3453-01,TCGA-BP-4165-01,0.0013709444638714716,0.27673127431820677,201.85447449616805,201.85447449616805
TT,TCGA-KIRC,TCGA-CJ-6032-01,TCGA-KL-8328-01,0.007469788741506719,0.15583432223469737,20.8619450465562,20.8619450465562
TT,TCGA-KIRC,TCGA-CJ-4638-01,TCGA-CZ-5461-01,0.004570744163228968,0.29313830677391667,64.13360632436519,64.13360632436519
TT,TCGA-KIRC,TCGA-B0-4846-01,TCGA-DX-A48U-01,0.0025838201666938208,0.19385032127452714,75.02469551608625,75.02469551608625
TT,TCGA-KIRC,TCGA-AK-3455-01,TCGA-B0-5102-01,0.0018228334102632642,0.27566098439648845,151.22664684792886,151.22664684792886
TT,TCGA-KIRC,TCGA-A3-3347-01,TCGA-DX-A6YZ-01,0.0021663462323788718,0.09414922854333252,43.45991750355942,43.45991750355942
TT,TCGA-KIRC,TCGA-BP-4158-01,TCGA-CW-6097-01,0.0016903511032885215,0.33358393291426436,197.3459432571659,197.3459432571659
TT,TCGA-KIRC,TCGA-B0-5121-01,TCGA-CJ-6032-01,0.0026878094085432186,0.17972435358835637,66.86647982446279,66.86647982446279
TT,TCGA-KIRC,TCGA-CJ-4875-01,TCGA-DX-AB2P-01,0.0032683548124551438,0.41098184163511686,125.7457850258286,125.7457850258286
TT,TCGA-KIRC,TCGA-BP-5198-01,TCGA-CZ-4856-01,0.0010847614107776062,0.2838807082996383,261.6987528125099,261.6987528125099
TT,TCGA-KIRC,TCGA-A3-3352-01,TCGA-UZ-A9PV-01,0.002375740291519361,0.32562371031839366,137.06199767742584,137.06199767742584
TT,TCGA-KIRC,TCGA-A3-3383-01,TCGA-CJ-4870-01,0.0020286939111880133,0.25507877425789316,125.73546598191236,125.73546598191236
TT,TCGA-KIRC,TCGA-B0-4701-01,TCGA-B2-3923-01,0.004501678605724922,0.2045648103334496,45.44189584598472,45.44189584598472
TT,TCGA-KIRC,TCGA-B1-A47N-01,TCGA-P4-A5ED-01,0.0029408124748263043,0.3845164024571905,130.75175848466893,130.75175848466893
TT,TCGA-KIRC,TCGA-BW-A5NQ-01,TCGA-CJ-4884-01,0.003018281382235926,0.2952973586018062,97.83625885239752,97.83625885239752
TT,TCGA-KIRC,TCGA-CW-5581-01,TCGA-UZ-A9PJ-01,0.0017894309344912056,0.30891100044250114,172.63085961478293,172.63085961478293
TT,TCGA-KIRC,TCGA-CZ-5467-01,TCGA-DX-AB2L-01,0.002479665275387708,0.3251758866747724,131.1370086528834,131.1370086528834
TT,TCGA-KIRC,TCGA-B2-5633-01,TCGA-CJ-4870-01,0.00262715649749414,0.30735300745741234,116.99074940932327,116.99074940932327
TT,TCGA-KIRC,TCGA-BP-4325-01,TCGA-DX-AB2Q-01,0.0034524098107746965,0.24408555977101998,70.70005391864208,70.70005391864208
TT,TCGA-KIRC,TCGA-AK-3454-01,TCGA-B0-4813-01,0.0023693178585646167,0.10537258849785625,44.473808407324974,44.473808407324974
TT,TCGA-KIRC,TCGA-B0-4838-01,TCGA-B1-A47N-01,0.0072246066529831855,0.21848970260607656,30.242435761656,30.242435761656
TT,TCGA-KIRC,TCGA-DX-AB35-01,TCGA-KL-8328-01,0.00597863283728905,0.3465499598351053,57.96475034788134,57.96475034788134
TT,TCGA-KIRC,TCGA-A3-3322-01,TCGA-MM-A563-01,0.0018276403649207856,0.21245554473607756,116.2458155411149,116.2458155411149
TT,TCGA-KIRC,TCGA-B0-4712-01,TCGA-V5-A7RC-01,0.0071217447571308825,0.41307070031686804,58.00133456106628,58.00133456106628
TT,TCGA-KIRC,TCGA-BP-4967-01,TCGA-CW-5588-01,0.0013131977127945598,0.24496949897672354,186.5442625965396,186.5442625965396
TT,TCGA-KIRC,TCGA-B0-4945-01,TCGA-CZ-5462-01,0.0012898401001213192,0.2474921101267946,191.8781328813673,191.8781328813673
TT,TCGA-KIRC,TCGA-BP-4173-01,TCGA-DX-A6YX-01,0.0021033678610810256,0.042208654278220264,20.067176578673752,20.067176578673752
TT,TCGA-KIRC,TCGA-B1-A657-01,TCGA-MM-A84U-01,0.0015182595867180475,0.24618797980696638,162.15144100564495,162.15144100564495
TT,TCGA-KIRC,TCGA-BP-5181-01,TCGA-DV-A4W0-01,0.0011713158058637525,0.27370771977565,233.67542588039464,233.67542588039464
TT,TCGA-KIRC,TCGA-B0-4945-01,TCGA-KL-8336-01,0.003478656656302655,0.1950350611028922,56.06620036775583,56.06620036775583
TT,TCGA-KIRC,TCGA-B4-5836-01,TCGA-BP-4763-01,0.001223383883273325,0.24138123627197663,197.3062090912374,197.3062090912374
TT,TCGA-KIRC,TCGA-BP-4981-01,TCGA-DX-AB3A-01,0.003482194164734751,0.4281196656414923,122.94537449324093,122.94537449324093
TT,TCGA-KIRC,TCGA-AK-3460-01,TCGA-BP-4982-01,0.0010432465588667882,0.222251191975958,213.03803025947693,213.03803025947693
TT,TCGA-KIRC,TCGA-CJ-4893-01,TCGA-CW-6093-01,0.0010558830296365633,0.24377279364832377,230.8710215110009,230.8710215110009
TT,TCGA-KIRC,TCGA-B0-4693-01,TCGA-B0-4827-01,0.0012009899107584896,0.2917065675488273,242.8884413896524,242.8884413896524
TT,TCGA-KIRC,TCGA-B0-4701-01,TCGA-BP-5170-01,0.0022507400178715456,0.14774170678228227,65.64139154641103,65.64139154641103
TT,TCGA-KIRC,TCGA-CZ-5455-01,TCGA-EU-5904-01,0.0006793204588239029,0.23913431314813266,352.01988993845737,352.01988993845737
TT,TCGA-KIRC,TCGA-AK-3440-01,TCGA-B8-4151-01,0.003418142943255935,0.336517100160059,98.45027131589508,98.45027131589508
TT,TCGA-KIRC,TCGA-AL-7173-01,TCGA-BP-5177-01,0.0025969414831545157,0.28207862916285115,108.61955534716517,108.61955534716517
TT,TCGA-KIRC,TCGA-B3-4104-01,TCGA-DX-AB3A-01,0.003512113293164077,0.38897472539472616,110.7523285629255,110.7523285629255
TT,TCGA-KIRC,TCGA-B2-4101-01,TCGA-CJ-4920-01,0.0004567606104313326,0.1814610933201985,397.2783317476509,397.2783317476509
TT,TCGA-KIRC,TCGA-B0-4694-01,TCGA-DX-A3UD-01,0.00391653694933845,0.15355740839247886,39.20744534745588,39.20744534745588
TT,TCGA-KIRC,TCGA-B0-4710-01,TCGA-HE-A5NJ-01,0.0019452303085896283,0.30605847619549426,157.33791255668805,157.33791255668805
TT,TCGA-KIRC,TCGA-BP-4163-01,TCGA-BP-4769-01,0.0012063951452128403,0.34920916699119475,289.4649969182236,289.4649969182236
TT,TCGA-KIRC,TCGA-B0-4837-01,TCGA-CJ-4889-01,0.0016451600998026923,0.21362152529514858,129.84847208534214,129.84847208534214
TT,TCGA-KIRC,TCGA-B1-A47N-01,TCGA-DX-A8BQ-01,0.005360435069460561,0.42997605412910944,80.21290222854606,80.21290222854606
TT,TCGA-KIRC,TCGA-B0-4824-01,TCGA-BP-4176-01,0.0014004530437293303,0.29824165760576393,212.96084073733925,212.96084073733925
TT,TCGA-KIRC,TCGA-BP-4987-01,TCGA-DX-A8BV-01,0.0017082846115615482,0.304330050628085,178.14950071457704,178.14950071457704
TT,TCGA-KIRC,TCGA-DX-A2J4-01,TCGA-DX-AB2Q-01,0.0042455416546416415,0.3412732339947798,80.38390899348886,80.38390899348886
TT,TCGA-KIRC,TCGA-B8-A54J-01,TCGA-KL-8333-01,0.002478937804650353,0.26962472421030337,108.76623193389604,108.76623193389604
TT,TCGA-KIRC,TCGA-B8-5545-01,TCGA-BP-5170-01,0.0026413990894209715,0.1507591143175547,57.075477507869905,57.075477507869905
TT,TCGA-KIRC,TCGA-BP-4775-01,TCGA-DX-A3U5-01,0.003567860591825345,0.22957065809413868,64.34406619477488,64.34406619477488
TT,TCGA-KIRC,TCGA-B0-5099-01,TCGA-CZ-5453-01,0.0010308616273133528,0.2193785999668809,212.81090900495414,212.81090900495414
TT,TCGA-KIRC,TCGA-BP-4769-01,TCGA-CW-5587-01,0.0011881330270068495,0.3563979921417807,299.96472115552604,299.96472115552604
TT,TCGA-KIRC,TCGA-AL-3466-01,TCGA-B8-5549-01,0.0041788416258474155,0.37484627865216247,89.70100142910978,89.70100142910978
TT,TCGA-KIRC,TCGA-B8-A54E-01,TCGA-DX-A8BU-01,0.004605068303356085,0.4751008539683453,103.16912207840672,103.16912207840672
TT,TCGA-KIRC,TCGA-BP-5183-01,TCGA-CJ-4901-01,0.001181835977634989,0.3106929683356199,262.8900915314474,262.8900915314474
TT,TCGA-KIRC,TCGA-B0-5707-01,TCGA-DX-AB2O-01,0.0034012944996664207,0.41602014023213374,122.31229617809765,122.31229617809765
TT,TCGA-KIRC,TCGA-BP-4799-01,TCGA-CZ-5987-01,0.0051192894263628564,0.15486000201085787,30.250292396709153,30.250292396709153
TT,TCGA-KIRC,TCGA-CJ-5689-01,TCGA-CZ-5460-01,0.001008488252077104,0.18257860590018432,181.04187681328116,181.04187681328116
TT,TCGA-KIRC,TCGA-HE-A5NJ-01,TCGA-P4-A5EA-01,0.00471440288866868,0.4284477073390964,90.88058815866022,90.88058815866022
TT,TCGA-KIRC,TCGA-B0-4836-01,TCGA-KL-8328-01,0.006241390999423698,0.14536677598761674,23.29076579259964,23.29076579259964
TT,TCGA-KIRC,TCGA-BP-4165-01,TCGA-BP-4769-01,0.0022304797386813215,0.4029280986526336,180.6463836747731,180.6463836747731
TT,TCGA-KIRC,TCGA-BP-4163-01,TCGA-DX-A7EF-01,0.003292776535782689,0.27727263324874857,84.20633171902787,84.20633171902787
TT,TCGA-KIRC,TCGA-CJ-4899-01,TCGA-DX-A3LS-01,0.002296034494976257,0.11236927548540453,48.94058679487153,48.94058679487153
TT,TCGA-KIRC,TCGA-BP-4759-01,TCGA-DX-A23Z-01,0.003233768073950789,0.42647012590492206,131.88024501209546,131.88024501209546
TT,TCGA-KIRC,TCGA-BW-A5NP-01,TCGA-DX-AB2V-01,0.005291632039415423,0.42903823512460215,81.07862223390703,81.07862223390703
TT,TCGA-KIRC,TCGA-A3-3378-01,TCGA-B4-5832-01,0.01578564942554483,0.2760290884759669,17.486077451415337,17.486077451415337
TT,TCGA-KIRC,TCGA-B8-A7U6-01,TCGA-EU-5907-01,0.0019860098191827845,0.23136699063687938,116.49841224454957,116.49841224454957
TT,TCGA-KIRC,TCGA-CJ-5683-01,TCGA-DX-A8BX-01,0.0019534524546866616,0.14096856904910773,72.16380859994845,72.16380859994845
TT,TCGA-KIRC,TCGA-B4-5377-01,TCGA-DX-A7EN-01,0.00360752753379097,0.20773648288602065,57.5841711366568,57.5841711366568
TT,TCGA-KIRC,TCGA-B0-4945-01,TCGA-BP-4959-01,0.0015613833171373302,0.23230450195494817,148.7812117660253,148.7812117660253
TT,TCGA-KIRC,TCGA-BP-4993-01,TCGA-DV-A4W0-01,0.0009844805521567555,0.23598358752419785,239.703655909927,239.703655909927
TT,TCGA-KIRC,TCGA-HE-7130-01,TCGA-KL-8336-01,0.00466655747770677,0.4326904741729597,92.72155678785114,92.72155678785114
TT,TCGA-KIRC,TCGA-BW-A5NO-01,TCGA-MM-A563-01,0.003962737464279964,0.0787753710914108,19.87902852548028,19.87902852548028
TT,TCGA-KIRC,TCGA-A3-3352-01,TCGA-B0-4848-01,0.001036130500689543,0.2728398340845696,263.3257431404588,263.3257431404588
TT,TCGA-KIRC,TCGA-A3-A8OW-01,TCGA-DX-A1L0-01,0.0022598287747259893,0.3709743999614583,164.16040193418638,164.16040193418638
TT,TCGA-KIRC,TCGA-DV-5568-01,TCGA-V5-A7RE-01,0.0033287504061025345,0.20891629629254055,62.761177861079126,62.761177861079126
TT,TCGA-KIRC,TCGA-BP-4983-01,TCGA-CZ-4865-01,0.0019213958689123737,0.2818032988859573,146.66592316838643,146.66592316838643
TT,TCGA-KIRC,TCGA-B0-4839-01,TCGA-BP-4158-01,0.0029828634099424997,0.18162164948079804,60.88835609281188,60.88835609281188
TT,TCGA-KIRC,TCGA-B0-5100-01,TCGA-B2-5635-01,0.00372998888605247,0.3670999911437787,98.41852143755013,98.41852143755013
TT,TCGA-KIRC,TCGA-CJ-4882-01,TCGA-CJ-5672-01,0.0011843427478688286,0.2645274426313062,223.35379104343855,223.35379104343855
TT,TCGA-KIRC,TCGA-A3-3343-01,TCGA-KL-8323-01,0.0034013175514491707,0.24550871962933524,72.18047592314143,72.18047592314143
TT,TCGA-KIRC,TCGA-DX-A1L3-01,TCGA-V5-AASV-01,0.004328338461744155,0.45500463802000185,105.12224079552512,105.12224079552512
TT,TCGA-KIRC,TCGA-BP-4176-01,TCGA-BP-4330-01,0.0014045257446101,0.2704867301745685,192.5822514913433,192.5822514913433
TT,TCGA-KIRC,TCGA-B0-5096-01,TCGA-DX-A6B7-01,0.0035390997071237528,0.3163630135934527,89.3908168104602,89.3908168104602
TT,TCGA-KIRC,TCGA-AK-3447-01,TCGA-BP-5170-01,0.019812091045447837,0.18929399888874693,9.554468453355934,9.554468453355934
TT,TCGA-KIRC,TCGA-CZ-4854-01,TCGA-DX-A3U9-01,0.002862100646400774,0.16325273371492757,57.03948039710817,57.03948039710817
TT,TCGA-KIRC,TCGA-B1-A654-01,TCGA-BP-4355-01,0.00561110595012892,0.21373503170103203,38.09142682399738,38.09142682399738
TT,TCGA-KIRC,TCGA-A3-3313-01,TCGA-AK-3427-01,0.012247049208793655,0.2058592482861838,16.808885534514896,16.808885534514896
TT,TCGA-KIRC,TCGA-B0-4713-01,TCGA-XM-A8RB-01,0.00411224632242178,0.19410724161209553,47.20224091483461,47.20224091483461
TT,TCGA-KIRC,TCGA-CJ-4882-01,TCGA-DX-A6YR-01,0.001992741767117688,0.08439554164022278,42.35146923341348,42.35146923341348
TT,TCGA-KIRC,TCGA-CJ-6030-01,TCGA-DX-A3M1-01,0.002569684487871234,0.3216193725616979,125.15909018392074,125.15909018392074
TT,TCGA-KIRC,TCGA-BP-4989-01,TCGA-DX-A7EI-01,0.003449102641975465,0.3960515636302623,114.82742172132771,114.82742172132771
TT,TCGA-KIRC,TCGA-B0-4699-01,TCGA-BP-5001-01,0.004635647633441656,0.4310914096481096,92.99486150289066,92.99486150289066
TT,TCGA-KIRC,TCGA-AL-3472-01,TCGA-B0-5083-01,0.006044408522500608,0.3712774270471798,61.424939374147414,61.424939374147414
TT,TCGA-KIRC,TCGA-CW-5590-01,TCGA-KL-8332-01,0.003573452656701192,0.19277706325728744,53.94700357811603,53.94700357811603
TT,TCGA-KIRC,TCGA-B3-4103-01,TCGA-BP-4344-01,0.0014988208324903034,0.29958854624511067,199.88282772087027,199.88282772087027
TT,TCGA-KIRC,TCGA-DX-A6B9-01,TCGA-XM-A8RB-01,0.002981970752117838,0.40542038955584303,135.9571985298339,135.9571985298339
TT,TCGA-KIRC,TCGA-B0-4844-01,TCGA-BP-4169-01,0.0029132530852219876,0.20233940235465686,69.45479724403647,69.45479724403647
TT,TCGA-KIRC,TCGA-B2-4102-01,TCGA-BP-5196-01,0.0015968236978140264,0.3068754559608064,192.17867093336847,192.17867093336847
TT,TCGA-KIRC,TCGA-BP-4355-01,TCGA-BP-4983-01,0.00208631115397509,0.35974465488052243,172.43096946258174,172.43096946258174
TT,TCGA-KIRC,TCGA-BP-4762-01,TCGA-CZ-5455-01,0.0009259251620280789,0.248661579971658,268.5547279296394,268.5547279296394
TT,TCGA-KIRC,TCGA-B0-4810-01,TCGA-CJ-4894-01,0.0012607992349483814,0.21545626454815223,170.8886383937037,170.8886383937037
TT,TCGA-KIRC,TCGA-AY-A69D-01,TCGA-B1-5398-01,0.004479044382543389,0.4389565514563153,98.00227771064357,98.00227771064357
TT,TCGA-KIRC,TCGA-BP-5000-01,TCGA-DX-AB2L-01,0.0019486080443008316,0.2509871893738013,128.8033219958591,128.8033219958591
TT,TCGA-KIRC,TCGA-CZ-5464-01,TCGA-DX-A3U5-01,0.0023316587034224066,0.14101284933448704,60.47748288697163,60.47748288697163
TT,TCGA-KIRC,TCGA-BP-4971-01,TCGA-CJ-5672-01,0.0020771758002189862,0.2890518172529857,139.15616445296175,139.15616445296175
TT,TCGA-KIRC,TCGA-DX-AB30-01,TCGA-UZ-A9PL-01,0.00373590797462721,0.4827944701771672,129.2308251316986,129.2308251316986
TT,TCGA-KIRC,TCGA-B0-5106-01,TCGA-V5-A7RE-01,0.0032559000801949743,0.3739029735024897,114.83858972726802,114.83858972726802
TT,TCGA-KIRC,TCGA-B0-5713-01,TCGA-DX-A2IZ-01,0.002873252469720717,0.2748015265568048,95.64127394050958,95.64127394050958
TT,TCGA-KIRC,TCGA-CJ-4875-01,TCGA-CZ-5470-01,0.0014842010731815967,0.21110516160755866,142.2348800456158,142.2348800456158
TT,TCGA-KIRC,TCGA-AL-3471-01,TCGA-BP-5202-01,0.003526016873382804,0.3256745377138138,92.36329530135427,92.36329530135427
TT,TCGA-KIRC,TCGA-CJ-4635-01,TCGA-KL-8343-01,0.0034142568582772002,0.2507018113713214,73.42792934970424,73.42792934970424
TT,TCGA-KIRC,TCGA-CZ-5470-01,TCGA-CZ-5982-01,0.0024852047590341216,0.2708320765960489,108.9777715946867,108.9777715946867
TT,TCGA-KIRC,TCGA-B0-5711-01,TCGA-CZ-5468-01,0.002673189747217984,0.3243561776833388,121.33675808868398,121.33675808868398
TT,TCGA-KIRC,TCGA-DX-A6Z0-01,TCGA-DX-AB35-01,0.0023893757132001717,0.3058698773233136,128.01246603182878,128.01246603182878
TT,TCGA-KIRC,TCGA-DX-A2J4-01,TCGA-DX-A7EN-01,0.004229601785827123,0.4124343336871514,97.51138631281276,97.51138631281276
TT,TCGA-KIRC,TCGA-BP-4803-01,TCGA-HE-A5NK-01,0.003802901270237477,0.2150855716475387,56.558284415863206,56.558284415863206
TT,TCGA-KIRC,TCGA-BP-4353-01,TCGA-DX-A240-01,0.00346900365408181,0.21788851765465034,62.8101147712172,62.8101147712172
TT,TCGA-KIRC,TCGA-B0-4849-01,TCGA-CZ-4856-01,0.001710380599563207,0.26834316434008726,156.8909074440017,156.8909074440017
TT,TCGA-KIRC,TCGA-CJ-4912-01,TCGA-XM-AAZ2-01,0.0038216267064531354,0.3964793337178053,103.74622226925432,103.74622226925432
TT,TCGA-KIRC,TCGA-A3-3358-01,TCGA-AK-3426-01,0.004532568800353091,0.22677012892381743,50.03126017770582,50.03126017770582
TT,TCGA-KIRC,TCGA-CW-5583-01,TCGA-DX-AB37-01,0.006654220306842762,0.08844013382215353,13.290833447640368,13.290833447640368
TT,TCGA-KIRC,TCGA-DX-A3LU-01,TCGA-P4-A5E8-01,0.006606764044684001,0.41687220260304314,63.097788839374545,63.097788839374545
TT,TCGA-KIRC,TCGA-B8-4146-01,TCGA-CJ-4642-01,0.017534019716554078,0.4064602072678095,23.18123361547641,23.18123361547641
TT,TCGA-KIRC,TCGA-BP-4331-01,TCGA-DX-A3U9-01,0.0024401819059100376,0.21434665602003136,87.84044152646614,87.84044152646614
TT,TCGA-KIRC,TCGA-AL-3473-01,TCGA-CZ-5455-01,0.003016620109683144,0.24187978896428786,80.18238298812314,80.18238298812314
TT,TCGA-KIRC,TCGA-BP-4983-01,TCGA-CJ-4881-01,0.0020408108560882043,0.12235516653519996,59.95419231046649,59.95419231046649
TT,TCGA-KIRC,TCGA-A3-3380-01,TCGA-AK-3451-01,0.008733523112573013,0.13218143651262754,15.134950100760094,15.134950100760094
TT,TCGA-KIRC,TCGA-CJ-4868-01,TCGA-CZ-4862-01,0.0010514398955634389,0.22592297810313805,214.87008345072533,214.87008345072533
TT,TCGA-KIRC,TCGA-CJ-4644-01,TCGA-P4-A5ED-01,0.007403784139261836,0.3839285935952973,51.85572490685491,51.85572490685491
TT,TCGA-KIRC,TCGA-B0-5107-01,TCGA-B8-4143-01,0.002248814222304151,0.3148127585443647,139.9905583226903,139.9905583226903
TT,TCGA-KIRC,TCGA-B0-4842-01,TCGA-BP-4353-01,0.007479381591261963,0.320943704828728,42.91046003103802,42.91046003103802
TT,TCGA-KIRC,TCGA-BP-4777-01,TCGA-XM-AAZ3-01,0.002367596800646092,0.28657472054148486,121.04033949669203,121.04033949669203
TT,TCGA-KIRC,TCGA-B0-5107-01,TCGA-P4-A5EB-01,0.0030828112925375397,0.36755511131950636,119.22724955926915,119.22724955926915
TT,TCGA-KIRC,TCGA-B0-4822-01,TCGA-BP-4332-01,0.00408216799912635,0.24035319801066307,58.87881098036694,58.87881098036694
TT,TCGA-KIRC,TCGA-BP-4355-01,TCGA-CJ-4894-01,0.0012325202663661906,0.23804379177452084,193.13580333761126,193.13580333761126
TT,TCGA-KIRC,TCGA-A3-3317-01,TCGA-CJ-5676-01,0.0037261060492364993,0.15830328578138145,42.48491151072276,42.48491151072276
TT,TCGA-KIRC,TCGA-A3-A8OX-01,TCGA-CW-6087-01,0.0011936322551242948,0.13654939291263551,114.39820960469639,114.39820960469639
TT,TCGA-KIRC,TCGA-B8-5159-01,TCGA-KL-8343-01,0.003316322247381793,0.27310507124184696,82.35178938279023,82.35178938279023
TT,TCGA-KIRC,TCGA-B0-4710-01,TCGA-B0-4712-01,0.0035515173524025972,0.26309027693543663,74.0782743909322,74.0782743909322
TT,TCGA-KIRC,TCGA-B2-4101-01,TCGA-UZ-A9PV-01,0.0023125069458162237,0.13605429484811685,58.83411295013216,58.83411295013216
TT,TCGA-KIRC,TCGA-A3-3331-01,TCGA-B3-3925-01,0.0009616042871990677,0.33127235245118697,344.4996625546535,344.4996625546535
TT,TCGA-KIRC,TCGA-CJ-4640-01,TCGA-KL-8324-01,0.006286431693348555,0.18329100369851964,29.15660467486717,29.15660467486717
TT,TCGA-KIRC,TCGA-B0-4698-01,TCGA-V5-A7RB-01,0.00292907823530689,0.3470461662509603,118.48306476340979,118.48306476340979
TT,TCGA-KIRC,TCGA-CJ-6030-01,TCGA-DX-AB2P-01,0.0021333558175445685,0.2415366449244663,113.2191090384857,113.2191090384857
TT,TCGA-KIRC,TCGA-B0-5083-01,TCGA-DX-A3U9-01,0.0042141608179224275,0.420083149948852,99.68370171405849,99.68370171405849
TT,TCGA-KIRC,TCGA-B0-4847-01,TCGA-B2-5641-01,0.004442814395115822,0.31939860352750693,71.8910526351575,71.8910526351575
TT,TCGA-KIRC,TCGA-B0-5699-01,TCGA-DV-5566-01,0.0007721000748262759,0.19616637665779746,254.0685891034725,254.0685891034725
TT,TCGA-KIRC,TCGA-B0-4718-01,TCGA-B8-A54K-01,0.0018740676674345222,0.3655613534720483,195.0630491227023,195.0630491227023
TT,TCGA-KIRC,TCGA-B0-5706-01,TCGA-DX-A8BZ-01,0.015028801080275957,0.317361184560945,21.116866399772565,21.116866399772565
TT,TCGA-KIRC,TCGA-BP-4169-01,TCGA-BW-A5NO-01,0.005835304764684574,0.22118685296330184,37.904935883028905,37.904935883028905
TT,TCGA-KIRC,TCGA-B0-4839-01,TCGA-DX-AB2S-01,0.0026655695822832243,0.3611486147344436,135.48647055954834,135.48647055954834
TT,TCGA-KIRC,TCGA-BP-4965-01,TCGA-DX-A3U5-01,0.00318101220822247,0.24903780497859762,78.28885545766528,78.28885545766528
TT,TCGA-KIRC,TCGA-BP-4986-01,TCGA-CZ-4859-01,0.0015089835179386462,0.31244877320943265,207.0591026973275,207.0591026973275
TT,TCGA-KIRC,TCGA-B0-5812-01,TCGA-CJ-6027-01,0.0017151231713261475,0.22092398482920445,128.80939895318664,128.80939895318664
TT,TCGA-KIRC,TCGA-B0-5121-01,TCGA-DX-A1KX-01,0.0035823198290325644,0.43426469877501267,121.22443542186167,121.22443542186167
TT,TCGA-KIRC,TCGA-BW-A5NQ-01,TCGA-DX-AB36-01,0.003525446632152819,0.4851046509861864,137.6009060985151,137.6009060985151
TT,TCGA-KIRC,TCGA-B0-4818-01,TCGA-CW-5591-01,0.0019441544624128543,0.3602473580523574,185.29770397217362,185.29770397217362
TT,TCGA-KIRC,TCGA-B0-4841-01,TCGA-CJ-5689-01,0.004668719733169459,0.03396976216648247,7.2760337111564795,7.2760337111564795
TT,TCGA-KIRC,TCGA-AK-3453-01,TCGA-CJ-5683-01,0.0012162658465766497,0.23330616060675474,191.82168212930384,191.82168212930384
TT,TCGA-KIRC,TCGA-DX-A8BM-01,TCGA-HE-7129-01,0.0034921714140842665,0.4479251202265446,128.26550220874586,128.26550220874586
TT,TCGA-KIRC,TCGA-DX-A1KZ-01,TCGA-DX-A3U9-01,0.0026044316892570585,0.38312977781917307,147.1068638119915,147.1068638119915
TT,TCGA-KIRC,TCGA-B0-5713-01,TCGA-CJ-4893-01,0.0006030285032149962,0.20893802549638424,346.48117689702656,346.48117689702656
TT,TCGA-KIRC,TCGA-B8-4146-01,TCGA-DX-A23U-01,0.012474972386304514,0.44425511140127494,35.61171100378504,35.61171100378504
TT,TCGA-KIRC,TCGA-BP-5200-01,TCGA-CJ-5689-01,0.0011305469683852104,0.1939684394482749,171.5704387985977,171.5704387985977
TT,TCGA-KIRC,TCGA-B8-A8YJ-01,TCGA-BP-4967-01,0.0015850191452999682,0.2430044716902145,153.3132722155387,153.3132722155387
TT,TCGA-KIRC,TCGA-B0-4849-01,TCGA-DX-A6BF-01,0.005776932799086842,0.28653644532887895,49.600100138636144,49.600100138636144
TT,TCGA-KIRC,TCGA-B0-4712-01,TCGA-BP-4807-01,0.0030777620037177583,0.30647438753678985,99.57702615296002,99.57702615296002
TT,TCGA-KIRC,TCGA-AK-3426-01,TCGA-BP-4329-01,0.004771461381748821,0.2952201860267944,61.872068619486804,61.872068619486804
TT,TCGA-KIRC,TCGA-A3-A6NJ-01,TCGA-BP-5001-01,0.0029784778555942528,0.17391331060012566,58.38999617656289,58.38999617656289
TT,TCGA-KIRC,TCGA-A3-3323-01,TCGA-BP-4774-01,0.0013401926453473906,0.2676383063882424,199.70136928998593,199.70136928998593
TT,TCGA-KIRC,TCGA-BP-4994-01,TCGA-CJ-4893-01,0.0017019681724886847,0.27669191202118254,162.57173106627062,162.57173106627062
TT,TCGA-KIRC,TCGA-A3-3308-01,TCGA-BP-4970-01,0.000693790351116329,0.23803746204495452,343.0971065855057,343.0971065855057
TT,TCGA-KIRC,TCGA-B0-4691-01,TCGA-DX-A8BR-01,0.002800449906753982,0.2860457475295931,102.14278314342371,102.14278314342371
TT,TCGA-KIRC,TCGA-BP-5001-01,TCGA-BP-5194-01,0.004603584443809886,0.32877300915295665,71.41674344543291,71.41674344543291
TT,TCGA-KIRC,TCGA-B0-4696-01,TCGA-B0-4842-01,0.006580674561061812,0.34971491692134593,53.14271564052521,53.14271564052521
TT,TCGA-KIRC,TCGA-B0-4817-01,TCGA-DX-A8BS-01,0.004395299099080505,0.3740560090284674,85.10365292471673,85.10365292471673
TT,TCGA-KIRC,TCGA-B0-5812-01,TCGA-DX-AB2V-01,0.0030961065333157557,0.12299670784631153,39.726251833650245,39.726251833650245
TT,TCGA-KIRC,TCGA-AK-3428-01,TCGA-B0-4706-01,0.0026699901634708945,0.20629155341416,77.26303873194354,77.26303873194354
TT,TCGA-KIRC,TCGA-DX-A8BX-01,TCGA-UZ-A9PZ-01,0.0029496654335130195,0.42649374011357466,144.5905475474977,144.5905475474977
TT,TCGA-KIRC,TCGA-BP-4159-01,TCGA-CJ-4875-01,0.0017125931876185217,0.15499761123929656,90.50462909690268,90.50462909690268
TT,TCGA-KIRC,TCGA-BP-4331-01,TCGA-BP-5194-01,0.0012238841625699368,0.14635046299704732,119.57868846814526,119.57868846814526
TT,TCGA-KIRC,TCGA-A3-3380-01,TCGA-A3-A8OX-01,0.0011176200636524196,0.2572534958732626,230.17974018160484,230.17974018160484
TT,TCGA-KIRC,TCGA-CJ-4893-01,TCGA-CJ-4908-01,0.001005074774868149,0.16104574885227405,160.23260445811198,160.23260445811198
TT,TCGA-KIRC,TCGA-B0-4712-01,TCGA-B0-4833-01,0.002545996097752013,0.28482193065996625,111.8705291463132,111.8705291463132
TT,TCGA-KIRC,TCGA-AK-3425-01,TCGA-B0-5705-01,0.0006619871065012958,0.08792485144424529,132.819583011128,132.819583011128
TT,TCGA-KIRC,TCGA-BP-4999-01,TCGA-DX-A7ER-01,0.007882957654590564,0.20131307828788908,25.537759697422246,25.537759697422246
TT,TCGA-KIRC,TCGA-CJ-4642-01,TCGA-CW-5580-01,0.006614770954312623,0.27251677819765563,41.19821836309892,41.19821836309892
TT,TCGA-KIRC,TCGA-B0-5707-01,TCGA-BP-5009-01,0.001681207365732048,0.31535531585744037,187.5766917783668,187.5766917783668
TT,TCGA-KIRC,TCGA-AK-3426-01,TCGA-DX-A8BP-01,0.0041951758981346714,0.3090260794464459,73.6622461012541,73.6622461012541
TT,TCGA-KIRC,TCGA-CJ-6031-01,TCGA-CW-5588-01,0.0011321382682985303,0.20124975634324277,177.7607576552441,177.7607576552441
TT,TCGA-KIRC,TCGA-B0-5691-01,TCGA-B8-5163-01,0.0010175762587883023,0.18413741869121747,180.95687384696112,180.95687384696112
TT,TCGA-KIRC,TCGA-CJ-4637-01,TCGA-CZ-4861-01,0.001252644998056487,0.19715286515369723,157.38925670049,157.38925670049
TT,TCGA-KIRC,TCGA-B8-5552-01,TCGA-DX-AB2H-01,0.0026030059109559095,0.11776059609007686,45.2402338367458,45.2402338367458
TT,TCGA-KIRC,TCGA-DX-A2J0-01,TCGA-DX-A3U6-01,0.0019957899373792905,0.2998316035432391,150.23204493001586,150.23204493001586
TT,TCGA-KIRC,TCGA-AK-3458-01,TCGA-BP-4340-01,0.0069531657412601425,0.30616959452108033,44.03312187774663,44.03312187774663
TT,TCGA-KIRC,TCGA-B8-A54J-01,TCGA-EU-5905-01,0.0015406948952381952,0.29902526946815355,194.0846759422303,194.0846759422303
TT,TCGA-KIRC,TCGA-AL-3473-01,TCGA-BP-4959-01,0.002368770557808506,0.27444899044058896,115.86136510177602,115.86136510177602
TT,TCGA-KIRC,TCGA-BP-5180-01,TCGA-CJ-4638-01,0.002461848550929637,0.28814121926204805,117.04262601907047,117.04262601907047
TT,TCGA-KIRC,TCGA-CZ-5459-01,TCGA-CZ-5469-01,0.002338376648421232,0.2539151825808095,108.58609230135859,108.58609230135859
TT,TCGA-KIRC,TCGA-B0-4818-01,TCGA-CW-5585-01,0.0010013108184821259,0.3151282810544064,314.7157458381457,314.7157458381457
TT,TCGA-KIRC,TCGA-AK-3445-01,TCGA-BP-4343-01,0.0035580451581023478,0.25669975761834374,72.14628994626148,72.14628994626148
TT,TCGA-KIRC,TCGA-AK-3456-01,TCGA-DX-AB2H-01,0.0034767467057443165,0.43668870189682,125.60267941731806,125.60267941731806
TT,TCGA-KIRC,TCGA-B0-5402-01,TCGA-DX-A240-01,0.0030341917153211065,0.25415742464335855,83.76445804660081,83.76445804660081
TT,TCGA-KIRC,TCGA-DX-A1KY-01,TCGA-V5-A7RC-01,0.004447597974210117,0.4167298698925129,93.69773803949157,93.69773803949157
TT,TCGA-KIRC,TCGA-AL-3473-01,TCGA-KL-8341-01,0.005229224034283381,0.2771297381254576,52.996340625026555,52.996340625026555
TT,TCGA-KIRC,TCGA-B3-3925-01,TCGA-CJ-4920-01,0.001235570463241202,0.2921392607434976,236.44079349157087,236.44079349157087
TT,TCGA-KIRC,TCGA-B0-5109-01,TCGA-DX-A23Y-01,0.00270559973362957,0.2553394876595997,94.37445032457222,94.37445032457222
TT,TCGA-KIRC,TCGA-AK-3461-01,TCGA-B8-A54H-01,0.0005289782267772901,0.16777933708074694,317.1762628169292,317.1762628169292
TT,TCGA-KIRC,TCGA-A3-3357-01,TCGA-AY-A8YK-01,0.003456534981697363,0.38794396397047914,112.23493065300202,112.23493065300202
TT,TCGA-KIRC,TCGA-B0-4822-01,TCGA-DX-A48L-01,0.004693035613846964,0.29245441256807553,62.31668298130504,62.31668298130504
TT,TCGA-KIRC,TCGA-B8-A54D-01,TCGA-BP-5189-01,0.001806674706562229,0.3227462486867956,178.64104009123068,178.64104009123068
TT,TCGA-KIRC,TCGA-BP-5184-01,TCGA-DV-5568-01,0.0011612565626869984,0.27219279923404655,234.39505788817883,234.39505788817883
TT,TCGA-KIRC,TCGA-BP-5182-01,TCGA-CZ-4864-01,0.0009684076222140358,0.2872606834938339,296.63199349575547,296.63199349575547
TT,TCGA-KIRC,TCGA-CJ-5679-01,TCGA-UZ-A9PM-01,0.002042949081997298,0.34583901082752344,169.28420481699547,169.28420481699547
TT,TCGA-KIRC,TCGA-BP-4160-01,TCGA-BP-5189-01,0.001129953105544374,0.22855576871821298,202.27013634172224,202.27013634172224
TT,TCGA-KIRC,TCGA-DX-A7EO-01,TCGA-MW-A4EC-01,0.0028285365068208956,0.23930123083301266,84.60248975254444,84.60248975254444
TT,TCGA-KIRC,TCGA-BP-5199-01,TCGA-XM-A8RL-01,0.0021885609700957186,0.016945524378354705,7.742770071246212,7.742770071246212
TT,TCGA-KIRC,TCGA-BP-4799-01,TCGA-UZ-A9PK-01,0.006906398788445185,0.34161467623507935,49.46350286152328,49.46350286152328
TT,TCGA-KIRC,TCGA-DX-A23Y-01,TCGA-UZ-A9PQ-01,0.0029292033376329208,0.4745128361709624,161.99381930051146,161.99381930051146
TT,TCGA-KIRC,TCGA-CJ-4638-01,TCGA-HE-7130-01,0.00661859043245833,0.41957641538491564,63.393621295444504,63.393621295444504
TT,TCGA-KIRC,TCGA-B0-4688-01,TCGA-B0-4822-01,0.005877422171087131,0.3689733166468879,62.77808636275654,62.77808636275654
TT,TCGA-KIRC,TCGA-A3-3316-01,TCGA-BP-4801-01,0.0011232241832019934,0.26310831926251255,234.24381632566474,234.24381632566474
TT,TCGA-KIRC,TCGA-B3-8121-01,TCGA-DX-A1KU-01,0.002448734775740871,0.2644858468079903,108.00918475459207,108.00918475459207
TT,TCGA-KIRC,TCGA-B0-5711-01,TCGA-B8-A7U6-01,0.0014122114102487588,0.22342617346394134,158.21014604646564,158.21014604646564
TT,TCGA-KIRC,TCGA-A3-A8OV-01,TCGA-DX-A3UE-01,0.002227436193438273,0.2993003928566952,134.36990641455583,134.36990641455583
TT,TCGA-KIRC,TCGA-AK-3433-01,TCGA-AK-3434-01,0.003540729865596792,0.17432942940841012,49.23545032403278,49.23545032403278
TT,TCGA-KIRC,TCGA-B2-5636-01,TCGA-B8-5545-01,0.0004931122400557264,0.24770929180572088,502.33855841365323,502.33855841365323
TT,TCGA-KIRC,TCGA-B4-5835-01,TCGA-CJ-4918-01,0.0032855726988042485,0.3616555527443708,110.07382453475819,110.07382453475819
TT,TCGA-KIRC,TCGA-B8-5164-01,TCGA-DX-A6BF-01,0.009079432396899467,0.36248264754905446,39.92349209768207,39.92349209768207
TT,TCGA-KIRC,TCGA-CJ-4891-01,TCGA-KL-8329-01,0.005753672818848592,0.39281659614086084,68.27232074337347,68.27232074337347
TT,TCGA-KIRC,TCGA-B0-5100-01,TCGA-BP-4162-01,0.004208553601397968,0.3600825837884506,85.55970005201807,85.55970005201807
TT,TCGA-KIRC,TCGA-DX-AB2X-01,TCGA-MW-A4EC-01,0.0032386659738066806,0.20649644017661484,63.759721393528565,63.759721393528565
TT,TCGA-KIRC,TCGA-B8-5552-01,TCGA-CZ-5460-01,0.001926071234591951,0.1983127998002815,102.9623392108315,102.9623392108315
TT,TCGA-KIRC,TCGA-BP-4337-01,TCGA-DX-AB3C-01,0.0027078679379145413,0.10257975441327356,37.88211122743125,37.88211122743125
TT,TCGA-KIRC,TCGA-B0-4852-01,TCGA-DX-A8BX-01,0.002896287689323841,0.2798752995811722,96.63242384823694,96.63242384823694
TT,TCGA-KIRC,TCGA-AL-7173-01,TCGA-B0-4818-01,0.0032394217467943487,0.3431809342323162,105.9389486941364,105.9389486941364
TT,TCGA-KIRC,TCGA-CJ-5678-01,TCGA-DX-A8BP-01,0.00392710291252623,0.393672194126899,100.2449395637705,100.2449395637705
TT,TCGA-KIRC,TCGA-B0-5694-01,TCGA-BP-4759-01,0.0010961538499380846,0.15795057121826073,144.09525745604273,144.09525745604273
TT,TCGA-KIRC,TCGA-CZ-5470-01,TCGA-EU-5904-01,0.0017081165590989724,0.23315538832818403,136.4985235265051,136.4985235265051
TT,TCGA-KIRC,TCGA-AK-3458-01,TCGA-B0-5709-01,0.007216656623006601,0.21279807439747236,29.487072132415868,29.487072132415868
TT,TCGA-KIRC,TCGA-B0-5691-01,TCGA-B8-A8YJ-01,0.000878405410090839,0.1839215204177712,209.3811334777085,209.3811334777085
TT,TCGA-KIRC,TCGA-B0-4847-01,TCGA-CW-6097-01,0.0053257089304095725,0.29084177940639344,54.610904051796595,54.610904051796595
TT,TCGA-KIRC,TCGA-B0-4700-01,TCGA-B0-5710-01,0.001898435520166916,0.2833497435475064,149.2543415551946,149.2543415551946
TT,TCGA-KIRC,TCGA-B0-5109-01,TCGA-DX-A6B9-01,0.003311429593447407,0.2980306433922114,90.00059792361242,90.00059792361242
TT,TCGA-KIRC,TCGA-BP-4784-01,TCGA-XM-AAZ2-01,0.002037995069078998,0.3009692406352104,147.67908185922312,147.67908185922312
TT,TCGA-KIRC,TCGA-DX-A2J4-01,TCGA-KL-8341-01,0.006562078216333588,0.4447556166363634,67.77664056629617,67.77664056629617
TT,TCGA-KIRC,TCGA-BP-4174-01,TCGA-BP-4983-01,0.002228819971160467,0.3891446841318105,174.5967324266198,174.5967324266198
TT,TCGA-KIRC,TCGA-CJ-4882-01,TCGA-DX-A3UF-01,0.0025966038268244998,0.09906129328787977,38.15033015992515,38.15033015992515
TT,TCGA-KIRC,TCGA-BP-4167-01,TCGA-UZ-A9PQ-01,0.004065319485669993,0.35330858562828893,86.90795074622805,86.90795074622805
TT,TCGA-KIRC,TCGA-B8-5159-01,TCGA-HE-7128-01,0.001610476764689844,0.35393515876794407,219.7704223544679,219.7704223544679
TT,TCGA-KIRC,TCGA-B0-4698-01,TCGA-XM-A8RG-01,0.0034954139967074823,0.4108142435907418,117.52949549830429,117.52949549830429
TT,TCGA-KIRC,TCGA-BP-4344-01,TCGA-XM-A8RD-01,0.0033175534443941777,0.2307170306472871,69.54432973405153,69.54432973405153
TT,TCGA-KIRC,TCGA-DX-A1L2-01,TCGA-MM-A563-01,0.002250886564162364,0.0650452790125949,28.89762640562057,28.89762640562057
TT,TCGA-KIRC,TCGA-A3-3383-01,TCGA-AL-3471-01,0.0045536170846176074,0.3317807105404039,72.860915701757,72.860915701757
TT,TCGA-KIRC,TCGA-A3-3372-01,TCGA-AY-6196-01,0.0016291441094303221,0.41446550240777913,254.4068999228737,254.4068999228737
TT,TCGA-KIRC,TCGA-B0-5121-01,TCGA-BP-4768-01,0.001977424207032201,0.2445620868095573,123.67709768082896,123.67709768082896
TT,TCGA-KIRC,TCGA-CW-5591-01,TCGA-CW-6087-01,0.000985199307649452,0.3404787117132425,345.5937383122783,345.5937383122783
TT,TCGA-KIRC,TCGA-AY-6386-01,TCGA-DV-A4W0-01,0.0024184191420566796,0.29342804843430725,121.33051849100453,121.33051849100453
TT,TCGA-KIRC,TCGA-B1-A657-01,TCGA-DX-AB2O-01,0.0032373532095250606,0.46165764428802775,142.60342150177544,142.60342150177544
TT,TCGA-KIRC,TCGA-BP-4765-01,TCGA-CZ-5985-01,0.0011227052872209403,0.28768535477703794,256.24298562729007,256.24298562729007
TT,TCGA-KIRC,TCGA-AK-3427-01,TCGA-UZ-A9PV-01,0.012131640532061914,0.1627345190827431,13.414057122172617,13.414057122172617
TT,TCGA-KIRC,TCGA-A3-3313-01,TCGA-BW-A5NP-01,0.005556417467255,0.3598208948491237,64.75771429515783,64.75771429515783
TT,TCGA-KIRC,TCGA-BP-5202-01,TCGA-DX-A48U-01,0.0026622594322585394,0.2549394032475287,95.76054089937047,95.76054089937047
TT,TCGA-KIRC,TCGA-AK-3444-01,TCGA-BP-4973-01,0.0012516129810588679,0.24601474643821572,196.5581614774294,196.5581614774294
TT,TCGA-KIRC,TCGA-B0-4696-01,TCGA-DX-A48O-01,0.004085561647942384,0.428781515147576,104.95044551916716,104.95044551916716
TT,TCGA-KIRC,TCGA-B0-4811-01,TCGA-CZ-5984-01,0.004589398181333005,0.19660878319206232,42.8397745028427,42.8397745028427
TT,TCGA-KIRC,TCGA-BP-5004-01,TCGA-KL-8323-01,0.0032280227383367256,0.29469827889541056,91.29374319316508,91.29374319316508
TT,TCGA-KIRC,TCGA-DV-5575-01,TCGA-UZ-A9PU-01,0.001408310027740652,0.19874148816963344,141.12055176406992,141.12055176406992
TT,TCGA-KIRC,TCGA-AK-3440-01,TCGA-B8-4621-01,0.0032979610242480704,0.31477412408906275,95.44507099225974,95.44507099225974
TT,TCGA-KIRC,TCGA-BP-5168-01,TCGA-MM-A563-01,0.0012418012500785783,0.08715151628475226,70.18153370294765,70.18153370294765
TT,TCGA-KIRC,TCGA-B1-7332-01,TCGA-MM-A563-01,0.0019181654159141867,0.10256249794506808,53.46905803542881,53.46905803542881
TT,TCGA-KIRC,TCGA-BP-4177-01,TCGA-CJ-4903-01,0.0011603135002742205,0.34047195425458404,293.4310030643608,293.4310030643608
TT,TCGA-KIRC,TCGA-CJ-4637-01,TCGA-DX-A6BG-01,0.0011675571642330656,0.24702507952901587,211.57429126074481,211.57429126074481
TT,TCGA-KIRC,TCGA-B2-4099-01,TCGA-KL-8335-01,0.005159128619232015,0.24119669540935415,46.75144064255924,46.75144064255924
TT,TCGA-KIRC,TCGA-B4-5843-01,TCGA-CJ-4904-01,0.0009355395111203804,0.25532322988177203,272.91549618893475,272.91549618893475
TT,TCGA-KIRC,TCGA-BP-4331-01,TCGA-DX-A7EU-01,0.0035711943531991494,0.23665471114132872,66.26766502621975,66.26766502621975
TT,TCGA-KIRC,TCGA-B0-5108-01,TCGA-V5-AASW-01,0.002790168014614496,0.23695947010074722,84.92659540916097,84.92659540916097
TT,TCGA-KIRC,TCGA-B0-4816-01,TCGA-B8-A54H-01,0.000427332472913622,0.22941928320938815,536.863678168828,536.863678168828
TT,TCGA-KIRC,TCGA-AK-3455-01,TCGA-BP-4789-01,0.0021661891758170933,0.2904149214549179,134.06720183862635,134.06720183862635
TT,TCGA-KIRC,TCGA-B0-5712-01,TCGA-BP-4787-01,0.0013194007862004841,0.3049101008809052,231.09740730029688,231.09740730029688
TT,TCGA-KIRC,TCGA-CJ-4640-01,TCGA-XM-A8RG-01,0.003470286409726916,0.30267643334886885,87.21943886259436,87.21943886259436
TT,TCGA-KIRC,TCGA-A3-3357-01,TCGA-A3-3370-01,0.0008530634105254685,0.20303865825605,238.01121434921538,238.01121434921538
TT,TCGA-KIRC,TCGA-CW-5584-01,TCGA-DX-A3UA-01,0.002289540930006318,0.13748202678175833,60.04785718391981,60.04785718391981
TT,TCGA-KIRC,TCGA-BP-4961-01,TCGA-DX-A8BN-01,0.005429657931170751,0.24246046412214817,44.654832255679224,44.654832255679224
TT,TCGA-KIRC,TCGA-AK-3453-01,TCGA-BP-5004-01,0.0025513982303443056,0.31362184036530616,122.92155596697407,122.92155596697407
TT,TCGA-KIRC,TCGA-BP-4355-01,TCGA-XM-AAZ2-01,0.0017249739067161799,0.33344991651066686,193.30722349618205,193.30722349618205
TT,TCGA-KIRC,TCGA-BP-4355-01,TCGA-CW-5584-01,0.0018445716960150847,0.27069535667613187,146.75241806047867,146.75241806047867
TT,TCGA-KIRC,TCGA-CJ-6031-01,TCGA-DX-A23U-01,0.002054091431697683,0.15592551892984313,75.90972656994752,75.90972656994752
TT,TCGA-KIRC,TCGA-B0-5113-01,TCGA-B2-5633-01,0.0007822561229180454,0.2418498663385717,309.16966867117713,309.16966867117713
TT,TCGA-KIRC,TCGA-B0-4701-01,TCGA-BP-4991-01,0.0010400114233231118,0.2750455180815693,264.46393944667074,264.46393944667074
TT,TCGA-KIRC,TCGA-AY-A8YK-01,TCGA-XM-A8RF-01,0.0030699569108042454,0.43794963259588826,142.6566057180123,142.6566057180123
TT,TCGA-KIRC,TCGA-CW-5581-01,TCGA-RG-A7D4-01,0.005022792468696965,0.2515342780475012,50.07857274914553,50.07857274914553
TT,TCGA-KIRC,TCGA-UZ-A9PO-01,TCGA-XM-A8R8-01,0.0032893541013637308,0.43389213976678115,131.9080057652942,131.9080057652942
TT,TCGA-KIRC,TCGA-BP-5180-01,TCGA-CJ-4884-01,0.0019852410907622857,0.26725565481155444,134.62125887638896,134.62125887638896
TT,TCGA-KIRC,TCGA-B0-5705-01,TCGA-DX-A8BV-01,0.0016967543129866266,0.31074337887482445,183.1398785884646,183.1398785884646
TT,TCGA-KIRC,TCGA-DX-A2J4-01,TCGA-P4-A5EA-01,0.002927860821032559,0.307662207378633,105.08088539199441,105.08088539199441
TT,TCGA-KIRC,TCGA-BP-4994-01,TCGA-CJ-6033-01,0.002773821851739522,0.3333972209468161,120.19417207263535,120.19417207263535
TT,TCGA-KIRC,TCGA-B0-4811-01,TCGA-CZ-5458-01,0.0043569111264285,0.21677921486920293,49.755252879556394,49.755252879556394
TT,TCGA-KIRC,TCGA-DX-A6B7-01,TCGA-EU-5906-01,0.002619620873965609,0.1758289255923666,67.11998951443495,67.11998951443495
TT,TCGA-KIRC,TCGA-B2-3924-01,TCGA-KL-8333-01,0.002416838765343917,0.43137876353657,178.4888465553823,178.4888465553823
TT,TCGA-KIRC,TCGA-DX-A48U-01,TCGA-DX-AB2Q-01,0.0043024212844023964,0.43051526040300925,100.0634833143281,100.0634833143281
TT,TCGA-KIRC,TCGA-DX-A3M2-01,TCGA-XM-A8RE-01,0.007154975081552405,0.3835106680779108,53.600559569622014,53.600559569622014
TT,TCGA-KIRC,TCGA-CZ-5453-01,TCGA-XM-A8RL-01,0.0033308016971909573,0.39473838612750306,118.51152425567905,118.51152425567905
TT,TCGA-KIRC,TCGA-A3-3326-01,TCGA-CJ-4637-01,0.0009649143835915937,0.26090240267255727,270.3891734947812,270.3891734947812
TT,TCGA-KIRC,TCGA-B0-5693-01,TCGA-B0-5701-01,0.0014847525268066315,0.2934051096203576,197.61213018536225,197.61213018536225
TT,TCGA-KIRC,TCGA-B8-4154-01,TCGA-DX-A8BX-01,0.004680791217657998,0.4006592606399194,85.59648187863132,85.59648187863132
TT,TCGA-KIRC,TCGA-B0-4821-01,TCGA-EU-5904-01,0.00578476572390566,0.31971555645452787,55.26854011274769,55.26854011274769
TT,TCGA-KIRC,TCGA-B0-4837-01,TCGA-UZ-A9PK-01,0.0019264799380526543,0.3964448537325206,205.78716959454005,205.78716959454005
TT,TCGA-KIRC,TCGA-B2-4098-01,TCGA-CJ-5682-01,0.0018012439355372264,0.2361854490849504,131.1235221533209,131.1235221533209
TT,TCGA-KIRC,TCGA-CZ-4864-01,TCGA-UZ-A9PS-01,0.0017088078406657737,0.3043944381829283,178.13263196658335,178.13263196658335
TT,TCGA-KIRC,TCGA-DX-AB2V-01,TCGA-KL-8334-01,0.0038683243506301783,0.43852308980973,113.36254410473397,113.36254410473397
TT,TCGA-KIRC,TCGA-B0-4945-01,TCGA-DX-AB2O-01,0.0037981449559348172,0.3839774558681135,101.09605092036493,101.09605092036493
TT,TCGA-KIRC,TCGA-B8-A54J-01,TCGA-CJ-4640-01,0.0014801994037039524,0.2534542455077754,171.22979841334106,171.22979841334106
TT,TCGA-KIRC,TCGA-CZ-5463-01,TCGA-DX-A8BS-01,0.0042480864802513325,0.3771059167965882,88.77077209931876,88.77077209931876
TT,TCGA-KIRC,TCGA-CW-5580-01,TCGA-CZ-5454-01,0.0016611510605147415,0.1806582576654906,108.754863997444,108.754863997444
TT,TCGA-KIRC,TCGA-CZ-4858-01,TCGA-UZ-A9PS-01,0.002675896811321202,0.46351894762508283,173.2200381061122,173.2200381061122
TT,TCGA-KIRC,TCGA-A3-3351-01,TCGA-AL-3467-01,0.00109287092418772,0.13431101367496384,122.89741697976909,122.89741697976909
TT,TCGA-KIRC,TCGA-BP-4326-01,TCGA-BP-4959-01,0.001719949192176523,0.3461705433927992,201.2678891721999,201.2678891721999
TT,TCGA-KIRC,TCGA-BP-4963-01,TCGA-BP-5199-01,0.0014554695916355193,0.2899553357629559,199.2177215032926,199.2177215032926
TT,TCGA-KIRC,TCGA-BP-4976-01,TCGA-UZ-A9PZ-01,0.004323354897838308,0.39094142600265047,90.42547633508471,90.42547633508471
TT,TCGA-KIRC,TCGA-AK-3433-01,TCGA-DX-A3LW-01,0.005158368242417331,0.4061748575790696,78.74095808808072,78.74095808808072
TT,TCGA-KIRC,TCGA-B0-4690-01,TCGA-B0-5692-01,0.002055059375569243,0.354068618761305,172.29118680000644,172.29118680000644
TT,TCGA-KIRC,TCGA-AK-3429-01,TCGA-BP-4329-01,0.0011311008320920495,0.2409352322399242,213.00950843993084,213.00950843993084
TT,TCGA-KIRC,TCGA-A3-3367-01,TCGA-DX-A48J-01,0.002409147579819115,0.2790127584893308,115.81389236033428,115.81389236033428
TT,TCGA-KIRC,TCGA-DX-A8BK-01,TCGA-HE-A5NF-01,0.006369057804785607,0.41573180302338514,65.27367402930633,65.27367402930633
TT,TCGA-KIRC,TCGA-B0-5109-01,TCGA-B8-5158-01,0.0026240683745541397,0.3266885388847765,124.49696130356541,124.49696130356541
TT,TCGA-KIRC,TCGA-B0-5106-01,TCGA-DX-A8BV-01,0.0014145315081620646,0.3204744411953768,226.5587152680516,226.5587152680516
TT,TCGA-KIRC,TCGA-A3-3383-01,TCGA-UZ-A9PR-01,0.00354754619387469,0.396978974485914,111.90241163634485,111.90241163634485
TT,TCGA-KIRC,TCGA-B2-4102-01,TCGA-BP-5007-01,0.0008001475768493182,0.1904285250695601,237.9917537454733,237.9917537454733
TT,TCGA-KIRC,TCGA-B8-4146-01,TCGA-DX-A48J-01,0.011772653187851492,0.4397769475440736,37.35580591110005,37.35580591110005
TT,TCGA-KIRC,TCGA-B0-4707-01,TCGA-BW-A5NP-01,0.005219216849552439,0.27003953031553785,51.739473200599896,51.739473200599896
TT,TCGA-KIRC,TCGA-AL-3468-01,TCGA-BP-4994-01,0.003037427775789056,0.2483658938828027,81.76849367826789,81.76849367826789
TT,TCGA-KIRC,TCGA-CJ-6032-01,TCGA-DX-A8BO-01,0.005500171580722058,0.2539351140919705,46.1685804461093,46.1685804461093
TT,TCGA-KIRC,TCGA-A3-3319-01,TCGA-AL-3467-01,0.0030016778666748806,0.3275788827546021,109.13192464502488,109.13192464502488
TT,TCGA-KIRC,TCGA-BP-4782-01,TCGA-V5-AASV-01,0.0035817485653676833,0.1932455377392042,53.95284850749054,53.95284850749054
TT,TCGA-KIRC,TCGA-AY-6386-01,TCGA-XM-A8RD-01,0.002643333133896349,0.39729991921706254,150.30262895068054,150.30262895068054
TT,TCGA-KIRC,TCGA-B0-5094-01,TCGA-BP-5169-01,0.0065813639514028886,0.11223112085333856,17.052866500327077,17.052866500327077
TT,TCGA-KIRC,TCGA-DV-A4VX-01,TCGA-DX-A8BN-01,0.004394603399082965,0.38952099462450007,88.63621110969481,88.63621110969481
TT,TCGA-KIRC,TCGA-B0-5092-01,TCGA-V5-A7RB-01,0.0034374703459832774,0.32834062644835743,95.51809714723129,95.51809714723129
TT,TCGA-KIRC,TCGA-B0-5400-01,TCGA-BP-4972-01,0.004392543901828543,0.2712813939976093,61.759517960578464,61.759517960578464
TT,TCGA-KIRC,TCGA-B0-4815-01,TCGA-B0-5096-01,0.0022291008424388577,0.2658843652497546,119.27875140850546,119.27875140850546
TT,TCGA-KIRC,TCGA-B0-4690-01,TCGA-BP-4781-01,0.0012911792682122206,0.27011249324215303,209.198288643647,209.198288643647
TT,TCGA-KIRC,TCGA-B0-5117-01,TCGA-CZ-4864-01,0.005184591768853615,0.15508542857772184,29.912756007019887,29.912756007019887
TT,TCGA-KIRC,TCGA-AY-6386-01,TCGA-B8-5163-01,0.002438881985942809,0.3114554838755519,127.70420449645135,127.70420449645135
TT,TCGA-KIRC,TCGA-B2-3923-01,TCGA-BP-4162-01,0.003583100418202135,0.20185103588535225,56.33418334020164,56.33418334020164
TT,TCGA-KIRC,TCGA-B0-4707-01,TCGA-DX-A48R-01,0.005378744491142104,0.28175788133563323,52.383577952000046,52.383577952000046
TT,TCGA-KIRC,TCGA-B4-5834-01,TCGA-BP-5006-01,0.0007791326352463983,0.1991297754698067,255.57878910672574,255.57878910672574
TT,TCGA-KIRC,TCGA-B0-4846-01,TCGA-KL-8336-01,0.003661095656616522,0.21782908262447492,59.49833138907554,59.49833138907554
TT,TCGA-KIRC,TCGA-DX-AB36-01,TCGA-P4-A5E8-01,0.002730200801175213,0.446216886390295,163.43738753509314,163.43738753509314
TT,TCGA-KIRC,TCGA-AY-A71X-01,TCGA-DX-A8BR-01,0.002021436065929065,0.4607317652581464,227.9229964398558,227.9229964398558
TT,TCGA-KIRC,TCGA-B8-5546-01,TCGA-BP-4325-01,0.001449970066101426,0.3874223138959272,267.1933186438808,267.1933186438808
TT,TCGA-KIRC,TCGA-BP-4167-01,TCGA-RG-A7D4-01,0.0035505278826598345,0.19930955151101615,56.135188371399536,56.135188371399536
TT,TCGA-KIRC,TCGA-AK-3465-01,TCGA-CZ-5461-01,0.0031662482046403585,0.2525873689589839,79.77497423884819,79.77497423884819
TT,TCGA-KIRC,TCGA-B0-4718-01,TCGA-B2-3924-01,0.0028572842356333903,0.17979033200043662,62.9235025897175,62.9235025897175
TT,TCGA-KIRC,TCGA-DV-A4VX-01,TCGA-DX-A7ER-01,0.004736245827499081,0.3345331421039309,70.63255461986382,70.63255461986382
TT,TCGA-KIRC,TCGA-B4-5838-01,TCGA-DX-A1KU-01,0.002565698036056622,0.171966472337309,67.02521883737136,67.02521883737136
TT,TCGA-KIRC,TCGA-AK-3455-01,TCGA-B0-4815-01,0.0016752883311206175,0.32637552117883895,194.81752192503066,194.81752192503066
TT,TCGA-KIRC,TCGA-AL-3471-01,TCGA-BP-4162-01,0.003259887631005408,0.21425456320133981,65.72452411043992,65.72452411043992
TT,TCGA-KIRC,TCGA-AK-3465-01,TCGA-DX-A6Z0-01,0.004003362708681275,0.4152205817452532,103.71795212181229,103.71795212181229
TT,TCGA-KIRC,TCGA-BP-4974-01,TCGA-HE-A5NF-01,0.0033270775442736803,0.1089200142986396,32.73744385251996,32.73744385251996
TT,TCGA-KIRC,TCGA-A3-3365-01,TCGA-CZ-4864-01,0.0010531385008158397,0.2206116667188664,209.4802027919064,209.4802027919064
TT,TCGA-KIRC,TCGA-BP-4998-01,TCGA-CZ-5462-01,0.0018153770649727969,0.1582512382017541,87.1726547917611,87.1726547917611
TT,TCGA-KIRC,TCGA-B3-3925-01,TCGA-B8-5552-01,0.0008792630629216229,0.1982174779197758,225.4359204640498,225.4359204640498
TT,TCGA-KIRC,TCGA-DX-A8BO-01,TCGA-DX-AB2Q-01,0.0038579941219921386,0.3406802052229729,88.30500888556487,88.30500888556487
TT,TCGA-KIRC,TCGA-AK-3453-01,TCGA-BP-4974-01,0.0024552672897241194,0.18411334921772893,74.98708999557292,74.98708999557292
TT,TCGA-KIRC,TCGA-A3-3362-01,TCGA-BP-4985-01,0.0021095964426172437,0.17051033834425022,80.82604563586995,80.82604563586995
TT,TCGA-KIRC,TCGA-B0-4698-01,TCGA-BP-4174-01,0.003338528116287172,0.22802323788422388,68.30052943744921,68.30052943744921
TT,TCGA-KIRC,TCGA-B0-4847-01,TCGA-DX-A3U9-01,0.005374548635006478,0.4522315417930075,84.14316671123815,84.14316671123815
TT,TCGA-KIRC,TCGA-A3-3349-01,TCGA-BP-5201-01,0.0013657466632948341,0.24316816396872112,178.04778185002715,178.04778185002715
TT,TCGA-KIRC,TCGA-B8-4148-01,TCGA-CJ-5680-01,0.001271091206347039,0.2753718050268963,216.6420502729157,216.6420502729157
TT,TCGA-KIRC,TCGA-BP-4985-01,TCGA-CJ-4889-01,0.0020640336192591325,0.21594607670354782,104.62333301579643,104.62333301579643
TT,TCGA-KIRC,TCGA-B2-3924-01,TCGA-B2-4101-01,0.0009360439375605404,0.24973285144973467,266.79607807788693,266.79607807788693
TT,TCGA-KIRC,TCGA-AL-A5DJ-01,TCGA-CZ-4856-01,0.008359346872647389,0.20765491949227832,24.841045916128422,24.841045916128422
TT,TCGA-KIRC,TCGA-B0-4849-01,TCGA-DX-A7EU-01,0.003157788716831595,0.3535451493970969,111.95972279989356,111.95972279989356
TT,TCGA-KIRC,TCGA-A3-3362-01,TCGA-B4-5378-01,0.0008195034405308033,0.18226461495712915,222.4086025057734,222.4086025057734
TT,TCGA-KIRC,TCGA-A3-3320-01,TCGA-B0-4707-01,0.00538817181498416,0.331939296833076,61.60518042687023,61.60518042687023
TT,TCGA-KIRC,TCGA-BP-4337-01,TCGA-BP-4971-01,0.0013096228322010757,0.18092573221383818,138.1510216264001,138.1510216264001
TT,TCGA-KIRC,TCGA-BP-4976-01,TCGA-P4-AAVL-01,0.004648294265987731,0.4037014858510601,86.84938232181311,86.84938232181311
TT,TCGA-KIRC,TCGA-CJ-4639-01,TCGA-CJ-4916-01,0.0010541593128635973,0.17902419909415462,169.82651190344265,169.82651190344265
TT,TCGA-KIRC,TCGA-B0-4834-01,TCGA-BW-A5NO-01,0.007778171671293461,0.4159584848788222,53.47766833354694,53.47766833354694
TT,TCGA-KIRC,TCGA-BP-4972-01,TCGA-UZ-A9PP-01,0.0022831622298944746,0.306971422967942,134.45011438461378,134.45011438461378
TT,TCGA-KIRC,TCGA-B8-5552-01,TCGA-BP-4801-01,0.000473462366964983,0.1484512939670038,313.5440202325165,313.5440202325165
TT,TCGA-KIRC,TCGA-BP-4961-01,TCGA-DX-A6BE-01,0.0034841872899349243,0.23323964834560956,66.94233947164358,66.94233947164358
TT,TCGA-KIRC,TCGA-DX-A7ET-01,TCGA-DX-AB2H-01,0.010024925043578239,0.41514290026386247,41.41107274710193,41.41107274710193
TT,TCGA-KIRC,TCGA-CJ-5671-01,TCGA-DX-A6BG-01,0.0010984413249259589,0.1160695955865283,105.6675426831306,105.6675426831306
TT,TCGA-KIRC,TCGA-BP-5202-01,TCGA-DX-A3LU-01,0.009355518066687461,0.2806854320921381,30.00212602780225,30.00212602780225
TT,TCGA-KIRC,TCGA-DX-A6YX-01,TCGA-XM-A8RB-01,0.0037981319879657567,0.45799927683857117,120.58540311124659,120.58540311124659
TT,TCGA-KIRC,TCGA-BP-4769-01,TCGA-CW-6097-01,0.0012278828727005254,0.28604007203283643,232.95387401547396,232.95387401547396
TT,TCGA-KIRC,TCGA-CJ-4869-01,TCGA-XM-AAZ3-01,0.0027888386508876633,0.32236442880964455,115.59092122702715,115.59092122702715
TT,TCGA-KIRC,TCGA-BP-4166-01,TCGA-DV-A4VZ-01,0.0030551591040461827,0.39906184376250003,130.61900548288685,130.61900548288685
TT,TCGA-KIRC,TCGA-CW-5590-01,TCGA-KL-8333-01,0.0024016454462066697,0.36796489322677933,153.21366182838076,153.21366182838076
TT,TCGA-KIRC,TCGA-CW-5591-01,TCGA-UZ-A9PX-01,0.0023681730372179274,0.296644818904264,125.26315190749538,125.26315190749538
TT,TCGA-KIRC,TCGA-A3-3347-01,TCGA-DX-A8BT-01,0.002548186453258317,0.0473444748246425,18.57967448343665,18.57967448343665
TT,TCGA-KIRC,TCGA-A3-3349-01,TCGA-DX-A7ES-01,0.0025007271177306055,0.13467912069045385,53.855984419713224,53.855984419713224
TT,TCGA-KIRC,TCGA-A3-A6NI-01,TCGA-DV-5568-01,0.0011880826116209657,0.2273924035135133,191.39443780198877,191.39443780198877
TT,TCGA-KIRC,TCGA-DX-A23Y-01,TCGA-RG-A7D4-01,0.004742264433744252,0.45480324280354245,95.90423502479655,95.90423502479655
TT,TCGA-KIRC,TCGA-BP-4337-01,TCGA-BP-5186-01,0.002018134636352393,0.29396650759813675,145.66248569493672,145.66248569493672
TT,TCGA-KIRC,TCGA-CJ-4891-01,TCGA-DX-A48R-01,0.0053464175675675485,0.38960089782680796,72.8713933962446,72.8713933962446
TT,TCGA-KIRC,TCGA-DX-A6BH-01,TCGA-XM-A8R9-01,0.0031208898404921043,0.4353565663089528,139.49757555053768,139.49757555053768
TT,TCGA-KIRC,TCGA-B0-5107-01,TCGA-DX-A2IZ-01,0.005793700554618357,0.44535415444050375,76.86868698892225,76.86868698892225
TT,TCGA-KIRC,TCGA-B0-4710-01,TCGA-B8-4620-01,0.001257791164673936,0.22469915238340515,178.64583461409123,178.64583461409123
TT,TCGA-KIRC,TCGA-CJ-6032-01,TCGA-DX-A23U-01,0.002785140851760789,0.33757057935377666,121.20413197069074,121.20413197069074
TT,TCGA-KIRC,TCGA-B8-A54H-01,TCGA-CJ-4872-01,0.0008157378555795433,0.24716991704422175,303.00165102503325,303.00165102503325
TT,TCGA-KIRC,TCGA-BP-4789-01,TCGA-BP-4968-01,0.002181096178530279,0.24321544574893877,111.51064686786454,111.51064686786454
TT,TCGA-KIRC,TCGA-B0-4811-01,TCGA-BP-5184-01,0.0042707855913624165,0.22543088633692482,52.78440734483476,52.78440734483476
TT,TCGA-KIRC,TCGA-BP-4795-01,TCGA-CJ-5676-01,0.002475675491265191,0.3539877508322108,142.98632921849776,142.98632921849776
TT,TCGA-KIRC,TCGA-A3-3378-01,TCGA-B0-5097-01,0.0009551459577124568,0.2665879371642411,279.107015018637,279.107015018637
TT,TCGA-KIRC,TCGA-AK-3425-01,TCGA-BP-4973-01,0.0008944832252437782,0.12797914989645942,143.07607597848533,143.07607597848533
TT,TCGA-KIRC,TCGA-B0-5099-01,TCGA-BP-5168-01,0.0012853738621149908,0.22432671461402412,174.52254260477224,174.52254260477224
TT,TCGA-KIRC,TCGA-A3-3383-01,TCGA-B0-4849-01,0.002782505554608245,0.20694062816990316,74.37204494603023,74.37204494603023
TT,TCGA-KIRC,TCGA-BP-4165-01,TCGA-HE-A5NH-01,0.0022427421683323236,0.3746828176211796,167.0645974877216,167.0645974877216
TT,TCGA-KIRC,TCGA-B0-4810-01,TCGA-CJ-4875-01,0.0013820735873837269,0.11594451302965042,83.89170742285441,83.89170742285441
TT,TCGA-KIRC,TCGA-B8-A54K-01,TCGA-DV-5566-01,0.0015547134171838301,0.28767197554721946,185.0321560022949,185.0321560022949
TT,TCGA-KIRC,TCGA-BP-4761-01,TCGA-CJ-4908-01,0.009437430413657836,0.1594674849715636,16.89734154127192,16.89734154127192
TT,TCGA-KIRC,TCGA-A3-3382-01,TCGA-DX-A48K-01,0.002769694359317368,0.3734224177146894,134.82441355252095,134.82441355252095
TT,TCGA-KIRC,TCGA-A3-3326-01,TCGA-B0-5100-01,0.0031624083727765174,0.3888602317393421,122.96331969230536,122.96331969230536
TT,TCGA-KIRC,TCGA-CZ-4859-01,TCGA-KL-8337-01,0.004935862437387163,0.18843054794860592,38.17581027407099,38.17581027407099
TT,TCGA-KIRC,TCGA-BP-4160-01,TCGA-BW-A5NP-01,0.00433987008801643,0.09315065526913258,21.463927117622035,21.463927117622035
TT,TCGA-KIRC,TCGA-DX-A8BU-01,TCGA-UZ-A9PK-01,0.003470002247771214,0.4727842902311368,136.24898673619205,136.24898673619205
TT,TCGA-KIRC,TCGA-AK-3431-01,TCGA-DX-AB3A-01,0.0029324839958125423,0.2209608894462824,75.34939312944411,75.34939312944411
TT,TCGA-KIRC,TCGA-DX-AATS-01,TCGA-DX-AB3C-01,0.0038300450049441083,0.30829206712904106,80.49306646033523,80.49306646033523
TT,TCGA-KIRC,TCGA-B4-5843-01,TCGA-BP-4174-01,0.0012356699500091083,0.2215691270233946,179.31092928314828,179.31092928314828
TT,TCGA-KIRC,TCGA-CJ-4868-01,TCGA-HE-7128-01,0.0012959964012670426,0.1669100665553931,128.78898922266447,128.78898922266447
TT,TCGA-KIRC,TCGA-BP-4330-01,TCGA-KL-8337-01,0.004828388891036621,0.1479380643826996,30.639218944714777,30.639218944714777
TT,TCGA-KIRC,TCGA-B0-5402-01,TCGA-B0-5697-01,0.0014633657259196281,0.25085808842655666,171.42542290233635,171.42542290233635
TT,TCGA-KIRC,TCGA-B1-A654-01,TCGA-DX-A3U5-01,0.005765714695517797,0.4333845167506482,75.16579290466046,75.16579290466046
TT,TCGA-KIRC,TCGA-B0-5113-01,TCGA-BP-5198-01,0.0013223500545751796,0.2513934233815942,190.1110999404445,190.1110999404445
TT,TCGA-KIRC,TCGA-DV-5567-01,TCGA-DX-A6B8-01,0.003352520124887783,0.35596960727902355,106.17970780740315,106.17970780740315
TT,TCGA-KIRC,TCGA-UZ-A9PR-01,TCGA-XM-A8R9-01,0.002281330729806315,0.4927252811553846,215.98152109984377,215.98152109984377
TT,TCGA-KIRC,TCGA-BP-4768-01,TCGA-P4-A5EB-01,0.0024680177641993846,0.3356574039942066,136.00283144764666,136.00283144764666
TT,TCGA-KIRC,TCGA-B0-4844-01,TCGA-CJ-5689-01,0.0020119526309546735,0.21056974274734636,104.65939381854672,104.65939381854672
TT,TCGA-KIRC,TCGA-B0-5077-01,TCGA-CW-6097-01,0.0014194471375308815,0.2833386112278089,199.61195012917102,199.61195012917102
TT,TCGA-KIRC,TCGA-B8-A7U6-01,TCGA-BP-4777-01,0.0009519912529305307,0.22068154747182167,231.81047808211886,231.81047808211886
TT,TCGA-KIRC,TCGA-B0-5710-01,TCGA-BP-4775-01,0.0011334260382578679,0.25644742028345624,226.2586279362601,226.2586279362601
TT,TCGA-KIRC,TCGA-AL-3466-01,TCGA-KL-8344-01,0.004808254825263895,0.3705789880145648,77.07141187015313,77.07141187015313
TT,TCGA-KIRC,TCGA-A3-3346-01,TCGA-BP-4353-01,0.003968356292273189,0.2127932775177892,53.62252324271394,53.62252324271394
TT,TCGA-KIRC,TCGA-BP-5000-01,TCGA-DX-A6YQ-01,0.00435424890822709,0.2746516255414559,63.07669389834795,63.07669389834795
TT,TCGA-KIRC,TCGA-CJ-4886-01,TCGA-DX-AB32-01,0.0027515410321190038,0.08967591608138697,32.59116074759248,32.59116074759248
TT,TCGA-KIRC,TCGA-B8-5158-01,TCGA-XM-AAZ3-01,0.0032143869337752417,0.34261923053192095,106.58929294785324,106.58929294785324
TT,TCGA-KIRC,TCGA-DV-5575-01,TCGA-K6-A3WQ-01,0.004521264659830207,0.20929556987811662,46.291377662013836,46.291377662013836
TT,TCGA-KIRC,TCGA-A3-3324-01,TCGA-BP-4327-01,0.001415166242733836,0.25174633937653196,177.89170754257478,177.89170754257478
TT,TCGA-KIRC,TCGA-B0-5107-01,TCGA-DX-AB2Q-01,0.004389192382654176,0.4426466823116912,100.84923232369678,100.84923232369678
TT,TCGA-KIRC,TCGA-B8-A54F-01,TCGA-CZ-5470-01,0.0022319121079557476,0.29122728942027193,130.48331445587826,130.48331445587826
TT,TCGA-KIRC,TCGA-DX-A48O-01,TCGA-DX-AB2V-01,0.0037576308916443084,0.40975725836521604,109.04670261157813,109.04670261157813
TT,TCGA-KIRC,TCGA-A3-3351-01,TCGA-DX-A6YS-01,0.0020796159005136237,0.19372640977228867,93.15489928906685,93.15489928906685
TT,TCGA-KIRC,TCGA-B2-5633-01,TCGA-KL-8326-01,0.0083030057994113,0.11802150135298184,14.214310359912046,14.214310359912046
TT,TCGA-KIRC,TCGA-B0-5713-01,TCGA-CZ-4861-01,0.001094557673778288,0.2701378592037664,246.80093673938745,246.80093673938745
TT,TCGA-KIRC,TCGA-CZ-5455-01,TCGA-DV-A4VX-01,0.005008433213255262,0.24516002715643442,48.94944520925161,48.94944520925161
TT,TCGA-KIRC,TCGA-B0-4837-01,TCGA-CJ-4886-01,0.0014367557904009873,0.22632786348843256,157.52702372980605,157.52702372980605
TT,TCGA-KIRC,TCGA-CJ-4901-01,TCGA-XM-AAZ3-01,0.0024616275883875957,0.3257045473299076,132.31268160398264,132.31268160398264
TT,TCGA-KIRC,TCGA-CJ-5684-01,TCGA-CZ-5986-01,0.0019196946944019231,0.22311357359403472,116.22346732772802,116.22346732772802
TT,TCGA-KIRC,TCGA-CJ-6031-01,TCGA-DX-A1L4-01,0.0015404195006069263,0.14711101273923685,95.50061699509453,95.50061699509453
TT,TCGA-KIRC,TCGA-B4-5835-01,TCGA-DX-A3U9-01,0.004471714670267045,0.4491270694167637,100.4373271852657,100.4373271852657
TT,TCGA-KIRC,TCGA-DX-A23R-01,TCGA-UZ-A9PS-01,0.0032698067434984166,0.48116070702243396,147.15264380048123,147.15264380048123
TT,TCGA-KIRC,TCGA-BP-4760-01,TCGA-BP-4967-01,0.0012487429698214239,0.34965922226998214,280.008961587976,280.008961587976
TT,TCGA-KIRC,TCGA-B0-5107-01,TCGA-DX-AB37-01,0.003353601248618485,0.46015421557097036,137.21196452933418,137.21196452933418
TT,TCGA-KIRC,TCGA-BP-4770-01,TCGA-BP-4774-01,0.003037121567384662,0.3236783820322544,106.57406193686926,106.57406193686926
TT,TCGA-KIRC,TCGA-DV-5574-01,TCGA-DX-A3UA-01,0.0019792309580362994,0.1242951356382471,62.79971275387029,62.79971275387029
TT,TCGA-KIRC,TCGA-AK-3429-01,TCGA-B0-4688-01,0.0035214452822978142,0.3727081793758632,105.83954867890594,105.83954867890594
TT,TCGA-KIRC,TCGA-BP-4770-01,TCGA-DX-A6BA-01,0.0037777756950548996,0.35744674187305614,94.61830736561548,94.61830736561548
TT,TCGA-KIRC,TCGA-B0-5699-01,TCGA-CJ-4876-01,0.002204704504901342,0.2908462732740804,131.92075066181962,131.92075066181962
TT,TCGA-KIRC,TCGA-A3-A6NN-01,TCGA-AK-3426-01,0.005163986177264924,0.23951734787622805,46.38225968356233,46.38225968356233
TT,TCGA-KIRC,TCGA-AY-6197-01,TCGA-CW-5587-01,0.0025343258344079026,0.29856416014007675,117.80811925859985,117.80811925859985
TT,TCGA-KIRC,TCGA-BP-4799-01,TCGA-DX-AB2V-01,0.008045381996414885,0.4220345022023673,52.45673883358562,52.45673883358562
TT,TCGA-KIRC,TCGA-B4-5836-01,TCGA-CJ-4643-01,0.0005876567489052787,0.15891784444242713,270.4263070890763,270.4263070890763
TT,TCGA-KIRC,TCGA-B8-5164-01,TCGA-CZ-5456-01,0.0019080423808935409,0.33557256785483314,175.87270136928703,175.87270136928703
TT,TCGA-KIRC,TCGA-CJ-4871-01,TCGA-DV-A4VX-01,0.003430042864092749,0.24784703103964056,72.25770664099163,72.25770664099163
TT,TCGA-KIRC,TCGA-B0-5094-01,TCGA-B4-5835-01,0.003695478900724508,0.33446974600735396,90.50782185274562,90.50782185274562
TT,TCGA-KIRC,TCGA-AY-5543-01,TCGA-DV-5567-01,0.004517831005226189,0.3571879258935821,79.0618164956569,79.0618164956569
TT,TCGA-KIRC,TCGA-BP-5199-01,TCGA-CZ-4864-01,0.0014750909818027685,0.26614645949097854,180.4271484093206,180.4271484093206
TT,TCGA-KIRC,TCGA-A3-3382-01,TCGA-BP-4165-01,0.00340544488152829,0.33492309189292196,98.34929166218532,98.34929166218532
TT,TCGA-KIRC,TCGA-BP-5007-01,TCGA-HE-A5NH-01,0.0013317921546819416,0.2889813408641537,216.98681723588334,216.98681723588334
TT,TCGA-KIRC,TCGA-B0-5106-01,TCGA-CJ-5675-01,0.001380165271058976,0.23273483729489622,168.62823762861598,168.62823762861598
TT,TCGA-KIRC,TCGA-B0-4693-01,TCGA-DX-A8BJ-01,0.005149960482087207,0.3460521148722051,67.19510102569855,67.19510102569855
TT,TCGA-KIRC,TCGA-AY-5543-01,TCGA-CZ-5467-01,0.003472755285824302,0.34583598739763877,99.58547577749933,99.58547577749933
TT,TCGA-KIRC,TCGA-B0-4706-01,TCGA-B8-A7U6-01,0.001065518916444927,0.2325474552311005,218.2480776662214,218.2480776662214
TT,TCGA-KIRC,TCGA-BP-5001-01,TCGA-CJ-4897-01,0.004153124774998273,0.3126151441633593,75.2722735529874,75.2722735529874
TT,TCGA-KIRC,TCGA-B8-4151-01,TCGA-DX-A7ET-01,0.009434378292384025,0.33214395208306946,35.20570638461628,35.20570638461628
TT,TCGA-KIRC,TCGA-HE-7130-01,TCGA-KL-8325-01,0.004088079985204672,0.44392884000893273,108.59103579567248,108.59103579567248
TT,TCGA-KIRC,TCGA-BP-5185-01,TCGA-CZ-4861-01,0.01116706200204015,0.15974818854430456,14.305301476352474,14.305301476352474
TT,TCGA-KIRC,TCGA-BP-4173-01,TCGA-CW-5585-01,0.0009736598568119774,0.2651141961722484,272.28625512024615,272.28625512024615
TT,TCGA-KIRC,TCGA-BP-4960-01,TCGA-CW-6097-01,0.0036820255923341576,0.2595005818296964,70.47766923998765,70.47766923998765
TT,TCGA-KIRC,TCGA-DV-5569-01,TCGA-DX-A3UE-01,0.00280011943481062,0.18980951588162476,67.78622137396869,67.78622137396869
TT,TCGA-KIRC,TCGA-BP-4177-01,TCGA-BP-4787-01,0.0017085900861267833,0.32549473747921726,190.50487306588786,190.50487306588786
TT,TCGA-KIRC,TCGA-BP-4761-01,TCGA-CJ-4923-01,0.0050590365574672835,0.09364010183393617,18.509473250538324,18.509473250538324
TT,TCGA-KIRC,TCGA-A3-3306-01,TCGA-BP-4781-01,0.0016023753433890848,0.17529574778542967,109.39743207398118,109.39743207398118
TT,TCGA-KIRC,TCGA-B0-4824-01,TCGA-B0-5710-01,0.0010603738426218285,0.2629830206225126,248.00972077194365,248.00972077194365
TT,TCGA-KIRC,TCGA-CJ-6027-01,TCGA-DX-A8BM-01,0.0027486889393108964,0.34047241138800766,123.86720320319876,123.86720320319876
TT,TCGA-KIRC,TCGA-BW-A5NO-01,TCGA-DX-A8BV-01,0.004601275337521768,0.4723550799976852,102.65742546328345,102.65742546328345
TT,TCGA-KIRC,TCGA-B0-5094-01,TCGA-B8-5550-01,0.0016332435838974208,0.3302214864737921,202.1875302187211,202.1875302187211
TT,TCGA-KIRC,TCGA-B8-5159-01,TCGA-BP-4776-01,0.00394128753629211,0.3237009504496716,82.13076246505057,82.13076246505057
TT,TCGA-KIRC,TCGA-B0-5692-01,TCGA-UZ-A9PJ-01,0.0014149793600140457,0.3154173781155232,222.91305939076892,222.91305939076892
TT,TCGA-KIRC,TCGA-B0-5098-01,TCGA-B2-5639-01,0.0025240300244854545,0.3130385743463985,124.0233164065527,124.0233164065527
TT,TCGA-KIRC,TCGA-CW-5583-01,TCGA-DX-AB30-01,0.0019664602944300122,0.2594685880404679,131.94702622545253,131.94702622545253
TT,TCGA-KIRC,TCGA-CZ-4854-01,TCGA-DX-A2J1-01,0.005725594898668752,0.0896712845960266,15.661479057289908,15.661479057289908
TT,TCGA-KIRC,TCGA-BP-4991-01,TCGA-EU-5904-01,0.0007238911519177766,0.2483184253823938,343.03282299353083,343.03282299353083
TT,TCGA-KIRC,TCGA-B0-4945-01,TCGA-KL-8344-01,0.001707024916406671,0.1665647204748505,97.57603352707545,97.57603352707545
TT,TCGA-KIRC,TCGA-BP-4174-01,TCGA-CJ-4903-01,0.0012759110156416408,0.2575937694189146,201.89007404201593,201.89007404201593
TT,TCGA-KIRC,TCGA-AL-3472-01,TCGA-B0-5694-01,0.0032989885701340113,0.26718169411757753,80.98897235849596,80.98897235849596
TT,TCGA-KIRC,TCGA-B0-5695-01,TCGA-BP-4982-01,0.0009666943602582131,0.18580231103671066,192.2037809210774,192.2037809210774
TT,TCGA-KIRC,TCGA-AY-6197-01,TCGA-B1-A655-01,0.0029877709166137704,0.4732244768598196,158.3871354488432,158.3871354488432
TT,TCGA-KIRC,TCGA-B0-5107-01,TCGA-CJ-6030-01,0.003067239484095774,0.12565530967257046,40.96690536363965,40.96690536363965
TT,TCGA-KIRC,TCGA-AK-3451-01,TCGA-B0-5110-01,0.011476019429925592,0.2259289352631857,19.687047119669312,19.687047119669312
TT,TCGA-KIRC,TCGA-B0-5711-01,TCGA-CJ-4873-01,0.004201030240762809,0.2745637793475153,65.35629681581653,65.35629681581653
TT,TCGA-KIRC,TCGA-A3-3374-01,TCGA-B0-5699-01,0.005878612050498493,0.17920934188517218,30.48497508352769,30.48497508352769
TT,TCGA-KIRC,TCGA-CJ-4888-01,TCGA-DX-A7ER-01,0.005641325290793059,0.16288597087875933,28.873706528605585,28.873706528605585
TT,TCGA-KIRC,TCGA-B0-5117-01,TCGA-KL-8333-01,0.0036340357086006025,0.13198313901306308,36.318613683597306,36.318613683597306
TT,TCGA-KIRC,TCGA-B8-A54G-01,TCGA-CZ-4865-01,0.0012868342851933652,0.32725764753636377,254.31219178869534,254.31219178869534
TT,TCGA-KIRC,TCGA-B0-5095-01,TCGA-BP-4762-01,0.0013542335746895172,0.24281293058175324,179.29915128372338,179.29915128372338
TT,TCGA-KIRC,TCGA-CJ-6028-01,TCGA-DX-A8BT-01,0.0032858601104840558,0.19021579435317154,57.88919429231269,57.88919429231269
TT,TCGA-KIRC,TCGA-B0-5700-01,TCGA-BW-A5NO-01,0.003658880859802086,0.2770203224450003,75.7117635308805,75.7117635308805
TT,TCGA-KIRC,TCGA-CJ-4644-01,TCGA-DV-5573-01,0.0009627792912893285,0.09727045363667985,101.03089515606203,101.03089515606203
TT,TCGA-KIRC,TCGA-BP-4340-01,TCGA-P4-A5E7-01,0.002026087497268538,0.39819956412447943,196.5362131010189,196.5362131010189
TT,TCGA-KIRC,TCGA-AK-3443-01,TCGA-KL-8333-01,0.0014601152694166497,0.22247768232403767,152.36994433523233,152.36994433523233
TT,TCGA-KIRC,TCGA-B0-5116-01,TCGA-BP-5170-01,0.001515052315817602,0.2892506273740043,190.91791376056176,190.91791376056176
TT,TCGA-KIRC,TCGA-A3-3326-01,TCGA-CZ-5459-01,0.0012539242355826803,0.2707641780052287,215.9334434423851,215.9334434423851
TT,TCGA-KIRC,TCGA-BP-4164-01,TCGA-BP-4998-01,0.0009310169292789149,0.1424084717404009,152.9601312950326,152.9601312950326
TT,TCGA-KIRC,TCGA-B8-5551-01,TCGA-BP-4989-01,0.001835522333214008,0.309241768842211,168.47616792584986,168.47616792584986
TT,TCGA-KIRC,TCGA-BP-4756-01,TCGA-DX-AB37-01,0.005089961819784503,0.3048107014546708,59.88467345076781,59.88467345076781
TT,TCGA-KIRC,TCGA-B8-5162-01,TCGA-DX-A8BO-01,0.004699142067547854,0.357110049422962,75.99473356831541,75.99473356831541
TT,TCGA-KIRC,TCGA-B8-4622-01,TCGA-DX-A8BG-01,0.0023020556523914134,0.21179662137753347,92.00325854742722,92.00325854742722
TT,TCGA-KIRC,TCGA-EU-5906-01,TCGA-V5-AASX-01,0.00231794176168408,0.2597577383273433,112.06396235711229,112.06396235711229
TT,TCGA-KIRC,TCGA-BP-5201-01,TCGA-CZ-5464-01,0.0008987333219884344,0.2413113925741781,268.5016641424624,268.5016641424624
TT,TCGA-KIRC,TCGA-B0-5402-01,TCGA-BP-4784-01,0.001335403685920349,0.36900719857149156,276.3263292306812,276.3263292306812
TT,TCGA-KIRC,TCGA-B2-4099-01,TCGA-BP-4975-01,0.0021499493152737623,0.2293639979839621,106.68344428145562,106.68344428145562
TT,TCGA-KIRC,TCGA-A3-3335-01,TCGA-CJ-4900-01,0.0017983097555892438,0.3217538713215582,178.92016117998014,178.92016117998014
TT,TCGA-KIRC,TCGA-CZ-5452-01,TCGA-UZ-A9PQ-01,0.0024700152191986444,0.27643292239196515,111.91547333123285,111.91547333123285
TT,TCGA-KIRC,TCGA-B8-4146-01,TCGA-BP-5175-01,0.02295288171128536,0.22729074334074256,9.902492689141921,9.902492689141921
TT,TCGA-KIRC,TCGA-BP-4756-01,TCGA-P4-A5E6-01,0.004991887039247009,0.3140220539707731,62.906482358651516,62.906482358651516
TT,TCGA-KIRC,TCGA-B0-4814-01,TCGA-BP-5190-01,0.0016193935355677692,0.1978045709715987,122.14731418095184,122.14731418095184
TT,TCGA-KIRC,TCGA-B8-A54I-01,TCGA-V5-AASX-01,0.007445761606998906,0.39382493093219945,52.892498003429196,52.892498003429196
TT,TCGA-KIRC,TCGA-DX-A6YQ-01,TCGA-DX-A6YT-01,0.0019241063398643095,0.289769880533871,150.59972233879023,150.59972233879023
TT,TCGA-KIRC,TCGA-CZ-5458-01,TCGA-XM-A8RB-01,0.0033397419180059046,0.17063199201016357,51.09137059070859,51.09137059070859
TT,TCGA-KIRC,TCGA-AK-3461-01,TCGA-KL-8343-01,0.0033977675650920525,0.10879506887995388,32.01957367469496,32.01957367469496
TT,TCGA-KIRC,TCGA-AY-A69D-01,TCGA-XM-A8RH-01,0.0026938810433294884,0.417343615874724,154.9228080832071,154.9228080832071
TT,TCGA-KIRC,TCGA-BP-5174-01,TCGA-UZ-A9PK-01,0.001666689144015869,0.34631300496095674,207.78500070296215,207.78500070296215
TT,TCGA-KIRC,TCGA-B2-5641-01,TCGA-P4-A5ED-01,0.007200087072542985,0.3125984616027311,43.4159279538164,43.4159279538164
TT,TCGA-KIRC,TCGA-AK-3427-01,TCGA-KL-8330-01,0.010688978403160364,0.26154588197192036,24.468744542938754,24.468744542938754
TT,TCGA-KIRC,TCGA-BP-4983-01,TCGA-DX-A3LS-01,0.002557893596916297,0.3487003601514031,136.3232468198769,136.3232468198769
TT,TCGA-KIRC,TCGA-B0-4696-01,TCGA-UZ-A9PR-01,0.0023717436076619047,0.38357652488731686,161.727652031263,161.727652031263
TT,TCGA-KIRC,TCGA-BP-4781-01,TCGA-BP-4969-01,0.0030161282402713626,0.23440222840454228,77.71626725773868,77.71626725773868
TT,TCGA-KIRC,TCGA-B0-4842-01,TCGA-V5-AASW-01,0.0088865640192946,0.4413121561239974,49.660606187702676,49.660606187702676
TT,TCGA-KIRC,TCGA-BP-4165-01,TCGA-KL-8346-01,0.005328179685663313,0.23194994458373297,43.53268062784132,43.53268062784132
TT,TCGA-KIRC,TCGA-CZ-5452-01,TCGA-UZ-A9Q0-01,0.005796384064731324,0.28672932122409733,49.466929385982276,49.466929385982276
TT,TCGA-KIRC,TCGA-BP-4790-01,TCGA-DX-A6B8-01,0.0036627275669734653,0.08943372061742222,24.417246159348363,24.417246159348363
TT,TCGA-KIRC,TCGA-A3-A6NI-01,TCGA-B0-5106-01,0.0008319042495215066,0.24058791172120558,289.20144579089066,289.20144579089066
TT,TCGA-KIRC,TCGA-CZ-5457-01,TCGA-CZ-5470-01,0.0015305330108308667,0.22079060329203085,144.25732847942444,144.25732847942444
TT,TCGA-KIRC,TCGA-DX-A23Y-01,TCGA-KL-8346-01,0.0071124952412347855,0.327795703884046,46.08730027454304,46.08730027454304
TT,TCGA-KIRC,TCGA-DX-AB2W-01,TCGA-UZ-A9PL-01,0.005936671402099936,0.42229978436953314,71.13410121034424,71.13410121034424
TT,TCGA-KIRC,TCGA-A3-3307-01,TCGA-BP-4341-01,0.0017725020677473529,0.18456940614676393,104.12930371434234,104.12930371434234
TT,TCGA-KIRC,TCGA-B0-4852-01,TCGA-BP-5183-01,0.0014479005770736998,0.2074947524165633,143.30732075259166,143.30732075259166
TT,TCGA-KIRC,TCGA-A3-A8OU-01,TCGA-CJ-4901-01,0.001240461979896523,0.22375107938340938,180.37721672217174,180.37721672217174
TT,TCGA-KIRC,TCGA-A3-A6NJ-01,TCGA-CJ-4918-01,0.0007730736757512477,0.29256256541270614,378.44072898796276,378.44072898796276
TT,TCGA-KIRC,TCGA-A3-3372-01,TCGA-B1-A47M-01,0.006111237497098299,0.36781777983140806,60.18711922193386,60.18711922193386
TT,TCGA-KIRC,TCGA-A3-A8OV-01,TCGA-DX-A7ET-01,0.008406424665902787,0.2141199773126745,25.470992225882227,25.470992225882227
TT,TCGA-KIRC,TCGA-BP-4170-01,TCGA-DX-A8BT-01,0.0025074003407653854,0.278424016526559,111.04091038033836,111.04091038033836
TT,TCGA-KIRC,TCGA-AK-3447-01,TCGA-DX-A23V-01,0.023501161129889626,0.28885326107433007,12.29102083415598,12.29102083415598
TT,TCGA-KIRC,TCGA-DX-A1KU-01,TCGA-DX-A6YR-01,0.0026111124257585995,0.3283599004834977,125.75479218904188,125.75479218904188
TT,TCGA-KIRC,TCGA-BP-4165-01,TCGA-P4-A5E7-01,0.0023497409690623203,0.38286440978000114,162.93898553966386,162.93898553966386
TT,TCGA-KIRC,TCGA-B0-4822-01,TCGA-CW-5581-01,0.005656787684085578,0.3537946119866894,62.54337828199405,62.54337828199405
TT,TCGA-KIRC,TCGA-B8-A7U6-01,TCGA-BP-4759-01,0.0020273849581385383,0.10202305347708987,50.32248713671194,50.32248713671194
TT,TCGA-KIRC,TCGA-B0-4821-01,TCGA-B1-A47M-01,0.0027732192290836157,0.35671703387155906,128.62922272085675,128.62922272085675
TT,TCGA-KIRC,TCGA-AK-3445-01,TCGA-KL-8324-01,0.005002795154580562,0.2351777190954093,47.0092641870576,47.0092641870576
TT,TCGA-KIRC,TCGA-BP-4803-01,TCGA-KL-8345-01,0.0038362612117929977,0.20854169637792552,54.36066129617305,54.36066129617305
TT,TCGA-KIRC,TCGA-BP-4344-01,TCGA-BP-4795-01,0.0005369072063076004,0.3043969150252882,566.9451097866167,566.9451097866167
TT,TCGA-KIRC,TCGA-B0-5109-01,TCGA-CJ-4897-01,0.0028286284714707545,0.3699475458622504,130.78689887820263,130.78689887820263
TT,TCGA-KIRC,TCGA-CZ-4856-01,TCGA-EU-5905-01,0.0012757539637251077,0.2918811478567648,228.79109621144607,228.79109621144607
TT,TCGA-KIRC,TCGA-B8-5551-01,TCGA-HE-A5NJ-01,0.002760261746821061,0.3572402300502503,129.42259206456663,129.42259206456663
TT,TCGA-KIRC,TCGA-B8-5165-01,TCGA-CW-6097-01,0.0008709219780257158,0.23464880159405305,269.42574365384144,269.42574365384144
TT,TCGA-KIRC,TCGA-AY-A69D-01,TCGA-BP-4176-01,0.003109617639907594,0.2708084940867969,87.08739319308862,87.08739319308862
TT,TCGA-KIRC,TCGA-BP-5201-01,TCGA-DX-A7EQ-01,0.01558855166835583,0.2555911786513794,16.39608246417272,16.39608246417272
TT,TCGA-KIRC,TCGA-BP-4795-01,TCGA-UZ-A9PQ-01,0.0022707439454603324,0.3463369174150156,152.52134354796445,152.52134354796445
TT,TCGA-KIRC,TCGA-B8-A54G-01,TCGA-CJ-4903-01,0.0010117235430825828,0.27158790989480336,268.4408322329955,268.4408322329955
TT,TCGA-KIRC,TCGA-B0-4838-01,TCGA-BP-4993-01,0.0008913401479105471,0.21985034547600557,246.65145622731364,246.65145622731364
TT,TCGA-KIRC,TCGA-A3-3373-01,TCGA-AK-3465-01,0.003284390727730099,0.245074019597847,74.61780278719213,74.61780278719213
TT,TCGA-KIRC,TCGA-B0-5697-01,TCGA-BP-4989-01,0.0015167559943197093,0.19506259527636982,128.60512568065286,128.60512568065286
TT,TCGA-KIRC,TCGA-AK-3433-01,TCGA-BP-4771-01,0.003690397687264357,0.14924082978380404,40.44031089083905,40.44031089083905
TT,TCGA-KIRC,TCGA-B0-4817-01,TCGA-BP-5201-01,0.0016572125652946988,0.2912233702685268,175.73084851474025,175.73084851474025
TT,TCGA-KIRC,TCGA-DX-A6YR-01,TCGA-HE-7129-01,0.002729156851003513,0.4648850931696117,170.34018876513935,170.34018876513935
TT,TCGA-KIRC,TCGA-HE-A5NH-01,TCGA-XM-AAZ2-01,0.001855380495719945,0.43448793363284877,234.17726694612796,234.17726694612796
TT,TCGA-KIRC,TCGA-AK-3453-01,TCGA-HE-A5NI-01,0.0025991882683899328,0.22762074068071136,87.57377964840963,87.57377964840963
TT,TCGA-KIRC,TCGA-AK-3433-01,TCGA-HE-7130-01,0.004952145443686453,0.4035867636965057,81.4973567085036,81.4973567085036
TT,TCGA-KIRC,TCGA-A3-3328-01,TCGA-CJ-5679-01,0.0043067779901238635,0.23106047186832912,53.65042553811412,53.65042553811412
TT,TCGA-KIRC,TCGA-CZ-4858-01,TCGA-KL-8339-01,0.004396011642379641,0.3847046597229613,87.51220220033669,87.51220220033669
TT,TCGA-KIRC,TCGA-B0-4699-01,TCGA-DX-A1L4-01,0.002143951742451351,0.3361753336760794,156.8017259995336,156.8017259995336
TT,TCGA-KIRC,TCGA-CJ-4871-01,TCGA-KL-8331-01,0.0046215033853465,0.13771945780826259,29.799709385680128,29.799709385680128
TT,TCGA-KIRC,TCGA-B0-4810-01,TCGA-V5-AASX-01,0.0035020180359222053,0.23113277504040194,65.99988140253438,65.99988140253438
TT,TCGA-KIRC,TCGA-CZ-5467-01,TCGA-V5-AASX-01,0.0033093764201411065,0.4274752612965881,129.17093948423107,129.17093948423107
TT,TCGA-KIRC,TCGA-B8-4153-01,TCGA-BP-4987-01,0.002527280773700117,0.25746823892558574,101.87559752161377,101.87559752161377
TT,TCGA-KIRC,TCGA-BP-5186-01,TCGA-DX-A6YQ-01,0.0021351364118424956,0.1537677491162661,72.01776348499142,72.01776348499142
TT,TCGA-KIRC,TCGA-B0-5088-01,TCGA-B0-5104-01,0.0018481845407498558,0.25473532412195377,137.83002644238172,137.83002644238172
TT,TCGA-KIRC,TCGA-BP-4771-01,TCGA-BP-5180-01,0.002471680916489961,0.2508305789434602,101.48177997816369,101.48177997816369
TT,TCGA-KIRC,TCGA-B1-A47N-01,TCGA-CW-6097-01,0.008632557280030975,0.2654736132355106,30.752603733034025,30.752603733034025
TT,TCGA-KIRC,TCGA-A3-3328-01,TCGA-BP-5169-01,0.0101198539880273,0.47575803537458483,47.012341871478526,47.012341871478526
TT,TCGA-KIRC,TCGA-B0-5696-01,TCGA-CZ-5986-01,0.0029987305937113273,0.2782516114607825,92.78979980539337,92.78979980539337
TT,TCGA-KIRC,TCGA-B0-5098-01,TCGA-DX-A48U-01,0.003980991418185695,0.4490351204462867,112.79479739520033,112.79479739520033
TT,TCGA-KIRC,TCGA-CJ-4881-01,TCGA-CJ-4891-01,0.0016174326590500938,0.1281851103191554,79.2522084934513,79.2522084934513
TT,TCGA-KIRC,TCGA-B0-5696-01,TCGA-BP-4177-01,0.0013227915166460153,0.3258952114054585,246.36929350119917,246.36929350119917
TT,TCGA-KIRC,TCGA-B0-5713-01,TCGA-CZ-5458-01,0.0007207476335699711,0.24543790143169084,340.5323722202182,340.5323722202182
TT,TCGA-KIRC,TCGA-B8-4143-01,TCGA-BP-5175-01,0.006338905589360377,0.3287308161018385,51.85923839181345,51.85923839181345
TT,TCGA-KIRC,TCGA-CJ-4918-01,TCGA-DX-A3LT-01,0.0036069727196227663,0.13219256714793576,36.64917298342114,36.64917298342114
TT,TCGA-KIRC,TCGA-BP-4337-01,TCGA-BP-5198-01,0.0020961184626527513,0.24586660795281684,117.296141574775,117.296141574775
TT,TCGA-KIRC,TCGA-B0-5399-01,TCGA-DX-A6BA-01,0.0030303095473018684,0.28773478765129257,94.95227571964926,94.95227571964926
TT,TCGA-KIRC,TCGA-CJ-4892-01,TCGA-DX-A6BH-01,0.002452852129692735,0.24672940250700465,100.58877969864089,100.58877969864089
TT,TCGA-KIRC,TCGA-BP-4968-01,TCGA-BP-5007-01,0.000982774742745813,0.1646471152329051,167.53291275362963,167.53291275362963
TT,TCGA-KIRC,TCGA-DX-A23Z-01,TCGA-DX-A3U8-01,0.0019239177266548216,0.36558434152802277,190.02077711694884,190.02077711694884
TT,TCGA-KIRC,TCGA-BP-4960-01,TCGA-CZ-5460-01,0.001296789537471288,0.22134487784642837,170.68681651923734,170.68681651923734
TT,TCGA-KIRC,TCGA-B8-A54K-01,TCGA-CJ-4891-01,0.0047876707983783,0.38787987757152204,81.01640524300592,81.01640524300592
TT,TCGA-KIRC,TCGA-BP-4166-01,TCGA-BP-4973-01,0.0019815339818689275,0.24954598230183178,125.93575713824852,125.93575713824852
TT,TCGA-KIRC,TCGA-B8-A54F-01,TCGA-DX-A2IZ-01,0.0030544719886367966,0.058190528345057085,19.05092878950492,19.05092878950492
TT,TCGA-KIRC,TCGA-AY-A71X-01,TCGA-BP-4790-01,0.0033706791504899553,0.057427267387785155,17.037298664109766,17.037298664109766
TT,TCGA-KIRC,TCGA-CZ-4854-01,TCGA-DX-A8BN-01,0.004679929561487144,0.14636062726268181,31.2741090094896,31.2741090094896
TT,TCGA-KIRC,TCGA-CZ-5984-01,TCGA-DX-A3LT-01,0.003935707554501359,0.22676574647491915,57.61752958894569,57.61752958894569
TT,TCGA-KIRC,TCGA-BP-5190-01,TCGA-DX-AB2S-01,0.0026638391224319503,0.38921393803905635,146.1101516084514,146.1101516084514
TT,TCGA-KIRC,TCGA-BP-4799-01,TCGA-CZ-4853-01,0.005833258108438063,0.2658445558319168,45.57394013602124,45.57394013602124
TT,TCGA-KIRC,TCGA-DX-A6YT-01,TCGA-DX-A7ER-01,0.006521463760708314,0.2799910657139213,42.93377621767397,42.93377621767397
TT,TCGA-KIRC,TCGA-B0-5695-01,TCGA-CJ-5686-01,0.0007640722371466725,0.19275751958530246,252.27656524353,252.27656524353
TT,TCGA-KIRC,TCGA-B0-4710-01,TCGA-BP-4994-01,0.001881647412934096,0.2781721775034089,147.834379380167,147.834379380167
TT,TCGA-KIRC,TCGA-A3-3349-01,TCGA-CZ-5467-01,0.000749063988803982,0.1469194430760515,196.13737313768794,196.13737313768794
TT,TCGA-KIRC,TCGA-CJ-4634-01,TCGA-KL-8345-01,0.0035197438541572745,0.21977761210898536,62.44136539918934,62.44136539918934
TT,TCGA-KIRC,TCGA-BP-4799-01,TCGA-EU-5907-01,0.005257708639072543,0.262978606251305,50.017721464629176,50.017721464629176
TT,TCGA-KIRC,TCGA-B0-5085-01,TCGA-B8-4622-01,0.0053362790080027905,0.1121418829935201,21.014996184671283,21.014996184671283
TT,TCGA-KIRC,TCGA-BP-4160-01,TCGA-CJ-4884-01,0.001252675631647202,0.2585059291169207,206.36302214724105,206.36302214724105
TT,TCGA-KIRC,TCGA-A3-A6NJ-01,TCGA-CJ-4639-01,0.0007571851378979507,0.22904887136987356,302.50048489560226,302.50048489560226
TT,TCGA-KIRC,TCGA-B0-4842-01,TCGA-B8-4153-01,0.0030305668693941237,0.33022958759756293,108.96627655128528,108.96627655128528
TT,TCGA-KIRC,TCGA-BP-4982-01,TCGA-BP-5169-01,0.010065967617168296,0.20863292002462683,20.726563799866298,20.726563799866298
TT,TCGA-KIRC,TCGA-CW-5590-01,TCGA-KL-8324-01,0.005527431656503951,0.181059867018419,32.756599858701406,32.756599858701406
TT,TCGA-KIRC,TCGA-B0-4816-01,TCGA-BP-5176-01,0.0009329520863405824,0.2080877598566715,223.04227934456563,223.04227934456563
TT,TCGA-KIRC,TCGA-DX-A8BL-01,TCGA-KL-8340-01,0.006746546482224006,0.47808041424503256,70.86298382508629,70.86298382508629
TT,TCGA-KIRC,TCGA-B0-4843-01,TCGA-B0-5095-01,0.001617264056708493,0.21974021747422437,135.87157679213288,135.87157679213288
TT,TCGA-KIRC,TCGA-CJ-5672-01,TCGA-CZ-4858-01,0.0017681986262319117,0.315349538879925,178.34508759456796,178.34508759456796
TT,TCGA-KIRC,TCGA-A3-3358-01,TCGA-AK-3453-01,0.0016955286541497734,0.25495528960928443,150.36920136105417,150.36920136105417
TT,TCGA-KIRC,TCGA-B0-4839-01,TCGA-DX-A23V-01,0.003502809140149559,0.4002676461303046,114.27046981875078,114.27046981875078
TT,TCGA-KIRC,TCGA-BP-5174-01,TCGA-CZ-4859-01,0.0018629039548364273,0.2766214906153983,148.48940005588594,148.48940005588594
TT,TCGA-KIRC,TCGA-A3-A8OU-01,TCGA-DX-A1L3-01,0.002033775467669208,0.1893935054604085,93.12409775375126,93.12409775375126
TT,TCGA-KIRC,TCGA-BP-5177-01,TCGA-DX-AB2W-01,0.005176531380283551,0.24538912435338597,47.40416049403809,47.40416049403809
TT,TCGA-KIRC,TCGA-XM-A8RD-01,TCGA-XM-AAZ2-01,0.0016070371213911848,0.42531533578946723,264.65806553446566,264.65806553446566
TT,TCGA-KIRC,TCGA-A3-A6NI-01,TCGA-CW-5580-01,0.0018251551635362498,0.22150252582349386,121.36092878499782,121.36092878499782
TT,TCGA-KIRC,TCGA-B4-5832-01,TCGA-XM-AAZ3-01,0.022182083285683763,0.4801106669670963,21.64407466980155,21.64407466980155
TT,TCGA-KIRC,TCGA-BP-4351-01,TCGA-DX-A8BS-01,0.0033846211088297802,0.08671812357820875,25.621220452705625,25.621220452705625
TT,TCGA-KIRC,TCGA-AK-3427-01,TCGA-B0-5703-01,0.010035917210513775,0.1591057491368165,15.8536330859859,15.8536330859859
TT,TCGA-KIRC,TCGA-B0-5119-01,TCGA-BP-4169-01,0.0007053589765672785,0.17950895582887294,254.49304792642846,254.49304792642846
TT,TCGA-KIRC,TCGA-A3-3362-01,TCGA-BP-4975-01,0.0007607406210714412,0.15087954906738146,198.33244720766967,198.33244720766967
TT,TCGA-KIRC,TCGA-CJ-4642-01,TCGA-CZ-5986-01,0.007898481947328492,0.37634291947910553,47.647500113157335,47.647500113157335
TT,TCGA-KIRC,TCGA-BP-4349-01,TCGA-DX-AB2P-01,0.0019303215288714493,0.2956159931648098,153.1433954102143,153.1433954102143
TT,TCGA-KIRC,TCGA-B0-4699-01,TCGA-B0-5812-01,0.0014219068015398132,0.2321117936578918,163.23980826769588,163.23980826769588
TT,TCGA-KIRC,TCGA-B8-5158-01,TCGA-CJ-4643-01,0.001107228760267696,0.2959519954192349,267.2907406665288,267.2907406665288
TT,TCGA-KIRC,TCGA-DX-A1L3-01,TCGA-DX-A6BF-01,0.0044904948107881235,0.29295960435144963,65.23993829090574,65.23993829090574
TT,TCGA-KIRC,TCGA-A3-3367-01,TCGA-CJ-4900-01,0.0026681837397115947,0.2862959584353028,107.29994122003333,107.29994122003333
TT,TCGA-KIRC,TCGA-BP-4334-01,TCGA-CJ-4641-01,0.008113361533532554,0.08612657834688967,10.615400039912949,10.615400039912949
TT,TCGA-KIRC,TCGA-A3-3359-01,TCGA-CZ-5987-01,0.0015270394930568347,0.28539155970979635,186.89206206350184,186.89206206350184
TT,TCGA-KIRC,TCGA-DX-A6YZ-01,TCGA-V5-A7RB-01,0.003806748342109898,0.4110344072468485,107.97519833397546,107.97519833397546
TT,TCGA-KIRC,TCGA-CJ-4886-01,TCGA-DX-A8BN-01,0.004639528871346325,0.0888349076190719,19.147398385149668,19.147398385149668
TT,TCGA-KIRC,TCGA-BP-4992-01,TCGA-DX-A8BX-01,0.006090937049433992,0.43415483142741756,71.27882424392516,71.27882424392516
TT,TCGA-KIRC,TCGA-B8-A54D-01,TCGA-DX-A48P-01,0.002591227201534701,0.3136436601841949,121.0405864828965,121.0405864828965
TT,TCGA-KIRC,TCGA-B0-4690-01,TCGA-B2-5635-01,0.0016327721397114696,0.26974819479957873,165.208719722059,165.208719722059
TT,TCGA-KIRC,TCGA-DX-AB2L-01,TCGA-KL-8328-01,0.005373283258487848,0.35772916866508153,66.57552774646648,66.57552774646648
TT,TCGA-KIRC,TCGA-CW-5584-01,TCGA-DX-A23Z-01,0.002851845527722812,0.29507406697252114,103.46775942248762,103.46775942248762
TT,TCGA-KIRC,TCGA-B0-5400-01,TCGA-BP-4167-01,0.0010768638176414046,0.20434574061339156,189.76005811111636,189.76005811111636
TT,TCGA-KIRC,TCGA-A3-3370-01,TCGA-DX-A2J4-01,0.00520394782105953,0.23841831707927924,45.81489386085678,45.81489386085678
TT,TCGA-KIRC,TCGA-AK-3460-01,TCGA-B0-5701-01,0.0015313712342928864,0.2920318708344726,190.69959281905855,190.69959281905855
TT,TCGA-KIRC,TCGA-B0-4834-01,TCGA-MW-A4EC-01,0.0037713717875469052,0.16052567457279396,42.564266695437134,42.564266695437134
TT,TCGA-KIRC,TCGA-BP-5192-01,TCGA-DX-A6B9-01,0.002814268212207397,0.32303726948882855,114.78553042229451,114.78553042229451
TT,TCGA-KIRC,TCGA-CW-5590-01,TCGA-DV-A4VZ-01,0.0023061489235381358,0.26405179347732854,114.49902076237794,114.49902076237794
TT,TCGA-KIRC,TCGA-A3-3320-01,TCGA-CZ-5986-01,0.0009253129888236046,0.20114978316208854,217.38566905649952,217.38566905649952
TT,TCGA-KIRC,TCGA-BP-4987-01,TCGA-HE-7128-01,0.0013468962054492364,0.36870470198533817,273.74396073999065,273.74396073999065
TT,TCGA-KIRC,TCGA-BP-4341-01,TCGA-KL-8335-01,0.004712179194254469,0.25165848788250156,53.405967283533535,53.405967283533535
TT,TCGA-KIRC,TCGA-B0-4841-01,TCGA-B0-5100-01,0.0021437519185032363,0.23794248710448637,110.99348065918811,110.99348065918811
TT,TCGA-KIRC,TCGA-B0-4694-01,TCGA-KL-8343-01,0.0032050581816077043,0.176809827072331,55.16587127402492,55.16587127402492
TT,TCGA-KIRC,TCGA-BP-4766-01,TCGA-DX-A1L2-01,0.0021777959860206425,0.3283314092021715,150.76316207291393,150.76316207291393
TT,TCGA-KIRC,TCGA-B0-4838-01,TCGA-CZ-5457-01,0.0017289066622808063,0.2280911730745584,131.9279855013435,131.9279855013435
TT,TCGA-KIRC,TCGA-B0-4845-01,TCGA-GK-A6C7-01,0.0010164726119814976,0.276655932100881,272.17253946623487,272.17253946623487
TT,TCGA-KIRC,TCGA-BP-4992-01,TCGA-DX-A6YU-01,0.005964001101026321,0.3928271884125554,65.86638428771506,65.86638428771506
TT,TCGA-KIRC,TCGA-BP-5184-01,TCGA-DX-A8BK-01,0.00745302539565572,0.2033939908607842,27.290124488149488,27.290124488149488
TT,TCGA-KIRC,TCGA-CZ-5460-01,TCGA-DX-A3UE-01,0.002217960246463757,0.3493694525244344,157.51835637336492,157.51835637336492
TT,TCGA-KIRC,TCGA-B1-A656-01,TCGA-B8-4148-01,0.007713306554339289,0.2054244078762773,26.632470319841147,26.632470319841147
TT,TCGA-KIRC,TCGA-A3-3308-01,TCGA-B0-5697-01,0.0011842438463761727,0.2703705652876689,228.30649795226904,228.30649795226904
TT,TCGA-KIRC,TCGA-AK-3428-01,TCGA-BP-5006-01,0.0010409981370394024,0.23690310315787824,227.5730327737477,227.5730327737477
TT,TCGA-KIRC,TCGA-BP-4163-01,TCGA-DX-A8BO-01,0.005138027545159463,0.2551730677739831,49.66362393568359,49.66362393568359
TT,TCGA-KIRC,TCGA-CZ-4854-01,TCGA-XM-A8RC-01,0.002648106822901063,0.1889346046449993,71.34704801599243,71.34704801599243
TT,TCGA-KIRC,TCGA-B8-4148-01,TCGA-KL-8323-01,0.003463867619300583,0.17927891854189493,51.75686205297146,51.75686205297146
TT,TCGA-KIRC,TCGA-BP-5190-01,TCGA-DX-A6YT-01,0.004370861686424515,0.4587941911761848,104.96653156542483,104.96653156542483
TT,TCGA-KIRC,TCGA-A3-3347-01,TCGA-HE-A5NI-01,0.005855661215940574,0.10669998326778629,18.221679727188153,18.221679727188153
TT,TCGA-KIRC,TCGA-BP-4982-01,TCGA-CZ-5467-01,0.0008854613055911452,0.20166339902335434,227.7495332093832,227.7495332093832
TT,TCGA-KIRC,TCGA-CZ-5452-01,TCGA-DX-A48P-01,0.002602360574268256,0.42484018301598114,163.25185188276214,163.25185188276214
TT,TCGA-KIRC,TCGA-A3-3378-01,TCGA-P4-AAVO-01,0.008276359197192714,0.21182146158028742,25.59355587806482,25.59355587806482
TT,TCGA-KIRC,TCGA-AK-3445-01,TCGA-B0-5108-01,0.0011538419151731647,0.24516199375978623,212.47450845377995,212.47450845377995
TT,TCGA-KIRC,TCGA-BP-4344-01,TCGA-CW-5584-01,0.001045919589859238,0.24164703033498738,231.0378662737436,231.0378662737436
TT,TCGA-KIRC,TCGA-A3-3335-01,TCGA-DX-A1L0-01,0.0037423514693718926,0.44008009352525784,117.59453838768378,117.59453838768378
TT,TCGA-KIRC,TCGA-B8-4622-01,TCGA-DX-A2J1-01,0.006510870041344365,0.19404504854349108,29.803244007528164,29.803244007528164
TT,TCGA-KIRC,TCGA-BP-4763-01,TCGA-DX-A2J1-01,0.007559598338063595,0.2095466766735809,27.71928709736934,27.71928709736934
TT,TCGA-KIRC,TCGA-B0-5712-01,TCGA-DX-AB2W-01,0.0060109012092907765,0.29605380298388273,49.25281462391793,49.25281462391793
TT,TCGA-KIRC,TCGA-AK-3450-01,TCGA-DX-A7EL-01,0.002685015055199469,0.19444610157540998,72.41899861934466,72.41899861934466
TT,TCGA-KIRC,TCGA-B0-5080-01,TCGA-DX-A6YV-01,0.002363663836282069,0.11046099023550554,46.732952689776496,46.732952689776496
TT,TCGA-KIRC,TCGA-B0-4821-01,TCGA-BP-5186-01,0.005477863810052613,0.3090935873772003,56.42593501685314,56.42593501685314
TT,TCGA-KIRC,TCGA-CW-6090-01,TCGA-DX-A2IZ-01,0.004032945071191626,0.3460836168009773,85.81411615872045,85.81411615872045
TT,TCGA-KIRC,TCGA-BP-4164-01,TCGA-BP-4346-01,0.001046106540549072,0.16889039303913173,161.44664667758016,161.44664667758016
TT,TCGA-KIRC,TCGA-B8-5163-01,TCGA-DX-A6YV-01,0.002964190484222139,0.14611539682087002,49.29352469033835,49.29352469033835
TT,TCGA-KIRC,TCGA-B0-4700-01,TCGA-CZ-5460-01,0.0008447924360332993,0.20929014112005473,247.7414950621138,247.7414950621138
TT,TCGA-KIRC,TCGA-AY-A8YK-01,TCGA-BP-5173-01,0.002814059933731762,0.39074197718055315,138.85346665747275,138.85346665747275
TT,TCGA-KIRC,TCGA-A3-3306-01,TCGA-AY-A8YK-01,0.003685286983239287,0.41988001542702424,113.93414334803279,113.93414334803279
TT,TCGA-KIRC,TCGA-B2-5635-01,TCGA-B8-5163-01,0.0012954253030204215,0.302348021666287,233.39672381057443,233.39672381057443
TT,TCGA-KIRC,TCGA-B0-5696-01,TCGA-CZ-5453-01,0.0009982298883975936,0.19223974011986214,192.58062932623125,192.58062932623125
TT,TCGA-KIRC,TCGA-B0-4696-01,TCGA-B0-4700-01,0.0024087540987237123,0.09027943028988163,37.47972046532958,37.47972046532958
TT,TCGA-KIRC,TCGA-A3-3325-01,TCGA-XM-A8RL-01,0.0029928469686019508,0.09246870428627764,30.89656947260239,30.89656947260239
TT,TCGA-KIRC,TCGA-B0-5713-01,TCGA-CW-5581-01,0.000791362148822838,0.25482660008416147,322.0100941941935,322.0100941941935
TT,TCGA-KIRC,TCGA-B0-5102-01,TCGA-DX-AB2V-01,0.002177597512865283,0.397121937496772,182.3670054500746,182.3670054500746
TT,TCGA-KIRC,TCGA-B3-4103-01,TCGA-CJ-4897-01,0.0019498341460751033,0.35482176728455184,181.9753582625406,181.9753582625406
TT,TCGA-KIRC,TCGA-CJ-4903-01,TCGA-CJ-5682-01,0.0010008176123321327,0.2438713196754297,243.67209036934716,243.67209036934716
TT,TCGA-KIRC,TCGA-AK-3443-01,TCGA-B0-5120-01,0.0028607028864092716,0.13669327103378154,47.78310662151905,47.78310662151905
TT,TCGA-KIRC,TCGA-BP-4761-01,TCGA-DX-A6YU-01,0.008529566362935694,0.43761371106649705,51.305505162384335,51.305505162384335
TT,TCGA-KIRC,TCGA-B0-4701-01,TCGA-B2-5636-01,0.001364861988391653,0.32846164225263547,240.65557180597662,240.65557180597662
TT,TCGA-KIRC,TCGA-AK-3454-01,TCGA-XM-A8RH-01,0.0026538168927900344,0.1351144034019624,50.913235110170966,50.913235110170966
TT,TCGA-KIRC,TCGA-DX-A1KZ-01,TCGA-DX-AB2Z-01,0.0025717901752370384,0.40451376151307994,157.28878872312998,157.28878872312998
TT,TCGA-KIRC,TCGA-CZ-4862-01,TCGA-CZ-5986-01,0.0011406225329686388,0.15530677120307718,136.15965555131402,136.15965555131402
TT,TCGA-KIRC,TCGA-A3-3343-01,TCGA-CJ-5681-01,0.0017248666106580808,0.3708843312187231,215.02203644444208,215.02203644444208
TT,TCGA-KIRC,TCGA-B8-4151-01,TCGA-HE-A5NF-01,0.0023305381606009796,0.37267755062129704,159.9105120532307,159.9105120532307
TT,TCGA-KIRC,TCGA-AK-3465-01,TCGA-CZ-4860-01,0.005045398817293434,0.40344373429163194,79.9627044167058,79.9627044167058
TT,TCGA-KIRC,TCGA-CJ-4900-01,TCGA-CZ-5461-01,0.0025691464291428875,0.22602846294405543,87.97803830101755,87.97803830101755
TT,TCGA-KIRC,TCGA-AK-3460-01,TCGA-BP-4351-01,0.0014027673191206024,0.14395378958530905,102.62128837985331,102.62128837985331
TT,TCGA-KIRC,TCGA-B0-5699-01,TCGA-DX-AB37-01,0.0052019981619446445,0.3230134460797168,62.094109998486786,62.094109998486786
TT,TCGA-KIRC,TCGA-B0-5077-01,TCGA-B1-A657-01,0.0016333376896990074,0.2600514014635877,159.21471910166363,159.21471910166363
TT,TCGA-KIRC,TCGA-B2-5633-01,TCGA-BP-4987-01,0.0010658890884524992,0.28331721035327295,265.80365013831255,265.80365013831255
TT,TCGA-KIRC,TCGA-BP-4768-01,TCGA-CJ-4872-01,0.0014646507667349623,0.18605566622167077,127.03073691514253,127.03073691514253
TT,TCGA-KIRC,TCGA-B0-5109-01,TCGA-CJ-4904-01,0.0027500875727180935,0.3594365929738337,130.70005353268758,130.70005353268758
TT,TCGA-KIRC,TCGA-B0-5108-01,TCGA-CJ-4895-01,0.0006329054492698991,0.23721296931553926,374.8000109482089,374.8000109482089
TT,TCGA-KIRC,TCGA-B0-5399-01,TCGA-DX-A6BB-01,0.003645819305317679,0.2111905382639036,57.9267705220244,57.9267705220244
TT,TCGA-KIRC,TCGA-B0-5400-01,TCGA-B8-4620-01,0.0036440759329935614,0.31577649776497685,86.6547524177331,86.6547524177331
TT,TCGA-KIRC,TCGA-AY-6196-01,TCGA-BP-4340-01,0.0018559664710101514,0.44502720011391894,239.78191797382144,239.78191797382144
TT,TCGA-KIRC,TCGA-CZ-4860-01,TCGA-KL-8336-01,0.005321668825579197,0.4288676772265564,80.58894517545998,80.58894517545998
TT,TCGA-KIRC,TCGA-A3-3317-01,TCGA-B8-4143-01,0.0018864470598469567,0.2068344940845894,109.64235280547413,109.64235280547413
TT,TCGA-KIRC,TCGA-BP-4959-01,TCGA-BP-4987-01,0.0015153758939066716,0.2848381354260713,187.9653335990138,187.9653335990138
TT,TCGA-KIRC,TCGA-A3-A6NJ-01,TCGA-B1-7332-01,0.002010804689996255,0.24958827531613503,124.12357926049987,124.12357926049987
TT,TCGA-KIRC,TCGA-AK-3429-01,TCGA-P4-AAVM-01,0.002171704007438626,0.2789294858933314,128.4380767074742,128.4380767074742
TT,TCGA-KIRC,TCGA-CZ-5456-01,TCGA-DX-A8BL-01,0.006322594797908995,0.3007002823430045,47.559632074231914,47.559632074231914
TT,TCGA-KIRC,TCGA-DX-A48J-01,TCGA-DX-AB2H-01,0.002742936440426112,0.41771626815816354,152.28798669985653,152.28798669985653
TT,TCGA-KIRC,TCGA-DX-A8BS-01,TCGA-DX-AB36-01,0.002114474318460815,0.31527493377095384,149.10322202468333,149.10322202468333
TT,TCGA-KIRC,TCGA-B0-5710-01,TCGA-CJ-4639-01,0.0006050657916887292,0.23396735820907377,386.6808559050653,386.6808559050653
TT,TCGA-KIRC,TCGA-B8-5549-01,TCGA-BP-5201-01,0.0021639505952656757,0.2717467581881724,125.57900295076243,125.57900295076243
TT,TCGA-KIRC,TCGA-BP-5181-01,TCGA-HE-7129-01,0.0019137885792204128,0.30131837981368725,157.44601210674492,157.44601210674492
TT,TCGA-KIRC,TCGA-BP-5183-01,TCGA-DX-AB36-01,0.0025222837199924512,0.39472446538619177,156.49487100022716,156.49487100022716
TT,TCGA-KIRC,TCGA-B8-A54J-01,TCGA-UZ-A9Q1-01,0.0025033601519838977,0.11958815824171605,47.77105609312474,47.77105609312474
TT,TCGA-KIRC,TCGA-AY-A54L-01,TCGA-B1-7332-01,0.003121708187566819,0.30706438313685663,98.36421750112223,98.36421750112223
TT,TCGA-KIRC,TCGA-B8-5165-01,TCGA-BP-4326-01,0.0013729753059813308,0.2371961808250992,172.76070428343488,172.76070428343488
TT,TCGA-KIRC,TCGA-CJ-4885-01,TCGA-DX-A7EN-01,0.003962009869679246,0.4140146881747418,104.49612741834471,104.49612741834471
TT,TCGA-KIRC,TCGA-B8-5165-01,TCGA-EU-5905-01,0.0012683562343031416,0.25478132206348136,200.8752077475008,200.8752077475008
TT,TCGA-KIRC,TCGA-CJ-4888-01,TCGA-CJ-6033-01,0.0008590550367451854,0.24627581133022725,286.6822273265805,286.6822273265805
TT,TCGA-KIRC,TCGA-AK-3460-01,TCGA-B4-5378-01,0.0011386524805250243,0.30136868849354925,264.6713493783374,264.6713493783374
TT,TCGA-KIRC,TCGA-BP-5000-01,TCGA-DX-A6B8-01,0.003927151245601114,0.3086697730284541,78.598901270788,78.598901270788
TT,TCGA-KIRC,TCGA-A3-3380-01,TCGA-AK-3465-01,0.002805671574332874,0.23664213728102926,84.3442045911227,84.3442045911227
TT,TCGA-KIRC,TCGA-B2-4098-01,TCGA-DX-A7ER-01,0.0069505756688342905,0.35132067111801113,50.54555016116134,50.54555016116134
TT,TCGA-KIRC,TCGA-AL-3472-01,TCGA-BP-4771-01,0.0029666242736200218,0.18042963594180958,60.819847510261354,60.819847510261354
TT,TCGA-KIRC,TCGA-CJ-4634-01,TCGA-CZ-5469-01,0.00484308163752527,0.28908973300864665,59.69127812521583,59.69127812521583
TT,TCGA-KIRC,TCGA-CZ-4856-01,TCGA-V5-A7RC-01,0.004876466679300867,0.34959712558320943,71.69066223032837,71.69066223032837
TT,TCGA-KIRC,TCGA-A3-3373-01,TCGA-B0-4818-01,0.001779856107242895,0.2572994321906319,144.5619289916668,144.5619289916668
TT,TCGA-KIRC,TCGA-CW-5583-01,TCGA-UZ-A9PX-01,0.0026385899891611317,0.18116762529495395,68.66077186647377,68.66077186647377
TT,TCGA-KIRC,TCGA-B4-5844-01,TCGA-BP-5178-01,0.003521677598335564,0.28515056707144804,80.97009425457276,80.97009425457276
TT,TCGA-KIRC,TCGA-B4-5832-01,TCGA-BP-4799-01,0.012787155173232388,0.3275746865232637,25.61747957895924,25.61747957895924
TT,TCGA-KIRC,TCGA-B4-5844-01,TCGA-DV-5575-01,0.0004305667989128465,0.16499029695369796,383.193263786915,383.193263786915
TT,TCGA-KIRC,TCGA-AL-3471-01,TCGA-B1-A47M-01,0.0029110152762028647,0.3034327509868722,104.23605587624075,104.23605587624075
TT,TCGA-KIRC,TCGA-BW-A5NQ-01,TCGA-DX-A6BF-01,0.005588854050327812,0.4283506119112546,76.64372840191271,76.64372840191271
TT,TCGA-KIRC,TCGA-B0-4707-01,TCGA-DX-A23V-01,0.004484478201688126,0.41641194270756193,92.85627535234954,92.85627535234954
TT,TCGA-KIRC,TCGA-A3-3317-01,TCGA-DX-A7ES-01,0.004022122767677787,0.12773833084802352,31.75893383328389,31.75893383328389
TT,TCGA-KIRC,TCGA-CZ-4857-01,TCGA-CZ-5455-01,0.0012896614606783632,0.29238635742742886,226.7155888132327,226.7155888132327
TT,TCGA-KIRC,TCGA-CJ-4884-01,TCGA-CZ-5451-01,0.0009921221102079086,0.24534602534758043,247.29418165689893,247.29418165689893
TT,TCGA-KIRC,TCGA-B3-3926-01,TCGA-DV-5569-01,0.0021518858690384585,0.22094539654287593,102.67523929677667,102.67523929677667
TT,TCGA-KIRC,TCGA-B0-5699-01,TCGA-CW-5590-01,0.0007581146138270548,0.22362336119988102,294.97302534639596,294.97302534639596
TT,TCGA-KIRC,TCGA-B0-5109-01,TCGA-BP-4768-01,0.0028752550228188897,0.416270624721669,144.77694027765187,144.77694027765187
TT,TCGA-KIRC,TCGA-AL-3468-01,TCGA-B0-4713-01,0.0030586718639855357,0.3137170651898979,102.56643377924028,102.56643377924028
TT,TCGA-KIRC,TCGA-B8-4622-01,TCGA-BP-4795-01,0.0008865124683179503,0.3504582356478967,395.3223989199482,395.3223989199482
TT,TCGA-KIRC,TCGA-B0-5106-01,TCGA-B0-5116-01,0.0017384625783014457,0.21246549952814608,122.21459476897928,122.21459476897928
TT,TCGA-KIRC,TCGA-A3-3373-01,TCGA-B0-4833-01,0.0030162380608222622,0.25908510301580884,85.89676868714373,85.89676868714373
TT,TCGA-KIRC,TCGA-B4-5838-01,TCGA-DX-A7EU-01,0.005978695490544059,0.20911379229544408,34.976491548395416,34.976491548395416
TT,TCGA-KIRC,TCGA-B0-5108-01,TCGA-CJ-6032-01,0.001095504010731084,0.31225644093542926,285.03450272815076,285.03450272815076
TT,TCGA-KIRC,TCGA-B8-4148-01,TCGA-B8-A54F-01,0.0011656341914708683,0.29411975200407703,252.3259476739772,252.3259476739772
TT,TCGA-KIRC,TCGA-BP-4976-01,TCGA-CJ-4886-01,0.0005066526641416143,0.1509481481563915,297.93221044664244,297.93221044664244
TT,TCGA-KIRC,TCGA-AL-3472-01,TCGA-DX-A48O-01,0.003973424135220387,0.4365356509234526,109.86384439909284,109.86384439909284
TT,TCGA-KIRC,TCGA-B8-5551-01,TCGA-UZ-A9PR-01,0.00194262008299483,0.4257110654251427,219.14272849936128,219.14272849936128
TT,TCGA-KIRC,TCGA-CZ-4863-01,TCGA-DX-A240-01,0.0027416556828501813,0.19902968256199194,72.5947039254338,72.5947039254338
TT,TCGA-KIRC,TCGA-DX-A1L4-01,TCGA-DX-A3LU-01,0.006434560518301553,0.287077793333137,44.61498069939874,44.61498069939874
TT,TCGA-KIRC,TCGA-CZ-5456-01,TCGA-DX-A6YZ-01,0.002819852196337668,0.3485427403812769,123.6031948177826,123.6031948177826
TT,TCGA-KIRC,TCGA-A3-3382-01,TCGA-B2-4101-01,0.0009118678920890886,0.19862515355952465,217.82229123615107,217.82229123615107
TT,TCGA-KIRC,TCGA-CJ-4870-01,TCGA-CJ-5671-01,0.0012783043307547878,0.22928622134254517,179.36747598059125,179.36747598059125
TT,TCGA-KIRC,TCGA-B1-7332-01,TCGA-CJ-4636-01,0.0019431448961650811,0.23828072446738208,122.62632855513971,122.62632855513971
TT,TCGA-KIRC,TCGA-CZ-5470-01,TCGA-HE-A5NI-01,0.004071648332483784,0.2542794535845764,62.45123174217283,62.45123174217283
TT,TCGA-KIRC,TCGA-AK-3428-01,TCGA-CZ-5454-01,0.0009410917178297562,0.2552144689265097,271.189793822708,271.189793822708
TT,TCGA-KIRC,TCGA-CJ-5676-01,TCGA-KL-8325-01,0.0054727604271876396,0.30871713241193804,56.40976551399723,56.40976551399723
TT,TCGA-KIRC,TCGA-DX-A6BE-01,TCGA-DX-A6BH-01,0.001625594591347214,0.2779512468955987,170.98435758527356,170.98435758527356
TT,TCGA-KIRC,TCGA-A3-3357-01,TCGA-DX-A1KU-01,0.0029463702348306807,0.42278051219523727,143.49198454332512,143.49198454332512
TT,TCGA-KIRC,TCGA-B0-5117-01,TCGA-B8-4153-01,0.0038937724507724066,0.24113502681225946,61.92838175852458,61.92838175852458
TT,TCGA-KIRC,TCGA-B0-4688-01,TCGA-CJ-4920-01,0.0023989213992696807,0.19280124883226102,80.36997331007042,80.36997331007042
TT,TCGA-KIRC,TCGA-A3-3306-01,TCGA-CZ-5462-01,0.0017627751270796132,0.29602950767743524,167.93378981235506,167.93378981235506
TT,TCGA-KIRC,TCGA-CW-5591-01,TCGA-DX-A3LT-01,0.004286338644085215,0.12726822007084834,29.691592437864827,29.691592437864827
TT,TCGA-KIRC,TCGA-B0-5099-01,TCGA-BP-4174-01,0.0018285167476870606,0.3047300042961789,166.65420466158704,166.65420466158704
TT,TCGA-KIRC,TCGA-B0-5098-01,TCGA-DX-AB30-01,0.0025508590006086537,0.42606808543066554,167.02925772416373,167.02925772416373
TT,TCGA-KIRC,TCGA-BP-4985-01,TCGA-V5-A7RB-01,0.004137384363540909,0.400703700355838,96.8495225840953,96.8495225840953
TT,TCGA-KIRC,TCGA-BP-4804-01,TCGA-CZ-4853-01,0.0011078859462501415,0.19467697730861308,175.71933100833684,175.71933100833684
TT,TCGA-KIRC,TCGA-BP-4801-01,TCGA-CZ-5456-01,0.0014408679257157287,0.22913416003130557,159.02509587579775,159.02509587579775
TT,TCGA-KIRC,TCGA-CJ-4876-01,TCGA-DX-AB2Q-01,0.004020657336002513,0.32832122479930015,81.65859394666279,81.65859394666279
TT,TCGA-KIRC,TCGA-BP-4784-01,TCGA-CZ-5463-01,0.0015584745535829434,0.42019954363049367,269.6223320839292,269.6223320839292
TT,TCGA-KIRC,TCGA-B0-5697-01,TCGA-DX-AB30-01,0.0019884221592246696,0.2407952147479439,121.09863774694372,121.09863774694372
TT,TCGA-KIRC,TCGA-B4-5836-01,TCGA-UZ-A9PQ-01,0.0024026405529447652,0.19105878392828513,79.52033594626396,79.52033594626396
TT,TCGA-KIRC,TCGA-B0-4824-01,TCGA-DX-A48U-01,0.0022187319186599214,0.26312057247181586,118.5905202241542,118.5905202241542
TT,TCGA-KIRC,TCGA-B0-5694-01,TCGA-DX-AB2O-01,0.0037484377266087813,0.3853583181912137,102.80504740833672,102.80504740833672
TT,TCGA-KIRC,TCGA-BP-4351-01,TCGA-CJ-4871-01,0.002446186219591906,0.15427567574551074,63.06783780805059,63.06783780805059
TT,TCGA-KIRC,TCGA-B0-5083-01,TCGA-B8-4153-01,0.0037163046338138206,0.36629209114598194,98.5635267392163,98.5635267392163
TT,TCGA-KIRC,TCGA-A3-A6NI-01,TCGA-CJ-6030-01,0.001134696003582127,0.2518629258725872,221.96511230979925,221.96511230979925
TT,TCGA-KIRC,TCGA-AK-3458-01,TCGA-B0-4712-01,0.003498139464552698,0.33254860305396483,95.06442107976028,95.06442107976028
TT,TCGA-KIRC,TCGA-B0-4816-01,TCGA-CW-6088-01,0.0011796234293286953,0.21895940105481476,185.6180503123959,185.6180503123959
TT,TCGA-KIRC,TCGA-B0-5110-01,TCGA-DX-A8BJ-01,0.0056978062963534085,0.21986584534923387,38.58780623868309,38.58780623868309
TT,TCGA-KIRC,TCGA-B0-5692-01,TCGA-BW-A5NP-01,0.0040427294081953925,0.17834955174528677,44.11612396905363,44.11612396905363
TT,TCGA-KIRC,TCGA-A3-3376-01,TCGA-CZ-4853-01,0.0015464987977882822,0.17414453915596595,112.60567380008179,112.60567380008179
TT,TCGA-KIRC,TCGA-B0-5106-01,TCGA-DX-A8BP-01,0.002931374485154998,0.3389742962341415,115.63664006450477,115.63664006450477
TT,TCGA-KIRC,TCGA-A3-3335-01,TCGA-DX-AB2F-01,0.0036844193696027056,0.42769647512432885,116.08246299346965,116.08246299346965
TT,TCGA-KIRC,TCGA-CZ-4858-01,TCGA-DX-A23V-01,0.002505511431894216,0.3883413679682147,154.9948497639147,154.9948497639147
TT,TCGA-KIRC,TCGA-B0-4813-01,TCGA-B0-4945-01,0.0038647900471538224,0.2712341823837174,70.18083235426062,70.18083235426062
TT,TCGA-KIRC,TCGA-B8-A7U6-01,TCGA-CJ-4894-01,0.001157204874494089,0.250535952237823,216.50094789598361,216.50094789598361
TT,TCGA-KIRC,TCGA-B8-5552-01,TCGA-BP-5199-01,0.0015161121909142857,0.21815661685975002,143.8921328956477,143.8921328956477
TT,TCGA-KIRC,TCGA-A3-3378-01,TCGA-DX-A1L3-01,0.0032256929507255457,0.2713362459991513,84.11719594641531,84.11719594641531
TT,TCGA-KIRC,TCGA-B0-4836-01,TCGA-MM-A84U-01,0.0020989785948689766,0.266463480385683,126.9491175551108,126.9491175551108
TT,TCGA-KIRC,TCGA-DX-A7EM-01,TCGA-KL-8346-01,0.007105172992318543,0.2797160304957975,39.367940907026565,39.367940907026565
TT,TCGA-KIRC,TCGA-B8-4148-01,TCGA-CJ-4904-01,0.0009924137465552956,0.2067798474211909,208.3605231577367,208.3605231577367
TT,TCGA-KIRC,TCGA-A3-3363-01,TCGA-B0-4815-01,0.0019168981185063107,0.39132779652746574,204.14637207343966,204.14637207343966
TT,TCGA-KIRC,TCGA-B0-5694-01,TCGA-DX-AB37-01,0.003628246117916554,0.20704870629709626,57.06578318231337,57.06578318231337
TT,TCGA-KIRC,TCGA-DX-A48P-01,TCGA-HE-A5NK-01,0.0027329729773305066,0.45236176849213705,165.52002974211317,165.52002974211317
TT,TCGA-KIRC,TCGA-B8-5158-01,TCGA-UZ-A9PZ-01,0.003918159259137077,0.3130497559025892,79.89714945163671,79.89714945163671
TT,TCGA-KIRC,TCGA-BP-5202-01,TCGA-DX-AB3B-01,0.0019124147640098865,0.34229771779003676,178.98717591591821,178.98717591591821
TT,TCGA-KIRC,TCGA-DX-A7ER-01,TCGA-XM-A8R9-01,0.0034682583149144314,0.18210946056801453,52.50746744695904,52.50746744695904
TT,TCGA-KIRC,TCGA-BP-5180-01,TCGA-DX-A6BA-01,0.005111977749321324,0.4319204107936164,84.49184092222605,84.49184092222605
TT,TCGA-KIRC,TCGA-B0-4817-01,TCGA-BP-4343-01,0.004942760618404249,0.3551604324060332,71.85466985465611,71.85466985465611
TT,TCGA-KIRC,TCGA-BP-4165-01,TCGA-UZ-A9PN-01,0.0017380473214193243,0.266128679758258,153.11935209044364,153.11935209044364
TT,TCGA-KIRC,TCGA-DX-A1KU-01,TCGA-DX-A3LU-01,0.008256193006235101,0.35502012669435457,43.00046358245772,43.00046358245772
TT,TCGA-KIRC,TCGA-B0-4815-01,TCGA-BP-5177-01,0.0014539993223691623,0.30841827915609826,212.11720969275154,212.11720969275154
TT,TCGA-KIRC,TCGA-AK-3426-01,TCGA-B0-5693-01,0.0051374470325130555,0.2986409190469873,58.130218600210625,58.130218600210625
TT,TCGA-KIRC,TCGA-CJ-4887-01,TCGA-DX-A3UA-01,0.0024214181403877594,0.33302034210175036,137.53111721894567,137.53111721894567
TT,TCGA-KIRC,TCGA-B8-5545-01,TCGA-V5-A7RC-01,0.003085760287713572,0.20554136699553993,66.60963517287277,66.60963517287277
TT,TCGA-KIRC,TCGA-CZ-5466-01,TCGA-XM-A8RD-01,0.0029488257738422737,0.05984474633014314,20.294432740312892,20.294432740312892
TT,TCGA-KIRC,TCGA-A3-A8OX-01,TCGA-BP-4782-01,0.0006521966619642858,0.1901550407991364,291.5608924253422,291.5608924253422
TT,TCGA-KIRC,TCGA-A3-3351-01,TCGA-B8-5550-01,0.0017319775699483945,0.24420360484685055,140.99697887780775,140.99697887780775
TT,TCGA-KIRC,TCGA-AY-A8YK-01,TCGA-BP-5201-01,0.0024270345295479365,0.25920890808892244,106.8006676185209,106.8006676185209
TT,TCGA-KIRC,TCGA-A3-3359-01,TCGA-CW-5587-01,0.0008193330262093795,0.2514599145260512,306.90806605150925,306.90806605150925
TT,TCGA-KIRC,TCGA-B0-4821-01,TCGA-HE-7130-01,0.007252427056640502,0.3790901278267721,52.270794985751394,52.270794985751394
TT,TCGA-KIRC,TCGA-BP-4162-01,TCGA-BP-4804-01,0.0012908713707677954,0.23184001496497883,179.59962565990062,179.59962565990062
TT,TCGA-KIRC,TCGA-AL-3472-01,TCGA-CJ-4904-01,0.005955925496206955,0.31674432473035524,53.1813779289339,53.1813779289339
TT,TCGA-KIRC,TCGA-A3-3324-01,TCGA-CW-5584-01,0.0007007374209374597,0.22056545261750513,314.76191512996195,314.76191512996195
TT,TCGA-KIRC,TCGA-BP-4988-01,TCGA-BP-5006-01,0.0026790456679235334,0.2584255515225174,96.46179406968344,96.46179406968344
TT,TCGA-KIRC,TCGA-A3-3329-01,TCGA-BP-4964-01,0.0006921781085182002,0.17731418683022604,256.1684408219965,256.1684408219965
TT,TCGA-KIRC,TCGA-B8-A54D-01,TCGA-CJ-4904-01,0.0021335251183005896,0.33266623432686543,155.92327996205785,155.92327996205785
TT,TCGA-KIRC,TCGA-AL-3468-01,TCGA-BP-5202-01,0.0025976663335650573,0.3006074571550524,115.72212076309908,115.72212076309908
TT,TCGA-KIRC,TCGA-B1-A655-01,TCGA-CJ-4905-01,0.00199088335082832,0.1921651253113546,96.52254373989467,96.52254373989467
TT,TCGA-KIRC,TCGA-CJ-6027-01,TCGA-UZ-A9PN-01,0.0019137013502347187,0.26804418324451934,140.06583796977688,140.06583796977688
TT,TCGA-KIRC,TCGA-BP-5175-01,TCGA-DX-A1KU-01,0.008736782486823094,0.44597158466004994,51.04528873560363,51.04528873560363
TT,TCGA-KIRC,TCGA-CW-5580-01,TCGA-DX-A48L-01,0.0028329351274136395,0.18077607385103528,63.812288570150514,63.812288570150514
TT,TCGA-KIRC,TCGA-A3-3372-01,TCGA-B0-5711-01,0.0009139329920580934,0.2536951646243465,277.58617626118104,277.58617626118104
TT,TCGA-KIRC,TCGA-BP-4355-01,TCGA-CZ-4859-01,0.002310798812379247,0.20059966691465664,86.80966332508844,86.80966332508844
TT,TCGA-KIRC,TCGA-A3-3382-01,TCGA-B0-5709-01,0.001265135107390999,0.28132184057487675,222.36505724280104,222.36505724280104
TT,TCGA-KIRC,TCGA-B0-4710-01,TCGA-BP-4161-01,0.0007036001505693819,0.2235892330445318,317.7788305809689,317.7788305809689
TT,TCGA-KIRC,TCGA-B0-4718-01,TCGA-B0-5099-01,0.001917370173840382,0.30531096674957214,159.23423182183535,159.23423182183535
TT,TCGA-KIRC,TCGA-DX-AB3C-01,TCGA-UZ-A9PM-01,0.003997176299600029,0.3394088931546946,84.91216491718342,84.91216491718342
TT,TCGA-KIRC,TCGA-BP-5009-01,TCGA-DX-AB2J-01,0.0026826719261512765,0.3492477742099894,130.18653932500848,130.18653932500848
TT,TCGA-KIRC,TCGA-B8-5163-01,TCGA-BP-4789-01,0.0008891838815124756,0.30414135248503427,342.04550803113835,342.04550803113835
TT,TCGA-KIRC,TCGA-DX-A2J4-01,TCGA-UZ-A9PO-01,0.0035816477940447495,0.47168756697849645,131.6956870418072,131.6956870418072
TT,TCGA-KIRC,TCGA-A3-3378-01,TCGA-KL-8327-01,0.01845576595815973,0.05716861587389108,3.0976019095330733,3.0976019095330733
TT,TCGA-KIRC,TCGA-BP-4987-01,TCGA-DX-A3UF-01,0.0031221464046873883,0.3298990663754122,105.66418854673924,105.66418854673924
TT,TCGA-KIRC,TCGA-B8-A54H-01,TCGA-BP-5168-01,0.0009670443607370188,0.19547501263532474,202.13655192234026,202.13655192234026
TT,TCGA-KIRC,TCGA-CZ-4859-01,TCGA-CZ-5456-01,0.001697771331106305,0.39340784608384893,231.7201609403404,231.7201609403404
TT,TCGA-KIRC,TCGA-A3-3331-01,TCGA-P4-AAVK-01,0.0031458237328364736,0.2225219656508484,70.73567515183329,70.73567515183329
TT,TCGA-KIRC,TCGA-B0-5097-01,TCGA-BP-4967-01,0.0013694475903886349,0.28415646825634566,207.49714720787892,207.49714720787892
TT,TCGA-KIRC,TCGA-A3-3349-01,TCGA-EU-5906-01,0.000652143374069732,0.1922815458260147,294.8455101614734,294.8455101614734
TT,TCGA-KIRC,TCGA-A3-3343-01,TCGA-UZ-A9PU-01,0.0014612161451806219,0.349765163528996,239.36579450110122,239.36579450110122
TT,TCGA-KIRC,TCGA-AK-3450-01,TCGA-CJ-4893-01,0.0007672265895940644,0.20523529334912433,267.5028422277612,267.5028422277612
TT,TCGA-KIRC,TCGA-KL-8323-01,TCGA-P4-A5E6-01,0.0061275045971910524,0.3565718738676195,58.192020619793226,58.192020619793226
TT,TCGA-KIRC,TCGA-B0-5701-01,TCGA-CJ-4870-01,0.0019070276135155371,0.2625166220877169,137.65748341932863,137.65748341932863
TT,TCGA-KIRC,TCGA-BP-5199-01,TCGA-P4-AAVK-01,0.0024476632903902566,0.1672454731235283,68.32862746283318,68.32862746283318
TT,TCGA-KIRC,TCGA-DX-A8BT-01,TCGA-V5-AASW-01,0.004315693625499377,0.46404947401394747,107.52604662946885,107.52604662946885
TT,TCGA-KIRC,TCGA-B2-5641-01,TCGA-UZ-A9PR-01,0.001658718302517612,0.32295560948918656,194.70190266725984,194.70190266725984
TT,TCGA-KIRC,TCGA-CW-5591-01,TCGA-CZ-5455-01,0.0008221694299954128,0.3289586949080682,400.1105890180125,400.1105890180125
TT,TCGA-KIRC,TCGA-BP-4768-01,TCGA-CJ-4875-01,0.0026404038087959377,0.2387449083397829,90.41984697357864,90.41984697357864
TT,TCGA-KIRC,TCGA-B3-3925-01,TCGA-CW-5580-01,0.00129882712761698,0.31507477033715575,242.5840696099707,242.5840696099707
TT,TCGA-KIRC,TCGA-B0-4815-01,TCGA-BP-4341-01,0.001404335563802722,0.3665985710857539,261.0477015144885,261.0477015144885
TT,TCGA-KIRC,TCGA-BP-4770-01,TCGA-DX-AB2T-01,0.0030140606322825443,0.3375199024601014,111.98178923311771,111.98178923311771
TT,TCGA-KIRC,TCGA-B0-5709-01,TCGA-DX-AB3A-01,0.0036647077134514755,0.09407068412393,25.669355233608208,25.669355233608208
TT,TCGA-KIRC,TCGA-B8-5550-01,TCGA-CJ-5675-01,0.0013828183018368776,0.27370872032020876,197.935419249677,197.935419249677
TT,TCGA-KIRC,TCGA-A3-A8OU-01,TCGA-CJ-4643-01,0.0010998725066331495,0.18383037891656714,167.13789808174718,167.13789808174718
TT,TCGA-KIRC,TCGA-B0-4852-01,TCGA-DX-A6YZ-01,0.002470522597610806,0.2516826778870058,101.87426665532354,101.87426665532354
TT,TCGA-KIRC,TCGA-A3-3365-01,TCGA-AK-3465-01,0.003288377686798713,0.1217809504289522,37.033747953541145,37.033747953541145
TT,TCGA-KIRC,TCGA-CJ-5682-01,TCGA-XM-AAZ2-01,0.002466059760841346,0.29015413097078196,117.65900225864357,117.65900225864357
TT,TCGA-KIRC,TCGA-BP-4987-01,TCGA-CJ-5686-01,0.0010093106134291285,0.2523878623258834,250.05965355738874,250.05965355738874
TT,TCGA-KIRC,TCGA-DX-AB2X-01,TCGA-P4-AAVL-01,0.003064801973656184,0.12563374731886082,40.99245184477119,40.99245184477119
TT,TCGA-KIRC,TCGA-HE-7129-01,TCGA-XM-A8RC-01,0.0027080921610742248,0.4477086308370005,165.32252383146627,165.32252383146627
TT,TCGA-KIRC,TCGA-A3-3347-01,TCGA-BP-4989-01,0.0015835633600804564,0.13754241923364197,86.85627787362662,86.85627787362662
TT,TCGA-KIRC,TCGA-AK-3444-01,TCGA-KL-8344-01,0.0017439811800220321,0.23686853627811252,135.82058051516364,135.82058051516364
TT,TCGA-KIRC,TCGA-B0-5080-01,TCGA-B0-5116-01,0.001429395948022424,0.2569740091677396,179.7780450709017,179.7780450709017
TT,TCGA-KIRC,TCGA-B1-A657-01,TCGA-DX-A7ES-01,0.0021224501144329975,0.44782061061359546,210.99229026319358,210.99229026319358
TT,TCGA-KIRC,TCGA-A3-3374-01,TCGA-B0-5692-01,0.005365927326612599,0.24043448350480118,44.80762948695814,44.80762948695814
TT,TCGA-KIRC,TCGA-A3-3349-01,TCGA-B0-4811-01,0.004312195406822129,0.14435345205668398,33.475628638792415,33.475628638792415
TT,TCGA-KIRC,TCGA-CJ-4890-01,TCGA-CW-5580-01,0.0008803350325419931,0.2624468384752888,298.1215432464001,298.1215432464001
TT,TCGA-KIRC,TCGA-B0-4833-01,TCGA-KL-8342-01,0.003458343268254071,0.19929708153018982,57.62790621730389,57.62790621730389
TT,TCGA-KIRC,TCGA-BP-4337-01,TCGA-DX-A23R-01,0.004254553553075479,0.25589523839486694,60.14620222840739,60.14620222840739
TT,TCGA-KIRC,TCGA-BP-5010-01,TCGA-BP-5196-01,0.0015824409635615375,0.19274405924575516,121.80173774821507,121.80173774821507
TT,TCGA-KIRC,TCGA-CZ-5463-01,TCGA-KL-8340-01,0.005252436730587031,0.2848583612985116,54.23356356482467,54.23356356482467
TT,TCGA-KIRC,TCGA-B0-5712-01,TCGA-KL-8330-01,0.004453893735628493,0.27370697974536423,61.45341492004439,61.45341492004439
TT,TCGA-KIRC,TCGA-CZ-5469-01,TCGA-DX-A3UD-01,0.004156719414921981,0.318510700589583,76.62549929306721,76.62549929306721
TT,TCGA-KIRC,TCGA-B0-4714-01,TCGA-CW-5584-01,0.0025719896664257503,0.310080554907621,120.56057571122928,120.56057571122928
TT,TCGA-KIRC,TCGA-BP-4337-01,TCGA-CZ-5469-01,0.0020783000818545842,0.21904033885314952,105.39399038934141,105.39399038934141
TT,TCGA-KIRC,TCGA-AK-3453-01,TCGA-BP-5177-01,0.0016131203150305902,0.26903013325952196,166.77623532031475,166.77623532031475
TT,TCGA-KIRC,TCGA-BP-4797-01,TCGA-HE-A5NJ-01,0.003371967291201468,0.375243123298018,111.28314449465341,111.28314449465341
TT,TCGA-KIRC,TCGA-B2-5633-01,TCGA-BP-4174-01,0.0017695848832150417,0.25149150127674974,142.11892498755498,142.11892498755498
TT,TCGA-KIRC,TCGA-B0-4698-01,TCGA-BP-4807-01,0.002985544155270554,0.15678867554702947,52.51594596926036,52.51594596926036
TT,TCGA-KIRC,TCGA-BP-4981-01,TCGA-CZ-5453-01,0.0031697315575788952,0.27261056698272257,86.00430731457524,86.00430731457524
TT,TCGA-KIRC,TCGA-B0-4846-01,TCGA-BP-4969-01,0.00270449220820372,0.1641186402537428,60.68371717097596,60.68371717097596
TT,TCGA-KIRC,TCGA-B3-3926-01,TCGA-DX-A6BH-01,0.00395847286559139,0.4872363480439927,123.08694908060215,123.08694908060215
TT,TCGA-KIRC,TCGA-B0-5399-01,TCGA-CJ-4908-01,0.0010333871167472737,0.20712684107227058,200.43489774115866,200.43489774115866
TT,TCGA-KIRC,TCGA-B8-5159-01,TCGA-DX-A3U8-01,0.00258395760233866,0.28372743217204605,109.80343946636475,109.80343946636475
TT,TCGA-KIRC,TCGA-AK-3453-01,TCGA-KL-8342-01,0.0028958892016518528,0.21860421898569726,75.48777034045452,75.48777034045452
TT,TCGA-KIRC,TCGA-B8-5162-01,TCGA-BP-4776-01,0.0031368508372123386,0.2605060280155084,83.04699252037604,83.04699252037604
TT,TCGA-KIRC,TCGA-GK-A6C7-01,TCGA-UZ-A9PN-01,0.0013904599841418597,0.3401899697862366,244.6600216231244,244.6600216231244
TT,TCGA-KIRC,TCGA-B0-5713-01,TCGA-BP-4964-01,0.0007258874461709498,0.18063386267242465,248.84555260635344,248.84555260635344
TT,TCGA-KIRC,TCGA-BP-5006-01,TCGA-DX-A3U9-01,0.0025403447222825336,0.33110534373037476,130.3387452994459,130.3387452994459
TT,TCGA-KIRC,TCGA-B4-5836-01,TCGA-CZ-5454-01,0.0016308438341963495,0.20357193657170725,124.8261374284337,124.8261374284337
TT,TCGA-KIRC,TCGA-B0-4693-01,TCGA-CJ-5676-01,0.0028535232882121527,0.2577439379675165,90.3248061903863,90.3248061903863
TT,TCGA-KIRC,TCGA-A3-3307-01,TCGA-B0-4833-01,0.001907372034669326,0.18631172279962066,97.67980205913044,97.67980205913044
TT,TCGA-KIRC,TCGA-B3-4103-01,TCGA-B8-A54D-01,0.0017456218606860903,0.33600109798305144,192.48217815683822,192.48217815683822
TT,TCGA-KIRC,TCGA-B0-5115-01,TCGA-P4-A5EA-01,0.00537258829238868,0.3090481030065545,57.52313153129218,57.52313153129218
TT,TCGA-KIRC,TCGA-BP-4761-01,TCGA-CJ-5679-01,0.005124844856893998,0.3637093003767453,70.96981675210705,70.96981675210705
TT,TCGA-KIRC,TCGA-AL-3467-01,TCGA-BP-4973-01,0.001314179451185402,0.26441500834879633,201.20160006328783,201.20160006328783
TT,TCGA-KIRC,TCGA-BP-4173-01,TCGA-DX-AB37-01,0.004589993817473971,0.1471382324015052,32.056302960878575,32.056302960878575
TT,TCGA-KIRC,TCGA-A3-A8OW-01,TCGA-CZ-5462-01,0.0019953613477500815,0.30525706630144334,152.98335143438726,152.98335143438726
TT,TCGA-KIRC,TCGA-BP-4781-01,TCGA-DX-A6Z0-01,0.003042223203743066,0.25667770156431896,84.37175196366589,84.37175196366589
TT,TCGA-KIRC,TCGA-A3-3359-01,TCGA-BP-4797-01,0.0011523609761575442,0.2808591108933357,243.7249409727827,243.7249409727827
TT,TCGA-KIRC,TCGA-B0-5713-01,TCGA-CZ-5989-01,0.014328313129975042,0.11334397469792626,7.910489788278635,7.910489788278635
TT,TCGA-KIRC,TCGA-A3-A6NI-01,TCGA-UZ-A9PX-01,0.001172981817535329,0.2022777902469433,172.44750704829312,172.44750704829312
TT,TCGA-KIRC,TCGA-AK-3434-01,TCGA-B0-5094-01,0.0018166808614557537,0.3175293446545715,174.78542951133804,174.78542951133804
TT,TCGA-KIRC,TCGA-B8-A54E-01,TCGA-BP-4798-01,0.0030997969709099095,0.38654022702131374,124.69856272807742,124.69856272807742
TT,TCGA-KIRC,TCGA-KL-8329-01,TCGA-XM-A8RL-01,0.005294516931792141,0.42331243597554835,79.95298559414775,79.95298559414775
TT,TCGA-KIRC,TCGA-BW-A5NO-01,TCGA-XM-AAZ2-01,0.005104067712922383,0.4707733282482805,92.23493000619592,92.23493000619592
TT,TCGA-KIRC,TCGA-B8-A54G-01,TCGA-V5-AASW-01,0.0035341516793043547,0.2875121985778726,81.35253511090534,81.35253511090534
TT,TCGA-KIRC,TCGA-B0-4816-01,TCGA-DX-A6YU-01,0.0012732560110275523,0.32540587319523273,255.56986998445137,255.56986998445137
TT,TCGA-KIRC,TCGA-CJ-4638-01,TCGA-CZ-5466-01,0.0029579618124942414,0.2561313136627289,86.5904734066703,86.5904734066703
TT,TCGA-KIRC,TCGA-B8-5164-01,TCGA-DX-A8BG-01,0.0023247615949758137,0.3294880322496836,141.72981563432594,141.72981563432594
TT,TCGA-KIRC,TCGA-BP-5202-01,TCGA-CZ-4863-01,0.0006902014037063545,0.23105573177667055,334.76566482755663,334.76566482755663
TT,TCGA-KIRC,TCGA-BP-4346-01,TCGA-BP-4807-01,0.0015003764093624843,0.21189080436283395,141.225097276001,141.225097276001
TT,TCGA-KIRC,TCGA-B2-4098-01,TCGA-BP-4170-01,0.00148994515920925,0.2689419690959285,180.50460947076905,180.50460947076905
TT,TCGA-KIRC,TCGA-CJ-5676-01,TCGA-DX-A8BM-01,0.0034609055591518327,0.3201532915041747,92.50564224660177,92.50564224660177
TT,TCGA-KIRC,TCGA-DX-A3U8-01,TCGA-DX-A8BS-01,0.0021247489946692897,0.36278982951906225,170.74479405767613,170.74479405767613
TT,TCGA-KIRC,TCGA-B0-5110-01,TCGA-BP-5184-01,0.0010055506070363435,0.2203005575801137,219.08450558187707,219.08450558187707
TT,TCGA-KIRC,TCGA-A3-3343-01,TCGA-XM-A8RE-01,0.004477532227311875,0.22649862907877968,50.585594381028066,50.585594381028066
TT,TCGA-KIRC,TCGA-B0-4822-01,TCGA-BP-4961-01,0.0053714437545285135,0.27215120723374886,50.666304939767045,50.666304939767045
TT,TCGA-KIRC,TCGA-B0-4815-01,TCGA-CW-6093-01,0.0020928124517842718,0.3482855368625595,166.4198512225122,166.4198512225122
TT,TCGA-KIRC,TCGA-MW-A4EC-01,TCGA-XM-A8R8-01,0.0021744041765724303,0.2842063646940789,130.70539863572225,130.70539863572225
TT,TCGA-KIRC,TCGA-CZ-5462-01,TCGA-KL-8337-01,0.005681023999623026,0.16798813685241476,29.57004527063464,29.57004527063464
TT,TCGA-KIRC,TCGA-CJ-5677-01,TCGA-CZ-5454-01,0.0021915098892013526,0.24234525711696733,110.58369314741478,110.58369314741478
TT,TCGA-KIRC,TCGA-BP-5201-01,TCGA-DX-A8BH-01,0.0031357865515163246,0.2377980503258558,75.83362145961989,75.83362145961989
TT,TCGA-KIRC,TCGA-A3-3316-01,TCGA-BP-4765-01,0.0008413155812536096,0.26796998987965537,318.51304772029107,318.51304772029107
TT,TCGA-KIRC,TCGA-DX-A23R-01,TCGA-KL-8329-01,0.004458507209339572,0.434507624101548,97.45585320381494,97.45585320381494
TT,TCGA-KIRC,TCGA-DV-5573-01,TCGA-DX-A23Z-01,0.0023819394383569805,0.1337314537819289,56.14393532783289,56.14393532783289
TT,TCGA-KIRC,TCGA-AL-3473-01,TCGA-B0-5707-01,0.0022618326820584103,0.32329862650079255,142.93657929045858,142.93657929045858
TT,TCGA-KIRC,TCGA-B0-5701-01,TCGA-BP-4986-01,0.0015577644208156676,0.22259916628059728,142.89655310270933,142.89655310270933
TT,TCGA-KIRC,TCGA-A3-3328-01,TCGA-A3-3370-01,0.0028054586440533964,0.1661667317042221,59.22979191172117,59.22979191172117
TT,TCGA-KIRC,TCGA-BP-4756-01,TCGA-BP-4801-01,0.0016410625583437514,0.21400248751452533,130.40483217806647,130.40483217806647
TT,TCGA-KIRC,TCGA-A3-3307-01,TCGA-CJ-4892-01,0.0009882515656975367,0.18359371995494206,185.77630061770384,185.77630061770384
TT,TCGA-KIRC,TCGA-A3-3373-01,TCGA-BP-4975-01,0.0009705231659116662,0.19151603646245507,197.3327821418394,197.3327821418394
TT,TCGA-KIRC,TCGA-BP-4346-01,TCGA-UZ-A9PS-01,0.0017267104855701546,0.19368999871734066,112.1728282395788,112.1728282395788
TT,TCGA-KIRC,TCGA-A3-3320-01,TCGA-B8-5163-01,0.0014526479506000644,0.3240876100495286,223.10127509948535,223.10127509948535
TT,TCGA-KIRC,TCGA-BW-A5NP-01,TCGA-CZ-5989-01,0.020504083682529973,0.4560481208798489,22.241819139102233,22.241819139102233
TT,TCGA-KIRC,TCGA-AY-A54L-01,TCGA-CJ-4875-01,0.003610570422619159,0.3256387335022828,90.1903841737173,90.1903841737173
TT,TCGA-KIRC,TCGA-A3-3316-01,TCGA-UZ-A9PX-01,0.002818026467484935,0.3965129318600802,140.70589344533894,140.70589344533894
TT,TCGA-KIRC,TCGA-B2-5633-01,TCGA-BP-4787-01,0.0016591787088837844,0.21247652279024692,128.06126407756938,128.06126407756938
TT,TCGA-KIRC,TCGA-BP-5187-01,TCGA-DX-A8BV-01,0.0023521338371851495,0.22546039563851378,95.85355734192711,95.85355734192711
TT,TCGA-KIRC,TCGA-B0-4710-01,TCGA-B0-4846-01,0.0007936194834041682,0.21858134905893806,275.4233655168729,275.4233655168729
TT,TCGA-KIRC,TCGA-B0-5100-01,TCGA-BP-4770-01,0.0027504929318573606,0.2730629989718357,99.27784064052874,99.27784064052874
TT,TCGA-KIRC,TCGA-A3-3317-01,TCGA-CZ-5470-01,0.0025292586471135207,0.20735837489297718,81.98385528092268,81.98385528092268
TT,TCGA-KIRC,TCGA-A3-3324-01,TCGA-BP-5008-01,0.0005285640101434177,0.13613617902715291,257.55854809375774,257.55854809375774
TT,TCGA-KIRC,TCGA-B1-A655-01,TCGA-B2-5633-01,0.002198360208816707,0.2352333350988395,107.00399968822971,107.00399968822971
TT,TCGA-KIRC,TCGA-BP-5189-01,TCGA-DX-A8BO-01,0.005621856677935788,0.26169640263446003,46.549817547207326,46.549817547207326
TT,TCGA-KIRC,TCGA-A3-3382-01,TCGA-B0-4845-01,0.00174857613142934,0.3232745582271815,184.87874357688213,184.87874357688213
TT,TCGA-KIRC,TCGA-B2-4099-01,TCGA-CW-5590-01,0.0018856171985094836,0.21658907724466953,114.86375782734473,114.86375782734473
TT,TCGA-KIRC,TCGA-BP-4346-01,TCGA-UZ-A9Q0-01,0.0074118640647642875,0.09075984537845938,12.245211809796693,12.245211809796693
TT,TCGA-KIRC,TCGA-A3-3382-01,TCGA-KL-8331-01,0.006024776187987517,0.18571097107708354,30.82454273527419,30.82454273527419
TT,TCGA-KIRC,TCGA-B2-5641-01,TCGA-DX-A7EQ-01,0.02029081337538215,0.24069199703333094,11.86211674123181,11.86211674123181
TT,TCGA-KIRC,TCGA-B0-4818-01,TCGA-CJ-5683-01,0.0007795410893681038,0.32060456527962383,411.2734654429903,411.2734654429903
TT,TCGA-KIRC,TCGA-AK-3429-01,TCGA-B0-5113-01,0.002500508546822885,0.20747447579759234,82.97291207470849,82.97291207470849
TT,TCGA-KIRC,TCGA-B0-4841-01,TCGA-DX-A6BF-01,0.0039055487994126333,0.3942994698455635,100.95878712483719,100.95878712483719
TT,TCGA-KIRC,TCGA-B8-5552-01,TCGA-DX-A8BZ-01,0.017180215884771293,0.08892101402246748,5.1757797817481395,5.1757797817481395
TT,TCGA-KIRC,TCGA-B0-5120-01,TCGA-DX-A2J1-01,0.005764300315639971,0.1632943430012448,28.328562715267783,28.328562715267783
TT,TCGA-KIRC,TCGA-AY-A54L-01,TCGA-CJ-4893-01,0.0029631454145964526,0.2531608683574849,85.43653210889165,85.43653210889165
TT,TCGA-KIRC,TCGA-B8-5545-01,TCGA-BP-4798-01,0.0013889192506113305,0.22729811886569878,163.65106809892217,163.65106809892217
TT,TCGA-KIRC,TCGA-A3-3322-01,TCGA-B0-5077-01,0.0008186782827084612,0.22006258997262435,268.80228121428087,268.80228121428087
TT,TCGA-KIRC,TCGA-B0-5095-01,TCGA-CJ-4884-01,0.0010225218441321392,0.22720968515432508,222.2052139601656,222.2052139601656
TT,TCGA-KIRC,TCGA-AL-A5DJ-01,TCGA-CJ-5671-01,0.007105751692877987,0.09968974718105438,14.029444243171662,14.029444243171662
TT,TCGA-KIRC,TCGA-B0-5699-01,TCGA-P4-AAVK-01,0.0023615711946243763,0.18557161248018716,78.57972391541792,78.57972391541792
TT,TCGA-KIRC,TCGA-AK-3458-01,TCGA-B0-5088-01,0.004530482963502496,0.1597717658293598,35.265945621356224,35.265945621356224
TT,TCGA-KIRC,TCGA-A3-3320-01,TCGA-BP-5173-01,0.002091802280184592,0.17735599039492694,84.78621142877618,84.78621142877618
TT,TCGA-KIRC,TCGA-CW-5584-01,TCGA-CW-5591-01,0.0008747455328904065,0.27857200359835205,318.4606186874386,318.4606186874386
TT,TCGA-KIRC,TCGA-B0-5084-01,TCGA-DV-A4VX-01,0.0030520281062453745,0.33572990319196583,110.00223179628021,110.00223179628021
TT,TCGA-KIRC,TCGA-A3-3313-01,TCGA-XM-A8RC-01,0.0038181342952478287,0.4324242362086326,113.255376257153,113.255376257153
TT,TCGA-KIRC,TCGA-AY-6196-01,TCGA-B0-4810-01,0.001053406018000617,0.24791497437804286,235.34607752534941,235.34607752534941
TT,TCGA-KIRC,TCGA-B0-5100-01,TCGA-DX-A6BE-01,0.0022759840771105176,0.3716548479849517,163.29413361133317,163.29413361133317
TT,TCGA-KIRC,TCGA-CJ-4916-01,TCGA-DX-AB2V-01,0.002516285155430569,0.36558230256528784,145.28651563051167,145.28651563051167
TT,TCGA-KIRC,TCGA-DX-A3LS-01,TCGA-DX-A6Z2-01,0.002351203006685317,0.33404197335326846,142.07279099400046,142.07279099400046
TT,TCGA-KIRC,TCGA-B0-4697-01,TCGA-KL-8342-01,0.00797615129827959,0.42563512033668904,53.36347123060418,53.36347123060418
TT,TCGA-KIRC,TCGA-A3-3347-01,TCGA-BW-A5NP-01,0.005026836787935671,0.09605718479057855,19.108872804685895,19.108872804685895
TT,TCGA-KIRC,TCGA-BP-5007-01,TCGA-BP-5195-01,0.0006456567097129863,0.2265118123100919,350.82391137975344,350.82391137975344
TT,TCGA-KIRC,TCGA-A3-A8OV-01,TCGA-UZ-A9PS-01,0.0019521379565015486,0.2564871201415516,131.38780447730522,131.38780447730522
TT,TCGA-KIRC,TCGA-B8-5164-01,TCGA-UZ-A9Q1-01,0.0023517293210807482,0.15496864844325448,65.89561436944534,65.89561436944534
TT,TCGA-KIRC,TCGA-A3-3370-01,TCGA-B0-5697-01,0.001335701179278523,0.25320989260716076,189.57076368228687,189.57076368228687
TT,TCGA-KIRC,TCGA-CJ-4920-01,TCGA-DX-A8BX-01,0.002179377676223837,0.19454564294697987,89.26660352145348,89.26660352145348
TT,TCGA-KIRC,TCGA-A3-3383-01,TCGA-B0-4841-01,0.003050373923593275,0.12393852348477596,40.63060024417565,40.63060024417565
TT,TCGA-KIRC,TCGA-BP-4807-01,TCGA-DX-A6YX-01,0.003155176711505602,0.06970682996244398,22.092844977034886,22.092844977034886
TT,TCGA-KIRC,TCGA-BP-4343-01,TCGA-XM-A8RI-01,0.0045459230498769545,0.3759823060162519,82.70758257257097,82.70758257257097
TT,TCGA-KIRC,TCGA-AK-3461-01,TCGA-B8-4620-01,0.0012469509361015209,0.1521811551975433,122.04261674747517,122.04261674747517
TT,TCGA-KIRC,TCGA-DX-AB32-01,TCGA-KL-8339-01,0.004210278100946836,0.41026318229546255,97.4432501746618,97.4432501746618
TT,TCGA-KIRC,TCGA-BP-4173-01,TCGA-BP-5169-01,0.007565739078177994,0.0981435003027548,12.97209688156336,12.97209688156336
TT,TCGA-KIRC,TCGA-CZ-4864-01,TCGA-DX-A48N-01,0.00261658313097193,0.3399776356717419,129.9319068626179,129.9319068626179
TT,TCGA-KIRC,TCGA-B0-4817-01,TCGA-BP-4177-01,0.0029722850124188896,0.35668587812647357,120.00392850489035,120.00392850489035
TT,TCGA-KIRC,TCGA-AY-A54L-01,TCGA-UZ-A9PN-01,0.00262970838861777,0.13786358946971328,52.42542863932425,52.42542863932425
TT,TCGA-KIRC,TCGA-AY-A71X-01,TCGA-B1-A654-01,0.004827094367116235,0.35600564448359506,73.75154024516765,73.75154024516765
TT,TCGA-KIRC,TCGA-B3-4103-01,TCGA-CJ-4916-01,0.0019323455100569114,0.3635996810457986,188.16494211487566,188.16494211487566
TT,TCGA-KIRC,TCGA-DX-A3M2-01,TCGA-XM-AAZ1-01,0.005887254033967081,0.40684891095268727,69.10673611251242,69.10673611251242
TT,TCGA-KIRC,TCGA-B0-5399-01,TCGA-CZ-4864-01,0.0010987443061119193,0.22066631984638646,200.8350064877689,200.8350064877689
TT,TCGA-KIRC,TCGA-BP-4166-01,TCGA-DX-A8BV-01,0.0021321679665502135,0.31672948844247023,148.54809443316486,148.54809443316486
TT,TCGA-KIRC,TCGA-CJ-5683-01,TCGA-DX-A8BU-01,0.002773703744502051,0.2820741789795434,101.69585686238555,101.69585686238555
TT,TCGA-KIRC,TCGA-BP-4345-01,TCGA-DX-A23U-01,0.0019869479872670157,0.15351380553701774,77.26110925941808,77.26110925941808
TT,TCGA-KIRC,TCGA-DX-A3UE-01,TCGA-KL-8333-01,0.004357637219244754,0.2621271440945733,60.15350312709234,60.15350312709234
TT,TCGA-KIRC,TCGA-BP-5169-01,TCGA-HE-7128-01,0.009108407053394437,0.32409936040183984,35.582441419442,35.582441419442
TT,TCGA-KIRC,TCGA-B0-5709-01,TCGA-CJ-5671-01,0.0008329366937421926,0.19057622861828344,228.80037588699372,228.80037588699372
TT,TCGA-KIRC,TCGA-B0-4817-01,TCGA-UZ-A9PV-01,0.003383936847107143,0.3432664333414322,101.4399644115355,101.4399644115355
TT,TCGA-KIRC,TCGA-A3-3324-01,TCGA-P4-AAVK-01,0.0027851353289524484,0.2572282019255575,92.35752361889962,92.35752361889962
TT,TCGA-KIRC,TCGA-B0-4816-01,TCGA-DX-A6BB-01,0.003651527701931578,0.2705153789773598,74.08279521863221,74.08279521863221
TT,TCGA-KIRC,TCGA-CJ-4870-01,TCGA-XM-AAZ2-01,0.002475501838031376,0.4392624990625824,177.44381858827566,177.44381858827566
TT,TCGA-KIRC,TCGA-AK-3426-01,TCGA-AK-3447-01,0.021032517256923188,0.14366520455245801,6.830623400780443,6.830623400780443
TT,TCGA-KIRC,TCGA-BP-4326-01,TCGA-CZ-4856-01,0.0015367500501898878,0.3528485041027153,229.60695791688164,229.60695791688164
TT,TCGA-KIRC,TCGA-A3-A8OV-01,TCGA-B0-5119-01,0.0012664775044277,0.23683628383199312,187.00394046005223,187.00394046005223
TT,TCGA-KIRC,TCGA-CZ-4862-01,TCGA-UZ-A9PJ-01,0.0012358033924116795,0.185735834003382,150.29561752611565,150.29561752611565
TT,TCGA-KIRC,TCGA-AL-A5DJ-01,TCGA-B4-5835-01,0.007169596331202676,0.30017652198342837,41.86798086205151,41.86798086205151
TT,TCGA-KIRC,TCGA-A3-3363-01,TCGA-UZ-A9PR-01,0.0011939569668878267,0.2210277061609361,185.1220037997415,185.1220037997415
TT,TCGA-KIRC,TCGA-A3-3358-01,TCGA-CJ-5682-01,0.0012384062581771117,0.2567548613346379,207.32684419131695,207.32684419131695
TT,TCGA-KIRC,TCGA-BP-4332-01,TCGA-CJ-5676-01,0.002347949011616052,0.2640164882926396,112.44557994507797,112.44557994507797
TT,TCGA-KIRC,TCGA-BP-4968-01,TCGA-CZ-5464-01,0.0008790597836495693,0.20043156976226068,228.0067561845842,228.0067561845842
TT,TCGA-KIRC,TCGA-B8-A54I-01,TCGA-CJ-5676-01,0.0016999879646727215,0.22692551088743954,133.4865396715481,133.4865396715481
TT,TCGA-KIRC,TCGA-CJ-4901-01,TCGA-DX-A8BK-01,0.006613997957300993,0.18793902108409788,28.41534307954203,28.41534307954203
TT,TCGA-KIRC,TCGA-A3-3367-01,TCGA-AY-A69D-01,0.003155838109116162,0.30867181596315074,97.8097751819084,97.8097751819084
TT,TCGA-KIRC,TCGA-B0-5711-01,TCGA-BP-4759-01,0.002538350806223969,0.1369524443675197,53.95331647293035,53.95331647293035
TT,TCGA-KIRC,TCGA-AK-3443-01,TCGA-KL-8325-01,0.002079354088455059,0.30266717026573875,145.55826347527835,145.55826347527835
TT,TCGA-KIRC,TCGA-BP-5010-01,TCGA-Q2-A5QZ-01,0.011812138151748893,0.1884613087127319,15.954885245295621,15.954885245295621
TT,TCGA-KIRC,TCGA-AY-5543-01,TCGA-XM-A8RE-01,0.004429718934386164,0.4208366296667387,95.00300942345339,95.00300942345339
TT,TCGA-KIRC,TCGA-CZ-5452-01,TCGA-DX-AB2V-01,0.002764316733186339,0.42804673148240313,154.84720920131588,154.84720920131588
TT,TCGA-KIRC,TCGA-B0-5109-01,TCGA-DV-5567-01,0.0032971824195862386,0.3370123835612101,102.21223477331945,102.21223477331945
TT,TCGA-KIRC,TCGA-BP-4332-01,TCGA-BP-4335-01,0.0009101800115655954,0.2634980491391254,289.50102813825134,289.50102813825134
TT,TCGA-KIRC,TCGA-B8-5162-01,TCGA-DX-A8BR-01,0.002247350978202266,0.33924256731647273,150.95219687840864,150.95219687840864
TT,TCGA-KIRC,TCGA-AL-7173-01,TCGA-CJ-5678-01,0.0023927323556807386,0.3300885869090052,137.95466347304614,137.95466347304614
TT,TCGA-KIRC,TCGA-B1-A47O-01,TCGA-B4-5836-01,0.007061239393772018,0.16582521869909886,23.48386868817335,23.48386868817335
TT,TCGA-KIRC,TCGA-CJ-5679-01,TCGA-DX-A8BQ-01,0.002888799170816375,0.315978703951978,109.38064062884732,109.38064062884732
TT,TCGA-KIRC,TCGA-CJ-4886-01,TCGA-DX-A1KW-01,0.0025928680438316114,0.14217613319653635,54.833539845874895,54.833539845874895
TT,TCGA-KIRC,TCGA-CJ-5671-01,TCGA-DX-A48P-01,0.002409589450845571,0.18211802734853044,75.58052152188073,75.58052152188073
TT,TCGA-KIRC,TCGA-P4-A5EB-01,TCGA-UZ-A9PP-01,0.0012720403458095111,0.17917077350700114,140.85305870780303,140.85305870780303
TT,TCGA-KIRC,TCGA-BP-5169-01,TCGA-DX-A7EO-01,0.004900304206410562,0.4189820964423477,85.50124212579225,85.50124212579225
TT,TCGA-KIRC,TCGA-BP-4329-01,TCGA-BP-5175-01,0.007171435378529665,0.25601307252575456,35.699000132138686,35.699000132138686
TT,TCGA-KIRC,TCGA-B0-4710-01,TCGA-BP-5181-01,0.0011826943065855909,0.17774790823352232,150.29066026932702,150.29066026932702
TT,TCGA-KIRC,TCGA-AL-7173-01,TCGA-CJ-6031-01,0.0026917621776470484,0.11808451378193704,43.86885095664667,43.86885095664667
TT,TCGA-KIRC,TCGA-BP-4795-01,TCGA-CJ-4893-01,0.000825964457072063,0.3808452209450638,461.0915369108142,461.0915369108142
TT,TCGA-KIRC,TCGA-B0-5691-01,TCGA-BP-4344-01,0.0006358541942664358,0.16222631418238617,255.13131099110132,255.13131099110132
TT,TCGA-KIRC,TCGA-B0-5119-01,TCGA-P4-AAVO-01,0.005972754828497852,0.1666832560142943,27.907265709115862,27.907265709115862
TT,TCGA-KIRC,TCGA-DX-A6BF-01,TCGA-DX-AB35-01,0.003738125864386978,0.24120436409955384,64.52547957186277,64.52547957186277
TT,TCGA-KIRC,TCGA-BP-4160-01,TCGA-DX-A1L2-01,0.002950942224522043,0.18660836479285947,63.23687507066797,63.23687507066797
TT,TCGA-KIRC,TCGA-BP-5174-01,TCGA-CJ-4907-01,0.0018985476831476767,0.1768644933453443,93.15778313880098,93.15778313880098
TT,TCGA-KIRC,TCGA-A3-3351-01,TCGA-CZ-5460-01,0.0021952337698411665,0.22364099207825366,101.87570688402582,101.87570688402582
TT,TCGA-KIRC,TCGA-A3-A6NJ-01,TCGA-BP-4330-01,0.0007490797437754828,0.23092764065414845,308.2817851811556,308.2817851811556
TT,TCGA-KIRC,TCGA-B8-A54K-01,TCGA-P4-AAVO-01,0.006074832895320669,0.33508024807973197,55.158759731125784,55.158759731125784
TT,TCGA-KIRC,TCGA-BP-4170-01,TCGA-CZ-5464-01,0.0009844301704084902,0.2341335187142497,237.83659395271866,237.83659395271866
TT,TCGA-KIRC,TCGA-B0-4837-01,TCGA-BP-4329-01,0.001287170712249448,0.2633124128858324,204.5668149376006,204.5668149376006
TT,TCGA-KIRC,TCGA-B8-4621-01,TCGA-DX-AB2J-01,0.004091572665518767,0.35651408051188715,87.13375263168767,87.13375263168767
TT,TCGA-KIRC,TCGA-AY-5543-01,TCGA-DX-A1L0-01,0.004785287133074792,0.47738781505065137,99.76158206914228,99.76158206914228
TT,TCGA-KIRC,TCGA-DX-A6Z0-01,TCGA-UZ-A9PV-01,0.0030733174228197947,0.47921672545725635,155.92815824978175,155.92815824978175
TT,TCGA-KIRC,TCGA-B3-8121-01,TCGA-BP-4777-01,0.001203966545591875,0.293677679836951,243.9251164512863,243.9251164512863
TT,TCGA-KIRC,TCGA-B8-A8YJ-01,TCGA-DX-A6BB-01,0.004415719510325547,0.07076010574910324,16.02459250041597,16.02459250041597
TT,TCGA-KIRC,TCGA-B8-5158-01,TCGA-BP-4959-01,0.0009996921363564142,0.2572515990319562,257.3308218363737,257.3308218363737
TT,TCGA-KIRC,TCGA-AK-3458-01,TCGA-B0-4811-01,0.00502438171254138,0.24621991766864945,49.00501827997242,49.00501827997242
TT,TCGA-KIRC,TCGA-AK-3458-01,TCGA-MM-A564-01,0.0034235334291015263,0.3057345377885081,89.30379799701423,89.30379799701423
TT,TCGA-KIRC,TCGA-BP-5177-01,TCGA-CW-5590-01,0.0009272738467440742,0.23333361940145575,251.63399164201314,251.63399164201314
TT,TCGA-KIRC,TCGA-B0-5119-01,TCGA-DX-A6YV-01,0.002508267426991127,0.20390595770619857,81.29354769431444,81.29354769431444
TT,TCGA-KIRC,TCGA-A3-3374-01,TCGA-CZ-5458-01,0.005121210615871983,0.17842469541978195,34.84033538218419,34.84033538218419
TT,TCGA-KIRC,TCGA-B0-5812-01,TCGA-DX-A6YX-01,0.002920821357450987,0.045709857153339514,15.649658626582593,15.649658626582593
TT,TCGA-KIRC,TCGA-B0-4816-01,TCGA-BP-4989-01,0.0011438003443138053,0.2159914693856074,188.83668855265657,188.83668855265657
TT,TCGA-KIRC,TCGA-B4-5843-01,TCGA-B8-5551-01,0.0015686860160198115,0.38182550882438177,243.40467431027292,243.40467431027292
TT,TCGA-KIRC,TCGA-DX-A23Z-01,TCGA-UZ-A9PU-01,0.003038621695727054,0.49934955246619644,164.33422863016733,164.33422863016733
TT,TCGA-KIRC,TCGA-CW-5589-01,TCGA-UZ-A9PV-01,0.002444987555233527,0.13899692672049083,56.84974814001246,56.84974814001246
TT,TCGA-KIRC,TCGA-B8-5553-01,TCGA-CJ-4872-01,0.0012736427876100297,0.2549721956455002,200.1912923512498,200.1912923512498
TT,TCGA-KIRC,TCGA-B0-5110-01,TCGA-RG-A7D4-01,0.005569940120015713,0.23638115608065874,42.438724831388654,42.438724831388654
TT,TCGA-KIRC,TCGA-B0-4818-01,TCGA-B0-5104-01,0.0010171162250880803,0.18463254270936252,181.52551120042716,181.52551120042716
TT,TCGA-KIRC,TCGA-CZ-5460-01,TCGA-DX-A1KY-01,0.004348608464555842,0.4102960538630538,94.35111420291102,94.35111420291102
TT,TCGA-KIRC,TCGA-B0-4843-01,TCGA-P4-A5E8-01,0.0026665239402781306,0.30654766026099034,114.9615256141357,114.9615256141357
TT,TCGA-KIRC,TCGA-DV-5576-01,TCGA-DX-A6Z2-01,0.0017966796291647808,0.22524947646573362,125.36986160991034,125.36986160991034
TT,TCGA-KIRC,TCGA-AL-3472-01,TCGA-B0-5115-01,0.003835868083380211,0.25204813557932265,65.70823868301929,65.70823868301929
TT,TCGA-KIRC,TCGA-A3-3365-01,TCGA-DX-A8BK-01,0.009064724307083723,0.2345466714431033,25.87466132420755,25.87466132420755
TT,TCGA-KIRC,TCGA-B0-5693-01,TCGA-BP-5169-01,0.008387928617793755,0.21971780652202977,26.194525076898106,26.194525076898106
TT,TCGA-KIRC,TCGA-A3-3380-01,TCGA-CZ-4863-01,0.0010638766289596117,0.25198060744118106,236.85134214067511,236.85134214067511
TT,TCGA-KIRC,TCGA-B0-4813-01,TCGA-KL-8325-01,0.006921145256355607,0.3910193849374169,56.49634135020477,56.49634135020477
TT,TCGA-KIRC,TCGA-BP-5008-01,TCGA-DX-AB2L-01,0.0025755520463148452,0.1472208895116072,57.16090642480084,57.16090642480084
TT,TCGA-KIRC,TCGA-CJ-4891-01,TCGA-DX-A6YQ-01,0.0046129780884653845,0.343631270972224,74.49228337577927,74.49228337577927
TT,TCGA-KIRC,TCGA-BP-4968-01,TCGA-XM-AAZ1-01,0.0031344352282081313,0.08792837480224018,28.052382136001697,28.052382136001697
TT,TCGA-KIRC,TCGA-CZ-5470-01,TCGA-DX-AB30-01,0.0026407069071318046,0.3814003616894542,144.43115995167784,144.43115995167784
TT,TCGA-KIRC,TCGA-CZ-5453-01,TCGA-DX-AB2O-01,0.0034737288606496368,0.4044864030502645,116.44155870433129,116.44155870433129
TT,TCGA-KIRC,TCGA-BP-4992-01,TCGA-BP-5191-01,0.006916582166965609,0.24331475402829564,35.17846649612505,35.17846649612505
TT,TCGA-KIRC,TCGA-BP-4762-01,TCGA-DX-AB2Z-01,0.00273383253580951,0.0965664766448473,35.322747600651105,35.322747600651105
TT,TCGA-KIRC,TCGA-AK-3461-01,TCGA-Q2-A5QZ-01,0.019202719027153165,0.05858704242526407,3.0509763925838005,3.0509763925838005
TT,TCGA-KIRC,TCGA-B0-5108-01,TCGA-DX-A3U6-01,0.002320430239359882,0.17432253093464836,75.12509015687422,75.12509015687422
TT,TCGA-KIRC,TCGA-A3-3313-01,TCGA-B0-4714-01,0.003786759801379408,0.2932595733087776,77.44340509845688,77.44340509845688
TT,TCGA-KIRC,TCGA-CZ-5462-01,TCGA-HE-A5NL-01,0.0037925241331463067,0.2714689501188737,71.58001916092252,71.58001916092252
TT,TCGA-KIRC,TCGA-BP-4784-01,TCGA-DV-5569-01,0.0006578821214528535,0.2932764847458522,445.7888049886299,445.7888049886299
TT,TCGA-KIRC,TCGA-B0-5694-01,TCGA-BP-4801-01,0.0011039497778446697,0.21667491936281563,196.27244256151542,196.27244256151542
TT,TCGA-KIRC,TCGA-BP-4331-01,TCGA-BP-5182-01,0.0009007279094755939,0.23340033679812136,259.12413098646806,259.12413098646806
TT,TCGA-KIRC,TCGA-BP-4340-01,TCGA-MM-A564-01,0.004813500739665921,0.2765522669824385,57.45345891473417,57.45345891473417
TT,TCGA-KIRC,TCGA-BP-5181-01,TCGA-KL-8342-01,0.0037203002823867613,0.16329643022618068,43.89334672775869,43.89334672775869
TT,TCGA-KIRC,TCGA-A3-3351-01,TCGA-AK-3440-01,0.004507674063429369,0.12494389163925403,27.718040364302347,27.718040364302347
TT,TCGA-KIRC,TCGA-A3-A8CQ-01,TCGA-DX-A48O-01,0.0031543535168203976,0.20784708090908965,65.8921328255561,65.8921328255561
TT,TCGA-KIRC,TCGA-DV-5573-01,TCGA-DX-A23R-01,0.00240411708399536,0.152599996133069,63.47444438083096,63.47444438083096
TT,TCGA-KIRC,TCGA-B0-4813-01,TCGA-KL-8343-01,0.0064464890023288104,0.33675617916712053,52.23869598559255,52.23869598559255
TT,TCGA-KIRC,TCGA-DV-A4VZ-01,TCGA-KL-8323-01,0.004543027512311144,0.35556992235087126,78.26717346247911,78.26717346247911
TT,TCGA-KIRC,TCGA-AK-3453-01,TCGA-BP-4972-01,0.0025356418233771164,0.26772700933900184,105.58549984099383,105.58549984099383
TT,TCGA-KIRC,TCGA-HE-A5NI-01,TCGA-XM-A8RI-01,0.004747801622282884,0.4349158733123636,91.60363214654346,91.60363214654346
TT,TCGA-KIRC,TCGA-B0-5399-01,TCGA-CW-6088-01,0.0015014133855758803,0.2019035923355271,134.47568422875437,134.47568422875437
TT,TCGA-KIRC,TCGA-B0-4848-01,TCGA-CJ-4916-01,0.001058071317556833,0.2584122847626651,244.2295528427693,244.2295528427693
TT,TCGA-KIRC,TCGA-B0-5106-01,TCGA-DX-A1L3-01,0.0022991754357630668,0.31343727339853394,136.32594908726838,136.32594908726838
TT,TCGA-KIRC,TCGA-B0-5108-01,TCGA-BP-4975-01,0.0008673549657834863,0.2428952214287857,280.04131066382627,280.04131066382627
TT,TCGA-KIRC,TCGA-BP-4993-01,TCGA-DX-A2J0-01,0.0019461981091170846,0.3066619259700417,157.5697379077007,157.5697379077007
TT,TCGA-KIRC,TCGA-B0-4821-01,TCGA-DX-A3U5-01,0.0052810157583147825,0.36065326541018794,68.29240470308225,68.29240470308225
TT,TCGA-KIRC,TCGA-B0-4693-01,TCGA-CW-5589-01,0.0006265877820531136,0.21810503731321385,348.08376984076887,348.08376984076887
TT,TCGA-KIRC,TCGA-BP-4777-01,TCGA-UZ-A9PQ-01,0.0020394735554956794,0.142731884796005,69.98467051038327,69.98467051038327
TT,TCGA-KIRC,TCGA-CW-5591-01,TCGA-DX-A23Z-01,0.0032867565190097753,0.22350343266109526,68.00121377059952,68.00121377059952
TT,TCGA-KIRC,TCGA-B8-5549-01,TCGA-DV-5566-01,0.0012894421899681385,0.20807557509761648,161.36867299398506,161.36867299398506
TT,TCGA-KIRC,TCGA-CZ-4860-01,TCGA-MM-A84U-01,0.004843341432649644,0.19488168047210191,40.23703122773406,40.23703122773406
TT,TCGA-KIRC,TCGA-B8-5553-01,TCGA-BP-4774-01,0.0012430088256171657,0.26218422679080094,210.92708385286323,210.92708385286323
TT,TCGA-KIRC,TCGA-B1-A47O-01,TCGA-BP-4335-01,0.0038994084839056972,0.22152877193789372,56.81086576392932,56.81086576392932
TT,TCGA-KIRC,TCGA-BP-4758-01,TCGA-CJ-4902-01,0.0017419244658857394,0.11578521167355525,66.46970861315758,66.46970861315758
TT,TCGA-KIRC,TCGA-BW-A5NO-01,TCGA-CJ-4639-01,0.0061006231309630385,0.3138874095425246,51.45169645858367,51.45169645858367
TT,TCGA-KIRC,TCGA-CJ-4905-01,TCGA-DX-A7EI-01,0.0036568339458025725,0.326297895892219,89.22961795045516,89.22961795045516
TT,TCGA-KIRC,TCGA-B0-5109-01,TCGA-DX-A1L4-01,0.002544621530318719,0.2653186276945228,104.26643983527526,104.26643983527526
TT,TCGA-KIRC,TCGA-BP-4801-01,TCGA-CW-5589-01,0.0002925490688769726,0.12385784056399082,423.3745847814593,423.3745847814593
TT,TCGA-KIRC,TCGA-B0-4710-01,TCGA-BP-4987-01,0.0006908704938938359,0.21387063065741127,309.56689068020347,309.56689068020347
TT,TCGA-KIRC,TCGA-B2-4098-01,TCGA-BP-4329-01,0.0019133383976406705,0.2723554988844529,142.34570278853616,142.34570278853616
TT,TCGA-KIRC,TCGA-BP-4769-01,TCGA-CJ-5676-01,0.002618536446032633,0.3687860261646684,140.83669781393314,140.83669781393314
TT,TCGA-KIRC,TCGA-BP-4968-01,TCGA-DX-A6BF-01,0.003737768317696389,0.21990312176306961,58.832732013362815,58.832732013362815
TT,TCGA-KIRC,TCGA-B0-5707-01,TCGA-HE-A5NF-01,0.0008162888447284383,0.12810501674980285,156.93589049648304,156.93589049648304
TT,TCGA-KIRC,TCGA-A3-3362-01,TCGA-BP-4967-01,0.000881060923999913,0.2072680108248221,235.24821630251142,235.24821630251142
TT,TCGA-KIRC,TCGA-B0-4700-01,TCGA-DV-5574-01,0.0012806175353750008,0.18892855373171002,147.52925718480532,147.52925718480532
TT,TCGA-KIRC,TCGA-B0-5705-01,TCGA-DX-A23Y-01,0.0021761031672386613,0.293235921314575,134.75276619659215,134.75276619659215
TT,TCGA-KIRC,TCGA-AK-3433-01,TCGA-B0-5400-01,0.00615348160013277,0.21819790752417212,35.45926057850961,35.45926057850961
TT,TCGA-KIRC,TCGA-AL-3468-01,TCGA-B8-A7U6-01,0.0021172180629151676,0.1421170348000506,67.12442014799915,67.12442014799915
TT,TCGA-KIRC,TCGA-BP-4760-01,TCGA-CJ-5676-01,0.0028858492861907033,0.362901627747736,125.75210683533757,125.75210683533757
TT,TCGA-KIRC,TCGA-A3-A8OV-01,TCGA-BP-5175-01,0.0057295382941414,0.26916594234496893,46.97864444333988,46.97864444333988
TT,TCGA-KIRC,TCGA-B8-5553-01,TCGA-CJ-4868-01,0.0008559467941926216,0.2358971633199763,275.59792842321247,275.59792842321247
TT,TCGA-KIRC,TCGA-A3-3374-01,TCGA-DX-A6YR-01,0.006413893866558782,0.3851263778544398,60.045642454802575,60.045642454802575
TT,TCGA-KIRC,TCGA-CJ-4889-01,TCGA-CZ-5453-01,0.0010244316393160167,0.16854821846186663,164.5285170754794,164.5285170754794
TT,TCGA-KIRC,TCGA-B8-A54H-01,TCGA-CJ-4889-01,0.0006872835316233484,0.22426893174282814,326.31209889913976,326.31209889913976
TT,TCGA-KIRC,TCGA-AL-3472-01,TCGA-B0-4839-01,0.0030468075077964077,0.3803273560576967,124.82815375913493,124.82815375913493
TT,TCGA-KIRC,TCGA-A3-3373-01,TCGA-B0-4696-01,0.003175071130645209,0.2478871630342771,78.0729479228718,78.0729479228718
TT,TCGA-KIRC,TCGA-AL-3472-01,TCGA-BP-4799-01,0.009039942971438758,0.42628722463212765,47.15596392355135,47.15596392355135
TT,TCGA-KIRC,TCGA-DX-A3U9-01,TCGA-DX-A3UB-01,0.004716132811414837,0.3208155433370254,68.02512909740999,68.02512909740999
TT,TCGA-KIRC,TCGA-A3-3357-01,TCGA-AK-3444-01,0.0011007679622465098,0.2842229389913062,258.20422535849235,258.20422535849235
NN,TCGA-KIRC,TCGA-A3-3358-11,TCGA-A3-3387-11,0.0003104875453068144,0.10720871281900377,345.2915082731044,345.2915082731044
NN,TCGA-KIRC,TCGA-A3-3358-11,TCGA-B0-4700-11,0.0007982508410262531,0.14187140873762072,177.727853759887,177.727853759887
NN,TCGA-KIRC,TCGA-A3-3358-11,TCGA-B0-4712-11,0.0013576465610254855,0.17692860209856365,130.320075325733,130.320075325733
NN,TCGA-KIRC,TCGA-A3-3358-11,TCGA-B0-5402-11,0.0009193586841310204,0.11755870557693965,127.87033788456174,127.87033788456174
NN,TCGA-KIRC,TCGA-A3-3358-11,TCGA-B0-5690-11,0.0011157020735649125,0.13438079650401596,120.44505400499963,120.44505400499963
NN,TCGA-KIRC,TCGA-A3-3358-11,TCGA-B0-5691-11,0.0013222447855946574,0.07043504916472593,53.269296224185105,53.269296224185105
NN,TCGA-KIRC,TCGA-A3-3358-11,TCGA-B0-5694-11,0.0012564604056313526,0.07406205775498612,58.9449993195536,58.9449993195536
NN,TCGA-KIRC,TCGA-A3-3358-11,TCGA-B0-5696-11,0.0008776562000001543,0.1415146846501662,161.24159397511386,161.24159397511386
NN,TCGA-KIRC,TCGA-A3-3358-11,TCGA-B0-5697-11,0.0009361226399277358,0.16583920040191522,177.15542101910623,177.15542101910623
NN,TCGA-KIRC,TCGA-A3-3358-11,TCGA-B0-5699-11,0.0009136352518595457,0.1423538354426883,155.81035774719922,155.81035774719922
NN,TCGA-KIRC,TCGA-A3-3358-11,TCGA-B0-5701-11,0.0015111616359498804,0.15693988370642487,103.85380357262456,103.85380357262456
NN,TCGA-KIRC,TCGA-A3-3358-11,TCGA-B0-5703-11,0.0006500693290397714,0.15428145265749849,237.33076729737468,237.33076729737468
NN,TCGA-KIRC,TCGA-A3-3358-11,TCGA-B0-5705-11,0.0013120618080752378,0.15896597814125615,121.15738539364644,121.15738539364644
NN,TCGA-KIRC,TCGA-A3-3358-11,TCGA-B0-5706-11,0.0011794123770563132,0.19260610331229427,163.3068357252774,163.3068357252774
NN,TCGA-KIRC,TCGA-A3-3358-11,TCGA-B0-5709-11,0.0006243773467123049,0.09463047694232611,151.55975379409324,151.55975379409324
NN,TCGA-KIRC,TCGA-A3-3358-11,TCGA-B0-5711-11,0.001096619240337524,0.08690729653084618,79.2502021978908,79.2502021978908
NN,TCGA-KIRC,TCGA-A3-3358-11,TCGA-B0-5712-11,0.0015836807223708388,0.1896197388872521,119.7335651111438,119.7335651111438
NN,TCGA-KIRC,TCGA-A3-3358-11,TCGA-B2-5636-11,0.0010033151046166633,0.12080387535533738,120.40472110852247,120.40472110852247
NN,TCGA-KIRC,TCGA-A3-3358-11,TCGA-B2-5641-11,0.0019267813214734761,0.17525836885361917,90.95913838296556,90.95913838296556
NN,TCGA-KIRC,TCGA-A3-3358-11,TCGA-B8-4619-11,0.0002531333424618149,0.14852349317877706,586.7401415172393,586.7401415172393
NN,TCGA-KIRC,TCGA-A3-3358-11,TCGA-B8-4620-11,0.001240910665036304,0.16055683015152264,129.3862924023023,129.3862924023023
NN,TCGA-KIRC,TCGA-A3-3358-11,TCGA-B8-4622-11,0.000869366101297311,0.19327670654886925,222.31911994320023,222.31911994320023
NN,TCGA-KIRC,TCGA-A3-3358-11,TCGA-B8-5549-11,0.0019888116650814687,0.14938335458626628,75.11186564774448,75.11186564774448
NN,TCGA-KIRC,TCGA-A3-3358-11,TCGA-B8-5552-11,0.0037385752771788095,0.4014971249629109,107.39308297836048,107.39308297836048
NN,TCGA-KIRC,TCGA-A3-3358-11,TCGA-CJ-5672-11,0.0014255184932054459,0.16181527440492832,113.51327617017978,113.51327617017978
NN,TCGA-KIRC,TCGA-A3-3358-11,TCGA-CJ-5676-11,0.0010853499032535976,0.14822202402535947,136.56611898248508,136.56611898248508
NN,TCGA-KIRC,TCGA-A3-3358-11,TCGA-CJ-5677-11,0.0011571872454848539,0.15748999411697995,136.09724332123335,136.09724332123335
NN,TCGA-KIRC,TCGA-A3-3358-11,TCGA-CJ-5678-11,0.0008518879078884753,0.12917138376462206,151.62955427409648,151.62955427409648
NN,TCGA-KIRC,TCGA-A3-3358-11,TCGA-CJ-5679-11,0.0012860397801318264,0.06970468132424656,54.201030482199734,54.201030482199734
NN,TCGA-KIRC,TCGA-A3-3358-11,TCGA-CJ-5680-11,0.001821995822127858,0.0682660466969901,37.46772954575938,37.46772954575938
NN,TCGA-KIRC,TCGA-A3-3358-11,TCGA-CJ-5681-11,0.0009360166437706769,0.1573424763514955,168.09794718783255,168.09794718783255
NN,TCGA-KIRC,TCGA-A3-3358-11,TCGA-CJ-5689-11,0.00144244088772998,0.21305281060748657,147.70297515815383,147.70297515815383
NN,TCGA-KIRC,TCGA-A3-3358-11,TCGA-CJ-6030-11,0.0007190552809590827,0.12997561888984455,180.75886838141545,180.75886838141545
NN,TCGA-KIRC,TCGA-A3-3358-11,TCGA-CJ-6033-11,0.0010377387191321224,0.17561004039461667,169.22375272022438,169.22375272022438
NN,TCGA-KIRC,TCGA-A3-3358-11,TCGA-CW-5580-11,0.0013859708819210378,0.16799981241278694,121.21453242937488,121.21453242937488
NN,TCGA-KIRC,TCGA-A3-3358-11,TCGA-CW-5581-11,0.001004906743923094,0.1579612214938461,157.18993075633588,157.18993075633588
NN,TCGA-KIRC,TCGA-A3-3358-11,TCGA-CW-5584-11,0.0013435743887902458,0.11742738713349785,87.39924496419543,87.39924496419543
NN,TCGA-KIRC,TCGA-A3-3358-11,TCGA-CW-5585-11,0.000721289961383592,0.15812485470712087,219.22508723648778,219.22508723648778
NN,TCGA-KIRC,TCGA-A3-3358-11,TCGA-CW-5587-11,0.0009562198745123087,0.1331316039103987,139.22697850041914,139.22697850041914
NN,TCGA-KIRC,TCGA-A3-3358-11,TCGA-CW-5589-11,0.0009479580601310847,0.08665717138219899,91.41456254954564,91.41456254954564
NN,TCGA-KIRC,TCGA-A3-3358-11,TCGA-CW-5591-11,0.0023440360441535518,0.3132383546446023,133.6320554566024,133.6320554566024
NN,TCGA-KIRC,TCGA-A3-3358-11,TCGA-CW-6087-11,0.0010162419385401984,0.11987322640703942,117.95737005228673,117.95737005228673
NN,TCGA-KIRC,TCGA-A3-3358-11,TCGA-CW-6088-11,0.0020020515476813295,0.11791976283038962,58.899463885911466,58.899463885911466
NN,TCGA-KIRC,TCGA-A3-3358-11,TCGA-CW-6090-11,0.0013756871133987238,0.13674920611929614,99.40429388878144,99.40429388878144
NN,TCGA-KIRC,TCGA-A3-3358-11,TCGA-CZ-4863-11,0.0016032224351574345,0.22093055048147767,137.80405365883155,137.80405365883155
NN,TCGA-KIRC,TCGA-A3-3358-11,TCGA-CZ-4864-11,0.0005777461188509023,0.13687528225226464,236.91250842930847,236.91250842930847
NN,TCGA-KIRC,TCGA-A3-3358-11,TCGA-CZ-4865-11,0.0014233013293003432,0.2599592247967887,182.645248370967,182.645248370967
NN,TCGA-KIRC,TCGA-A3-3358-11,TCGA-CZ-5451-11,0.0007083962908806066,0.12858580343715215,181.51676553431312,181.51676553431312
NN,TCGA-KIRC,TCGA-A3-3358-11,TCGA-CZ-5452-11,0.0014406389180016063,0.18229815061747034,126.53979310120725,126.53979310120725
NN,TCGA-KIRC,TCGA-A3-3358-11,TCGA-CZ-5453-11,0.0014469241134245068,0.22266929586819312,153.89148180079098,153.89148180079098
NN,TCGA-KIRC,TCGA-A3-3358-11,TCGA-CZ-5454-11,0.001393689666763062,0.24244148901795712,173.95658072219464,173.95658072219464
NN,TCGA-KIRC,TCGA-A3-3358-11,TCGA-CZ-5455-11,0.0010813401930693622,0.19040189672756974,176.07955197440484,176.07955197440484
NN,TCGA-KIRC,TCGA-A3-3358-11,TCGA-CZ-5456-11,0.0012756081879678031,0.1814045671147514,142.2102561161438,142.2102561161438
NN,TCGA-KIRC,TCGA-A3-3358-11,TCGA-CZ-5457-11,0.001215897560829203,0.20016190491796643,164.62069780077726,164.62069780077726
NN,TCGA-KIRC,TCGA-A3-3358-11,TCGA-CZ-5458-11,0.0013348504786575579,0.23143439385785233,173.37851509077103,173.37851509077103
NN,TCGA-KIRC,TCGA-A3-3358-11,TCGA-CZ-5461-11,0.001329529831585729,0.15885804481920976,119.4843778945072,119.4843778945072
NN,TCGA-KIRC,TCGA-A3-3358-11,TCGA-CZ-5462-11,0.001132260171286002,0.18141611005901642,160.2247563410864,160.2247563410864
NN,TCGA-KIRC,TCGA-A3-3358-11,TCGA-CZ-5463-11,0.001258733001680987,0.1766927617328699,140.37350375091768,140.37350375091768
NN,TCGA-KIRC,TCGA-A3-3358-11,TCGA-CZ-5465-11,0.0015550325052236834,0.16033297075502279,103.10586448606726,103.10586448606726
NN,TCGA-KIRC,TCGA-A3-3358-11,TCGA-CZ-5466-11,0.0010129003025093754,0.1789990252346058,176.7192928969917,176.7192928969917
NN,TCGA-KIRC,TCGA-A3-3358-11,TCGA-CZ-5467-11,0.0013734260343816309,0.24550811788497806,178.75598083846958,178.75598083846958
NN,TCGA-KIRC,TCGA-A3-3358-11,TCGA-CZ-5468-11,0.001115000203395463,0.21021048452836855,188.52954814557293,188.52954814557293
NN,TCGA-KIRC,TCGA-A3-3358-11,TCGA-CZ-5469-11,0.0014175871674445356,0.17783899987603208,125.45189739310348,125.45189739310348
NN,TCGA-KIRC,TCGA-A3-3358-11,TCGA-CZ-5470-11,0.0010415389982378043,0.20696159572675132,198.70748582329878,198.70748582329878
NN,TCGA-KIRC,TCGA-A3-3358-11,TCGA-CZ-5982-11,0.0009595470405296868,0.06883682725512699,71.73887714470763,71.73887714470763
NN,TCGA-KIRC,TCGA-A3-3358-11,TCGA-CZ-5984-11,0.001040452097235921,0.11344454909082022,109.03389919843357,109.03389919843357
NN,TCGA-KIRC,TCGA-A3-3358-11,TCGA-CZ-5985-11,0.0011790554902066353,0.1148614295420346,97.4181711514736,97.4181711514736
NN,TCGA-KIRC,TCGA-A3-3358-11,TCGA-CZ-5986-11,0.0012324937852184591,0.14573438773696376,118.24350717608883,118.24350717608883
NN,TCGA-KIRC,TCGA-A3-3358-11,TCGA-CZ-5987-11,0.0019113334788264961,0.1159554044145568,60.667280565686575,60.667280565686575
NN,TCGA-KIRC,TCGA-A3-3358-11,TCGA-CZ-5988-11,0.000987700495944657,0.12814959027594677,129.74539427904395,129.74539427904395
NN,TCGA-KIRC,TCGA-A3-3358-11,TCGA-CZ-5989-11,0.0018877025276843415,0.278612869931527,147.59363080013642,147.59363080013642
NN,TCGA-KIRC,TCGA-A3-3358-11,TCGA-KL-8324-11,0.0007833915976868662,0.06350360740861727,81.06240556590785,81.06240556590785
NN,TCGA-KIRC,TCGA-A3-3358-11,TCGA-KL-8326-11,0.0009299975952135285,0.16924229318616918,181.98143098134673,181.98143098134673
NN,TCGA-KIRC,TCGA-A3-3358-11,TCGA-KL-8329-11,0.0008964378674204908,0.11931411414097003,133.09802996642435,133.09802996642435
NN,TCGA-KIRC,TCGA-A3-3358-11,TCGA-KL-8332-11,0.00098082467411374,0.11424660352947705,116.48014833304305,116.48014833304305
NN,TCGA-KIRC,TCGA-A3-3358-11,TCGA-KL-8336-11,0.001828462301636939,0.18381194705916104,100.52815794703702,100.52815794703702
NN,TCGA-KIRC,TCGA-A3-3358-11,TCGA-KL-8339-11,0.00047433088417379583,0.13577053349312035,286.2359125731601,286.2359125731601
NN,TCGA-KIRC,TCGA-A3-3358-11,TCGA-P4-A5E8-11,0.0018426806108058507,0.2551536570613461,138.4687371023896,138.4687371023896
NN,TCGA-KIRC,TCGA-A3-3358-11,TCGA-P4-A5ED-11,0.001295250882589171,0.23125717485974187,178.54237967973054,178.54237967973054
NN,TCGA-KIRC,TCGA-A3-3358-11,TCGA-V5-A7RE-11,0.004417486050044578,0.34740706509129515,78.64361339359282,78.64361339359282
NN,TCGA-KIRC,TCGA-A3-3358-11,TCGA-V5-AASX-11,0.005532871588525075,0.32034452686961135,57.89842069242875,57.89842069242875
NN,TCGA-KIRC,TCGA-A3-3387-11,TCGA-B0-4700-11,0.0006396675756262423,0.1410203899419751,220.4588685051207,220.4588685051207
NN,TCGA-KIRC,TCGA-A3-3387-11,TCGA-B0-4712-11,0.0011654797461397933,0.2704398096878967,232.04162112951798,232.04162112951798
NN,TCGA-KIRC,TCGA-A3-3387-11,TCGA-B0-5402-11,0.0006369495514094268,0.08835776089845832,138.72018702728082,138.72018702728082
NN,TCGA-KIRC,TCGA-A3-3387-11,TCGA-B0-5690-11,0.0008017081551885226,0.1643349803118339,204.9810510823485,204.9810510823485
NN,TCGA-KIRC,TCGA-A3-3387-11,TCGA-B0-5691-11,0.0010259302923702888,0.0547048048368648,53.322146001241386,53.322146001241386
NN,TCGA-KIRC,TCGA-A3-3387-11,TCGA-B0-5694-11,0.0010046060452059903,0.05468960116365126,54.43885334418566,54.43885334418566
NN,TCGA-KIRC,TCGA-A3-3387-11,TCGA-B0-5696-11,0.000647700859749282,0.11791192914270565,182.04689304928215,182.04689304928215
NN,TCGA-KIRC,TCGA-A3-3387-11,TCGA-B0-5697-11,0.0006188357735732685,0.14714478935837189,237.7767990184723,237.7767990184723
NN,TCGA-KIRC,TCGA-A3-3387-11,TCGA-B0-5699-11,0.0006583976180906734,0.1018535525655292,154.69915104021854,154.69915104021854
NN,TCGA-KIRC,TCGA-A3-3387-11,TCGA-B0-5701-11,0.0011723430388467155,0.10146027049016007,86.5448653919342,86.5448653919342
NN,TCGA-KIRC,TCGA-A3-3387-11,TCGA-B0-5703-11,0.0007454310730333177,0.1260145072775027,169.04917414392568,169.04917414392568
NN,TCGA-KIRC,TCGA-A3-3387-11,TCGA-B0-5705-11,0.001030044825411258,0.15542670914419132,150.89315077344844,150.89315077344844
NN,TCGA-KIRC,TCGA-A3-3387-11,TCGA-B0-5706-11,0.0011935829922818434,0.26422580656650585,221.37196011931243,221.37196011931243
NN,TCGA-KIRC,TCGA-A3-3387-11,TCGA-B0-5709-11,0.00045401546666628124,0.06152978980259772,135.52355441631786,135.52355441631786
NN,TCGA-KIRC,TCGA-A3-3387-11,TCGA-B0-5711-11,0.0009294640945718453,0.06190485903576859,66.60274387929408,66.60274387929408
NN,TCGA-KIRC,TCGA-A3-3387-11,TCGA-B0-5712-11,0.0014026779603152927,0.16253546383073375,115.87511063066762,115.87511063066762
NN,TCGA-KIRC,TCGA-A3-3387-11,TCGA-B2-5636-11,0.0007985290755410353,0.07870650832795402,98.56436132225645,98.56436132225645
NN,TCGA-KIRC,TCGA-A3-3387-11,TCGA-B2-5641-11,0.0017239074301720217,0.28624187682457936,166.04248686138354,166.04248686138354
NN,TCGA-KIRC,TCGA-A3-3387-11,TCGA-B8-4619-11,0.0003185390570545273,0.1128300851898752,354.2111483382743,354.2111483382743
NN,TCGA-KIRC,TCGA-A3-3387-11,TCGA-B8-4620-11,0.0010251014691864658,0.15964719719394546,155.7379459427013,155.7379459427013
NN,TCGA-KIRC,TCGA-A3-3387-11,TCGA-B8-4622-11,0.0008551930330437733,0.12525133471864244,146.45972298540863,146.45972298540863
NN,TCGA-KIRC,TCGA-A3-3387-11,TCGA-B8-5549-11,0.0017582985996131774,0.27214579545093676,154.77791742017445,154.77791742017445
NN,TCGA-KIRC,TCGA-A3-3387-11,TCGA-B8-5552-11,0.0034919422171929815,0.4135620618684045,118.43324893298171,118.43324893298171
NN,TCGA-KIRC,TCGA-A3-3387-11,TCGA-CJ-5672-11,0.001146656117001966,0.17056075910968393,148.74621656894846,148.74621656894846
NN,TCGA-KIRC,TCGA-A3-3387-11,TCGA-CJ-5676-11,0.0008235188732770842,0.06556254576559573,79.61268149775155,79.61268149775155
NN,TCGA-KIRC,TCGA-A3-3387-11,TCGA-CJ-5677-11,0.0008888042456934157,0.10734040411236345,120.76945472804309,120.76945472804309
NN,TCGA-KIRC,TCGA-A3-3387-11,TCGA-CJ-5678-11,0.0006335336258279755,0.15028561694183235,237.21805886060366,237.21805886060366
NN,TCGA-KIRC,TCGA-A3-3387-11,TCGA-CJ-5679-11,0.0009605798665996792,0.04278960910916485,44.545602710406776,44.545602710406776
NN,TCGA-KIRC,TCGA-A3-3387-11,TCGA-CJ-5680-11,0.001419764409814285,0.06465156283520673,45.536824552225255,45.536824552225255
NN,TCGA-KIRC,TCGA-A3-3387-11,TCGA-CJ-5681-11,0.0007462561637603148,0.07890702760568855,105.73718709147197,105.73718709147197
NN,TCGA-KIRC,TCGA-A3-3387-11,TCGA-CJ-5689-11,0.0012148780487410123,0.2104226347006803,173.20473846633655,173.20473846633655
NN,TCGA-KIRC,TCGA-A3-3387-11,TCGA-CJ-6030-11,0.0005024804723406682,0.09378622709336942,186.64651116986073,186.64651116986073
NN,TCGA-KIRC,TCGA-A3-3387-11,TCGA-CJ-6033-11,0.0009975015944534262,0.20125679510135197,201.76087559201264,201.76087559201264
NN,TCGA-KIRC,TCGA-A3-3387-11,TCGA-CW-5580-11,0.001191226320739912,0.17234745609178845,144.68069844589857,144.68069844589857
NN,TCGA-KIRC,TCGA-A3-3387-11,TCGA-CW-5581-11,0.0006198737883926047,0.11841655425749689,191.0333304535476,191.0333304535476
NN,TCGA-KIRC,TCGA-A3-3387-11,TCGA-CW-5584-11,0.001029657299230209,0.09125794416320493,88.62943450352955,88.62943450352955
NN,TCGA-KIRC,TCGA-A3-3387-11,TCGA-CW-5585-11,0.0005042062365279802,0.12758011362798666,253.0316056907931,253.0316056907931
NN,TCGA-KIRC,TCGA-A3-3387-11,TCGA-CW-5587-11,0.0007307489588773509,0.1296858187874148,177.46972775253903,177.46972775253903
NN,TCGA-KIRC,TCGA-A3-3387-11,TCGA-CW-5589-11,0.0006235085668505445,0.04854340325649241,77.8552306052409,77.8552306052409
NN,TCGA-KIRC,TCGA-A3-3387-11,TCGA-CW-5591-11,0.0019639636008445148,0.29330539553590496,149.34360056865722,149.34360056865722
NN,TCGA-KIRC,TCGA-A3-3387-11,TCGA-CW-6087-11,0.0009481053628743194,0.18841906749090892,198.7322030535605,198.7322030535605
NN,TCGA-KIRC,TCGA-A3-3387-11,TCGA-CW-6088-11,0.0018232046694337733,0.2579813896948502,141.49886407156396,141.49886407156396
NN,TCGA-KIRC,TCGA-A3-3387-11,TCGA-CW-6090-11,0.0011328163771331802,0.15267359158835786,134.77346785427758,134.77346785427758
NN,TCGA-KIRC,TCGA-A3-3387-11,TCGA-CZ-4863-11,0.001467761783217191,0.30796591544999014,209.8200940856757,209.8200940856757
NN,TCGA-KIRC,TCGA-A3-3387-11,TCGA-CZ-4864-11,0.00031037767413574844,0.11157282691098966,359.47439590062646,359.47439590062646
NN,TCGA-KIRC,TCGA-A3-3387-11,TCGA-CZ-4865-11,0.0013026058846049482,0.31380713448186237,240.90719855532757,240.90719855532757
NN,TCGA-KIRC,TCGA-A3-3387-11,TCGA-CZ-5451-11,0.0004512686595791851,0.07921138069361083,175.5304274120801,175.5304274120801
NN,TCGA-KIRC,TCGA-A3-3387-11,TCGA-CZ-5452-11,0.0011847168265341104,0.27696078581548983,233.77804688208803,233.77804688208803
NN,TCGA-KIRC,TCGA-A3-3387-11,TCGA-CZ-5453-11,0.0012527219305427898,0.26574797346338924,212.13644224161044,212.13644224161044
NN,TCGA-KIRC,TCGA-A3-3387-11,TCGA-CZ-5454-11,0.001236159501630735,0.2874609711790583,232.5435923113816,232.5435923113816
NN,TCGA-KIRC,TCGA-A3-3387-11,TCGA-CZ-5455-11,0.0010979566789631472,0.27501716474736454,250.48088874241955,250.48088874241955
NN,TCGA-KIRC,TCGA-A3-3387-11,TCGA-CZ-5456-11,0.0012221593486582633,0.2563366736229622,209.7407951789422,209.7407951789422
NN,TCGA-KIRC,TCGA-A3-3387-11,TCGA-CZ-5457-11,0.0011121333411343505,0.28680122297543836,257.8838457292429,257.8838457292429
NN,TCGA-KIRC,TCGA-A3-3387-11,TCGA-CZ-5458-11,0.0011950126986164885,0.27728115238512485,232.03197146452396,232.03197146452396
NN,TCGA-KIRC,TCGA-A3-3387-11,TCGA-CZ-5461-11,0.0012314402382331215,0.11629804213088983,94.4406707854171,94.4406707854171
NN,TCGA-KIRC,TCGA-A3-3387-11,TCGA-CZ-5462-11,0.0010290467890277039,0.269843714385361,262.2268659332032,262.2268659332032
NN,TCGA-KIRC,TCGA-A3-3387-11,TCGA-CZ-5463-11,0.0011131925723217636,0.19000071763159831,170.68090675031868,170.68090675031868
NN,TCGA-KIRC,TCGA-A3-3387-11,TCGA-CZ-5465-11,0.0013802771453459454,0.2582886379437622,187.12809874065263,187.12809874065263
NN,TCGA-KIRC,TCGA-A3-3387-11,TCGA-CZ-5466-11,0.0008175990340541138,0.15114285058773483,184.8618262649895,184.8618262649895
NN,TCGA-KIRC,TCGA-A3-3387-11,TCGA-CZ-5467-11,0.0011893255635555377,0.2828863832070702,237.85445455436923,237.85445455436923
NN,TCGA-KIRC,TCGA-A3-3387-11,TCGA-CZ-5468-11,0.0009536947754744914,0.2831255414938393,296.87227902970943,296.87227902970943
NN,TCGA-KIRC,TCGA-A3-3387-11,TCGA-CZ-5469-11,0.0013051621069900075,0.29625607949363636,226.9879564438692,226.9879564438692
NN,TCGA-KIRC,TCGA-A3-3387-11,TCGA-CZ-5470-11,0.0010688820934816163,0.28583370572172007,267.4136908690164,267.4136908690164
NN,TCGA-KIRC,TCGA-A3-3387-11,TCGA-CZ-5982-11,0.0006261730214917585,0.08654301768084284,138.20943207464887,138.20943207464887
NN,TCGA-KIRC,TCGA-A3-3387-11,TCGA-CZ-5984-11,0.0007195980344891454,0.09754493645305745,135.55475665286693,135.55475665286693
NN,TCGA-KIRC,TCGA-A3-3387-11,TCGA-CZ-5985-11,0.0009411269951305297,0.18169525291349758,193.06135500692693,193.06135500692693
NN,TCGA-KIRC,TCGA-A3-3387-11,TCGA-CZ-5986-11,0.0011221919918244787,0.14784981170061803,131.75090606398047,131.75090606398047
NN,TCGA-KIRC,TCGA-A3-3387-11,TCGA-CZ-5987-11,0.0015146114883246048,0.08789757277976654,58.03308205260933,58.03308205260933
NN,TCGA-KIRC,TCGA-A3-3387-11,TCGA-CZ-5988-11,0.0007023985821279048,0.12738563874393471,181.35805223014836,181.35805223014836
NN,TCGA-KIRC,TCGA-A3-3387-11,TCGA-CZ-5989-11,0.0016410187691796177,0.2865504327658951,174.6174011825277,174.6174011825277
NN,TCGA-KIRC,TCGA-A3-3387-11,TCGA-KL-8324-11,0.0007165678317589486,0.0649053867160697,90.57814744034405,90.57814744034405
NN,TCGA-KIRC,TCGA-A3-3387-11,TCGA-KL-8326-11,0.0008258187851800595,0.1455441057482989,176.2421833460289,176.2421833460289
NN,TCGA-KIRC,TCGA-A3-3387-11,TCGA-KL-8329-11,0.0005707065744074038,0.06723800737595567,117.81537201629858,117.81537201629858
NN,TCGA-KIRC,TCGA-A3-3387-11,TCGA-KL-8332-11,0.001347072720613645,0.12370315387446375,91.8310882415554,91.8310882415554
NN,TCGA-KIRC,TCGA-A3-3387-11,TCGA-KL-8336-11,0.001506607272893415,0.20446111785765547,135.70963152526883,135.70963152526883
NN,TCGA-KIRC,TCGA-A3-3387-11,TCGA-KL-8339-11,0.0006028165802754496,0.08424212780317884,139.74752944699273,139.74752944699273
NN,TCGA-KIRC,TCGA-A3-3387-11,TCGA-P4-A5E8-11,0.0018872897576878613,0.23665238965445318,125.392716561117,125.392716561117
NN,TCGA-KIRC,TCGA-A3-3387-11,TCGA-P4-A5ED-11,0.0012154593257321824,0.2841792835459436,233.80402579473926,233.80402579473926
NN,TCGA-KIRC,TCGA-A3-3387-11,TCGA-V5-A7RE-11,0.003981546355446798,0.38240708196358114,96.04486494058877,96.04486494058877
NN,TCGA-KIRC,TCGA-A3-3387-11,TCGA-V5-AASX-11,0.005023200617913278,0.367530035408691,73.16650545431911,73.16650545431911
NN,TCGA-KIRC,TCGA-B0-4700-11,TCGA-B0-4712-11,0.0008712633982977812,0.272424594381094,312.6776528353421,312.6776528353421
NN,TCGA-KIRC,TCGA-B0-4700-11,TCGA-B0-5402-11,0.00042783144160624765,0.09814803811209749,229.40819343153257,229.40819343153257
NN,TCGA-KIRC,TCGA-B0-4700-11,TCGA-B0-5690-11,0.0004478159580825005,0.18448658292509446,411.9696486812262,411.9696486812262
NN,TCGA-KIRC,TCGA-B0-4700-11,TCGA-B0-5691-11,0.00047850869562951644,0.0739470956978789,154.53657660410033,154.53657660410033
NN,TCGA-KIRC,TCGA-B0-4700-11,TCGA-B0-5694-11,0.0004911515988596129,0.03675857224063167,74.84160150548234,74.84160150548234
NN,TCGA-KIRC,TCGA-B0-4700-11,TCGA-B0-5696-11,0.00037470935077617794,0.15881128928700938,423.82526338893217,423.82526338893217
NN,TCGA-KIRC,TCGA-B0-4700-11,TCGA-B0-5697-11,0.0003326641498950202,0.1622885346489107,487.8449772845212,487.8449772845212
NN,TCGA-KIRC,TCGA-B0-4700-11,TCGA-B0-5699-11,0.00032403754816825536,0.12876979725083593,397.39159235945294,397.39159235945294
NN,TCGA-KIRC,TCGA-B0-4700-11,TCGA-B0-5701-11,0.0006180032517141648,0.10660113974562047,172.4928460326694,172.4928460326694
NN,TCGA-KIRC,TCGA-B0-4700-11,TCGA-B0-5703-11,0.0006568727864229944,0.09080982081890157,138.24567358530274,138.24567358530274
NN,TCGA-KIRC,TCGA-B0-4700-11,TCGA-B0-5705-11,0.0004992027000445124,0.1503251488654468,301.13048036808044,301.13048036808044
NN,TCGA-KIRC,TCGA-B0-4700-11,TCGA-B0-5706-11,0.0007479361902020996,0.22370974237678198,299.1027113106179,299.1027113106179
NN,TCGA-KIRC,TCGA-B0-4700-11,TCGA-B0-5709-11,0.00031889995774892876,0.08890931659048826,278.8000262467483,278.8000262467483
NN,TCGA-KIRC,TCGA-B0-4700-11,TCGA-B0-5711-11,0.0005387715503426711,0.10615137007100646,197.0248243499341,197.0248243499341
NN,TCGA-KIRC,TCGA-B0-4700-11,TCGA-B0-5712-11,0.00076918580436828,0.08960653725311957,116.49530808321661,116.49530808321661
NN,TCGA-KIRC,TCGA-B0-4700-11,TCGA-B2-5636-11,0.0003997550912811092,0.05523219477436412,138.16508151868575,138.16508151868575
NN,TCGA-KIRC,TCGA-B0-4700-11,TCGA-B2-5641-11,0.0009471404297744144,0.25644804372615515,270.76031775692945,270.76031775692945
NN,TCGA-KIRC,TCGA-B0-4700-11,TCGA-B8-4619-11,0.000896100769833254,0.16752253825897467,186.94609345123894,186.94609345123894
NN,TCGA-KIRC,TCGA-B0-4700-11,TCGA-B8-4620-11,0.0007619899611768721,0.08570829583191865,112.47956036001392,112.47956036001392
NN,TCGA-KIRC,TCGA-B0-4700-11,TCGA-B8-4622-11,0.0011968235320889832,0.20808106846659774,173.86111058779468,173.86111058779468
NN,TCGA-KIRC,TCGA-B0-4700-11,TCGA-B8-5549-11,0.0009884153187678657,0.2631467534342231,266.23095417243775,266.23095417243775
NN,TCGA-KIRC,TCGA-B0-4700-11,TCGA-B8-5552-11,0.002633917904495786,0.3783446590247096,143.64329973190132,143.64329973190132
NN,TCGA-KIRC,TCGA-B0-4700-11,TCGA-CJ-5672-11,0.0006030163547332475,0.165030466777046,273.6749434433656,273.6749434433656
NN,TCGA-KIRC,TCGA-B0-4700-11,TCGA-CJ-5676-11,0.0005825434614684481,0.11275525754505467,193.5568159340876,193.5568159340876
NN,TCGA-KIRC,TCGA-B0-4700-11,TCGA-CJ-5677-11,0.0004479263411750863,0.09577339618671464,213.81505703697508,213.81505703697508
NN,TCGA-KIRC,TCGA-B0-4700-11,TCGA-CJ-5678-11,0.00041560999922258184,0.1294127460674444,311.3802514605449,311.3802514605449
NN,TCGA-KIRC,TCGA-B0-4700-11,TCGA-CJ-5679-11,0.0004972870700088051,0.037690177046906595,75.79158864162554,75.79158864162554
NN,TCGA-KIRC,TCGA-B0-4700-11,TCGA-CJ-5680-11,0.0008652593411933998,0.05548626856481399,64.12674896787031,64.12674896787031
NN,TCGA-KIRC,TCGA-B0-4700-11,TCGA-CJ-5681-11,0.0004053803436343172,0.13955649265189746,344.26063040142776,344.26063040142776
NN,TCGA-KIRC,TCGA-B0-4700-11,TCGA-CJ-5689-11,0.0007392899187279058,0.11862517525323286,160.45826170246025,160.45826170246025
NN,TCGA-KIRC,TCGA-B0-4700-11,TCGA-CJ-6030-11,0.00043051971071529144,0.12209222204061146,283.5926416417963,283.5926416417963
NN,TCGA-KIRC,TCGA-B0-4700-11,TCGA-CJ-6033-11,0.0008696895166683699,0.1563998036803129,179.83406800101892,179.83406800101892
NN,TCGA-KIRC,TCGA-B0-4700-11,TCGA-CW-5580-11,0.0006107749684649182,0.12440890385054225,203.6902464474329,203.6902464474329
NN,TCGA-KIRC,TCGA-B0-4700-11,TCGA-CW-5581-11,0.0004379427803558338,0.1371317882007022,313.12718088258237,313.12718088258237
NN,TCGA-KIRC,TCGA-B0-4700-11,TCGA-CW-5584-11,0.0007247956504778818,0.10233312629950476,141.18893543584753,141.18893543584753
NN,TCGA-KIRC,TCGA-B0-4700-11,TCGA-CW-5585-11,0.0005398588241050681,0.16136182203236993,298.8963314619554,298.8963314619554
NN,TCGA-KIRC,TCGA-B0-4700-11,TCGA-CW-5587-11,0.0004690061233545007,0.1632024456863801,347.9750850993105,347.9750850993105
NN,TCGA-KIRC,TCGA-B0-4700-11,TCGA-CW-5589-11,0.00043439571134412387,0.10209741796469518,235.03320888869146,235.03320888869146
NN,TCGA-KIRC,TCGA-B0-4700-11,TCGA-CW-5591-11,0.001680745992862328,0.2899592240222131,172.51817065374019,172.51817065374019
NN,TCGA-KIRC,TCGA-B0-4700-11,TCGA-CW-6087-11,0.00057708785480096,0.2047577604552689,354.81211179862845,354.81211179862845
NN,TCGA-KIRC,TCGA-B0-4700-11,TCGA-CW-6088-11,0.0010652652836097266,0.2359522055929128,221.4961936930603,221.4961936930603
NN,TCGA-KIRC,TCGA-B0-4700-11,TCGA-CW-6090-11,0.0006647219424119375,0.16469111713693066,247.75941131016444,247.75941131016444
NN,TCGA-KIRC,TCGA-B0-4700-11,TCGA-CZ-4863-11,0.0011397600618092674,0.30090333845039907,264.0058627539044,264.0058627539044
NN,TCGA-KIRC,TCGA-B0-4700-11,TCGA-CZ-4864-11,0.00042733656088085674,0.15215319345753187,356.05002563764447,356.05002563764447
NN,TCGA-KIRC,TCGA-B0-4700-11,TCGA-CZ-4865-11,0.0009011231151295041,0.30131706210405473,334.37946163521866,334.37946163521866
NN,TCGA-KIRC,TCGA-B0-4700-11,TCGA-CZ-5451-11,0.0003477854993960797,0.13476362663988345,387.4906425768093,387.4906425768093
NN,TCGA-KIRC,TCGA-B0-4700-11,TCGA-CZ-5452-11,0.0007293199741486304,0.2956391465811595,405.36274483126965,405.36274483126965
NN,TCGA-KIRC,TCGA-B0-4700-11,TCGA-CZ-5453-11,0.0008502338219080426,0.2278449210758877,267.97913139302324,267.97913139302324
NN,TCGA-KIRC,TCGA-B0-4700-11,TCGA-CZ-5454-11,0.0006880719117371605,0.269219179519079,391.2660507233714,391.2660507233714
NN,TCGA-KIRC,TCGA-B0-4700-11,TCGA-CZ-5455-11,0.0009811807704324157,0.2519786743886458,256.8116722034783,256.8116722034783
NN,TCGA-KIRC,TCGA-B0-4700-11,TCGA-CZ-5456-11,0.0010430388261234154,0.2480696120251145,237.83353583020138,237.83353583020138
NN,TCGA-KIRC,TCGA-B0-4700-11,TCGA-CZ-5457-11,0.0009140633870740459,0.2815180926001526,307.9853066878693,307.9853066878693
NN,TCGA-KIRC,TCGA-B0-4700-11,TCGA-CZ-5458-11,0.0007679435528355994,0.298399077942625,388.56902547172757,388.56902547172757
NN,TCGA-KIRC,TCGA-B0-4700-11,TCGA-CZ-5461-11,0.0008943347424717411,0.1761547030448678,196.9673039403743,196.9673039403743
NN,TCGA-KIRC,TCGA-B0-4700-11,TCGA-CZ-5462-11,0.0008672292489053205,0.272625858683597,314.3642341719045,314.3642341719045
NN,TCGA-KIRC,TCGA-B0-4700-11,TCGA-CZ-5463-11,0.0006715937896200417,0.1925859522638083,286.7595788411995,286.7595788411995
NN,TCGA-KIRC,TCGA-B0-4700-11,TCGA-CZ-5465-11,0.0008858406608451314,0.25438685728848637,287.16999403232404,287.16999403232404
NN,TCGA-KIRC,TCGA-B0-4700-11,TCGA-CZ-5466-11,0.0007834508433773357,0.19292679116161982,246.2525795874342,246.2525795874342
NN,TCGA-KIRC,TCGA-B0-4700-11,TCGA-CZ-5467-11,0.001004439188907272,0.2933492017027912,292.05272448790595,292.05272448790595
NN,TCGA-KIRC,TCGA-B0-4700-11,TCGA-CZ-5468-11,0.0007734652838299915,0.2762361259835935,357.14094964385043,357.14094964385043
NN,TCGA-KIRC,TCGA-B0-4700-11,TCGA-CZ-5469-11,0.0008999773455009221,0.2829762976834514,314.42602316389247,314.42602316389247
NN,TCGA-KIRC,TCGA-B0-4700-11,TCGA-CZ-5470-11,0.0008815072373169892,0.2702020891390563,306.5228255657439,306.5228255657439
NN,TCGA-KIRC,TCGA-B0-4700-11,TCGA-CZ-5982-11,0.00046842426365716863,0.12830866184585238,273.9154902952662,273.9154902952662
NN,TCGA-KIRC,TCGA-B0-4700-11,TCGA-CZ-5984-11,0.0003322260160693332,0.1010274464726896,304.09252011018276,304.09252011018276
NN,TCGA-KIRC,TCGA-B0-4700-11,TCGA-CZ-5985-11,0.0005493967389886763,0.1951089455656847,355.1330609002871,355.1330609002871
NN,TCGA-KIRC,TCGA-B0-4700-11,TCGA-CZ-5986-11,0.0005321607570291018,0.12992684803243407,244.14962267751147,244.14962267751147
NN,TCGA-KIRC,TCGA-B0-4700-11,TCGA-CZ-5987-11,0.0010001658382322908,0.07661318708151192,76.60048379268713,76.60048379268713
NN,TCGA-KIRC,TCGA-B0-4700-11,TCGA-CZ-5988-11,0.00037777912577903017,0.12574041293586916,332.84108187972515,332.84108187972515
NN,TCGA-KIRC,TCGA-B0-4700-11,TCGA-CZ-5989-11,0.0009793985656512258,0.27210982901936054,277.8335996831159,277.8335996831159
NN,TCGA-KIRC,TCGA-B0-4700-11,TCGA-KL-8324-11,0.0006535305608288654,0.0736052364327017,112.62707644360046,112.62707644360046
NN,TCGA-KIRC,TCGA-B0-4700-11,TCGA-KL-8326-11,0.0007210065544776915,0.11394505374789528,158.0360858583857,158.0360858583857
NN,TCGA-KIRC,TCGA-B0-4700-11,TCGA-KL-8329-11,0.0005524155519602003,0.11886163409358041,215.16706702374663,215.16706702374663
NN,TCGA-KIRC,TCGA-B0-4700-11,TCGA-KL-8332-11,0.002592528453986408,0.19280201523758647,74.36833140292981,74.36833140292981
NN,TCGA-KIRC,TCGA-B0-4700-11,TCGA-KL-8336-11,0.0012478988769946764,0.15554473048604656,124.64530047550488,124.64530047550488
NN,TCGA-KIRC,TCGA-B0-4700-11,TCGA-KL-8339-11,0.0013068719407015824,0.1646845817235074,126.01432213404013,126.01432213404013
NN,TCGA-KIRC,TCGA-B0-4700-11,TCGA-P4-A5E8-11,0.001758105408922305,0.18572523786443712,105.63942123258936,105.63942123258936
NN,TCGA-KIRC,TCGA-B0-4700-11,TCGA-P4-A5ED-11,0.0008119842543257654,0.24279290999470876,299.0118449973059,299.0118449973059
NN,TCGA-KIRC,TCGA-B0-4700-11,TCGA-V5-A7RE-11,0.0030315138968793932,0.3897248208808435,128.55782098905166,128.55782098905166
NN,TCGA-KIRC,TCGA-B0-4700-11,TCGA-V5-AASX-11,0.004028599514219388,0.37888180971674557,94.04802050425718,94.04802050425718
NN,TCGA-KIRC,TCGA-B0-4712-11,TCGA-B0-5402-11,0.0005051233163447617,0.10858194061383722,214.9612522335572,214.9612522335572
NN,TCGA-KIRC,TCGA-B0-4712-11,TCGA-B0-5690-11,0.0005704870132826818,0.21061966786030845,369.1927475234995,369.1927475234995
NN,TCGA-KIRC,TCGA-B0-4712-11,TCGA-B0-5691-11,0.0006846246352524787,0.09213565458293954,134.57835117043572,134.57835117043572
NN,TCGA-KIRC,TCGA-B0-4712-11,TCGA-B0-5694-11,0.0005613621077411003,0.042372232487626435,75.48110551695532,75.48110551695532
NN,TCGA-KIRC,TCGA-B0-4712-11,TCGA-B0-5696-11,0.0006558188912274146,0.16753902127491183,255.46537850007627,255.46537850007627
NN,TCGA-KIRC,TCGA-B0-4712-11,TCGA-B0-5697-11,0.0005108909131842966,0.23098676863354994,452.12541987456484,452.12541987456484
NN,TCGA-KIRC,TCGA-B0-4712-11,TCGA-B0-5699-11,0.000652399187702071,0.19691377497118032,301.830196424316,301.830196424316
NN,TCGA-KIRC,TCGA-B0-4712-11,TCGA-B0-5701-11,0.0006254264349426938,0.1168513353628797,186.83466005652045,186.83466005652045
NN,TCGA-KIRC,TCGA-B0-4712-11,TCGA-B0-5703-11,0.000615578088440672,0.06787899200679981,110.26869422650321,110.26869422650321
NN,TCGA-KIRC,TCGA-B0-4712-11,TCGA-B0-5705-11,0.000550368878944614,0.18837450128266256,342.26953683116864,342.26953683116864
NN,TCGA-KIRC,TCGA-B0-4712-11,TCGA-B0-5706-11,0.000582425604556102,0.18687584509678665,320.8578806201606,320.8578806201606
NN,TCGA-KIRC,TCGA-B0-4712-11,TCGA-B0-5709-11,0.0005247838457370863,0.11306148477789049,215.44391218653033,215.44391218653033
NN,TCGA-KIRC,TCGA-B0-4712-11,TCGA-B0-5711-11,0.0004698896138400387,0.11507868810785589,244.90579216554323,244.90579216554323
NN,TCGA-KIRC,TCGA-B0-4712-11,TCGA-B0-5712-11,0.0006726489670496623,0.09457254897574172,140.59718160357977,140.59718160357977
NN,TCGA-KIRC,TCGA-B0-4712-11,TCGA-B2-5636-11,0.0006884075618216873,0.09841223707856618,142.95635686822555,142.95635686822555
NN,TCGA-KIRC,TCGA-B0-4712-11,TCGA-B2-5641-11,0.0007919167982092388,0.16751826480499432,211.53518296846755,211.53518296846755
NN,TCGA-KIRC,TCGA-B0-4712-11,TCGA-B8-4619-11,0.001440973086154157,0.25255330582639257,175.26580354143692,175.26580354143692
NN,TCGA-KIRC,TCGA-B0-4712-11,TCGA-B8-4620-11,0.0005780202582225465,0.1073721821516305,185.7585104055135,185.7585104055135
NN,TCGA-KIRC,TCGA-B0-4712-11,TCGA-B8-4622-11,0.0014324453533938392,0.1716842708409071,119.85397588406565,119.85397588406565
NN,TCGA-KIRC,TCGA-B0-4712-11,TCGA-B8-5549-11,0.0006556406414111974,0.20511341213361997,312.844261289439,312.844261289439
NN,TCGA-KIRC,TCGA-B0-4712-11,TCGA-B8-5552-11,0.002088691050107784,0.18289622776553266,87.56499806713614,87.56499806713614
NN,TCGA-KIRC,TCGA-B0-4712-11,TCGA-CJ-5672-11,0.00038940589195860507,0.12051621094247264,309.4873843236143,309.4873843236143
NN,TCGA-KIRC,TCGA-B0-4712-11,TCGA-CJ-5676-11,0.0006625222987284347,0.1261408565562771,190.39488451690855,190.39488451690855
NN,TCGA-KIRC,TCGA-B0-4712-11,TCGA-CJ-5677-11,0.0006876228847509058,0.12689573778453622,184.54263317676623,184.54263317676623
NN,TCGA-KIRC,TCGA-B0-4712-11,TCGA-CJ-5678-11,0.0007568875806978912,0.21426701421804778,283.0896155284805,283.0896155284805
NN,TCGA-KIRC,TCGA-B0-4712-11,TCGA-CJ-5679-11,0.0004876131961909375,0.07825048506097104,160.47655328493212,160.47655328493212
NN,TCGA-KIRC,TCGA-B0-4712-11,TCGA-CJ-5680-11,0.0007643173302235083,0.055289068820772655,72.33784533526742,72.33784533526742
NN,TCGA-KIRC,TCGA-B0-4712-11,TCGA-CJ-5681-11,0.0006044534038600552,0.13799131874530038,228.29107730072195,228.29107730072195
NN,TCGA-KIRC,TCGA-B0-4712-11,TCGA-CJ-5689-11,0.00045579473200123825,0.07023405546391638,154.09141557108995,154.09141557108995
NN,TCGA-KIRC,TCGA-B0-4712-11,TCGA-CJ-6030-11,0.000656320396009906,0.12338371937024858,187.99312061663602,187.99312061663602
NN,TCGA-KIRC,TCGA-B0-4712-11,TCGA-CJ-6033-11,0.0008563433932231233,0.17332944963572905,202.40647736341845,202.40647736341845
NN,TCGA-KIRC,TCGA-B0-4712-11,TCGA-CW-5580-11,0.00046314330528455925,0.1409258662782934,304.28134158542423,304.28134158542423
NN,TCGA-KIRC,TCGA-B0-4712-11,TCGA-CW-5581-11,0.0006250569088809537,0.23165842083894664,370.61972685605105,370.61972685605105
NN,TCGA-KIRC,TCGA-B0-4712-11,TCGA-CW-5584-11,0.0005918534745925845,0.11418401844170001,192.92616051684266,192.92616051684266
NN,TCGA-KIRC,TCGA-B0-4712-11,TCGA-CW-5585-11,0.0006349946877907268,0.1646905930843039,259.35743440200315,259.35743440200315
NN,TCGA-KIRC,TCGA-B0-4712-11,TCGA-CW-5587-11,0.0006608969439289689,0.18296218223660096,276.8392015083447,276.8392015083447
NN,TCGA-KIRC,TCGA-B0-4712-11,TCGA-CW-5589-11,0.000505677384415595,0.10375095226275147,205.17222138113837,205.17222138113837
NN,TCGA-KIRC,TCGA-B0-4712-11,TCGA-CW-5591-11,0.001754456314907111,0.3242889936851472,184.8373145171851,184.8373145171851
NN,TCGA-KIRC,TCGA-B0-4712-11,TCGA-CW-6087-11,0.0007193158060753819,0.23896478659473436,332.21122708054554,332.21122708054554
NN,TCGA-KIRC,TCGA-B0-4712-11,TCGA-CW-6088-11,0.0008082594094201424,0.1984135642902164,245.48252946731705,245.48252946731705
NN,TCGA-KIRC,TCGA-B0-4712-11,TCGA-CW-6090-11,0.0010585092115097505,0.25360062339090994,239.58282141843588,239.58282141843588
NN,TCGA-KIRC,TCGA-B0-4712-11,TCGA-CZ-4863-11,0.000574074009922481,0.22806209047172843,397.26949231254065,397.26949231254065
NN,TCGA-KIRC,TCGA-B0-4712-11,TCGA-CZ-4864-11,0.0008648619661112349,0.19962856922043135,230.82130680117797,230.82130680117797
NN,TCGA-KIRC,TCGA-B0-4712-11,TCGA-CZ-4865-11,0.00042471454944867647,0.15824238501076637,372.585269838722,372.585269838722
NN,TCGA-KIRC,TCGA-B0-4712-11,TCGA-CZ-5451-11,0.000602960041071497,0.1860129956650742,308.49970643911604,308.49970643911604
NN,TCGA-KIRC,TCGA-B0-4712-11,TCGA-CZ-5452-11,0.00045446081994481724,0.17114399204331837,376.5869015157335,376.5869015157335
NN,TCGA-KIRC,TCGA-B0-4712-11,TCGA-CZ-5453-11,0.0004594667910446328,0.14310025996146533,311.4485371970322,311.4485371970322
NN,TCGA-KIRC,TCGA-B0-4712-11,TCGA-CZ-5454-11,0.00029135368780260865,0.1055814230141867,362.3823120636724,362.3823120636724
NN,TCGA-KIRC,TCGA-B0-4712-11,TCGA-CZ-5455-11,0.000512941923348287,0.19087709795654328,372.12224087781954,372.12224087781954
NN,TCGA-KIRC,TCGA-B0-4712-11,TCGA-CZ-5456-11,0.000729334374594443,0.181357698143281,248.6619367750596,248.6619367750596
NN,TCGA-KIRC,TCGA-B0-4712-11,TCGA-CZ-5457-11,0.00043991867632092404,0.15333266141681123,348.5477422762426,348.5477422762426
NN,TCGA-KIRC,TCGA-B0-4712-11,TCGA-CZ-5458-11,0.00047606839001248423,0.18481662876629948,388.2144512082664,388.2144512082664
NN,TCGA-KIRC,TCGA-B0-4712-11,TCGA-CZ-5461-11,0.0004223597437898977,0.1168229358353278,276.5958109242561,276.5958109242561
NN,TCGA-KIRC,TCGA-B0-4712-11,TCGA-CZ-5462-11,0.00044707100659191864,0.14534052099253553,325.0949376039514,325.0949376039514
NN,TCGA-KIRC,TCGA-B0-4712-11,TCGA-CZ-5463-11,0.0003055077507703891,0.14690956079824952,480.87015935861655,480.87015935861655
NN,TCGA-KIRC,TCGA-B0-4712-11,TCGA-CZ-5465-11,0.0005139940236420846,0.17927658226821364,348.7911804847197,348.7911804847197
NN,TCGA-KIRC,TCGA-B0-4712-11,TCGA-CZ-5466-11,0.0008648814837732646,0.16139619853031298,186.6107687103916,186.6107687103916
NN,TCGA-KIRC,TCGA-B0-4712-11,TCGA-CZ-5467-11,0.0005886341951832617,0.17559160912799787,298.30344646105766,298.30344646105766
NN,TCGA-KIRC,TCGA-B0-4712-11,TCGA-CZ-5468-11,0.00035362757705223794,0.10016996577064875,283.26401070200365,283.26401070200365
NN,TCGA-KIRC,TCGA-B0-4712-11,TCGA-CZ-5469-11,0.0003561202630700626,0.1902011511294065,534.09247058763,534.09247058763
NN,TCGA-KIRC,TCGA-B0-4712-11,TCGA-CZ-5470-11,0.0005930161347578846,0.165045240616416,278.31492423692714,278.31492423692714
NN,TCGA-KIRC,TCGA-B0-4712-11,TCGA-CZ-5982-11,0.0009431618109455183,0.318614047237359,337.81483043503306,337.81483043503306
NN,TCGA-KIRC,TCGA-B0-4712-11,TCGA-CZ-5984-11,0.0005685190943609815,0.15155242707298094,266.5740316837145,266.5740316837145
NN,TCGA-KIRC,TCGA-B0-4712-11,TCGA-CZ-5985-11,0.001074536529232454,0.3112918594975729,289.6987222202022,289.6987222202022
NN,TCGA-KIRC,TCGA-B0-4712-11,TCGA-CZ-5986-11,0.000765779260147288,0.1888184420425912,246.57032629255897,246.57032629255897
NN,TCGA-KIRC,TCGA-B0-4712-11,TCGA-CZ-5987-11,0.0008044343819680153,0.10507921949675131,130.62497308938904,130.62497308938904
NN,TCGA-KIRC,TCGA-B0-4712-11,TCGA-CZ-5988-11,0.0006400570913739816,0.2051659646624652,320.54322563952024,320.54322563952024
NN,TCGA-KIRC,TCGA-B0-4712-11,TCGA-CZ-5989-11,0.0006323031739039989,0.12267108869548726,194.0067577679313,194.0067577679313
NN,TCGA-KIRC,TCGA-B0-4712-11,TCGA-KL-8324-11,0.0007036730298668364,0.057229795547395046,81.33009667604463,81.33009667604463
NN,TCGA-KIRC,TCGA-B0-4712-11,TCGA-KL-8326-11,0.0008558388465537223,0.11058032528884897,129.20694793667286,129.20694793667286
NN,TCGA-KIRC,TCGA-B0-4712-11,TCGA-KL-8329-11,0.0005724063945945523,0.107434817065448,187.68975692793646,187.68975692793646
NN,TCGA-KIRC,TCGA-B0-4712-11,TCGA-KL-8332-11,0.00300605926596361,0.29634858813528,98.58374766283383,98.58374766283383
NN,TCGA-KIRC,TCGA-B0-4712-11,TCGA-KL-8336-11,0.0010044787949662285,0.07487567197473204,74.54181447130442,74.54181447130442
NN,TCGA-KIRC,TCGA-B0-4712-11,TCGA-KL-8339-11,0.0014271254359621759,0.15424120484182213,108.07823962427791,108.07823962427791
NN,TCGA-KIRC,TCGA-B0-4712-11,TCGA-P4-A5E8-11,0.0016390888189624214,0.14866529707664553,90.69996412442973,90.69996412442973
NN,TCGA-KIRC,TCGA-B0-4712-11,TCGA-P4-A5ED-11,0.0006014771412183722,0.16420290984061758,272.9994185780738,272.9994185780738
NN,TCGA-KIRC,TCGA-B0-4712-11,TCGA-V5-A7RE-11,0.0030049952566316273,0.38250694969665644,127.29036721522743,127.29036721522743
NN,TCGA-KIRC,TCGA-B0-4712-11,TCGA-V5-AASX-11,0.0039039267925714423,0.34647455741381333,88.75027013137127,88.75027013137127
NN,TCGA-KIRC,TCGA-B0-5402-11,TCGA-B0-5690-11,0.00040808913948248306,0.09414900662367637,230.7069645202299,230.7069645202299
NN,TCGA-KIRC,TCGA-B0-5402-11,TCGA-B0-5691-11,0.00039221563145197823,0.1301197784469536,331.7557180606278,331.7557180606278
NN,TCGA-KIRC,TCGA-B0-5402-11,TCGA-B0-5694-11,0.0002559007621211496,0.09972557382275425,389.7040907425737,389.7040907425737
NN,TCGA-KIRC,TCGA-B0-5402-11,TCGA-B0-5696-11,0.00035009281943134475,0.1259458114433138,359.7497704976851,359.7497704976851
NN,TCGA-KIRC,TCGA-B0-5402-11,TCGA-B0-5697-11,0.0003517676040889031,0.08487061208773858,241.26898299108015,241.26898299108015
NN,TCGA-KIRC,TCGA-B0-5402-11,TCGA-B0-5699-11,0.0003258870802831875,0.08373072387465735,256.93170714806337,256.93170714806337
NN,TCGA-KIRC,TCGA-B0-5402-11,TCGA-B0-5701-11,0.0004298298069431223,0.15991066890184807,372.03252617380355,372.03252617380355
NN,TCGA-KIRC,TCGA-B0-5402-11,TCGA-B0-5703-11,0.0004792384638933212,0.17130091965425415,357.44401286701776,357.44401286701776
NN,TCGA-KIRC,TCGA-B0-5402-11,TCGA-B0-5705-11,0.00046519741376782034,0.12946421957224227,278.2995256221647,278.2995256221647
NN,TCGA-KIRC,TCGA-B0-5402-11,TCGA-B0-5706-11,0.0006949287083688654,0.10687921211230393,153.79881536793968,153.79881536793968
NN,TCGA-KIRC,TCGA-B0-5402-11,TCGA-B0-5709-11,0.0002406210472642555,0.13009185422497022,540.650353342118,540.650353342118
NN,TCGA-KIRC,TCGA-B0-5402-11,TCGA-B0-5711-11,0.00044458013760622993,0.18105960383300732,407.2597683016015,407.2597683016015
NN,TCGA-KIRC,TCGA-B0-5402-11,TCGA-B0-5712-11,0.00038400424404618915,0.14232697767957597,370.6390746620406,370.6390746620406
NN,TCGA-KIRC,TCGA-B0-5402-11,TCGA-B2-5636-11,0.00032419120600420115,0.14371190606863835,443.2936594423724,443.2936594423724
NN,TCGA-KIRC,TCGA-B0-5402-11,TCGA-B2-5641-11,0.0007991165152443226,0.14218038552369844,177.92197109107184,177.92197109107184
NN,TCGA-KIRC,TCGA-B0-5402-11,TCGA-B8-4619-11,0.0008951063497735348,0.06393321865765828,71.42527664319844,71.42527664319844
NN,TCGA-KIRC,TCGA-B0-5402-11,TCGA-B8-4620-11,0.0002915642858176895,0.1287588803148029,441.6140336039434,441.6140336039434
NN,TCGA-KIRC,TCGA-B0-5402-11,TCGA-B8-4622-11,0.0008728708759755334,0.0749055712127009,85.81517985576656,85.81517985576656
NN,TCGA-KIRC,TCGA-B0-5402-11,TCGA-B8-5549-11,0.0008388111116578457,0.11019822621415694,131.3743042773463,131.3743042773463
NN,TCGA-KIRC,TCGA-B0-5402-11,TCGA-B8-5552-11,0.0021068793174373124,0.3383142060221849,160.57597757126925,160.57597757126925
NN,TCGA-KIRC,TCGA-B0-5402-11,TCGA-CJ-5672-11,0.00046991510287272,0.1345475628206167,286.32312942931713,286.32312942931713
NN,TCGA-KIRC,TCGA-B0-5402-11,TCGA-CJ-5676-11,0.0002750336624542568,0.10098866170784468,367.1865502087075,367.1865502087075
NN,TCGA-KIRC,TCGA-B0-5402-11,TCGA-CJ-5677-11,0.0003699214977975007,0.11801970496242847,319.03986566099445,319.03986566099445
NN,TCGA-KIRC,TCGA-B0-5402-11,TCGA-CJ-5678-11,0.00035424492928186883,0.08824704568817834,249.11308079151397,249.11308079151397
NN,TCGA-KIRC,TCGA-B0-5402-11,TCGA-CJ-5679-11,0.0002698822988167922,0.12421753936976813,460.26560435552085,460.26560435552085
NN,TCGA-KIRC,TCGA-B0-5402-11,TCGA-CJ-5680-11,0.0005322968931524826,0.2303057369752439,432.6640638672114,432.6640638672114
NN,TCGA-KIRC,TCGA-B0-5402-11,TCGA-CJ-5681-11,0.00031838577297024003,0.2708779171878406,850.7852428857113,850.7852428857113
NN,TCGA-KIRC,TCGA-B0-5402-11,TCGA-CJ-5689-11,0.00035557719243240626,0.1370694866781782,385.4844731196716,385.4844731196716
NN,TCGA-KIRC,TCGA-B0-5402-11,TCGA-CJ-6030-11,0.0002854744492377169,0.11151164061020963,390.6186382282955,390.6186382282955
NN,TCGA-KIRC,TCGA-B0-5402-11,TCGA-CJ-6033-11,0.0007325569102048772,0.13214758727032083,180.39224724992707,180.39224724992707
NN,TCGA-KIRC,TCGA-B0-5402-11,TCGA-CW-5580-11,0.0005196604172215433,0.18918516373597166,364.0553666709574,364.0553666709574
NN,TCGA-KIRC,TCGA-B0-5402-11,TCGA-CW-5581-11,0.000360575939921457,0.10561658071268044,292.9107824989281,292.9107824989281
NN,TCGA-KIRC,TCGA-B0-5402-11,TCGA-CW-5584-11,0.0003314955729776017,0.1543897573299447,465.7370110350657,465.7370110350657
NN,TCGA-KIRC,TCGA-B0-5402-11,TCGA-CW-5585-11,0.00029137265627434116,0.10946839461854772,375.69892802665066,375.69892802665066
NN,TCGA-KIRC,TCGA-B0-5402-11,TCGA-CW-5587-11,0.0004086650266336618,0.1246495502108157,305.0164366586595,305.0164366586595
NN,TCGA-KIRC,TCGA-B0-5402-11,TCGA-CW-5589-11,0.0002899098663060665,0.1454573583740712,501.73303940096855,501.73303940096855
NN,TCGA-KIRC,TCGA-B0-5402-11,TCGA-CW-5591-11,0.001284315020347565,0.30919182509459053,240.7445371237005,240.7445371237005
NN,TCGA-KIRC,TCGA-B0-5402-11,TCGA-CW-6087-11,0.0006085144366142339,0.08275797746222022,136.0000231427285,136.0000231427285
NN,TCGA-KIRC,TCGA-B0-5402-11,TCGA-CW-6088-11,0.0009377070692125056,0.09581957137835408,102.18497281760301,102.18497281760301
NN,TCGA-KIRC,TCGA-B0-5402-11,TCGA-CW-6090-11,0.000707287954825559,0.06551137668143978,92.62334560412114,92.62334560412114
NN,TCGA-KIRC,TCGA-B0-5402-11,TCGA-CZ-4863-11,0.0007680408691317874,0.13027095716582388,169.6146160986009,169.6146160986009
NN,TCGA-KIRC,TCGA-B0-5402-11,TCGA-CZ-4864-11,0.0003590705332894812,0.08585900947126768,239.1146070514466,239.1146070514466
NN,TCGA-KIRC,TCGA-B0-5402-11,TCGA-CZ-4865-11,0.0005832209918963411,0.1632940245929504,279.98653488448764,279.98653488448764
NN,TCGA-KIRC,TCGA-B0-5402-11,TCGA-CZ-5451-11,0.0002775421825870019,0.0969257784300109,349.228998369022,349.228998369022
NN,TCGA-KIRC,TCGA-B0-5402-11,TCGA-CZ-5452-11,0.0004974111236612066,0.13761648431484275,276.66547402863307,276.66547402863307
NN,TCGA-KIRC,TCGA-B0-5402-11,TCGA-CZ-5453-11,0.0005418389823783139,0.17530710898778684,323.54096823802684,323.54096823802684
NN,TCGA-KIRC,TCGA-B0-5402-11,TCGA-CZ-5454-11,0.0004330763854436642,0.1533391186373213,354.06945239056006,354.06945239056006
NN,TCGA-KIRC,TCGA-B0-5402-11,TCGA-CZ-5455-11,0.0006967194211012361,0.09682655123765835,138.97495649628098,138.97495649628098
NN,TCGA-KIRC,TCGA-B0-5402-11,TCGA-CZ-5456-11,0.000923410771790941,0.060683614241819166,65.71681433185388,65.71681433185388
NN,TCGA-KIRC,TCGA-B0-5402-11,TCGA-CZ-5457-11,0.000614718705408179,0.08759589248075991,142.49752237911065,142.49752237911065
NN,TCGA-KIRC,TCGA-B0-5402-11,TCGA-CZ-5458-11,0.0005701586198692441,0.11686009189195992,204.96066852196276,204.96066852196276
NN,TCGA-KIRC,TCGA-B0-5402-11,TCGA-CZ-5461-11,0.0005974080260513568,0.16146896960427304,270.28255825674523,270.28255825674523
NN,TCGA-KIRC,TCGA-B0-5402-11,TCGA-CZ-5462-11,0.000561563229028419,0.15757955181798033,280.6087430094283,280.6087430094283
NN,TCGA-KIRC,TCGA-B0-5402-11,TCGA-CZ-5463-11,0.00045752820045229735,0.1600157581160917,349.7396618567017,349.7396618567017
NN,TCGA-KIRC,TCGA-B0-5402-11,TCGA-CZ-5465-11,0.0006096349793029757,0.11105385805479989,182.16451126504091,182.16451126504091
NN,TCGA-KIRC,TCGA-B0-5402-11,TCGA-CZ-5466-11,0.0005345806057873467,0.09440000964045947,176.58704528089686,176.58704528089686
NN,TCGA-KIRC,TCGA-B0-5402-11,TCGA-CZ-5467-11,0.0007206733368135573,0.13656576734040227,189.49746072780363,189.49746072780363
NN,TCGA-KIRC,TCGA-B0-5402-11,TCGA-CZ-5468-11,0.00037752119658258356,0.11295485719991816,299.201364644989,299.201364644989
NN,TCGA-KIRC,TCGA-B0-5402-11,TCGA-CZ-5469-11,0.0006233675354613165,0.11283725594508046,181.01240364013577,181.01240364013577
NN,TCGA-KIRC,TCGA-B0-5402-11,TCGA-CZ-5470-11,0.0005305985702422431,0.15899914778420474,299.6599627315508,299.6599627315508
NN,TCGA-KIRC,TCGA-B0-5402-11,TCGA-CZ-5982-11,0.0005446347409747928,0.05609152407777773,102.9892510664754,102.9892510664754
NN,TCGA-KIRC,TCGA-B0-5402-11,TCGA-CZ-5984-11,0.0002569451466141192,0.07441361369679309,289.6089483587235,289.6089483587235
NN,TCGA-KIRC,TCGA-B0-5402-11,TCGA-CZ-5985-11,0.0006651664434318672,0.0422477195620271,63.51450825458624,63.51450825458624
NN,TCGA-KIRC,TCGA-B0-5402-11,TCGA-CZ-5986-11,0.0005655412914325974,0.11975185127277402,211.7473172815116,211.7473172815116
NN,TCGA-KIRC,TCGA-B0-5402-11,TCGA-CZ-5987-11,0.0005348143140123383,0.11772560432353596,220.12425853063462,220.12425853063462
NN,TCGA-KIRC,TCGA-B0-5402-11,TCGA-CZ-5988-11,0.0003862575594273108,0.06551923055407825,169.62575606603298,169.62575606603298
NN,TCGA-KIRC,TCGA-B0-5402-11,TCGA-CZ-5989-11,0.0006726398641738224,0.20943931647252273,311.36917038030293,311.36917038030293
NN,TCGA-KIRC,TCGA-B0-5402-11,TCGA-KL-8324-11,0.0004401980228445848,0.14328356903063172,325.49798407708676,325.49798407708676
NN,TCGA-KIRC,TCGA-B0-5402-11,TCGA-KL-8326-11,0.0006719222013553613,0.15561969836636247,231.60374527356842,231.60374527356842
NN,TCGA-KIRC,TCGA-B0-5402-11,TCGA-KL-8329-11,0.00025903598673638847,0.13378697869262637,516.4802789690242,516.4802789690242
NN,TCGA-KIRC,TCGA-B0-5402-11,TCGA-KL-8332-11,0.0025164848860949147,0.1029830811269449,40.92338551126934,40.92338551126934
NN,TCGA-KIRC,TCGA-B0-5402-11,TCGA-KL-8336-11,0.0006936464215296238,0.22828443518431668,329.1077818593882,329.1077818593882
NN,TCGA-KIRC,TCGA-B0-5402-11,TCGA-KL-8339-11,0.001093065724800277,0.16100688504832425,147.29844820424054,147.29844820424054
NN,TCGA-KIRC,TCGA-B0-5402-11,TCGA-P4-A5E8-11,0.0015595442644077565,0.2277314612724794,146.02436523913696,146.02436523913696
NN,TCGA-KIRC,TCGA-B0-5402-11,TCGA-P4-A5ED-11,0.0006199746991851496,0.20604768339992116,332.3485356269143,332.3485356269143
NN,TCGA-KIRC,TCGA-B0-5402-11,TCGA-V5-A7RE-11,0.002901292979417041,0.2503016143945651,86.27243652065032,86.27243652065032
NN,TCGA-KIRC,TCGA-B0-5402-11,TCGA-V5-AASX-11,0.0037498152127160064,0.21787177765220472,58.1020037769806,58.1020037769806
NN,TCGA-KIRC,TCGA-B0-5690-11,TCGA-B0-5691-11,0.0002518916249014319,0.05078430506751452,201.61172523059076,201.61172523059076
NN,TCGA-KIRC,TCGA-B0-5690-11,TCGA-B0-5694-11,0.00031477893315940087,0.061535846070482986,195.48908642917934,195.48908642917934
NN,TCGA-KIRC,TCGA-B0-5690-11,TCGA-B0-5696-11,0.00015755755241872378,0.10224721192192768,648.9515123349736,648.9515123349736
NN,TCGA-KIRC,TCGA-B0-5690-11,TCGA-B0-5697-11,0.00017115948026332563,0.11052415726771248,645.7378644622731,645.7378644622731
NN,TCGA-KIRC,TCGA-B0-5690-11,TCGA-B0-5699-11,0.00015676194321133865,0.10413303523596915,664.2749707151956,664.2749707151956
NN,TCGA-KIRC,TCGA-B0-5690-11,TCGA-B0-5701-11,0.00022476756643915097,0.08817164706818126,392.2792263360251,392.2792263360251
NN,TCGA-KIRC,TCGA-B0-5690-11,TCGA-B0-5703-11,0.0007954751676462131,0.0984063426803442,123.707623672937,123.707623672937
NN,TCGA-KIRC,TCGA-B0-5690-11,TCGA-B0-5705-11,0.00015952390632623244,0.10442889914904195,654.6285227963318,654.6285227963318
NN,TCGA-KIRC,TCGA-B0-5690-11,TCGA-B0-5706-11,0.0007603036114922298,0.1968163518884921,258.86547020631053,258.86547020631053
NN,TCGA-KIRC,TCGA-B0-5690-11,TCGA-B0-5709-11,0.0002972963321583083,0.0738235221382492,248.31628968412122,248.31628968412122
NN,TCGA-KIRC,TCGA-B0-5690-11,TCGA-B0-5711-11,0.0001681557684763439,0.0732871838246831,435.82913918884157,435.82913918884157
NN,TCGA-KIRC,TCGA-B0-5690-11,TCGA-B0-5712-11,0.0005914296999067743,0.11129261413582836,188.17555857166312,188.17555857166312
NN,TCGA-KIRC,TCGA-B0-5690-11,TCGA-B2-5636-11,0.0002456153955411257,0.09701459872049639,394.9858212542394,394.9858212542394
NN,TCGA-KIRC,TCGA-B0-5690-11,TCGA-B2-5641-11,0.00040551039918304,0.18570945871855468,457.96472567089165,457.96472567089165
NN,TCGA-KIRC,TCGA-B0-5690-11,TCGA-B8-4619-11,0.0013531768399235818,0.24194023907690898,178.79425063953363,178.79425063953363
NN,TCGA-KIRC,TCGA-B0-5690-11,TCGA-B8-4620-11,0.0007388112858812675,0.10892852563800556,147.43754964175142,147.43754964175142
NN,TCGA-KIRC,TCGA-B0-5690-11,TCGA-B8-4622-11,0.0014230892120117473,0.2024816529848254,142.28317611837392,142.28317611837392
NN,TCGA-KIRC,TCGA-B0-5690-11,TCGA-B8-5549-11,0.000425571770536284,0.1926883472067592,452.77520866561025,452.77520866561025
NN,TCGA-KIRC,TCGA-B0-5690-11,TCGA-B8-5552-11,0.002222478803251201,0.39287728715673736,176.77436859330595,176.77436859330595
NN,TCGA-KIRC,TCGA-B0-5690-11,TCGA-CJ-5672-11,0.00016964948948316251,0.1272892677958291,750.3074025369372,750.3074025369372
NN,TCGA-KIRC,TCGA-B0-5690-11,TCGA-CJ-5676-11,0.00047618071566941824,0.11322236039009168,237.77183045080454,237.77183045080454
NN,TCGA-KIRC,TCGA-B0-5690-11,TCGA-CJ-5677-11,0.000285581237548853,0.09487957273133532,332.23321512886406,332.23321512886406
NN,TCGA-KIRC,TCGA-B0-5690-11,TCGA-CJ-5678-11,0.00045709108105185914,0.18411961467494747,402.8072791340644,402.8072791340644
NN,TCGA-KIRC,TCGA-B0-5690-11,TCGA-CJ-5679-11,0.0003365945927614755,0.08053846223006107,239.27437921480183,239.27437921480183
NN,TCGA-KIRC,TCGA-B0-5690-11,TCGA-CJ-5680-11,0.000553540238313823,0.05563613904757064,100.50965620321968,100.50965620321968
NN,TCGA-KIRC,TCGA-B0-5690-11,TCGA-CJ-5681-11,0.0003629486403358138,0.08717302383323304,240.18005344386265,240.18005344386265
NN,TCGA-KIRC,TCGA-B0-5690-11,TCGA-CJ-5689-11,0.00047908569640061764,0.1295180189706373,270.3441575144265,270.3441575144265
NN,TCGA-KIRC,TCGA-B0-5690-11,TCGA-CJ-6030-11,0.0003864066310781917,0.109843806044117,284.26998195558775,284.26998195558775
NN,TCGA-KIRC,TCGA-B0-5690-11,TCGA-CJ-6033-11,0.0008894717152264756,0.1487973211050639,167.2872993686791,167.2872993686791
NN,TCGA-KIRC,TCGA-B0-5690-11,TCGA-CW-5580-11,0.00026562087580055127,0.13753121365611481,517.772608201864,517.772608201864
NN,TCGA-KIRC,TCGA-B0-5690-11,TCGA-CW-5581-11,0.0001334554819457977,0.11360447099927774,851.2536865695606,851.2536865695606
NN,TCGA-KIRC,TCGA-B0-5690-11,TCGA-CW-5584-11,0.0005080165295973814,0.08213556173444547,161.67891584067237,161.67891584067237
NN,TCGA-KIRC,TCGA-B0-5690-11,TCGA-CW-5585-11,0.0004219487451741112,0.14085688942738214,333.8246434866385,333.8246434866385
NN,TCGA-KIRC,TCGA-B0-5690-11,TCGA-CW-5587-11,0.00022910243670136131,0.10971189917721955,478.8770506191986,478.8770506191986
NN,TCGA-KIRC,TCGA-B0-5690-11,TCGA-CW-5589-11,0.00012968779631039975,0.07430529860947079,572.9552103084984,572.9552103084984
NN,TCGA-KIRC,TCGA-B0-5690-11,TCGA-CW-5591-11,0.001447843476002298,0.32965502378139777,227.6869214423801,227.6869214423801
NN,TCGA-KIRC,TCGA-B0-5690-11,TCGA-CW-6087-11,0.0005243079079142662,0.15189126725891183,289.69860070038993,289.69860070038993
NN,TCGA-KIRC,TCGA-B0-5690-11,TCGA-CW-6088-11,0.000453080788937667,0.13520608744231755,298.41496427013294,298.41496427013294
NN,TCGA-KIRC,TCGA-B0-5690-11,TCGA-CW-6090-11,0.00045919361695222357,0.15034550658754073,327.4120132274907,327.4120132274907
NN,TCGA-KIRC,TCGA-B0-5690-11,TCGA-CZ-4863-11,0.0008094422939471852,0.25471360077954874,314.6778994429075,314.6778994429075
NN,TCGA-KIRC,TCGA-B0-5690-11,TCGA-CZ-4864-11,0.0005204386750052665,0.19186066840491084,368.6518270437325,368.6518270437325
NN,TCGA-KIRC,TCGA-B0-5690-11,TCGA-CZ-4865-11,0.0005470773445775128,0.27105721383938697,495.4641542480876,495.4641542480876
NN,TCGA-KIRC,TCGA-B0-5690-11,TCGA-CZ-5451-11,0.00024912822859292827,0.13665685114380982,548.5402112624702,548.5402112624702
NN,TCGA-KIRC,TCGA-B0-5690-11,TCGA-CZ-5452-11,0.00024519940798117915,0.21929482873576772,894.3530106426692,894.3530106426692
NN,TCGA-KIRC,TCGA-B0-5690-11,TCGA-CZ-5453-11,0.0004117384545815902,0.22469395599603736,545.7201130857986,545.7201130857986
NN,TCGA-KIRC,TCGA-B0-5690-11,TCGA-CZ-5454-11,0.0003930367457498545,0.23824031247881164,606.1527708415285,606.1527708415285
NN,TCGA-KIRC,TCGA-B0-5690-11,TCGA-CZ-5455-11,0.0008359925915989597,0.20702258279250008,247.6368629015464,247.6368629015464
NN,TCGA-KIRC,TCGA-B0-5690-11,TCGA-CZ-5456-11,0.0010645659353204172,0.21822163197511082,204.98648767061067,204.98648767061067
NN,TCGA-KIRC,TCGA-B0-5690-11,TCGA-CZ-5457-11,0.0007554969031934465,0.22915209738554804,303.3130862839198,303.3130862839198
NN,TCGA-KIRC,TCGA-B0-5690-11,TCGA-CZ-5458-11,0.00055830642429386,0.2718297790109946,486.8827711499147,486.8827711499147
NN,TCGA-KIRC,TCGA-B0-5690-11,TCGA-CZ-5461-11,0.0006686119735056265,0.11858086929648826,177.35379262616567,177.35379262616567
NN,TCGA-KIRC,TCGA-B0-5690-11,TCGA-CZ-5462-11,0.0005218229667147756,0.2286896337284799,438.2513770297118,438.2513770297118
NN,TCGA-KIRC,TCGA-B0-5690-11,TCGA-CZ-5463-11,0.000318841908864875,0.16637351203486767,521.8056579424654,521.8056579424654
NN,TCGA-KIRC,TCGA-B0-5690-11,TCGA-CZ-5465-11,0.0004275099573527941,0.17932843327921288,419.47194491010566,419.47194491010566
NN,TCGA-KIRC,TCGA-B0-5690-11,TCGA-CZ-5466-11,0.0007663616059793799,0.17834636725784192,232.71829625379303,232.71829625379303
NN,TCGA-KIRC,TCGA-B0-5690-11,TCGA-CZ-5467-11,0.000961399826618218,0.2763571936119082,287.4529264104523,287.4529264104523
NN,TCGA-KIRC,TCGA-B0-5690-11,TCGA-CZ-5468-11,0.0005389339493279899,0.22458498315407155,416.72079377094747,416.72079377094747
NN,TCGA-KIRC,TCGA-B0-5690-11,TCGA-CZ-5469-11,0.0006357443678842934,0.21094077429797908,331.80124741013935,331.80124741013935
NN,TCGA-KIRC,TCGA-B0-5690-11,TCGA-CZ-5470-11,0.0005628880109312577,0.25252846189818207,448.6300240795534,448.6300240795534
NN,TCGA-KIRC,TCGA-B0-5690-11,TCGA-CZ-5982-11,0.0003343859621615429,0.07255039550417931,216.9660324111632,216.9660324111632
NN,TCGA-KIRC,TCGA-B0-5690-11,TCGA-CZ-5984-11,0.00021064331848026017,0.11881555377796614,564.0603966705006,564.0603966705006
NN,TCGA-KIRC,TCGA-B0-5690-11,TCGA-CZ-5985-11,0.0005232745001617823,0.1923602631721806,367.60870845552,367.60870845552
NN,TCGA-KIRC,TCGA-B0-5690-11,TCGA-CZ-5986-11,0.00032081912283632034,0.0969321855318112,302.13967507561983,302.13967507561983
NN,TCGA-KIRC,TCGA-B0-5690-11,TCGA-CZ-5987-11,0.0006700684287089978,0.08909867674637062,132.96951912513558,132.96951912513558
NN,TCGA-KIRC,TCGA-B0-5690-11,TCGA-CZ-5988-11,0.0002592793258006299,0.13998169871261779,539.8876222790522,539.8876222790522
NN,TCGA-KIRC,TCGA-B0-5690-11,TCGA-CZ-5989-11,0.0004187942998221834,0.2527061212692694,603.4134690385383,603.4134690385383
NN,TCGA-KIRC,TCGA-B0-5690-11,TCGA-KL-8324-11,0.0007011240423067694,0.07076375779125926,100.92901330047006,100.92901330047006
NN,TCGA-KIRC,TCGA-B0-5690-11,TCGA-KL-8326-11,0.0009841116952688121,0.11739106106551989,119.28631844320708,119.28631844320708
NN,TCGA-KIRC,TCGA-B0-5690-11,TCGA-KL-8329-11,0.000439859649371062,0.10667914797537996,242.52997093030987,242.52997093030987
NN,TCGA-KIRC,TCGA-B0-5690-11,TCGA-KL-8332-11,0.0032916067610985903,0.17553315631330857,53.32749901592847,53.32749901592847
NN,TCGA-KIRC,TCGA-B0-5690-11,TCGA-KL-8336-11,0.001122358804718035,0.12251330649402876,109.15698792491517,109.15698792491517
NN,TCGA-KIRC,TCGA-B0-5690-11,TCGA-KL-8339-11,0.0016345163527748566,0.16095862581201809,98.4747723929251,98.4747723929251
NN,TCGA-KIRC,TCGA-B0-5690-11,TCGA-P4-A5E8-11,0.0019189083912794992,0.20774081364123545,108.25989118882168,108.25989118882168
NN,TCGA-KIRC,TCGA-B0-5690-11,TCGA-P4-A5ED-11,0.0006100502364405948,0.24254217964052638,397.577388143746,397.577388143746
NN,TCGA-KIRC,TCGA-B0-5690-11,TCGA-V5-A7RE-11,0.0027767212822040316,0.3791246364253889,136.5367993018217,136.5367993018217
NN,TCGA-KIRC,TCGA-B0-5690-11,TCGA-V5-AASX-11,0.003371746805241241,0.3318984054289185,98.43515085800516,98.43515085800516
NN,TCGA-KIRC,TCGA-B0-5691-11,TCGA-B0-5694-11,0.00021312118650820475,0.0954333634703968,447.789189962692,447.789189962692
NN,TCGA-KIRC,TCGA-B0-5691-11,TCGA-B0-5696-11,0.0003157879183721691,0.07320678516443871,231.82262811638503,231.82262811638503
NN,TCGA-KIRC,TCGA-B0-5691-11,TCGA-B0-5697-11,0.0003892340097062738,0.06912112927983621,177.58245054690065,177.58245054690065
NN,TCGA-KIRC,TCGA-B0-5691-11,TCGA-B0-5699-11,0.0002749794126748328,0.056026939712141954,203.74957953086704,203.74957953086704
NN,TCGA-KIRC,TCGA-B0-5691-11,TCGA-B0-5701-11,0.0003386008870727624,0.14589728987919412,430.88277511760344,430.88277511760344
NN,TCGA-KIRC,TCGA-B0-5691-11,TCGA-B0-5703-11,0.000957144465667082,0.14456329234798698,151.03602176421046,151.03602176421046
NN,TCGA-KIRC,TCGA-B0-5691-11,TCGA-B0-5705-11,0.00025573355680418995,0.1003914329202345,392.5626115508267,392.5626115508267
NN,TCGA-KIRC,TCGA-B0-5691-11,TCGA-B0-5706-11,0.0009349811161188523,0.11814058009945437,126.35611357570633,126.35611357570633
NN,TCGA-KIRC,TCGA-B0-5691-11,TCGA-B0-5709-11,0.00028538000177361035,0.0802190765121285,281.09564795561835,281.09564795561835
NN,TCGA-KIRC,TCGA-B0-5691-11,TCGA-B0-5711-11,0.0002456405403686979,0.12265142150890367,499.31261885683915,499.31261885683915
NN,TCGA-KIRC,TCGA-B0-5691-11,TCGA-B0-5712-11,0.00043289348217693825,0.15755967744186017,363.96869883446334,363.96869883446334
NN,TCGA-KIRC,TCGA-B0-5691-11,TCGA-B2-5636-11,0.0001926280966889034,0.08275948524860927,429.6335097068772,429.6335097068772
NN,TCGA-KIRC,TCGA-B0-5691-11,TCGA-B2-5641-11,0.0004268298379978413,0.07995479118754317,187.32240361309405,187.32240361309405
NN,TCGA-KIRC,TCGA-B0-5691-11,TCGA-B8-4619-11,0.0015007210155165214,0.07564547051860773,50.40608463297351,50.40608463297351
NN,TCGA-KIRC,TCGA-B0-5691-11,TCGA-B8-4620-11,0.0006165531172135889,0.17000733468143242,275.738342626103,275.738342626103
NN,TCGA-KIRC,TCGA-B0-5691-11,TCGA-B8-4622-11,0.0013640611379510917,0.08708010704968663,63.838859290784136,63.838859290784136
NN,TCGA-KIRC,TCGA-B0-5691-11,TCGA-B8-5549-11,0.00046421992862608866,0.0651731489438648,140.392828754147,140.392828754147
NN,TCGA-KIRC,TCGA-B0-5691-11,TCGA-B8-5552-11,0.0013997350723488236,0.321270962938209,229.5226927472073,229.5226927472073
NN,TCGA-KIRC,TCGA-B0-5691-11,TCGA-CJ-5672-11,0.0002747392760839126,0.11496913989065523,418.46634208769126,418.46634208769126
NN,TCGA-KIRC,TCGA-B0-5691-11,TCGA-CJ-5676-11,0.00031746031334017443,0.09483556903568721,298.7320463394938,298.7320463394938
NN,TCGA-KIRC,TCGA-B0-5691-11,TCGA-CJ-5677-11,0.00020387645259388497,0.07672172003899919,376.3147683946918,376.3147683946918
NN,TCGA-KIRC,TCGA-B0-5691-11,TCGA-CJ-5678-11,0.0005041743364717323,0.06612803419566635,131.1610477011536,131.1610477011536
NN,TCGA-KIRC,TCGA-B0-5691-11,TCGA-CJ-5679-11,0.00020402227034455072,0.1194032777265705,585.2462945585473,585.2462945585473
NN,TCGA-KIRC,TCGA-B0-5691-11,TCGA-CJ-5680-11,0.00037112084922023223,0.16284228838755196,438.78507157359235,438.78507157359235
NN,TCGA-KIRC,TCGA-B0-5691-11,TCGA-CJ-5681-11,0.0004080687050483599,0.24741723346530498,606.3126880459597,606.3126880459597
NN,TCGA-KIRC,TCGA-B0-5691-11,TCGA-CJ-5689-11,0.000425440602092408,0.1664994814153548,391.35776086361926,391.35776086361926
NN,TCGA-KIRC,TCGA-B0-5691-11,TCGA-CJ-6030-11,0.0004880802690526107,0.10435884259185911,213.81491776839306,213.81491776839306
NN,TCGA-KIRC,TCGA-B0-5691-11,TCGA-CJ-6033-11,0.0013201376618576736,0.14816990622195353,112.23822371179953,112.23822371179953
NN,TCGA-KIRC,TCGA-B0-5691-11,TCGA-CW-5580-11,0.0003888113946815518,0.13204607755189882,339.61473186774407,339.61473186774407
NN,TCGA-KIRC,TCGA-B0-5691-11,TCGA-CW-5581-11,0.00033556641424518647,0.05784313668665078,172.37463056832277,172.37463056832277
NN,TCGA-KIRC,TCGA-B0-5691-11,TCGA-CW-5584-11,0.00047309407511246754,0.14286364201999732,301.9772377957485,301.9772377957485
NN,TCGA-KIRC,TCGA-B0-5691-11,TCGA-CW-5585-11,0.0006206584217650199,0.06921480719692741,111.51835658669593,111.51835658669593
NN,TCGA-KIRC,TCGA-B0-5691-11,TCGA-CW-5587-11,0.0002747980030789238,0.057131505539047236,207.90364158009797,207.90364158009797
NN,TCGA-KIRC,TCGA-B0-5691-11,TCGA-CW-5589-11,0.00024087035342690202,0.09465125086886797,392.9551707889705,392.9551707889705
NN,TCGA-KIRC,TCGA-B0-5691-11,TCGA-CW-5591-11,0.001399885339572083,0.3225905717508888,230.44071012951554,230.44071012951554
NN,TCGA-KIRC,TCGA-B0-5691-11,TCGA-CW-6087-11,0.0006376744936577145,0.07260045365792361,113.85190152657019,113.85190152657019
NN,TCGA-KIRC,TCGA-B0-5691-11,TCGA-CW-6088-11,0.00046501377809005063,0.05695282380399002,122.4755619885332,122.4755619885332
NN,TCGA-KIRC,TCGA-B0-5691-11,TCGA-CW-6090-11,0.0002725945398923289,0.06544404620428773,240.07834577367996,240.07834577367996
NN,TCGA-KIRC,TCGA-B0-5691-11,TCGA-CZ-4863-11,0.0007630217306547186,0.11315026713822152,148.29232588321145,148.29232588321145
NN,TCGA-KIRC,TCGA-B0-5691-11,TCGA-CZ-4864-11,0.0006419000417521452,0.05570799368195099,86.7860882667793,86.7860882667793
NN,TCGA-KIRC,TCGA-B0-5691-11,TCGA-CZ-4865-11,0.0005600003673504976,0.1414822257199821,252.64666591089937,252.64666591089937
NN,TCGA-KIRC,TCGA-B0-5691-11,TCGA-CZ-5451-11,0.0003267007639906442,0.06601559071812718,202.06745130237186,202.06745130237186
NN,TCGA-KIRC,TCGA-B0-5691-11,TCGA-CZ-5452-11,0.00041062123175286734,0.09189726488742755,223.80056797144866,223.80056797144866
NN,TCGA-KIRC,TCGA-B0-5691-11,TCGA-CZ-5453-11,0.00042218832704142014,0.15711153877288622,372.1361504091805,372.1361504091805
NN,TCGA-KIRC,TCGA-B0-5691-11,TCGA-CZ-5454-11,0.00042998539838735373,0.12599325133943917,293.0175113200885,293.0175113200885
NN,TCGA-KIRC,TCGA-B0-5691-11,TCGA-CZ-5455-11,0.0010470641274572025,0.09277641362229752,88.60623832811964,88.60623832811964
NN,TCGA-KIRC,TCGA-B0-5691-11,TCGA-CZ-5456-11,0.0015401718109170673,0.10821500627706787,70.26164581770472,70.26164581770472
NN,TCGA-KIRC,TCGA-B0-5691-11,TCGA-CZ-5457-11,0.0010910772489455562,0.1340971949860673,122.90348379609428,122.90348379609428
NN,TCGA-KIRC,TCGA-B0-5691-11,TCGA-CZ-5458-11,0.000719735584821613,0.09915248644354675,137.76237903829886,137.76237903829886
NN,TCGA-KIRC,TCGA-B0-5691-11,TCGA-CZ-5461-11,0.0005324323379479157,0.1432868291693237,269.1174426436519,269.1174426436519
NN,TCGA-KIRC,TCGA-B0-5691-11,TCGA-CZ-5462-11,0.0007369091525942003,0.12664480776442474,171.85945827730174,171.85945827730174
NN,TCGA-KIRC,TCGA-B0-5691-11,TCGA-CZ-5463-11,0.00038875418550565115,0.12528420938010898,322.2710238274406,322.2710238274406
NN,TCGA-KIRC,TCGA-B0-5691-11,TCGA-CZ-5465-11,0.00038310993878118,0.09001353779225452,234.95484893611007,234.95484893611007
NN,TCGA-KIRC,TCGA-B0-5691-11,TCGA-CZ-5466-11,0.0006430058561912873,0.08290417018540908,128.93221638209462,128.93221638209462
NN,TCGA-KIRC,TCGA-B0-5691-11,TCGA-CZ-5467-11,0.0011951208363733066,0.16499374366792616,138.05611838265105,138.05611838265105
NN,TCGA-KIRC,TCGA-B0-5691-11,TCGA-CZ-5468-11,0.0008017870448438256,0.13736725798618452,171.32636261657396,171.32636261657396
NN,TCGA-KIRC,TCGA-B0-5691-11,TCGA-CZ-5469-11,0.0008110990663062635,0.09301389248892865,114.67636488907937,114.67636488907937
NN,TCGA-KIRC,TCGA-B0-5691-11,TCGA-CZ-5470-11,0.0007078228753153771,0.12847591916921874,181.50857177648447,181.50857177648447
NN,TCGA-KIRC,TCGA-B0-5691-11,TCGA-CZ-5982-11,0.0003962519193074169,0.025172810269041924,63.52728918774665,63.52728918774665
NN,TCGA-KIRC,TCGA-B0-5691-11,TCGA-CZ-5984-11,0.00016951775862815492,0.07909542232424754,466.5907747031214,466.5907747031214
NN,TCGA-KIRC,TCGA-B0-5691-11,TCGA-CZ-5985-11,0.0004629926070357081,0.1528864306914212,330.2135463247902,330.2135463247902
NN,TCGA-KIRC,TCGA-B0-5691-11,TCGA-CZ-5986-11,0.0002539256923297243,0.07173609341889528,282.508212385793,282.508212385793
NN,TCGA-KIRC,TCGA-B0-5691-11,TCGA-CZ-5987-11,0.0002994380691644854,0.13342967531955843,445.6002394480566,445.6002394480566
NN,TCGA-KIRC,TCGA-B0-5691-11,TCGA-CZ-5988-11,0.00021139326829127205,0.050386827994098216,238.35587765581926,238.35587765581926
NN,TCGA-KIRC,TCGA-B0-5691-11,TCGA-CZ-5989-11,0.000410499948500221,0.1825218253191725,444.6330041843458,444.6330041843458
NN,TCGA-KIRC,TCGA-B0-5691-11,TCGA-KL-8324-11,0.0008711720430540774,0.14040345148147576,161.16615839652275,161.16615839652275
NN,TCGA-KIRC,TCGA-B0-5691-11,TCGA-KL-8326-11,0.0012072920617352244,0.1625292604945167,134.62298448389996,134.62298448389996
NN,TCGA-KIRC,TCGA-B0-5691-11,TCGA-KL-8329-11,0.0005826477975238199,0.13668839590274792,234.59866575254634,234.59866575254634
NN,TCGA-KIRC,TCGA-B0-5691-11,TCGA-KL-8332-11,0.0036909532211519486,0.05313202572455608,14.395204312010637,14.395204312010637
NN,TCGA-KIRC,TCGA-B0-5691-11,TCGA-KL-8336-11,0.0011711643414811317,0.23671730095254348,202.12133563866465,202.12133563866465
NN,TCGA-KIRC,TCGA-B0-5691-11,TCGA-KL-8339-11,0.0019668596732419926,0.13284855589252254,67.54348451994395,67.54348451994395
NN,TCGA-KIRC,TCGA-B0-5691-11,TCGA-P4-A5E8-11,0.0024705287025589447,0.21074926679406478,85.30533022173479,85.30533022173479
NN,TCGA-KIRC,TCGA-B0-5691-11,TCGA-P4-A5ED-11,0.0008489973360519478,0.17415599389959605,205.13137851464344,205.13137851464344
NN,TCGA-KIRC,TCGA-B0-5691-11,TCGA-V5-A7RE-11,0.0024111997461827165,0.2607686402891468,108.14891661380683,108.14891661380683
NN,TCGA-KIRC,TCGA-B0-5691-11,TCGA-V5-AASX-11,0.003059591827737656,0.21569082364568515,70.49660078520104,70.49660078520104
NN,TCGA-KIRC,TCGA-B0-5694-11,TCGA-B0-5696-11,0.00026950243431853943,0.06671595593442849,247.5523314033346,247.5523314033346
NN,TCGA-KIRC,TCGA-B0-5694-11,TCGA-B0-5697-11,0.0003524066727573346,0.05468110393292374,155.16478023836078,155.16478023836078
NN,TCGA-KIRC,TCGA-B0-5694-11,TCGA-B0-5699-11,0.00024191120259189078,0.054601348427314046,225.70822616854025,225.70822616854025
NN,TCGA-KIRC,TCGA-B0-5694-11,TCGA-B0-5701-11,0.0003315765498336081,0.14627901394812426,441.1621208482025,441.1621208482025
NN,TCGA-KIRC,TCGA-B0-5694-11,TCGA-B0-5703-11,0.000622051059255091,0.13524984222834457,217.42562803495082,217.42562803495082
NN,TCGA-KIRC,TCGA-B0-5694-11,TCGA-B0-5705-11,0.000352861201664695,0.07702360493910598,218.28300922779653,218.28300922779653
NN,TCGA-KIRC,TCGA-B0-5694-11,TCGA-B0-5706-11,0.0007558433528279814,0.08331127268304961,110.22293491282446,110.22293491282446
NN,TCGA-KIRC,TCGA-B0-5694-11,TCGA-B0-5709-11,0.00030545827476854704,0.08402571890467561,275.0808403155681,275.0808403155681
NN,TCGA-KIRC,TCGA-B0-5694-11,TCGA-B0-5711-11,0.0003494258681052024,0.1292064843837751,369.7679427239045,369.7679427239045
NN,TCGA-KIRC,TCGA-B0-5694-11,TCGA-B0-5712-11,0.00020142994652259686,0.14388252565544196,714.3055347001291,714.3055347001291
NN,TCGA-KIRC,TCGA-B0-5694-11,TCGA-B2-5636-11,0.00016511377265628844,0.0773184700097993,468.2738984515268,468.2738984515268
NN,TCGA-KIRC,TCGA-B0-5694-11,TCGA-B2-5641-11,0.00039867643084562615,0.09142308583216954,229.31650521264453,229.31650521264453
NN,TCGA-KIRC,TCGA-B0-5694-11,TCGA-B8-4619-11,0.0013739251149303723,0.04419677648732975,32.16825721216222,32.16825721216222
NN,TCGA-KIRC,TCGA-B0-5694-11,TCGA-B8-4620-11,0.00042791595929990596,0.1304756128992089,304.9094338820038,304.9094338820038
NN,TCGA-KIRC,TCGA-B0-5694-11,TCGA-B8-4622-11,0.0013170946462909504,0.04183159102899383,31.76050494685034,31.76050494685034
NN,TCGA-KIRC,TCGA-B0-5694-11,TCGA-B8-5549-11,0.000512991325166658,0.06371727839724417,124.20732139387353,124.20732139387353
NN,TCGA-KIRC,TCGA-B0-5694-11,TCGA-B8-5552-11,0.0017544398560031095,0.2959523674093507,168.68766768874988,168.68766768874988
NN,TCGA-KIRC,TCGA-B0-5694-11,TCGA-CJ-5672-11,0.0003123946324015622,0.10185505089642313,326.0460978903612,326.0460978903612
NN,TCGA-KIRC,TCGA-B0-5694-11,TCGA-CJ-5676-11,0.00017099945264006602,0.06013448221189564,351.6647643222095,351.6647643222095
NN,TCGA-KIRC,TCGA-B0-5694-11,TCGA-CJ-5677-11,0.00015047122646891784,0.06558643672972815,435.8736103162955,435.8736103162955
NN,TCGA-KIRC,TCGA-B0-5694-11,TCGA-CJ-5678-11,0.0004608531097240674,0.05508989595119008,119.5389480699713,119.5389480699713
NN,TCGA-KIRC,TCGA-B0-5694-11,TCGA-CJ-5679-11,0.00017926003162962306,0.0842188917981302,469.8141076541731,469.8141076541731
NN,TCGA-KIRC,TCGA-B0-5694-11,TCGA-CJ-5680-11,0.00029630679443754323,0.18940886263571408,639.232262612319,639.232262612319
NN,TCGA-KIRC,TCGA-B0-5694-11,TCGA-CJ-5681-11,0.0002627431111729712,0.2355076407914819,896.3418288688855,896.3418288688855
NN,TCGA-KIRC,TCGA-B0-5694-11,TCGA-CJ-5689-11,0.0001829620456279481,0.12329500418216449,673.8829562109506,673.8829562109506
NN,TCGA-KIRC,TCGA-B0-5694-11,TCGA-CJ-6030-11,0.0003316355968791296,0.06737093764331244,203.14748560561475,203.14748560561475
NN,TCGA-KIRC,TCGA-B0-5694-11,TCGA-CJ-6033-11,0.0009021301346708607,0.08091495203124008,89.6932148938375,89.6932148938375
NN,TCGA-KIRC,TCGA-B0-5694-11,TCGA-CW-5580-11,0.0003818729848831166,0.12719233562020776,333.07497690400567,333.07497690400567
NN,TCGA-KIRC,TCGA-B0-5694-11,TCGA-CW-5581-11,0.0003593693725838791,0.06638126968035887,184.71599068967697,184.71599068967697
NN,TCGA-KIRC,TCGA-B0-5694-11,TCGA-CW-5584-11,0.0002109926696376866,0.1294732485142733,613.638609988692,613.638609988692
NN,TCGA-KIRC,TCGA-B0-5694-11,TCGA-CW-5585-11,0.00041298649808960516,0.04973014981466378,120.41592169406442,120.41592169406442
NN,TCGA-KIRC,TCGA-B0-5694-11,TCGA-CW-5587-11,0.0003173064514673357,0.06858294111366824,216.1410232805441,216.1410232805441
NN,TCGA-KIRC,TCGA-B0-5694-11,TCGA-CW-5589-11,0.0002747664309560801,0.08597554819157897,312.90411966417287,312.90411966417287
NN,TCGA-KIRC,TCGA-B0-5694-11,TCGA-CW-5591-11,0.0012592623485766059,0.2712752357710682,215.423923440339,215.423923440339
NN,TCGA-KIRC,TCGA-B0-5694-11,TCGA-CW-6087-11,0.0006435440563912029,0.0578432474032178,89.88234267531726,89.88234267531726
NN,TCGA-KIRC,TCGA-B0-5694-11,TCGA-CW-6088-11,0.0005362858451360093,0.05222916870155646,97.3905412109291,97.3905412109291
NN,TCGA-KIRC,TCGA-B0-5694-11,TCGA-CW-6090-11,0.0004939076753921325,0.04495227534657387,91.01351848983619,91.01351848983619
NN,TCGA-KIRC,TCGA-B0-5694-11,TCGA-CZ-4863-11,0.0007875073794800544,0.07609697443407229,96.63017314747543,96.63017314747543
NN,TCGA-KIRC,TCGA-B0-5694-11,TCGA-CZ-4864-11,0.0007019536493655376,0.05248660147239882,74.77217551306835,74.77217551306835
NN,TCGA-KIRC,TCGA-B0-5694-11,TCGA-CZ-4865-11,0.000557665096335546,0.08175605702034683,146.60422098777786,146.60422098777786
NN,TCGA-KIRC,TCGA-B0-5694-11,TCGA-CZ-5451-11,0.0003640423907135059,0.06753737001453193,185.5206199535221,185.5206199535221
NN,TCGA-KIRC,TCGA-B0-5694-11,TCGA-CZ-5452-11,0.0003728029080930277,0.07709466004770613,206.79736765483665,206.79736765483665
NN,TCGA-KIRC,TCGA-B0-5694-11,TCGA-CZ-5453-11,0.0004956915881344494,0.13086752063637133,264.00996863573033,264.00996863573033
NN,TCGA-KIRC,TCGA-B0-5694-11,TCGA-CZ-5454-11,0.00035540729832327393,0.10527743494219008,296.2163001121915,296.2163001121915
NN,TCGA-KIRC,TCGA-B0-5694-11,TCGA-CZ-5455-11,0.0009420610697077737,0.0502399154317489,53.329786196698755,53.329786196698755
NN,TCGA-KIRC,TCGA-B0-5694-11,TCGA-CZ-5456-11,0.0012141144167412048,0.03506708808409523,28.882852884836446,28.882852884836446
NN,TCGA-KIRC,TCGA-B0-5694-11,TCGA-CZ-5457-11,0.0008456067245950746,0.04761368062775416,56.30712155293507,56.30712155293507
NN,TCGA-KIRC,TCGA-B0-5694-11,TCGA-CZ-5458-11,0.0006564348900534231,0.08311027018794047,126.60855089706862,126.60855089706862
NN,TCGA-KIRC,TCGA-B0-5694-11,TCGA-CZ-5461-11,0.0005659953637360325,0.12649776709185795,223.4961188672451,223.4961188672451
NN,TCGA-KIRC,TCGA-B0-5694-11,TCGA-CZ-5462-11,0.0007341748212056661,0.06236719791870828,84.94870174965754,84.94870174965754
NN,TCGA-KIRC,TCGA-B0-5694-11,TCGA-CZ-5463-11,0.0004643749519600241,0.11571109842353558,249.17601161549433,249.17601161549433
NN,TCGA-KIRC,TCGA-B0-5694-11,TCGA-CZ-5465-11,0.0004998677249571314,0.05871608344182001,117.46324179432769,117.46324179432769
NN,TCGA-KIRC,TCGA-B0-5694-11,TCGA-CZ-5466-11,0.0007377597364449847,0.035340588180720764,47.90257103351172,47.90257103351172
NN,TCGA-KIRC,TCGA-B0-5694-11,TCGA-CZ-5467-11,0.0010223605740243193,0.10177282639788335,99.54690055904135,99.54690055904135
NN,TCGA-KIRC,TCGA-B0-5694-11,TCGA-CZ-5468-11,0.0005670560800715974,0.07751537595445757,136.69790110472027,136.69790110472027
NN,TCGA-KIRC,TCGA-B0-5694-11,TCGA-CZ-5469-11,0.0007095298270982334,0.08181518023742648,115.30900761709526,115.30900761709526
NN,TCGA-KIRC,TCGA-B0-5694-11,TCGA-CZ-5470-11,0.0006277817419268034,0.14352813000013548,228.62743596144634,228.62743596144634
NN,TCGA-KIRC,TCGA-B0-5694-11,TCGA-CZ-5982-11,0.0005095926778232461,0.04537316911289394,89.03811041145252,89.03811041145252
NN,TCGA-KIRC,TCGA-B0-5694-11,TCGA-CZ-5984-11,0.00022062293293291117,0.05331158660015272,241.6411834048283,241.6411834048283
NN,TCGA-KIRC,TCGA-B0-5694-11,TCGA-CZ-5985-11,0.0006491241503782631,0.1288454292830501,198.49119649602963,198.49119649602963
NN,TCGA-KIRC,TCGA-B0-5694-11,TCGA-CZ-5986-11,0.0003233808922401513,0.057550212362008815,177.9641708678028,177.9641708678028
NN,TCGA-KIRC,TCGA-B0-5694-11,TCGA-CZ-5987-11,0.0003798316024906472,0.13322258677537588,350.7411860987957,350.7411860987957
NN,TCGA-KIRC,TCGA-B0-5694-11,TCGA-CZ-5988-11,0.00036955055080536015,0.040241745805152385,108.89375138923131,108.89375138923131
NN,TCGA-KIRC,TCGA-B0-5694-11,TCGA-CZ-5989-11,0.000416672789688858,0.14805460162716805,355.32582230225506,355.32582230225506
NN,TCGA-KIRC,TCGA-B0-5694-11,TCGA-KL-8324-11,0.0005376996529305553,0.138275535649904,257.1612886418628,257.1612886418628
NN,TCGA-KIRC,TCGA-B0-5694-11,TCGA-KL-8326-11,0.0008957421681131128,0.10119127771263003,112.96920175790113,112.96920175790113
NN,TCGA-KIRC,TCGA-B0-5694-11,TCGA-KL-8329-11,0.00040090996996422056,0.1082607091080543,270.03745783053506,270.03745783053506
NN,TCGA-KIRC,TCGA-B0-5694-11,TCGA-KL-8332-11,0.0034330939610562492,0.06047924478369084,17.616542241414034,17.616542241414034
NN,TCGA-KIRC,TCGA-B0-5694-11,TCGA-KL-8336-11,0.000696497273576048,0.20995509331458764,301.44424289934193,301.44424289934193
NN,TCGA-KIRC,TCGA-B0-5694-11,TCGA-KL-8339-11,0.001700635365064773,0.10899519494022077,64.09086696610558,64.09086696610558
NN,TCGA-KIRC,TCGA-B0-5694-11,TCGA-P4-A5E8-11,0.0017536570347959804,0.17185365986729434,97.997303040094,97.997303040094
NN,TCGA-KIRC,TCGA-B0-5694-11,TCGA-P4-A5ED-11,0.0005676663656656639,0.15201993487311855,267.79803079376575,267.79803079376575
NN,TCGA-KIRC,TCGA-B0-5694-11,TCGA-V5-A7RE-11,0.002381521585145401,0.21758453495405228,91.36366275713092,91.36366275713092
NN,TCGA-KIRC,TCGA-B0-5694-11,TCGA-V5-AASX-11,0.003028004703524964,0.20078157350917458,66.30821057689921,66.30821057689921
NN,TCGA-KIRC,TCGA-B0-5696-11,TCGA-B0-5697-11,0.0002000409217185198,0.09709637016287527,485.3825373765316,485.3825373765316
NN,TCGA-KIRC,TCGA-B0-5696-11,TCGA-B0-5699-11,8.406400660160236e-05,0.10977271506687993,1097.7271506687991,1305.823021107199
NN,TCGA-KIRC,TCGA-B0-5696-11,TCGA-B0-5701-11,0.0003875185121461461,0.11002273001602769,283.91606224616817,283.91606224616817
NN,TCGA-KIRC,TCGA-B0-5696-11,TCGA-B0-5703-11,0.0006343748604032565,0.13031039901755276,205.41545252079763,205.41545252079763
NN,TCGA-KIRC,TCGA-B0-5696-11,TCGA-B0-5705-11,0.00033408891647768705,0.1647302618326199,493.0731123000958,493.0731123000958
NN,TCGA-KIRC,TCGA-B0-5696-11,TCGA-B0-5706-11,0.0008009553449711286,0.1842472958200629,230.0344169957494,230.0344169957494
NN,TCGA-KIRC,TCGA-B0-5696-11,TCGA-B0-5709-11,0.0002765243676689283,0.072757844611444,263.11549041693894,263.11549041693894
NN,TCGA-KIRC,TCGA-B0-5696-11,TCGA-B0-5711-11,0.0002943891097528864,0.08636693290888509,293.3767929845723,293.3767929845723
NN,TCGA-KIRC,TCGA-B0-5696-11,TCGA-B0-5712-11,0.0005905832879800213,0.16570662842578704,280.58130292266696,280.58130292266696
NN,TCGA-KIRC,TCGA-B0-5696-11,TCGA-B2-5636-11,0.00015744897495474695,0.0830143412652177,527.2459937517992,527.2459937517992
NN,TCGA-KIRC,TCGA-B0-5696-11,TCGA-B2-5641-11,0.000534826772183226,0.18632424284093374,348.38241563775165,348.38241563775165
NN,TCGA-KIRC,TCGA-B0-5696-11,TCGA-B8-4619-11,0.0010383035904584694,0.2230339272642222,214.80608303178474,214.80608303178474
NN,TCGA-KIRC,TCGA-B0-5696-11,TCGA-B8-4620-11,0.0007918825671858396,0.1655971038855289,209.11825913029153,209.11825913029153
NN,TCGA-KIRC,TCGA-B0-5696-11,TCGA-B8-4622-11,0.0012095102959526114,0.2171178178168281,179.5088628376048,179.5088628376048
NN,TCGA-KIRC,TCGA-B0-5696-11,TCGA-B8-5549-11,0.0006230037606505183,0.16393444914567099,263.1355691569124,263.1355691569124
NN,TCGA-KIRC,TCGA-B0-5696-11,TCGA-B8-5552-11,0.0024425581785320703,0.3930927452710657,160.93485458238163,160.93485458238163
NN,TCGA-KIRC,TCGA-B0-5696-11,TCGA-CJ-5672-11,0.0003307807239862472,0.142231870504038,429.9883886521499,429.9883886521499
NN,TCGA-KIRC,TCGA-B0-5696-11,TCGA-CJ-5676-11,0.00033225948948725266,0.10648409755691451,320.4847443822965,320.4847443822965
NN,TCGA-KIRC,TCGA-B0-5696-11,TCGA-CJ-5677-11,0.0001961370627795129,0.13108675121250793,668.3425832672372,668.3425832672372
NN,TCGA-KIRC,TCGA-B0-5696-11,TCGA-CJ-5678-11,0.0003671028697394864,0.17619892211172022,479.9715192549689,479.9715192549689
NN,TCGA-KIRC,TCGA-B0-5696-11,TCGA-CJ-5679-11,0.0003832020374451489,0.06537646498664457,170.60573430798232,170.60573430798232
NN,TCGA-KIRC,TCGA-B0-5696-11,TCGA-CJ-5680-11,0.0006656950143891826,0.06711663405126367,100.8218968153869,100.8218968153869
NN,TCGA-KIRC,TCGA-B0-5696-11,TCGA-CJ-5681-11,0.00027555296969432677,0.10952818692450667,397.4850535851862,397.4850535851862
NN,TCGA-KIRC,TCGA-B0-5696-11,TCGA-CJ-5689-11,0.0004271362550222629,0.20587057202591086,481.9786885456038,481.9786885456038
NN,TCGA-KIRC,TCGA-B0-5696-11,TCGA-CJ-6030-11,0.00019307135774719456,0.12274570220404178,635.7530378211957,635.7530378211957
NN,TCGA-KIRC,TCGA-B0-5696-11,TCGA-CJ-6033-11,0.0007199672187376739,0.18606590915091006,258.4366403197376,258.4366403197376
NN,TCGA-KIRC,TCGA-B0-5696-11,TCGA-CW-5580-11,0.000445606642595805,0.17396368945681817,390.3974331339016,390.3974331339016
NN,TCGA-KIRC,TCGA-B0-5696-11,TCGA-CW-5581-11,0.00017411279930164817,0.1059209896020656,608.3469453532756,608.3469453532756
NN,TCGA-KIRC,TCGA-B0-5696-11,TCGA-CW-5584-11,0.00039694150054748426,0.11697576545570787,294.6927073494917,294.6927073494917
NN,TCGA-KIRC,TCGA-B0-5696-11,TCGA-CW-5585-11,0.0002563220946140432,0.11412279275542796,445.23197630414296,445.23197630414296
NN,TCGA-KIRC,TCGA-B0-5696-11,TCGA-CW-5587-11,0.00017070595469470358,0.11485341201474775,672.8143269527742,672.8143269527742
NN,TCGA-KIRC,TCGA-B0-5696-11,TCGA-CW-5589-11,0.00016072794206845742,0.06221628467395206,387.09065687814774,387.09065687814774
NN,TCGA-KIRC,TCGA-B0-5696-11,TCGA-CW-5591-11,0.0015276675333994428,0.33163265423128263,217.08431120043306,217.08431120043306
NN,TCGA-KIRC,TCGA-B0-5696-11,TCGA-CW-6087-11,0.0004909721073738157,0.09266221963524543,188.73214637566855,188.73214637566855
NN,TCGA-KIRC,TCGA-B0-5696-11,TCGA-CW-6088-11,0.0006230660487732754,0.12692156136698712,203.70482650575624,203.70482650575624
NN,TCGA-KIRC,TCGA-B0-5696-11,TCGA-CW-6090-11,0.0004004363986913394,0.11353569440650052,283.5299058166164,283.5299058166164
NN,TCGA-KIRC,TCGA-B0-5696-11,TCGA-CZ-4863-11,0.0009696861585189044,0.24403774543375384,251.66673081783114,251.66673081783114
NN,TCGA-KIRC,TCGA-B0-5696-11,TCGA-CZ-4864-11,0.00042021489651069925,0.18448453222412364,439.02425581770495,439.02425581770495
NN,TCGA-KIRC,TCGA-B0-5696-11,TCGA-CZ-4865-11,0.0007300845108746105,0.2718134121883388,372.3040389703896,372.3040389703896
NN,TCGA-KIRC,TCGA-B0-5696-11,TCGA-CZ-5451-11,0.00018218994664352315,0.13822538642811039,758.6883303641623,758.6883303641623
NN,TCGA-KIRC,TCGA-B0-5696-11,TCGA-CZ-5452-11,0.00042809612164429543,0.17863710805985228,417.28270598134884,417.28270598134884
NN,TCGA-KIRC,TCGA-B0-5696-11,TCGA-CZ-5453-11,0.0005870552396242564,0.23830320206545777,405.929776247263,405.929776247263
NN,TCGA-KIRC,TCGA-B0-5696-11,TCGA-CZ-5454-11,0.0004894646496730261,0.21864389598373388,446.7000755412942,446.7000755412942
NN,TCGA-KIRC,TCGA-B0-5696-11,TCGA-CZ-5455-11,0.0009070309228597132,0.17848549229615068,196.77994189373,196.77994189373
NN,TCGA-KIRC,TCGA-B0-5696-11,TCGA-CZ-5456-11,0.0011069029136647661,0.19047192385135206,172.07644997584487,172.07644997584487
NN,TCGA-KIRC,TCGA-B0-5696-11,TCGA-CZ-5457-11,0.0008062101425787493,0.1949168559865871,241.76929275923607,241.76929275923607
NN,TCGA-KIRC,TCGA-B0-5696-11,TCGA-CZ-5458-11,0.0007203153387293564,0.23596815413701788,327.5900726385587,327.5900726385587
NN,TCGA-KIRC,TCGA-B0-5696-11,TCGA-CZ-5461-11,0.0006878012669380507,0.1495395931387698,217.41686200214374,217.41686200214374
NN,TCGA-KIRC,TCGA-B0-5696-11,TCGA-CZ-5462-11,0.0006320444671582166,0.1858641752424894,294.06819440753515,294.06819440753515
NN,TCGA-KIRC,TCGA-B0-5696-11,TCGA-CZ-5463-11,0.000455129032256789,0.1785017901166838,392.2004035461553,392.2004035461553
NN,TCGA-KIRC,TCGA-B0-5696-11,TCGA-CZ-5465-11,0.0006292527095626615,0.1726957047004074,274.4457069091257,274.4457069091257
NN,TCGA-KIRC,TCGA-B0-5696-11,TCGA-CZ-5466-11,0.000743458320213886,0.16491240277553126,221.81795306035113,221.81795306035113
NN,TCGA-KIRC,TCGA-B0-5696-11,TCGA-CZ-5467-11,0.0010452199225235875,0.26257615005870705,251.21617412796826,251.21617412796826
NN,TCGA-KIRC,TCGA-B0-5696-11,TCGA-CZ-5468-11,0.0005888129206113234,0.19297104370396465,327.72895591967693,327.72895591967693
NN,TCGA-KIRC,TCGA-B0-5696-11,TCGA-CZ-5469-11,0.0007728413585357528,0.21459520919079192,277.6704517953984,277.6704517953984
NN,TCGA-KIRC,TCGA-B0-5696-11,TCGA-CZ-5470-11,0.0005903295174440803,0.2599487179515584,440.34511280588697,440.34511280588697
NN,TCGA-KIRC,TCGA-B0-5696-11,TCGA-CZ-5982-11,0.00024937006196453166,0.08352244121834776,334.93371481869104,334.93371481869104
NN,TCGA-KIRC,TCGA-B0-5696-11,TCGA-CZ-5984-11,0.0002540815072300631,0.12263201683040567,482.64833661965844,482.64833661965844
NN,TCGA-KIRC,TCGA-B0-5696-11,TCGA-CZ-5985-11,0.00046594124284266903,0.14911912504640273,320.0384755310332,320.0384755310332
NN,TCGA-KIRC,TCGA-B0-5696-11,TCGA-CZ-5986-11,0.00031320328436769797,0.1078475498492443,344.33722515703954,344.33722515703954
NN,TCGA-KIRC,TCGA-B0-5696-11,TCGA-CZ-5987-11,0.0007674382898621263,0.09835160931924589,128.15572355259363,128.15572355259363
NN,TCGA-KIRC,TCGA-B0-5696-11,TCGA-CZ-5988-11,0.00029103981094603227,0.11755861131990887,403.9262221129873,403.9262221129873
NN,TCGA-KIRC,TCGA-B0-5696-11,TCGA-CZ-5989-11,0.0006333305239585046,0.2600542240137076,410.6137540762936,410.6137540762936
NN,TCGA-KIRC,TCGA-B0-5696-11,TCGA-KL-8324-11,0.0005225458050645074,0.08390102888828985,160.56205613961902,160.56205613961902
NN,TCGA-KIRC,TCGA-B0-5696-11,TCGA-KL-8326-11,0.0008483759084581756,0.1528834095716038,180.20715586967995,180.20715586967995
NN,TCGA-KIRC,TCGA-B0-5696-11,TCGA-KL-8329-11,0.00034986265933761103,0.10747509796223974,307.1922512843197,307.1922512843197
NN,TCGA-KIRC,TCGA-B0-5696-11,TCGA-KL-8332-11,0.002934503666002746,0.12134031834985157,41.34952010986447,41.34952010986447
NN,TCGA-KIRC,TCGA-B0-5696-11,TCGA-KL-8336-11,0.0010624211585592966,0.19434546031081118,182.926948268194,182.926948268194
NN,TCGA-KIRC,TCGA-B0-5696-11,TCGA-KL-8339-11,0.0014005188761370493,0.14657001403640652,104.65407966558799,104.65407966558799
NN,TCGA-KIRC,TCGA-B0-5696-11,TCGA-P4-A5E8-11,0.0017023187300094207,0.23328574468699664,137.03999173275008,137.03999173275008
NN,TCGA-KIRC,TCGA-B0-5696-11,TCGA-P4-A5ED-11,0.0006077405507130596,0.24806009716719468,408.16775657992,408.16775657992
NN,TCGA-KIRC,TCGA-B0-5696-11,TCGA-V5-A7RE-11,0.0029242576008931603,0.3410041200454986,116.61220268055223,116.61220268055223
NN,TCGA-KIRC,TCGA-B0-5696-11,TCGA-V5-AASX-11,0.003472728993667989,0.3081703228715651,88.74010135356615,88.74010135356615
NN,TCGA-KIRC,TCGA-B0-5697-11,TCGA-B0-5699-11,0.00018868464230373025,0.09121044555651235,483.4015341306299,483.4015341306299
NN,TCGA-KIRC,TCGA-B0-5697-11,TCGA-B0-5701-11,0.00036516250062495104,0.11198009747239353,306.6582611323647,306.6582611323647
NN,TCGA-KIRC,TCGA-B0-5697-11,TCGA-B0-5703-11,0.0005601628029670541,0.09301729470690032,166.05403681609883,166.05403681609883
NN,TCGA-KIRC,TCGA-B0-5697-11,TCGA-B0-5705-11,0.00030913661661229535,0.12655276373981478,409.37487485842325,409.37487485842325
NN,TCGA-KIRC,TCGA-B0-5697-11,TCGA-B0-5706-11,0.0005709080110061962,0.19822123510469064,347.2034570951909,347.2034570951909
NN,TCGA-KIRC,TCGA-B0-5697-11,TCGA-B0-5709-11,0.00021388797308008505,0.06525470674754241,305.08824693527487,305.08824693527487
NN,TCGA-KIRC,TCGA-B0-5697-11,TCGA-B0-5711-11,0.00028090731908484627,0.0904416198580102,321.9624898085795,321.9624898085795
NN,TCGA-KIRC,TCGA-B0-5697-11,TCGA-B0-5712-11,0.0006173251787157633,0.12083798446255399,195.74446115082526,195.74446115082526
NN,TCGA-KIRC,TCGA-B0-5697-11,TCGA-B2-5636-11,0.00032420956126564865,0.09675068741238001,298.420216339965,298.420216339965
NN,TCGA-KIRC,TCGA-B0-5697-11,TCGA-B2-5641-11,0.0006670402494130439,0.2209610365628912,331.2559275955595,331.2559275955595
NN,TCGA-KIRC,TCGA-B0-5697-11,TCGA-B8-4619-11,0.0010572335061549793,0.21362532169819698,202.06068049727676,202.06068049727676
NN,TCGA-KIRC,TCGA-B0-5697-11,TCGA-B8-4620-11,0.0006555631099380754,0.10730506909855497,163.68381239251096,163.68381239251096
NN,TCGA-KIRC,TCGA-B0-5697-11,TCGA-B8-4622-11,0.001348307576224588,0.1609525004766119,119.37372697058997,119.37372697058997
NN,TCGA-KIRC,TCGA-B0-5697-11,TCGA-B8-5549-11,0.0006542759456952304,0.2102220818757795,321.30492227159374,321.30492227159374
NN,TCGA-KIRC,TCGA-B0-5697-11,TCGA-B8-5552-11,0.002539193934522142,0.3965143370542248,156.1575631003726,156.1575631003726
NN,TCGA-KIRC,TCGA-B0-5697-11,TCGA-CJ-5672-11,0.0003043839455684889,0.10641041464920366,349.5927304919584,349.5927304919584
NN,TCGA-KIRC,TCGA-B0-5697-11,TCGA-CJ-5676-11,0.00048740422252881773,0.07896557532113452,162.0124973711439,162.0124973711439
NN,TCGA-KIRC,TCGA-B0-5697-11,TCGA-CJ-5677-11,0.0003364775176784168,0.11227412534585707,333.6749691941122,333.6749691941122
NN,TCGA-KIRC,TCGA-B0-5697-11,TCGA-CJ-5678-11,0.000448843940536628,0.1904695229581271,424.3557855106742,424.3557855106742
NN,TCGA-KIRC,TCGA-B0-5697-11,TCGA-CJ-5679-11,0.00032130896927612716,0.028581028269477678,88.95185320804305,88.95185320804305
NN,TCGA-KIRC,TCGA-B0-5697-11,TCGA-CJ-5680-11,0.0006317429207210913,0.05713807721268314,90.44514048129567,90.44514048129567
NN,TCGA-KIRC,TCGA-B0-5697-11,TCGA-CJ-5681-11,0.00028140183403135757,0.0492375168937548,174.97226719662422,174.97226719662422
NN,TCGA-KIRC,TCGA-B0-5697-11,TCGA-CJ-5689-11,0.0004874422354642322,0.11734924213978587,240.74492032481413,240.74492032481413
NN,TCGA-KIRC,TCGA-B0-5697-11,TCGA-CJ-6030-11,0.0003054314531022868,0.09678988124499883,316.89559232324575,316.89559232324575
NN,TCGA-KIRC,TCGA-B0-5697-11,TCGA-CJ-6033-11,0.0006942477287275697,0.16865189234168232,242.92753920965748,242.92753920965748
NN,TCGA-KIRC,TCGA-B0-5697-11,TCGA-CW-5580-11,0.00031300794476606596,0.15118633603141235,483.0111777015919,483.0111777015919
NN,TCGA-KIRC,TCGA-B0-5697-11,TCGA-CW-5581-11,0.00018363497941816938,0.1177475191805115,641.2041951570651,641.2041951570651
NN,TCGA-KIRC,TCGA-B0-5697-11,TCGA-CW-5584-11,0.0005057079557229552,0.07530478214879185,148.90962520282457,148.90962520282457
NN,TCGA-KIRC,TCGA-B0-5697-11,TCGA-CW-5585-11,0.0003386914215564028,0.12702824316564398,375.0559804021779,375.0559804021779
NN,TCGA-KIRC,TCGA-B0-5697-11,TCGA-CW-5587-11,0.0003319219779390605,0.12359547129295956,372.36302356468593,372.36302356468593
NN,TCGA-KIRC,TCGA-B0-5697-11,TCGA-CW-5589-11,0.0001682575712195263,0.06685586339456603,397.34237758215903,397.34237758215903
NN,TCGA-KIRC,TCGA-B0-5697-11,TCGA-CW-5591-11,0.0015700475498525727,0.3095786426076377,197.1778769609284,197.1778769609284
NN,TCGA-KIRC,TCGA-B0-5697-11,TCGA-CW-6087-11,0.0005882713074101502,0.14169240301079422,240.8623389003817,240.8623389003817
NN,TCGA-KIRC,TCGA-B0-5697-11,TCGA-CW-6088-11,0.0007695135158615398,0.1961531559968262,254.9054070573602,254.9054070573602
NN,TCGA-KIRC,TCGA-B0-5697-11,TCGA-CW-6090-11,0.0006545883977940252,0.14162079181249365,216.35090430835362,216.35090430835362
NN,TCGA-KIRC,TCGA-B0-5697-11,TCGA-CZ-4863-11,0.0009419589170522394,0.2984538026117079,316.8437574174545,316.8437574174545
NN,TCGA-KIRC,TCGA-B0-5697-11,TCGA-CZ-4864-11,0.0004742209794234586,0.18282508577569107,385.52719872908926,385.52719872908926
NN,TCGA-KIRC,TCGA-B0-5697-11,TCGA-CZ-4865-11,0.0006457407783125599,0.2961799419936557,458.66693252302986,458.66693252302986
NN,TCGA-KIRC,TCGA-B0-5697-11,TCGA-CZ-5451-11,0.00021727100678518564,0.12425021148934398,571.8674264357293,571.8674264357293
NN,TCGA-KIRC,TCGA-B0-5697-11,TCGA-CZ-5452-11,0.0003956948505518344,0.21246742772040095,536.9476692054363,536.9476692054363
NN,TCGA-KIRC,TCGA-B0-5697-11,TCGA-CZ-5453-11,0.000570164332493745,0.23245874944863446,407.7048250842395,407.7048250842395
NN,TCGA-KIRC,TCGA-B0-5697-11,TCGA-CZ-5454-11,0.00042162170806582955,0.25070395815076596,594.6182403673164,594.6182403673164
NN,TCGA-KIRC,TCGA-B0-5697-11,TCGA-CZ-5455-11,0.0008034661966685795,0.23190057379879175,288.6251777116742,288.6251777116742
NN,TCGA-KIRC,TCGA-B0-5697-11,TCGA-CZ-5456-11,0.0008437623766742487,0.20079844762242893,237.9798544868648,237.9798544868648
NN,TCGA-KIRC,TCGA-B0-5697-11,TCGA-CZ-5457-11,0.0006346383633113553,0.26916530388054394,424.1239096800247,424.1239096800247
NN,TCGA-KIRC,TCGA-B0-5697-11,TCGA-CZ-5458-11,0.000516965209759963,0.25035777471447496,484.28360359243703,484.28360359243703
NN,TCGA-KIRC,TCGA-B0-5697-11,TCGA-CZ-5461-11,0.000716669779675083,0.13466134320781845,187.89873248020857,187.89873248020857
NN,TCGA-KIRC,TCGA-B0-5697-11,TCGA-CZ-5462-11,0.0006158490881530439,0.23757013859586884,385.76031558047964,385.76031558047964
NN,TCGA-KIRC,TCGA-B0-5697-11,TCGA-CZ-5463-11,0.0004076181233840705,0.1662597598575982,407.88117681642694,407.88117681642694
NN,TCGA-KIRC,TCGA-B0-5697-11,TCGA-CZ-5465-11,0.000625650559575957,0.2170332597761921,346.89213723917914,346.89213723917914
NN,TCGA-KIRC,TCGA-B0-5697-11,TCGA-CZ-5466-11,0.0007850120150185801,0.15218891078841335,193.86825663402266,193.86825663402266
NN,TCGA-KIRC,TCGA-B0-5697-11,TCGA-CZ-5467-11,0.000772256455844953,0.27110676927968025,351.0579513162539,351.0579513162539
NN,TCGA-KIRC,TCGA-B0-5697-11,TCGA-CZ-5468-11,0.00047185721006720257,0.24527084396583726,519.798868668141,519.798868668141
NN,TCGA-KIRC,TCGA-B0-5697-11,TCGA-CZ-5469-11,0.0005836278038605719,0.23649753742285945,405.21979223484436,405.21979223484436
NN,TCGA-KIRC,TCGA-B0-5697-11,TCGA-CZ-5470-11,0.0006864507462645165,0.2803064000606929,408.3416058414187,408.3416058414187
NN,TCGA-KIRC,TCGA-B0-5697-11,TCGA-CZ-5982-11,0.00039976098244210356,0.08313121782003467,207.9523051804446,207.9523051804446
NN,TCGA-KIRC,TCGA-B0-5697-11,TCGA-CZ-5984-11,0.00021146551406866473,0.09850344098765976,465.8132623727707,465.8132623727707
NN,TCGA-KIRC,TCGA-B0-5697-11,TCGA-CZ-5985-11,0.0006586675241499545,0.1424092845935186,216.20814655664913,216.20814655664913
NN,TCGA-KIRC,TCGA-B0-5697-11,TCGA-CZ-5986-11,0.00047346049040931996,0.11636569102148028,245.77698325129276,245.77698325129276
NN,TCGA-KIRC,TCGA-B0-5697-11,TCGA-CZ-5987-11,0.0008337057295553442,0.07623993154855363,91.44705241406473,91.44705241406473
NN,TCGA-KIRC,TCGA-B0-5697-11,TCGA-CZ-5988-11,0.00029170007887571167,0.1375996686957884,471.7162546754649,471.7162546754649
NN,TCGA-KIRC,TCGA-B0-5697-11,TCGA-CZ-5989-11,0.000627680568022109,0.2554118641718439,406.9137666260324,406.9137666260324
NN,TCGA-KIRC,TCGA-B0-5697-11,TCGA-KL-8324-11,0.0004455417178032044,0.07782887845033373,174.68370601540553,174.68370601540553
NN,TCGA-KIRC,TCGA-B0-5697-11,TCGA-KL-8326-11,0.0005747815929712183,0.10247863812404097,178.29144039616543,178.29144039616543
NN,TCGA-KIRC,TCGA-B0-5697-11,TCGA-KL-8329-11,0.0002723885332146941,0.09043215810973004,331.9969348285754,331.9969348285754
NN,TCGA-KIRC,TCGA-B0-5697-11,TCGA-KL-8332-11,0.0026843733783548864,0.14149352637998955,52.71007659400333,52.71007659400333
NN,TCGA-KIRC,TCGA-B0-5697-11,TCGA-KL-8336-11,0.0009352098858016999,0.13049657634913714,139.53720798970187,139.53720798970187
NN,TCGA-KIRC,TCGA-B0-5697-11,TCGA-KL-8339-11,0.00119943879195821,0.14007908534542188,116.78718937939969,116.78718937939969
NN,TCGA-KIRC,TCGA-B0-5697-11,TCGA-P4-A5E8-11,0.0015329172560797208,0.2007356400549573,130.950081786096,130.950081786096
NN,TCGA-KIRC,TCGA-B0-5697-11,TCGA-P4-A5ED-11,0.0004961717978191108,0.24284804721332234,489.4434715571186,489.4434715571186
NN,TCGA-KIRC,TCGA-B0-5697-11,TCGA-V5-A7RE-11,0.0029158701068761786,0.3941635425453209,135.17870415962904,135.17870415962904
NN,TCGA-KIRC,TCGA-B0-5697-11,TCGA-V5-AASX-11,0.003769784998915866,0.362296437590629,96.10533165547109,96.10533165547109
NN,TCGA-KIRC,TCGA-B0-5699-11,TCGA-B0-5701-11,0.0003713435634933133,0.11239187351310345,302.6627752903741,302.6627752903741
NN,TCGA-KIRC,TCGA-B0-5699-11,TCGA-B0-5703-11,0.000658501234243322,0.11890528687708604,180.56957328822483,180.56957328822483
NN,TCGA-KIRC,TCGA-B0-5699-11,TCGA-B0-5705-11,0.00028394824538724347,0.13264168305078144,467.13330758528593,467.13330758528593
NN,TCGA-KIRC,TCGA-B0-5699-11,TCGA-B0-5706-11,0.0007983612715592424,0.19234068539935506,240.91935850508304,240.91935850508304
NN,TCGA-KIRC,TCGA-B0-5699-11,TCGA-B0-5709-11,0.00026608523782387496,0.060398032443061814,226.98753578746073,226.98753578746073
NN,TCGA-KIRC,TCGA-B0-5699-11,TCGA-B0-5711-11,0.0002803886722609804,0.06039731648506552,215.4056938108001,215.4056938108001
NN,TCGA-KIRC,TCGA-B0-5699-11,TCGA-B0-5712-11,0.0005826369765187508,0.14204910799737944,243.8037984580402,243.8037984580402
NN,TCGA-KIRC,TCGA-B0-5699-11,TCGA-B2-5636-11,0.00016315503301236113,0.08355544860301012,512.1230222587108,512.1230222587108
NN,TCGA-KIRC,TCGA-B0-5699-11,TCGA-B2-5641-11,0.0005356001739848101,0.20183612304952886,376.84103339229506,376.84103339229506
NN,TCGA-KIRC,TCGA-B0-5699-11,TCGA-B8-4619-11,0.0010397850351133776,0.17297075674743756,166.35241988126606,166.35241988126606
NN,TCGA-KIRC,TCGA-B0-5699-11,TCGA-B8-4620-11,0.0007212609972912928,0.13584937540251765,188.34981499443634,188.34981499443634
NN,TCGA-KIRC,TCGA-B0-5699-11,TCGA-B8-4622-11,0.001178288053059251,0.16351961314884822,138.77728177273264,138.77728177273264
NN,TCGA-KIRC,TCGA-B0-5699-11,TCGA-B8-5549-11,0.0005642997624281473,0.15353714587334044,272.08437092491323,272.08437092491323
NN,TCGA-KIRC,TCGA-B0-5699-11,TCGA-B8-5552-11,0.00226522527480989,0.39426794950358635,174.05242378671386,174.05242378671386
NN,TCGA-KIRC,TCGA-B0-5699-11,TCGA-CJ-5672-11,0.00030884612879905475,0.12750586502278874,412.84592272078686,412.84592272078686
NN,TCGA-KIRC,TCGA-B0-5699-11,TCGA-CJ-5676-11,0.0003263832006467098,0.07036154088653014,215.57954192223357,215.57954192223357
NN,TCGA-KIRC,TCGA-B0-5699-11,TCGA-CJ-5677-11,0.00018220697683952162,0.09685479559553511,531.56469239287,531.56469239287
NN,TCGA-KIRC,TCGA-B0-5699-11,TCGA-CJ-5678-11,0.0003230025449077483,0.14295008313077023,442.56642984530583,442.56642984530583
NN,TCGA-KIRC,TCGA-B0-5699-11,TCGA-CJ-5679-11,0.00033193650121882243,0.053095376880157405,159.95642746488838,159.95642746488838
NN,TCGA-KIRC,TCGA-B0-5699-11,TCGA-CJ-5680-11,0.0006662900995729642,0.06245405073848187,93.73402182999516,93.73402182999516
NN,TCGA-KIRC,TCGA-B0-5699-11,TCGA-CJ-5681-11,0.00026952823826959047,0.0998429430913305,370.43592809546175,370.43592809546175
NN,TCGA-KIRC,TCGA-B0-5699-11,TCGA-CJ-5689-11,0.00043489878841434127,0.16727809297334195,384.63683374066113,384.63683374066113
NN,TCGA-KIRC,TCGA-B0-5699-11,TCGA-CJ-6030-11,0.00021966190592939661,0.09717795699126697,442.39785947455886,442.39785947455886
NN,TCGA-KIRC,TCGA-B0-5699-11,TCGA-CJ-6033-11,0.0008278692488194662,0.19274560514181224,232.821312564352,232.821312564352
NN,TCGA-KIRC,TCGA-B0-5699-11,TCGA-CW-5580-11,0.00043006841160524926,0.1687003755897133,392.26404692228317,392.26404692228317
NN,TCGA-KIRC,TCGA-B0-5699-11,TCGA-CW-5581-11,0.0001826145940531091,0.09993212131387286,547.2296550669438,547.2296550669438
NN,TCGA-KIRC,TCGA-B0-5699-11,TCGA-CW-5584-11,0.000467852134965198,0.08808881761678283,188.2834575999861,188.2834575999861
NN,TCGA-KIRC,TCGA-B0-5699-11,TCGA-CW-5585-11,0.0002927079913921911,0.11959146080855713,408.56916901978235,408.56916901978235
NN,TCGA-KIRC,TCGA-B0-5699-11,TCGA-CW-5587-11,0.00020254585668016712,0.11402576059033095,562.9626913098742,562.9626913098742
NN,TCGA-KIRC,TCGA-B0-5699-11,TCGA-CW-5589-11,0.00018336077962581582,0.06667569994615039,363.631197916018,363.631197916018
NN,TCGA-KIRC,TCGA-B0-5699-11,TCGA-CW-5591-11,0.0015151166145450602,0.33394092037328127,220.40608436833278,220.40608436833278
NN,TCGA-KIRC,TCGA-B0-5699-11,TCGA-CW-6087-11,0.0005055036956427234,0.14506808805599436,286.9773046298847,286.9773046298847
NN,TCGA-KIRC,TCGA-B0-5699-11,TCGA-CW-6088-11,0.0006024888146927915,0.14101913667802835,234.06100368839856,234.06100368839856
NN,TCGA-KIRC,TCGA-B0-5699-11,TCGA-CW-6090-11,0.0003818047707787455,0.13177229771513732,345.1300449870463,345.1300449870463
NN,TCGA-KIRC,TCGA-B0-5699-11,TCGA-CZ-4863-11,0.0009430803738115813,0.24886490446355222,263.8851484712088,263.8851484712088
NN,TCGA-KIRC,TCGA-B0-5699-11,TCGA-CZ-4864-11,0.0004383805936938795,0.14848262776283808,338.70711865161456,338.70711865161456
NN,TCGA-KIRC,TCGA-B0-5699-11,TCGA-CZ-4865-11,0.0006873894112832148,0.27582334891411553,401.2621439704898,401.2621439704898
NN,TCGA-KIRC,TCGA-B0-5699-11,TCGA-CZ-5451-11,0.0001680793092457978,0.08898168172625262,529.4029474866924,529.4029474866924
NN,TCGA-KIRC,TCGA-B0-5699-11,TCGA-CZ-5452-11,0.0004155754448255818,0.21359687706244185,513.9785801157935,513.9785801157935
NN,TCGA-KIRC,TCGA-B0-5699-11,TCGA-CZ-5453-11,0.0005433691431559444,0.22857577514755395,420.6638857333012,420.6638857333012
NN,TCGA-KIRC,TCGA-B0-5699-11,TCGA-CZ-5454-11,0.00046909921097265314,0.21468848972994747,457.6611614519707,457.6611614519707
NN,TCGA-KIRC,TCGA-B0-5699-11,TCGA-CZ-5455-11,0.0009243607793249621,0.1909698295876026,206.596638302918,206.596638302918
NN,TCGA-KIRC,TCGA-B0-5699-11,TCGA-CZ-5456-11,0.0011283273773548146,0.18469910408947998,163.6928322367555,163.6928322367555
NN,TCGA-KIRC,TCGA-B0-5699-11,TCGA-CZ-5457-11,0.0008744705207521614,0.22772450623154733,260.4141601430702,260.4141601430702
NN,TCGA-KIRC,TCGA-B0-5699-11,TCGA-CZ-5458-11,0.0006812087753531042,0.2079542072789415,305.27235526457883,305.27235526457883
NN,TCGA-KIRC,TCGA-B0-5699-11,TCGA-CZ-5461-11,0.0006055728412336231,0.1342744296395602,221.73126087693663,221.73126087693663
NN,TCGA-KIRC,TCGA-B0-5699-11,TCGA-CZ-5462-11,0.0006765685208619075,0.22768128490173198,336.523615688888,336.523615688888
NN,TCGA-KIRC,TCGA-B0-5699-11,TCGA-CZ-5463-11,0.0004260719495700447,0.17714957918134816,415.7738601663694,415.7738601663694
NN,TCGA-KIRC,TCGA-B0-5699-11,TCGA-CZ-5465-11,0.0005926269412415114,0.17531904111241062,295.83373436437034,295.83373436437034
NN,TCGA-KIRC,TCGA-B0-5699-11,TCGA-CZ-5466-11,0.0007169422509047256,0.15366534194475212,214.33433690208432,214.33433690208432
NN,TCGA-KIRC,TCGA-B0-5699-11,TCGA-CZ-5467-11,0.000992461958376764,0.25062172125172066,252.52526722699653,252.52526722699653
NN,TCGA-KIRC,TCGA-B0-5699-11,TCGA-CZ-5468-11,0.0006397880592538546,0.2274435932513508,355.49834036697126,355.49834036697126
NN,TCGA-KIRC,TCGA-B0-5699-11,TCGA-CZ-5469-11,0.0007280075293454103,0.1895814385195228,260.41137059390775,260.41137059390775
NN,TCGA-KIRC,TCGA-B0-5699-11,TCGA-CZ-5470-11,0.0006141389348519398,0.23159976647702518,377.1129842677384,377.1129842677384
NN,TCGA-KIRC,TCGA-B0-5699-11,TCGA-CZ-5982-11,0.00021860283924565838,0.05058521336732094,231.4023621187967,231.4023621187967
NN,TCGA-KIRC,TCGA-B0-5699-11,TCGA-CZ-5984-11,0.00019495062819991412,0.08901492423441743,456.6023975215723,456.6023975215723
NN,TCGA-KIRC,TCGA-B0-5699-11,TCGA-CZ-5985-11,0.00042246322602674033,0.15593289072880545,369.1040571633932,369.1040571633932
NN,TCGA-KIRC,TCGA-B0-5699-11,TCGA-CZ-5986-11,0.00027446473045663304,0.10684885671736918,389.2990423199454,389.2990423199454
NN,TCGA-KIRC,TCGA-B0-5699-11,TCGA-CZ-5987-11,0.0007240585466273444,0.09084144786050258,125.46146756176127,125.46146756176127
NN,TCGA-KIRC,TCGA-B0-5699-11,TCGA-CZ-5988-11,0.00022907565758320563,0.1002992386538755,437.8432859783212,437.8432859783212
NN,TCGA-KIRC,TCGA-B0-5699-11,TCGA-CZ-5989-11,0.0006370474564712297,0.26663740299350847,418.5518681300164,418.5518681300164
NN,TCGA-KIRC,TCGA-B0-5699-11,TCGA-KL-8324-11,0.0005622092768429886,0.0791823825687374,140.84147279350412,140.84147279350412
NN,TCGA-KIRC,TCGA-B0-5699-11,TCGA-KL-8326-11,0.0008854261026054028,0.11995250047908296,135.47432148896195,135.47432148896195
NN,TCGA-KIRC,TCGA-B0-5699-11,TCGA-KL-8329-11,0.0004035818777373432,0.09777793244987229,242.275329601166,242.275329601166
NN,TCGA-KIRC,TCGA-B0-5699-11,TCGA-KL-8332-11,0.002981095832549243,0.11875681143499912,39.83662991922198,39.83662991922198
NN,TCGA-KIRC,TCGA-B0-5699-11,TCGA-KL-8336-11,0.0011490066072424223,0.1776319060122365,154.59607011185705,154.59607011185705
NN,TCGA-KIRC,TCGA-B0-5699-11,TCGA-KL-8339-11,0.0014693689454871688,0.1503248490271312,102.30572075775771,102.30572075775771
NN,TCGA-KIRC,TCGA-B0-5699-11,TCGA-P4-A5E8-11,0.0018701030269894575,0.22867911398610863,122.28155918994605,122.28155918994605
NN,TCGA-KIRC,TCGA-B0-5699-11,TCGA-P4-A5ED-11,0.0006811274124636434,0.24710389169936794,362.7865905522597,362.7865905522597
NN,TCGA-KIRC,TCGA-B0-5699-11,TCGA-V5-A7RE-11,0.0029334271937367946,0.3555878749420684,121.21926042728775,121.21926042728775
NN,TCGA-KIRC,TCGA-B0-5699-11,TCGA-V5-AASX-11,0.0034987779175715073,0.28885395418955306,82.55852786165,82.55852786165
NN,TCGA-KIRC,TCGA-B0-5701-11,TCGA-B0-5703-11,0.0009037739067183799,0.16477382151632686,182.3175246501901,182.3175246501901
NN,TCGA-KIRC,TCGA-B0-5701-11,TCGA-B0-5705-11,0.0002126195604674821,0.09104613494283315,428.2114719015125,428.2114719015125
NN,TCGA-KIRC,TCGA-B0-5701-11,TCGA-B0-5706-11,0.0008022709388764214,0.17058690524760506,212.63004426722927,212.63004426722927
NN,TCGA-KIRC,TCGA-B0-5701-11,TCGA-B0-5709-11,0.0004913022749421528,0.16444611708511458,334.71474786978524,334.71474786978524
NN,TCGA-KIRC,TCGA-B0-5701-11,TCGA-B0-5711-11,0.0002801114638506161,0.1380732060151785,492.92236782145113,492.92236782145113
NN,TCGA-KIRC,TCGA-B0-5701-11,TCGA-B0-5712-11,0.00045627030209131517,0.16314494606861776,357.56205328473675,357.56205328473675
NN,TCGA-KIRC,TCGA-B0-5701-11,TCGA-B2-5636-11,0.0003915348077258179,0.1380987729127996,352.71135589433146,352.71135589433146
NN,TCGA-KIRC,TCGA-B0-5701-11,TCGA-B2-5641-11,0.000337750698606633,0.10618298012557902,314.3827105721158,314.3827105721158
NN,TCGA-KIRC,TCGA-B0-5701-11,TCGA-B8-4619-11,0.0018063434657423856,0.128765086331953,71.28494041914232,71.28494041914232
NN,TCGA-KIRC,TCGA-B0-5701-11,TCGA-B8-4620-11,0.0006655266395482735,0.18973452714267453,285.0893050223458,285.0893050223458
NN,TCGA-KIRC,TCGA-B0-5701-11,TCGA-B8-4622-11,0.0017936647589096686,0.15507372721824697,86.4563606147411,86.4563606147411
NN,TCGA-KIRC,TCGA-B0-5701-11,TCGA-B8-5549-11,0.00029890478755746077,0.06414025954802473,214.5842496272983,214.5842496272983
NN,TCGA-KIRC,TCGA-B0-5701-11,TCGA-B8-5552-11,0.0021203563758808077,0.2801950157815771,132.1452464165051,132.1452464165051
NN,TCGA-KIRC,TCGA-B0-5701-11,TCGA-CJ-5672-11,0.00019039428897388392,0.09607544322391942,504.6130519025071,504.6130519025071
NN,TCGA-KIRC,TCGA-B0-5701-11,TCGA-CJ-5676-11,0.0006052427079373238,0.14830669675929078,245.0367345436052,245.0367345436052
NN,TCGA-KIRC,TCGA-B0-5701-11,TCGA-CJ-5677-11,0.000438935205488418,0.13906576717290536,316.8252749700544,316.8252749700544
NN,TCGA-KIRC,TCGA-B0-5701-11,TCGA-CJ-5678-11,0.0008028369954020657,0.10907042460476402,135.85625130558523,135.85625130558523
NN,TCGA-KIRC,TCGA-B0-5701-11,TCGA-CJ-5679-11,0.00034361055505672134,0.15643103294795724,455.2567744088492,455.2567744088492
NN,TCGA-KIRC,TCGA-B0-5701-11,TCGA-CJ-5680-11,0.00039503443509349644,0.18366917173595515,464.9447122058726,464.9447122058726
NN,TCGA-KIRC,TCGA-B0-5701-11,TCGA-CJ-5681-11,0.0004956448859398955,0.21347006775205243,430.6915572169122,430.6915572169122
NN,TCGA-KIRC,TCGA-B0-5701-11,TCGA-CJ-5689-11,0.00041242474587894096,0.1508738792336119,365.82159713059,365.82159713059
NN,TCGA-KIRC,TCGA-B0-5701-11,TCGA-CJ-6030-11,0.0006370697344633448,0.1786155404772884,280.37046937687387,280.37046937687387
NN,TCGA-KIRC,TCGA-B0-5701-11,TCGA-CJ-6033-11,0.0010360464812879514,0.17187981246406564,165.89971161370565,165.89971161370565
NN,TCGA-KIRC,TCGA-B0-5701-11,TCGA-CW-5580-11,0.00021766051331615756,0.1595491968571628,733.018563754894,733.018563754894
NN,TCGA-KIRC,TCGA-B0-5701-11,TCGA-CW-5581-11,0.00031946560805144644,0.10951734050375349,342.81418012957727,342.81418012957727
NN,TCGA-KIRC,TCGA-B0-5701-11,TCGA-CW-5584-11,0.000486519033213889,0.17820326326638047,366.28220295759064,366.28220295759064
NN,TCGA-KIRC,TCGA-B0-5701-11,TCGA-CW-5585-11,0.0006869243195957287,0.1544938546292063,224.90666034379103,224.90666034379103
NN,TCGA-KIRC,TCGA-B0-5701-11,TCGA-CW-5587-11,0.0005312179736884999,0.18290302007995649,344.30879439182667,344.30879439182667
NN,TCGA-KIRC,TCGA-B0-5701-11,TCGA-CW-5589-11,0.000289843687945062,0.14920877653479825,514.7904982601513,514.7904982601513
NN,TCGA-KIRC,TCGA-B0-5701-11,TCGA-CW-5591-11,0.0013191860959595107,0.34284463071801746,259.89102808777653,259.89102808777653
NN,TCGA-KIRC,TCGA-B0-5701-11,TCGA-CW-6087-11,0.0007910917175195524,0.14128950260747902,178.6006596687532,178.6006596687532
NN,TCGA-KIRC,TCGA-B0-5701-11,TCGA-CW-6088-11,0.00043838239398393724,0.0848892757409308,193.64207346347314,193.64207346347314
NN,TCGA-KIRC,TCGA-B0-5701-11,TCGA-CW-6090-11,0.0007003027730130311,0.10560941989335684,150.80537156660907,150.80537156660907
NN,TCGA-KIRC,TCGA-B0-5701-11,TCGA-CZ-4863-11,0.0008707228352387612,0.11622508312473846,133.4811474111258,133.4811474111258
NN,TCGA-KIRC,TCGA-B0-5701-11,TCGA-CZ-4864-11,0.0007813724851708119,0.11774203636726396,150.68618181701777,150.68618181701777
NN,TCGA-KIRC,TCGA-B0-5701-11,TCGA-CZ-4865-11,0.0004943968776686376,0.15503774035080795,313.5896429643712,313.5896429643712
NN,TCGA-KIRC,TCGA-B0-5701-11,TCGA-CZ-5451-11,0.0004987257801298249,0.13491234944992533,270.51408775140095,270.51408775140095
NN,TCGA-KIRC,TCGA-B0-5701-11,TCGA-CZ-5452-11,0.00023187493959676093,0.17729657612082292,764.6215517258925,764.6215517258925
NN,TCGA-KIRC,TCGA-B0-5701-11,TCGA-CZ-5453-11,0.0004462475972267704,0.1837243626768723,411.7094720927064,411.7094720927064
NN,TCGA-KIRC,TCGA-B0-5701-11,TCGA-CZ-5454-11,0.00031590081431817,0.13516047487417243,427.85731706927817,427.85731706927817
NN,TCGA-KIRC,TCGA-B0-5701-11,TCGA-CZ-5455-11,0.0010086858784511337,0.15028296907789113,148.9888698636834,148.9888698636834
NN,TCGA-KIRC,TCGA-B0-5701-11,TCGA-CZ-5456-11,0.0011013761024798753,0.15419484636115416,140.00199025016676,140.00199025016676
NN,TCGA-KIRC,TCGA-B0-5701-11,TCGA-CZ-5457-11,0.0007467611133808365,0.1519066284590304,203.42064649202,203.42064649202
NN,TCGA-KIRC,TCGA-B0-5701-11,TCGA-CZ-5458-11,0.0005182713831609158,0.13337941700778694,257.35439258542766,257.35439258542766
NN,TCGA-KIRC,TCGA-B0-5701-11,TCGA-CZ-5461-11,0.0008557573237307365,0.15944074778543432,186.31537629189165,186.31537629189165
NN,TCGA-KIRC,TCGA-B0-5701-11,TCGA-CZ-5462-11,0.0007345023772310888,0.22587763289333182,307.5247131872336,307.5247131872336
NN,TCGA-KIRC,TCGA-B0-5701-11,TCGA-CZ-5463-11,0.00035705624028279216,0.11616137570244316,325.3307535262293,325.3307535262293
NN,TCGA-KIRC,TCGA-B0-5701-11,TCGA-CZ-5465-11,0.00047771020375530387,0.10705185867740147,224.09372426182534,224.09372426182534
NN,TCGA-KIRC,TCGA-B0-5701-11,TCGA-CZ-5466-11,0.0011719628272871233,0.1374675626217783,117.29686251226094,117.29686251226094
NN,TCGA-KIRC,TCGA-B0-5701-11,TCGA-CZ-5467-11,0.0009523354420768322,0.17601843413594273,184.82818800913847,184.82818800913847
NN,TCGA-KIRC,TCGA-B0-5701-11,TCGA-CZ-5468-11,0.0004976567038066838,0.14974987550581415,300.9099934962092,300.9099934962092
NN,TCGA-KIRC,TCGA-B0-5701-11,TCGA-CZ-5469-11,0.0005984209951656714,0.08842671927961024,147.76673945928235,147.76673945928235
NN,TCGA-KIRC,TCGA-B0-5701-11,TCGA-CZ-5470-11,0.0007196123713532007,0.15921744664378196,221.2544600148831,221.2544600148831
NN,TCGA-KIRC,TCGA-B0-5701-11,TCGA-CZ-5982-11,0.0007487874088244078,0.07188565301372174,96.00275347388897,96.00275347388897
NN,TCGA-KIRC,TCGA-B0-5701-11,TCGA-CZ-5984-11,0.0003672045151882752,0.1601415905212401,436.11008007113253,436.11008007113253
NN,TCGA-KIRC,TCGA-B0-5701-11,TCGA-CZ-5985-11,0.0008972348074177282,0.18935313733782522,211.04078416528432,211.04078416528432
NN,TCGA-KIRC,TCGA-B0-5701-11,TCGA-CZ-5986-11,0.0004958407254512748,0.09984284956808767,201.360728240341,201.360728240341
NN,TCGA-KIRC,TCGA-B0-5701-11,TCGA-CZ-5987-11,0.0006046625694880077,0.14649149243706983,242.26982093684103,242.26982093684103
NN,TCGA-KIRC,TCGA-B0-5701-11,TCGA-CZ-5988-11,0.0005434208945921232,0.09178528801814162,168.90275830676907,168.90275830676907
NN,TCGA-KIRC,TCGA-B0-5701-11,TCGA-CZ-5989-11,0.0002585589538158323,0.1611544617915023,623.2793698039567,623.2793698039567
NN,TCGA-KIRC,TCGA-B0-5701-11,TCGA-KL-8324-11,0.0006938969930910811,0.1586794875168239,228.67873632073167,228.67873632073167
NN,TCGA-KIRC,TCGA-B0-5701-11,TCGA-KL-8326-11,0.0010733924625168556,0.19352531949032786,180.29316046859134,180.29316046859134
NN,TCGA-KIRC,TCGA-B0-5701-11,TCGA-KL-8329-11,0.0004998997765808683,0.18110030772306884,362.27323197007354,362.27323197007354
NN,TCGA-KIRC,TCGA-B0-5701-11,TCGA-KL-8332-11,0.0038656779009614054,0.11233944552709937,29.060736151648907,29.060736151648907
NN,TCGA-KIRC,TCGA-B0-5701-11,TCGA-KL-8336-11,0.0008368811180238921,0.21729853765852658,259.6528144542543,259.6528144542543
NN,TCGA-KIRC,TCGA-B0-5701-11,TCGA-KL-8339-11,0.0019433122636193742,0.1702667477768976,87.61677212893193,87.61677212893193
NN,TCGA-KIRC,TCGA-B0-5701-11,TCGA-P4-A5E8-11,0.0018696370403325497,0.2304910436861397,123.28117100479705,123.28117100479705
NN,TCGA-KIRC,TCGA-B0-5701-11,TCGA-P4-A5ED-11,0.0005208442600837292,0.1916422546912623,367.9454097477325,367.9454097477325
NN,TCGA-KIRC,TCGA-B0-5701-11,TCGA-V5-A7RE-11,0.002339822333954587,0.18204005025516984,77.80080034858877,77.80080034858877
NN,TCGA-KIRC,TCGA-B0-5701-11,TCGA-V5-AASX-11,0.002890973374189714,0.13014927460992928,45.019188267829584,45.019188267829584
NN,TCGA-KIRC,TCGA-B0-5703-11,TCGA-B0-5705-11,0.0008788592972152574,0.1313625283627782,149.4693505308664,149.4693505308664
NN,TCGA-KIRC,TCGA-B0-5703-11,TCGA-B0-5706-11,0.0003877241435971538,0.05557317360392853,143.33173345446647,143.33173345446647
NN,TCGA-KIRC,TCGA-B0-5703-11,TCGA-B0-5709-11,0.0004722550695986068,0.13803587793787087,292.29093941796,292.29093941796
NN,TCGA-KIRC,TCGA-B0-5703-11,TCGA-B0-5711-11,0.0007199938582247666,0.12302484765258716,170.86930151865468,170.86930151865468
NN,TCGA-KIRC,TCGA-B0-5703-11,TCGA-B0-5712-11,0.0007028422635409178,0.15059969580990773,214.27239598709787,214.27239598709787
NN,TCGA-KIRC,TCGA-B0-5703-11,TCGA-B2-5636-11,0.0007479717737257049,0.15929310229490706,212.9667293478949,212.9667293478949
NN,TCGA-KIRC,TCGA-B0-5703-11,TCGA-B2-5641-11,0.001148518995029666,0.11417589022446595,99.4114078378972,99.4114078378972
NN,TCGA-KIRC,TCGA-B0-5703-11,TCGA-B8-4619-11,0.0007256096793763394,0.1694543808625282,233.53379327598557,233.53379327598557
NN,TCGA-KIRC,TCGA-B0-5703-11,TCGA-B8-4620-11,0.000564005475216093,0.1667036067614418,295.57090150156967,295.57090150156967
NN,TCGA-KIRC,TCGA-B0-5703-11,TCGA-B8-4622-11,0.001088250062801559,0.21348664616331192,196.17425577143382,196.17425577143382
NN,TCGA-KIRC,TCGA-B0-5703-11,TCGA-B8-5549-11,0.0012125473210119495,0.0645735685926522,53.25447302028705,53.25447302028705
NN,TCGA-KIRC,TCGA-B0-5703-11,TCGA-B8-5552-11,0.0028990349257713745,0.332260635221418,114.6107734914612,114.6107734914612
NN,TCGA-KIRC,TCGA-B0-5703-11,TCGA-CJ-5672-11,0.0007941330862011741,0.07901843189221533,99.50275749145396,99.50275749145396
NN,TCGA-KIRC,TCGA-B0-5703-11,TCGA-CJ-5676-11,0.0006281767665141853,0.1752459482357866,278.975532967008,278.975532967008
NN,TCGA-KIRC,TCGA-B0-5703-11,TCGA-CJ-5677-11,0.0007503706260284809,0.15414989340993485,205.43167344624172,205.43167344624172
NN,TCGA-KIRC,TCGA-B0-5703-11,TCGA-CJ-5678-11,0.0006862515440162471,0.07807724550564711,113.77350795993054,113.77350795993054
NN,TCGA-KIRC,TCGA-B0-5703-11,TCGA-CJ-5679-11,0.0006600857368551818,0.12454942631792251,188.6867407729608,188.6867407729608
NN,TCGA-KIRC,TCGA-B0-5703-11,TCGA-CJ-5680-11,0.001076870993615111,0.09594488251004579,89.09598557200795,89.09598557200795
NN,TCGA-KIRC,TCGA-B0-5703-11,TCGA-CJ-5681-11,0.0004892892034705322,0.2153804125298145,440.1904047792584,440.1904047792584
NN,TCGA-KIRC,TCGA-B0-5703-11,TCGA-CJ-5689-11,0.0005773365973285882,0.14744148441346727,255.3821896891662,255.3821896891662
NN,TCGA-KIRC,TCGA-B0-5703-11,TCGA-CJ-6030-11,0.00042215428034678555,0.1506919396618603,356.9594024679128,356.9594024679128
NN,TCGA-KIRC,TCGA-B0-5703-11,TCGA-CJ-6033-11,0.0004754067146423795,0.12835208382482421,269.9837420709885,269.9837420709885
NN,TCGA-KIRC,TCGA-B0-5703-11,TCGA-CW-5580-11,0.0007195291318412283,0.13629269859475024,189.41929181656076,189.41929181656076
NN,TCGA-KIRC,TCGA-B0-5703-11,TCGA-CW-5581-11,0.000804555786253252,0.14894400688032738,185.12576682090247,185.12576682090247
NN,TCGA-KIRC,TCGA-B0-5703-11,TCGA-CW-5584-11,0.0006774145366618966,0.1766935699744523,260.83522040307435,260.83522040307435
NN,TCGA-KIRC,TCGA-B0-5703-11,TCGA-CW-5585-11,0.00047387591438340733,0.1416036077394193,298.82001477891004,298.82001477891004
NN,TCGA-KIRC,TCGA-B0-5703-11,TCGA-CW-5587-11,0.0007696589475163705,0.1608427543142169,208.97925611498957,208.97925611498957
NN,TCGA-KIRC,TCGA-B0-5703-11,TCGA-CW-5589-11,0.0006831029231185393,0.13716640520370058,200.79903124627384,200.79903124627384
NN,TCGA-KIRC,TCGA-B0-5703-11,TCGA-CW-5591-11,0.0019177830415141005,0.35286508946003287,183.9963550733267,183.9963550733267
NN,TCGA-KIRC,TCGA-B0-5703-11,TCGA-CW-6087-11,0.000706860397475664,0.09755813600540386,138.01612928635265,138.01612928635265
NN,TCGA-KIRC,TCGA-B0-5703-11,TCGA-CW-6088-11,0.0013245543585525582,0.054487091314538064,41.13616852545053,41.13616852545053
NN,TCGA-KIRC,TCGA-B0-5703-11,TCGA-CW-6090-11,0.0013162038273080877,0.15276751866726695,116.06676374715344,116.06676374715344
NN,TCGA-KIRC,TCGA-B0-5703-11,TCGA-CZ-4863-11,0.001084790737072652,0.1307133452899235,120.49636932064733,120.49636932064733
NN,TCGA-KIRC,TCGA-B0-5703-11,TCGA-CZ-4864-11,0.0007820224503301892,0.1660343464662975,212.31404085163246,212.31404085163246
NN,TCGA-KIRC,TCGA-B0-5703-11,TCGA-CZ-4865-11,0.0008650824713759113,0.2096332334482776,242.32745476261533,242.32745476261533
NN,TCGA-KIRC,TCGA-B0-5703-11,TCGA-CZ-5451-11,0.0006345186273956159,0.16797373662479947,264.7262497465966,264.7262497465966
NN,TCGA-KIRC,TCGA-B0-5703-11,TCGA-CZ-5452-11,0.0007780052289999284,0.15537538641222967,199.7099513225045,199.7099513225045
NN,TCGA-KIRC,TCGA-B0-5703-11,TCGA-CZ-5453-11,0.0008672082972645002,0.165515807543893,190.86049806717932,190.86049806717932
NN,TCGA-KIRC,TCGA-B0-5703-11,TCGA-CZ-5454-11,0.0006012765805624852,0.13181285177165353,219.22166276348995,219.22166276348995
NN,TCGA-KIRC,TCGA-B0-5703-11,TCGA-CZ-5455-11,0.0006032989704752537,0.0938160206732784,155.505023652492,155.505023652492
NN,TCGA-KIRC,TCGA-B0-5703-11,TCGA-CZ-5456-11,0.0006166597409532074,0.10768000447250559,174.6181845859732,174.6181845859732
NN,TCGA-KIRC,TCGA-B0-5703-11,TCGA-CZ-5457-11,0.0005306163816865483,0.08083078334590803,152.33375021138588,152.33375021138588
NN,TCGA-KIRC,TCGA-B0-5703-11,TCGA-CZ-5458-11,0.0006595857883323741,0.17387126284338655,263.6067452013846,263.6067452013846
NN,TCGA-KIRC,TCGA-B0-5703-11,TCGA-CZ-5461-11,0.0008455216044244861,0.14652075052641877,173.29036864309316,173.29036864309316
NN,TCGA-KIRC,TCGA-B0-5703-11,TCGA-CZ-5462-11,0.0007019574822765154,0.14643775143256102,208.61342051323302,208.61342051323302
NN,TCGA-KIRC,TCGA-B0-5703-11,TCGA-CZ-5463-11,0.0007177012418136221,0.14052781125985458,195.80265864490153,195.80265864490153
NN,TCGA-KIRC,TCGA-B0-5703-11,TCGA-CZ-5465-11,0.0009711951468002877,0.09581603325251037,98.65785838014855,98.65785838014855
NN,TCGA-KIRC,TCGA-B0-5703-11,TCGA-CZ-5466-11,0.0009143057280206108,0.1612353271048894,176.34727877506498,176.34727877506498
NN,TCGA-KIRC,TCGA-B0-5703-11,TCGA-CZ-5467-11,0.0007308192232933167,0.18279233938585254,250.11977457589157,250.11977457589157
NN,TCGA-KIRC,TCGA-B0-5703-11,TCGA-CZ-5468-11,0.0004260199443596361,0.10769679889723707,252.79755167124745,252.79755167124745
NN,TCGA-KIRC,TCGA-B0-5703-11,TCGA-CZ-5469-11,0.0006793759217436022,0.09000988574761948,132.48907249555037,132.48907249555037
NN,TCGA-KIRC,TCGA-B0-5703-11,TCGA-CZ-5470-11,0.0005990853466845142,0.15450036683322005,257.893750345027,257.893750345027
NN,TCGA-KIRC,TCGA-B0-5703-11,TCGA-CZ-5982-11,0.0009645735051763257,0.07450064856612257,77.23688051384298,77.23688051384298
NN,TCGA-KIRC,TCGA-B0-5703-11,TCGA-CZ-5984-11,0.0006727309572039284,0.14250333071038854,211.82811521365855,211.82811521365855
NN,TCGA-KIRC,TCGA-B0-5703-11,TCGA-CZ-5985-11,0.0011584454852328798,0.17347881550344296,149.75138469167487,149.75138469167487
NN,TCGA-KIRC,TCGA-B0-5703-11,TCGA-CZ-5986-11,0.000902609444160114,0.11051629049684517,122.44087541060634,122.44087541060634
NN,TCGA-KIRC,TCGA-B0-5703-11,TCGA-CZ-5987-11,0.0012282433449356932,0.19150213784488604,155.91546954802547,155.91546954802547
NN,TCGA-KIRC,TCGA-B0-5703-11,TCGA-CZ-5988-11,0.0007768864618472357,0.10389964351018627,133.73851729008086,133.73851729008086
NN,TCGA-KIRC,TCGA-B0-5703-11,TCGA-CZ-5989-11,0.0010975131105241734,0.2191830439378865,199.7088160825746,199.7088160825746
NN,TCGA-KIRC,TCGA-B0-5703-11,TCGA-KL-8324-11,0.0003523708924612883,0.10770036678887834,305.6449017017215,305.6449017017215
NN,TCGA-KIRC,TCGA-B0-5703-11,TCGA-KL-8326-11,0.00042594281240264435,0.16747748059342515,393.19240920799587,393.19240920799587
NN,TCGA-KIRC,TCGA-B0-5703-11,TCGA-KL-8329-11,0.000502472653099622,0.1671135191738449,332.5823169538987,332.5823169538987
NN,TCGA-KIRC,TCGA-B0-5703-11,TCGA-KL-8332-11,0.0017018377618980656,0.10080211922076725,59.23133301986571,59.23133301986571
NN,TCGA-KIRC,TCGA-B0-5703-11,TCGA-KL-8336-11,0.0009041955402772266,0.1510747159779854,167.08190789313767,167.08190789313767
NN,TCGA-KIRC,TCGA-B0-5703-11,TCGA-KL-8339-11,0.0006314367505439692,0.13644992394200292,216.0943654680445,216.0943654680445
NN,TCGA-KIRC,TCGA-B0-5703-11,TCGA-P4-A5E8-11,0.0009772754259111268,0.14652525722969673,149.932407328353,149.932407328353
NN,TCGA-KIRC,TCGA-B0-5703-11,TCGA-P4-A5ED-11,0.0004805413659154088,0.14994215149823023,312.0275633557529,312.0275633557529
NN,TCGA-KIRC,TCGA-B0-5703-11,TCGA-V5-A7RE-11,0.003587041667340772,0.26127056091240997,72.83733648572336,72.83733648572336
NN,TCGA-KIRC,TCGA-B0-5703-11,TCGA-V5-AASX-11,0.004665235857340506,0.2435240338246277,52.19972607418236,52.19972607418236
NN,TCGA-KIRC,TCGA-B0-5705-11,TCGA-B0-5706-11,0.0007535011830987746,0.1809018415880271,240.08169548462823,240.08169548462823
NN,TCGA-KIRC,TCGA-B0-5705-11,TCGA-B0-5709-11,0.0003849413238754808,0.1210328151237877,314.41886754392436,314.41886754392436
NN,TCGA-KIRC,TCGA-B0-5705-11,TCGA-B0-5711-11,0.00017697911014385938,0.10837167206782394,612.3416033662553,612.3416033662553
NN,TCGA-KIRC,TCGA-B0-5705-11,TCGA-B0-5712-11,0.0005974850180758646,0.09272866230733509,155.1983054001214,155.1983054001214
NN,TCGA-KIRC,TCGA-B0-5705-11,TCGA-B2-5636-11,0.00034935988658380977,0.14379182998177525,411.5865487243919,411.5865487243919
NN,TCGA-KIRC,TCGA-B0-5705-11,TCGA-B2-5641-11,0.0003919280919242704,0.15929788548406643,406.44671501334096,406.44671501334096
NN,TCGA-KIRC,TCGA-B0-5705-11,TCGA-B8-4619-11,0.001555996399802176,0.16137704756071963,103.71299546787932,103.71299546787932
NN,TCGA-KIRC,TCGA-B0-5705-11,TCGA-B8-4620-11,0.0007010779812799363,0.1304488192754868,186.0689149548392,186.0689149548392
NN,TCGA-KIRC,TCGA-B0-5705-11,TCGA-B8-4622-11,0.0015084733989939479,0.22710097610614416,150.550202779582,150.550202779582
NN,TCGA-KIRC,TCGA-B0-5705-11,TCGA-B8-5549-11,0.0003170651211104262,0.12577159828599382,396.6743419948439,396.6743419948439
NN,TCGA-KIRC,TCGA-B0-5705-11,TCGA-B8-5552-11,0.0018480176273609331,0.34233300245374376,185.24336423273917,185.24336423273917
NN,TCGA-KIRC,TCGA-B0-5705-11,TCGA-CJ-5672-11,0.00015219975534470993,0.13178869106269528,865.892923179892,865.892923179892
NN,TCGA-KIRC,TCGA-B0-5705-11,TCGA-CJ-5676-11,0.0005501086205369108,0.15161159625971468,275.6030183852426,275.6030183852426
NN,TCGA-KIRC,TCGA-B0-5705-11,TCGA-CJ-5677-11,0.00037515724375493083,0.12095594823914567,322.4140017356546,322.4140017356546
NN,TCGA-KIRC,TCGA-B0-5705-11,TCGA-CJ-5678-11,0.0005486200282562906,0.13639105997518208,248.6075114841894,248.6075114841894
NN,TCGA-KIRC,TCGA-B0-5705-11,TCGA-CJ-5679-11,0.00032849795684708634,0.10856321008714302,330.4836691501204,330.4836691501204
NN,TCGA-KIRC,TCGA-B0-5705-11,TCGA-CJ-5680-11,0.0005565404223286925,0.07793512436762703,140.03497543184488,140.03497543184488
NN,TCGA-KIRC,TCGA-B0-5705-11,TCGA-CJ-5681-11,0.0004279594372448385,0.2060693980692171,481.51619087049926,481.51619087049926
NN,TCGA-KIRC,TCGA-B0-5705-11,TCGA-CJ-5689-11,0.000486764197303072,0.08622872490558736,177.14681026940676,177.14681026940676
NN,TCGA-KIRC,TCGA-B0-5705-11,TCGA-CJ-6030-11,0.0005756297264410148,0.1731380653151952,300.78027134850686,300.78027134850686
NN,TCGA-KIRC,TCGA-B0-5705-11,TCGA-CJ-6033-11,0.001122441016826836,0.17835577046853396,158.8999045782819,158.8999045782819
NN,TCGA-KIRC,TCGA-B0-5705-11,TCGA-CW-5580-11,0.00022948768370507965,0.10395577592095807,452.9906539758109,452.9906539758109
NN,TCGA-KIRC,TCGA-B0-5705-11,TCGA-CW-5581-11,0.00027816627865731076,0.13531403887428164,486.4501891725808,486.4501891725808
NN,TCGA-KIRC,TCGA-B0-5705-11,TCGA-CW-5584-11,0.0006120180099264151,0.15650122399347102,255.71342910691087,255.71342910691087
NN,TCGA-KIRC,TCGA-B0-5705-11,TCGA-CW-5585-11,0.0006291319767211694,0.17276510797565883,274.60869001771965,274.60869001771965
NN,TCGA-KIRC,TCGA-B0-5705-11,TCGA-CW-5587-11,0.00038215594244614284,0.16209651244539136,424.16326541418516,424.16326541418516
NN,TCGA-KIRC,TCGA-B0-5705-11,TCGA-CW-5589-11,0.00027276408040765915,0.13689927993530754,501.89628975598595,501.89628975598595
NN,TCGA-KIRC,TCGA-B0-5705-11,TCGA-CW-5591-11,0.0015092997544317024,0.33822464493673665,224.09375204867013,224.09375204867013
NN,TCGA-KIRC,TCGA-B0-5705-11,TCGA-CW-6087-11,0.0005470353126611511,0.13728408890739777,250.96019531089277,250.96019531089277
NN,TCGA-KIRC,TCGA-B0-5705-11,TCGA-CW-6088-11,0.00038860251783220934,0.11271419690564327,290.050094205285,290.050094205285
NN,TCGA-KIRC,TCGA-B0-5705-11,TCGA-CW-6090-11,0.0005137253447687403,0.1663435163711686,323.79853956018104,323.79853956018104
NN,TCGA-KIRC,TCGA-B0-5705-11,TCGA-CZ-4863-11,0.0007421175727398365,0.1855146863651768,249.98018262830237,249.98018262830237
NN,TCGA-KIRC,TCGA-B0-5705-11,TCGA-CZ-4864-11,0.0006551649165980283,0.1509714057975889,230.43267728912335,230.43267728912335
NN,TCGA-KIRC,TCGA-B0-5705-11,TCGA-CZ-4865-11,0.0004806202338054425,0.20904997029506192,434.9587378788684,434.9587378788684
NN,TCGA-KIRC,TCGA-B0-5705-11,TCGA-CZ-5451-11,0.0003911544379558927,0.14486777265192904,370.3595270680902,370.3595270680902
NN,TCGA-KIRC,TCGA-B0-5705-11,TCGA-CZ-5452-11,0.000238359072073552,0.1586408421544647,665.5540348198364,665.5540348198364
NN,TCGA-KIRC,TCGA-B0-5705-11,TCGA-CZ-5453-11,0.00037668051213354266,0.17326089225948071,459.9677622771613,459.9677622771613
NN,TCGA-KIRC,TCGA-B0-5705-11,TCGA-CZ-5454-11,0.00030639825150692015,0.17243140119407976,562.7688811735445,562.7688811735445
NN,TCGA-KIRC,TCGA-B0-5705-11,TCGA-CZ-5455-11,0.000792792260160129,0.1815098315706418,228.95005500429616,228.95005500429616
NN,TCGA-KIRC,TCGA-B0-5705-11,TCGA-CZ-5456-11,0.0010547772068053645,0.1446178148401675,137.1074516088339,137.1074516088339
NN,TCGA-KIRC,TCGA-B0-5705-11,TCGA-CZ-5457-11,0.0008029026945918686,0.1954136083109833,243.38392388920295,243.38392388920295
NN,TCGA-KIRC,TCGA-B0-5705-11,TCGA-CZ-5458-11,0.00044748770715499715,0.17852641166886438,398.952661300767,398.952661300767
NN,TCGA-KIRC,TCGA-B0-5705-11,TCGA-CZ-5461-11,0.0005355398641295187,0.12283964660449236,229.37535528593995,229.37535528593995
NN,TCGA-KIRC,TCGA-B0-5705-11,TCGA-CZ-5462-11,0.0005865952421958863,0.19831268801382626,338.0741501950372,338.0741501950372
NN,TCGA-KIRC,TCGA-B0-5705-11,TCGA-CZ-5463-11,0.0002592698686387908,0.11938606023197831,460.47024615229935,460.47024615229935
NN,TCGA-KIRC,TCGA-B0-5705-11,TCGA-CZ-5465-11,0.0003415593818332576,0.12521946502309994,366.6111126885384,366.6111126885384
NN,TCGA-KIRC,TCGA-B0-5705-11,TCGA-CZ-5466-11,0.0008340616467242707,0.18178196908233477,217.94788166590925,217.94788166590925
NN,TCGA-KIRC,TCGA-B0-5705-11,TCGA-CZ-5467-11,0.0008218930689678476,0.18940256775718756,230.44672708463608,230.44672708463608
NN,TCGA-KIRC,TCGA-B0-5705-11,TCGA-CZ-5468-11,0.0006263452746575999,0.20250538577937907,323.3127062227481,323.3127062227481
NN,TCGA-KIRC,TCGA-B0-5705-11,TCGA-CZ-5469-11,0.0005409369678803435,0.15830080944991698,292.64187668706995,292.64187668706995
NN,TCGA-KIRC,TCGA-B0-5705-11,TCGA-CZ-5470-11,0.0006017336460434474,0.18329600627520667,304.6131913686808,304.6131913686808
NN,TCGA-KIRC,TCGA-B0-5705-11,TCGA-CZ-5982-11,0.0004941299416956614,0.07093351771679633,143.55235684237257,143.55235684237257
NN,TCGA-KIRC,TCGA-B0-5705-11,TCGA-CZ-5984-11,0.0002736635103843829,0.14686485976214975,536.6621934939955,536.6621934939955
NN,TCGA-KIRC,TCGA-B0-5705-11,TCGA-CZ-5985-11,0.0005264165767918729,0.13975169913107155,265.4773905159993,265.4773905159993
NN,TCGA-KIRC,TCGA-B0-5705-11,TCGA-CZ-5986-11,0.000336172450664396,0.14250319634190345,423.8990912558914,423.8990912558914
NN,TCGA-KIRC,TCGA-B0-5705-11,TCGA-CZ-5987-11,0.0005555780289176231,0.09720969096007243,174.97036581784255,174.97036581784255
NN,TCGA-KIRC,TCGA-B0-5705-11,TCGA-CZ-5988-11,0.0002904815307343216,0.1259117407139861,433.45867944061024,433.45867944061024
NN,TCGA-KIRC,TCGA-B0-5705-11,TCGA-CZ-5989-11,0.00037296920758327545,0.2222305227415965,595.8414749077577,595.8414749077577
NN,TCGA-KIRC,TCGA-B0-5705-11,TCGA-KL-8324-11,0.000842676322907679,0.07107825276395541,84.3482258035895,84.3482258035895
NN,TCGA-KIRC,TCGA-B0-5705-11,TCGA-KL-8326-11,0.0011825182499569636,0.17116862486181428,144.74924583028107,144.74924583028107
NN,TCGA-KIRC,TCGA-B0-5705-11,TCGA-KL-8329-11,0.0006284934856839034,0.16788459743633022,267.12225545765904,267.12225545765904
NN,TCGA-KIRC,TCGA-B0-5705-11,TCGA-KL-8332-11,0.0036019849593308664,0.17049661110565106,47.33407080559378,47.33407080559378
NN,TCGA-KIRC,TCGA-B0-5705-11,TCGA-KL-8336-11,0.0012184010348992784,0.12859446800353694,105.54362998728696,105.54362998728696
NN,TCGA-KIRC,TCGA-B0-5705-11,TCGA-KL-8339-11,0.0018798116285052842,0.1915549841085868,101.90115924588682,101.90115924588682
NN,TCGA-KIRC,TCGA-B0-5705-11,TCGA-P4-A5E8-11,0.002206615455394559,0.22953174148594618,104.019819549802,104.019819549802
NN,TCGA-KIRC,TCGA-B0-5705-11,TCGA-P4-A5ED-11,0.0007100156587371155,0.21109851223005266,297.3152910536192,297.3152910536192
NN,TCGA-KIRC,TCGA-B0-5705-11,TCGA-V5-A7RE-11,0.0026363329658365994,0.33531212565298163,127.18883767649415,127.18883767649415
NN,TCGA-KIRC,TCGA-B0-5705-11,TCGA-V5-AASX-11,0.0032695835991409642,0.29355476140832415,89.7835312990472,89.7835312990472
NN,TCGA-KIRC,TCGA-B0-5706-11,TCGA-B0-5709-11,0.0005922500882270555,0.10766635492719472,181.79204540011452,181.79204540011452
NN,TCGA-KIRC,TCGA-B0-5706-11,TCGA-B0-5711-11,0.0006403655840657751,0.12562540359916835,196.17763153596454,196.17763153596454
NN,TCGA-KIRC,TCGA-B0-5706-11,TCGA-B0-5712-11,0.0007804216553736272,0.10993649222493049,140.8680698029815,140.8680698029815
NN,TCGA-KIRC,TCGA-B0-5706-11,TCGA-B2-5636-11,0.0008720770188238023,0.12928249947179601,148.24665331298763,148.24665331298763
NN,TCGA-KIRC,TCGA-B0-5706-11,TCGA-B2-5641-11,0.0010440765233016864,0.16327423265806223,156.38148068087924,156.38148068087924
NN,TCGA-KIRC,TCGA-B0-5706-11,TCGA-B8-4619-11,0.0013237740223193603,0.26411511646959807,199.51676949125107,199.51676949125107
NN,TCGA-KIRC,TCGA-B0-5706-11,TCGA-B8-4620-11,0.0007409151656901235,0.12319885771082398,166.27930350982993,166.27930350982993
NN,TCGA-KIRC,TCGA-B0-5706-11,TCGA-B8-4622-11,0.001763131826811335,0.25040721516734243,142.02410242926064,142.02410242926064
NN,TCGA-KIRC,TCGA-B0-5706-11,TCGA-B8-5549-11,0.0010033139397527839,0.18916584014536186,188.54102654247208,188.54102654247208
NN,TCGA-KIRC,TCGA-B0-5706-11,TCGA-B8-5552-11,0.0028134378419283996,0.2537180019747888,90.18077392493029,90.18077392493029
NN,TCGA-KIRC,TCGA-B0-5706-11,TCGA-CJ-5672-11,0.0006482367568382309,0.12496424672967546,192.77562620667712,192.77562620667712
NN,TCGA-KIRC,TCGA-B0-5706-11,TCGA-CJ-5676-11,0.0008900261263936242,0.12875597543634132,144.6653885971405,144.6653885971405
NN,TCGA-KIRC,TCGA-B0-5706-11,TCGA-CJ-5677-11,0.0008768868042068479,0.13913338458530158,158.667440218979,158.667440218979
NN,TCGA-KIRC,TCGA-B0-5706-11,TCGA-CJ-5678-11,0.0009450592876084996,0.24949700468399552,264.00143139734126,264.00143139734126
NN,TCGA-KIRC,TCGA-B0-5706-11,TCGA-CJ-5679-11,0.0007206103486786501,0.11913462411998782,165.32460897687562,165.32460897687562
NN,TCGA-KIRC,TCGA-B0-5706-11,TCGA-CJ-5680-11,0.000990755502604512,0.054090863777230054,54.59557240412517,54.59557240412517
NN,TCGA-KIRC,TCGA-B0-5706-11,TCGA-CJ-5681-11,0.0006653150569985905,0.1497221001756578,225.03939840335673,225.03939840335673
NN,TCGA-KIRC,TCGA-B0-5706-11,TCGA-CJ-5689-11,0.0007131537282630441,0.08247283970788824,115.64524791696587,115.64524791696587
NN,TCGA-KIRC,TCGA-B0-5706-11,TCGA-CJ-6030-11,0.0007524816642792805,0.1289746032495477,171.39899797170247,171.39899797170247
NN,TCGA-KIRC,TCGA-B0-5706-11,TCGA-CJ-6033-11,0.0005416409398522016,0.165593671802181,305.72591474966197,305.72591474966197
NN,TCGA-KIRC,TCGA-B0-5706-11,TCGA-CW-5580-11,0.00046852510184422665,0.09990565471895035,213.23436956888295,213.23436956888295
NN,TCGA-KIRC,TCGA-B0-5706-11,TCGA-CW-5581-11,0.000831275471045284,0.19638828704956102,236.24934680511308,236.24934680511308
NN,TCGA-KIRC,TCGA-B0-5706-11,TCGA-CW-5584-11,0.0008577494681093436,0.11503045839267556,134.10729201176466,134.10729201176466
NN,TCGA-KIRC,TCGA-B0-5706-11,TCGA-CW-5585-11,0.0007491063121698729,0.21919598982895622,292.60998908690243,292.60998908690243
NN,TCGA-KIRC,TCGA-B0-5706-11,TCGA-CW-5587-11,0.0009279261425564071,0.18897586162714428,203.65399029121193,203.65399029121193
NN,TCGA-KIRC,TCGA-B0-5706-11,TCGA-CW-5589-11,0.00071603469258718,0.10929648153852765,152.64132125165204,152.64132125165204
NN,TCGA-KIRC,TCGA-B0-5706-11,TCGA-CW-5591-11,0.0020365318388192756,0.3151525045544687,154.74960840149956,154.74960840149956
NN,TCGA-KIRC,TCGA-B0-5706-11,TCGA-CW-6087-11,0.0007508783527177884,0.18438713252848438,245.56192339424757,245.56192339424757
NN,TCGA-KIRC,TCGA-B0-5706-11,TCGA-CW-6088-11,0.0011891964161744796,0.17243720048228647,145.00312827800045,145.00312827800045
NN,TCGA-KIRC,TCGA-B0-5706-11,TCGA-CW-6090-11,0.0014288893470396635,0.24723629806376274,173.02690273111813,173.02690273111813
NN,TCGA-KIRC,TCGA-B0-5706-11,TCGA-CZ-4863-11,0.00123879909771926,0.2541577879122648,205.1646537200358,205.1646537200358
NN,TCGA-KIRC,TCGA-B0-5706-11,TCGA-CZ-4864-11,0.0010486885044430684,0.23065357123520674,219.94478842666533,219.94478842666533
NN,TCGA-KIRC,TCGA-B0-5706-11,TCGA-CZ-4865-11,0.0008685342386297278,0.21452942543727468,247.00169077471747,247.00169077471747
NN,TCGA-KIRC,TCGA-B0-5706-11,TCGA-CZ-5451-11,0.00077359843070832,0.18828866205102773,243.39328335843106,243.39328335843106
NN,TCGA-KIRC,TCGA-B0-5706-11,TCGA-CZ-5452-11,0.0007247221328261785,0.18773611081015962,259.04564288391526,259.04564288391526
NN,TCGA-KIRC,TCGA-B0-5706-11,TCGA-CZ-5453-11,0.0008096538796288859,0.1720661709528875,212.5181825001024,212.5181825001024
NN,TCGA-KIRC,TCGA-B0-5706-11,TCGA-CZ-5454-11,0.0005057252005105701,0.14762478256723338,291.9071116452064,291.9071116452064
NN,TCGA-KIRC,TCGA-B0-5706-11,TCGA-CZ-5455-11,0.0006737752689197942,0.16686382856866944,247.65502128949882,247.65502128949882
NN,TCGA-KIRC,TCGA-B0-5706-11,TCGA-CZ-5456-11,0.0004764014972625305,0.16426459843191576,344.80285930208674,344.80285930208674
NN,TCGA-KIRC,TCGA-B0-5706-11,TCGA-CZ-5457-11,0.0005624619973584802,0.21429376965128483,380.99244154748925,380.99244154748925
NN,TCGA-KIRC,TCGA-B0-5706-11,TCGA-CZ-5458-11,0.0005505578637308141,0.1945429421196498,353.3560320096858,353.3560320096858
NN,TCGA-KIRC,TCGA-B0-5706-11,TCGA-CZ-5461-11,0.0009065797675591824,0.1658214417010243,182.90882681782256,182.90882681782256
NN,TCGA-KIRC,TCGA-B0-5706-11,TCGA-CZ-5462-11,0.0007813221386644275,0.2125220304637521,272.0030829115273,272.0030829115273
NN,TCGA-KIRC,TCGA-B0-5706-11,TCGA-CZ-5463-11,0.0006970604651771353,0.17099188120708683,245.30423076516726,245.30423076516726
NN,TCGA-KIRC,TCGA-B0-5706-11,TCGA-CZ-5465-11,0.0009279946014317062,0.19012098841997926,204.87294659544506,204.87294659544506
NN,TCGA-KIRC,TCGA-B0-5706-11,TCGA-CZ-5466-11,0.001180133571393187,0.21899591716038191,185.56875464685743,185.56875464685743
NN,TCGA-KIRC,TCGA-B0-5706-11,TCGA-CZ-5467-11,0.0007109730350238785,0.2188952057821932,307.8811642622163,307.8811642622163
NN,TCGA-KIRC,TCGA-B0-5706-11,TCGA-CZ-5468-11,0.000552299850672349,0.1853658135556455,335.6253189820496,335.6253189820496
NN,TCGA-KIRC,TCGA-B0-5706-11,TCGA-CZ-5469-11,0.0005594690364626443,0.18708365149765216,334.39500545110815,334.39500545110815
NN,TCGA-KIRC,TCGA-B0-5706-11,TCGA-CZ-5470-11,0.0008029038992584513,0.21756499203936358,270.9726434761408,270.9726434761408
NN,TCGA-KIRC,TCGA-B0-5706-11,TCGA-CZ-5982-11,0.0011665503958102645,0.2636944246425431,226.04632049298291,226.04632049298291
NN,TCGA-KIRC,TCGA-B0-5706-11,TCGA-CZ-5984-11,0.0007248499587922833,0.16080719641681937,221.84894193103088,221.84894193103088
NN,TCGA-KIRC,TCGA-B0-5706-11,TCGA-CZ-5985-11,0.0013110467789932932,0.2611582593759345,199.19827694971247,199.19827694971247
NN,TCGA-KIRC,TCGA-B0-5706-11,TCGA-CZ-5986-11,0.0009761456927422896,0.17229397843216504,176.50436785531363,176.50436785531363
NN,TCGA-KIRC,TCGA-B0-5706-11,TCGA-CZ-5987-11,0.001276555468116765,0.13916573184481568,109.01659608267516,109.01659608267516
NN,TCGA-KIRC,TCGA-B0-5706-11,TCGA-CZ-5988-11,0.0007955161645235242,0.19677537408453305,247.35559484500484,247.35559484500484
NN,TCGA-KIRC,TCGA-B0-5706-11,TCGA-CZ-5989-11,0.0009511384449434758,0.17234510395870284,181.19875700003374,181.19875700003374
NN,TCGA-KIRC,TCGA-B0-5706-11,TCGA-KL-8324-11,0.0005986703479643715,0.08361702616012652,139.67123383418814,139.67123383418814
NN,TCGA-KIRC,TCGA-B0-5706-11,TCGA-KL-8326-11,0.0005363134406673157,0.12468877390454507,232.49235325782487,232.49235325782487
NN,TCGA-KIRC,TCGA-B0-5706-11,TCGA-KL-8329-11,0.0006743287770993022,0.12435095984661593,184.40701934970795,184.40701934970795
NN,TCGA-KIRC,TCGA-B0-5706-11,TCGA-KL-8332-11,0.002577870086635463,0.2608595826261534,101.19190411438355,101.19190411438355
NN,TCGA-KIRC,TCGA-B0-5706-11,TCGA-KL-8336-11,0.0009888073976743504,0.0757944339922097,76.65237352640793,76.65237352640793
NN,TCGA-KIRC,TCGA-B0-5706-11,TCGA-KL-8339-11,0.0012209315883647393,0.1718607429848447,140.76197603751675,140.76197603751675
NN,TCGA-KIRC,TCGA-B0-5706-11,TCGA-P4-A5E8-11,0.001106984168474291,0.15075461797148715,136.18498101853237,136.18498101853237
NN,TCGA-KIRC,TCGA-B0-5706-11,TCGA-P4-A5ED-11,0.00044639425147861833,0.1501954318032362,336.4636334489857,336.4636334489857
NN,TCGA-KIRC,TCGA-B0-5706-11,TCGA-V5-A7RE-11,0.0032900746554415826,0.3869788006433313,117.62006676757076,117.62006676757076
NN,TCGA-KIRC,TCGA-B0-5706-11,TCGA-V5-AASX-11,0.004525886280208252,0.38436915209161937,84.92682500054623,84.92682500054623
NN,TCGA-KIRC,TCGA-B0-5709-11,TCGA-B0-5711-11,0.00028461896960076854,0.1299749618427819,456.66303277359253,456.66303277359253
NN,TCGA-KIRC,TCGA-B0-5709-11,TCGA-B0-5712-11,0.0005418827946981764,0.17357982638191272,320.32725172349313,320.32725172349313
NN,TCGA-KIRC,TCGA-B0-5709-11,TCGA-B2-5636-11,0.00023497070112505784,0.10988647085176989,467.66030967105684,467.66030967105684
NN,TCGA-KIRC,TCGA-B0-5709-11,TCGA-B2-5641-11,0.0007782641798691336,0.12487865343185972,160.45792246645385,160.45792246645385
NN,TCGA-KIRC,TCGA-B0-5709-11,TCGA-B8-4619-11,0.0007528107138225226,0.16872627754866176,224.1284222589312,224.1284222589312
NN,TCGA-KIRC,TCGA-B0-5709-11,TCGA-B8-4620-11,0.00047150678050520025,0.1655778235874898,351.1674284091523,351.1674284091523
NN,TCGA-KIRC,TCGA-B0-5709-11,TCGA-B8-4622-11,0.0009995565370806072,0.204767087178073,204.85793407557892,204.85793407557892
NN,TCGA-KIRC,TCGA-B0-5709-11,TCGA-B8-5549-11,0.0008226134609712947,0.08455491483052302,102.78814879917651,102.78814879917651
NN,TCGA-KIRC,TCGA-B0-5709-11,TCGA-B8-5552-11,0.0021387373569441122,0.3508022657707477,164.02306932721453,164.02306932721453
NN,TCGA-KIRC,TCGA-B0-5709-11,TCGA-CJ-5672-11,0.0004231634721606986,0.13082512364692395,309.1597745403753,309.1597745403753
NN,TCGA-KIRC,TCGA-B0-5709-11,TCGA-CJ-5676-11,0.00032197553093100907,0.12547029965241677,389.6889285021531,389.6889285021531
NN,TCGA-KIRC,TCGA-B0-5709-11,TCGA-CJ-5677-11,0.0002990235171736037,0.07637888366909891,255.4276813778353,255.4276813778353
NN,TCGA-KIRC,TCGA-B0-5709-11,TCGA-CJ-5678-11,0.0003986465103820991,0.103655240729892,260.0179307490724,260.0179307490724
NN,TCGA-KIRC,TCGA-B0-5709-11,TCGA-CJ-5679-11,0.00026036038733619183,0.09329774558810713,358.34078502746996,358.34078502746996
NN,TCGA-KIRC,TCGA-B0-5709-11,TCGA-CJ-5680-11,0.0005044749505160298,0.0716557177638288,142.04018988560648,142.04018988560648
NN,TCGA-KIRC,TCGA-B0-5709-11,TCGA-CJ-5681-11,0.0002931569098407248,0.1851837275803847,631.6880870418403,631.6880870418403
NN,TCGA-KIRC,TCGA-B0-5709-11,TCGA-CJ-5689-11,0.0005051629415257469,0.20142807653081696,398.7388226112597,398.7388226112597
NN,TCGA-KIRC,TCGA-B0-5709-11,TCGA-CJ-6030-11,0.00027463380367049955,0.12470007971241703,454.05947136074275,454.05947136074275
NN,TCGA-KIRC,TCGA-B0-5709-11,TCGA-CJ-6033-11,0.0007944335801560703,0.13276336828637103,167.11701469151018,167.11701469151018
NN,TCGA-KIRC,TCGA-B0-5709-11,TCGA-CW-5580-11,0.0004167333002988086,0.13961352296173515,335.0188786488352,335.0188786488352
NN,TCGA-KIRC,TCGA-B0-5709-11,TCGA-CW-5581-11,0.00024570260458319995,0.07376907271711747,300.23724348488844,300.23724348488844
NN,TCGA-KIRC,TCGA-B0-5709-11,TCGA-CW-5584-11,0.0004504417873558065,0.14211035670167238,315.49105942388644,315.49105942388644
NN,TCGA-KIRC,TCGA-B0-5709-11,TCGA-CW-5585-11,0.000316748388481078,0.07226753966112098,228.1544035872439,228.1544035872439
NN,TCGA-KIRC,TCGA-B0-5709-11,TCGA-CW-5587-11,0.00031938116892662837,0.08653686192230149,270.9516726146796,270.9516726146796
NN,TCGA-KIRC,TCGA-B0-5709-11,TCGA-CW-5589-11,0.00018486881677081616,0.1045038884843909,565.2867276905087,565.2867276905087
NN,TCGA-KIRC,TCGA-B0-5709-11,TCGA-CW-5591-11,0.0014297690092646455,0.33135500963693704,231.75422567548765,231.75422567548765
NN,TCGA-KIRC,TCGA-B0-5709-11,TCGA-CW-6087-11,0.0005560453288087179,0.12278883970887,220.8252337483621,220.8252337483621
NN,TCGA-KIRC,TCGA-B0-5709-11,TCGA-CW-6088-11,0.0008715175351476206,0.08208590606174104,94.18732584403715,94.18732584403715
NN,TCGA-KIRC,TCGA-B0-5709-11,TCGA-CW-6090-11,0.000518947138899719,0.055765023941223915,107.45800441150503,107.45800441150503
NN,TCGA-KIRC,TCGA-B0-5709-11,TCGA-CZ-4863-11,0.0008270713684932619,0.143145369767122,173.07499113154006,173.07499113154006
NN,TCGA-KIRC,TCGA-B0-5709-11,TCGA-CZ-4864-11,0.00032708843278257997,0.13471622797897292,411.86484900406305,411.86484900406305
NN,TCGA-KIRC,TCGA-B0-5709-11,TCGA-CZ-4865-11,0.0006073761458592991,0.21008240388178945,345.8851739799077,345.8851739799077
NN,TCGA-KIRC,TCGA-B0-5709-11,TCGA-CZ-5451-11,0.00014780168177341477,0.10197812049567456,689.9659007399567,689.9659007399567
NN,TCGA-KIRC,TCGA-B0-5709-11,TCGA-CZ-5452-11,0.00049912620958625,0.17414202503572787,348.89377013497784,348.89377013497784
NN,TCGA-KIRC,TCGA-B0-5709-11,TCGA-CZ-5453-11,0.0005391156652542872,0.19082712799496748,353.9632407174798,353.9632407174798
NN,TCGA-KIRC,TCGA-B0-5709-11,TCGA-CZ-5454-11,0.00045364603579206846,0.1484692738059425,327.27999826277403,327.27999826277403
NN,TCGA-KIRC,TCGA-B0-5709-11,TCGA-CZ-5455-11,0.0007564640304383286,0.09896276114675201,130.82282456894694,130.82282456894694
NN,TCGA-KIRC,TCGA-B0-5709-11,TCGA-CZ-5456-11,0.0010002532235750606,0.11187539770796333,111.84707539167258,111.84707539167258
NN,TCGA-KIRC,TCGA-B0-5709-11,TCGA-CZ-5457-11,0.0007198776865524521,0.13403010360623552,186.18455066737195,186.18455066737195
NN,TCGA-KIRC,TCGA-B0-5709-11,TCGA-CZ-5458-11,0.0005965167583921391,0.14326146054920214,240.16334584689858,240.16334584689858
NN,TCGA-KIRC,TCGA-B0-5709-11,TCGA-CZ-5461-11,0.0005926405323957894,0.1446220214318456,244.0299195318304,244.0299195318304
NN,TCGA-KIRC,TCGA-B0-5709-11,TCGA-CZ-5462-11,0.0006054488701945065,0.17529628541510295,289.5311132693786,289.5311132693786
NN,TCGA-KIRC,TCGA-B0-5709-11,TCGA-CZ-5463-11,0.0004309618507237564,0.14212797519965054,329.7924745797363,329.7924745797363
NN,TCGA-KIRC,TCGA-B0-5709-11,TCGA-CZ-5465-11,0.0005678605746124081,0.09338607857717691,164.45247786557002,164.45247786557002
NN,TCGA-KIRC,TCGA-B0-5709-11,TCGA-CZ-5466-11,0.0005142317868365107,0.12840809705108608,249.70859510851426,249.70859510851426
NN,TCGA-KIRC,TCGA-B0-5709-11,TCGA-CZ-5467-11,0.0008341907044441615,0.12667889093837575,151.85843028877255,151.85843028877255
NN,TCGA-KIRC,TCGA-B0-5709-11,TCGA-CZ-5468-11,0.0005169661761714815,0.12755342711878326,246.73456987730054,246.73456987730054
NN,TCGA-KIRC,TCGA-B0-5709-11,TCGA-CZ-5469-11,0.0006622749534788576,0.13193471229889162,199.21440725767002,199.21440725767002
NN,TCGA-KIRC,TCGA-B0-5709-11,TCGA-CZ-5470-11,0.000610471702474923,0.13768851961535752,225.54447496444524,225.54447496444524
NN,TCGA-KIRC,TCGA-B0-5709-11,TCGA-CZ-5982-11,0.00039868762138914977,0.03115460549277952,78.14289639650043,78.14289639650043
NN,TCGA-KIRC,TCGA-B0-5709-11,TCGA-CZ-5984-11,0.000186624108278844,0.09244058387309212,495.33034464642816,495.33034464642816
NN,TCGA-KIRC,TCGA-B0-5709-11,TCGA-CZ-5985-11,0.0005846775011834466,0.15927567904810186,272.41629569414204,272.41629569414204
NN,TCGA-KIRC,TCGA-B0-5709-11,TCGA-CZ-5986-11,0.0004519415656429177,0.09308752915964935,205.9724890035861,205.9724890035861
NN,TCGA-KIRC,TCGA-B0-5709-11,TCGA-CZ-5987-11,0.0006460214717549016,0.15017574994585758,232.46247456436518,232.46247456436518
NN,TCGA-KIRC,TCGA-B0-5709-11,TCGA-CZ-5988-11,0.0002110371509690314,0.06536279435577466,309.72174356810905,309.72174356810905
NN,TCGA-KIRC,TCGA-B0-5709-11,TCGA-CZ-5989-11,0.0006745149296484856,0.23041273239197196,341.5976759951755,341.5976759951755
NN,TCGA-KIRC,TCGA-B0-5709-11,TCGA-KL-8324-11,0.0004207098204461133,0.09536260225810393,226.67073033137925,226.67073033137925
NN,TCGA-KIRC,TCGA-B0-5709-11,TCGA-KL-8326-11,0.00059498734392489,0.1762514973172999,296.2273048610417,296.2273048610417
NN,TCGA-KIRC,TCGA-B0-5709-11,TCGA-KL-8329-11,0.0002659815679624338,0.12485605639868458,469.4161981040685,469.4161981040685
NN,TCGA-KIRC,TCGA-B0-5709-11,TCGA-KL-8332-11,0.002247851185228066,0.07222208380518344,32.12938840426655,32.12938840426655
NN,TCGA-KIRC,TCGA-B0-5709-11,TCGA-KL-8336-11,0.0008925261563320864,0.21523396695286828,241.1514390092397,241.1514390092397
NN,TCGA-KIRC,TCGA-B0-5709-11,TCGA-KL-8339-11,0.0009525430435293508,0.11934543505680001,125.29138275431917,125.29138275431917
NN,TCGA-KIRC,TCGA-B0-5709-11,TCGA-P4-A5E8-11,0.0016792016416282967,0.2058594244239818,122.59362980634238,122.59362980634238
NN,TCGA-KIRC,TCGA-B0-5709-11,TCGA-P4-A5ED-11,0.0006054797974490219,0.16601855017849604,274.1933766873104,274.1933766873104
NN,TCGA-KIRC,TCGA-B0-5709-11,TCGA-V5-A7RE-11,0.002810076783730042,0.27438177668723546,97.6420923000639,97.6420923000639
NN,TCGA-KIRC,TCGA-B0-5709-11,TCGA-V5-AASX-11,0.003793212502718165,0.19838863341832574,52.30095421128215,52.30095421128215
NN,TCGA-KIRC,TCGA-B0-5711-11,TCGA-B0-5712-11,0.0005603143591197193,0.18414441247011742,328.64482138101386,328.64482138101386
NN,TCGA-KIRC,TCGA-B0-5711-11,TCGA-B2-5636-11,0.0003231171934990366,0.14514001177762317,449.186904001925,449.186904001925
NN,TCGA-KIRC,TCGA-B0-5711-11,TCGA-B2-5641-11,0.00037480470110531515,0.10469967414354284,279.3446129004759,279.3446129004759
NN,TCGA-KIRC,TCGA-B0-5711-11,TCGA-B8-4619-11,0.0013590045398211134,0.10012569407134847,73.67576129254732,73.67576129254732
NN,TCGA-KIRC,TCGA-B0-5711-11,TCGA-B8-4620-11,0.0006729403230444384,0.193485349503216,287.5223000872827,287.5223000872827
NN,TCGA-KIRC,TCGA-B0-5711-11,TCGA-B8-4622-11,0.0013776573730599519,0.19583143832679104,142.1481437665626,142.1481437665626
NN,TCGA-KIRC,TCGA-B0-5711-11,TCGA-B8-5549-11,0.0003525977132645821,0.07514976698511384,213.1317480460317,213.1317480460317
NN,TCGA-KIRC,TCGA-B0-5711-11,TCGA-B8-5552-11,0.0017530837169841473,0.3567849785631658,203.5185057659127,203.5185057659127
NN,TCGA-KIRC,TCGA-B0-5711-11,TCGA-CJ-5672-11,0.00014266533232314626,0.08630315200098784,604.9342933958587,604.9342933958587
NN,TCGA-KIRC,TCGA-B0-5711-11,TCGA-CJ-5676-11,0.0004683120920638743,0.17187877468090712,367.01758847060506,367.01758847060506
NN,TCGA-KIRC,TCGA-B0-5711-11,TCGA-CJ-5677-11,0.00036606720899555093,0.1408469870353065,384.75718003198233,384.75718003198233
NN,TCGA-KIRC,TCGA-B0-5711-11,TCGA-CJ-5678-11,0.0005896820088411919,0.0723156403708001,122.6349783214694,122.6349783214694
NN,TCGA-KIRC,TCGA-B0-5711-11,TCGA-CJ-5679-11,0.0002754693923643886,0.12382785239276459,449.5158294354755,449.5158294354755
NN,TCGA-KIRC,TCGA-B0-5711-11,TCGA-CJ-5680-11,0.0005133244898764855,0.13196558055986907,257.0802351386395,257.0802351386395
NN,TCGA-KIRC,TCGA-B0-5711-11,TCGA-CJ-5681-11,0.00041246879558882115,0.208458871804073,505.39307223589327,505.39307223589327
NN,TCGA-KIRC,TCGA-B0-5711-11,TCGA-CJ-5689-11,0.00043716434675253665,0.16184091314753424,370.2061120715013,370.2061120715013
NN,TCGA-KIRC,TCGA-B0-5711-11,TCGA-CJ-6030-11,0.0004905663619229289,0.1487721113277578,303.26602652615395,303.26602652615395
NN,TCGA-KIRC,TCGA-B0-5711-11,TCGA-CJ-6033-11,0.00103502155508676,0.15647192345249306,151.17745392208462,151.17745392208462
NN,TCGA-KIRC,TCGA-B0-5711-11,TCGA-CW-5580-11,0.00018644571842942688,0.1237073906457248,663.5035209593741,663.5035209593741
NN,TCGA-KIRC,TCGA-B0-5711-11,TCGA-CW-5581-11,0.00028955346839225056,0.0871257939159922,300.89708266925385,300.89708266925385
NN,TCGA-KIRC,TCGA-B0-5711-11,TCGA-CW-5584-11,0.000564869399143736,0.17508197513748544,309.95124785107055,309.95124785107055
NN,TCGA-KIRC,TCGA-B0-5711-11,TCGA-CW-5585-11,0.000557433661948424,0.0915495567563498,164.2339941157345,164.2339941157345
NN,TCGA-KIRC,TCGA-B0-5711-11,TCGA-CW-5587-11,0.00033242672241654383,0.12357324826671093,371.7307903781236,371.7307903781236
NN,TCGA-KIRC,TCGA-B0-5711-11,TCGA-CW-5589-11,0.00021412547803779648,0.11013999707993608,514.3712840211133,514.3712840211133
NN,TCGA-KIRC,TCGA-B0-5711-11,TCGA-CW-5591-11,0.001549026345764583,0.3465034863957643,223.69115111772604,223.69115111772604
NN,TCGA-KIRC,TCGA-B0-5711-11,TCGA-CW-6087-11,0.0004605800568208699,0.07561264935783092,164.16830958713962,164.16830958713962
NN,TCGA-KIRC,TCGA-B0-5711-11,TCGA-CW-6088-11,0.0003307570561453129,0.0427690163458356,129.3064367069639,129.3064367069639
NN,TCGA-KIRC,TCGA-B0-5711-11,TCGA-CW-6090-11,0.00040978098175095017,0.07827660379560786,191.02058729309576,191.02058729309576
NN,TCGA-KIRC,TCGA-B0-5711-11,TCGA-CZ-4863-11,0.0007082350118450946,0.1343694270751109,189.7243497254556,189.7243497254556
NN,TCGA-KIRC,TCGA-B0-5711-11,TCGA-CZ-4864-11,0.0006450112443254958,0.09686263671220953,150.172012603441,150.172012603441
NN,TCGA-KIRC,TCGA-B0-5711-11,TCGA-CZ-4865-11,0.0004007502547988945,0.2115026063008208,527.7666171590023,527.7666171590023
NN,TCGA-KIRC,TCGA-B0-5711-11,TCGA-CZ-5451-11,0.00030084850242441207,0.10324304323793115,343.17286742642466,343.17286742642466
NN,TCGA-KIRC,TCGA-B0-5711-11,TCGA-CZ-5452-11,0.00022298087457996954,0.0980712290061752,439.819016724697,439.819016724697
NN,TCGA-KIRC,TCGA-B0-5711-11,TCGA-CZ-5453-11,0.0002663132273859523,0.16098607714288002,604.4989906174366,604.4989906174366
NN,TCGA-KIRC,TCGA-B0-5711-11,TCGA-CZ-5454-11,0.000266167905737574,0.14158924133560452,531.9545981445383,531.9545981445383
NN,TCGA-KIRC,TCGA-B0-5711-11,TCGA-CZ-5455-11,0.000695362280661281,0.11293176185336781,162.4070861968111,162.4070861968111
NN,TCGA-KIRC,TCGA-B0-5711-11,TCGA-CZ-5456-11,0.0010619226201171832,0.1262222651095914,118.86201755045275,118.86201755045275
NN,TCGA-KIRC,TCGA-B0-5711-11,TCGA-CZ-5457-11,0.0007582316306361011,0.1456594414126111,192.10414802982228,192.10414802982228
NN,TCGA-KIRC,TCGA-B0-5711-11,TCGA-CZ-5458-11,0.00045875303874500195,0.1262524024357659,275.2077736229304,275.2077736229304
NN,TCGA-KIRC,TCGA-B0-5711-11,TCGA-CZ-5461-11,0.0004662722448086115,0.13843853125298422,296.9049365351103,296.9049365351103
NN,TCGA-KIRC,TCGA-B0-5711-11,TCGA-CZ-5462-11,0.0004412410092896033,0.11166568299950635,253.07186015934414,253.07186015934414
NN,TCGA-KIRC,TCGA-B0-5711-11,TCGA-CZ-5463-11,0.00020430730735764127,0.11844100833581807,579.7198830900664,579.7198830900664
NN,TCGA-KIRC,TCGA-B0-5711-11,TCGA-CZ-5465-11,0.0002624627327163858,0.0909141559120364,346.3888185995426,346.3888185995426
NN,TCGA-KIRC,TCGA-B0-5711-11,TCGA-CZ-5466-11,0.0007478348798332392,0.13989278447666517,187.063733250661,187.063733250661
NN,TCGA-KIRC,TCGA-B0-5711-11,TCGA-CZ-5467-11,0.0008716651506785241,0.19015990550162803,218.1570587668937,218.1570587668937
NN,TCGA-KIRC,TCGA-B0-5711-11,TCGA-CZ-5468-11,0.0005602038234579494,0.14674529298472605,261.94982404603525,261.94982404603525
NN,TCGA-KIRC,TCGA-B0-5711-11,TCGA-CZ-5469-11,0.000544249652674751,0.09569053254424656,175.82102638737408,175.82102638737408
NN,TCGA-KIRC,TCGA-B0-5711-11,TCGA-CZ-5470-11,0.0004515569160386454,0.15469956443393643,342.5915071594138,342.5915071594138
NN,TCGA-KIRC,TCGA-B0-5711-11,TCGA-CZ-5982-11,0.0005074812991375179,0.04712828348736309,92.86703483943003,92.86703483943003
NN,TCGA-KIRC,TCGA-B0-5711-11,TCGA-CZ-5984-11,0.00024247730302880756,0.11391062264323372,469.7784956380043,469.7784956380043
NN,TCGA-KIRC,TCGA-B0-5711-11,TCGA-CZ-5985-11,0.0005821490381282747,0.06789158364973893,116.62234102116516,116.62234102116516
NN,TCGA-KIRC,TCGA-B0-5711-11,TCGA-CZ-5986-11,0.00024193175036070434,0.08200542743361389,338.96099751830496,338.96099751830496
NN,TCGA-KIRC,TCGA-B0-5711-11,TCGA-CZ-5987-11,0.0005247006472242168,0.15542015353246913,296.20728381921447,296.20728381921447
NN,TCGA-KIRC,TCGA-B0-5711-11,TCGA-CZ-5988-11,0.0002379036134066251,0.0407058156406932,171.10213274112309,171.10213274112309
NN,TCGA-KIRC,TCGA-B0-5711-11,TCGA-CZ-5989-11,0.0003369821006038853,0.20532488267325877,609.3050114688834,609.3050114688834
NN,TCGA-KIRC,TCGA-B0-5711-11,TCGA-KL-8324-11,0.0007040498540237825,0.11506627711755703,163.43484266054566,163.43484266054566
NN,TCGA-KIRC,TCGA-B0-5711-11,TCGA-KL-8326-11,0.0010104717642723574,0.20679344947807857,204.6503987441855,204.6503987441855
NN,TCGA-KIRC,TCGA-B0-5711-11,TCGA-KL-8329-11,0.000534646986521872,0.18635964999850502,348.5657914409309,348.5657914409309
NN,TCGA-KIRC,TCGA-B0-5711-11,TCGA-KL-8332-11,0.0031926532488735573,0.07215297352214733,22.59968994365567,22.59968994365567
NN,TCGA-KIRC,TCGA-B0-5711-11,TCGA-KL-8336-11,0.0011619443372516778,0.20042094629980794,172.4875623335446,172.4875623335446
NN,TCGA-KIRC,TCGA-B0-5711-11,TCGA-KL-8339-11,0.0015523524566985495,0.14352857342322853,92.45875368308852,92.45875368308852
NN,TCGA-KIRC,TCGA-B0-5711-11,TCGA-P4-A5E8-11,0.0020904178239690503,0.23257120524590338,111.25584683559735,111.25584683559735
NN,TCGA-KIRC,TCGA-B0-5711-11,TCGA-P4-A5ED-11,0.0005857137935108808,0.19398768517192655,331.1987652008794,331.1987652008794
NN,TCGA-KIRC,TCGA-B0-5711-11,TCGA-V5-A7RE-11,0.0026953791536322453,0.26476834228278745,98.2304630226105,98.2304630226105
NN,TCGA-KIRC,TCGA-B0-5711-11,TCGA-V5-AASX-11,0.0033348020252352197,0.2289276231491498,68.64804009857299,68.64804009857299
NN,TCGA-KIRC,TCGA-B0-5712-11,TCGA-B2-5636-11,0.00044663780174209123,0.18666191632166806,417.92682033092905,417.92682033092905
NN,TCGA-KIRC,TCGA-B0-5712-11,TCGA-B2-5641-11,0.0005968316546469017,0.11670557257562877,195.54186120485562,195.54186120485562
NN,TCGA-KIRC,TCGA-B0-5712-11,TCGA-B8-4619-11,0.001683234067400394,0.16920005557082715,100.52081219585916,100.52081219585916
NN,TCGA-KIRC,TCGA-B0-5712-11,TCGA-B8-4620-11,0.00036487574257583976,0.1295210798625455,354.9731175555591,354.9731175555591
NN,TCGA-KIRC,TCGA-B0-5712-11,TCGA-B8-4622-11,0.0015388782647027333,0.13000272838377933,84.4788904786384,84.4788904786384
NN,TCGA-KIRC,TCGA-B0-5712-11,TCGA-B8-5549-11,0.0007179176087574045,0.0909852283283076,126.73491667907108,126.73491667907108
NN,TCGA-KIRC,TCGA-B0-5712-11,TCGA-B8-5552-11,0.001761226979523993,0.27180450690702485,154.32679039500377,154.32679039500377
NN,TCGA-KIRC,TCGA-B0-5712-11,TCGA-CJ-5672-11,0.0005299631263897542,0.1299452948275678,245.19686060573449,245.19686060573449
NN,TCGA-KIRC,TCGA-B0-5712-11,TCGA-CJ-5676-11,0.0003647111692272197,0.15026853860971487,412.0206653613497,412.0206653613497
NN,TCGA-KIRC,TCGA-B0-5712-11,TCGA-CJ-5677-11,0.00042893049986646983,0.1675964865131548,390.7311011115535,390.7311011115535
NN,TCGA-KIRC,TCGA-B0-5712-11,TCGA-CJ-5678-11,0.0007334031153647284,0.09094574206991193,124.005121009997,124.005121009997
NN,TCGA-KIRC,TCGA-B0-5712-11,TCGA-CJ-5679-11,0.00033093170534287224,0.13046021264845487,394.22095417931456,394.22095417931456
NN,TCGA-KIRC,TCGA-B0-5712-11,TCGA-CJ-5680-11,0.0003641437844339977,0.21265543304171067,583.9875404498499,583.9875404498499
NN,TCGA-KIRC,TCGA-B0-5712-11,TCGA-CJ-5681-11,0.00048761929547659237,0.251777208324835,516.3397155536092,516.3397155536092
NN,TCGA-KIRC,TCGA-B0-5712-11,TCGA-CJ-5689-11,0.0002603047740523677,0.1166409875552846,448.09392367048537,448.09392367048537
NN,TCGA-KIRC,TCGA-B0-5712-11,TCGA-CJ-6030-11,0.000617409200152471,0.18008877440373938,291.6846304837472,291.6846304837472
NN,TCGA-KIRC,TCGA-B0-5712-11,TCGA-CJ-6033-11,0.0009837567422518382,0.08874840927865332,90.21377487640541,90.21377487640541
NN,TCGA-KIRC,TCGA-B0-5712-11,TCGA-CW-5580-11,0.0005140189746090805,0.13871377301022253,269.8611916334733,269.8611916334733
NN,TCGA-KIRC,TCGA-B0-5712-11,TCGA-CW-5581-11,0.0006848396525414699,0.17722911414328252,258.7892121689764,258.7892121689764
NN,TCGA-KIRC,TCGA-B0-5712-11,TCGA-CW-5584-11,0.0003121156898410198,0.1444240507535984,462.7260194037751,462.7260194037751
NN,TCGA-KIRC,TCGA-B0-5712-11,TCGA-CW-5585-11,0.0006566160609818568,0.1566688590336749,238.6004064527503,238.6004064527503
NN,TCGA-KIRC,TCGA-B0-5712-11,TCGA-CW-5587-11,0.0006402605414045251,0.16161123436036126,252.4147966479995,252.4147966479995
NN,TCGA-KIRC,TCGA-B0-5712-11,TCGA-CW-5589-11,0.0005257046696011745,0.18399214568646072,349.99146160532723,349.99146160532723
NN,TCGA-KIRC,TCGA-B0-5712-11,TCGA-CW-5591-11,0.0013147668840323536,0.315746926452832,240.15430437709605,240.15430437709605
NN,TCGA-KIRC,TCGA-B0-5712-11,TCGA-CW-6087-11,0.0009290822863357791,0.06038126222827135,64.99022004435137,64.99022004435137
NN,TCGA-KIRC,TCGA-B0-5712-11,TCGA-CW-6088-11,0.0007884700993764388,0.0953338494763081,120.90991091698065,120.90991091698065
NN,TCGA-KIRC,TCGA-B0-5712-11,TCGA-CW-6090-11,0.0009016990676581565,0.15924244829203682,176.60265381621454,176.60265381621454
NN,TCGA-KIRC,TCGA-B0-5712-11,TCGA-CZ-4863-11,0.000896970019722682,0.06538804486755023,72.89880757415547,72.89880757415547
NN,TCGA-KIRC,TCGA-B0-5712-11,TCGA-CZ-4864-11,0.0010384923989835305,0.18006815367507928,173.39380996079393,173.39380996079393
NN,TCGA-KIRC,TCGA-B0-5712-11,TCGA-CZ-4865-11,0.0006306476620123627,0.1412060715805472,223.90643791489887,223.90643791489887
NN,TCGA-KIRC,TCGA-B0-5712-11,TCGA-CZ-5451-11,0.0006915453424381768,0.18760817023455761,271.288314332519,271.288314332519
NN,TCGA-KIRC,TCGA-B0-5712-11,TCGA-CZ-5452-11,0.0005739702054283377,0.10294976306792206,179.36429817135468,179.36429817135468
NN,TCGA-KIRC,TCGA-B0-5712-11,TCGA-CZ-5453-11,0.0006565898483148647,0.15897481216166584,242.12194655411454,242.12194655411454
NN,TCGA-KIRC,TCGA-B0-5712-11,TCGA-CZ-5454-11,0.0004727595293294081,0.11888256186320456,251.46518364597551,251.46518364597551
NN,TCGA-KIRC,TCGA-B0-5712-11,TCGA-CZ-5455-11,0.001038477497706557,0.10424966581744632,100.38702431942747,100.38702431942747
NN,TCGA-KIRC,TCGA-B0-5712-11,TCGA-CZ-5456-11,0.0012595952380651592,0.09215350738985104,73.1612065566446,73.1612065566446
NN,TCGA-KIRC,TCGA-B0-5712-11,TCGA-CZ-5457-11,0.00089478741102509,0.08466555810834356,94.62086420208868,94.62086420208868
NN,TCGA-KIRC,TCGA-B0-5712-11,TCGA-CZ-5458-11,0.0007734068798517833,0.10223061054081668,132.1821840535066,132.1821840535066
NN,TCGA-KIRC,TCGA-B0-5712-11,TCGA-CZ-5461-11,0.0007572691806030466,0.16399735987402247,216.56415456314252,216.56415456314252
NN,TCGA-KIRC,TCGA-B0-5712-11,TCGA-CZ-5462-11,0.0009030047341951283,0.12202903803755238,135.13665368135645,135.13665368135645
NN,TCGA-KIRC,TCGA-B0-5712-11,TCGA-CZ-5463-11,0.0006498188372376002,0.14240833954061896,219.1508330937299,219.1508330937299
NN,TCGA-KIRC,TCGA-B0-5712-11,TCGA-CZ-5465-11,0.0006574176187829771,0.08697127694268922,132.29228188878167,132.29228188878167
NN,TCGA-KIRC,TCGA-B0-5712-11,TCGA-CZ-5466-11,0.0009340970307200453,0.14248693391650996,152.5397568244858,152.5397568244858
NN,TCGA-KIRC,TCGA-B0-5712-11,TCGA-CZ-5467-11,0.0011560253251805639,0.12362332977588304,106.93825393191439,106.93825393191439
NN,TCGA-KIRC,TCGA-B0-5712-11,TCGA-CZ-5468-11,0.0006416385369162641,0.13896567957023392,216.5793847702907,216.5793847702907
NN,TCGA-KIRC,TCGA-B0-5712-11,TCGA-CZ-5469-11,0.0008265581870834917,0.11575989373253333,140.05050768535943,140.05050768535943
NN,TCGA-KIRC,TCGA-B0-5712-11,TCGA-CZ-5470-11,0.0007121075365550411,0.13681177886350776,192.12235770647982,192.12235770647982
NN,TCGA-KIRC,TCGA-B0-5712-11,TCGA-CZ-5982-11,0.0009220092380068824,0.09921922676570856,107.61196599308686,107.61196599308686
NN,TCGA-KIRC,TCGA-B0-5712-11,TCGA-CZ-5984-11,0.0004577669454095737,0.14385792491033442,314.26018491051536,314.26018491051536
NN,TCGA-KIRC,TCGA-B0-5712-11,TCGA-CZ-5985-11,0.000978497087793477,0.1427911713872824,145.92907139793155,145.92907139793155
NN,TCGA-KIRC,TCGA-B0-5712-11,TCGA-CZ-5986-11,0.0006388637178227301,0.11486304419021884,179.79271789244208,179.79271789244208
NN,TCGA-KIRC,TCGA-B0-5712-11,TCGA-CZ-5987-11,0.0004102452753565401,0.14874862448547724,362.58461320779696,362.58461320779696
NN,TCGA-KIRC,TCGA-B0-5712-11,TCGA-CZ-5988-11,0.0006801625564965005,0.13198771385229568,194.0531900670348,194.0531900670348
NN,TCGA-KIRC,TCGA-B0-5712-11,TCGA-CZ-5989-11,0.0004834206888315276,0.15956335257308032,330.0714186617864,330.0714186617864
NN,TCGA-KIRC,TCGA-B0-5712-11,TCGA-KL-8324-11,0.0006908516579140821,0.18389817580317258,266.1905398887284,266.1905398887284
NN,TCGA-KIRC,TCGA-B0-5712-11,TCGA-KL-8326-11,0.0009356472605960994,0.15836866594511592,169.26108012566561,169.26108012566561
NN,TCGA-KIRC,TCGA-B0-5712-11,TCGA-KL-8329-11,0.0005656978973925367,0.19668430592918645,347.6843503144711,347.6843503144711
NN,TCGA-KIRC,TCGA-B0-5712-11,TCGA-KL-8332-11,0.003675563444849192,0.15658091758129333,42.60052096249908,42.60052096249908
NN,TCGA-KIRC,TCGA-B0-5712-11,TCGA-KL-8336-11,0.0005958169583473105,0.20742071530397851,348.12825046021925,348.12825046021925
NN,TCGA-KIRC,TCGA-B0-5712-11,TCGA-KL-8339-11,0.0019039000529788696,0.20955787341356444,110.06768610867317,110.06768610867317
NN,TCGA-KIRC,TCGA-B0-5712-11,TCGA-P4-A5E8-11,0.0016509329054861506,0.17956126079695867,108.7635119514946,108.7635119514946
NN,TCGA-KIRC,TCGA-B0-5712-11,TCGA-P4-A5ED-11,0.0006265621456229355,0.1651740888367905,263.6196425058084,263.6196425058084
NN,TCGA-KIRC,TCGA-B0-5712-11,TCGA-V5-A7RE-11,0.002417303695136881,0.22084100985452404,91.35840494465417,91.35840494465417
NN,TCGA-KIRC,TCGA-B0-5712-11,TCGA-V5-AASX-11,0.00318950532351769,0.21369963012037224,67.00086955323967,67.00086955323967
NN,TCGA-KIRC,TCGA-B2-5636-11,TCGA-B2-5641-11,0.00044524856977334,0.11193922524179055,251.40838812525502,251.40838812525502
NN,TCGA-KIRC,TCGA-B2-5636-11,TCGA-B8-4619-11,0.0011961820461697439,0.11628680095401699,97.21496934883383,97.21496934883383
NN,TCGA-KIRC,TCGA-B2-5636-11,TCGA-B8-4620-11,0.0006805809756461066,0.19415204099960176,285.2739761279462,285.2739761279462
NN,TCGA-KIRC,TCGA-B2-5636-11,TCGA-B8-4622-11,0.001301651155292295,0.14025342745103334,107.75039601108672,107.75039601108672
NN,TCGA-KIRC,TCGA-B2-5636-11,TCGA-B8-5549-11,0.0005775332862701637,0.08180154920456273,141.63954035074764,141.63954035074764
NN,TCGA-KIRC,TCGA-B2-5636-11,TCGA-B8-5552-11,0.002033936291337108,0.3527942570503362,173.4539368577811,173.4539368577811
NN,TCGA-KIRC,TCGA-B2-5636-11,TCGA-CJ-5672-11,0.0003480939723574661,0.13033652421074782,374.4291328230818,374.4291328230818
NN,TCGA-KIRC,TCGA-B2-5636-11,TCGA-CJ-5676-11,0.0002409982387310471,0.11269006924890085,467.59706561450196,467.59706561450196
NN,TCGA-KIRC,TCGA-B2-5636-11,TCGA-CJ-5677-11,0.00010427901763439441,0.11051294653545618,1059.7812392414178,1059.7812392414178
NN,TCGA-KIRC,TCGA-B2-5636-11,TCGA-CJ-5678-11,0.0004347265989116132,0.08486407306212307,195.2125158078429,195.2125158078429
NN,TCGA-KIRC,TCGA-B2-5636-11,TCGA-CJ-5679-11,0.0003096272689677901,0.10215037071638516,329.91399968396087,329.91399968396087
NN,TCGA-KIRC,TCGA-B2-5636-11,TCGA-CJ-5680-11,0.00046266862258556465,0.1481362069299652,320.177768058108,320.177768058108
NN,TCGA-KIRC,TCGA-B2-5636-11,TCGA-CJ-5681-11,0.000267148712809811,0.23997425868223346,898.2796741119856,898.2796741119856
NN,TCGA-KIRC,TCGA-B2-5636-11,TCGA-CJ-5689-11,0.00037030526102330467,0.18591291726380324,502.05313516219,502.05313516219
NN,TCGA-KIRC,TCGA-B2-5636-11,TCGA-CJ-6030-11,0.00028705029571823664,0.12103928811381237,421.6657844262329,421.6657844262329
NN,TCGA-KIRC,TCGA-B2-5636-11,TCGA-CJ-6033-11,0.000896424928815424,0.16520240804827216,184.29028771720795,184.29028771720795
NN,TCGA-KIRC,TCGA-B2-5636-11,TCGA-CW-5580-11,0.0004407532661086017,0.16984671111256988,385.3555360171049,385.3555360171049
NN,TCGA-KIRC,TCGA-B2-5636-11,TCGA-CW-5581-11,0.00021843336455534837,0.08301372462108367,380.0414134995801,380.0414134995801
NN,TCGA-KIRC,TCGA-B2-5636-11,TCGA-CW-5584-11,0.00034043437195029557,0.13894108008440076,408.1288246202313,408.1288246202313
NN,TCGA-KIRC,TCGA-B2-5636-11,TCGA-CW-5585-11,0.0003518231355356914,0.09794495283335242,278.3925869008583,278.3925869008583
NN,TCGA-KIRC,TCGA-B2-5636-11,TCGA-CW-5587-11,0.00022881834964597948,0.11894504451923142,519.8230155197756,519.8230155197756
NN,TCGA-KIRC,TCGA-B2-5636-11,TCGA-CW-5589-11,0.00020879052293067886,0.11370062434016182,544.5679370126961,544.5679370126961
NN,TCGA-KIRC,TCGA-B2-5636-11,TCGA-CW-5591-11,0.0013893571370082699,0.3271564613553932,235.47326503814972,235.47326503814972
NN,TCGA-KIRC,TCGA-B2-5636-11,TCGA-CW-6087-11,0.0005524642808036581,0.14957156386122855,270.73526571464487,270.73526571464487
NN,TCGA-KIRC,TCGA-B2-5636-11,TCGA-CW-6088-11,0.0005607864695169721,0.06223505993899685,110.97817676058126,110.97817676058126
NN,TCGA-KIRC,TCGA-B2-5636-11,TCGA-CW-6090-11,0.0002878105594232919,0.06417574432533446,222.97911672847695,222.97911672847695
NN,TCGA-KIRC,TCGA-B2-5636-11,TCGA-CZ-4863-11,0.0009682738647299498,0.13233704970343385,136.67316089373378,136.67316089373378
NN,TCGA-KIRC,TCGA-B2-5636-11,TCGA-CZ-4864-11,0.000498848036999699,0.10711028247126617,214.71525299663713,214.71525299663713
NN,TCGA-KIRC,TCGA-B2-5636-11,TCGA-CZ-4865-11,0.0006801206520788698,0.1690135810219028,248.50529167919348,248.50529167919348
NN,TCGA-KIRC,TCGA-B2-5636-11,TCGA-CZ-5451-11,0.00022155139884369885,0.1001432655918329,452.0091776196929,452.0091776196929
NN,TCGA-KIRC,TCGA-B2-5636-11,TCGA-CZ-5452-11,0.00046786208313613826,0.19221833990963158,410.84402185611606,410.84402185611606
NN,TCGA-KIRC,TCGA-B2-5636-11,TCGA-CZ-5453-11,0.000584973541236701,0.1866546330765579,319.0821805067434,319.0821805067434
NN,TCGA-KIRC,TCGA-B2-5636-11,TCGA-CZ-5454-11,0.00046792977334032186,0.19605792638329794,418.9900655043518,418.9900655043518
NN,TCGA-KIRC,TCGA-B2-5636-11,TCGA-CZ-5455-11,0.0010446687907899126,0.08863055525542174,84.84081848411007,84.84081848411007
NN,TCGA-KIRC,TCGA-B2-5636-11,TCGA-CZ-5456-11,0.001323106504674521,0.14066111288943117,106.31125490841211,106.31125490841211
NN,TCGA-KIRC,TCGA-B2-5636-11,TCGA-CZ-5457-11,0.0009361114679973211,0.11360584468662165,121.35931304171007,121.35931304171007
NN,TCGA-KIRC,TCGA-B2-5636-11,TCGA-CZ-5458-11,0.0007765830861821496,0.19578768080811643,252.11427378704707,252.11427378704707
NN,TCGA-KIRC,TCGA-B2-5636-11,TCGA-CZ-5461-11,0.0006434845965027027,0.1729101070488182,268.70900715972607,268.70900715972607
NN,TCGA-KIRC,TCGA-B2-5636-11,TCGA-CZ-5462-11,0.0007765384302651954,0.18745531389054673,241.39863087848585,241.39863087848585
NN,TCGA-KIRC,TCGA-B2-5636-11,TCGA-CZ-5463-11,0.0005060717805315227,0.14847740111852367,293.3919788267569,293.3919788267569
NN,TCGA-KIRC,TCGA-B2-5636-11,TCGA-CZ-5465-11,0.0005656505420070166,0.10047198527294875,177.62200831003966,177.62200831003966
NN,TCGA-KIRC,TCGA-B2-5636-11,TCGA-CZ-5466-11,0.0007453724218292119,0.12065304270749694,161.86947514291361,161.86947514291361
NN,TCGA-KIRC,TCGA-B2-5636-11,TCGA-CZ-5467-11,0.0011355379190136562,0.22934823206864227,201.97320426591943,201.97320426591943
NN,TCGA-KIRC,TCGA-B2-5636-11,TCGA-CZ-5468-11,0.0006901120536481812,0.13883304278296563,201.17463830553908,201.17463830553908
NN,TCGA-KIRC,TCGA-B2-5636-11,TCGA-CZ-5469-11,0.0007951841640802328,0.12883116782318876,162.01425234895638,162.01425234895638
NN,TCGA-KIRC,TCGA-B2-5636-11,TCGA-CZ-5470-11,0.0006419569901544415,0.18887110640079213,294.2114647826386,294.2114647826386
NN,TCGA-KIRC,TCGA-B2-5636-11,TCGA-CZ-5982-11,0.0003363067626490103,0.054254342635763314,161.323971627613,161.323971627613
NN,TCGA-KIRC,TCGA-B2-5636-11,TCGA-CZ-5984-11,0.00022635416688138312,0.1274623830211396,563.1103892509034,563.1103892509034
NN,TCGA-KIRC,TCGA-B2-5636-11,TCGA-CZ-5985-11,0.0004903744210511858,0.16466622855292656,335.796936960826,335.796936960826
NN,TCGA-KIRC,TCGA-B2-5636-11,TCGA-CZ-5986-11,0.00029202725575878344,0.11065234051085429,378.91100343816504,378.91100343816504
NN,TCGA-KIRC,TCGA-B2-5636-11,TCGA-CZ-5987-11,0.0005589996675124349,0.1467226414291093,262.4735754889254,262.4735754889254
NN,TCGA-KIRC,TCGA-B2-5636-11,TCGA-CZ-5988-11,0.00026952641347612863,0.08609657145899227,319.43648991054323,319.43648991054323
NN,TCGA-KIRC,TCGA-B2-5636-11,TCGA-CZ-5989-11,0.0005295119045274058,0.19683430457785323,371.72781743883485,371.72781743883485
NN,TCGA-KIRC,TCGA-B2-5636-11,TCGA-KL-8324-11,0.0005661631625146902,0.11579075509701746,204.5183487083779,204.5183487083779
NN,TCGA-KIRC,TCGA-B2-5636-11,TCGA-KL-8326-11,0.0009539169788847033,0.16762258024776408,175.72030266590323,175.72030266590323
NN,TCGA-KIRC,TCGA-B2-5636-11,TCGA-KL-8329-11,0.0004113496045151714,0.12669968862248807,308.00974944857427,308.00974944857427
NN,TCGA-KIRC,TCGA-B2-5636-11,TCGA-KL-8332-11,0.00322176182235436,0.08524554885649124,26.45929573844057,26.45929573844057
NN,TCGA-KIRC,TCGA-B2-5636-11,TCGA-KL-8336-11,0.0009722988847622435,0.2400506063631521,246.88972714583718,246.88972714583718
NN,TCGA-KIRC,TCGA-B2-5636-11,TCGA-KL-8339-11,0.0016238898165495987,0.14460269901798495,89.04711239906241,89.04711239906241
NN,TCGA-KIRC,TCGA-B2-5636-11,TCGA-P4-A5E8-11,0.0018456192299926592,0.21303923480842796,115.42967874759047,115.42967874759047
NN,TCGA-KIRC,TCGA-B2-5636-11,TCGA-P4-A5ED-11,0.0006486173979251347,0.20172822373130245,311.012662282282,311.012662282282
NN,TCGA-KIRC,TCGA-B2-5636-11,TCGA-V5-A7RE-11,0.0025576400836713666,0.26038597644599265,101.80712216248244,101.80712216248244
NN,TCGA-KIRC,TCGA-B2-5636-11,TCGA-V5-AASX-11,0.003161053739701411,0.21254387800410657,67.23829947420735,67.23829947420735
NN,TCGA-KIRC,TCGA-B2-5641-11,TCGA-B8-4619-11,0.002318132466130032,0.29336330838525343,126.55157229862881,126.55157229862881
NN,TCGA-KIRC,TCGA-B2-5641-11,TCGA-B8-4620-11,0.0010170089510999742,0.14359215859672692,141.19065367263568,141.19065367263568
NN,TCGA-KIRC,TCGA-B2-5641-11,TCGA-B8-4622-11,0.002203319097109374,0.2760429168745558,125.28503803044597,125.28503803044597
NN,TCGA-KIRC,TCGA-B2-5641-11,TCGA-B8-5549-11,0.000223226868940762,0.1575918971986272,705.9719017984685,705.9719017984685
NN,TCGA-KIRC,TCGA-B2-5641-11,TCGA-B8-5552-11,0.0017905322845360892,0.19151647789156634,106.96063932809038,106.96063932809038
NN,TCGA-KIRC,TCGA-B2-5641-11,TCGA-CJ-5672-11,0.00022974403581269194,0.1061196285894268,461.9037365389764,461.9037365389764
NN,TCGA-KIRC,TCGA-B2-5641-11,TCGA-CJ-5676-11,0.0006542699508792217,0.1342770163979108,205.23182551401987,205.23182551401987
NN,TCGA-KIRC,TCGA-B2-5641-11,TCGA-CJ-5677-11,0.0004215075180865833,0.14339208191530706,340.188669863422,340.188669863422
NN,TCGA-KIRC,TCGA-B2-5641-11,TCGA-CJ-5678-11,0.0010497104744144883,0.2715099559998098,258.65223089371733,258.65223089371733
NN,TCGA-KIRC,TCGA-B2-5641-11,TCGA-CJ-5679-11,0.0004962614807745252,0.10420844719582005,209.98697507850062,209.98697507850062
NN,TCGA-KIRC,TCGA-B2-5641-11,TCGA-CJ-5680-11,0.0005309816203788536,0.05828876817697676,109.775491165566,109.775491165566
NN,TCGA-KIRC,TCGA-B2-5641-11,TCGA-CJ-5681-11,0.0006662005115315586,0.17520924649506242,262.9977663815747,262.9977663815747
NN,TCGA-KIRC,TCGA-B2-5641-11,TCGA-CJ-5689-11,0.0004254284696291185,0.0728984903513632,171.35310764442937,171.35310764442937
NN,TCGA-KIRC,TCGA-B2-5641-11,TCGA-CJ-6030-11,0.0008240618567094609,0.16240609375246826,197.0799794095162,197.0799794095162
NN,TCGA-KIRC,TCGA-B2-5641-11,TCGA-CJ-6033-11,0.0013604975857961425,0.21770243708798934,160.01677574502506,160.01677574502506
NN,TCGA-KIRC,TCGA-B2-5641-11,TCGA-CW-5580-11,0.0003460876360497402,0.12617582112324996,364.5776617836639,364.5776617836639
NN,TCGA-KIRC,TCGA-B2-5641-11,TCGA-CW-5581-11,0.0006048794146498654,0.2127402003525818,351.7067951068007,351.7067951068007
NN,TCGA-KIRC,TCGA-B2-5641-11,TCGA-CW-5584-11,0.0006290462171906877,0.1189616343543262,189.1142989232291,189.1142989232291
NN,TCGA-KIRC,TCGA-B2-5641-11,TCGA-CW-5585-11,0.0009675872286398817,0.23849789295395304,246.48722708877094,246.48722708877094
NN,TCGA-KIRC,TCGA-B2-5641-11,TCGA-CW-5587-11,0.0006131773373445682,0.18182558783714675,296.53018264595755,296.53018264595755
NN,TCGA-KIRC,TCGA-B2-5641-11,TCGA-CW-5589-11,0.0005524056362906486,0.1251929908624953,226.63235607651353,226.63235607651353
NN,TCGA-KIRC,TCGA-B2-5641-11,TCGA-CW-5591-11,0.0017138922355810033,0.328085188720885,191.42696484045,191.42696484045
NN,TCGA-KIRC,TCGA-B2-5641-11,TCGA-CW-6087-11,0.0008041171947108746,0.20425317105942786,254.00920711920404,254.00920711920404
NN,TCGA-KIRC,TCGA-B2-5641-11,TCGA-CW-6088-11,0.00013542728655037488,0.10208658628975413,753.8110589831614,753.8110589831614
NN,TCGA-KIRC,TCGA-B2-5641-11,TCGA-CW-6090-11,0.0006182143333364849,0.2470568735794201,399.62980516168443,399.62980516168443
NN,TCGA-KIRC,TCGA-B2-5641-11,TCGA-CZ-4863-11,0.0009627906370943309,0.20266294712998306,210.495344804778,210.495344804778
NN,TCGA-KIRC,TCGA-B2-5641-11,TCGA-CZ-4864-11,0.00129618162846213,0.2464056237054781,190.1011542632563,190.1011542632563
NN,TCGA-KIRC,TCGA-B2-5641-11,TCGA-CZ-4865-11,0.0005654796464206399,0.17294924553772836,305.8452176527635,305.8452176527635
NN,TCGA-KIRC,TCGA-B2-5641-11,TCGA-CZ-5451-11,0.000765683415347814,0.19217230777795102,250.9814159820298,250.9814159820298
NN,TCGA-KIRC,TCGA-B2-5641-11,TCGA-CZ-5452-11,0.00025962723247691084,0.1579950898678357,608.5459077636878,608.5459077636878
NN,TCGA-KIRC,TCGA-B2-5641-11,TCGA-CZ-5453-11,0.00041710231011000574,0.17378329495845746,416.644287854997,416.644287854997
NN,TCGA-KIRC,TCGA-B2-5641-11,TCGA-CZ-5454-11,0.00039700044831827405,0.1544732749751056,389.10100890179564,389.10100890179564
NN,TCGA-KIRC,TCGA-B2-5641-11,TCGA-CZ-5455-11,0.0012118511762301012,0.17552287799080815,144.83864143849345,144.83864143849345
NN,TCGA-KIRC,TCGA-B2-5641-11,TCGA-CZ-5456-11,0.0015691323233739739,0.2081432453927332,132.64862516194952,132.64862516194952
NN,TCGA-KIRC,TCGA-B2-5641-11,TCGA-CZ-5457-11,0.001051129983584737,0.17554052344320586,167.00172784011792,167.00172784011792
NN,TCGA-KIRC,TCGA-B2-5641-11,TCGA-CZ-5458-11,0.0007340401868158324,0.1865995555910126,254.20890973347983,254.20890973347983
NN,TCGA-KIRC,TCGA-B2-5641-11,TCGA-CZ-5461-11,0.0008478510987435257,0.14699891689104805,173.37822302629948,173.37822302629948
NN,TCGA-KIRC,TCGA-B2-5641-11,TCGA-CZ-5462-11,0.0008397480073727016,0.20274580229101094,241.43647917109874,241.43647917109874
NN,TCGA-KIRC,TCGA-B2-5641-11,TCGA-CZ-5463-11,0.0005152665804900806,0.15267177361692053,296.29667321274997,296.29667321274997
NN,TCGA-KIRC,TCGA-B2-5641-11,TCGA-CZ-5465-11,0.0003718857594925693,0.15933781732400573,428.4590448997537,428.4590448997537
NN,TCGA-KIRC,TCGA-B2-5641-11,TCGA-CZ-5466-11,0.0014238777625961048,0.23538130132651963,165.31004803204274,165.31004803204274
NN,TCGA-KIRC,TCGA-B2-5641-11,TCGA-CZ-5467-11,0.0013600508789357616,0.2431382624177974,178.77144611534888,178.77144611534888
NN,TCGA-KIRC,TCGA-B2-5641-11,TCGA-CZ-5468-11,0.000812554293832263,0.17024114056234624,209.51355725343,209.51355725343
NN,TCGA-KIRC,TCGA-B2-5641-11,TCGA-CZ-5469-11,0.0008139553596745825,0.17729698668703892,217.8215114375828,217.8215114375828
NN,TCGA-KIRC,TCGA-B2-5641-11,TCGA-CZ-5470-11,0.0006944293432095433,0.20820533289945178,299.822199242272,299.822199242272
NN,TCGA-KIRC,TCGA-B2-5641-11,TCGA-CZ-5982-11,0.0009047216970804079,0.2862860651319109,316.43550282454095,316.43550282454095
NN,TCGA-KIRC,TCGA-B2-5641-11,TCGA-CZ-5984-11,0.0005598990301759587,0.16794274104289386,299.9518341550167,299.9518341550167
NN,TCGA-KIRC,TCGA-B2-5641-11,TCGA-CZ-5985-11,0.00104438683510584,0.2839637281927534,271.8951624509668,271.8951624509668
NN,TCGA-KIRC,TCGA-B2-5641-11,TCGA-CZ-5986-11,0.0004204202828358101,0.17200187984306037,409.11889094140963,409.11889094140963
NN,TCGA-KIRC,TCGA-B2-5641-11,TCGA-CZ-5987-11,0.0006908053679108885,0.10137074907689994,146.7428508603836,146.7428508603836
NN,TCGA-KIRC,TCGA-B2-5641-11,TCGA-CZ-5988-11,0.0007045757981807735,0.2279734642951197,323.56130438165917,323.56130438165917
NN,TCGA-KIRC,TCGA-B2-5641-11,TCGA-CZ-5989-11,0.00021986012983246954,0.12814704500044793,582.8571332969477,582.8571332969477
NN,TCGA-KIRC,TCGA-B2-5641-11,TCGA-KL-8324-11,0.0010256865703937887,0.06294393582475921,61.367612330727255,61.367612330727255
NN,TCGA-KIRC,TCGA-B2-5641-11,TCGA-KL-8326-11,0.0015402342241122998,0.1741371365993635,113.05886719906245,113.05886719906245
NN,TCGA-KIRC,TCGA-B2-5641-11,TCGA-KL-8329-11,0.0009052608495723585,0.13280651385751135,146.70524404126016,146.70524404126016
NN,TCGA-KIRC,TCGA-B2-5641-11,TCGA-KL-8332-11,0.004682202756148698,0.3138127456138087,67.02245971764204,67.02245971764204
NN,TCGA-KIRC,TCGA-B2-5641-11,TCGA-KL-8336-11,0.0012304832603098992,0.11014744418052143,89.5155974350928,89.5155974350928
NN,TCGA-KIRC,TCGA-B2-5641-11,TCGA-KL-8339-11,0.0025606478422272663,0.22405269345187218,87.49844072935458,87.49844072935458
NN,TCGA-KIRC,TCGA-B2-5641-11,TCGA-P4-A5E8-11,0.0022815927901012056,0.21245046243477914,93.11497799103554,93.11497799103554
NN,TCGA-KIRC,TCGA-B2-5641-11,TCGA-P4-A5ED-11,0.0006117052511942319,0.15573925543775016,254.59852622435474,254.59852622435474
NN,TCGA-KIRC,TCGA-B2-5641-11,TCGA-V5-A7RE-11,0.0024104079753661206,0.368284407192983,152.78924188634238,152.78924188634238
NN,TCGA-KIRC,TCGA-B2-5641-11,TCGA-V5-AASX-11,0.0027191806435869987,0.36575189482658366,134.5081268098846,134.5081268098846
NN,TCGA-KIRC,TCGA-B8-4619-11,TCGA-B8-4620-11,0.0011452028223114935,0.15436468136839587,134.7924388247874,134.7924388247874
NN,TCGA-KIRC,TCGA-B8-4619-11,TCGA-B8-4622-11,0.0005441883679557483,0.1350269012148681,248.12529845519975,248.12529845519975
NN,TCGA-KIRC,TCGA-B8-4619-11,TCGA-B8-5549-11,0.002383612423893032,0.2620096832218309,109.921260938011,109.921260938011
NN,TCGA-KIRC,TCGA-B8-4619-11,TCGA-B8-5552-11,0.0037395879434584493,0.40380395381472917,107.98086845934229,107.98086845934229
NN,TCGA-KIRC,TCGA-B8-4619-11,TCGA-CJ-5672-11,0.0016860846210707378,0.2528722110178747,149.9759904442339,149.9759904442339
NN,TCGA-KIRC,TCGA-B8-4619-11,TCGA-CJ-5676-11,0.0010595894999200486,0.10584319195333833,99.89075199530076,99.89075199530076
NN,TCGA-KIRC,TCGA-B8-4619-11,TCGA-CJ-5677-11,0.0012698590540281577,0.17757752783819036,139.8403447019505,139.8403447019505
NN,TCGA-KIRC,TCGA-B8-4619-11,TCGA-CJ-5678-11,0.0007479357212334523,0.14755207111075874,197.27908016938193,197.27908016938193
NN,TCGA-KIRC,TCGA-B8-4619-11,TCGA-CJ-5679-11,0.0013724820739611971,0.07739296165412077,56.389050991939456,56.389050991939456
NN,TCGA-KIRC,TCGA-B8-4619-11,TCGA-CJ-5680-11,0.002005754953762903,0.19418675189674672,96.81479361795519,96.81479361795519
NN,TCGA-KIRC,TCGA-B8-4619-11,TCGA-CJ-5681-11,0.0010134078458471068,0.2592147323226308,255.785203740902,255.785203740902
NN,TCGA-KIRC,TCGA-B8-4619-11,TCGA-CJ-5689-11,0.0015032164599801672,0.1784294765386259,118.69845846484412,118.69845846484412
NN,TCGA-KIRC,TCGA-B8-4619-11,TCGA-CJ-6030-11,0.000722347692790641,0.09665037716812315,133.80035422378717,133.80035422378717
NN,TCGA-KIRC,TCGA-B8-4619-11,TCGA-CJ-6033-11,0.0010759180132425058,0.18565166557377694,172.5518703923141,172.5518703923141
NN,TCGA-KIRC,TCGA-B8-4619-11,TCGA-CW-5580-11,0.0016736575012045517,0.1666621167756941,99.57958343074694,99.57958343074694
NN,TCGA-KIRC,TCGA-B8-4619-11,TCGA-CW-5581-11,0.0011774741425231452,0.21175369048953113,179.8372319546446,179.8372319546446
NN,TCGA-KIRC,TCGA-B8-4619-11,TCGA-CW-5584-11,0.0013880629924617114,0.07116484328686148,51.26917414652168,51.26917414652168
NN,TCGA-KIRC,TCGA-B8-4619-11,TCGA-CW-5585-11,0.0006816565088217998,0.1949063700086754,285.9304759600385,285.9304759600385
NN,TCGA-KIRC,TCGA-B8-4619-11,TCGA-CW-5587-11,0.0010712617582503805,0.1902002602123754,177.54788570350598,177.54788570350598
NN,TCGA-KIRC,TCGA-B8-4619-11,TCGA-CW-5589-11,0.001107932288785894,0.1396633207711473,126.05763202749026,126.05763202749026
NN,TCGA-KIRC,TCGA-B8-4619-11,TCGA-CW-5591-11,0.0024005705217976124,0.28779513376410737,119.8861400449917,119.8861400449917
NN,TCGA-KIRC,TCGA-B8-4619-11,TCGA-CW-6087-11,0.0011066800921067368,0.21978366608060076,198.59728899813183,198.59728899813183
NN,TCGA-KIRC,TCGA-B8-4619-11,TCGA-CW-6088-11,0.0023979585129803092,0.2103815801320844,87.73361965741897,87.73361965741897
NN,TCGA-KIRC,TCGA-B8-4619-11,TCGA-CW-6090-11,0.0015700527637854008,0.19072245231681367,121.47518651346557,121.47518651346557
NN,TCGA-KIRC,TCGA-B8-4619-11,TCGA-CZ-4863-11,0.001725236363273592,0.27196312423956914,157.6381822392881,157.6381822392881
NN,TCGA-KIRC,TCGA-B8-4619-11,TCGA-CZ-4864-11,0.0005855562004038118,0.13506558474237867,230.6620349152389,230.6620349152389
NN,TCGA-KIRC,TCGA-B8-4619-11,TCGA-CZ-4865-11,0.0016464743060400156,0.3357946574338809,203.94770583545312,203.94770583545312
NN,TCGA-KIRC,TCGA-B8-4619-11,TCGA-CZ-5451-11,0.0008030059362746467,0.12650461739962932,157.53883213680479,157.53883213680479
NN,TCGA-KIRC,TCGA-B8-4619-11,TCGA-CZ-5452-11,0.0017240164799030054,0.27266282261385577,158.15557785688685,158.15557785688685
NN,TCGA-KIRC,TCGA-B8-4619-11,TCGA-CZ-5453-11,0.0016354229003611722,0.2743863961501864,167.77702947023062,167.77702947023062
NN,TCGA-KIRC,TCGA-B8-4619-11,TCGA-CZ-5454-11,0.0016229643830320507,0.29767946519914007,183.4171275176169,183.4171275176169
NN,TCGA-KIRC,TCGA-B8-4619-11,TCGA-CZ-5455-11,0.0010934898389687467,0.23352389109652183,213.5583548876454,213.5583548876454
NN,TCGA-KIRC,TCGA-B8-4619-11,TCGA-CZ-5456-11,0.0013245931099810783,0.2039860338195149,153.999014703035,153.999014703035
NN,TCGA-KIRC,TCGA-B8-4619-11,TCGA-CZ-5457-11,0.001352414749427235,0.2588628329361947,191.40787472617143,191.40787472617143
NN,TCGA-KIRC,TCGA-B8-4619-11,TCGA-CZ-5458-11,0.00149829059370683,0.2582289565454071,172.34904739443002,172.34904739443002
NN,TCGA-KIRC,TCGA-B8-4619-11,TCGA-CZ-5461-11,0.0013279057261842732,0.20998911226150035,158.13555745775903,158.13555745775903
NN,TCGA-KIRC,TCGA-B8-4619-11,TCGA-CZ-5462-11,0.0012209425988390127,0.2696593065216802,220.8615759480402,220.8615759480402
NN,TCGA-KIRC,TCGA-B8-4619-11,TCGA-CZ-5463-11,0.0015032462112585317,0.21787736333434748,144.9379095071449,144.9379095071449
NN,TCGA-KIRC,TCGA-B8-4619-11,TCGA-CZ-5465-11,0.0018019142552785673,0.2257574325395983,125.28755565269518,125.28755565269518
NN,TCGA-KIRC,TCGA-B8-4619-11,TCGA-CZ-5466-11,0.0008677583163203494,0.129984045026798,149.79291189969067,149.79291189969067
NN,TCGA-KIRC,TCGA-B8-4619-11,TCGA-CZ-5467-11,0.0013516869108718466,0.29207590346800943,216.08251224362203,216.08251224362203
NN,TCGA-KIRC,TCGA-B8-4619-11,TCGA-CZ-5468-11,0.0012562700799995706,0.29042546825765375,231.18075713285555,231.18075713285555
NN,TCGA-KIRC,TCGA-B8-4619-11,TCGA-CZ-5469-11,0.0015983098444113963,0.2554410499301795,159.81948107455338,159.81948107455338
NN,TCGA-KIRC,TCGA-B8-4619-11,TCGA-CZ-5470-11,0.001180362515588489,0.28904765203688326,244.88040599355517,244.88040599355517
NN,TCGA-KIRC,TCGA-B8-4619-11,TCGA-CZ-5982-11,0.0009915434443584202,0.0878473181620397,88.59653972991718,88.59653972991718
NN,TCGA-KIRC,TCGA-B8-4619-11,TCGA-CZ-5984-11,0.0011250693941561416,0.16033348399083824,142.50986190153753,142.50986190153753
NN,TCGA-KIRC,TCGA-B8-4619-11,TCGA-CZ-5985-11,0.0011988857618354873,0.13800552441970165,115.11148836100612,115.11148836100612
NN,TCGA-KIRC,TCGA-B8-4619-11,TCGA-CZ-5986-11,0.0014602853463863289,0.20580520582725373,140.93492503814147,140.93492503814147
NN,TCGA-KIRC,TCGA-B8-4619-11,TCGA-CZ-5987-11,0.001944623448614751,0.07599295697305491,39.07849461919651,39.07849461919651
NN,TCGA-KIRC,TCGA-B8-4619-11,TCGA-CZ-5988-11,0.001076887516257008,0.16043220850436296,148.97768437504527,148.97768437504527
NN,TCGA-KIRC,TCGA-B8-4619-11,TCGA-CZ-5989-11,0.0022633975788822237,0.33215068515337354,146.74871452208842,146.74871452208842
NN,TCGA-KIRC,TCGA-B8-4619-11,TCGA-KL-8324-11,0.0009027477539075313,0.06499636354775183,71.99836639461684,71.99836639461684
NN,TCGA-KIRC,TCGA-B8-4619-11,TCGA-KL-8326-11,0.0009583194334416099,0.18919839094302268,197.42727147205503,197.42727147205503
NN,TCGA-KIRC,TCGA-B8-4619-11,TCGA-KL-8329-11,0.0009435547700677857,0.07645567975653711,81.02940304254355,81.02940304254355
NN,TCGA-KIRC,TCGA-B8-4619-11,TCGA-KL-8332-11,0.000839512853706049,0.17843519493093304,212.5461142652274,212.5461142652274
NN,TCGA-KIRC,TCGA-B8-4619-11,TCGA-KL-8336-11,0.0018859317231963938,0.22484029795590543,119.21974437909776,119.21974437909776
NN,TCGA-KIRC,TCGA-B8-4619-11,TCGA-KL-8339-11,0.0004576598599782165,0.20972980469348346,458.2656750877521,458.2656750877521
NN,TCGA-KIRC,TCGA-B8-4619-11,TCGA-P4-A5E8-11,0.0019714519259994047,0.2885142173395505,146.3460577124099,146.3460577124099
NN,TCGA-KIRC,TCGA-B8-4619-11,TCGA-P4-A5ED-11,0.0015666596411449472,0.2966668374468351,189.36266030956463,189.36266030956463
NN,TCGA-KIRC,TCGA-B8-4619-11,TCGA-V5-A7RE-11,0.004731537133101749,0.38907979950607247,82.23116263509318,82.23116263509318
NN,TCGA-KIRC,TCGA-B8-4619-11,TCGA-V5-AASX-11,0.00589621695566083,0.35160356356920247,59.63206005023874,59.63206005023874
NN,TCGA-KIRC,TCGA-B8-4620-11,TCGA-B8-4622-11,0.0009462494209005314,0.11931173188417221,126.08909368803104,126.08909368803104
NN,TCGA-KIRC,TCGA-B8-4620-11,TCGA-B8-5549-11,0.0010321452105454872,0.12515506409403554,121.25722506418576,121.25722506418576
NN,TCGA-KIRC,TCGA-B8-4620-11,TCGA-B8-5552-11,0.0017826318251794523,0.28459703182426216,159.64992198858147,159.64992198858147
NN,TCGA-KIRC,TCGA-B8-4620-11,TCGA-CJ-5672-11,0.0006863135693330043,0.13820375567200302,201.37115430533703,201.37115430533703
NN,TCGA-KIRC,TCGA-B8-4620-11,TCGA-CJ-5676-11,0.00045624466134847877,0.1545134187263074,338.6635106471752,338.6635106471752
NN,TCGA-KIRC,TCGA-B8-4620-11,TCGA-CJ-5677-11,0.000682334365211513,0.1516573901977154,222.26257085952864,222.26257085952864
NN,TCGA-KIRC,TCGA-B8-4620-11,TCGA-CJ-5678-11,0.0006557435806665555,0.09404049013321812,143.41046242134325,143.41046242134325
NN,TCGA-KIRC,TCGA-B8-4620-11,TCGA-CJ-5679-11,0.00035822790493967357,0.1483427252284107,414.10153475729913,414.10153475729913
NN,TCGA-KIRC,TCGA-B8-4620-11,TCGA-CJ-5680-11,0.0005836883547065664,0.2102792302859389,360.25942369820126,360.25942369820126
NN,TCGA-KIRC,TCGA-B8-4620-11,TCGA-CJ-5681-11,0.000582869077133512,0.2509540156827364,430.54954453391406,430.54954453391406
NN,TCGA-KIRC,TCGA-B8-4620-11,TCGA-CJ-5689-11,0.0004361596555177954,0.1521250753746511,348.7830051453357,348.7830051453357
NN,TCGA-KIRC,TCGA-B8-4620-11,TCGA-CJ-6030-11,0.0006245143526972775,0.1660004665940852,265.80728829870634,265.80728829870634
NN,TCGA-KIRC,TCGA-B8-4620-11,TCGA-CJ-6033-11,0.0009693910605442187,0.12296178171890548,126.84435283514416,126.84435283514416
NN,TCGA-KIRC,TCGA-B8-4620-11,TCGA-CW-5580-11,0.0006556515880863374,0.18328644734704727,279.5485448025969,279.5485448025969
NN,TCGA-KIRC,TCGA-B8-4620-11,TCGA-CW-5581-11,0.0007372287551446164,0.16735821154960434,227.00988042276646,227.00988042276646
NN,TCGA-KIRC,TCGA-B8-4620-11,TCGA-CW-5584-11,0.0005238523061870875,0.15717665233578654,300.0400121931558,300.0400121931558
NN,TCGA-KIRC,TCGA-B8-4620-11,TCGA-CW-5585-11,0.0006067425946658259,0.1406176624532438,231.7583497342748,231.7583497342748
NN,TCGA-KIRC,TCGA-B8-4620-11,TCGA-CW-5587-11,0.0007866791459201453,0.15170482258975457,192.84205431975937,192.84205431975937
NN,TCGA-KIRC,TCGA-B8-4620-11,TCGA-CW-5589-11,0.000582462610139748,0.19695925393112804,338.1491798827608,338.1491798827608
NN,TCGA-KIRC,TCGA-B8-4620-11,TCGA-CW-5591-11,0.0013539639842179458,0.308289503613177,227.69402082083155,227.69402082083155
NN,TCGA-KIRC,TCGA-B8-4620-11,TCGA-CW-6087-11,0.0009412670582396785,0.09321236356168269,99.02860484250334,99.02860484250334
NN,TCGA-KIRC,TCGA-B8-4620-11,TCGA-CW-6088-11,0.0011908515566290546,0.09668091573899135,81.1863705436689,81.1863705436689
NN,TCGA-KIRC,TCGA-B8-4620-11,TCGA-CW-6090-11,0.0011681945297187246,0.12771371956384886,109.32572984620934,109.32572984620934
NN,TCGA-KIRC,TCGA-B8-4620-11,TCGA-CZ-4863-11,0.0007574155157064387,0.09045946944043379,119.43176178014068,119.43176178014068
NN,TCGA-KIRC,TCGA-B8-4620-11,TCGA-CZ-4864-11,0.0008095738260618693,0.14881532438318193,183.81933752365305,183.81933752365305
NN,TCGA-KIRC,TCGA-B8-4620-11,TCGA-CZ-4865-11,0.0005879881663084222,0.15927257579572204,270.8771790352282,270.8771790352282
NN,TCGA-KIRC,TCGA-B8-4620-11,TCGA-CZ-5451-11,0.0006832943058089826,0.18005368246085396,263.5082437101248,263.5082437101248
NN,TCGA-KIRC,TCGA-B8-4620-11,TCGA-CZ-5452-11,0.0006822234851241385,0.1555141690765705,227.95194312062256,227.95194312062256
NN,TCGA-KIRC,TCGA-B8-4620-11,TCGA-CZ-5453-11,0.0006350030546080408,0.20969498436488565,330.22673330968627,330.22673330968627
NN,TCGA-KIRC,TCGA-B8-4620-11,TCGA-CZ-5454-11,0.0005523636717441611,0.16587307223778783,300.29685282165957,300.29685282165957
NN,TCGA-KIRC,TCGA-B8-4620-11,TCGA-CZ-5455-11,0.0007802017350487108,0.11593602101594189,148.59749191496425,148.59749191496425
NN,TCGA-KIRC,TCGA-B8-4620-11,TCGA-CZ-5456-11,0.00104368719269969,0.11205430547268974,107.36387900175393,107.36387900175393
NN,TCGA-KIRC,TCGA-B8-4620-11,TCGA-CZ-5457-11,0.0007718497272443315,0.11175225540774833,144.78499047570796,144.78499047570796
NN,TCGA-KIRC,TCGA-B8-4620-11,TCGA-CZ-5458-11,0.000655810372575153,0.08467885706941453,129.12094808276413,129.12094808276413
NN,TCGA-KIRC,TCGA-B8-4620-11,TCGA-CZ-5461-11,0.0006785448306398104,0.17150326824132586,252.75156555184833,252.75156555184833
NN,TCGA-KIRC,TCGA-B8-4620-11,TCGA-CZ-5462-11,0.000743875361735701,0.1890797425617498,254.18202065540362,254.18202065540362
NN,TCGA-KIRC,TCGA-B8-4620-11,TCGA-CZ-5463-11,0.0006443023406342431,0.1748302590130652,271.3481668264072,271.3481668264072
NN,TCGA-KIRC,TCGA-B8-4620-11,TCGA-CZ-5465-11,0.0007070428200805323,0.10445215329387542,147.73101476651485,147.73101476651485
NN,TCGA-KIRC,TCGA-B8-4620-11,TCGA-CZ-5466-11,0.000680663478204079,0.1411577944782081,207.38264795791738,207.38264795791738
NN,TCGA-KIRC,TCGA-B8-4620-11,TCGA-CZ-5467-11,0.0008125131606622571,0.11642669746343284,143.29207587054546,143.29207587054546
NN,TCGA-KIRC,TCGA-B8-4620-11,TCGA-CZ-5468-11,0.0004993818460394155,0.1315327641816662,263.39116094197084,263.39116094197084
NN,TCGA-KIRC,TCGA-B8-4620-11,TCGA-CZ-5469-11,0.0007350621135022285,0.10213726677248738,138.95052526357384,138.95052526357384
NN,TCGA-KIRC,TCGA-B8-4620-11,TCGA-CZ-5470-11,0.0006599679033328116,0.1758930451083763,266.5175749004208,266.5175749004208
NN,TCGA-KIRC,TCGA-B8-4620-11,TCGA-CZ-5982-11,0.0010021511798663787,0.07104449586440012,70.8919944332878,70.8919944332878
NN,TCGA-KIRC,TCGA-B8-4620-11,TCGA-CZ-5984-11,0.00048069292160364703,0.11738406194630843,244.19760864108767,244.19760864108767
NN,TCGA-KIRC,TCGA-B8-4620-11,TCGA-CZ-5985-11,0.0011004158670460356,0.06989395467612669,63.51594589757283,63.51594589757283
NN,TCGA-KIRC,TCGA-B8-4620-11,TCGA-CZ-5986-11,0.0008806850556226607,0.12013719993172314,136.4133513617804,136.4133513617804
NN,TCGA-KIRC,TCGA-B8-4620-11,TCGA-CZ-5987-11,0.0005659895923794866,0.15430738401238947,272.6329001274796,272.6329001274796
NN,TCGA-KIRC,TCGA-B8-4620-11,TCGA-CZ-5988-11,0.0006884486428822857,0.11876604534496393,172.512570941724,172.512570941724
NN,TCGA-KIRC,TCGA-B8-4620-11,TCGA-CZ-5989-11,0.0007611944603464645,0.22209572549812895,291.77265083752724,291.77265083752724
NN,TCGA-KIRC,TCGA-B8-4620-11,TCGA-KL-8324-11,0.0006605205651156151,0.18164618203567665,275.0045821872056,275.0045821872056
NN,TCGA-KIRC,TCGA-B8-4620-11,TCGA-KL-8326-11,0.0008257749550969744,0.18099933805277868,219.18724579328412,219.18724579328412
NN,TCGA-KIRC,TCGA-B8-4620-11,TCGA-KL-8329-11,0.0005208670254869663,0.1612305368258702,309.5426067241123,309.5426067241123
NN,TCGA-KIRC,TCGA-B8-4620-11,TCGA-KL-8332-11,0.0027102159412820855,0.14501294151715277,53.50604699364046,53.50604699364046
NN,TCGA-KIRC,TCGA-B8-4620-11,TCGA-KL-8336-11,0.0006877036968254695,0.19584984024484708,284.7881160867909,284.7881160867909
NN,TCGA-KIRC,TCGA-B8-4620-11,TCGA-KL-8339-11,0.0013027683874121305,0.18692082365450757,143.4797048044851,143.4797048044851
NN,TCGA-KIRC,TCGA-B8-4620-11,TCGA-P4-A5E8-11,0.0017646675085636484,0.21204513752204687,120.1615241925325,120.1615241925325
NN,TCGA-KIRC,TCGA-B8-4620-11,TCGA-P4-A5ED-11,0.0007688330613995157,0.18830727674740244,244.9260915036933,244.9260915036933
NN,TCGA-KIRC,TCGA-B8-4620-11,TCGA-V5-A7RE-11,0.0028544763597130123,0.21919101303193317,76.78851929744849,76.78851929744849
NN,TCGA-KIRC,TCGA-B8-4620-11,TCGA-V5-AASX-11,0.003837026135874037,0.17061362500467306,44.46506720648358,44.46506720648358
NN,TCGA-KIRC,TCGA-B8-4622-11,TCGA-B8-5549-11,0.0022334196250827845,0.20309578811670045,90.93489903813864,90.93489903813864
NN,TCGA-KIRC,TCGA-B8-4622-11,TCGA-B8-5552-11,0.002603499000010643,0.36035185804839676,138.41059975322582,138.41059975322582
NN,TCGA-KIRC,TCGA-B8-4622-11,TCGA-CJ-5672-11,0.0016451810664371333,0.25915175412040914,157.52172171640538,157.52172171640538
NN,TCGA-KIRC,TCGA-B8-4622-11,TCGA-CJ-5676-11,0.0009899864587318457,0.10752246303081779,108.61003408930671,108.61003408930671
NN,TCGA-KIRC,TCGA-B8-4622-11,TCGA-CJ-5677-11,0.001357617857076496,0.2171678203142725,159.96240708112316,159.96240708112316
NN,TCGA-KIRC,TCGA-B8-4622-11,TCGA-CJ-5678-11,0.00064484716843538,0.12622250368296525,195.74018443660728,195.74018443660728
NN,TCGA-KIRC,TCGA-B8-4622-11,TCGA-CJ-5679-11,0.0012857356105896083,0.1211899522503255,94.25728839753504,94.25728839753504
NN,TCGA-KIRC,TCGA-B8-4622-11,TCGA-CJ-5680-11,0.0019814911106062127,0.2194356909261017,110.74270772729739,110.74270772729739
NN,TCGA-KIRC,TCGA-B8-4622-11,TCGA-CJ-5681-11,0.001175301547498756,0.2884044378245285,245.38761004637726,245.38761004637726
NN,TCGA-KIRC,TCGA-B8-4622-11,TCGA-CJ-5689-11,0.0014016263854309497,0.16410363479468126,117.08086869684983,117.08086869684983
NN,TCGA-KIRC,TCGA-B8-4622-11,TCGA-CJ-6030-11,0.0009125831211196284,0.15211850840784136,166.69003062560532,166.69003062560532
NN,TCGA-KIRC,TCGA-B8-4622-11,TCGA-CJ-6033-11,0.001677012329431087,0.2258660385544539,134.68358854050712,134.68358854050712
NN,TCGA-KIRC,TCGA-B8-4622-11,TCGA-CW-5580-11,0.0018440246241745643,0.2125642532515923,115.27191690660956,115.27191690660956
NN,TCGA-KIRC,TCGA-B8-4622-11,TCGA-CW-5581-11,0.0013796111776957587,0.19583401499500475,141.9487013160395,141.9487013160395
NN,TCGA-KIRC,TCGA-B8-4622-11,TCGA-CW-5584-11,0.0013891029217277372,0.09068507314226501,65.2831922846097,65.2831922846097
NN,TCGA-KIRC,TCGA-B8-4622-11,TCGA-CW-5585-11,0.0008505023590016211,0.17260034934511176,202.9392952510115,202.9392952510115
NN,TCGA-KIRC,TCGA-B8-4622-11,TCGA-CW-5587-11,0.0010623999407656907,0.1999329398259334,188.18990114197308,188.18990114197308
NN,TCGA-KIRC,TCGA-B8-4622-11,TCGA-CW-5589-11,0.0012195620138269266,0.1985316143816604,162.78927363330857,162.78927363330857
NN,TCGA-KIRC,TCGA-B8-4622-11,TCGA-CW-5591-11,0.0021941040434406032,0.32043349014081296,146.04297872690532,146.04297872690532
NN,TCGA-KIRC,TCGA-B8-4622-11,TCGA-CW-6087-11,0.0011833910081934795,0.20003910183424778,169.0388894703704,169.0388894703704
NN,TCGA-KIRC,TCGA-B8-4622-11,TCGA-CW-6088-11,0.002171665989627153,0.18849638825843232,86.79805695662928,86.79805695662928
NN,TCGA-KIRC,TCGA-B8-4622-11,TCGA-CW-6090-11,0.0014439445544141998,0.21506212084055293,148.94070564073868,148.94070564073868
NN,TCGA-KIRC,TCGA-B8-4622-11,TCGA-CZ-4863-11,0.00123339653064179,0.13075135976894958,106.0091840058233,106.0091840058233
NN,TCGA-KIRC,TCGA-B8-4622-11,TCGA-CZ-4864-11,0.0007512441656335233,0.1368192725585335,182.12357422190956,182.12357422190956
NN,TCGA-KIRC,TCGA-B8-4622-11,TCGA-CZ-4865-11,0.0013985020836155754,0.27033451255379404,193.30290295663545,193.30290295663545
NN,TCGA-KIRC,TCGA-B8-4622-11,TCGA-CZ-5451-11,0.0010232187770024127,0.18000030548069787,175.91575675342932,175.91575675342932
NN,TCGA-KIRC,TCGA-B8-4622-11,TCGA-CZ-5452-11,0.0016758045239142396,0.23194929501833156,138.4107106218802,138.4107106218802
NN,TCGA-KIRC,TCGA-B8-4622-11,TCGA-CZ-5453-11,0.0013706486949643254,0.2656833767587442,193.8376899455329,193.8376899455329
NN,TCGA-KIRC,TCGA-B8-4622-11,TCGA-CZ-5454-11,0.001629867232617793,0.29298529533461853,179.7602218580979,179.7602218580979
NN,TCGA-KIRC,TCGA-B8-4622-11,TCGA-CZ-5455-11,0.0009436450574236213,0.13389684371173097,141.89322845318733,141.89322845318733
NN,TCGA-KIRC,TCGA-B8-4622-11,TCGA-CZ-5456-11,0.0017284714884981413,0.13813759120586522,79.91892960056411,79.91892960056411
NN,TCGA-KIRC,TCGA-B8-4622-11,TCGA-CZ-5457-11,0.0015126852796502003,0.17814786370023716,117.76928492451042,117.76928492451042
NN,TCGA-KIRC,TCGA-B8-4622-11,TCGA-CZ-5458-11,0.001482886889645364,0.1607245710166764,108.3862647508564,108.3862647508564
NN,TCGA-KIRC,TCGA-B8-4622-11,TCGA-CZ-5461-11,0.0010086588546805357,0.23112657124693853,229.14245998478975,229.14245998478975
NN,TCGA-KIRC,TCGA-B8-4622-11,TCGA-CZ-5462-11,0.000987092293398729,0.2427963802162675,245.97130566208523,245.97130566208523
NN,TCGA-KIRC,TCGA-B8-4622-11,TCGA-CZ-5463-11,0.001358297519027296,0.23975919769189524,176.51449283629083,176.51449283629083
NN,TCGA-KIRC,TCGA-B8-4622-11,TCGA-CZ-5465-11,0.0014875856294785219,0.18161121253856727,122.08454353127335,122.08454353127335
NN,TCGA-KIRC,TCGA-B8-4622-11,TCGA-CZ-5466-11,0.0005213271670099993,0.11803912795774496,226.42044272264238,226.42044272264238
NN,TCGA-KIRC,TCGA-B8-4622-11,TCGA-CZ-5467-11,0.0014538750391657192,0.24544605039015768,168.82197147493682,168.82197147493682
NN,TCGA-KIRC,TCGA-B8-4622-11,TCGA-CZ-5468-11,0.0013436702508694272,0.2330238952306124,173.42342370074306,173.42342370074306
NN,TCGA-KIRC,TCGA-B8-4622-11,TCGA-CZ-5469-11,0.0016165851022815335,0.1604505254858992,99.25275524279589,99.25275524279589
NN,TCGA-KIRC,TCGA-B8-4622-11,TCGA-CZ-5470-11,0.0009638773184348413,0.2539078935890276,263.42345517718695,263.42345517718695
NN,TCGA-KIRC,TCGA-B8-4622-11,TCGA-CZ-5982-11,0.0010802891004278623,0.06670286261962968,61.7453814846518,61.7453814846518
NN,TCGA-KIRC,TCGA-B8-4622-11,TCGA-CZ-5984-11,0.0011578144284632719,0.19905174497391537,171.92024911808195,171.92024911808195
NN,TCGA-KIRC,TCGA-B8-4622-11,TCGA-CZ-5985-11,0.0010491263704849882,0.07411532975060658,70.64480679896045,70.64480679896045
NN,TCGA-KIRC,TCGA-B8-4622-11,TCGA-CZ-5986-11,0.0013666061083743653,0.23983519969274703,175.49694694255462,175.49694694255462
NN,TCGA-KIRC,TCGA-B8-4622-11,TCGA-CZ-5987-11,0.001459562390308704,0.0916608959799852,62.800258891706925,62.800258891706925
NN,TCGA-KIRC,TCGA-B8-4622-11,TCGA-CZ-5988-11,0.0011331210048009558,0.17165320127379513,151.48708791604102,151.48708791604102
NN,TCGA-KIRC,TCGA-B8-4622-11,TCGA-CZ-5989-11,0.002098484150105436,0.31469819796219994,149.96453413593247,149.96453413593247
NN,TCGA-KIRC,TCGA-B8-4622-11,TCGA-KL-8324-11,0.0014284656815292396,0.10944111493224046,76.61445167872608,76.61445167872608
NN,TCGA-KIRC,TCGA-B8-4622-11,TCGA-KL-8326-11,0.0016657182784676483,0.23611452454807114,141.7493747894038,141.7493747894038
NN,TCGA-KIRC,TCGA-B8-4622-11,TCGA-KL-8329-11,0.0012703273495347314,0.11951762377871532,94.08411447843716,94.08411447843716
NN,TCGA-KIRC,TCGA-B8-4622-11,TCGA-KL-8332-11,0.001761934845999348,0.1259435195036971,71.48023650798703,71.48023650798703
NN,TCGA-KIRC,TCGA-B8-4622-11,TCGA-KL-8336-11,0.0021983789961790338,0.23908532283454725,108.75527979938741,108.75527979938741
NN,TCGA-KIRC,TCGA-B8-4622-11,TCGA-KL-8339-11,0.0011492733759359414,0.2270493297607787,197.55902687284916,197.55902687284916
NN,TCGA-KIRC,TCGA-B8-4622-11,TCGA-P4-A5E8-11,0.002941277921538665,0.28942112878144094,98.399789649948,98.399789649948
NN,TCGA-KIRC,TCGA-B8-4622-11,TCGA-P4-A5ED-11,0.001981940946044394,0.30677766135372286,154.78647936811498,154.78647936811498
NN,TCGA-KIRC,TCGA-B8-4622-11,TCGA-V5-A7RE-11,0.0047708908558478265,0.3687329105147357,77.28806247218348,77.28806247218348
NN,TCGA-KIRC,TCGA-B8-4622-11,TCGA-V5-AASX-11,0.005592574205391903,0.3044311916056918,54.43489534965565,54.43489534965565
NN,TCGA-KIRC,TCGA-B8-5549-11,TCGA-B8-5552-11,0.0017945102359689558,0.18722114040689,104.32993730225166,104.32993730225166
NN,TCGA-KIRC,TCGA-B8-5549-11,TCGA-CJ-5672-11,0.00018875711443637407,0.08884093534673683,470.6627117712333,470.6627117712333
NN,TCGA-KIRC,TCGA-B8-5549-11,TCGA-CJ-5676-11,0.0008027601273309733,0.12049122201110804,150.09617183120284,150.09617183120284
NN,TCGA-KIRC,TCGA-B8-5549-11,TCGA-CJ-5677-11,0.0005769485234712739,0.1280723669417579,221.98231164748717,221.98231164748717
NN,TCGA-KIRC,TCGA-B8-5549-11,TCGA-CJ-5678-11,0.0011069921271733003,0.2358276476943685,213.03462048691657,213.03462048691657
NN,TCGA-KIRC,TCGA-B8-5549-11,TCGA-CJ-5679-11,0.0005397305699318604,0.08007093122007053,148.35352244394696,148.35352244394696
NN,TCGA-KIRC,TCGA-B8-5549-11,TCGA-CJ-5680-11,0.0006584273572144855,0.06447316478633937,97.91993616288481,97.91993616288481
NN,TCGA-KIRC,TCGA-B8-5549-11,TCGA-CJ-5681-11,0.0007471832352867523,0.12369263055408432,165.54524340554005,165.54524340554005
NN,TCGA-KIRC,TCGA-B8-5549-11,TCGA-CJ-5689-11,0.0005240479649049621,0.07560275907498974,144.26686894719754,144.26686894719754
NN,TCGA-KIRC,TCGA-B8-5549-11,TCGA-CJ-6030-11,0.000940438997734924,0.10149093716608626,107.91868203097731,107.91868203097731
NN,TCGA-KIRC,TCGA-B8-5549-11,TCGA-CJ-6033-11,0.0014969097652588843,0.18433087203333748,123.14093762455897,123.14093762455897
NN,TCGA-KIRC,TCGA-B8-5549-11,TCGA-CW-5580-11,0.0003087488648502377,0.09998407080454375,323.83623775602285,323.83623775602285
NN,TCGA-KIRC,TCGA-B8-5549-11,TCGA-CW-5581-11,0.000614141419924423,0.15686572768570564,255.4228107672818,255.4228107672818
NN,TCGA-KIRC,TCGA-B8-5549-11,TCGA-CW-5584-11,0.0008002341724089187,0.08044037389961858,100.52104330595077,100.52104330595077
NN,TCGA-KIRC,TCGA-B8-5549-11,TCGA-CW-5585-11,0.0010436234801143526,0.18241546217874088,174.7904926006007,174.7904926006007
NN,TCGA-KIRC,TCGA-B8-5549-11,TCGA-CW-5587-11,0.0007103754894016423,0.16381702333936418,230.60624385752556,230.60624385752556
NN,TCGA-KIRC,TCGA-B8-5549-11,TCGA-CW-5589-11,0.0005613833385605521,0.09583565386246508,170.71339186552652,170.71339186552652
NN,TCGA-KIRC,TCGA-B8-5549-11,TCGA-CW-5591-11,0.001827405374935455,0.3339271240374406,182.73292210779184,182.73292210779184
NN,TCGA-KIRC,TCGA-B8-5549-11,TCGA-CW-6087-11,0.0009314692861889824,0.23685182413650707,254.27765321770693,254.27765321770693
NN,TCGA-KIRC,TCGA-B8-5549-11,TCGA-CW-6088-11,0.00020118793557153693,0.0999029484324524,496.56530421989265,496.56530421989265
NN,TCGA-KIRC,TCGA-B8-5549-11,TCGA-CW-6090-11,0.0007248916653626982,0.25380659089400326,350.1303753672097,350.1303753672097
NN,TCGA-KIRC,TCGA-B8-5549-11,TCGA-CZ-4863-11,0.0009398404070622996,0.2136896181211462,227.3679834527281,227.3679834527281
NN,TCGA-KIRC,TCGA-B8-5549-11,TCGA-CZ-4864-11,0.0012732292615044894,0.17640572001711796,138.54984750246095,138.54984750246095
NN,TCGA-KIRC,TCGA-B8-5549-11,TCGA-CZ-4865-11,0.0005303987964053382,0.14646479305800364,276.14088502959794,276.14088502959794
NN,TCGA-KIRC,TCGA-B8-5549-11,TCGA-CZ-5451-11,0.0007889816149312067,0.12276236625877258,155.59597832894568,155.59597832894568
NN,TCGA-KIRC,TCGA-B8-5549-11,TCGA-CZ-5452-11,0.00028702788149740656,0.13312297135411194,463.79804867603,463.79804867603
NN,TCGA-KIRC,TCGA-B8-5549-11,TCGA-CZ-5453-11,0.000431790266834503,0.14230676372004725,329.5738108302259,329.5738108302259
NN,TCGA-KIRC,TCGA-B8-5549-11,TCGA-CZ-5454-11,0.00029747864142307546,0.11428680528239556,384.1849106734905,384.1849106734905
NN,TCGA-KIRC,TCGA-B8-5549-11,TCGA-CZ-5455-11,0.0011751354690813676,0.18097608644812502,154.00444562327652,154.00444562327652
NN,TCGA-KIRC,TCGA-B8-5549-11,TCGA-CZ-5456-11,0.0014513196660631115,0.1808036547710587,124.57879473342459,124.57879473342459
NN,TCGA-KIRC,TCGA-B8-5549-11,TCGA-CZ-5457-11,0.0010776587876235454,0.19643826538933948,182.28243266361275,182.28243266361275
NN,TCGA-KIRC,TCGA-B8-5549-11,TCGA-CZ-5458-11,0.0006304266029253507,0.16925081637599185,268.4702954961324,268.4702954961324
NN,TCGA-KIRC,TCGA-B8-5549-11,TCGA-CZ-5461-11,0.0007003233017859919,0.10303859553922919,147.13004019208861,147.13004019208861
NN,TCGA-KIRC,TCGA-B8-5549-11,TCGA-CZ-5462-11,0.0008775451444058926,0.20332045547010552,231.69230297292071,231.69230297292071
NN,TCGA-KIRC,TCGA-B8-5549-11,TCGA-CZ-5463-11,0.00035402439780857627,0.08375335912243924,236.57510510822289,236.57510510822289
NN,TCGA-KIRC,TCGA-B8-5549-11,TCGA-CZ-5465-11,0.0004289183235514196,0.15014234311180838,350.048796863324,350.048796863324
NN,TCGA-KIRC,TCGA-B8-5549-11,TCGA-CZ-5466-11,0.0014713649181656713,0.18189039223588618,123.62017742182287,123.62017742182287
NN,TCGA-KIRC,TCGA-B8-5549-11,TCGA-CZ-5467-11,0.0011484839935445453,0.2263930392859302,197.12337355892743,197.12337355892743
NN,TCGA-KIRC,TCGA-B8-5549-11,TCGA-CZ-5468-11,0.0008431344150313928,0.15293438911792864,181.38790967539188,181.38790967539188
NN,TCGA-KIRC,TCGA-B8-5549-11,TCGA-CZ-5469-11,0.0006064217740205396,0.15535390613077943,256.18127973999424,256.18127973999424
NN,TCGA-KIRC,TCGA-B8-5549-11,TCGA-CZ-5470-11,0.0008240195648304478,0.18617941916118086,225.9405323701138,225.9405323701138
NN,TCGA-KIRC,TCGA-B8-5549-11,TCGA-CZ-5982-11,0.0009430122772598831,0.3140600322919977,333.0391765466341,333.0391765466341
NN,TCGA-KIRC,TCGA-B8-5549-11,TCGA-CZ-5984-11,0.0006109526386890633,0.1382494876100316,226.28511418933726,226.28511418933726
NN,TCGA-KIRC,TCGA-B8-5549-11,TCGA-CZ-5985-11,0.0010312991262296956,0.29053145444463063,281.7140508077209,281.7140508077209
NN,TCGA-KIRC,TCGA-B8-5549-11,TCGA-CZ-5986-11,0.00048577630008581546,0.16429875491768411,338.21895981475365,338.21895981475365
NN,TCGA-KIRC,TCGA-B8-5549-11,TCGA-CZ-5987-11,0.0007132302194203467,0.08619406892289655,120.85027607628264,120.85027607628264
NN,TCGA-KIRC,TCGA-B8-5549-11,TCGA-CZ-5988-11,0.0006911121536760039,0.1698762392839644,245.80126160478875,245.80126160478875
NN,TCGA-KIRC,TCGA-B8-5549-11,TCGA-CZ-5989-11,0.0002807750807468758,0.10152122211381354,361.5749013187424,361.5749013187424
NN,TCGA-KIRC,TCGA-B8-5549-11,TCGA-KL-8324-11,0.0010738346713250195,0.051029717147142814,47.52101837443611,47.52101837443611
NN,TCGA-KIRC,TCGA-B8-5549-11,TCGA-KL-8326-11,0.0016126817755725983,0.14449568758959272,89.59962825789863,89.59962825789863
NN,TCGA-KIRC,TCGA-B8-5549-11,TCGA-KL-8329-11,0.0009676992413164302,0.09953263204680385,102.85492413056201,102.85492413056201
NN,TCGA-KIRC,TCGA-B8-5549-11,TCGA-KL-8332-11,0.004677412650081059,0.3268711211702017,69.88289159489425,69.88289159489425
NN,TCGA-KIRC,TCGA-B8-5549-11,TCGA-KL-8336-11,0.001398608588674276,0.0933352335217479,66.7343488932949,66.7343488932949
NN,TCGA-KIRC,TCGA-B8-5549-11,TCGA-KL-8339-11,0.0025833736821309476,0.17701166961545944,68.51957610307767,68.51957610307767
NN,TCGA-KIRC,TCGA-B8-5549-11,TCGA-P4-A5E8-11,0.002503869346502878,0.23094114887884443,92.23370588461292,92.23370588461292
NN,TCGA-KIRC,TCGA-B8-5549-11,TCGA-P4-A5ED-11,0.0007477444706463389,0.14633990562853516,195.7084423533633,195.7084423533633
NN,TCGA-KIRC,TCGA-B8-5549-11,TCGA-V5-A7RE-11,0.0025715781005727304,0.43241344454324987,168.1510059705924,168.1510059705924
NN,TCGA-KIRC,TCGA-B8-5549-11,TCGA-V5-AASX-11,0.0028922397421544148,0.4106069573165322,141.96850673612317,141.96850673612317
NN,TCGA-KIRC,TCGA-B8-5552-11,TCGA-CJ-5672-11,0.0018068302872702843,0.32390449288772094,179.26669437065286,179.26669437065286
NN,TCGA-KIRC,TCGA-B8-5552-11,TCGA-CJ-5676-11,0.0017472994227719872,0.33408790587139225,191.20243589469143,191.20243589469143
NN,TCGA-KIRC,TCGA-B8-5552-11,TCGA-CJ-5677-11,0.001929335586694979,0.36431167882195903,188.82753282234222,188.82753282234222
NN,TCGA-KIRC,TCGA-B8-5552-11,TCGA-CJ-5678-11,0.0022682218926035514,0.37208319012858776,164.041794738828,164.041794738828
NN,TCGA-KIRC,TCGA-B8-5552-11,TCGA-CJ-5679-11,0.0014485166290129966,0.3054157738070402,210.84726794965908,210.84726794965908
NN,TCGA-KIRC,TCGA-B8-5552-11,TCGA-CJ-5680-11,0.00169588607359325,0.1500590788561671,88.48417425719013,88.48417425719013
NN,TCGA-KIRC,TCGA-B8-5552-11,TCGA-CJ-5681-11,0.0022435132808738363,0.35875132674841975,159.906041032522,159.906041032522
NN,TCGA-KIRC,TCGA-B8-5552-11,TCGA-CJ-5689-11,0.0017803543460372321,0.27885169610642907,156.62707636100973,156.62707636100973
NN,TCGA-KIRC,TCGA-B8-5552-11,TCGA-CJ-6030-11,0.002525963239178457,0.37395449922222845,148.04431569790114,148.04431569790114
NN,TCGA-KIRC,TCGA-B8-5552-11,TCGA-CJ-6033-11,0.004022484391228468,0.35742322630555634,88.85633641859806,88.85633641859806
NN,TCGA-KIRC,TCGA-B8-5552-11,TCGA-CW-5580-11,0.002083583156413735,0.3209911925409009,154.05729862655986,154.05729862655986
NN,TCGA-KIRC,TCGA-B8-5552-11,TCGA-CW-5581-11,0.0024806560231784122,0.40570991039201965,163.54944280916146,163.54944280916146
NN,TCGA-KIRC,TCGA-B8-5552-11,TCGA-CW-5584-11,0.002137227545360579,0.25579283236439976,119.68441681357989,119.68441681357989
NN,TCGA-KIRC,TCGA-B8-5552-11,TCGA-CW-5585-11,0.0027144718443526707,0.38292103793809046,141.06649834469252,141.06649834469252
NN,TCGA-KIRC,TCGA-B8-5552-11,TCGA-CW-5587-11,0.002087705671898591,0.3964776753101283,189.91071425770735,189.91071425770735
NN,TCGA-KIRC,TCGA-B8-5552-11,TCGA-CW-5589-11,0.0021382220202497072,0.3668061472049927,171.54726858633518,171.54726858633518
NN,TCGA-KIRC,TCGA-B8-5552-11,TCGA-CW-5591-11,0.002935507067358738,0.3929330085316979,133.85524187657455,133.85524187657455
NN,TCGA-KIRC,TCGA-B8-5552-11,TCGA-CW-6087-11,0.002388395652461399,0.36078514053718014,151.05752690738962,151.05752690738962
NN,TCGA-KIRC,TCGA-B8-5552-11,TCGA-CW-6088-11,0.0016629040671971664,0.13479112767580784,81.0576691312079,81.0576691312079
NN,TCGA-KIRC,TCGA-B8-5552-11,TCGA-CW-6090-11,0.0016867227014593508,0.4140518420056374,245.477126529097,245.477126529097
NN,TCGA-KIRC,TCGA-B8-5552-11,TCGA-CZ-4863-11,0.0015180944998276383,0.12434215501153478,81.90672914344421,81.90672914344421
NN,TCGA-KIRC,TCGA-B8-5552-11,TCGA-CZ-4864-11,0.0028447211258228744,0.3903002603767999,137.20158958073623,137.20158958073623
NN,TCGA-KIRC,TCGA-B8-5552-11,TCGA-CZ-4865-11,0.001574249134871939,0.22233110802498657,141.2299381972172,141.2299381972172
NN,TCGA-KIRC,TCGA-B8-5552-11,TCGA-CZ-5451-11,0.002319377615963906,0.39492478628413397,170.27187964819947,170.27187964819947
NN,TCGA-KIRC,TCGA-B8-5552-11,TCGA-CZ-5452-11,0.0019419587248658704,0.20819664557158288,107.20961414149669,107.20961414149669
NN,TCGA-KIRC,TCGA-B8-5552-11,TCGA-CZ-5453-11,0.00143419854916167,0.30328066661867337,211.46351514296927,211.46351514296927
NN,TCGA-KIRC,TCGA-B8-5552-11,TCGA-CZ-5454-11,0.0018808255835384043,0.26038553165513956,138.44214686046288,138.44214686046288
NN,TCGA-KIRC,TCGA-B8-5552-11,TCGA-CZ-5455-11,0.002397803542137352,0.2083171234366573,86.8783116614165,86.8783116614165
NN,TCGA-KIRC,TCGA-B8-5552-11,TCGA-CZ-5456-11,0.003786299219205154,0.16899536822222105,44.63338960772829,44.63338960772829
NN,TCGA-KIRC,TCGA-B8-5552-11,TCGA-CZ-5457-11,0.0029840341270911293,0.19961666437770803,66.89489994951788,66.89489994951788
NN,TCGA-KIRC,TCGA-B8-5552-11,TCGA-CZ-5458-11,0.0021899658340597244,0.1730047199991808,78.99882149232774,78.99882149232774
NN,TCGA-KIRC,TCGA-B8-5552-11,TCGA-CZ-5461-11,0.0014581485440742148,0.33492950415352296,229.69505097038743,229.69505097038743
NN,TCGA-KIRC,TCGA-B8-5552-11,TCGA-CZ-5462-11,0.0021663148780862885,0.29230530066895827,134.932046871773,134.932046871773
NN,TCGA-KIRC,TCGA-B8-5552-11,TCGA-CZ-5463-11,0.0017842793388455748,0.32368049239935637,181.40684888991484,181.40684888991484
NN,TCGA-KIRC,TCGA-B8-5552-11,TCGA-CZ-5465-11,0.0012616280987602902,0.15136061359567998,119.97244968181273,119.97244968181273
NN,TCGA-KIRC,TCGA-B8-5552-11,TCGA-CZ-5466-11,0.0018080677325949175,0.3530426572948996,195.25964151144765,195.25964151144765
NN,TCGA-KIRC,TCGA-B8-5552-11,TCGA-CZ-5467-11,0.002874274842665679,0.24433541817473323,85.00767377838163,85.00767377838163
NN,TCGA-KIRC,TCGA-B8-5552-11,TCGA-CZ-5468-11,0.0026850547503015102,0.222112704462553,82.72185304139944,82.72185304139944
NN,TCGA-KIRC,TCGA-B8-5552-11,TCGA-CZ-5469-11,0.002333450291194373,0.18029326110614158,77.26466759823658,77.26466759823658
NN,TCGA-KIRC,TCGA-B8-5552-11,TCGA-CZ-5470-11,0.0020881231371204373,0.2771788920869441,132.74068332444187,132.74068332444187
NN,TCGA-KIRC,TCGA-B8-5552-11,TCGA-CZ-5982-11,0.0023479750018052196,0.419424005251778,178.63222774063078,178.63222774063078
NN,TCGA-KIRC,TCGA-B8-5552-11,TCGA-CZ-5984-11,0.0017391443166045136,0.36654051284029,210.75911259389886,210.75911259389886
NN,TCGA-KIRC,TCGA-B8-5552-11,TCGA-CZ-5985-11,0.002074892267228765,0.3966367013326927,191.160142431126,191.160142431126
NN,TCGA-KIRC,TCGA-B8-5552-11,TCGA-CZ-5986-11,0.0017429895473939929,0.3688382309660496,211.6124170208095,211.6124170208095
NN,TCGA-KIRC,TCGA-B8-5552-11,TCGA-CZ-5987-11,0.0009570115440424959,0.26797272289082813,280.0099168698522,280.0099168698522
NN,TCGA-KIRC,TCGA-B8-5552-11,TCGA-CZ-5988-11,0.0017974091333571155,0.39637349147629214,220.52491228636663,220.52491228636663
NN,TCGA-KIRC,TCGA-B8-5552-11,TCGA-CZ-5989-11,0.0016041256857548397,0.2588110864656097,161.3409028755893,161.3409028755893
NN,TCGA-KIRC,TCGA-B8-5552-11,TCGA-KL-8324-11,0.0031850034892787894,0.3334933906633267,104.70738628259487,104.70738628259487
NN,TCGA-KIRC,TCGA-B8-5552-11,TCGA-KL-8326-11,0.0037153170123966324,0.36289328255385245,97.67491746814939,97.67491746814939
NN,TCGA-KIRC,TCGA-B8-5552-11,TCGA-KL-8329-11,0.00274830042424527,0.34794211533557606,126.60264950151033,126.60264950151033
NN,TCGA-KIRC,TCGA-B8-5552-11,TCGA-KL-8332-11,0.006482768807092814,0.43314450446968356,66.81473878812075,66.81473878812075
NN,TCGA-KIRC,TCGA-B8-5552-11,TCGA-KL-8336-11,0.00315275979638073,0.18114469423486498,57.455913527828365,57.455913527828365
NN,TCGA-KIRC,TCGA-B8-5552-11,TCGA-KL-8339-11,0.004486644027759748,0.3756977624383979,83.73692232186954,83.73692232186954
NN,TCGA-KIRC,TCGA-B8-5552-11,TCGA-P4-A5E8-11,0.005709511735451488,0.31666525993305294,55.46275664288694,55.46275664288694
NN,TCGA-KIRC,TCGA-B8-5552-11,TCGA-P4-A5ED-11,0.0029569124983301436,0.2780123162918491,94.0211509298469,94.0211509298469
NN,TCGA-KIRC,TCGA-B8-5552-11,TCGA-V5-A7RE-11,0.0034242685314339622,0.27621498020809543,80.66393674225847,80.66393674225847
NN,TCGA-KIRC,TCGA-B8-5552-11,TCGA-V5-AASX-11,0.0038811651224929917,0.2516188571290981,64.8307529279959,64.8307529279959
NN,TCGA-KIRC,TCGA-CJ-5672-11,TCGA-CJ-5676-11,0.0005157163525382778,0.16985451046492533,329.35645656556585,329.35645656556585
NN,TCGA-KIRC,TCGA-CJ-5672-11,TCGA-CJ-5677-11,0.00034427498305419826,0.14331524098608261,416.2813101163406,416.2813101163406
NN,TCGA-KIRC,TCGA-CJ-5672-11,TCGA-CJ-5678-11,0.000660620506401465,0.1774712891030088,268.64332454608655,268.64332454608655
NN,TCGA-KIRC,TCGA-CJ-5672-11,TCGA-CJ-5679-11,0.0002788326599270501,0.10927227989899888,391.89196820626165,391.89196820626165
NN,TCGA-KIRC,TCGA-CJ-5672-11,TCGA-CJ-5680-11,0.0004644105659303233,0.059359242150724634,127.81630416141405,127.81630416141405
NN,TCGA-KIRC,TCGA-CJ-5672-11,TCGA-CJ-5681-11,0.000443406842652772,0.17834262141475168,402.20989903489203,402.20989903489203
NN,TCGA-KIRC,TCGA-CJ-5672-11,TCGA-CJ-5689-11,0.0003399431154921654,0.10688952982565848,314.4335771321774,314.4335771321774
NN,TCGA-KIRC,TCGA-CJ-5672-11,TCGA-CJ-6030-11,0.0005378359307096084,0.16357578046543758,304.1369516715245,304.1369516715245
NN,TCGA-KIRC,TCGA-CJ-5672-11,TCGA-CJ-6033-11,0.0009849321549707441,0.17413534294008565,176.79932781284623,176.79932781284623
NN,TCGA-KIRC,TCGA-CJ-5672-11,TCGA-CW-5580-11,0.00015132681440934662,0.09799685283173454,647.5841919638124,647.5841919638124
NN,TCGA-KIRC,TCGA-CJ-5672-11,TCGA-CW-5581-11,0.00029942474910833787,0.14892295532332486,497.36354715769187,497.36354715769187
NN,TCGA-KIRC,TCGA-CJ-5672-11,TCGA-CW-5584-11,0.0004965876107575398,0.14099933342473372,283.93647036348847,283.93647036348847
NN,TCGA-KIRC,TCGA-CJ-5672-11,TCGA-CW-5585-11,0.0006040519111997799,0.16864395134362642,279.1878449795192,279.1878449795192
NN,TCGA-KIRC,TCGA-CJ-5672-11,TCGA-CW-5587-11,0.00038558081202884505,0.16145100022135453,418.7215628595037,418.7215628595037
NN,TCGA-KIRC,TCGA-CJ-5672-11,TCGA-CW-5589-11,0.00025003807416774525,0.11879657963076104,475.1139602485617,475.1139602485617
NN,TCGA-KIRC,TCGA-CJ-5672-11,TCGA-CW-5591-11,0.0015277438138708642,0.34825328423276636,227.95267182289714,227.95267182289714
NN,TCGA-KIRC,TCGA-CJ-5672-11,TCGA-CW-6087-11,0.0005434066075135714,0.13489855643359505,248.24607314003998,248.24607314003998
NN,TCGA-KIRC,TCGA-CJ-5672-11,TCGA-CW-6088-11,0.00025555473347445285,0.09122892186430599,356.983886089615,356.983886089615
NN,TCGA-KIRC,TCGA-CJ-5672-11,TCGA-CW-6090-11,0.0005442928977581139,0.18042561608585628,331.48625827933955,331.48625827933955
NN,TCGA-KIRC,TCGA-CJ-5672-11,TCGA-CZ-4863-11,0.000715505599866408,0.18897515036041662,264.1141458511298,264.1141458511298
NN,TCGA-KIRC,TCGA-CJ-5672-11,TCGA-CZ-4864-11,0.0007913873506499918,0.21323107591917817,269.4395806857977,269.4395806857977
NN,TCGA-KIRC,TCGA-CJ-5672-11,TCGA-CZ-4865-11,0.0003858376264413867,0.21487507131767747,556.9054353238914,556.9054353238914
NN,TCGA-KIRC,TCGA-CJ-5672-11,TCGA-CZ-5451-11,0.0004203685162048472,0.18179174889276772,432.45805022224806,432.45805022224806
NN,TCGA-KIRC,TCGA-CJ-5672-11,TCGA-CZ-5452-11,0.00015157007286205278,0.15808693170528815,1042.9956832518417,1042.9956832518417
NN,TCGA-KIRC,TCGA-CJ-5672-11,TCGA-CZ-5453-11,0.0002625283553630421,0.16983535550936374,646.9219497242644,646.9219497242644
NN,TCGA-KIRC,TCGA-CJ-5672-11,TCGA-CZ-5454-11,0.00018019418793549378,0.14939484347095344,829.0769263014969,829.0769263014969
NN,TCGA-KIRC,TCGA-CJ-5672-11,TCGA-CZ-5455-11,0.0007475713122733112,0.11533098393395101,154.27422379710865,154.27422379710865
NN,TCGA-KIRC,TCGA-CJ-5672-11,TCGA-CZ-5456-11,0.0010010310399077853,0.15723544380020713,157.07349475865564,157.07349475865564
NN,TCGA-KIRC,TCGA-CJ-5672-11,TCGA-CZ-5457-11,0.0006806364836367003,0.18244753577403267,268.05429940986926,268.05429940986926
NN,TCGA-KIRC,TCGA-CJ-5672-11,TCGA-CZ-5458-11,0.00041302898993564216,0.17008658124850062,411.8030099412716,411.8030099412716
NN,TCGA-KIRC,TCGA-CJ-5672-11,TCGA-CZ-5461-11,0.0005156429348900982,0.12175577313434498,236.12419543825504,236.12419543825504
NN,TCGA-KIRC,TCGA-CJ-5672-11,TCGA-CZ-5462-11,0.000493081750876834,0.18974536577936396,384.81522676908014,384.81522676908014
NN,TCGA-KIRC,TCGA-CJ-5672-11,TCGA-CZ-5463-11,0.00021003976121599434,0.11698303272903296,556.9566069385,556.9566069385
NN,TCGA-KIRC,TCGA-CJ-5672-11,TCGA-CZ-5465-11,0.00026924686095096005,0.12947127028092006,480.8645487031384,480.8645487031384
NN,TCGA-KIRC,TCGA-CJ-5672-11,TCGA-CZ-5466-11,0.0009449677657193526,0.21928615523246117,232.05675705300968,232.05675705300968
NN,TCGA-KIRC,TCGA-CJ-5672-11,TCGA-CZ-5467-11,0.0008049534789526089,0.1938851275969894,240.86500980065242,240.86500980065242
NN,TCGA-KIRC,TCGA-CJ-5672-11,TCGA-CZ-5468-11,0.00047629397574113495,0.15731254865389405,330.2845651346075,330.2845651346075
NN,TCGA-KIRC,TCGA-CJ-5672-11,TCGA-CZ-5469-11,0.00046034683246429556,0.12814363156724934,278.3632307868397,278.3632307868397
NN,TCGA-KIRC,TCGA-CJ-5672-11,TCGA-CZ-5470-11,0.0005232337723678892,0.18795698321905774,359.2218108713822,359.2218108713822
NN,TCGA-KIRC,TCGA-CJ-5672-11,TCGA-CZ-5982-11,0.000587818692357973,0.09930948716775603,168.94577947051403,168.94577947051403
NN,TCGA-KIRC,TCGA-CJ-5672-11,TCGA-CZ-5984-11,0.0002911131640328462,0.15411407694826973,529.3957676571475,529.3957676571475
NN,TCGA-KIRC,TCGA-CJ-5672-11,TCGA-CZ-5985-11,0.0007163443536183176,0.16642398434705516,232.32399823692774,232.32399823692774
NN,TCGA-KIRC,TCGA-CJ-5672-11,TCGA-CZ-5986-11,0.0003330673179366506,0.12154005221832595,364.9113727857348,364.9113727857348
NN,TCGA-KIRC,TCGA-CJ-5672-11,TCGA-CZ-5987-11,0.0005616313969424237,0.11133296508131846,198.23137682014575,198.23137682014575
NN,TCGA-KIRC,TCGA-CJ-5672-11,TCGA-CZ-5988-11,0.00037424669457335473,0.13373092402224354,357.3336143281058,357.3336143281058
NN,TCGA-KIRC,TCGA-CJ-5672-11,TCGA-CZ-5989-11,0.00025257211289325194,0.18598481655096052,736.3632287843507,736.3632287843507
NN,TCGA-KIRC,TCGA-CJ-5672-11,TCGA-KL-8324-11,0.0007389960796623279,0.08829444277662352,119.47890551323115,119.47890551323115
NN,TCGA-KIRC,TCGA-CJ-5672-11,TCGA-KL-8326-11,0.0010729645861172587,0.17341920601581012,161.62621605561364,161.62621605561364
NN,TCGA-KIRC,TCGA-CJ-5672-11,TCGA-KL-8329-11,0.0005497772966233618,0.16784037721877643,305.28793795164574,305.28793795164574
NN,TCGA-KIRC,TCGA-CJ-5672-11,TCGA-KL-8332-11,0.003694938848856127,0.13529610238953832,36.61660122776404,36.61660122776404
NN,TCGA-KIRC,TCGA-CJ-5672-11,TCGA-KL-8336-11,0.0010608555333006026,0.12238186454790499,115.36148015097079,115.36148015097079
NN,TCGA-KIRC,TCGA-CJ-5672-11,TCGA-KL-8339-11,0.0018529694364700575,0.17751616662389624,95.80091453751551,95.80091453751551
NN,TCGA-KIRC,TCGA-CJ-5672-11,TCGA-P4-A5E8-11,0.0019879764686779955,0.19586084860203973,98.52271980477073,98.52271980477073
NN,TCGA-KIRC,TCGA-CJ-5672-11,TCGA-P4-A5ED-11,0.0005101872961334108,0.1738776579070561,340.8114220499684,340.8114220499684
NN,TCGA-KIRC,TCGA-CJ-5672-11,TCGA-V5-A7RE-11,0.002536135734940762,0.34169587223471254,134.73090873138685,134.73090873138685
NN,TCGA-KIRC,TCGA-CJ-5672-11,TCGA-V5-AASX-11,0.00312896814999227,0.2790687318912351,89.18874162778695,89.18874162778695
NN,TCGA-KIRC,TCGA-CJ-5676-11,TCGA-CJ-5677-11,0.00019416346499762143,0.11653586365010596,600.1946022725417,600.1946022725417
NN,TCGA-KIRC,TCGA-CJ-5676-11,TCGA-CJ-5678-11,0.0003945038952937813,0.06204314236387082,157.2687699767025,157.2687699767025
NN,TCGA-KIRC,TCGA-CJ-5676-11,TCGA-CJ-5679-11,0.0002832950149667684,0.08505694444567231,300.2415854569478,300.2415854569478
NN,TCGA-KIRC,TCGA-CJ-5676-11,TCGA-CJ-5680-11,0.0004554158300595847,0.13910766236314648,305.4519697853854,305.4519697853854
NN,TCGA-KIRC,TCGA-CJ-5676-11,TCGA-CJ-5681-11,0.00032258722893529514,0.2466910657089581,764.7266958557731,764.7266958557731
NN,TCGA-KIRC,TCGA-CJ-5676-11,TCGA-CJ-5689-11,0.00026562115244167144,0.157193740997704,591.7967735352803,591.7967735352803
NN,TCGA-KIRC,TCGA-CJ-5676-11,TCGA-CJ-6030-11,0.00029619635721065985,0.12078878935817616,407.79971264896125,407.79971264896125
NN,TCGA-KIRC,TCGA-CJ-5676-11,TCGA-CJ-6033-11,0.0009475185745188232,0.17615563962014352,185.91259776580142,185.91259776580142
NN,TCGA-KIRC,TCGA-CJ-5676-11,TCGA-CW-5580-11,0.0006213842631846771,0.18983517628043212,305.50367546725687,305.50367546725687
NN,TCGA-KIRC,TCGA-CJ-5676-11,TCGA-CW-5581-11,0.00046139848570552833,0.08474030827397384,183.65970175302314,183.65970175302314
NN,TCGA-KIRC,TCGA-CJ-5676-11,TCGA-CW-5584-11,0.00022933650040538349,0.08813246142480723,384.29321660102556,384.29321660102556
NN,TCGA-KIRC,TCGA-CJ-5676-11,TCGA-CW-5585-11,0.0003603742658449734,0.09397384545560365,260.76735872152847,260.76735872152847
NN,TCGA-KIRC,TCGA-CJ-5676-11,TCGA-CW-5587-11,0.0003560463202250998,0.11218893087121434,315.096448125868,315.096448125868
NN,TCGA-KIRC,TCGA-CJ-5676-11,TCGA-CW-5589-11,0.00035333017929580597,0.11971050066219308,338.80632812282965,338.80632812282965
NN,TCGA-KIRC,TCGA-CJ-5676-11,TCGA-CW-5591-11,0.0014125248634239587,0.32030263320687,226.75893465723271,226.75893465723271
NN,TCGA-KIRC,TCGA-CJ-5676-11,TCGA-CW-6087-11,0.0006345228887126629,0.13998764149533505,220.61874202732974,220.61874202732974
NN,TCGA-KIRC,TCGA-CJ-5676-11,TCGA-CW-6088-11,0.0007699634828929164,0.12104885971754963,157.21376715522058,157.21376715522058
NN,TCGA-KIRC,TCGA-CJ-5676-11,TCGA-CW-6090-11,0.0004911878494718748,0.07710015389991073,156.96673682545043,156.96673682545043
NN,TCGA-KIRC,TCGA-CJ-5676-11,TCGA-CZ-4863-11,0.0009007250244116507,0.11765214803573648,130.61938421505087,130.61938421505087
NN,TCGA-KIRC,TCGA-CJ-5676-11,TCGA-CZ-4864-11,0.000606185349134341,0.10104889195913283,166.6963612753674,166.6963612753674
NN,TCGA-KIRC,TCGA-CJ-5676-11,TCGA-CZ-4865-11,0.0007125721424564781,0.19421850890515366,272.5597835408167,272.5597835408167
NN,TCGA-KIRC,TCGA-CJ-5676-11,TCGA-CZ-5451-11,0.000369599607997502,0.09479958989484069,256.492668941038,256.492668941038
NN,TCGA-KIRC,TCGA-CJ-5676-11,TCGA-CZ-5452-11,0.0005863011772610634,0.21031730084877617,358.7188786338183,358.7188786338183
NN,TCGA-KIRC,TCGA-CJ-5676-11,TCGA-CZ-5453-11,0.0006088260734060135,0.21793383664322438,357.9574629976283,357.9574629976283
NN,TCGA-KIRC,TCGA-CJ-5676-11,TCGA-CZ-5454-11,0.0005299541122040091,0.17965790926012604,339.0065387226689,339.0065387226689
NN,TCGA-KIRC,TCGA-CJ-5676-11,TCGA-CZ-5455-11,0.000933643619364656,0.12155869434382174,130.19817393122912,130.19817393122912
NN,TCGA-KIRC,TCGA-CJ-5676-11,TCGA-CZ-5456-11,0.001332205791708871,0.11231596643732175,84.30827064131721,84.30827064131721
NN,TCGA-KIRC,TCGA-CJ-5676-11,TCGA-CZ-5457-11,0.000990390392109994,0.12553879374950508,126.75687764099652,126.75687764099652
NN,TCGA-KIRC,TCGA-CJ-5676-11,TCGA-CZ-5458-11,0.0008284652802684994,0.11135679954352573,134.4133570780852,134.4133570780852
NN,TCGA-KIRC,TCGA-CJ-5676-11,TCGA-CZ-5461-11,0.0005311768609177534,0.16772391654521934,315.7590792931574,315.7590792931574
NN,TCGA-KIRC,TCGA-CJ-5676-11,TCGA-CZ-5462-11,0.0007555481148512454,0.22296295681346348,295.1009372280164,295.1009372280164
NN,TCGA-KIRC,TCGA-CJ-5676-11,TCGA-CZ-5463-11,0.0006352417053105779,0.18216409092307714,286.7634309904366,286.7634309904366
NN,TCGA-KIRC,TCGA-CJ-5676-11,TCGA-CZ-5465-11,0.0006234387536215873,0.108466557596265,173.98109592350056,173.98109592350056
NN,TCGA-KIRC,TCGA-CJ-5676-11,TCGA-CZ-5466-11,0.000588344141431925,0.10043040739917744,170.70010615682804,170.70010615682804
NN,TCGA-KIRC,TCGA-CJ-5676-11,TCGA-CZ-5467-11,0.0010832363122143247,0.1902802495323857,175.6590389251442,175.6590389251442
NN,TCGA-KIRC,TCGA-CJ-5676-11,TCGA-CZ-5468-11,0.0007125721920172112,0.14651702874199257,205.6171015139104,205.6171015139104
NN,TCGA-KIRC,TCGA-CJ-5676-11,TCGA-CZ-5469-11,0.0008862558236867753,0.10357603121873685,116.86922494665961,116.86922494665961
NN,TCGA-KIRC,TCGA-CJ-5676-11,TCGA-CZ-5470-11,0.000622075810678447,0.2025090702860695,325.5376062046352,325.5376062046352
NN,TCGA-KIRC,TCGA-CJ-5676-11,TCGA-CZ-5982-11,0.0004725151022699487,0.03702266763245659,78.35234779714082,78.35234779714082
NN,TCGA-KIRC,TCGA-CJ-5676-11,TCGA-CZ-5984-11,0.00031815749525073,0.11256123455019096,353.7909250306518,353.7909250306518
NN,TCGA-KIRC,TCGA-CJ-5676-11,TCGA-CZ-5985-11,0.0006130932449080403,0.16807596548670123,274.1442135965981,274.1442135965981
NN,TCGA-KIRC,TCGA-CJ-5676-11,TCGA-CZ-5986-11,0.0004232766216722677,0.13226681943780821,312.48316742666464,312.48316742666464
NN,TCGA-KIRC,TCGA-CJ-5676-11,TCGA-CZ-5987-11,0.00039392847491003414,0.09908526240992743,251.53109947829145,251.53109947829145
NN,TCGA-KIRC,TCGA-CJ-5676-11,TCGA-CZ-5988-11,0.00039128309905717774,0.07103389466160245,181.54092224469514,181.54092224469514
NN,TCGA-KIRC,TCGA-CJ-5676-11,TCGA-CZ-5989-11,0.0006879730103321977,0.21800177452279237,316.87547512587315,316.87547512587315
NN,TCGA-KIRC,TCGA-CJ-5676-11,TCGA-KL-8324-11,0.0005812295204081649,0.10874866937918629,187.1010772178574,187.1010772178574
NN,TCGA-KIRC,TCGA-CJ-5676-11,TCGA-KL-8326-11,0.0009580127183209369,0.1634740046114856,170.63865801071898,170.63865801071898
NN,TCGA-KIRC,TCGA-CJ-5676-11,TCGA-KL-8329-11,0.00042151204400128685,0.11468115607876694,272.0708879161157,272.0708879161157
NN,TCGA-KIRC,TCGA-CJ-5676-11,TCGA-KL-8332-11,0.0030056868753641827,0.07158795815043123,23.81750365854637,23.81750365854637
NN,TCGA-KIRC,TCGA-CJ-5676-11,TCGA-KL-8336-11,0.0008231435853588335,0.20583618836034018,250.061097506591,250.061097506591
NN,TCGA-KIRC,TCGA-CJ-5676-11,TCGA-KL-8339-11,0.0014795820688918205,0.15376882088319538,103.92719952220384,103.92719952220384
NN,TCGA-KIRC,TCGA-CJ-5676-11,TCGA-P4-A5E8-11,0.0019112611857810189,0.23173641416763863,121.24790472995544,121.24790472995544
NN,TCGA-KIRC,TCGA-CJ-5676-11,TCGA-P4-A5ED-11,0.000758356174770706,0.21946727622636455,289.3986803664148,289.3986803664148
NN,TCGA-KIRC,TCGA-CJ-5676-11,TCGA-V5-A7RE-11,0.00266689935386222,0.29541344014268867,110.77037448558721,110.77037448558721
NN,TCGA-KIRC,TCGA-CJ-5676-11,TCGA-V5-AASX-11,0.0033150305502066277,0.24585320381007755,74.16317891693438,74.16317891693438
NN,TCGA-KIRC,TCGA-CJ-5677-11,TCGA-CJ-5678-11,0.0004254350138617384,0.11217218231500264,263.66466947983116,263.66466947983116
NN,TCGA-KIRC,TCGA-CJ-5677-11,TCGA-CJ-5679-11,0.00029733238680191594,0.08086936517839316,271.9830357137269,271.9830357137269
NN,TCGA-KIRC,TCGA-CJ-5677-11,TCGA-CJ-5680-11,0.0004559932735261279,0.07906355156274238,173.38753914362758,173.38753914362758
NN,TCGA-KIRC,TCGA-CJ-5677-11,TCGA-CJ-5681-11,0.0002614795254119301,0.1794563823146469,686.3114120768521,686.3114120768521
NN,TCGA-KIRC,TCGA-CJ-5677-11,TCGA-CJ-5689-11,0.0002769414181530987,0.18057053005494017,652.0170628833756,652.0170628833756
NN,TCGA-KIRC,TCGA-CJ-5677-11,TCGA-CJ-6030-11,0.00029977944353478433,0.1393054043914596,464.692984778643,464.692984778643
NN,TCGA-KIRC,TCGA-CJ-5677-11,TCGA-CJ-6033-11,0.0009254881226040542,0.16194472943353985,174.98304459907547,174.98304459907547
NN,TCGA-KIRC,TCGA-CJ-5677-11,TCGA-CW-5580-11,0.0004494948631776776,0.16860305933530448,375.09451864115874,375.09451864115874
NN,TCGA-KIRC,TCGA-CJ-5677-11,TCGA-CW-5581-11,0.0002942313124227187,0.09577658911304895,325.51460388229464,325.51460388229464
NN,TCGA-KIRC,TCGA-CJ-5677-11,TCGA-CW-5584-11,0.00031411020983922546,0.11167511340036974,355.52844161776744,355.52844161776744
NN,TCGA-KIRC,TCGA-CJ-5677-11,TCGA-CW-5585-11,0.0003806165393404697,0.1302771408883852,342.27924281516704,342.27924281516704
NN,TCGA-KIRC,TCGA-CJ-5677-11,TCGA-CW-5587-11,0.00021793734722205715,0.1333307363999971,611.7847083095213,611.7847083095213
NN,TCGA-KIRC,TCGA-CJ-5677-11,TCGA-CW-5589-11,0.000269025932770899,0.1191720326986848,442.97600410206945,442.97600410206945
NN,TCGA-KIRC,TCGA-CJ-5677-11,TCGA-CW-5591-11,0.0014835089228102856,0.34199193368245273,230.5290709236856,230.5290709236856
NN,TCGA-KIRC,TCGA-CJ-5677-11,TCGA-CW-6087-11,0.0005515557958066045,0.16312836491670402,295.760403855683,295.760403855683
NN,TCGA-KIRC,TCGA-CJ-5677-11,TCGA-CW-6088-11,0.0005334516503643509,0.09732274805068625,182.43967936778185,182.43967936778185
NN,TCGA-KIRC,TCGA-CJ-5677-11,TCGA-CW-6090-11,0.0003275160650085,0.10565402333177862,322.59188058160316,322.59188058160316
NN,TCGA-KIRC,TCGA-CJ-5677-11,TCGA-CZ-4863-11,0.0009707461528379285,0.17920982138521252,184.61038538376016,184.61038538376016
NN,TCGA-KIRC,TCGA-CJ-5677-11,TCGA-CZ-4864-11,0.000632682912422631,0.15561703335925076,245.963705204826,245.963705204826
NN,TCGA-KIRC,TCGA-CJ-5677-11,TCGA-CZ-4865-11,0.0006880637337823308,0.22417476474452147,325.80523247783793,325.80523247783793
NN,TCGA-KIRC,TCGA-CJ-5677-11,TCGA-CZ-5451-11,0.00029513947980430353,0.12309496296716536,417.07386300465544,417.07386300465544
NN,TCGA-KIRC,TCGA-CJ-5677-11,TCGA-CZ-5452-11,0.0004749471984399744,0.20735407916531193,436.5834346352463,436.5834346352463
NN,TCGA-KIRC,TCGA-CJ-5677-11,TCGA-CZ-5453-11,0.0005986314389472237,0.2069264281319496,345.6658215209318,345.6658215209318
NN,TCGA-KIRC,TCGA-CJ-5677-11,TCGA-CZ-5454-11,0.00043891421948232695,0.18990446634055255,432.66874917958575,432.66874917958575
NN,TCGA-KIRC,TCGA-CJ-5677-11,TCGA-CZ-5455-11,0.0010525128115652493,0.13659928721046896,129.78396624676208,129.78396624676208
NN,TCGA-KIRC,TCGA-CJ-5677-11,TCGA-CZ-5456-11,0.0013307204730831058,0.18123887964804183,136.19605568112664,136.19605568112664
NN,TCGA-KIRC,TCGA-CJ-5677-11,TCGA-CZ-5457-11,0.0009786042548440225,0.17657597783558238,180.43655232597206,180.43655232597206
NN,TCGA-KIRC,TCGA-CJ-5677-11,TCGA-CZ-5458-11,0.0007576929317027914,0.2109412429687936,278.3993807289947,278.3993807289947
NN,TCGA-KIRC,TCGA-CJ-5677-11,TCGA-CZ-5461-11,0.0006007930742722388,0.17165054181702688,285.7065921156848,285.7065921156848
NN,TCGA-KIRC,TCGA-CJ-5677-11,TCGA-CZ-5462-11,0.0008158145728802368,0.2390219675841305,292.9856557235334,292.9856557235334
NN,TCGA-KIRC,TCGA-CJ-5677-11,TCGA-CZ-5463-11,0.0005518003500371942,0.18287931101530422,331.42297028803483,331.42297028803483
NN,TCGA-KIRC,TCGA-CJ-5677-11,TCGA-CZ-5465-11,0.0005721008776022091,0.125212651937939,218.8646388076359,218.8646388076359
NN,TCGA-KIRC,TCGA-CJ-5677-11,TCGA-CZ-5466-11,0.0007937230767785836,0.17060371226346202,214.94110131694396,214.94110131694396
NN,TCGA-KIRC,TCGA-CJ-5677-11,TCGA-CZ-5467-11,0.0010866457990016437,0.2036403176032565,187.4026640422768,187.4026640422768
NN,TCGA-KIRC,TCGA-CJ-5677-11,TCGA-CZ-5468-11,0.000736526906881823,0.16636266658207738,225.87452681992858,225.87452681992858
NN,TCGA-KIRC,TCGA-CJ-5677-11,TCGA-CZ-5469-11,0.0008173193992905314,0.14343707022553343,175.49696036830034,175.49696036830034
NN,TCGA-KIRC,TCGA-CJ-5677-11,TCGA-CZ-5470-11,0.0006753364606990964,0.20760984393454657,307.4169040416277,307.4169040416277
NN,TCGA-KIRC,TCGA-CJ-5677-11,TCGA-CZ-5982-11,0.0003572419671716306,0.053996121687096124,151.14719615558113,151.14719615558113
NN,TCGA-KIRC,TCGA-CJ-5677-11,TCGA-CZ-5984-11,0.00024587478908217247,0.11520189347994911,468.5388604093448,468.5388604093448
NN,TCGA-KIRC,TCGA-CJ-5677-11,TCGA-CZ-5985-11,0.0005121659760490285,0.19598626758974527,382.6616307112598,382.6616307112598
NN,TCGA-KIRC,TCGA-CJ-5677-11,TCGA-CZ-5986-11,0.00029049686615588953,0.12953594405058033,445.9116745895199,445.9116745895199
NN,TCGA-KIRC,TCGA-CJ-5677-11,TCGA-CZ-5987-11,0.0005263739011879663,0.11942827589408286,226.88867290826306,226.88867290826306
NN,TCGA-KIRC,TCGA-CJ-5677-11,TCGA-CZ-5988-11,0.0003137341109424011,0.11857638203301236,377.9518321320884,377.9518321320884
NN,TCGA-KIRC,TCGA-CJ-5677-11,TCGA-CZ-5989-11,0.0005613200995388125,0.24564447540153211,437.61924007951365,437.61924007951365
NN,TCGA-KIRC,TCGA-CJ-5677-11,TCGA-KL-8324-11,0.0005756998134423645,0.08551362732477914,148.5385704981477,148.5385704981477
NN,TCGA-KIRC,TCGA-CJ-5677-11,TCGA-KL-8326-11,0.0009771224363112976,0.16221482021048417,166.0127883490793,166.0127883490793
NN,TCGA-KIRC,TCGA-CJ-5677-11,TCGA-KL-8329-11,0.00044319545979790934,0.11771715640293222,265.6100232989966,265.6100232989966
NN,TCGA-KIRC,TCGA-CJ-5677-11,TCGA-KL-8332-11,0.003391075376937176,0.11501717792261362,33.9176117124525,33.9176117124525
NN,TCGA-KIRC,TCGA-CJ-5677-11,TCGA-KL-8336-11,0.0009505360374990758,0.20757111714820364,218.37269599408057,218.37269599408057
NN,TCGA-KIRC,TCGA-CJ-5677-11,TCGA-KL-8339-11,0.0017233704791242198,0.16955234939890096,98.38415561409863,98.38415561409863
NN,TCGA-KIRC,TCGA-CJ-5677-11,TCGA-P4-A5E8-11,0.0018962322546749529,0.22040999313722084,116.23575782651315,116.23575782651315
NN,TCGA-KIRC,TCGA-CJ-5677-11,TCGA-P4-A5ED-11,0.00066836776092133,0.2024872858520746,302.9578888918137,302.9578888918137
NN,TCGA-KIRC,TCGA-CJ-5677-11,TCGA-V5-A7RE-11,0.002569940428314157,0.3237854999121225,125.98949623300064,125.98949623300064
NN,TCGA-KIRC,TCGA-CJ-5677-11,TCGA-V5-AASX-11,0.0031544507396509018,0.25040113544810516,79.38026493823665,79.38026493823665
NN,TCGA-KIRC,TCGA-CJ-5678-11,TCGA-CJ-5679-11,0.0005320484823957058,0.05269416599266251,99.04015843704963,99.04015843704963
NN,TCGA-KIRC,TCGA-CJ-5678-11,TCGA-CJ-5680-11,0.0010120675694277469,0.07960989887884125,78.66065595190948,78.66065595190948
NN,TCGA-KIRC,TCGA-CJ-5678-11,TCGA-CJ-5681-11,0.00041860425642311434,0.18911129834187135,451.76630538300725,451.76630538300725
NN,TCGA-KIRC,TCGA-CJ-5678-11,TCGA-CJ-5689-11,0.000619045038944626,0.12061514704055303,194.84066498001954,194.84066498001954
NN,TCGA-KIRC,TCGA-CJ-5678-11,TCGA-CJ-6030-11,0.0003432442781954231,0.07854801851893373,228.83999387227396,228.83999387227396
NN,TCGA-KIRC,TCGA-CJ-5678-11,TCGA-CJ-6033-11,0.0009601330171373465,0.1588224089186503,165.4170891781038,165.4170891781038
NN,TCGA-KIRC,TCGA-CJ-5678-11,TCGA-CW-5580-11,0.0008342328619397893,0.12883100818566245,154.43051222664593,154.43051222664593
NN,TCGA-KIRC,TCGA-CJ-5678-11,TCGA-CW-5581-11,0.00047721703374363196,0.15446159732357814,323.671592591469,323.671592591469
NN,TCGA-KIRC,TCGA-CJ-5678-11,TCGA-CW-5584-11,0.0006224631357750752,0.07634964908218794,122.65730240734548,122.65730240734548
NN,TCGA-KIRC,TCGA-CJ-5678-11,TCGA-CW-5585-11,0.0003517886890893767,0.1492611208022171,424.2919838855173,424.2919838855173
NN,TCGA-KIRC,TCGA-CJ-5678-11,TCGA-CW-5587-11,0.00030823393711103595,0.14185369672977544,460.2144009816644,460.2144009816644
NN,TCGA-KIRC,TCGA-CJ-5678-11,TCGA-CW-5589-11,0.00044308167299181636,0.0661750026493457,149.3517034963618,149.3517034963618
NN,TCGA-KIRC,TCGA-CJ-5678-11,TCGA-CW-5591-11,0.0016384667775888615,0.30686310575181364,187.28674267255386,187.28674267255386
NN,TCGA-KIRC,TCGA-CJ-5678-11,TCGA-CW-6087-11,0.00047960770902351086,0.2075303509438898,432.7085387481052,432.7085387481052
NN,TCGA-KIRC,TCGA-CJ-5678-11,TCGA-CW-6088-11,0.001097964888314824,0.2372452568060553,216.0772710775693,216.0772710775693
NN,TCGA-KIRC,TCGA-CJ-5678-11,TCGA-CW-6090-11,0.0006501646201432276,0.20176820244455185,310.3340234048777,310.3340234048777
NN,TCGA-KIRC,TCGA-CJ-5678-11,TCGA-CZ-4863-11,0.0008902368587578427,0.2342032092269646,263.0796589951925,263.0796589951925
NN,TCGA-KIRC,TCGA-CJ-5678-11,TCGA-CZ-4864-11,0.0004121806956425271,0.13281980872476,322.23684934519827,322.23684934519827
NN,TCGA-KIRC,TCGA-CJ-5678-11,TCGA-CZ-4865-11,0.0008744783917574752,0.29396605159800837,336.1615957224657,336.1615957224657
NN,TCGA-KIRC,TCGA-CJ-5678-11,TCGA-CZ-5451-11,0.00038070496380590904,0.11770099495605549,309.16590574338244,309.16590574338244
NN,TCGA-KIRC,TCGA-CJ-5678-11,TCGA-CZ-5452-11,0.0007830012531589948,0.26889531256143984,343.41619694296764,343.41619694296764
NN,TCGA-KIRC,TCGA-CJ-5678-11,TCGA-CZ-5453-11,0.0007748981129901587,0.22386581489677554,288.8970964620463,288.8970964620463
NN,TCGA-KIRC,TCGA-CJ-5678-11,TCGA-CZ-5454-11,0.0007625385556924866,0.2665704958420604,349.5829736766279,349.5829736766279
NN,TCGA-KIRC,TCGA-CJ-5678-11,TCGA-CZ-5455-11,0.0007006106646608383,0.19727063713740955,281.56956079580544,281.56956079580544
NN,TCGA-KIRC,TCGA-CJ-5678-11,TCGA-CZ-5456-11,0.0011077351675502249,0.19712086549089258,177.94945151631208,177.94945151631208
NN,TCGA-KIRC,TCGA-CJ-5678-11,TCGA-CZ-5457-11,0.0009279057966822944,0.22930666703714597,247.12278752544347,247.12278752544347
NN,TCGA-KIRC,TCGA-CJ-5678-11,TCGA-CZ-5458-11,0.0008278390051026927,0.2771077768579599,334.736313642995,334.736313642995
NN,TCGA-KIRC,TCGA-CJ-5678-11,TCGA-CZ-5461-11,0.0005563338702462524,0.15392063344513818,276.6695354661898,276.6695354661898
NN,TCGA-KIRC,TCGA-CJ-5678-11,TCGA-CZ-5462-11,0.0006043198451628679,0.24628499773228407,407.54080757667117,407.54080757667117
NN,TCGA-KIRC,TCGA-CJ-5678-11,TCGA-CZ-5463-11,0.0006776498884897181,0.18381061308471386,271.24716790609017,271.24716790609017
NN,TCGA-KIRC,TCGA-CJ-5678-11,TCGA-CZ-5465-11,0.000806012665440584,0.18382059543772766,228.06167113670273,228.06167113670273
NN,TCGA-KIRC,TCGA-CJ-5678-11,TCGA-CZ-5466-11,0.0003301242502266036,0.09698839551505462,293.7936108858405,293.7936108858405
NN,TCGA-KIRC,TCGA-CJ-5678-11,TCGA-CZ-5467-11,0.0009830579819984052,0.2777100910729986,282.4961458615664,282.4961458615664
NN,TCGA-KIRC,TCGA-CJ-5678-11,TCGA-CZ-5468-11,0.0007726707076714961,0.24926461811935907,322.6013561074906,322.6013561074906
NN,TCGA-KIRC,TCGA-CJ-5678-11,TCGA-CZ-5469-11,0.0009032110306280835,0.23608929631674833,261.3888541115073,261.3888541115073
NN,TCGA-KIRC,TCGA-CJ-5678-11,TCGA-CZ-5470-11,0.0006135430398704779,0.2504163440151268,408.14796638878175,408.14796638878175
NN,TCGA-KIRC,TCGA-CJ-5678-11,TCGA-CZ-5982-11,0.0003329169691458143,0.10871446499554031,326.55128777146973,326.55128777146973
NN,TCGA-KIRC,TCGA-CJ-5678-11,TCGA-CZ-5984-11,0.00038076886562091725,0.11048805293419972,290.1709223363827,290.1709223363827
NN,TCGA-KIRC,TCGA-CJ-5678-11,TCGA-CZ-5985-11,0.0003520396491308957,0.2080597441998102,591.0122473802638,591.0122473802638
NN,TCGA-KIRC,TCGA-CJ-5678-11,TCGA-CZ-5986-11,0.0005338889536959835,0.15643364773969132,293.0078374102689,293.0078374102689
NN,TCGA-KIRC,TCGA-CJ-5678-11,TCGA-CZ-5987-11,0.0007915694834124928,0.09700152536225747,122.54328570636578,122.54328570636578
NN,TCGA-KIRC,TCGA-CJ-5678-11,TCGA-CZ-5988-11,0.00035759130773994864,0.1311030931502139,366.6282997168267,366.6282997168267
NN,TCGA-KIRC,TCGA-CJ-5678-11,TCGA-CZ-5989-11,0.001108617671510637,0.2781624954284134,250.9093103751274,250.9093103751274
NN,TCGA-KIRC,TCGA-CJ-5678-11,TCGA-KL-8324-11,0.0008697412731982499,0.06545785791119188,75.26129888085849,75.26129888085849
NN,TCGA-KIRC,TCGA-CJ-5678-11,TCGA-KL-8326-11,0.001046769718830142,0.1196164294078079,114.27196188048873,114.27196188048873
NN,TCGA-KIRC,TCGA-CJ-5678-11,TCGA-KL-8329-11,0.0006294627738559757,0.10025488021457538,159.27054685129673,159.27054685129673
NN,TCGA-KIRC,TCGA-CJ-5678-11,TCGA-KL-8332-11,0.002510701987273074,0.20954235244972944,83.45966726115424,83.45966726115424
NN,TCGA-KIRC,TCGA-CJ-5678-11,TCGA-KL-8336-11,0.0014281956717796668,0.14751084293142092,103.28475701624866,103.28475701624866
NN,TCGA-KIRC,TCGA-CJ-5678-11,TCGA-KL-8339-11,0.0013402830950053752,0.17625788190819036,131.5079497495889,131.5079497495889
NN,TCGA-KIRC,TCGA-CJ-5678-11,TCGA-P4-A5E8-11,0.002084160667403229,0.20526019584580282,98.48578329690285,98.48578329690285
NN,TCGA-KIRC,TCGA-CJ-5678-11,TCGA-P4-A5ED-11,0.0011013169805476647,0.24971863376731843,226.74546763379416,226.74546763379416
NN,TCGA-KIRC,TCGA-CJ-5678-11,TCGA-V5-A7RE-11,0.003532223640338037,0.40250512455264476,113.95233301652571,113.95233301652571
NN,TCGA-KIRC,TCGA-CJ-5678-11,TCGA-V5-AASX-11,0.004321313338360052,0.3788327508428324,87.66611471562491,87.66611471562491
NN,TCGA-KIRC,TCGA-CJ-5679-11,TCGA-CJ-5680-11,0.00025917170944783977,0.09538240170281878,368.0278295267223,368.0278295267223
NN,TCGA-KIRC,TCGA-CJ-5679-11,TCGA-CJ-5681-11,0.0003824121396330646,0.21618374976258103,565.3161271763379,565.3161271763379
NN,TCGA-KIRC,TCGA-CJ-5679-11,TCGA-CJ-5689-11,0.00030584238005987785,0.13707290411094578,448.18152436594835,448.18152436594835
NN,TCGA-KIRC,TCGA-CJ-5679-11,TCGA-CJ-6030-11,0.0004251807656311093,0.08270159495349563,194.50925732903048,194.50925732903048
NN,TCGA-KIRC,TCGA-CJ-5679-11,TCGA-CJ-6033-11,0.0011007979918893252,0.1172183351627321,106.48487372469452,106.48487372469452
NN,TCGA-KIRC,TCGA-CJ-5679-11,TCGA-CW-5580-11,0.00034801242239521774,0.12283384753265564,352.9582268565123,352.9582268565123
NN,TCGA-KIRC,TCGA-CJ-5679-11,TCGA-CW-5581-11,0.0003726418102719008,0.056124024816839285,150.61118551320902,150.61118551320902
NN,TCGA-KIRC,TCGA-CJ-5679-11,TCGA-CW-5584-11,0.0003440188370683646,0.12627851219102595,367.0685979498601,367.0685979498601
NN,TCGA-KIRC,TCGA-CJ-5679-11,TCGA-CW-5585-11,0.0005434306762773276,0.05479599092537783,100.8334518410844,100.8334518410844
NN,TCGA-KIRC,TCGA-CJ-5679-11,TCGA-CW-5587-11,0.0004279124575482042,0.08916531817299152,208.3728028949638,208.3728028949638
NN,TCGA-KIRC,TCGA-CJ-5679-11,TCGA-CW-5589-11,0.00024101779931478667,0.10046074248041093,416.8187692611114,416.8187692611114
NN,TCGA-KIRC,TCGA-CJ-5679-11,TCGA-CW-5591-11,0.0013472993277565556,0.3226518029391048,239.4804155928481,239.4804155928481
NN,TCGA-KIRC,TCGA-CJ-5679-11,TCGA-CW-6087-11,0.0007018572418980039,0.07161631225239018,102.03828923773888,102.03828923773888
NN,TCGA-KIRC,TCGA-CJ-5679-11,TCGA-CW-6088-11,0.0006140125876528415,0.07969138051387428,129.78786122041402,129.78786122041402
NN,TCGA-KIRC,TCGA-CJ-5679-11,TCGA-CW-6090-11,0.0005395515080801625,0.047864416119918624,88.71148611970388,88.71148611970388
NN,TCGA-KIRC,TCGA-CJ-5679-11,TCGA-CZ-4863-11,0.0007352652946489261,0.06764487671367492,92.00063868916041,92.00063868916041
NN,TCGA-KIRC,TCGA-CJ-5679-11,TCGA-CZ-4864-11,0.0007090214441978708,0.09247441675617284,130.4254159206579,130.4254159206579
NN,TCGA-KIRC,TCGA-CJ-5679-11,TCGA-CZ-4865-11,0.000489589466368889,0.16188928182455842,330.66332702219614,330.66332702219614
NN,TCGA-KIRC,TCGA-CJ-5679-11,TCGA-CZ-5451-11,0.0003506295371147522,0.05178721285561749,147.69780458817664,147.69780458817664
NN,TCGA-KIRC,TCGA-CJ-5679-11,TCGA-CZ-5452-11,0.00037090185781493587,0.09745081853440953,262.7401736634959,262.7401736634959
NN,TCGA-KIRC,TCGA-CJ-5679-11,TCGA-CZ-5453-11,0.00038076329390829966,0.15130865635308313,397.38246510054415,397.38246510054415
NN,TCGA-KIRC,TCGA-CJ-5679-11,TCGA-CZ-5454-11,0.00034282753427352926,0.10654105936187222,310.7715942000945,310.7715942000945
NN,TCGA-KIRC,TCGA-CJ-5679-11,TCGA-CZ-5455-11,0.0009153262685128318,0.08567121828878982,93.59637239296471,93.59637239296471
NN,TCGA-KIRC,TCGA-CJ-5679-11,TCGA-CZ-5456-11,0.00123566954100751,0.07616043862348013,61.63495667408156,61.63495667408156
NN,TCGA-KIRC,TCGA-CJ-5679-11,TCGA-CZ-5457-11,0.0008565100555938141,0.0954315694296172,111.41908820142804,111.41908820142804
NN,TCGA-KIRC,TCGA-CJ-5679-11,TCGA-CZ-5458-11,0.0005883908114126696,0.08305646350912735,141.1586685212109,141.1586685212109
NN,TCGA-KIRC,TCGA-CJ-5679-11,TCGA-CZ-5461-11,0.000551749172651952,0.12406721508504717,224.86162414838782,224.86162414838782
NN,TCGA-KIRC,TCGA-CJ-5679-11,TCGA-CZ-5462-11,0.0006848982096153849,0.10760150520543739,157.10583513696534,157.10583513696534
NN,TCGA-KIRC,TCGA-CJ-5679-11,TCGA-CZ-5463-11,0.0003642159756286437,0.11009334715860777,302.2748987563891,302.2748987563891
NN,TCGA-KIRC,TCGA-CJ-5679-11,TCGA-CZ-5465-11,0.0003859534930633434,0.07587996555524987,196.60390932851672,196.60390932851672
NN,TCGA-KIRC,TCGA-CJ-5679-11,TCGA-CZ-5466-11,0.0006645965898366227,0.07018270315576577,105.60196099263575,105.60196099263575
NN,TCGA-KIRC,TCGA-CJ-5679-11,TCGA-CZ-5467-11,0.0009453016735803323,0.12287540962943236,129.9853930904845,129.9853930904845
NN,TCGA-KIRC,TCGA-CJ-5679-11,TCGA-CZ-5468-11,0.0005549992588966719,0.08944590153778051,161.16400176028571,161.16400176028571
NN,TCGA-KIRC,TCGA-CJ-5679-11,TCGA-CZ-5469-11,0.0006625580195752372,0.07289626263072874,110.02245913114474,110.02245913114474
NN,TCGA-KIRC,TCGA-CJ-5679-11,TCGA-CZ-5470-11,0.0006818988131330993,0.1340547923529481,196.59044680985835,196.59044680985835
NN,TCGA-KIRC,TCGA-CJ-5679-11,TCGA-CZ-5982-11,0.000589235885024549,0.02163526682047144,36.71749696570171,36.71749696570171
NN,TCGA-KIRC,TCGA-CJ-5679-11,TCGA-CZ-5984-11,0.00014473279028997876,0.06506029643380401,449.52008666075415,449.52008666075415
NN,TCGA-KIRC,TCGA-CJ-5679-11,TCGA-CZ-5985-11,0.0007200408996413908,0.06718402248256863,93.30584209317688,93.30584209317688
NN,TCGA-KIRC,TCGA-CJ-5679-11,TCGA-CZ-5986-11,0.0004019101537151812,0.0765259573164445,190.40563322188572,190.40563322188572
NN,TCGA-KIRC,TCGA-CJ-5679-11,TCGA-CZ-5987-11,0.00032002501228318254,0.1486704581379147,464.55887018718323,464.55887018718323
NN,TCGA-KIRC,TCGA-CJ-5679-11,TCGA-CZ-5988-11,0.0002932612609684466,0.0429614389354714,146.49544502945386,146.49544502945386
NN,TCGA-KIRC,TCGA-CJ-5679-11,TCGA-CZ-5989-11,0.0003983088661767293,0.1680810933477851,421.98682384641586,421.98682384641586
NN,TCGA-KIRC,TCGA-CJ-5679-11,TCGA-KL-8324-11,0.0006619723866084262,0.11453537378287357,173.02137687296647,173.02137687296647
NN,TCGA-KIRC,TCGA-CJ-5679-11,TCGA-KL-8326-11,0.0008652109949986502,0.14907673523247847,172.30101801088534,172.30101801088534
NN,TCGA-KIRC,TCGA-CJ-5679-11,TCGA-KL-8329-11,0.00038050824903368413,0.10945039206480402,287.6426262577951,287.6426262577951
NN,TCGA-KIRC,TCGA-CJ-5679-11,TCGA-KL-8332-11,0.0033081018853163024,0.03235045806383187,9.779160130292873,9.779160130292873
NN,TCGA-KIRC,TCGA-CJ-5679-11,TCGA-KL-8336-11,0.0008079531279431363,0.18960953340690723,234.6788778324427,234.6788778324427
NN,TCGA-KIRC,TCGA-CJ-5679-11,TCGA-KL-8339-11,0.0015917625830688708,0.08106830868426534,50.9298996889147,50.9298996889147
NN,TCGA-KIRC,TCGA-CJ-5679-11,TCGA-P4-A5E8-11,0.002054830930931347,0.17460903915987758,84.97489332649693,84.97489332649693
NN,TCGA-KIRC,TCGA-CJ-5679-11,TCGA-P4-A5ED-11,0.0006355260172447119,0.15058241002546374,236.94137759820674,236.94137759820674
NN,TCGA-KIRC,TCGA-CJ-5679-11,TCGA-V5-A7RE-11,0.0023767495671516573,0.21748723329645447,91.50616299768402,91.50616299768402
NN,TCGA-KIRC,TCGA-CJ-5679-11,TCGA-V5-AASX-11,0.003157049124383927,0.1725074798470183,54.642000504405125,54.642000504405125
NN,TCGA-KIRC,TCGA-CJ-5680-11,TCGA-CJ-5681-11,0.0006096783836397726,0.07559442258800543,123.99065575641313,123.99065575641313
NN,TCGA-KIRC,TCGA-CJ-5680-11,TCGA-CJ-5689-11,0.00042945381500798395,0.22057196089497355,513.6104353639819,513.6104353639819
NN,TCGA-KIRC,TCGA-CJ-5680-11,TCGA-CJ-6030-11,0.0007943827889890205,0.09456170748537428,119.03796103855575,119.03796103855575
NN,TCGA-KIRC,TCGA-CJ-5680-11,TCGA-CJ-6033-11,0.001309733873052035,0.09438692686916658,72.06572939067344,72.06572939067344
NN,TCGA-KIRC,TCGA-CJ-5680-11,TCGA-CW-5580-11,0.0004557373177844263,0.09850327102196446,216.140454551406,216.140454551406
NN,TCGA-KIRC,TCGA-CJ-5680-11,TCGA-CW-5581-11,0.000570296163770388,0.07957031007185573,139.52454027709757,139.52454027709757
NN,TCGA-KIRC,TCGA-CJ-5680-11,TCGA-CW-5584-11,0.00033656048118102695,0.15959316449437766,474.1886627162763,474.1886627162763
NN,TCGA-KIRC,TCGA-CJ-5680-11,TCGA-CW-5585-11,0.0008741107316675619,0.06825865125612889,78.08924977492293,78.08924977492293
NN,TCGA-KIRC,TCGA-CJ-5680-11,TCGA-CW-5587-11,0.0007212635559968008,0.08107697332219369,112.40963535187034,112.40963535187034
NN,TCGA-KIRC,TCGA-CJ-5680-11,TCGA-CW-5589-11,0.00045439892167022154,0.10715518913599756,235.81743711479373,235.81743711479373
NN,TCGA-KIRC,TCGA-CJ-5680-11,TCGA-CW-5591-11,0.0011936023366257008,0.23919740557089447,200.3995788472588,200.3995788472588
NN,TCGA-KIRC,TCGA-CJ-5680-11,TCGA-CW-6087-11,0.0011011093870191707,0.053162866324979456,48.2811852770572,48.2811852770572
NN,TCGA-KIRC,TCGA-CJ-5680-11,TCGA-CW-6088-11,0.0007162415155963777,0.07278272996519987,101.61758063493068,101.61758063493068
NN,TCGA-KIRC,TCGA-CJ-5680-11,TCGA-CW-6090-11,0.0007897413882626252,0.06495955644582985,82.25421310226155,82.25421310226155
NN,TCGA-KIRC,TCGA-CJ-5680-11,TCGA-CZ-4863-11,0.0010294538229351875,0.0358762428255662,34.84978347379929,34.84978347379929
NN,TCGA-KIRC,TCGA-CJ-5680-11,TCGA-CZ-4864-11,0.0010744648363501693,0.13261217510376389,123.42160545172595,123.42160545172595
NN,TCGA-KIRC,TCGA-CJ-5680-11,TCGA-CZ-4865-11,0.0007122939613027543,0.07755832960582044,108.88528307044703,108.88528307044703
NN,TCGA-KIRC,TCGA-CJ-5680-11,TCGA-CZ-5451-11,0.0006609281991442572,0.1305475038581834,197.52146152518682,197.52146152518682
NN,TCGA-KIRC,TCGA-CJ-5680-11,TCGA-CZ-5452-11,0.0005139930720896217,0.07119225280140597,138.50819527970725,138.50819527970725
NN,TCGA-KIRC,TCGA-CJ-5680-11,TCGA-CZ-5453-11,0.0006527276190477084,0.11203843519234345,171.64653666072996,171.64653666072996
NN,TCGA-KIRC,TCGA-CJ-5680-11,TCGA-CZ-5454-11,0.0005041473351704102,0.06433136541998223,127.60429527657257,127.60429527657257
NN,TCGA-KIRC,TCGA-CJ-5680-11,TCGA-CZ-5455-11,0.001374790022903023,0.04418721342148894,32.14106349723333,32.14106349723333
NN,TCGA-KIRC,TCGA-CJ-5680-11,TCGA-CZ-5456-11,0.0015721000082755182,0.05582570722823214,35.51027729429819,35.51027729429819
NN,TCGA-KIRC,TCGA-CJ-5680-11,TCGA-CZ-5457-11,0.001093750442816386,0.06367289427449435,58.215194053350864,58.215194053350864
NN,TCGA-KIRC,TCGA-CJ-5680-11,TCGA-CZ-5458-11,0.0008868392716037115,0.04713859240010064,53.153478775086036,53.153478775086036
NN,TCGA-KIRC,TCGA-CJ-5680-11,TCGA-CZ-5461-11,0.000999505393316023,0.08501146143801797,85.0535294821957,85.0535294821957
NN,TCGA-KIRC,TCGA-CJ-5680-11,TCGA-CZ-5462-11,0.001061321470212866,0.07029266612367588,66.23126743076016,66.23126743076016
NN,TCGA-KIRC,TCGA-CJ-5680-11,TCGA-CZ-5463-11,0.0006973838240941778,0.08140205110570731,116.7248913630013,116.7248913630013
NN,TCGA-KIRC,TCGA-CJ-5680-11,TCGA-CZ-5465-11,0.0006248619275592375,0.02731149394480741,43.70804611426458,43.70804611426458
NN,TCGA-KIRC,TCGA-CJ-5680-11,TCGA-CZ-5466-11,0.0011776872254569194,0.13797943848276387,117.16136126825234,117.16136126825234
NN,TCGA-KIRC,TCGA-CJ-5680-11,TCGA-CZ-5467-11,0.0013244192638684933,0.04481345014132908,33.83630196561289,33.83630196561289
NN,TCGA-KIRC,TCGA-CJ-5680-11,TCGA-CZ-5468-11,0.0007651671204741356,0.055649761352798366,72.72889786261987,72.72889786261987
NN,TCGA-KIRC,TCGA-CJ-5680-11,TCGA-CZ-5469-11,0.0009643774130340722,0.06369576379618824,66.04858526890635,66.04858526890635
NN,TCGA-KIRC,TCGA-CJ-5680-11,TCGA-CZ-5470-11,0.0010401699470998357,0.11644772631886921,111.95067367937764,111.95067367937764
NN,TCGA-KIRC,TCGA-CJ-5680-11,TCGA-CZ-5982-11,0.0009984262581267,0.018978844215153626,19.00875909530137,19.00875909530137
NN,TCGA-KIRC,TCGA-CJ-5680-11,TCGA-CZ-5984-11,0.0004345317438448572,0.07424802622119953,170.86904989778753,170.86904989778753
NN,TCGA-KIRC,TCGA-CJ-5680-11,TCGA-CZ-5985-11,0.0011975696777150394,0.06093356867231588,50.88102162754906,50.88102162754906
NN,TCGA-KIRC,TCGA-CJ-5680-11,TCGA-CZ-5986-11,0.0007148865227464332,0.061469079314254625,85.98438683401702,85.98438683401702
NN,TCGA-KIRC,TCGA-CJ-5680-11,TCGA-CZ-5987-11,0.0004015508714047442,0.14062552277646473,350.20599577960047,350.20599577960047
NN,TCGA-KIRC,TCGA-CJ-5680-11,TCGA-CZ-5988-11,0.0006523723154109051,0.062478321045085924,95.77095711937615,95.77095711937615
NN,TCGA-KIRC,TCGA-CJ-5680-11,TCGA-CZ-5989-11,0.00037150269011272267,0.09140498387499682,246.0412435970851,246.0412435970851
NN,TCGA-KIRC,TCGA-CJ-5680-11,TCGA-KL-8324-11,0.0008258793380831255,0.19149796763237928,231.87160496937489,231.87160496937489
NN,TCGA-KIRC,TCGA-CJ-5680-11,TCGA-KL-8326-11,0.0011369821692276399,0.15137398312057737,133.13663768659345,133.13663768659345
NN,TCGA-KIRC,TCGA-CJ-5680-11,TCGA-KL-8329-11,0.0005361988374999965,0.1597331270590122,297.8990551411131,297.8990551411131
NN,TCGA-KIRC,TCGA-CJ-5680-11,TCGA-KL-8332-11,0.0041794350169073145,0.08249313321790394,19.737867172043497,19.737867172043497
NN,TCGA-KIRC,TCGA-CJ-5680-11,TCGA-KL-8336-11,0.0005544371870412645,0.13578335426540186,244.90304301196892,244.90304301196892
NN,TCGA-KIRC,TCGA-CJ-5680-11,TCGA-KL-8339-11,0.0021490362069962114,0.0751463666819468,34.96747352943937,34.96747352943937
NN,TCGA-KIRC,TCGA-CJ-5680-11,TCGA-P4-A5E8-11,0.0020890018875424935,0.08623019406043894,41.27817910297838,41.27817910297838
NN,TCGA-KIRC,TCGA-CJ-5680-11,TCGA-P4-A5ED-11,0.0007143175845564642,0.10647687286828555,149.06097115668715,149.06097115668715
NN,TCGA-KIRC,TCGA-CJ-5680-11,TCGA-V5-A7RE-11,0.0019137126773267022,0.10310124443851496,53.87498638643019,53.87498638643019
NN,TCGA-KIRC,TCGA-CJ-5680-11,TCGA-V5-AASX-11,0.002715307859968631,0.07679344710791232,28.281672306874064,28.281672306874064
NN,TCGA-KIRC,TCGA-CJ-5681-11,TCGA-CJ-5689-11,0.00034274382061199097,0.2784956618955343,812.5475797003795,812.5475797003795
NN,TCGA-KIRC,TCGA-CJ-5681-11,TCGA-CJ-6030-11,0.00027906412789164946,0.21675872732325963,776.7344694600778,776.7344694600778
NN,TCGA-KIRC,TCGA-CJ-5681-11,TCGA-CJ-6033-11,0.0006833407189858295,0.21986926835243456,321.75642727503555,321.75642727503555
NN,TCGA-KIRC,TCGA-CJ-5681-11,TCGA-CW-5580-11,0.000463399926401893,0.22445366659539331,484.3627584021913,484.3627584021913
NN,TCGA-KIRC,TCGA-CJ-5681-11,TCGA-CW-5581-11,0.000351423216747779,0.08897530747141372,253.1856269908099,253.1856269908099
NN,TCGA-KIRC,TCGA-CJ-5681-11,TCGA-CW-5584-11,0.00036940846867445184,0.16580839990845103,448.8483994517538,448.8483994517538
NN,TCGA-KIRC,TCGA-CJ-5681-11,TCGA-CW-5585-11,0.0003305851271772238,0.0794520456347437,240.33762895857728,240.33762895857728
NN,TCGA-KIRC,TCGA-CJ-5681-11,TCGA-CW-5587-11,0.0003381328046257567,0.127851562034846,378.11049471035886,378.11049471035886
NN,TCGA-KIRC,TCGA-CJ-5681-11,TCGA-CW-5589-11,0.00032550500298774267,0.18028840739773505,553.8729228211711,553.8729228211711
NN,TCGA-KIRC,TCGA-CJ-5681-11,TCGA-CW-5591-11,0.0014839798410332052,0.3264562165131635,219.98696174057986,219.98696174057986
NN,TCGA-KIRC,TCGA-CJ-5681-11,TCGA-CW-6087-11,0.0005460539637520182,0.08181705622959273,149.83327960375115,149.83327960375115
NN,TCGA-KIRC,TCGA-CJ-5681-11,TCGA-CW-6088-11,0.0007920143487950854,0.12195665834444151,153.98288999432617,153.98288999432617
NN,TCGA-KIRC,TCGA-CJ-5681-11,TCGA-CW-6090-11,0.0006151197866433199,0.10018275584615416,162.86706755581184,162.86706755581184
NN,TCGA-KIRC,TCGA-CJ-5681-11,TCGA-CZ-4863-11,0.0008995931837180977,0.19162812368482063,213.01642470522594,213.01642470522594
NN,TCGA-KIRC,TCGA-CJ-5681-11,TCGA-CZ-4864-11,0.0005668213565639937,0.2289183660441547,403.86333964519554,403.86333964519554
NN,TCGA-KIRC,TCGA-CJ-5681-11,TCGA-CZ-4865-11,0.0006899793054203948,0.23484687559799403,340.36799908789305,340.36799908789305
NN,TCGA-KIRC,TCGA-CJ-5681-11,TCGA-CZ-5451-11,0.0003343182838535018,0.1967422356278239,588.4878127516241,588.4878127516241
NN,TCGA-KIRC,TCGA-CJ-5681-11,TCGA-CZ-5452-11,0.0005170385732452668,0.14870876891316562,287.6163919062628,287.6163919062628
NN,TCGA-KIRC,TCGA-CJ-5681-11,TCGA-CZ-5453-11,0.0006466545920325037,0.2261069190613868,349.6564036616656,349.6564036616656
NN,TCGA-KIRC,TCGA-CJ-5681-11,TCGA-CZ-5454-11,0.0004558997402883674,0.18511154607103747,406.0356471226547,406.0356471226547
NN,TCGA-KIRC,TCGA-CJ-5681-11,TCGA-CZ-5455-11,0.000820982683528284,0.125937893288628,153.39896421127042,153.39896421127042
NN,TCGA-KIRC,TCGA-CJ-5681-11,TCGA-CZ-5456-11,0.000950570385376053,0.11270634963071974,118.56707442672142,118.56707442672142
NN,TCGA-KIRC,TCGA-CJ-5681-11,TCGA-CZ-5457-11,0.0007160206337707968,0.15285240964857671,213.47486711885153,213.47486711885153
NN,TCGA-KIRC,TCGA-CJ-5681-11,TCGA-CZ-5458-11,0.0006363110889413587,0.15852167812682133,249.1260656647623,249.1260656647623
NN,TCGA-KIRC,TCGA-CJ-5681-11,TCGA-CZ-5461-11,0.0006547642905429923,0.21285238056787376,325.082451260982,325.082451260982
NN,TCGA-KIRC,TCGA-CJ-5681-11,TCGA-CZ-5462-11,0.0007089978377921741,0.20019963927283535,282.36988690439296,282.36988690439296
NN,TCGA-KIRC,TCGA-CJ-5681-11,TCGA-CZ-5463-11,0.0005330287553557653,0.19530417229645747,366.40457073672025,366.40457073672025
NN,TCGA-KIRC,TCGA-CJ-5681-11,TCGA-CZ-5465-11,0.0006626708960000888,0.11548660391444396,174.27444695628898,174.27444695628898
NN,TCGA-KIRC,TCGA-CJ-5681-11,TCGA-CZ-5466-11,0.0007798692584500084,0.2519651560958056,323.086406299162,323.086406299162
NN,TCGA-KIRC,TCGA-CJ-5681-11,TCGA-CZ-5467-11,0.0008615044375487092,0.19903385457728456,231.03056223785413,231.03056223785413
NN,TCGA-KIRC,TCGA-CJ-5681-11,TCGA-CZ-5468-11,0.0005666707135244821,0.20076246738703785,354.28417702825965,354.28417702825965
NN,TCGA-KIRC,TCGA-CJ-5681-11,TCGA-CZ-5469-11,0.0007039133787627271,0.15148949023013686,215.21041480474608,215.21041480474608
NN,TCGA-KIRC,TCGA-CJ-5681-11,TCGA-CZ-5470-11,0.0006211690546581323,0.25146417250797126,404.8240501072088,404.8240501072088
NN,TCGA-KIRC,TCGA-CJ-5681-11,TCGA-CZ-5982-11,0.0004802508835862133,0.04298072264874602,89.49639473392087,89.49639473392087
NN,TCGA-KIRC,TCGA-CJ-5681-11,TCGA-CZ-5984-11,0.00031921777184414215,0.17266647589855294,540.9049593355887,540.9049593355887
NN,TCGA-KIRC,TCGA-CJ-5681-11,TCGA-CZ-5985-11,0.000649004002046613,0.15555277856220742,239.67922858977263,239.67922858977263
NN,TCGA-KIRC,TCGA-CJ-5681-11,TCGA-CZ-5986-11,0.00045289546149670075,0.12324280098666351,272.12196072660646,272.12196072660646
NN,TCGA-KIRC,TCGA-CJ-5681-11,TCGA-CZ-5987-11,0.0006963772015007791,0.19985992369033861,286.99952160928837,286.99952160928837
NN,TCGA-KIRC,TCGA-CJ-5681-11,TCGA-CZ-5988-11,0.0004017536631366016,0.12914278294559733,321.4476799971008,321.4476799971008
NN,TCGA-KIRC,TCGA-CJ-5681-11,TCGA-CZ-5989-11,0.0007039560891210104,0.2561209735270377,363.8308944054185,363.8308944054185
NN,TCGA-KIRC,TCGA-CJ-5681-11,TCGA-KL-8324-11,0.00044192778020123494,0.24998144538879846,565.6613061866526,565.6613061866526
NN,TCGA-KIRC,TCGA-CJ-5681-11,TCGA-KL-8326-11,0.0007038389754109656,0.23617072833735137,335.5465334943313,335.5465334943313
NN,TCGA-KIRC,TCGA-CJ-5681-11,TCGA-KL-8329-11,0.000376300223868978,0.2412435916972685,641.0934046674016,641.0934046674016
NN,TCGA-KIRC,TCGA-CJ-5681-11,TCGA-KL-8332-11,0.0027427482416097094,0.08018251769853385,29.234370286743857,29.234370286743857
NN,TCGA-KIRC,TCGA-CJ-5681-11,TCGA-KL-8336-11,0.0008259397112769114,0.17446281160711144,211.22947501505905,211.22947501505905
NN,TCGA-KIRC,TCGA-CJ-5681-11,TCGA-KL-8339-11,0.00126844584018379,0.18352967100736653,144.68861436036892,144.68861436036892
NN,TCGA-KIRC,TCGA-CJ-5681-11,TCGA-P4-A5E8-11,0.0015121625410653026,0.24613947267755226,162.7731583035707,162.7731583035707
NN,TCGA-KIRC,TCGA-CJ-5681-11,TCGA-P4-A5ED-11,0.0005612500953735645,0.2249584465789402,400.81676321000765,400.81676321000765
NN,TCGA-KIRC,TCGA-CJ-5681-11,TCGA-V5-A7RE-11,0.0026929574954831026,0.3062852026268345,113.73562454682877,113.73562454682877
NN,TCGA-KIRC,TCGA-CJ-5681-11,TCGA-V5-AASX-11,0.0034617564572582064,0.23055271855101883,66.59992445962592,66.59992445962592
NN,TCGA-KIRC,TCGA-CJ-5689-11,TCGA-CJ-6030-11,0.00044102474047513643,0.18805970466808142,426.4153173481287,426.4153173481287
NN,TCGA-KIRC,TCGA-CJ-5689-11,TCGA-CJ-6033-11,0.0008133943039118032,0.09810228246439695,120.60851913100467,120.60851913100467
NN,TCGA-KIRC,TCGA-CJ-5689-11,TCGA-CW-5580-11,0.00040338764942241803,0.13303362328746918,329.79101734510346,329.79101734510346
NN,TCGA-KIRC,TCGA-CJ-5689-11,TCGA-CW-5581-11,0.000547463629334314,0.2031127956605957,371.00692133205234,371.00692133205234
NN,TCGA-KIRC,TCGA-CJ-5689-11,TCGA-CW-5584-11,0.0002224058410370807,0.1573735722441923,707.5963990440077,707.5963990440077
NN,TCGA-KIRC,TCGA-CJ-5689-11,TCGA-CW-5585-11,0.0004927240825119922,0.20350627350909622,413.0227864479167,413.0227864479167
NN,TCGA-KIRC,TCGA-CJ-5689-11,TCGA-CW-5587-11,0.0004588699356553071,0.20638970312838928,449.7782205618819,449.7782205618819
NN,TCGA-KIRC,TCGA-CJ-5689-11,TCGA-CW-5589-11,0.0004315605684373662,0.19904395820060994,461.2190565077028,461.2190565077028
NN,TCGA-KIRC,TCGA-CJ-5689-11,TCGA-CW-5591-11,0.0014571777643753846,0.3372571380223336,231.4454325803537,231.4454325803537
NN,TCGA-KIRC,TCGA-CJ-5689-11,TCGA-CW-6087-11,0.0006532155186679004,0.06057069501484269,92.7269687933383,92.7269687933383
NN,TCGA-KIRC,TCGA-CJ-5689-11,TCGA-CW-6088-11,0.0005543916944670888,0.053535444643716575,96.56610150911034,96.56610150911034
NN,TCGA-KIRC,TCGA-CJ-5689-11,TCGA-CW-6090-11,0.0007330322031976174,0.20312666311312125,277.10469230007425,277.10469230007425
NN,TCGA-KIRC,TCGA-CJ-5689-11,TCGA-CZ-4863-11,0.0007977093486899517,0.11719864003281899,146.9189752198466,146.9189752198466
NN,TCGA-KIRC,TCGA-CJ-5689-11,TCGA-CZ-4864-11,0.0009104816154062767,0.2086269640280248,229.13912867414783,229.13912867414783
NN,TCGA-KIRC,TCGA-CJ-5689-11,TCGA-CZ-4865-11,0.0005121247671003357,0.14174445744472894,276.7771967899344,276.7771967899344
NN,TCGA-KIRC,TCGA-CJ-5689-11,TCGA-CZ-5451-11,0.0005688567640042088,0.20848841016443265,366.5042298115138,366.5042298115138
NN,TCGA-KIRC,TCGA-CJ-5689-11,TCGA-CZ-5452-11,0.00041159802637385644,0.07366284058830866,178.9679149758613,178.9679149758613
NN,TCGA-KIRC,TCGA-CJ-5689-11,TCGA-CZ-5453-11,0.0005028466104613673,0.14440771710312617,287.1804524457876,287.1804524457876
NN,TCGA-KIRC,TCGA-CJ-5689-11,TCGA-CZ-5454-11,0.0002772790845615917,0.10373262331964549,374.10908032842804,374.10908032842804
NN,TCGA-KIRC,TCGA-CJ-5689-11,TCGA-CZ-5455-11,0.0008244208033437847,0.07087710983055166,85.97200548928386,85.97200548928386
NN,TCGA-KIRC,TCGA-CJ-5689-11,TCGA-CZ-5456-11,0.0010462704729782496,0.03844043851444384,36.74044093495407,36.74044093495407
NN,TCGA-KIRC,TCGA-CJ-5689-11,TCGA-CZ-5457-11,0.0006977569002646882,0.07616803110908532,109.16127247210542,109.16127247210542
NN,TCGA-KIRC,TCGA-CJ-5689-11,TCGA-CZ-5458-11,0.0005783342677415554,0.07506160476012769,129.7893086177474,129.7893086177474
NN,TCGA-KIRC,TCGA-CJ-5689-11,TCGA-CZ-5461-11,0.0005393299585476827,0.12966093000799836,240.41113969850963,240.41113969850963
NN,TCGA-KIRC,TCGA-CJ-5689-11,TCGA-CZ-5462-11,0.0006848595157820169,0.12087207073267782,176.49177378320906,176.49177378320906
NN,TCGA-KIRC,TCGA-CJ-5689-11,TCGA-CZ-5463-11,0.00048158866496179686,0.09642326367673018,200.21913033268584,200.21913033268584
NN,TCGA-KIRC,TCGA-CJ-5689-11,TCGA-CZ-5465-11,0.0005232592551104154,0.07051913891303735,134.76902362320715,134.76902362320715
NN,TCGA-KIRC,TCGA-CJ-5689-11,TCGA-CZ-5466-11,0.0009462830002273014,0.17213651563071547,181.9080714642105,181.9080714642105
NN,TCGA-KIRC,TCGA-CJ-5689-11,TCGA-CZ-5467-11,0.0008376323859716182,0.09533976642848983,113.82053514788558,113.82053514788558
NN,TCGA-KIRC,TCGA-CJ-5689-11,TCGA-CZ-5468-11,0.0004945645622729397,0.0935434961993139,189.14314395961358,189.14314395961358
NN,TCGA-KIRC,TCGA-CJ-5689-11,TCGA-CZ-5469-11,0.0006183695539237928,0.07658940030618733,123.85700398766095,123.85700398766095
NN,TCGA-KIRC,TCGA-CJ-5689-11,TCGA-CZ-5470-11,0.0005655320864989081,0.1058547557121518,187.17727647864626,187.17727647864626
NN,TCGA-KIRC,TCGA-CJ-5689-11,TCGA-CZ-5982-11,0.0007872972046949297,0.11031100044605566,140.11354262181095,140.11354262181095
NN,TCGA-KIRC,TCGA-CJ-5689-11,TCGA-CZ-5984-11,0.00043538553472189723,0.16690440472641271,383.3485300172478,383.3485300172478
NN,TCGA-KIRC,TCGA-CJ-5689-11,TCGA-CZ-5985-11,0.0008953933265019838,0.11328533475506777,126.52019107361168,126.52019107361168
NN,TCGA-KIRC,TCGA-CJ-5689-11,TCGA-CZ-5986-11,0.00048073478478692774,0.11732746377072042,244.05861086736743,244.05861086736743
NN,TCGA-KIRC,TCGA-CJ-5689-11,TCGA-CZ-5987-11,0.0004514009419882725,0.1521515357714632,337.0651711564575,337.0651711564575
NN,TCGA-KIRC,TCGA-CJ-5689-11,TCGA-CZ-5988-11,0.0006094887066160786,0.1630796099386781,267.56789448012387,267.56789448012387
NN,TCGA-KIRC,TCGA-CJ-5689-11,TCGA-CZ-5989-11,0.00047639132863000483,0.15237657760777829,319.8559009165413,319.8559009165413
NN,TCGA-KIRC,TCGA-CJ-5689-11,TCGA-KL-8324-11,0.0005088089128823343,0.12681252840060941,249.23409395923005,249.23409395923005
NN,TCGA-KIRC,TCGA-CJ-5689-11,TCGA-KL-8326-11,0.0009217848324713499,0.16939906414632172,183.77289165428618,183.77289165428618
NN,TCGA-KIRC,TCGA-CJ-5689-11,TCGA-KL-8329-11,0.00047126820932348574,0.18182227736192122,385.81485821615354,385.81485821615354
NN,TCGA-KIRC,TCGA-CJ-5689-11,TCGA-KL-8332-11,0.0034931607706852785,0.19101658408700492,54.68302108795634,54.68302108795634
NN,TCGA-KIRC,TCGA-CJ-5689-11,TCGA-KL-8336-11,0.0006461439772369852,0.21941134576934218,339.570364344461,339.570364344461
NN,TCGA-KIRC,TCGA-CJ-5689-11,TCGA-KL-8339-11,0.0016982587251743132,0.2181605370030439,128.4613079085764,128.4613079085764
NN,TCGA-KIRC,TCGA-CJ-5689-11,TCGA-P4-A5E8-11,0.0016014400930453795,0.16524041458296257,103.18238896388128,103.18238896388128
NN,TCGA-KIRC,TCGA-CJ-5689-11,TCGA-P4-A5ED-11,0.0004974809163214586,0.14244957515934026,286.34178816880126,286.34178816880126
NN,TCGA-KIRC,TCGA-CJ-5689-11,TCGA-V5-A7RE-11,0.0024824598834694064,0.23111464882822394,93.0990467830745,93.0990467830745
NN,TCGA-KIRC,TCGA-CJ-5689-11,TCGA-V5-AASX-11,0.003040413675488402,0.2074629232701639,68.23509739569822,68.23509739569822
NN,TCGA-KIRC,TCGA-CJ-6030-11,TCGA-CJ-6033-11,0.0005868558054121257,0.13786430028700142,234.92022915268726,234.92022915268726
NN,TCGA-KIRC,TCGA-CJ-6030-11,TCGA-CW-5580-11,0.0006275858202357974,0.18747293795089695,298.72079946047756,298.72079946047756
NN,TCGA-KIRC,TCGA-CJ-6030-11,TCGA-CW-5581-11,0.00032447978387361843,0.1276435511224734,393.3790561577459,393.3790561577459
NN,TCGA-KIRC,TCGA-CJ-6030-11,TCGA-CW-5584-11,0.00040184794840038653,0.12417718443353415,309.0153500293812,309.0153500293812
NN,TCGA-KIRC,TCGA-CJ-6030-11,TCGA-CW-5585-11,0.00017848466897262815,0.11934801481331009,668.6737606108506,668.6737606108506
NN,TCGA-KIRC,TCGA-CJ-6030-11,TCGA-CW-5587-11,0.00030177670857372304,0.12495213041914872,414.0549183192623,414.0549183192623
NN,TCGA-KIRC,TCGA-CJ-6030-11,TCGA-CW-5589-11,0.0002757273274458557,0.11033812882404478,400.1711757994382,400.1711757994382
NN,TCGA-KIRC,TCGA-CJ-6030-11,TCGA-CW-5591-11,0.0015755238648225455,0.3349937837343038,212.62374452959162,212.62374452959162
NN,TCGA-KIRC,TCGA-CJ-6030-11,TCGA-CW-6087-11,0.0005597059926530962,0.0896263161163118,160.13106397426387,160.13106397426387
NN,TCGA-KIRC,TCGA-CJ-6030-11,TCGA-CW-6088-11,0.0009628820528860896,0.09292191967756341,96.5039481201715,96.5039481201715
NN,TCGA-KIRC,TCGA-CJ-6030-11,TCGA-CW-6090-11,0.000608684006324392,0.1085176392376891,178.2823897295828,178.2823897295828
NN,TCGA-KIRC,TCGA-CJ-6030-11,TCGA-CZ-4863-11,0.0010299033101336254,0.16031697961351185,155.66216559951772,155.66216559951772
NN,TCGA-KIRC,TCGA-CJ-6030-11,TCGA-CZ-4864-11,0.00040515981192523667,0.12706549063441613,313.6181992745699,313.6181992745699
NN,TCGA-KIRC,TCGA-CJ-6030-11,TCGA-CZ-4865-11,0.0008034128684271559,0.24193882043859552,301.13884149284286,301.13884149284286
NN,TCGA-KIRC,TCGA-CJ-6030-11,TCGA-CZ-5451-11,0.00021941429235598843,0.11438869963979609,521.3365930338134,521.3365930338134
NN,TCGA-KIRC,TCGA-CJ-6030-11,TCGA-CZ-5452-11,0.0006000606318258808,0.14092805605975633,234.85636048300088,234.85636048300088
NN,TCGA-KIRC,TCGA-CJ-6030-11,TCGA-CZ-5453-11,0.0007023151627843502,0.22281957117509882,317.26436076322733,317.26436076322733
NN,TCGA-KIRC,TCGA-CJ-6030-11,TCGA-CZ-5454-11,0.0005996095330853305,0.19425342507188803,323.9665388112564,323.9665388112564
NN,TCGA-KIRC,TCGA-CJ-6030-11,TCGA-CZ-5455-11,0.0008176090065570197,0.1314447130352588,160.7672028819461,160.7672028819461
NN,TCGA-KIRC,TCGA-CJ-6030-11,TCGA-CZ-5456-11,0.0009749794424083736,0.14470235915329896,148.4158053587861,148.4158053587861
NN,TCGA-KIRC,TCGA-CJ-6030-11,TCGA-CZ-5457-11,0.0007255028268749804,0.1509838411581108,208.10923895149554,208.10923895149554
NN,TCGA-KIRC,TCGA-CJ-6030-11,TCGA-CZ-5458-11,0.0007380576224293507,0.15091849697580878,204.48064268891852,204.48064268891852
NN,TCGA-KIRC,TCGA-CJ-6030-11,TCGA-CZ-5461-11,0.000710453845063089,0.1844604752692301,259.63752121413296,259.63752121413296
NN,TCGA-KIRC,TCGA-CJ-6030-11,TCGA-CZ-5462-11,0.0006624650963223572,0.17230039983183518,260.08977799487474,260.08977799487474
NN,TCGA-KIRC,TCGA-CJ-6030-11,TCGA-CZ-5463-11,0.0005948660875264943,0.1895193480693383,318.59161590027173,318.59161590027173
NN,TCGA-KIRC,TCGA-CJ-6030-11,TCGA-CZ-5465-11,0.0007587785039138558,0.11649570877275964,153.53058655702955,153.53058655702955
NN,TCGA-KIRC,TCGA-CJ-6030-11,TCGA-CZ-5466-11,0.0006436327156704118,0.13702764611012397,212.89726698773404,212.89726698773404
NN,TCGA-KIRC,TCGA-CJ-6030-11,TCGA-CZ-5467-11,0.0009416078135126404,0.22420183586485448,238.10532649307157,238.10532649307157
NN,TCGA-KIRC,TCGA-CJ-6030-11,TCGA-CZ-5468-11,0.0005253481526755097,0.15615216612027888,297.235586201307,297.235586201307
NN,TCGA-KIRC,TCGA-CJ-6030-11,TCGA-CZ-5469-11,0.0008049158597206753,0.1334788949392237,165.82962470828195,165.82962470828195
NN,TCGA-KIRC,TCGA-CJ-6030-11,TCGA-CZ-5470-11,0.0005884068766030418,0.2122347636326426,360.69388729428977,360.69388729428977
NN,TCGA-KIRC,TCGA-CJ-6030-11,TCGA-CZ-5982-11,0.0003500200706345009,0.03085876596044003,88.16284707474239,88.16284707474239
NN,TCGA-KIRC,TCGA-CJ-6030-11,TCGA-CZ-5984-11,0.0003050104435626684,0.12032964417174576,394.5099150253275,394.5099150253275
NN,TCGA-KIRC,TCGA-CJ-6030-11,TCGA-CZ-5985-11,0.0006054433575740304,0.08840794951202971,146.02183409241493,146.02183409241493
NN,TCGA-KIRC,TCGA-CJ-6030-11,TCGA-CZ-5986-11,0.000517222250989831,0.1475295974117584,285.23443670380476,285.23443670380476
NN,TCGA-KIRC,TCGA-CJ-6030-11,TCGA-CZ-5987-11,0.0008594071257905706,0.15040775515197174,175.01339078799387,175.01339078799387
NN,TCGA-KIRC,TCGA-CJ-6030-11,TCGA-CZ-5988-11,0.0003962611657721759,0.09480866677675043,239.25803224245087,239.25803224245087
NN,TCGA-KIRC,TCGA-CJ-6030-11,TCGA-CZ-5989-11,0.0008622445831049448,0.26106813429873,302.77735507322416,302.77735507322416
NN,TCGA-KIRC,TCGA-CJ-6030-11,TCGA-KL-8324-11,0.00041135902602976046,0.08722080501127823,212.0308525938801,212.0308525938801
NN,TCGA-KIRC,TCGA-CJ-6030-11,TCGA-KL-8326-11,0.0006345367247151863,0.16109096074957197,253.871768922245,253.871768922245
NN,TCGA-KIRC,TCGA-CJ-6030-11,TCGA-KL-8329-11,0.0002932880221593854,0.1101109063262272,375.4360833269495,375.4360833269495
NN,TCGA-KIRC,TCGA-CJ-6030-11,TCGA-KL-8332-11,0.002308381106141849,0.09189253546426004,39.808216771383194,39.808216771383194
NN,TCGA-KIRC,TCGA-CJ-6030-11,TCGA-KL-8336-11,0.0009569389327619608,0.23150899848205364,241.92661679451354,241.92661679451354
NN,TCGA-KIRC,TCGA-CJ-6030-11,TCGA-KL-8339-11,0.0010148694726991917,0.1459717249101551,143.83300398416975,143.83300398416975
NN,TCGA-KIRC,TCGA-CJ-6030-11,TCGA-P4-A5E8-11,0.0014415180765874173,0.229096162455677,158.9270132484419,158.9270132484419
NN,TCGA-KIRC,TCGA-CJ-6030-11,TCGA-P4-A5ED-11,0.000594172614190048,0.23070212704546134,388.27458811770566,388.27458811770566
NN,TCGA-KIRC,TCGA-CJ-6030-11,TCGA-V5-A7RE-11,0.0031828777538057953,0.2981229802795549,93.66460270837817,93.66460270837817
NN,TCGA-KIRC,TCGA-CJ-6030-11,TCGA-V5-AASX-11,0.0038726657025100787,0.2444770031372933,63.12886830867814,63.12886830867814
NN,TCGA-KIRC,TCGA-CJ-6033-11,TCGA-CW-5580-11,0.0008551125983659686,0.12989735134739055,151.90672151902675,151.90672151902675
NN,TCGA-KIRC,TCGA-CJ-6033-11,TCGA-CW-5581-11,0.0008155380124332289,0.2114494880613737,259.276066642799,259.276066642799
NN,TCGA-KIRC,TCGA-CJ-6033-11,TCGA-CW-5584-11,0.000737149814977097,0.12658691016622312,171.72480762293367,171.72480762293367
NN,TCGA-KIRC,TCGA-CJ-6033-11,TCGA-CW-5585-11,0.0005083491289343429,0.18907326529021665,371.93584984904516,371.93584984904516
NN,TCGA-KIRC,TCGA-CJ-6033-11,TCGA-CW-5587-11,0.0009431306848415686,0.1793343407759741,190.14792293191002,190.14792293191002
NN,TCGA-KIRC,TCGA-CJ-6033-11,TCGA-CW-5589-11,0.0007999618288207505,0.1375977922444968,172.00544736907528,172.00544736907528
NN,TCGA-KIRC,TCGA-CJ-6033-11,TCGA-CW-5591-11,0.002035333187248422,0.3276456137849387,160.9788588117529,160.9788588117529
NN,TCGA-KIRC,TCGA-CJ-6033-11,TCGA-CW-6087-11,0.0008454473192842635,0.09974021042674866,117.97330023021004,117.97330023021004
NN,TCGA-KIRC,TCGA-CJ-6033-11,TCGA-CW-6088-11,0.0016397942878242735,0.16418648572049532,100.1262700691211,100.1262700691211
NN,TCGA-KIRC,TCGA-CJ-6033-11,TCGA-CW-6090-11,0.001668356660240114,0.21576986989919678,129.3307810262481,129.3307810262481
NN,TCGA-KIRC,TCGA-CJ-6033-11,TCGA-CZ-4863-11,0.0017023533343961815,0.2471469209337434,145.17956756692084,145.17956756692084
NN,TCGA-KIRC,TCGA-CJ-6033-11,TCGA-CZ-4864-11,0.000953876566996754,0.20456685594231813,214.45841424366836,214.45841424366836
NN,TCGA-KIRC,TCGA-CJ-6033-11,TCGA-CZ-4865-11,0.0012856137203192477,0.27738561689025254,215.7612450039591,215.7612450039591
NN,TCGA-KIRC,TCGA-CJ-6033-11,TCGA-CZ-5451-11,0.000845883951893387,0.18532644082196767,219.0920402345282,219.0920402345282
NN,TCGA-KIRC,TCGA-CJ-6033-11,TCGA-CZ-5452-11,0.0010399219141901434,0.22228699555520254,213.7535448787155,213.7535448787155
NN,TCGA-KIRC,TCGA-CJ-6033-11,TCGA-CZ-5453-11,0.0013089263283200532,0.225202089691282,172.0510045667112,172.0510045667112
NN,TCGA-KIRC,TCGA-CJ-6033-11,TCGA-CZ-5454-11,0.0008930491447408607,0.21292897012481116,238.42917422713342,238.42917422713342
NN,TCGA-KIRC,TCGA-CJ-6033-11,TCGA-CZ-5455-11,0.0009729603351482251,0.19198894201306815,197.32453120385398,197.32453120385398
NN,TCGA-KIRC,TCGA-CJ-6033-11,TCGA-CZ-5456-11,0.0005286442724157256,0.1361532448766054,257.5517261436147,257.5517261436147
NN,TCGA-KIRC,TCGA-CJ-6033-11,TCGA-CZ-5457-11,0.0005749146246329581,0.21109985489475636,367.18470160596195,367.18470160596195
NN,TCGA-KIRC,TCGA-CJ-6033-11,TCGA-CZ-5458-11,0.0009998538019167264,0.2127735893891064,212.8047010285084,212.8047010285084
NN,TCGA-KIRC,TCGA-CJ-6033-11,TCGA-CZ-5461-11,0.0013728007827122218,0.18157496940639817,132.26607363062777,132.26607363062777
NN,TCGA-KIRC,TCGA-CJ-6033-11,TCGA-CZ-5462-11,0.0009915114534118398,0.20822518538494655,210.0078467761854,210.0078467761854
NN,TCGA-KIRC,TCGA-CJ-6033-11,TCGA-CZ-5463-11,0.0011244846189853556,0.18753968088429224,166.77834246724774,166.77834246724774
NN,TCGA-KIRC,TCGA-CJ-6033-11,TCGA-CZ-5465-11,0.001445643354679687,0.17815881408120962,123.23842772457837,123.23842772457837
NN,TCGA-KIRC,TCGA-CJ-6033-11,TCGA-CZ-5466-11,0.0014729477608954901,0.20061574648530367,136.20017750211164,136.20017750211164
NN,TCGA-KIRC,TCGA-CJ-6033-11,TCGA-CZ-5467-11,0.000979092944358142,0.21409587875347916,218.66757388782193,218.66757388782193
NN,TCGA-KIRC,TCGA-CJ-6033-11,TCGA-CZ-5468-11,0.0005297103115296483,0.2032022746598115,383.61019265987636,383.61019265987636
NN,TCGA-KIRC,TCGA-CJ-6033-11,TCGA-CZ-5469-11,0.0009963199054077408,0.18339170209088376,184.06909376745944,184.06909376745944
NN,TCGA-KIRC,TCGA-CJ-6033-11,TCGA-CZ-5470-11,0.0009175024144139075,0.21953564114296964,239.27527349691726,239.27527349691726
NN,TCGA-KIRC,TCGA-CJ-6033-11,TCGA-CZ-5982-11,0.0011854630711970945,0.13350736008072137,112.6204293701904,112.6204293701904
NN,TCGA-KIRC,TCGA-CJ-6033-11,TCGA-CZ-5984-11,0.001005301938769892,0.1688323192827585,167.9419016035572,167.9419016035572
NN,TCGA-KIRC,TCGA-CJ-6033-11,TCGA-CZ-5985-11,0.0014817719587023655,0.1306436895061212,88.1672032858079,88.1672032858079
NN,TCGA-KIRC,TCGA-CJ-6033-11,TCGA-CZ-5986-11,0.0012719576997619873,0.1878074102501598,147.65224526358298,147.65224526358298
NN,TCGA-KIRC,TCGA-CJ-6033-11,TCGA-CZ-5987-11,0.001781553803649269,0.13292123619122578,74.60972321967196,74.60972321967196
NN,TCGA-KIRC,TCGA-CJ-6033-11,TCGA-CZ-5988-11,0.0011613992761668641,0.1698355051063436,146.2335207120815,146.2335207120815
NN,TCGA-KIRC,TCGA-CJ-6033-11,TCGA-CZ-5989-11,0.0013665694082066588,0.26366935448332696,192.942526665615,192.942526665615
NN,TCGA-KIRC,TCGA-CJ-6033-11,TCGA-KL-8324-11,0.00045659520976183026,0.10203122045464086,223.46099624624293,223.46099624624293
NN,TCGA-KIRC,TCGA-CJ-6033-11,TCGA-KL-8326-11,0.0004765309863946016,0.16504850456919098,346.3541916086839,346.3541916086839
NN,TCGA-KIRC,TCGA-CJ-6033-11,TCGA-KL-8329-11,0.000549599002064712,0.12340315347201161,224.5330741293479,224.5330741293479
NN,TCGA-KIRC,TCGA-CJ-6033-11,TCGA-KL-8332-11,0.002253622902536983,0.18713695010783427,83.03827135283707,83.03827135283707
NN,TCGA-KIRC,TCGA-CJ-6033-11,TCGA-KL-8336-11,0.0008129090760315747,0.1198051881687733,147.37833750563252,147.37833750563252
NN,TCGA-KIRC,TCGA-CJ-6033-11,TCGA-KL-8339-11,0.0010078959344787316,0.19234284799550147,190.8360192909978,190.8360192909978
NN,TCGA-KIRC,TCGA-CJ-6033-11,TCGA-P4-A5E8-11,0.0005033955878045265,0.18542840119480597,368.3552372866837,368.3552372866837
NN,TCGA-KIRC,TCGA-CJ-6033-11,TCGA-P4-A5ED-11,0.0005057416003779884,0.21160078476131938,418.3970324038405,418.3970324038405
NN,TCGA-KIRC,TCGA-CJ-6033-11,TCGA-V5-A7RE-11,0.0036256700496647004,0.34293448683923583,94.58513382125055,94.58513382125055
NN,TCGA-KIRC,TCGA-CJ-6033-11,TCGA-V5-AASX-11,0.004700340586799398,0.28378112867922267,60.37458848752441,60.37458848752441
NN,TCGA-KIRC,TCGA-CW-5580-11,TCGA-CW-5581-11,0.00037580276719514574,0.1863043228499303,495.7502687924241,495.7502687924241
NN,TCGA-KIRC,TCGA-CW-5580-11,TCGA-CW-5584-11,0.0005720950844434862,0.1830225980489605,319.91639681190134,319.91639681190134
NN,TCGA-KIRC,TCGA-CW-5580-11,TCGA-CW-5585-11,0.0006693817015263395,0.17689507954863376,264.2663806693155,264.2663806693155
NN,TCGA-KIRC,TCGA-CW-5580-11,TCGA-CW-5587-11,0.0005250675284711002,0.18641540435371579,355.031294539434,355.031294539434
NN,TCGA-KIRC,TCGA-CW-5580-11,TCGA-CW-5589-11,0.00031421357310147045,0.1494413223978881,475.60428699121894,475.60428699121894
NN,TCGA-KIRC,TCGA-CW-5580-11,TCGA-CW-5591-11,0.001611166063265086,0.35862869619216486,222.58952963879523,222.58952963879523
NN,TCGA-KIRC,TCGA-CW-5580-11,TCGA-CW-6087-11,0.0006135377453847282,0.06967842706323998,113.56828098578852,113.56828098578852
NN,TCGA-KIRC,TCGA-CW-5580-11,TCGA-CW-6088-11,0.0004137779174992201,0.09270924541374741,224.0555657828747,224.0555657828747
NN,TCGA-KIRC,TCGA-CW-5580-11,TCGA-CW-6090-11,0.0007466988439526808,0.1948248414596649,260.9148829377472,260.9148829377472
NN,TCGA-KIRC,TCGA-CW-5580-11,TCGA-CZ-4863-11,0.0008791777722633853,0.17316350460313207,196.96073998474054,196.96073998474054
NN,TCGA-KIRC,TCGA-CW-5580-11,TCGA-CZ-4864-11,0.0008836178508871833,0.18247321888064877,206.50694041257685,206.50694041257685
NN,TCGA-KIRC,TCGA-CW-5580-11,TCGA-CZ-4865-11,0.0004314276611004079,0.19931905706126224,461.99878921271556,461.99878921271556
NN,TCGA-KIRC,TCGA-CW-5580-11,TCGA-CZ-5451-11,0.0004853191538987424,0.18072471775182292,372.383237504633,372.383237504633
NN,TCGA-KIRC,TCGA-CW-5580-11,TCGA-CZ-5452-11,0.0001901282629107449,0.12090125949308955,635.893147300495,635.893147300495
NN,TCGA-KIRC,TCGA-CW-5580-11,TCGA-CZ-5453-11,0.0003582807191734253,0.1635547634639001,456.4989258736294,456.4989258736294
NN,TCGA-KIRC,TCGA-CW-5580-11,TCGA-CZ-5454-11,0.00018534222459190414,0.12368432769694636,667.3294656373137,667.3294656373137
NN,TCGA-KIRC,TCGA-CW-5580-11,TCGA-CZ-5455-11,0.0007733383941957931,0.11061696601637275,143.03824412003374,143.03824412003374
NN,TCGA-KIRC,TCGA-CW-5580-11,TCGA-CZ-5456-11,0.0008597949881334421,0.0984390187290861,114.4912683694408,114.4912683694408
NN,TCGA-KIRC,TCGA-CW-5580-11,TCGA-CZ-5457-11,0.0006336010288276328,0.1556794706325477,245.7058362430458,245.7058362430458
NN,TCGA-KIRC,TCGA-CW-5580-11,TCGA-CZ-5458-11,0.00037536277091980956,0.13449881365654984,358.3168712415633,358.3168712415633
NN,TCGA-KIRC,TCGA-CW-5580-11,TCGA-CZ-5461-11,0.0006736675799290875,0.15412941635250613,228.79150035501235,228.79150035501235
NN,TCGA-KIRC,TCGA-CW-5580-11,TCGA-CZ-5462-11,0.0006021684612675132,0.14020343103162142,232.83091036768212,232.83091036768212
NN,TCGA-KIRC,TCGA-CW-5580-11,TCGA-CZ-5463-11,0.0003029513233362929,0.1182894146367039,390.4568342333862,390.4568342333862
NN,TCGA-KIRC,TCGA-CW-5580-11,TCGA-CZ-5465-11,0.00038870231400126487,0.09329025033554436,240.00436059982084,240.00436059982084
NN,TCGA-KIRC,TCGA-CW-5580-11,TCGA-CZ-5466-11,0.0011133499265021827,0.19943947358341602,179.1345818919628,179.1345818919628
NN,TCGA-KIRC,TCGA-CW-5580-11,TCGA-CZ-5467-11,0.0007666944015822053,0.15986291892531918,208.5093077442781,208.5093077442781
NN,TCGA-KIRC,TCGA-CW-5580-11,TCGA-CZ-5468-11,0.0004552007131730434,0.13403075776705214,294.44320689388,294.44320689388
NN,TCGA-KIRC,TCGA-CW-5580-11,TCGA-CZ-5469-11,0.0004528328750893146,0.1324338506835533,292.4563519321177,292.4563519321177
NN,TCGA-KIRC,TCGA-CW-5580-11,TCGA-CZ-5470-11,0.0006106610594754838,0.13343933525237425,218.5162017158742,218.5162017158742
NN,TCGA-KIRC,TCGA-CW-5580-11,TCGA-CZ-5982-11,0.000778972691388675,0.08789010235909347,112.82822020681077,112.82822020681077
NN,TCGA-KIRC,TCGA-CW-5580-11,TCGA-CZ-5984-11,0.00037110168763110655,0.1688247408378222,454.92851815226004,454.92851815226004
NN,TCGA-KIRC,TCGA-CW-5580-11,TCGA-CZ-5985-11,0.0009361629174252581,0.124294667316144,132.77033837015608,132.77033837015608
NN,TCGA-KIRC,TCGA-CW-5580-11,TCGA-CZ-5986-11,0.00045848309944953767,0.1515771111984796,330.6056676472166,330.6056676472166
NN,TCGA-KIRC,TCGA-CW-5580-11,TCGA-CZ-5987-11,0.0007103878254998864,0.1734246033495402,244.12665465867835,244.12665465867835
NN,TCGA-KIRC,TCGA-CW-5580-11,TCGA-CZ-5988-11,0.000469070725379254,0.14749250676675252,314.43553985915787,314.43553985915787
NN,TCGA-KIRC,TCGA-CW-5580-11,TCGA-CZ-5989-11,0.0002973290537232301,0.20110418771319105,676.3691109056219,676.3691109056219
NN,TCGA-KIRC,TCGA-CW-5580-11,TCGA-KL-8324-11,0.0005987988793775866,0.10406189114161157,173.78437857094406,173.78437857094406
NN,TCGA-KIRC,TCGA-CW-5580-11,TCGA-KL-8326-11,0.000875588956873625,0.20594058073909363,235.20235051207632,235.20235051207632
NN,TCGA-KIRC,TCGA-CW-5580-11,TCGA-KL-8329-11,0.0005186622018756449,0.18475233800318314,356.20937352878394,356.20937352878394
NN,TCGA-KIRC,TCGA-CW-5580-11,TCGA-KL-8332-11,0.0035160017597417005,0.1526706321506278,43.421659766701474,43.421659766701474
NN,TCGA-KIRC,TCGA-CW-5580-11,TCGA-KL-8336-11,0.0008902111596861899,0.17297988403770087,194.3133178634588,194.3133178634588
NN,TCGA-KIRC,TCGA-CW-5580-11,TCGA-KL-8339-11,0.001713849483722227,0.1847853321965511,107.81888021766343,107.81888021766343
NN,TCGA-KIRC,TCGA-CW-5580-11,TCGA-P4-A5E8-11,0.0016767480004992311,0.20007295158508798,119.32201590550203,119.32201590550203
NN,TCGA-KIRC,TCGA-CW-5580-11,TCGA-P4-A5ED-11,0.00035954983083892513,0.15851599151495777,440.8734976876443,440.8734976876443
NN,TCGA-KIRC,TCGA-CW-5580-11,TCGA-V5-A7RE-11,0.0025283922076196875,0.29343727736283387,116.0568666833084,116.0568666833084
NN,TCGA-KIRC,TCGA-CW-5580-11,TCGA-V5-AASX-11,0.0032857971675341224,0.25901595486222423,78.8289543315319,78.8289543315319
NN,TCGA-KIRC,TCGA-CW-5581-11,TCGA-CW-5584-11,0.0004760084621570983,0.11446145535089369,240.46096750506442,240.46096750506442
NN,TCGA-KIRC,TCGA-CW-5581-11,TCGA-CW-5585-11,0.00031119222097037504,0.13131262403015742,421.9662805859731,421.9662805859731
NN,TCGA-KIRC,TCGA-CW-5581-11,TCGA-CW-5587-11,0.0002831379462690978,0.13035857482671692,460.40658465051706,460.40658465051706
NN,TCGA-KIRC,TCGA-CW-5581-11,TCGA-CW-5589-11,0.00011629843737609373,0.08229253988429835,707.5979844696897,707.5979844696897
NN,TCGA-KIRC,TCGA-CW-5581-11,TCGA-CW-5591-11,0.0014459412205300537,0.3346601050119476,231.44793181099558,231.44793181099558
NN,TCGA-KIRC,TCGA-CW-5581-11,TCGA-CW-6087-11,0.0006138809219808793,0.17701952441123336,288.3613386127465,288.3613386127465
NN,TCGA-KIRC,TCGA-CW-5581-11,TCGA-CW-6088-11,0.0007191979134303166,0.1800529100619464,250.352381033975,250.352381033975
NN,TCGA-KIRC,TCGA-CW-5581-11,TCGA-CW-6090-11,0.0004734187887832412,0.14089508314667004,297.6119378548367,297.6119378548367
NN,TCGA-KIRC,TCGA-CW-5581-11,TCGA-CZ-4863-11,0.001013449717209607,0.2760624880833685,272.398801238475,272.398801238475
NN,TCGA-KIRC,TCGA-CW-5581-11,TCGA-CZ-4864-11,0.0004240206029867523,0.17585850320331373,414.74046771450884,414.74046771450884
NN,TCGA-KIRC,TCGA-CW-5581-11,TCGA-CZ-4865-11,0.0007096207186450157,0.2918842752501178,411.3243421182175,411.3243421182175
NN,TCGA-KIRC,TCGA-CW-5581-11,TCGA-CZ-5451-11,0.00019598579976473906,0.11601081265627314,591.9347870893314,591.9347870893314
NN,TCGA-KIRC,TCGA-CW-5581-11,TCGA-CZ-5452-11,0.00040485354094957647,0.24649192340573806,608.8422070549162,608.8422070549162
NN,TCGA-KIRC,TCGA-CW-5581-11,TCGA-CZ-5453-11,0.0005750581613751909,0.24113808158121636,419.3281615281489,419.3281615281489
NN,TCGA-KIRC,TCGA-CW-5581-11,TCGA-CZ-5454-11,0.0004908103707749982,0.2534515376600228,516.3940143722276,516.3940143722276
NN,TCGA-KIRC,TCGA-CW-5581-11,TCGA-CZ-5455-11,0.0009855681841299492,0.25642447817631314,260.17933848248396,260.17933848248396
NN,TCGA-KIRC,TCGA-CW-5581-11,TCGA-CZ-5456-11,0.001076040927608525,0.2335786874704044,217.07230782524914,217.07230782524914
NN,TCGA-KIRC,TCGA-CW-5581-11,TCGA-CZ-5457-11,0.0008089076770405885,0.252312187594261,311.9171628057138,311.9171628057138
NN,TCGA-KIRC,TCGA-CW-5581-11,TCGA-CZ-5458-11,0.0006930914011824384,0.2825540317119954,407.67210678122433,407.67210678122433
NN,TCGA-KIRC,TCGA-CW-5581-11,TCGA-CZ-5461-11,0.0008060460292605199,0.13850414692207103,171.8315603503897,171.8315603503897
NN,TCGA-KIRC,TCGA-CW-5581-11,TCGA-CZ-5462-11,0.0006952893246806161,0.26993330395014603,388.23162440203,388.23162440203
NN,TCGA-KIRC,TCGA-CW-5581-11,TCGA-CZ-5463-11,0.00046314161576703516,0.18251060051012397,394.07082908724965,394.07082908724965
NN,TCGA-KIRC,TCGA-CW-5581-11,TCGA-CZ-5465-11,0.0006228232847997528,0.20496020721708813,329.08244155159673,329.08244155159673
NN,TCGA-KIRC,TCGA-CW-5581-11,TCGA-CZ-5466-11,0.0008209734632451388,0.1667061941531483,203.05917501181233,203.05917501181233
NN,TCGA-KIRC,TCGA-CW-5581-11,TCGA-CZ-5467-11,0.0009887374352271412,0.29220445144782287,295.5329099890864,295.5329099890864
NN,TCGA-KIRC,TCGA-CW-5581-11,TCGA-CZ-5468-11,0.000559250616183447,0.24924868700620179,445.6833480259278,445.6833480259278
NN,TCGA-KIRC,TCGA-CW-5581-11,TCGA-CZ-5469-11,0.0007283442289561441,0.2382212929150353,327.07239714997365,327.07239714997365
NN,TCGA-KIRC,TCGA-CW-5581-11,TCGA-CZ-5470-11,0.0007197545434772161,0.26476744077930214,367.8579637721778,367.8579637721778
NN,TCGA-KIRC,TCGA-CW-5581-11,TCGA-CZ-5982-11,0.00033547410143369585,0.10175041041132926,303.3033249853999,303.3033249853999
NN,TCGA-KIRC,TCGA-CW-5581-11,TCGA-CZ-5984-11,0.00022805618619077276,0.12739372997140203,558.6067718629438,558.6067718629438
NN,TCGA-KIRC,TCGA-CW-5581-11,TCGA-CZ-5985-11,0.0005993220296251366,0.19405693440911215,323.7940953555315,323.7940953555315
NN,TCGA-KIRC,TCGA-CW-5581-11,TCGA-CZ-5986-11,0.00046004239916147517,0.12364031180902196,268.75851450732074,268.75851450732074
NN,TCGA-KIRC,TCGA-CW-5581-11,TCGA-CZ-5987-11,0.0007906781724988626,0.11248118351405391,142.25912315065926,142.25912315065926
NN,TCGA-KIRC,TCGA-CW-5581-11,TCGA-CZ-5988-11,0.000287256066705991,0.11491643704278448,400.04877307048287,400.04877307048287
NN,TCGA-KIRC,TCGA-CW-5581-11,TCGA-CZ-5989-11,0.0005753208631187207,0.26886827750958,467.3362200913223,467.3362200913223
NN,TCGA-KIRC,TCGA-CW-5581-11,TCGA-KL-8324-11,0.0005985461533776368,0.08209269022225361,137.1534839193251,137.1534839193251
NN,TCGA-KIRC,TCGA-CW-5581-11,TCGA-KL-8326-11,0.0008532566495873545,0.15154512706246498,177.6079062914471,177.6079062914471
NN,TCGA-KIRC,TCGA-CW-5581-11,TCGA-KL-8329-11,0.00031605549516679893,0.11093343423279806,350.99353097547856,350.99353097547856
NN,TCGA-KIRC,TCGA-CW-5581-11,TCGA-KL-8332-11,0.0030080105974482673,0.16224616983255208,53.93803132548386,53.93803132548386
NN,TCGA-KIRC,TCGA-CW-5581-11,TCGA-KL-8336-11,0.00100899360946664,0.20831328607929467,206.45649697366298,206.45649697366298
NN,TCGA-KIRC,TCGA-CW-5581-11,TCGA-KL-8339-11,0.0014433502104571464,0.14823517089468383,102.70215074672272,102.70215074672272
NN,TCGA-KIRC,TCGA-CW-5581-11,TCGA-P4-A5E8-11,0.0017643476797859054,0.24591385477064884,139.3794758187849,139.3794758187849
NN,TCGA-KIRC,TCGA-CW-5581-11,TCGA-P4-A5ED-11,0.0006414399466419349,0.26401824334488944,411.6024340658501,411.6024340658501
NN,TCGA-KIRC,TCGA-CW-5581-11,TCGA-V5-A7RE-11,0.0027762732813738154,0.3641600130000633,131.16864807338482,131.16864807338482
NN,TCGA-KIRC,TCGA-CW-5581-11,TCGA-V5-AASX-11,0.003427771353033325,0.3008792744006036,87.77693825299859,87.77693825299859
NN,TCGA-KIRC,TCGA-CW-5584-11,TCGA-CW-5585-11,0.00041497996423600403,0.10909885841496347,262.90150806634523,262.90150806634523
NN,TCGA-KIRC,TCGA-CW-5584-11,TCGA-CW-5587-11,0.0004759934706920786,0.10740905052494837,225.6523610896998,225.6523610896998
NN,TCGA-KIRC,TCGA-CW-5584-11,TCGA-CW-5589-11,0.00035924077638022913,0.1321965146241656,367.9886118613818,367.9886118613818
NN,TCGA-KIRC,TCGA-CW-5584-11,TCGA-CW-5591-11,0.001330316151185664,0.3133822978747521,235.569791132315,235.569791132315
NN,TCGA-KIRC,TCGA-CW-5584-11,TCGA-CW-6087-11,0.0007940314110471507,0.08907498285103599,112.18067901566502,112.18067901566502
NN,TCGA-KIRC,TCGA-CW-5584-11,TCGA-CW-6088-11,0.0008451149546022949,0.09979428114761367,118.08367678758702,118.08367678758702
NN,TCGA-KIRC,TCGA-CW-5584-11,TCGA-CW-6090-11,0.0007883563665669862,0.0770887359275629,97.78412301438897,97.78412301438897
NN,TCGA-KIRC,TCGA-CW-5584-11,TCGA-CZ-4863-11,0.0010049217079143094,0.09436262077935154,93.9004700925397,93.9004700925397
NN,TCGA-KIRC,TCGA-CW-5584-11,TCGA-CZ-4864-11,0.0007664668144567758,0.10363985914552748,135.21767308214248,135.21767308214248
NN,TCGA-KIRC,TCGA-CW-5584-11,TCGA-CZ-4865-11,0.0007506669704217241,0.1992936375372654,265.4887525227098,265.4887525227098
NN,TCGA-KIRC,TCGA-CW-5584-11,TCGA-CZ-5451-11,0.0005257659965768186,0.09410755015758665,178.99132079728705,178.99132079728705
NN,TCGA-KIRC,TCGA-CW-5584-11,TCGA-CZ-5452-11,0.0006028329857347409,0.16936934366361395,280.95566711098985,280.95566711098985
NN,TCGA-KIRC,TCGA-CW-5584-11,TCGA-CZ-5453-11,0.0007407334034882928,0.20720734339196256,279.73268441273615,279.73268441273615
NN,TCGA-KIRC,TCGA-CW-5584-11,TCGA-CZ-5454-11,0.000501729687217289,0.16509645725915476,329.0545914769736,329.0545914769736
NN,TCGA-KIRC,TCGA-CW-5584-11,TCGA-CZ-5455-11,0.0009974333492743352,0.11254399190168518,112.83359633359417,112.83359633359417
NN,TCGA-KIRC,TCGA-CW-5584-11,TCGA-CZ-5456-11,0.0011424475162262891,0.10621662262549214,92.97286843980795,92.97286843980795
NN,TCGA-KIRC,TCGA-CW-5584-11,TCGA-CZ-5457-11,0.000756314316891382,0.11571585900682894,152.9996939400097,152.9996939400097
NN,TCGA-KIRC,TCGA-CW-5584-11,TCGA-CZ-5458-11,0.0008354826030454689,0.11431406540137283,136.82399248611475,136.82399248611475
NN,TCGA-KIRC,TCGA-CW-5584-11,TCGA-CZ-5461-11,0.000800579328791768,0.1731711688156648,216.3073196968678,216.3073196968678
NN,TCGA-KIRC,TCGA-CW-5584-11,TCGA-CZ-5462-11,0.0008079931320529463,0.21627960187120768,267.6750498134621,267.6750498134621
NN,TCGA-KIRC,TCGA-CW-5584-11,TCGA-CZ-5463-11,0.0007022813590178565,0.16615276054863132,236.59001967672427,236.59001967672427
NN,TCGA-KIRC,TCGA-CW-5584-11,TCGA-CZ-5465-11,0.0007513372398810663,0.12978413031048125,172.7375184158655,172.7375184158655
NN,TCGA-KIRC,TCGA-CW-5584-11,TCGA-CZ-5466-11,0.0009047638868259914,0.11217580131789875,123.98350879302166,123.98350879302166
NN,TCGA-KIRC,TCGA-CW-5584-11,TCGA-CZ-5467-11,0.0010400082173346809,0.15913385627843205,153.01211435257517,153.01211435257517
NN,TCGA-KIRC,TCGA-CW-5584-11,TCGA-CZ-5468-11,0.0005250556540875964,0.13279533583845965,252.91668569729381,252.91668569729381
NN,TCGA-KIRC,TCGA-CW-5584-11,TCGA-CZ-5469-11,0.0008340014770803603,0.0868106594264829,104.08933534552752,104.08933534552752
NN,TCGA-KIRC,TCGA-CW-5584-11,TCGA-CZ-5470-11,0.0007454204669593396,0.18338582121742428,246.01661658885925,246.01661658885925
NN,TCGA-KIRC,TCGA-CW-5584-11,TCGA-CZ-5982-11,0.0007439197391364621,0.046999633563896276,63.178366013587954,63.178366013587954
NN,TCGA-KIRC,TCGA-CW-5584-11,TCGA-CZ-5984-11,0.00045776799480697186,0.09907648336068,216.433836538655,216.433836538655
NN,TCGA-KIRC,TCGA-CW-5584-11,TCGA-CZ-5985-11,0.0009276146934675603,0.1838570893930561,198.2041581357139,198.2041581357139
NN,TCGA-KIRC,TCGA-CW-5584-11,TCGA-CZ-5986-11,0.0006593864106080767,0.09465597712490875,143.5516043432232,143.5516043432232
NN,TCGA-KIRC,TCGA-CW-5584-11,TCGA-CZ-5987-11,0.0005196706336461163,0.1476281573935074,284.0802382034132,284.0802382034132
NN,TCGA-KIRC,TCGA-CW-5584-11,TCGA-CZ-5988-11,0.0006457060407637138,0.079591958697218,123.2634568558163,123.2634568558163
NN,TCGA-KIRC,TCGA-CW-5584-11,TCGA-CZ-5989-11,0.0005932617719182692,0.19940522483123646,336.1167603745544,336.1167603745544
NN,TCGA-KIRC,TCGA-CW-5584-11,TCGA-KL-8324-11,0.0005124343217305567,0.17931094988312848,349.91986734528695,349.91986734528695
NN,TCGA-KIRC,TCGA-CW-5584-11,TCGA-KL-8326-11,0.0008340853276512642,0.15102433655061684,181.06581130721074,181.06581130721074
NN,TCGA-KIRC,TCGA-CW-5584-11,TCGA-KL-8329-11,0.0003119301580103321,0.12999829239980454,416.75448513541477,416.75448513541477
NN,TCGA-KIRC,TCGA-CW-5584-11,TCGA-KL-8332-11,0.003347381511912913,0.11366185099151321,33.95545162300887,33.95545162300887
NN,TCGA-KIRC,TCGA-CW-5584-11,TCGA-KL-8336-11,0.00043415674825517315,0.17504190358700403,403.17674270981075,403.17674270981075
NN,TCGA-KIRC,TCGA-CW-5584-11,TCGA-KL-8339-11,0.0015967004510914866,0.13436703008537298,84.15293550742169,84.15293550742169
NN,TCGA-KIRC,TCGA-CW-5584-11,TCGA-P4-A5E8-11,0.0014539827532399632,0.21410963499132196,147.2573416116619,147.2573416116619
NN,TCGA-KIRC,TCGA-CW-5584-11,TCGA-P4-A5ED-11,0.0005771274709529735,0.17407820497674,301.6286933791175,301.6286933791175
NN,TCGA-KIRC,TCGA-CW-5584-11,TCGA-V5-A7RE-11,0.0023654403077650052,0.1650993577852554,69.7964591384046,69.7964591384046
NN,TCGA-KIRC,TCGA-CW-5584-11,TCGA-V5-AASX-11,0.003092063787053571,0.1514406558447977,48.97720948671165,48.97720948671165
NN,TCGA-KIRC,TCGA-CW-5585-11,TCGA-CW-5587-11,0.00035196904586507334,0.13497278437563234,383.47913250125384,383.47913250125384
NN,TCGA-KIRC,TCGA-CW-5585-11,TCGA-CW-5589-11,0.00030869913372524405,0.08212311435985606,266.02962363007236,266.02962363007236
NN,TCGA-KIRC,TCGA-CW-5585-11,TCGA-CW-5591-11,0.0015983764051853695,0.33987057143847116,212.63487770207365,212.63487770207365
NN,TCGA-KIRC,TCGA-CW-5585-11,TCGA-CW-6087-11,0.0006132830731467489,0.14944508366802492,243.6804311281963,243.6804311281963
NN,TCGA-KIRC,TCGA-CW-5585-11,TCGA-CW-6088-11,0.0011088267861709628,0.17598756404255772,158.71510883163617,158.71510883163617
NN,TCGA-KIRC,TCGA-CW-5585-11,TCGA-CW-6090-11,0.000738667168158624,0.16091111380780782,217.83980762124952,217.83980762124952
NN,TCGA-KIRC,TCGA-CW-5585-11,TCGA-CZ-4863-11,0.001076059770786739,0.23121355018467277,214.87054572779516,214.87054572779516
NN,TCGA-KIRC,TCGA-CW-5585-11,TCGA-CZ-4864-11,0.0003966855627003491,0.15799407831825593,398.28542597503736,398.28542597503736
NN,TCGA-KIRC,TCGA-CW-5585-11,TCGA-CZ-4865-11,0.0008226112384735525,0.2755142695759495,334.92645941380175,334.92645941380175
NN,TCGA-KIRC,TCGA-CW-5585-11,TCGA-CZ-5451-11,0.00026962868482074216,0.135425075879973,502.2650908600765,502.2650908600765
NN,TCGA-KIRC,TCGA-CW-5585-11,TCGA-CZ-5452-11,0.0006807199271146728,0.18408785931929803,270.4311303175453,270.4311303175453
NN,TCGA-KIRC,TCGA-CW-5585-11,TCGA-CZ-5453-11,0.0007767532599845144,0.2345462526430523,301.95721695165884,301.95721695165884
NN,TCGA-KIRC,TCGA-CW-5585-11,TCGA-CZ-5454-11,0.0006476591432266989,0.2358092105541046,364.09462140730517,364.09462140730517
NN,TCGA-KIRC,TCGA-CW-5585-11,TCGA-CZ-5455-11,0.0007388488884802133,0.17151697503534674,232.1408040393094,232.1408040393094
NN,TCGA-KIRC,TCGA-CW-5585-11,TCGA-CZ-5456-11,0.0008528970876511859,0.15315014055676845,179.5646189606912,179.5646189606912
NN,TCGA-KIRC,TCGA-CW-5585-11,TCGA-CZ-5457-11,0.000685117506164737,0.20489838959533102,299.07043354116695,299.07043354116695
NN,TCGA-KIRC,TCGA-CW-5585-11,TCGA-CZ-5458-11,0.0007455297918717645,0.19963470028754643,267.77561737182026,267.77561737182026
NN,TCGA-KIRC,TCGA-CW-5585-11,TCGA-CZ-5461-11,0.0007407542265301754,0.14963538132603332,202.00408714095641,202.00408714095641
NN,TCGA-KIRC,TCGA-CW-5585-11,TCGA-CZ-5462-11,0.0006588630146739438,0.21195075898773702,321.69169351936773,321.69169351936773
NN,TCGA-KIRC,TCGA-CW-5585-11,TCGA-CZ-5463-11,0.000682411835929955,0.19555828081194776,286.5692980624394,286.5692980624394
NN,TCGA-KIRC,TCGA-CW-5585-11,TCGA-CZ-5465-11,0.0008510383964912091,0.19341194492964758,227.26582693222284,227.26582693222284
NN,TCGA-KIRC,TCGA-CW-5585-11,TCGA-CZ-5466-11,0.0006337228790664583,0.12474784825615984,196.84921024143358,196.84921024143358
NN,TCGA-KIRC,TCGA-CW-5585-11,TCGA-CZ-5467-11,0.0008430458311649591,0.24181562203846035,286.83567737273376,286.83567737273376
NN,TCGA-KIRC,TCGA-CW-5585-11,TCGA-CZ-5468-11,0.0004996747773351357,0.2115660022663399,423.40740790372325,423.40740790372325
NN,TCGA-KIRC,TCGA-CW-5585-11,TCGA-CZ-5469-11,0.0007654227058098022,0.18555807909412608,242.4256266317698,242.4256266317698
NN,TCGA-KIRC,TCGA-CW-5585-11,TCGA-CZ-5470-11,0.0005772608054724637,0.25051110606058674,433.96520894148347,433.96520894148347
NN,TCGA-KIRC,TCGA-CW-5585-11,TCGA-CZ-5982-11,0.00043326658982506804,0.11361536079296895,262.22968366621876,262.22968366621876
NN,TCGA-KIRC,TCGA-CW-5585-11,TCGA-CZ-5984-11,0.00040893702462323146,0.11522501353178838,281.7671342866285,281.7671342866285
NN,TCGA-KIRC,TCGA-CW-5585-11,TCGA-CZ-5985-11,0.0006631581486888806,0.14001214762274786,211.12934810431514,211.12934810431514
NN,TCGA-KIRC,TCGA-CW-5585-11,TCGA-CZ-5986-11,0.0006495921384989125,0.13254756490427955,204.047366106635,204.047366106635
NN,TCGA-KIRC,TCGA-CW-5585-11,TCGA-CZ-5987-11,0.000957700067866921,0.0962444707808043,100.49542023649322,100.49542023649322
NN,TCGA-KIRC,TCGA-CW-5585-11,TCGA-CZ-5988-11,0.00048213722431111015,0.13517725770308497,280.37092115471825,280.37092115471825
NN,TCGA-KIRC,TCGA-CW-5585-11,TCGA-CZ-5989-11,0.0009553274440752193,0.2705358591323797,283.18652500794127,283.18652500794127
NN,TCGA-KIRC,TCGA-CW-5585-11,TCGA-KL-8324-11,0.00038016808580464785,0.06303867277714,165.8178977430864,165.8178977430864
NN,TCGA-KIRC,TCGA-CW-5585-11,TCGA-KL-8326-11,0.0006217770668902301,0.13005543849279746,209.16731320320267,209.16731320320267
NN,TCGA-KIRC,TCGA-CW-5585-11,TCGA-KL-8329-11,0.0002859456162650815,0.09354804126936175,327.15326253730524,327.15326253730524
NN,TCGA-KIRC,TCGA-CW-5585-11,TCGA-KL-8332-11,0.0021626726387322407,0.12151585325438183,56.18781644438543,56.18781644438543
NN,TCGA-KIRC,TCGA-CW-5585-11,TCGA-KL-8336-11,0.0009000580414986643,0.2174528034478805,241.59864522270723,241.59864522270723
NN,TCGA-KIRC,TCGA-CW-5585-11,TCGA-KL-8339-11,0.0009378946186936965,0.11581505465700655,123.4840805658041,123.4840805658041
NN,TCGA-KIRC,TCGA-CW-5585-11,TCGA-P4-A5E8-11,0.0013205349511084315,0.23668260348863063,179.23236586048995,179.23236586048995
NN,TCGA-KIRC,TCGA-CW-5585-11,TCGA-P4-A5ED-11,0.000637275434394934,0.2656171041895907,416.80110334361615,416.80110334361615
NN,TCGA-KIRC,TCGA-CW-5585-11,TCGA-V5-A7RE-11,0.0033391989840598213,0.34885402679734034,104.47236851192413,104.47236851192413
NN,TCGA-KIRC,TCGA-CW-5585-11,TCGA-V5-AASX-11,0.004052041738419369,0.313846013055714,77.45379571981898,77.45379571981898
NN,TCGA-KIRC,TCGA-CW-5587-11,TCGA-CW-5589-11,0.0002192037051075879,0.08874247500560414,404.84021454860095,404.84021454860095
NN,TCGA-KIRC,TCGA-CW-5587-11,TCGA-CW-5591-11,0.001568060208871398,0.3425328440618898,218.44368100407684,218.44368100407684
NN,TCGA-KIRC,TCGA-CW-5587-11,TCGA-CW-6087-11,0.0004171430277331213,0.08572869351305915,205.5139072536685,205.5139072536685
NN,TCGA-KIRC,TCGA-CW-5587-11,TCGA-CW-6088-11,0.0006425940989604648,0.10818573815979327,168.35781457502821,168.35781457502821
NN,TCGA-KIRC,TCGA-CW-5587-11,TCGA-CW-6090-11,0.0003358725167127485,0.10765781770233447,320.5317861550658,320.5317861550658
NN,TCGA-KIRC,TCGA-CW-5587-11,TCGA-CZ-4863-11,0.0007819171460421567,0.23402673364813836,299.2986339188435,299.2986339188435
NN,TCGA-KIRC,TCGA-CW-5587-11,TCGA-CZ-4864-11,0.00046048114928663996,0.1642001256413129,356.58381650516105,356.58381650516105
NN,TCGA-KIRC,TCGA-CW-5587-11,TCGA-CZ-4865-11,0.0006800709499450835,0.29480760054915633,433.4953589371262,433.4953589371262
NN,TCGA-KIRC,TCGA-CW-5587-11,TCGA-CZ-5451-11,0.00025618435027072357,0.13261672810818764,517.6613168136325,517.6613168136325
NN,TCGA-KIRC,TCGA-CW-5587-11,TCGA-CZ-5452-11,0.000507975153755263,0.20184225971413605,397.34671710219413,397.34671710219413
NN,TCGA-KIRC,TCGA-CW-5587-11,TCGA-CZ-5453-11,0.0005683091775590481,0.2441668115913821,429.63728412781586,429.63728412781586
NN,TCGA-KIRC,TCGA-CW-5587-11,TCGA-CZ-5454-11,0.0005375644650343692,0.22435573793723385,417.3559685030327,417.3559685030327
NN,TCGA-KIRC,TCGA-CW-5587-11,TCGA-CZ-5455-11,0.0007702538871324335,0.2046132623845429,265.6439205341689,265.6439205341689
NN,TCGA-KIRC,TCGA-CW-5587-11,TCGA-CZ-5456-11,0.0012331701944204164,0.20695599016908628,167.82435312293168,167.82435312293168
NN,TCGA-KIRC,TCGA-CW-5587-11,TCGA-CZ-5457-11,0.0008846844634223419,0.20071430968559759,226.87672044013058,226.87672044013058
NN,TCGA-KIRC,TCGA-CW-5587-11,TCGA-CZ-5458-11,0.0007363013738333932,0.23364821197582739,317.32687222813223,317.32687222813223
NN,TCGA-KIRC,TCGA-CW-5587-11,TCGA-CZ-5461-11,0.0005368143938996422,0.15427732765021793,287.39417087810085,287.39417087810085
NN,TCGA-KIRC,TCGA-CW-5587-11,TCGA-CZ-5462-11,0.0005188015766262974,0.1691510885818987,326.04197096290136,326.04197096290136
NN,TCGA-KIRC,TCGA-CW-5587-11,TCGA-CZ-5463-11,0.00047770673713147765,0.18999787500996584,397.7291091828863,397.7291091828863
NN,TCGA-KIRC,TCGA-CW-5587-11,TCGA-CZ-5465-11,0.0005716681738158907,0.17657605852606328,308.8785883380849,308.8785883380849
NN,TCGA-KIRC,TCGA-CW-5587-11,TCGA-CZ-5466-11,0.0005259324726009676,0.15894195049351398,302.20980596135485,302.20980596135485
NN,TCGA-KIRC,TCGA-CW-5587-11,TCGA-CZ-5467-11,0.0010535672116612183,0.260054583814995,246.83245732842465,246.83245732842465
NN,TCGA-KIRC,TCGA-CW-5587-11,TCGA-CZ-5468-11,0.000691683498120027,0.20631189151396198,298.2749943792369,298.2749943792369
NN,TCGA-KIRC,TCGA-CW-5587-11,TCGA-CZ-5469-11,0.0008471080653713408,0.18991989746126903,224.19795681913993,224.19795681913993
NN,TCGA-KIRC,TCGA-CW-5587-11,TCGA-CZ-5470-11,0.0005927799143596798,0.2353363700022716,397.0046290392307,397.0046290392307
NN,TCGA-KIRC,TCGA-CW-5587-11,TCGA-CZ-5982-11,0.0002772073029381727,0.04362670819111716,157.379360964554,157.379360964554
NN,TCGA-KIRC,TCGA-CW-5587-11,TCGA-CZ-5984-11,0.0002852298585543123,0.12106700480782931,424.45417678730234,424.45417678730234
NN,TCGA-KIRC,TCGA-CW-5587-11,TCGA-CZ-5985-11,0.00038677049693052997,0.1540848014346528,398.38819831784855,398.38819831784855
NN,TCGA-KIRC,TCGA-CW-5587-11,TCGA-CZ-5986-11,0.0002956289517140762,0.13734847712011325,464.59751767801396,464.59751767801396
NN,TCGA-KIRC,TCGA-CW-5587-11,TCGA-CZ-5987-11,0.0006551011130561048,0.10289223017752805,157.06312831240155,157.06312831240155
NN,TCGA-KIRC,TCGA-CW-5587-11,TCGA-CZ-5988-11,0.00028755861153538303,0.11828292785355096,411.33502217858876,411.33502217858876
NN,TCGA-KIRC,TCGA-CW-5587-11,TCGA-CZ-5989-11,0.0007193180549288352,0.2771140811664911,385.24555204429987,385.24555204429987
NN,TCGA-KIRC,TCGA-CW-5587-11,TCGA-KL-8324-11,0.0007370692112870048,0.10160143376999486,137.845174122234,137.845174122234
NN,TCGA-KIRC,TCGA-CW-5587-11,TCGA-KL-8326-11,0.0010935246366476378,0.1825009667183922,166.89241431073378,166.89241431073378
NN,TCGA-KIRC,TCGA-CW-5587-11,TCGA-KL-8329-11,0.0005318152210897007,0.11811732274628395,222.10218523693067,222.10218523693067
NN,TCGA-KIRC,TCGA-CW-5587-11,TCGA-KL-8332-11,0.0030099354600078973,0.1510566640345327,50.186014298836945,50.186014298836945
NN,TCGA-KIRC,TCGA-CW-5587-11,TCGA-KL-8336-11,0.0012921726473726944,0.2208741301137986,170.93236771641173,170.93236771641173
NN,TCGA-KIRC,TCGA-CW-5587-11,TCGA-KL-8339-11,0.0015326866047629482,0.17697972165686615,115.47026059136114,115.47026059136114
NN,TCGA-KIRC,TCGA-CW-5587-11,TCGA-P4-A5E8-11,0.002071730229236877,0.26148498896893235,126.21575206982935,126.21575206982935
NN,TCGA-KIRC,TCGA-CW-5587-11,TCGA-P4-A5ED-11,0.0008485387565376973,0.26343237157126337,310.4541419488599,310.4541419488599
NN,TCGA-KIRC,TCGA-CW-5587-11,TCGA-V5-A7RE-11,0.0030965686295246395,0.3047054632648907,98.40100437614606,98.40100437614606
NN,TCGA-KIRC,TCGA-CW-5587-11,TCGA-V5-AASX-11,0.003608968343125086,0.23153835214389834,64.15638213756237,64.15638213756237
NN,TCGA-KIRC,TCGA-CW-5589-11,TCGA-CW-5591-11,0.0013637687672177308,0.34363294713057846,251.97302899936275,251.97302899936275
NN,TCGA-KIRC,TCGA-CW-5589-11,TCGA-CW-6087-11,0.0005719742130362335,0.05637684554024373,98.56536231061236,98.56536231061236
NN,TCGA-KIRC,TCGA-CW-5589-11,TCGA-CW-6088-11,0.0006428009563076249,0.08092816565217814,125.8992614401905,125.8992614401905
NN,TCGA-KIRC,TCGA-CW-5589-11,TCGA-CW-6090-11,0.00045852538081872334,0.06528167586116052,142.3730912007452,142.3730912007452
NN,TCGA-KIRC,TCGA-CW-5589-11,TCGA-CZ-4863-11,0.0008298057200689527,0.16192163537385265,195.13198265299712,195.13198265299712
NN,TCGA-KIRC,TCGA-CW-5589-11,TCGA-CZ-4864-11,0.00039556741001576926,0.12125667955224885,306.538598686416,306.538598686416
NN,TCGA-KIRC,TCGA-CW-5589-11,TCGA-CZ-4865-11,0.000562443792996176,0.20932205814632077,372.16529145294334,372.16529145294334
NN,TCGA-KIRC,TCGA-CW-5589-11,TCGA-CZ-5451-11,0.00017007564211697396,0.09481410789948318,557.4819928315914,557.4819928315914
NN,TCGA-KIRC,TCGA-CW-5589-11,TCGA-CZ-5452-11,0.0003449358026128611,0.1182215905234752,342.73505280680087,342.73505280680087
NN,TCGA-KIRC,TCGA-CW-5589-11,TCGA-CZ-5453-11,0.00045072277003938217,0.17913441776555486,397.43813641787585,397.43813641787585
NN,TCGA-KIRC,TCGA-CW-5589-11,TCGA-CZ-5454-11,0.00040702376167406785,0.1385452720311392,340.3862011920621,340.3862011920621
NN,TCGA-KIRC,TCGA-CW-5589-11,TCGA-CZ-5455-11,0.0008319593357832232,0.10317019993348957,124.00870510860133,124.00870510860133
NN,TCGA-KIRC,TCGA-CW-5589-11,TCGA-CZ-5456-11,0.0010462716784180952,0.10932931260407064,104.49419100149065,104.49419100149065
NN,TCGA-KIRC,TCGA-CW-5589-11,TCGA-CZ-5457-11,0.0007159597087354752,0.12633162653501662,176.45074854581267,176.45074854581267
NN,TCGA-KIRC,TCGA-CW-5589-11,TCGA-CZ-5458-11,0.0005877162865230809,0.16397638690172694,279.006028353933,279.006028353933
NN,TCGA-KIRC,TCGA-CW-5589-11,TCGA-CZ-5461-11,0.0006407294811780898,0.15847734402229646,247.3389295758781,247.3389295758781
NN,TCGA-KIRC,TCGA-CW-5589-11,TCGA-CZ-5462-11,0.0005471326407051881,0.0881181584132068,161.05447172669705,161.05447172669705
NN,TCGA-KIRC,TCGA-CW-5589-11,TCGA-CZ-5463-11,0.0003655920456021339,0.13629805913582446,372.8146188501999,372.8146188501999
NN,TCGA-KIRC,TCGA-CW-5589-11,TCGA-CZ-5465-11,0.0004990431778011193,0.10537991637927406,211.16392542144015,211.16392542144015
NN,TCGA-KIRC,TCGA-CW-5589-11,TCGA-CZ-5466-11,0.000657648088577435,0.14231132843601735,216.3943466236667,216.3943466236667
NN,TCGA-KIRC,TCGA-CW-5589-11,TCGA-CZ-5467-11,0.0009039968620032423,0.20949699586889395,231.745268899111,231.745268899111
NN,TCGA-KIRC,TCGA-CW-5589-11,TCGA-CZ-5468-11,0.00046852082848267205,0.10978870519705865,234.3304684075942,234.3304684075942
NN,TCGA-KIRC,TCGA-CW-5589-11,TCGA-CZ-5469-11,0.0006433057038803272,0.13584495574057345,211.16703135255335,211.16703135255335
NN,TCGA-KIRC,TCGA-CW-5589-11,TCGA-CZ-5470-11,0.0006224567055543648,0.16414469184421748,263.7045924310976,263.7045924310976
NN,TCGA-KIRC,TCGA-CW-5589-11,TCGA-CZ-5982-11,0.00036516634252116876,0.03454187639074944,94.59216901608899,94.59216901608899
NN,TCGA-KIRC,TCGA-CW-5589-11,TCGA-CZ-5984-11,0.00018214404638230584,0.0924711591000176,507.6814803264445,507.6814803264445
NN,TCGA-KIRC,TCGA-CW-5589-11,TCGA-CZ-5985-11,0.0005695558769407663,0.06771976786250414,118.89925221427744,118.89925221427744
NN,TCGA-KIRC,TCGA-CW-5589-11,TCGA-CZ-5986-11,0.0003899490047655903,0.08987967835962798,230.49085203758187,230.49085203758187
NN,TCGA-KIRC,TCGA-CW-5589-11,TCGA-CZ-5987-11,0.0005934724684532316,0.1384573107324812,233.30030977400307,233.30030977400307
NN,TCGA-KIRC,TCGA-CW-5589-11,TCGA-CZ-5988-11,0.0002460907965830314,0.04936322495809134,200.5894801573212,200.5894801573212
NN,TCGA-KIRC,TCGA-CW-5589-11,TCGA-CZ-5989-11,0.00047748365269439436,0.21432499019909124,448.8635139437254,448.8635139437254
NN,TCGA-KIRC,TCGA-CW-5589-11,TCGA-KL-8324-11,0.0005404458568551681,0.10237465550547177,189.42629350733787,189.42629350733787
NN,TCGA-KIRC,TCGA-CW-5589-11,TCGA-KL-8326-11,0.0007774029308217992,0.19115058733894721,245.88354347581418,245.88354347581418
NN,TCGA-KIRC,TCGA-CW-5589-11,TCGA-KL-8329-11,0.0002574133493034999,0.11624084281160242,451.57270641216877,451.57270641216877
NN,TCGA-KIRC,TCGA-CW-5589-11,TCGA-KL-8332-11,0.0028967274974390335,0.06250938954449912,21.579313069580422,21.579313069580422
NN,TCGA-KIRC,TCGA-CW-5589-11,TCGA-KL-8336-11,0.000891917187574651,0.22632421163983374,253.7502525938161,253.7502525938161
NN,TCGA-KIRC,TCGA-CW-5589-11,TCGA-KL-8339-11,0.001339103299407609,0.12936483842484475,96.60557066962124,96.60557066962124
NN,TCGA-KIRC,TCGA-CW-5589-11,TCGA-P4-A5E8-11,0.0017594118416789468,0.20916700871048746,118.88462027792566,118.88462027792566
NN,TCGA-KIRC,TCGA-CW-5589-11,TCGA-P4-A5ED-11,0.0005681387471550474,0.19253009033719598,338.87864769176485,338.87864769176485
NN,TCGA-KIRC,TCGA-CW-5589-11,TCGA-V5-A7RE-11,0.0026753266711543374,0.2518920806463424,94.15376572972195,94.15376572972195
NN,TCGA-KIRC,TCGA-CW-5589-11,TCGA-V5-AASX-11,0.003382972428774601,0.18551932427696116,54.83914757891213,54.83914757891213
NN,TCGA-KIRC,TCGA-CW-5591-11,TCGA-CW-6087-11,0.001929322699403476,0.29816881054208877,154.5458469100473,154.5458469100473
NN,TCGA-KIRC,TCGA-CW-5591-11,TCGA-CW-6088-11,0.0018827817507356642,0.3009845288124253,159.86161364418413,159.86161364418413
NN,TCGA-KIRC,TCGA-CW-5591-11,TCGA-CW-6090-11,0.001789896026912879,0.31492802842754397,175.9476660612045,175.9476660612045
NN,TCGA-KIRC,TCGA-CW-5591-11,TCGA-CZ-4863-11,0.0018159538491523074,0.3038929667909499,167.34619491173083,167.34619491173083
NN,TCGA-KIRC,TCGA-CW-5591-11,TCGA-CZ-4864-11,0.0016003418405065302,0.3071519589999353,191.9289686900378,191.9289686900378
NN,TCGA-KIRC,TCGA-CW-5591-11,TCGA-CZ-4865-11,0.0016726658612139296,0.371210762858715,221.92762551470412,221.92762551470412
NN,TCGA-KIRC,TCGA-CW-5591-11,TCGA-CZ-5451-11,0.0015145901730683167,0.3360615652943596,221.88283752927882,221.88283752927882
NN,TCGA-KIRC,TCGA-CW-5591-11,TCGA-CZ-5452-11,0.0015136950558602537,0.3460472405029257,228.61093399440503,228.61093399440503
NN,TCGA-KIRC,TCGA-CW-5591-11,TCGA-CZ-5453-11,0.001619987664870652,0.3508872477024917,216.5987157257202,216.5987157257202
NN,TCGA-KIRC,TCGA-CW-5591-11,TCGA-CZ-5454-11,0.0016466935277165684,0.3606047290040538,218.98715391448462,218.98715391448462
NN,TCGA-KIRC,TCGA-CW-5591-11,TCGA-CZ-5455-11,0.0020834154349962373,0.3175154643591427,152.401416935704,152.401416935704
NN,TCGA-KIRC,TCGA-CW-5591-11,TCGA-CZ-5456-11,0.00233975573598034,0.27721536081873854,118.480470655877,118.480470655877
NN,TCGA-KIRC,TCGA-CW-5591-11,TCGA-CZ-5457-11,0.0018750439790054217,0.32795840899129997,174.90704893506484,174.90704893506484
NN,TCGA-KIRC,TCGA-CW-5591-11,TCGA-CZ-5458-11,0.001898357615731337,0.3241731758216848,170.76507246860228,170.76507246860228
NN,TCGA-KIRC,TCGA-CW-5591-11,TCGA-CZ-5461-11,0.0019480978880748027,0.34542241040838617,177.31265585927412,177.31265585927412
NN,TCGA-KIRC,TCGA-CW-5591-11,TCGA-CZ-5462-11,0.0018045459786576858,0.344775039334568,191.0591602609258,191.0591602609258
NN,TCGA-KIRC,TCGA-CW-5591-11,TCGA-CZ-5463-11,0.001632710061523819,0.35882837122813016,219.77470445256722,219.77470445256722
NN,TCGA-KIRC,TCGA-CW-5591-11,TCGA-CZ-5465-11,0.001717278798784915,0.3103702017112806,180.73372939262248,180.73372939262248
NN,TCGA-KIRC,TCGA-CW-5591-11,TCGA-CZ-5466-11,0.0018491329215868113,0.33296934555758884,180.0678262068122,180.0678262068122
NN,TCGA-KIRC,TCGA-CW-5591-11,TCGA-CZ-5467-11,0.00218306367413831,0.35015545462332404,160.3963543397496,160.3963543397496
NN,TCGA-KIRC,TCGA-CW-5591-11,TCGA-CZ-5468-11,0.0015704820814583177,0.3445636533576426,219.39992657393952,219.39992657393952
NN,TCGA-KIRC,TCGA-CW-5591-11,TCGA-CZ-5469-11,0.001965104793741349,0.3251715794926118,165.47289514953545,165.47289514953545
NN,TCGA-KIRC,TCGA-CW-5591-11,TCGA-CZ-5470-11,0.0017982523847737426,0.3657245135987396,203.37774424514683,203.37774424514683
NN,TCGA-KIRC,TCGA-CW-5591-11,TCGA-CZ-5982-11,0.0017579816137965505,0.25075341788361316,142.63711060213205,142.63711060213205
NN,TCGA-KIRC,TCGA-CW-5591-11,TCGA-CZ-5984-11,0.0013985886282986107,0.3406769625740197,243.58625236961547,243.58625236961547
NN,TCGA-KIRC,TCGA-CW-5591-11,TCGA-CZ-5985-11,0.0019867854279841234,0.25761714795409935,129.6653097639681,129.6653097639681
NN,TCGA-KIRC,TCGA-CW-5591-11,TCGA-CZ-5986-11,0.0017056707540664246,0.3514056365464577,206.02196274321108,206.02196274321108
NN,TCGA-KIRC,TCGA-CW-5591-11,TCGA-CZ-5987-11,0.0014451656297968865,0.304622011741024,210.786919824434,210.786919824434
NN,TCGA-KIRC,TCGA-CW-5591-11,TCGA-CZ-5988-11,0.0016261169557370222,0.31321710863758123,192.61659349441967,192.61659349441967
NN,TCGA-KIRC,TCGA-CW-5591-11,TCGA-CZ-5989-11,0.0015161188225292293,0.36812453424785563,242.80717894771638,242.80717894771638
NN,TCGA-KIRC,TCGA-CW-5591-11,TCGA-KL-8324-11,0.0017579870798416406,0.330258815359163,187.8619127217435,187.8619127217435
NN,TCGA-KIRC,TCGA-CW-5591-11,TCGA-KL-8326-11,0.002067017264991303,0.34839218643892483,168.54827114392324,168.54827114392324
NN,TCGA-KIRC,TCGA-CW-5591-11,TCGA-KL-8329-11,0.0014115861663155631,0.3344565431997204,236.93668242208597,236.93668242208597
NN,TCGA-KIRC,TCGA-CW-5591-11,TCGA-KL-8332-11,0.0044325943005311275,0.2828728324114301,63.8165402093161,63.8165402093161
NN,TCGA-KIRC,TCGA-CW-5591-11,TCGA-KL-8336-11,0.0015491036961019452,0.3061389455365593,197.62327486978802,197.62327486978802
NN,TCGA-KIRC,TCGA-CW-5591-11,TCGA-KL-8339-11,0.0027342755422373223,0.3422632085415347,125.17509784748235,125.17509784748235
NN,TCGA-KIRC,TCGA-CW-5591-11,TCGA-P4-A5E8-11,0.0029047772862670178,0.3516914842190031,121.07347640099742,121.07347640099742
NN,TCGA-KIRC,TCGA-CW-5591-11,TCGA-P4-A5ED-11,0.0018100980286402334,0.3622450979107055,200.12457456949346,200.12457456949346
NN,TCGA-KIRC,TCGA-CW-5591-11,TCGA-V5-A7RE-11,0.0029277621713350043,0.264626485945448,90.38523980408672,90.38523980408672
NN,TCGA-KIRC,TCGA-CW-5591-11,TCGA-V5-AASX-11,0.003953952512333704,0.24250557256553568,61.33244438547996,61.33244438547996
NN,TCGA-KIRC,TCGA-CW-6087-11,TCGA-CW-6088-11,0.0007851651236378471,0.2118548576983673,269.8220429312957,269.8220429312957
NN,TCGA-KIRC,TCGA-CW-6087-11,TCGA-CW-6090-11,0.0006532596582365303,0.1678221944701724,256.8996758857071,256.8996758857071
NN,TCGA-KIRC,TCGA-CW-6087-11,TCGA-CZ-4863-11,0.0010271195693196905,0.307276734089979,299.1635475249516,299.1635475249516
NN,TCGA-KIRC,TCGA-CW-6087-11,TCGA-CZ-4864-11,0.000707169966126673,0.19292246471871852,272.80918868118465,272.80918868118465
NN,TCGA-KIRC,TCGA-CW-6087-11,TCGA-CZ-4865-11,0.000852204941549748,0.2739455637844327,321.45502851257635,321.45502851257635
NN,TCGA-KIRC,TCGA-CW-6087-11,TCGA-CZ-5451-11,0.0005475399469447341,0.1389952275682676,253.85403995427035,253.85403995427035
NN,TCGA-KIRC,TCGA-CW-6087-11,TCGA-CZ-5452-11,0.0006440809890558578,0.2355265838407668,365.67852155676775,365.67852155676775
NN,TCGA-KIRC,TCGA-CW-6087-11,TCGA-CZ-5453-11,0.0006505975368459383,0.16926719806829674,260.1719011862464,260.1719011862464
NN,TCGA-KIRC,TCGA-CW-6087-11,TCGA-CZ-5454-11,0.0006264219880686417,0.22034763662419285,351.7559102667509,351.7559102667509
NN,TCGA-KIRC,TCGA-CW-6087-11,TCGA-CZ-5455-11,0.0006194184309878561,0.25674949661626184,414.50089918505427,414.50089918505427
NN,TCGA-KIRC,TCGA-CW-6087-11,TCGA-CZ-5456-11,0.0009937050017553917,0.2620709834394661,263.7311706960462,263.7311706960462
NN,TCGA-KIRC,TCGA-CW-6087-11,TCGA-CZ-5457-11,0.0007984809923283359,0.26273747149484916,329.0466197933129,329.0466197933129
NN,TCGA-KIRC,TCGA-CW-6087-11,TCGA-CZ-5458-11,0.0007499499047943686,0.2773120711023507,369.7741266843521,369.7741266843521
NN,TCGA-KIRC,TCGA-CW-6087-11,TCGA-CZ-5461-11,0.0006072974775684695,0.09720523075344961,160.0619701939899,160.0619701939899
NN,TCGA-KIRC,TCGA-CW-6087-11,TCGA-CZ-5462-11,0.000490251143272264,0.18074675761093828,368.6819706416461,368.6819706416461
NN,TCGA-KIRC,TCGA-CW-6087-11,TCGA-CZ-5463-11,0.0005972849837661549,0.12137671915335192,203.21408113764423,203.21408113764423
NN,TCGA-KIRC,TCGA-CW-6087-11,TCGA-CZ-5465-11,0.0006664982665067373,0.25096540803318823,376.5432269592427,376.5432269592427
NN,TCGA-KIRC,TCGA-CW-6087-11,TCGA-CZ-5466-11,0.0007391774782795452,0.17749622643613316,240.12667005123078,240.12667005123078
NN,TCGA-KIRC,TCGA-CW-6087-11,TCGA-CZ-5467-11,0.0009326305721597679,0.225666347802018,241.96756415503754,241.96756415503754
NN,TCGA-KIRC,TCGA-CW-6087-11,TCGA-CZ-5468-11,0.0007657398301699492,0.2087395657618401,272.5985478847459,272.5985478847459
NN,TCGA-KIRC,TCGA-CW-6087-11,TCGA-CZ-5469-11,0.0008750059859717073,0.25872017567353134,295.6781780026553,295.6781780026553
NN,TCGA-KIRC,TCGA-CW-6087-11,TCGA-CZ-5470-11,0.0005797038482765177,0.22151230926901525,382.1128838933535,382.1128838933535
NN,TCGA-KIRC,TCGA-CW-6087-11,TCGA-CZ-5982-11,0.0006451861519562222,0.13870540328119715,214.98509052098925,214.98509052098925
NN,TCGA-KIRC,TCGA-CW-6087-11,TCGA-CZ-5984-11,0.0005789101468211902,0.10121722835187308,174.84099891435548,174.84099891435548
NN,TCGA-KIRC,TCGA-CW-6087-11,TCGA-CZ-5985-11,0.0005783107840833141,0.1654484972193816,286.0892478109942,286.0892478109942
NN,TCGA-KIRC,TCGA-CW-6087-11,TCGA-CZ-5986-11,0.0003924337720292446,0.10034265652079488,255.6932243673392,255.6932243673392
NN,TCGA-KIRC,TCGA-CW-6087-11,TCGA-CZ-5987-11,0.001033649155689994,0.10984693076424776,106.2710012962971,106.2710012962971
NN,TCGA-KIRC,TCGA-CW-6087-11,TCGA-CZ-5988-11,0.00048786596030370085,0.12562571147422325,257.5004646686564,257.5004646686564
NN,TCGA-KIRC,TCGA-CW-6087-11,TCGA-CZ-5989-11,0.0009965598014831626,0.19589626968188734,196.57251816733762,196.57251816733762
NN,TCGA-KIRC,TCGA-CW-6087-11,TCGA-KL-8324-11,0.0009543588810840761,0.08549587982734624,89.58462222327694,89.58462222327694
NN,TCGA-KIRC,TCGA-CW-6087-11,TCGA-KL-8326-11,0.0011665597682740368,0.12160569576144624,104.24300500382061,104.24300500382061
NN,TCGA-KIRC,TCGA-CW-6087-11,TCGA-KL-8329-11,0.0008291270088073213,0.10312210925791719,124.37432162082838,124.37432162082838
NN,TCGA-KIRC,TCGA-CW-6087-11,TCGA-KL-8332-11,0.0028442815724188143,0.20414972581557794,71.7754978252615,71.7754978252615
NN,TCGA-KIRC,TCGA-CW-6087-11,TCGA-KL-8336-11,0.001540805189273928,0.09399035745639858,61.000805365076396,61.000805365076396
NN,TCGA-KIRC,TCGA-CW-6087-11,TCGA-KL-8339-11,0.0014946414397151266,0.1455539129011628,97.38383336200343,97.38383336200343
NN,TCGA-KIRC,TCGA-CW-6087-11,TCGA-P4-A5E8-11,0.001878734807692233,0.12341102362361066,65.6883681072605,65.6883681072605
NN,TCGA-KIRC,TCGA-CW-6087-11,TCGA-P4-A5ED-11,0.000843474671143814,0.20284269577407443,240.4846318609719,240.4846318609719
NN,TCGA-KIRC,TCGA-CW-6087-11,TCGA-V5-A7RE-11,0.003376527763182252,0.39493949645372406,116.96616292042813,116.96616292042813
NN,TCGA-KIRC,TCGA-CW-6087-11,TCGA-V5-AASX-11,0.004144210292855206,0.36456419848774263,87.96952198981474,87.96952198981474
NN,TCGA-KIRC,TCGA-CW-6088-11,TCGA-CW-6090-11,0.0005556709849540771,0.21824462856385374,392.7587267884616,392.7587267884616
NN,TCGA-KIRC,TCGA-CW-6088-11,TCGA-CZ-4863-11,0.0009297803576007921,0.2178000588346923,234.2489353041445,234.2489353041445
NN,TCGA-KIRC,TCGA-CW-6088-11,TCGA-CZ-4864-11,0.001332717361178252,0.19245274139329246,144.40626872538488,144.40626872538488
NN,TCGA-KIRC,TCGA-CW-6088-11,TCGA-CZ-4865-11,0.0005787699272241682,0.13720593093945918,237.06472034148518,237.06472034148518
NN,TCGA-KIRC,TCGA-CW-6088-11,TCGA-CZ-5451-11,0.0008092752101217444,0.13638020357569564,168.52141505135083,168.52141505135083
NN,TCGA-KIRC,TCGA-CW-6088-11,TCGA-CZ-5452-11,0.00030125882024711003,0.08498020416724861,282.08370496021627,282.08370496021627
NN,TCGA-KIRC,TCGA-CW-6088-11,TCGA-CZ-5453-11,0.0004089953755765302,0.11063620455705023,270.5072261540724,270.5072261540724
NN,TCGA-KIRC,TCGA-CW-6088-11,TCGA-CZ-5454-11,0.0004316942393727943,0.08137522378506618,188.50199137078062,188.50199137078062
NN,TCGA-KIRC,TCGA-CW-6088-11,TCGA-CZ-5455-11,0.0011898799122390781,0.19491294072687737,163.80891779246562,163.80891779246562
NN,TCGA-KIRC,TCGA-CW-6088-11,TCGA-CZ-5456-11,0.0017139679016936176,0.20227895935535523,118.01793904977914,118.01793904977914
NN,TCGA-KIRC,TCGA-CW-6088-11,TCGA-CZ-5457-11,0.0012339316791433002,0.188702035053114,152.92745801301328,152.92745801301328
NN,TCGA-KIRC,TCGA-CW-6088-11,TCGA-CZ-5458-11,0.0007772833493304661,0.14321094606619422,184.24548292402355,184.24548292402355
NN,TCGA-KIRC,TCGA-CW-6088-11,TCGA-CZ-5461-11,0.0007150379186312734,0.09297925972648649,130.0340265932575,130.0340265932575
NN,TCGA-KIRC,TCGA-CW-6088-11,TCGA-CZ-5462-11,0.0008025953090980367,0.18902456698245632,235.51666056319678,235.51666056319678
NN,TCGA-KIRC,TCGA-CW-6088-11,TCGA-CZ-5463-11,0.0004269907538907473,0.0728093927061495,170.5174925749774,170.5174925749774
NN,TCGA-KIRC,TCGA-CW-6088-11,TCGA-CZ-5465-11,0.00034666084848113604,0.13574706918602641,391.58465624482903,391.58465624482903
NN,TCGA-KIRC,TCGA-CW-6088-11,TCGA-CZ-5466-11,0.0013947023591453214,0.17203255037960274,123.34714231431064,123.34714231431064
NN,TCGA-KIRC,TCGA-CW-6088-11,TCGA-CZ-5467-11,0.0013857959283798587,0.21167870644049308,152.7488298280453,152.7488298280453
NN,TCGA-KIRC,TCGA-CW-6088-11,TCGA-CZ-5468-11,0.0010042462390053913,0.125842418995893,125.31032142129577,125.31032142129577
NN,TCGA-KIRC,TCGA-CW-6088-11,TCGA-CZ-5469-11,0.0008525760940177735,0.1601446224632707,187.83616334887782,187.83616334887782
NN,TCGA-KIRC,TCGA-CW-6088-11,TCGA-CZ-5470-11,0.0007296226273154106,0.17129143663050397,234.7671662277764,234.7671662277764
NN,TCGA-KIRC,TCGA-CW-6088-11,TCGA-CZ-5982-11,0.0009183468086492576,0.2945715632933466,320.7628757665251,320.7628757665251
NN,TCGA-KIRC,TCGA-CW-6088-11,TCGA-CZ-5984-11,0.0006449138153655007,0.11557760517828856,179.21403205292742,179.21403205292742
NN,TCGA-KIRC,TCGA-CW-6088-11,TCGA-CZ-5985-11,0.0009433575842644389,0.2855793967872423,302.72656048015574,302.72656048015574
NN,TCGA-KIRC,TCGA-CW-6088-11,TCGA-CZ-5986-11,0.0003566542114066703,0.12144496293532299,340.5117871911148,340.5117871911148
NN,TCGA-KIRC,TCGA-CW-6088-11,TCGA-CZ-5987-11,0.0006968239906777275,0.07399227564035674,106.18502897466578,106.18502897466578
NN,TCGA-KIRC,TCGA-CW-6088-11,TCGA-CZ-5988-11,0.0006818904606041672,0.1583905334228704,232.28149178466808,232.28149178466808
NN,TCGA-KIRC,TCGA-CW-6088-11,TCGA-CZ-5989-11,0.0003229509552342204,0.08230767002400773,254.8612062915684,254.8612062915684
NN,TCGA-KIRC,TCGA-CW-6088-11,TCGA-KL-8324-11,0.0012331053110585944,0.042753231115723406,34.671192097145926,34.671192097145926
NN,TCGA-KIRC,TCGA-CW-6088-11,TCGA-KL-8326-11,0.0018167004884669154,0.11498349510068684,63.29248867969402,63.29248867969402
NN,TCGA-KIRC,TCGA-CW-6088-11,TCGA-KL-8329-11,0.0011300530800474875,0.1126481111059309,99.68391139750459,99.68391139750459
NN,TCGA-KIRC,TCGA-CW-6088-11,TCGA-KL-8332-11,0.004780260719788248,0.31676082513809567,66.26434073498135,66.26434073498135
NN,TCGA-KIRC,TCGA-CW-6088-11,TCGA-KL-8336-11,0.0016010032879357245,0.0619541906761559,38.69710396162733,38.69710396162733
NN,TCGA-KIRC,TCGA-CW-6088-11,TCGA-KL-8339-11,0.0027045971398910905,0.17752861773934425,65.63957904151782,65.63957904151782
NN,TCGA-KIRC,TCGA-CW-6088-11,TCGA-P4-A5E8-11,0.002740927548014238,0.21047970842170555,76.79141631240674,76.79141631240674
NN,TCGA-KIRC,TCGA-CW-6088-11,TCGA-P4-A5ED-11,0.0008530099231837459,0.12140195476688934,142.32185519457116,142.32185519457116
NN,TCGA-KIRC,TCGA-CW-6088-11,TCGA-V5-A7RE-11,0.0026653667875099233,0.4449608289933276,166.94168737992914,166.94168737992914
NN,TCGA-KIRC,TCGA-CW-6088-11,TCGA-V5-AASX-11,0.0028756124057965383,0.4299943037824847,149.531384311641,149.531384311641
NN,TCGA-KIRC,TCGA-CW-6090-11,TCGA-CZ-4863-11,0.0010964636701802405,0.29468801387004506,268.76222339551225,268.76222339551225
NN,TCGA-KIRC,TCGA-CW-6090-11,TCGA-CZ-4864-11,0.0007348455788374456,0.1663178182273154,226.33029716316275,226.33029716316275
NN,TCGA-KIRC,TCGA-CW-6090-11,TCGA-CZ-4865-11,0.0008840560186579805,0.31540719461725797,356.77286049820026,356.77286049820026
NN,TCGA-KIRC,TCGA-CW-6090-11,TCGA-CZ-5451-11,0.00040252332577724086,0.09789836851644691,243.21166562810458,243.21166562810458
NN,TCGA-KIRC,TCGA-CW-6090-11,TCGA-CZ-5452-11,0.0006879959714424077,0.2588936609096739,376.3011291576232,376.3011291576232
NN,TCGA-KIRC,TCGA-CW-6090-11,TCGA-CZ-5453-11,0.0006607043445950608,0.27799923682474514,420.7619324724255,420.7619324724255
NN,TCGA-KIRC,TCGA-CW-6090-11,TCGA-CZ-5454-11,0.0007799392397999918,0.2849494816682465,365.34830808271573,365.34830808271573
NN,TCGA-KIRC,TCGA-CW-6090-11,TCGA-CZ-5455-11,0.0013405060025965178,0.2627683596960284,196.0217702770852,196.0217702770852
NN,TCGA-KIRC,TCGA-CW-6090-11,TCGA-CZ-5456-11,0.0019854695025216845,0.2551767963647702,128.5221435235736,128.5221435235736
NN,TCGA-KIRC,TCGA-CW-6090-11,TCGA-CZ-5457-11,0.0015140391012991431,0.2680432708500607,177.03853924252172,177.03853924252172
NN,TCGA-KIRC,TCGA-CW-6090-11,TCGA-CZ-5458-11,0.0010925135141300947,0.3071120590533686,281.10595894816385,281.10595894816385
NN,TCGA-KIRC,TCGA-CW-6090-11,TCGA-CZ-5461-11,0.0007331578496671009,0.1517458487287482,206.9756857921527,206.9756857921527
NN,TCGA-KIRC,TCGA-CW-6090-11,TCGA-CZ-5462-11,0.0009714858656124855,0.2493728054542462,256.69216020659854,256.69216020659854
NN,TCGA-KIRC,TCGA-CW-6090-11,TCGA-CZ-5463-11,0.0006669733680528026,0.21032090216362054,315.336282133187,315.336282133187
NN,TCGA-KIRC,TCGA-CW-6090-11,TCGA-CZ-5465-11,0.0006045540970896824,0.23677224491745408,391.6477384857259,391.6477384857259
NN,TCGA-KIRC,TCGA-CW-6090-11,TCGA-CZ-5466-11,0.0008368702651374697,0.18231573805784182,217.8542429487484,217.8542429487484
NN,TCGA-KIRC,TCGA-CW-6090-11,TCGA-CZ-5467-11,0.0015888411424698156,0.3122269644897484,196.5123863826934,196.5123863826934
NN,TCGA-KIRC,TCGA-CW-6090-11,TCGA-CZ-5468-11,0.0012349306725352683,0.2835097255560859,229.5754181682528,229.5754181682528
NN,TCGA-KIRC,TCGA-CW-6090-11,TCGA-CZ-5469-11,0.0012074443826036235,0.2830974143940605,234.4600036844885,234.4600036844885
NN,TCGA-KIRC,TCGA-CW-6090-11,TCGA-CZ-5470-11,0.0009090381594074535,0.3024776790950736,332.74475440309385,332.74475440309385
NN,TCGA-KIRC,TCGA-CW-6090-11,TCGA-CZ-5982-11,0.00040314342966242517,0.09389007294576918,232.8949600502944,232.8949600502944
NN,TCGA-KIRC,TCGA-CW-6090-11,TCGA-CZ-5984-11,0.0004078959222864803,0.09528514479445285,233.60161155896674,233.60161155896674
NN,TCGA-KIRC,TCGA-CW-6090-11,TCGA-CZ-5985-11,0.00041010327929622345,0.15791450831329973,385.0603403715673,385.0603403715673
NN,TCGA-KIRC,TCGA-CW-6090-11,TCGA-CZ-5986-11,0.0002547589756481519,0.1174684839389532,461.0965468050443,461.0965468050443
NN,TCGA-KIRC,TCGA-CW-6090-11,TCGA-CZ-5987-11,0.000631722600716493,0.04986431037816243,78.93387116688062,78.93387116688062
NN,TCGA-KIRC,TCGA-CW-6090-11,TCGA-CZ-5988-11,0.0003186636831157915,0.12117167251785008,380.2493943868101,380.2493943868101
NN,TCGA-KIRC,TCGA-CW-6090-11,TCGA-CZ-5989-11,0.0007638453642078786,0.29048134901417744,380.28816122411354,380.28816122411354
NN,TCGA-KIRC,TCGA-CW-6090-11,TCGA-KL-8324-11,0.001166952331224633,0.068443340274219,58.65135913683176,58.65135913683176
NN,TCGA-KIRC,TCGA-CW-6090-11,TCGA-KL-8326-11,0.001647378532500232,0.14968578517540618,90.86301795388067,90.86301795388067
NN,TCGA-KIRC,TCGA-CW-6090-11,TCGA-KL-8329-11,0.0009023638029367431,0.09775479626620395,108.33191219335367,108.33191219335367
NN,TCGA-KIRC,TCGA-CW-6090-11,TCGA-KL-8332-11,0.003862880771372084,0.17890676798640842,46.31433859214383,46.31433859214383
NN,TCGA-KIRC,TCGA-CW-6090-11,TCGA-KL-8336-11,0.0017875077559107422,0.19468624299666087,108.9149081188,108.9149081188
NN,TCGA-KIRC,TCGA-CW-6090-11,TCGA-KL-8339-11,0.002219624755327186,0.16707047775936207,75.26969473483588,75.26969473483588
NN,TCGA-KIRC,TCGA-CW-6090-11,TCGA-P4-A5E8-11,0.002969284730160735,0.2825589077329708,95.16059704980708,95.16059704980708
NN,TCGA-KIRC,TCGA-CW-6090-11,TCGA-P4-A5ED-11,0.0012202469068160456,0.29288203013222064,240.01866220372492,240.01866220372492
NN,TCGA-KIRC,TCGA-CW-6090-11,TCGA-V5-A7RE-11,0.002858328743458565,0.3540507244673479,123.86634157376459,123.86634157376459
NN,TCGA-KIRC,TCGA-CW-6090-11,TCGA-V5-AASX-11,0.003212649511941522,0.3254657988163192,101.30759599095772,101.30759599095772
NN,TCGA-KIRC,TCGA-CZ-4863-11,TCGA-CZ-4864-11,0.0010614154095631568,0.22842742353729997,215.21020090646044,215.21020090646044
NN,TCGA-KIRC,TCGA-CZ-4863-11,TCGA-CZ-4865-11,0.0003341400698095435,0.13292439601792752,397.81040356426905,397.81040356426905
NN,TCGA-KIRC,TCGA-CZ-4863-11,TCGA-CZ-5451-11,0.0009065408173398066,0.21354960930637548,235.565354832036,235.565354832036
NN,TCGA-KIRC,TCGA-CZ-4863-11,TCGA-CZ-5452-11,0.0006099891900815599,0.1333157208442658,218.55423507823235,218.55423507823235
NN,TCGA-KIRC,TCGA-CZ-4863-11,TCGA-CZ-5453-11,0.00045890105678226173,0.14528855281509645,316.60104213713464,316.60104213713464
NN,TCGA-KIRC,TCGA-CZ-4863-11,TCGA-CZ-5454-11,0.0006798206666100644,0.17672191715213964,259.9537287287338,259.9537287287338
NN,TCGA-KIRC,TCGA-CZ-4863-11,TCGA-CZ-5455-11,0.0006416799290269762,0.19153365517400306,298.4878387336173,298.4878387336173
NN,TCGA-KIRC,TCGA-CZ-4863-11,TCGA-CZ-5456-11,0.001376640988427433,0.2177259493968888,158.15739268783642,158.15739268783642
NN,TCGA-KIRC,TCGA-CZ-4863-11,TCGA-CZ-5457-11,0.0007800574928143772,0.16732575888684054,214.5043928533322,214.5043928533322
NN,TCGA-KIRC,TCGA-CZ-4863-11,TCGA-CZ-5458-11,0.0006618779195712559,0.17516920073268372,264.6548488067904,264.6548488067904
NN,TCGA-KIRC,TCGA-CZ-4863-11,TCGA-CZ-5461-11,0.0006170116115836692,0.12857816036639508,208.38855858219026,208.38855858219026
NN,TCGA-KIRC,TCGA-CZ-4863-11,TCGA-CZ-5462-11,0.0005190090533691107,0.21416256023434457,412.6374267348968,412.6374267348968
NN,TCGA-KIRC,TCGA-CZ-4863-11,TCGA-CZ-5463-11,0.0005775743992908404,0.16479540667521198,285.3232533809527,285.3232533809527
NN,TCGA-KIRC,TCGA-CZ-4863-11,TCGA-CZ-5465-11,0.00048440578908345486,0.1730884669050029,357.32121870901653,357.32121870901653
NN,TCGA-KIRC,TCGA-CZ-4863-11,TCGA-CZ-5466-11,0.000764507616389842,0.14324988662645816,187.37535579163068,187.37535579163068
NN,TCGA-KIRC,TCGA-CZ-4863-11,TCGA-CZ-5467-11,0.0010543545102746266,0.21518646927097074,204.09308934897177,204.09308934897177
NN,TCGA-KIRC,TCGA-CZ-4863-11,TCGA-CZ-5468-11,0.0007452529602414659,0.17346676795043392,232.76226624343735,232.76226624343735
NN,TCGA-KIRC,TCGA-CZ-4863-11,TCGA-CZ-5469-11,0.0007320065242964896,0.19659078351456713,268.56425043957756,268.56425043957756
NN,TCGA-KIRC,TCGA-CZ-4863-11,TCGA-CZ-5470-11,0.000641657964017364,0.20201512833776622,314.8330413807495,314.8330413807495
NN,TCGA-KIRC,TCGA-CZ-4863-11,TCGA-CZ-5982-11,0.001102920648760792,0.3443967280625565,312.2588451395032,312.2588451395032
NN,TCGA-KIRC,TCGA-CZ-4863-11,TCGA-CZ-5984-11,0.0007664392948622058,0.17834265350804182,232.68986168057202,232.68986168057202
NN,TCGA-KIRC,TCGA-CZ-4863-11,TCGA-CZ-5985-11,0.0011117071542037424,0.3479232828825222,312.9630690662609,312.9630690662609
NN,TCGA-KIRC,TCGA-CZ-4863-11,TCGA-CZ-5986-11,0.0008872517590350164,0.24808408393180145,279.60957124685797,279.60957124685797
NN,TCGA-KIRC,TCGA-CZ-4863-11,TCGA-CZ-5987-11,0.0007710253220867788,0.09478907643021525,122.938992682716,122.938992682716
NN,TCGA-KIRC,TCGA-CZ-4863-11,TCGA-CZ-5988-11,0.0008421188132755864,0.2770500794380201,328.9916756049891,328.9916756049891
NN,TCGA-KIRC,TCGA-CZ-4863-11,TCGA-CZ-5989-11,0.0007468794686965351,0.10392392634164281,139.14417345413491,139.14417345413491
NN,TCGA-KIRC,TCGA-CZ-4863-11,TCGA-KL-8324-11,0.0012978509069696991,0.06702907156045644,51.646203119709625,51.646203119709625
NN,TCGA-KIRC,TCGA-CZ-4863-11,TCGA-KL-8326-11,0.0016123697999707357,0.1788134468073479,110.9010146497369,110.9010146497369
NN,TCGA-KIRC,TCGA-CZ-4863-11,TCGA-KL-8329-11,0.0011256892027981151,0.11410388829410435,101.36358064950555,101.36358064950555
NN,TCGA-KIRC,TCGA-CZ-4863-11,TCGA-KL-8332-11,0.0034473568469202453,0.3619547609627902,104.99486332148894,104.99486332148894
NN,TCGA-KIRC,TCGA-CZ-4863-11,TCGA-KL-8336-11,0.0016562501315603821,0.07923056910846767,47.83732094488842,47.83732094488842
NN,TCGA-KIRC,TCGA-CZ-4863-11,TCGA-KL-8339-11,0.0019289164346302711,0.2070282636402621,107.32878828934062,107.32878828934062
NN,TCGA-KIRC,TCGA-CZ-4863-11,TCGA-P4-A5E8-11,0.0027249432235833693,0.20855709374688303,76.53630796484089,76.53630796484089
NN,TCGA-KIRC,TCGA-CZ-4863-11,TCGA-P4-A5ED-11,0.0012153501926894033,0.1723903959429555,141.84421657224507,141.84421657224507
NN,TCGA-KIRC,TCGA-CZ-4863-11,TCGA-V5-A7RE-11,0.0033179827961604246,0.4299686416995958,129.58736320066404,129.58736320066404
NN,TCGA-KIRC,TCGA-CZ-4863-11,TCGA-V5-AASX-11,0.004027315758697327,0.4231692601913907,105.07476581083095,105.07476581083095
NN,TCGA-KIRC,TCGA-CZ-4864-11,TCGA-CZ-4865-11,0.0009533750090654663,0.269231115992445,282.39791627887894,282.39791627887894
NN,TCGA-KIRC,TCGA-CZ-4864-11,TCGA-CZ-5451-11,0.000254257197235336,0.12198636032181116,479.7754464700668,479.7754464700668
NN,TCGA-KIRC,TCGA-CZ-4864-11,TCGA-CZ-5452-11,0.0008532073504597973,0.22939918386221494,268.8668630651045,268.8668630651045
NN,TCGA-KIRC,TCGA-CZ-4864-11,TCGA-CZ-5453-11,0.0008817623052254393,0.2548719529403216,289.048365336006,289.048365336006
NN,TCGA-KIRC,TCGA-CZ-4864-11,TCGA-CZ-5454-11,0.0008691338939512477,0.24837653339071536,285.77476395673455,285.77476395673455
NN,TCGA-KIRC,TCGA-CZ-4864-11,TCGA-CZ-5455-11,0.0008088220920259347,0.19242544810772658,237.90824954563246,237.90824954563246
NN,TCGA-KIRC,TCGA-CZ-4864-11,TCGA-CZ-5456-11,0.0010913302587898036,0.1785839080380447,163.63873960214363,163.63873960214363
NN,TCGA-KIRC,TCGA-CZ-4864-11,TCGA-CZ-5457-11,0.0008510667057431929,0.21647289103566442,254.35478743893495,254.35478743893495
NN,TCGA-KIRC,TCGA-CZ-4864-11,TCGA-CZ-5458-11,0.000839784200723915,0.18621424551663385,221.74059163784278,221.74059163784278
NN,TCGA-KIRC,TCGA-CZ-4864-11,TCGA-CZ-5461-11,0.0008410105822447553,0.16665099455499988,198.15564521220284,198.15564521220284
NN,TCGA-KIRC,TCGA-CZ-4864-11,TCGA-CZ-5462-11,0.000677490058622018,0.2370626658615429,349.9131283840783,349.9131283840783
NN,TCGA-KIRC,TCGA-CZ-4864-11,TCGA-CZ-5463-11,0.000720770577103569,0.19059600817419967,264.43366894929807,264.43366894929807
NN,TCGA-KIRC,TCGA-CZ-4864-11,TCGA-CZ-5465-11,0.0009762704441288137,0.18521545851124674,189.7173673802303,189.7173673802303
NN,TCGA-KIRC,TCGA-CZ-4864-11,TCGA-CZ-5466-11,0.0005363053769467715,0.12629682679477858,235.4942393339338,235.4942393339338
NN,TCGA-KIRC,TCGA-CZ-4864-11,TCGA-CZ-5467-11,0.0009065754799875505,0.23224102169170463,256.1739500111936,256.1739500111936
NN,TCGA-KIRC,TCGA-CZ-4864-11,TCGA-CZ-5468-11,0.0007100291829493148,0.23568676785391646,331.93955053357416,331.93955053357416
NN,TCGA-KIRC,TCGA-CZ-4864-11,TCGA-CZ-5469-11,0.0009228879273543589,0.19312484597902052,209.26142845172018,209.26142845172018
NN,TCGA-KIRC,TCGA-CZ-4864-11,TCGA-CZ-5470-11,0.0007686533137119382,0.24697590794016475,321.3098851385709,321.3098851385709
NN,TCGA-KIRC,TCGA-CZ-4864-11,TCGA-CZ-5982-11,0.00043182697230988274,0.0845126069551298,195.70942153766816,195.70942153766816
NN,TCGA-KIRC,TCGA-CZ-4864-11,TCGA-CZ-5984-11,0.0004950310914726532,0.14090067203665857,284.6299443889421,284.6299443889421
NN,TCGA-KIRC,TCGA-CZ-4864-11,TCGA-CZ-5985-11,0.0005750973409464132,0.11064518337305736,192.39383578260558,192.39383578260558
NN,TCGA-KIRC,TCGA-CZ-4864-11,TCGA-CZ-5986-11,0.0007988362883587308,0.18308459254660098,229.18912825400312,229.18912825400312
NN,TCGA-KIRC,TCGA-CZ-4864-11,TCGA-CZ-5987-11,0.0010370791925757195,0.06174567383183541,59.538050974180756,59.538050974180756
NN,TCGA-KIRC,TCGA-CZ-4864-11,TCGA-CZ-5988-11,0.00044614982899645006,0.13833909828599392,310.07318460071554,310.07318460071554
NN,TCGA-KIRC,TCGA-CZ-4864-11,TCGA-CZ-5989-11,0.0011943412585271314,0.29917736149298535,250.4957099631077,250.4957099631077
NN,TCGA-KIRC,TCGA-CZ-4864-11,TCGA-KL-8324-11,0.0006890831928876926,0.07417849307509274,107.64809509318914,107.64809509318914
NN,TCGA-KIRC,TCGA-CZ-4864-11,TCGA-KL-8326-11,0.0009054719099361231,0.1985723295716741,219.30258398152014,219.30258398152014
NN,TCGA-KIRC,TCGA-CZ-4864-11,TCGA-KL-8329-11,0.0004753126019210545,0.10200728627690717,214.61094417574424,214.61094417574424
NN,TCGA-KIRC,TCGA-CZ-4864-11,TCGA-KL-8332-11,0.001995408750110438,0.18728546299239734,93.85819470924534,93.85819470924534
NN,TCGA-KIRC,TCGA-CZ-4864-11,TCGA-KL-8336-11,0.0013608371146980698,0.24595519859943543,180.73816178507576,180.73816178507576
NN,TCGA-KIRC,TCGA-CZ-4864-11,TCGA-KL-8339-11,0.0009425753519487014,0.1884088916469441,199.8873525150253,199.8873525150253
NN,TCGA-KIRC,TCGA-CZ-4864-11,TCGA-P4-A5E8-11,0.001954676371196314,0.27166353401739013,138.98133625625445,138.98133625625445
NN,TCGA-KIRC,TCGA-CZ-4864-11,TCGA-P4-A5ED-11,0.0010624146906362702,0.2779744515598599,261.64402093629144,261.64402093629144
NN,TCGA-KIRC,TCGA-CZ-4864-11,TCGA-V5-A7RE-11,0.003583390752057645,0.3410117522625733,95.16454549835473,95.16454549835473
NN,TCGA-KIRC,TCGA-CZ-4864-11,TCGA-V5-AASX-11,0.004482722439681305,0.2985176362260734,66.59293325492985,66.59293325492985
NN,TCGA-KIRC,TCGA-CZ-4865-11,TCGA-CZ-5451-11,0.0006865039762030912,0.2635562624239353,383.91075880085856,383.91075880085856
NN,TCGA-KIRC,TCGA-CZ-4865-11,TCGA-CZ-5452-11,0.0003370191465988117,0.13803237908423233,409.5683597719935,409.5683597719935
NN,TCGA-KIRC,TCGA-CZ-4865-11,TCGA-CZ-5453-11,0.00028348991601002277,0.16022408852700779,565.1844368296439,565.1844368296439
NN,TCGA-KIRC,TCGA-CZ-4865-11,TCGA-CZ-5454-11,0.00036244613318897183,0.17988734535443174,496.31470412361176,496.31470412361176
NN,TCGA-KIRC,TCGA-CZ-4865-11,TCGA-CZ-5455-11,0.0005918606115142567,0.15032427791956526,253.98594702047387,253.98594702047387
NN,TCGA-KIRC,TCGA-CZ-4865-11,TCGA-CZ-5456-11,0.0010589109755447155,0.15498318967270747,146.36092481049448,146.36092481049448
NN,TCGA-KIRC,TCGA-CZ-4865-11,TCGA-CZ-5457-11,0.0005871315726841105,0.144666063389218,246.3946245095756,246.3946245095756
NN,TCGA-KIRC,TCGA-CZ-4865-11,TCGA-CZ-5458-11,0.0003551493288241044,0.16239268440134746,457.251840905987,457.251840905987
NN,TCGA-KIRC,TCGA-CZ-4865-11,TCGA-CZ-5461-11,0.0005258426409910968,0.187374789782269,356.33243707491863,356.33243707491863
NN,TCGA-KIRC,TCGA-CZ-4865-11,TCGA-CZ-5462-11,0.00048672760299263895,0.19883209727050494,408.5079540342239,408.5079540342239
NN,TCGA-KIRC,TCGA-CZ-4865-11,TCGA-CZ-5463-11,0.00037806157980993223,0.19730160068127753,521.8768878352291,521.8768878352291
NN,TCGA-KIRC,TCGA-CZ-4865-11,TCGA-CZ-5465-11,0.0002822135003028423,0.11891831919815474,421.37714556725285,421.37714556725285
NN,TCGA-KIRC,TCGA-CZ-4865-11,TCGA-CZ-5466-11,0.000935192275011627,0.2426680167611068,259.4846249752114,259.4846249752114
NN,TCGA-KIRC,TCGA-CZ-4865-11,TCGA-CZ-5467-11,0.0007620379226482171,0.20236596201784346,265.55891249425724,265.55891249425724
NN,TCGA-KIRC,TCGA-CZ-4865-11,TCGA-CZ-5468-11,0.0005164156039628766,0.18042099722458305,349.371699538252,349.371699538252
NN,TCGA-KIRC,TCGA-CZ-4865-11,TCGA-CZ-5469-11,0.0004024262009314427,0.15261387297779472,379.2344350953282,379.2344350953282
NN,TCGA-KIRC,TCGA-CZ-4865-11,TCGA-CZ-5470-11,0.0004321935502234267,0.19118015212365141,442.3484617593644,442.3484617593644
NN,TCGA-KIRC,TCGA-CZ-4865-11,TCGA-CZ-5982-11,0.0009814684763699809,0.331749281067176,338.01318030526085,338.01318030526085
NN,TCGA-KIRC,TCGA-CZ-4865-11,TCGA-CZ-5984-11,0.0005543130742173098,0.23533835347177556,424.55854717854777,424.55854717854777
NN,TCGA-KIRC,TCGA-CZ-4865-11,TCGA-CZ-5985-11,0.0010182651941927439,0.3168453869470246,311.1619534420127,311.1619534420127
NN,TCGA-KIRC,TCGA-CZ-4865-11,TCGA-CZ-5986-11,0.0006552726963275483,0.2612312678098718,398.6603886808238,398.6603886808238
NN,TCGA-KIRC,TCGA-CZ-4865-11,TCGA-CZ-5987-11,0.0006520073604752607,0.16742442882502812,256.78303493842344,256.78303493842344
NN,TCGA-KIRC,TCGA-CZ-4865-11,TCGA-CZ-5988-11,0.0006708905828611924,0.2902943235073051,432.6999527542439,432.6999527542439
NN,TCGA-KIRC,TCGA-CZ-4865-11,TCGA-CZ-5989-11,0.0004092203266057932,0.15554729893399508,380.10648254976746,380.10648254976746
NN,TCGA-KIRC,TCGA-CZ-4865-11,TCGA-KL-8324-11,0.0008521486199455465,0.12502224677074986,146.71413394853465,146.71413394853465
NN,TCGA-KIRC,TCGA-CZ-4865-11,TCGA-KL-8326-11,0.0011996003222397157,0.24168584567935852,201.4719746224464,201.4719746224464
NN,TCGA-KIRC,TCGA-CZ-4865-11,TCGA-KL-8329-11,0.0007820684226921327,0.19412225611140482,248.21646096280574,248.21646096280574
NN,TCGA-KIRC,TCGA-CZ-4865-11,TCGA-KL-8332-11,0.003385901992749212,0.34936859005999527,103.18331446337065,103.18331446337065
NN,TCGA-KIRC,TCGA-CZ-4865-11,TCGA-KL-8336-11,0.0012196723827418272,0.12922406940914258,105.94981999891355,105.94981999891355
NN,TCGA-KIRC,TCGA-CZ-4865-11,TCGA-KL-8339-11,0.0017365386233145793,0.24174299301534383,139.2096840057161,139.2096840057161
NN,TCGA-KIRC,TCGA-CZ-4865-11,TCGA-P4-A5E8-11,0.0022119893993129474,0.2433313822415303,110.00567286493778,110.00567286493778
NN,TCGA-KIRC,TCGA-CZ-4865-11,TCGA-P4-A5ED-11,0.0007321448803307691,0.20280185001302461,276.9968833510146,276.9968833510146
NN,TCGA-KIRC,TCGA-CZ-4865-11,TCGA-V5-A7RE-11,0.0028897867406998115,0.34429593878908177,119.14233460206984,119.14233460206984
NN,TCGA-KIRC,TCGA-CZ-4865-11,TCGA-V5-AASX-11,0.003568594996402756,0.32638315662034356,91.45984818937059,91.45984818937059
NN,TCGA-KIRC,TCGA-CZ-5451-11,TCGA-CZ-5452-11,0.00048687424653020124,0.1694598732823352,348.0567610425528,348.0567610425528
NN,TCGA-KIRC,TCGA-CZ-5451-11,TCGA-CZ-5453-11,0.000536160008427696,0.2332415583691782,435.02229689447654,435.02229689447654
NN,TCGA-KIRC,TCGA-CZ-5451-11,TCGA-CZ-5454-11,0.0005236404731009897,0.21591571892720446,412.3358105773516,412.3358105773516
NN,TCGA-KIRC,TCGA-CZ-5451-11,TCGA-CZ-5455-11,0.0008218061308357701,0.1550803725310844,188.70676028343684,188.70676028343684
NN,TCGA-KIRC,TCGA-CZ-5451-11,TCGA-CZ-5456-11,0.0010732619212844698,0.15935321838456912,148.47560993672138,148.47560993672138
NN,TCGA-KIRC,TCGA-CZ-5451-11,TCGA-CZ-5457-11,0.0007967763864749036,0.1855999962214881,232.9386254060806,232.9386254060806
NN,TCGA-KIRC,TCGA-CZ-5451-11,TCGA-CZ-5458-11,0.000674966795238138,0.18901895050085551,280.0418507019548,280.0418507019548
NN,TCGA-KIRC,TCGA-CZ-5451-11,TCGA-CZ-5461-11,0.0006248071551523612,0.16861603548132315,269.8689253009684,269.8689253009684
NN,TCGA-KIRC,TCGA-CZ-5451-11,TCGA-CZ-5462-11,0.0006088185948029604,0.2138476647940846,351.25021906286355,351.25021906286355
NN,TCGA-KIRC,TCGA-CZ-5451-11,TCGA-CZ-5463-11,0.00043946748728771433,0.1922858862771989,437.54291691506074,437.54291691506074
NN,TCGA-KIRC,TCGA-CZ-5451-11,TCGA-CZ-5465-11,0.000588077433863853,0.15337956391085233,260.8152516635446,260.8152516635446
NN,TCGA-KIRC,TCGA-CZ-5451-11,TCGA-CZ-5466-11,0.0005663968560770999,0.15274584710443037,269.679899288915,269.679899288915
NN,TCGA-KIRC,TCGA-CZ-5451-11,TCGA-CZ-5467-11,0.0009168507576951999,0.2480504596158655,270.54616853829117,270.54616853829117
NN,TCGA-KIRC,TCGA-CZ-5451-11,TCGA-CZ-5468-11,0.000594729924999084,0.21762095435874873,365.91559498050134,365.91559498050134
NN,TCGA-KIRC,TCGA-CZ-5451-11,TCGA-CZ-5469-11,0.0007262234349096862,0.17525000845855698,241.3169281439551,241.3169281439551
NN,TCGA-KIRC,TCGA-CZ-5451-11,TCGA-CZ-5470-11,0.0006237322488930974,0.21909795769557946,351.26924747662207,351.26924747662207
NN,TCGA-KIRC,TCGA-CZ-5451-11,TCGA-CZ-5982-11,0.00025059559326406574,0.06808188658567445,271.6803025100804,271.6803025100804
NN,TCGA-KIRC,TCGA-CZ-5451-11,TCGA-CZ-5984-11,0.00019271313827818823,0.11770288119250771,610.7672898907362,610.7672898907362
NN,TCGA-KIRC,TCGA-CZ-5451-11,TCGA-CZ-5985-11,0.000485742776725955,0.13820387609254176,284.52070254976377,284.52070254976377
NN,TCGA-KIRC,TCGA-CZ-5451-11,TCGA-CZ-5986-11,0.00040896110837672004,0.12459572490257997,304.6639945718431,304.6639945718431
NN,TCGA-KIRC,TCGA-CZ-5451-11,TCGA-CZ-5987-11,0.000746896781157201,0.10264959292780318,137.43477749196282,137.43477749196282
NN,TCGA-KIRC,TCGA-CZ-5451-11,TCGA-CZ-5988-11,0.000200676910518074,0.08854324189507894,441.2228674763471,441.2228674763471
NN,TCGA-KIRC,TCGA-CZ-5451-11,TCGA-CZ-5989-11,0.0007263268535515937,0.28239836537666163,388.8034209334129,388.8034209334129
NN,TCGA-KIRC,TCGA-CZ-5451-11,TCGA-KL-8324-11,0.0005093736567701687,0.0823918716391702,161.75134018826128,161.75134018826128
NN,TCGA-KIRC,TCGA-CZ-5451-11,TCGA-KL-8326-11,0.0007118862501371598,0.1621729095786053,227.80733515692893,227.80733515692893
NN,TCGA-KIRC,TCGA-CZ-5451-11,TCGA-KL-8329-11,0.0003146046981402277,0.09787036603723762,311.08996978047094,311.08996978047094
NN,TCGA-KIRC,TCGA-CZ-5451-11,TCGA-KL-8332-11,0.002449697169662193,0.1223293962163271,49.9365381694081,49.9365381694081
NN,TCGA-KIRC,TCGA-CZ-5451-11,TCGA-KL-8336-11,0.0011130835500870267,0.2393039628096376,214.99191394116602,214.99191394116602
NN,TCGA-KIRC,TCGA-CZ-5451-11,TCGA-KL-8339-11,0.0011086203325217868,0.166026732337173,149.75977570203025,149.75977570203025
NN,TCGA-KIRC,TCGA-CZ-5451-11,TCGA-P4-A5E8-11,0.0018198061678915498,0.26556609212506516,145.93097705166772,145.93097705166772
NN,TCGA-KIRC,TCGA-CZ-5451-11,TCGA-P4-A5ED-11,0.0006922112375313684,0.25127923005582864,363.00946363131186,363.00946363131186
NN,TCGA-KIRC,TCGA-CZ-5451-11,TCGA-V5-A7RE-11,0.003077530813025562,0.31183014221712735,101.32478313371067,101.32478313371067
NN,TCGA-KIRC,TCGA-CZ-5451-11,TCGA-V5-AASX-11,0.0038241310863351206,0.2688114763885515,70.2934785235536,70.2934785235536
NN,TCGA-KIRC,TCGA-CZ-5452-11,TCGA-CZ-5453-11,0.00022038868379220544,0.1428806204436805,648.3119640498248,648.3119640498248
NN,TCGA-KIRC,TCGA-CZ-5452-11,TCGA-CZ-5454-11,0.00022641555632352785,0.10644408818657111,470.12709689643367,470.12709689643367
NN,TCGA-KIRC,TCGA-CZ-5452-11,TCGA-CZ-5455-11,0.0007584954971174959,0.12575449215041762,165.79464562192044,165.79464562192044
NN,TCGA-KIRC,TCGA-CZ-5452-11,TCGA-CZ-5456-11,0.0010372937806848864,0.11605822396837508,111.88558740971739,111.88558740971739
NN,TCGA-KIRC,TCGA-CZ-5452-11,TCGA-CZ-5457-11,0.0006507366368339025,0.15940219135348568,244.95653438085483,244.95653438085483
NN,TCGA-KIRC,TCGA-CZ-5452-11,TCGA-CZ-5458-11,0.0003810209596562317,0.12000616683138371,314.95948920935166,314.95948920935166
NN,TCGA-KIRC,TCGA-CZ-5452-11,TCGA-CZ-5461-11,0.0006411453310454828,0.13361682023606125,208.403327242794,208.403327242794
NN,TCGA-KIRC,TCGA-CZ-5452-11,TCGA-CZ-5462-11,0.00045945593129444965,0.18319999467884515,398.7324620289612,398.7324620289612
NN,TCGA-KIRC,TCGA-CZ-5452-11,TCGA-CZ-5463-11,0.0002621456033669464,0.11038153808691142,421.06957610271826,421.06957610271826
NN,TCGA-KIRC,TCGA-CZ-5452-11,TCGA-CZ-5465-11,0.00022906105822339488,0.09669145478665708,422.12087701244025,422.12087701244025
NN,TCGA-KIRC,TCGA-CZ-5452-11,TCGA-CZ-5466-11,0.0010291019490654583,0.18250447495643785,177.34343533424718,177.34343533424718
NN,TCGA-KIRC,TCGA-CZ-5452-11,TCGA-CZ-5467-11,0.0008650839144466657,0.20465404166105056,236.57131781481982,236.57131781481982
NN,TCGA-KIRC,TCGA-CZ-5452-11,TCGA-CZ-5468-11,0.0004035477779986466,0.11905440332790662,295.019350418294,295.019350418294
NN,TCGA-KIRC,TCGA-CZ-5452-11,TCGA-CZ-5469-11,0.00047878079409620225,0.1376548368636329,287.5111920967608,287.5111920967608
NN,TCGA-KIRC,TCGA-CZ-5452-11,TCGA-CZ-5470-11,0.00046972073766039324,0.19091951630578055,406.45324125292257,406.45324125292257
NN,TCGA-KIRC,TCGA-CZ-5452-11,TCGA-CZ-5982-11,0.0007295346631900248,0.3049846193516095,418.05363711987036,418.05363711987036
NN,TCGA-KIRC,TCGA-CZ-5452-11,TCGA-CZ-5984-11,0.0003720986294675719,0.16129236930467733,433.4667115959744,433.4667115959744
NN,TCGA-KIRC,TCGA-CZ-5452-11,TCGA-CZ-5985-11,0.0009032383196532403,0.2831485995284342,313.4816065345157,313.4816065345157
NN,TCGA-KIRC,TCGA-CZ-5452-11,TCGA-CZ-5986-11,0.00041732716652242557,0.18835344834907736,451.33282340237,451.33282340237
NN,TCGA-KIRC,TCGA-CZ-5452-11,TCGA-CZ-5987-11,0.000652455863332622,0.12606708618432896,193.21933217122452,193.21933217122452
NN,TCGA-KIRC,TCGA-CZ-5452-11,TCGA-CZ-5988-11,0.0004901142292470552,0.21840061876072697,445.61166709288966,445.61166709288966
NN,TCGA-KIRC,TCGA-CZ-5452-11,TCGA-CZ-5989-11,0.0002235034399105178,0.1558367658309463,697.245491583205,697.245491583205
NN,TCGA-KIRC,TCGA-CZ-5452-11,TCGA-KL-8324-11,0.000738333519322513,0.0898758410304431,121.72797073186142,121.72797073186142
NN,TCGA-KIRC,TCGA-CZ-5452-11,TCGA-KL-8326-11,0.0010999500549924855,0.18264532384394092,166.0487428633191,166.0487428633191
NN,TCGA-KIRC,TCGA-CZ-5452-11,TCGA-KL-8329-11,0.0006013419254007587,0.1456749173272092,242.24972710845915,242.24972710845915
NN,TCGA-KIRC,TCGA-CZ-5452-11,TCGA-KL-8332-11,0.003613884125747135,0.30574592957912816,84.60313583405727,84.60313583405727
NN,TCGA-KIRC,TCGA-CZ-5452-11,TCGA-KL-8336-11,0.00103741957752736,0.09520623758143945,91.7721620488009,91.7721620488009
NN,TCGA-KIRC,TCGA-CZ-5452-11,TCGA-KL-8339-11,0.0017897897254874886,0.17739619981086363,99.11566553581923,99.11566553581923
NN,TCGA-KIRC,TCGA-CZ-5452-11,TCGA-P4-A5E8-11,0.001905857526127088,0.20666224791536625,108.43530803445033,108.43530803445033
NN,TCGA-KIRC,TCGA-CZ-5452-11,TCGA-P4-A5ED-11,0.00044662884349846055,0.15389439345477884,344.5688644945505,344.5688644945505
NN,TCGA-KIRC,TCGA-CZ-5452-11,TCGA-V5-A7RE-11,0.0026507980985963297,0.3909663337075721,147.49004607880153,147.49004607880153
NN,TCGA-KIRC,TCGA-CZ-5452-11,TCGA-V5-AASX-11,0.0031924659567695137,0.37166237171386823,116.41858574114816,116.41858574114816
NN,TCGA-KIRC,TCGA-CZ-5453-11,TCGA-CZ-5454-11,0.00035103116024439503,0.15143087406649314,431.3886948414035,431.3886948414035
NN,TCGA-KIRC,TCGA-CZ-5453-11,TCGA-CZ-5455-11,0.0006322009071739688,0.12113469140635236,191.6079050690425,191.6079050690425
NN,TCGA-KIRC,TCGA-CZ-5453-11,TCGA-CZ-5456-11,0.0011924534988446045,0.138707696399787,116.32126245105916,116.32126245105916
NN,TCGA-KIRC,TCGA-CZ-5453-11,TCGA-CZ-5457-11,0.0007470669910180488,0.1393136965472806,186.48086212112514,186.48086212112514
NN,TCGA-KIRC,TCGA-CZ-5453-11,TCGA-CZ-5458-11,0.00047125842806288137,0.15211174462100557,322.77777024861797,322.77777024861797
NN,TCGA-KIRC,TCGA-CZ-5453-11,TCGA-CZ-5461-11,0.0004542820965040216,0.13647040997987653,300.4089552066871,300.4089552066871
NN,TCGA-KIRC,TCGA-CZ-5453-11,TCGA-CZ-5462-11,0.0003843442185193826,0.15211898394594076,395.78840168834057,395.78840168834057
NN,TCGA-KIRC,TCGA-CZ-5453-11,TCGA-CZ-5463-11,0.0002726286273946704,0.13801873654188002,506.25181170749687,506.25181170749687
NN,TCGA-KIRC,TCGA-CZ-5453-11,TCGA-CZ-5465-11,0.00016133866852180407,0.07937569601636972,491.98184628406375,491.98184628406375
NN,TCGA-KIRC,TCGA-CZ-5453-11,TCGA-CZ-5466-11,0.00078829061028429,0.2379884950442329,301.9045158465156,301.9045158465156
NN,TCGA-KIRC,TCGA-CZ-5453-11,TCGA-CZ-5467-11,0.0009172602270753196,0.19598895359159113,213.66777693665088,213.66777693665088
NN,TCGA-KIRC,TCGA-CZ-5453-11,TCGA-CZ-5468-11,0.0005620754121356409,0.16900580729825532,300.68172997660065,300.68172997660065
NN,TCGA-KIRC,TCGA-CZ-5453-11,TCGA-CZ-5469-11,0.0005457837402029642,0.13266738048897309,243.0768282683489,243.0768282683489
NN,TCGA-KIRC,TCGA-CZ-5453-11,TCGA-CZ-5470-11,0.0003962388733578725,0.13265185949449046,334.77750017394885,334.77750017394885
NN,TCGA-KIRC,TCGA-CZ-5453-11,TCGA-CZ-5982-11,0.0007664363141435465,0.23059906257496846,300.8717858477924,300.8717858477924
NN,TCGA-KIRC,TCGA-CZ-5453-11,TCGA-CZ-5984-11,0.00041872537884585746,0.21121888984837633,504.4329780787682,504.4329780787682
NN,TCGA-KIRC,TCGA-CZ-5453-11,TCGA-CZ-5985-11,0.0008732946973952596,0.21809073249131755,249.7332608818167,249.7332608818167
NN,TCGA-KIRC,TCGA-CZ-5453-11,TCGA-CZ-5986-11,0.00046182023359748483,0.21880937596713881,473.79772484773713,473.79772484773713
NN,TCGA-KIRC,TCGA-CZ-5453-11,TCGA-CZ-5987-11,0.0005794304619531387,0.1908807206204899,329.42817672559187,329.42817672559187
NN,TCGA-KIRC,TCGA-CZ-5453-11,TCGA-CZ-5988-11,0.00048393899346391264,0.23158229792005464,478.53613998418945,478.53613998418945
NN,TCGA-KIRC,TCGA-CZ-5453-11,TCGA-CZ-5989-11,0.0003595235298078581,0.17764624641206234,494.11577180220354,494.11577180220354
NN,TCGA-KIRC,TCGA-CZ-5453-11,TCGA-KL-8324-11,0.0009606054672514271,0.1141830052555303,118.86566248913951,118.86566248913951
NN,TCGA-KIRC,TCGA-CZ-5453-11,TCGA-KL-8326-11,0.0012521668920291438,0.21506399682326188,171.75346049498995,171.75346049498995
NN,TCGA-KIRC,TCGA-CZ-5453-11,TCGA-KL-8329-11,0.0007430579937698744,0.21325090897318788,286.99093578317905,286.99093578317905
NN,TCGA-KIRC,TCGA-CZ-5453-11,TCGA-KL-8332-11,0.0035100565462186364,0.27689375525029775,78.88583890438854,78.88583890438854
NN,TCGA-KIRC,TCGA-CZ-5453-11,TCGA-KL-8336-11,0.0013320727168414884,0.1534956291888797,115.23066815213896,115.23066815213896
NN,TCGA-KIRC,TCGA-CZ-5453-11,TCGA-KL-8339-11,0.001796822570272942,0.22017467399968207,122.53556786424214,122.53556786424214
NN,TCGA-KIRC,TCGA-CZ-5453-11,TCGA-P4-A5E8-11,0.002340320121727818,0.2229424688504791,95.26152716487543,95.26152716487543
NN,TCGA-KIRC,TCGA-CZ-5453-11,TCGA-P4-A5ED-11,0.0006732697828389488,0.1693386163247853,251.51673317454137,251.51673317454137
NN,TCGA-KIRC,TCGA-CZ-5453-11,TCGA-V5-A7RE-11,0.00290022799690463,0.31808633411263315,109.67632008660075,109.67632008660075
NN,TCGA-KIRC,TCGA-CZ-5453-11,TCGA-V5-AASX-11,0.003458084744954605,0.3018146603297521,87.27798263767365,87.27798263767365
NN,TCGA-KIRC,TCGA-CZ-5454-11,TCGA-CZ-5455-11,0.0006435752577479182,0.12543297027397737,194.90023701798083,194.90023701798083
NN,TCGA-KIRC,TCGA-CZ-5454-11,TCGA-CZ-5456-11,0.0008369862821551504,0.10781161177688155,128.80929362340103,128.80929362340103
NN,TCGA-KIRC,TCGA-CZ-5454-11,TCGA-CZ-5457-11,0.0005554736197695284,0.14280132536495427,257.0803009946791,257.0803009946791
NN,TCGA-KIRC,TCGA-CZ-5454-11,TCGA-CZ-5458-11,0.00029870071491623477,0.11780343873534194,394.3861961240293,394.3861961240293
NN,TCGA-KIRC,TCGA-CZ-5454-11,TCGA-CZ-5461-11,0.00044114010073226576,0.16784268393356144,380.4747826256393,380.4747826256393
NN,TCGA-KIRC,TCGA-CZ-5454-11,TCGA-CZ-5462-11,0.0005202333268106052,0.13446592151251607,258.4723326682786,258.4723326682786
NN,TCGA-KIRC,TCGA-CZ-5454-11,TCGA-CZ-5463-11,0.00021996892053539074,0.13014362837590426,591.6455291008508,591.6455291008508
NN,TCGA-KIRC,TCGA-CZ-5454-11,TCGA-CZ-5465-11,0.0003678629734331298,0.10024357376791324,272.5024832816873,272.5024832816873
NN,TCGA-KIRC,TCGA-CZ-5454-11,TCGA-CZ-5466-11,0.0010041329374316595,0.2646525358641875,263.5632454614104,263.5632454614104
NN,TCGA-KIRC,TCGA-CZ-5454-11,TCGA-CZ-5467-11,0.0005676055669936576,0.15063574139743294,265.3880619869187,265.3880619869187
NN,TCGA-KIRC,TCGA-CZ-5454-11,TCGA-CZ-5468-11,0.00037338141080941214,0.11521498872312004,308.57183937828677,308.57183937828677
NN,TCGA-KIRC,TCGA-CZ-5454-11,TCGA-CZ-5469-11,0.0002970767108357576,0.09004888479299776,303.1166076252351,303.1166076252351
NN,TCGA-KIRC,TCGA-CZ-5454-11,TCGA-CZ-5470-11,0.0005095597664764803,0.15346143647877825,301.1647437158121,301.1647437158121
NN,TCGA-KIRC,TCGA-CZ-5454-11,TCGA-CZ-5982-11,0.0008340576788280266,0.3032116270350327,363.53795994191853,363.53795994191853
NN,TCGA-KIRC,TCGA-CZ-5454-11,TCGA-CZ-5984-11,0.0004247857508465202,0.1829067405923267,430.5858664699253,430.5858664699253
NN,TCGA-KIRC,TCGA-CZ-5454-11,TCGA-CZ-5985-11,0.0009088109969788668,0.2864625657016819,315.20587520833357,315.20587520833357
NN,TCGA-KIRC,TCGA-CZ-5454-11,TCGA-CZ-5986-11,0.0004962601103157886,0.2201089907266776,443.53552935498715,443.53552935498715
NN,TCGA-KIRC,TCGA-CZ-5454-11,TCGA-CZ-5987-11,0.0005797973313939716,0.14131304530228792,243.7283472183936,243.7283472183936
NN,TCGA-KIRC,TCGA-CZ-5454-11,TCGA-CZ-5988-11,0.0005070116479992354,0.2323402813019173,458.2543265401818,458.2543265401818
NN,TCGA-KIRC,TCGA-CZ-5454-11,TCGA-CZ-5989-11,0.0003420438913515383,0.1568525407578294,458.5743079288703,458.5743079288703
NN,TCGA-KIRC,TCGA-CZ-5454-11,TCGA-KL-8324-11,0.0005725685270290507,0.0867419699241393,151.49622417115188,151.49622417115188
NN,TCGA-KIRC,TCGA-CZ-5454-11,TCGA-KL-8326-11,0.0009281983683312079,0.2020731013318881,217.70465045655263,217.70465045655263
NN,TCGA-KIRC,TCGA-CZ-5454-11,TCGA-KL-8329-11,0.0005578274811117502,0.18992409815810243,340.4710319749463,340.4710319749463
NN,TCGA-KIRC,TCGA-CZ-5454-11,TCGA-KL-8332-11,0.0034129498145459144,0.30463841519246276,89.25956481812325,89.25956481812325
NN,TCGA-KIRC,TCGA-CZ-5454-11,TCGA-KL-8336-11,0.0008629994162368704,0.12887872120769514,149.33813254436936,149.33813254436936
NN,TCGA-KIRC,TCGA-CZ-5454-11,TCGA-KL-8339-11,0.0016349959020946626,0.21026923779251033,128.60536073706697,128.60536073706697
NN,TCGA-KIRC,TCGA-CZ-5454-11,TCGA-P4-A5E8-11,0.0016997003295222523,0.20744279676028204,122.04668855867644,122.04668855867644
NN,TCGA-KIRC,TCGA-CZ-5454-11,TCGA-P4-A5ED-11,0.0004370237932552866,0.15498370270104597,354.6344732093627,354.6344732093627
NN,TCGA-KIRC,TCGA-CZ-5454-11,TCGA-V5-A7RE-11,0.002669401448855487,0.2976736713642975,111.51326507742995,111.51326507742995
NN,TCGA-KIRC,TCGA-CZ-5454-11,TCGA-V5-AASX-11,0.0033735609696714194,0.2451980794227437,72.68227301272864,72.68227301272864
NN,TCGA-KIRC,TCGA-CZ-5455-11,TCGA-CZ-5456-11,0.0005371721172446215,0.1261509204355144,234.8426442582217,234.8426442582217
NN,TCGA-KIRC,TCGA-CZ-5455-11,TCGA-CZ-5457-11,0.0004010468219663823,0.12926303944260562,322.31408494602425,322.31408494602425
NN,TCGA-KIRC,TCGA-CZ-5455-11,TCGA-CZ-5458-11,0.0004359364790511887,0.13839516378580838,317.46635217824405,317.46635217824405
NN,TCGA-KIRC,TCGA-CZ-5455-11,TCGA-CZ-5461-11,0.0005456663622262082,0.08825786630870061,161.74327834434652,161.74327834434652
NN,TCGA-KIRC,TCGA-CZ-5455-11,TCGA-CZ-5462-11,0.00023675177095117662,0.15661967343354527,661.5353828370883,661.5353828370883
NN,TCGA-KIRC,TCGA-CZ-5455-11,TCGA-CZ-5463-11,0.0006227573080027833,0.14602676508142626,234.48422556411595,234.48422556411595
NN,TCGA-KIRC,TCGA-CZ-5455-11,TCGA-CZ-5465-11,0.0007129514293140436,0.15338517865521487,215.141133531063,215.141133531063
NN,TCGA-KIRC,TCGA-CZ-5455-11,TCGA-CZ-5466-11,0.0006267850950998336,0.14214299267537484,226.78106704616908,226.78106704616908
NN,TCGA-KIRC,TCGA-CZ-5455-11,TCGA-CZ-5467-11,0.0004871257681336639,0.1570188561817612,322.33740535498896,322.33740535498896
NN,TCGA-KIRC,TCGA-CZ-5455-11,TCGA-CZ-5468-11,0.000514088562213974,0.11899981800114838,231.47727210398088,231.47727210398088
NN,TCGA-KIRC,TCGA-CZ-5455-11,TCGA-CZ-5469-11,0.0005192659175495328,0.17271843759657096,332.62040076045497,332.62040076045497
NN,TCGA-KIRC,TCGA-CZ-5455-11,TCGA-CZ-5470-11,0.0004043486718403767,0.15748280313686758,389.4727845156284,389.4727845156284
NN,TCGA-KIRC,TCGA-CZ-5455-11,TCGA-CZ-5982-11,0.0010832180175849415,0.3262930025337901,301.2256048521678,301.2256048521678
NN,TCGA-KIRC,TCGA-CZ-5455-11,TCGA-CZ-5984-11,0.0008730599094021867,0.15122416110315942,173.2116656309504,173.2116656309504
NN,TCGA-KIRC,TCGA-CZ-5455-11,TCGA-CZ-5985-11,0.0010503715425827008,0.31477885698218255,299.6833446269785,299.6833446269785
NN,TCGA-KIRC,TCGA-CZ-5455-11,TCGA-CZ-5986-11,0.0010061624020843095,0.18768604846059395,186.53653532649807,186.53653532649807
NN,TCGA-KIRC,TCGA-CZ-5455-11,TCGA-CZ-5987-11,0.0011931896963344687,0.1243245968369279,104.19516462374636,104.19516462374636
NN,TCGA-KIRC,TCGA-CZ-5455-11,TCGA-CZ-5988-11,0.000849892932218522,0.1932146081231442,227.33993988958767,227.33993988958767
NN,TCGA-KIRC,TCGA-CZ-5455-11,TCGA-CZ-5989-11,0.0011055257410046743,0.1368858490809616,123.8196850636541,123.8196850636541
NN,TCGA-KIRC,TCGA-CZ-5455-11,TCGA-KL-8324-11,0.0009670988119471148,0.09956810915355357,102.9554663117489,102.9554663117489
NN,TCGA-KIRC,TCGA-CZ-5455-11,TCGA-KL-8326-11,0.0011020383525468733,0.10572505361101812,95.93591127448651,95.93591127448651
NN,TCGA-KIRC,TCGA-CZ-5455-11,TCGA-KL-8329-11,0.0009457046021354603,0.12301983781665154,130.08273147753013,130.08273147753013
NN,TCGA-KIRC,TCGA-CZ-5455-11,TCGA-KL-8332-11,0.0023106015778015083,0.3095057672956477,133.95029687036583,133.95029687036583
NN,TCGA-KIRC,TCGA-CZ-5455-11,TCGA-KL-8336-11,0.0015451821632569223,0.07869188438480013,50.92725392256277,50.92725392256277
NN,TCGA-KIRC,TCGA-CZ-5455-11,TCGA-KL-8339-11,0.0011740352493762355,0.15849347484188236,134.99890648606154,134.99890648606154
NN,TCGA-KIRC,TCGA-CZ-5455-11,TCGA-P4-A5E8-11,0.001836566451772045,0.15223604862687531,82.89166366944553,82.89166366944553
NN,TCGA-KIRC,TCGA-CZ-5455-11,TCGA-P4-A5ED-11,0.0009171517284930987,0.1525399589945136,166.31921878961103,166.31921878961103
NN,TCGA-KIRC,TCGA-CZ-5455-11,TCGA-V5-A7RE-11,0.004105817075485053,0.4378359589006705,106.63796044760358,106.63796044760358
NN,TCGA-KIRC,TCGA-CZ-5455-11,TCGA-V5-AASX-11,0.005084138740740348,0.43220512493742347,85.01048987394198,85.01048987394198
NN,TCGA-KIRC,TCGA-CZ-5456-11,TCGA-CZ-5457-11,0.0003536490949995183,0.141131146717542,399.0711377834411,399.0711377834411
NN,TCGA-KIRC,TCGA-CZ-5456-11,TCGA-CZ-5458-11,0.000581317019710117,0.12676676473851609,218.0682148300601,218.0682148300601
NN,TCGA-KIRC,TCGA-CZ-5456-11,TCGA-CZ-5461-11,0.0012399616165936333,0.10577003445745309,85.30105532461542,85.30105532461542
NN,TCGA-KIRC,TCGA-CZ-5456-11,TCGA-CZ-5462-11,0.0008248357791007359,0.18169516466015292,220.28041128167743,220.28041128167743
NN,TCGA-KIRC,TCGA-CZ-5456-11,TCGA-CZ-5463-11,0.0010379740047840695,0.15276496551883018,147.1760996082074,147.1760996082074
NN,TCGA-KIRC,TCGA-CZ-5456-11,TCGA-CZ-5465-11,0.0013212821409525285,0.16453574149409148,124.52733325788816,124.52733325788816
NN,TCGA-KIRC,TCGA-CZ-5456-11,TCGA-CZ-5466-11,0.0014703511738161723,0.1346961323002813,91.60813736128686,91.60813736128686
NN,TCGA-KIRC,TCGA-CZ-5456-11,TCGA-CZ-5467-11,0.0004958026854001398,0.11513525361450214,232.2199072431036,232.2199072431036
NN,TCGA-KIRC,TCGA-CZ-5456-11,TCGA-CZ-5468-11,0.0005595991554349679,0.09578437391194813,171.16604444746955,171.16604444746955
NN,TCGA-KIRC,TCGA-CZ-5456-11,TCGA-CZ-5469-11,0.0006191897054228484,0.1622663017627399,262.0623378289651,262.0623378289651
NN,TCGA-KIRC,TCGA-CZ-5456-11,TCGA-CZ-5470-11,0.0009534598679414323,0.1737138743903581,182.19316851312794,182.19316851312794
NN,TCGA-KIRC,TCGA-CZ-5456-11,TCGA-CZ-5982-11,0.0015041080465089261,0.31662634353044183,210.5077120392646,210.5077120392646
NN,TCGA-KIRC,TCGA-CZ-5456-11,TCGA-CZ-5984-11,0.0011800454077104119,0.14297436178177497,121.16005100107256,121.16005100107256
NN,TCGA-KIRC,TCGA-CZ-5456-11,TCGA-CZ-5985-11,0.0016297739697753077,0.30500658404070924,187.1465551034415,187.1465551034415
NN,TCGA-KIRC,TCGA-CZ-5456-11,TCGA-CZ-5986-11,0.0015232390485220093,0.18442630925430908,121.0750928642861,121.0750928642861
NN,TCGA-KIRC,TCGA-CZ-5456-11,TCGA-CZ-5987-11,0.0018848389136946774,0.125872961735155,66.78181398983202,66.78181398983202
NN,TCGA-KIRC,TCGA-CZ-5456-11,TCGA-CZ-5988-11,0.0012810125787448973,0.1554000573805526,121.31032899989907,121.31032899989907
NN,TCGA-KIRC,TCGA-CZ-5456-11,TCGA-CZ-5989-11,0.0014011825475825322,0.13913155500246033,99.29580927374863,99.29580927374863
NN,TCGA-KIRC,TCGA-CZ-5456-11,TCGA-KL-8324-11,0.0007664711719737442,0.06252705254130454,81.57782683501426,81.57782683501426
NN,TCGA-KIRC,TCGA-CZ-5456-11,TCGA-KL-8326-11,0.0006953864290187106,0.07607213856138723,109.39548916526292,109.39548916526292
NN,TCGA-KIRC,TCGA-CZ-5456-11,TCGA-KL-8329-11,0.0008862376073174407,0.1250330248730724,141.08295996548355,141.08295996548355
NN,TCGA-KIRC,TCGA-CZ-5456-11,TCGA-KL-8332-11,0.002374038245150839,0.24609866772834565,103.66246973106759,103.66246973106759
NN,TCGA-KIRC,TCGA-CZ-5456-11,TCGA-KL-8336-11,0.00121155004030842,0.05411868221713301,44.66896159184329,44.66896159184329
NN,TCGA-KIRC,TCGA-CZ-5456-11,TCGA-KL-8339-11,0.0011670392610925442,0.12171746922353768,104.29595068600327,104.29595068600327
NN,TCGA-KIRC,TCGA-CZ-5456-11,TCGA-P4-A5E8-11,0.0009727915357876092,0.16754507582523523,172.23122288947994,172.23122288947994
NN,TCGA-KIRC,TCGA-CZ-5456-11,TCGA-P4-A5ED-11,0.000717324806009319,0.1460252515816105,203.56922046790814,203.56922046790814
NN,TCGA-KIRC,TCGA-CZ-5456-11,TCGA-V5-A7RE-11,0.004077221512035551,0.4381091483833002,107.45286884463984,107.45286884463984
NN,TCGA-KIRC,TCGA-CZ-5456-11,TCGA-V5-AASX-11,0.005294997306163707,0.4440757508743679,83.86703999970614,83.86703999970614
NN,TCGA-KIRC,TCGA-CZ-5457-11,TCGA-CZ-5458-11,0.0003824730016086466,0.16933790121738218,442.74471794129886,442.74471794129886
NN,TCGA-KIRC,TCGA-CZ-5457-11,TCGA-CZ-5461-11,0.0009755506656685437,0.14659693453274836,150.27095946091703,150.27095946091703
NN,TCGA-KIRC,TCGA-CZ-5457-11,TCGA-CZ-5462-11,0.0004666781537415377,0.1639906478006366,351.3998812369096,351.3998812369096
NN,TCGA-KIRC,TCGA-CZ-5457-11,TCGA-CZ-5463-11,0.0006805150456841021,0.169899350935604,249.66288697527483,249.66288697527483
NN,TCGA-KIRC,TCGA-CZ-5457-11,TCGA-CZ-5465-11,0.0008153031676240005,0.15150611281854162,185.82794576901833,185.82794576901833
NN,TCGA-KIRC,TCGA-CZ-5457-11,TCGA-CZ-5466-11,0.001131595214461867,0.16911621365053936,149.44938922436413,149.44938922436413
NN,TCGA-KIRC,TCGA-CZ-5457-11,TCGA-CZ-5467-11,0.0004878845407945653,0.17182652208594346,352.18685512377175,352.18685512377175
NN,TCGA-KIRC,TCGA-CZ-5457-11,TCGA-CZ-5468-11,0.00022162532398575365,0.12998748357679518,586.5190910455293,586.5190910455293
NN,TCGA-KIRC,TCGA-CZ-5457-11,TCGA-CZ-5469-11,0.0003935487820892484,0.16472510086825848,418.5633607955172,418.5633607955172
NN,TCGA-KIRC,TCGA-CZ-5457-11,TCGA-CZ-5470-11,0.0005827659061084481,0.1707992019107768,293.0837238769291,293.0837238769291
NN,TCGA-KIRC,TCGA-CZ-5457-11,TCGA-CZ-5982-11,0.0012286654932286722,0.32688322455459184,266.04737119751945,266.04737119751945
NN,TCGA-KIRC,TCGA-CZ-5457-11,TCGA-CZ-5984-11,0.0008543843389008224,0.16328738128356984,191.1170112196127,191.1170112196127
NN,TCGA-KIRC,TCGA-CZ-5457-11,TCGA-CZ-5985-11,0.0014039494471540324,0.33739067973398984,240.315404815978,240.315404815978
NN,TCGA-KIRC,TCGA-CZ-5457-11,TCGA-CZ-5986-11,0.0011818807554202482,0.2237254746711986,189.29614823252388,189.29614823252388
NN,TCGA-KIRC,TCGA-CZ-5457-11,TCGA-CZ-5987-11,0.0013381213867584814,0.11987640622181553,89.58559919007715,89.58559919007715
NN,TCGA-KIRC,TCGA-CZ-5457-11,TCGA-CZ-5988-11,0.0009940616431025587,0.2562909538675744,257.8219928772893,257.8219928772893
NN,TCGA-KIRC,TCGA-CZ-5457-11,TCGA-CZ-5989-11,0.000876746220945179,0.12568466193376004,143.35352571952384,143.35352571952384
NN,TCGA-KIRC,TCGA-CZ-5457-11,TCGA-KL-8324-11,0.0006245390822957864,0.059353905720912245,95.03633544073674,95.03633544073674
NN,TCGA-KIRC,TCGA-CZ-5457-11,TCGA-KL-8326-11,0.0007027282393652012,0.137545662215282,195.73094478106043,195.73094478106043
NN,TCGA-KIRC,TCGA-CZ-5457-11,TCGA-KL-8329-11,0.0006131847340868614,0.10848059801936794,176.9134030724271,176.9134030724271
NN,TCGA-KIRC,TCGA-CZ-5457-11,TCGA-KL-8332-11,0.0025705109376380686,0.3066089772224708,119.2793902305666,119.2793902305666
NN,TCGA-KIRC,TCGA-CZ-5457-11,TCGA-KL-8336-11,0.00093968570651123,0.07849048594885805,83.52844510136221,83.52844510136221
NN,TCGA-KIRC,TCGA-CZ-5457-11,TCGA-KL-8339-11,0.0011529897150983092,0.16379441698095884,142.06060542959221,142.06060542959221
NN,TCGA-KIRC,TCGA-CZ-5457-11,TCGA-P4-A5E8-11,0.0010567615763690114,0.1308380848754157,123.81041078818356,123.81041078818356
NN,TCGA-KIRC,TCGA-CZ-5457-11,TCGA-P4-A5ED-11,0.0004896474373597455,0.16900682997239017,345.1602460817544,345.1602460817544
NN,TCGA-KIRC,TCGA-CZ-5457-11,TCGA-V5-A7RE-11,0.0034697317694976767,0.40064384408157167,115.4682467398839,115.4682467398839
NN,TCGA-KIRC,TCGA-CZ-5457-11,TCGA-V5-AASX-11,0.004550127238872613,0.3818546918657959,83.92176126494613,83.92176126494613
NN,TCGA-KIRC,TCGA-CZ-5458-11,TCGA-CZ-5461-11,0.0006200324084483688,0.12214725305393373,197.00140087774966,197.00140087774966
NN,TCGA-KIRC,TCGA-CZ-5458-11,TCGA-CZ-5462-11,0.0004551256656734338,0.2045577339588891,449.4533035314808,449.4533035314808
NN,TCGA-KIRC,TCGA-CZ-5458-11,TCGA-CZ-5463-11,0.00041934223494499446,0.14933108592427136,356.10790776621695,356.10790776621695
NN,TCGA-KIRC,TCGA-CZ-5458-11,TCGA-CZ-5465-11,0.0004732490582530643,0.14752883722360838,311.7361453780624,311.7361453780624
NN,TCGA-KIRC,TCGA-CZ-5458-11,TCGA-CZ-5466-11,0.000995906556976508,0.15687447498187032,157.5192711433978,157.5192711433978
NN,TCGA-KIRC,TCGA-CZ-5458-11,TCGA-CZ-5467-11,0.00032984528869183514,0.1638274453480984,496.6796585085004,496.6796585085004
NN,TCGA-KIRC,TCGA-CZ-5458-11,TCGA-CZ-5468-11,0.0003997103184798824,0.12244215917866738,306.32724129895075,306.32724129895075
NN,TCGA-KIRC,TCGA-CZ-5458-11,TCGA-CZ-5469-11,0.00022568072048272176,0.10903792326407469,483.1512547055285,483.1512547055285
NN,TCGA-KIRC,TCGA-CZ-5458-11,TCGA-CZ-5470-11,0.0005281741639333178,0.20042524388515884,379.46809513095116,379.46809513095116
NN,TCGA-KIRC,TCGA-CZ-5458-11,TCGA-CZ-5982-11,0.0010182305116537306,0.3388501036862327,332.78329396739326,332.78329396739326
NN,TCGA-KIRC,TCGA-CZ-5458-11,TCGA-CZ-5984-11,0.0005986686555401852,0.1499465467007072,250.46667353146927,250.46667353146927
NN,TCGA-KIRC,TCGA-CZ-5458-11,TCGA-CZ-5985-11,0.00103659601632137,0.31458213710311,303.47612006023945,303.47612006023945
NN,TCGA-KIRC,TCGA-CZ-5458-11,TCGA-CZ-5986-11,0.0007880852293549252,0.22441849199255987,284.76424076143905,284.76424076143905
NN,TCGA-KIRC,TCGA-CZ-5458-11,TCGA-CZ-5987-11,0.0009155090862528893,0.09464845105647296,103.38340981831436,103.38340981831436
NN,TCGA-KIRC,TCGA-CZ-5458-11,TCGA-CZ-5988-11,0.000673606762836138,0.22538662714571364,334.59674038418365,334.59674038418365
NN,TCGA-KIRC,TCGA-CZ-5458-11,TCGA-CZ-5989-11,0.0006099109757623264,0.13460584810145376,220.69753365761323,220.69753365761323
NN,TCGA-KIRC,TCGA-CZ-5458-11,TCGA-KL-8324-11,0.0007003145110350151,0.05929200470857099,84.6648238388515,84.6648238388515
NN,TCGA-KIRC,TCGA-CZ-5458-11,TCGA-KL-8326-11,0.0009579384982726277,0.1395515970187197,145.67907780130113,145.67907780130113
NN,TCGA-KIRC,TCGA-CZ-5458-11,TCGA-KL-8329-11,0.000725921466727402,0.13384248266732937,184.37598115222826,184.37598115222826
NN,TCGA-KIRC,TCGA-CZ-5458-11,TCGA-KL-8332-11,0.0030088203190983005,0.3250559180237492,108.0343402231356,108.0343402231356
NN,TCGA-KIRC,TCGA-CZ-5458-11,TCGA-KL-8336-11,0.0011436945076774832,0.06718186350477433,58.7410913087285,58.7410913087285
NN,TCGA-KIRC,TCGA-CZ-5458-11,TCGA-KL-8339-11,0.0014691291228740846,0.1809344680572147,123.15763484645191,123.15763484645191
NN,TCGA-KIRC,TCGA-CZ-5458-11,TCGA-P4-A5E8-11,0.0017580923910629487,0.22364584815969357,127.20938290647884,127.20938290647884
NN,TCGA-KIRC,TCGA-CZ-5458-11,TCGA-P4-A5ED-11,0.0005896658472603694,0.1668588526922437,282.97187884881265,282.97187884881265
NN,TCGA-KIRC,TCGA-CZ-5458-11,TCGA-V5-A7RE-11,0.003247671069885176,0.42839754946346587,131.90915589817175,131.90915589817175
NN,TCGA-KIRC,TCGA-CZ-5458-11,TCGA-V5-AASX-11,0.004091225457056544,0.4023524931902324,98.34522624419414,98.34522624419414
NN,TCGA-KIRC,TCGA-CZ-5461-11,TCGA-CZ-5462-11,0.0005066685203628176,0.14972955532112314,295.5177780018859,295.5177780018859
NN,TCGA-KIRC,TCGA-CZ-5461-11,TCGA-CZ-5463-11,0.0003801471808712065,0.11026216092361893,290.0512392882262,290.0512392882262
NN,TCGA-KIRC,TCGA-CZ-5461-11,TCGA-CZ-5465-11,0.0005002547436614654,0.09651195402853904,192.92561490201686,192.92561490201686
NN,TCGA-KIRC,TCGA-CZ-5461-11,TCGA-CZ-5466-11,0.0005382322709939884,0.18432473375420882,342.4631774936208,342.4631774936208
NN,TCGA-KIRC,TCGA-CZ-5461-11,TCGA-CZ-5467-11,0.0007452986081157184,0.1497374666964857,200.9093604442057,200.9093604442057
NN,TCGA-KIRC,TCGA-CZ-5461-11,TCGA-CZ-5468-11,0.0008515856996578271,0.14012734443897973,164.54872891276105,164.54872891276105
NN,TCGA-KIRC,TCGA-CZ-5461-11,TCGA-CZ-5469-11,0.0005723234299632198,0.0832553934123888,145.4691334543812,145.4691334543812
NN,TCGA-KIRC,TCGA-CZ-5461-11,TCGA-CZ-5470-11,0.0005268660660511229,0.14479483145456173,274.82284547153205,274.82284547153205
NN,TCGA-KIRC,TCGA-CZ-5461-11,TCGA-CZ-5982-11,0.0007248926915268242,0.0577371042603722,79.64917419537217,79.64917419537217
NN,TCGA-KIRC,TCGA-CZ-5461-11,TCGA-CZ-5984-11,0.0005810336402829701,0.16181384982835814,278.4930830331148,278.4930830331148
NN,TCGA-KIRC,TCGA-CZ-5461-11,TCGA-CZ-5985-11,0.0006307858244178252,0.12388788102076063,196.40244949242668,196.40244949242668
NN,TCGA-KIRC,TCGA-CZ-5461-11,TCGA-CZ-5986-11,0.0005308048909974044,0.16766518979729847,315.86971529642204,315.86971529642204
NN,TCGA-KIRC,TCGA-CZ-5461-11,TCGA-CZ-5987-11,0.0005905081719377463,0.15144551353087105,256.4664144001669,256.4664144001669
NN,TCGA-KIRC,TCGA-CZ-5461-11,TCGA-CZ-5988-11,0.0004838326839480605,0.13467346846229042,278.34719094079975,278.34719094079975
NN,TCGA-KIRC,TCGA-CZ-5461-11,TCGA-CZ-5989-11,0.0008748896579888131,0.21310560312850105,243.57997740924944,243.57997740924944
NN,TCGA-KIRC,TCGA-CZ-5461-11,TCGA-KL-8324-11,0.0010415758660675502,0.09666771319794967,92.80909470657838,92.80909470657838
NN,TCGA-KIRC,TCGA-CZ-5461-11,TCGA-KL-8326-11,0.0014278503379374866,0.20952080663167671,146.73863293986898,146.73863293986898
NN,TCGA-KIRC,TCGA-CZ-5461-11,TCGA-KL-8329-11,0.0009575303290359715,0.1892609378711503,197.6552931348876,197.6552931348876
NN,TCGA-KIRC,TCGA-CZ-5461-11,TCGA-KL-8332-11,0.003165899416810302,0.11103441201320963,35.07199610437362,35.07199610437362
NN,TCGA-KIRC,TCGA-CZ-5461-11,TCGA-KL-8336-11,0.0016140520406950384,0.17506721471701767,108.46441769103723,108.46441769103723
NN,TCGA-KIRC,TCGA-CZ-5461-11,TCGA-KL-8339-11,0.0017353552406743215,0.172867525416326,99.61506518351449,99.61506518351449
NN,TCGA-KIRC,TCGA-CZ-5461-11,TCGA-P4-A5E8-11,0.002584220093040455,0.223835590262412,86.61630287034068,86.61630287034068
NN,TCGA-KIRC,TCGA-CZ-5461-11,TCGA-P4-A5ED-11,0.001113685047081021,0.21249245681499213,190.80121204099567,190.80121204099567
NN,TCGA-KIRC,TCGA-CZ-5461-11,TCGA-V5-A7RE-11,0.0034046091763974993,0.2977035717045643,87.44133504908535,87.44133504908535
NN,TCGA-KIRC,TCGA-CZ-5461-11,TCGA-V5-AASX-11,0.004077728562262557,0.25253516093185513,61.93035094806168,61.93035094806168
NN,TCGA-KIRC,TCGA-CZ-5462-11,TCGA-CZ-5463-11,0.00039615018060121,0.15403036217094707,388.81810412704027,388.81810412704027
NN,TCGA-KIRC,TCGA-CZ-5462-11,TCGA-CZ-5465-11,0.00043515979909982473,0.16743814048821706,384.77391715544735,384.77391715544735
NN,TCGA-KIRC,TCGA-CZ-5462-11,TCGA-CZ-5466-11,0.0005505056235887312,0.19819448537225878,360.0226353370095,360.0226353370095
NN,TCGA-KIRC,TCGA-CZ-5462-11,TCGA-CZ-5467-11,0.0007006599747099264,0.1891775467317535,269.999077384252,269.999077384252
NN,TCGA-KIRC,TCGA-CZ-5462-11,TCGA-CZ-5468-11,0.00039846757865801235,0.13830121159938438,347.08272142281965,347.08272142281965
NN,TCGA-KIRC,TCGA-CZ-5462-11,TCGA-CZ-5469-11,0.0005652387584664445,0.1832050026129241,324.11967486090236,324.11967486090236
NN,TCGA-KIRC,TCGA-CZ-5462-11,TCGA-CZ-5470-11,0.0002600635882902204,0.15404591363900333,592.3394145707716,592.3394145707716
NN,TCGA-KIRC,TCGA-CZ-5462-11,TCGA-CZ-5982-11,0.0008307974005891644,0.2593278252021532,312.14327947854616,312.14327947854616
NN,TCGA-KIRC,TCGA-CZ-5462-11,TCGA-CZ-5984-11,0.0006224702348306705,0.17767313821545638,285.4323440281261,285.4323440281261
NN,TCGA-KIRC,TCGA-CZ-5462-11,TCGA-CZ-5985-11,0.0008644853203333171,0.2407964237980508,278.5431032018076,278.5431032018076
NN,TCGA-KIRC,TCGA-CZ-5462-11,TCGA-CZ-5986-11,0.0006930109788627311,0.2077212828883899,299.73736235646925,299.73736235646925
NN,TCGA-KIRC,TCGA-CZ-5462-11,TCGA-CZ-5987-11,0.0009163466685035535,0.14785624662109775,161.35405049549146,161.35405049549146
NN,TCGA-KIRC,TCGA-CZ-5462-11,TCGA-CZ-5988-11,0.0006114844656000852,0.22660025321823296,370.574014494149,370.574014494149
NN,TCGA-KIRC,TCGA-CZ-5462-11,TCGA-CZ-5989-11,0.0007615205410717891,0.19439372520702675,255.27049465196384,255.27049465196384
NN,TCGA-KIRC,TCGA-CZ-5462-11,TCGA-KL-8324-11,0.0009762971509403137,0.15270323453587417,156.4106116552723,156.4106116552723
NN,TCGA-KIRC,TCGA-CZ-5462-11,TCGA-KL-8326-11,0.0011647820121340941,0.2250505514960268,193.2125918425654,193.2125918425654
NN,TCGA-KIRC,TCGA-CZ-5462-11,TCGA-KL-8329-11,0.0008032186436285063,0.16094729297237578,200.37793476170225,200.37793476170225
NN,TCGA-KIRC,TCGA-CZ-5462-11,TCGA-KL-8332-11,0.0026745654457660424,0.2749386225735416,102.79749295676494,102.79749295676494
NN,TCGA-KIRC,TCGA-CZ-5462-11,TCGA-KL-8336-11,0.0014393896669233556,0.11360235733991443,78.92397725956685,78.92397725956685
NN,TCGA-KIRC,TCGA-CZ-5462-11,TCGA-KL-8339-11,0.0013185596937925355,0.20997610072535566,159.2465640455059,159.2465640455059
NN,TCGA-KIRC,TCGA-CZ-5462-11,TCGA-P4-A5E8-11,0.0019779277765943864,0.21300000060662944,107.68846220127143,107.68846220127143
NN,TCGA-KIRC,TCGA-CZ-5462-11,TCGA-P4-A5ED-11,0.0008039543784841837,0.20005013096307084,248.83269040745256,248.83269040745256
NN,TCGA-KIRC,TCGA-CZ-5462-11,TCGA-V5-A7RE-11,0.0036753279362630015,0.3734910828498014,101.62115852702917,101.62115852702917
NN,TCGA-KIRC,TCGA-CZ-5462-11,TCGA-V5-AASX-11,0.004453241242554924,0.32946694048089065,73.98362732576062,73.98362732576062
NN,TCGA-KIRC,TCGA-CZ-5463-11,TCGA-CZ-5465-11,0.0002761696956496976,0.10703029322011753,387.55263486938895,387.55263486938895
NN,TCGA-KIRC,TCGA-CZ-5463-11,TCGA-CZ-5466-11,0.0007657120016729424,0.20613372887868522,269.20529967967104,269.20529967967104
NN,TCGA-KIRC,TCGA-CZ-5463-11,TCGA-CZ-5467-11,0.0007463921934919941,0.1821181705824894,243.9979573345348,243.9979573345348
NN,TCGA-KIRC,TCGA-CZ-5463-11,TCGA-CZ-5468-11,0.00047096210026528865,0.14227375221873878,302.0917227492345,302.0917227492345
NN,TCGA-KIRC,TCGA-CZ-5463-11,TCGA-CZ-5469-11,0.00042350253652141277,0.11363985779361913,268.33335811171315,268.33335811171315
NN,TCGA-KIRC,TCGA-CZ-5463-11,TCGA-CZ-5470-11,0.00046698198367101166,0.14554917423670408,311.68049159524605,311.68049159524605
NN,TCGA-KIRC,TCGA-CZ-5463-11,TCGA-CZ-5982-11,0.0006914059851661251,0.12738294069473816,184.2375441169079,184.2375441169079
NN,TCGA-KIRC,TCGA-CZ-5463-11,TCGA-CZ-5984-11,0.00037004409967157843,0.17797281976946938,480.95029734948844,480.95029734948844
NN,TCGA-KIRC,TCGA-CZ-5463-11,TCGA-CZ-5985-11,0.0007483308054343522,0.12301732887306056,164.3889680602656,164.3889680602656
NN,TCGA-KIRC,TCGA-CZ-5463-11,TCGA-CZ-5986-11,0.000398500480428939,0.16627475135371844,417.2510687433631,417.2510687433631
NN,TCGA-KIRC,TCGA-CZ-5463-11,TCGA-CZ-5987-11,0.000633054423858387,0.14798755634786964,233.76750998106,233.76750998106
NN,TCGA-KIRC,TCGA-CZ-5463-11,TCGA-CZ-5988-11,0.0004018324218867887,0.1728255781357182,430.09366273687505,430.09366273687505
NN,TCGA-KIRC,TCGA-CZ-5463-11,TCGA-CZ-5989-11,0.00042896466330329016,0.1670944832698784,389.5297155321577,389.5297155321577
NN,TCGA-KIRC,TCGA-CZ-5463-11,TCGA-KL-8324-11,0.0007968848589724399,0.08662571242722086,108.70543147089307,108.70543147089307
NN,TCGA-KIRC,TCGA-CZ-5463-11,TCGA-KL-8326-11,0.0010848559387453848,0.2076777733566248,191.433503693403,191.433503693403
NN,TCGA-KIRC,TCGA-CZ-5463-11,TCGA-KL-8329-11,0.0006510778894000271,0.18300498813246993,281.08002300786217,281.08002300786217
NN,TCGA-KIRC,TCGA-CZ-5463-11,TCGA-KL-8332-11,0.0032296159207447325,0.18390742349938352,56.94405403382314,56.94405403382314
NN,TCGA-KIRC,TCGA-CZ-5463-11,TCGA-KL-8336-11,0.0012617912292107283,0.15799941479665017,125.21834923157729,125.21834923157729
NN,TCGA-KIRC,TCGA-CZ-5463-11,TCGA-KL-8339-11,0.0015868757674776923,0.1864982021404999,117.52539547373334,117.52539547373334
NN,TCGA-KIRC,TCGA-CZ-5463-11,TCGA-P4-A5E8-11,0.0021382659245526956,0.21133007193059586,98.8324555444637,98.8324555444637
NN,TCGA-KIRC,TCGA-CZ-5463-11,TCGA-P4-A5ED-11,0.0006568542479722451,0.17617608051291506,268.21183094542346,268.21183094542346
NN,TCGA-KIRC,TCGA-CZ-5463-11,TCGA-V5-A7RE-11,0.0029525450088867256,0.3029156074511147,102.59474674878226,102.59474674878226
NN,TCGA-KIRC,TCGA-CZ-5463-11,TCGA-V5-AASX-11,0.003605325563634359,0.26172899492277324,72.59510696141864,72.59510696141864
NN,TCGA-KIRC,TCGA-CZ-5465-11,TCGA-CZ-5466-11,0.000805191658016878,0.14753624890535944,183.2312188488506,183.2312188488506
NN,TCGA-KIRC,TCGA-CZ-5465-11,TCGA-CZ-5467-11,0.001026783007405702,0.18677205701897814,181.90022202537372,181.90022202537372
NN,TCGA-KIRC,TCGA-CZ-5465-11,TCGA-CZ-5468-11,0.000623747010152265,0.10848692861203303,173.92777335405572,173.92777335405572
NN,TCGA-KIRC,TCGA-CZ-5465-11,TCGA-CZ-5469-11,0.0006050433192263107,0.16134136534440036,266.6608492606992,266.6608492606992
NN,TCGA-KIRC,TCGA-CZ-5465-11,TCGA-CZ-5470-11,0.00038558287505618787,0.11240825217383285,291.5281239019044,291.5281239019044
NN,TCGA-KIRC,TCGA-CZ-5465-11,TCGA-CZ-5982-11,0.0007954882829447698,0.30702528984131705,385.9582804975565,385.9582804975565
NN,TCGA-KIRC,TCGA-CZ-5465-11,TCGA-CZ-5984-11,0.00041491538081026415,0.13809523064798176,332.8274559942888,332.8274559942888
NN,TCGA-KIRC,TCGA-CZ-5465-11,TCGA-CZ-5985-11,0.0008280245458541576,0.30072658810329655,363.1855958968932,363.1855958968932
NN,TCGA-KIRC,TCGA-CZ-5465-11,TCGA-CZ-5986-11,0.0004369186239864076,0.19572334378176404,447.96292269714036,447.96292269714036
NN,TCGA-KIRC,TCGA-CZ-5465-11,TCGA-CZ-5987-11,0.0005008486177540041,0.0827301716007189,165.17999385066187,165.17999385066187
NN,TCGA-KIRC,TCGA-CZ-5465-11,TCGA-CZ-5988-11,0.00047083375263969187,0.18396510567531252,390.7220003747115,390.7220003747115
NN,TCGA-KIRC,TCGA-CZ-5465-11,TCGA-CZ-5989-11,0.00029532974759418837,0.07422624968216839,251.33346805335177,251.33346805335177
NN,TCGA-KIRC,TCGA-CZ-5465-11,TCGA-KL-8324-11,0.0010696864462249962,0.040514691374661196,37.87529655782831,37.87529655782831
NN,TCGA-KIRC,TCGA-CZ-5465-11,TCGA-KL-8326-11,0.0014059567076220808,0.13381457632604565,95.17688247482997,95.17688247482997
NN,TCGA-KIRC,TCGA-CZ-5465-11,TCGA-KL-8329-11,0.0008455236770686244,0.08772474930492678,103.75197251608941,103.75197251608941
NN,TCGA-KIRC,TCGA-CZ-5465-11,TCGA-KL-8332-11,0.003751991165055908,0.29475823138331714,78.56048119956726,78.56048119956726
NN,TCGA-KIRC,TCGA-CZ-5465-11,TCGA-KL-8336-11,0.0013993816337691445,0.04986502373781468,35.633613114891645,35.633613114891645
NN,TCGA-KIRC,TCGA-CZ-5465-11,TCGA-KL-8339-11,0.0019958130135992835,0.13056723858745267,65.42057682647608,65.42057682647608
NN,TCGA-KIRC,TCGA-CZ-5465-11,TCGA-P4-A5E8-11,0.002536831201720535,0.19217861957222232,75.7553831101898,75.7553831101898
NN,TCGA-KIRC,TCGA-CZ-5465-11,TCGA-P4-A5ED-11,0.0007723620053774482,0.1220669845391625,158.04374592391966,158.04374592391966
NN,TCGA-KIRC,TCGA-CZ-5465-11,TCGA-V5-A7RE-11,0.0028385885730812487,0.4185307258099846,147.44325041641216,147.44325041641216
NN,TCGA-KIRC,TCGA-CZ-5465-11,TCGA-V5-AASX-11,0.0034295528346208466,0.40414845943847144,117.84290224622009,117.84290224622009
NN,TCGA-KIRC,TCGA-CZ-5466-11,TCGA-CZ-5467-11,0.0011727369931521735,0.21227490843753108,181.00811151779402,181.00811151779402
NN,TCGA-KIRC,TCGA-CZ-5466-11,TCGA-CZ-5468-11,0.0009666337987084669,0.20497061969606353,212.04578193926974,212.04578193926974
NN,TCGA-KIRC,TCGA-CZ-5466-11,TCGA-CZ-5469-11,0.0011014690087368815,0.1430360002347112,129.85930525520538,129.85930525520538
NN,TCGA-KIRC,TCGA-CZ-5466-11,TCGA-CZ-5470-11,0.0006836125126373605,0.23174680016753213,339.00315732001246,339.00315732001246
NN,TCGA-KIRC,TCGA-CZ-5466-11,TCGA-CZ-5982-11,0.000584260602160756,0.08525347884402107,145.91687087702013,145.91687087702013
NN,TCGA-KIRC,TCGA-CZ-5466-11,TCGA-CZ-5984-11,0.0005338899936407008,0.1513138322808441,283.41762176325005,283.41762176325005
NN,TCGA-KIRC,TCGA-CZ-5466-11,TCGA-CZ-5985-11,0.0005486063660727902,0.08617843546355708,157.08610179000866,157.08610179000866
NN,TCGA-KIRC,TCGA-CZ-5466-11,TCGA-CZ-5986-11,0.0007871395068260359,0.1878857449506718,238.69433984869988,238.69433984869988
NN,TCGA-KIRC,TCGA-CZ-5466-11,TCGA-CZ-5987-11,0.0007607038980236468,0.0958712897680957,126.02970750797375,126.02970750797375
NN,TCGA-KIRC,TCGA-CZ-5466-11,TCGA-CZ-5988-11,0.00045952104176162894,0.1627179099897445,354.10328407584103,354.10328407584103
NN,TCGA-KIRC,TCGA-CZ-5466-11,TCGA-CZ-5989-11,0.0013003069048552916,0.28798608767938416,221.47547367783417,221.47547367783417
NN,TCGA-KIRC,TCGA-CZ-5466-11,TCGA-KL-8324-11,0.001264332683457255,0.0991701809962304,78.43677719779771,78.43677719779771
NN,TCGA-KIRC,TCGA-CZ-5466-11,TCGA-KL-8326-11,0.0013627170281931712,0.19097613340221048,140.14364644391804,140.14364644391804
NN,TCGA-KIRC,TCGA-CZ-5466-11,TCGA-KL-8329-11,0.0009198568246587136,0.13089167179994776,142.29570112556522,142.29570112556522
NN,TCGA-KIRC,TCGA-CZ-5466-11,TCGA-KL-8332-11,0.002417253540333646,0.14475382481699478,59.88359201948458,59.88359201948458
NN,TCGA-KIRC,TCGA-CZ-5466-11,TCGA-KL-8336-11,0.0017647332425278733,0.21563879232886188,122.19342115410734,122.19342115410734
NN,TCGA-KIRC,TCGA-CZ-5466-11,TCGA-KL-8339-11,0.0013850853737821917,0.2055572732082408,148.40765565730769,148.40765565730769
NN,TCGA-KIRC,TCGA-CZ-5466-11,TCGA-P4-A5E8-11,0.0026981979209536842,0.26334382845130516,97.5998930272045,97.5998930272045
NN,TCGA-KIRC,TCGA-CZ-5466-11,TCGA-P4-A5ED-11,0.0014792183097712018,0.28807207156849624,194.74615049421192,194.74615049421192
NN,TCGA-KIRC,TCGA-CZ-5466-11,TCGA-V5-A7RE-11,0.0039035779483387375,0.3472327663242441,88.95243566790244,88.95243566790244
NN,TCGA-KIRC,TCGA-CZ-5466-11,TCGA-V5-AASX-11,0.004822498312631996,0.27845050478000344,57.7398864092152,57.7398864092152
NN,TCGA-KIRC,TCGA-CZ-5467-11,TCGA-CZ-5468-11,0.0005691388210090791,0.1600355185669527,281.1888991919596,281.1888991919596
NN,TCGA-KIRC,TCGA-CZ-5467-11,TCGA-CZ-5469-11,0.0003497556580984455,0.15638346886465337,447.1220557656746,447.1220557656746
NN,TCGA-KIRC,TCGA-CZ-5467-11,TCGA-CZ-5470-11,0.0008433922606778684,0.18618227816207,220.7540747557107,220.7540747557107
NN,TCGA-KIRC,TCGA-CZ-5467-11,TCGA-CZ-5982-11,0.0013095748820300508,0.30576241876680277,233.482195605968,233.482195605968
NN,TCGA-KIRC,TCGA-CZ-5467-11,TCGA-CZ-5984-11,0.0009951999989380293,0.19900397957077465,199.96380605218081,199.96380605218081
NN,TCGA-KIRC,TCGA-CZ-5467-11,TCGA-CZ-5985-11,0.0013007715431465226,0.27870871309071016,214.26415311679034,214.26415311679034
NN,TCGA-KIRC,TCGA-CZ-5467-11,TCGA-CZ-5986-11,0.0012749748570291927,0.2576521478338466,202.08410104196057,202.08410104196057
NN,TCGA-KIRC,TCGA-CZ-5467-11,TCGA-CZ-5987-11,0.0013330042974805288,0.11769624991534117,88.2939763493601,88.2939763493601
NN,TCGA-KIRC,TCGA-CZ-5467-11,TCGA-CZ-5988-11,0.0010028189833122755,0.2587627627226544,258.0353653338015,258.0353653338015
NN,TCGA-KIRC,TCGA-CZ-5467-11,TCGA-CZ-5989-11,0.0012467513564022694,0.20085243222356297,161.10063260982497,161.10063260982497
NN,TCGA-KIRC,TCGA-CZ-5467-11,TCGA-KL-8324-11,0.000751003611191176,0.05849982958788932,77.89553700694198,77.89553700694198
NN,TCGA-KIRC,TCGA-CZ-5467-11,TCGA-KL-8326-11,0.0009787920799734287,0.1562735811272106,159.65962978720972,159.65962978720972
NN,TCGA-KIRC,TCGA-CZ-5467-11,TCGA-KL-8329-11,0.0008389749244463075,0.15480931846714652,184.5219850513589,184.5219850513589
NN,TCGA-KIRC,TCGA-CZ-5467-11,TCGA-KL-8332-11,0.002571620105232315,0.2979780114246317,115.87170702949258,115.87170702949258
NN,TCGA-KIRC,TCGA-CZ-5467-11,TCGA-KL-8336-11,0.001237909028539928,0.10911531464383828,88.14485727803127,88.14485727803127
NN,TCGA-KIRC,TCGA-CZ-5467-11,TCGA-KL-8339-11,0.0012578405446419913,0.19306451444887018,153.48886253608603,153.48886253608603
NN,TCGA-KIRC,TCGA-CZ-5467-11,TCGA-P4-A5E8-11,0.0016578006050582633,0.23092217656688857,139.29430105303456,139.29430105303456
NN,TCGA-KIRC,TCGA-CZ-5467-11,TCGA-P4-A5ED-11,0.000907724349341014,0.20652372261493063,227.51810366755268,227.51810366755268
NN,TCGA-KIRC,TCGA-CZ-5467-11,TCGA-V5-A7RE-11,0.003759096809738855,0.3807368197336385,101.2841219590959,101.2841219590959
NN,TCGA-KIRC,TCGA-CZ-5467-11,TCGA-V5-AASX-11,0.004858863904923433,0.3278069737424404,67.46576569273266,67.46576569273266
NN,TCGA-KIRC,TCGA-CZ-5468-11,TCGA-CZ-5469-11,0.00041644631255394,0.11316398882840062,271.7372814142594,271.7372814142594
NN,TCGA-KIRC,TCGA-CZ-5468-11,TCGA-CZ-5470-11,0.0004543818640872631,0.17688824134845257,389.2942375765278,389.2942375765278
NN,TCGA-KIRC,TCGA-CZ-5468-11,TCGA-CZ-5982-11,0.0010062521345528825,0.2968787329345536,295.03413979486214,295.03413979486214
NN,TCGA-KIRC,TCGA-CZ-5468-11,TCGA-CZ-5984-11,0.0005797040825645981,0.15410672902664904,265.83688758044326,265.83688758044326
NN,TCGA-KIRC,TCGA-CZ-5468-11,TCGA-CZ-5985-11,0.0012361067738421807,0.2866895522737155,231.92944035295648,231.92944035295648
NN,TCGA-KIRC,TCGA-CZ-5468-11,TCGA-CZ-5986-11,0.0009069878063011223,0.2282937239969922,251.70539494684022,251.70539494684022
NN,TCGA-KIRC,TCGA-CZ-5468-11,TCGA-CZ-5987-11,0.0010194957208878126,0.13645830731700137,133.84882792658382,133.84882792658382
NN,TCGA-KIRC,TCGA-CZ-5468-11,TCGA-CZ-5988-11,0.0007718150612430382,0.24627089586026796,319.08018931846067,319.08018931846067
NN,TCGA-KIRC,TCGA-CZ-5468-11,TCGA-CZ-5989-11,0.0006266172384440436,0.15690938448832564,250.40706648599092,250.40706648599092
NN,TCGA-KIRC,TCGA-CZ-5468-11,TCGA-KL-8324-11,0.000472243434481688,0.07680964302025045,162.64840845178307,162.64840845178307
NN,TCGA-KIRC,TCGA-CZ-5468-11,TCGA-KL-8326-11,0.0006251407618914649,0.18447008351627775,295.08567471769646,295.08567471769646
NN,TCGA-KIRC,TCGA-CZ-5468-11,TCGA-KL-8329-11,0.0003951848746034533,0.14259529912225202,360.8318746139733,360.8318746139733
NN,TCGA-KIRC,TCGA-CZ-5468-11,TCGA-KL-8332-11,0.002557860328579806,0.30465004807363816,119.10347280095164,119.10347280095164
NN,TCGA-KIRC,TCGA-CZ-5468-11,TCGA-KL-8336-11,0.0006867313166817548,0.07760712713192935,113.00944815932148,113.00944815932148
NN,TCGA-KIRC,TCGA-CZ-5468-11,TCGA-KL-8339-11,0.0010585803804890519,0.1790678266026438,169.1584596721097,169.1584596721097
NN,TCGA-KIRC,TCGA-CZ-5468-11,TCGA-P4-A5E8-11,0.0010997562235882943,0.19183457813866295,174.43372815181112,174.43372815181112
NN,TCGA-KIRC,TCGA-CZ-5468-11,TCGA-P4-A5ED-11,0.0003787130311151346,0.1753462463464833,463.0055792645153,463.0055792645153
NN,TCGA-KIRC,TCGA-CZ-5468-11,TCGA-V5-A7RE-11,0.0031265206209077114,0.3358943373022251,107.43391073643588,107.43391073643588
NN,TCGA-KIRC,TCGA-CZ-5468-11,TCGA-V5-AASX-11,0.004045070601482263,0.2946894668079002,72.8515014546137,72.8515014546137
NN,TCGA-KIRC,TCGA-CZ-5469-11,TCGA-CZ-5470-11,0.0005901951183996699,0.16303130604700725,276.2328947909143,276.2328947909143
NN,TCGA-KIRC,TCGA-CZ-5469-11,TCGA-CZ-5982-11,0.0010612256788840248,0.3308926662119555,311.80235532928225,311.80235532928225
NN,TCGA-KIRC,TCGA-CZ-5469-11,TCGA-CZ-5984-11,0.0007031058851277268,0.15193781448343704,216.0952108313471,216.0952108313471
NN,TCGA-KIRC,TCGA-CZ-5469-11,TCGA-CZ-5985-11,0.0011575013482937404,0.3255997182583884,281.2953252610472,281.2953252610472
NN,TCGA-KIRC,TCGA-CZ-5469-11,TCGA-CZ-5986-11,0.0009047790053384988,0.2214158023736345,244.71810361116604,244.71810361116604
NN,TCGA-KIRC,TCGA-CZ-5469-11,TCGA-CZ-5987-11,0.0010041600657102114,0.08974865913061525,89.3768455800309,89.3768455800309
NN,TCGA-KIRC,TCGA-CZ-5469-11,TCGA-CZ-5988-11,0.0007375218997871094,0.2170690826892842,294.32221979027696,294.32221979027696
NN,TCGA-KIRC,TCGA-CZ-5469-11,TCGA-CZ-5989-11,0.0006839239739509866,0.1280115564567635,187.17220236812085,187.17220236812085
NN,TCGA-KIRC,TCGA-CZ-5469-11,TCGA-KL-8324-11,0.0007172696529861306,0.05577661629390335,77.76240924413104,77.76240924413104
NN,TCGA-KIRC,TCGA-CZ-5469-11,TCGA-KL-8326-11,0.0009580168584732764,0.09869517119284119,103.02028645938934,103.02028645938934
NN,TCGA-KIRC,TCGA-CZ-5469-11,TCGA-KL-8329-11,0.0007318387879420934,0.0983602512246049,134.4015278299073,134.4015278299073
NN,TCGA-KIRC,TCGA-CZ-5469-11,TCGA-KL-8332-11,0.0030887460531489,0.30793702731227895,99.69645351657991,99.69645351657991
NN,TCGA-KIRC,TCGA-CZ-5469-11,TCGA-KL-8336-11,0.0011672997971054876,0.05422944849714703,46.457172897329286,46.457172897329286
NN,TCGA-KIRC,TCGA-CZ-5469-11,TCGA-KL-8339-11,0.001532257541610703,0.15763743413582024,102.87920265030145,102.87920265030145
NN,TCGA-KIRC,TCGA-CZ-5469-11,TCGA-P4-A5E8-11,0.001690501035257341,0.17897487437837029,105.870904924424,105.870904924424
NN,TCGA-KIRC,TCGA-CZ-5469-11,TCGA-P4-A5ED-11,0.0006259934401660341,0.12796946545768137,204.4262084020236,204.4262084020236
NN,TCGA-KIRC,TCGA-CZ-5469-11,TCGA-V5-A7RE-11,0.003301490795384996,0.4363905744216282,132.17985494057373,132.17985494057373
NN,TCGA-KIRC,TCGA-CZ-5469-11,TCGA-V5-AASX-11,0.004187035856187087,0.42645576728637463,101.85147248171059,101.85147248171059
NN,TCGA-KIRC,TCGA-CZ-5470-11,TCGA-CZ-5982-11,0.0007741885071665342,0.28453877188044296,367.53164022265236,367.53164022265236
NN,TCGA-KIRC,TCGA-CZ-5470-11,TCGA-CZ-5984-11,0.0006230031245552708,0.19643455730464499,315.30268398712974,315.30268398712974
NN,TCGA-KIRC,TCGA-CZ-5470-11,TCGA-CZ-5985-11,0.0008410329158017188,0.27616361892811014,328.3624383058252,328.3624383058252
NN,TCGA-KIRC,TCGA-CZ-5470-11,TCGA-CZ-5986-11,0.0006368535866734884,0.22092075664379146,346.894107635852,346.894107635852
NN,TCGA-KIRC,TCGA-CZ-5470-11,TCGA-CZ-5987-11,0.0008703764665987249,0.14399923476070095,165.44477049502973,165.44477049502973
NN,TCGA-KIRC,TCGA-CZ-5470-11,TCGA-CZ-5988-11,0.0006353172105835716,0.24688289184135587,388.5978338515042,388.5978338515042
NN,TCGA-KIRC,TCGA-CZ-5470-11,TCGA-CZ-5989-11,0.0006870258675723659,0.21226883110334083,308.96774215125475,308.96774215125475
NN,TCGA-KIRC,TCGA-CZ-5470-11,TCGA-KL-8324-11,0.0008287825426811402,0.07023726739548061,84.74752275580109,84.74752275580109
NN,TCGA-KIRC,TCGA-CZ-5470-11,TCGA-KL-8326-11,0.0011337572851337799,0.22709171802736489,200.30011802796818,200.30011802796818
NN,TCGA-KIRC,TCGA-CZ-5470-11,TCGA-KL-8329-11,0.000786009280769894,0.1812513296877749,230.59693329605435,230.59693329605435
NN,TCGA-KIRC,TCGA-CZ-5470-11,TCGA-KL-8332-11,0.002666049882973003,0.3134069993302584,117.55481445859805,117.55481445859805
NN,TCGA-KIRC,TCGA-CZ-5470-11,TCGA-KL-8336-11,0.0013550688816596269,0.14979052447294944,110.54089316071726,110.54089316071726
NN,TCGA-KIRC,TCGA-CZ-5470-11,TCGA-KL-8339-11,0.00134146428154777,0.23285764220851374,173.58467564998793,173.58467564998793
NN,TCGA-KIRC,TCGA-CZ-5470-11,TCGA-P4-A5E8-11,0.0018730336956016601,0.2300488117211822,122.82150196304151,122.82150196304151
NN,TCGA-KIRC,TCGA-CZ-5470-11,TCGA-P4-A5ED-11,0.0007185175211257646,0.1707133635850139,237.59109355822284,237.59109355822284
NN,TCGA-KIRC,TCGA-CZ-5470-11,TCGA-V5-A7RE-11,0.003616662238137515,0.35273329116396956,97.53006168074403,97.53006168074403
NN,TCGA-KIRC,TCGA-CZ-5470-11,TCGA-V5-AASX-11,0.0042804215415248505,0.310342040128864,72.50268159764197,72.50268159764197
NN,TCGA-KIRC,TCGA-CZ-5982-11,TCGA-CZ-5984-11,0.0003214297520610473,0.03792297304166517,117.98214943855812,117.98214943855812
NN,TCGA-KIRC,TCGA-CZ-5982-11,TCGA-CZ-5985-11,0.0003246921955447098,0.15051271611429495,463.5550782543201,463.5550782543201
NN,TCGA-KIRC,TCGA-CZ-5982-11,TCGA-CZ-5986-11,0.0004412439464504421,0.08607996532591174,195.08475077873894,195.08475077873894
NN,TCGA-KIRC,TCGA-CZ-5982-11,TCGA-CZ-5987-11,0.000862839987618721,0.038847492026036476,45.02282298395602,45.02282298395602
NN,TCGA-KIRC,TCGA-CZ-5982-11,TCGA-CZ-5988-11,0.0002457400193939484,0.07559753171918639,307.6321549319779,307.6321549319779
NN,TCGA-KIRC,TCGA-CZ-5982-11,TCGA-CZ-5989-11,0.001000994714132908,0.25107628568225354,250.8267847345662,250.8267847345662
NN,TCGA-KIRC,TCGA-CZ-5982-11,TCGA-KL-8324-11,0.0009535670349580074,0.02534495808665917,26.579104727309808,26.579104727309808
NN,TCGA-KIRC,TCGA-CZ-5982-11,TCGA-KL-8326-11,0.001204343295589527,0.0466142162201013,38.705090476120105,38.705090476120105
NN,TCGA-KIRC,TCGA-CZ-5982-11,TCGA-KL-8329-11,0.0006589044874634469,0.04257402567751088,64.61334910831474,64.61334910831474
NN,TCGA-KIRC,TCGA-CZ-5982-11,TCGA-KL-8332-11,0.0029312225174103496,0.16800050140171613,57.31414125125503,57.31414125125503
NN,TCGA-KIRC,TCGA-CZ-5982-11,TCGA-KL-8336-11,0.0016590502658249107,0.13516459240910006,81.471065219289,81.471065219289
NN,TCGA-KIRC,TCGA-CZ-5982-11,TCGA-KL-8339-11,0.0016385431994203148,0.08672827566152824,52.930112365796056,52.930112365796056
NN,TCGA-KIRC,TCGA-CZ-5982-11,TCGA-P4-A5E8-11,0.0024346246553330784,0.16779044246176317,68.91840271732069,68.91840271732069
NN,TCGA-KIRC,TCGA-CZ-5982-11,TCGA-P4-A5ED-11,0.0011473659347428927,0.26620994145666976,232.0183416603905,232.0183416603905
NN,TCGA-KIRC,TCGA-CZ-5982-11,TCGA-V5-A7RE-11,0.0033978574671375077,0.4365510823117076,128.478338639518,128.478338639518
NN,TCGA-KIRC,TCGA-CZ-5982-11,TCGA-V5-AASX-11,0.0040189519627482975,0.4166382668786647,103.6683868681409,103.6683868681409
NN,TCGA-KIRC,TCGA-CZ-5984-11,TCGA-CZ-5985-11,0.00048678597305180774,0.09598840022319495,197.1880981315357,197.1880981315357
NN,TCGA-KIRC,TCGA-CZ-5984-11,TCGA-CZ-5986-11,0.0003112813351203072,0.11067249765387066,355.53849578259104,355.53849578259104
NN,TCGA-KIRC,TCGA-CZ-5984-11,TCGA-CZ-5987-11,0.0004700936130477206,0.11456047871768582,243.69716060374648,243.69716060374648
NN,TCGA-KIRC,TCGA-CZ-5984-11,TCGA-CZ-5988-11,0.0001546811712501399,0.09356966965861663,604.9195833105123,604.9195833105123
NN,TCGA-KIRC,TCGA-CZ-5984-11,TCGA-CZ-5989-11,0.00048586316336608304,0.2427150710086103,499.5543793175609,499.5543793175609
NN,TCGA-KIRC,TCGA-CZ-5984-11,TCGA-KL-8324-11,0.0006564286029142802,0.09345838719907351,142.37403242965905,142.37403242965905
NN,TCGA-KIRC,TCGA-CZ-5984-11,TCGA-KL-8326-11,0.0008198613597483582,0.1600228409823939,195.18280631192331,195.18280631192331
NN,TCGA-KIRC,TCGA-CZ-5984-11,TCGA-KL-8329-11,0.00039340749662506195,0.12905350090784964,328.0402687161918,328.0402687161918
NN,TCGA-KIRC,TCGA-CZ-5984-11,TCGA-KL-8332-11,0.003012820633676074,0.11995667845166108,39.81540656978862,39.81540656978862
NN,TCGA-KIRC,TCGA-CZ-5984-11,TCGA-KL-8336-11,0.001003122222911278,0.19914356680454803,198.5237314617458,198.5237314617458
NN,TCGA-KIRC,TCGA-CZ-5984-11,TCGA-KL-8339-11,0.0014688196618562062,0.15447197053379608,105.1674174476829,105.1674174476829
NN,TCGA-KIRC,TCGA-CZ-5984-11,TCGA-P4-A5E8-11,0.002013229824706728,0.21605133131298113,107.31578116991876,107.31578116991876
NN,TCGA-KIRC,TCGA-CZ-5984-11,TCGA-P4-A5ED-11,0.0006766965572814597,0.21263312177000837,314.22226030561507,314.22226030561507
NN,TCGA-KIRC,TCGA-CZ-5984-11,TCGA-V5-A7RE-11,0.0026782028826566927,0.29974659971544293,111.92079646262786,111.92079646262786
NN,TCGA-KIRC,TCGA-CZ-5984-11,TCGA-V5-AASX-11,0.0034556182227123327,0.247280575712014,71.55899748610604,71.55899748610604
NN,TCGA-KIRC,TCGA-CZ-5985-11,TCGA-CZ-5986-11,0.00044789000088958446,0.08477429025404813,189.27479980725673,189.27479980725673
NN,TCGA-KIRC,TCGA-CZ-5985-11,TCGA-CZ-5987-11,0.000783873126142303,0.05664618535396169,72.26448192290526,72.26448192290526
NN,TCGA-KIRC,TCGA-CZ-5985-11,TCGA-CZ-5988-11,0.0003304697089262851,0.12006413445701092,363.31358431338873,363.31358431338873
NN,TCGA-KIRC,TCGA-CZ-5985-11,TCGA-CZ-5989-11,0.00114906017115157,0.25050954699853156,218.01255781712007,218.01255781712007
NN,TCGA-KIRC,TCGA-CZ-5985-11,TCGA-KL-8324-11,0.001262908398597811,0.1418126951864946,112.29056307167421,112.29056307167421
NN,TCGA-KIRC,TCGA-CZ-5985-11,TCGA-KL-8326-11,0.0015753269754872731,0.1462892590604873,92.86279060589167,92.86279060589167
NN,TCGA-KIRC,TCGA-CZ-5985-11,TCGA-KL-8329-11,0.0010268958055341415,0.14286748288820678,139.12558812516917,139.12558812516917
NN,TCGA-KIRC,TCGA-CZ-5985-11,TCGA-KL-8332-11,0.0032360207031889125,0.17409776977600855,53.79995548373507,53.79995548373507
NN,TCGA-KIRC,TCGA-CZ-5985-11,TCGA-KL-8336-11,0.001976539337256668,0.13719269461605044,69.41055613214692,69.41055613214692
NN,TCGA-KIRC,TCGA-CZ-5985-11,TCGA-KL-8339-11,0.0019840065822926186,0.15653835659689677,78.90011958327723,78.90011958327723
NN,TCGA-KIRC,TCGA-CZ-5985-11,TCGA-P4-A5E8-11,0.0028329847917983523,0.20543252009196822,72.5145156750247,72.5145156750247
NN,TCGA-KIRC,TCGA-CZ-5985-11,TCGA-P4-A5ED-11,0.0014581790963671905,0.2563852349508399,175.8256140069357,175.8256140069357
NN,TCGA-KIRC,TCGA-CZ-5985-11,TCGA-V5-A7RE-11,0.0035923830993605604,0.43121265372654494,120.03526400157607,120.03526400157607
NN,TCGA-KIRC,TCGA-CZ-5985-11,TCGA-V5-AASX-11,0.004171667274534342,0.42676460067596195,102.30072836372098,102.30072836372098
NN,TCGA-KIRC,TCGA-CZ-5986-11,TCGA-CZ-5987-11,0.0006048387511912958,0.08561465857327485,141.5495591257132,141.5495591257132
NN,TCGA-KIRC,TCGA-CZ-5986-11,TCGA-CZ-5988-11,0.000302817976526758,0.0945775183731341,312.32464947396187,312.32464947396187
NN,TCGA-KIRC,TCGA-CZ-5986-11,TCGA-CZ-5989-11,0.0005828585224188006,0.24392124537105736,418.4913422193953,418.4913422193953
NN,TCGA-KIRC,TCGA-CZ-5986-11,TCGA-KL-8324-11,0.000930267154021703,0.0928226983511054,99.78068982637633,99.78068982637633
NN,TCGA-KIRC,TCGA-CZ-5986-11,TCGA-KL-8326-11,0.0013125470393447723,0.14967391892332277,114.03318466821614,114.03318466821614
NN,TCGA-KIRC,TCGA-CZ-5986-11,TCGA-KL-8329-11,0.0007987217467923534,0.13978633257234346,175.0125536630521,175.0125536630521
NN,TCGA-KIRC,TCGA-CZ-5986-11,TCGA-KL-8332-11,0.003586414004555424,0.13295893275246645,37.07294600779036,37.07294600779036
NN,TCGA-KIRC,TCGA-CZ-5986-11,TCGA-KL-8336-11,0.001484525580197943,0.15448797999623334,104.06555606514661,104.06555606514661
NN,TCGA-KIRC,TCGA-CZ-5986-11,TCGA-KL-8339-11,0.0019387251051585345,0.1728349016462405,89.14874067827544,89.14874067827544
NN,TCGA-KIRC,TCGA-CZ-5986-11,TCGA-P4-A5E8-11,0.002429313203034726,0.22723686135964616,93.53954898684091,93.53954898684091
NN,TCGA-KIRC,TCGA-CZ-5986-11,TCGA-P4-A5ED-11,0.0008641226040468854,0.2250851008759645,260.47820045655453,260.47820045655453
NN,TCGA-KIRC,TCGA-CZ-5986-11,TCGA-V5-A7RE-11,0.00281735188131363,0.3047517177322717,108.16956154947067,108.16956154947067
NN,TCGA-KIRC,TCGA-CZ-5986-11,TCGA-V5-AASX-11,0.0032068274137492967,0.28847489117490643,89.95647534322183,89.95647534322183
NN,TCGA-KIRC,TCGA-CZ-5987-11,TCGA-CZ-5988-11,0.0005422669823552074,0.06372527540603962,117.51642176195952,117.51642176195952
NN,TCGA-KIRC,TCGA-CZ-5987-11,TCGA-CZ-5989-11,0.0005270308487768427,0.17328450082550964,328.79384807867746,328.79384807867746
NN,TCGA-KIRC,TCGA-CZ-5987-11,TCGA-KL-8324-11,0.0012198757263056086,0.1946113127225922,159.53372013719152,159.53372013719152
NN,TCGA-KIRC,TCGA-CZ-5987-11,TCGA-KL-8326-11,0.0016335840279437252,0.1822890758597547,111.58842933179946,111.58842933179946
NN,TCGA-KIRC,TCGA-CZ-5987-11,TCGA-KL-8329-11,0.0008737510331736232,0.17139347273424313,196.15824900568157,196.15824900568157
NN,TCGA-KIRC,TCGA-CZ-5987-11,TCGA-KL-8332-11,0.004224800717989553,0.09058371906382195,21.440944818558883,21.440944818558883
NN,TCGA-KIRC,TCGA-CZ-5987-11,TCGA-KL-8336-11,0.0011499448383466724,0.19557943471481337,170.07723170096293,170.07723170096293
NN,TCGA-KIRC,TCGA-CZ-5987-11,TCGA-KL-8339-11,0.0023830616433823237,0.1648835924512805,69.18981424973052,69.18981424973052
NN,TCGA-KIRC,TCGA-CZ-5987-11,TCGA-P4-A5E8-11,0.002915267793082656,0.2343075251510611,80.37255641043534,80.37255641043534
NN,TCGA-KIRC,TCGA-CZ-5987-11,TCGA-P4-A5ED-11,0.0012088008591680738,0.21393110981569974,176.97795976330818,176.97795976330818
NN,TCGA-KIRC,TCGA-CZ-5987-11,TCGA-V5-A7RE-11,0.002385000093616756,0.19728428549109628,82.7187747367853,82.7187747367853
NN,TCGA-KIRC,TCGA-CZ-5987-11,TCGA-V5-AASX-11,0.002990953723317813,0.14365994090214287,48.03148232690923,48.03148232690923
NN,TCGA-KIRC,TCGA-CZ-5988-11,TCGA-CZ-5989-11,0.0006681594186597544,0.2631814742950782,393.8902407796449,393.8902407796449
NN,TCGA-KIRC,TCGA-CZ-5988-11,TCGA-KL-8324-11,0.0008339859656687287,0.07877456728812082,94.45550708393003,94.45550708393003
NN,TCGA-KIRC,TCGA-CZ-5988-11,TCGA-KL-8326-11,0.0010211318218983547,0.13151246724557847,128.79088128023244,128.79088128023244
NN,TCGA-KIRC,TCGA-CZ-5988-11,TCGA-KL-8329-11,0.0005678587431848938,0.09511896608707428,167.50462545243178,167.50462545243178
NN,TCGA-KIRC,TCGA-CZ-5988-11,TCGA-KL-8332-11,0.002926551133708615,0.1568070888109241,53.580847094994496,53.580847094994496
NN,TCGA-KIRC,TCGA-CZ-5988-11,TCGA-KL-8336-11,0.001392046370498421,0.174183505590005,125.12766045835006,125.12766045835006
NN,TCGA-KIRC,TCGA-CZ-5988-11,TCGA-KL-8339-11,0.0015208995574284387,0.15203628399919572,99.96471052714428,99.96471052714428
NN,TCGA-KIRC,TCGA-CZ-5988-11,TCGA-P4-A5E8-11,0.002333785905880191,0.23522922678250696,100.79297599228148,100.79297599228148
NN,TCGA-KIRC,TCGA-CZ-5988-11,TCGA-P4-A5ED-11,0.0008962774188601447,0.25329696815414254,282.6100075981799,282.6100075981799
NN,TCGA-KIRC,TCGA-CZ-5988-11,TCGA-V5-A7RE-11,0.002973528994360773,0.3623366267403916,121.85407555384676,121.85407555384676
NN,TCGA-KIRC,TCGA-CZ-5988-11,TCGA-V5-AASX-11,0.0037859789438783845,0.34014285649468373,89.84277555073746,89.84277555073746
NN,TCGA-KIRC,TCGA-CZ-5989-11,TCGA-KL-8324-11,0.0009651558514951568,0.16537695953431505,171.34741428353132,171.34741428353132
NN,TCGA-KIRC,TCGA-CZ-5989-11,TCGA-KL-8326-11,0.0013245034173875847,0.26904118108414316,203.1260754425178,203.1260754425178
NN,TCGA-KIRC,TCGA-CZ-5989-11,TCGA-KL-8329-11,0.0007557848823427772,0.2350362048515784,310.98294017606526,310.98294017606526
NN,TCGA-KIRC,TCGA-CZ-5989-11,TCGA-KL-8332-11,0.004403915181270864,0.28833592105573647,65.47263268874529,65.47263268874529
NN,TCGA-KIRC,TCGA-CZ-5989-11,TCGA-KL-8336-11,0.0009769836556957215,0.17080968920230272,174.83372235195392,174.83372235195392
NN,TCGA-KIRC,TCGA-CZ-5989-11,TCGA-KL-8339-11,0.0023357043909687037,0.26044361852997466,111.50538550041385,111.50538550041385
NN,TCGA-KIRC,TCGA-CZ-5989-11,TCGA-P4-A5E8-11,0.002194939035306062,0.23899754465004117,108.885732499042,108.885732499042
NN,TCGA-KIRC,TCGA-CZ-5989-11,TCGA-P4-A5ED-11,0.0005587956663805271,0.20277423903717892,362.87725771139804,362.87725771139804
NN,TCGA-KIRC,TCGA-CZ-5989-11,TCGA-V5-A7RE-11,0.0022832674767112975,0.293470984955046,128.53114580239486,128.53114580239486
NN,TCGA-KIRC,TCGA-CZ-5989-11,TCGA-V5-AASX-11,0.002843350564588709,0.27649472629017663,97.24257350945807,97.24257350945807
NN,TCGA-KIRC,TCGA-KL-8324-11,TCGA-KL-8326-11,0.0003512062009042615,0.12815214616284298,364.8914678410736,364.8914678410736
NN,TCGA-KIRC,TCGA-KL-8324-11,TCGA-KL-8329-11,0.00024568548289389413,0.09075978983999934,369.4145407817864,369.4145407817864
NN,TCGA-KIRC,TCGA-KL-8324-11,TCGA-KL-8332-11,0.002081851348229493,0.042198443445321136,20.269671742513573,20.269671742513573
NN,TCGA-KIRC,TCGA-KL-8324-11,TCGA-KL-8336-11,0.000541968973368383,0.2305618295799376,425.4151822510731,425.4151822510731
NN,TCGA-KIRC,TCGA-KL-8324-11,TCGA-KL-8339-11,0.0007503599252246963,0.08201335304100751,109.2986849163733,109.2986849163733
NN,TCGA-KIRC,TCGA-KL-8324-11,TCGA-P4-A5E8-11,0.000891041117941842,0.14966320428075675,167.96441967398098,167.96441967398098
NN,TCGA-KIRC,TCGA-KL-8324-11,TCGA-P4-A5ED-11,0.0003597580061319906,0.08582997901187088,238.57698105092612,238.57698105092612
NN,TCGA-KIRC,TCGA-KL-8324-11,TCGA-V5-A7RE-11,0.0030948020742567815,0.2013307912868011,65.05449668704607,65.05449668704607
NN,TCGA-KIRC,TCGA-KL-8324-11,TCGA-V5-AASX-11,0.0040263800178808595,0.14542665730029353,36.11846290078541,36.11846290078541
NN,TCGA-KIRC,TCGA-KL-8326-11,TCGA-KL-8329-11,0.0003942378137449625,0.15552482463213402,394.49494495407544,394.49494495407544
NN,TCGA-KIRC,TCGA-KL-8326-11,TCGA-KL-8332-11,0.0018671089673128036,0.11727348351885339,62.810197782744694,62.810197782744694
NN,TCGA-KIRC,TCGA-KL-8326-11,TCGA-KL-8336-11,0.000728369463458608,0.1964630445578965,269.72993022662763,269.72993022662763
NN,TCGA-KIRC,TCGA-KL-8326-11,TCGA-KL-8339-11,0.0007168962414407451,0.16706362374758182,233.0373826647973,233.0373826647973
NN,TCGA-KIRC,TCGA-KL-8326-11,TCGA-P4-A5E8-11,0.0007095480658126244,0.18725027643796044,263.9007636833006,263.9007636833006
NN,TCGA-KIRC,TCGA-KL-8326-11,TCGA-P4-A5ED-11,0.0005012567409952706,0.17527714855275586,349.6753942994048,349.6753942994048
NN,TCGA-KIRC,TCGA-KL-8326-11,TCGA-V5-A7RE-11,0.0034969219621561543,0.28054163770302865,80.22530692393562,80.22530692393562
NN,TCGA-KIRC,TCGA-KL-8326-11,TCGA-V5-AASX-11,0.004895691504075656,0.28336218919415307,57.87991113374984,57.87991113374984
NN,TCGA-KIRC,TCGA-KL-8329-11,TCGA-KL-8332-11,0.0024001850609756538,0.0670112020566326,27.919181377369767,27.919181377369767
NN,TCGA-KIRC,TCGA-KL-8329-11,TCGA-KL-8336-11,0.000479273843294835,0.21830055611163812,455.4818902924066,455.4818902924066
NN,TCGA-KIRC,TCGA-KL-8329-11,TCGA-KL-8339-11,0.0009288483654500862,0.1265366451800544,136.22960419243384,136.22960419243384
NN,TCGA-KIRC,TCGA-KL-8329-11,TCGA-P4-A5E8-11,0.001163353644700707,0.20284313435539705,174.3606815342741,174.3606815342741
NN,TCGA-KIRC,TCGA-KL-8329-11,TCGA-P4-A5ED-11,0.0004244374825342946,0.1707705609028648,402.3456172701866,402.3456172701866
NN,TCGA-KIRC,TCGA-KL-8329-11,TCGA-V5-A7RE-11,0.0027386655043102875,0.23339555629201136,85.22236685154812,85.22236685154812
NN,TCGA-KIRC,TCGA-KL-8329-11,TCGA-V5-AASX-11,0.0037016540604245577,0.18572597965785376,50.17378086285894,50.17378086285894
NN,TCGA-KIRC,TCGA-KL-8332-11,TCGA-KL-8336-11,0.0034517922033484322,0.18549138113102817,53.73770209895344,53.73770209895344
NN,TCGA-KIRC,TCGA-KL-8332-11,TCGA-KL-8339-11,0.0005068108323919002,0.054298313169792216,107.13723878696639,107.13723878696639
NN,TCGA-KIRC,TCGA-KL-8332-11,TCGA-P4-A5E8-11,0.0027066535320827458,0.21942760718985968,81.06970640642436,81.06970640642436
NN,TCGA-KIRC,TCGA-KL-8332-11,TCGA-P4-A5ED-11,0.002985917565843142,0.2825696306128003,94.63410304597954,94.63410304597954
NN,TCGA-KIRC,TCGA-KL-8332-11,TCGA-V5-A7RE-11,0.007393287745696447,0.41926365240549546,56.708688587096354,56.708688587096354
NN,TCGA-KIRC,TCGA-KL-8332-11,TCGA-V5-AASX-11,0.009106019008305051,0.39422849392868203,43.293177135818624,43.293177135818624
NN,TCGA-KIRC,TCGA-KL-8336-11,TCGA-KL-8339-11,0.001647372821284323,0.21150692891198553,128.39044457895739,128.39044457895739
NN,TCGA-KIRC,TCGA-KL-8336-11,TCGA-P4-A5E8-11,0.0009951026046961281,0.11703989676922952,117.61590836652437,117.61590836652437
NN,TCGA-KIRC,TCGA-KL-8336-11,TCGA-P4-A5ED-11,0.0005874124722395518,0.12718356183577112,216.514915576911,216.514915576911
NN,TCGA-KIRC,TCGA-KL-8336-11,TCGA-V5-A7RE-11,0.002396135486422516,0.10541383733591592,43.99327080343905,43.99327080343905
NN,TCGA-KIRC,TCGA-KL-8336-11,TCGA-V5-AASX-11,0.003494295140861638,0.1256817491240278,35.967697076966616,35.967697076966616
NN,TCGA-KIRC,TCGA-KL-8339-11,TCGA-P4-A5E8-11,0.0014524025223149428,0.21917117688758322,150.90250362430695,150.90250362430695
NN,TCGA-KIRC,TCGA-KL-8339-11,TCGA-P4-A5ED-11,0.0013140248224132079,0.21723465623159288,165.32005524267132,165.32005524267132
NN,TCGA-KIRC,TCGA-KL-8339-11,TCGA-V5-A7RE-11,0.004970435562606887,0.28468849337207747,57.27636738997668,57.27636738997668
NN,TCGA-KIRC,TCGA-KL-8339-11,TCGA-V5-AASX-11,0.006355570896973649,0.263653792053252,41.48388812385003,41.48388812385003
NN,TCGA-KIRC,TCGA-P4-A5E8-11,TCGA-P4-A5ED-11,0.0007898975047788815,0.1581579946043366,200.22597064490066,200.22597064490066
NN,TCGA-KIRC,TCGA-P4-A5E8-11,TCGA-V5-A7RE-11,0.00435717125045489,0.3186325572187705,73.12830708352469,73.12830708352469
NN,TCGA-KIRC,TCGA-P4-A5E8-11,TCGA-V5-AASX-11,0.00569276309880053,0.32624017361133645,57.30787808122132,57.30787808122132
NN,TCGA-KIRC,TCGA-P4-A5ED-11,TCGA-V5-A7RE-11,0.0028089226731268877,0.3347339829333583,119.16810175508785,119.16810175508785
NN,TCGA-KIRC,TCGA-P4-A5ED-11,TCGA-V5-AASX-11,0.003664951537136728,0.3350364582252329,91.4163406610781,91.4163406610781
NN,TCGA-KIRC,TCGA-V5-A7RE-11,TCGA-V5-AASX-11,0.0018447351279547546,0.18967283018848352,102.81846283199069,102.81846283199069
TN,TCGA-KIRC,TCGA-Q2-A5QZ-01,TCGA-B0-5690-11,0.01936674940153022,0.2559708106367127,13.217024980789379,13.217024980789379
TN,TCGA-KIRC,TCGA-B4-5836-01,TCGA-B0-5690-11,0.0009318355379958148,0.2859985859433256,306.91959501614343,306.91959501614343
TN,TCGA-KIRC,TCGA-P4-AAVK-01,TCGA-KL-8324-11,0.0014455807940098224,0.09297499525381756,64.31670622568178,64.31670622568178
TN,TCGA-KIRC,TCGA-B2-5636-01,TCGA-CZ-5453-11,0.0011995437524225418,0.3192640016829845,266.1545283681517,266.1545283681517
TN,TCGA-KIRC,TCGA-DX-A7EM-01,TCGA-CZ-5986-11,0.0027346915810338313,0.413267657356994,151.12038967142357,151.12038967142357
TN,TCGA-KIRC,TCGA-BP-4807-01,TCGA-B0-5711-11,0.0010522526625872989,0.30971036220554116,294.33079451091095,294.33079451091095
TN,TCGA-KIRC,TCGA-BP-4163-01,TCGA-CJ-5681-11,0.0014623026752664254,0.30173281577287125,206.34087653426252,206.34087653426252
TN,TCGA-KIRC,TCGA-BP-4967-01,TCGA-CZ-5985-11,0.002150820045614794,0.2560384399525586,119.04224180659993,119.04224180659993
TN,TCGA-KIRC,TCGA-B0-5081-01,TCGA-B0-5712-11,0.0017561627790434224,0.29196395454040686,166.25107764750538,166.25107764750538
TN,TCGA-KIRC,TCGA-BP-4797-01,TCGA-CZ-5458-11,0.001633414089274607,0.28248475843546395,172.94130146808908,172.94130146808908
TN,TCGA-KIRC,TCGA-DX-A6BH-01,TCGA-CJ-5680-11,0.002640938553918896,0.11109578623890001,42.06678193025153,42.06678193025153
TN,TCGA-KIRC,TCGA-HE-7129-01,TCGA-B8-4619-11,0.0028794140414075938,0.35187540142892526,122.20382215574385,122.20382215574385
TN,TCGA-KIRC,TCGA-B2-A4SR-01,TCGA-P4-A5E8-11,0.002563589823200525,0.3046262957237948,118.82801724633264,118.82801724633264
TN,TCGA-KIRC,TCGA-XM-A8RG-01,TCGA-B0-5705-11,0.0023282840246509322,0.2873743423943925,123.4275283220556,123.4275283220556
TN,TCGA-KIRC,TCGA-B0-5098-01,TCGA-CZ-4864-11,0.003564887253650603,0.37731511035246884,105.84208798359089,105.84208798359089
TN,TCGA-KIRC,TCGA-V5-AASX-01,TCGA-CZ-5461-11,0.0034814065265536794,0.38079531655989884,109.37973306348009,109.37973306348009
TN,TCGA-KIRC,TCGA-CJ-4637-01,TCGA-CW-5585-11,0.0017986098268893344,0.3053156933700144,169.7509314168781,169.7509314168781
TN,TCGA-KIRC,TCGA-DX-A8BM-01,TCGA-KL-8336-11,0.002372775646021895,0.06772357630684847,28.541921534128704,28.541921534128704
TN,TCGA-KIRC,TCGA-B4-5832-01,TCGA-B0-5703-11,0.017197765243674452,0.3199991810066175,18.607021114229774,18.607021114229774
TN,TCGA-KIRC,TCGA-BP-4158-01,TCGA-CZ-5988-11,0.0017858184629604475,0.3407462272422571,190.80675573114175,190.80675573114175
TN,TCGA-KIRC,TCGA-B2-4098-01,TCGA-B0-5711-11,0.001561545901296907,0.2819682752729418,180.56995637384682,180.56995637384682
TN,TCGA-KIRC,TCGA-CJ-4884-01,TCGA-CJ-5680-11,0.0013050335557305,0.2071627107617227,158.74129048410728,158.74129048410728
TN,TCGA-KIRC,TCGA-UZ-A9PQ-01,TCGA-CJ-5677-11,0.0020643202995733923,0.24001352191909042,116.26757822838397,116.26757822838397
TN,TCGA-KIRC,TCGA-BP-4964-01,TCGA-CZ-4863-11,0.0019188553422083247,0.2960562149489345,154.28792803537587,154.28792803537587
TN,TCGA-KIRC,TCGA-B0-5709-01,TCGA-CZ-5467-11,0.0018998238453861668,0.18035206856922226,94.93094268040576,94.93094268040576
TN,TCGA-KIRC,TCGA-DV-5576-01,TCGA-CW-5581-11,0.0011582156197721826,0.19277166548997587,166.43849573354353,166.43849573354353
TN,TCGA-KIRC,TCGA-DX-A6BG-01,TCGA-P4-A5E8-11,0.0020639564496985965,0.2866761482690624,138.89641339618686,138.89641339618686
TN,TCGA-KIRC,TCGA-DX-A7EQ-01,TCGA-A3-3387-11,0.019206458732134984,0.29107883839220233,15.15525805416635,15.15525805416635
TN,TCGA-KIRC,TCGA-B2-A4SR-01,TCGA-B0-5694-11,0.0009518556900121253,0.29681413023252684,311.82681718144255,311.82681718144255
TN,TCGA-KIRC,TCGA-BP-4994-01,TCGA-CZ-5462-11,0.0017713913112114357,0.28964106069752665,163.51048967234925,163.51048967234925
TN,TCGA-KIRC,TCGA-B0-4697-01,TCGA-CZ-5982-11,0.010520945887884365,0.4324430099049895,41.10305427984181,41.10305427984181
TN,TCGA-KIRC,TCGA-V5-A7RC-01,TCGA-CJ-5681-11,0.0037595642394873414,0.21310221805996182,56.68269099426818,56.68269099426818
TN,TCGA-KIRC,TCGA-HE-7128-01,TCGA-CZ-5470-11,0.0015612812495301082,0.3753218786182624,240.39350932525534,240.39350932525534
TN,TCGA-KIRC,TCGA-BP-4340-01,TCGA-CZ-5987-11,0.00158820476897349,0.32639576215393007,205.51239269032706,205.51239269032706
TN,TCGA-KIRC,TCGA-DX-A48O-01,TCGA-CZ-5451-11,0.004126607261829436,0.2301488212586066,55.77192270935312,55.77192270935312
TN,TCGA-KIRC,TCGA-BP-4777-01,TCGA-CZ-4865-11,0.0015017811499985598,0.342655957349529,228.16637254360103,228.16637254360103
TN,TCGA-KIRC,TCGA-V5-A7RE-01,TCGA-B8-4620-11,0.003058159922782885,0.2949323316718178,96.44110809072187,96.44110809072187
TN,TCGA-KIRC,TCGA-A3-3387-01,TCGA-B0-5690-11,0.0012781605419456682,0.18935325079354842,148.14512307296482,148.14512307296482
TN,TCGA-KIRC,TCGA-DV-5569-01,TCGA-P4-A5ED-11,0.0012047519877143188,0.296581272863885,246.17620546662502,246.17620546662502
TN,TCGA-KIRC,TCGA-A3-3319-01,TCGA-CZ-5982-11,0.002874541986345745,0.29453218579680635,102.46230084509209,102.46230084509209
TN,TCGA-KIRC,TCGA-KL-8325-01,TCGA-CJ-6030-11,0.0022949917836119875,0.07567508304564885,32.97401044571372,32.97401044571372
TN,TCGA-KIRC,TCGA-A3-3331-01,TCGA-CZ-5452-11,0.0011419645492386117,0.3336716081322506,292.19086385362954,292.19086385362954
TN,TCGA-KIRC,TCGA-A3-3324-01,TCGA-CZ-5984-11,0.001271262715743228,0.35215143270706395,277.00917233396797,277.00917233396797
TN,TCGA-KIRC,TCGA-DX-A6BF-01,TCGA-B8-5549-11,0.009846592655893027,0.3476063104141897,35.3021926022453,35.3021926022453
TN,TCGA-KIRC,TCGA-KL-8329-01,TCGA-V5-A7RE-11,0.004763789866575991,0.4270379490802019,89.64248235977263,89.64248235977263
TN,TCGA-KIRC,TCGA-KL-8324-01,TCGA-B0-5697-11,0.005426550067659538,0.1541773792930051,28.411675442165695,28.411675442165695
TN,TCGA-KIRC,TCGA-DX-AB37-01,TCGA-B0-5696-11,0.005562357317771622,0.39585977170174647,71.16762715638248,71.16762715638248
TN,TCGA-KIRC,TCGA-KL-8337-01,TCGA-CZ-5986-11,0.0043811299253656705,0.08697490164435963,19.8521621421899,19.8521621421899
TN,TCGA-KIRC,TCGA-B8-5549-01,TCGA-CZ-5456-11,0.0022791339831334657,0.30638955199466383,134.43244419243155,134.43244419243155
TN,TCGA-KIRC,TCGA-BP-4330-01,TCGA-CW-5591-11,0.0012831066720796413,0.2885533216096029,224.88646336934693,224.88646336934693
TN,TCGA-KIRC,TCGA-BP-4799-01,TCGA-B8-4622-11,0.003400838681618711,0.2368339967146898,69.63987971401306,69.63987971401306
TN,TCGA-KIRC,TCGA-DX-A7EU-01,TCGA-V5-A7RE-11,0.006198484326724369,0.44131044044074136,71.19650823961264,71.19650823961264
TN,TCGA-KIRC,TCGA-HE-A5NH-01,TCGA-B8-5552-11,0.003497049779528041,0.37876054300120987,108.30859349457904,108.30859349457904
TN,TCGA-KIRC,TCGA-B0-5104-01,TCGA-CW-6090-11,0.0013804052030971438,0.30564680242635245,221.41817615623913,221.41817615623913
TN,TCGA-KIRC,TCGA-B2-3924-01,TCGA-CZ-5989-11,0.0017811034520456626,0.33573610916160224,188.49893799037727,188.49893799037727
TN,TCGA-KIRC,TCGA-KL-8334-01,TCGA-CZ-5982-11,0.0030841678143558107,0.2609998573936167,84.62569908769107,84.62569908769107
TN,TCGA-KIRC,TCGA-CJ-4902-01,TCGA-CZ-5458-11,0.0019021318832318657,0.21915951026715028,115.21783121303962,115.21783121303962
TN,TCGA-KIRC,TCGA-B0-4945-01,TCGA-CW-6087-11,0.0017408582121432327,0.24199187036625955,139.00722567654415,139.00722567654415
TN,TCGA-KIRC,TCGA-B3-8121-01,TCGA-CZ-5458-11,0.0015983089844568115,0.29993686577650713,187.6588749067448,187.6588749067448
TN,TCGA-KIRC,TCGA-B0-5703-01,TCGA-CZ-5984-11,0.0019232254788658404,0.34162714693036306,177.6323944771294,177.6323944771294
TN,TCGA-KIRC,TCGA-B0-5117-01,TCGA-CJ-5680-11,0.0047139868675189385,0.03382415066612035,7.175274691404189,7.175274691404189
TN,TCGA-KIRC,TCGA-UZ-A9Q1-01,TCGA-CZ-5465-11,0.002130413324414231,0.38298000565038987,179.7679357622739,179.7679357622739
TN,TCGA-KIRC,TCGA-CZ-5468-01,TCGA-B0-5706-11,0.002731797953879472,0.41946609309751226,153.5494572363309,153.5494572363309
TN,TCGA-KIRC,TCGA-AK-3460-01,TCGA-P4-A5ED-11,0.0011936147087267131,0.33563907808827365,281.195494353715,281.195494353715
TN,TCGA-KIRC,TCGA-A3-3325-01,TCGA-CZ-4864-11,0.0017651002025793206,0.2559186640324996,144.98817894787422,144.98817894787422
TN,TCGA-KIRC,TCGA-DX-A8BG-01,TCGA-CW-5589-11,0.0023514795978282193,0.3266219927544647,138.9006279519186,138.9006279519186
TN,TCGA-KIRC,TCGA-KL-8334-01,TCGA-CZ-5462-11,0.003090980853843691,0.2039598670803055,65.98548380740621,65.98548380740621
TN,TCGA-KIRC,TCGA-BP-4173-01,TCGA-KL-8324-11,0.0011944519895313304,0.338557719455033,283.441881651412,283.441881651412
TN,TCGA-KIRC,TCGA-DX-A8BS-01,TCGA-CZ-5456-11,0.003556380934014846,0.429701835234653,120.82559298549519,120.82559298549519
TN,TCGA-KIRC,TCGA-DX-A3U5-01,TCGA-CZ-5452-11,0.003247439742226274,0.37569470450591663,115.6895075282783,115.6895075282783
TN,TCGA-KIRC,TCGA-AK-3450-01,TCGA-CW-5580-11,0.0015556322062177605,0.3427769855229006,220.34577591852582,220.34577591852582
TN,TCGA-KIRC,TCGA-CJ-4634-01,TCGA-B8-4622-11,0.0028360284318352975,0.2930077869260037,103.31623746676887,103.31623746676887
TN,TCGA-KIRC,TCGA-B0-5094-01,TCGA-CJ-5672-11,0.0024409845551542917,0.38998502581054156,159.76546225459057,159.76546225459057
TN,TCGA-KIRC,TCGA-A3-3365-01,TCGA-CJ-5677-11,0.0013840188682801148,0.2735484787349201,197.64794035998358,197.64794035998358
TN,TCGA-KIRC,TCGA-A3-3347-01,TCGA-B8-4622-11,0.0031172606432879127,0.23299568803407977,74.74373005535043,74.74373005535043
TN,TCGA-KIRC,TCGA-AK-3425-01,TCGA-CZ-5466-11,0.001508753412802944,0.2224019636089002,147.40776174664916,147.40776174664916
TN,TCGA-KIRC,TCGA-HE-A5NI-01,TCGA-CZ-5467-11,0.006230810148107854,0.359382269054762,57.678257002245154,57.678257002245154
TN,TCGA-KIRC,TCGA-CW-5589-01,TCGA-KL-8326-11,0.0011424042412739224,0.1385573784397076,121.28577033747612,121.28577033747612
TN,TCGA-KIRC,TCGA-BP-4760-01,TCGA-CJ-6033-11,0.001489434497689941,0.36122014044975764,242.52166913684155,242.52166913684155
TN,TCGA-KIRC,TCGA-UZ-A9Q0-01,TCGA-CZ-5463-11,0.010360006841507303,0.2168965873709283,20.935950206319696,20.935950206319696
TN,TCGA-KIRC,TCGA-CJ-6027-01,TCGA-B0-5711-11,0.0023568645419428436,0.3735485647879683,158.49386256201194,158.49386256201194
TN,TCGA-KIRC,TCGA-CJ-4923-01,TCGA-B8-5552-11,0.005641430559459724,0.30203183749117124,53.53816453252536,53.53816453252536
TN,TCGA-KIRC,TCGA-CW-5588-01,TCGA-B0-4700-11,0.0017052581887592173,0.2650741629325527,155.4451781436255,155.4451781436255
TN,TCGA-KIRC,TCGA-DX-A8BP-01,TCGA-CZ-5462-11,0.003829957128030371,0.40222228873885824,105.02004990998653,105.02004990998653
TN,TCGA-KIRC,TCGA-XM-A8RG-01,TCGA-KL-8339-11,0.004549669094193864,0.26003784005250874,57.155330347950006,57.155330347950006
TN,TCGA-KIRC,TCGA-BP-4766-01,TCGA-P4-A5E8-11,0.0025984325168681545,0.37774075528745776,145.3725478092239,145.3725478092239
TN,TCGA-KIRC,TCGA-B0-4816-01,TCGA-CZ-5457-11,0.0015040777578252847,0.36112469156736626,240.09708918873255,240.09708918873255
TN,TCGA-KIRC,TCGA-BP-4781-01,TCGA-P4-A5ED-11,0.0017568037419713094,0.34074539437894913,193.95757547544767,193.95757547544767
TN,TCGA-KIRC,TCGA-BP-4775-01,TCGA-A3-3358-11,0.002626520022834198,0.2922092306404382,111.25338017607194,111.25338017607194
TN,TCGA-KIRC,TCGA-A3-3343-01,TCGA-B0-5691-11,0.0012697772367038646,0.32527969238761756,256.1706754422459,256.1706754422459
TN,TCGA-KIRC,TCGA-B2-3923-01,TCGA-KL-8339-11,0.0045810448684128376,0.1141466555261331,24.91716601886955,24.91716601886955
TN,TCGA-KIRC,TCGA-DX-AB36-01,TCGA-B8-5552-11,0.00442878966828109,0.1746774528988168,39.44135214861377,39.44135214861377
TN,TCGA-KIRC,TCGA-DX-A8BG-01,TCGA-CZ-5984-11,0.0024351187028508405,0.39996236384163253,164.24758405961438,164.24758405961438
TN,TCGA-KIRC,TCGA-BP-5001-01,TCGA-CZ-5455-11,0.005298029596283525,0.4039291889529885,76.2413991111597,76.2413991111597
TN,TCGA-KIRC,TCGA-BP-5004-01,TCGA-V5-A7RE-11,0.0025040515054986934,0.3391196405628242,135.4283806935061,135.4283806935061
TN,TCGA-KIRC,TCGA-A3-A6NJ-01,TCGA-B0-5691-11,0.0012982340319319643,0.3091175286331747,238.10616655393179,238.10616655393179
TN,TCGA-KIRC,TCGA-DX-A1KY-01,TCGA-CJ-5679-11,0.003877689283376383,0.22265598442307158,57.419759076003245,57.419759076003245
TN,TCGA-KIRC,TCGA-AL-7173-01,TCGA-B0-5701-11,0.004754880408303853,0.27288503643662465,57.390515218860656,57.390515218860656
TN,TCGA-KIRC,TCGA-BP-5177-01,TCGA-A3-3387-11,0.002307620723987119,0.2925492398207701,126.77526977453296,126.77526977453296
TN,TCGA-KIRC,TCGA-HE-A5NH-01,TCGA-CZ-4865-11,0.0013912276694270068,0.33083042582896827,237.79747420149042,237.79747420149042
TN,TCGA-KIRC,TCGA-BP-5201-01,TCGA-B0-5690-11,0.0023979845423819594,0.323770794005417,135.01788201011917,135.01788201011917
TN,TCGA-KIRC,TCGA-DX-A6Z2-01,TCGA-CJ-5678-11,0.0029254307180282602,0.3912283702159262,133.7335961521639,133.7335961521639
TN,TCGA-KIRC,TCGA-B2-5636-01,TCGA-CJ-5678-11,0.0017792441372640913,0.37524932325764676,210.9037851515196,210.9037851515196
TN,TCGA-KIRC,TCGA-DX-A6BB-01,TCGA-CZ-5456-11,0.0041230071694232295,0.334895614217681,81.22605672415791,81.22605672415791
TN,TCGA-KIRC,TCGA-B0-5102-01,TCGA-KL-8324-11,0.001630630553608621,0.28986996281147004,177.76556570093788,177.76556570093788
TN,TCGA-KIRC,TCGA-A3-3343-01,TCGA-CJ-5689-11,0.0012377376742466408,0.33589497096541643,271.3781586795939,271.3781586795939
TN,TCGA-KIRC,TCGA-CZ-5456-01,TCGA-B8-5552-11,0.004305591170694378,0.40085294188018045,93.10055831787983,93.10055831787983
TN,TCGA-KIRC,TCGA-CW-5580-01,TCGA-CZ-5986-11,0.0012105243513237066,0.2956449008162218,244.2287926657027,244.2287926657027
TN,TCGA-KIRC,TCGA-CJ-4901-01,TCGA-CZ-5984-11,0.0021605483795210717,0.3785660309492628,175.21756723317597,175.21756723317597
TN,TCGA-KIRC,TCGA-DX-A3LW-01,TCGA-B8-4622-11,0.004628260264529799,0.3165986825797275,68.4055486261406,68.4055486261406
TN,TCGA-KIRC,TCGA-DX-A3M2-01,TCGA-CZ-5988-11,0.01349216703691579,0.40904534196912784,30.317245617397322,30.317245617397322
TN,TCGA-KIRC,TCGA-P4-A5EB-01,TCGA-CJ-5679-11,0.0017560166613029597,0.09346239169171433,53.224091633826234,53.224091633826234
TN,TCGA-KIRC,TCGA-CW-6097-01,TCGA-CZ-5467-11,0.0023187621153650893,0.25526610027687197,110.08723084846515,110.08723084846515
TN,TCGA-KIRC,TCGA-CJ-4871-01,TCGA-CZ-4865-11,0.0016661354379829028,0.34829625875765546,209.04438547884098,209.04438547884098
TN,TCGA-KIRC,TCGA-CW-6088-01,TCGA-KL-8329-11,0.0014853858969890573,0.27441982029066425,184.74648294892614,184.74648294892614
TN,TCGA-KIRC,TCGA-BP-4795-01,TCGA-B0-5705-11,0.0009166453814631434,0.3517979764322057,383.7885223080141,383.7885223080141
TN,TCGA-KIRC,TCGA-DX-A6YX-01,TCGA-CJ-5677-11,0.0030678043250636266,0.2538471678981462,82.74555382305272,82.74555382305272
TN,TCGA-KIRC,TCGA-DX-A23Z-01,TCGA-CZ-5465-11,0.004013278449603427,0.41273151153453247,102.84148401796458,102.84148401796458
TN,TCGA-KIRC,TCGA-BP-4337-01,TCGA-CW-5581-11,0.002961874381448521,0.3287120388162972,110.98108713696992,110.98108713696992
TN,TCGA-KIRC,TCGA-BP-4782-01,TCGA-B0-5691-11,0.001054818459446915,0.26913184927141964,255.14518338305967,255.14518338305967
TN,TCGA-KIRC,TCGA-BP-4804-01,TCGA-B0-5691-11,0.001829813462724744,0.2588290020239631,141.45103164698835,141.45103164698835
TN,TCGA-KIRC,TCGA-CJ-4895-01,TCGA-A3-3358-11,0.0021043955062002243,0.3426973413079682,162.84835255458012,162.84835255458012
TN,TCGA-KIRC,TCGA-BP-4999-01,TCGA-CZ-5458-11,0.001581102829687442,0.3322671933266325,210.14900934198965,210.14900934198965
TN,TCGA-KIRC,TCGA-A3-3329-01,TCGA-CZ-5453-11,0.0016010171130950688,0.3838344484411925,239.74412596950194,239.74412596950194
TN,TCGA-KIRC,TCGA-B3-A6W5-01,TCGA-P4-A5E8-11,0.0014554225118800514,0.328525269886517,225.72501607257837,225.72501607257837
TN,TCGA-KIRC,TCGA-B4-5843-01,TCGA-CZ-5455-11,0.0017954030216998777,0.3063601333636632,170.63585705319974,170.63585705319974
TN,TCGA-KIRC,TCGA-CZ-4860-01,TCGA-CZ-5987-11,0.0031838552048205236,0.20896522629010955,65.63276683365665,65.63276683365665
TN,TCGA-KIRC,TCGA-B0-4694-01,TCGA-P4-A5E8-11,0.0015964437389711043,0.25347754977547965,158.77637500639014,158.77637500639014
TN,TCGA-KIRC,TCGA-A3-3385-01,TCGA-B8-4619-11,0.0023361343949101104,0.34966880625594204,149.6783776728721,149.6783776728721
TN,TCGA-KIRC,TCGA-B0-5705-01,TCGA-CW-6087-11,0.0015008032522815114,0.35848027087766243,238.85893792720867,238.85893792720867
TN,TCGA-KIRC,TCGA-BP-4355-01,TCGA-CZ-5468-11,0.0021835995794865742,0.3448976062915485,157.94910822095122,157.94910822095122
TN,TCGA-KIRC,TCGA-CZ-5460-01,TCGA-CZ-5451-11,0.0021032671459741297,0.35154342720088916,167.14159581381733,167.14159581381733
TN,TCGA-KIRC,TCGA-UZ-A9PP-01,TCGA-CZ-5982-11,0.0026898218624545897,0.3373536900217471,125.41859917589333,125.41859917589333
TN,TCGA-KIRC,TCGA-CW-5590-01,TCGA-CZ-5457-11,0.0015409254260110587,0.27599410095770305,179.10931723163242,179.10931723163242
TN,TCGA-KIRC,TCGA-CW-6093-01,TCGA-B0-5712-11,0.0007731329603724696,0.27218622102167883,352.0561597717275,352.0561597717275
TN,TCGA-KIRC,TCGA-BP-4807-01,TCGA-CZ-5463-11,0.001100310344606928,0.32334005536800503,293.8625969962267,293.8625969962267
TN,TCGA-KIRC,TCGA-CJ-4873-01,TCGA-CJ-5672-11,0.0051517502572229175,0.40703713506181005,79.00948507570433,79.00948507570433
TN,TCGA-KIRC,TCGA-B8-5162-01,TCGA-B8-5549-11,0.002206857488794142,0.4610320755777536,208.9088570144455,208.9088570144455
TN,TCGA-KIRC,TCGA-BP-4159-01,TCGA-B0-5712-11,0.0029291346643662308,0.20653910713781193,70.51198760180603,70.51198760180603
TN,TCGA-KIRC,TCGA-AK-3458-01,TCGA-B8-4620-11,0.005419673524687599,0.2581506253111613,47.63213579844584,47.63213579844584
TN,TCGA-KIRC,TCGA-A3-3349-01,TCGA-CZ-5452-11,0.0012373858494877242,0.29113141665653597,235.27941327037473,235.27941327037473
TN,TCGA-KIRC,TCGA-P4-AAVK-01,TCGA-B0-5705-11,0.0025088928030655936,0.23369268270768218,93.14574238569905,93.14574238569905
TN,TCGA-KIRC,TCGA-CJ-5676-01,TCGA-V5-A7RE-11,0.004912650961499124,0.35930300452083397,73.13831317077542,73.13831317077542
TN,TCGA-KIRC,TCGA-CJ-4912-01,TCGA-CZ-5454-11,0.004780843311819662,0.3912131865738909,81.82932613723105,81.82932613723105
TN,TCGA-KIRC,TCGA-BP-4790-01,TCGA-B0-5701-11,0.00121699275833276,0.23196406291366778,190.60430830455468,190.60430830455468
TN,TCGA-KIRC,TCGA-DX-AB2G-01,TCGA-CZ-5466-11,0.005472556927108491,0.14220543529321972,25.985190686423092,25.985190686423092
TN,TCGA-KIRC,TCGA-UZ-A9Q0-01,TCGA-CJ-5676-11,0.009745996554513872,0.166477762973075,17.08165625155804,17.08165625155804
TN,TCGA-KIRC,TCGA-B0-4833-01,TCGA-CJ-5676-11,0.0027213134901795206,0.33533239434093254,123.2244633156216,123.2244633156216
TN,TCGA-KIRC,TCGA-AK-3447-01,TCGA-CJ-6033-11,0.02007383592508549,0.0558700336177031,2.783226575439152,2.783226575439152
TN,TCGA-KIRC,TCGA-KL-8333-01,TCGA-CZ-5987-11,0.0016071628345256043,0.1213042420513205,75.47725684381358,75.47725684381358
TN,TCGA-KIRC,TCGA-B8-5551-01,TCGA-CJ-5689-11,0.001544911643048995,0.368168682703875,238.31051074045078,238.31051074045078
TN,TCGA-KIRC,TCGA-A3-3370-01,TCGA-B0-5705-11,0.0011828221950474314,0.24140055045503644,204.0886208136771,204.0886208136771
TN,TCGA-KIRC,TCGA-BP-5176-01,TCGA-CZ-5989-11,0.002107944670824714,0.37265329506498157,176.78514062666758,176.78514062666758
TN,TCGA-KIRC,TCGA-KL-8345-01,TCGA-CW-5591-11,0.003280283580693516,0.1668997643805854,50.87967557527436,50.87967557527436
TN,TCGA-KIRC,TCGA-DX-A8BS-01,TCGA-KL-8332-11,0.005707112240450839,0.414413535194008,72.61352462226517,72.61352462226517
TN,TCGA-KIRC,TCGA-B0-4718-01,TCGA-CW-6090-11,0.004144098892602039,0.39264372134079445,94.74767169329238,94.74767169329238
TN,TCGA-KIRC,TCGA-CZ-5462-01,TCGA-CZ-5461-11,0.0018594133434046908,0.37019336185769003,199.09148397302832,199.09148397302832
TN,TCGA-KIRC,TCGA-B0-5075-01,TCGA-CW-5589-11,0.0012448112413853008,0.34704105519584144,278.79010379889667,278.79010379889667
TN,TCGA-KIRC,TCGA-B4-5843-01,TCGA-CW-5580-11,0.0012931093156174655,0.32865757600163414,254.16070554305665,254.16070554305665
TN,TCGA-KIRC,TCGA-B8-4153-01,TCGA-B8-4620-11,0.002497891996784063,0.24850700410459303,99.48668894593358,99.48668894593358
TN,TCGA-KIRC,TCGA-B0-5117-01,TCGA-V5-A7RE-11,0.007091056596314085,0.3237496487835798,45.656052012314234,45.656052012314234
TN,TCGA-KIRC,TCGA-A3-A8OU-01,TCGA-P4-A5ED-11,0.0011259589450987842,0.29169688212519146,259.0652913189476,259.0652913189476
TN,TCGA-KIRC,TCGA-AK-3431-01,TCGA-CJ-5672-11,0.0016317101031098746,0.344522788576862,211.14215565634876,211.14215565634876
TN,TCGA-KIRC,TCGA-XM-A8R8-01,TCGA-CJ-5678-11,0.0038181314564724976,0.3871244396741006,101.39107154570257,101.39107154570257
TN,TCGA-KIRC,TCGA-DX-A8BN-01,TCGA-CZ-5461-11,0.006465613516231336,0.32637426762475874,50.47846840913484,50.47846840913484
TN,TCGA-KIRC,TCGA-AK-3434-01,TCGA-CZ-5986-11,0.002406258121251546,0.34523018253680027,143.47179942492568,143.47179942492568
TN,TCGA-KIRC,TCGA-B0-5110-01,TCGA-CZ-5463-11,0.0012321213434573393,0.33108500538303826,268.7113628386729,268.7113628386729
TN,TCGA-KIRC,TCGA-A3-3322-01,TCGA-B8-5549-11,0.0016660615067560173,0.33702642034757274,202.28930263432815,202.28930263432815
TN,TCGA-KIRC,TCGA-AK-3445-01,TCGA-B0-5712-11,0.0017862340342919474,0.3233733078526084,181.03636009868757,181.03636009868757
TN,TCGA-KIRC,TCGA-B2-5633-01,TCGA-B0-5691-11,0.0013973979177546165,0.2954482861553952,211.42745555978135,211.42745555978135
TN,TCGA-KIRC,TCGA-CZ-5987-01,TCGA-B8-4620-11,0.0016856692576279948,0.26780293842826497,158.8703935937625,158.8703935937625
TN,TCGA-KIRC,TCGA-GK-A6C7-01,TCGA-B0-4712-11,0.0017207787760823924,0.3878996432813305,225.42098302981248,225.42098302981248
TN,TCGA-KIRC,TCGA-DX-AB2X-01,TCGA-B8-5552-11,0.00810520158728582,0.11401274895001612,14.066614842604482,14.066614842604482
TN,TCGA-KIRC,TCGA-B0-5699-01,TCGA-CZ-5984-11,0.0011753828771841474,0.3355168912416767,285.4532746346204,285.4532746346204
TN,TCGA-KIRC,TCGA-B0-5705-01,TCGA-CZ-5466-11,0.0014319178019910894,0.32684881527150467,228.25948166648925,228.25948166648925
TN,TCGA-KIRC,TCGA-BP-5202-01,TCGA-CZ-5466-11,0.0016301874327001517,0.32880559191260844,201.6980288996543,201.6980288996543
TN,TCGA-KIRC,TCGA-BP-5176-01,TCGA-CZ-5451-11,0.0016183215250430206,0.32974943795276457,203.76015077967816,203.76015077967816
TN,TCGA-KIRC,TCGA-CZ-4859-01,TCGA-CZ-5453-11,0.0013401150518085139,0.387487882482476,289.1452356717827,289.1452356717827
TN,TCGA-KIRC,TCGA-CZ-5989-01,TCGA-B8-5549-11,0.014326260869763395,0.40352562733179276,28.166849047364664,28.166849047364664
TN,TCGA-KIRC,TCGA-XM-A8RD-01,TCGA-A3-3387-11,0.0041909276172271736,0.4493648911001282,107.22325273597536,107.22325273597536
TN,TCGA-KIRC,TCGA-BP-4971-01,TCGA-CJ-6033-11,0.0027445813159346815,0.3351632629985256,122.11817556747594,122.11817556747594
TN,TCGA-KIRC,TCGA-B3-3926-01,TCGA-CJ-5678-11,0.002221088429874601,0.3656888825443446,164.6439995930242,164.6439995930242
TN,TCGA-KIRC,TCGA-RG-A7D4-01,TCGA-B0-5402-11,0.004378184230449063,0.07978689998590935,18.223742032373487,18.223742032373487
TN,TCGA-KIRC,TCGA-BP-4959-01,TCGA-CZ-5470-11,0.0015294051798478018,0.3828755550170157,250.34278689648315,250.34278689648315
TN,TCGA-KIRC,TCGA-B2-4102-01,TCGA-KL-8339-11,0.0031873728278049244,0.3107357484131649,97.4896145510414,97.4896145510414
TN,TCGA-KIRC,TCGA-A3-3316-01,TCGA-B0-5712-11,0.00134140760341947,0.30086934862144127,224.2937551975071,224.2937551975071
TN,TCGA-KIRC,TCGA-UZ-A9PO-01,TCGA-CZ-5455-11,0.001936995573413718,0.4067966000300838,210.01421253284255,210.01421253284255
TN,TCGA-KIRC,TCGA-KL-8342-01,TCGA-B0-4700-11,0.003296207235402958,0.12108036333097977,36.73323753146177,36.73323753146177
TN,TCGA-KIRC,TCGA-CJ-5675-01,TCGA-KL-8332-11,0.0034616141818426963,0.2553955309532081,73.7793172598037,73.7793172598037
TN,TCGA-KIRC,TCGA-P4-AAVL-01,TCGA-CJ-5676-11,0.004350905639658855,0.33819266271356707,77.72925701511744,77.72925701511744
TN,TCGA-KIRC,TCGA-AK-3450-01,TCGA-B0-5709-11,0.0011654629340099886,0.30036563227266067,257.7221664520876,257.7221664520876
TN,TCGA-KIRC,TCGA-B0-5696-01,TCGA-CZ-5986-11,0.0024236476711531085,0.3322650656622662,137.09297337932915,137.09297337932915
TN,TCGA-KIRC,TCGA-XM-A8R8-01,TCGA-CZ-5463-11,0.0037394874141761644,0.36465677103396255,97.51517538247927,97.51517538247927
TN,TCGA-KIRC,TCGA-DX-A48U-01,TCGA-B0-5402-11,0.00260372003910446,0.0638677472477679,24.529421861243954,24.529421861243954
TN,TCGA-KIRC,TCGA-BP-5201-01,TCGA-CW-5587-11,0.002425033335284311,0.34476644318356453,142.16977480977351,142.16977480977351
TN,TCGA-KIRC,TCGA-BP-4789-01,TCGA-CZ-5989-11,0.000871876417125947,0.3400046075195627,389.96880846984453,389.96880846984453
TN,TCGA-KIRC,TCGA-DX-A6YR-01,TCGA-CW-5587-11,0.0032846047234512095,0.2630540260469766,80.08696576755199,80.08696576755199
TN,TCGA-KIRC,TCGA-BP-4804-01,TCGA-CZ-5466-11,0.002328165753630028,0.21424563099638658,92.02335815752775,92.02335815752775
TN,TCGA-KIRC,TCGA-UZ-A9PN-01,TCGA-B0-5402-11,0.0015385246955317592,0.2579694252818403,167.6732430951838,167.6732430951838
TN,TCGA-KIRC,TCGA-BP-4331-01,TCGA-CZ-5988-11,0.001756725640990549,0.21962289826136763,125.01832564903582,125.01832564903582
TN,TCGA-KIRC,TCGA-A3-3319-01,TCGA-CJ-5681-11,0.002259450167295901,0.36263945039685036,160.49898140964777,160.49898140964777
TN,TCGA-KIRC,TCGA-B0-4852-01,TCGA-CW-5589-11,0.0014857540846179161,0.30103937091990185,202.61722584953796,202.61722584953796
TN,TCGA-KIRC,TCGA-CJ-4636-01,TCGA-B0-5699-11,0.0017319017181017756,0.2984702140502627,172.33669262560488,172.33669262560488
TN,TCGA-KIRC,TCGA-CJ-4895-01,TCGA-CJ-5681-11,0.0012853774200011305,0.3189493748839277,248.1367495032293,248.1367495032293
TN,TCGA-KIRC,TCGA-DX-A3UE-01,TCGA-CJ-6030-11,0.0032204180303164283,0.1728517446978159,53.673697970456345,53.673697970456345
TN,TCGA-KIRC,TCGA-CZ-4860-01,TCGA-CZ-5457-11,0.003693024329093829,0.3737462914131574,101.2033114617647,101.2033114617647
TN,TCGA-KIRC,TCGA-B2-3924-01,TCGA-B2-5636-11,0.0014656493281429673,0.32278569295550974,220.23391732079006,220.23391732079006
TN,TCGA-KIRC,TCGA-BP-4165-01,TCGA-CZ-5466-11,0.003800660417968502,0.3524689812477201,92.73887758594306,92.73887758594306
TN,TCGA-KIRC,TCGA-KL-8332-01,TCGA-B8-4620-11,0.00315774522866754,0.11008744318534286,34.86267422270668,34.86267422270668
TN,TCGA-KIRC,TCGA-BP-5189-01,TCGA-B0-4712-11,0.0016894569850340038,0.31668520308157966,187.44792314153278,187.44792314153278
TN,TCGA-KIRC,TCGA-EU-5904-01,TCGA-B0-5696-11,0.0011224593673563482,0.3222871492129974,287.12589389499084,287.12589389499084
TN,TCGA-KIRC,TCGA-DX-A3UC-01,TCGA-CZ-5469-11,0.004537898455757585,0.44990636183938604,99.1442109658833,99.1442109658833
TN,TCGA-KIRC,TCGA-BP-4995-01,TCGA-CZ-5988-11,0.0011163954540331256,0.21672138635128152,194.12600218708073,194.12600218708073
TN,TCGA-KIRC,TCGA-B0-5699-01,TCGA-CW-5581-11,0.0012021312313826474,0.3362709871316151,279.72901656073645,279.72901656073645
TN,TCGA-KIRC,TCGA-B4-5843-01,TCGA-V5-AASX-11,0.0034938955160529767,0.2538478944731133,72.65468967425879,72.65468967425879
TN,TCGA-KIRC,TCGA-BP-4777-01,TCGA-CW-5581-11,0.0013756201979754426,0.26672754932218923,193.8962147508035,193.8962147508035
TN,TCGA-KIRC,TCGA-GK-A6C7-01,TCGA-B8-4619-11,0.0027923874935608236,0.31334934709106677,112.21556743598178,112.21556743598178
TN,TCGA-KIRC,TCGA-BP-4346-01,TCGA-B0-5711-11,0.0017466322226091966,0.2840090014678168,162.60377988650157,162.60377988650157
TN,TCGA-KIRC,TCGA-CJ-4920-01,TCGA-B0-5701-11,0.0010823146192127972,0.3279508904763142,303.0088337112582,303.0088337112582
TN,TCGA-KIRC,TCGA-B4-5834-01,TCGA-B0-5709-11,0.00111903583522782,0.30879925830276433,275.9511792041022,275.9511792041022
TN,TCGA-KIRC,TCGA-XM-AAZ1-01,TCGA-B8-5552-11,0.010289537618899256,0.17885795207336605,17.382506260033455,17.382506260033455
TN,TCGA-KIRC,TCGA-B0-4815-01,TCGA-B0-5699-11,0.0025088690311448262,0.3698964449873757,147.43553385829298,147.43553385829298
TN,TCGA-KIRC,TCGA-B8-5164-01,TCGA-B2-5641-11,0.0010704786396687764,0.3917852728785475,365.9907431686561,365.9907431686561
TN,TCGA-KIRC,TCGA-DX-A48K-01,TCGA-CW-5581-11,0.002522698749456808,0.3936379005420631,156.03840951156846,156.03840951156846
TN,TCGA-KIRC,TCGA-BP-4787-01,TCGA-B0-4700-11,0.0018801722748272,0.30250580049006365,160.8925972051502,160.8925972051502
TN,TCGA-KIRC,TCGA-B0-5120-01,TCGA-P4-A5ED-11,0.0013060682182514446,0.32112223886161234,245.86942272550561,245.86942272550561
TN,TCGA-KIRC,TCGA-B0-4703-01,TCGA-B8-5549-11,0.0016855956233517828,0.3522751655572286,208.9915046508809,208.9915046508809
TN,TCGA-KIRC,TCGA-CJ-4869-01,TCGA-CW-5587-11,0.0028307836113366644,0.3615763687299677,127.73013355098357,127.73013355098357
TN,TCGA-KIRC,TCGA-CW-5584-01,TCGA-B0-5712-11,0.0009065013082987931,0.2953473616714398,325.8101879915765,325.8101879915765
TN,TCGA-KIRC,TCGA-MM-A563-01,TCGA-V5-A7RE-11,0.003350450033944516,0.06977275056395368,20.824889151326808,20.824889151326808
TN,TCGA-KIRC,TCGA-DV-5573-01,TCGA-P4-A5ED-11,0.0008344243290845292,0.07472503562699606,89.55280068233273,89.55280068233273
TN,TCGA-KIRC,TCGA-DX-A3U6-01,TCGA-V5-AASX-11,0.006428686975158032,0.4792869230892734,74.55440355726628,74.55440355726628
TN,TCGA-KIRC,TCGA-BP-4335-01,TCGA-CZ-5985-11,0.003192501908490462,0.22798552394794014,71.41280741026729,71.41280741026729
TN,TCGA-KIRC,TCGA-B0-4688-01,TCGA-CZ-5457-11,0.0029403591108124127,0.4294863053063353,146.06593586715655,146.06593586715655
TN,TCGA-KIRC,TCGA-B0-5109-01,TCGA-B0-5694-11,0.002696055229354627,0.329416511243436,122.18463021704888,122.18463021704888
TN,TCGA-KIRC,TCGA-CW-6097-01,TCGA-B0-5697-11,0.0016608862446962458,0.2200510564897291,132.49014325479803,132.49014325479803
TN,TCGA-KIRC,TCGA-B0-5094-01,TCGA-CJ-5681-11,0.002090117669528402,0.3822654490451081,182.89183169833663,182.89183169833663
TN,TCGA-KIRC,TCGA-BP-4161-01,TCGA-B2-5641-11,0.0012598603750400617,0.2971690867771439,235.87461965195496,235.87461965195496
TN,TCGA-KIRC,TCGA-RG-A7D4-01,TCGA-B0-5697-11,0.004709718947323756,0.41467093801337274,88.04579267920111,88.04579267920111
TN,TCGA-KIRC,TCGA-CJ-4884-01,TCGA-CZ-5454-11,0.0016328175660979497,0.4023036682424497,246.38617111638558,246.38617111638558
TN,TCGA-KIRC,TCGA-DX-AB2Q-01,TCGA-CZ-5466-11,0.004523521687840282,0.3126020898723646,69.10591159818533,69.10591159818533
TN,TCGA-KIRC,TCGA-DX-AB32-01,TCGA-CZ-5452-11,0.0036590894868265738,0.4514841740875721,123.38702721346444,123.38702721346444
TN,TCGA-KIRC,TCGA-DX-A8BK-01,TCGA-CJ-6033-11,0.006321179767423647,0.361614568591042,57.2068161159775,57.2068161159775
TN,TCGA-KIRC,TCGA-B0-4848-01,TCGA-V5-AASX-11,0.003938078354935011,0.16235194922105445,41.226185613499226,41.226185613499226
TN,TCGA-KIRC,TCGA-CZ-5454-01,TCGA-CW-6087-11,0.0023383093787741195,0.3888673586797122,166.3027836306159,166.3027836306159
TN,TCGA-KIRC,TCGA-CJ-4868-01,TCGA-A3-3387-11,0.0018542397482904272,0.1890327909232174,101.94625107001505,101.94625107001505
TN,TCGA-KIRC,TCGA-CJ-4882-01,TCGA-B0-5711-11,0.002888794721359949,0.3246029282454026,112.36621482491158,112.36621482491158
TN,TCGA-KIRC,TCGA-XM-A8RE-01,TCGA-B0-4712-11,0.005352112421609111,0.47330805978162405,88.43387853189454,88.43387853189454
TN,TCGA-KIRC,TCGA-BW-A5NO-01,TCGA-A3-3387-11,0.0046178536544322635,0.3049053345471371,66.0275005151984,66.0275005151984
TN,TCGA-KIRC,TCGA-CZ-5987-01,TCGA-KL-8324-11,0.0017392905094816707,0.2906351878145663,167.0998526296674,167.0998526296674
TN,TCGA-KIRC,TCGA-BP-4963-01,TCGA-B0-5712-11,0.0012772372270667398,0.33943436522903736,265.7567114674311,265.7567114674311
TN,TCGA-KIRC,TCGA-UZ-A9PV-01,TCGA-CZ-5454-11,0.002469332064602482,0.3104281797315617,125.71342031373779,125.71342031373779
TN,TCGA-KIRC,TCGA-B0-4837-01,TCGA-B8-5552-11,0.005062811830830493,0.38592176753422724,76.22676497359006,76.22676497359006
TN,TCGA-KIRC,TCGA-AK-3429-01,TCGA-B2-5641-11,0.0030370493995008708,0.4182364445352675,137.71143946621459,137.71143946621459
TN,TCGA-KIRC,TCGA-DX-A23T-01,TCGA-CZ-5469-11,0.004330370623518605,0.4763052298550669,109.9917931431119,109.9917931431119
TN,TCGA-KIRC,TCGA-MW-A4EC-01,TCGA-KL-8329-11,0.0013370857076298592,0.32199511630204997,240.81860606589234,240.81860606589234
TN,TCGA-KIRC,TCGA-CJ-4874-01,TCGA-CZ-5987-11,0.001091045662325873,0.2593459772729374,237.70405421902134,237.70405421902134
TN,TCGA-KIRC,TCGA-B4-5378-01,TCGA-CZ-5989-11,0.000713855259383748,0.32397261510910375,453.83515894914126,453.83515894914126
TN,TCGA-KIRC,TCGA-B0-5698-01,TCGA-CZ-5982-11,0.0015131033000163434,0.2887123902576121,190.8081161771927,190.8081161771927
TN,TCGA-KIRC,TCGA-B0-5699-01,TCGA-CZ-4864-11,0.001628640928248713,0.3284879190495106,201.6945008269782,201.6945008269782
TN,TCGA-KIRC,TCGA-KL-8337-01,TCGA-CZ-5451-11,0.0039545729012032335,0.059312537316788184,14.998468557436764,14.998468557436764
TN,TCGA-KIRC,TCGA-AK-3454-01,TCGA-CZ-5455-11,0.002276312434993882,0.19490223974905482,85.62191936080983,85.62191936080983
TN,TCGA-KIRC,TCGA-AK-3444-01,TCGA-B8-4619-11,0.0014737275431270288,0.3281578848926553,222.67201724163579,222.67201724163579
TN,TCGA-KIRC,TCGA-DX-A8BX-01,TCGA-CZ-5454-11,0.0031434583027852153,0.28066769849166495,89.2862800957097,89.2862800957097
TN,TCGA-KIRC,TCGA-BP-5180-01,TCGA-KL-8332-11,0.0035961762508919157,0.352269551594083,97.95669817537834,97.95669817537834
TN,TCGA-KIRC,TCGA-A3-3349-01,TCGA-CW-6090-11,0.001624840821624043,0.24388769032075552,150.09943563393958,150.09943563393958
TN,TCGA-KIRC,TCGA-BP-4330-01,TCGA-CZ-5467-11,0.002442372564823354,0.3249746951903284,133.05697086137732,133.05697086137732
TN,TCGA-KIRC,TCGA-BP-4159-01,TCGA-CZ-5453-11,0.0039051054475663085,0.29004708410100016,74.27381616077992,74.27381616077992
TN,TCGA-KIRC,TCGA-BP-4342-01,TCGA-CZ-4864-11,0.0026462534569047583,0.34985974947928977,132.20946337034172,132.20946337034172
TN,TCGA-KIRC,TCGA-B8-4154-01,TCGA-KL-8329-11,0.0030513617031796446,0.25586240621624257,83.85187699957805,83.85187699957805
TN,TCGA-KIRC,TCGA-KL-8344-01,TCGA-B0-5706-11,0.0013594740907924723,0.21659916435719598,159.32570236107608,159.32570236107608
TN,TCGA-KIRC,TCGA-BP-5177-01,TCGA-B0-4700-11,0.0019470696634951343,0.2633347701161157,135.24671204799643,135.24671204799643
TN,TCGA-KIRC,TCGA-KL-8323-01,TCGA-V5-A7RE-11,0.004924572928779821,0.3848820187559485,78.15541049390289,78.15541049390289
TN,TCGA-KIRC,TCGA-CJ-4871-01,TCGA-B0-5699-11,0.0014667019708996172,0.27455084014946,187.18924880223713,187.18924880223713
TN,TCGA-KIRC,TCGA-B0-5115-01,TCGA-B0-5701-11,0.0013917228107815038,0.34560853028414706,248.33144043250618,248.33144043250618
TN,TCGA-KIRC,TCGA-HE-7128-01,TCGA-CW-6088-11,0.001321313417160903,0.25645442258150947,194.09053086931587,194.09053086931587
TN,TCGA-KIRC,TCGA-CJ-4899-01,TCGA-B8-4622-11,0.002862169088837718,0.2028719623593457,70.88049519874063,70.88049519874063
TN,TCGA-KIRC,TCGA-CZ-5461-01,TCGA-CJ-5679-11,0.0011345527223422308,0.31775417610133017,280.06999572954317,280.06999572954317
TN,TCGA-KIRC,TCGA-BW-A5NP-01,TCGA-CW-5585-11,0.004074553608821241,0.15557989399145822,38.18329783528536,38.18329783528536
TN,TCGA-KIRC,TCGA-UZ-A9Q0-01,TCGA-CJ-5689-11,0.009501090319438119,0.04954363671024512,5.2145211806780365,5.2145211806780365
TN,TCGA-KIRC,TCGA-AK-3465-01,TCGA-B0-5709-11,0.00214896039644883,0.12813953542941092,59.62861653530808,59.62861653530808
TN,TCGA-KIRC,TCGA-B0-5094-01,TCGA-CW-5587-11,0.002566638067050428,0.40076139815543554,156.14254432686303,156.14254432686303
TN,TCGA-KIRC,TCGA-BP-5006-01,TCGA-CJ-6033-11,0.0012133751356933858,0.3419249423638857,281.7965625844904,281.7965625844904
TN,TCGA-KIRC,TCGA-CJ-4920-01,TCGA-P4-A5E8-11,0.0021820439874405658,0.3269745187384054,149.84781270240615,149.84781270240615
TN,TCGA-KIRC,TCGA-DX-A7ES-01,TCGA-B0-5691-11,0.0038934956379742527,0.1734351760559574,44.54484920039464,44.54484920039464
TN,TCGA-KIRC,TCGA-DX-A6YX-01,TCGA-CZ-5461-11,0.0037810066004178283,0.2934531668344143,77.61244500392716,77.61244500392716
TN,TCGA-KIRC,TCGA-BP-4770-01,TCGA-B0-5711-11,0.003962096668125449,0.2899290888771208,73.17567267087715,73.17567267087715
TN,TCGA-KIRC,TCGA-AL-3467-01,TCGA-CZ-5465-11,0.0013532818365213951,0.3372742433018908,249.22690469921088,249.22690469921088
TN,TCGA-KIRC,TCGA-AL-3466-01,TCGA-KL-8332-11,0.0062838629286786525,0.3877607187894664,61.707380188034,61.707380188034
TN,TCGA-KIRC,TCGA-B0-4843-01,TCGA-B0-5711-11,0.003523151671846692,0.34625744079649035,98.2805944925432,98.2805944925432
TN,TCGA-KIRC,TCGA-B0-5711-01,TCGA-CZ-5456-11,0.0021146257460682143,0.2622691761524855,124.0262853321115,124.0262853321115
TN,TCGA-KIRC,TCGA-BP-5199-01,TCGA-CW-5581-11,0.0022976585969587526,0.3475058255196225,151.24345539393505,151.24345539393505
TN,TCGA-KIRC,TCGA-B3-3925-01,TCGA-CW-5585-11,0.0017144957468358353,0.3163751121792465,184.52954039876062,184.52954039876062
TN,TCGA-KIRC,TCGA-DX-AB2P-01,TCGA-B0-5701-11,0.002596856081529654,0.15048491309570783,57.94888448614606,57.94888448614606
TN,TCGA-KIRC,TCGA-DX-AB2H-01,TCGA-CZ-5982-11,0.00410553900174049,0.44477703852037953,108.3358453863968,108.3358453863968
TN,TCGA-KIRC,TCGA-B0-4841-01,TCGA-CZ-5987-11,0.008240230997573567,0.16540475910939578,20.07283038037419,20.07283038037419
TN,TCGA-KIRC,TCGA-XM-AAZ2-01,TCGA-B0-5402-11,0.002491216508506057,0.17762672959283032,71.30120123495419,71.30120123495419
TN,TCGA-KIRC,TCGA-BP-5168-01,TCGA-B0-4700-11,0.0015011015155994424,0.35518186144862474,236.6141515131228,236.6141515131228
TN,TCGA-KIRC,TCGA-BP-4797-01,TCGA-B0-5697-11,0.0013618298378967669,0.2883858899697332,211.7635272370895,211.7635272370895
TN,TCGA-KIRC,TCGA-DX-A3LW-01,TCGA-CZ-5466-11,0.0042385662760612815,0.3195409171797161,75.38891605504205,75.38891605504205
TN,TCGA-KIRC,TCGA-CJ-4912-01,TCGA-B2-5641-11,0.005335961069407381,0.4141504666429604,77.61497155918278,77.61497155918278
TN,TCGA-KIRC,TCGA-B8-5551-01,TCGA-B0-4700-11,0.0019504600844080155,0.37080586825221695,190.1120003513224,190.1120003513224
TN,TCGA-KIRC,TCGA-P4-AAVO-01,TCGA-B8-5549-11,0.007704054165965158,0.27464344696882914,35.64921027971796,35.64921027971796
TN,TCGA-KIRC,TCGA-BP-5185-01,TCGA-CZ-5467-11,0.011340787348800094,0.27857931951934517,24.564372027381335,24.564372027381335
TN,TCGA-KIRC,TCGA-CZ-4866-01,TCGA-B8-5552-11,0.0024390170783328423,0.43028826935865194,176.41871931982115,176.41871931982115
TN,TCGA-KIRC,TCGA-CJ-5672-01,TCGA-CW-5589-11,0.0014067366179818658,0.3148498478424757,223.8157760435397,223.8157760435397
TN,TCGA-KIRC,TCGA-B8-5159-01,TCGA-B0-5690-11,0.0012514880703045571,0.36809785990050614,294.12814123823597,294.12814123823597
TN,TCGA-KIRC,TCGA-DX-AATS-01,TCGA-B0-5709-11,0.0036459381218557053,0.3129295019159643,85.82962503946442,85.82962503946442
TN,TCGA-KIRC,TCGA-DV-5565-01,TCGA-CZ-5468-11,0.0018527357439000183,0.3570646364350415,192.72291669799526,192.72291669799526
TN,TCGA-KIRC,TCGA-CJ-4886-01,TCGA-CZ-5451-11,0.0009547897951418176,0.2379632380743561,249.23102371345595,249.23102371345595
TN,TCGA-KIRC,TCGA-A3-3324-01,TCGA-V5-AASX-11,0.003348759271436615,0.3400613509599159,101.54846120486584,101.54846120486584
TN,TCGA-KIRC,TCGA-DX-A3UB-01,TCGA-KL-8339-11,0.004554476795542817,0.22722184467152973,49.88977985218798,49.88977985218798
TN,TCGA-KIRC,TCGA-B0-4712-01,TCGA-B0-5706-11,0.003134123070147019,0.4003532360681459,127.74011329726297,127.74011329726297
TN,TCGA-KIRC,TCGA-HE-A5NH-01,TCGA-B8-4622-11,0.0026624846656340337,0.29565133973988245,111.04339625162768,111.04339625162768
TN,TCGA-KIRC,TCGA-BP-4770-01,TCGA-CW-5587-11,0.003781525656585125,0.3555306150263149,94.01777147993063,94.01777147993063
TN,TCGA-KIRC,TCGA-BP-4335-01,TCGA-B8-5552-11,0.0047512159577023545,0.38388636628667294,80.79749893589702,80.79749893589702
TN,TCGA-KIRC,TCGA-B0-4842-01,TCGA-B8-5549-11,0.008012028829979744,0.4371733458777416,54.56462466059884,54.56462466059884
TN,TCGA-KIRC,TCGA-A3-3367-01,TCGA-B0-4700-11,0.0013717882613882445,0.27640411116751396,201.49181834213545,201.49181834213545
TN,TCGA-KIRC,TCGA-DX-A3U5-01,TCGA-CZ-5466-11,0.003771937393872679,0.2864103672381026,75.93189847301328,75.93189847301328
TN,TCGA-KIRC,TCGA-CJ-5679-01,TCGA-CJ-5681-11,0.002980191931509445,0.3338835399960648,112.03424063595637,112.03424063595637
TN,TCGA-KIRC,TCGA-BP-5000-01,TCGA-CZ-5458-11,0.003982860384402312,0.34669956565915877,87.04788322907439,87.04788322907439
TN,TCGA-KIRC,TCGA-BP-5190-01,TCGA-CJ-5676-11,0.0027522480063949793,0.25222745179824074,91.64415823435179,91.64415823435179
TN,TCGA-KIRC,TCGA-GK-A6C7-01,TCGA-B0-4700-11,0.0017203310885746752,0.29102095310903753,169.1656652849037,169.1656652849037
TN,TCGA-KIRC,TCGA-BP-4763-01,TCGA-CZ-5465-11,0.0018217997698246513,0.2643993851797203,145.13086979101374,145.13086979101374
TN,TCGA-KIRC,TCGA-B8-4154-01,TCGA-B0-4712-11,0.0034814106779477113,0.4148711734897511,119.16754783274156,119.16754783274156
TN,TCGA-KIRC,TCGA-BP-4771-01,TCGA-CZ-5987-11,0.0022194239499062378,0.3188576542850318,143.66685296808765,143.66685296808765
TN,TCGA-KIRC,TCGA-CJ-6031-01,TCGA-CZ-5456-11,0.0016235697183211379,0.1951225060257193,120.18116858417814,120.18116858417814
TN,TCGA-KIRC,TCGA-BP-4969-01,TCGA-B8-4622-11,0.004211549794478546,0.36481185862749177,86.6217607365749,86.6217607365749
TN,TCGA-KIRC,TCGA-UZ-A9PP-01,TCGA-CW-5580-11,0.0017872299149390568,0.30795321344675897,172.307553086845,172.307553086845
TN,TCGA-KIRC,TCGA-BP-4331-01,TCGA-A3-3387-11,0.0020188291432475603,0.20363475899475358,100.86775281397983,100.86775281397983
TN,TCGA-KIRC,TCGA-CW-5590-01,TCGA-KL-8326-11,0.0014315885296036432,0.32882500985523144,229.69240326776827,229.69240326776827
TN,TCGA-KIRC,TCGA-HE-A5NI-01,TCGA-CZ-5982-11,0.006880284141633447,0.3821599500711161,55.54421041401752,55.54421041401752
TN,TCGA-KIRC,TCGA-CJ-5686-01,TCGA-B0-5696-11,0.0010424846991256003,0.28851697821750516,276.7589571909335,276.7589571909335
TN,TCGA-KIRC,TCGA-BP-5177-01,TCGA-CZ-5982-11,0.002451931795084848,0.23026030159012906,93.9097498762852,93.9097498762852
TN,TCGA-KIRC,TCGA-B0-5109-01,TCGA-CW-5589-11,0.0030151235681218505,0.3952358390741789,131.08445811405838,131.08445811405838
TN,TCGA-KIRC,TCGA-BP-4799-01,TCGA-CZ-5454-11,0.005772493223900423,0.31074615505524444,53.8322251758792,53.8322251758792
TN,TCGA-KIRC,TCGA-AK-3427-01,TCGA-CJ-5680-11,0.012000526611844385,0.021334925618399496,1.7778324492311999,1.7778324492311999
TN,TCGA-KIRC,TCGA-P4-A5ED-01,TCGA-CW-5591-11,0.007671958022903835,0.3037240793639575,39.58886094752093,39.58886094752093
TN,TCGA-KIRC,TCGA-UZ-A9PR-01,TCGA-B0-4700-11,0.0017522508801486691,0.3576992231996223,204.1369915986422,204.1369915986422
TN,TCGA-KIRC,TCGA-B4-5377-01,TCGA-CJ-5677-11,0.0009269669499702001,0.3328207365264648,359.0427215740154,359.0427215740154
TN,TCGA-KIRC,TCGA-AL-A5DJ-01,TCGA-B0-5699-11,0.009579908220633464,0.3455232974350349,36.06749558318706,36.06749558318706
TN,TCGA-KIRC,TCGA-B0-4845-01,TCGA-B8-4620-11,0.0019428625811152116,0.36409049449267356,187.39899467500373,187.39899467500373
TN,TCGA-KIRC,TCGA-BP-4161-01,TCGA-CJ-5678-11,0.0016610636161902112,0.21056788767743445,126.76690141488353,126.76690141488353
TN,TCGA-KIRC,TCGA-CZ-5455-01,TCGA-CW-5591-11,0.0009543275828135297,0.269591483184062,282.493651068177,282.493651068177
TN,TCGA-KIRC,TCGA-CZ-5462-01,TCGA-CZ-5467-11,0.0021528718014490597,0.3871602431849484,179.83432312335447,179.83432312335447
TN,TCGA-KIRC,TCGA-BP-4173-01,TCGA-B0-5703-11,0.0015487700890392379,0.28969302660557283,187.04714705930346,187.04714705930346
TN,TCGA-KIRC,TCGA-DX-AB2S-01,TCGA-CZ-5988-11,0.004094003550793136,0.4432773533632819,108.27478478307751,108.27478478307751
TN,TCGA-KIRC,TCGA-BP-5196-01,TCGA-P4-A5ED-11,0.0015920631860770972,0.3542227303163289,222.49288433654877,222.49288433654877
TN,TCGA-KIRC,TCGA-CZ-5456-01,TCGA-CW-5585-11,0.0022449784323401974,0.40632718140088886,180.99380178780945,180.99380178780945
TN,TCGA-KIRC,TCGA-CZ-5464-01,TCGA-CZ-4865-11,0.0019833598013572684,0.2696826804584408,135.9726461501788,135.9726461501788
TN,TCGA-KIRC,TCGA-BP-4166-01,TCGA-CZ-5462-11,0.0017551830205576146,0.3482605659932022,198.41837683830897,198.41837683830897
TN,TCGA-KIRC,TCGA-V5-A7RC-01,TCGA-B8-5552-11,0.0049331815456986365,0.24447036475126688,49.55632840320394,49.55632840320394
TN,TCGA-KIRC,TCGA-DV-A4VZ-01,TCGA-KL-8332-11,0.004602807811906619,0.42702521334838206,92.77493886313181,92.77493886313181
TN,TCGA-KIRC,TCGA-DX-A8BK-01,TCGA-CZ-5469-11,0.009239521251531616,0.4309356538595036,46.64047434146746,46.64047434146746
TN,TCGA-KIRC,TCGA-A3-3335-01,TCGA-CZ-5469-11,0.00254288229738634,0.385918187723163,151.76407815643793,151.76407815643793
TN,TCGA-KIRC,TCGA-DV-A4W0-01,TCGA-B0-5712-11,0.0012442525188821746,0.31058654383718914,249.61697012774974,249.61697012774974
TN,TCGA-KIRC,TCGA-A3-3313-01,TCGA-CZ-5456-11,0.0030033783334430164,0.39103950169628066,130.1998810279757,130.1998810279757
TN,TCGA-KIRC,TCGA-B8-A54F-01,TCGA-CW-5581-11,0.0020793999478022898,0.33889269861292415,162.97619848028688,162.97619848028688
TN,TCGA-KIRC,TCGA-UZ-A9PM-01,TCGA-CJ-5677-11,0.003711935636043842,0.2640943669145391,71.1473454308085,71.1473454308085
TN,TCGA-KIRC,TCGA-UZ-A9PS-01,TCGA-CZ-5453-11,0.0016230105915834084,0.29520884538784786,181.8896604364376,181.8896604364376
TN,TCGA-KIRC,TCGA-A3-A8OX-01,TCGA-CW-6088-11,0.0013322415222684473,0.07434452564654245,55.80408987700204,55.80408987700204
TN,TCGA-KIRC,TCGA-A3-3370-01,TCGA-B0-5402-11,0.0013688286804678024,0.3112807712399288,227.4066694259704,227.4066694259704
TN,TCGA-KIRC,TCGA-A3-3357-01,TCGA-CZ-5452-11,0.0015946429719352288,0.41367414647080847,259.41489960525854,259.41489960525854
TN,TCGA-KIRC,TCGA-A3-3331-01,TCGA-CZ-5455-11,0.0021706453182392454,0.318625203867566,146.78823905050692,146.78823905050692
TN,TCGA-KIRC,TCGA-DX-A6YR-01,TCGA-CZ-5989-11,0.002698310492891363,0.14610696022533082,54.147571456378444,54.147571456378444
TN,TCGA-KIRC,TCGA-BP-5004-01,TCGA-KL-8324-11,0.0015384853498785962,0.3131132416547107,203.52045710374745,203.52045710374745
TN,TCGA-KIRC,TCGA-AK-3454-01,TCGA-P4-A5E8-11,0.0016390242865889785,0.260318072755783,158.82502467217162,158.82502467217162
TN,TCGA-KIRC,TCGA-CZ-5467-01,TCGA-B8-5552-11,0.002595147146259477,0.38030450323554027,146.54448545767175,146.54448545767175
TN,TCGA-KIRC,TCGA-DX-A6BG-01,TCGA-B0-5691-11,0.0022919822322805213,0.2014263714729011,87.8830423011098,87.8830423011098
TN,TCGA-KIRC,TCGA-B0-5713-01,TCGA-CJ-5676-11,0.0008271648799221984,0.3262684480757303,394.4418531241541,394.4418531241541
TN,TCGA-KIRC,TCGA-B3-4104-01,TCGA-CZ-5986-11,0.0025863972992001033,0.32232700946641224,124.62393521911676,124.62393521911676
TN,TCGA-KIRC,TCGA-DX-A7ES-01,TCGA-B0-5694-11,0.003040386601277205,0.11715818475477816,38.53397614157435,38.53397614157435
TN,TCGA-KIRC,TCGA-DX-A7EN-01,TCGA-CZ-5987-11,0.003861230899728285,0.29750318073476323,77.04879310783991,77.04879310783991
TN,TCGA-KIRC,TCGA-AY-A69D-01,TCGA-CZ-5452-11,0.0029166396206168578,0.43807669362972645,150.19911631628833,150.19911631628833
TN,TCGA-KIRC,TCGA-DX-A8BV-01,TCGA-P4-A5E8-11,0.0018493266379198416,0.3437028733949627,185.8529836468296,185.8529836468296
TN,TCGA-KIRC,TCGA-B8-A54I-01,TCGA-A3-3387-11,0.004274157461307363,0.3901203201251193,91.27420401722655,91.27420401722655
TN,TCGA-KIRC,TCGA-A3-3363-01,TCGA-KL-8339-11,0.0012668714254219907,0.3012124763809387,237.76088901887243,237.76088901887243
TN,TCGA-KIRC,TCGA-DV-A4VZ-01,TCGA-CZ-5988-11,0.0037579397450580965,0.405071034786125,107.79072105102705,107.79072105102705
TN,TCGA-KIRC,TCGA-HE-A5NJ-01,TCGA-V5-A7RE-11,0.0036726864639310755,0.4093037185044288,111.44532007404979,111.44532007404979
TN,TCGA-KIRC,TCGA-BP-4162-01,TCGA-CJ-5676-11,0.0011783826731703627,0.324992262068296,275.7951805196908,275.7951805196908
TN,TCGA-KIRC,TCGA-B0-5088-01,TCGA-B8-5552-11,0.005883275501330107,0.3850347650568132,65.44564587698868,65.44564587698868
TN,TCGA-KIRC,TCGA-BP-4174-01,TCGA-B8-4622-11,0.0018464078162402338,0.33987063868335027,184.07127379660645,184.07127379660645
TN,TCGA-KIRC,TCGA-XM-AAZ1-01,TCGA-B0-5703-11,0.004636808702020962,0.38519105835545375,83.07244984844155,83.07244984844155
TN,TCGA-KIRC,TCGA-AL-3471-01,TCGA-CW-6087-11,0.003436370816067343,0.37126430524962356,108.03965145836807,108.03965145836807
TN,TCGA-KIRC,TCGA-DX-A8BT-01,TCGA-B0-4700-11,0.0033932929683885083,0.37656211274795515,110.97247312741946,110.97247312741946
TN,TCGA-KIRC,TCGA-UZ-A9PK-01,TCGA-CJ-5679-11,0.001898534900236699,0.18694822165137304,98.46973138500923,98.46973138500923
TN,TCGA-KIRC,TCGA-BP-5181-01,TCGA-CW-6088-11,0.0018374395004619973,0.32579372072394963,177.3085430252444,177.3085430252444
TN,TCGA-KIRC,TCGA-AK-3440-01,TCGA-KL-8326-11,0.002475777840808311,0.07700441865082566,31.103121363136793,31.103121363136793
TN,TCGA-KIRC,TCGA-DX-A6YR-01,TCGA-CZ-4865-11,0.0032348673204218342,0.1947427845170786,60.201165991464435,60.201165991464435
TN,TCGA-KIRC,TCGA-B8-4151-01,TCGA-B0-5705-11,0.0020580902280458602,0.33281758506774617,161.71185331546602,161.71185331546602
TN,TCGA-KIRC,TCGA-AK-3429-01,TCGA-CJ-5672-11,0.002614269433856021,0.4070656457760796,155.70914019205048,155.70914019205048
TN,TCGA-KIRC,TCGA-BP-5004-01,TCGA-B8-4619-11,0.0025700664348629974,0.33896959300000074,131.89137385783968,131.89137385783968
TN,TCGA-KIRC,TCGA-B0-5713-01,TCGA-CW-5589-11,0.00080585459482054,0.3357536808717748,416.6430061077527,416.6430061077527
TN,TCGA-KIRC,TCGA-KL-8344-01,TCGA-CZ-5989-11,0.0011627555049805575,0.17788049212151108,152.9818533299358,152.9818533299358
TN,TCGA-KIRC,TCGA-DX-A1L4-01,TCGA-CZ-5452-11,0.0025909819442023504,0.4462031434549685,172.21391467177315,172.21391467177315
TN,TCGA-KIRC,TCGA-B0-5399-01,TCGA-A3-3387-11,0.0021092598811052335,0.24063467549695433,114.0848871457527,114.0848871457527
TN,TCGA-KIRC,TCGA-B8-4146-01,TCGA-B0-5691-11,0.0068314327816129256,0.31611574376159146,46.273710635407205,46.273710635407205
TN,TCGA-KIRC,TCGA-DX-AB2T-01,TCGA-CZ-5456-11,0.003068501768737253,0.4544457661395385,148.10021319510324,148.10021319510324
TN,TCGA-KIRC,TCGA-CW-5580-01,TCGA-CZ-5984-11,0.0011272997900526982,0.2908652123304774,258.019397233171,258.019397233171
TN,TCGA-KIRC,TCGA-BP-4176-01,TCGA-B0-5711-11,0.0016306995307155104,0.3590927423780887,220.20779157306052,220.20779157306052
TN,TCGA-KIRC,TCGA-XM-A8RG-01,TCGA-CZ-5452-11,0.002154090124012532,0.34481562010308153,160.07483450171347,160.07483450171347
TN,TCGA-KIRC,TCGA-BP-5010-01,TCGA-B0-5709-11,0.003770263123856722,0.2988308276181081,79.25993963848988,79.25993963848988
TN,TCGA-KIRC,TCGA-BP-4965-01,TCGA-CZ-5468-11,0.001308867899601189,0.3165230535680622,241.82964045837363,241.82964045837363
TN,TCGA-KIRC,TCGA-DX-A6YS-01,TCGA-B0-5709-11,0.002964855115817311,0.12452158784279668,41.9992151314518,41.9992151314518
TN,TCGA-KIRC,TCGA-A3-3343-01,TCGA-CZ-4865-11,0.0015480964275376723,0.41659108759248614,269.09892703201695,269.09892703201695
TN,TCGA-KIRC,TCGA-CJ-5671-01,TCGA-CJ-5672-11,0.0018007112120110892,0.33318079841817594,185.02733597469495,185.02733597469495
TN,TCGA-KIRC,TCGA-AK-3453-01,TCGA-CZ-5451-11,0.001885996286237349,0.34125762875795973,180.94289540664192,180.94289540664192
TN,TCGA-KIRC,TCGA-CZ-5470-01,TCGA-B0-5696-11,0.0020029540422326704,0.34973772374997497,174.6109578031687,174.6109578031687
TN,TCGA-KIRC,TCGA-UZ-A9PS-01,TCGA-CZ-5462-11,0.0016322432492897093,0.33911076640207555,207.75749359027446,207.75749359027446
TN,TCGA-KIRC,TCGA-B0-4813-01,TCGA-CJ-5677-11,0.004958983180318399,0.3381496516186252,68.18931206717942,68.18931206717942
TN,TCGA-KIRC,TCGA-AK-3460-01,TCGA-CZ-5465-11,0.001775169808231702,0.31248626445849353,176.0317593333621,176.0317593333621
TN,TCGA-KIRC,TCGA-BP-4964-01,TCGA-B8-4620-11,0.0012213607475025125,0.2969565851542939,243.13585135392853,243.13585135392853
TN,TCGA-KIRC,TCGA-P4-A5E8-01,TCGA-B0-5699-11,0.003170849929506757,0.3395489665748897,107.08452753161623,107.08452753161623
TN,TCGA-KIRC,TCGA-RG-A7D4-01,TCGA-CZ-5456-11,0.004295722104529374,0.4879392268485537,113.5872421388885,113.5872421388885
TN,TCGA-KIRC,TCGA-AK-3451-01,TCGA-B0-5703-11,0.0069246934903718785,0.22847299056896603,32.99394996856334,32.99394996856334
TN,TCGA-KIRC,TCGA-B8-4621-01,TCGA-B0-5402-11,0.0010133990901427857,0.18682852684362528,184.3582934511038,184.3582934511038
TN,TCGA-KIRC,TCGA-BP-4344-01,TCGA-CW-5587-11,0.0015038773498924965,0.34065521960882206,226.51795349745345,226.51795349745345
TN,TCGA-KIRC,TCGA-CJ-4881-01,TCGA-CZ-5469-11,0.003058986776159486,0.2258913220217967,73.84514499451352,73.84514499451352
TN,TCGA-KIRC,TCGA-BP-4991-01,TCGA-KL-8324-11,0.0018207829061734015,0.35667949780716124,195.8934788973645,195.8934788973645
TN,TCGA-KIRC,TCGA-BP-4766-01,TCGA-CJ-6030-11,0.0014986627563520786,0.3398045124802024,226.73847804647292,226.73847804647292
TN,TCGA-KIRC,TCGA-BP-5176-01,TCGA-CJ-5679-11,0.0017664003946128832,0.2334890789395564,132.18355229745455,132.18355229745455
TN,TCGA-KIRC,TCGA-DX-A3UF-01,TCGA-CW-6088-11,0.00391626321530582,0.420529389802033,107.3802670255896,107.3802670255896
TN,TCGA-KIRC,TCGA-CJ-4886-01,TCGA-V5-AASX-11,0.0033021579507200795,0.14340530769065707,43.42775537414424,43.42775537414424
TN,TCGA-KIRC,TCGA-CW-5584-01,TCGA-CW-5584-11,0.0007857900444788489,0.27625229843249893,351.5599368731056,351.5599368731056
TN,TCGA-KIRC,TCGA-CJ-5672-01,TCGA-B8-5549-11,0.0023300687528259503,0.2694070180117094,115.62191788760208,115.62191788760208
TN,TCGA-KIRC,TCGA-BP-4974-01,TCGA-KL-8332-11,0.00575537536149201,0.153887347826292,26.738021095186845,26.738021095186845
TN,TCGA-KIRC,TCGA-B0-4698-01,TCGA-KL-8336-11,0.001580318268722964,0.07595269237234449,48.061642945962355,48.061642945962355
TN,TCGA-KIRC,TCGA-BP-4329-01,TCGA-CZ-5987-11,0.001948013814553383,0.274656239542341,140.99296292994248,140.99296292994248
TN,TCGA-KIRC,TCGA-CJ-4875-01,TCGA-CZ-5466-11,0.004443052026925829,0.3674519618020303,82.70260162950922,82.70260162950922
TN,TCGA-KIRC,TCGA-BP-4799-01,TCGA-CZ-4864-11,0.004813303106411896,0.2957129680131046,61.43659800256076,61.43659800256076
TN,TCGA-KIRC,TCGA-B0-4822-01,TCGA-CJ-5676-11,0.005802334926683338,0.36794748152624374,63.41369227656176,63.41369227656176
TN,TCGA-KIRC,TCGA-B4-5832-01,TCGA-KL-8339-11,0.018961326081413363,0.3690846538958745,19.465128773755218,19.465128773755218
TN,TCGA-KIRC,TCGA-AK-3461-01,TCGA-KL-8324-11,0.0012366927505166234,0.24783189424091598,200.39892215539,200.39892215539
TN,TCGA-KIRC,TCGA-B3-3925-01,TCGA-CZ-5458-11,0.0016613239982914588,0.24444686053671877,147.13978777656445,147.13978777656445
TN,TCGA-KIRC,TCGA-B0-4688-01,TCGA-B8-4619-11,0.00393807704216359,0.4332203002699959,110.00808151584143,110.00808151584143
TN,TCGA-KIRC,TCGA-B0-4824-01,TCGA-CZ-5458-11,0.0018527158494316604,0.3160416861961787,170.58292360003705,170.58292360003705
TN,TCGA-KIRC,TCGA-DV-5567-01,TCGA-P4-A5ED-11,0.0011495140113657746,0.3357424709389345,292.0734046034185,292.0734046034185
TN,TCGA-KIRC,TCGA-EU-5905-01,TCGA-CZ-5463-11,0.002208042015488029,0.34537136243994826,156.4152131242906,156.4152131242906
TN,TCGA-KIRC,TCGA-BP-4782-01,TCGA-B0-4700-11,0.0011967205833451323,0.22193765683518485,185.4548671794495,185.4548671794495
TN,TCGA-KIRC,TCGA-HE-A5NI-01,TCGA-B0-5699-11,0.006221273953649152,0.302631405066235,48.64460355241605,48.64460355241605
TN,TCGA-KIRC,TCGA-DX-AB2T-01,TCGA-CW-6090-11,0.0036672868495554157,0.40167400628956607,109.52893045120288,109.52893045120288
TN,TCGA-KIRC,TCGA-HE-7129-01,TCGA-CZ-5989-11,0.0012947463301364892,0.2825645516459985,218.23931458157614,218.23931458157614
TN,TCGA-KIRC,TCGA-AL-7173-01,TCGA-CJ-5678-11,0.004730882333035673,0.36672497022298367,77.517246130209,77.517246130209
TN,TCGA-KIRC,TCGA-BP-5198-01,TCGA-CZ-5470-11,0.00194642016968846,0.3677532409905938,188.93826046277337,188.93826046277337
TN,TCGA-KIRC,TCGA-DX-A48L-01,TCGA-CJ-5672-11,0.002607326839432985,0.29334663121253834,112.50857651445509,112.50857651445509
TN,TCGA-KIRC,TCGA-A3-3367-01,TCGA-KL-8329-11,0.0015314848835987422,0.31396801803547403,205.00889130403942,205.00889130403942
TN,TCGA-KIRC,TCGA-BP-4801-01,TCGA-CZ-5989-11,0.0009762268958852803,0.3254336514181134,333.35862061349746,333.35862061349746
TN,TCGA-KIRC,TCGA-B0-5699-01,TCGA-CZ-5452-11,0.0012358958853927258,0.3809456418004983,308.23441222109636,308.23441222109636
TN,TCGA-KIRC,TCGA-DX-A6Z2-01,TCGA-B8-5549-11,0.002417325086538715,0.40116470692900774,165.95397497960099,165.95397497960099
TN,TCGA-KIRC,TCGA-CJ-4870-01,TCGA-CZ-4863-11,0.002529843080691951,0.40789968045083824,161.2351704989036,161.2351704989036
TN,TCGA-KIRC,TCGA-DX-AB2Z-01,TCGA-CZ-5468-11,0.0024469353805187267,0.4203570798337595,171.7892034176431,171.7892034176431
TN,TCGA-KIRC,TCGA-AY-A71X-01,TCGA-CJ-5678-11,0.0032236174945592454,0.3737109895286918,115.92907352048853,115.92907352048853
TN,TCGA-KIRC,TCGA-CZ-4860-01,TCGA-CZ-5985-11,0.00391789145244282,0.4168081968167937,106.38584602871329,106.38584602871329
TN,TCGA-KIRC,TCGA-BP-4344-01,TCGA-P4-A5ED-11,0.001156518441383004,0.3471299106986183,300.15077864517974,300.15077864517974
TN,TCGA-KIRC,TCGA-A3-A6NJ-01,TCGA-V5-A7RE-11,0.002533919222932771,0.23543358778792597,92.91282281502009,92.91282281502009
TN,TCGA-KIRC,TCGA-CZ-5461-01,TCGA-CJ-6033-11,0.0016396164531149496,0.34816097562668585,212.3429384751832,212.3429384751832
TN,TCGA-KIRC,TCGA-B0-4714-01,TCGA-CW-5589-11,0.0029244326314948133,0.36565562798921125,125.03472436029675,125.03472436029675
TN,TCGA-KIRC,TCGA-BP-4973-01,TCGA-B0-5690-11,0.001475030841133326,0.347019664539149,235.2626500151819,235.2626500151819
TN,TCGA-KIRC,TCGA-P4-AAVM-01,TCGA-CZ-5468-11,0.0016585556254268723,0.1860304973055368,112.1641592561341,112.1641592561341
TN,TCGA-KIRC,TCGA-A3-3352-01,TCGA-CJ-5672-11,0.0014097441180199112,0.36553616813355316,259.2925648428847,259.2925648428847
TN,TCGA-KIRC,TCGA-BP-4756-01,TCGA-B0-5697-11,0.0013408823374966923,0.350363709037698,261.2934030377309,261.2934030377309
TN,TCGA-KIRC,TCGA-BP-4963-01,TCGA-CJ-5689-11,0.0014541477279765578,0.3489249063103961,239.95148470638816,239.95148470638816
TN,TCGA-KIRC,TCGA-BP-4760-01,TCGA-B0-5691-11,0.0008511665267219938,0.289631018647192,340.2753862544581,340.2753862544581
TN,TCGA-KIRC,TCGA-CZ-5456-01,TCGA-CZ-5461-11,0.0028748611108393475,0.390583710930179,135.86176718503935,135.86176718503935
TN,TCGA-KIRC,TCGA-B1-A657-01,TCGA-B0-5697-11,0.0016918332541538174,0.37872456334773574,223.85454501375054,223.85454501375054
TN,TCGA-KIRC,TCGA-DX-A6BG-01,TCGA-CZ-5461-11,0.002845895555376305,0.2611699304441094,91.7707362628688,91.7707362628688
TN,TCGA-KIRC,TCGA-A3-3323-01,TCGA-CZ-5458-11,0.0021597645228873894,0.2734295513090321,126.601556980612,126.601556980612
TN,TCGA-KIRC,TCGA-KL-8326-01,TCGA-P4-A5E8-11,0.0031135617676343024,0.02647540975104213,8.50325502652811,8.50325502652811
TN,TCGA-KIRC,TCGA-KL-8329-01,TCGA-CZ-5469-11,0.0025134401570828663,0.31847073563483475,126.70710887521442,126.70710887521442
TN,TCGA-KIRC,TCGA-BP-4346-01,TCGA-CZ-5986-11,0.0017849030600237212,0.2418681919824422,135.50774683484929,135.50774683484929
TN,TCGA-KIRC,TCGA-CJ-4642-01,TCGA-CJ-5689-11,0.005794295489883602,0.3336260424694434,57.57836186503243,57.57836186503243
TN,TCGA-KIRC,TCGA-XM-A8RB-01,TCGA-CW-5587-11,0.004358367603757554,0.43597386782943104,100.03145844181603,100.03145844181603
TN,TCGA-KIRC,TCGA-CW-5583-01,TCGA-B0-5694-11,0.0008268659890668755,0.23855007216951235,288.49907400196486,288.49907400196486
TN,TCGA-KIRC,TCGA-DV-5576-01,TCGA-B0-5703-11,0.0013540481733606005,0.21409941959822526,158.11802254188177,158.11802254188177
TN,TCGA-KIRC,TCGA-BP-4959-01,TCGA-CZ-5982-11,0.0014435510145182062,0.26282048183434487,182.0652538019675,182.0652538019675
TN,TCGA-KIRC,TCGA-UZ-A9PM-01,TCGA-CZ-5985-11,0.004487826637299413,0.3787518270282218,84.39537835092018,84.39537835092018
TN,TCGA-KIRC,TCGA-BP-5202-01,TCGA-CZ-5987-11,0.0010102149860301676,0.26125476923780544,258.6130406404441,258.6130406404441
TN,TCGA-KIRC,TCGA-B0-5709-01,TCGA-B2-5636-11,0.0008622253964858928,0.2349464071357649,272.4883865556713,272.4883865556713
TN,TCGA-KIRC,TCGA-B0-5711-01,TCGA-B8-4620-11,0.0009409610565095307,0.29368452971149356,312.11124804772294,312.11124804772294
TN,TCGA-KIRC,TCGA-CJ-4891-01,TCGA-B0-5706-11,0.004055387727992821,0.39202382844480865,96.6674100576907,96.6674100576907
TN,TCGA-KIRC,TCGA-V5-AASX-01,TCGA-B0-5709-11,0.0031497920231573343,0.3914440139160449,124.27614618303069,124.27614618303069
TN,TCGA-KIRC,TCGA-KL-8331-01,TCGA-CJ-5681-11,0.003966763309091558,0.041918913636445745,10.567535890122404,10.567535890122404
TN,TCGA-KIRC,TCGA-DX-A7ES-01,TCGA-CZ-5467-11,0.0035776848742145742,0.3921486176896891,109.60960271152426,109.60960271152426
TN,TCGA-KIRC,TCGA-DX-A7ER-01,TCGA-B0-5699-11,0.007832454246634537,0.18070461082074524,23.0712628673689,23.0712628673689
TN,TCGA-KIRC,TCGA-B1-A654-01,TCGA-B0-5694-11,0.007415413387798226,0.1784854783961367,24.069525063812033,24.069525063812033
TN,TCGA-KIRC,TCGA-UZ-A9PL-01,TCGA-CW-5584-11,0.003650669660771144,0.23914329277938884,65.50669192261941,65.50669192261941
TN,TCGA-KIRC,TCGA-DX-A3LU-01,TCGA-CW-5585-11,0.00829226354394351,0.280870330323044,33.87137044482693,33.87137044482693
TN,TCGA-KIRC,TCGA-BP-4177-01,TCGA-CZ-5457-11,0.0011255546406487042,0.24166516006261568,214.7076217671085,214.7076217671085
TN,TCGA-KIRC,TCGA-BP-4169-01,TCGA-CZ-5454-11,0.001142497030213682,0.21916820108191634,191.832622130252,191.832622130252
TN,TCGA-KIRC,TCGA-BP-4177-01,TCGA-CZ-5455-11,0.0014007323858831497,0.2365040543438137,168.84314000828925,168.84314000828925
TN,TCGA-KIRC,TCGA-B0-4834-01,TCGA-CZ-5467-11,0.002272464028835221,0.12685871780712746,55.82430181398753,55.82430181398753
TN,TCGA-KIRC,TCGA-CJ-5677-01,TCGA-CJ-5679-11,0.002777166222245236,0.31018269768162227,111.69036091431757,111.69036091431757
TN,TCGA-KIRC,TCGA-CJ-5672-01,TCGA-CZ-5461-11,0.0022649851034800264,0.31205873556953423,137.77518231359358,137.77518231359358
TN,TCGA-KIRC,TCGA-CJ-5683-01,TCGA-CW-5591-11,0.0012612025203217942,0.24827739453832517,196.8576739562632,196.8576739562632
TN,TCGA-KIRC,TCGA-DX-A48P-01,TCGA-B0-5402-11,0.002974229192919854,0.13676234867532983,45.98245118462703,45.98245118462703
TN,TCGA-KIRC,TCGA-KL-8345-01,TCGA-CZ-5988-11,0.0026634947644314944,0.09607315315074794,36.07033677472016,36.07033677472016
TN,TCGA-KIRC,TCGA-CW-6097-01,TCGA-B0-5709-11,0.001467492371377914,0.3114323582342651,212.2207680996959,212.2207680996959
TN,TCGA-KIRC,TCGA-B0-5095-01,TCGA-B8-4619-11,0.0028121479135273272,0.23834821802057593,84.75664344469403,84.75664344469403
TN,TCGA-KIRC,TCGA-DX-AB2H-01,TCGA-KL-8326-11,0.0027481616143503183,0.35109550459822647,127.75649829503479,127.75649829503479
TN,TCGA-KIRC,TCGA-B8-5545-01,TCGA-P4-A5E8-11,0.00236828703402277,0.24797293545096188,104.70560869041086,104.70560869041086
TN,TCGA-KIRC,TCGA-KL-8324-01,TCGA-CZ-5989-11,0.006380049832637247,0.11069056377440059,17.34948263384421,17.34948263384421
TN,TCGA-KIRC,TCGA-XM-AAZ1-01,TCGA-KL-8326-11,0.0038292216562934244,0.35081221081108255,91.61449565984609,91.61449565984609
TN,TCGA-KIRC,TCGA-CZ-5460-01,TCGA-CZ-5984-11,0.0021136637638108488,0.3480964933183477,164.688679097542,164.688679097542
TN,TCGA-KIRC,TCGA-AK-3429-01,TCGA-B0-5706-11,0.0019646790591060018,0.3881883678356576,197.58360330480488,197.58360330480488
TN,TCGA-KIRC,TCGA-A3-3329-01,TCGA-CW-6087-11,0.0018101317898352074,0.3407852116455381,188.26541446275735,188.26541446275735
TN,TCGA-KIRC,TCGA-B2-3923-01,TCGA-B8-4620-11,0.0032347819991796105,0.053047288646203464,16.399030494066388,16.399030494066388
TN,TCGA-KIRC,TCGA-CJ-6030-01,TCGA-CZ-5462-11,0.0017075754472700854,0.32492136273922345,190.28228782434056,190.28228782434056
TN,TCGA-KIRC,TCGA-A3-A6NJ-01,TCGA-CW-5587-11,0.0015045169431459151,0.31314237410933055,208.13482728519895,208.13482728519895
TN,TCGA-KIRC,TCGA-BP-5004-01,TCGA-B0-5703-11,0.001882581606314678,0.35618653596411054,189.20111339097673,189.20111339097673
TN,TCGA-KIRC,TCGA-B0-4713-01,TCGA-B0-4712-11,0.0037656786375177952,0.41534405710206107,110.29726566785355,110.29726566785355
TN,TCGA-KIRC,TCGA-A3-3373-01,TCGA-CJ-5676-11,0.0010310986180348774,0.2837492979221409,275.1912309444516,275.1912309444516
TN,TCGA-KIRC,TCGA-DX-A7EI-01,TCGA-B0-5402-11,0.004299381447191637,0.3809798939280754,88.61272222703853,88.61272222703853
TN,TCGA-KIRC,TCGA-CJ-4923-01,TCGA-CJ-5678-11,0.0029723943885171748,0.12527000266286417,42.144475560444405,42.144475560444405
TN,TCGA-KIRC,TCGA-B4-5838-01,TCGA-B8-5549-11,0.0021093603444835903,0.33938891478698735,160.89660340612684,160.89660340612684
TN,TCGA-KIRC,TCGA-CJ-4912-01,TCGA-KL-8339-11,0.004541861974231247,0.3787826406987717,83.39809594563565,83.39809594563565
TN,TCGA-KIRC,TCGA-A3-3351-01,TCGA-B0-5711-11,0.00159632384750055,0.31418412159015346,196.81728245937592,196.81728245937592
TN,TCGA-KIRC,TCGA-CZ-5457-01,TCGA-CZ-5984-11,0.0014909030641246169,0.3370802526368656,226.09132729550203,226.09132729550203
TN,TCGA-KIRC,TCGA-DX-A48P-01,TCGA-CJ-5677-11,0.0031819624810124885,0.1962791894560331,61.684947772727284,61.684947772727284
TN,TCGA-KIRC,TCGA-B3-3925-01,TCGA-CZ-5982-11,0.0017584331618063428,0.25960659019239574,147.63517649184686,147.63517649184686
TN,TCGA-KIRC,TCGA-DX-A6YZ-01,TCGA-B2-5636-11,0.002577176566393268,0.1596652289023492,61.95354675516045,61.95354675516045
TN,TCGA-KIRC,TCGA-DX-AB2Q-01,TCGA-B0-5691-11,0.003935285418695802,0.2775586367734027,70.53075120162154,70.53075120162154
TN,TCGA-KIRC,TCGA-B8-A54E-01,TCGA-B0-5703-11,0.0020472374238373514,0.14309154307127425,69.89494301206295,69.89494301206295
TN,TCGA-KIRC,TCGA-B0-5696-01,TCGA-CJ-5677-11,0.0019459406868119538,0.31670667010808107,162.75247866210324,162.75247866210324
TN,TCGA-KIRC,TCGA-DX-A8BL-01,TCGA-CZ-5466-11,0.00803924792086387,0.26529801585843776,33.00035257899221,33.00035257899221
TN,TCGA-KIRC,TCGA-BP-4977-01,TCGA-B8-4622-11,0.0027487043646910246,0.3050494571818425,110.97936216801271,110.97936216801271
TN,TCGA-KIRC,TCGA-B0-4706-01,TCGA-KL-8339-11,0.002969657895188083,0.30883518405933685,103.9968895271611,103.9968895271611
TN,TCGA-KIRC,TCGA-DV-5569-01,TCGA-B0-5712-11,0.0007516010182156271,0.28612356434132996,380.6854400232383,380.6854400232383
TN,TCGA-KIRC,TCGA-CJ-4885-01,TCGA-CZ-5457-11,0.0015860652468247468,0.3853711277645449,242.97306087252457,242.97306087252457
TN,TCGA-KIRC,TCGA-B0-5694-01,TCGA-V5-AASX-11,0.005160104524817006,0.29970131288712293,58.080473262845636,58.080473262845636
TN,TCGA-KIRC,TCGA-BP-5186-01,TCGA-CZ-5456-11,0.0017206467552872851,0.2777672455191206,161.4318829042534,161.4318829042534
TN,TCGA-KIRC,TCGA-AL-3466-01,TCGA-B2-5636-11,0.0038887018554834563,0.34970657015555867,89.92887167794508,89.92887167794508
TN,TCGA-KIRC,TCGA-A3-3363-01,TCGA-CZ-5982-11,0.0021390314581740556,0.33561414254268074,156.90004990818204,156.90004990818204
TN,TCGA-KIRC,TCGA-BP-4976-01,TCGA-CW-6090-11,0.001278974701614628,0.32409523604658846,253.40238210923008,253.40238210923008
TN,TCGA-KIRC,TCGA-BP-5170-01,TCGA-CZ-5987-11,0.0032819322465219396,0.250475346184774,76.31947504407434,76.31947504407434
TN,TCGA-KIRC,TCGA-BP-4993-01,TCGA-B0-4712-11,0.0013929481555780112,0.30182985881142377,216.6842014921782,216.6842014921782
TN,TCGA-KIRC,TCGA-B0-5108-01,TCGA-B0-5701-11,0.0010255336853712163,0.3355546328625171,327.20001073495223,327.20001073495223
TN,TCGA-KIRC,TCGA-CJ-4899-01,TCGA-B0-4712-11,0.0015638577762317897,0.21069784362217442,134.7295430725572,134.7295430725572
TN,TCGA-KIRC,TCGA-B8-A54J-01,TCGA-P4-A5E8-11,0.0012051016006400695,0.2990438365045288,248.14823608706246,248.14823608706246
TN,TCGA-KIRC,TCGA-HE-7130-01,TCGA-B0-5701-11,0.0022939323125432004,0.17635662371846336,76.87961094324667,76.87961094324667
TN,TCGA-KIRC,TCGA-B0-5119-01,TCGA-CZ-5468-11,0.0010469925647102474,0.37107103459557017,354.41611249480377,354.41611249480377
TN,TCGA-KIRC,TCGA-BP-5181-01,TCGA-CZ-4863-11,0.0018976508518025654,0.3411129362187474,179.7553727519088,179.7553727519088
TN,TCGA-KIRC,TCGA-DX-A7EM-01,TCGA-KL-8339-11,0.004201292038851261,0.40320495364275655,95.9716558416165,95.9716558416165
TN,TCGA-KIRC,TCGA-B0-5706-01,TCGA-B2-5641-11,0.0023110140377348514,0.43326802854244384,187.4796178075634,187.4796178075634
TN,TCGA-KIRC,TCGA-DX-AB37-01,TCGA-V5-AASX-11,0.009379836900767134,0.46712153681037727,49.800603331618014,49.800603331618014
TN,TCGA-KIRC,TCGA-B0-4698-01,TCGA-B8-5552-11,0.004566568804773642,0.17419311414743796,38.14529498939028,38.14529498939028
TN,TCGA-KIRC,TCGA-AY-A71X-01,TCGA-B8-5552-11,0.00509243618468861,0.2738018787761856,53.76638387721454,53.76638387721454
TN,TCGA-KIRC,TCGA-BP-4807-01,TCGA-B2-5641-11,0.0012348488212155543,0.3121808775066077,252.8089853131209,252.8089853131209
TN,TCGA-KIRC,TCGA-DX-A1L2-01,TCGA-CW-6087-11,0.0030836634926273854,0.39261639080477145,127.32141225638372,127.32141225638372
TN,TCGA-KIRC,TCGA-BP-4977-01,TCGA-KL-8339-11,0.0026860734216565233,0.3312989270170903,123.3394904048362,123.3394904048362
TN,TCGA-KIRC,TCGA-V5-AASV-01,TCGA-A3-3358-11,0.005925141729922588,0.37394214514037627,63.11108867690526,63.11108867690526
TN,TCGA-KIRC,TCGA-DX-A23Y-01,TCGA-CZ-5453-11,0.002559854880034294,0.3272072692706822,127.82258549996345,127.82258549996345
TN,TCGA-KIRC,TCGA-BP-5187-01,TCGA-CW-5580-11,0.0016267446753951455,0.3464621293286756,212.97880028070045,212.97880028070045
TN,TCGA-KIRC,TCGA-B0-5698-01,TCGA-B0-5705-11,0.0014296608660984362,0.38062228045128216,266.2325656923138,266.2325656923138
TN,TCGA-KIRC,TCGA-CW-6088-01,TCGA-CZ-5987-11,0.0008316532389864548,0.2761145703907917,332.0068478628132,332.0068478628132
TN,TCGA-KIRC,TCGA-CJ-4920-01,TCGA-CZ-5462-11,0.0020459544713863713,0.29017574138925456,141.82903160725118,141.82903160725118
TN,TCGA-KIRC,TCGA-BP-5189-01,TCGA-B0-5711-11,0.0013195347647106327,0.3210028979051439,243.26975422700457,243.26975422700457
TN,TCGA-KIRC,TCGA-DX-A48N-01,TCGA-CJ-5676-11,0.0033535928295351587,0.29944109649628303,89.28964001207879,89.28964001207879
TN,TCGA-KIRC,TCGA-AL-3473-01,TCGA-B0-5701-11,0.003532505001318934,0.35542821675628433,100.61647941717784,100.61647941717784
TN,TCGA-KIRC,TCGA-DX-A6YQ-01,TCGA-CW-5589-11,0.0025542741793000744,0.15340653493376205,60.05875805227719,60.05875805227719
TN,TCGA-KIRC,TCGA-UZ-A9PZ-01,TCGA-B0-4700-11,0.00355605585122883,0.347670434877388,97.76855297625517,97.76855297625517
TN,TCGA-KIRC,TCGA-DX-A1L0-01,TCGA-CW-6087-11,0.0035976407011504797,0.42884528688876883,119.2018109956421,119.2018109956421
TN,TCGA-KIRC,TCGA-KL-8342-01,TCGA-CJ-5672-11,0.0035509889489675718,0.09236646921274191,26.01147751800154,26.01147751800154
TN,TCGA-KIRC,TCGA-BP-4962-01,TCGA-B0-4700-11,0.0020466385588899594,0.3036860541439935,148.38284602079642,148.38284602079642
TN,TCGA-KIRC,TCGA-BP-4801-01,TCGA-CJ-5676-11,0.001017778705659016,0.265271098505872,260.63730458391524,260.63730458391524
TN,TCGA-KIRC,TCGA-UZ-A9PM-01,TCGA-CZ-5462-11,0.0035060927422610882,0.32514736567290353,92.73781088380883,92.73781088380883
TN,TCGA-KIRC,TCGA-P4-AAVO-01,TCGA-P4-A5E8-11,0.002873652130600501,0.0980068176772769,34.10531728375787,34.10531728375787
TN,TCGA-KIRC,TCGA-BP-5181-01,TCGA-KL-8324-11,0.0012134186612936598,0.27420479579880114,225.9770716781821,225.9770716781821
TN,TCGA-KIRC,TCGA-XM-A8RE-01,TCGA-CZ-5463-11,0.0061295381816607875,0.44044120864475966,71.85552901237054,71.85552901237054
TN,TCGA-KIRC,TCGA-CJ-4908-01,TCGA-V5-A7RE-11,0.002138313105187771,0.18513958559911275,86.58207497767505,86.58207497767505
TN,TCGA-KIRC,TCGA-CJ-4884-01,TCGA-CZ-5984-11,0.0014627380626873149,0.35703068565205326,244.08381429284967,244.08381429284967
TN,TCGA-KIRC,TCGA-DX-A2J4-01,TCGA-KL-8339-11,0.0037898875444286224,0.32880340039317846,86.75808887167128,86.75808887167128
TN,TCGA-KIRC,TCGA-XM-A8R9-01,TCGA-CZ-4863-11,0.004291518926471287,0.45409122608786706,105.81130687480034,105.81130687480034
TN,TCGA-KIRC,TCGA-BP-4803-01,TCGA-B0-5697-11,0.0015276165240511713,0.33527475827329006,219.475734253094,219.475734253094
TN,TCGA-KIRC,TCGA-A3-A8CQ-01,TCGA-B0-5706-11,0.0017084788063639448,0.32638110645033436,191.03608732785636,191.03608732785636
TN,TCGA-KIRC,TCGA-B0-4945-01,TCGA-CZ-5463-11,0.0014125666699840735,0.30724111899867934,217.5055701987811,217.5055701987811
TN,TCGA-KIRC,TCGA-BP-5202-01,TCGA-CZ-5989-11,0.0010960589351998995,0.3686038324900366,336.29928159183385,336.29928159183385
TN,TCGA-KIRC,TCGA-DX-A23U-01,TCGA-CZ-5984-11,0.003043337045040401,0.20992058246030088,68.97710616784943,68.97710616784943
TN,TCGA-KIRC,TCGA-A3-A8OX-01,TCGA-KL-8324-11,0.0006709892188860175,0.22425575337636325,334.21662683146343,334.21662683146343
TN,TCGA-KIRC,TCGA-B8-4621-01,TCGA-B8-4620-11,0.0013846103708567642,0.14553944935965207,105.11220515385544,105.11220515385544
TN,TCGA-KIRC,TCGA-B8-4622-01,TCGA-B0-5706-11,0.0017880624630548245,0.2680124897079857,149.88989212943846,149.88989212943846
TN,TCGA-KIRC,TCGA-B0-5399-01,TCGA-CZ-5457-11,0.0018014567230825443,0.2565201211878786,142.39593874280632,142.39593874280632
TN,TCGA-KIRC,TCGA-K6-A3WQ-01,TCGA-CW-6090-11,0.0065852413055486995,0.3416267750456147,51.87763958744553,51.87763958744553
TN,TCGA-KIRC,TCGA-B0-4712-01,TCGA-P4-A5ED-11,0.003362713864575698,0.40273272421035267,119.76419654759084,119.76419654759084
TN,TCGA-KIRC,TCGA-BP-5183-01,TCGA-B0-4700-11,0.0018682286383888678,0.33051913140467026,176.91578247601694,176.91578247601694
TN,TCGA-KIRC,TCGA-B2-4102-01,TCGA-B0-5691-11,0.000907224265979232,0.31736196551846807,349.8164427688854,349.8164427688854
TN,TCGA-KIRC,TCGA-CJ-4902-01,TCGA-KL-8329-11,0.0012949202543814462,0.31325876741358955,241.9135590424648,241.9135590424648
TN,TCGA-KIRC,TCGA-BP-4982-01,TCGA-B0-5711-11,0.0011701936346538056,0.28951355812743756,247.4065398698638,247.4065398698638
TN,TCGA-KIRC,TCGA-DX-A3U7-01,TCGA-CZ-5465-11,0.003581239213056833,0.44161985557412464,123.31481626919076,123.31481626919076
TN,TCGA-KIRC,TCGA-CJ-4903-01,TCGA-B0-5711-11,0.0015616885378146,0.33221568972801946,212.7285189612241,212.7285189612241
TN,TCGA-KIRC,TCGA-BP-5177-01,TCGA-B0-5706-11,0.001490204646082239,0.3331798810566893,223.57995053405722,223.57995053405722
TN,TCGA-KIRC,TCGA-A3-A6NJ-01,TCGA-CZ-5457-11,0.0015227171496989761,0.2982483821677071,195.8659112932874,195.8659112932874
TN,TCGA-KIRC,TCGA-BP-4163-01,TCGA-CJ-5689-11,0.0015547314420697384,0.2958840129328191,190.31197602778462,190.31197602778462
TN,TCGA-KIRC,TCGA-BP-4158-01,TCGA-CW-5585-11,0.0016333186800364778,0.35643343786394777,218.22651159294116,218.22651159294116
TN,TCGA-KIRC,TCGA-BP-4787-01,TCGA-CW-6090-11,0.002500630979385833,0.3473816721108185,138.917607185742,138.917607185742
TN,TCGA-KIRC,TCGA-BP-5008-01,TCGA-KL-8324-11,0.0012331265986742501,0.2742110388025569,222.37054905584276,222.37054905584276
TN,TCGA-KIRC,TCGA-DX-A23Y-01,TCGA-CZ-5455-11,0.0032018245126523236,0.4648301665087482,145.17665308386708,145.17665308386708
TN,TCGA-KIRC,TCGA-BP-4346-01,TCGA-CJ-5681-11,0.001510702202465934,0.2459099062621714,162.77854487851428,162.77854487851428
TN,TCGA-KIRC,TCGA-DV-5565-01,TCGA-B2-5641-11,0.0026707046562038017,0.37850249911611167,141.72383241137695,141.72383241137695
TN,TCGA-KIRC,TCGA-DX-A8BS-01,TCGA-V5-A7RE-11,0.004357740673335406,0.4218022792039721,96.79380000396523,96.79380000396523
TN,TCGA-KIRC,TCGA-B8-4148-01,TCGA-CJ-5678-11,0.002254931118295652,0.224455504853307,99.53984981277723,99.53984981277723
TN,TCGA-KIRC,TCGA-BP-5185-01,TCGA-CW-5587-11,0.012631036459980932,0.16716716640737558,13.234635727401578,13.234635727401578
TN,TCGA-KIRC,TCGA-B0-4817-01,TCGA-CZ-5465-11,0.00496672009355328,0.4096624262636689,82.48148044328165,82.48148044328165
TN,TCGA-KIRC,TCGA-BP-5182-01,TCGA-B0-5701-11,0.0008939960595673296,0.27465366379741096,307.2202174250478,307.2202174250478
TN,TCGA-KIRC,TCGA-B8-5551-01,TCGA-KL-8339-11,0.002885131318220414,0.42380759689862246,146.89369396192075,146.89369396192075
TN,TCGA-KIRC,TCGA-CZ-4864-01,TCGA-CZ-5453-11,0.0013438670916837347,0.38532392685822503,286.72770487701405,286.72770487701405
TN,TCGA-KIRC,TCGA-B1-A655-01,TCGA-CZ-5454-11,0.001403863470187078,0.280591202900469,199.87072023683157,199.87072023683157
TN,TCGA-KIRC,TCGA-CJ-4875-01,TCGA-P4-A5ED-11,0.0030085153201796994,0.3748525787121992,124.59719789288263,124.59719789288263
TN,TCGA-KIRC,TCGA-DX-A8BR-01,TCGA-CZ-5463-11,0.0028943782883450115,0.33678087752877883,116.35689739828312,116.35689739828312
TN,TCGA-KIRC,TCGA-B0-4818-01,TCGA-CJ-6030-11,0.001554880352541906,0.33064633369131774,212.6506603230144,212.6506603230144
TN,TCGA-KIRC,TCGA-BP-4981-01,TCGA-CZ-5989-11,0.005827225681234637,0.3493450350929086,59.95049002785344,59.95049002785344
TN,TCGA-KIRC,TCGA-B8-5165-01,TCGA-P4-A5ED-11,0.0014109260804913977,0.2194086371603463,155.50682646955582,155.50682646955582
TN,TCGA-KIRC,TCGA-HE-7129-01,TCGA-V5-A7RE-11,0.002856135841142044,0.4007623987586648,140.3162948294565,140.3162948294565
TN,TCGA-KIRC,TCGA-B0-4713-01,TCGA-CZ-5457-11,0.0032614774796727985,0.3945049697530946,120.95897402691021,120.95897402691021
TN,TCGA-KIRC,TCGA-CZ-5982-01,TCGA-B0-5711-11,0.0012866558434340746,0.32952587439044656,256.11034689038877,256.11034689038877
TN,TCGA-KIRC,TCGA-DX-A7ET-01,TCGA-CZ-5985-11,0.013720393262336084,0.45605227654874336,33.23900910338005,33.23900910338005
TN,TCGA-KIRC,TCGA-BP-4330-01,TCGA-V5-AASX-11,0.0030249493898394366,0.19616680970108216,64.8496171076418,64.8496171076418
TN,TCGA-KIRC,TCGA-B2-5636-01,TCGA-B0-5712-11,0.0007639687968459374,0.29604204283738345,387.5054112937593,387.5054112937593
TN,TCGA-KIRC,TCGA-DX-A1L0-01,TCGA-CJ-5672-11,0.0028513932437672857,0.301461806545114,105.72438831580453,105.72438831580453
TN,TCGA-KIRC,TCGA-KL-8338-01,TCGA-CZ-5458-11,0.004848985193504504,0.12789395697156306,26.375406784678244,26.375406784678244
TN,TCGA-KIRC,TCGA-B4-5834-01,TCGA-B0-5691-11,0.0009688015075573128,0.3073624133816736,317.2604614918918,317.2604614918918
TN,TCGA-KIRC,TCGA-DX-A48K-01,TCGA-B0-5701-11,0.0022433343025011713,0.15746737258057525,70.19344927994433,70.19344927994433
TN,TCGA-KIRC,TCGA-B1-A655-01,TCGA-CJ-5678-11,0.0013583810718074518,0.22992790892588283,169.26613135144945,169.26613135144945
TN,TCGA-KIRC,TCGA-CZ-5458-01,TCGA-KL-8336-11,0.00103458548717603,0.2860880967902064,276.52436684676775,276.52436684676775
TN,TCGA-KIRC,TCGA-B2-4101-01,TCGA-B0-5703-11,0.0018148182820956079,0.27653053840077574,152.37367902281667,152.37367902281667
TN,TCGA-KIRC,TCGA-BP-5191-01,TCGA-B8-4619-11,0.007523365092031954,0.2848374460159162,37.86037797336054,37.86037797336054
TN,TCGA-KIRC,TCGA-AK-3436-01,TCGA-CJ-6033-11,0.0032198583299485445,0.3256104814085968,101.12571673729516,101.12571673729516
TN,TCGA-KIRC,TCGA-B0-4846-01,TCGA-CW-5581-11,0.0012863607131803755,0.29971626034412224,232.99550217381022,232.99550217381022
TN,TCGA-KIRC,TCGA-BP-4986-01,TCGA-CZ-5462-11,0.0021400965891741285,0.31133239736870216,145.47586260526987,145.47586260526987
TN,TCGA-KIRC,TCGA-B8-5159-01,TCGA-V5-A7RE-11,0.0029735525118184075,0.34896128345316746,117.35500956052336,117.35500956052336
TN,TCGA-KIRC,TCGA-B4-5835-01,TCGA-B2-5636-11,0.0030992340174358247,0.2926963298149836,94.44150656849985,94.44150656849985
TN,TCGA-KIRC,TCGA-CJ-6027-01,TCGA-CW-5580-11,0.002366598709054788,0.40336145602330853,170.43931211490005,170.43931211490005
TN,TCGA-KIRC,TCGA-B0-5088-01,TCGA-CW-5587-11,0.0028370627391071275,0.3263985649816279,115.04806026402896,115.04806026402896
TN,TCGA-KIRC,TCGA-B0-4707-01,TCGA-CZ-5467-11,0.004774697813653918,0.3991678182177719,83.60064527566448,83.60064527566448
TN,TCGA-KIRC,TCGA-B8-4148-01,TCGA-CW-5589-11,0.0013254298813266396,0.32930050042125636,248.44807338405204,248.44807338405204
TN,TCGA-KIRC,TCGA-B0-5108-01,TCGA-CZ-5986-11,0.0015413342935709196,0.3340046124596569,216.69835924161816,216.69835924161816
TN,TCGA-KIRC,TCGA-BP-5009-01,TCGA-CZ-5454-11,0.0024271971819458636,0.3611457034638619,148.79125031545001,148.79125031545001
TN,TCGA-KIRC,TCGA-DX-AB2E-01,TCGA-B0-5699-11,0.003659524196245276,0.31095764081713884,84.97215051513686,84.97215051513686
TN,TCGA-KIRC,TCGA-BP-4964-01,TCGA-CW-6087-11,0.0018015802636399225,0.29003991499938636,160.99194737701453,160.99194737701453
TN,TCGA-KIRC,TCGA-KL-8328-01,TCGA-V5-A7RE-11,0.008870843217987551,0.29973130979857765,33.78836740015962,33.78836740015962
TN,TCGA-KIRC,TCGA-GK-A6C7-01,TCGA-CW-5580-11,0.0012259829269137597,0.3618978455070818,295.18995539204525,295.18995539204525
TN,TCGA-KIRC,TCGA-XM-A8RI-01,TCGA-CW-5589-11,0.00219897785597167,0.32850613005392754,149.39037660693924,149.39037660693924
TN,TCGA-KIRC,TCGA-BP-4994-01,TCGA-B0-5709-11,0.0013239352326155644,0.2484359102456793,187.64959502956174,187.64959502956174
TN,TCGA-KIRC,TCGA-B3-4103-01,TCGA-B2-5636-11,0.0011663720027510016,0.277575090876938,237.9816132608209,237.9816132608209
TN,TCGA-KIRC,TCGA-B8-5545-01,TCGA-V5-A7RE-11,0.002290606595526797,0.1824704838431354,79.66033285657706,79.66033285657706
TN,TCGA-KIRC,TCGA-DX-A23Z-01,TCGA-CZ-5458-11,0.0037846655034746825,0.4400150365573328,116.2625960348034,116.2625960348034
TN,TCGA-KIRC,TCGA-CJ-4923-01,TCGA-B0-5696-11,0.002616045755829166,0.2428620492431001,92.83555102273966,92.83555102273966
TN,TCGA-KIRC,TCGA-AL-3468-01,TCGA-B0-5701-11,0.0023913118406930062,0.13862136705167688,57.968753674344775,57.968753674344775
TN,TCGA-KIRC,TCGA-B0-4691-01,TCGA-B8-4619-11,0.003102535490166525,0.36144430793760235,116.49965297196398,116.49965297196398
TN,TCGA-KIRC,TCGA-CZ-5462-01,TCGA-CZ-5466-11,0.0017342324565135813,0.35320326500619786,203.66546807471298,203.66546807471298
TN,TCGA-KIRC,TCGA-DX-A6YV-01,TCGA-CJ-6033-11,0.0032443563057100795,0.4348036877298835,134.01847601159815,134.01847601159815
TN,TCGA-KIRC,TCGA-B0-4836-01,TCGA-KL-8332-11,0.003990047911600771,0.3031684688115515,75.98116000815718,75.98116000815718
TN,TCGA-KIRC,TCGA-BP-4770-01,TCGA-CZ-5984-11,0.0036628145105983756,0.2703399187193612,73.80660908083962,73.80660908083962
TN,TCGA-KIRC,TCGA-B0-5698-01,TCGA-B8-4619-11,0.001878471542425558,0.332721881923686,177.12372767386304,177.12372767386304
TN,TCGA-KIRC,TCGA-A3-3380-01,TCGA-CW-5581-11,0.0016160813556367767,0.3196954060416598,197.82135653417757,197.82135653417757
TN,TCGA-KIRC,TCGA-BP-4784-01,TCGA-CZ-5453-11,0.0012729889876871077,0.3511314506939759,275.83227670488037,275.83227670488037
TN,TCGA-KIRC,TCGA-A3-3358-01,TCGA-CZ-5452-11,0.0017087614928241992,0.3402786588879584,199.13759779637482,199.13759779637482
TN,TCGA-KIRC,TCGA-BP-4343-01,TCGA-KL-8326-11,0.0035161711542340875,0.3685733440299144,104.82235587027309,104.82235587027309
TN,TCGA-KIRC,TCGA-B0-5711-01,TCGA-CZ-4864-11,0.0014178910628239601,0.30153550889280645,212.66479266203254,212.66479266203254
TN,TCGA-KIRC,TCGA-CZ-5466-01,TCGA-B0-5703-11,0.0016630178599001987,0.32527447304639107,195.5928922290176,195.5928922290176
TN,TCGA-KIRC,TCGA-CJ-4873-01,TCGA-CZ-5468-11,0.003958400513588756,0.3971374265021429,100.32775236836535,100.32775236836535
TN,TCGA-KIRC,TCGA-UZ-A9PN-01,TCGA-CW-5584-11,0.0012830998050212406,0.21565722970400966,168.0751792339643,168.0751792339643
TN,TCGA-KIRC,TCGA-P4-AAVO-01,TCGA-B0-4700-11,0.005531781601685546,0.2018178097356204,36.48332929017408,36.48332929017408
TN,TCGA-KIRC,TCGA-DX-A8BN-01,TCGA-KL-8336-11,0.0030767893944576045,0.004740663362776985,1.5407825349751305,1.5407825349751305
TN,TCGA-KIRC,TCGA-B8-5546-01,TCGA-CZ-5988-11,0.0008974041367282974,0.31751375215500977,353.81355975534336,353.81355975534336
TN,TCGA-KIRC,TCGA-CZ-5463-01,TCGA-CZ-5987-11,0.001059253302432247,0.23613215938835025,222.9232222794547,222.9232222794547
TN,TCGA-KIRC,TCGA-BP-4985-01,TCGA-KL-8324-11,0.002446169878932045,0.24068894012891223,98.39420483502676,98.39420483502676
TN,TCGA-KIRC,TCGA-BP-4803-01,TCGA-CZ-5456-11,0.002393177281117073,0.30550882677298385,127.6582513061382,127.6582513061382
TN,TCGA-KIRC,TCGA-B8-A54J-01,TCGA-CW-5580-11,0.0014509652072571672,0.32506761490855285,224.0354305414701,224.0354305414701
TN,TCGA-KIRC,TCGA-B4-5835-01,TCGA-CZ-4865-11,0.003406954007095455,0.3842811108734766,112.7931607157472,112.7931607157472
TN,TCGA-KIRC,TCGA-CJ-5677-01,TCGA-CW-5581-11,0.0027885343593874916,0.36658498841690235,131.46152823357127,131.46152823357127
TN,TCGA-KIRC,TCGA-CZ-5985-01,TCGA-B0-5696-11,0.001594017022472528,0.2951107885004315,185.13653514356844,185.13653514356844
TN,TCGA-KIRC,TCGA-AY-A71X-01,TCGA-CW-5587-11,0.0030035260153143447,0.24849712358971576,82.73513274820375,82.73513274820375
TN,TCGA-KIRC,TCGA-A3-3382-01,TCGA-CZ-5465-11,0.002103000148335742,0.3989819337285372,189.7203545345828,189.7203545345828
TN,TCGA-KIRC,TCGA-B0-5104-01,TCGA-CZ-5462-11,0.0017774692900341103,0.3618251227778874,203.56195451958772,203.56195451958772
TN,TCGA-KIRC,TCGA-BP-4784-01,TCGA-V5-AASX-11,0.0037970392958843278,0.29025809548086257,76.44326878457065,76.44326878457065
TN,TCGA-KIRC,TCGA-CJ-4890-01,TCGA-CW-5589-11,0.0012095202269521749,0.3407994972706781,281.7641984619357,281.7641984619357
TN,TCGA-KIRC,TCGA-DX-A3UE-01,TCGA-CW-5587-11,0.0037512922591797044,0.21905209450118318,58.39376923116178,58.39376923116178
TN,TCGA-KIRC,TCGA-CJ-5683-01,TCGA-CZ-5456-11,0.001467343224335631,0.09922428824295743,67.62173061989856,67.62173061989856
TN,TCGA-KIRC,TCGA-CJ-4637-01,TCGA-CZ-5455-11,0.0024618324570794023,0.2528208797357863,102.69621679930269,102.69621679930269
TN,TCGA-KIRC,TCGA-B0-5081-01,TCGA-CZ-4864-11,0.0023892612038101508,0.36284455950519834,151.8647517176317,151.8647517176317
TN,TCGA-KIRC,TCGA-CJ-5680-01,TCGA-CZ-5986-11,0.0014440804339860961,0.270845259965136,187.55552224852298,187.55552224852298
TN,TCGA-KIRC,TCGA-BP-4164-01,TCGA-CW-5584-11,0.0013902315822329674,0.3268262322934201,235.08761883288332,235.08761883288332
TN,TCGA-KIRC,TCGA-AK-3455-01,TCGA-B2-5641-11,0.00308124213169534,0.41719878209849615,135.39954481569674,135.39954481569674
TN,TCGA-KIRC,TCGA-CJ-5680-01,TCGA-CW-6087-11,0.0015389718774985366,0.22188608845544044,144.1781306725999,144.1781306725999
TN,TCGA-KIRC,TCGA-KL-8334-01,TCGA-B2-5636-11,0.0029221561216142,0.11791224720511181,40.35111140467644,40.35111140467644
TN,TCGA-KIRC,TCGA-DX-A1KY-01,TCGA-P4-A5E8-11,0.00477577928094927,0.325871578344201,68.2342208828856,68.2342208828856
TN,TCGA-KIRC,TCGA-BP-5010-01,TCGA-CZ-5461-11,0.005227756674357466,0.3370426804264552,64.47176129670964,64.47176129670964
TN,TCGA-KIRC,TCGA-AK-3453-01,TCGA-CW-5581-11,0.0018894507639977938,0.34213198842510584,181.07483663729136,181.07483663729136
TN,TCGA-KIRC,TCGA-BP-5010-01,TCGA-CW-6087-11,0.004436668553227181,0.34771025775167164,78.37192559691016,78.37192559691016
TN,TCGA-KIRC,TCGA-B0-4710-01,TCGA-CZ-5467-11,0.0025441978617143897,0.27194193977357317,106.88710334436293,106.88710334436293
TN,TCGA-KIRC,TCGA-BP-4771-01,TCGA-CW-6087-11,0.002517320859208929,0.2112745103326251,83.92831988808068,83.92831988808068
TN,TCGA-KIRC,TCGA-A3-3363-01,TCGA-B0-5402-11,0.0013333488015796306,0.2426154581380028,181.9594826579317,181.9594826579317
TN,TCGA-KIRC,TCGA-CW-5583-01,TCGA-B2-5641-11,0.0009391314399565601,0.23687664262715674,252.22948838568706,252.22948838568706
TN,TCGA-KIRC,TCGA-B0-5691-01,TCGA-B8-5552-11,0.0019285568002657526,0.16641331774130314,86.28904148344067,86.28904148344067
TN,TCGA-KIRC,TCGA-B8-5545-01,TCGA-CZ-5982-11,0.0011669154421379523,0.13642130473313388,116.90761798746186,116.90761798746186
TN,TCGA-KIRC,TCGA-B0-4847-01,TCGA-CZ-5461-11,0.00669455331130776,0.3909353877406394,58.39603772820974,58.39603772820974
TN,TCGA-KIRC,TCGA-BP-4756-01,TCGA-CZ-5453-11,0.0018285532399191715,0.3332150190726846,182.22877617028743,182.22877617028743
TN,TCGA-KIRC,TCGA-MM-A564-01,TCGA-V5-A7RE-11,0.00683649296903686,0.4419897873466496,64.6515383469952,64.6515383469952
TN,TCGA-KIRC,TCGA-KL-8326-01,TCGA-CZ-5454-11,0.005848641745428196,0.01660583799753547,2.8392640069835067,2.8392640069835067
TN,TCGA-KIRC,TCGA-HE-A5NL-01,TCGA-B0-5703-11,0.002257281998743304,0.2389338426272897,105.85024058150965,105.85024058150965
TN,TCGA-KIRC,TCGA-CJ-4639-01,TCGA-CW-5585-11,0.0014085071089749153,0.3314490480801141,235.3194002132772,235.3194002132772
TN,TCGA-KIRC,TCGA-UZ-A9PM-01,TCGA-B0-5697-11,0.003082816810494364,0.3782428290770963,122.69390376667917,122.69390376667917
TN,TCGA-KIRC,TCGA-BP-4355-01,TCGA-KL-8339-11,0.003203414641660834,0.31369511677451656,97.9252303760087,97.9252303760087
TN,TCGA-KIRC,TCGA-BP-5009-01,TCGA-CZ-5987-11,0.002700093896210567,0.2595569348282059,96.12885507147725,96.12885507147725
TN,TCGA-KIRC,TCGA-B0-4699-01,TCGA-CW-6087-11,0.0018573245271076202,0.41530007017450365,223.60124152414193,223.60124152414193
TN,TCGA-KIRC,TCGA-BP-4781-01,TCGA-CZ-5463-11,0.0014930301008508702,0.3302055870136933,221.16472188036317,221.16472188036317
TN,TCGA-KIRC,TCGA-CZ-4862-01,TCGA-B2-5636-11,0.0008367663806936436,0.23394124208897216,279.57772621677856,279.57772621677856
TN,TCGA-KIRC,TCGA-B0-4836-01,TCGA-B0-5706-11,0.0018890899136148613,0.2888675497077905,152.91360544878935,152.91360544878935
TN,TCGA-KIRC,TCGA-BP-4781-01,TCGA-KL-8329-11,0.0014727181210354287,0.3114678377811527,211.49182136916195,211.49182136916195
TN,TCGA-KIRC,TCGA-BP-4347-01,TCGA-CW-5580-11,0.0012562056140221572,0.35898306032712274,285.7677567430382,285.7677567430382
TN,TCGA-KIRC,TCGA-HE-A5NJ-01,TCGA-KL-8332-11,0.005761741306436219,0.4061471392042857,70.49034616507242,70.49034616507242
TN,TCGA-KIRC,TCGA-B0-5697-01,TCGA-CW-5581-11,0.0010064248192838054,0.18520831544265942,184.02598176628615,184.02598176628615
TN,TCGA-KIRC,TCGA-B0-4844-01,TCGA-CJ-6033-11,0.002187457576214735,0.3712120824003664,169.7002430752174,169.7002430752174
TN,TCGA-KIRC,TCGA-CZ-5987-01,TCGA-CZ-5989-11,0.0022746977138396476,0.3967324680197663,174.4110725596542,174.4110725596542
TN,TCGA-KIRC,TCGA-KL-8342-01,TCGA-B8-4620-11,0.0035562063565931458,0.0782836401071943,22.01324452447979,22.01324452447979
TN,TCGA-KIRC,TCGA-B0-5399-01,TCGA-CZ-5453-11,0.002145643261468098,0.31916596874629843,148.7507147520496,148.7507147520496
TN,TCGA-KIRC,TCGA-DX-A6YX-01,TCGA-B2-5641-11,0.0031215022886934493,0.34525463368167764,110.60527968607995,110.60527968607995
TN,TCGA-KIRC,TCGA-CJ-4901-01,TCGA-CZ-5989-11,0.0022607690843101202,0.3895460872818527,172.30688883058738,172.30688883058738
TN,TCGA-KIRC,TCGA-CJ-4637-01,TCGA-CJ-5681-11,0.001440862747387535,0.2932952368445951,203.55529170032065,203.55529170032065
TN,TCGA-KIRC,TCGA-DX-AB35-01,TCGA-B0-5694-11,0.004542502895757757,0.26737278453222535,58.86023425145744,58.86023425145744
TN,TCGA-KIRC,TCGA-B0-4710-01,TCGA-CZ-5984-11,0.0017246329968797559,0.2767743184936895,160.48302392128394,160.48302392128394
TN,TCGA-KIRC,TCGA-A3-A6NN-01,TCGA-CZ-5452-11,0.0012586402476167336,0.2876286608570948,228.52333015865875,228.52333015865875
TN,TCGA-KIRC,TCGA-V5-A7RC-01,TCGA-P4-A5E8-11,0.005614395305666749,0.3949603039166385,70.34779035206076,70.34779035206076
TN,TCGA-KIRC,TCGA-CJ-4892-01,TCGA-KL-8324-11,0.0011433082930163375,0.3070555242151514,268.56756492604546,268.56756492604546
TN,TCGA-KIRC,TCGA-AK-3426-01,TCGA-CZ-5987-11,0.007240474230372459,0.32212842670667186,44.489962460663456,44.489962460663456
TN,TCGA-KIRC,TCGA-DX-AB2L-01,TCGA-CZ-5982-11,0.0039054756082986843,0.4168003366488804,106.72204321625459,106.72204321625459
TN,TCGA-KIRC,TCGA-B0-4824-01,TCGA-B0-5705-11,0.0017351740545022815,0.29318951668136334,168.9683613702154,168.9683613702154
TN,TCGA-KIRC,TCGA-AL-3467-01,TCGA-CJ-5676-11,0.0013987276941536224,0.18815235845220757,134.51678924971853,134.51678924971853
TN,TCGA-KIRC,TCGA-BP-5199-01,TCGA-V5-A7RE-11,0.002977675363208411,0.21880243168132063,73.48095577671151,73.48095577671151
TN,TCGA-KIRC,TCGA-AK-3427-01,TCGA-CZ-5986-11,0.011115784517965225,0.04405860753300691,3.9636075584048798,3.9636075584048798
TN,TCGA-KIRC,TCGA-CZ-5465-01,TCGA-B0-5690-11,0.0016583522025573909,0.3700970417964845,223.17155621450473,223.17155621450473
TN,TCGA-KIRC,TCGA-CW-5589-01,TCGA-CZ-5454-11,0.0010436768045797569,0.10911948374182429,104.55294518666815,104.55294518666815
TN,TCGA-KIRC,TCGA-CJ-4878-01,TCGA-CZ-5469-11,0.002367706983120996,0.40811380881426884,172.36668714652905,172.36668714652905
TN,TCGA-KIRC,TCGA-V5-A7RB-01,TCGA-CZ-5461-11,0.004089313712414168,0.39283510016829065,96.06382092323663,96.06382092323663
TN,TCGA-KIRC,TCGA-BP-5178-01,TCGA-B0-5696-11,0.0035227989989518992,0.36741489524951043,104.2962983011019,104.2962983011019
TN,TCGA-KIRC,TCGA-EU-5907-01,TCGA-CW-5589-11,0.0016585876017269213,0.3435706850580067,207.14654125008587,207.14654125008587
TN,TCGA-KIRC,TCGA-DX-A8BL-01,TCGA-CJ-6030-11,0.006398902211458994,0.2240976618519955,35.021266843348066,35.021266843348066
TN,TCGA-KIRC,TCGA-B0-4712-01,TCGA-CW-5584-11,0.0030373460968324767,0.30494801776298375,100.39949615257922,100.39949615257922
TN,TCGA-KIRC,TCGA-CJ-5689-01,TCGA-CZ-5985-11,0.0017377124923370047,0.00552955289060039,3.1820873216856707,3.1820873216856707
TN,TCGA-KIRC,TCGA-B4-5377-01,TCGA-A3-3358-11,0.0022165541009243122,0.28457212865432596,128.38492348806565,128.38492348806565
TN,TCGA-KIRC,TCGA-CZ-4853-01,TCGA-V5-A7RE-11,0.0035439781120411556,0.3337790155520789,94.18201947072374,94.18201947072374
TN,TCGA-KIRC,TCGA-AK-3454-01,TCGA-CZ-5465-11,0.002312236971701095,0.19425975903768872,84.01377601655305,84.01377601655305
TN,TCGA-KIRC,TCGA-B0-4821-01,TCGA-V5-A7RE-11,0.007281198681194523,0.3808247060400498,52.302474182392906,52.302474182392906
TN,TCGA-KIRC,TCGA-AK-3451-01,TCGA-B8-4622-11,0.006287039441461776,0.24268163211690402,38.60030374813093,38.60030374813093
TN,TCGA-KIRC,TCGA-P4-A5ED-01,TCGA-CZ-5461-11,0.009533242325482682,0.37803192044037065,39.654076497130305,39.654076497130305
TN,TCGA-KIRC,TCGA-B0-4852-01,TCGA-B0-5706-11,0.001504267831240639,0.2969895287431743,197.43128356220538,197.43128356220538
TN,TCGA-KIRC,TCGA-DX-A23V-01,TCGA-CZ-5989-11,0.0025093864054391325,0.22708615047559905,90.49469224165175,90.49469224165175
TN,TCGA-KIRC,TCGA-CJ-5676-01,TCGA-CZ-5468-11,0.0027074126915338785,0.383605321743247,141.68705160568496,141.68705160568496
TN,TCGA-KIRC,TCGA-A3-3376-01,TCGA-CZ-5463-11,0.0015392950308480845,0.2652205208869727,172.2999916012512,172.2999916012512
TN,TCGA-KIRC,TCGA-DX-A3UF-01,TCGA-B2-5636-11,0.003168874340767458,0.31248780134973897,98.61161022688539,98.61161022688539
TN,TCGA-KIRC,TCGA-BP-4355-01,TCGA-CZ-5453-11,0.002650822510074663,0.3374970231689758,127.31785017151898,127.31785017151898
TN,TCGA-KIRC,TCGA-KL-8346-01,TCGA-CJ-5678-11,0.006698261204605582,0.13416920480375558,20.030452785493598,20.030452785493598
TN,TCGA-KIRC,TCGA-B1-A655-01,TCGA-KL-8339-11,0.0016923631450078943,0.15312362785762434,90.4791789571322,90.4791789571322
TN,TCGA-KIRC,TCGA-B2-5639-01,TCGA-CZ-5462-11,0.0014102144303957522,0.3281836339086407,232.71895878738218,232.71895878738218
TN,TCGA-KIRC,TCGA-B0-4701-01,TCGA-B8-4619-11,0.0025354380878214507,0.26324795175357985,103.82740285319802,103.82740285319802
TN,TCGA-KIRC,TCGA-B8-A54D-01,TCGA-CZ-5984-11,0.001972134150003264,0.38004449843000765,192.70722452089714,192.70722452089714
TN,TCGA-KIRC,TCGA-DV-5568-01,TCGA-CZ-5470-11,0.002667891138174139,0.3726180887878221,139.66765114817832,139.66765114817832
TN,TCGA-KIRC,TCGA-A3-A8OX-01,TCGA-KL-8329-11,0.0007209503930746737,0.2277119289796652,315.84964952793854,315.84964952793854
TN,TCGA-KIRC,TCGA-B0-4822-01,TCGA-CZ-5462-11,0.006734366019652065,0.4126961744043086,61.282112258227215,61.282112258227215
TN,TCGA-KIRC,TCGA-CW-5583-01,TCGA-CZ-5455-11,0.002234093296826699,0.16853159809543378,75.43623998819372,75.43623998819372
TN,TCGA-KIRC,TCGA-A3-3322-01,TCGA-B0-5691-11,0.0014718652213480158,0.3113409477532664,211.52816388182816,211.52816388182816
TN,TCGA-KIRC,TCGA-CZ-5986-01,TCGA-CJ-5680-11,0.001470761484951145,0.17823884155923486,121.18813511434556,121.18813511434556
TN,TCGA-KIRC,TCGA-AK-3427-01,TCGA-B0-5712-11,0.010938048595761904,0.018664074385717662,1.7063440724654773,1.7063440724654773
TN,TCGA-KIRC,TCGA-BP-4769-01,TCGA-B0-5701-11,0.0007903874783105258,0.30918998078748383,391.1878531380401,391.1878531380401
TN,TCGA-KIRC,TCGA-KL-8345-01,TCGA-CZ-5468-11,0.002430426452325436,0.09195162604824493,37.833535740308236,37.833535740308236
TN,TCGA-KIRC,TCGA-B8-5551-01,TCGA-CZ-5985-11,0.0024906400318577674,0.3617151055801211,145.22978068023662,145.22978068023662
TN,TCGA-KIRC,TCGA-BP-4341-01,TCGA-CZ-5455-11,0.0034925445467657392,0.3849251020564602,110.21336933638226,110.21336933638226
TN,TCGA-KIRC,TCGA-XM-A8R9-01,TCGA-CZ-5987-11,0.003960964313630961,0.24854960404860166,62.74977110832885,62.74977110832885
TN,TCGA-KIRC,TCGA-DX-A6B7-01,TCGA-CW-5587-11,0.0029926762606431656,0.271709744944837,90.791559554271,90.791559554271
TN,TCGA-KIRC,TCGA-B1-A47O-01,TCGA-CZ-5466-11,0.007793251231938962,0.3482492442821701,44.68600253190164,44.68600253190164
TN,TCGA-KIRC,TCGA-UZ-A9PK-01,TCGA-V5-AASX-11,0.005132013458891449,0.31960193373806434,62.27612930054564,62.27612930054564
TN,TCGA-KIRC,TCGA-DX-A7EO-01,TCGA-CZ-5469-11,0.005536787857808655,0.33884609339100014,61.19903852070437,61.19903852070437
TN,TCGA-KIRC,TCGA-DX-A6YT-01,TCGA-B2-5641-11,0.0026151215046851103,0.43184521453230207,165.13390056967967,165.13390056967967
TN,TCGA-KIRC,TCGA-DX-A6YS-01,TCGA-CZ-5468-11,0.0029543050915680357,0.21364640753550398,72.31697502917967,72.31697502917967
TN,TCGA-KIRC,TCGA-DX-AB3B-01,TCGA-CZ-5468-11,0.00233796470914143,0.336639117891558,143.9881092196562,143.9881092196562
TN,TCGA-KIRC,TCGA-CJ-5681-01,TCGA-CJ-5678-11,0.0015203157538429607,0.3915317766546855,257.53319707764365,257.53319707764365
TN,TCGA-KIRC,TCGA-DX-A3LW-01,TCGA-CZ-5453-11,0.0038548304753094277,0.33323117082018494,86.44509089428541,86.44509089428541
TN,TCGA-KIRC,TCGA-KL-8329-01,TCGA-CZ-5986-11,0.002855302944354687,0.13430124564467838,47.035725547164716,47.035725547164716
TN,TCGA-KIRC,TCGA-DX-A7EN-01,TCGA-CZ-5986-11,0.004121313616545448,0.4171576247794524,101.21957792892275,101.21957792892275
TN,TCGA-KIRC,TCGA-BP-4970-01,TCGA-CZ-4864-11,0.001437276854331808,0.23909903914429353,166.35559003380112,166.35559003380112
TN,TCGA-KIRC,TCGA-DX-A1L4-01,TCGA-B2-5636-11,0.0024068039615234,0.27553963137772053,114.48362051195735,114.48362051195735
TN,TCGA-KIRC,TCGA-KL-8326-01,TCGA-B0-5705-11,0.006036428529713088,0.053793939484921324,8.911550798643871,8.911550798643871
TN,TCGA-KIRC,TCGA-CJ-5676-01,TCGA-KL-8339-11,0.002945193548115046,0.3732886567046547,126.74503410601429,126.74503410601429
TN,TCGA-KIRC,TCGA-BP-4334-01,TCGA-KL-8326-11,0.006102856291041798,0.049840538473824865,8.166756039624318,8.166756039624318
TN,TCGA-KIRC,TCGA-B8-5550-01,TCGA-A3-3358-11,0.0021899093706848885,0.28800961708880457,131.51668326745883,131.51668326745883
TN,TCGA-KIRC,TCGA-KL-8339-01,TCGA-KL-8336-11,0.0028285937949849584,0.02858569758407644,10.105974790285662,10.105974790285662
TN,TCGA-KIRC,TCGA-DX-A8BU-01,TCGA-B8-4622-11,0.004846027941655184,0.401852986801689,82.92419929061207,82.92419929061207
TN,TCGA-KIRC,TCGA-AY-A69D-01,TCGA-A3-3358-11,0.004306604020561851,0.4048337285376707,94.00300715013381,94.00300715013381
TN,TCGA-KIRC,TCGA-DX-A3U8-01,TCGA-CZ-5454-11,0.00197333396222139,0.3266144643659563,165.51403392372828,165.51403392372828
TN,TCGA-KIRC,TCGA-B8-5162-01,TCGA-CW-5591-11,0.0011530256360583286,0.26421828034368344,229.15212991007365,229.15212991007365
TN,TCGA-KIRC,TCGA-DX-A48U-01,TCGA-CZ-5462-11,0.003460094595428613,0.3088394038447201,89.25750303264849,89.25750303264849
TN,TCGA-KIRC,TCGA-B0-5102-01,TCGA-B8-4622-11,0.0029111925188257575,0.3666670224530473,125.95079854112295,125.95079854112295
TN,TCGA-KIRC,TCGA-CJ-6030-01,TCGA-CZ-5452-11,0.0015109262725722028,0.2981607592898108,197.3364052914518,197.3364052914518
TN,TCGA-KIRC,TCGA-BP-4798-01,TCGA-CW-5587-11,0.002260421080660339,0.42696388012529385,188.88687766111457,188.88687766111457
TN,TCGA-KIRC,TCGA-HE-7129-01,TCGA-B0-5696-11,0.00142069751998063,0.29263457585170793,205.97950776721126,205.97950776721126
TN,TCGA-KIRC,TCGA-Q2-A5QZ-01,TCGA-CZ-5456-11,0.015387607298539469,0.4233662616660463,27.513456345238975,27.513456345238975
TN,TCGA-KIRC,TCGA-DX-A3UB-01,TCGA-B0-5694-11,0.005198548132549056,0.09819036880789,18.888036871891643,18.888036871891643
TN,TCGA-KIRC,TCGA-DV-5569-01,TCGA-A3-3387-11,0.0016255610253360971,0.14763664545949515,90.82196433011191,90.82196433011191
TN,TCGA-KIRC,TCGA-B0-5097-01,TCGA-B0-4700-11,0.0019138469841934597,0.29323543744603525,153.21780678804456,153.21780678804456
TN,TCGA-KIRC,TCGA-DX-A6YZ-01,TCGA-B8-5549-11,0.003091470603812347,0.2670409502453799,86.37990926262397,86.37990926262397
TN,TCGA-KIRC,TCGA-CJ-5684-01,TCGA-CJ-5689-11,0.0012273709129851675,0.2965611417067572,241.62308114787552,241.62308114787552
TN,TCGA-KIRC,TCGA-A3-3322-01,TCGA-CW-5591-11,0.0015226535720912699,0.28942212107803145,190.07745844678786,190.07745844678786
TN,TCGA-KIRC,TCGA-BP-5173-01,TCGA-CJ-5680-11,0.0018552414862385552,0.20093487312716105,108.30658683390608,108.30658683390608
TN,TCGA-KIRC,TCGA-BP-4345-01,TCGA-CZ-5453-11,0.0019861448729144252,0.3733642667036443,187.98440727829578,187.98440727829578
TN,TCGA-KIRC,TCGA-BP-5195-01,TCGA-B2-5641-11,0.0013066283853598287,0.34375389437174053,263.08466754843624,263.08466754843624
TN,TCGA-KIRC,TCGA-BP-5000-01,TCGA-CW-5581-11,0.0037010089860694756,0.33626549867612054,90.8577903868424,90.8577903868424
TN,TCGA-KIRC,TCGA-B0-4852-01,TCGA-CJ-5680-11,0.0011211938521250527,0.25111162479469473,223.9680714612828,223.9680714612828
TN,TCGA-KIRC,TCGA-CJ-4886-01,TCGA-CZ-4864-11,0.0012387529047565063,0.2259007999561812,182.36146941716763,182.36146941716763
TN,TCGA-KIRC,TCGA-DX-A8BZ-01,TCGA-CJ-5679-11,0.016884906676475485,0.126961439116846,7.519226582029745,7.519226582029745
TN,TCGA-KIRC,TCGA-AK-3445-01,TCGA-CJ-5681-11,0.001923738178940864,0.36668599877150443,190.61117712670628,190.61117712670628
TN,TCGA-KIRC,TCGA-BP-4963-01,TCGA-CZ-5465-11,0.0018500176165238452,0.3149531717965852,170.24333659501977,170.24333659501977
TN,TCGA-KIRC,TCGA-CZ-5460-01,TCGA-CZ-5467-11,0.0023310734146020453,0.37531866425650506,161.0067970856158,161.0067970856158
TN,TCGA-KIRC,TCGA-BP-4164-01,TCGA-KL-8326-11,0.0017279665381797486,0.3566323688616701,206.38846932611844,206.38846932611844
TN,TCGA-KIRC,TCGA-B1-A655-01,TCGA-CW-5587-11,0.0011540754425470871,0.20179030240243964,174.85018306695878,174.85018306695878
TN,TCGA-KIRC,TCGA-AK-3426-01,TCGA-CJ-6030-11,0.005766714952189972,0.35748724058315196,61.99148796966154,61.99148796966154
TN,TCGA-KIRC,TCGA-BP-4774-01,TCGA-CZ-5989-11,0.0016128517094618814,0.3893381670886694,241.3973738593549,241.3973738593549
TN,TCGA-KIRC,TCGA-CJ-4923-01,TCGA-CZ-5461-11,0.0035317803152623206,0.24107260806659347,68.258098337775,68.258098337775
TN,TCGA-KIRC,TCGA-AY-A69D-01,TCGA-CZ-5988-11,0.003311362418809871,0.4288633818185764,129.51266807355785,129.51266807355785
TN,TCGA-KIRC,TCGA-XM-A8RG-01,TCGA-CJ-6030-11,0.002908146785377117,0.25153907114738167,86.49462689166258,86.49462689166258
TN,TCGA-KIRC,TCGA-V5-AASV-01,TCGA-CZ-5458-11,0.004668821399083799,0.43734282039742356,93.67306714350798,93.67306714350798
TN,TCGA-KIRC,TCGA-CJ-5672-01,TCGA-P4-A5ED-11,0.0013693856019505101,0.31300849170809747,228.5758600515866,228.5758600515866
TN,TCGA-KIRC,TCGA-BP-4970-01,TCGA-CJ-5681-11,0.0010508707055900477,0.25114263425205746,238.9852842182376,238.9852842182376
TN,TCGA-KIRC,TCGA-BP-4167-01,TCGA-CW-6087-11,0.0037432684502826464,0.3602641723298118,96.24321020914464,96.24321020914464
TN,TCGA-KIRC,TCGA-CJ-6028-01,TCGA-B2-5636-11,0.001639052435952952,0.32725753496602755,199.6626390880281,199.6626390880281
TN,TCGA-KIRC,TCGA-A3-3383-01,TCGA-CJ-5677-11,0.004510839588002041,0.3626287638814792,80.3905252685113,80.3905252685113
TN,TCGA-KIRC,TCGA-KL-8342-01,TCGA-CJ-5680-11,0.0038383431636309587,0.004182577717441739,1.089683110429643,1.089683110429643
TN,TCGA-KIRC,TCGA-B0-5699-01,TCGA-CZ-5467-11,0.0021811840471695934,0.3690506046547557,169.19737017774958,169.19737017774958
TN,TCGA-KIRC,TCGA-A3-3307-01,TCGA-B8-5552-11,0.002309201259909946,0.3856364722370937,166.9999401663815,166.9999401663815
TN,TCGA-KIRC,TCGA-AY-A54L-01,TCGA-B0-5711-11,0.0033260926297523953,0.28611140306521543,86.02027511377952,86.02027511377952
TN,TCGA-KIRC,TCGA-A3-3362-01,TCGA-CZ-5988-11,0.001103645191709448,0.07865504107356466,71.26841276926602,71.26841276926602
TN,TCGA-KIRC,TCGA-A3-A6NI-01,TCGA-CW-5587-11,0.0022200163506824857,0.2951097481046223,132.93133990382483,132.93133990382483
TN,TCGA-KIRC,TCGA-B0-4707-01,TCGA-CJ-5689-11,0.004729741502318568,0.33581598610835905,71.00091748010723,71.00091748010723
TN,TCGA-KIRC,TCGA-BP-5194-01,TCGA-B0-5691-11,0.0009746816884080918,0.29351568152580565,301.1400388625264,301.1400388625264
TN,TCGA-KIRC,TCGA-B0-5812-01,TCGA-CZ-5454-11,0.0011268391396443284,0.2626998854729633,233.12989070993842,233.12989070993842
TN,TCGA-KIRC,TCGA-BW-A5NQ-01,TCGA-CZ-5989-11,0.0040451762925624805,0.32526717503345204,80.40865255526514,80.40865255526514
TN,TCGA-KIRC,TCGA-B8-4621-01,TCGA-CZ-5984-11,0.0012747825691866456,0.2976862576263689,233.51924070965515,233.51924070965515
TN,TCGA-KIRC,TCGA-DX-A8BS-01,TCGA-B8-5549-11,0.004055521768218249,0.39661385880370936,97.7960128119242,97.7960128119242
TN,TCGA-KIRC,TCGA-CW-6090-01,TCGA-CZ-5462-11,0.0023030585821905633,0.3833227309147441,166.4407209955316,166.4407209955316
TN,TCGA-KIRC,TCGA-CJ-4901-01,TCGA-CZ-5453-11,0.002548767967274783,0.3817030968202303,149.75984543165708,149.75984543165708
TN,TCGA-KIRC,TCGA-BP-5184-01,TCGA-CW-5587-11,0.0012261575269883794,0.317438346708127,258.88871512928813,258.88871512928813
TN,TCGA-KIRC,TCGA-A3-3373-01,TCGA-CZ-5458-11,0.0014293880206768313,0.3354810084442392,234.70254653833268,234.70254653833268
TN,TCGA-KIRC,TCGA-BP-4972-01,TCGA-CZ-5453-11,0.0011206646487592641,0.30329576033027433,270.63917887127616,270.63917887127616
TN,TCGA-KIRC,TCGA-BP-4977-01,TCGA-CZ-5987-11,0.0016405389282100205,0.3362168718552817,204.94294044099604,204.94294044099604
TN,TCGA-KIRC,TCGA-CJ-4900-01,TCGA-CZ-5470-11,0.0036527366731975612,0.3562288045056723,97.52381197351244,97.52381197351244
TN,TCGA-KIRC,TCGA-DX-A23T-01,TCGA-B8-4622-11,0.004228270640539836,0.14041945787162957,33.20966650651809,33.20966650651809
TN,TCGA-KIRC,TCGA-KL-8341-01,TCGA-CZ-5982-11,0.0025294141040346674,0.23764313587545266,93.9518505476775,93.9518505476775
TN,TCGA-KIRC,TCGA-BP-4332-01,TCGA-B0-5701-11,0.0012133171741077371,0.3204267961462067,264.0915359842704,264.0915359842704
TN,TCGA-KIRC,TCGA-BP-5001-01,TCGA-B0-5709-11,0.004186205197404381,0.30570959572842826,73.02785728658995,73.02785728658995
TN,TCGA-KIRC,TCGA-DX-A8BR-01,TCGA-CW-6087-11,0.0031937031901910903,0.41477805532304657,129.87370166299922,129.87370166299922
TN,TCGA-KIRC,TCGA-BP-4170-01,TCGA-B0-5691-11,0.0009756651171439461,0.2868371542518283,293.99140054477255,293.99140054477255
TN,TCGA-KIRC,TCGA-B8-5164-01,TCGA-B0-5701-11,0.0009341797982268302,0.3518689118629856,376.66080184014805,376.66080184014805
TN,TCGA-KIRC,TCGA-B2-5639-01,TCGA-CW-6090-11,0.0016060193459772618,0.24376851627864934,151.78429630330285,151.78429630330285
TN,TCGA-KIRC,TCGA-P4-A5E8-01,TCGA-CZ-5457-11,0.0024945724300370767,0.34365074834144005,137.75937880317727,137.75937880317727
TN,TCGA-KIRC,TCGA-BP-4349-01,TCGA-CW-5580-11,0.0016083833398335783,0.33204251122972983,206.4448835089816,206.4448835089816
TN,TCGA-KIRC,TCGA-B0-4718-01,TCGA-B0-5691-11,0.003449530859898382,0.3322497087362015,96.31736089063112,96.31736089063112
TN,TCGA-KIRC,TCGA-A3-A6NJ-01,TCGA-CJ-5677-11,0.0010690537252147636,0.31896499854508586,298.361991565025,298.361991565025
TN,TCGA-KIRC,TCGA-EU-5906-01,TCGA-CJ-5678-11,0.0012869106367198676,0.2335567720805934,181.48639494960798,181.48639494960798
TN,TCGA-KIRC,TCGA-DX-A6YS-01,TCGA-CZ-5987-11,0.002653158191837568,0.03222844805406869,12.14720183410827,12.14720183410827
TN,TCGA-KIRC,TCGA-BP-4995-01,TCGA-CW-5587-11,0.0011417948161482044,0.2592853928570425,227.0858031495804,227.0858031495804
TN,TCGA-KIRC,TCGA-HE-7129-01,TCGA-CZ-5457-11,0.001618126873538355,0.4043912375958427,249.91318308159677,249.91318308159677
TN,TCGA-KIRC,TCGA-BP-4768-01,TCGA-V5-A7RE-11,0.0030813917541589056,0.38767341090911595,125.81114049710793,125.81114049710793
TN,TCGA-KIRC,TCGA-BP-4962-01,TCGA-A3-3387-11,0.0016991641665204515,0.2766723987209595,162.82852720907437,162.82852720907437
TN,TCGA-KIRC,TCGA-AK-3429-01,TCGA-CZ-5461-11,0.0023172765717562336,0.37481943597484546,161.749978635815,161.749978635815
TN,TCGA-KIRC,TCGA-B0-4852-01,TCGA-B0-5709-11,0.001188879093285546,0.28995001590137043,243.88520038658797,243.88520038658797
TN,TCGA-KIRC,TCGA-B0-4814-01,TCGA-CJ-5680-11,0.0016256937918744784,0.29396105699949604,180.82191029378865,180.82191029378865
TN,TCGA-KIRC,TCGA-HE-A5NK-01,TCGA-CZ-5989-11,0.0038659306865107866,0.3102190589271663,80.24434064728561,80.24434064728561
TN,TCGA-KIRC,TCGA-BP-4162-01,TCGA-KL-8326-11,0.0017689581383951622,0.347078841163856,196.205231560049,196.205231560049
TN,TCGA-KIRC,TCGA-CZ-4860-01,TCGA-B0-5701-11,0.003809176038955341,0.22659059736787285,59.48546222348255,59.48546222348255
TN,TCGA-KIRC,TCGA-B0-5094-01,TCGA-CZ-5987-11,0.00258401298045093,0.34371606547075695,133.01638500700403,133.01638500700403
TN,TCGA-KIRC,TCGA-DX-A8BZ-01,TCGA-CJ-5677-11,0.01663357454432917,0.2861660293329053,17.20412101260982,17.20412101260982
TN,TCGA-KIRC,TCGA-DX-AB2J-01,TCGA-CZ-5454-11,0.0036878040208015214,0.1692542342770853,45.89566943427187,45.89566943427187
TN,TCGA-KIRC,TCGA-B0-4710-01,TCGA-CW-5589-11,0.001714347996604852,0.2972694364604934,173.40087138038194,173.40087138038194
TN,TCGA-KIRC,TCGA-DV-5568-01,TCGA-KL-8329-11,0.0016995939620415388,0.34262864316478575,201.59441067513734,201.59441067513734
TN,TCGA-KIRC,TCGA-B0-4816-01,TCGA-CZ-4864-11,0.0018011794308988734,0.34818400082025225,193.30889241084216,193.30889241084216
TN,TCGA-KIRC,TCGA-AK-3456-01,TCGA-CZ-5465-11,0.0010586251333297265,0.4001031796451443,377.94604251146706,377.94604251146706
TN,TCGA-KIRC,TCGA-B8-A54I-01,TCGA-V5-AASX-11,0.00860749188223332,0.42616780365734347,49.51126408111918,49.51126408111918
TN,TCGA-KIRC,TCGA-CZ-5455-01,TCGA-CZ-5457-11,0.0016538615387813836,0.33567549295013216,202.9646890497667,202.9646890497667
TN,TCGA-KIRC,TCGA-BP-5202-01,TCGA-CZ-5988-11,0.0012140208907871776,0.32698664770892394,269.34186239324436,269.34186239324436
TN,TCGA-KIRC,TCGA-B2-5639-01,TCGA-B0-5712-11,0.0011574385516929012,0.2847056558548497,245.9790676908346,245.9790676908346
TN,TCGA-KIRC,TCGA-CZ-4865-01,TCGA-CW-6087-11,0.0014206800494942478,0.28689948180101565,201.94517541310577,201.94517541310577
TN,TCGA-KIRC,TCGA-B8-4619-01,TCGA-CW-5581-11,0.0015045127137296957,0.1573453979836236,104.58229867234783,104.58229867234783
TN,TCGA-KIRC,TCGA-CJ-4875-01,TCGA-CZ-5465-11,0.004907353780236705,0.4142071191632475,84.40539193065236,84.40539193065236
TN,TCGA-KIRC,TCGA-AK-3447-01,TCGA-CZ-5466-11,0.020874283036124347,0.06002447744563018,2.8755228307364518,2.8755228307364518
TN,TCGA-KIRC,TCGA-BP-4338-01,TCGA-B8-5552-11,0.005049568213438181,0.37976936315741644,75.20828457109539,75.20828457109539
TN,TCGA-KIRC,TCGA-B0-5095-01,TCGA-CZ-5452-11,0.0015081993162451139,0.3176840633583041,210.63798394314736,210.63798394314736
TN,TCGA-KIRC,TCGA-CJ-6032-01,TCGA-CZ-5465-11,0.0013686709460476434,0.34400698401223917,251.3438200800854,251.3438200800854
TN,TCGA-KIRC,TCGA-B0-4718-01,TCGA-CZ-5455-11,0.003925952377873017,0.36701199563237435,93.48355769695105,93.48355769695105
TN,TCGA-KIRC,TCGA-AK-3431-01,TCGA-KL-8329-11,0.0012997770084092729,0.31204309004550795,240.07432661653303,240.07432661653303
TN,TCGA-KIRC,TCGA-CJ-4890-01,TCGA-CZ-5453-11,0.0013217026839194904,0.30083148845067553,227.6090471107799,227.6090471107799
TN,TCGA-KIRC,TCGA-BP-5190-01,TCGA-CW-5585-11,0.002263294335827058,0.30870243222268345,136.39517730241514,136.39517730241514
TN,TCGA-KIRC,TCGA-A3-3370-01,TCGA-CW-5581-11,0.00127822585642843,0.23742979528811115,185.7494855811542,185.7494855811542
TN,TCGA-KIRC,TCGA-RG-A7D4-01,TCGA-B2-5641-11,0.005885557228802443,0.3811949653421843,64.76786318153728,64.76786318153728
TN,TCGA-KIRC,TCGA-V5-AASX-01,TCGA-CZ-5989-11,0.0022394340908344335,0.39743438067945636,177.4708986998446,177.4708986998446
TN,TCGA-KIRC,TCGA-B8-5162-01,TCGA-CZ-5465-11,0.0018263354054016965,0.4400362634291479,240.93945839721778,240.93945839721778
TN,TCGA-KIRC,TCGA-BP-4784-01,TCGA-KL-8336-11,0.0009092953935639079,0.26354029682766156,289.8291343968402,289.8291343968402
TN,TCGA-KIRC,TCGA-A3-A8CQ-01,TCGA-CZ-5451-11,0.0015753430773214037,0.3232760843206152,205.20995646884097,205.20995646884097
TN,TCGA-KIRC,TCGA-B3-4103-01,TCGA-B0-5694-11,0.0011116222592498577,0.25455646095605167,228.99546931331767,228.99546931331767
TN,TCGA-KIRC,TCGA-B8-4621-01,TCGA-CJ-6030-11,0.0011725624011815954,0.2912763643543578,248.4101179270609,248.4101179270609
TN,TCGA-KIRC,TCGA-B8-A54H-01,TCGA-P4-A5ED-11,0.00091638871054029,0.31694945150642306,345.86791375851203,345.86791375851203
TN,TCGA-KIRC,TCGA-BP-5175-01,TCGA-B0-5711-11,0.010108274616998402,0.2761680911348441,27.32099211772807,27.32099211772807
TN,TCGA-KIRC,TCGA-DX-A48R-01,TCGA-CJ-6033-11,0.003162476041576219,0.36926849456778543,116.76562595672257,116.76562595672257
TN,TCGA-KIRC,TCGA-P4-A5E8-01,TCGA-CZ-5984-11,0.0031903055072623377,0.268472531538062,84.15260887301149,84.15260887301149
TN,TCGA-KIRC,TCGA-DX-A48K-01,TCGA-KL-8332-11,0.005381746724486657,0.4606800837277032,85.60047644598987,85.60047644598987
TN,TCGA-KIRC,TCGA-CJ-4884-01,TCGA-CZ-5457-11,0.0017045954260088698,0.388854414233863,228.12123528004798,228.12123528004798
TN,TCGA-KIRC,TCGA-DX-AB2T-01,TCGA-B0-5703-11,0.0026156201295001688,0.3730077729738293,142.60777731707896,142.60777731707896
TN,TCGA-KIRC,TCGA-B0-5083-01,TCGA-B0-5711-11,0.0023962186816648967,0.1779240896693569,74.25202508885164,74.25202508885164
TN,TCGA-KIRC,TCGA-BP-4962-01,TCGA-B0-5694-11,0.0022398084397698406,0.21704232769570844,96.9021831697408,96.9021831697408
TN,TCGA-KIRC,TCGA-B0-4703-01,TCGA-CZ-4865-11,0.0016296844358293387,0.3641559961538646,223.45184634996366,223.45184634996366
TN,TCGA-KIRC,TCGA-B0-5092-01,TCGA-CW-5580-11,0.0025239855220684504,0.3566325119285733,141.29736831307443,141.29736831307443
TN,TCGA-KIRC,TCGA-B0-5402-01,TCGA-CZ-5470-11,0.0018196969315587726,0.3654674497006971,200.83973510228083,200.83973510228083
TN,TCGA-KIRC,TCGA-CJ-4870-01,TCGA-B0-5696-11,0.0019600091355119133,0.331981598535936,169.37757713523584,169.37757713523584
TN,TCGA-KIRC,TCGA-KL-8325-01,TCGA-KL-8324-11,0.002484305334616824,0.017581123484449325,7.076877080876621,7.076877080876621
TN,TCGA-KIRC,TCGA-B1-A654-01,TCGA-CZ-5466-11,0.008516240738718168,0.36042232381869843,42.32176319066197,42.32176319066197
TN,TCGA-KIRC,TCGA-DX-A6B7-01,TCGA-CZ-5982-11,0.003224546538012202,0.3593283702102185,111.43531841588164,111.43531841588164
TN,TCGA-KIRC,TCGA-BP-4975-01,TCGA-KL-8336-11,0.0016101361710408523,0.2608355488984189,161.99595636051393,161.99595636051393
TN,TCGA-KIRC,TCGA-BP-4173-01,TCGA-CZ-4863-11,0.001755740681997635,0.182976447813651,104.2161007543923,104.2161007543923
TN,TCGA-KIRC,TCGA-B0-5100-01,TCGA-B0-5701-11,0.0038978780567900943,0.30170984319130983,77.40361263116787,77.40361263116787
TN,TCGA-KIRC,TCGA-CJ-5679-01,TCGA-CZ-5986-11,0.004174021781262286,0.37810578234574566,90.58548377565027,90.58548377565027
TN,TCGA-KIRC,TCGA-DX-A3M2-01,TCGA-B0-5711-11,0.013450510770402553,0.27032411990739164,20.097684357253687,20.097684357253687
TN,TCGA-KIRC,TCGA-CJ-4874-01,TCGA-KL-8336-11,0.0012603175470442874,0.2526160191381776,200.4383893016612,200.4383893016612
TN,TCGA-KIRC,TCGA-MW-A4EC-01,TCGA-B8-4620-11,0.0015592558907178654,0.32473950990771006,208.26569381001556,208.26569381001556
TN,TCGA-KIRC,TCGA-B2-5636-01,TCGA-B0-5690-11,0.001094485129138192,0.40399521668891625,369.11896373322674,369.11896373322674
TN,TCGA-KIRC,TCGA-DX-A2J1-01,TCGA-CZ-4864-11,0.006151254285761982,0.31645866979606874,51.44620187927537,51.44620187927537
TN,TCGA-KIRC,TCGA-CZ-4860-01,TCGA-B8-5552-11,0.004475018534091232,0.30948050321205534,69.15736792024333,69.15736792024333
TN,TCGA-KIRC,TCGA-CJ-4876-01,TCGA-B2-5641-11,0.0032479426457386455,0.40770992725256866,125.52867206183299,125.52867206183299
TN,TCGA-KIRC,TCGA-UZ-A9PX-01,TCGA-CJ-5672-11,0.002291145592140225,0.3477754330946904,151.79106656850357,151.79106656850357
TN,TCGA-KIRC,TCGA-B0-4822-01,TCGA-CZ-5456-11,0.005015539418455105,0.36469975268672045,72.71396399453599,72.71396399453599
TN,TCGA-KIRC,TCGA-B8-5553-01,TCGA-CZ-4863-11,0.0014383579604901255,0.24112688219632378,167.64038495268517,167.64038495268517
TN,TCGA-KIRC,TCGA-B0-5694-01,TCGA-KL-8329-11,0.0015585081537879304,0.30477665401948173,195.55666313244924,195.55666313244924
TN,TCGA-KIRC,TCGA-CW-5588-01,TCGA-B0-5709-11,0.0014820471905777784,0.31502181141425967,212.55855644613308,212.55855644613308
TN,TCGA-KIRC,TCGA-BP-5175-01,TCGA-CZ-5452-11,0.010096676993258287,0.35897180169379705,35.553460008029205,35.553460008029205
TN,TCGA-KIRC,TCGA-AK-3433-01,TCGA-B0-5705-11,0.0023106879256031133,0.04880757957716263,21.122531968233375,21.122531968233375
TN,TCGA-KIRC,TCGA-BP-4177-01,TCGA-CW-5589-11,0.0010971648057586498,0.2819219347578289,256.9549563366554,256.9549563366554
TN,TCGA-KIRC,TCGA-B8-4151-01,TCGA-B0-5694-11,0.0015827571822353986,0.16343206717146358,103.25782691482794,103.25782691482794
TN,TCGA-KIRC,TCGA-AK-3461-01,TCGA-B0-5703-11,0.0015392982199196829,0.22100361077890843,143.5742651547014,143.5742651547014
TN,TCGA-KIRC,TCGA-BP-4963-01,TCGA-B8-4619-11,0.0028486756650664656,0.2891295421075306,101.49612525327085,101.49612525327085
TN,TCGA-KIRC,TCGA-A3-3331-01,TCGA-CZ-5984-11,0.0010501421950080878,0.3286164734636823,312.9256923736422,312.9256923736422
TN,TCGA-KIRC,TCGA-BP-4801-01,TCGA-CZ-5455-11,0.0016391403689493596,0.23317528375100022,142.25461599756625,142.25461599756625
TN,TCGA-KIRC,TCGA-EU-5904-01,TCGA-B0-5709-11,0.0009378989727108383,0.30556936742737556,325.8020067387205,325.8020067387205
TN,TCGA-KIRC,TCGA-AL-3472-01,TCGA-B8-4622-11,0.006646192472218466,0.3726175771009344,56.064818865613816,56.064818865613816
TN,TCGA-KIRC,TCGA-CJ-4872-01,TCGA-KL-8332-11,0.003487917412689171,0.2034922256238916,58.3420424129251,58.3420424129251
TN,TCGA-KIRC,TCGA-A3-3323-01,TCGA-B8-4619-11,0.0032399965488075205,0.25480394329942535,78.64327614583597,78.64327614583597
TN,TCGA-KIRC,TCGA-CZ-4865-01,TCGA-V5-A7RE-11,0.0031982210767989632,0.24373848772729687,76.21064394061524,76.21064394061524
TN,TCGA-KIRC,TCGA-HE-A5NK-01,TCGA-CJ-6030-11,0.002806997334027589,0.2969313353682756,105.78254983314393,105.78254983314393
TN,TCGA-KIRC,TCGA-B0-4822-01,TCGA-CW-5587-11,0.006406297878101347,0.39390900063456513,61.48777470699022,61.48777470699022
TN,TCGA-KIRC,TCGA-DX-AB2G-01,TCGA-CZ-5984-11,0.005165771894435865,0.1335467784665869,25.852240709744127,25.852240709744127
TN,TCGA-KIRC,TCGA-CZ-4860-01,TCGA-B2-5636-11,0.0035691909336473537,0.2790102203577983,78.17183937332206,78.17183937332206
TN,TCGA-KIRC,TCGA-B4-5844-01,TCGA-CZ-5987-11,0.0006288284759049245,0.2864469120320947,455.52471462091347,455.52471462091347
TN,TCGA-KIRC,TCGA-DX-A1KY-01,TCGA-CZ-5467-11,0.005314026424834006,0.3864679444330794,72.72601103882383,72.72601103882383
TN,TCGA-KIRC,TCGA-BP-4998-01,TCGA-CZ-5469-11,0.0016555999505550624,0.1452251005541412,87.71750718248845,87.71750718248845
TN,TCGA-KIRC,TCGA-B0-4811-01,TCGA-CW-5581-11,0.006034241197812325,0.3602415055363584,59.699553552311045,59.699553552311045
TN,TCGA-KIRC,TCGA-BP-4795-01,TCGA-KL-8326-11,0.001216676316318287,0.3645028304724477,299.58899140524767,299.58899140524767
TN,TCGA-KIRC,TCGA-B0-5107-01,TCGA-CZ-5984-11,0.004719443432866696,0.2911569164296328,61.69306202548922,61.69306202548922
TN,TCGA-KIRC,TCGA-B8-A54I-01,TCGA-CW-5591-11,0.0036894189875077447,0.2750573440621584,74.55302447173764,74.55302447173764
TN,TCGA-KIRC,TCGA-B0-5098-01,TCGA-CJ-5678-11,0.003419773528926535,0.4016320291887819,117.4440429436431,117.4440429436431
TN,TCGA-KIRC,TCGA-A3-3308-01,TCGA-KL-8336-11,0.0011036000704819182,0.2989987824099405,270.9303763267922,270.9303763267922
TN,TCGA-KIRC,TCGA-CZ-5468-01,TCGA-B0-5696-11,0.003042153865709874,0.4078474080847157,134.0653451759404,134.0653451759404
TN,TCGA-KIRC,TCGA-AY-5543-01,TCGA-CZ-5463-11,0.0042378738741217364,0.3157739468586614,74.51235129646298,74.51235129646298
TN,TCGA-KIRC,TCGA-B8-A54H-01,TCGA-B8-5552-11,0.003320268295928728,0.3739354852998336,112.62206905338002,112.62206905338002
TN,TCGA-KIRC,TCGA-DX-AB3C-01,TCGA-CJ-5678-11,0.006572659116355128,0.32582014800736203,49.57204416650864,49.57204416650864
TN,TCGA-KIRC,TCGA-DX-AB2S-01,TCGA-B0-5699-11,0.0037748624152348785,0.4456183344161437,118.04889434319065,118.04889434319065
TN,TCGA-KIRC,TCGA-B0-5083-01,TCGA-B0-5701-11,0.0024419654731785896,0.1273563781016337,52.15322636640722,52.15322636640722
TN,TCGA-KIRC,TCGA-V5-A7RC-01,TCGA-CW-5581-11,0.004072351897900833,0.4178360877064544,102.60313896788624,102.60313896788624
TN,TCGA-KIRC,TCGA-DX-A1L0-01,TCGA-CZ-5454-11,0.002760817398207925,0.2861932634851147,103.66251084584069,103.66251084584069
TN,TCGA-KIRC,TCGA-BP-5201-01,TCGA-B0-4712-11,0.002323985706823578,0.318592086818398,137.08866017676564,137.08866017676564
TN,TCGA-KIRC,TCGA-DX-A6YS-01,TCGA-CZ-4865-11,0.002989708902530309,0.15262041936124776,51.048588453571206,51.048588453571206
TN,TCGA-KIRC,TCGA-CW-5583-01,TCGA-CZ-5466-11,0.001951056935874398,0.2171433648374677,111.29524763978831,111.29524763978831
TN,TCGA-KIRC,TCGA-B3-A6W5-01,TCGA-CW-5587-11,0.002098968606980255,0.3543893127693428,168.8397394752825,168.8397394752825
TN,TCGA-KIRC,TCGA-BP-4975-01,TCGA-B0-5690-11,0.0012362790738384946,0.3227604628639634,261.0741131950344,261.0741131950344
TN,TCGA-KIRC,TCGA-DX-A3U7-01,TCGA-CZ-5985-11,0.004632513213367772,0.4740615786508287,102.33356211113592,102.33356211113592
TN,TCGA-KIRC,TCGA-KL-8332-01,TCGA-KL-8332-11,0.004887523708154673,0.143553042402735,29.371324002627638,29.371324002627638
TN,TCGA-KIRC,TCGA-BP-4969-01,TCGA-CZ-5462-11,0.003778481357259852,0.4011630865535345,106.17045543515854,106.17045543515854
TN,TCGA-KIRC,TCGA-DX-AB3C-01,TCGA-CZ-5454-11,0.006007033040167934,0.21414770587276233,35.64949692149114,35.64949692149114
TN,TCGA-KIRC,TCGA-P4-A5ED-01,TCGA-CZ-5456-11,0.006281485885524291,0.41896827596912056,66.69891226447466,66.69891226447466
TN,TCGA-KIRC,TCGA-B8-A7U6-01,TCGA-B0-5703-11,0.00149571166239914,0.3438472252187102,229.8887104130585,229.8887104130585
TN,TCGA-KIRC,TCGA-DX-A3LW-01,TCGA-B0-5699-11,0.003554143892804869,0.3824329699111093,107.60199402317946,107.60199402317946
TN,TCGA-KIRC,TCGA-BP-5009-01,TCGA-CZ-5467-11,0.0026170921174821964,0.37149462176390147,141.94938698653914,141.94938698653914
TN,TCGA-KIRC,TCGA-AL-3466-01,TCGA-KL-8324-11,0.004085377680517105,0.31431700139927554,76.93707313726036,76.93707313726036
TN,TCGA-KIRC,TCGA-BP-4969-01,TCGA-B0-5712-11,0.002900135761108879,0.26386699961984195,90.98436120071541,90.98436120071541
TN,TCGA-KIRC,TCGA-DX-A7EU-01,TCGA-CW-5584-11,0.0040021082770621726,0.12873454054779765,32.16668106798395,32.16668106798395
TN,TCGA-KIRC,TCGA-BP-5176-01,TCGA-CW-5591-11,0.001515619431728934,0.2227615765150351,146.9772502592693,146.9772502592693
TN,TCGA-KIRC,TCGA-CJ-4903-01,TCGA-CJ-6033-11,0.0017128681411207852,0.3486093661074104,203.52376095879976,203.52376095879976
TN,TCGA-KIRC,TCGA-DX-A8BG-01,TCGA-B8-5552-11,0.004479891435715543,0.21522287226923903,48.04198390911741,48.04198390911741
TN,TCGA-KIRC,TCGA-B0-5097-01,TCGA-CW-5585-11,0.0018836106716453628,0.3650980098444655,193.8288072691512,193.8288072691512
TN,TCGA-KIRC,TCGA-B8-A8YJ-01,TCGA-P4-A5ED-11,0.0013530220480004428,0.2869063776756684,212.04856055351917,212.04856055351917
TN,TCGA-KIRC,TCGA-BP-4989-01,TCGA-B8-4622-11,0.003926522200130765,0.3670424619206208,93.47775033804652,93.47775033804652
TN,TCGA-KIRC,TCGA-BP-4797-01,TCGA-CZ-5452-11,0.001363119568172204,0.29815432772412565,218.7294017970253,218.7294017970253
TN,TCGA-KIRC,TCGA-KL-8332-01,TCGA-B2-5636-11,0.0031817315608001578,0.09979016786008993,31.36347801603797,31.36347801603797
TN,TCGA-KIRC,TCGA-B0-4846-01,TCGA-B0-5705-11,0.001164622672214578,0.29842262780680134,256.2397546660657,256.2397546660657
TN,TCGA-KIRC,TCGA-AY-6386-01,TCGA-B0-5709-11,0.002317192044310723,0.36155358818709227,156.0309121010472,156.0309121010472
TN,TCGA-KIRC,TCGA-BP-5191-01,TCGA-P4-A5ED-11,0.008433840566071132,0.3604318430887846,42.73638329597807,42.73638329597807
TN,TCGA-KIRC,TCGA-BP-4173-01,TCGA-V5-A7RE-11,0.0019711104685861654,0.22081472097996185,112.02554321491044,112.02554321491044
TN,TCGA-KIRC,TCGA-DX-A7EO-01,TCGA-CZ-5456-11,0.00438221644139213,0.3311824949151301,75.57419843231682,75.57419843231682
TN,TCGA-KIRC,TCGA-KL-8341-01,TCGA-CZ-5462-11,0.0026378860015813686,0.1284957278641202,48.71163036882153,48.71163036882153
TN,TCGA-KIRC,TCGA-AK-3461-01,TCGA-CJ-6030-11,0.0013970022311019612,0.1804912908348778,129.1989996984511,129.1989996984511
TN,TCGA-KIRC,TCGA-B0-4849-01,TCGA-CW-5589-11,0.0018371165768574403,0.356514473627471,194.0619763157994,194.0619763157994
TN,TCGA-KIRC,TCGA-BP-5170-01,TCGA-CJ-5678-11,0.002649110494638344,0.3496012253350832,131.96928782044282,131.96928782044282
TN,TCGA-KIRC,TCGA-B0-5691-01,TCGA-KL-8324-11,0.0011888149089066215,0.14980076260828465,126.00848246936911,126.00848246936911
TN,TCGA-KIRC,TCGA-CW-5588-01,TCGA-B0-5697-11,0.0016384234763056147,0.26572750692606983,162.18487513694765,162.18487513694765
TN,TCGA-KIRC,TCGA-AK-3431-01,TCGA-B0-5697-11,0.0015919738963996086,0.3367454986654754,211.52702279042103,211.52702279042103
TN,TCGA-KIRC,TCGA-BP-4173-01,TCGA-KL-8332-11,0.004625576561883416,0.222503270045187,48.102818549951614,48.102818549951614
TN,TCGA-KIRC,TCGA-DX-AB36-01,TCGA-P4-A5E8-11,0.002599384905517658,0.32798918989224807,126.17953931948767,126.17953931948767
TN,TCGA-KIRC,TCGA-BP-4776-01,TCGA-CZ-5456-11,0.0025901815844651815,0.2954018012604058,114.04675372263529,114.04675372263529
TN,TCGA-KIRC,TCGA-DX-A7ER-01,TCGA-B2-5641-11,0.008552252907749573,0.14133054064796904,16.525533350388084,16.525533350388084
TN,TCGA-KIRC,TCGA-DX-A6YR-01,TCGA-V5-AASX-11,0.00509248412495997,0.4787120390605731,94.00363895377603,94.00363895377603
TN,TCGA-KIRC,TCGA-EU-5905-01,TCGA-KL-8336-11,0.0015442844285979474,0.25909089957317366,167.77408019868577,167.77408019868577
TN,TCGA-KIRC,TCGA-CJ-4912-01,TCGA-B0-5402-11,0.004299288515222854,0.31088454685623207,72.31069646883593,72.31069646883593
TN,TCGA-KIRC,TCGA-BP-4170-01,TCGA-CW-5580-11,0.0011307635947937571,0.35477604071881336,313.74908278995474,313.74908278995474
TN,TCGA-KIRC,TCGA-DV-A4W0-01,TCGA-CJ-5680-11,0.0012985407506623426,0.23157105193235494,178.33175571443425,178.33175571443425
TN,TCGA-KIRC,TCGA-P4-A5EB-01,TCGA-CZ-5462-11,0.0017407274695104662,0.33090555449027553,190.09612951264222,190.09612951264222
TN,TCGA-KIRC,TCGA-B4-5834-01,TCGA-B0-5697-11,0.001218186149890754,0.27217184643967474,223.423855593895,223.423855593895
TN,TCGA-KIRC,TCGA-DV-5573-01,TCGA-CZ-5984-11,0.0010741523712158038,0.028790303290769696,26.80281127916958,26.80281127916958
TN,TCGA-KIRC,TCGA-B2-A4SR-01,TCGA-B0-5691-11,0.0011318075641018354,0.31839899594176824,281.3190210426266,281.3190210426266
TN,TCGA-KIRC,TCGA-CJ-4638-01,TCGA-B0-5696-11,0.004891179167281757,0.34739030294692597,71.02383516651794,71.02383516651794
TN,TCGA-KIRC,TCGA-BP-4159-01,TCGA-CJ-5672-11,0.004064413365232103,0.28979633333664745,71.30090059629019,71.30090059629019
TN,TCGA-KIRC,TCGA-A3-3351-01,TCGA-CW-5587-11,0.0018950062575195104,0.29959356217265876,158.09634452860072,158.09634452860072
TN,TCGA-KIRC,TCGA-CJ-5678-01,TCGA-CZ-5456-11,0.0029196918186596716,0.3411958851480058,116.86023948398667,116.86023948398667
TN,TCGA-KIRC,TCGA-B0-5706-01,TCGA-CW-5581-11,0.00193367334030542,0.40459810935038476,209.23808634941372,209.23808634941372
TN,TCGA-KIRC,TCGA-CJ-4878-01,TCGA-CJ-5678-11,0.002694748348781405,0.35900660587560873,133.22453877296388,133.22453877296388
TN,TCGA-KIRC,TCGA-DX-A3LW-01,TCGA-CZ-5461-11,0.004273885008445574,0.3069384640088245,71.81720224158747,71.81720224158747
TN,TCGA-KIRC,TCGA-B0-4837-01,TCGA-B2-5641-11,0.0028478996044692395,0.39395325066014797,138.33115817773663,138.33115817773663
TN,TCGA-KIRC,TCGA-A3-3324-01,TCGA-CZ-5986-11,0.0013073172045786406,0.3588021945535929,274.45687496267436,274.45687496267436
TN,TCGA-KIRC,TCGA-BP-4768-01,TCGA-B0-5699-11,0.00215772886672769,0.3731775484767609,172.94923112499504,172.94923112499504
TN,TCGA-KIRC,TCGA-BP-4985-01,TCGA-CZ-5466-11,0.0023500787979511446,0.3532852413176748,150.32910454988888,150.32910454988888
TN,TCGA-KIRC,TCGA-BP-4756-01,TCGA-CZ-4865-11,0.0018319243945301637,0.3802938773381075,207.59256139260157,207.59256139260157
TN,TCGA-KIRC,TCGA-DX-A7EM-01,TCGA-B0-5690-11,0.002532873854412824,0.43668658547986994,172.40755386181817,172.40755386181817
TN,TCGA-KIRC,TCGA-CW-5591-01,TCGA-CW-5585-11,0.0007704467570781742,0.15806819936408342,205.16433862806807,205.16433862806807
TN,TCGA-KIRC,TCGA-BP-5189-01,TCGA-CW-5591-11,0.0009223286316809342,0.2133013679946478,231.26395589163084,231.26395589163084
TN,TCGA-KIRC,TCGA-A3-A6NN-01,TCGA-KL-8329-11,0.0012179657627221434,0.3178438369820087,260.9628666996602,260.9628666996602
TN,TCGA-KIRC,TCGA-BP-5008-01,TCGA-B0-5699-11,0.0012382642086181956,0.17893785087714328,144.5070039429014,144.5070039429014
TN,TCGA-KIRC,TCGA-DX-A1KX-01,TCGA-CZ-4864-11,0.003694500154489813,0.2968987257855178,80.36235305734277,80.36235305734277
TN,TCGA-KIRC,TCGA-P4-AAVM-01,TCGA-B0-5711-11,0.002439068062481571,0.09549857215802209,39.15371351337337,39.15371351337337
TN,TCGA-KIRC,TCGA-A3-3322-01,TCGA-B0-5697-11,0.0017719907172434424,0.31602557344871707,178.34493734839378,178.34493734839378
TN,TCGA-KIRC,TCGA-DX-A3UB-01,TCGA-CZ-5984-11,0.005727045140686916,0.18810833613757755,32.84561785643886,32.84561785643886
TN,TCGA-KIRC,TCGA-B0-5097-01,TCGA-CW-5581-11,0.0018496238706654934,0.36824734375002616,199.09309648860176,199.09309648860176
TN,TCGA-KIRC,TCGA-B8-4146-01,TCGA-CZ-5986-11,0.007027043264940927,0.3814441257513281,54.28230784552238,54.28230784552238
TN,TCGA-KIRC,TCGA-B0-5709-01,TCGA-B0-5705-11,0.0009373689445406387,0.16197176119709614,172.79403391849198,172.79403391849198
TN,TCGA-KIRC,TCGA-BP-5201-01,TCGA-CZ-5454-11,0.0022516491818399395,0.3743862795495553,166.27202966122138,166.27202966122138
TN,TCGA-KIRC,TCGA-BP-4964-01,TCGA-CZ-5456-11,0.0020824939227209738,0.2713136691116862,130.28305444329433,130.28305444329433
TN,TCGA-KIRC,TCGA-A3-3311-01,TCGA-CJ-5678-11,0.0014266907601824773,0.24814374289226265,173.92959274546956,173.92959274546956
TN,TCGA-KIRC,TCGA-DX-A6BB-01,TCGA-CZ-5462-11,0.005517119659420691,0.2894624287799764,52.46622271201031,52.46622271201031
TN,TCGA-KIRC,TCGA-CJ-4637-01,TCGA-CW-5581-11,0.0018907070042117752,0.3178104157969967,168.0907803742389,168.0907803742389
TN,TCGA-KIRC,TCGA-B0-4845-01,TCGA-KL-8339-11,0.0030251707851521323,0.35407270667113133,117.04222069344274,117.04222069344274
TN,TCGA-KIRC,TCGA-BP-5170-01,TCGA-V5-A7RE-11,0.005230306857884627,0.40390401901990924,77.22377099367098,77.22377099367098
TN,TCGA-KIRC,TCGA-DX-A48K-01,TCGA-CW-5584-11,0.001723935509004855,0.1833079443492536,106.33109150067247,106.33109150067247
TN,TCGA-KIRC,TCGA-CZ-5464-01,TCGA-B8-4619-11,0.002048894837707759,0.2165574478113711,105.69475984118783,105.69475984118783
TN,TCGA-KIRC,TCGA-B0-5700-01,TCGA-CZ-5466-11,0.0027450654041689115,0.3131733671822272,114.08594006780787,114.08594006780787
TN,TCGA-KIRC,TCGA-B0-5697-01,TCGA-V5-A7RE-11,0.0026794799809275616,0.14559468735839654,54.336919251024106,54.336919251024106
TN,TCGA-KIRC,TCGA-B8-5552-01,TCGA-B0-5703-11,0.001547403428647919,0.2474796337574477,159.93219943533987,159.93219943533987
TN,TCGA-KIRC,TCGA-DX-A3LW-01,TCGA-CZ-5467-11,0.0037212734452216657,0.3955685899196834,106.29925366748223,106.29925366748223
TN,TCGA-KIRC,TCGA-B0-4810-01,TCGA-B0-5402-11,0.0015998672680087927,0.2543665847584649,158.99230507731528,158.99230507731528
TN,TCGA-KIRC,TCGA-CJ-4888-01,TCGA-CW-5585-11,0.0016465466110317213,0.4023117087648298,244.33666564273116,244.33666564273116
TN,TCGA-KIRC,TCGA-BP-5194-01,TCGA-CZ-4864-11,0.0014757799727066747,0.33010221611984025,223.6798318345598,223.6798318345598
TN,TCGA-KIRC,TCGA-DX-A6BB-01,TCGA-CZ-5461-11,0.006204928107283883,0.19908875167987725,32.08558555999538,32.08558555999538
TN,TCGA-KIRC,TCGA-CZ-5987-01,TCGA-CZ-5466-11,0.002460250672913975,0.34778495752932725,141.36159431160854,141.36159431160854
TN,TCGA-KIRC,TCGA-KL-8334-01,TCGA-B0-5402-11,0.0027072898782956913,0.06798344548481339,25.111254627676118,25.111254627676118
TN,TCGA-KIRC,TCGA-CJ-5686-01,TCGA-B0-5697-11,0.0010925548448327133,0.26415866807519295,241.78069350435186,241.78069350435186
TN,TCGA-KIRC,TCGA-CZ-5470-01,TCGA-B0-5690-11,0.0022656367478117987,0.3298155051172573,145.57298535866366,145.57298535866366
TN,TCGA-KIRC,TCGA-MW-A4EC-01,TCGA-B0-5709-11,0.0015455867679276408,0.3148816992180573,203.72955161893506,203.72955161893506
TN,TCGA-KIRC,TCGA-MM-A564-01,TCGA-CZ-5452-11,0.0054018053510914875,0.34855349466483987,64.52537105847608,64.52537105847608
TN,TCGA-KIRC,TCGA-Q2-A5QZ-01,TCGA-CZ-5455-11,0.01757410178717674,0.39493901160229283,22.47278503248839,22.47278503248839
TN,TCGA-KIRC,TCGA-BP-5175-01,TCGA-B0-5697-11,0.008864379653958027,0.34652054279047084,39.09134720281822,39.09134720281822
TN,TCGA-KIRC,TCGA-B0-4703-01,TCGA-CZ-5452-11,0.001525826918735503,0.37582687629076084,246.31029357000693,246.31029357000693
TN,TCGA-KIRC,TCGA-DX-A7EF-01,TCGA-B8-4619-11,0.004982756127476775,0.3619994972585526,72.6504544868958,72.6504544868958
TN,TCGA-KIRC,TCGA-A3-3387-01,TCGA-CZ-5467-11,0.0020192110085641207,0.2390321923452885,118.3790061224292,118.3790061224292
TN,TCGA-KIRC,TCGA-A3-3383-01,TCGA-KL-8324-11,0.003096773736516948,0.2734977771936218,88.31700358620147,88.31700358620147
TN,TCGA-KIRC,TCGA-BP-4971-01,TCGA-P4-A5ED-11,0.002382966928681949,0.3649664954189561,153.15634095720497,153.15634095720497
TN,TCGA-KIRC,TCGA-A3-A6NJ-01,TCGA-A3-3358-11,0.002097156670215947,0.2413388453847222,115.07907292394668,115.07907292394668
TN,TCGA-KIRC,TCGA-B3-8121-01,TCGA-CZ-5984-11,0.0012787893951794345,0.36466174008143176,285.1616860884774,285.1616860884774
TN,TCGA-KIRC,TCGA-MM-A563-01,TCGA-B2-5636-11,0.0020023499053065464,0.2555999517150469,127.64999315937054,127.64999315937054
TN,TCGA-KIRC,TCGA-B8-5162-01,TCGA-CW-5585-11,0.001559087010957325,0.42819383636491615,274.6439636502344,274.6439636502344
TN,TCGA-KIRC,TCGA-BP-4969-01,TCGA-KL-8332-11,0.004225402082413149,0.34896912165623845,82.58838208763801,82.58838208763801
TN,TCGA-KIRC,TCGA-DX-A7EN-01,TCGA-CZ-5456-11,0.003790356189469912,0.4582452679468886,120.8976795426118,120.8976795426118
TN,TCGA-KIRC,TCGA-BP-5194-01,TCGA-CW-5584-11,0.0011743920332099433,0.2889386075114736,246.03249966003537,246.03249966003537
TN,TCGA-KIRC,TCGA-CJ-5684-01,TCGA-KL-8336-11,0.0010183442011111286,0.28437001022239095,279.24743904085784,279.24743904085784
TN,TCGA-KIRC,TCGA-B0-4945-01,TCGA-CZ-5470-11,0.0015925433787182224,0.2791281633081448,175.27193735394792,175.27193735394792
TN,TCGA-KIRC,TCGA-BP-4326-01,TCGA-CZ-4864-11,0.002345301372561784,0.3964668877323918,169.04730981303655,169.04730981303655
TN,TCGA-KIRC,TCGA-DX-A6Z2-01,TCGA-CZ-5466-11,0.003185017394988849,0.2965750461630918,93.11567548413034,93.11567548413034
TN,TCGA-KIRC,TCGA-DX-A6BH-01,TCGA-CZ-5455-11,0.003539737250304666,0.3493977684150863,98.70726093723864,98.70726093723864
TN,TCGA-KIRC,TCGA-AK-3456-01,TCGA-CJ-5680-11,0.0008758987321736345,0.09572994897746216,109.29339826751234,109.29339826751234
TN,TCGA-KIRC,TCGA-CZ-5455-01,TCGA-CZ-5451-11,0.0010652976771103396,0.3237614060237303,303.9163728413878,303.9163728413878
TN,TCGA-KIRC,TCGA-DX-A8BX-01,TCGA-B0-5706-11,0.002829185552921187,0.4164265570495924,147.18955305692984,147.18955305692984
TN,TCGA-KIRC,TCGA-KL-8339-01,TCGA-KL-8332-11,0.004005997899811121,0.1413731349244278,35.29036671015064,35.29036671015064
TN,TCGA-KIRC,TCGA-BP-4989-01,TCGA-KL-8326-11,0.001884172863312161,0.3464656039898704,183.88206875075326,183.88206875075326
TN,TCGA-KIRC,TCGA-DX-A3UE-01,TCGA-B0-5694-11,0.002996315374854,0.06776461654686158,22.615982655084668,22.615982655084668
TN,TCGA-KIRC,TCGA-CJ-6033-01,TCGA-CZ-5451-11,0.002192584878767769,0.3705333531837446,168.99384683888908,168.99384683888908
TN,TCGA-KIRC,TCGA-DX-AB2F-01,TCGA-CZ-5462-11,0.004019654699205709,0.3691962526369503,91.84775316892372,91.84775316892372
TN,TCGA-KIRC,TCGA-KL-8343-01,TCGA-CW-5580-11,0.0021948834863448237,0.08897717610541483,40.53845074646309,40.53845074646309
TN,TCGA-KIRC,TCGA-B0-5705-01,TCGA-B0-5703-11,0.0012803013354464995,0.34167609655231956,266.8716239627771,266.8716239627771
TN,TCGA-KIRC,TCGA-AK-3440-01,TCGA-CZ-5462-11,0.0029913549897195237,0.11233829005251143,37.55431583298795,37.55431583298795
TN,TCGA-KIRC,TCGA-DX-A6YT-01,TCGA-CJ-5676-11,0.002542856785729299,0.38709950963098266,152.23016561664576,152.23016561664576
TN,TCGA-KIRC,TCGA-V5-AASV-01,TCGA-CZ-5468-11,0.004262019170789519,0.35572326248407915,83.46355289110139,83.46355289110139
TN,TCGA-KIRC,TCGA-B0-4849-01,TCGA-KL-8332-11,0.004376990181119221,0.3263617604828408,74.56305519958656,74.56305519958656
TN,TCGA-KIRC,TCGA-B0-5098-01,TCGA-CW-5580-11,0.0030952787674020012,0.3457863723584048,111.71412927328609,111.71412927328609
TN,TCGA-KIRC,TCGA-B0-5096-01,TCGA-CZ-4865-11,0.0018247663808592103,0.4151908566491709,227.53096560978614,227.53096560978614
TN,TCGA-KIRC,TCGA-DX-AB2L-01,TCGA-P4-A5ED-11,0.0021328108226096477,0.2074650075414177,97.27304707108027,97.27304707108027
TN,TCGA-KIRC,TCGA-CZ-4853-01,TCGA-CJ-5681-11,0.0014618083159517563,0.3381468365805599,231.3209145758613,231.3209145758613
TN,TCGA-KIRC,TCGA-DX-A3U5-01,TCGA-CZ-5455-11,0.003517381153591883,0.37391387486264155,106.30462225590985,106.30462225590985
TN,TCGA-KIRC,TCGA-DX-A6BE-01,TCGA-CZ-5457-11,0.0031521495624959933,0.37533302243266353,119.07208556927115,119.07208556927115
TN,TCGA-KIRC,TCGA-B3-4103-01,TCGA-B0-5402-11,0.0014233849674425898,0.3253843236315288,228.5989602771695,228.5989602771695
TN,TCGA-KIRC,TCGA-CZ-4866-01,TCGA-CZ-4865-11,0.001321267122392512,0.40876992752657404,309.3772035940661,309.3772035940661
TN,TCGA-KIRC,TCGA-BP-5182-01,TCGA-B0-5711-11,0.0011847029901475505,0.282918940294401,238.81001622116653,238.81001622116653
TN,TCGA-KIRC,TCGA-BP-4351-01,TCGA-V5-AASX-11,0.005221833512758239,0.19386533320310118,37.12591233126064,37.12591233126064
TN,TCGA-KIRC,TCGA-UZ-A9PR-01,TCGA-B0-4712-11,0.0017376099762831812,0.37471358759010426,215.6488468094733,215.6488468094733
TN,TCGA-KIRC,TCGA-BP-4986-01,TCGA-CZ-5984-11,0.0014677427961576357,0.3336611794587153,227.32946149161688,227.32946149161688
TN,TCGA-KIRC,TCGA-B0-5108-01,TCGA-CZ-4863-11,0.0017757194845710606,0.27197267072335146,153.16195665276976,153.16195665276976
TN,TCGA-KIRC,TCGA-A3-3347-01,TCGA-V5-A7RE-11,0.0020203763363788744,0.1398349458524028,69.2123261070407,69.2123261070407
TN,TCGA-KIRC,TCGA-UZ-A9PV-01,TCGA-B0-5696-11,0.002510192177169472,0.3661013491701597,145.84594458539854,145.84594458539854
TN,TCGA-KIRC,TCGA-AK-3456-01,TCGA-CZ-5469-11,0.001279282098416129,0.4065250158664044,317.7758966296178,317.7758966296178
TN,TCGA-KIRC,TCGA-AK-3431-01,TCGA-B2-5636-11,0.0014420979635126996,0.3265003769236305,226.4065168834525,226.4065168834525
TN,TCGA-KIRC,TCGA-B8-A54F-01,TCGA-B0-5699-11,0.0020362416264672993,0.33252008567671243,163.30089776899692,163.30089776899692
TN,TCGA-KIRC,TCGA-DX-A1L2-01,TCGA-V5-AASX-11,0.004123820484359398,0.4952930979117238,120.10539735913444,120.10539735913444
TN,TCGA-KIRC,TCGA-CJ-4923-01,TCGA-CW-5591-11,0.0021955558262145066,0.20507990599095205,93.40682825840187,93.40682825840187
TN,TCGA-KIRC,TCGA-B0-4815-01,TCGA-B0-5691-11,0.0023567962412262963,0.3419733929766749,145.10095823928253,145.10095823928253
TN,TCGA-KIRC,TCGA-CZ-5459-01,TCGA-CZ-5988-11,0.002376954979311349,0.31015763011489705,130.48527751449288,130.48527751449288
TN,TCGA-KIRC,TCGA-P4-AAVL-01,TCGA-CW-5580-11,0.004170914809295007,0.33396521546690916,80.07001598849676,80.07001598849676
TN,TCGA-KIRC,TCGA-CZ-5461-01,TCGA-B0-4712-11,0.0014606342961707352,0.3587978380122724,245.64522341623294,245.64522341623294
TN,TCGA-KIRC,TCGA-DX-AB2Z-01,TCGA-CZ-5469-11,0.0028627852916216865,0.4916453343167975,171.73671240929647,171.73671240929647
TN,TCGA-KIRC,TCGA-B0-4822-01,TCGA-CW-5589-11,0.005906967196469213,0.36539491044651884,61.85829348517921,61.85829348517921
TN,TCGA-KIRC,TCGA-CJ-6027-01,TCGA-CW-6088-11,0.003088806322085082,0.4126810983251464,133.60536572800336,133.60536572800336
TN,TCGA-KIRC,TCGA-BP-4790-01,TCGA-KL-8329-11,0.001897759386804725,0.24329507814024415,128.201224998224,128.201224998224
TN,TCGA-KIRC,TCGA-UZ-A9PZ-01,TCGA-CZ-5466-11,0.00519855072180616,0.39831198573419013,76.61981329977338,76.61981329977338
TN,TCGA-KIRC,TCGA-BP-4330-01,TCGA-B0-5711-11,0.0013960612475427741,0.32858856308755413,235.36830039936086,235.36830039936086
TN,TCGA-KIRC,TCGA-CJ-4902-01,TCGA-B0-5712-11,0.0010274427877781092,0.2808209626766737,273.32029191032774,273.32029191032774
TN,TCGA-KIRC,TCGA-XM-A8RE-01,TCGA-B0-5691-11,0.00616383429577814,0.30950088431677575,50.212395315163725,50.212395315163725
TN,TCGA-KIRC,TCGA-B8-A54I-01,TCGA-CZ-5465-11,0.006028690705214553,0.4327685341401252,71.78482945986919,71.78482945986919
TN,TCGA-KIRC,TCGA-DX-A6YV-01,TCGA-KL-8339-11,0.004503623304874734,0.3383669713326715,75.13216546473197,75.13216546473197
TN,TCGA-KIRC,TCGA-B4-5838-01,TCGA-KL-8324-11,0.0022628342407013625,0.3305391160820387,146.07305746778363,146.07305746778363
TN,TCGA-KIRC,TCGA-B0-5107-01,TCGA-KL-8332-11,0.005638992066325444,0.4164477199859506,73.85144633787752,73.85144633787752
TN,TCGA-KIRC,TCGA-DX-A23U-01,TCGA-KL-8336-11,0.0017784327506071894,0.044578245536651025,25.06602823268476,25.06602823268476
TN,TCGA-KIRC,TCGA-CJ-4889-01,TCGA-B8-4622-11,0.0021782365251504735,0.22031308478681044,101.14286591149283,101.14286591149283
TN,TCGA-KIRC,TCGA-BP-4174-01,TCGA-KL-8324-11,0.0019223106777261924,0.25859707309284596,134.52407880225056,134.52407880225056
TN,TCGA-KIRC,TCGA-DX-A7EO-01,TCGA-CJ-6033-11,0.0034679141063078027,0.23686874221410126,68.30294377339386,68.30294377339386
TN,TCGA-KIRC,TCGA-B2-5633-01,TCGA-B0-5703-11,0.0024186542446105316,0.3437640530496747,142.13029986228148,142.13029986228148
TN,TCGA-KIRC,TCGA-BP-4159-01,TCGA-B0-5709-11,0.0030057598705789884,0.23306681478151275,77.54006468142046,77.54006468142046
TN,TCGA-KIRC,TCGA-DX-A6YV-01,TCGA-CJ-5681-11,0.0028984995512408565,0.1862493887906552,64.25717358173172,64.25717358173172
TN,TCGA-KIRC,TCGA-DX-A2J0-01,TCGA-CW-5587-11,0.003644506924383786,0.3808559847123335,104.50137497728275,104.50137497728275
TN,TCGA-KIRC,TCGA-XM-A8RI-01,TCGA-CZ-5451-11,0.0023328320844547197,0.4152128160686252,177.98658499061145,177.98658499061145
TN,TCGA-KIRC,TCGA-BP-5195-01,TCGA-CZ-4863-11,0.0014581513985581123,0.283284523078986,194.27648141277433,194.27648141277433
TN,TCGA-KIRC,TCGA-DX-A23Z-01,TCGA-CZ-5985-11,0.004510340904405273,0.4690246968561002,103.98874648211212,103.98874648211212
TN,TCGA-KIRC,TCGA-BP-5174-01,TCGA-B0-5701-11,0.0024558577674336207,0.27682278450796316,112.71938797874434,112.71938797874434
TN,TCGA-KIRC,TCGA-BP-4774-01,TCGA-A3-3358-11,0.002404868982769659,0.3218762162706007,133.84355595950166,133.84355595950166
TN,TCGA-KIRC,TCGA-CZ-5985-01,TCGA-CZ-5469-11,0.0021856634793032776,0.23297651967168748,106.59304228570139,106.59304228570139
TN,TCGA-KIRC,TCGA-BP-4959-01,TCGA-CZ-4864-11,0.001120054131330363,0.3147316935722414,280.9968596771422,280.9968596771422
TN,TCGA-KIRC,TCGA-UZ-A9PO-01,TCGA-B0-5706-11,0.0016932115963170138,0.3413584326234809,201.60411927604684,201.60411927604684
TN,TCGA-KIRC,TCGA-HE-7130-01,TCGA-B8-4620-11,0.0028570696048422087,0.22703925580304873,79.46577689891029,79.46577689891029
TN,TCGA-KIRC,TCGA-B8-5546-01,TCGA-B0-5694-11,0.0007851677482325164,0.13933584587586043,177.45997105652646,177.45997105652646
TN,TCGA-KIRC,TCGA-KL-8341-01,TCGA-CW-5581-11,0.0022160002734774916,0.12367599370340035,55.81045958506131,55.81045958506131
TN,TCGA-KIRC,TCGA-DX-AB2V-01,TCGA-CZ-5989-11,0.003197392493639317,0.18681469285225755,58.427200671764396,58.427200671764396
TN,TCGA-KIRC,TCGA-CW-5588-01,TCGA-B0-5712-11,0.001308901694333025,0.2865401996402879,218.91651671082886,218.91651671082886
TN,TCGA-KIRC,TCGA-BP-4330-01,TCGA-CW-5585-11,0.0017371245052333988,0.28068488495022775,161.58017695600645,161.58017695600645
TN,TCGA-KIRC,TCGA-UZ-A9PR-01,TCGA-B0-5703-11,0.0015686784583743532,0.22094662428374573,140.8488929673429,140.8488929673429
TN,TCGA-KIRC,TCGA-DX-A3U5-01,TCGA-B2-5636-11,0.00302301467896705,0.1939556224324397,64.15966941275767,64.15966941275767
TN,TCGA-KIRC,TCGA-DX-A8BJ-01,TCGA-B2-5636-11,0.005404431021233724,0.25480140711796584,47.146759042138676,47.146759042138676
TN,TCGA-KIRC,TCGA-B0-5698-01,TCGA-CZ-5986-11,0.0014228755721512967,0.38507979932160596,270.6349078292138,270.6349078292138
TN,TCGA-KIRC,TCGA-CJ-5677-01,TCGA-B0-5699-11,0.00281435787194117,0.36179465732038874,128.5531811456676,128.5531811456676
TN,TCGA-KIRC,TCGA-DX-AB35-01,TCGA-B0-5699-11,0.005146750141016425,0.4001820920948923,77.75432673633945,77.75432673633945
TN,TCGA-KIRC,TCGA-B1-A655-01,TCGA-CZ-4865-11,0.00146732942079429,0.2745473528647918,187.10682752900487,187.10682752900487
TN,TCGA-KIRC,TCGA-DX-A23Z-01,TCGA-CZ-4864-11,0.003786425316446223,0.365242691400835,96.4610842354171,96.4610842354171
TN,TCGA-KIRC,TCGA-BP-4969-01,TCGA-B0-5701-11,0.003162470280607744,0.29949416451771205,94.70260206213135,94.70260206213135
TN,TCGA-KIRC,TCGA-BP-5190-01,TCGA-B8-5552-11,0.0060828485236208134,0.4293429109826526,70.58254193170117,70.58254193170117
TN,TCGA-KIRC,TCGA-A3-3325-01,TCGA-CZ-5985-11,0.0022633020914319185,0.18714511281927126,82.68675822274815,82.68675822274815
TN,TCGA-KIRC,TCGA-KL-8338-01,TCGA-B8-4619-11,0.0048092910811922615,0.13127041492812197,27.2951694359866,27.2951694359866
TN,TCGA-KIRC,TCGA-EU-5907-01,TCGA-CZ-5989-11,0.0018130077310452826,0.39469118961125504,217.6996726780075,217.6996726780075
TN,TCGA-KIRC,TCGA-CJ-4875-01,TCGA-A3-3387-11,0.003652634094717459,0.36115806597945915,98.87605947219734,98.87605947219734
TN,TCGA-KIRC,TCGA-B0-5104-01,TCGA-CJ-5681-11,0.0011254142041771395,0.32285928640587813,286.8804083043724,286.8804083043724
TN,TCGA-KIRC,TCGA-BP-4174-01,TCGA-CW-5587-11,0.0018587840827401253,0.34137346400306545,183.65417864985693,183.65417864985693
TN,TCGA-KIRC,TCGA-AY-A71X-01,TCGA-A3-3387-11,0.0032112946226722965,0.3475302308176883,108.22122279409203,108.22122279409203
TN,TCGA-KIRC,TCGA-CZ-5988-01,TCGA-CZ-5455-11,0.0020520679221921103,0.3368284941169514,164.1410064814698,164.1410064814698
TN,TCGA-KIRC,TCGA-B0-4846-01,TCGA-CZ-5462-11,0.0016700233209578298,0.30941230628340666,185.27424282072027,185.27424282072027
TN,TCGA-KIRC,TCGA-BP-4327-01,TCGA-CW-5584-11,0.001788096113388778,0.3457082775005497,193.33875562503604,193.33875562503604
TN,TCGA-KIRC,TCGA-CJ-4900-01,TCGA-B0-5705-11,0.0038194870425881646,0.346575114874036,90.73865443438956,90.73865443438956
TN,TCGA-KIRC,TCGA-B0-5102-01,TCGA-B0-5703-11,0.0017407413954429558,0.32182436831218536,184.8777590713253,184.8777590713253
TN,TCGA-KIRC,TCGA-B8-A54K-01,TCGA-KL-8332-11,0.0048584878512347805,0.43092311211749035,88.69490370506362,88.69490370506362
TN,TCGA-KIRC,TCGA-UZ-A9PZ-01,TCGA-CZ-5988-11,0.004419222275944629,0.37874212917069283,85.70334450754346,85.70334450754346
TN,TCGA-KIRC,TCGA-B0-4694-01,TCGA-CZ-4865-11,0.0019625565784677015,0.2376413362635582,121.08763582709071,121.08763582709071
TN,TCGA-KIRC,TCGA-BP-4986-01,TCGA-B0-5703-11,0.0020875958114596597,0.3506119003931889,167.95008807190456,167.95008807190456
TN,TCGA-KIRC,TCGA-BP-4974-01,TCGA-B0-5712-11,0.0011533808826943404,0.3056529478996438,265.0060812397265,265.0060812397265
TN,TCGA-KIRC,TCGA-CJ-4881-01,TCGA-CW-5581-11,0.002867261384176035,0.33983663089447,118.523073191016,118.523073191016
TN,TCGA-KIRC,TCGA-P4-A5E8-01,TCGA-B0-5709-11,0.0028859338506500706,0.2258977864759274,78.2754554214896,78.2754554214896
TN,TCGA-KIRC,TCGA-B0-4698-01,TCGA-KL-8324-11,0.0022981814888600764,0.30141707797424744,131.154601773315,131.154601773315
TN,TCGA-KIRC,TCGA-BP-4341-01,TCGA-CZ-5984-11,0.002690635597374476,0.3461934036655855,128.66603117991943,128.66603117991943
TN,TCGA-KIRC,TCGA-CJ-4923-01,TCGA-CZ-5462-11,0.0032104843874714807,0.2213874117550565,68.95763537084733,68.95763537084733
TN,TCGA-KIRC,TCGA-BP-5169-01,TCGA-KL-8326-11,0.007189256356880228,0.31565954683457165,43.90712073196286,43.90712073196286
TN,TCGA-KIRC,TCGA-B0-4701-01,TCGA-CJ-5676-11,0.0013043403482059217,0.31836681377767073,244.0826232321756,244.0826232321756
TN,TCGA-KIRC,TCGA-BP-5177-01,TCGA-CJ-5679-11,0.0020090952960670396,0.26875264432065993,133.7679924126865,133.7679924126865
TN,TCGA-KIRC,TCGA-KL-8337-01,TCGA-P4-A5ED-11,0.0031372734607688713,0.04817964096902903,15.357169711696521,15.357169711696521
TN,TCGA-KIRC,TCGA-BP-4756-01,TCGA-CJ-5689-11,0.001417245656613347,0.24590615798861418,173.50990411657497,173.50990411657497
TN,TCGA-KIRC,TCGA-B8-4154-01,TCGA-B0-5699-11,0.0034497494555357595,0.3567798365276663,103.42195603658905,103.42195603658905
TN,TCGA-KIRC,TCGA-BP-5202-01,TCGA-CW-6087-11,0.0015496386900373973,0.3512485590862765,226.66480989694432,226.66480989694432
TN,TCGA-KIRC,TCGA-B1-A656-01,TCGA-B0-5711-11,0.007056311515487372,0.278260400172582,39.43425677308166,39.43425677308166
TN,TCGA-KIRC,TCGA-DX-A23Y-01,TCGA-CW-5589-11,0.002379486337685726,0.24862398494946233,104.48640994983502,104.48640994983502
TN,TCGA-KIRC,TCGA-CJ-4638-01,TCGA-CZ-5987-11,0.0064058321184015336,0.32591721446784705,50.87820105862752,50.87820105862752
TN,TCGA-KIRC,TCGA-DX-A7EI-01,TCGA-CJ-5677-11,0.00417633445034022,0.4147487620137523,99.30927873364291,99.30927873364291
TN,TCGA-KIRC,TCGA-DX-A6YZ-01,TCGA-B8-4620-11,0.0021908059024158422,0.09973079869946583,45.52242560123233,45.52242560123233
TN,TCGA-KIRC,TCGA-B0-5696-01,TCGA-CZ-5469-11,0.0021825953851644375,0.3110759859987942,142.52572332611143,142.52572332611143
TN,TCGA-KIRC,TCGA-BP-4964-01,TCGA-CJ-5678-11,0.00159374052780498,0.2772932330959712,173.98894503729562,173.98894503729562
TN,TCGA-KIRC,TCGA-UZ-A9PX-01,TCGA-V5-A7RE-11,0.0036199504837254523,0.37767704812717906,104.33210338791562,104.33210338791562
TN,TCGA-KIRC,TCGA-DX-A3U9-01,TCGA-CW-5584-11,0.002448482990453767,0.1703137292948525,69.55887786800145,69.55887786800145
TN,TCGA-KIRC,TCGA-DX-AB2Q-01,TCGA-B0-5709-11,0.0035618967436479416,0.26352860064095357,73.98546886877436,73.98546886877436
TN,TCGA-KIRC,TCGA-B0-4841-01,TCGA-V5-A7RE-11,0.009328228816710641,0.39749867703580877,42.61244924907153,42.61244924907153
TN,TCGA-KIRC,TCGA-DX-A8BP-01,TCGA-B0-5690-11,0.0038907558398285033,0.43343129121594615,111.40028032061012,111.40028032061012
TN,TCGA-KIRC,TCGA-A3-A8OV-01,TCGA-V5-AASX-11,0.0054067212785868755,0.3608650817768315,66.74379225095709,66.74379225095709
TN,TCGA-KIRC,TCGA-A3-3357-01,TCGA-CZ-5469-11,0.001992856791104716,0.40373307363439637,202.59010854994344,202.59010854994344
TN,TCGA-KIRC,TCGA-KL-8334-01,TCGA-CW-5580-11,0.002687801795129904,0.13084605353268583,48.681436916133144,48.681436916133144
TN,TCGA-KIRC,TCGA-CZ-5461-01,TCGA-CZ-5452-11,0.001296702681584513,0.3572761716315448,275.52666984151614,275.52666984151614
TN,TCGA-KIRC,TCGA-CZ-5982-01,TCGA-CW-5580-11,0.0013135032234793675,0.36164930838104103,275.33187731588527,275.33187731588527
TN,TCGA-KIRC,TCGA-B0-5702-01,TCGA-A3-3387-11,0.028949608686342755,0.33032892657428525,11.410479849771544,11.410479849771544
TN,TCGA-KIRC,TCGA-BP-4970-01,TCGA-CZ-5453-11,0.0010194260743788559,0.26392350292654726,258.89420484693596,258.89420484693596
TN,TCGA-KIRC,TCGA-DX-A6YT-01,TCGA-B0-5709-11,0.00270640146648482,0.40683236898628894,150.3222541165331,150.3222541165331
TN,TCGA-KIRC,TCGA-CJ-4904-01,TCGA-B8-4620-11,0.0008468700627146334,0.28748557806554886,339.4683443455502,339.4683443455502
TN,TCGA-KIRC,TCGA-DX-A48R-01,TCGA-P4-A5ED-11,0.002676179336280759,0.29729174333695185,111.08812451639184,111.08812451639184
TN,TCGA-KIRC,TCGA-B1-A47N-01,TCGA-CZ-5985-11,0.009666968285497266,0.4136352886547244,42.78852236179102,42.78852236179102
TN,TCGA-KIRC,TCGA-DX-A6YX-01,TCGA-A3-3358-11,0.004239705579956057,0.3012773267054407,71.06090765589514,71.06090765589514
TN,TCGA-KIRC,TCGA-B8-4622-01,TCGA-CZ-5985-11,0.0018124748115785395,0.2012384245913768,111.02963931184905,111.02963931184905
TN,TCGA-KIRC,TCGA-DV-5573-01,TCGA-B0-5706-11,0.0010414958498204676,0.03486543731271033,33.476309405093076,33.476309405093076
TN,TCGA-KIRC,TCGA-BP-4974-01,TCGA-CJ-5676-11,0.0016581070135684827,0.2710468114250698,163.46762254007865,163.46762254007865
TN,TCGA-KIRC,TCGA-CJ-4897-01,TCGA-CZ-5988-11,0.0012530577383732886,0.31825047861974937,253.97910157986817,253.97910157986817
TN,TCGA-KIRC,TCGA-A3-3323-01,TCGA-CZ-5462-11,0.00240442877289694,0.3040379956373102,126.44915876255905,126.44915876255905
TN,TCGA-KIRC,TCGA-EU-5904-01,TCGA-B8-4622-11,0.0022872166999722806,0.2822979979120464,123.4242465593521,123.4242465593521
TN,TCGA-KIRC,TCGA-B0-4815-01,TCGA-CZ-5986-11,0.0027164449410610222,0.3889474139296162,143.18251331009725,143.18251331009725
TN,TCGA-KIRC,TCGA-CZ-5467-01,TCGA-CZ-5457-11,0.001404362862010256,0.3643176764546349,259.4184781653492,259.4184781653492
TN,TCGA-KIRC,TCGA-DX-A8BS-01,TCGA-CZ-5987-11,0.0034024833428514343,0.21982210340400765,64.60637165670497,64.60637165670497
TN,TCGA-KIRC,TCGA-CZ-5459-01,TCGA-B0-5705-11,0.002356517577740071,0.3395654571245653,144.09629715141475,144.09629715141475
TN,TCGA-KIRC,TCGA-B8-A54K-01,TCGA-P4-A5E8-11,0.0021472784150357318,0.3224231152449111,150.15431300721465,150.15431300721465
TN,TCGA-KIRC,TCGA-V5-A7RE-01,TCGA-V5-A7RE-11,0.0015395445958350388,0.1665740717609866,108.19697734747199,108.19697734747199
TN,TCGA-KIRC,TCGA-MW-A4EC-01,TCGA-B0-5705-11,0.002306788580192798,0.3401082130343361,147.4379646035487,147.4379646035487
TN,TCGA-KIRC,TCGA-A3-3313-01,TCGA-CZ-4864-11,0.002039042466203569,0.28086710714094965,137.74460895063532,137.74460895063532
TN,TCGA-KIRC,TCGA-CZ-4854-01,TCGA-CZ-5470-11,0.002425194178104064,0.33808347255458004,139.4047023561975,139.4047023561975
TN,TCGA-KIRC,TCGA-CJ-4904-01,TCGA-B0-5712-11,0.0006818917971041277,0.27847363594404884,408.38390654745587,408.38390654745587
TN,TCGA-KIRC,TCGA-A3-3367-01,TCGA-CZ-5984-11,0.0012882859415318216,0.3195418617385354,248.03644240547078,248.03644240547078
TN,TCGA-KIRC,TCGA-CJ-4868-01,TCGA-KL-8324-11,0.001245582255171746,0.2999934109197484,240.8459254089037,240.8459254089037
TN,TCGA-KIRC,TCGA-DX-A23R-01,TCGA-CZ-5461-11,0.0032921137494590605,0.38888010289702135,118.1247467408803,118.1247467408803
TN,TCGA-KIRC,TCGA-BP-4807-01,TCGA-CZ-4864-11,0.001096335887018334,0.2703573395507849,246.60082986617013,246.60082986617013
TN,TCGA-KIRC,TCGA-DX-A8BO-01,TCGA-CJ-5681-11,0.004848608563140219,0.3264293590368521,67.32433744361474,67.32433744361474
TN,TCGA-KIRC,TCGA-UZ-A9PZ-01,TCGA-B0-5709-11,0.0035408548688276044,0.27017647419288715,76.30261171431293,76.30261171431293
TN,TCGA-KIRC,TCGA-BP-5177-01,TCGA-B2-5641-11,0.002586286994174185,0.3686709082494898,142.54833631377724,142.54833631377724
TN,TCGA-KIRC,TCGA-A3-3311-01,TCGA-CZ-5453-11,0.0013360529303337557,0.3278527677395202,245.38905629855563,245.38905629855563
TN,TCGA-KIRC,TCGA-A3-3329-01,TCGA-B2-5636-11,0.001340117457053488,0.3202350837892124,238.96045984902864,238.96045984902864
TN,TCGA-KIRC,TCGA-B0-4815-01,TCGA-V5-A7RE-11,0.0028022771430323574,0.28967548300978857,103.3714612168336,103.3714612168336
TN,TCGA-KIRC,TCGA-P4-A5EA-01,TCGA-B0-5709-11,0.005843028896126641,0.2954676478164331,50.56754862401919,50.56754862401919
TN,TCGA-KIRC,TCGA-HE-A5NI-01,TCGA-KL-8339-11,0.0055111538954152155,0.2480448849300324,45.007795034789986,45.007795034789986
TN,TCGA-KIRC,TCGA-CZ-4861-01,TCGA-CW-5585-11,0.0018048402465821913,0.3689089626177663,204.39978735866825,204.39978735866825
TN,TCGA-KIRC,TCGA-DX-A6BF-01,TCGA-CZ-5982-11,0.008674055549153549,0.4224778727867131,48.70592197532564,48.70592197532564
TN,TCGA-KIRC,TCGA-BP-4163-01,TCGA-CW-5587-11,0.0017967084599815903,0.3226457453782915,179.57601501002418,179.57601501002418
TN,TCGA-KIRC,TCGA-DX-AB30-01,TCGA-CZ-5469-11,0.0027769822013493832,0.43805151948177656,157.7437260018879,157.7437260018879
TN,TCGA-KIRC,TCGA-UZ-A9PV-01,TCGA-CW-5587-11,0.002924946902396315,0.3499689434588652,119.64967404097041,119.64967404097041
TN,TCGA-KIRC,TCGA-DX-A6B9-01,TCGA-V5-A7RE-11,0.004754205574877079,0.4657589760101462,97.96778214038179,97.96778214038179
TN,TCGA-KIRC,TCGA-A3-3325-01,TCGA-CZ-4865-11,0.001744573700627728,0.33838642405430697,193.96510673785212,193.96510673785212
TN,TCGA-KIRC,TCGA-DX-A8BR-01,TCGA-CZ-5457-11,0.002288264266990728,0.4090353168309688,178.75353067016457,178.75353067016457
TN,TCGA-KIRC,TCGA-AY-A54L-01,TCGA-B0-5402-11,0.002878482533485055,0.25657049654420006,89.1339424712657,89.1339424712657
TN,TCGA-KIRC,TCGA-BP-4349-01,TCGA-B0-5694-11,0.0015411827953579938,0.29589353739508395,191.99120200816432,191.99120200816432
TN,TCGA-KIRC,TCGA-CJ-4643-01,TCGA-B0-5711-11,0.0009883525040260614,0.2959460478070783,299.43370062962333,299.43370062962333
TN,TCGA-KIRC,TCGA-KL-8341-01,TCGA-CJ-6030-11,0.0023941336965621956,0.12024991903495377,50.226902201670704,50.226902201670704
TN,TCGA-KIRC,TCGA-MM-A84U-01,TCGA-P4-A5ED-11,0.0023905493690092802,0.3535233816357914,147.8837401221723,147.8837401221723
TN,TCGA-KIRC,TCGA-RG-A7D4-01,TCGA-CJ-5680-11,0.005035149415370136,0.14928412983203465,29.648401172830084,29.648401172830084
TN,TCGA-KIRC,TCGA-BP-4970-01,TCGA-CZ-5984-11,0.0008787301473834585,0.2622774231486246,298.4732274516724,298.4732274516724
TN,TCGA-KIRC,TCGA-B0-4691-01,TCGA-CJ-6030-11,0.0034345400084891658,0.33312853644334695,96.99363979454363,96.99363979454363
TN,TCGA-KIRC,TCGA-BP-5006-01,TCGA-CW-6087-11,0.0016178283847248787,0.3436770139071049,212.4310694212163,212.4310694212163
TN,TCGA-KIRC,TCGA-DX-A3LT-01,TCGA-A3-3358-11,0.004445825572953181,0.343940991754658,77.36268238841228,77.36268238841228
TN,TCGA-KIRC,TCGA-DX-A48R-01,TCGA-B0-5691-11,0.0036616177547115023,0.2463913597829273,67.29030070544336,67.29030070544336
TN,TCGA-KIRC,TCGA-DX-AATS-01,TCGA-B0-5711-11,0.004089694264595054,0.3152906572119684,77.0939431686802,77.0939431686802
TN,TCGA-KIRC,TCGA-A3-A8CQ-01,TCGA-CW-6090-11,0.0017605912435801712,0.3024925467020778,171.8130473527505,171.8130473527505
TN,TCGA-KIRC,TCGA-BP-4807-01,TCGA-B0-5402-11,0.000857638545440639,0.30108335829534516,351.0608984355455,351.0608984355455
TN,TCGA-KIRC,TCGA-DX-A3UA-01,TCGA-CZ-5988-11,0.003206274123615819,0.3647161714686713,113.75077657345439,113.75077657345439
TN,TCGA-KIRC,TCGA-B8-5552-01,TCGA-B0-5705-11,0.0008505891024816503,0.1929939189532302,226.89441751623386,226.89441751623386
TN,TCGA-KIRC,TCGA-KL-8344-01,TCGA-CZ-5985-11,0.0018058336456900706,0.28743010029924954,159.16754070080066,159.16754070080066
TN,TCGA-KIRC,TCGA-A3-3343-01,TCGA-CZ-5452-11,0.0013288116343730643,0.3989339204753848,300.2185638324897,300.2185638324897
TN,TCGA-KIRC,TCGA-CJ-5680-01,TCGA-CW-5585-11,0.0012396562362267786,0.25190887745595475,203.2086558308342,203.2086558308342
TN,TCGA-KIRC,TCGA-DX-AB2J-01,TCGA-CJ-5679-11,0.003751610993925943,0.08609491804542958,22.948786050798393,22.948786050798393
TN,TCGA-KIRC,TCGA-A3-3319-01,TCGA-CJ-5677-11,0.0024194196329674817,0.3703141521382096,153.05908371257183,153.05908371257183
TN,TCGA-KIRC,TCGA-CJ-4902-01,TCGA-KL-8336-11,0.0008672168547758625,0.2955628558169551,340.81770227280134,340.81770227280134
TN,TCGA-KIRC,TCGA-A3-3349-01,TCGA-V5-A7RE-11,0.0023423692656316577,0.22217240081108477,94.84943474579461,94.84943474579461
TN,TCGA-KIRC,TCGA-A3-3322-01,TCGA-CZ-4865-11,0.0019465081121800849,0.3689090450309386,189.52350761988927,189.52350761988927
TN,TCGA-KIRC,TCGA-B2-5633-01,TCGA-KL-8336-11,0.002114439096521011,0.2018480654350498,95.46175426247093,95.46175426247093
TN,TCGA-KIRC,TCGA-BP-5201-01,TCGA-B0-5701-11,0.0022774626355621715,0.3565709367217099,156.56499964210985,156.56499964210985
TN,TCGA-KIRC,TCGA-B8-A54J-01,TCGA-B8-5549-11,0.001991826617020411,0.28549565237827657,143.3335863366219,143.3335863366219
TN,TCGA-KIRC,TCGA-HE-A5NL-01,TCGA-CZ-5987-11,0.003882822264534069,0.23145359311122243,59.60962860065304,59.60962860065304
TN,TCGA-KIRC,TCGA-BP-5007-01,TCGA-CJ-5681-11,0.0013167918670258585,0.3135672076656825,238.12966613616305,238.12966613616305
TN,TCGA-KIRC,TCGA-CJ-4635-01,TCGA-B0-5701-11,0.001538988775196631,0.3593896301744086,233.52323029678413,233.52323029678413
TN,TCGA-KIRC,TCGA-B8-A54G-01,TCGA-A3-3387-11,0.0023947385460083527,0.31410813952429384,131.16594295768198,131.16594295768198
TN,TCGA-KIRC,TCGA-XM-A8RD-01,TCGA-B8-4622-11,0.005253446167010938,0.3020283780823333,57.49147673367687,57.49147673367687
TN,TCGA-KIRC,TCGA-AL-3471-01,TCGA-CW-5587-11,0.0036239312884619027,0.36067263601417365,99.52524132080141,99.52524132080141
TN,TCGA-KIRC,TCGA-B0-5812-01,TCGA-CW-5581-11,0.001260724388395305,0.21465674565009413,170.26460947845777,170.26460947845777
TN,TCGA-KIRC,TCGA-AY-6197-01,TCGA-CJ-5678-11,0.0031850820920894143,0.4397722509425614,138.07250118758188,138.07250118758188
TN,TCGA-KIRC,TCGA-BP-4353-01,TCGA-CJ-5681-11,0.001648116221274119,0.31564382319920103,191.5179397695536,191.5179397695536
TN,TCGA-KIRC,TCGA-B3-3926-01,TCGA-B0-5701-11,0.0014402890074284936,0.16822088150357417,116.79661556531451,116.79661556531451
TN,TCGA-KIRC,TCGA-BP-4170-01,TCGA-CJ-5677-11,0.0009494450413084228,0.3365812480257679,354.50313960450825,354.50313960450825
TN,TCGA-KIRC,TCGA-CJ-4893-01,TCGA-KL-8329-11,0.0008803492443698665,0.3210123861252864,364.6420874195895,364.6420874195895
TN,TCGA-KIRC,TCGA-MM-A84U-01,TCGA-P4-A5E8-11,0.0012555283609380153,0.3150999787394628,250.9700207043106,250.9700207043106
TN,TCGA-KIRC,TCGA-CJ-4892-01,TCGA-CZ-5982-11,0.0020908379175915617,0.16437391352279918,78.61628686748787,78.61628686748787
TN,TCGA-KIRC,TCGA-CJ-4912-01,TCGA-CW-5591-11,0.0039011779693149833,0.24739455818408534,63.415347910294365,63.415347910294365
TN,TCGA-KIRC,TCGA-DV-5567-01,TCGA-B0-5703-11,0.0014401752129236496,0.3138399689220688,217.9179075613676,217.9179075613676
TN,TCGA-KIRC,TCGA-BP-4965-01,TCGA-CZ-5467-11,0.001949062678005584,0.3074814644268597,157.75863336601162,157.75863336601162
TN,TCGA-KIRC,TCGA-BP-4762-01,TCGA-B2-5636-11,0.0013041335926350143,0.2538002554741285,194.61216006354277,194.61216006354277
TN,TCGA-KIRC,TCGA-CJ-6030-01,TCGA-CJ-5676-11,0.0010464048065281606,0.3185976384024777,304.468821640398,304.468821640398
TN,TCGA-KIRC,TCGA-CZ-5985-01,TCGA-B0-5712-11,0.0013263933959776787,0.3297161046282243,248.58093053546307,248.58093053546307
TN,TCGA-KIRC,TCGA-B0-4845-01,TCGA-P4-A5ED-11,0.0015134971094694423,0.37807842384450563,249.80452323231813,249.80452323231813
TN,TCGA-KIRC,TCGA-HE-A5NH-01,TCGA-B0-5706-11,0.0013289500678994636,0.36408450413682214,273.96402086971824,273.96402086971824
TN,TCGA-KIRC,TCGA-BP-4335-01,TCGA-B2-5641-11,0.002754815538449383,0.3587891565323202,130.24071903350512,130.24071903350512
TN,TCGA-KIRC,TCGA-BP-5198-01,TCGA-P4-A5ED-11,0.001648979653223713,0.38120831408555733,231.1783006784255,231.1783006784255
TN,TCGA-KIRC,TCGA-AK-3451-01,TCGA-CW-5587-11,0.009146445156630061,0.25567769222228365,27.95377743417052,27.95377743417052
TN,TCGA-KIRC,TCGA-B0-5083-01,TCGA-CJ-5677-11,0.0024749979341992107,0.19826166410051477,80.1057897305529,80.1057897305529
TN,TCGA-KIRC,TCGA-B0-4813-01,TCGA-CW-5589-11,0.004962164536246764,0.3117899092155737,62.83344837480993,62.83344837480993
TN,TCGA-KIRC,TCGA-B0-4842-01,TCGA-CZ-5455-11,0.006363635263294391,0.4149740020645102,65.2102115999782,65.2102115999782
TN,TCGA-KIRC,TCGA-B0-4847-01,TCGA-B0-5709-11,0.00470386634195363,0.3061672092457109,65.08841599409736,65.08841599409736
TN,TCGA-KIRC,TCGA-B0-5693-01,TCGA-CJ-5681-11,0.001048528590998509,0.32161758022474196,306.73229417470344,306.73229417470344
TN,TCGA-KIRC,TCGA-DX-A1KX-01,TCGA-KL-8329-11,0.002741788555963156,0.17238177053490802,62.87201475109829,62.87201475109829
TN,TCGA-KIRC,TCGA-CJ-4869-01,TCGA-CJ-6030-11,0.0022540500405301873,0.33035817166016235,146.56203975953304,146.56203975953304
TN,TCGA-KIRC,TCGA-CW-5587-01,TCGA-CW-5580-11,0.0011236679907753952,0.33351464921242757,296.8088901262404,296.8088901262404
TN,TCGA-KIRC,TCGA-CJ-4642-01,TCGA-B0-5705-11,0.006587372783504309,0.38940492535792326,59.113843736466066,59.113843736466066
TN,TCGA-KIRC,TCGA-B8-A54I-01,TCGA-B0-5703-11,0.0037834528365243815,0.35086279621601413,92.73613584630529,92.73613584630529
TN,TCGA-KIRC,TCGA-B2-5641-01,TCGA-CZ-5458-11,0.0017588897657653843,0.27269770968741325,155.03968184654727,155.03968184654727
TN,TCGA-KIRC,TCGA-UZ-A9PJ-01,TCGA-CZ-5453-11,0.001629895781116924,0.34477184072686884,211.52999150080987,211.52999150080987
TN,TCGA-KIRC,TCGA-KL-8342-01,TCGA-CZ-5452-11,0.003525273400508109,0.1545884903843123,43.8514897488606,43.8514897488606
TN,TCGA-KIRC,TCGA-BW-A5NQ-01,TCGA-B0-5696-11,0.0035819293766147183,0.32381788915694165,90.40320316504452,90.40320316504452
TN,TCGA-KIRC,TCGA-KL-8346-01,TCGA-CZ-5989-11,0.006699662110434675,0.11589383294343977,17.298459389905048,17.298459389905048
TN,TCGA-KIRC,TCGA-CW-6087-01,TCGA-B0-5703-11,0.0019566679988317825,0.407752097678962,208.391049438335,208.391049438335
TN,TCGA-KIRC,TCGA-DX-A2IZ-01,TCGA-B0-5697-11,0.003164867276842416,0.3353012530204025,105.94480706152457,105.94480706152457
TN,TCGA-KIRC,TCGA-BP-5178-01,TCGA-A3-3358-11,0.0032744752757206848,0.35186418269965203,107.45666192950858,107.45666192950858
TN,TCGA-KIRC,TCGA-B0-5092-01,TCGA-CZ-5470-11,0.0032443360708159204,0.3453673361649753,106.45239230044334,106.45239230044334
TN,TCGA-KIRC,TCGA-KL-8344-01,TCGA-CJ-6033-11,0.001553317501581357,0.2170078568113884,139.70605274868998,139.70605274868998
TN,TCGA-KIRC,TCGA-CZ-5987-01,TCGA-B0-5690-11,0.0021361455407407034,0.3872677365109496,181.2927673348818,181.2927673348818
TN,TCGA-KIRC,TCGA-BP-5186-01,TCGA-B0-5697-11,0.0009494057656615727,0.2784476809556051,293.28627550684286,293.28627550684286
TN,TCGA-KIRC,TCGA-A3-3331-01,TCGA-CW-5591-11,0.001062511562351423,0.27358540118308344,257.4893402360884,257.4893402360884
TN,TCGA-KIRC,TCGA-B0-5698-01,TCGA-CZ-5456-11,0.0018084448245103194,0.34073125167737167,188.41119566345242,188.41119566345242
TN,TCGA-KIRC,TCGA-AL-3466-01,TCGA-B0-5705-11,0.0041697251464656235,0.3819534827343456,91.60159706404153,91.60159706404153
TN,TCGA-KIRC,TCGA-DX-A7EO-01,TCGA-B8-5552-11,0.009369438429338642,0.14425001909896554,15.395802020244203,15.395802020244203
TN,TCGA-KIRC,TCGA-B4-5377-01,TCGA-B8-4620-11,0.001104481449859516,0.30428663974788206,275.5018110866286,275.5018110866286
TN,TCGA-KIRC,TCGA-CJ-5682-01,TCGA-CJ-5689-11,0.0015366750882913,0.2958006791597827,192.49396402247734,192.49396402247734
TN,TCGA-KIRC,TCGA-A3-3317-01,TCGA-CZ-5455-11,0.0025143141866958854,0.1645770860933257,65.45605436431157,65.45605436431157
TN,TCGA-KIRC,TCGA-HE-7129-01,TCGA-B2-5641-11,0.0014447309449748104,0.33315231852722504,230.598174480878,230.598174480878
TN,TCGA-KIRC,TCGA-BP-5198-01,TCGA-CJ-5680-11,0.0011656816637158518,0.31075855260145724,266.58955208307043,266.58955208307043
TN,TCGA-KIRC,TCGA-BP-5180-01,TCGA-CJ-5681-11,0.0028851891807537564,0.35761238040946913,123.94763670784417,123.94763670784417
TN,TCGA-KIRC,TCGA-DX-A3UF-01,TCGA-B0-5711-11,0.0033000538614466482,0.32309398608443446,97.9056705282984,97.9056705282984
TN,TCGA-KIRC,TCGA-B0-4815-01,TCGA-B8-4620-11,0.0018667342761992476,0.32025239813437123,171.55757100384906,171.55757100384906
TN,TCGA-KIRC,TCGA-CJ-5684-01,TCGA-B8-5552-11,0.0033835628199714394,0.3642016519768424,107.63850750077594,107.63850750077594
TN,TCGA-KIRC,TCGA-AL-A5DJ-01,TCGA-B0-5701-11,0.009758727609040715,0.20535528010422452,21.0432433746771,21.0432433746771
TN,TCGA-KIRC,TCGA-DX-A3U8-01,TCGA-B8-5549-11,0.0026238251316935404,0.3969715375033196,151.29496730107752,151.29496730107752
TN,TCGA-KIRC,TCGA-BP-5173-01,TCGA-CZ-5462-11,0.002123174777662032,0.3827724916194908,180.28308156570458,180.28308156570458
TN,TCGA-KIRC,TCGA-BP-4774-01,TCGA-CZ-5987-11,0.0018628238601209397,0.3574025532178732,191.86062669106548,191.86062669106548
TN,TCGA-KIRC,TCGA-DX-A8BP-01,TCGA-CW-6088-11,0.004424051890638355,0.47393509807664946,107.12693019707426,107.12693019707426
TN,TCGA-KIRC,TCGA-AK-3450-01,TCGA-KL-8324-11,0.0011089220047511236,0.2863083813008691,258.18622055851944,258.18622055851944
TN,TCGA-KIRC,TCGA-CJ-6028-01,TCGA-CZ-5463-11,0.0017972822736482285,0.3443907608808142,191.61751380418934,191.61751380418934
TN,TCGA-KIRC,TCGA-DX-AB2S-01,TCGA-CW-5591-11,0.0034895308689215183,0.19662387698393874,56.346793987441565,56.346793987441565
TN,TCGA-KIRC,TCGA-CJ-6028-01,TCGA-CW-6090-11,0.001685205868286254,0.28470955881597426,168.94645584489066,168.94645584489066
TN,TCGA-KIRC,TCGA-CJ-4889-01,TCGA-CZ-5453-11,0.0009668219580831034,0.2659419059776544,275.06812785358284,275.06812785358284
TN,TCGA-KIRC,TCGA-DX-AB3C-01,TCGA-CZ-4864-11,0.006575540801777295,0.2476243313969305,37.65839782029798,37.65839782029798
TN,TCGA-KIRC,TCGA-DV-A4W0-01,TCGA-KL-8332-11,0.004596543833423354,0.28439608795293936,61.8717232467096,61.8717232467096
TN,TCGA-KIRC,TCGA-BP-4983-01,TCGA-B8-5552-11,0.0037605320177930097,0.3537117250581372,94.05895851558908,94.05895851558908
TN,TCGA-KIRC,TCGA-AY-6197-01,TCGA-CZ-5469-11,0.0029480336897053597,0.460612701613806,156.2440426723352,156.2440426723352
TN,TCGA-KIRC,TCGA-B8-4151-01,TCGA-CZ-4865-11,0.0020125643823450177,0.41263577784793465,205.0298521963983,205.0298521963983
TN,TCGA-KIRC,TCGA-BP-4325-01,TCGA-B8-4620-11,0.0012018253964321882,0.30768598812732384,256.015548548682,256.015548548682
TN,TCGA-KIRC,TCGA-AL-3467-01,TCGA-B0-5706-11,0.0015986342095234717,0.3044417481725577,190.43865467091882,190.43865467091882
TN,TCGA-KIRC,TCGA-AK-3465-01,TCGA-CZ-5453-11,0.0026466647872771024,0.15157715434021324,57.27100578390825,57.27100578390825
TN,TCGA-KIRC,TCGA-DX-AB3B-01,TCGA-CZ-5456-11,0.003025610526200922,0.4344908776800886,143.6043647777934,143.6043647777934
TN,TCGA-KIRC,TCGA-DX-AB2O-01,TCGA-CZ-5453-11,0.004842801005052586,0.4235398932108735,87.45762891537073,87.45762891537073
TN,TCGA-KIRC,TCGA-B8-4620-01,TCGA-B0-5694-11,0.001654978385098963,0.254146765479748,153.5650059046244,153.5650059046244
TN,TCGA-KIRC,TCGA-EU-5904-01,TCGA-KL-8324-11,0.0011056016586031754,0.2931887551461904,265.18480038878295,265.18480038878295
TN,TCGA-KIRC,TCGA-B8-5549-01,TCGA-CZ-5454-11,0.001369904612025453,0.36013833460140215,262.8930010454704,262.8930010454704
TN,TCGA-KIRC,TCGA-BP-4965-01,TCGA-CZ-5463-11,0.0010581326005018195,0.3213823122996715,303.725933921,303.725933921
TN,TCGA-KIRC,TCGA-CZ-5455-01,TCGA-CW-6090-11,0.001028562373603861,0.29005673185472014,282.0020830029236,282.0020830029236
TN,TCGA-KIRC,TCGA-CZ-5467-01,TCGA-B8-4620-11,0.0008616592752488503,0.2730520806412775,316.8910130543411,316.8910130543411
TN,TCGA-KIRC,TCGA-B0-4813-01,TCGA-CZ-5989-11,0.0052898741530896815,0.37762518951201496,71.38642216874926,71.38642216874926
TN,TCGA-KIRC,TCGA-DX-AB2L-01,TCGA-B0-5696-11,0.0030854980798738258,0.29133019406396976,94.41917853207124,94.41917853207124
TN,TCGA-KIRC,TCGA-B0-5697-01,TCGA-KL-8332-11,0.003372954391043414,0.14578170455531925,43.22077551431761,43.22077551431761
TN,TCGA-KIRC,TCGA-B0-4703-01,TCGA-CZ-5989-11,0.0012475625605930247,0.3759552697674776,301.3518372888399,301.3518372888399
TN,TCGA-KIRC,TCGA-B0-5709-01,TCGA-CZ-5456-11,0.002118440400767905,0.10946559872246582,51.67272993981142,51.67272993981142
TN,TCGA-KIRC,TCGA-HE-A5NI-01,TCGA-CW-5584-11,0.005543758211169366,0.18694831688035637,33.72230709912629,33.72230709912629
TN,TCGA-KIRC,TCGA-B0-4703-01,TCGA-V5-A7RE-11,0.0023066192368818798,0.34650443906344675,150.22177632224046,150.22177632224046
TN,TCGA-KIRC,TCGA-B0-4842-01,TCGA-CZ-5452-11,0.007003127527383787,0.4346826810921395,62.0697937303631,62.0697937303631
TN,TCGA-KIRC,TCGA-BP-4765-01,TCGA-KL-8332-11,0.004170651330083676,0.1808747791259687,43.36847288606593,43.36847288606593
TN,TCGA-KIRC,TCGA-EU-5905-01,TCGA-CZ-5985-11,0.0025034971842676345,0.3200282293178154,127.83247024559186,127.83247024559186
TN,TCGA-KIRC,TCGA-DX-A8BX-01,TCGA-CZ-5466-11,0.003943948860643771,0.24458481101958993,62.01520852876027,62.01520852876027
TN,TCGA-KIRC,TCGA-B1-A654-01,TCGA-CW-5584-11,0.006545843564400292,0.20884237213989726,31.904577322270715,31.904577322270715
TN,TCGA-KIRC,TCGA-V5-A7RB-01,TCGA-CJ-5678-11,0.0041887869881559545,0.45140069983936437,107.76406179539012,107.76406179539012
TN,TCGA-KIRC,TCGA-BP-4998-01,TCGA-CZ-5984-11,0.0011220704062888539,0.2011757051419989,179.28973441815413,179.28973441815413
TN,TCGA-KIRC,TCGA-BP-4761-01,TCGA-CW-5591-11,0.008287777136183592,0.12412238520885532,14.976559235280304,14.976559235280304
TN,TCGA-KIRC,TCGA-B8-4148-01,TCGA-B8-4620-11,0.001477095753366444,0.3208165323819274,217.19413359002323,217.19413359002323
TN,TCGA-KIRC,TCGA-CW-5591-01,TCGA-CZ-5468-11,0.0007621018045177415,0.1843690337367255,241.92179134570392,241.92179134570392
TN,TCGA-KIRC,TCGA-AK-3465-01,TCGA-KL-8332-11,0.0039412367974857344,0.2467002427102647,62.59462584629379,62.59462584629379
TN,TCGA-KIRC,TCGA-AY-A71X-01,TCGA-KL-8339-11,0.003027203366159892,0.19818332844506525,65.46746434695842,65.46746434695842
TN,TCGA-KIRC,TCGA-DX-A6YR-01,TCGA-CZ-5451-11,0.0031592254335381298,0.2614088242802541,82.74459350230445,82.74459350230445
TN,TCGA-KIRC,TCGA-BP-5008-01,TCGA-CJ-5681-11,0.0010584758951723765,0.20924036969135495,197.680807513599,197.680807513599
TN,TCGA-KIRC,TCGA-CZ-5460-01,TCGA-CW-5591-11,0.001680675291890511,0.22349318208652774,132.97820415693204,132.97820415693204
TN,TCGA-KIRC,TCGA-B0-4712-01,TCGA-B2-5641-11,0.004820259733719688,0.4144271674259118,85.97610716427256,85.97610716427256
TN,TCGA-KIRC,TCGA-DX-A3M1-01,TCGA-B0-5694-11,0.0029652779210822943,0.20795801671178654,70.13103737537159,70.13103737537159
TN,TCGA-KIRC,TCGA-CJ-5677-01,TCGA-CJ-5677-11,0.0026360450369483385,0.34518398580368637,130.94768145664702,130.94768145664702
TN,TCGA-KIRC,TCGA-CJ-6030-01,TCGA-CW-5587-11,0.0015112818171503365,0.31561280885066983,208.83782579068367,208.83782579068367
TN,TCGA-KIRC,TCGA-BP-4962-01,TCGA-B2-5636-11,0.002321998560715315,0.29225241514683925,125.86244457309567,125.86244457309567
TN,TCGA-KIRC,TCGA-B8-A54G-01,TCGA-CZ-5987-11,0.0023240400717423476,0.3180760354927529,136.86340410399603,136.86340410399603
TN,TCGA-KIRC,TCGA-CJ-6033-01,TCGA-B0-5711-11,0.002503590589991744,0.36421997263271755,145.47904680929426,145.47904680929426
TN,TCGA-KIRC,TCGA-B0-5119-01,TCGA-CJ-6030-11,0.0009149207710663172,0.32839196346331767,358.9294000622426,358.9294000622426
TN,TCGA-KIRC,TCGA-BP-4326-01,TCGA-CZ-5467-11,0.0024592817151083213,0.3870095793447699,157.3669161069348,157.3669161069348
TN,TCGA-KIRC,TCGA-DX-AB2V-01,TCGA-P4-A5E8-11,0.0026313373763624634,0.19224698252070735,73.06056009680819,73.06056009680819
TN,TCGA-KIRC,TCGA-AL-3467-01,TCGA-CW-5589-11,0.0013780683136302278,0.2180419059425707,158.2228571587904,158.2228571587904
TN,TCGA-KIRC,TCGA-B2-5641-01,TCGA-B0-4700-11,0.0015197981238730045,0.2579296583949169,169.7131048810728,169.7131048810728
TN,TCGA-KIRC,TCGA-CW-5584-01,TCGA-KL-8324-11,0.0011587163946680332,0.29129179024590224,251.39179145674896,251.39179145674896
TN,TCGA-KIRC,TCGA-B0-4837-01,TCGA-B8-4620-11,0.0018605076757548912,0.3133568162438439,168.42543587824815,168.42543587824815
TN,TCGA-KIRC,TCGA-BP-5181-01,TCGA-CJ-5678-11,0.0014531511568788348,0.3042329099567867,209.3608146108051,209.3608146108051
TN,TCGA-KIRC,TCGA-CJ-4639-01,TCGA-CZ-5463-11,0.001288330823437994,0.3680052244884905,285.6449739411223,285.6449739411223
TN,TCGA-KIRC,TCGA-DX-A6YT-01,TCGA-B0-5691-11,0.00269648098879087,0.3761680688216379,139.50332688617084,139.50332688617084
TN,TCGA-KIRC,TCGA-DX-A7EF-01,TCGA-CW-5591-11,0.0032897992383891734,0.26611737977175853,80.89167772500944,80.89167772500944
TN,TCGA-KIRC,TCGA-DX-A8BL-01,TCGA-CJ-5679-11,0.007060333330512588,0.1557490435210491,22.059729509929745,22.059729509929745
TN,TCGA-KIRC,TCGA-UZ-A9PS-01,TCGA-CW-5584-11,0.001184983804036493,0.14839396542852662,125.2286866057088,125.2286866057088
TN,TCGA-KIRC,TCGA-DX-AB35-01,TCGA-B0-4712-11,0.004975920289325539,0.4262908963159026,85.67076470866944,85.67076470866944
TN,TCGA-KIRC,TCGA-DX-A8BX-01,TCGA-B0-5709-11,0.0029662786965556614,0.21502098203353134,72.48846249113616,72.48846249113616
TN,TCGA-KIRC,TCGA-CJ-4871-01,TCGA-CZ-4863-11,0.0016914891779938675,0.3048475622712565,180.22436456425362,180.22436456425362
TN,TCGA-KIRC,TCGA-BP-4986-01,TCGA-B0-5701-11,0.001302385985762752,0.334777214501948,257.04915298661115,257.04915298661115
TN,TCGA-KIRC,TCGA-BP-4976-01,TCGA-B2-5636-11,0.0009401773677749463,0.3133048676784922,333.2401719262499,333.2401719262499
TN,TCGA-KIRC,TCGA-DX-A7ES-01,TCGA-V5-AASX-11,0.006559216893706304,0.4743730368959794,72.32159640141639,72.32159640141639
TN,TCGA-KIRC,TCGA-CJ-5686-01,TCGA-KL-8339-11,0.002217067118773621,0.31297870911893433,141.16789991096874,141.16789991096874
TN,TCGA-KIRC,TCGA-DX-A6YX-01,TCGA-B0-5696-11,0.0031785157996887642,0.3202295640840482,100.74814292740172,100.74814292740172
TN,TCGA-KIRC,TCGA-XM-A8RL-01,TCGA-B0-4712-11,0.00367173131227096,0.48802087208736833,132.91301312173852,132.91301312173852
TN,TCGA-KIRC,TCGA-CJ-4874-01,TCGA-B2-5641-11,0.0015660752050116783,0.3678710435036092,234.89998585404203,234.89998585404203
TN,TCGA-KIRC,TCGA-B0-4822-01,TCGA-CZ-4865-11,0.006759229957602765,0.4124657332759265,61.02259219809294,61.02259219809294
TN,TCGA-KIRC,TCGA-B0-5693-01,TCGA-CZ-5457-11,0.0015864934880381923,0.35234696773152785,222.09165709670134,222.09165709670134
TN,TCGA-KIRC,TCGA-B0-4813-01,TCGA-B8-4620-11,0.004428945076622514,0.3242915673421962,73.22095030121686,73.22095030121686
TN,TCGA-KIRC,TCGA-DX-A6BA-01,TCGA-B8-5552-11,0.004264860513739892,0.22212235157674587,52.08197334031094,52.08197334031094
TN,TCGA-KIRC,TCGA-CW-6093-01,TCGA-CJ-6030-11,0.0015621672562809979,0.33335198936654564,213.39071602367736,213.39071602367736
TN,TCGA-KIRC,TCGA-KL-8344-01,TCGA-B8-4620-11,0.0013278121622424326,0.11476015919281227,86.42800725593843,86.42800725593843
TN,TCGA-KIRC,TCGA-DX-A6B7-01,TCGA-CW-5585-11,0.0025614650705602683,0.25187027380828214,98.33055180143083,98.33055180143083
TN,TCGA-KIRC,TCGA-DX-A48P-01,TCGA-CW-5585-11,0.002902749137518135,0.28526386342698756,98.27368811859836,98.27368811859836
TN,TCGA-KIRC,TCGA-HE-A5NJ-01,TCGA-B0-5709-11,0.002777025952623898,0.33279239812266137,119.83769824268998,119.83769824268998
TN,TCGA-KIRC,TCGA-DV-A4W0-01,TCGA-CZ-5457-11,0.0021538112366577163,0.32511493606663006,150.948667428787,150.948667428787
TN,TCGA-KIRC,TCGA-B0-5711-01,TCGA-B0-5703-11,0.0014607243321828412,0.335348346652495,229.57675124872154,229.57675124872154
TN,TCGA-KIRC,TCGA-B0-4846-01,TCGA-P4-A5ED-11,0.0012349258900377158,0.3376338391553599,273.4041304657142,273.4041304657142
TN,TCGA-KIRC,TCGA-DX-A6B7-01,TCGA-B2-5641-11,0.0029205049785675456,0.2557228265818256,87.56116783175388,87.56116783175388
TN,TCGA-KIRC,TCGA-DX-A1L4-01,TCGA-CZ-5457-11,0.0022479621250215956,0.39006777189252484,173.52061565039827,173.52061565039827
TN,TCGA-KIRC,TCGA-BP-4162-01,TCGA-CZ-5465-11,0.0013332642700333405,0.31982293772284587,239.87962845119083,239.87962845119083
TN,TCGA-KIRC,TCGA-DX-A23T-01,TCGA-CZ-5452-11,0.0045944805762949716,0.4381944968034137,95.37411020176246,95.37411020176246
TN,TCGA-KIRC,TCGA-HE-7128-01,TCGA-B0-5402-11,0.0009374558488835362,0.2581622620998126,275.3860487480783,275.3860487480783
TN,TCGA-KIRC,TCGA-BP-5195-01,TCGA-CZ-5987-11,0.0010565113491749233,0.28046990052800186,265.467948590456,265.467948590456
TN,TCGA-KIRC,TCGA-AY-6386-01,TCGA-B8-4622-11,0.003295011142285024,0.3631378863828921,110.20839405449273,110.20839405449273
TN,TCGA-KIRC,TCGA-AK-3450-01,TCGA-CZ-5453-11,0.001731650660709599,0.36684279842551293,211.84573005919532,211.84573005919532
TN,TCGA-KIRC,TCGA-DX-AB2Q-01,TCGA-CZ-5987-11,0.003628232322948811,0.17981699115395872,49.560495345516955,49.560495345516955
TN,TCGA-KIRC,TCGA-CJ-6031-01,TCGA-B8-5549-11,0.0025040670013230172,0.2507550045602449,100.13909549055963,100.13909549055963
TN,TCGA-KIRC,TCGA-B0-4718-01,TCGA-CW-6087-11,0.003672902050005749,0.34970439076883664,95.21201110394144,95.21201110394144
TN,TCGA-KIRC,TCGA-KL-8329-01,TCGA-CZ-5458-11,0.0025670744008669845,0.28390713413582347,110.59560020540846,110.59560020540846
TN,TCGA-KIRC,TCGA-HE-A5NI-01,TCGA-CW-6088-11,0.007671906626073442,0.41209706905720034,53.71507881191663,53.71507881191663
TN,TCGA-KIRC,TCGA-B8-4154-01,TCGA-CZ-4864-11,0.0027548221711846442,0.33067074163144883,120.03342542043356,120.03342542043356
TN,TCGA-KIRC,TCGA-CW-6087-01,TCGA-B0-4700-11,0.0018693136108451547,0.3982477726050773,213.04492210112429,213.04492210112429
TN,TCGA-KIRC,TCGA-B8-5163-01,TCGA-CZ-5987-11,0.0008480737974112239,0.3029968868228661,357.27655747386024,357.27655747386024
TN,TCGA-KIRC,TCGA-CZ-4854-01,TCGA-CJ-5678-11,0.0023214345630442113,0.28552938532703925,122.99695622374577,122.99695622374577
TN,TCGA-KIRC,TCGA-BP-4992-01,TCGA-CZ-5982-11,0.009723724133151968,0.4088722493837029,42.04893555028962,42.04893555028962
TN,TCGA-KIRC,TCGA-BP-4972-01,TCGA-CW-5585-11,0.0014235688595403233,0.2729939154183916,191.76727110098665,191.76727110098665
TN,TCGA-KIRC,TCGA-B0-4817-01,TCGA-B0-5703-11,0.0031330673757434717,0.34538318058944006,110.23803166935764,110.23803166935764
TN,TCGA-KIRC,TCGA-B8-4148-01,TCGA-KL-8324-11,0.0015470413338008,0.3369943865643298,217.83153378093377,217.83153378093377
TN,TCGA-KIRC,TCGA-CJ-4873-01,TCGA-CZ-5469-11,0.004936921462681364,0.39250519411909107,79.50403851591996,79.50403851591996
TN,TCGA-KIRC,TCGA-XM-AAZ2-01,TCGA-CZ-4863-11,0.0034765845061811708,0.4129416313145138,118.77796457423281,118.77796457423281
TN,TCGA-KIRC,TCGA-DX-A8BT-01,TCGA-B0-5711-11,0.0033199133129421196,0.21766241172733852,65.56267926599725,65.56267926599725
TN,TCGA-KIRC,TCGA-V5-A7RE-01,TCGA-B0-5690-11,0.0033537324982189924,0.3884882585920799,115.83758060560511,115.83758060560511
TN,TCGA-KIRC,TCGA-B0-5402-01,TCGA-CJ-5679-11,0.001470033370349703,0.2841375523075304,193.28646412967996,193.28646412967996
TN,TCGA-KIRC,TCGA-BP-4763-01,TCGA-B8-4620-11,0.0015321274482537187,0.25363323324323606,165.54316909622693,165.54316909622693
TN,TCGA-KIRC,TCGA-B0-4693-01,TCGA-B0-5690-11,0.001082194340831215,0.2991661182924886,276.44398700394635,276.44398700394635
TN,TCGA-KIRC,TCGA-A3-3370-01,TCGA-CZ-4864-11,0.001834873404040129,0.22004148425026782,119.92188876124528,119.92188876124528
TN,TCGA-KIRC,TCGA-DV-5565-01,TCGA-A3-3358-11,0.0029068952137343883,0.3578336875392425,123.09824098528335,123.09824098528335
TN,TCGA-KIRC,TCGA-DX-A48U-01,TCGA-B0-5690-11,0.002888272236557677,0.2702985852923929,93.58487121509788,93.58487121509788
TN,TCGA-KIRC,TCGA-BP-4160-01,TCGA-P4-A5ED-11,0.0016994007117437009,0.31483336916241106,185.26140832280257,185.26140832280257
TN,TCGA-KIRC,TCGA-AL-3466-01,TCGA-CZ-5987-11,0.0039267516076850915,0.35948760761120946,91.54834416000546,91.54834416000546
TN,TCGA-KIRC,TCGA-CJ-4644-01,TCGA-CZ-5462-11,0.0011551199972225034,0.3653086845742205,316.251718828008,316.251718828008
TN,TCGA-KIRC,TCGA-DX-A23U-01,TCGA-CJ-6030-11,0.0027906431570944345,0.2649993470654174,94.95995444337991,94.95995444337991
TN,TCGA-KIRC,TCGA-DX-A1KU-01,TCGA-CZ-5455-11,0.003106173546349696,0.34224723215216507,110.18290737630105,110.18290737630105
TN,TCGA-KIRC,TCGA-BP-4758-01,TCGA-CZ-5982-11,0.0038374870394073976,0.3196883961745909,83.30670381207558,83.30670381207558
TN,TCGA-KIRC,TCGA-KL-8329-01,TCGA-CZ-5467-11,0.002530114089627322,0.16937598487846475,66.94401077518734,66.94401077518734
TN,TCGA-KIRC,TCGA-DX-A8BS-01,TCGA-CJ-5679-11,0.003324150821262221,0.2488863193697271,74.87215013764686,74.87215013764686
TN,TCGA-KIRC,TCGA-DX-AB2V-01,TCGA-B8-5552-11,0.006183788995959319,0.20125088030915567,32.54491387734272,32.54491387734272
TN,TCGA-KIRC,TCGA-B0-5113-01,TCGA-CZ-5466-11,0.0021281850978373843,0.28824472680087926,135.44156807309068,135.44156807309068
TN,TCGA-KIRC,TCGA-DX-A8BQ-01,TCGA-CW-5591-11,0.004556027533622619,0.1842568793609813,40.44244201800812,40.44244201800812
TN,TCGA-KIRC,TCGA-A3-3324-01,TCGA-KL-8329-11,0.001380115200057144,0.3364283921398542,243.76834058919454,243.76834058919454
TN,TCGA-KIRC,TCGA-CW-5584-01,TCGA-CZ-5466-11,0.0018072867587994414,0.2791271491109696,154.44541257879317,154.44541257879317
TN,TCGA-KIRC,TCGA-CZ-4856-01,TCGA-CZ-4865-11,0.0012213867364353633,0.38156562584484693,312.40361014436127,312.40361014436127
TN,TCGA-KIRC,TCGA-B8-A54D-01,TCGA-CJ-5678-11,0.002603737056498879,0.31299967682282986,120.21170726190977,120.21170726190977
TN,TCGA-KIRC,TCGA-CZ-5459-01,TCGA-B0-5696-11,0.001920860202757999,0.3236130144300713,168.47296537531625,168.47296537531625
TN,TCGA-KIRC,TCGA-DX-A3U5-01,TCGA-B8-4620-11,0.0026126164231856175,0.1751374267758729,67.03526213095002,67.03526213095002
TN,TCGA-KIRC,TCGA-B3-3925-01,TCGA-CZ-5469-11,0.0017608823614427744,0.2591588078707919,147.17553741548684,147.17553741548684
TN,TCGA-KIRC,TCGA-B1-5398-01,TCGA-V5-A7RE-11,0.0047048622787324995,0.41660375953126694,88.54749296583043,88.54749296583043
TN,TCGA-KIRC,TCGA-AY-6196-01,TCGA-KL-8329-11,0.00142665469291495,0.35712585518268664,250.32396203246967,250.32396203246967
TN,TCGA-KIRC,TCGA-XM-A8RG-01,TCGA-CW-5585-11,0.003010549508302615,0.3441196122983061,114.30458504312226,114.30458504312226
TN,TCGA-KIRC,TCGA-B0-5707-01,TCGA-B8-4620-11,0.0016833847864581042,0.23086596844132046,137.14390809428062,137.14390809428062
TN,TCGA-KIRC,TCGA-P4-A5ED-01,TCGA-CZ-5470-11,0.0083295764425431,0.40041966937282397,48.07203248987436,48.07203248987436
TN,TCGA-KIRC,TCGA-CZ-4862-01,TCGA-B0-5701-11,0.0007548310036526492,0.26352154709310893,349.1133059160534,349.1133059160534
TN,TCGA-KIRC,TCGA-BP-5176-01,TCGA-CZ-5984-11,0.001735102801493987,0.30906112236735006,178.12265768992887,178.12265768992887
TN,TCGA-KIRC,TCGA-B0-4815-01,TCGA-CZ-5458-11,0.002580847555323334,0.3562249650217423,138.0263488585298,138.0263488585298
TN,TCGA-KIRC,TCGA-BW-A5NQ-01,TCGA-B0-5690-11,0.003852940041911077,0.3683963739418997,95.61435421641633,95.61435421641633
TN,TCGA-KIRC,TCGA-BP-4970-01,TCGA-B8-5552-11,0.0018772802699151673,0.3088448965894245,164.51720158087045,164.51720158087045
TN,TCGA-KIRC,TCGA-B2-3923-01,TCGA-B0-5697-11,0.003192421692914891,0.1505007368168851,47.14312559362045,47.14312559362045
TN,TCGA-KIRC,TCGA-B0-4694-01,TCGA-CZ-5457-11,0.0014212254575056132,0.1770044990381242,124.5435747743951,124.5435747743951
TN,TCGA-KIRC,TCGA-KL-8328-01,TCGA-CZ-5453-11,0.006891209597286023,0.05087514523707162,7.382614694684061,7.382614694684061
TN,TCGA-KIRC,TCGA-A3-3307-01,TCGA-A3-3387-11,0.0016508775765495794,0.22460017640954735,136.04895941404297,136.04895941404297
TN,TCGA-KIRC,TCGA-A3-3335-01,TCGA-CW-5587-11,0.002352442706657436,0.3641188544091396,154.7833039158317,154.7833039158317
TN,TCGA-KIRC,TCGA-CW-5587-01,TCGA-CJ-6030-11,0.0010227472112653109,0.3020745342941687,295.35600876432756,295.35600876432756
TN,TCGA-KIRC,TCGA-BP-4799-01,TCGA-CZ-4863-11,0.005075132084965499,0.4335030768317719,85.41710236783304,85.41710236783304
TN,TCGA-KIRC,TCGA-XM-AAZ2-01,TCGA-CW-5591-11,0.003325995011363549,0.3200906360381183,96.2390607756479,96.2390607756479
TN,TCGA-KIRC,TCGA-CZ-5985-01,TCGA-B0-5699-11,0.0015921343129444527,0.28968849178731826,181.9497823971746,181.9497823971746
TN,TCGA-KIRC,TCGA-CJ-5680-01,TCGA-B0-5712-11,0.001142345904943617,0.2795419613631246,244.70868250446614,244.70868250446614
TN,TCGA-KIRC,TCGA-B1-A47N-01,TCGA-B0-5703-11,0.0066973542257986445,0.15760627913422076,23.532618078809556,23.532618078809556
TN,TCGA-KIRC,TCGA-B0-5081-01,TCGA-A3-3358-11,0.0027518406961256963,0.36576885242447393,132.91788763042794,132.91788763042794
TN,TCGA-KIRC,TCGA-BP-4991-01,TCGA-CJ-5672-11,0.0013209696193503143,0.31918002091044506,241.6255576471363,241.6255576471363
TN,TCGA-KIRC,TCGA-BP-4351-01,TCGA-B0-5701-11,0.002718929423203357,0.33098423287727097,121.73329327810053,121.73329327810053
TN,TCGA-KIRC,TCGA-AL-3468-01,TCGA-CZ-4864-11,0.0025414045978251927,0.27928574475702106,109.8942470616524,109.8942470616524
TN,TCGA-KIRC,TCGA-B0-5696-01,TCGA-CZ-4865-11,0.00233642296584841,0.36868005380861923,157.79679415826274,157.79679415826274
TN,TCGA-KIRC,TCGA-B0-4844-01,TCGA-CZ-5468-11,0.0028077332267900657,0.4073906478438089,145.09592434091658,145.09592434091658
TN,TCGA-KIRC,TCGA-CJ-4895-01,TCGA-B0-5696-11,0.001563893301689215,0.35622439320717164,227.78049680397083,227.78049680397083
TN,TCGA-KIRC,TCGA-CJ-6032-01,TCGA-CZ-5452-11,0.0012863694012742732,0.3749573233169544,291.484952102812,291.484952102812
TN,TCGA-KIRC,TCGA-UZ-A9PN-01,TCGA-CJ-5672-11,0.0018038132943743205,0.21662381367729222,120.09214831318305,120.09214831318305
TN,TCGA-KIRC,TCGA-Q2-A5QZ-01,TCGA-CW-5591-11,0.01850038103522872,0.09491419296505069,5.13039124893231,5.13039124893231
TN,TCGA-KIRC,TCGA-B0-5115-01,TCGA-CZ-5455-11,0.002402144090613783,0.3136793403126545,130.58306599439038,130.58306599439038
TN,TCGA-KIRC,TCGA-A3-3343-01,TCGA-CJ-5672-11,0.0013694434911433197,0.3855996083327614,281.57394651664845,281.57394651664845
TN,TCGA-KIRC,TCGA-B8-4146-01,TCGA-CW-5585-11,0.008948112220372915,0.38363055168741367,42.87279173968895,42.87279173968895
TN,TCGA-KIRC,TCGA-A3-3362-01,TCGA-CZ-5469-11,0.0013606146761959525,0.09614527147019655,70.66311509956837,70.66311509956837
TN,TCGA-KIRC,TCGA-UZ-A9PJ-01,TCGA-B0-5705-11,0.0015446876280398524,0.3192409343738954,206.67022158972006,206.67022158972006
TN,TCGA-KIRC,TCGA-B0-5402-01,TCGA-B2-5636-11,0.0014515887274596884,0.3068344592022928,211.37837005613824,211.37837005613824
TN,TCGA-KIRC,TCGA-DX-A7EU-01,TCGA-CZ-5987-11,0.005449037599980694,0.1785500963993288,32.76727185732053,32.76727185732053
TN,TCGA-KIRC,TCGA-BP-4760-01,TCGA-B2-5636-11,0.0008847533721788045,0.31537050778441544,356.4501901900415,356.4501901900415
TN,TCGA-KIRC,TCGA-BP-4977-01,TCGA-P4-A5ED-11,0.001444825985366292,0.36005426256380824,249.20251034419715,249.20251034419715
TN,TCGA-KIRC,TCGA-BP-4959-01,TCGA-CZ-5467-11,0.001807734758263494,0.3812964571195572,210.92500178833188,210.92500178833188
TN,TCGA-KIRC,TCGA-B0-4822-01,TCGA-B0-5696-11,0.005890528715320373,0.3988752268184257,67.7146731805265,67.7146731805265
TN,TCGA-KIRC,TCGA-B0-5083-01,TCGA-CZ-5470-11,0.002121053573103721,0.2069856957649684,97.58626485897187,97.58626485897187
TN,TCGA-KIRC,TCGA-DX-A48N-01,TCGA-CZ-5989-11,0.0029338665351617784,0.31163456312818505,106.21974769244265,106.21974769244265
TN,TCGA-KIRC,TCGA-BP-5189-01,TCGA-CZ-5463-11,0.0014109096973306408,0.33186498734169023,235.2134852921909,235.2134852921909
TN,TCGA-KIRC,TCGA-B0-5104-01,TCGA-B0-5712-11,0.0009893571415494273,0.2643545605946676,267.19831443341405,267.19831443341405
TN,TCGA-KIRC,TCGA-P4-AAVM-01,TCGA-CZ-5455-11,0.0021390602965566923,0.4002440952229297,187.1121145426402,187.1121145426402
TN,TCGA-KIRC,TCGA-B0-4700-01,TCGA-B8-4622-11,0.0030784294040767744,0.24918674374976496,80.94606406103259,80.94606406103259
TN,TCGA-KIRC,TCGA-BP-4160-01,TCGA-CZ-4864-11,0.0011272841664094133,0.2363799306934829,209.6897461501585,209.6897461501585
TN,TCGA-KIRC,TCGA-DX-A3U6-01,TCGA-P4-A5E8-11,0.002010693301170114,0.38640829826544054,192.17664774661156,192.17664774661156
TN,TCGA-KIRC,TCGA-CJ-6031-01,TCGA-B8-5552-11,0.0038847078627058844,0.34272105625295135,88.22312214083192,88.22312214083192
TN,TCGA-KIRC,TCGA-BP-5202-01,TCGA-CJ-6033-11,0.0015929274173231978,0.3499474739309324,219.68827337970896,219.68827337970896
TN,TCGA-KIRC,TCGA-BP-4768-01,TCGA-CZ-5982-11,0.002548355522193126,0.34738373455653127,136.31682531390726,136.31682531390726
TN,TCGA-KIRC,TCGA-B1-A654-01,TCGA-B0-5690-11,0.007754572519264058,0.3575836594076371,46.11262045964763,46.11262045964763
TN,TCGA-KIRC,TCGA-B0-4837-01,TCGA-CJ-5679-11,0.0022353051633479683,0.2898616627970997,129.67431362389652,129.67431362389652
TN,TCGA-KIRC,TCGA-EU-5907-01,TCGA-CZ-5451-11,0.001770406933780771,0.36681538875221265,207.1926977651768,207.1926977651768
TN,TCGA-KIRC,TCGA-B0-5115-01,TCGA-CZ-5989-11,0.0014125189080558165,0.362124390130372,256.3678178501682,256.3678178501682
TN,TCGA-KIRC,TCGA-BP-5006-01,TCGA-CZ-5465-11,0.0016164838226411763,0.3865583620073707,239.13531121874897,239.13531121874897
TN,TCGA-KIRC,TCGA-CJ-4641-01,TCGA-CZ-5458-11,0.001581222263707403,0.1112552584925045,70.36029092561,70.36029092561
TN,TCGA-KIRC,TCGA-BP-4989-01,TCGA-CZ-5987-11,0.0028529893530385144,0.34118202627328054,119.58755678843036,119.58755678843036
TN,TCGA-KIRC,TCGA-B0-4710-01,TCGA-B0-5703-11,0.002038444684176667,0.312669293935405,153.38620486613445,153.38620486613445
TN,TCGA-KIRC,TCGA-CJ-4893-01,TCGA-CZ-5463-11,0.0011800141506934092,0.358294286822585,303.63558488857217,303.63558488857217
TN,TCGA-KIRC,TCGA-AK-3426-01,TCGA-KL-8332-11,0.005988932279565476,0.4324188314868964,72.20299233676931,72.20299233676931
TN,TCGA-KIRC,TCGA-BP-4790-01,TCGA-CJ-5680-11,0.0010181848240192937,0.2539307593841299,249.3955452819813,249.3955452819813
TN,TCGA-KIRC,TCGA-B3-3925-01,TCGA-CZ-5467-11,0.0023161036519530154,0.29227429148063555,126.19223290554383,126.19223290554383
TN,TCGA-KIRC,TCGA-A3-3387-01,TCGA-KL-8336-11,0.001061618575009427,0.2800174170488827,263.76461719916324,263.76461719916324
TN,TCGA-KIRC,TCGA-BP-5192-01,TCGA-CZ-5451-11,0.0012654773419429814,0.33684272915277763,266.1783960790621,266.1783960790621
TN,TCGA-KIRC,TCGA-B2-5635-01,TCGA-CZ-5458-11,0.0018226815514490883,0.3989293803284423,218.86948930342828,218.86948930342828
TN,TCGA-KIRC,TCGA-BP-5006-01,TCGA-CJ-5681-11,0.0009543327391637348,0.33028563794742694,346.0906499308098,346.0906499308098
TN,TCGA-KIRC,TCGA-BP-4983-01,TCGA-CZ-5468-11,0.002466365720021485,0.44686692385678967,181.18437189959684,181.18437189959684
TN,TCGA-KIRC,TCGA-B0-4690-01,TCGA-CZ-5466-11,0.0022306538700337746,0.3634565942910355,162.9372441747461,162.9372441747461
TN,TCGA-KIRC,TCGA-P4-A5E6-01,TCGA-B8-4619-11,0.005416398936052277,0.3295071624840343,60.835098443504684,60.835098443504684
TN,TCGA-KIRC,TCGA-BP-4352-01,TCGA-CZ-5451-11,0.005886724674133031,0.35519986886718546,60.339133988714636,60.339133988714636
TN,TCGA-KIRC,TCGA-AL-3473-01,TCGA-CZ-5455-11,0.0025554077506545255,0.38233621002373036,149.61847475253265,149.61847475253265
TN,TCGA-KIRC,TCGA-CJ-4923-01,TCGA-CZ-5984-11,0.0027040479021253,0.24353193105329635,90.06198849579832,90.06198849579832
TN,TCGA-KIRC,TCGA-BP-4999-01,TCGA-CZ-5468-11,0.0016145131438968462,0.35377846881943115,219.12393228681862,219.12393228681862
TN,TCGA-KIRC,TCGA-B0-5703-01,TCGA-KL-8336-11,0.0011920278249464241,0.2524566392063832,211.78753878310678,211.78753878310678
TN,TCGA-KIRC,TCGA-BP-4969-01,TCGA-CZ-5453-11,0.0038635319472238223,0.3776138694583254,97.73799585885746,97.73799585885746
TN,TCGA-KIRC,TCGA-XM-A8RI-01,TCGA-CJ-5677-11,0.0020781019521594274,0.37761319875546584,181.7106222161405,181.7106222161405
TN,TCGA-KIRC,TCGA-BP-4987-01,TCGA-CW-5589-11,0.001314990548710649,0.33561539434513443,255.22266656152473,255.22266656152473
TN,TCGA-KIRC,TCGA-B8-A8YJ-01,TCGA-B0-5712-11,0.0009514566016332395,0.2822703516735357,296.6718095066024,296.6718095066024
TN,TCGA-KIRC,TCGA-B0-4822-01,TCGA-B0-5402-11,0.005457612461657785,0.3670473268331199,67.25419391937311,67.25419391937311
TN,TCGA-KIRC,TCGA-HE-A5NJ-01,TCGA-B0-5697-11,0.0026369954484257462,0.38150106017922114,144.6726274810116,144.6726274810116
TN,TCGA-KIRC,TCGA-CJ-4900-01,TCGA-CZ-5451-11,0.0034290686522026924,0.3405733894516989,99.31950158913517,99.31950158913517
TN,TCGA-KIRC,TCGA-B0-4706-01,TCGA-KL-8336-11,0.0015954071777088887,0.2851974253249849,178.76152828555493,178.76152828555493
TN,TCGA-KIRC,TCGA-B0-4700-01,TCGA-CZ-5468-11,0.002012952845367069,0.33632807217391086,167.0819428025798,167.0819428025798
TN,TCGA-KIRC,TCGA-XM-A8RG-01,TCGA-B0-5703-11,0.0031287585818292355,0.19182471157498918,61.31016713435219,61.31016713435219
TN,TCGA-KIRC,TCGA-CJ-4892-01,TCGA-CJ-5680-11,0.0012820847073257014,0.2629811826248227,205.1199746180381,205.1199746180381
TN,TCGA-KIRC,TCGA-B0-5115-01,TCGA-B8-5549-11,0.0017758516532169844,0.3236756386468852,182.26502087634486,182.26502087634486
TN,TCGA-KIRC,TCGA-CJ-4874-01,TCGA-CW-5587-11,0.0010190232884928563,0.3382652078610101,331.95041926991394,331.95041926991394
TN,TCGA-KIRC,TCGA-BP-4784-01,TCGA-B0-5709-11,0.0011692646625313199,0.31969634918125367,273.41658345267086,273.41658345267086
TN,TCGA-KIRC,TCGA-CW-6097-01,TCGA-CZ-5457-11,0.00205836855728749,0.23789479572403902,115.57444116690931,115.57444116690931
TN,TCGA-KIRC,TCGA-B4-5838-01,TCGA-B0-5697-11,0.0018364224285786533,0.33789719728933165,183.9975334819102,183.9975334819102
TN,TCGA-KIRC,TCGA-B0-4718-01,TCGA-CW-5591-11,0.0029142252183690888,0.2825482372974723,96.95483915124345,96.95483915124345
TN,TCGA-KIRC,TCGA-CW-5590-01,TCGA-CZ-5455-11,0.001852109522525057,0.2603230859079577,140.5549092761256,140.5549092761256
TN,TCGA-KIRC,TCGA-UZ-A9PK-01,TCGA-KL-8332-11,0.003569912320875436,0.3589263866036392,100.54207340185347,100.54207340185347
TN,TCGA-KIRC,TCGA-BP-5199-01,TCGA-CZ-5982-11,0.0030437091693576264,0.29673667229090206,97.49179562826899,97.49179562826899
TN,TCGA-KIRC,TCGA-CW-6093-01,TCGA-B8-4622-11,0.002634533140757939,0.3375735496911734,128.13410636924294,128.13410636924294
TN,TCGA-KIRC,TCGA-KL-8340-01,TCGA-B0-5703-11,0.0027942990951154234,0.03723713943424958,13.326110830204966,13.326110830204966
TN,TCGA-KIRC,TCGA-B0-4833-01,TCGA-KL-8339-11,0.0028119008213557833,0.3459802395248507,123.04140917674088,123.04140917674088
TN,TCGA-KIRC,TCGA-B0-5096-01,TCGA-CZ-5454-11,0.0019819613672597256,0.3856908671843038,194.60059795088884,194.60059795088884
TN,TCGA-KIRC,TCGA-BP-4992-01,TCGA-B0-5690-11,0.008894852994966968,0.4093197755251866,46.01759868957864,46.01759868957864
TN,TCGA-KIRC,TCGA-CJ-4640-01,TCGA-CZ-5456-11,0.0016193181669891,0.25222748909823317,155.76153855373312,155.76153855373312
TN,TCGA-KIRC,TCGA-CJ-4635-01,TCGA-B0-5694-11,0.0014584489081637237,0.3144605724609837,215.61301921567397,215.61301921567397
TN,TCGA-KIRC,TCGA-BP-4799-01,TCGA-CZ-5468-11,0.005356494828043136,0.30693647130994983,57.301739507528204,57.301739507528204
TN,TCGA-KIRC,TCGA-BP-4161-01,TCGA-B8-5552-11,0.0025416422111997185,0.3708718601772173,145.9182014458898,145.9182014458898
TN,TCGA-KIRC,TCGA-BP-4769-01,TCGA-KL-8329-11,0.0009418666557375283,0.3528638016864246,374.64305540163195,374.64305540163195
TN,TCGA-KIRC,TCGA-CZ-4863-01,TCGA-KL-8332-11,0.003792423210782296,0.2376209493299212,62.656759576393654,62.656759576393654
TN,TCGA-KIRC,TCGA-DX-A6B8-01,TCGA-CJ-5681-11,0.002771745065646851,0.18545051009750477,66.90749174445651,66.90749174445651
TN,TCGA-KIRC,TCGA-BP-5182-01,TCGA-CJ-5689-11,0.0008802449558727811,0.2835683558407103,322.1470954747436,322.1470954747436
TN,TCGA-KIRC,TCGA-CJ-4875-01,TCGA-KL-8326-11,0.002416143867176361,0.32059065800035286,132.68690757848486,132.68690757848486
TN,TCGA-KIRC,TCGA-B8-A54H-01,TCGA-KL-8339-11,0.002291591648937818,0.3075679501949963,134.21586273346648,134.21586273346648
TN,TCGA-KIRC,TCGA-BP-5008-01,TCGA-CJ-6033-11,0.0018181609315949413,0.24139339261413195,132.76789112522343,132.76789112522343
TN,TCGA-KIRC,TCGA-XM-AAZ1-01,TCGA-CZ-5470-11,0.006153204927549869,0.4007977289942316,65.13641812898703,65.13641812898703
TN,TCGA-KIRC,TCGA-B0-5705-01,TCGA-B0-5701-11,0.0008861607718991234,0.30582546259100296,345.1128421489377,345.1128421489377
TN,TCGA-KIRC,TCGA-BP-4995-01,TCGA-CZ-5984-11,0.0009739988776160889,0.2603732845946819,267.32400886534754,267.32400886534754
TN,TCGA-KIRC,TCGA-BP-5009-01,TCGA-CW-5587-11,0.0026454855749515607,0.32969187558841995,124.6243331319078,124.6243331319078
TN,TCGA-KIRC,TCGA-B1-A655-01,TCGA-B2-5636-11,0.0011047261014065163,0.11786027128136935,106.68732379122018,106.68732379122018
TN,TCGA-KIRC,TCGA-CZ-4863-01,TCGA-CW-5591-11,0.0008920376026499614,0.28147150898307977,315.53771740890403,315.53771740890403
TN,TCGA-KIRC,TCGA-DX-A6YU-01,TCGA-CZ-5986-11,0.0027498639354619223,0.43164917673655767,156.97110361354996,156.97110361354996
TN,TCGA-KIRC,TCGA-B0-5084-01,TCGA-CZ-5985-11,0.005649022267238569,0.4104935654334959,72.66630330245785,72.66630330245785
TN,TCGA-KIRC,TCGA-CZ-5462-01,TCGA-CW-5589-11,0.0016203006026356563,0.3561944429717244,219.8323214793119,219.8323214793119
TN,TCGA-KIRC,TCGA-KL-8329-01,TCGA-A3-3387-11,0.0025992000375104794,0.13590781802914098,52.288325664735616,52.288325664735616
TN,TCGA-KIRC,TCGA-BP-5183-01,TCGA-A3-3387-11,0.0022324148607361836,0.3304769699340391,148.035643260795,148.035643260795
TN,TCGA-KIRC,TCGA-DX-A3U7-01,TCGA-CJ-5689-11,0.00282849915699699,0.3644773001380455,128.85890357662686,128.85890357662686
TN,TCGA-KIRC,TCGA-P4-A5E8-01,TCGA-B0-5706-11,0.002779902576982128,0.35325828141158944,127.07577752422095,127.07577752422095
TN,TCGA-KIRC,TCGA-B0-5695-01,TCGA-KL-8339-11,0.0020116453457180742,0.28228325152403205,140.3245617448878,140.3245617448878
TN,TCGA-KIRC,TCGA-MM-A84U-01,TCGA-CW-5589-11,0.0033226204138160614,0.3227456360334105,97.13587344837084,97.13587344837084
TN,TCGA-KIRC,TCGA-B0-4697-01,TCGA-CZ-5985-11,0.010819876884691762,0.44121775139473235,40.77844471770086,40.77844471770086
TN,TCGA-KIRC,TCGA-AY-6197-01,TCGA-CZ-5454-11,0.002420829389642779,0.373838124495683,154.42563862414403,154.42563862414403
TN,TCGA-KIRC,TCGA-B8-5553-01,TCGA-CZ-5456-11,0.002074802036700834,0.23762718160091778,114.53005028796456,114.53005028796456
TN,TCGA-KIRC,TCGA-CJ-4637-01,TCGA-KL-8324-11,0.001485669317358534,0.36080180783950966,242.85472118452452,242.85472118452452
TN,TCGA-KIRC,TCGA-BP-4341-01,TCGA-CZ-5986-11,0.003118486857692541,0.36273312390028034,116.31702824256156,116.31702824256156
TN,TCGA-KIRC,TCGA-AL-3472-01,TCGA-CZ-5451-11,0.005100034946979455,0.28490800276627093,55.8639314687462,55.8639314687462
TN,TCGA-KIRC,TCGA-B0-4842-01,TCGA-CJ-5681-11,0.005934451230803238,0.3845908482300048,64.80647211889713,64.80647211889713
TN,TCGA-KIRC,TCGA-B0-4837-01,TCGA-B0-5709-11,0.0019915647966347112,0.33078289226335966,166.09195584412169,166.09195584412169
TN,TCGA-KIRC,TCGA-P4-AAVM-01,TCGA-P4-A5ED-11,0.0018333962005139324,0.17074537740640094,93.13064866095942,93.13064866095942
TN,TCGA-KIRC,TCGA-BP-4756-01,TCGA-CW-6088-11,0.0017199651667547111,0.3893345241096817,226.36186571399662,226.36186571399662
TN,TCGA-KIRC,TCGA-B2-5636-01,TCGA-B8-5552-11,0.0023031511817620176,0.3136642348682316,136.1891643727286,136.1891643727286
TN,TCGA-KIRC,TCGA-DX-A1L1-01,TCGA-CZ-5467-11,0.0033253828703039986,0.3957419613486712,119.00643528379437,119.00643528379437
TN,TCGA-KIRC,TCGA-CW-5585-01,TCGA-CZ-5452-11,0.0013000024038236175,0.4011126561802414,308.5476265278228,308.5476265278228
TN,TCGA-KIRC,TCGA-CZ-4859-01,TCGA-CW-6088-11,0.0017798679636368,0.41336507802828115,232.2447993185142,232.2447993185142
TN,TCGA-KIRC,TCGA-KL-8344-01,TCGA-B0-5712-11,0.0012323316842206592,0.06630778422932301,53.80676734872464,53.80676734872464
TN,TCGA-KIRC,TCGA-DX-A6Z2-01,TCGA-CW-5584-11,0.0018512751476014678,0.1608313749113959,86.87599740091082,86.87599740091082
TN,TCGA-KIRC,TCGA-BP-4961-01,TCGA-P4-A5ED-11,0.001308508539190846,0.3411100345688176,260.6861356669119,260.6861356669119
TN,TCGA-KIRC,TCGA-BP-5176-01,TCGA-B8-4622-11,0.002267336184637879,0.30875706177927204,136.1761276828845,136.1761276828845
TN,TCGA-KIRC,TCGA-CZ-5469-01,TCGA-B8-4620-11,0.004706843223972756,0.2594150721678423,55.11444928664653,55.11444928664653
TN,TCGA-KIRC,TCGA-DX-A1L1-01,TCGA-B0-5696-11,0.0025165035221622117,0.38632214520191194,153.51543989494562,153.51543989494562
TN,TCGA-KIRC,TCGA-B0-5110-01,TCGA-CZ-5468-11,0.0015918292192621682,0.3395453457145053,213.3051344992201,213.3051344992201
TN,TCGA-KIRC,TCGA-CJ-6028-01,TCGA-B0-5701-11,0.0016858831023897954,0.3416632943941601,202.6613197023216,202.6613197023216
TN,TCGA-KIRC,TCGA-CZ-5984-01,TCGA-CZ-5463-11,0.0018292011650299688,0.35247618502857625,192.69405233666657,192.69405233666657
TN,TCGA-KIRC,TCGA-BP-5173-01,TCGA-CZ-5457-11,0.0018989694622720144,0.3997520551199337,210.50999663873054,210.50999663873054
TN,TCGA-KIRC,TCGA-BP-4762-01,TCGA-CJ-5681-11,0.001205994665199749,0.21373104165109566,177.2238699046777,177.2238699046777
TN,TCGA-KIRC,TCGA-CZ-5984-01,TCGA-B0-5699-11,0.0017038772598442135,0.30153938781128886,176.97248206649508,176.97248206649508
TN,TCGA-KIRC,TCGA-CJ-5686-01,TCGA-B8-5549-11,0.0013109194544276173,0.29388113182679143,224.17939625063224,224.17939625063224
TN,TCGA-KIRC,TCGA-BP-4962-01,TCGA-CW-6088-11,0.0035436765817813973,0.32032730333460085,90.39405711611897,90.39405711611897
TN,TCGA-KIRC,TCGA-CJ-4908-01,TCGA-B8-4622-11,0.0029663517273413433,0.1759896818114577,59.32866294624887,59.32866294624887
TN,TCGA-KIRC,TCGA-BP-4353-01,TCGA-B0-5696-11,0.0017873805151469254,0.3204600382029652,179.29032765394274,179.29032765394274
TN,TCGA-KIRC,TCGA-UZ-A9PO-01,TCGA-B8-4619-11,0.001821968139089061,0.2782907627958975,152.74183824917816,152.74183824917816
TN,TCGA-KIRC,TCGA-BP-4782-01,TCGA-CJ-6030-11,0.0010570181524460758,0.26324167875739113,249.04177676439716,249.04177676439716
TN,TCGA-KIRC,TCGA-B0-5710-01,TCGA-CW-5585-11,0.0015122748313995175,0.3081549920023915,203.76917317152794,203.76917317152794
TN,TCGA-KIRC,TCGA-BP-4775-01,TCGA-CZ-5469-11,0.002015277581798815,0.3141097236115831,155.86424741112447,155.86424741112447
TN,TCGA-KIRC,TCGA-CW-6090-01,TCGA-B0-5402-11,0.0018918289641073967,0.2624354716302423,138.72050624516402,138.72050624516402
TN,TCGA-KIRC,TCGA-BP-4158-01,TCGA-B0-5699-11,0.0016522166066969303,0.3539096448044132,214.20293402808755,214.20293402808755
TN,TCGA-KIRC,TCGA-AK-3431-01,TCGA-CZ-5987-11,0.0012774922093883537,0.25993054513371194,203.46937791359466,203.46937791359466
TN,TCGA-KIRC,TCGA-BP-4993-01,TCGA-CZ-5985-11,0.002207810633005425,0.2122126975013073,96.11906670293939,96.11906670293939
TN,TCGA-KIRC,TCGA-DX-A3U9-01,TCGA-CJ-6033-11,0.0029709122389248764,0.41197387913054884,138.66915142523203,138.66915142523203
TN,TCGA-KIRC,TCGA-DV-5576-01,TCGA-CZ-5987-11,0.0011324817614930967,0.2819328905568472,248.9513740028261,248.9513740028261
TN,TCGA-KIRC,TCGA-P4-A5E6-01,TCGA-CZ-5461-11,0.0075568940870720976,0.265291230809956,35.105855362430056,35.105855362430056
TN,TCGA-KIRC,TCGA-B0-4690-01,TCGA-CZ-5462-11,0.0022313402217237275,0.3355473366498726,150.3792803011724,150.3792803011724
TN,TCGA-KIRC,TCGA-BP-4327-01,TCGA-B0-5694-11,0.0018026173183232652,0.3133616070971604,173.83701127904337,173.83701127904337
TN,TCGA-KIRC,TCGA-DX-AB32-01,TCGA-CJ-6033-11,0.00238496359365808,0.3700541690284253,155.16134921826318,155.16134921826318
TN,TCGA-KIRC,TCGA-AK-3458-01,TCGA-CW-5589-11,0.006423440473401806,0.24092353011574058,37.50692967629375,37.50692967629375
TN,TCGA-KIRC,TCGA-A3-A8OW-01,TCGA-B0-5402-11,0.0013614294591869562,0.33584443853758805,246.68515601106054,246.68515601106054
TN,TCGA-KIRC,TCGA-BP-4340-01,TCGA-B0-5697-11,0.0015260978048012139,0.3667326027195157,240.30740465371775,240.30740465371775
TN,TCGA-KIRC,TCGA-UZ-A9PS-01,TCGA-CW-5581-11,0.0013929091503500437,0.2858489173606422,205.21720119995422,205.21720119995422
TN,TCGA-KIRC,TCGA-CJ-4895-01,TCGA-B2-5636-11,0.0013302101910820686,0.34538118388146555,259.64406692788367,259.64406692788367
TN,TCGA-KIRC,TCGA-P4-A5ED-01,TCGA-V5-A7RE-11,0.008165329781212675,0.41835900098639733,51.23602012364339,51.23602012364339
TN,TCGA-KIRC,TCGA-CZ-5988-01,TCGA-CJ-5678-11,0.0017005113152304655,0.30155038276864665,177.32924213313945,177.32924213313945
TN,TCGA-KIRC,TCGA-B0-5088-01,TCGA-CZ-5467-11,0.0028589321335074852,0.3221503898835913,112.68206968185726,112.68206968185726
TN,TCGA-KIRC,TCGA-BP-4768-01,TCGA-CZ-5987-11,0.0023798987055923,0.29516126011590604,124.02261466941194,124.02261466941194
TN,TCGA-KIRC,TCGA-B0-5084-01,TCGA-CJ-5676-11,0.0044176925403009255,0.3319980784262427,75.1519204647111,75.1519204647111
TN,TCGA-KIRC,TCGA-AL-A5DJ-01,TCGA-B0-5711-11,0.009938827984247577,0.2447632235291039,24.62697049561964,24.62697049561964
TN,TCGA-KIRC,TCGA-CJ-4640-01,TCGA-V5-AASX-11,0.004536600738320058,0.2707377238554352,59.67854335704484,59.67854335704484
TN,TCGA-KIRC,TCGA-B0-5700-01,TCGA-CW-5580-11,0.0024336020045770913,0.3274470072971192,134.55240695942086,134.55240695942086
TN,TCGA-KIRC,TCGA-BP-4162-01,TCGA-CJ-6030-11,0.001498061444102796,0.3222486394413741,215.11042868763775,215.11042868763775
TN,TCGA-KIRC,TCGA-BW-A5NQ-01,TCGA-CW-5589-11,0.0034312993300098667,0.18995441540418476,55.3593251812393,55.3593251812393
TN,TCGA-KIRC,TCGA-DX-A6BB-01,TCGA-CJ-5678-11,0.005436624466047476,0.2948733414197004,54.23831336176115,54.23831336176115
TN,TCGA-KIRC,TCGA-CJ-4889-01,TCGA-B0-5703-11,0.0013567593039352191,0.27813732954215914,205.00123252181456,205.00123252181456
TN,TCGA-KIRC,TCGA-B0-5075-01,TCGA-CW-5581-11,0.0013312448138432828,0.3836006477709528,288.15184388475006,288.15184388475006
TN,TCGA-KIRC,TCGA-DX-A7EL-01,TCGA-CJ-5681-11,0.002242852213656116,0.41397868029911933,184.5768873127333,184.5768873127333
TN,TCGA-KIRC,TCGA-UZ-A9PQ-01,TCGA-CW-6090-11,0.002640150373549542,0.3030508630562021,114.78545543933026,114.78545543933026
TN,TCGA-KIRC,TCGA-CW-5591-01,TCGA-B0-5701-11,0.00040926536825029795,0.1740061029666749,425.16693682289895,425.16693682289895
TN,TCGA-KIRC,TCGA-BP-4983-01,TCGA-B2-5636-11,0.0021782274591227377,0.3865088879466413,177.44193166231796,177.44193166231796
TN,TCGA-KIRC,TCGA-DX-A7EL-01,TCGA-B2-5641-11,0.00247858767307925,0.4282091871557496,172.76338126210723,172.76338126210723
TN,TCGA-KIRC,TCGA-B4-5377-01,TCGA-CW-5589-11,0.0010590096298737583,0.329930592722089,311.5463574787504,311.5463574787504
TN,TCGA-KIRC,TCGA-B0-4842-01,TCGA-CJ-5680-11,0.006523274511618876,0.17851793036080899,27.366306606113735,27.366306606113735
TN,TCGA-KIRC,TCGA-DX-A48P-01,TCGA-CW-5581-11,0.003301954406208385,0.28380072759849473,85.94931749054084,85.94931749054084
TN,TCGA-KIRC,TCGA-XM-A8R8-01,TCGA-CZ-4863-11,0.0040828414681103944,0.47740722345597697,116.93013975311875,116.93013975311875
TN,TCGA-KIRC,TCGA-DV-5575-01,TCGA-CZ-5982-11,0.0013005411756143942,0.13301740231204265,102.2785012932815,102.2785012932815
TN,TCGA-KIRC,TCGA-BP-5186-01,TCGA-CJ-5680-11,0.0006366801060694924,0.23961073287638535,376.3439922060833,376.3439922060833
TN,TCGA-KIRC,TCGA-CJ-4904-01,TCGA-CW-6090-11,0.0013113846805966486,0.30833923514453976,235.12493298629417,235.12493298629417
TN,TCGA-KIRC,TCGA-B0-4837-01,TCGA-B0-5699-11,0.0023322287506142673,0.3884866146401297,166.57311789755153,166.57311789755153
TN,TCGA-KIRC,TCGA-DX-A8BT-01,TCGA-B0-5703-11,0.0026390849902080808,0.25682242565488445,97.31495067714172,97.31495067714172
TN,TCGA-KIRC,TCGA-AK-3458-01,TCGA-CZ-5465-11,0.007336719068078206,0.42126701520884263,57.418992236156335,57.418992236156335
TN,TCGA-KIRC,TCGA-BP-4963-01,TCGA-B0-5701-11,0.0012107882885538913,0.3405100613387013,281.2300585971067,281.2300585971067
TN,TCGA-KIRC,TCGA-CJ-4634-01,TCGA-CZ-5452-11,0.0009797963350807533,0.35142527207316143,358.6717560483603,358.6717560483603
TN,TCGA-KIRC,TCGA-BP-5183-01,TCGA-CZ-4864-11,0.002032169236984993,0.35760652669921267,175.97280786996456,175.97280786996456
TN,TCGA-KIRC,TCGA-B4-5844-01,TCGA-CW-5584-11,0.0008244798445451933,0.3315069051171159,402.08005970113754,402.08005970113754
TN,TCGA-KIRC,TCGA-B2-4098-01,TCGA-CZ-5982-11,0.0018662120310950227,0.3996918526435349,214.17279815145702,214.17279815145702
TN,TCGA-KIRC,TCGA-B0-4691-01,TCGA-B0-5706-11,0.003107177844201927,0.3892421323227756,125.27191935573026,125.27191935573026
TN,TCGA-KIRC,TCGA-CJ-4900-01,TCGA-B8-4622-11,0.004180100392316019,0.3190548543084498,76.32707934358362,76.32707934358362
TN,TCGA-KIRC,TCGA-BP-4338-01,TCGA-CJ-5672-11,0.003576491595963625,0.38313085129259894,107.12477326243257,107.12477326243257
TN,TCGA-KIRC,TCGA-XM-A8RD-01,TCGA-CW-5589-11,0.0038718136042495896,0.3176889518436155,82.05171640879855,82.05171640879855
TN,TCGA-KIRC,TCGA-B0-5402-01,TCGA-V5-A7RE-11,0.0032585218538099983,0.26537631180324406,81.44070339530028,81.44070339530028
TN,TCGA-KIRC,TCGA-BP-4769-01,TCGA-CJ-6030-11,0.0012229365529215345,0.3700832559002025,302.6185250707341,302.6185250707341
TN,TCGA-KIRC,TCGA-BP-4331-01,TCGA-B0-5402-11,0.0013117495175581605,0.3290676755156526,250.8616707008336,250.8616707008336
TN,TCGA-KIRC,TCGA-B8-4151-01,TCGA-CZ-5456-11,0.0017714006637964972,0.4268572240828406,240.97158412935934,240.97158412935934
TN,TCGA-KIRC,TCGA-CW-6087-01,TCGA-B0-5709-11,0.0015117183096640123,0.4361375711950414,288.5045238963702,288.5045238963702
TN,TCGA-KIRC,TCGA-BP-4998-01,TCGA-CZ-5451-11,0.0014084810925524497,0.17607825764555485,125.01286568672768,125.01286568672768
TN,TCGA-KIRC,TCGA-MW-A4EC-01,TCGA-CZ-5453-11,0.0023574221822041993,0.3638462920057704,154.34074335619115,154.34074335619115
TN,TCGA-KIRC,TCGA-CJ-5683-01,TCGA-CZ-5985-11,0.0022401558168627794,0.04152740601886742,18.537731039184752,18.537731039184752
TN,TCGA-KIRC,TCGA-CJ-4884-01,TCGA-B0-5706-11,0.00151892504995193,0.37141900091555646,244.52753671243417,244.52753671243417
TN,TCGA-KIRC,TCGA-BP-4349-01,TCGA-CZ-5458-11,0.0021373264725933136,0.33133611219922104,155.02363183533498,155.02363183533498
TN,TCGA-KIRC,TCGA-DX-A6YV-01,TCGA-B0-4712-11,0.003433547438954193,0.4348725560231832,126.65401126819405,126.65401126819405
TN,TCGA-KIRC,TCGA-BP-4766-01,TCGA-CZ-5984-11,0.0011690122967260319,0.34167422912357376,292.2759923744823,292.2759923744823
TN,TCGA-KIRC,TCGA-KL-8339-01,TCGA-A3-3387-11,0.002820761506550064,0.10359197262492138,36.72482497523149,36.72482497523149
TN,TCGA-KIRC,TCGA-KL-8333-01,TCGA-CJ-5676-11,0.0015638673921603316,0.12705564602398312,81.24451386409945,81.24451386409945
TN,TCGA-KIRC,TCGA-BP-4160-01,TCGA-B0-5711-11,0.0012955508804605588,0.3363196616278639,259.59587284468887,259.59587284468887
TN,TCGA-KIRC,TCGA-B8-A8YJ-01,TCGA-B8-5549-11,0.0015958360070909953,0.25905403891948386,162.33124065906134,162.33124065906134
TN,TCGA-KIRC,TCGA-BW-A5NQ-01,TCGA-CZ-5985-11,0.004156311644755311,0.4312748488424627,103.76383815844795,103.76383815844795
TN,TCGA-KIRC,TCGA-BP-4960-01,TCGA-CZ-5453-11,0.004927344554450024,0.36861879036536005,74.8108410710694,74.8108410710694
TN,TCGA-KIRC,TCGA-DX-A23Y-01,TCGA-CW-6088-11,0.002929963656951018,0.47891660477123077,163.4547935893517,163.4547935893517
TN,TCGA-KIRC,TCGA-BP-5170-01,TCGA-CW-6088-11,0.004296487059904068,0.38652668334769896,89.963423131159,89.963423131159
TN,TCGA-KIRC,TCGA-KL-8338-01,TCGA-B8-5549-11,0.005621460986530741,0.13397495002405385,23.832763465772246,23.832763465772246
TN,TCGA-KIRC,TCGA-BP-4967-01,TCGA-CW-6087-11,0.0021547411009531447,0.33301378981999025,154.54932830337825,154.54932830337825
TN,TCGA-KIRC,TCGA-B0-4845-01,TCGA-KL-8324-11,0.0017016364480067219,0.32748088709485046,192.45055985869246,192.45055985869246
TN,TCGA-KIRC,TCGA-B2-4102-01,TCGA-CZ-4864-11,0.001796207560224139,0.2434172355473766,135.51732045766576,135.51732045766576
TN,TCGA-KIRC,TCGA-BP-4784-01,TCGA-B0-4700-11,0.0014768322878754945,0.38957288448989935,263.78952281055666,263.78952281055666
TN,TCGA-KIRC,TCGA-AK-3428-01,TCGA-CZ-5454-11,0.0018297172111608824,0.3534414886471055,193.1672755173249,193.1672755173249
TN,TCGA-KIRC,TCGA-B0-5102-01,TCGA-CZ-5984-11,0.0020863353405636406,0.34171450755263355,163.78695260960137,163.78695260960137
TN,TCGA-KIRC,TCGA-DV-5567-01,TCGA-CZ-5988-11,0.0013447014032835023,0.38100730377150294,283.3397086082876,283.3397086082876
TN,TCGA-KIRC,TCGA-CJ-4905-01,TCGA-KL-8324-11,0.001509736420550142,0.2985639497267646,197.7589900215622,197.7589900215622
TN,TCGA-KIRC,TCGA-BP-4355-01,TCGA-CW-5591-11,0.0022767037524797883,0.30037899362012677,131.9359153745645,131.9359153745645
TN,TCGA-KIRC,TCGA-CJ-5671-01,TCGA-CJ-5676-11,0.001538617783304014,0.3197451352933612,207.8132326059194,207.8132326059194
TN,TCGA-KIRC,TCGA-B0-5110-01,TCGA-B0-5706-11,0.0016629383188952014,0.2847807820001492,171.25156042429026,171.25156042429026
TN,TCGA-KIRC,TCGA-B0-5075-01,TCGA-CJ-5672-11,0.0015081599051618155,0.3989268010167103,264.51227064938325,264.51227064938325
TN,TCGA-KIRC,TCGA-V5-AASX-01,TCGA-CW-5580-11,0.002675048668373442,0.39519130538418634,147.73237962226744,147.73237962226744
TN,TCGA-KIRC,TCGA-A3-3372-01,TCGA-KL-8336-11,0.001867220581702144,0.3261314000185821,174.66142094539424,174.66142094539424
TN,TCGA-KIRC,TCGA-B0-5088-01,TCGA-B0-5699-11,0.002594130984582852,0.310321789113667,119.62456443330603,119.62456443330603
TN,TCGA-KIRC,TCGA-DX-A2IZ-01,TCGA-CJ-5680-11,0.002463105947128795,0.08612605511409187,34.966443572793814,34.966443572793814
TN,TCGA-KIRC,TCGA-B0-4814-01,TCGA-B0-5402-11,0.0017987267750442782,0.3177184916503938,176.63521556383833,176.63521556383833
TN,TCGA-KIRC,TCGA-B0-5115-01,TCGA-CJ-5678-11,0.002037838296954675,0.26898264416413925,131.99410599266105,131.99410599266105
TN,TCGA-KIRC,TCGA-DV-A4VX-01,TCGA-CZ-5989-11,0.005804610519804123,0.3552725882434572,61.205241425129394,61.205241425129394
TN,TCGA-KIRC,TCGA-CZ-5987-01,TCGA-CZ-5461-11,0.0026580110019331317,0.35956591281974304,135.27630719294845,135.27630719294845
TN,TCGA-KIRC,TCGA-DV-A4VZ-01,TCGA-CZ-5986-11,0.003844696369349877,0.3747141411302469,97.46260956196383,97.46260956196383
TN,TCGA-KIRC,TCGA-UZ-A9PZ-01,TCGA-CJ-6030-11,0.0035891099590522058,0.3420303833873387,95.29671347201086,95.29671347201086
TN,TCGA-KIRC,TCGA-CJ-4891-01,TCGA-CZ-5469-11,0.0051765919217687415,0.4197071232141806,81.0778847467611,81.0778847467611
TN,TCGA-KIRC,TCGA-V5-A7RB-01,TCGA-CZ-5470-11,0.004128429280587235,0.4270163012887782,103.43311517934943,103.43311517934943
TN,TCGA-KIRC,TCGA-B0-5098-01,TCGA-CZ-5470-11,0.0033372064398699405,0.3655344287875998,109.53305867462176,109.53305867462176
TN,TCGA-KIRC,TCGA-BP-4960-01,TCGA-B0-5706-11,0.003170256609086605,0.3985490093818398,125.71506301398968,125.71506301398968
TN,TCGA-KIRC,TCGA-BP-4763-01,TCGA-B0-5703-11,0.002212682604476567,0.30849705479134704,139.42219013572677,139.42219013572677
TN,TCGA-KIRC,TCGA-DX-AB2T-01,TCGA-CJ-6033-11,0.002425299908094606,0.41553005206459903,171.33140964453045,171.33140964453045
TN,TCGA-KIRC,TCGA-B8-4153-01,TCGA-B0-5696-11,0.0029053263522252327,0.330010538356457,113.58811312322865,113.58811312322865
TN,TCGA-KIRC,TCGA-AL-3466-01,TCGA-B0-5703-11,0.003980546663164631,0.34125791670558614,85.73141972270659,85.73141972270659
TN,TCGA-KIRC,TCGA-BP-4989-01,TCGA-B0-5691-11,0.002654170526660067,0.2910765998035556,109.66763321339347,109.66763321339347
TN,TCGA-KIRC,TCGA-CJ-6032-01,TCGA-CJ-6030-11,0.0013053050844940308,0.3327003917225497,254.88324199052116,254.88324199052116
TN,TCGA-KIRC,TCGA-AY-6386-01,TCGA-KL-8339-11,0.0028121708554773254,0.38437669168884536,136.6832640841102,136.6832640841102
TN,TCGA-KIRC,TCGA-BP-5187-01,TCGA-CW-5591-11,0.001290944974335499,0.24724996944685512,191.52634261125232,191.52634261125232
TN,TCGA-KIRC,TCGA-BP-5175-01,TCGA-B0-5694-11,0.009105627480458896,0.13151350048014346,14.44310134171177,14.44310134171177
TN,TCGA-KIRC,TCGA-DX-AB2Q-01,TCGA-KL-8326-11,0.0033205107497876153,0.35467247842260824,106.81262767942962,106.81262767942962
TN,TCGA-KIRC,TCGA-B1-A47M-01,TCGA-B8-5552-11,0.009714956505567826,0.37604982878500004,38.70833889678032,38.70833889678032
TN,TCGA-KIRC,TCGA-DX-A7EF-01,TCGA-CZ-5452-11,0.003344487533278158,0.36220442834219574,108.29893211985596,108.29893211985596
TN,TCGA-KIRC,TCGA-DX-A23U-01,TCGA-CZ-5986-11,0.0034213844387255016,0.2998875876755732,87.65094745894274,87.65094745894274
TN,TCGA-KIRC,TCGA-B0-4693-01,TCGA-CZ-5985-11,0.0015539215005555109,0.22548366991717345,145.106216650304,145.106216650304
TN,TCGA-KIRC,TCGA-B0-4815-01,TCGA-CZ-5461-11,0.0030708729125502403,0.38400328693208197,125.04694849556057,125.04694849556057
TN,TCGA-KIRC,TCGA-CZ-5454-01,TCGA-P4-A5E8-11,0.002805083246649925,0.3671114734296558,130.8736465729109,130.8736465729109
TN,TCGA-KIRC,TCGA-DX-A1L3-01,TCGA-CZ-5465-11,0.0034382268737690423,0.38013565144644845,110.56153808423274,110.56153808423274
TN,TCGA-KIRC,TCGA-B0-5116-01,TCGA-P4-A5E8-11,0.002952879964109678,0.3433691534882827,116.28280108291221,116.28280108291221
TN,TCGA-KIRC,TCGA-B0-4841-01,TCGA-B2-5636-11,0.007321368422083961,0.1641281613537598,22.41768913837042,22.41768913837042
TN,TCGA-KIRC,TCGA-CZ-5466-01,TCGA-CJ-6030-11,0.001642229607831192,0.30410818956594565,185.1800674618001,185.1800674618001
TN,TCGA-KIRC,TCGA-XM-AAZ3-01,TCGA-B0-5699-11,0.0025984530976504373,0.3338500305258445,128.48029884692434,128.48029884692434
TN,TCGA-KIRC,TCGA-KL-8331-01,TCGA-B2-5641-11,0.004941920584864335,0.040831215079791955,8.262215949978252,8.262215949978252
TN,TCGA-KIRC,TCGA-B8-5163-01,TCGA-CW-5581-11,0.0016611897324159204,0.39741587244877946,239.23569035717856,239.23569035717856
TN,TCGA-KIRC,TCGA-BW-A5NP-01,TCGA-CW-6087-11,0.004758557548177925,0.22773228886737867,47.85742035516172,47.85742035516172
TN,TCGA-KIRC,TCGA-BP-5168-01,TCGA-CZ-5984-11,0.0013568725655846332,0.32163601560588884,237.0421687074984,237.0421687074984
TN,TCGA-KIRC,TCGA-DX-A23R-01,TCGA-CZ-5988-11,0.0030545813871577076,0.4545254089204732,148.80121080794308,148.80121080794308
TN,TCGA-KIRC,TCGA-BP-4995-01,TCGA-CJ-5678-11,0.0012632718918369407,0.19788504541458124,156.64485744777707,156.64485744777707
TN,TCGA-KIRC,TCGA-BP-4803-01,TCGA-B8-4619-11,0.00250413884464314,0.3100563189902705,123.817542966335,123.817542966335
TN,TCGA-KIRC,TCGA-DX-A2J4-01,TCGA-B8-5549-11,0.0058244166889147,0.4895696252277155,84.05470476717215,84.05470476717215
TN,TCGA-KIRC,TCGA-B0-5700-01,TCGA-CZ-5470-11,0.002649352063586182,0.37244499342346077,140.57965286777196,140.57965286777196
TN,TCGA-KIRC,TCGA-DV-5568-01,TCGA-CZ-5465-11,0.0031567476024409085,0.3171273806852418,100.46016363171631,100.46016363171631
TN,TCGA-KIRC,TCGA-A3-A6NN-01,TCGA-CZ-5467-11,0.0022728271972009212,0.3131924715367004,137.79862891574405,137.79862891574405
TN,TCGA-KIRC,TCGA-B2-4099-01,TCGA-CJ-5680-11,0.002916580749405623,0.18043048363083822,61.86370244252918,61.86370244252918
TN,TCGA-KIRC,TCGA-BP-4165-01,TCGA-V5-AASX-11,0.006567718542369897,0.373500422805348,56.86912744445562,56.86912744445562
TN,TCGA-KIRC,TCGA-B1-A657-01,TCGA-B0-5703-11,0.0014338492195203143,0.28062146906047053,195.7119795025245,195.7119795025245
TN,TCGA-KIRC,TCGA-BP-4995-01,TCGA-B2-5641-11,0.0010427483515024723,0.2684361041738567,257.43133881446397,257.43133881446397
TN,TCGA-KIRC,TCGA-A3-3385-01,TCGA-B8-4620-11,0.001709042067882234,0.23090646738503778,135.10870898056152,135.10870898056152
TN,TCGA-KIRC,TCGA-BP-4967-01,TCGA-CW-6090-11,0.001900313481884798,0.3373435599948166,177.51995300282107,177.51995300282107
TN,TCGA-KIRC,TCGA-BP-5189-01,TCGA-CZ-5455-11,0.0021079559042285834,0.2880600852070493,136.65375287462015,136.65375287462015
TN,TCGA-KIRC,TCGA-A3-3349-01,TCGA-CZ-5451-11,0.0014141932527119566,0.2851221843988099,201.61472546417505,201.61472546417505
TN,TCGA-KIRC,TCGA-A3-3358-01,TCGA-CW-6087-11,0.0018010018946695765,0.27196599019974227,151.00816440264708,151.00816440264708
TN,TCGA-KIRC,TCGA-A3-3357-01,TCGA-B0-5701-11,0.001465309313396717,0.31315873607966627,213.7151065761921,213.7151065761921
TN,TCGA-KIRC,TCGA-P4-A5ED-01,TCGA-B0-5699-11,0.007738396101143762,0.4011396386249799,51.837568584230276,51.837568584230276
TN,TCGA-KIRC,TCGA-BP-5004-01,TCGA-V5-AASX-11,0.00330951643889927,0.3434908254287192,103.78882588145194,103.78882588145194
TN,TCGA-KIRC,TCGA-CW-5591-01,TCGA-CW-5584-11,0.0003257346443921637,0.1177878037984933,361.60662007042856,361.60662007042856
TN,TCGA-KIRC,TCGA-BP-4982-01,TCGA-CZ-5469-11,0.0017579456828080492,0.2757887887547721,156.88129130033283,156.88129130033283
TN,TCGA-KIRC,TCGA-DX-A48P-01,TCGA-CW-5587-11,0.00355979252193795,0.3011279383475851,84.59142955434132,84.59142955434132
TN,TCGA-KIRC,TCGA-B0-4813-01,TCGA-CZ-5466-11,0.005881089116002481,0.38545262627390686,65.54102797474839,65.54102797474839
TN,TCGA-KIRC,TCGA-BP-4337-01,TCGA-CZ-5463-11,0.003519668976127474,0.3522916003283916,100.09225376529625,100.09225376529625
TN,TCGA-KIRC,TCGA-BP-5010-01,TCGA-CZ-5982-11,0.004887743695529696,0.3471909037683053,71.03296027691555,71.03296027691555
TN,TCGA-KIRC,TCGA-CZ-5985-01,TCGA-CZ-5454-11,0.0016608596427957036,0.34198497218489815,205.90841235038937,205.90841235038937
TN,TCGA-KIRC,TCGA-DX-A8BJ-01,TCGA-CZ-5986-11,0.006449855184045582,0.35995045223866373,55.80752466024979,55.80752466024979
TN,TCGA-KIRC,TCGA-B0-5696-01,TCGA-B0-5709-11,0.0016547694552401428,0.30042493381630964,181.55093017033693,181.55093017033693
TN,TCGA-KIRC,TCGA-CW-5583-01,TCGA-CZ-5462-11,0.0018103708631447052,0.24340065677659736,134.4479530309045,134.4479530309045
TN,TCGA-KIRC,TCGA-CZ-5465-01,TCGA-CZ-5458-11,0.0018702139263046004,0.39101722130722194,209.07620021835794,209.07620021835794
TN,TCGA-KIRC,TCGA-KL-8334-01,TCGA-KL-8332-11,0.0044504060618044934,0.22168170556748287,49.811568312846994,49.811568312846994
TN,TCGA-KIRC,TCGA-DX-A8BJ-01,TCGA-KL-8329-11,0.004435605670782071,0.21802129858187203,49.152543026538076,49.152543026538076
TN,TCGA-KIRC,TCGA-B0-4710-01,TCGA-P4-A5E8-11,0.0023578601693375408,0.31283639160240345,132.67809332828134,132.67809332828134
TN,TCGA-KIRC,TCGA-B0-4707-01,TCGA-KL-8332-11,0.005583698245952732,0.39102480996120637,70.02971735527352,70.02971735527352
TN,TCGA-KIRC,TCGA-A3-3374-01,TCGA-CZ-5463-11,0.005359974860727116,0.1643087907033022,30.654768907071446,30.654768907071446
TN,TCGA-KIRC,TCGA-BP-4983-01,TCGA-KL-8336-11,0.0016708207870407043,0.28734747902425467,171.97983245898794,171.97983245898794
TN,TCGA-KIRC,TCGA-BP-4771-01,TCGA-B0-5694-11,0.0015159889095015255,0.301137141057774,198.6407282865884,198.6407282865884
TN,TCGA-KIRC,TCGA-BP-4985-01,TCGA-CW-6090-11,0.0030184866703780048,0.40456795762195635,134.03006267749805,134.03006267749805
TN,TCGA-KIRC,TCGA-CJ-4903-01,TCGA-B0-4700-11,0.0014695889663374775,0.29403115873500896,200.07714093539775,200.07714093539775
TN,TCGA-KIRC,TCGA-BP-4971-01,TCGA-CJ-5680-11,0.002348800183672569,0.25338450105871707,107.87827028458703,107.87827028458703
TN,TCGA-KIRC,TCGA-RG-A7D4-01,TCGA-CZ-5461-11,0.005442905165303135,0.24367928061138847,44.77007649605394,44.77007649605394
TN,TCGA-KIRC,TCGA-XM-A8RI-01,TCGA-CZ-5468-11,0.0020530012071727733,0.4294090970336108,209.16163884041654,209.16163884041654
TN,TCGA-KIRC,TCGA-CJ-4644-01,TCGA-CZ-5456-11,0.0016676209091589077,0.2979817849996324,178.68676469757415,178.68676469757415
TN,TCGA-KIRC,TCGA-BP-4158-01,TCGA-P4-A5E8-11,0.001954039725112214,0.3579140176940243,183.16619314045445,183.16619314045445
TN,TCGA-KIRC,TCGA-BP-5184-01,TCGA-B0-5712-11,0.0007447953483162637,0.2743355350986107,368.33679979177197,368.33679979177197
TN,TCGA-KIRC,TCGA-DX-A6Z2-01,TCGA-B2-5636-11,0.0021362804854740155,0.22492165132083686,105.28657301802266,105.28657301802266
TN,TCGA-KIRC,TCGA-B2-5635-01,TCGA-KL-8332-11,0.0044251033392813804,0.36309486312554484,82.053420064199,82.053420064199
TN,TCGA-KIRC,TCGA-DX-A7EQ-01,TCGA-CZ-5468-11,0.01885601393486113,0.17433038039646245,9.245346391803372,9.245346391803372
TN,TCGA-KIRC,TCGA-UZ-A9PM-01,TCGA-B0-5699-11,0.003545971769385552,0.34864817102369217,98.32232000090235,98.32232000090235
TN,TCGA-KIRC,TCGA-AY-A69D-01,TCGA-CZ-5451-11,0.0032340687324651147,0.3909178865851684,120.87494698580441,120.87494698580441
TN,TCGA-KIRC,TCGA-A3-3380-01,TCGA-CZ-5453-11,0.001865979205630045,0.34041753906344396,182.43372596882853,182.43372596882853
TN,TCGA-KIRC,TCGA-DX-AB36-01,TCGA-CZ-4863-11,0.003224982033833917,0.4011814830919424,124.39805210790914,124.39805210790914
TN,TCGA-KIRC,TCGA-DX-A23Y-01,TCGA-CZ-5452-11,0.0024301471565732367,0.4545910930066522,187.06319564930112,187.06319564930112
TN,TCGA-KIRC,TCGA-CJ-5676-01,TCGA-CW-5581-11,0.003304154924465009,0.38530571816111414,116.61248548250224,116.61248548250224
TN,TCGA-KIRC,TCGA-A3-A8OU-01,TCGA-CZ-5463-11,0.002236632722214829,0.3160594489536404,141.31039299141705,141.31039299141705
TN,TCGA-KIRC,TCGA-B0-4845-01,TCGA-CZ-5470-11,0.002607672052176254,0.3940071781136789,151.0953717454068,151.0953717454068
TN,TCGA-KIRC,TCGA-B8-5552-01,TCGA-CJ-5678-11,0.0013632660441776248,0.19347693490744539,141.92162691483907,141.92162691483907
TN,TCGA-KIRC,TCGA-DX-A6Z2-01,TCGA-P4-A5E8-11,0.0022500419852643353,0.32153709761682203,142.90271013722787,142.90271013722787
TN,TCGA-KIRC,TCGA-DX-A7ER-01,TCGA-KL-8329-11,0.00621566543508916,0.1152704556629635,18.545151258018123,18.545151258018123
TN,TCGA-KIRC,TCGA-B0-5119-01,TCGA-CJ-5678-11,0.0012118814511741824,0.3296808729560303,272.04053056229645,272.04053056229645
TN,TCGA-KIRC,TCGA-B1-7332-01,TCGA-CZ-5988-11,0.0027185423644938912,0.3487436300397494,128.28331630751492,128.28331630751492
TN,TCGA-KIRC,TCGA-DX-A3M1-01,TCGA-KL-8324-11,0.0025705972434895345,0.28274642065290206,109.99250130256867,109.99250130256867
TN,TCGA-KIRC,TCGA-CZ-5451-01,TCGA-KL-8329-11,0.0008868299062070554,0.3149262361827024,355.1145873391126,355.1145873391126
TN,TCGA-KIRC,TCGA-B4-5836-01,TCGA-CJ-5681-11,0.0009603416977539893,0.29645415499920685,308.69653550662497,308.69653550662497
TN,TCGA-KIRC,TCGA-BP-4327-01,TCGA-CZ-5984-11,0.0022012825599859167,0.33156810342932297,150.62496267241778,150.62496267241778
TN,TCGA-KIRC,TCGA-DX-A6YU-01,TCGA-CZ-5988-11,0.0029502189753899243,0.44967779019946896,152.4218351080316,152.4218351080316
TN,TCGA-KIRC,TCGA-DX-A6YV-01,TCGA-CZ-5982-11,0.003916067987384116,0.4659496909642139,118.98406576834292,118.98406576834292
TN,TCGA-KIRC,TCGA-BP-4768-01,TCGA-B2-5641-11,0.0021806795941409747,0.4009688532624419,183.87334587793663,183.87334587793663
TN,TCGA-KIRC,TCGA-A3-3343-01,TCGA-CW-5584-11,0.0011340959502695754,0.32025670789718436,282.389429061147,282.389429061147
TN,TCGA-KIRC,TCGA-B8-4148-01,TCGA-CW-6088-11,0.001356023863567512,0.2643095630937857,194.91512663975078,194.91512663975078
TN,TCGA-KIRC,TCGA-DX-A3UC-01,TCGA-B0-4712-11,0.004408685950225779,0.4489119991183935,101.8244447861848,101.8244447861848
TN,TCGA-KIRC,TCGA-B3-8121-01,TCGA-P4-A5ED-11,0.0009514179917832458,0.3508146245626539,368.7281800348561,368.7281800348561
TN,TCGA-KIRC,TCGA-DX-A7EN-01,TCGA-B0-5701-11,0.0032378862784153586,0.185395012442015,57.25803703419394,57.25803703419394
TN,TCGA-KIRC,TCGA-BP-5182-01,TCGA-B0-5712-11,0.0006784541160073749,0.2579662460164099,380.2265177997767,380.2265177997767
TN,TCGA-KIRC,TCGA-A3-3306-01,TCGA-B0-5699-11,0.002382154923441079,0.36546022064919426,153.41580728145018,153.41580728145018
TN,TCGA-KIRC,TCGA-DX-A8BU-01,TCGA-B0-4712-11,0.0032605834323082682,0.46233089501596714,141.79391652268464,141.79391652268464
TN,TCGA-KIRC,TCGA-B8-4153-01,TCGA-B0-5705-11,0.0034313379014587406,0.3544894863260156,103.30940773140237,103.30940773140237
TN,TCGA-KIRC,TCGA-B0-4847-01,TCGA-B8-4619-11,0.0050528762312732865,0.3707031713126536,73.36478360944123,73.36478360944123
TN,TCGA-KIRC,TCGA-DV-5574-01,TCGA-CZ-5453-11,0.0011273394102717237,0.20857078913620167,185.01153001111675,185.01153001111675
TN,TCGA-KIRC,TCGA-CJ-4872-01,TCGA-CJ-5689-11,0.0013497163375505296,0.2976042311580124,220.493908889112,220.493908889112
TN,TCGA-KIRC,TCGA-CJ-5671-01,TCGA-B8-5549-11,0.0021246288952435593,0.2599743566692977,122.36224276686929,122.36224276686929
TN,TCGA-KIRC,TCGA-B8-4153-01,TCGA-CW-5591-11,0.0026083265260569196,0.23301647408391685,89.3356225748984,89.3356225748984
TN,TCGA-KIRC,TCGA-CW-5580-01,TCGA-CZ-5982-11,0.0016376175000629234,0.21713524661958472,132.59216307302626,132.59216307302626
TN,TCGA-KIRC,TCGA-BP-4982-01,TCGA-P4-A5ED-11,0.0014234749505311634,0.3067195270252853,215.47237407362474,215.47237407362474
TN,TCGA-KIRC,TCGA-DX-A6YQ-01,TCGA-CZ-5456-11,0.003347956740345043,0.4243785932379958,126.75749006071656,126.75749006071656
TN,TCGA-KIRC,TCGA-DX-A6YV-01,TCGA-B0-5699-11,0.0033817060187027815,0.43018349284755025,127.2090153515379,127.2090153515379
TN,TCGA-KIRC,TCGA-DX-A23R-01,TCGA-B0-4712-11,0.002934015361227069,0.4644435840906574,158.29623465107457,158.29623465107457
TN,TCGA-KIRC,TCGA-EU-5905-01,TCGA-B0-5712-11,0.001471948574873971,0.29500305943837013,200.41668878522367,200.41668878522367
TN,TCGA-KIRC,TCGA-A3-A8OX-01,TCGA-B0-5699-11,0.0010188415569380171,0.16043454207959607,157.46760719277998,157.46760719277998
TN,TCGA-KIRC,TCGA-BP-4989-01,TCGA-CJ-5679-11,0.0024757544449673418,0.31154475021431793,125.83830793381756,125.83830793381756
TN,TCGA-KIRC,TCGA-BP-4327-01,TCGA-B0-4712-11,0.0024237924279081596,0.33230288631576077,137.10038965776988,137.10038965776988
TN,TCGA-KIRC,TCGA-DV-5567-01,TCGA-B0-5711-11,0.0010389732445100172,0.30846338894731895,296.89252401566046,296.89252401566046
TN,TCGA-KIRC,TCGA-B3-3926-01,TCGA-CJ-6033-11,0.0024145355397766233,0.3225061162603037,133.56859360626342,133.56859360626342
TN,TCGA-KIRC,TCGA-A3-3320-01,TCGA-A3-3387-11,0.0024827616114777903,0.26916112644290724,108.4119897772614,108.4119897772614
TN,TCGA-KIRC,TCGA-EU-5906-01,TCGA-KL-8324-11,0.0012608109986815665,0.3114460976931952,247.02044796474271,247.02044796474271
TN,TCGA-KIRC,TCGA-B8-5164-01,TCGA-CZ-5451-11,0.0012116765711438773,0.35430776553934973,292.4111714109213,292.4111714109213
TN,TCGA-KIRC,TCGA-HE-A5NI-01,TCGA-CW-6087-11,0.006363746661159909,0.3550033978943151,55.78528134393227,55.78528134393227
TN,TCGA-KIRC,TCGA-B0-5703-01,TCGA-CZ-5451-11,0.0019639582062050045,0.35592757655806156,181.22971020133238,181.22971020133238
TN,TCGA-KIRC,TCGA-DV-5566-01,TCGA-B2-5636-11,0.0012463744961191598,0.22875402036980202,183.5355433556079,183.5355433556079
TN,TCGA-KIRC,TCGA-AK-3429-01,TCGA-B0-5694-11,0.00195401430861375,0.22453425669645297,114.90921827268802,114.90921827268802
TN,TCGA-KIRC,TCGA-BP-4974-01,TCGA-B0-5701-11,0.0013758259452588662,0.3110658886306396,226.09392539992515,226.09392539992515
TN,TCGA-KIRC,TCGA-DX-A6YS-01,TCGA-B8-5549-11,0.002896430492297499,0.23094839232158232,79.73552030188372,79.73552030188372
TN,TCGA-KIRC,TCGA-A3-3385-01,TCGA-CZ-5468-11,0.0018801776755263998,0.3868233999869939,205.73768374241206,205.73768374241206
TN,TCGA-KIRC,TCGA-DX-AB2P-01,TCGA-CZ-5457-11,0.002613988918203064,0.3971772713441586,151.94298207552862,151.94298207552862
TN,TCGA-KIRC,TCGA-CJ-4640-01,TCGA-CW-6090-11,0.0019510148765634696,0.2633497717233332,134.980914234339,134.980914234339
TN,TCGA-KIRC,TCGA-DX-A2J4-01,TCGA-CZ-5452-11,0.0049476472862525125,0.47145644385428526,95.28901649158982,95.28901649158982
TN,TCGA-KIRC,TCGA-DX-A3M1-01,TCGA-B0-5703-11,0.002822850378357211,0.34748509838022823,123.09724278849346,123.09724278849346
TN,TCGA-KIRC,TCGA-B0-5096-01,TCGA-B0-5696-11,0.0020652433449979577,0.4406335910902024,213.3567417890109,213.3567417890109
TN,TCGA-KIRC,TCGA-B0-4817-01,TCGA-CJ-5681-11,0.0036260653758266198,0.37526934403642875,103.49216165218203,103.49216165218203
TN,TCGA-KIRC,TCGA-B0-5707-01,TCGA-CJ-5678-11,0.002158220629461768,0.27916940020804937,129.3516503350589,129.3516503350589
TN,TCGA-KIRC,TCGA-B0-5698-01,TCGA-KL-8326-11,0.0013950601479547652,0.3641857973729835,261.05383191319737,261.05383191319737
TN,TCGA-KIRC,TCGA-A3-3382-01,TCGA-B0-5711-11,0.0019397986330014526,0.3711783220994107,191.3488935318436,191.3488935318436
TN,TCGA-KIRC,TCGA-B8-5551-01,TCGA-CJ-5681-11,0.0015556292483188267,0.4028911533580619,258.98918639738076,258.98918639738076
TN,TCGA-KIRC,TCGA-CZ-4862-01,TCGA-KL-8339-11,0.0029065217155465253,0.20006632222427306,68.83358935670424,68.83358935670424
TN,TCGA-KIRC,TCGA-BP-4159-01,TCGA-KL-8329-11,0.002920030005775281,0.24209398818874797,82.90804810564642,82.90804810564642
TN,TCGA-KIRC,TCGA-CZ-5460-01,TCGA-B8-4622-11,0.002972531756752856,0.3342317163912411,112.44008264401192,112.44008264401192
TN,TCGA-KIRC,TCGA-B0-5100-01,TCGA-B8-5549-11,0.004853520667349547,0.39022476205571877,80.40035034378788,80.40035034378788
TN,TCGA-KIRC,TCGA-DX-A8BT-01,TCGA-B0-5402-11,0.0026586423545852467,0.1831158908326258,68.87571414666348,68.87571414666348
TN,TCGA-KIRC,TCGA-B0-5094-01,TCGA-P4-A5E8-11,0.0027422608317974302,0.3815130878856753,139.12355945937148,139.12355945937148
TN,TCGA-KIRC,TCGA-CJ-5686-01,TCGA-B2-5641-11,0.0012020457161338568,0.31630482820536837,263.1387674860658,263.1387674860658
TN,TCGA-KIRC,TCGA-CJ-4905-01,TCGA-CZ-5453-11,0.0011813926917707692,0.3527732608215999,298.6079592999971,298.6079592999971
TN,TCGA-KIRC,TCGA-B8-5550-01,TCGA-CJ-5680-11,0.0011643897465053986,0.23376084916503553,200.75825114967355,200.75825114967355
TN,TCGA-KIRC,TCGA-AY-5543-01,TCGA-B0-5706-11,0.0035107980540153953,0.40258177787766447,114.66959126778048,114.66959126778048
TN,TCGA-KIRC,TCGA-DV-5567-01,TCGA-CZ-5456-11,0.0019241605594804713,0.28838070856825193,149.8735160885511,149.8735160885511
TN,TCGA-KIRC,TCGA-UZ-A9PN-01,TCGA-B0-5711-11,0.0017965869019429827,0.2548716384880843,141.86435301985355,141.86435301985355
TN,TCGA-KIRC,TCGA-DX-AB3A-01,TCGA-B0-5711-11,0.004460008145348325,0.2226316442482484,49.91731785971009,49.91731785971009
TN,TCGA-KIRC,TCGA-B1-A47M-01,TCGA-CZ-5452-11,0.005079731212341487,0.38387206776092675,75.56936611690958,75.56936611690958
TN,TCGA-KIRC,TCGA-CJ-4868-01,TCGA-B8-4622-11,0.0022812908228529018,0.17876148079442178,78.35979481601954,78.35979481601954
TN,TCGA-KIRC,TCGA-BP-5191-01,TCGA-CZ-5456-11,0.007201516848348629,0.4318742406849926,59.96989936696811,59.96989936696811
TN,TCGA-KIRC,TCGA-B0-4837-01,TCGA-B0-5691-11,0.002508074473301827,0.3416820541382455,136.2328183534472,136.2328183534472
TN,TCGA-KIRC,TCGA-KL-8325-01,TCGA-CZ-5982-11,0.0024029886897897874,0.2129095340151413,88.60197092054001,88.60197092054001
TN,TCGA-KIRC,TCGA-KL-8331-01,TCGA-CJ-5680-11,0.0047844635578081045,0.003786680032451655,0.7914534172325137,0.7914534172325137
TN,TCGA-KIRC,TCGA-DV-5565-01,TCGA-B0-5699-11,0.002440703185501581,0.35990502853573525,147.4595643885196,147.4595643885196
TN,TCGA-KIRC,TCGA-DX-A1L0-01,TCGA-CJ-5680-11,0.002080903271501783,0.04598726369123943,22.099664276105695,22.099664276105695
TN,TCGA-KIRC,TCGA-CJ-5676-01,TCGA-CW-6088-11,0.004602926609337494,0.3519449339557056,76.46112220033018,76.46112220033018
TN,TCGA-KIRC,TCGA-BP-5007-01,TCGA-CZ-5466-11,0.0022691949975942576,0.32303295857650627,142.3557512329163,142.3557512329163
TN,TCGA-KIRC,TCGA-BP-5006-01,TCGA-CZ-5987-11,0.0013133218065358426,0.2540835743197152,193.46634850289516,193.46634850289516
TN,TCGA-KIRC,TCGA-CJ-4639-01,TCGA-CZ-5470-11,0.0014468215718350034,0.3704670926278507,256.0558259841173,256.0558259841173
TN,TCGA-KIRC,TCGA-DX-A23Z-01,TCGA-CZ-4865-11,0.003694448507030247,0.3273538590199547,88.60696214794328,88.60696214794328
TN,TCGA-KIRC,TCGA-BP-4765-01,TCGA-B0-5402-11,0.0010253646408341433,0.288882235795213,281.73610078869575,281.73610078869575
TN,TCGA-KIRC,TCGA-V5-A7RC-01,TCGA-B0-5705-11,0.004009505212253859,0.4107236912759442,102.43750027327302,102.43750027327302
TN,TCGA-KIRC,TCGA-CZ-4862-01,TCGA-A3-3387-11,0.002132968293299695,0.16560680309019257,77.64147437653627,77.64147437653627
TN,TCGA-KIRC,TCGA-B0-4693-01,TCGA-KL-8329-11,0.0010530692705041304,0.3201400687090172,304.00665718386995,304.00665718386995
TN,TCGA-KIRC,TCGA-B4-5838-01,TCGA-CZ-5982-11,0.0017972173255156058,0.2707008248768055,150.6221985697494,150.6221985697494
TN,TCGA-KIRC,TCGA-CJ-4897-01,TCGA-CZ-5457-11,0.0015480676479295926,0.35590993283319994,229.9059303443224,229.9059303443224
TN,TCGA-KIRC,TCGA-CZ-4853-01,TCGA-CZ-5466-11,0.0020947769415774987,0.34273412319782337,163.61366043093975,163.61366043093975
TN,TCGA-KIRC,TCGA-BP-4329-01,TCGA-B0-5711-11,0.0019644492996265554,0.3007930035759768,153.1182319814301,153.1182319814301
TN,TCGA-KIRC,TCGA-B8-5546-01,TCGA-CJ-5680-11,0.000882562091810527,0.08935241321520289,101.24207015497502,101.24207015497502
TN,TCGA-KIRC,TCGA-CJ-5684-01,TCGA-CW-5581-11,0.001192030743436287,0.21605000347067532,181.2453283275768,181.2453283275768
TN,TCGA-KIRC,TCGA-B0-4836-01,TCGA-B0-5697-11,0.001889498770100879,0.2868495451414249,151.8125069359586,151.8125069359586
TN,TCGA-KIRC,TCGA-DX-A3M2-01,TCGA-B0-4700-11,0.012108496422036024,0.3996613470748702,33.00668663927043,33.00668663927043
TN,TCGA-KIRC,TCGA-CJ-4882-01,TCGA-B0-5705-11,0.0028646692027519106,0.26298629986655064,91.80337457948582,91.80337457948582
TN,TCGA-KIRC,TCGA-CW-5580-01,TCGA-CW-6087-11,0.0016882644656346238,0.24929685380052788,147.66457440470762,147.66457440470762
TN,TCGA-KIRC,TCGA-A3-3363-01,TCGA-CZ-5988-11,0.0017978232617240808,0.3578186692731214,199.0288349756803,199.0288349756803
TN,TCGA-KIRC,TCGA-CJ-4639-01,TCGA-CJ-6033-11,0.0019166317171720332,0.34536687618461526,180.19469942519783,180.19469942519783
TN,TCGA-KIRC,TCGA-UZ-A9PU-01,TCGA-B0-5697-11,0.0016445692651723214,0.3763161100871809,228.82350902243678,228.82350902243678
TN,TCGA-KIRC,TCGA-DV-5567-01,TCGA-CJ-5672-11,0.0009221910226509533,0.3320078915515547,360.02073691539147,360.02073691539147
TN,TCGA-KIRC,TCGA-RG-A7D4-01,TCGA-KL-8326-11,0.003729374402655997,0.2515785029087379,67.45863400831195,67.45863400831195
TN,TCGA-KIRC,TCGA-CZ-4858-01,TCGA-KL-8324-11,0.0026166698831865797,0.28741509124566383,109.84002723937412,109.84002723937412
TN,TCGA-KIRC,TCGA-B0-4699-01,TCGA-CZ-5470-11,0.0017219157698427762,0.391776157555797,227.52341573105465,227.52341573105465
TN,TCGA-KIRC,TCGA-CJ-4891-01,TCGA-CZ-5453-11,0.005735659203812358,0.3780795629015226,65.91736877432014,65.91736877432014
TN,TCGA-KIRC,TCGA-B8-5165-01,TCGA-CZ-5982-11,0.0010761871374016158,0.02835225868753989,26.345100867860754,26.345100867860754
TN,TCGA-KIRC,TCGA-DX-A6YT-01,TCGA-CZ-4863-11,0.0034108067226772194,0.4269581687874515,125.17806006091203,125.17806006091203
TN,TCGA-KIRC,TCGA-CZ-5989-01,TCGA-CW-6088-11,0.013565126954706658,0.43106339598290205,31.777321172312146,31.777321172312146
TN,TCGA-KIRC,TCGA-DX-AB30-01,TCGA-CZ-5461-11,0.0032878710851169755,0.4086198907018521,124.28099524690285,124.28099524690285
TN,TCGA-KIRC,TCGA-B0-5096-01,TCGA-CJ-5677-11,0.001989084680027498,0.32299370759035795,162.3830854631552,162.3830854631552
TN,TCGA-KIRC,TCGA-B0-5096-01,TCGA-CZ-5467-11,0.002258804793485468,0.38796107413541336,171.75502515946351,171.75502515946351
TN,TCGA-KIRC,TCGA-DX-A3LY-01,TCGA-CZ-5457-11,0.002553863800010032,0.34246197564305264,134.09563017483836,134.09563017483836
TN,TCGA-KIRC,TCGA-CZ-5458-01,TCGA-B0-5694-11,0.0010584722788014892,0.25500110851909075,240.91430038000536,240.91430038000536
TN,TCGA-KIRC,TCGA-CJ-4916-01,TCGA-V5-AASX-11,0.004281184907926736,0.3313714271099749,77.40180212642329,77.40180212642329
TN,TCGA-KIRC,TCGA-DX-A3U6-01,TCGA-CW-5585-11,0.0029215815824287614,0.41885172167774337,143.36471868416717,143.36471868416717
TN,TCGA-KIRC,TCGA-EU-5905-01,TCGA-CZ-5454-11,0.0020507882574072487,0.3390453504911592,165.32440600172163,165.32440600172163
TN,TCGA-KIRC,TCGA-A3-A8OU-01,TCGA-A3-3358-11,0.0023443691634623337,0.25318885320662704,107.99871332239307,107.99871332239307
TN,TCGA-KIRC,TCGA-V5-AASV-01,TCGA-CW-5591-11,0.00412877970428163,0.23636801132860016,57.248879392494985,57.248879392494985
TN,TCGA-KIRC,TCGA-AK-3451-01,TCGA-B8-5549-11,0.012025781789085505,0.4162631747839042,34.61422983424671,34.61422983424671
TN,TCGA-KIRC,TCGA-CJ-5679-01,TCGA-CW-6088-11,0.004844975653260489,0.3958085734262249,81.69464652724527,81.69464652724527
TN,TCGA-KIRC,TCGA-BP-4760-01,TCGA-CW-5580-11,0.0008830810618509947,0.3222510572521957,364.91673434456493,364.91673434456493
TN,TCGA-KIRC,TCGA-B4-5843-01,TCGA-CW-6088-11,0.0014902559451636045,0.27265662887855885,182.95959815723188,182.95959815723188
TN,TCGA-KIRC,TCGA-B0-4699-01,TCGA-CW-5587-11,0.0016319000392643207,0.4054609427913776,248.45942339345987,248.45942339345987
TN,TCGA-KIRC,TCGA-DX-A1L2-01,TCGA-B0-5705-11,0.002424256187486318,0.34728089621567637,143.25255639576926,143.25255639576926
TN,TCGA-KIRC,TCGA-CJ-4636-01,TCGA-B0-5712-11,0.0012086079961020416,0.31153449179687903,257.7630570057692,257.7630570057692
TN,TCGA-KIRC,TCGA-B0-4842-01,TCGA-B8-4622-11,0.006983258538238434,0.3490181096565173,49.97926222341456,49.97926222341456
TN,TCGA-KIRC,TCGA-CZ-5456-01,TCGA-CZ-5988-11,0.0024739549784892597,0.39266692267063463,158.720318714296,158.720318714296
TN,TCGA-KIRC,TCGA-B4-5835-01,TCGA-CJ-6030-11,0.002914309462160856,0.30780362512519016,105.61803031616444,105.61803031616444
TN,TCGA-KIRC,TCGA-BP-4161-01,TCGA-CZ-5468-11,0.001537356852942871,0.30830877601093176,200.5447046473007,200.5447046473007
TN,TCGA-KIRC,TCGA-DX-AB2H-01,TCGA-CZ-4864-11,0.003967434387711395,0.34161135948279664,86.10384598694128,86.10384598694128
TN,TCGA-KIRC,TCGA-BP-5175-01,TCGA-CJ-5681-11,0.00844930680947198,0.2657382866382735,31.45089800033906,31.45089800033906
TN,TCGA-KIRC,TCGA-DX-A8BJ-01,TCGA-CZ-4865-11,0.006011911869772195,0.298255250261432,49.6107156462248,49.6107156462248
TN,TCGA-KIRC,TCGA-DX-A3UF-01,TCGA-CW-5584-11,0.0026049116351133284,0.21778421504573686,83.60522180870908,83.60522180870908
TN,TCGA-KIRC,TCGA-AK-3465-01,TCGA-V5-AASX-11,0.005815244692249824,0.4129377393305136,71.0095208686317,71.0095208686317
TN,TCGA-KIRC,TCGA-A3-A6NI-01,TCGA-CW-5591-11,0.001575006867471663,0.2423228357425703,153.85509787113998,153.85509787113998
TN,TCGA-KIRC,TCGA-DX-A3UB-01,TCGA-CZ-5982-11,0.006385457280613002,0.35684581882715555,55.88414472845685,55.88414472845685
TN,TCGA-KIRC,TCGA-B0-5697-01,TCGA-CZ-5985-11,0.0016741813662412334,0.12180993594088599,72.75790926664415,72.75790926664415
TN,TCGA-KIRC,TCGA-B0-5107-01,TCGA-B0-5696-11,0.004567225721814038,0.31933866451886944,69.91961509448511,69.91961509448511
TN,TCGA-KIRC,TCGA-DX-AB2L-01,TCGA-CZ-5989-11,0.003120122850954178,0.21461885917661364,68.78538744427327,68.78538744427327
TN,TCGA-KIRC,TCGA-B0-5707-01,TCGA-A3-3387-11,0.0018991458773818188,0.28979950231124885,152.59465097582145,152.59465097582145
TN,TCGA-KIRC,TCGA-CJ-4901-01,TCGA-CJ-5677-11,0.002231951741947601,0.39110548165396897,175.23025892696515,175.23025892696515
TN,TCGA-KIRC,TCGA-DX-A240-01,TCGA-KL-8326-11,0.0026766239331837884,0.24721249030502512,92.35981463072812,92.35981463072812
TN,TCGA-KIRC,TCGA-V5-A7RC-01,TCGA-CW-6087-11,0.004894911613872942,0.44744978953384196,91.41120919644382,91.41120919644382
TN,TCGA-KIRC,TCGA-CJ-4635-01,TCGA-B2-5641-11,0.0016716241309136903,0.381621251920576,228.29369644956387,228.29369644956387
TN,TCGA-KIRC,TCGA-AL-3473-01,TCGA-CZ-5451-11,0.002745295299811379,0.39049687190533094,142.24221049449974,142.24221049449974
TN,TCGA-KIRC,TCGA-AY-A54L-01,TCGA-CJ-6030-11,0.002883066829511014,0.29532082306225205,102.43287461787361,102.43287461787361
TN,TCGA-KIRC,TCGA-AK-3429-01,TCGA-CJ-5678-11,0.0018488487793719,0.36396914816357884,196.86258401686493,196.86258401686493
TN,TCGA-KIRC,TCGA-DX-A3U8-01,TCGA-B8-4619-11,0.002542715015141467,0.4004706283858767,157.4972523468565,157.4972523468565
TN,TCGA-KIRC,TCGA-CJ-4890-01,TCGA-CZ-5458-11,0.001508816182743854,0.1850285023922389,122.6315733542543,122.6315733542543
TN,TCGA-KIRC,TCGA-B0-5710-01,TCGA-CZ-5466-11,0.0016676881639137663,0.32434988935399744,194.49073056488342,194.49073056488342
TN,TCGA-KIRC,TCGA-KL-8341-01,TCGA-CJ-5680-11,0.0025353488294884456,0.03211295005031918,12.666087473572059,12.666087473572059
TN,TCGA-KIRC,TCGA-DX-AB2J-01,TCGA-CZ-4863-11,0.004740636350608677,0.2812913369581025,59.336197960424855,59.336197960424855
TN,TCGA-KIRC,TCGA-DV-5565-01,TCGA-B0-5696-11,0.00235838949837771,0.3532516910456333,149.78513569901335,149.78513569901335
TN,TCGA-KIRC,TCGA-B0-5701-01,TCGA-B0-5696-11,0.0018283245448296498,0.36169776548887744,197.8301754531102,197.8301754531102
TN,TCGA-KIRC,TCGA-AK-3454-01,TCGA-CZ-5456-11,0.001954364184221357,0.16232628612200534,83.05836109388085,83.05836109388085
TN,TCGA-KIRC,TCGA-A3-3325-01,TCGA-B0-5402-11,0.0013583538885932234,0.3054709365006594,224.88317592775456,224.88317592775456
TN,TCGA-KIRC,TCGA-BP-4771-01,TCGA-KL-8336-11,0.001029626120901036,0.2759166712781092,267.977536386365,267.977536386365
TN,TCGA-KIRC,TCGA-B2-5633-01,TCGA-B0-5697-11,0.0020532902686828114,0.35145818768553716,171.1682917150326,171.1682917150326
TN,TCGA-KIRC,TCGA-B0-5692-01,TCGA-CZ-4864-11,0.0021049239894574134,0.30560166692607893,145.18418168860052,145.18418168860052
TN,TCGA-KIRC,TCGA-CW-5581-01,TCGA-B0-5709-11,0.0010743152834348803,0.2855955808680972,265.8396331800939,265.8396331800939
TN,TCGA-KIRC,TCGA-CJ-4890-01,TCGA-KL-8326-11,0.001451898850132,0.3201402656877107,220.4976370486174,220.4976370486174
TN,TCGA-KIRC,TCGA-B0-4846-01,TCGA-CW-5584-11,0.00101640897462246,0.3271101465381522,321.829258404232,321.829258404232
TN,TCGA-KIRC,TCGA-DV-5566-01,TCGA-CW-5587-11,0.0014318075486113306,0.1475627316016474,103.06045092775513,103.06045092775513
TN,TCGA-KIRC,TCGA-DX-A3U5-01,TCGA-CZ-5465-11,0.003623140466080949,0.38936932014789954,107.46735430025146,107.46735430025146
TN,TCGA-KIRC,TCGA-KL-8336-01,TCGA-CZ-5452-11,0.00241578473179297,0.12750764637501313,52.781046546468694,52.781046546468694
TN,TCGA-KIRC,TCGA-A3-3320-01,TCGA-B0-4700-11,0.0015538990071945666,0.27673797150019747,178.0926367922871,178.0926367922871
TN,TCGA-KIRC,TCGA-B0-4703-01,TCGA-CZ-4864-11,0.002056797391113598,0.4093909905494626,199.04293554544464,199.04293554544464
TN,TCGA-KIRC,TCGA-A3-3372-01,TCGA-CZ-5456-11,0.003242045768833794,0.32564939493293366,100.44565010878115,100.44565010878115
TN,TCGA-KIRC,TCGA-B2-4099-01,TCGA-CZ-5989-11,0.0034385615663761505,0.3702825600120768,107.68530761027267,107.68530761027267
TN,TCGA-KIRC,TCGA-DX-A23R-01,TCGA-B8-4622-11,0.004343822058037726,0.3864933994469748,88.97542170996961,88.97542170996961
TN,TCGA-KIRC,TCGA-DX-AB2S-01,TCGA-CW-5585-11,0.003095408207916031,0.40832965653623177,131.91463907474025,131.91463907474025
TN,TCGA-KIRC,TCGA-AK-3454-01,TCGA-KL-8339-11,0.0022204658887151653,0.23403006562503484,105.3968299240356,105.3968299240356
TN,TCGA-KIRC,TCGA-DX-A6BH-01,TCGA-CZ-5988-11,0.00359339537282458,0.4070168988438635,113.26805336311457,113.26805336311457
TN,TCGA-KIRC,TCGA-A3-3335-01,TCGA-CW-5584-11,0.002031595530760679,0.31959066593333296,157.3101835943055,157.3101835943055
TN,TCGA-KIRC,TCGA-DX-A6B9-01,TCGA-CW-5591-11,0.003525393387113304,0.224657869187215,63.72561712075244,63.72561712075244
TN,TCGA-KIRC,TCGA-BP-4347-01,TCGA-KL-8329-11,0.0012797998734187408,0.3524318265363373,275.3804199049364,275.3804199049364
TN,TCGA-KIRC,TCGA-A3-A8OX-01,TCGA-CZ-5456-11,0.00161928060424957,0.1319598701994567,81.4928986694134,81.4928986694134
TN,TCGA-KIRC,TCGA-P4-A5EB-01,TCGA-CZ-5457-11,0.001267340760825726,0.404388281439264,319.08409635289246,319.08409635289246
TN,TCGA-KIRC,TCGA-BP-5178-01,TCGA-V5-AASX-11,0.00755537470342354,0.4422887032160096,58.5396119421578,58.5396119421578
TN,TCGA-KIRC,TCGA-B0-4714-01,TCGA-CZ-5466-11,0.003971319141155041,0.35124130349615607,88.444491870779,88.444491870779
TN,TCGA-KIRC,TCGA-XM-A8RD-01,TCGA-CZ-5466-11,0.004868872464960795,0.314949388241057,64.68630889546067,64.68630889546067
TN,TCGA-KIRC,TCGA-B0-4836-01,TCGA-CZ-5451-11,0.0018500693999964713,0.35694127731474273,192.9339933493433,192.9339933493433
