pair_type,cancer,omega,kn,kf
TT,TCGA-LIHC,79.71765741221944,0.004605185552954821,0.36711460423015474
TT,TCGA-LIHC,91.49135170265642,0.0056026094893558255,0.5125903152432941
TT,TCGA-LIHC,102.12361310068638,0.004575035256800487,0.4672191304874923
TT,TCGA-LIHC,57.53450069044817,0.009413071368641857,0.5415763611583628
TT,TCGA-LIHC,98.14612102290269,0.006928131626110041,0.6799692450387957
TT,TCGA-LIHC,77.97626194258557,0.006849755063440942,0.5341182950694227
TT,TCGA-LIHC,64.75641426428103,0.009274134866031212,0.6005597193275296
TT,TCGA-LIHC,102.02746369991127,0.004081971175498855,0.41647316593229355
TT,TCGA-LIHC,130.1649937304921,0.0035477137181350953,0.46178813387863554
TT,TCGA-LIHC,47.11522524816993,0.013325457767823283,0.6278319442659697
TT,TCGA-LIHC,65.58677158321632,0.008513083534979609,0.5583456652775474
TT,TCGA-LIHC,10.190951498616139,0.029590670369908513,0.30155708655127533
TT,TCGA-LIHC,74.49508185481895,0.006596617335912632,0.49141554840372925
TT,TCGA-LIHC,31.857901517456803,0.0200569989470717,0.638973897191545
TT,TCGA-LIHC,39.350073849756626,0.013352565292095515,0.5254244303276556
TT,TCGA-LIHC,55.15521411258459,0.008303678158759991,0.45799114676839947
TT,TCGA-LIHC,39.4418906955067,0.01807303283527941,0.712834585625394
TT,TCGA-LIHC,76.92858640416526,0.008513417377721225,0.6549251643367493
TT,TCGA-LIHC,62.03916690797189,0.007575007548757435,0.4699471576465095
TT,TCGA-LIHC,36.153113892333565,0.014118817532314795,0.5104392182708527
TT,TCGA-LIHC,95.31556401512161,0.0042388436744338065,0.4040277756005888
TT,TCGA-LIHC,119.07699751747126,0.005229126007901352,0.6226686246614137
TT,TCGA-LIHC,13.322988578822077,0.03812540033696227,0.5079442732523677
TT,TCGA-LIHC,68.05124638727112,0.006447358007862375,0.43875074833998795
TT,TCGA-LIHC,13.444039927241356,0.02543872118112988,0.34199918325707046
TT,TCGA-LIHC,83.63987330375355,0.007395180880080886,0.618531991868306
TT,TCGA-LIHC,70.68546880164233,0.007682192253195839,0.5430193608414929
TT,TCGA-LIHC,51.164948098297344,0.012124978519466928,0.6203738966414956
TT,TCGA-LIHC,43.783503695543885,0.015860847534591285,0.6944434766452356
TT,TCGA-LIHC,52.275941347354866,0.014076536062214422,0.7358641735622468
TT,TCGA-LIHC,36.96634067883645,0.00728765524814548,0.2693979466528562
TT,TCGA-LIHC,105.60428370151392,0.005120488198392174,0.540745488393261
TT,TCGA-LIHC,87.58922629256837,0.006133982951015479,0.5372708207712511
TT,TCGA-LIHC,101.23309117274309,0.005745021226019739,0.5815862575630005
TT,TCGA-LIHC,16.528908889777675,0.03009648634863686,0.4974620807590563
TT,TCGA-LIHC,56.47865069256667,0.011261147647987139,0.6360144244080843
TT,TCGA-LIHC,39.79486052129446,0.005236342233165147,0.20837950881057055
TT,TCGA-LIHC,95.27893069772378,0.006214374079362156,0.5920989172372778
TT,TCGA-LIHC,147.5592145839538,0.004926575012633098,0.7269615394530722
TT,TCGA-LIHC,84.72773523882658,0.006802039964193547,0.5763214411701083
TT,TCGA-LIHC,61.26376849568573,0.005683682807854175,0.34820382774328723
TT,TCGA-LIHC,15.934195866639591,0.006522424451316555,0.10392958873263726
TT,TCGA-LIHC,81.75602572563236,0.007004140113071375,0.5726306592701969
TT,TCGA-LIHC,93.81791892862539,0.0058795469133157315,0.5516068556505049
TT,TCGA-LIHC,89.50593828800173,0.0060824850563667,0.5444185320928505
TT,TCGA-LIHC,21.20824575874653,0.004389564390480465,0.09309496036715212
TT,TCGA-LIHC,116.88945372868223,0.0040824981140628065,0.47720097440117687
TT,TCGA-LIHC,40.39944611423832,0.010135694265899636,0.4094764343256067
TT,TCGA-LIHC,88.05695330576737,0.007789762617914196,0.6859427631086825
TT,TCGA-LIHC,71.09186570279041,0.00862891840718558,0.6134459085639734
TT,TCGA-LIHC,57.47509235684636,0.00789108735786015,0.4535409746889548
TT,TCGA-LIHC,105.19048063372848,0.0048206391929120395,0.5070853536642064
TT,TCGA-LIHC,20.204041272211406,0.03522001137642325,0.7115865634570105
TT,TCGA-LIHC,66.48817894514838,0.008251831268335038,0.5486492339942307
TT,TCGA-LIHC,41.4021990893543,0.012380036176769976,0.5125607225240392
TT,TCGA-LIHC,93.27538413805715,0.0047728463155476105,0.4451890735146141
TT,TCGA-LIHC,81.98332335660096,0.0062872161335778875,0.5154468732919544
TT,TCGA-LIHC,58.451168068208496,0.010801905889377898,0.6313840165969987
TT,TCGA-LIHC,94.06329797836919,0.005936868356100251,0.5584414172382088
TT,TCGA-LIHC,90.09659369387938,0.006977327789849801,0.628633466951111
TT,TCGA-LIHC,17.786071160261088,0.012060671141558805,0.21451195516427224
TT,TCGA-LIHC,79.27478986928703,0.0053190745785304866,0.42166851951207085
TT,TCGA-LIHC,67.137069354177,0.007888136613484233,0.5295863748947138
TT,TCGA-LIHC,122.23755242132218,0.0047272080955308585,0.5778423473839519
TT,TCGA-LIHC,25.186408903861793,0.010034437406701714,0.2527314436453959
TT,TCGA-LIHC,126.76298262828405,0.004492645982207075,0.5695012045975456
TT,TCGA-LIHC,86.80016175894455,0.005505228028830123,0.4778546834223302
TT,TCGA-LIHC,102.12404691176037,0.006393181724112525,0.6528975903086766
TT,TCGA-LIHC,18.207149949955312,0.01761241625567732,0.3206719037481474
TT,TCGA-LIHC,85.202228937166,0.0036992811813649756,0.31518700211760853
TT,TCGA-LIHC,96.55220079994125,0.004937020629184127,0.4766802071424381
TT,TCGA-LIHC,85.12330198553987,0.007681522643612457,0.6538765717009858
TT,TCGA-LIHC,88.51403178725013,0.006855862832053804,0.6068400606454372
TT,TCGA-LIHC,100.87991736864079,0.006529180575462966,0.6586631969376385
TT,TCGA-LIHC,6.025867389155484,0.04436867785377947,0.26735976897903485
TT,TCGA-LIHC,114.47329536225179,0.005128916390528921,0.5871239608613115
TT,TCGA-LIHC,55.34011807091636,0.00957100540631918,0.5296605692430822
TT,TCGA-LIHC,14.903490108495225,0.048901152496171794,0.7287978425207129
TT,TCGA-LIHC,36.44921258214325,0.011528314003255283,0.4201979678183506
TT,TCGA-LIHC,90.50691683864514,0.006583859958377601,0.5958848657301672
TT,TCGA-LIHC,22.11212681911806,0.03122128319588846,0.6903689734830852
TT,TCGA-LIHC,69.06224548288893,0.008219903047735375,0.5676849621282474
TT,TCGA-LIHC,64.79566780356564,0.004514928413273724,0.2925478016233639
TT,TCGA-LIHC,71.28524301223632,0.00791001054184418,0.5638670237047134
TT,TCGA-LIHC,73.16033467329575,0.005290283197743665,0.38703888926343977
TT,TCGA-LIHC,70.03268603082361,0.007571904490349125,0.5302808098280037
TT,TCGA-LIHC,44.813112039806576,0.007058877819427238,0.31633028259729834
TT,TCGA-LIHC,91.04353503267143,0.005587937526631405,0.5087455859662456
TT,TCGA-LIHC,22.63569998425047,0.01758976801208429,0.39815671151410575
TT,TCGA-LIHC,95.41848631867659,0.006480135702380013,0.618324739860715
TT,TCGA-LIHC,30.902500603264695,0.01973235071213384,0.6097789797855465
TT,TCGA-LIHC,51.59204060852958,0.01438644720759757,0.7422261685468408
TT,TCGA-LIHC,10.390405821536367,0.04537913237548006,0.4715076012104574
TT,TCGA-LIHC,103.42915741072149,0.004351638043958173,0.450086256243034
TT,TCGA-LIHC,62.12805924179006,0.00927551510918159,0.5762697522013527
TT,TCGA-LIHC,43.813463377889214,0.007651977654182099,0.335259642719934
TT,TCGA-LIHC,55.33900186984659,0.011860402926938879,0.6563428597510046
TT,TCGA-LIHC,100.2079207285264,0.007212818691057675,0.722781563622741
TT,TCGA-LIHC,49.11403051464018,0.009352330454138472,0.4593306433075556
TT,TCGA-LIHC,72.58460782651522,0.008108408936255699,0.5885456827351314
TT,TCGA-LIHC,90.01520526391946,0.0064071554608550055,0.5767414139667058
TT,TCGA-LIHC,24.934751101467285,0.009391011868858783,0.2341625435409189
TT,TCGA-LIHC,63.803736956654284,0.007900651667521713,0.5040911007807074
TT,TCGA-LIHC,62.47064042352839,0.010124323668285936,0.6324729834129086
TT,TCGA-LIHC,71.46745302694126,0.009207602454264704,0.6580438958909118
TT,TCGA-LIHC,41.820977076655325,0.010056247581521611,0.4205620995839858
TT,TCGA-LIHC,48.54519024200097,0.010012772185733834,0.48607193060626486
TT,TCGA-LIHC,61.54049902380918,0.008585832828040953,0.5283764367726431
TT,TCGA-LIHC,78.82531826263063,0.005914130378039139,0.4661832092956271
TT,TCGA-LIHC,37.88005573820938,0.007906102987594343,0.2994836218420974
TT,TCGA-LIHC,29.63722260228777,0.016158226586429215,0.4788849582002071
TT,TCGA-LIHC,39.24010492320123,0.015349403578164647,0.6023122069157412
TT,TCGA-LIHC,53.97425132982017,0.01147379137120343,0.6192892991752559
TT,TCGA-LIHC,30.391514672969723,0.019419537801347527,0.5901891680319435
TT,TCGA-LIHC,21.063216517218212,0.007893997013127357,0.16627296827377536
TT,TCGA-LIHC,50.826719686764015,0.010412570355294411,0.5292367946672578
TT,TCGA-LIHC,32.862007772351994,0.014813136895882534,0.4867894198054059
TT,TCGA-LIHC,40.13059926283517,0.013984170322363628,0.5611931352300072
TT,TCGA-LIHC,60.93249508767567,0.0077950241948398545,0.47497027346039244
TT,TCGA-LIHC,77.71603095381204,0.006233759343515077,0.48446303409923275
TT,TCGA-LIHC,75.12156357564066,0.008036074460683931,0.6036824784968502
TT,TCGA-LIHC,69.71282173538967,0.005717622683214534,0.39859161086515515
TT,TCGA-LIHC,93.3508157453035,0.005285557342953079,0.4934110896332488
TT,TCGA-LIHC,22.09948284429154,0.03150207672878076,0.6961796042272462
TT,TCGA-LIHC,23.66720805552482,0.010328298940162095,0.2444419998764728
TT,TCGA-LIHC,35.877234195471296,0.007389687833991008,0.2651215610515204
TT,TCGA-LIHC,78.10275969015913,0.008045521082462165,0.6283773996856515
TT,TCGA-LIHC,27.91860414901817,0.01346888125473775,0.37603236408115437
TT,TCGA-LIHC,59.85407442737703,0.005454578462963938,0.3264787452922113
TT,TCGA-LIHC,30.43244075945639,0.014481616882257837,0.44071094787045517
TT,TCGA-LIHC,24.232436005755567,0.011383041971109176,0.2758388361157328
TT,TCGA-LIHC,114.26552238601545,0.004093712931274351,0.4677702465904503
TT,TCGA-LIHC,47.00435358330554,0.006318861335625263,0.29701399246360816
TT,TCGA-LIHC,94.64857992242356,0.005980843097297679,0.5660783058980546
TT,TCGA-LIHC,24.63764098143107,0.020374843598291125,0.5019880816275059
TT,TCGA-LIHC,21.47199194380172,0.03343835402649484,0.7179880682708869
TT,TCGA-LIHC,41.02473817841809,0.016066890190829953,0.6591399634201927
TT,TCGA-LIHC,108.75529524735825,0.0051140457979001585,0.5561795606591435
TT,TCGA-LIHC,54.07302434333821,0.013844106120938568,0.7485926872892688
TT,TCGA-LIHC,21.52582026231798,0.014928608579687024,0.32135054505284094
TT,TCGA-LIHC,51.95532597418012,0.004400804102231173,0.22864521167992968
TT,TCGA-LIHC,32.40724188155612,0.008147727134439096,0.2640453640306859
TT,TCGA-LIHC,10.717190886321486,0.022981752419118838,0.24629982757787716
TT,TCGA-LIHC,117.37610087512427,0.004873673521326784,0.5720527948716747
TT,TCGA-LIHC,41.54768216264521,0.015124728131212468,0.6283973971920345
TT,TCGA-LIHC,68.63475024574886,0.008095018095791254,0.5555995452394502
TT,TCGA-LIHC,16.26831184357388,0.024322775646195935,0.39569049911359966
TT,TCGA-LIHC,57.119282039639266,0.008321375138104166,0.475310973471014
TT,TCGA-LIHC,31.090298676064357,0.011997634742750458,0.3730100475584383
TT,TCGA-LIHC,54.54016709187982,0.013334137060701143,0.7272460633166676
TT,TCGA-LIHC,91.67553502573651,0.004782684721303404,0.4384551806849051
TT,TCGA-LIHC,43.453443049524154,0.008781550301272468,0.38158859590287486
TT,TCGA-LIHC,15.687889249510317,0.046306420606092615,0.7264499980096233
TT,TCGA-LIHC,71.09800166904503,0.006496679346538088,0.46190091902341535
TT,TCGA-LIHC,51.09408727384017,0.011332353294080198,0.5790162482257237
TT,TCGA-LIHC,53.95352436079679,0.006591977619866497,0.3556604250992943
TT,TCGA-LIHC,70.53471256241968,0.00830079840171225,0.5854944293033663
TT,TCGA-LIHC,132.94100038755022,0.00425709779928965,0.5659428401852045
TT,TCGA-LIHC,90.87212781347033,0.006936835311803862,0.6303649850752349
TT,TCGA-LIHC,51.927098882386,0.006791269175728072,0.35265090602493165
TT,TCGA-LIHC,74.68792636085725,0.0069934107419670315,0.5223233465072616
TT,TCGA-LIHC,93.42773500341596,0.006051581857554911,0.5653855861391199
TT,TCGA-LIHC,14.053672709035235,0.012890509177504965,0.18115899703346977
TT,TCGA-LIHC,86.5154897339944,0.0069493642170199215,0.601227648575375
TT,TCGA-LIHC,37.439288872788595,0.01906747209847858,0.7138725959687762
TT,TCGA-LIHC,59.23883357987696,0.005068878406815207,0.3002744443779579
TT,TCGA-LIHC,55.189329432251796,0.006734019048173741,0.3716459956527193
TT,TCGA-LIHC,26.735543137818862,0.022378666207115122,0.5983057957471756
TT,TCGA-LIHC,66.69466361692986,0.00604305792730772,0.40303971567940977
TT,TCGA-LIHC,79.8326704254349,0.00556950227665267,0.44462823968572196
TT,TCGA-LIHC,43.81578764741623,0.012836916555137185,0.5624596098274928
TT,TCGA-LIHC,94.29389138493472,0.004841252157840214,0.456500505138466
TT,TCGA-LIHC,47.098880520388086,0.013439238846094407,0.6329731046971587
TT,TCGA-LIHC,81.9044811003346,0.005735451720535251,0.4697591970464611
TT,TCGA-LIHC,38.61126919723847,0.012997870168910207,0.5018642640825475
TT,TCGA-LIHC,68.99457804581738,0.008182995322200343,0.5645823094061101
TT,TCGA-LIHC,50.4201309645065,0.008806096397164096,0.44400453363108255
TT,TCGA-LIHC,65.72463337057968,0.009774310079934406,0.6424129464540502
TT,TCGA-LIHC,76.44686047073623,0.008569893135071605,0.6551414247459393
TT,TCGA-LIHC,73.23661553080058,0.008088338192521374,0.5923625144887783
TT,TCGA-LIHC,64.58909240365226,0.008932535056695362,0.5769443321757599
TT,TCGA-LIHC,23.96667504935726,0.01574134186556445,0.3772676253328263
TT,TCGA-LIHC,81.12140173836896,0.007904211374923552,0.6412007063701591
TT,TCGA-LIHC,23.841992196475907,0.009175071876892673,0.21875199209098067
TT,TCGA-LIHC,130.00741541138933,0.003946236446028672,0.5130400009504142
TT,TCGA-LIHC,70.75163416220758,0.009306672778367081,0.6584623076824037
TT,TCGA-LIHC,91.13665595557731,0.005243367286677242,0.4778629604546328
TT,TCGA-LIHC,94.70040114749676,0.0054872205723466,0.5196419893860198
TT,TCGA-LIHC,94.43439522440966,0.005800063049496229,0.5477254463426217
TT,TCGA-LIHC,122.41780790099511,0.004653272820067932,0.5696434581979979
TT,TCGA-LIHC,84.08738139510568,0.006936840343439053,0.5833007396357155
TT,TCGA-LIHC,47.38782616101515,0.013616214195989847,0.6452427912907135
TT,TCGA-LIHC,40.189538695284035,0.01266187986263017,0.5088751106942129
TT,TCGA-LIHC,113.61732844005422,0.004832568226633796,0.5490634914144223
TT,TCGA-LIHC,75.28283357194827,0.009449542836511018,0.711388360692055
TT,TCGA-LIHC,91.95050820804717,0.006578567694762755,0.6049026428144766
TT,TCGA-LIHC,67.82599118314437,0.008149402064911108,0.5527412726025593
TT,TCGA-LIHC,45.601018543662356,0.01220232729612208,0.5564385533063003
TT,TCGA-LIHC,50.94302672244375,0.010006674511722956,0.5097702870534992
TT,TCGA-LIHC,13.246339333167917,0.005267691730011199,0.0697776321582507
TT,TCGA-LIHC,88.59552338784525,0.0074297814188910285,0.6582453734639382
TT,TCGA-LIHC,47.775641484777985,0.012565050078044555,0.6003033277669383
TT,TCGA-LIHC,50.8487801170928,0.011345469346149818,0.5769032761075887
TT,TCGA-LIHC,90.97934762773671,0.005613200550767932,0.5106853242125189
TT,TCGA-LIHC,44.77020172883039,0.013644923596737172,0.6108859820004011
TT,TCGA-LIHC,52.53756416354243,0.007750652113996185,0.40720038274837034
TT,TCGA-LIHC,67.16507422654232,0.009551493131497928,0.6415267451513674
TT,TCGA-LIHC,74.73427451992264,0.006548127529552991,0.48936956038507606
TT,TCGA-LIHC,31.12533174996073,0.01583382965287606,0.49283320081813287
TT,TCGA-LIHC,28.958979156168375,0.015806950226509,0.4577531421320651
TT,TCGA-LIHC,110.93061851654613,0.0057118527467891495,0.6336193580767533
TT,TCGA-LIHC,90.74397056565405,0.006392211899951897,0.5800546884986585
TT,TCGA-LIHC,64.38530230787848,0.010984920204005514,0.7072674081628172
TT,TCGA-LIHC,75.86974503736413,0.004634980302263373,0.351654773785927
TT,TCGA-LIHC,32.18009606130593,0.01545451639802194,0.4973278222693738
TT,TCGA-LIHC,86.85086019337372,0.003784407474493906,0.3286790444820287
TT,TCGA-LIHC,64.85217803727363,0.006087211468709945,0.3947689219193113
TT,TCGA-LIHC,55.235499761871665,0.007430870712065536,0.410447857446795
TT,TCGA-LIHC,9.566533650670548,0.046578455479016,0.44559436173626654
TT,TCGA-LIHC,95.51282780105646,0.005317121091788885,0.5078532712373971
TT,TCGA-LIHC,62.54361076051761,0.006543160462082908,0.4092328810841219
TT,TCGA-LIHC,68.65717654368396,0.005632819769416222,0.3867335013475628
TT,TCGA-LIHC,69.72381772382386,0.007432636730528955,0.518231808606799
TT,TCGA-LIHC,49.332682800222116,0.010322900716743858,0.5092563866373103
TT,TCGA-LIHC,29.009846628631816,0.020126257554971397,0.5838596448780626
TT,TCGA-LIHC,47.639028465150325,0.007261932388042377,0.3459514037459479
TT,TCGA-LIHC,35.25044779581343,0.018243432535772056,0.6430891662186771
TT,TCGA-LIHC,45.51477434780381,0.010994771712546484,0.5004245535021696
TT,TCGA-LIHC,82.58549496024632,0.004789678302623996,0.39555795332255517
TT,TCGA-LIHC,40.171679371632955,0.015896780285029683,0.6386003606515084
TT,TCGA-LIHC,52.3032473995672,0.008032097062446876,0.4201047597944959
TT,TCGA-LIHC,41.89658369487617,0.014685262910805241,0.6152623466238126
TT,TCGA-LIHC,42.14668182491792,0.014181541763087085,0.5977049284756168
TT,TCGA-LIHC,45.314383710336934,0.013388982882698713,0.6067135078377426
TT,TCGA-LIHC,72.08974044427121,0.006259894419427352,0.4512741639050596
TT,TCGA-LIHC,53.42768842009139,0.011640978401154736,0.6219505669219089
TT,TCGA-LIHC,40.370361047566675,0.015596069010061449,0.6296189368589464
TT,TCGA-LIHC,39.84742893644295,0.014283651072308879,0.5691667710567753
TT,TCGA-LIHC,60.30138805628573,0.010903912152484551,0.6575210380386207
TT,TCGA-LIHC,113.54987389477544,0.0039334769299871515,0.44664580936804954
TT,TCGA-LIHC,89.89219772962434,0.007057575213973178,0.6344209466261728
TT,TCGA-LIHC,69.5191924953945,0.00634601383259369,0.441169757206517
TT,TCGA-LIHC,108.02921549977398,0.004840232191922724,0.5228864865301633
TT,TCGA-LIHC,80.62968021325604,0.007014088239159574,0.5655436917109966
TT,TCGA-LIHC,89.60373958297586,0.00601558140340854,0.5390185895112113
TT,TCGA-LIHC,32.82210438214828,0.012743881726091567,0.41828101624752945
TT,TCGA-LIHC,107.67958600918908,0.005746233789310269,0.6187520755449436
TT,TCGA-LIHC,87.4561744041717,0.005389483898760641,0.47134364379848587
TT,TCGA-LIHC,118.97964825327243,0.004703760612785721,0.5596517831768423
TT,TCGA-LIHC,36.529691726633835,0.010740961791976943,0.3923640231084703
TT,TCGA-LIHC,106.61948927089009,0.004180378178576454,0.4457097863589953
TT,TCGA-LIHC,47.8773625313875,0.011819922144172174,0.5659066975893062
TT,TCGA-LIHC,73.72936818724779,0.007949297764466758,0.5860967017064354
TT,TCGA-LIHC,42.86278461538696,0.01387048265113451,0.59452751038704
TT,TCGA-LIHC,94.31903073845102,0.0063593982326348095,0.5998122773819337
TT,TCGA-LIHC,47.060320045095445,0.012550172724280512,0.5906151450258683
TT,TCGA-LIHC,48.99183043090475,0.009652081747145345,0.4728731522613756
TT,TCGA-LIHC,35.85093720358098,0.012015479621107474,0.4307662053672311
TT,TCGA-LIHC,42.671226024617035,0.009451684454325603,0.40331496366388697
TT,TCGA-LIHC,93.5241382146108,0.005786859739927146,0.5412110701455131
TT,TCGA-LIHC,91.00574883668955,0.00422329819967711,0.38434441522225826
TT,TCGA-LIHC,72.21386978653909,0.00938694713934175,0.6778677784135507
TT,TCGA-LIHC,55.89747083305326,0.007114028862544244,0.397656220849566
TT,TCGA-LIHC,73.74428166731971,0.008095420364786023,0.5969909595961366
TT,TCGA-LIHC,84.22858019215106,0.0067025432356839915,0.5645457004181687
TT,TCGA-LIHC,79.93749896105763,0.00794943968676767,0.6354583267019809
TT,TCGA-LIHC,67.83153788470858,0.004809421012464261,0.326230423610483
TT,TCGA-LIHC,54.59891039355085,0.013075253628998506,0.71389460126264
TT,TCGA-LIHC,46.38743716148235,0.015133141167644255,0.7019876349699395
TT,TCGA-LIHC,74.75397865067549,0.009756041300399946,0.729302903085206
TT,TCGA-LIHC,43.108429417429974,0.012469034316032655,0.5375204857162059
TT,TCGA-LIHC,48.15834187038716,0.012238797701152968,0.5894002037746331
TT,TCGA-LIHC,46.167850223312904,0.015086999201249403,0.6965343194425239
TT,TCGA-LIHC,97.32418649700604,0.004799481061058998,0.46710558987535433
TT,TCGA-LIHC,25.77324359798458,0.019795126980195553,0.5101846297136169
TT,TCGA-LIHC,105.0245553040921,0.004439850052990667,0.46629327743219456
TT,TCGA-LIHC,86.70913380736124,0.008085995890278372,0.7011296996159204
TT,TCGA-LIHC,84.82196233561908,0.005323164248960654,0.4515212374316546
TT,TCGA-LIHC,31.364515439032314,0.010706880615630458,0.3358161223728173
TT,TCGA-LIHC,42.24848299098868,0.011491782481637403,0.48551037671159947
TT,TCGA-LIHC,117.62382967018479,0.00507287295561267,0.5966907444694716
TT,TCGA-LIHC,86.29413866611634,0.00712033766633203,0.6144434059280275
TT,TCGA-LIHC,39.08595735713285,0.0033569625329507467,0.13121009441240555
TT,TCGA-LIHC,88.50776848267198,0.006466382094383174,0.5723250493301615
TT,TCGA-LIHC,55.78126650072123,0.007783033272489176,0.4341474531566992
TT,TCGA-LIHC,123.7747739011332,0.004228378250426934,0.5233665619150629
TT,TCGA-LIHC,29.57653036042218,0.009256853296797733,0.2737856025747123
TT,TCGA-LIHC,135.10214516550428,0.0037406844461211784,0.5053744930582075
TT,TCGA-LIHC,71.92230175999912,0.007978380122090026,0.5738234626969374
TT,TCGA-LIHC,32.07369723405156,0.01531544184932223,0.49122284488088386
TT,TCGA-LIHC,51.498566581593735,0.007443665711596811,0.3833381142597947
TT,TCGA-LIHC,30.5826344704369,0.02000202197451617,0.6117145267162746
TT,TCGA-LIHC,86.41157664299578,0.005852919739731329,0.5057600226750967
TT,TCGA-LIHC,108.70123818115303,0.0046003395394722405,0.5000626039943479
TT,TCGA-LIHC,130.68071160962708,0.0039060165804570097,0.5104410262931243
TT,TCGA-LIHC,124.69041656492368,0.003964374281778564,0.49431948061423925
TT,TCGA-LIHC,77.11030330362654,0.0069400281926333615,0.5351476788696776
TT,TCGA-LIHC,32.68253722057703,0.015258764825296475,0.4986951493427836
TT,TCGA-LIHC,54.597756971855055,0.011646240631648399,0.635858615642483
TT,TCGA-LIHC,67.03223644710796,0.007871678100462555,0.5276561876657276
TT,TCGA-LIHC,81.47887844225076,0.007889898362904598,0.642860069632817
TT,TCGA-LIHC,76.68876784768652,0.007412214893760423,0.5684336272247574
TT,TCGA-LIHC,112.83336049707624,0.0036559280626791354,0.41251064904765244
TT,TCGA-LIHC,126.63710292642415,0.004825640799413458,0.6111051706012738
TT,TCGA-LIHC,43.47648139100642,0.013483392141596003,0.5862104475317409
TT,TCGA-LIHC,99.75991101400426,0.005594646268283564,0.5581214138787993
TT,TCGA-LIHC,70.2830053707814,0.006877435804086364,0.4833668575558062
TT,TCGA-LIHC,71.26360844382235,0.009401999062702702,0.67002037979363
TT,TCGA-LIHC,86.65033293286496,0.006593903861289486,0.5713639649080378
TT,TCGA-LIHC,86.33311080338376,0.0040073009358407305,0.34596275571644125
TT,TCGA-LIHC,61.74862466862281,0.007836796003016507,0.4839113749948297
TT,TCGA-LIHC,52.59266141366743,0.01131409012593635,0.5950381111970884
TT,TCGA-LIHC,66.1498069178931,0.0093822944184279,0.6206369642258317
TT,TCGA-LIHC,93.57316777804957,0.005969420158145229,0.5585775539957947
TT,TCGA-LIHC,22.82275472790714,0.02545779706018463,0.5810170582174292
TT,TCGA-LIHC,124.46714666430432,0.0037995140768279506,0.4729146758536334
TT,TCGA-LIHC,109.95640907393516,0.004574461485540757,0.5029913583970806
TT,TCGA-LIHC,35.10705562777035,0.01545701826249698,0.5426503999809437
TT,TCGA-LIHC,53.21275218995352,0.0076602304714272745,0.40762194579399036
TT,TCGA-LIHC,101.23557105036895,0.006428317116821212,0.6507743542142567
TT,TCGA-LIHC,106.92762130549735,0.004496591472552613,0.48080983014263445
TT,TCGA-LIHC,46.23373613364896,0.009008584479154222,0.4165005177469017
TT,TCGA-LIHC,40.390165441766186,0.0130248973105581,0.5260777572354571
TT,TCGA-LIHC,97.77130350194882,0.005694574687425401,0.5567659900787842
TT,TCGA-LIHC,44.259784983503664,0.013265375526853123,0.5871226685439509
TT,TCGA-LIHC,58.893493715468594,0.00950888132796805,0.5600112427298231
TT,TCGA-LIHC,49.633569825053435,0.006981888618832435,0.34653605627356554
TT,TCGA-LIHC,69.62137633765477,0.0068481816063804424,0.4767798288464179
TT,TCGA-LIHC,75.78557571849808,0.008180956902208061,0.6199985287620585
TT,TCGA-LIHC,38.51330990418625,0.009277875509837228,0.35732169476282116
TT,TCGA-LIHC,71.35885283514706,0.00865389140804097,0.6175317634377391
TT,TCGA-LIHC,156.7437250868834,0.001935289908547746,0.3033445493888276
TT,TCGA-LIHC,42.910219671412634,0.008894905123267136,0.38168233279576647
TT,TCGA-LIHC,30.737631029774665,0.013507275480230119,0.41518164992883577
TT,TCGA-LIHC,43.70915121785002,0.011511938730354172,0.5031770707756749
TT,TCGA-LIHC,87.58010319587638,0.00723859240677621,0.6339566699783477
TT,TCGA-LIHC,25.598005273432594,0.0257389793017657,0.6588665278993708
TT,TCGA-LIHC,61.526543434695284,0.011718022620408514,0.7209694277233063
TT,TCGA-LIHC,53.33254175279054,0.011132143878239747,0.5937055281842929
TT,TCGA-LIHC,66.77554839228877,0.00993597082984933,0.6634799009729736
TT,TCGA-LIHC,86.6795483204594,0.0067116139858294345,0.5817596687929736
TT,TCGA-LIHC,15.902311976159336,0.0063518364864410485,0.10100888542893732
TT,TCGA-LIHC,68.1822510524285,0.007903495687399708,0.5388781271500729
TT,TCGA-LIHC,44.31581083111669,0.014468466975047892,0.6411818454824816
TT,TCGA-LIHC,126.95866035162292,0.003937993485230241,0.49996237735825
TT,TCGA-LIHC,67.59991034161288,0.007549985578944749,0.5103783482171352
TT,TCGA-LIHC,32.359876270613626,0.018294252482355278,0.591999746792383
TT,TCGA-LIHC,98.26899180578687,0.00565034351635411,0.555253560708483
TT,TCGA-LIHC,112.02450407796137,0.004546944674109616,0.5093692221870574
TT,TCGA-LIHC,45.832798070308584,0.0063364415983131845,0.2904168482597916
TT,TCGA-LIHC,132.52831086699027,0.004497545630908687,0.5960521255115403
TT,TCGA-LIHC,63.57011182675843,0.009511020614477245,0.6046166440489231
TT,TCGA-LIHC,49.097157988082294,0.011916754184042037,0.5850787628790526
TT,TCGA-LIHC,171.30215056195962,0.0025459151135425765,0.436120734098039
TT,TCGA-LIHC,64.49169832439652,0.009993003206437628,0.6444657481443026
TT,TCGA-LIHC,74.89601728828792,0.004891652825849467,0.36636531461312416
TT,TCGA-LIHC,129.81929684843215,0.00399197077516777,0.5182348390717706
TT,TCGA-LIHC,99.07612886261721,0.0037818118158092556,0.3746872747972862
TT,TCGA-LIHC,20.932029296972562,0.013457444099930015,0.28169161416210564
TT,TCGA-LIHC,51.8809155202282,0.008569066991222857,0.4445710406588091
TT,TCGA-LIHC,49.08395283704278,0.01091753497672367,0.5358757718942696
TT,TCGA-LIHC,69.65914318983658,0.00817889658878999,0.5697349286133879
TT,TCGA-LIHC,55.04413854091501,0.0050153045908648535,0.27606312072445205
TT,TCGA-LIHC,82.81200714115066,0.008320378226058873,0.6890272210734618
TT,TCGA-LIHC,49.827665226659306,0.014211256627079193,0.7081137376642455
TT,TCGA-LIHC,52.8934275613029,0.012988428852806093,0.6870025206610356
TT,TCGA-LIHC,42.30546000809286,0.007846209157150313,0.33193748771295456
TT,TCGA-LIHC,70.37571468049751,0.007157879322639613,0.5037408729275181
TT,TCGA-LIHC,89.7333837856844,0.0068672664655053655,0.6162230573077534
TT,TCGA-LIHC,55.98407939343032,0.01251499677234844,0.7006405729116794
TT,TCGA-LIHC,121.70360165905893,0.004556688123292633,0.5545653562417714
TT,TCGA-LIHC,18.486674420058,0.015319556370989777,0.28320765089021327
TT,TCGA-LIHC,28.10321010158669,0.023390125536968405,0.6573376122679113
TT,TCGA-LIHC,55.056504160884884,0.010655639089971511,0.5866622378939041
TT,TCGA-LIHC,71.47179112643407,0.007541679556807856,0.539017346026669
TT,TCGA-LIHC,71.92118134411822,0.00803186505442876,0.5776612231110568
TT,TCGA-LIHC,94.7727213880069,0.006570321704670929,0.6226872683463525
TT,TCGA-LIHC,97.71405790547303,0.0046926308548602726,0.4585360030808261
TT,TCGA-LIHC,51.31033388018536,0.010202970478278018,0.5235178218101196
TT,TCGA-LIHC,60.47003354766018,0.00891029178001723,0.5388056428570827
TT,TCGA-LIHC,34.615119350953165,0.004801811928770374,0.16621529301521712
TT,TCGA-LIHC,32.96544540979244,0.00794464268156843,0.26189868461955107
TT,TCGA-LIHC,27.797843600535998,0.012988681460016402,0.3610573358027175
TT,TCGA-LIHC,75.88851938203103,0.0066959415719025864,0.5081450917602768
TT,TCGA-LIHC,64.19000603359729,0.00816599109721023,0.5241750178002264
TT,TCGA-LIHC,105.10540323600628,0.0061818576164107825,0.6497466375204319
TT,TCGA-LIHC,121.99589431455199,0.004742051560263687,0.5785108209800851
TT,TCGA-LIHC,71.18543282507113,0.007305246016210989,0.5200270995576058
TT,TCGA-LIHC,68.01780267733463,0.006536941949667144,0.4446284276456509
TT,TCGA-LIHC,118.95412196884038,0.004954548354643195,0.589363949278744
TT,TCGA-LIHC,79.41491320494481,0.008111966252730873,0.6442110958820636
TT,TCGA-LIHC,42.7418673331581,0.01074656031175351,0.45932805513275066
TT,TCGA-LIHC,40.17193868637559,0.01664455260527052,0.6686439467210805
TT,TCGA-LIHC,97.90184572637416,0.007726292477865224,0.7564182942048063
TT,TCGA-LIHC,76.014316528855,0.007320557335315238,0.5564671624542838
TT,TCGA-LIHC,86.08209106705586,0.006311712346295746,0.5433253969828912
TT,TCGA-LIHC,100.42340558837222,0.004636186947243622,0.4655816821865635
TT,TCGA-LIHC,17.838969622169145,0.019808798011081923,0.353368545971375
TT,TCGA-LIHC,88.82870066051247,0.006931012276772147,0.6156728148077301
TT,TCGA-LIHC,25.478657296531463,0.025327352308629,0.6453069297000733
TT,TCGA-LIHC,37.621906496684645,0.017375187335700523,0.6536876733061042
TT,TCGA-LIHC,109.94533009684399,0.004504547498693325,0.4952539616807505
TT,TCGA-LIHC,10.67739170230894,0.04609318375133453,0.4921549777195006
TT,TCGA-LIHC,84.40145450117404,0.005983082040502548,0.5049808266182674
TT,TCGA-LIHC,72.69846719896988,0.006675532461113177,0.485300977659895
TT,TCGA-LIHC,72.34187289007231,0.007997364145889784,0.5785443004975805
TT,TCGA-LIHC,63.25880359885256,0.008300540490567393,0.5250822606571259
TT,TCGA-LIHC,88.95485214197541,0.003503376866140195,0.3116423711251182
TT,TCGA-LIHC,50.448341496821904,0.012274151757549603,0.6192105994486792
TT,TCGA-LIHC,84.52056528080372,0.006017345291794892,0.5085894255522871
TT,TCGA-LIHC,72.48295190548961,0.006805920509685217,0.4933132089760989
TT,TCGA-LIHC,103.84611396061702,0.0056022126472900936,0.581768013002097
TT,TCGA-LIHC,79.68100644655627,0.007440565719158311,0.592871765034279
TT,TCGA-LIHC,84.5625678961389,0.006783574636779601,0.5736364908012008
TT,TCGA-LIHC,20.05078500229266,0.02548444180911491,0.5109830636180013
TT,TCGA-LIHC,31.682821598239226,0.017921790898671783,0.5678129037635655
TT,TCGA-LIHC,54.65086993989179,0.012344762509494681,0.674652010345246
TT,TCGA-LIHC,69.83133760138726,0.0076531498457863235,0.5344296905951096
TT,TCGA-LIHC,89.42070647310939,0.007580566453808373,0.6778596077658983
TT,TCGA-LIHC,98.55444743890085,0.0052544668036618065,0.5178510724209369
TT,TCGA-LIHC,60.56168951838225,0.005621308672160623,0.3404359504903813
TT,TCGA-LIHC,87.03935552748408,0.006732914457040178,0.5860285351624575
TT,TCGA-LIHC,88.98416172052136,0.005781179476683752,0.5144334094885861
TT,TCGA-LIHC,43.32189483224422,0.010352404638869567,0.4484857850259446
TT,TCGA-LIHC,72.92149268357443,0.006768528311033108,0.49357118771156716
TT,TCGA-LIHC,107.47788867397072,0.00494881014933507,0.5318876662988511
TT,TCGA-LIHC,34.819028556667384,0.015729859581151143,0.5476984299484697
TT,TCGA-LIHC,95.8959145950233,0.0052026636740562775,0.49891419135393095
TT,TCGA-LIHC,40.55199911834695,0.015010234204577661,0.6086950042302145
TT,TCGA-LIHC,105.13397108379084,0.005546262287094595,0.5831005789145228
TT,TCGA-LIHC,91.00282655003944,0.006188162070428121,0.5631402395587033
TT,TCGA-LIHC,90.03393856822701,0.006784103345677325,0.6107995438652156
TT,TCGA-LIHC,85.54140512822316,0.0030926088670879762,0.26454610800270784
TT,TCGA-LIHC,62.99667065714748,0.008496524355409745,0.53525274654818
TT,TCGA-LIHC,45.73566434030768,0.013058864678997171,0.5972558516241144
TT,TCGA-LIHC,35.499911530141944,0.017410149926510618,0.6180587821176342
TT,TCGA-LIHC,47.90496639285319,0.00985730731191761,0.4722139755014392
TT,TCGA-LIHC,21.55659465079574,0.02574682356047807,0.5550138390387833
TT,TCGA-LIHC,62.26200031958848,0.004766053920922957,0.29674405074768107
TT,TCGA-LIHC,57.115364593891634,0.010912007245841026,0.6232432722973975
TT,TCGA-LIHC,32.007808310792555,0.012637676385104952,0.40450432322826907
TT,TCGA-LIHC,105.68161791367334,0.005322009520515602,0.5624385766800617
TT,TCGA-LIHC,77.99266753767971,0.005101150829922303,0.39785236073768915
TT,TCGA-LIHC,70.2965734770216,0.007591226434876594,0.5336372068600113
TT,TCGA-LIHC,74.09607861644172,0.008654530336861449,0.6412667602284657
TT,TCGA-LIHC,53.177200263465366,0.010410889922343094,0.5536219783213321
TT,TCGA-LIHC,49.431812110989846,0.011214152139290313,0.5543358615334536
TT,TCGA-LIHC,88.98370713163612,0.0047673801255762715,0.4242191568794616
TT,TCGA-LIHC,82.38435874638988,0.0072451164693090805,0.5968842743669369
TT,TCGA-LIHC,86.14349012921646,0.0072145588032691745,0.6214872750560698
TT,TCGA-LIHC,55.97103775918192,0.0045508055479185254,0.25471330915724233
TT,TCGA-LIHC,102.28549619656611,0.004562828922163435,0.46671122036352986
TT,TCGA-LIHC,66.65369234532443,0.00908008936821869,0.6052214832172997
TT,TCGA-LIHC,91.58980097128003,0.0051886543416568365,0.47522781846111767
TT,TCGA-LIHC,72.8888339600441,0.007831085844639842,0.5707987158568051
TT,TCGA-LIHC,103.93429232485651,0.005265008145939565,0.5472148957328336
TT,TCGA-LIHC,105.31601743544276,0.004682923713754698,0.49318687548663814
TT,TCGA-LIHC,110.41878525490706,0.004796433729808986,0.5296163860011713
TT,TCGA-LIHC,74.70279891237374,0.007843598849972756,0.5859387876388407
TT,TCGA-LIHC,76.68452589169341,0.005948265830190334,0.4561399450659059
TT,TCGA-LIHC,77.3873398986964,0.006420188428469991,0.4968413041276846
TT,TCGA-LIHC,58.39216167587135,0.009434141785396814,0.5508799324059843
TT,TCGA-LIHC,98.41944496881041,0.006554461119259152,0.6450864254271336
TT,TCGA-LIHC,78.6609534015998,0.005867512659811251,0.4615441399167097
TT,TCGA-LIHC,76.40914537349492,0.008218678906906187,0.6279822313758712
TT,TCGA-LIHC,73.29956853440541,0.00867773469547457,0.6360742090343259
TT,TCGA-LIHC,85.31494402974403,0.0074366562678799385,0.634457913262622
TT,TCGA-LIHC,82.41269554981112,0.0067202204066540965,0.5538314784012119
TT,TCGA-LIHC,52.49283204494288,0.0066147513806880396,0.3472270332455113
TT,TCGA-LIHC,136.98929425043644,0.003831799950057018,0.5249155708671686
TT,TCGA-LIHC,82.72524462329837,0.008022122525869611,0.6636320483506357
TT,TCGA-LIHC,79.7783535008623,0.005709358003297534,0.4554831810500479
TT,TCGA-LIHC,67.43415932044739,0.005863881490327922,0.3954259186549956
TT,TCGA-LIHC,84.1216649526864,0.004948507623290967,0.41627670030229724
TT,TCGA-LIHC,114.36775240325605,0.005718418910810803,0.654002718129707
TT,TCGA-LIHC,68.69579663602156,0.007650639067752964,0.5255667455339591
TT,TCGA-LIHC,11.48279916351633,0.036894792568090196,0.42365549323897456
TT,TCGA-LIHC,25.3250130611608,0.028211961019062655,0.7144682812887211
TT,TCGA-LIHC,104.82492443293646,0.0064689978504329695,0.6781122108284644
TT,TCGA-LIHC,29.653786139149684,0.02152491653053462,0.6382952714595215
TT,TCGA-LIHC,43.177542233053636,0.01648535449372584,0.7117970898797079
TT,TCGA-LIHC,53.23764261769306,0.0105678782845354,0.5626089273393748
TT,TCGA-LIHC,74.65870698829333,0.008520946180397532,0.6361628241453166
TT,TCGA-LIHC,108.55257486095644,0.004942040123066858,0.5364711804250655
TT,TCGA-LIHC,32.74349443244519,0.019492357001423016,0.6382478829513285
TT,TCGA-LIHC,59.884189381787316,0.009538253762270792,0.5711905946713695
TT,TCGA-LIHC,97.11491476851022,0.003848159803121836,0.3737137112957841
TT,TCGA-LIHC,81.67970078050253,0.006420542543082703,0.524427993767482
TT,TCGA-LIHC,39.7494847325686,0.013681061290718728,0.5438151369007593
TT,TCGA-LIHC,95.42181405325351,0.005693891432031577,0.5433214494667304
TT,TCGA-LIHC,60.643110580803224,0.007332581043023248,0.44467052303476023
TT,TCGA-LIHC,41.82282391208491,0.005470315111712443,0.22878402566076658
TT,TCGA-LIHC,63.50730367414761,0.00923984214549679,0.5867974610352522
TT,TCGA-LIHC,87.34656527742419,0.0059404987253249865,0.5188821596920541
TT,TCGA-LIHC,120.65407888360944,0.004125500975935033,0.4977585201848732
TT,TCGA-LIHC,34.709777251476204,0.01161720216346494,0.4032304993792355
TT,TCGA-LIHC,55.58392419959977,0.009055681325863468,0.5033503043925261
TT,TCGA-LIHC,54.51417307856061,0.012007364820043463,0.6545715640172691
TT,TCGA-LIHC,7.096783256001226,0.0233314114682889,0.16557797024702764
TT,TCGA-LIHC,150.59827736300892,0.0031008836420239622,0.4669877347919419
TT,TCGA-LIHC,22.374112091153613,0.019829263539263335,0.4436621651125033
TT,TCGA-LIHC,78.531670936587,0.008787228778187068,0.6900757588530944
TT,TCGA-LIHC,71.03400574544598,0.006545560344427133,0.46495737111320035
TT,TCGA-LIHC,43.95799228769191,0.008968017925003397,0.3942160627831821
TT,TCGA-LIHC,46.49873271622234,0.0129220212623751,0.6008576128325218
TT,TCGA-LIHC,80.89429099131677,0.00838953398633973,0.6786654035725078
TT,TCGA-LIHC,59.99528728302503,0.007981232520199763,0.47883633792200664
TT,TCGA-LIHC,59.59432236774114,0.007960609063799313,0.4744071027916183
TT,TCGA-LIHC,60.89198391787385,0.010233505619162094,0.6231384595854899
TT,TCGA-LIHC,58.436935091835636,0.006873962891774442,0.4016933233303098
TT,TCGA-LIHC,15.913023922966277,0.04446744935439728,0.7076115853698153
TT,TCGA-LIHC,32.683628938085384,0.021925101852574992,0.7165918933792894
TT,TCGA-LIHC,151.49696180826754,0.0030894606498984346,0.46804390208580854
TT,TCGA-LIHC,104.30192915579173,0.0051968328475567845,0.5420396915003591
TT,TCGA-LIHC,69.26551066764695,0.008297684877780112,0.5747433804186511
TT,TCGA-LIHC,84.03662769324191,0.007109115496415594,0.5974260922005339
TT,TCGA-LIHC,101.92745170022859,0.005043814105200711,0.5141031185927771
TT,TCGA-LIHC,33.48001576726354,0.018862253304644958,0.6315085380456319
TT,TCGA-LIHC,84.14071990539226,0.007424882778617529,0.6247349822060281
TT,TCGA-LIHC,77.35412821744345,0.004110896083296477,0.3179947827159017
TT,TCGA-LIHC,112.8315596901965,0.005699447057090515,0.6430775008232232
TT,TCGA-LIHC,94.4721708728413,0.006970422826757566,0.6585109763453942
TT,TCGA-LIHC,59.299379413089156,0.009668529239210435,0.5733377837224858
TT,TCGA-LIHC,32.724369961280196,0.015474914505192686,0.5064068273871067
TT,TCGA-LIHC,80.58613647753334,0.007155755454196555,0.5766546856317372
TT,TCGA-LIHC,19.86849186885541,0.027536866018839028,0.5471159985890641
TT,TCGA-LIHC,29.739215619204174,0.014455847569539475,0.42990556782888306
TT,TCGA-LIHC,102.2344912786987,0.004203100919010307,0.42970188424804967
TT,TCGA-LIHC,42.89884378008676,0.01660936083371929,0.7125223756928154
TT,TCGA-LIHC,32.67368823195048,0.02100712001181526,0.6863800899172197
TT,TCGA-LIHC,122.47903176048527,0.004944058656238908,0.6055435171831873
TT,TCGA-LIHC,12.186038267936034,0.01938872558239807,0.23627175191361324
TT,TCGA-LIHC,92.73336139481688,0.0063619877825060005,0.5899685122245386
TT,TCGA-LIHC,81.11906321999507,0.007069363129519592,0.5734601146286019
TT,TCGA-LIHC,98.40098968479519,0.003260132470808281,0.3208002616310715
TT,TCGA-LIHC,25.64155359423993,0.013344586768928694,0.34217593682847014
TT,TCGA-LIHC,48.085661199578134,0.012020690028567042,0.578022828098822
TT,TCGA-LIHC,101.39788643955612,0.00611827453275183,0.6203801062779983
TT,TCGA-LIHC,81.3600106575104,0.007831099017416016,0.6371382995169863
TT,TCGA-LIHC,57.743270185977686,0.011916159402590354,0.6880780119629533
TT,TCGA-LIHC,88.76071402784609,0.005798959467835228,0.5147197829835932
TT,TCGA-LIHC,47.49093439699296,0.013908129685662948,0.6605100744866894
TT,TCGA-LIHC,43.0486640632555,0.007374057691166909,0.31744333233010974
TT,TCGA-LIHC,55.00942404990871,0.011813869683633231,0.6498741670973412
TT,TCGA-LIHC,77.40684726264654,0.006160810991893591,0.4768889554635411
TT,TCGA-LIHC,48.182534795295936,0.013528691523649786,0.651846650073081
TT,TCGA-LIHC,14.741477737332469,0.046469852338909046,0.6850342937111549
TT,TCGA-LIHC,104.172643001344,0.0068269569012334675,0.7111821440577557
TT,TCGA-LIHC,57.65353243567762,0.006803797793695873,0.39226297678463684
TT,TCGA-LIHC,94.32350877693818,0.007242944751028064,0.6831799627944739
TT,TCGA-LIHC,64.66746311564349,0.006559635747111528,0.4241950027283913
TT,TCGA-LIHC,147.77013736179566,0.002442746204268501,0.3609649421447613
TT,TCGA-LIHC,57.79028482545717,0.007074096930149222,0.4088140764762157
TT,TCGA-LIHC,69.63366290741598,0.009703736792267445,0.6757067367350413
TT,TCGA-LIHC,30.020958871562566,0.021525212269490064,0.6462075122440152
TT,TCGA-LIHC,67.62609309337878,0.006886238102577168,0.4656893789880556
TT,TCGA-LIHC,33.909033207988806,0.018230608395100184,0.6181823054712916
TT,TCGA-LIHC,4.781441245977384,0.019721248119381377,0.09429598918016403
TT,TCGA-LIHC,31.313521084535846,0.01793550094504867,0.5616236870044942
TT,TCGA-LIHC,59.856795782056025,0.00868590626463899,0.5199105174645771
TT,TCGA-LIHC,37.3557501958721,0.012801416382723994,0.47820651254638213
TT,TCGA-LIHC,77.24128365749768,0.006373737030986267,0.49231562996870737
TT,TCGA-LIHC,72.76127017168852,0.006545714847080385,0.47627452645524876
TT,TCGA-LIHC,75.691964832057,0.007375553704755215,0.5582701516372794
TT,TCGA-LIHC,118.01727264278028,0.004272182633258594,0.5041913426090305
TT,TCGA-LIHC,59.92810061301755,0.009680509121556838,0.5801345246218923
TT,TCGA-LIHC,35.14619968431826,0.019843682877921525,0.6974300408997172
TT,TCGA-LIHC,56.1834232360607,0.008051789933201551,0.4523771216249156
TT,TCGA-LIHC,92.02909054405787,0.005681277546159942,0.5228428057014762
TT,TCGA-LIHC,16.89907885197303,0.04226256631750407,0.7141984406862407
TT,TCGA-LIHC,45.272201144661416,0.01050203571040765,0.4754502731099922
TT,TCGA-LIHC,86.70820041503336,0.005411208679479132,0.4691961666678446
TT,TCGA-LIHC,38.53698605132934,0.004128068151952064,0.1590833047907136
TT,TCGA-LIHC,71.6504966937494,0.007689125369614858,0.550929651873414
TT,TCGA-LIHC,71.18079483202224,0.007452075629225384,0.5304446664366052
TT,TCGA-LIHC,36.71425326548968,0.014878316507874249,0.5462462804342112
TT,TCGA-LIHC,61.97411393379412,0.0055327710937200765,0.3428885861318107
TT,TCGA-LIHC,84.06470839183233,0.006616505859461524,0.556214635648483
TT,TCGA-LIHC,64.62866803834439,0.006766857829705044,0.43733300833867883
TT,TCGA-LIHC,64.59174270118507,0.006379589408890359,0.41206879763825144
TT,TCGA-LIHC,73.61762151665258,0.00755235554693829,0.5559864522136947
TT,TCGA-LIHC,14.420143740526003,0.01643038811950299,0.23692855839586385
TT,TCGA-LIHC,81.65909814814407,0.0056461600242523335,0.46106033558054876
TT,TCGA-LIHC,28.80236091313505,0.02173306512880671,0.6259635855885608
TT,TCGA-LIHC,80.6210339272709,0.007196422635218237,0.5801830334289098
TT,TCGA-LIHC,23.94188927582718,0.026283574391370856,0.6292784278511678
TT,TCGA-LIHC,44.28329842029091,0.011523350403245963,0.5102919647085206
TT,TCGA-LIHC,99.90673736043723,0.005268380573296128,0.526346714251126
TT,TCGA-LIHC,122.17838691442182,0.005512786767255508,0.6735433946264481
TT,TCGA-LIHC,72.71186260759204,0.00626106079339899,0.45525339218740857
TT,TCGA-LIHC,61.163760182333164,0.009401319269268623,0.5750200371830937
TT,TCGA-LIHC,60.68211619509513,0.007647873513156125,0.4640891491707304
TT,TCGA-LIHC,91.17963641089462,0.0062373195461046405,0.5687165283923874
TT,TCGA-LIHC,73.25880725078925,0.006434480250841302,0.47138234845539295
TT,TCGA-LIHC,60.58670568915829,0.010129883694766147,0.6137362820801999
TT,TCGA-LIHC,103.01001256922791,0.007117719179508004,0.733196342145354
TT,TCGA-LIHC,70.98367609014117,0.006978451098789926,0.49535611240739386
TT,TCGA-LIHC,97.55940781460824,0.00408574972710776,0.39860332385533026
TT,TCGA-LIHC,41.277114461994216,0.01614202235865265,0.6662961045461754
TT,TCGA-LIHC,61.38554341702154,0.009701498775356112,0.5955317742848039
TT,TCGA-LIHC,83.4626694256047,0.007852623950468143,0.6554009569015087
TT,TCGA-LIHC,82.14537262540951,0.007128192284201891,0.5855480113313333
TT,TCGA-LIHC,70.13128424593225,0.009097652153823584,0.6380300291704195
TT,TCGA-LIHC,96.50374057280541,0.005009400313956478,0.4834258683233859
TT,TCGA-LIHC,19.055697307457343,0.038034147369024086,0.7247671996113481
TT,TCGA-LIHC,49.58947808317349,0.0098831102408128,0.49009827868037387
TT,TCGA-LIHC,43.36649220081047,0.010116029012875671,0.43869669329004524
TT,TCGA-LIHC,66.86714996851424,0.00865209184276335,0.5785407227914157
TT,TCGA-LIHC,91.3269354349418,0.007850180744155676,0.7169329499741288
TT,TCGA-LIHC,91.30733617758786,0.0071853909699188916,0.6560789088577883
TT,TCGA-LIHC,103.4704296392831,0.00334470938530558,0.3460785171161108
TT,TCGA-LIHC,106.82021061969029,0.004986714426446321,0.532681885333244
TT,TCGA-LIHC,62.64944889346424,0.007943261424194418,0.49764095064249414
TT,TCGA-LIHC,69.37199504882726,0.004954381839702267,0.3436953524538253
TT,TCGA-LIHC,59.73355366763016,0.010167853780908974,0.6073620395065424
TT,TCGA-LIHC,93.92775097933418,0.007155137943867474,0.6720660150143694
TT,TCGA-LIHC,84.77490737078341,0.0060902277877856684,0.5162984965765012
TT,TCGA-LIHC,119.9485759765677,0.004628300416712163,0.5551580441763788
TT,TCGA-LIHC,112.42816322169168,0.005740626494070377,0.645408092470112
TT,TCGA-LIHC,57.557754291917334,0.010087124517941814,0.58059223451567
TT,TCGA-LIHC,69.72168258194347,0.008923590056831148,0.6221677134337682
TT,TCGA-LIHC,95.4367907049168,0.0058749283294294175,0.5606843053821419
TT,TCGA-LIHC,64.20304199622355,0.007420694496218542,0.47643116038186395
TT,TCGA-LIHC,98.9742149593325,0.005248099133219181,0.5194264917391218
TT,TCGA-LIHC,97.66919835122889,0.00563792682833149,0.550651793686023
TT,TCGA-LIHC,81.87797170250445,0.008518342301014125,0.6974645898746812
TT,TCGA-LIHC,68.95207551982932,0.007600010398225991,0.5240364909299666
TT,TCGA-LIHC,40.26670278116187,0.006691148986754918,0.26943050751413267
TT,TCGA-LIHC,52.553362565180784,0.008244258991289785,0.4332635318505037
TT,TCGA-LIHC,25.784963384556278,0.014066435973451794,0.36270253652665974
TT,TCGA-LIHC,52.318112486798746,0.0049970991695566696,0.26143879646055446
TT,TCGA-LIHC,28.268651282175686,0.014216199927547211,0.4018727983095234
TT,TCGA-LIHC,33.03738480090266,0.02146803879550035,0.7092478586076518
TT,TCGA-LIHC,39.19625801033054,0.014942941755229554,0.5857074004713191
TT,TCGA-LIHC,100.29015467716432,0.0053805061244652525,0.5396117914640501
TT,TCGA-LIHC,90.25738113342592,0.006900460706821631,0.6228175120118297
TT,TCGA-LIHC,71.77175067720331,0.005376163546397254,0.38585666965189286
TT,TCGA-LIHC,42.24881252049833,0.014757454270984634,0.6234849187746572
TT,TCGA-LIHC,55.439203098462684,0.011569596933071576,0.6414092341399061
TT,TCGA-LIHC,62.403894565510264,0.005454215095658653,0.34036426376709705
TT,TCGA-LIHC,58.01939383346318,0.011281770042167513,0.6545614592150834
TT,TCGA-LIHC,86.8427759680493,0.006700739145164803,0.5819107884038851
TT,TCGA-LIHC,137.49467014757198,0.004046767583684726,0.5564089740826184
TT,TCGA-LIHC,80.7420444998928,0.007815930305054158,0.6310741924987435
TT,TCGA-LIHC,101.95955830782981,0.004046272752818814,0.41255618267041294
TT,TCGA-LIHC,40.36751677856409,0.008138833023026548,0.3285444786149556
TT,TCGA-LIHC,100.77502200160905,0.004687259256948112,0.47235865474619165
TT,TCGA-LIHC,54.51793723746435,0.010023045756034923,0.5464357794557454
TT,TCGA-LIHC,88.31447841056927,0.0055741917642206625,0.4922818382176387
TT,TCGA-LIHC,48.145181843192134,0.01307431159208049,0.6294651090752701
TT,TCGA-LIHC,65.85241087409123,0.008982802141482019,0.5915391774215405
TT,TCGA-LIHC,90.94401778883044,0.00589750695395286,0.5363429773300401
TT,TCGA-LIHC,105.70323742262369,0.004958889062755056,0.5241706279528495
TT,TCGA-LIHC,52.712664760210565,0.005579268961411591,0.29409813436993737
TT,TCGA-LIHC,65.79123245631445,0.009507372037487334,0.6255017237669931
TT,TCGA-LIHC,41.352357397569676,0.01160275917755849,0.4798014443083302
TT,TCGA-LIHC,44.557544150682524,0.012656994933836586,0.5639646105793887
TT,TCGA-LIHC,80.7143652344549,0.004667810595232071,0.3767593692288197
TT,TCGA-LIHC,108.89249325030706,0.005039066541208816,0.5487165193264291
TT,TCGA-LIHC,79.35227530323235,0.0062408234681809,0.4952235419659641
TT,TCGA-LIHC,40.23133938035879,0.013472569611719196,0.5420195203745837
TT,TCGA-LIHC,89.67617740898402,0.006284335163934544,0.5635551550585108
TT,TCGA-LIHC,103.71859839396346,0.005657514278134141,0.5867894513219091
TT,TCGA-LIHC,81.99453536441659,0.005670027291520789,0.4649112532718085
TT,TCGA-LIHC,74.29237829351099,0.007505462129660105,0.5575986318043291
TT,TCGA-LIHC,85.58053219136889,0.007564164822904461,0.6473452511273954
TT,TCGA-LIHC,80.36629016573625,0.005209196992231825,0.4186438370081833
TT,TCGA-LIHC,54.98210694116624,0.010212421400312408,0.5615004455602315
TT,TCGA-LIHC,98.83029659825749,0.004911177595147434,0.48537313837513785
TT,TCGA-LIHC,42.65298691293826,0.006519406960395611,0.2780721797618726
TT,TCGA-LIHC,31.26291200726312,0.016712478442390696,0.5224807429677422
TT,TCGA-LIHC,62.953746626596775,0.00918656184205928,0.578328486574562
TT,TCGA-LIHC,64.03253475121451,0.009415229205421677,0.6028809912868134
TT,TCGA-LIHC,66.25691542089626,0.009440168553637456,0.6254764494173615
TT,TCGA-LIHC,87.65017214660033,0.005964901258655795,0.5228246221586533
TT,TCGA-LIHC,40.71752324747242,0.01763153620975566,0.7179124855093779
TT,TCGA-LIHC,31.63515442086827,0.02245390703034448,0.7103328162567673
TT,TCGA-LIHC,106.38393810111205,0.004961906018181694,0.5278671027017767
TT,TCGA-LIHC,67.33757578090514,0.005114469819484146,0.3443959990486659
TT,TCGA-LIHC,85.207075391748,0.005420404246419713,0.46185679327843554
TT,TCGA-LIHC,119.69512904564257,0.004386444357834605,0.5250360234625437
TT,TCGA-LIHC,90.39758535984997,0.004871495041765443,0.4403713888680775
TT,TCGA-LIHC,53.60566446850409,0.012355903999617255,0.6623464440085303
TT,TCGA-LIHC,69.43753756429169,0.00794328531832282,0.5515621726749276
TT,TCGA-LIHC,73.0407780869521,0.009464906050228233,0.6913241024285708
TT,TCGA-LIHC,47.058511285756374,0.007807853434534263,0.36742595896656227
TT,TCGA-LIHC,54.58044224944095,0.011160299581044017,0.609134086769633
TT,TCGA-LIHC,26.64856996169671,0.008428822054318632,0.22461605420920228
TT,TCGA-LIHC,51.95114784241547,0.00639930156111508,0.33245106148968967
TT,TCGA-LIHC,120.9575336836926,0.005042306089936526,0.6099049087169857
TT,TCGA-LIHC,88.71134174993266,0.004992350977961795,0.44287815374157935
TT,TCGA-LIHC,83.02030705499963,0.008046403256325158,0.6680148690284635
TT,TCGA-LIHC,114.1497554028531,0.004558958574996488,0.5204040062275889
TT,TCGA-LIHC,60.289326581982124,0.007064191520251113,0.42589534960208814
TT,TCGA-LIHC,119.91840409789597,0.003835902067111448,0.4599952541638251
TT,TCGA-LIHC,20.41210918712513,0.018402219031814306,0.3756281041627857
TT,TCGA-LIHC,46.143597911430746,0.014340585551476496,0.6617262135018047
TT,TCGA-LIHC,85.03513585799318,0.0066959626894915365,0.5693920970009663
TT,TCGA-LIHC,71.56309545560819,0.007135861455621324,0.5106643345066241
TT,TCGA-LIHC,32.555197198997945,0.01866507174870443,0.6076450915125181
TT,TCGA-LIHC,80.36800532859898,0.006786005989158683,0.5453777654966097
TT,TCGA-LIHC,64.68708173658614,0.008546352947554762,0.5528386316681888
TT,TCGA-LIHC,54.53847209533229,0.0077371138928030315,0.4219703701410459
TT,TCGA-LIHC,90.49240180195638,0.006859583196249977,0.6207401587890011
TT,TCGA-LIHC,43.195622919265034,0.010719191354968897,0.4630221477686821
TT,TCGA-LIHC,56.659094861877115,0.011690300861201442,0.6623618654586962
TT,TCGA-LIHC,48.600418880787615,0.010781211532475007,0.5239713965206635
TT,TCGA-LIHC,115.66714910971118,0.004038041517715106,0.46706875034075757
TT,TCGA-LIHC,81.66235659482588,0.005489185627507027,0.4482598341286719
TT,TCGA-LIHC,47.805940361689935,0.014855234660840138,0.7101684622550328
TT,TCGA-LIHC,29.03724536854964,0.017698393067369964,0.5139125821262596
TT,TCGA-LIHC,89.67112170483885,0.0067085146383241406,0.601560032591857
TT,TCGA-LIHC,16.152402868120497,0.017318411958229682,0.2797339669854014
TT,TCGA-LIHC,36.04406970612483,0.017353081941347093,0.6254756951100107
TT,TCGA-LIHC,47.773686452325336,0.012788260501635871,0.6109423474758088
TT,TCGA-LIHC,26.798627599888132,0.011253380458788261,0.30157515215492486
TT,TCGA-LIHC,63.576484475099086,0.011073834859188862,0.7040354900050317
TT,TCGA-LIHC,108.31758873090429,0.004940448716328342,0.5351374922013774
TT,TCGA-LIHC,51.01245662209938,0.009140789022973654,0.4662941035262057
TT,TCGA-LIHC,32.236057253618604,0.019431971042823203,0.6264101310871075
TT,TCGA-LIHC,84.21311332875462,0.006650647357012158,0.5600717195856472
TT,TCGA-LIHC,9.777205797243091,0.02860246692839056,0.27965220546771397
TT,TCGA-LIHC,20.08521722427937,0.015414338718323432,0.30960034152614613
TT,TCGA-LIHC,77.78502410844298,0.008746551580207707,0.6803507255321966
TT,TCGA-LIHC,41.20049754425124,0.013374522148781105,0.5510369669463898
TT,TCGA-LIHC,27.389503083729192,0.011541263168280937,0.3161094631377609
TT,TCGA-LIHC,88.68989711545932,0.006698399662605444,0.5940803769147043
TT,TCGA-LIHC,43.20641726348777,0.0105489662018528,0.4557830354156819
TT,TCGA-LIHC,91.07645770115307,0.005719815015790665,0.5209404903440787
TT,TCGA-LIHC,93.1775344416323,0.005624646808628951,0.5240907217330413
TT,TCGA-LIHC,76.19688138621675,0.006491828693511684,0.4946571009391482
TT,TCGA-LIHC,43.064564095055104,0.012675603160080836,0.5458693247307842
TT,TCGA-LIHC,56.14518112332171,0.007556636230925699,0.4242687098683785
TT,TCGA-LIHC,88.15443874552089,0.008191646143533958,0.7221299681851467
TT,TCGA-LIHC,36.113933303710716,0.010384474623597196,0.3750242239506656
TT,TCGA-LIHC,22.1972469861981,0.023001139151755275,0.5105619667154229
TT,TCGA-LIHC,20.003711859807083,0.020328491725677314,0.4066452910249214
TT,TCGA-LIHC,149.32650148456153,0.002970510988011891,0.44357601346126396
TT,TCGA-LIHC,40.54353750660885,0.013802960319530901,0.5596208394171348
TT,TCGA-LIHC,24.606189405530234,0.024526143423187412,0.6034949304581492
TT,TCGA-LIHC,83.54538356086942,0.007566383464771788,0.6321364087329792
TT,TCGA-LIHC,22.773058327823335,0.03147446472047366,0.7167698209163644
TT,TCGA-LIHC,107.9098973473607,0.0055475940028664765,0.5986402993741553
TT,TCGA-LIHC,52.81073272241245,0.013069664205284742,0.6902185431169737
TT,TCGA-LIHC,44.04578024713204,0.015122958740161074,0.6661025173555795
TT,TCGA-LIHC,42.35730195457706,0.008720319642074186,0.36936921221976565
TT,TCGA-LIHC,32.958948569070145,0.017008637423761234,0.5605868060797082
TT,TCGA-LIHC,48.6861181287645,0.011249000169590366,0.5476701510871684
TT,TCGA-LIHC,37.11573886850796,0.009404380988305462,0.34905054898190635
TT,TCGA-LIHC,43.515880589837124,0.012893895564757691,0.5610892197338262
TT,TCGA-LIHC,54.78503115455387,0.011033964729800783,0.6044961014803845
TT,TCGA-LIHC,59.51149027753314,0.011353721393950859,0.6756768803499266
TT,TCGA-LIHC,423.29074504172087,0.0007536249661791591,0.31900247341601795
TT,TCGA-LIHC,205.77892917406373,0.0017164087181363971,0.35320074804313517
TT,TCGA-LIHC,87.06700819523351,0.005678782828188656,0.49443463104085306
TT,TCGA-LIHC,20.29723953820361,0.02990642801045607,0.6070179330602689
TT,TCGA-LIHC,22.991546110872918,0.012497356218398904,0.2873335417593228
TT,TCGA-LIHC,117.9806828337959,0.004437503135117168,0.5235396499582335
TT,TCGA-LIHC,30.58990175033098,0.010582850177560131,0.3237283471700372
TT,TCGA-LIHC,32.59026664683892,0.01980915408309311,0.6455856136163225
TT,TCGA-LIHC,85.58411557381471,0.005439898018258739,0.4655688607044215
TT,TCGA-LIHC,113.48076766934034,0.004692631678870873,0.532523445307732
TT,TCGA-LIHC,164.41645402682482,0.0029652842532533665,0.4875415221014997
TT,TCGA-LIHC,44.169008630522285,0.016254668317883934,0.7179525852188926
TT,TCGA-LIHC,73.70724324432527,0.00790581556715436,0.5827158710530197
TT,TCGA-LIHC,29.909430344449078,0.012463563598276028,0.37277808728624795
TT,TCGA-LIHC,89.1573369132419,0.005678173976792082,0.5062508703008542
TT,TCGA-LIHC,19.202726510063457,0.017570515564170202,0.33740180501957373
TT,TCGA-LIHC,17.969776671043608,0.018491579764675782,0.3322895586660129
TT,TCGA-LIHC,67.22104143789325,0.008020650904729901,0.5391565068257247
TT,TCGA-LIHC,45.853166963045325,0.011898597104985215,0.5455883596808948
TT,TCGA-LIHC,59.43125517489591,0.007879746402203928,0.4683032191428496
TT,TCGA-LIHC,22.919040536186664,0.012754142942684576,0.29231271910770684
TT,TCGA-LIHC,23.723213562678183,0.008814026752748855,0.20909703900262
TT,TCGA-LIHC,35.41364199415197,0.012313834873893457,0.43607773979916636
TT,TCGA-LIHC,36.10065382080018,0.01747102773994945,0.6307155243335121
TT,TCGA-LIHC,18.81555230562392,0.028767575625757373,0.5412778238924296
TT,TCGA-LIHC,95.98577468440571,0.004511263776862971,0.4330171484278903
TT,TCGA-LIHC,35.459379135944175,0.006177762738908722,0.2190596311708733
TT,TCGA-LIHC,38.76514766583093,0.016711212659972538,0.6478126264389388
TT,TCGA-LIHC,60.210940731380994,0.007455614799940401,0.4489095808352185
TT,TCGA-LIHC,72.30757537884556,0.004992939116701581,0.3610273215428861
TT,TCGA-LIHC,65.68813008300896,0.007794406988243819,0.5120000201636741
TT,TCGA-LIHC,33.006750396403476,0.011616997295904848,0.38343933010162545
TT,TCGA-LIHC,59.26020613492548,0.008681791319133707,0.5144847431922701
TT,TCGA-LIHC,82.09277753312361,0.007959940137003005,0.6534535948439691
TT,TCGA-LIHC,30.20791484152197,0.012021990011559229,0.3631592504948089
TT,TCGA-LIHC,82.83206370547653,0.0071349482038399895,0.5910024841557493
TT,TCGA-LIHC,76.63074264449747,0.005747874352788226,0.440463880281422
TT,TCGA-LIHC,65.69131408043356,0.008631687639339492,0.5670269037600466
TT,TCGA-LIHC,71.14136892205515,0.007002574273510147,0.49817271979587774
TT,TCGA-LIHC,45.875100044829004,0.01241867653539893,0.5697080284857964
TT,TCGA-LIHC,55.53986703883353,0.007538190560073852,0.4186701014198918
TT,TCGA-LIHC,61.369827008334006,0.007728886132168729,0.4743204048983066
TT,TCGA-LIHC,39.10653249460928,0.015287522120712993,0.5978419805757209
TT,TCGA-LIHC,81.41806495668958,0.006417337062878855,0.5224871658344421
TT,TCGA-LIHC,23.50590909465324,0.018899541361285466,0.4442509011690151
TT,TCGA-LIHC,65.88690590600466,0.006593512300118609,0.4344261245079991
TT,TCGA-LIHC,136.1659821865369,0.0038200661643920004,0.5201630612919934
TT,TCGA-LIHC,87.55313730792697,0.004828696405248094,0.42276751938697976
TT,TCGA-LIHC,46.625707978561174,0.012084204894633688,0.5634346085702899
TT,TCGA-LIHC,49.14587222532109,0.012025364208021746,0.5909970128303863
TT,TCGA-LIHC,93.77214828215796,0.004334667363617135,0.40647107077493666
TT,TCGA-LIHC,39.56622228544109,0.015939907992688376,0.6306819428481873
TT,TCGA-LIHC,58.2680064970927,0.007742801423604549,0.45115760365628843
TT,TCGA-LIHC,41.628893663206874,0.015049351185751226,0.6264878402118941
TT,TCGA-LIHC,52.41252805924756,0.010599973106723627,0.5555713878834216
TT,TCGA-LIHC,78.21169081852504,0.006086426913366526,0.4760297399377724
TT,TCGA-LIHC,55.75793457356282,0.012997483039805965,0.7247128089544934
TT,TCGA-LIHC,55.10818438820646,0.011326536722517766,0.6241848741843007
TT,TCGA-LIHC,57.41041125310806,0.0071543270863555775,0.410732860266924
TT,TCGA-LIHC,58.96748592482019,0.008840258914166458,0.5212878430928768
TT,TCGA-LIHC,41.06781840113436,0.012145370356652668,0.4987838642215322
TT,TCGA-LIHC,83.03933857916192,0.008272067313269314,0.6869069983761888
TT,TCGA-LIHC,87.03082652860957,0.004927835857485559,0.4288736276742877
TT,TCGA-LIHC,116.54510045973684,0.004099889604763618,0.4778220458610067
TT,TCGA-LIHC,62.99591007040309,0.007976467664351387,0.5024848396629582
TT,TCGA-LIHC,37.760285256398944,0.012506442891215677,0.47224685111516673
TT,TCGA-LIHC,34.71669903245664,0.010663572175050205,0.370204025812097
TT,TCGA-LIHC,93.88915516824994,0.00525628666816755,0.49350831459638655
TT,TCGA-LIHC,87.68618316090624,0.006166880994299881,0.5407502563976909
TT,TCGA-LIHC,96.0386803488974,0.005338926438123908,0.5127434495972594
TT,TCGA-LIHC,26.07606657781461,0.009582333172977558,0.24986955778936432
TT,TCGA-LIHC,87.22515431301953,0.006515782574455632,0.5683401405269761
TT,TCGA-LIHC,89.30861087197101,0.00634891017848134,0.5670123485910861
TT,TCGA-LIHC,105.96544607485302,0.005801723698218301,0.6147822396847482
TT,TCGA-LIHC,41.52081170328893,0.011235127434054583,0.46649161065183603
TT,TCGA-LIHC,101.30172190962287,0.005160900236646096,0.5228080805760297
TT,TCGA-LIHC,81.33492800305484,0.006871291327049255,0.5588759853735663
TT,TCGA-LIHC,16.759522714922028,0.04090433194805383,0.685537080422119
TT,TCGA-LIHC,73.4812784011302,0.00700005182354444,0.5143727568682082
TT,TCGA-LIHC,102.89748263188923,0.005132885877846879,0.5281610354672187
TT,TCGA-LIHC,72.65900404175092,0.007695161287213181,0.5591227550695477
TT,TCGA-LIHC,51.53134067765059,0.01235643131615709,0.6367434717128815
TT,TCGA-LIHC,59.16732116021446,0.009008684236933035,0.5330197134775785
TT,TCGA-LIHC,77.08985471399471,0.006721415504715484,0.5181529447309081
TT,TCGA-LIHC,89.28229286998267,0.0058820887860808885,0.5251663736861147
TT,TCGA-LIHC,118.78600266846655,0.005389181060861996,0.6401592758764024
TT,TCGA-LIHC,58.9133351137423,0.010429170045230255,0.614417189832853
TT,TCGA-LIHC,46.88927292578791,0.012973809814991709,0.6083325093024121
TT,TCGA-LIHC,24.005713627212607,0.023346575474347608,0.560451205013294
TT,TCGA-LIHC,46.137424472509636,0.009882479561796022,0.45595215438348413
TT,TCGA-LIHC,32.193530416216234,0.014327005953851234,0.46123690194862077
TT,TCGA-LIHC,52.317920052969896,0.012231326691508653,0.6399175719881065
TT,TCGA-LIHC,57.69933122926315,0.011266608642988736,0.6500757839222862
TT,TCGA-LIHC,95.5152170619694,0.006377772246434368,0.6091743004899828
TT,TCGA-LIHC,74.40504295541295,0.005898128700835449,0.43885051934221553
TT,TCGA-LIHC,63.109890886719576,0.01034588934461694,0.6529279476648497
TT,TCGA-LIHC,60.2306400147544,0.011460295506160054,0.6902609330942338
TT,TCGA-LIHC,91.61620306784256,0.004666353702148938,0.427513608362456
TT,TCGA-LIHC,89.99940710071465,0.0070198447332671015,0.6317818639331135
TT,TCGA-LIHC,98.30549840811098,0.006366209113074971,0.6258333598310931
TT,TCGA-LIHC,94.23297551924675,0.006223473291981229,0.5864564063679532
TT,TCGA-LIHC,101.99771975955646,0.006140955599200594,0.6263634682631413
TT,TCGA-LIHC,67.41490759311216,0.009241369054759311,0.6230060408604452
TT,TCGA-LIHC,44.77116294960517,0.012302779876372592,0.5508097625782007
TT,TCGA-LIHC,74.61220032166636,0.003832419965870544,0.2859452862102868
TT,TCGA-LIHC,46.04327774161655,0.010728467305158583,0.49397379987326906
TT,TCGA-LIHC,22.259552922619342,0.017427948167897552,0.38793833457598237
TT,TCGA-LIHC,87.06053741098599,0.006577467368645706,0.572637843917519
TT,TCGA-LIHC,42.95543097776932,0.012057912020523726,0.5179528075336218
TT,TCGA-LIHC,38.077872037403665,0.01836205995776369,0.6991881694148596
TT,TCGA-LIHC,54.527440082965526,0.006915712592271381,0.37709610400608795
TT,TCGA-LIHC,75.60063527630888,0.007584809505058058,0.5734164170321752
TT,TCGA-LIHC,89.99812675058422,0.00638050405451085,0.574233412630484
TT,TCGA-LIHC,67.236629563152,0.007630291016622643,0.5130350505437031
TT,TCGA-LIHC,92.0828176366515,0.006064667286915109,0.55845165180797
TT,TCGA-LIHC,24.778386646843312,0.024130030802247633,0.5979032330183306
TT,TCGA-LIHC,55.804171559887955,0.008656325744860284,0.4830590869444582
TT,TCGA-LIHC,65.25525503171349,0.01058040302018874,0.6904268974207278
TT,TCGA-LIHC,57.796587887697335,0.010324086194795988,0.596696955117689
TT,TCGA-LIHC,11.606310357955563,0.050473078392100475,0.5858062125401389
TT,TCGA-LIHC,119.36503108805468,0.004077494308451104,0.48671023488963205
TT,TCGA-LIHC,64.82455765627195,0.008752105305175298,0.5673513549690997
TT,TCGA-LIHC,39.476422013673236,0.015461946963970224,0.6103823435027222
TT,TCGA-LIHC,46.76036687096161,0.013305114205791998,0.6221520215228769
TT,TCGA-LIHC,50.20426877818521,0.00918875519406145,0.46131473549960644
TT,TCGA-LIHC,44.93348766547636,0.007795809089316978,0.350292891557233
TT,TCGA-LIHC,131.12137510672272,0.0035803806052155922,0.46946442836130864
TT,TCGA-LIHC,128.12695274671123,0.0025934192997261836,0.33228691206842564
TT,TCGA-LIHC,104.31247551366648,0.005978685855700281,0.6236515219266396
TT,TCGA-LIHC,92.34923107928999,0.006974232943785444,0.6440650497264389
TT,TCGA-LIHC,41.11657923851698,0.013415769885431092,0.5516105655400373
TT,TCGA-LIHC,30.270173698996654,0.017473336709568174,0.5289209372996833
TT,TCGA-LIHC,76.80598340410465,0.008036201707713643,0.6172283749946915
TT,TCGA-LIHC,98.24091956077899,0.004728555096498681,0.4645376008738385
TT,TCGA-LIHC,60.27820783892431,0.009842084689448003,0.5932632264788416
TT,TCGA-LIHC,72.82711581811725,0.005631037247274678,0.4100922017834051
TT,TCGA-LIHC,38.790494653575045,0.009521408100553977,0.36934013001904514
TT,TCGA-LIHC,60.11751094430575,0.0062718861536329735,0.37705018448246996
TT,TCGA-LIHC,80.50774087237083,0.00540978365089876,0.43552946034214557
TT,TCGA-LIHC,85.54370012520688,0.005548499832793921,0.47463920584128366
TT,TCGA-LIHC,87.92819482380168,0.006756857978191382,0.5941183247031705
TT,TCGA-LIHC,27.524283258779914,0.025298986935121448,0.6963364825624551
TT,TCGA-LIHC,33.92876352841987,0.016311708331578946,0.5534360947266983
TT,TCGA-LIHC,64.72388317083806,0.007426782139088969,0.48069017950566123
TT,TCGA-LIHC,86.92824345767552,0.00523281133594765,0.4548790977793416
TT,TCGA-LIHC,71.01799753269412,0.006995313175218825,0.4967931338181132
TT,TCGA-LIHC,23.55840639624006,0.02538073592430112,0.5979296915403354
TT,TCGA-LIHC,77.47503196520181,0.005579626847323522,0.4322817683502881
TT,TCGA-LIHC,59.826510212249445,0.008297421744531611,0.49640578673456104
TT,TCGA-LIHC,36.17718666170048,0.014561884355192348,0.5268080084638895
TT,TCGA-LIHC,19.90876072709198,0.03630353883201588,0.7227584681532965
TT,TCGA-LIHC,50.394465677139756,0.0037144402018913897,0.18718722926400372
TT,TCGA-LIHC,42.61451355651971,0.012911228955741847,0.5502057413657908
TT,TCGA-LIHC,112.15110864923865,0.004834405357469635,0.5421839205000384
TT,TCGA-LIHC,49.83592027042981,0.006607917495609519,0.3293116494647742
TT,TCGA-LIHC,67.32720609171265,0.007344228397013472,0.49446637887033446
TT,TCGA-LIHC,54.74955114270386,0.007317965507546915,0.40065532681598265
TT,TCGA-LIHC,74.67693858297383,0.006222259613756014,0.4646592990237763
TT,TCGA-LIHC,68.09538286197123,0.008914290373691867,0.6070220159393322
TT,TCGA-LIHC,101.59801641742159,0.005681563022603857,0.5772355332471221
TT,TCGA-LIHC,95.21299158118408,0.0071973613622514105,0.6852823067907832
TT,TCGA-LIHC,47.389830971075575,0.011142299167441234,0.5280316741741962
TT,TCGA-LIHC,50.843667505516635,0.008882251619267565,0.4516062480303768
TT,TCGA-LIHC,89.66218028356,0.007408871105666659,0.6642955367739425
TT,TCGA-LIHC,19.446667251346827,0.010271455734910298,0.19974558186373864
TT,TCGA-LIHC,90.64473783511383,0.0057801572617079385,0.5239408396332456
TT,TCGA-LIHC,71.41885488137771,0.008317449342808685,0.5940227075972639
TT,TCGA-LIHC,58.20160618281471,0.006745718252925177,0.392611637176976
TT,TCGA-LIHC,17.657579840811188,0.021917876541319513,0.38701665496939186
TT,TCGA-LIHC,79.3166370177076,0.007577315236658401,0.6010071621947796
TT,TCGA-LIHC,13.663923231633383,0.03896554286875384,0.5324221864375721
TT,TCGA-LIHC,72.66872409757814,0.006809725761757694,0.49485408256133995
TT,TCGA-LIHC,50.55964955337329,0.009046440663864164,0.45738486967035774
TT,TCGA-LIHC,106.29178732517691,0.005264820686627224,0.5596072007281727
TT,TCGA-LIHC,29.734638591690402,0.020687254297330388,0.6151280299855133
TT,TCGA-LIHC,40.43824777465911,0.016616811435570165,0.6719547380563753
TT,TCGA-LIHC,32.380730258410445,0.015198476851993797,0.49213777928310626
TT,TCGA-LIHC,49.45013583785717,0.013217416905330286,0.6536030613941723
TT,TCGA-LIHC,27.378617086959213,0.024885321058843963,0.6813256763561313
TT,TCGA-LIHC,29.359208941140107,0.006394885352960067,0.1877487752321911
TT,TCGA-LIHC,24.37902482045436,0.013580608425384989,0.33108198987933224
TT,TCGA-LIHC,62.393362636625945,0.0026107513902173833,0.16289355824390853
TT,TCGA-LIHC,55.415863639994235,0.01091724584509638,0.6049886070761546
TT,TCGA-LIHC,74.40201309052867,0.007543987330006663,0.5612878440819381
TT,TCGA-LIHC,70.31622722173637,0.008612504934097627,0.6055988538943344
TT,TCGA-LIHC,44.28744104191313,0.0060056816496239646,0.2659762719742209
TT,TCGA-LIHC,132.27852885077053,0.004551621191886453,0.6020817551487307
TT,TCGA-LIHC,47.756536337499426,0.010751948856176807,0.5134758362489431
TT,TCGA-LIHC,139.08801389662332,0.005092069800416864,0.7082458751629568
TT,TCGA-LIHC,39.38037614493872,0.015262320752234333,0.6010359320676921
TT,TCGA-LIHC,97.81315649393015,0.004517833327325528,0.44190353825918505
TT,TCGA-LIHC,103.8496313744713,0.004351079225804988,0.45185797368096803
TT,TCGA-LIHC,67.12147621145319,0.0056790702890628375,0.3811875813105018
TT,TCGA-LIHC,116.15753923737283,0.004453626567031308,0.5173223027085452
TT,TCGA-LIHC,64.20793166266245,0.008789155786920844,0.5643335141391077
TT,TCGA-LIHC,100.33853724153062,0.006066539685824981,0.6087077181933733
TT,TCGA-LIHC,27.89090696237089,0.02546713054751973,0.7103013686994264
TT,TCGA-LIHC,50.14753035359853,0.01091875443904904,0.5475485696557004
TT,TCGA-LIHC,86.95430669373557,0.006875451685950856,0.5978501345581321
TT,TCGA-LIHC,78.74500450436433,0.006297979356881577,0.49593441282603334
TT,TCGA-LIHC,22.638784905229684,0.028021859016416753,0.6343808389173299
TT,TCGA-LIHC,45.360241974952174,0.00575486171642813,0.2610419199895686
TT,TCGA-LIHC,24.774846676588655,0.019771772192740185,0.48984262459957717
TT,TCGA-LIHC,42.83129184254199,0.013075709786835362,0.5600495419283279
TT,TCGA-LIHC,77.09625259262482,0.006954432890498156,0.5361607147643038
TT,TCGA-LIHC,99.58349678113612,0.004978148258119581,0.4957414110384697
TT,TCGA-LIHC,39.967190167284556,0.010137584886567033,0.40517078299841447
TT,TCGA-LIHC,65.3054542031135,0.010248131825983251,0.6692589036292191
TT,TCGA-LIHC,20.261814079213064,0.023129819920157987,0.4686521109079199
TT,TCGA-LIHC,55.046804316921374,0.013796257958414392,0.7594399121426062
TT,TCGA-LIHC,52.40683028676924,0.010099928357963963,0.5293052313643454
TT,TCGA-LIHC,77.77751483091357,0.007311813021686597,0.5686946457350963
TT,TCGA-LIHC,73.33239936863087,0.006523406046539275,0.47837701744855954
TT,TCGA-LIHC,61.21838392641118,0.008381498713629709,0.5131018061297049
TT,TCGA-LIHC,46.06035480651887,0.007114315488479609,0.32768789560488343
TT,TCGA-LIHC,87.80106117652649,0.006532689213653978,0.5735770452952677
TT,TCGA-LIHC,61.56413055667448,0.009528789622924375,0.5866316483928011
TT,TCGA-LIHC,61.886912582835556,0.01043469186370689,0.6457708631980538
TT,TCGA-LIHC,99.14206023982575,0.004540201984538084,0.45012497865205114
TT,TCGA-LIHC,47.453529435426276,0.014227261684803021,0.6751337811453126
TT,TCGA-LIHC,43.07148691797225,0.00822357717557047,0.35420169673651875
TT,TCGA-LIHC,44.50765924412408,0.005970684123034012,0.2657411744022996
TT,TCGA-LIHC,49.15631875336408,0.00490893746923885,0.24130529497823733
TT,TCGA-LIHC,13.007776451643906,0.056136028668319585,0.7302049118005747
TT,TCGA-LIHC,32.018874144315056,0.02374045130955419,0.7601425226098553
TT,TCGA-LIHC,65.85155188166091,0.004356265933533224,0.28686687213237505
TT,TCGA-LIHC,118.40878627539473,0.005563956013405747,0.6588212784370584
TT,TCGA-LIHC,71.78352537907618,0.008204422034771685,0.5889423373536851
TT,TCGA-LIHC,6.423756938880471,0.011446896265791932,0.07353207931602587
TT,TCGA-LIHC,11.618880039528246,0.03276704404780269,0.3807163540413575
TT,TCGA-LIHC,36.91876081198173,0.009305454389153053,0.3435458448399471
TT,TCGA-LIHC,61.566951155108775,0.008305508162865868,0.5113448153815201
TT,TCGA-LIHC,25.358674436199195,0.027891056676288346,0.7072802259355762
TT,TCGA-LIHC,121.13729798197357,0.003995587814430152,0.48401471168976784
TT,TCGA-LIHC,26.097784951032242,0.014491750873407441,0.37820259785812105
TT,TCGA-LIHC,11.079202797211185,0.02925866108691915,0.32416263975684867
TT,TCGA-LIHC,54.01232601671156,0.01215993964228171,0.6567866243024547
TT,TCGA-LIHC,64.26410794819931,0.008995609256104736,0.5780948042941356
TT,TCGA-LIHC,63.42243972786199,0.008237690316223421,0.5224544175774724
TT,TCGA-LIHC,58.65391850581887,0.004482358984581007,0.2629079185954394
TT,TCGA-LIHC,19.623089185953077,0.017639864962644008,0.3461486433901322
TT,TCGA-LIHC,94.58490728713146,0.005845342495030843,0.5528811779540219
TT,TCGA-LIHC,106.65410678980251,0.004606656827507216,0.4913188692249275
TT,TCGA-LIHC,48.12780415786486,0.012729400511309276,0.6126380948553176
TT,TCGA-LIHC,71.09248150869887,0.007710972034328356,0.5481921367645828
TT,TCGA-LIHC,58.52618940223739,0.009342349009164329,0.5467720875721563
TT,TCGA-LIHC,60.145980808774915,0.009594301758313523,0.5770586894291205
TT,TCGA-LIHC,126.64641176843078,0.0037256470365516015,0.471839828694948
TT,TCGA-LIHC,95.21870347532797,0.006116672700933318,0.5824216441658031
TT,TCGA-LIHC,47.709453807127716,0.009634650590024402,0.45966391727258504
TT,TCGA-LIHC,92.73261149319633,0.00501884500760486,0.4654106042347895
TT,TCGA-LIHC,59.94729877778732,0.007891281354961664,0.4730610011254692
TT,TCGA-LIHC,31.81014717661402,0.012894568761161743,0.4101781300715246
TT,TCGA-LIHC,2.7337334798465958,0.004998402918954049,0.013664301405307635
TT,TCGA-LIHC,88.13894261751075,0.004807896355185575,0.4237629009606405
TT,TCGA-LIHC,42.27528249757986,0.015454443313755959,0.6533409569318673
TT,TCGA-LIHC,55.2280109430462,0.01330835382941089,0.7349939109246355
TT,TCGA-LIHC,27.101138951799673,0.019507417413365542,0.5286732299103761
TT,TCGA-LIHC,60.75141882356628,0.005418598365163847,0.32918753871876044
TT,TCGA-LIHC,79.45894963697333,0.0066107683719913895,0.52528471113176
TT,TCGA-LIHC,27.103998540908297,0.02405744538425171,0.6520529645927394
TT,TCGA-LIHC,33.67497427124805,0.019964513305272123,0.672304471893028
TT,TCGA-LIHC,48.02056626253063,0.014112134668754536,0.677672697966683
TT,TCGA-LIHC,40.078502629140814,0.008149056335317081,0.32660197576002226
TT,TCGA-LIHC,140.8077266220387,0.0036038150162918826,0.5074449996104253
TT,TCGA-LIHC,58.57503425168717,0.006469119700544241,0.3789289080376432
TT,TCGA-LIHC,21.786852390866386,0.016885319650753884,0.36787796680357043
TT,TCGA-LIHC,9.90066640323858,0.03803324622895034,0.376554483145069
TT,TCGA-LIHC,59.100014146940275,0.006837622015275042,0.4041035578341853
TT,TCGA-LIHC,50.06745075429138,0.012558656268798839,0.6287799042781586
TT,TCGA-LIHC,76.48832128699466,0.007514016478292464,0.5747345065474061
TT,TCGA-LIHC,63.91421221213645,0.004223027259717363,0.2699114604552126
TT,TCGA-LIHC,84.75745878017115,0.007075878099376345,0.5997334463414064
TT,TCGA-LIHC,126.02123344824992,0.003820824799399663,0.48150505401000754
TT,TCGA-LIHC,43.672178944602784,0.010829409433081756,0.47294390662591584
TT,TCGA-LIHC,48.17607683231034,0.007792974021820043,0.37543491522740097
TT,TCGA-LIHC,65.3866763272091,0.00941588382403655,0.6156733479368819
TT,TCGA-LIHC,84.62519996018311,0.006334332765058043,0.5360441768573765
TT,TCGA-LIHC,87.11509519225106,0.006336345303609192,0.5519913242948877
TT,TCGA-LIHC,116.08804490882282,0.003141075062436252,0.3646412629100831
TT,TCGA-LIHC,43.032075665353666,0.011888083113836288,0.5115688920706164
TT,TCGA-LIHC,61.05933568267951,0.00953079543819452,0.5819440379836698
TT,TCGA-LIHC,42.727422856966825,0.009981056368335794,0.42646481600910513
TT,TCGA-LIHC,34.7867742787054,0.014480676741589007,0.503736033212556
TT,TCGA-LIHC,39.95104389158307,0.017711486876509114,0.7075923895886131
TT,TCGA-LIHC,123.73683720958428,0.0038466282296448617,0.47596961105735763
TT,TCGA-LIHC,45.20689120833755,0.01450325696887653,0.6556471599585647
TT,TCGA-LIHC,125.19707820161179,0.0048521092713571905,0.6074699038888718
TT,TCGA-LIHC,66.44026330600424,0.005965778289467176,0.39636788037744275
TT,TCGA-LIHC,38.5303188959276,0.015443701629887235,0.595050748733112
TT,TCGA-LIHC,99.95762822409506,0.0043674338300202405,0.43655832707449876
TT,TCGA-LIHC,41.47722435539397,0.01249951309769654,0.5184451090863449
TT,TCGA-LIHC,38.510698443290025,0.010859992648160306,0.4182259019696482
TT,TCGA-LIHC,72.99750360861061,0.006469420858047999,0.4722515724309796
TT,TCGA-LIHC,87.76167654395216,0.0068108101445298165,0.5977281169064939
TT,TCGA-LIHC,138.81026069241221,0.0031139769929723815,0.43225195818467016
TT,TCGA-LIHC,39.90762243064358,0.017634996575228587,0.7037707848899151
TT,TCGA-LIHC,23.548367836131717,0.031035563087614175,0.7308368555886104
TT,TCGA-LIHC,65.5805890486899,0.00854787495833971,0.5605746748824638
TT,TCGA-LIHC,33.44219735539201,0.018460936421942475,0.6173742791879446
TT,TCGA-LIHC,76.48733252361394,0.008183332146659757,0.6259212470527443
TT,TCGA-LIHC,65.74273869194582,0.009373365325028688,0.6162307072275068
TT,TCGA-LIHC,81.1208617412729,0.006816983421669965,0.5529995696418387
TT,TCGA-LIHC,65.29973734425423,0.009215260836832457,0.6017541122039518
TT,TCGA-LIHC,72.38998529325666,0.00753363635745238,0.5453598251207215
TT,TCGA-LIHC,82.38121152902629,0.007763208075514974,0.6395424866128442
TT,TCGA-LIHC,84.16518648573505,0.006412138605083985,0.5396788414692746
TT,TCGA-LIHC,63.84904445743332,0.006137366273789128,0.3918649720667139
TT,TCGA-LIHC,24.72820541804913,0.02367434794387137,0.5854241390944203
TT,TCGA-LIHC,74.04655466553108,0.00540780564766709,0.40042937651054883
TT,TCGA-LIHC,87.72749139371568,0.005623001295744163,0.4932917977792482
TT,TCGA-LIHC,52.451078796698184,0.011518919320924859,0.6041797449546389
TT,TCGA-LIHC,109.02141931443089,0.005932301351246399,0.6467479131137986
TT,TCGA-LIHC,120.7835051273677,0.003696175017629198,0.4464369741934646
TT,TCGA-LIHC,25.814947294244853,0.020238340901753138,0.5224517037017171
TT,TCGA-LIHC,103.68454729059245,0.003960074687486631,0.4105985512089857
TT,TCGA-LIHC,76.14472304289265,0.008899336816406943,0.6776375371507246
TT,TCGA-LIHC,64.44729104107715,0.009019982584056287,0.5813134427801226
TT,TCGA-LIHC,119.65294914869244,0.003870805074547367,0.4631532427493168
TT,TCGA-LIHC,35.72939838586344,0.017044262309220702,0.6089812382393033
TT,TCGA-LIHC,132.03046997126373,0.0035383234126800706,0.46716650308647545
TT,TCGA-LIHC,80.139319528591,0.006603874469276124,0.5292300062200236
TT,TCGA-LIHC,47.37913273791603,0.015178043434206347,0.7191225345711174
TT,TCGA-LIHC,37.20007113716586,0.006130229546909067,0.22804497523217332
TT,TCGA-LIHC,100.78020885738492,0.006331089699757236,0.6380485422363726
TT,TCGA-LIHC,86.4432903529212,0.0049597957451949296,0.42874106369306847
TT,TCGA-LIHC,117.98508269168977,0.004250976879133951,0.5015518586050804
TT,TCGA-LIHC,60.79234422771075,0.009931925736384944,0.603785048210373
TT,TCGA-LIHC,36.335834635107446,0.008585761632023976,0.3119708148776734
TT,TCGA-LIHC,43.811949350181095,0.009356483636957548,0.4099257871981823
TT,TCGA-LIHC,76.84918231587831,0.0063820089048280655,0.4904521658686909
TT,TCGA-LIHC,43.68391561076092,0.01700580991704018,0.7428803653086243
TT,TCGA-LIHC,54.632780071550066,0.012982811668408131,0.7092870945904954
TT,TCGA-LIHC,47.05637146618906,0.007957545397559228,0.3744532121866102
TT,TCGA-LIHC,106.99583777903099,0.0054095418793837675,0.57879846538542
TT,TCGA-LIHC,92.97470473631226,0.00593349857493217,0.5516652780576481
TT,TCGA-LIHC,50.39187856654197,0.008246220301449787,0.4155425320636108
TT,TCGA-LIHC,23.917622361544222,0.018652278522516313,0.4461181538838872
TT,TCGA-LIHC,105.3899285531753,0.005629741721108537,0.5933180777604589
TT,TCGA-LIHC,44.76672582498042,0.010787588376891642,0.4829250111810537
TT,TCGA-LIHC,37.903803912673126,0.01624646907094437,0.6158029779383842
TT,TCGA-LIHC,19.4739110893877,0.03221607390521792,0.6273729588793568
TT,TCGA-LIHC,43.44676822436804,0.007632421523204742,0.3316040489093545
TT,TCGA-LIHC,34.73133330012616,0.012956325435148082,0.44999045703303014
TT,TCGA-LIHC,95.12213369453299,0.006275928304763941,0.5969796912630594
TT,TCGA-LIHC,24.038990447396902,0.024741984808097625,0.5947723364514981
TT,TCGA-LIHC,43.808179253357736,0.005345174003176176,0.23416234087152965
TT,TCGA-LIHC,89.69328165138377,0.006777026213584404,0.6078537209338368
TT,TCGA-LIHC,80.78842090627963,0.007279249782201144,0.5880790952864103
TT,TCGA-LIHC,27.35749866461377,0.007718826481929976,0.21116778517178472
TT,TCGA-LIHC,87.40935279826316,0.004993902902974771,0.4365138206863923
TT,TCGA-LIHC,90.5424286629989,0.0071493457381536455,0.6473191264838917
TT,TCGA-LIHC,65.55076303917724,0.010051602762275146,0.6588902308338375
TT,TCGA-LIHC,93.91839405052849,0.0064918300099880005,0.6097022489870993
TT,TCGA-LIHC,44.05306613098293,0.008615829188230312,0.37955369300236286
TT,TCGA-LIHC,73.13026125575821,0.004233276215924137,0.3095805956383197
TT,TCGA-LIHC,72.08146856467084,0.00688938107576738,0.49659670544296464
TT,TCGA-LIHC,83.25595705445973,0.006602097559668785,0.5496639508971377
TT,TCGA-LIHC,31.154403302035647,0.017703523748105722,0.5515427187156514
TT,TCGA-LIHC,54.16495525123477,0.011115469333600702,0.6020688990509544
TT,TCGA-LIHC,48.01840774489176,0.006985589457833857,0.33543688292468354
TT,TCGA-LIHC,23.143922234829706,0.020666196105151885,0.4782968355473758
TT,TCGA-LIHC,39.5496168629441,0.018046237242494274,0.7137217687584414
TT,TCGA-LIHC,150.85883010569302,0.0031568162890029637,0.4762336122175824
TT,TCGA-LIHC,82.56022455492939,0.004423353523308666,0.3651930601702016
TT,TCGA-LIHC,22.46892536947851,0.014965675388572786,0.3362626434096832
TT,TCGA-LIHC,96.09307013876915,0.005262050552784782,0.505646592842497
TT,TCGA-LIHC,31.171412822875155,0.01845787268836825,0.5753579694011992
TT,TCGA-LIHC,27.992339567018917,0.016559723658131735,0.4635454077744202
TT,TCGA-LIHC,97.46602733964792,0.0042524607602353855,0.4144704567178821
TT,TCGA-LIHC,52.39101382779574,0.011884807293707892,0.6226571032653379
TT,TCGA-LIHC,31.1208591484097,0.018107415562942725,0.5635183292760623
TT,TCGA-LIHC,72.26736628828506,0.007336896464017118,0.5302181841843485
TT,TCGA-LIHC,45.96971849541169,0.01440558788085164,0.6622208196436642
TT,TCGA-LIHC,60.8389283236832,0.010418773987306194,0.6338670438343765
TT,TCGA-LIHC,32.22439536610813,0.016779059506026078,0.5406950473936394
TT,TCGA-LIHC,97.69259489404536,0.005103887594863564,0.4986120231897497
TT,TCGA-LIHC,88.89814843454239,0.006691871681573055,0.5948950020533923
TT,TCGA-LIHC,103.26450339316911,0.006832438496044204,0.7055483682583759
TT,TCGA-LIHC,76.69039774990537,0.00685595859391098,0.525786191523915
TT,TCGA-LIHC,61.55423186023639,0.00983552088990632,0.6054179333234921
TT,TCGA-LIHC,104.4989570086364,0.003930185183495364,0.4107002525260618
TT,TCGA-LIHC,35.07264332835918,0.011612939689671174,0.4072964917295832
TT,TCGA-LIHC,96.77775312193936,0.005657914414103195,0.5475602443531412
TT,TCGA-LIHC,53.60563158219889,0.010320536438824498,0.5532388740702849
TT,TCGA-LIHC,86.85652903936955,0.005843730596921127,0.5075661562897322
TT,TCGA-LIHC,47.496776800332555,0.013060366009383371,0.620325289278332
TT,TCGA-LIHC,53.34063352062445,0.010266160240974029,0.5476034910778013
TT,TCGA-LIHC,15.847652554168159,0.03630550258747805,0.5753569908108052
TT,TCGA-LIHC,22.139279041806745,0.010409572444695713,0.2304604290590208
TT,TCGA-LIHC,105.94486348793654,0.0034629649321481467,0.36688334699994685
TT,TCGA-LIHC,123.58593267146023,0.0038538214932402623,0.47627812359141736
TT,TCGA-LIHC,67.90564033164976,0.010023530229263888,0.6806542386018125
TT,TCGA-LIHC,88.7640963884452,0.005541425239939457,0.491879604127349
TT,TCGA-LIHC,82.9634077127196,0.005541915537533493,0.4597761982498468
TT,TCGA-LIHC,20.088894735499032,0.019278366328124123,0.3872810718380745
TT,TCGA-LIHC,79.80735181159774,0.007115309994889657,0.5678540480107366
TT,TCGA-LIHC,50.007796970842094,0.010937036264409844,0.5469370889733447
TT,TCGA-LIHC,37.338849785867204,0.01467602744619868,0.5479859842668768
TT,TCGA-LIHC,164.3621950865834,0.0028401455702586204,0.466812560293143
TT,TCGA-LIHC,36.16575866703428,0.019382021287714185,0.7009655043707923
TT,TCGA-LIHC,57.42603781687668,0.007750904743752028,0.44510374892971283
TT,TCGA-LIHC,66.29816305898152,0.008941043434542714,0.592774755540749
TT,TCGA-LIHC,62.2836419830742,0.006673032739232875,0.4156207820717133
TT,TCGA-LIHC,40.917144594399595,0.01583454602481548,0.6479044092840504
TT,TCGA-LIHC,50.69135286118221,0.009617746380968777,0.4875365755270465
TT,TCGA-LIHC,59.5848769912012,0.006816622294945181,0.4061676009397882
TT,TCGA-LIHC,42.31557720732201,0.010202907279926867,0.43174191074289314
TT,TCGA-LIHC,71.95496899321537,0.007086934718839172,0.5099401679510142
TT,TCGA-LIHC,54.674286784012246,0.012281123580945387,0.6714616726945035
TT,TCGA-LIHC,59.08224028773961,0.006385879412481233,0.37729206189674563
TT,TCGA-LIHC,57.53454988460753,0.0077692208616289985,0.4469986252279271
TT,TCGA-LIHC,61.786031736563416,0.008843654258135665,0.5464143026603644
TT,TCGA-LIHC,75.20619013703293,0.007003795529733926,0.5267287782900709
TT,TCGA-LIHC,105.36966006895169,0.004111914289690131,0.433271010937314
TT,TCGA-LIHC,52.58683829309602,0.007814349551735,0.4109319362428158
TT,TCGA-LIHC,101.90380996411724,0.005209268065643895,0.5308442630135202
TT,TCGA-LIHC,61.72729851860823,0.00888390012037458,0.5483791547398613
TT,TCGA-LIHC,73.41543499157282,0.006138689548448675,0.45067456347758117
TT,TCGA-LIHC,106.42227062954875,0.0034462312904907358,0.3667557590486241
TT,TCGA-LIHC,44.107563604588165,0.016186416375667617,0.7139433898201069
TT,TCGA-LIHC,79.42806291219976,0.006290365557686523,0.49963155125665965
TT,TCGA-LIHC,94.64615010128385,0.007078668153979348,0.6699686886187073
TT,TCGA-LIHC,59.57413954934441,0.008637710985081221,0.5145841996121339
TT,TCGA-LIHC,55.36653212439777,0.010303546678009473,0.5704716481432435
TT,TCGA-LIHC,125.63765754499948,0.0038919659925496968,0.48897749054874284
TT,TCGA-LIHC,23.332983332431017,0.018369909459346943,0.42862479123320907
TT,TCGA-LIHC,47.51921972538157,0.007763732611603525,0.3689265158598984
TT,TCGA-LIHC,93.1159825700364,0.006474199871866275,0.602851482423632
TT,TCGA-LIHC,30.93625658067928,0.019195711258965128,0.5938434487559793
TT,TCGA-LIHC,95.43883835360657,0.006249379859593325,0.5964335542300119
TT,TCGA-LIHC,112.87950276518956,0.0048640388288366115,0.5490502844296516
TT,TCGA-LIHC,28.125537437027006,0.0120665166028908,0.3393772644491131
TT,TCGA-LIHC,42.74889569189642,0.009564686631739473,0.40887979114590683
TT,TCGA-LIHC,33.066552242089905,0.018805535533312503,0.6218342231527559
TT,TCGA-LIHC,44.16206466020031,0.00988022867768984,0.4363312977217041
TT,TCGA-LIHC,63.710811963496695,0.007887526956714942,0.502520746796277
TT,TCGA-LIHC,58.7478955302608,0.005454766717959704,0.32045606528864023
TT,TCGA-LIHC,54.29244244993501,0.01064946624670883,0.5781855333219645
TT,TCGA-LIHC,112.58031706172541,0.004293251848602274,0.48333565434148273
TT,TCGA-LIHC,87.5817494667097,0.004759773514823245,0.41686929149352964
TT,TCGA-LIHC,49.121260360150295,0.01193197119307412,0.586113463584807
TT,TCGA-LIHC,120.27232555568048,0.003606069222214377,0.43371033147048704
TT,TCGA-LIHC,33.44392617053234,0.0072005911364999885,0.24081603835329518
TT,TCGA-LIHC,68.54788621405358,0.008784857213238517,0.6021833926597817
TT,TCGA-LIHC,43.37641084029062,0.005621648501011144,0.24384693497956328
TT,TCGA-LIHC,83.17617347409669,0.005513169596935851,0.458564350786852
TT,TCGA-LIHC,9.951412319465128,0.039237093418104385,0.39046449482092804
TT,TCGA-LIHC,100.94303550295977,0.004205413696398687,0.4245072240602059
TT,TCGA-LIHC,41.67895109046363,0.009219601012268347,0.38426329966392136
TT,TCGA-LIHC,55.43356897599728,0.010091378712411076,0.55940113791735
TT,TCGA-LIHC,60.95326633296205,0.010288683780189717,0.6271288826695306
TT,TCGA-LIHC,19.83977042789645,0.027630248792543013,0.5481777929097165
TT,TCGA-LIHC,97.17730960751241,0.005393481359975257,0.5241240079806627
TT,TCGA-LIHC,95.43767159684762,0.005081650282971344,0.4849808708762469
TT,TCGA-LIHC,88.20559605274964,0.005652633022714078,0.49859386503595116
TT,TCGA-LIHC,105.82665962380162,0.0066400364873855765,0.7026928812401767
TT,TCGA-LIHC,111.02810353283849,0.004329235085401189,0.48066676127992003
TT,TCGA-LIHC,124.73129255631073,0.00367401191498401,0.458264255023242
TT,TCGA-LIHC,43.8951814439004,0.015386738173633374,0.6754036639614256
TT,TCGA-LIHC,55.56462812979837,0.008230772713822698,0.4573398250644496
TT,TCGA-LIHC,23.732619317696503,0.01122550244667669,0.2664105762168486
TT,TCGA-LIHC,25.804668572837382,0.014091272128423663,0.3636206070436334
TT,TCGA-LIHC,64.66884379178097,0.008844540478926247,0.5719662066417651
TT,TCGA-LIHC,95.4776740955504,0.005961744779283769,0.5692135250773047
TT,TCGA-LIHC,25.184157507742853,0.02676976108184355,0.6741738795297927
TT,TCGA-LIHC,92.74252854741775,0.005897256720778586,0.5469264997782592
TT,TCGA-LIHC,92.34987333422501,0.006211487147871201,0.573630051323072
TT,TCGA-LIHC,113.5743436447407,0.004385545991536292,0.49808550751255787
TT,TCGA-LIHC,74.91431992350743,0.006212598110579165,0.46541256241210543
TT,TCGA-LIHC,219.64473349301625,0.0024066192571624593,0.5286012453586091
TT,TCGA-LIHC,123.54175948271839,0.004119596093787885,0.5089421497846891
TT,TCGA-LIHC,39.14849816750714,0.007927563189685098,0.31035219300418415
TT,TCGA-LIHC,43.36826816846016,0.013623535615716748,0.5908291459849719
TT,TCGA-LIHC,107.37126730612384,0.005354475850959736,0.5749168578775827
TT,TCGA-LIHC,20.300969248912182,0.01856907350510996,0.37697019020802724
TT,TCGA-LIHC,33.66330567092283,0.007828102002835863,0.2635197905446269
TT,TCGA-LIHC,30.05041461587003,0.01123245533890375,0.33753994008830057
TT,TCGA-LIHC,97.57535420060748,0.005575705581552801,0.5440514470383186
TT,TCGA-LIHC,44.885363857288716,0.012910493119552375,0.5794921812481308
TT,TCGA-LIHC,70.73496106328047,0.006843608960567738,0.4840824133580762
TT,TCGA-LIHC,51.01365755307844,0.008867177482928876,0.45234715557650174
TT,TCGA-LIHC,110.03238407183727,0.004115061694332051,0.45279004883004964
TT,TCGA-LIHC,50.18822420096876,0.0037098647945945683,0.1861915260663931
TT,TCGA-LIHC,18.419829248118127,0.0071337719295665545,0.1314028608376341
TT,TCGA-LIHC,53.302163996424504,0.01264755143885423,0.6741418609470229
TT,TCGA-LIHC,15.316866860335477,0.02877486760965815,0.44074081610091365
TT,TCGA-LIHC,62.01929085505278,0.0070323689563995635,0.4361425357069885
TT,TCGA-LIHC,74.26314205343508,0.005448180123164781,0.40459897441928755
TT,TCGA-LIHC,100.67589428274127,0.0047372247920352,0.4769243423565168
TT,TCGA-LIHC,72.03933407061955,0.007948075884711043,0.5725740938773338
TT,TCGA-LIHC,63.1140153335933,0.005215224593019199,0.3291537649319466
TT,TCGA-LIHC,21.729813012471997,0.01072979154354637,0.2331563639040659
TT,TCGA-LIHC,159.6976342293051,0.003285620480583404,0.5247058177245221
TT,TCGA-LIHC,43.48912960733431,0.00919384382621179,0.39983226574771497
TT,TCGA-LIHC,26.922636115922135,0.023894513735755005,0.6433032984746352
TT,TCGA-LIHC,86.72141320285051,0.005299620727249075,0.45959059890615817
TT,TCGA-LIHC,102.66047314507522,0.0058648098300011055,0.6020841520538016
TT,TCGA-LIHC,47.23450091544612,0.013348764968980735,0.6305222511473956
TT,TCGA-LIHC,89.29955849222208,0.006320827804448068,0.5644471322425739
TT,TCGA-LIHC,30.656701469768525,0.017409256556699365,0.5337103810693428
TT,TCGA-LIHC,58.37053418080767,0.011305502027283035,0.6599081925147148
TT,TCGA-LIHC,29.309734083571737,0.023828740183577682,0.6984140383271822
TT,TCGA-LIHC,35.52034345291738,0.015482626422361718,0.5499482080755017
TT,TCGA-LIHC,58.693255714667586,0.006945021804121992,0.4076259406932741
TT,TCGA-LIHC,74.92851325269152,0.00742973579091601,0.5566990566736467
TT,TCGA-LIHC,25.168154385028473,0.01843344333401104,0.4639357476780638
TT,TCGA-LIHC,49.6265898540352,0.0076870058062467,0.38147988435219216
TT,TCGA-LIHC,63.140642340871956,0.007825438507166372,0.4941032139414789
TT,TCGA-LIHC,87.66849839368125,0.00657705237342688,0.5766003054349318
TT,TCGA-LIHC,21.40610633396601,0.018276529772865424,0.39122933973385293
TT,TCGA-LIHC,73.77550402122662,0.009583987164571685,0.7070634835992426
TT,TCGA-LIHC,101.70689413871472,0.002922493462405725,0.2972377332019849
TT,TCGA-LIHC,17.358025833322966,0.026996428994377063,0.4686047118918662
TT,TCGA-LIHC,112.60574717285941,0.005095609792115548,0.5737949479425101
TT,TCGA-LIHC,50.33390559924612,0.01248293280821897,0.6283147615706259
TT,TCGA-LIHC,80.34170738641068,0.007240420202086199,0.5817077212306658
TT,TCGA-LIHC,77.90082504454217,0.005928915412570923,0.46186740225857703
TT,TCGA-LIHC,26.76548734466515,0.017227264764734698,0.46109613704370245
TT,TCGA-LIHC,8.448613726229976,0.026336432549225994,0.22250634553532064
TT,TCGA-LIHC,93.40899043103167,0.005308108752590985,0.4958250796776468
TT,TCGA-LIHC,27.767773077484286,0.022543722364747824,0.625988966946125
TT,TCGA-LIHC,46.74081290641994,0.012206725400685334,0.5705522681534771
TT,TCGA-LIHC,44.292248201540694,0.007876316890660245,0.3488597826351108
TT,TCGA-LIHC,74.56444580559962,0.006094308464430326,0.45441873321862214
TT,TCGA-LIHC,90.5766166571417,0.0055345581054572195,0.501301547884675
TT,TCGA-LIHC,108.72368591874564,0.004476137905080271,0.4866622117209395
TT,TCGA-LIHC,148.60661059083918,0.003663525647163557,0.5444241292375869
TT,TCGA-LIHC,38.80570653614751,0.008972578534595092,0.34818724948603363
TT,TCGA-LIHC,80.0894305411552,0.006542947699662043,0.5240209553264944
TT,TCGA-LIHC,35.20070116049252,0.010990999687669412,0.3868908954607176
TT,TCGA-LIHC,73.51611805492193,0.006486665114439092,0.47687443833584797
TT,TCGA-LIHC,79.1405132251713,0.007740918448522715,0.6126202588502845
TT,TCGA-LIHC,27.752693599005966,0.009047563440137366,0.25109425597170065
TT,TCGA-LIHC,116.47730777508936,0.003542969453403306,0.412675543461797
TT,TCGA-LIHC,25.934224581414966,0.009999828682171022,0.25933780281909813
TT,TCGA-LIHC,86.78607189657102,0.007056888784336104,0.6124396574034987
TT,TCGA-LIHC,36.798064721260495,0.010208821811229986,0.3756648857374568
TT,TCGA-LIHC,84.87884965664506,0.0065732838643258705,0.5579327728705664
TT,TCGA-LIHC,73.09824106586443,0.008292666248609125,0.6061793165195875
TT,TCGA-LIHC,30.744306140576196,0.02308788279647395,0.7098209368325376
TT,TCGA-LIHC,19.2791089337618,0.017351111530153673,0.3345139693116831
TT,TCGA-LIHC,109.41572352691912,0.003356274090405702,0.3672291579563922
TT,TCGA-LIHC,95.72417273369014,0.006652000322390185,0.6367572278850405
TT,TCGA-LIHC,59.5212499361768,0.010755539798507106,0.6401831725454381
TT,TCGA-LIHC,101.55925614345372,0.0033857871191480147,0.3438580212807595
TT,TCGA-LIHC,39.27093882871048,0.014058922806969808,0.5521070975500739
TT,TCGA-LIHC,49.20376057491624,0.0055687197728915465,0.2740019544141576
TT,TCGA-LIHC,110.19876981862558,0.004825678279103433,0.5317838098976604
TT,TCGA-LIHC,30.491665699823482,0.020649218238273523,0.6296290594841343
TT,TCGA-LIHC,91.28871205168032,0.0077105305712660815,0.7038844050859875
TT,TCGA-LIHC,86.55158577091271,0.006597484782840575,0.5710227700543175
TT,TCGA-LIHC,122.75752199049748,0.003648554259411005,0.44788747973316967
TT,TCGA-LIHC,63.44426920275634,0.006742648184703586,0.42778238656981066
TT,TCGA-LIHC,86.50496949314432,0.003954487877102491,0.34208285316976
TT,TCGA-LIHC,110.18869095283482,0.005271428929346006,0.58085185317554
TT,TCGA-LIHC,52.80571701765298,0.01072103447516355,0.5661319126319881
TT,TCGA-LIHC,30.882070301753384,0.015880904675017495,0.49043521462933426
TT,TCGA-LIHC,95.7283704777607,0.006061029217658714,0.5802124504245655
TT,TCGA-LIHC,80.45185592501157,0.004924328027260973,0.39617132897669627
TT,TCGA-LIHC,49.88863270111185,0.009458295022751667,0.4718614063688123
TT,TCGA-LIHC,98.45107794397057,0.006361112725432511,0.6262584047419393
TT,TCGA-LIHC,33.2088221422706,0.018053268222275144,0.5995277734802409
TT,TCGA-LIHC,92.97958160263343,0.00631177354308779,0.5868660632068738
TT,TCGA-LIHC,79.16740421478073,0.005410494854864149,0.42833483317702153
TT,TCGA-LIHC,69.16050283555929,0.007714045637772834,0.5335072752048218
TT,TCGA-LIHC,87.61091947588747,0.006386154829835347,0.5594968965572544
TT,TCGA-LIHC,59.69152356174812,0.00778611975681091,0.464765350918271
TT,TCGA-LIHC,18.670723700475232,0.028028272502686358,0.5233081316992845
TT,TCGA-LIHC,64.51272810998397,0.008651255323585974,0.5581160825005533
TT,TCGA-LIHC,61.50611000510916,0.011338820405679777,0.6974067351999168
TT,TCGA-LIHC,19.447307742080305,0.033219480722630715,0.6460294646451037
TT,TCGA-LIHC,73.39345766656112,0.008976945974243374,0.6588491043356373
TT,TCGA-LIHC,91.33670949682944,0.005858189356111966,0.535067739396617
TT,TCGA-LIHC,60.57879729355818,0.008494275536568192,0.5145729958853946
TT,TCGA-LIHC,46.41591386026487,0.011251888914171445,0.522266706605451
TT,TCGA-LIHC,42.40563976729128,0.013404645415115258,0.5684325646816503
TT,TCGA-LIHC,92.60624419706957,0.003961206688141223,0.3668324738770713
TT,TCGA-LIHC,48.82708403784445,0.012192654735715146,0.5953317774251855
TT,TCGA-LIHC,89.46425687608118,0.006875188741847095,0.6150836516721498
TT,TCGA-LIHC,47.563407800810474,0.012248034443827696,0.5825582570101496
TT,TCGA-LIHC,104.68315526832828,0.0036598093883441945,0.38312039445252083
TT,TCGA-LIHC,43.66699111849224,0.006543549373248739,0.28573711236506816
TT,TCGA-LIHC,145.39702170234358,0.00416236531106264,0.6051955194656568
TT,TCGA-LIHC,69.55610553753502,0.007173462076205303,0.4989580852420411
TT,TCGA-LIHC,49.514655443640066,0.010998464145623946,0.5445851625797988
TT,TCGA-LIHC,92.08427295782589,0.005998120442302621,0.5523325600429099
TT,TCGA-LIHC,41.75050621831561,0.00853146124052738,0.35619282557395693
TT,TCGA-LIHC,118.89993806023939,0.004284215025022747,0.5093929011119516
TT,TCGA-LIHC,93.64883588004335,0.00707064000247064,0.6621572051582423
TT,TCGA-LIHC,75.02049467808857,0.005918619491060109,0.4440177620307062
TT,TCGA-LIHC,66.0956417711669,0.00909555987660859,0.6011768673125204
TT,TCGA-LIHC,60.199141143566486,0.010485045396861277,0.6311907277423541
TT,TCGA-LIHC,20.777117756232958,0.0349702881065747,0.7265817939596955
TT,TCGA-LIHC,54.01907050800551,0.0065406214594177885,0.35331829178246343
TT,TCGA-LIHC,94.0645739535945,0.006176051340469592,0.5809476380567984
TT,TCGA-LIHC,10.564921788687773,0.03314693085663552,0.35019473203539564
TT,TCGA-LIHC,8.000307932978757,0.031004577975549702,0.24804617113644872
TT,TCGA-LIHC,19.381049151883186,0.03309185064083792,0.641354783796857
TT,TCGA-LIHC,27.539060282159156,0.015766304038472633,0.4341891973423472
TT,TCGA-LIHC,90.671884199049,0.006334542631383107,0.5743649159267082
TT,TCGA-LIHC,51.465762221064374,0.01141100836316961,0.5872762431214641
TT,TCGA-LIHC,88.91373799430184,0.005708652270942813,0.5075776123191855
TT,TCGA-LIHC,32.64563163489326,0.01377876168527339,0.44981637836241617
TT,TCGA-LIHC,29.755038764008226,0.012840859324696412,0.38208026696951825
TT,TCGA-LIHC,70.41066025678153,0.007076861060788854,0.49828645983565056
TT,TCGA-LIHC,37.15605710592684,0.011321526655180445,0.4206632909261575
TT,TCGA-LIHC,70.89935402848958,0.007020405733714953,0.4977422315382946
TT,TCGA-LIHC,60.27927460867537,0.006083492895671292,0.3667085388380955
TT,TCGA-LIHC,155.35053567008427,0.0020857542406558243,0.32402303856203213
TT,TCGA-LIHC,35.12590288686719,0.016229544437180277,0.57007740179849
TT,TCGA-LIHC,55.87749613244871,0.010952625614395889,0.612005295408565
TT,TCGA-LIHC,64.93384604756147,0.00760500602777709,0.4938222905984546
TT,TCGA-LIHC,84.0957050886208,0.005379176531148166,0.4523656431830664
TT,TCGA-LIHC,72.64213764740217,0.006516769784472163,0.4733920877000582
TT,TCGA-LIHC,119.45767588290542,0.005040812750751524,0.6021637757656925
TT,TCGA-LIHC,53.14206439432706,0.011465936283694241,0.6093235243293305
TT,TCGA-LIHC,21.44041824804333,0.03184591300351916,0.6827896942862526
TT,TCGA-LIHC,119.2633975453491,0.0042806746228374005,0.5105277993057442
TT,TCGA-LIHC,59.517725786365865,0.0060891038118278335,0.3624096109570841
TT,TCGA-LIHC,86.82961331683534,0.006040756262056225,0.5245165303755936
TT,TCGA-LIHC,26.34181277533571,0.02762622606287439,0.727724874637337
TT,TCGA-LIHC,19.398036065541742,0.009321369399204499,0.18081625978600602
TT,TCGA-LIHC,91.11631702441716,0.006646298927748583,0.6055862801397837
TT,TCGA-LIHC,14.428384617442818,0.04377743834755539,0.6316377180449195
TT,TCGA-LIHC,56.01668041551282,0.00893518518245872,0.5005194128192157
TT,TCGA-LIHC,90.91601117028361,0.0055686864568896466,0.5062827601183861
TT,TCGA-LIHC,53.08475893059743,0.007638051870010332,0.40546414221889737
TT,TCGA-LIHC,88.53192206143736,0.0066979021233869,0.5929781487628248
TT,TCGA-LIHC,49.184701454768074,0.008618873879149239,0.4239167386222541
TT,TCGA-LIHC,76.24062592166234,0.008803220327850015,0.6711630279215867
TT,TCGA-LIHC,49.20991641820739,0.010321360502012152,0.5079132876262051
TT,TCGA-LIHC,59.06192589892096,0.01140560794752753,0.673637171429015
TT,TCGA-LIHC,65.11033089920626,0.008679233744144452,0.5651077810328022
TT,TCGA-LIHC,96.61059090230499,0.006712249741592691,0.6484744138191139
TT,TCGA-LIHC,51.592370137009276,0.013013933120983269,0.6714196545160531
TT,TCGA-LIHC,76.0868875400801,0.007064554779469592,0.5375199850262382
TT,TCGA-LIHC,81.42612893407738,0.006809213183257114,0.5544478705995133
TT,TCGA-LIHC,107.74243302676537,0.0059175507277750275,0.6375713129697875
TT,TCGA-LIHC,94.2370358525881,0.007333619877580825,0.6910985993328369
TT,TCGA-LIHC,40.41451130069852,0.010200004479100173,0.41222819628776947
TT,TCGA-LIHC,141.3555331911986,0.0026615653644055377,0.37622699120877157
TT,TCGA-LIHC,55.814814256450184,0.010149090149299798,0.5664695815551365
TT,TCGA-LIHC,83.59290242470614,0.006435243151100159,0.537940652809174
TT,TCGA-LIHC,93.96231751302507,0.005385396692276355,0.5060243539332658
TT,TCGA-LIHC,62.45590648141431,0.007516415065040769,0.4694445163776799
TT,TCGA-LIHC,59.0011027417249,0.008142746986037574,0.48043105152307364
TT,TCGA-LIHC,78.62759860168053,0.006467330914791674,0.5085106991924792
TT,TCGA-LIHC,29.48233203014976,0.006568838945733576,0.19366469085069618
TT,TCGA-LIHC,35.33430743069035,0.013087227659461333,0.46242812553484086
TT,TCGA-LIHC,122.45558354332209,0.00471990707310081,0.577978974906813
TT,TCGA-LIHC,47.44444972582795,0.012807728909837345,0.6076556503648112
TT,TCGA-LIHC,38.47458423288919,0.013224788534036632,0.5088182404149396
TT,TCGA-LIHC,48.11620244360111,0.012959016085401927,0.6235386414350823
TT,TCGA-LIHC,52.07328219520526,0.009656716913682264,0.5028569449253881
TT,TCGA-LIHC,82.0627710641194,0.005369630687656034,0.4406467738199872
TT,TCGA-LIHC,77.967053001771,0.006906223181222975,0.5384578688124713
TT,TCGA-LIHC,24.27899433423815,0.02459978068550074,0.5972579358867736
TT,TCGA-LIHC,43.22641451939555,0.014216717491464935,0.6145377233912045
TT,TCGA-LIHC,57.256349338697696,0.009246335167408741,0.5294113964478407
TT,TCGA-LIHC,100.17737550037943,0.005719990853450803,0.5730136715848769
TT,TCGA-LIHC,35.08698570204029,0.014445159741016449,0.5068371132967321
TT,TCGA-LIHC,36.86479185843886,0.010325169279251648,0.3806352163827592
TT,TCGA-LIHC,69.64177159986234,0.005333314124866582,0.3714214441542782
TT,TCGA-LIHC,115.19788717039073,0.004611646098214642,0.531251886891903
TT,TCGA-LIHC,105.45016866902115,0.004588458292179951,0.4838537008411446
TT,TCGA-LIHC,77.02681686911382,0.0066319403480980185,0.510837254679833
TT,TCGA-LIHC,72.47911641269762,0.00748322464557717,0.5423775102291556
TT,TCGA-LIHC,61.66673213712115,0.009999684751955642,0.6166478810545033
TT,TCGA-LIHC,99.8296645532267,0.006232369720134962,0.6221753785327606
TT,TCGA-LIHC,76.137279177763,0.00541121921584189,0.41199550812862973
TT,TCGA-LIHC,81.65223276227904,0.004028163164532365,0.32890851631483514
TT,TCGA-LIHC,62.30870273678035,0.008415632528929726,0.5243671455870613
TT,TCGA-LIHC,42.28306353965983,0.013048254245436168,0.5517201633414136
TT,TCGA-LIHC,78.03531763811199,0.006772068258628089,0.5284604976290188
TT,TCGA-LIHC,54.572168369709175,0.011811525293649627,0.6445805470281261
TT,TCGA-LIHC,70.26472095952228,0.00489202848497311,0.34373701642267007
TT,TCGA-LIHC,97.54036568555509,0.005456596418887533,0.5322384100967803
TT,TCGA-LIHC,96.33382907171988,0.005912648579034082,0.5695880775738167
TT,TCGA-LIHC,135.43616932561153,0.0040058337515207695,0.5425347782612167
TT,TCGA-LIHC,134.69600498187108,0.004892142451675034,0.6589520440428434
TT,TCGA-LIHC,98.704074306098,0.006385870400807119,0.6303114265503776
TT,TCGA-LIHC,116.41253829599795,0.004924238184679465,0.5732430662526137
TT,TCGA-LIHC,28.426693301169742,0.017932893425442582,0.5097728614076196
TT,TCGA-LIHC,91.17868206346402,0.006208350131456108,0.5660691827747015
TT,TCGA-LIHC,51.26077527925536,0.010241336011422344,0.5249788238408662
TT,TCGA-LIHC,30.048759747068114,0.019490989830145147,0.5856800706385795
TT,TCGA-LIHC,118.833871907173,0.0038319687601578376,0.455367684796885
TT,TCGA-LIHC,26.96345846095633,0.004992060039641087,0.13460320351346244
TT,TCGA-LIHC,100.92406015972172,0.006462817893521242,0.6522538218870638
TT,TCGA-LIHC,24.214708154984606,0.024724116011438382,0.5986872536069625
TT,TCGA-LIHC,79.15265852929065,0.007515162691299905,0.5948451062965263
TT,TCGA-LIHC,38.2842470293941,0.0048285123931624385,0.1848559612443217
TT,TCGA-LIHC,73.54239769160884,0.007501767099429332,0.5516979394160588
TT,TCGA-LIHC,112.80305759589356,0.005043768228217384,0.5689524779479436
TT,TCGA-LIHC,61.17126868045807,0.009499271764153222,0.5810825053537056
TT,TCGA-LIHC,65.44727165104842,0.009785045837594583,0.6404045530510134
TT,TCGA-LIHC,26.310619890938423,0.008747477426963513,0.23015155358540107
TT,TCGA-LIHC,58.192937490888234,0.010004872604859515,0.5822129260988899
TT,TCGA-LIHC,79.31940011082065,0.0047470291510769026,0.37653150457199813
TT,TCGA-LIHC,42.077388112872555,0.012383312664060665,0.5210574530887304
TT,TCGA-LIHC,145.8080700198636,0.004154102524159477,0.6057016717123371
TT,TCGA-LIHC,58.752322032402994,0.006555495691715846,0.3851505939617198
TT,TCGA-LIHC,48.049510605551845,0.012751967000264874,0.6127257736208742
TT,TCGA-LIHC,18.99543879847021,0.03855957288730198,0.7324560068758961
TT,TCGA-LIHC,51.925363082262166,0.010964630884126787,0.5693424397212686
TT,TCGA-LIHC,27.495172425797264,0.021577758982896843,0.5932842037970445
TT,TCGA-LIHC,123.43430277206433,0.005211408060388542,0.6432665203947758
TT,TCGA-LIHC,103.60692891039622,0.004781151062504564,0.49536037824277573
TT,TCGA-LIHC,49.83132293120709,0.00908863047936238,0.45289848041951825
TT,TCGA-LIHC,59.868683114013805,0.009799763874717333,0.5866989580076121
TT,TCGA-LIHC,44.0605012660801,0.014299587525099626,0.6300469942540753
TT,TCGA-LIHC,16.340533931181298,0.02612641664040991,0.42691959761279785
TT,TCGA-LIHC,7.994505872276085,0.036181489422166146,0.2892531296532023
TT,TCGA-LIHC,101.82808808140852,0.006190390118443634,0.6303555902391593
TT,TCGA-LIHC,85.38845984967607,0.006805836027776314,0.5811398564012566
TT,TCGA-LIHC,117.60098397483253,0.005228895304466588,0.6149232329066523
TT,TCGA-LIHC,66.50131008396964,0.0067049218101681695,0.44588608438676447
TT,TCGA-LIHC,29.582743993552903,0.022150174877424218,0.6552629528112677
TT,TCGA-LIHC,18.363492887908468,0.029289329554228992,0.5378543949606914
TT,TCGA-LIHC,67.29861654430795,0.01026741308753881,0.6909826962802834
TT,TCGA-LIHC,76.88943246458413,0.00591380379485915,0.454709017493624
TT,TCGA-LIHC,92.7254644531126,0.004067839064870227,0.37719226661060706
TT,TCGA-LIHC,58.853252212852375,0.010358133618819189,0.609609850322791
TT,TCGA-LIHC,44.84287383362412,0.010481127779209252,0.47000389063717346
TT,TCGA-LIHC,37.09637860318637,0.016332825845050098,0.6058886912078858
TT,TCGA-LIHC,104.04912144208352,0.005014440652423413,0.5217481444081242
TT,TCGA-LIHC,69.2794154963706,0.007645514949761619,0.5296768068882483
TT,TCGA-LIHC,15.958706202110491,0.032155426219917224,0.5131589998472993
TT,TCGA-LIHC,20.66062942180356,0.00578197482576281,0.11945923920128262
TT,TCGA-LIHC,85.27958875222575,0.006140743233315026,0.5236800575701185
TT,TCGA-LIHC,88.53371660125589,0.0055685955390062415,0.49300845931739634
TT,TCGA-LIHC,103.35867784208342,0.004316763034929148,0.44617491984785607
TT,TCGA-LIHC,91.17716475645797,0.0040690829130595385,0.37100744317171747
TT,TCGA-LIHC,67.27240412330121,0.008997074268235334,0.6052548161000819
TT,TCGA-LIHC,97.12821855434534,0.0045850586137659195,0.44533857512233993
TT,TCGA-LIHC,17.72943162555816,0.02914332560474136,0.5166945986506404
TT,TCGA-LIHC,92.99798019953055,0.004321674149299766,0.4019069669654027
TT,TCGA-LIHC,30.971486041927225,0.009535504021968334,0.29532872971913315
TT,TCGA-LIHC,61.408177743122145,0.005178479846329367,0.31800101084256965
TT,TCGA-LIHC,86.18885683722915,0.007628088426511722,0.6574562213343433
TT,TCGA-LIHC,26.849918811947596,0.026863896951611954,0.7212934521233075
TT,TCGA-LIHC,104.03000439218441,0.0052527592609239206,0.5464445689850028
TT,TCGA-LIHC,50.01760086049755,0.008297179486127055,0.41500501180501126
TT,TCGA-LIHC,55.18424646184537,0.008479128007455174,0.4679142897449422
TT,TCGA-LIHC,43.207219267556354,0.01531075726919429,0.66153524648241
TT,TCGA-LIHC,55.21040385309174,0.009751908714616347,0.5384068184724533
TT,TCGA-LIHC,60.723619197517756,0.01051509207149115,0.6385144467760667
TT,TCGA-LIHC,120.34256464274011,0.004993865523856746,0.6009745846218817
TT,TCGA-LIHC,22.176209304152735,0.02442177373141602,0.5415823658465407
TT,TCGA-LIHC,78.88673820321503,0.005960928913980312,0.47023823868513975
TT,TCGA-LIHC,11.17936414945063,0.006283993256651565,0.07025104892880002
TT,TCGA-LIHC,109.8982833894378,0.004114459383491591,0.45217202332129036
TT,TCGA-LIHC,32.765469455992275,0.02080579828547681,0.6817117482303268
TT,TCGA-LIHC,60.614136727702125,0.0106868120776044,0.6477718884551715
TT,TCGA-LIHC,80.69335253227437,0.004890031375049726,0.39459302564077
TT,TCGA-LIHC,67.84727651747527,0.007001570710556347,0.4750375040557723
TT,TCGA-LIHC,65.02365243187474,0.008232143958105703,0.5352840675010229
TT,TCGA-LIHC,64.74147059420488,0.010130738062075408,0.6558788803434472
TT,TCGA-LIHC,47.90704388905658,0.010348257558996033,0.4957544290540845
TT,TCGA-LIHC,74.74747090412717,0.006775524957125398,0.5064533545929182
TT,TCGA-LIHC,99.3450847373561,0.006413334045148421,0.6371332141642407
TT,TCGA-LIHC,33.24906287774556,0.006076583447540968,0.2020407051291575
TT,TCGA-LIHC,42.25412882970482,0.009764437430967145,0.4125877971576777
TT,TCGA-LIHC,97.09090903974815,0.006461129280215551,0.6273169152394615
TT,TCGA-LIHC,154.21876203881212,0.0021147549548756793,0.32613489115637123
TT,TCGA-LIHC,66.37048109722629,0.008230819853416903,0.5462834734958815
TT,TCGA-LIHC,76.30985365483386,0.007034928192434692,0.5368343408369562
TT,TCGA-LIHC,33.53406424189322,0.014373020904724986,0.4819858063691219
TT,TCGA-LIHC,64.8384949998817,0.0077652268396606865,0.5034856216162866
TT,TCGA-LIHC,79.18991604224719,0.008486426411223071,0.6720393950034641
TT,TCGA-LIHC,72.85763214838553,0.007921711544273177,0.5771571456782743
TT,TCGA-LIHC,69.12206623789487,0.0038369885213558746,0.26522057472720306
TT,TCGA-LIHC,53.08543480592188,0.010316687668149188,0.5476658506205919
TT,TCGA-LIHC,83.40635554344925,0.005534803034258495,0.4616377497383258
TT,TCGA-LIHC,85.80979463165802,0.006685846369382003,0.5737111038954861
TT,TCGA-LIHC,77.12823620949736,0.004668062514318755,0.36003942824507706
TT,TCGA-LIHC,114.67571534827452,0.005165034188333974,0.592303990345493
TT,TCGA-LIHC,103.2139759203694,0.004750788006233639,0.49034771887817863
TT,TCGA-LIHC,175.0358532500802,0.0025187711887581657,0.44087526416600437
TT,TCGA-LIHC,163.1900708774248,0.0039928387798550185,0.6515916434866709
TT,TCGA-LIHC,21.46354784557078,0.00995341429179569,0.21363558387874482
TT,TCGA-LIHC,74.46398766101537,0.0065669302762999355,0.4889998150651466
TT,TCGA-LIHC,72.24019274613539,0.008190679053622548,0.5916962335554268
TT,TCGA-LIHC,92.56892276359476,0.006350274772298161,0.5878380949244727
TT,TCGA-LIHC,28.3972097371421,0.016993680915974543,0.48257312117699813
TT,TCGA-LIHC,69.60408929543365,0.007687780018300488,0.5351009268774377
TT,TCGA-LIHC,43.5911214515751,0.0062657627157893725,0.27313162353072556
TT,TCGA-LIHC,54.95931067023733,0.007462582828381043,0.4101384080673721
TT,TCGA-LIHC,49.90934360527104,0.0053529388571175686,0.2671616647178876
TT,TCGA-LIHC,70.18738249026805,0.008886694372371096,0.6237338169877227
TT,TCGA-LIHC,43.41473131104665,0.01590107103562939,0.6903407265697163
TT,TCGA-LIHC,45.10668339208006,0.005286776515084218,0.2384689544305882
TT,TCGA-LIHC,52.28222921151349,0.007702985705919199,0.4027292642898796
TT,TCGA-LIHC,76.29007436978604,0.0077408097634425865,0.5905469525354008
TT,TCGA-LIHC,27.55814539678093,0.026414769464586332,0.7279420575275193
TT,TCGA-LIHC,104.09337422943996,0.004379276151458457,0.4558536312878268
TT,TCGA-LIHC,77.79032429037996,0.008018156001934444,0.6237349556013368
TT,TCGA-LIHC,35.00240917270842,0.016785562510395598,0.5875351271829414
TT,TCGA-LIHC,64.00670072123359,0.010618857811947772,0.6796780539706744
TT,TCGA-LIHC,82.50007304637984,0.006658591243541198,0.549334263978134
TT,TCGA-LIHC,65.36269655229313,0.00847899401497315,0.5542099128693996
TT,TCGA-LIHC,77.13839148671899,0.007141419608458396,0.5508776215281952
TT,TCGA-LIHC,102.03073793161981,0.005075320155505818,0.517838660705482
TT,TCGA-LIHC,51.025099093132525,0.012265124793703754,0.6258292079883707
TT,TCGA-LIHC,51.953030458706934,0.01030544876848027,0.5353992937594994
TT,TCGA-LIHC,26.743640028132543,0.016059302385594394,0.42948420210326665
TT,TCGA-LIHC,33.15480294986598,0.006005004338684444,0.19909473556217303
TT,TCGA-LIHC,62.73438374618782,0.00789355303242603,0.4951971850570991
TT,TCGA-LIHC,115.38810256376291,0.004098801706500132,0.47295295169816365
TT,TCGA-LIHC,99.1579782579194,0.004904203327280198,0.4862908868988658
TT,TCGA-LIHC,65.44075138396731,0.00939762759506704,0.6149878110478928
TT,TCGA-LIHC,120.80351428662743,0.005421953926228056,0.6549910885885267
TT,TCGA-LIHC,21.101256320078488,0.03240622910545351,0.6838121467213623
TT,TCGA-LIHC,77.6776811298857,0.006102618747805853,0.47403727314932537
TT,TCGA-LIHC,86.64428422535019,0.004795587028908199,0.4155102055601247
TT,TCGA-LIHC,46.76693924059986,0.008824466588441758,0.4126932927723593
TT,TCGA-LIHC,98.29968953823567,0.00389808099106974,0.38318015121705346
TT,TCGA-LIHC,89.08180935279161,0.0064673704725704585,0.5761250634513954
TT,TCGA-LIHC,41.980856006503075,0.012527396062418018,0.5259108102328044
TT,TCGA-LIHC,65.03571291502469,0.0073231635701562145,0.4762671635784468
TT,TCGA-LIHC,34.16931605184467,0.00389611869699689,0.13312771113318797
TT,TCGA-LIHC,49.91029092282175,0.008020656866432234,0.4003133175957607
TT,TCGA-LIHC,105.16024831590136,0.005249981211285837,0.5520893278326352
TT,TCGA-LIHC,76.66687175065641,0.009717642808013509,0.7450212748806604
TT,TCGA-LIHC,35.31510915598106,0.016106621979994455,0.568807113357628
TT,TCGA-LIHC,72.51029537488603,0.007333422524442293,0.531748633356153
TT,TCGA-LIHC,102.35609852484828,0.004876752675214507,0.49916537730557353
TT,TCGA-LIHC,75.83015200232622,0.0053185479492324885,0.40330629942195995
TT,TCGA-LIHC,16.43941999467712,0.02920260675545546,0.4800739173923277
TT,TCGA-LIHC,77.93046494830983,0.007102054716987746,0.5534664261831921
TT,TCGA-LIHC,133.49873635399302,0.004085751094483119,0.5454426081704403
TT,TCGA-LIHC,27.993232586455544,0.02657306161460921,0.7438658943119695
TT,TCGA-LIHC,63.23935442639195,0.0077294517940490306,0.48880554152557776
TT,TCGA-LIHC,106.98751429136314,0.002863368170849182,0.3063446431001612
TT,TCGA-LIHC,25.01926484572327,0.022846528377428527,0.5716033442802166
TT,TCGA-LIHC,70.19963703330528,0.006581667855114712,0.46203069450282563
TT,TCGA-LIHC,75.26125109180275,0.005241835151058088,0.39450707148562053
TT,TCGA-LIHC,124.84511926068178,0.004339257828967387,0.5417351611602805
TT,TCGA-LIHC,19.20633182377028,0.02431442912668612,0.4669909939126786
TT,TCGA-LIHC,44.34790541538684,0.011076538683266458,0.49122128985537433
TT,TCGA-LIHC,31.332608247139408,0.01696080284251414,0.531426191021464
TT,TCGA-LIHC,63.999470115400044,0.009082024501337382,0.5812447556606728
TT,TCGA-LIHC,39.46768653119865,0.014919047421636532,0.5888202869812381
TT,TCGA-LIHC,58.70815383885442,0.011982885850746727,0.7034931059590708
TT,TCGA-LIHC,31.68207157648551,0.013314209119031719,0.421821726293459
TT,TCGA-LIHC,117.76085518584023,0.004845108405652721,0.5705641093177674
TT,TCGA-LIHC,87.00300121101411,0.0045628679252008135,0.3969832036219438
TT,TCGA-LIHC,73.07219845062573,0.008768408951248679,0.6407269189818865
TT,TCGA-LIHC,83.45196654549147,0.006997542836276624,0.5839587106736004
TT,TCGA-LIHC,34.360914204232934,0.018800704544141178,0.6460093958203672
TT,TCGA-LIHC,42.29989241898838,0.00977028836939441,0.4132821469278769
TT,TCGA-LIHC,46.62598077244996,0.011227754443023201,0.5235050627781893
TT,TCGA-LIHC,164.4659406645499,0.002617999296271226,0.4305717169203768
TT,TCGA-LIHC,89.89190541067592,0.007177313320127711,0.6451823700757046
TT,TCGA-LIHC,52.00345368583407,0.009119925164375379,0.4742676059038677
TT,TCGA-LIHC,79.44828245976193,0.0067415029508682885,0.5356008306439023
TT,TCGA-LIHC,119.93263366638898,0.0043166523626857346,0.5177074864791407
TT,TCGA-LIHC,19.904049862191844,0.02637230306517459,0.5249156351900699
TT,TCGA-LIHC,89.1053768513101,0.007298692510535464,0.6503527466730971
TT,TCGA-LIHC,60.39572691559551,0.006658806256357901,0.40216344424285067
TT,TCGA-LIHC,116.06723605699935,0.004387823605244137,0.5092825581663452
TT,TCGA-LIHC,10.522102397856235,0.00829911250592311,0.08732411159865222
TT,TCGA-LIHC,55.322885798376895,0.004923612320364335,0.2723884421149976
TT,TCGA-LIHC,82.16910705579598,0.00812611613955043,0.6677157070185508
TT,TCGA-LIHC,126.58827930617524,0.0035019928250604746,0.443311245866977
TT,TCGA-LIHC,40.06552549812367,0.009908021761436646,0.39697009851880416
TT,TCGA-LIHC,34.905812388677255,0.016686315575963957,0.5824494009528609
TT,TCGA-LIHC,75.75788599088938,0.007792442904834108,0.5903390011749372
TT,TCGA-LIHC,126.060156545331,0.0033348504192201363,0.4203917659021531
TT,TCGA-LIHC,74.3643609117893,0.008139075291226514,0.6052571324449951
TT,TCGA-LIHC,67.54901748301336,0.007832393082796586,0.5290704572836594
TT,TCGA-LIHC,52.89131507443673,0.01292007150484303,0.6833595727469046
TT,TCGA-LIHC,86.16949114430369,0.005347866145968157,0.46082290450592467
TT,TCGA-LIHC,47.05666035845831,0.003473806918695735,0.1634657523239278
TT,TCGA-LIHC,58.37649659843891,0.007826778127274107,0.45689988672355303
TT,TCGA-LIHC,123.65928626883202,0.004922540755631159,0.6087178764705862
TT,TCGA-LIHC,16.10758466000862,0.024247548597243672,0.3905694418277757
TT,TCGA-LIHC,86.14224709470147,0.0061477092901816,0.5295774927412151
TT,TCGA-LIHC,116.59956554204464,0.003983915943775529,0.46452286820025146
TT,TCGA-LIHC,21.875152515886832,0.0302619334844441,0.6619844103978373
TT,TCGA-LIHC,302.1284419115511,0.0017094739894105838,0.516480712908943
TT,TCGA-LIHC,55.59193229060616,0.008551037766576407,0.47536871253393176
TT,TCGA-LIHC,47.86711198152412,0.009310197347352396,0.44565225899580596
TT,TCGA-LIHC,103.23658073879601,0.005218451856145335,0.5387351263784678
TT,TCGA-LIHC,57.84012969975771,0.006158099345904602,0.3561852648711153
TT,TCGA-LIHC,86.11159117668325,0.0060883424143534344,0.5242768529284636
TT,TCGA-LIHC,64.47428983733155,0.006353088176305417,0.4096108484412396
TT,TCGA-LIHC,113.84373765028063,0.0036838099664109275,0.4193786953695747
TT,TCGA-LIHC,33.22052458367468,0.016446856269392393,0.546373193021514
TT,TCGA-LIHC,31.856248967623188,0.01823806822484878,0.5809964420592802
TT,TCGA-LIHC,55.482090817882,0.008544571955585232,0.47407071723970745
TT,TCGA-LIHC,40.98821420796444,0.009893723228121145,0.40552604698854294
TT,TCGA-LIHC,64.69733193479246,0.009357636843969716,0.6054141370195524
TT,TCGA-LIHC,94.04276704307405,0.00570979525262981,0.5369649448067153
TT,TCGA-LIHC,58.097949257761286,0.009408905460310538,0.5466381120041948
TT,TCGA-LIHC,87.94460430454446,0.006453048223235093,0.5675107725505539
TT,TCGA-LIHC,89.48276334110902,0.004864053018130471,0.43524890509997605
TT,TCGA-LIHC,68.02633696719052,0.007323605592270749,0.4981980618346109
TT,TCGA-LIHC,111.95556867459723,0.004703530786253704,0.5265864639535088
TT,TCGA-LIHC,97.90465306018753,0.004886282261534941,0.4783897695697269
TT,TCGA-LIHC,77.73343371574865,0.008460190813381775,0.6576396818145978
TT,TCGA-LIHC,67.55939135115327,0.0086084386308018,0.5815808743807247
TT,TCGA-LIHC,11.134305620556598,0.03220274721775312,0.35855522934399187
TT,TCGA-LIHC,33.908529636402534,0.01386677987150801,0.47020211623449953
TT,TCGA-LIHC,49.98467939579651,0.014640778488379892,0.7318146188465432
TT,TCGA-LIHC,78.6930523137092,0.006658949716033912,0.5240130783582156
TT,TCGA-LIHC,73.06236456947785,0.00688759394160324,0.5032238995679429
TT,TCGA-LIHC,60.98462739032941,0.006230600325382733,0.37997083926153113
TT,TCGA-LIHC,86.34714678029567,0.007112972224953594,0.6141848567522343
TT,TCGA-LIHC,138.59923197755614,0.003495175003166073,0.48442857106597004
TT,TCGA-LIHC,80.17461388920042,0.007962169690258664,0.6383638806367828
TT,TCGA-LIHC,74.244244016048,0.008098716596816494,0.6012830912308617
TT,TCGA-LIHC,113.45966547187945,0.0048688921229662905,0.5524228714904242
TT,TCGA-LIHC,78.08888305115647,0.00709334174918798,0.5539111342942259
TT,TCGA-LIHC,77.42490395619761,0.006308537982104931,0.48843794736849894
TT,TCGA-LIHC,59.09713183955567,0.007735249687312538,0.45713107058299085
TT,TCGA-LIHC,56.12390497518881,0.008729854656808912,0.48995353320595286
TT,TCGA-LIHC,87.55579561952874,0.00510151364144778,0.4466670857408396
TT,TCGA-LIHC,66.58772241850744,0.007897346459024722,0.5258663138563209
TT,TCGA-LIHC,83.97429889629424,0.0042619867129906315,0.35789734612870994
TT,TCGA-LIHC,49.620426284475855,0.010486549498807802,0.5203470563840997
TT,TCGA-LIHC,64.38304044474481,0.00822517519117599,0.5295617869985954
TT,TCGA-LIHC,100.93166372315584,0.005117873314160136,0.5165554683225239
TT,TCGA-LIHC,99.87756739437752,0.006458350836420084,0.6450443709210814
TT,TCGA-LIHC,46.76286507059376,0.011510884863267463,0.5382819557041165
TT,TCGA-LIHC,67.7360396090311,0.00967006237592109,0.6550117281171923
TT,TCGA-LIHC,28.472278984284262,0.022442289367576154,0.6389831239196647
TT,TCGA-LIHC,107.86271407507405,0.0032750848441178136,0.3532595401126882
TT,TCGA-LIHC,53.40319518231791,0.011343878705315549,0.605799368624506
TT,TCGA-LIHC,57.979436437135384,0.008875014313719565,0.5145683282809702
TT,TCGA-LIHC,59.952817169251084,0.009528015344624684,0.5712313619421026
TT,TCGA-LIHC,78.07612729378057,0.006495953171651652,0.507178866724312
TT,TCGA-LIHC,30.15444854321174,0.024989125319519048,0.7535332935873067
TT,TCGA-LIHC,69.79250388166945,0.006004777744063144,0.4190884740110893
TT,TCGA-LIHC,34.621912697315736,0.015756011787457093,0.5455032645632172
TT,TCGA-LIHC,53.57736429796752,0.008029090676861916,0.4301775161756455
TT,TCGA-LIHC,99.20070744093583,0.005016177050437156,0.4976083120523528
TT,TCGA-LIHC,18.951836479204392,0.013184916746793344,0.24987838617715097
TT,TCGA-LIHC,53.62724831648095,0.009223381733568507,0.4946245825437729
TT,TCGA-LIHC,67.49818406889136,0.004527079927725988,0.30556967425623216
TT,TCGA-LIHC,54.96829780768754,0.010825762525628821,0.5950737385040686
TT,TCGA-LIHC,78.80245429201581,0.007543533412831459,0.5944489469649451
TT,TCGA-LIHC,55.88998812557508,0.011155359175513697,0.6234728918559855
TT,TCGA-LIHC,16.486804512130487,0.038193189802173,0.6296836539631219
TT,TCGA-LIHC,70.83677216402356,0.007261066740438244,0.5143505303601931
TT,TCGA-LIHC,71.13430439581239,0.007880571954573435,0.560579004229729
TT,TCGA-LIHC,44.49063308236915,0.008317546781059941,0.37005292198157846
TT,TCGA-LIHC,62.34768160765024,0.008970895299956014,0.5593145238972236
TT,TCGA-LIHC,69.62531083984544,0.005238757617624532,0.3647501275417162
TT,TCGA-LIHC,102.22956325617987,0.005856770163332333,0.5987350558892897
TT,TCGA-LIHC,66.69547841105597,0.009374571131705037,0.6252415065275418
TT,TCGA-LIHC,65.32247912603633,0.003842383880703993,0.250994040841505
TT,TCGA-LIHC,118.64338587076341,0.0024711922431873796,0.2931906148693177
TT,TCGA-LIHC,123.37001428065717,0.004696243053620659,0.5793755725906178
TT,TCGA-LIHC,81.32552339233169,0.006017306168953766,0.4893605736020713
TT,TCGA-LIHC,82.47834352822201,0.005187043456588452,0.42781875210831843
TT,TCGA-LIHC,47.96120935829782,0.011687414273580454,0.5605425228323504
TT,TCGA-LIHC,103.23914958212396,0.006290900612070513,0.6494672292958228
TT,TCGA-LIHC,67.15356185912675,0.006073272576706405,0.4078418856671917
TT,TCGA-LIHC,224.39923318685547,0.0018604894537802594,0.4174924067805218
TT,TCGA-LIHC,64.13463412046687,0.010364853435885276,0.664746082822766
TT,TCGA-LIHC,78.34528835111476,0.007110288560839056,0.5570576075585686
TT,TCGA-LIHC,21.115022520478306,0.016931743472719755,0.3575141447374392
TT,TCGA-LIHC,60.50295563227241,0.009949617934855527,0.6019812924706258
TT,TCGA-LIHC,121.64213323587732,0.005302110325452835,0.6449600106400547
TT,TCGA-LIHC,16.442759142533323,0.013362641189517526,0.21971869058733168
TT,TCGA-LIHC,17.795617204818363,0.03349007738067675,0.5959765972262694
TT,TCGA-LIHC,80.07721735715793,0.008211678399100348,0.6575683560318373
TT,TCGA-LIHC,65.99678217648022,0.004935671403754327,0.3257384305282567
TT,TCGA-LIHC,36.35309751345067,0.007716038167526395,0.28050188792159425
TT,TCGA-LIHC,71.73702966350729,0.00630082726683681,0.4520026325457077
TT,TCGA-LIHC,56.23627354875049,0.01064337224151084,0.5985435928547813
TT,TCGA-LIHC,68.3833014748462,0.008499887367185412,0.5812503603324768
TT,TCGA-LIHC,33.38761559691235,0.013807022553047266,0.46098356153904146
TT,TCGA-LIHC,116.91594294454536,0.004867585981718266,0.5690984049162416
TT,TCGA-LIHC,85.19569386117341,0.005871940960342764,0.5002640844282467
TT,TCGA-LIHC,32.962855758021824,0.01447464661475563,0.4771256885105287
TT,TCGA-LIHC,74.45639439268784,0.007747574408717692,0.5768564557621798
TT,TCGA-LIHC,53.330561384652306,0.008715135607276981,0.4647830744794541
TT,TCGA-LIHC,47.451740418481776,0.015022073833728538,0.712823548105354
TT,TCGA-LIHC,28.6648059604677,0.010900565907805802,0.31246260660654274
TT,TCGA-LIHC,87.86848785411249,0.007420213535954655,0.6520029429589527
TT,TCGA-LIHC,82.34494864427941,0.0036742155165064875,0.3025530880147413
TT,TCGA-LIHC,86.7601943023854,0.006117554028739145,0.5307601761887488
TT,TCGA-LIHC,34.81506469450517,0.011896265435737994,0.414169250768224
TT,TCGA-LIHC,82.1996133590259,0.0051559670650661825,0.42381849924031173
TT,TCGA-LIHC,42.49631052744253,0.013182390708208851,0.5602029690301165
TT,TCGA-LIHC,67.25296997248434,0.00848014911006174,0.570315213461172
TT,TCGA-LIHC,63.691886408373236,0.008725660707405321,0.5557537906140654
TT,TCGA-LIHC,107.4651118101353,0.003914011924874942,0.4206197291328885
TT,TCGA-LIHC,96.4442165695452,0.006127031072275351,0.5909167116628568
TT,TCGA-LIHC,77.2486898605697,0.00827663311132238,0.6393590643062645
TT,TCGA-LIHC,86.90421853627136,0.006243985790045208,0.5426287056354617
TT,TCGA-LIHC,42.52184692088798,0.01676861654265349,0.7130325457017817
TT,TCGA-LIHC,59.09828311825753,0.009578033148852642,0.5660453147469491
TT,TCGA-LIHC,89.364355081065,0.0047746861781810925,0.4266867510276283
TT,TCGA-LIHC,105.54528706434179,0.0034898809974278212,0.36834049169391087
TT,TCGA-LIHC,69.50287072519991,0.008529148984723369,0.5928003392811985
TT,TCGA-LIHC,77.9077591849548,0.006428663934759629,0.5008428017102572
TT,TCGA-LIHC,58.73791173503497,0.004745634273760659,0.2787486470989104
TT,TCGA-LIHC,69.92717767597594,0.009720322296546556,0.6797147042983616
TT,TCGA-LIHC,21.824308498602097,0.02414106875359495,0.5268621319644198
TT,TCGA-LIHC,66.19508992666223,0.009482865944471935,0.6277191639568025
TT,TCGA-LIHC,55.3415890832548,0.009744960869536776,0.5393016200743017
TT,TCGA-LIHC,48.3990629714017,0.008722766137035941,0.42217370755121286
TT,TCGA-LIHC,52.03930312313188,0.007269257448973335,0.37828709186720777
TT,TCGA-LIHC,34.52869336516163,0.0042304609138770505,0.14607228768856212
TT,TCGA-LIHC,72.26547119362941,0.007042313463006071,0.5089161006973738
TT,TCGA-LIHC,84.15725733724878,0.007222276860464512,0.6078070123069691
TT,TCGA-LIHC,66.02768199242938,0.008856565114142453,0.5847784649018419
TT,TCGA-LIHC,41.63296536897892,0.014098173741543707,0.5869487791475372
TT,TCGA-LIHC,122.421685442,0.0038046100051951576,0.46576676928548755
TT,TCGA-LIHC,108.55472990509577,0.004867590672918663,0.5283999907872489
TT,TCGA-LIHC,86.00032460605267,0.006814327424729355,0.5860343704986515
TT,TCGA-LIHC,34.513140111629674,0.017955079907062552,0.6196861885479565
TT,TCGA-LIHC,77.565259245696,0.00862652403600039,0.6691185732415981
TT,TCGA-LIHC,90.98993086226591,0.006808542462151918,0.6195088079040048
TT,TCGA-LIHC,36.90330620002285,0.009549794699471734,0.3524189979419606
TT,TCGA-LIHC,57.15330827832389,0.010707033733427566,0.6119423997129989
TT,TCGA-LIHC,94.33783687283452,0.006457188897399556,0.6091572328599575
TT,TCGA-LIHC,61.339678647242735,0.006977068199358996,0.42797112124857734
TT,TCGA-LIHC,38.82516325251109,0.014920447642529805,0.5792888155217639
TT,TCGA-LIHC,17.837956557329427,0.03515496837973771,0.6270927987320509
TT,TCGA-LIHC,22.907207997457736,0.012523476157235744,0.2868778731850019
TT,TCGA-LIHC,61.86744388478613,0.008913491022126525,0.5514549056289577
TT,TCGA-LIHC,63.338270316564724,0.010657045621053851,0.6749988363222712
TT,TCGA-LIHC,95.33697384041486,0.0044792713191029844,0.4270401725734418
TT,TCGA-LIHC,121.28040116172637,0.003464088169377303,0.4201260028416697
TT,TCGA-LIHC,76.32202138348093,0.007786342297305791,0.5942693833140746
TT,TCGA-LIHC,77.6873516330215,0.00898457950253192,0.6979881870880347
TT,TCGA-LIHC,80.85741142321802,0.005855028293542286,0.47342243162553077
TT,TCGA-LIHC,75.5826848080556,0.008474302224226647,0.6405105139819273
TT,TCGA-LIHC,85.28514640231174,0.0057361118592740784,0.4892051396982264
TT,TCGA-LIHC,43.02754858995463,0.012357204002518399,0.5317001956543422
TT,TCGA-LIHC,13.51634577412588,0.027745454134881747,0.3750171517472123
TT,TCGA-LIHC,49.24343103921085,0.004208094150803594,0.20722099412160333
TT,TCGA-LIHC,157.77445799207032,0.0027267020346665814,0.4302039356253952
TT,TCGA-LIHC,30.881069780269605,0.021768613483645022,0.6722380720081598
TT,TCGA-LIHC,71.18217300019658,0.006631303018183576,0.4720305586570691
TT,TCGA-LIHC,37.08619372106999,0.003940215045277782,0.14612757847184638
TT,TCGA-LIHC,78.52187674794926,0.008646632166051545,0.678949785227553
TT,TCGA-LIHC,35.63037845170598,0.007076590205931481,0.2521415871849746
TT,TCGA-LIHC,61.556388891342955,0.003417056339539871,0.21034164890034512
TT,TCGA-LIHC,66.7118749312067,0.010245674620818872,0.6835081638899072
TT,TCGA-LIHC,80.89454792613033,0.00745953241972443,0.6034355028339209
TT,TCGA-LIHC,76.99918332455793,0.005877736931198412,0.4525809434988711
TT,TCGA-LIHC,56.36062235323744,0.010309221043702674,0.5810341140001747
TT,TCGA-LIHC,97.06167812823348,0.005275948149140633,0.5120923810731373
TT,TCGA-LIHC,71.52588848291919,0.00582733659998204,0.4168054278027489
TT,TCGA-LIHC,72.16372888097467,0.007964282386195662,0.5747323148489458
TT,TCGA-LIHC,11.416351669319166,0.020892781199242125,0.23851933752068794
TT,TCGA-LIHC,49.88912604423657,0.01048886576190015,0.5232803460565141
TT,TCGA-LIHC,54.27641418478908,0.013658021717668167,0.7413084436930019
TT,TCGA-LIHC,49.66169319860487,0.005354142940104669,0.2658958040329543
TT,TCGA-LIHC,20.65287839913935,0.026681341872191726,0.5510465092122407
TT,TCGA-LIHC,52.51444302052741,0.010851174117148237,0.5698433648808029
TT,TCGA-LIHC,107.34849270686443,0.003822823302035423,0.41037431935818103
TT,TCGA-LIHC,85.08783823306828,0.007178897905851553,0.6108369037048096
TT,TCGA-LIHC,148.26379209753946,0.0032231388704004986,0.47787479138255773
TT,TCGA-LIHC,14.705754579820411,0.007360544958826119,0.10824236773823125
TT,TCGA-LIHC,53.73152735199534,0.009595904175486277,0.5156025876722672
TT,TCGA-LIHC,40.63936683775455,0.016538090349801346,0.6720975205215054
TT,TCGA-LIHC,28.68247779457874,0.017945852506108792,0.5147315160112507
TT,TCGA-LIHC,97.37289182581574,0.005698140625125375,0.5548444306986192
TT,TCGA-LIHC,60.4379918339379,0.007346678817116534,0.44401851435545364
TT,TCGA-LIHC,79.74665420396954,0.007547067394134827,0.6018533737341236
TT,TCGA-LIHC,65.55423728411718,0.007949477632961678,0.5211219430359519
TT,TCGA-LIHC,79.14193384857934,0.008834281176580298,0.6991620964766676
TT,TCGA-LIHC,20.541896513362754,0.021688264560455084,0.4455180861553013
TT,TCGA-LIHC,53.04514042685914,0.011698233011916824,0.6205344128632473
TT,TCGA-LIHC,63.543057101562376,0.008797760376224293,0.5590365899522831
TT,TCGA-LIHC,46.37731195770442,0.009832554376069617,0.45600744164007234
TT,TCGA-LIHC,98.25636779885772,0.0041113410099004625,0.403965434415307
TT,TCGA-LIHC,62.24528688907039,0.00970177473139001,0.603889751488505
TT,TCGA-LIHC,66.71168714918358,0.007651088099474542,0.5104169956429871
TT,TCGA-LIHC,37.5321532386111,0.01922637362067414,0.7216072009539319
TT,TCGA-LIHC,95.68147266302904,0.005754020825225393,0.5505531862913032
TT,TCGA-LIHC,34.866405197030076,0.013844547199442407,0.482709592425167
TT,TCGA-LIHC,109.92820160680803,0.003558348529721535,0.39116285456251787
TT,TCGA-LIHC,34.309673558939075,0.014790369068156388,0.5074527345446755
TT,TCGA-LIHC,39.2164074124943,0.014543357870960326,0.5703382474132859
TT,TCGA-LIHC,100.84860789207018,0.005486170434810793,0.5532726510093018
TT,TCGA-LIHC,70.22381753053831,0.009058286035094454,0.6361074256678962
TT,TCGA-LIHC,66.55971389316528,0.009044419173915635,0.601993952545683
TT,TCGA-LIHC,67.81591788813309,0.007414798191051784,0.5028413452814455
TT,TCGA-LIHC,108.13537205453879,0.004459965049487627,0.4822799799765841
TT,TCGA-LIHC,100.63025597143822,0.004881355770629559,0.49121208068610955
TT,TCGA-LIHC,89.00605681140082,0.008313835001844568,0.7399816704947904
TT,TCGA-LIHC,99.04298972038781,0.006927904065507767,0.6861603311439187
TT,TCGA-LIHC,88.41918917959578,0.005098491398309108,0.45080447547763486
TT,TCGA-LIHC,40.11374244546099,0.007115695108793689,0.2854371609145766
TT,TCGA-LIHC,12.653989360438846,0.0351492498796797,0.44477823400487326
TT,TCGA-LIHC,71.87485111703793,0.00678463506589255,0.4876446352444619
TT,TCGA-LIHC,25.12410814200268,0.012932081679951288,0.32490701862830784
TT,TCGA-LIHC,46.73628152882798,0.006379399201797478,0.29814939707998744
TT,TCGA-LIHC,25.800312180780303,0.024882414998318572,0.6419740747683491
TT,TCGA-LIHC,36.09181955107188,0.015845566428671867,0.5718953242281475
TT,TCGA-LIHC,96.52739440789205,0.001967445106053846,0.18991234972793658
TT,TCGA-LIHC,61.90348839844681,0.00883121274051019,0.5466828754263882
TT,TCGA-LIHC,30.027552720233537,0.019202315007412703,0.5765985262356166
TT,TCGA-LIHC,41.58173845618661,0.01161709734064185,0.48305910323863044
TT,TCGA-LIHC,26.44870534040884,0.027106163676726934,0.7169229359946437
TT,TCGA-LIHC,123.42353932241271,0.004436570278907197,0.5475772062753499
TT,TCGA-LIHC,100.45683550562403,0.00557194917106619,0.5597403813234945
TT,TCGA-LIHC,77.70926742315639,0.005776159204950263,0.4488611003362064
TT,TCGA-LIHC,65.22789659004856,0.009839400526874136,0.6418034000750155
TT,TCGA-LIHC,69.50222094455431,0.005647243921256138,0.3924959947429354
TT,TCGA-LIHC,100.97462940199401,0.005397777050218368,0.5450385372403881
TT,TCGA-LIHC,75.8526601437009,0.008181890014149998,0.62061812257646
TT,TCGA-LIHC,86.9262578092895,0.0072263507606125,0.6281596292373575
TT,TCGA-LIHC,37.189323168150246,0.0159294794659635,0.59240655976013
TT,TCGA-LIHC,46.433499169917724,0.009488324824593886,0.4405761228666899
TT,TCGA-LIHC,44.850387971057984,0.011303751815971208,0.5069776544748599
TT,TCGA-LIHC,90.8861043527662,0.004983400929504625,0.4529218969106294
TT,TCGA-LIHC,68.03979458412962,0.008701862772999893,0.5920729555741973
TT,TCGA-LIHC,59.61370864189505,0.007391993358496392,0.4406641383562272
TT,TCGA-LIHC,17.9662115166684,0.03818523859911743,0.6860440734861945
TT,TCGA-LIHC,36.771357358258456,0.014174673951681437,0.5212220013140757
TT,TCGA-LIHC,40.45013654226042,0.013256046668325833,0.5362088977443562
TT,TCGA-LIHC,106.81478846140317,0.004629239024294518,0.4944711871172913
TT,TCGA-LIHC,55.87660543447156,0.010909164232563839,0.6095670654428194
TT,TCGA-LIHC,27.327916121494003,0.008349125310582503,0.2281641961754412
TT,TCGA-LIHC,64.37404244441817,0.008585637513981167,0.5526921937374125
TT,TCGA-LIHC,78.16921941922917,0.005901761355091031,0.4613360783260381
TT,TCGA-LIHC,55.93762475654394,0.009455996789276631,0.5289460000976405
TT,TCGA-LIHC,69.41871904354998,0.008202440429579468,0.5694029076524325
TT,TCGA-LIHC,42.06906904897976,0.009905180238240233,0.41670171138511813
TT,TCGA-LIHC,129.96977369774484,0.003168816566099732,0.41185037198564706
TT,TCGA-LIHC,20.140472832435286,0.03547060419193695,0.7143947400777713
TT,TCGA-LIHC,71.74075365062191,0.00671099136266338,0.48145157810028494
TT,TCGA-LIHC,19.523370643580314,0.024467229356778752,0.47768278735388076
TT,TCGA-LIHC,95.52747090924343,0.006687879566478299,0.6388762207312793
TT,TCGA-LIHC,119.36686302862506,0.0027421285294123056,0.32731928057724374
TT,TCGA-LIHC,72.98798863733778,0.003927662936731508,0.286672217797452
TT,TCGA-LIHC,27.91371246638068,0.019821335858276536,0.5532870698474921
TT,TCGA-LIHC,77.46941393662007,0.007110214649760998,0.5508241618805548
TT,TCGA-LIHC,100.91764641438095,0.00611245780573875,0.6168548555623661
TT,TCGA-LIHC,57.56917628704323,0.009074892306047945,0.5224340749528064
TT,TCGA-LIHC,72.91665955648465,0.007494151811644634,0.5464485163143045
TT,TCGA-LIHC,11.571518747446381,0.04353650049935759,0.5037834317265251
TT,TCGA-LIHC,86.81209728730806,0.006548274584246732,0.5684694502716341
TT,TCGA-LIHC,54.69624054456966,0.009403210190247535,0.5143202464569279
TT,TCGA-LIHC,28.81707327899611,0.01317996343354877,0.379807972079064
TT,TCGA-LIHC,93.04969834647059,0.005002020839441302,0.46543653023277276
TT,TCGA-LIHC,31.50060659931225,0.009417136988758883,0.29664552757472556
TT,TCGA-LIHC,69.57651728587155,0.007215443154931391,0.5020254053943074
TT,TCGA-LIHC,63.168962988214716,0.00958569147887267,0.6055181902453528
TT,TCGA-LIHC,36.161614083433385,0.014302346547263072,0.5171959363296531
TT,TCGA-LIHC,28.114452574681067,0.00829537195093805,0.23321984130398737
TT,TCGA-LIHC,34.921181412014306,0.01606325729716876,0.5609479221422928
TT,TCGA-LIHC,86.79821494990033,0.007196474886136613,0.6246411740484452
TT,TCGA-LIHC,43.587218484945744,0.014893752707398383,0.6491772533181255
TT,TCGA-LIHC,39.92604518859797,0.005309061190571961,0.21196981700380785
TT,TCGA-LIHC,29.95040447260921,0.023466978578377668,0.702845500172467
TT,TCGA-LIHC,108.7424387996992,0.004746026475449668,0.5160944935483376
TT,TCGA-LIHC,90.3433181698832,0.006532944612115055,0.5902078936785347
TT,TCGA-LIHC,33.68551813857522,0.0133466358640061,0.44958834448593604
TT,TCGA-LIHC,31.874316979638536,0.02010658456523451,0.6408836498101924
TT,TCGA-LIHC,4.771178043981912,0.04955798838203934,0.2364499860722968
TT,TCGA-LIHC,49.96321238160227,0.0100330573238304,0.5012837739073284
TT,TCGA-LIHC,61.9002520492069,0.0072628214121754206,0.4495704760020353
TT,TCGA-LIHC,41.174888324269794,0.005611634226842715,0.23105841260689886
TT,TCGA-LIHC,53.50179977972824,0.01254155474239873,0.6709957507543179
TT,TCGA-LIHC,71.32058435959614,0.0060180345027142776,0.42920973742979385
TT,TCGA-LIHC,36.045053383159114,0.0186150226337305,0.6709794845615311
TT,TCGA-LIHC,23.28301697617495,0.019294251496562165,0.44922838513704577
TT,TCGA-LIHC,91.06778989192482,0.005958218084134024,0.5426017526161842
TT,TCGA-LIHC,52.57123936292486,0.011272618695174146,0.5926155356709817
TT,TCGA-LIHC,36.228644826963176,0.016973605276276702,0.6149307169872968
TT,TCGA-LIHC,81.03907488305003,0.006322878802239012,0.512400248731097
TT,TCGA-LIHC,64.67568766093196,0.007500425216986181,0.48509515865797603
TT,TCGA-LIHC,43.83709381374282,0.01018229376429598,0.44636216698453135
TT,TCGA-LIHC,70.85759303448394,0.007327486282692752,0.5192080409848066
TT,TCGA-LIHC,32.97732683938218,0.01542430225687514,0.5086522567943916
TT,TCGA-LIHC,60.79439382522806,0.006387526785114891,0.38832581894346757
TT,TCGA-LIHC,70.28779555308058,0.006783142637166271,0.47677214288852676
TT,TCGA-LIHC,24.928804119323104,0.015062311332718889,0.3754854087976097
TT,TCGA-LIHC,32.62403731325866,0.021176109157678674,0.6908501753097476
TT,TCGA-LIHC,90.65138141541894,0.0042927627407696525,0.38914487253940894
TT,TCGA-LIHC,139.09063689524353,0.004280687186365451,0.5954035071008786
TT,TCGA-LIHC,76.551660209669,0.008282168241341434,0.6340137290104813
TT,TCGA-LIHC,84.1170585453773,0.008560798371693303,0.7201091778268962
TT,TCGA-LIHC,72.76161755366935,0.009395885566395883,0.6836598321601393
TT,TCGA-LIHC,67.00433468823545,0.007169759842456702,0.48040498811823906
TT,TCGA-LIHC,94.93517700172441,0.004868465075977555,0.4621885937146429
TT,TCGA-LIHC,79.35369546565708,0.00564234433370211,0.44774087396897305
TT,TCGA-LIHC,53.22269874982562,0.011902336551357546,0.633474472691941
TT,TCGA-LIHC,30.52315713894231,0.02324217914239959,0.7094246862149101
TT,TCGA-LIHC,104.27323408319599,0.004911047260184119,0.5120907805548169
TT,TCGA-LIHC,47.09694877724317,0.0120656481529085,0.5682552130217703
TT,TCGA-LIHC,75.22213388799777,0.006146494734351335,0.4623524498492494
TT,TCGA-LIHC,115.97748292122357,0.004192400177007761,0.48622401992785225
TT,TCGA-LIHC,55.51420143910155,0.009945760876521423,0.5521309727643454
TT,TCGA-LIHC,24.858402414510184,0.019776905364362406,0.49162227206100584
TT,TCGA-LIHC,137.57851099084698,0.004124409212569322,0.567430078182219
TT,TCGA-LIHC,57.18527117590509,0.00886935133496793,0.5071962612445169
TT,TCGA-LIHC,122.43319876922956,0.0047247335536058,0.5784642423002673
TT,TCGA-LIHC,81.57766474098631,0.005852803666222316,0.47745805527789964
TT,TCGA-LIHC,86.83408018391101,0.006694974925153198,0.5813519894800264
TT,TCGA-LIHC,121.7429204466395,0.00411940297880258,0.5015081491360123
TT,TCGA-LIHC,20.90295463648065,0.030558155237318578,0.6387557327002038
TT,TCGA-LIHC,47.80218538349195,0.01187518559496497,0.5676598232738886
TT,TCGA-LIHC,77.72864518502318,0.006522688581514665,0.5069997464049556
TT,TCGA-LIHC,26.066597381484517,0.010321818818334324,0.2690546953821511
TT,TCGA-LIHC,49.624134094333854,0.011364386293829243,0.563947829344792
TT,TCGA-LIHC,48.32835518333803,0.011032192739695789,0.5331677291750612
TT,TCGA-LIHC,68.39327297261869,0.0062813188210749955,0.4295999527578296
TT,TCGA-LIHC,49.48946367488372,0.009964197956228955,0.4931228128041435
TT,TCGA-LIHC,74.23239268289113,0.00843708817816254,0.6263052427415403
TT,TCGA-LIHC,75.87723029799653,0.008198855880630697,0.6221064758346986
TT,TCGA-LIHC,141.94848778086785,0.003765688976773158,0.5345338557060334
TT,TCGA-LIHC,93.7473893061403,0.006627646086261267,0.6213245178320522
TT,TCGA-LIHC,52.31088362976809,0.013384360374884137,0.7001477180294433
TT,TCGA-LIHC,47.2120499156517,0.011699751395536417,0.5523692468867809
TT,TCGA-LIHC,57.10956984415161,0.011898782400526902,0.679534344563253
TT,TCGA-LIHC,92.59531443005099,0.005584237563964917,0.5170742330874335
TT,TCGA-LIHC,71.24647987889848,0.007224003699101162,0.5146848341930992
TT,TCGA-LIHC,74.73168648215328,0.00881837657782852,0.6590121536958448
TT,TCGA-LIHC,48.484280719922836,0.014439639023034846,0.7000955118871738
TT,TCGA-LIHC,75.36817449205827,0.006652670351854906,0.5013996199167432
TT,TCGA-LIHC,90.91287932931851,0.006444009226620738,0.5858434332167863
TT,TCGA-LIHC,109.11437592150065,0.006353081304959305,0.6932125017691876
TT,TCGA-LIHC,104.82967051570368,0.006757672207537228,0.7084045509692556
TT,TCGA-LIHC,78.44043536336454,0.006578460485570509,0.5160173045088412
TT,TCGA-LIHC,38.32230515810642,0.013161448427987606,0.5043770429800211
TT,TCGA-LIHC,50.12243116322496,0.010696008277486577,0.5361099386096053
TT,TCGA-LIHC,77.21751632210946,0.006874674511354235,0.5308452912896855
TT,TCGA-LIHC,124.39057266791306,0.003237213849779426,0.4026788846225623
TT,TCGA-LIHC,74.89227513510758,0.005948502018716743,0.44549684982747717
TT,TCGA-LIHC,86.55919572582968,0.005073388050635468,0.439148389268041
TT,TCGA-LIHC,50.991320838393946,0.004953974644162836,0.25260971050577563
TT,TCGA-LIHC,95.81047580143073,0.004952173995882107,0.4744701467969371
TT,TCGA-LIHC,50.18972088017307,0.011478032102566227,0.576079227481465
TT,TCGA-LIHC,46.78470250537277,0.01307798787580131,0.6118497721382362
TT,TCGA-LIHC,46.63124220205165,0.012797129226924435,0.5967460324716674
TT,TCGA-LIHC,37.07710657184765,0.016401901637383434,0.608135054990228
TT,TCGA-LIHC,40.82680405561045,0.0061070816291588,0.24933262502528458
TT,TCGA-LIHC,53.81419892736288,0.012472881544748335,0.6712181286465201
TT,TCGA-LIHC,37.8151831419624,0.016372089266773894,0.6191135540396118
TT,TCGA-LIHC,40.117481554364694,0.007754871683650496,0.3111059217253138
TT,TCGA-LIHC,59.71410981740877,0.010092074160793505,0.6026392247230568
TT,TCGA-LIHC,47.17421192102953,0.014562097472776474,0.686955472195446
TT,TCGA-LIHC,97.8291852172856,0.004790929602830582,0.4686927394782895
TT,TCGA-LIHC,105.88285950316966,0.00440685277333397,0.4666101730500743
TT,TCGA-LIHC,28.35189579955062,0.02191695371549185,0.6213871879851987
TT,TCGA-LIHC,105.86675216631895,0.005742446985816236,0.6079342118756327
TT,TCGA-LIHC,83.41939142088755,0.004489904267565332,0.37454508153834587
NN,TCGA-LIHC,151.77658686933088,0.0020215033830512817,0.30681688382432915
NN,TCGA-LIHC,133.9215377793661,0.0018769519897690154,0.25136429680790756
NN,TCGA-LIHC,124.60174256853908,0.0016548012216378075,0.20619111582061808
NN,TCGA-LIHC,131.1252317730694,0.001969472559247737,0.25824754580205966
NN,TCGA-LIHC,148.17253129347316,0.0018846889895282333,0.27925913827933646
NN,TCGA-LIHC,134.49370592405174,0.0028332956049046823,0.3810604258819586
NN,TCGA-LIHC,113.42798791319179,0.0031834425719794316,0.36109148557682313
NN,TCGA-LIHC,144.80293897412614,0.002223374943267566,0.32195122622657446
NN,TCGA-LIHC,123.12987747210323,0.002149278314439091,0.26464037551033387
NN,TCGA-LIHC,176.16807036400493,0.0013793760353189072,0.2430020144484834
NN,TCGA-LIHC,76.1176172574211,0.0026007135688098475,0.19796012002684968
NN,TCGA-LIHC,134.1264923218504,0.002492245003841212,0.3342760803718784
NN,TCGA-LIHC,158.54414549212026,0.002163591749588885,0.34302480513237127
NN,TCGA-LIHC,168.20065454125609,0.002216147265698672,0.37275742065033163
NN,TCGA-LIHC,141.539940164381,0.0028134048382758483,0.3982091524677435
NN,TCGA-LIHC,149.6797137775699,0.0024041470222532714,0.3598520381700666
NN,TCGA-LIHC,190.16257655595876,0.00164548762754827,0.31291016694553087
NN,TCGA-LIHC,208.88234250553825,0.0016678504097959455,0.348384500546999
NN,TCGA-LIHC,208.6483636279568,0.0019190688880531645,0.4004105831816154
NN,TCGA-LIHC,70.57884497584777,0.0027231691855455196,0.19219813578962286
NN,TCGA-LIHC,180.69504328450245,0.002341484986306077,0.42309473095058925
NN,TCGA-LIHC,92.53085434981605,0.003051122943176421,0.2823230126584395
NN,TCGA-LIHC,113.70356159481412,0.002208575087894683,0.25112285354320507
NN,TCGA-LIHC,199.21754390481465,0.0018422387613278057,0.36700628131797347
NN,TCGA-LIHC,167.86921071713525,0.0017569995495318957,0.2949461276102815
NN,TCGA-LIHC,201.10665345420833,0.0019153061278750845,0.38518080571729624
NN,TCGA-LIHC,147.28737500730904,0.002116936600875562,0.311798034999857
NN,TCGA-LIHC,163.52209078510484,0.002115219629802675,0.3458851363350289
NN,TCGA-LIHC,112.3936277447916,0.002614656901314975,0.2938707744467456
NN,TCGA-LIHC,62.41934005214982,0.0033508261242260625,0.2091563553036938
NN,TCGA-LIHC,27.906819386457364,0.01368887629911719,0.38201299848302034
NN,TCGA-LIHC,95.06017933993982,0.0030731990396258707,0.2921388518541661
NN,TCGA-LIHC,89.3131607728111,0.0031638711535781697,0.2825753330039864
NN,TCGA-LIHC,105.52093798036965,0.0034793542814831606,0.3671447273481182
NN,TCGA-LIHC,111.79994571565402,0.0022897264992162852,0.2559912983160752
NN,TCGA-LIHC,14.164777631576232,0.010929087726788477,0.15480809736594775
NN,TCGA-LIHC,36.09701076696662,0.007982773847424096,0.28815427352072714
NN,TCGA-LIHC,152.2969930378828,0.002650229102460647,0.40362192316624357
NN,TCGA-LIHC,105.33330843408613,0.003107351432697587,0.32730760687343435
NN,TCGA-LIHC,143.9344521308802,0.002147439759754167,0.309090565304285
NN,TCGA-LIHC,91.2463614969769,0.0029308299217498156,0.2674275665261402
NN,TCGA-LIHC,50.03108501118999,0.0023951199009210203,0.1198304473749725
NN,TCGA-LIHC,81.33192540865716,0.0029262460933547176,0.2379972289921003
NN,TCGA-LIHC,160.6226982076241,0.001474036283770498,0.23676368515515644
NN,TCGA-LIHC,143.99238298263802,0.002695366278782064,0.38811221349287484
NN,TCGA-LIHC,61.5648300479758,0.0034876195065764067,0.2147147021943817
NN,TCGA-LIHC,36.806814003189864,0.01385728281276705,0.5100424310791165
NN,TCGA-LIHC,231.07918161446233,0.0015415616744208513,0.3562228101333905
NN,TCGA-LIHC,55.175237734664215,0.011634526069330402,0.6419377418054533
NN,TCGA-LIHC,26.15166776496355,0.019243719886540566,0.5032553690348309
NN,TCGA-LIHC,33.22247489526951,0.01467776574298036,0.4876317039148118
NN,TCGA-LIHC,35.618158842833175,0.01677752715098397,0.5975846270536933
NN,TCGA-LIHC,45.923056998163474,0.013197820094596371,0.6060842444556565
NN,TCGA-LIHC,28.83586256957035,0.017190356371179667,0.49569875384127493
NN,TCGA-LIHC,28.85659452259334,0.01671326977946179,0.4822880491726419
NN,TCGA-LIHC,31.073241951374612,0.01748136566697988,0.543202705010519
NN,TCGA-LIHC,101.3970125189923,0.0025068074745190905,0.2541827888765157
NN,TCGA-LIHC,221.11668656361184,0.0013272701694079987,0.2934815820342204
NN,TCGA-LIHC,100.36405570957777,0.0032992994586111637,0.3311310746666306
NN,TCGA-LIHC,113.46954436464257,0.0025953913667032744,0.2944978758277475
NN,TCGA-LIHC,168.11634371918163,0.0018241273011733537,0.30666561235160267
NN,TCGA-LIHC,107.81409648349283,0.00359480133149698,0.3875702575930039
NN,TCGA-LIHC,119.06140904561742,0.002509623821332524,0.29879934834229716
NN,TCGA-LIHC,66.53500096536472,0.003911880292084925,0.2602769590102617
NN,TCGA-LIHC,145.15489731875184,0.0021939668389455605,0.3184650312278894
NN,TCGA-LIHC,137.0311873073368,0.0020648726582730183,0.28295195200160844
NN,TCGA-LIHC,84.12821887249835,0.004001370988118679,0.3366282142785132
NN,TCGA-LIHC,117.88494559749176,0.002534825638877237,0.2988177825381704
NN,TCGA-LIHC,138.81625474583655,0.0019337130312277444,0.2684308007482544
NN,TCGA-LIHC,186.93737098223102,0.0015717411669048586,0.29381716160573823
NN,TCGA-LIHC,121.03767478238133,0.0028802673422844644,0.3486208618617408
NN,TCGA-LIHC,130.87627159888098,0.0026938374108336966,0.3525593966234972
NN,TCGA-LIHC,130.39952574922532,0.0022259090433068033,0.290257483608119
NN,TCGA-LIHC,166.17516436443685,0.00210537423603469,0.3498609097217153
NN,TCGA-LIHC,124.0856368112917,0.0027486836099374643,0.3410721561318504
NN,TCGA-LIHC,196.7998790538064,0.0017753601676050697,0.3493906662616232
NN,TCGA-LIHC,59.75143386068775,0.00576446636345275,0.3444351306580062
NN,TCGA-LIHC,54.13643943233319,0.00470588557500724,0.2547598894068699
NN,TCGA-LIHC,148.53687115550375,0.0023127335990991184,0.3435262126263902
NN,TCGA-LIHC,137.6287195277529,0.0020395158765069074,0.28069595854016827
NN,TCGA-LIHC,160.18267278309474,0.0020946617374665577,0.3355285156838743
NN,TCGA-LIHC,59.1990188944704,0.004434864719111212,0.2625396403010848
NN,TCGA-LIHC,81.0045775003687,0.003611820010461253,0.292573953954791
NN,TCGA-LIHC,53.281982401967355,0.004691604984645653,0.24997801422887198
NN,TCGA-LIHC,33.98064311450363,0.006472111981735317,0.21992652744845065
NN,TCGA-LIHC,19.37668380190782,0.019229368724137018,0.3726013974778986
NN,TCGA-LIHC,67.55583895772327,0.004869937129201285,0.32899268843455914
NN,TCGA-LIHC,91.5738338071728,0.0040267695796996125,0.36874672827119137
NN,TCGA-LIHC,95.77749160462318,0.0033939959676673407,0.32506842029938365
NN,TCGA-LIHC,55.86802717117403,0.00392637781928044,0.21935898269185466
NN,TCGA-LIHC,12.684838354421887,0.017221321909231,0.21844968466805936
NN,TCGA-LIHC,22.781404025713446,0.011107444532720123,0.253043181593099
NN,TCGA-LIHC,152.77997928531565,0.002531285849956286,0.386729799721534
NN,TCGA-LIHC,56.06498349796087,0.004414134531788237,0.2474783796824867
NN,TCGA-LIHC,85.24393176387201,0.0038713647585947135,0.33001035331470663
NN,TCGA-LIHC,122.88659869664691,0.002699867222992243,0.3317774999660783
NN,TCGA-LIHC,93.97868573429643,0.002276356571251228,0.21392899882881972
NN,TCGA-LIHC,90.65674092998506,0.0024988614953307627,0.22653863920211603
NN,TCGA-LIHC,113.34713847123129,0.0018865779325201613,0.21383821015413196
NN,TCGA-LIHC,129.56085555693338,0.002517884628733434,0.3262192866923552
NN,TCGA-LIHC,76.94116001950006,0.004579758353996903,0.3523719203655179
NN,TCGA-LIHC,52.26684877281801,0.01018208748856688,0.5321856269565275
NN,TCGA-LIHC,121.47902720277969,0.002749698741391686,0.3340307282049697
NN,TCGA-LIHC,66.33046798132908,0.009419997144427879,0.6248328189726848
NN,TCGA-LIHC,29.99079556506045,0.014125047785150165,0.4236214204711485
NN,TCGA-LIHC,39.308777853148385,0.011342451914832302,0.44585792263016044
NN,TCGA-LIHC,47.87795766636038,0.012236994873848338,0.5858823225335797
NN,TCGA-LIHC,62.52756831475352,0.009845311569980317,0.6156033917719775
NN,TCGA-LIHC,32.90402664259998,0.012653167947095404,0.4163401752445193
NN,TCGA-LIHC,37.43914198679185,0.012232266858704006,0.4579655757433476
NN,TCGA-LIHC,36.832605018398795,0.013011705888445423,0.4792550236046841
NN,TCGA-LIHC,161.47620479075715,0.001403544592177637,0.22663905399943585
NN,TCGA-LIHC,99.79904328978199,0.002175657187392323,0.2171285058282918
NN,TCGA-LIHC,116.34878910518734,0.0020295955641650197,0.2361409862638596
NN,TCGA-LIHC,97.33465055982771,0.0024057928051011805,0.23416700200387108
NN,TCGA-LIHC,114.23300985461633,0.0021650173965881295,0.2473164535998676
NN,TCGA-LIHC,132.4025969354851,0.002203372415262252,0.29173222979673424
NN,TCGA-LIHC,131.1234948814519,0.0022389903137930343,0.2935842349502613
NN,TCGA-LIHC,168.94840422402137,0.0016212455623467207,0.27390685061375464
NN,TCGA-LIHC,50.48447667716218,0.0032953532006693995,0.16636418180220602
NN,TCGA-LIHC,100.97942815726663,0.0034964254498599757,0.35306704252137405
NN,TCGA-LIHC,133.9456934675524,0.0022467631875433174,0.3009442532128581
NN,TCGA-LIHC,109.94863826224618,0.0026520529965012325,0.29158961556462004
NN,TCGA-LIHC,126.07087174862791,0.0024958039889941856,0.3146481846061999
NN,TCGA-LIHC,91.50528392543389,0.0034474603395043216,0.31546083718801565
NN,TCGA-LIHC,120.10776091517279,0.003021779461823754,0.36293916513910696
NN,TCGA-LIHC,106.28553379831301,0.0023687118372322687,0.2517598020346144
NN,TCGA-LIHC,121.76839108359829,0.0028892453989998314,0.35181876368189846
NN,TCGA-LIHC,102.80865899910826,0.003205308661738566,0.3295334851915683
NN,TCGA-LIHC,102.07330376702632,0.003005429184328471,0.30677408608224616
NN,TCGA-LIHC,76.87528767316142,0.0034960394873177637,0.26875904130428485
NN,TCGA-LIHC,133.48748433093212,0.0023019544523079968,0.30728210888298313
NN,TCGA-LIHC,101.43400138777164,0.0027856265460239364,0.2825572469352055
NN,TCGA-LIHC,119.30196375921642,0.0017440250160165147,0.20806560925596906
NN,TCGA-LIHC,88.99319555978654,0.0029060343406376583,0.25861728237982246
NN,TCGA-LIHC,97.68233633580769,0.002862780392512866,0.2796430771569973
NN,TCGA-LIHC,112.16415170594883,0.0031298580581807164,0.3510578740558683
NN,TCGA-LIHC,103.60216585334103,0.0032862974122876394,0.3404675295512295
NN,TCGA-LIHC,80.07797177388453,0.0037756587429687754,0.3023470942472739
NN,TCGA-LIHC,27.429662377155363,0.014583050989183612,0.40000816506214804
NN,TCGA-LIHC,98.01880559132202,0.003243789630017421,0.31795238512382396
NN,TCGA-LIHC,87.72817731190234,0.002650084173077388,0.2324870542271992
NN,TCGA-LIHC,46.77221367259933,0.003402765574426346,0.15915487852483426
NN,TCGA-LIHC,114.20780040490489,0.002758753283740628,0.31507114439582556
NN,TCGA-LIHC,17.10470298116154,0.011624789279332118,0.1988385678415668
NN,TCGA-LIHC,36.489720087906505,0.009560664551324765,0.3488659733322109
NN,TCGA-LIHC,87.41396788797888,0.0036008673338682393,0.3147661014916304
NN,TCGA-LIHC,91.8440302236307,0.0033835096189865966,0.31075515970815015
NN,TCGA-LIHC,106.48223277046476,0.0030085173061607674,0.3203536400885824
NN,TCGA-LIHC,85.24816984316013,0.0031178699682817878,0.2657927086049741
NN,TCGA-LIHC,74.52812218463625,0.0027096990804720113,0.20194878415301454
NN,TCGA-LIHC,64.94146487988642,0.0028101541032806553,0.18249552400526942
NN,TCGA-LIHC,167.73339433188318,0.0019387434041265974,0.3251920119127041
NN,TCGA-LIHC,103.08568532605867,0.003298414048058755,0.34001927263323617
NN,TCGA-LIHC,51.99501243012381,0.003758071391955995,0.19540096873804463
NN,TCGA-LIHC,42.425279577669585,0.013526258293999036,0.5738552897626812
NN,TCGA-LIHC,121.1649564132284,0.0024887513095591977,0.3015494439461053
NN,TCGA-LIHC,53.895300135018694,0.012008350010962527,0.6471936279671804
NN,TCGA-LIHC,25.104020921651145,0.018527231375252987,0.4651080040646225
NN,TCGA-LIHC,33.758560737023025,0.01364715469769152,0.4607083007495683
NN,TCGA-LIHC,35.35829522886489,0.01625821723119135,0.574862844755482
NN,TCGA-LIHC,49.585022822581685,0.012394948826960156,0.6146038204695514
NN,TCGA-LIHC,29.185320134415196,0.01646655288624501,0.4805816174953392
NN,TCGA-LIHC,30.586870008107876,0.01614350954456285,0.49377942791419266
NN,TCGA-LIHC,29.459307788842253,0.016647440614138025,0.49042207694836515
NN,TCGA-LIHC,121.00133518622424,0.002192858313921302,0.26533878385869
NN,TCGA-LIHC,138.50871902570813,0.0022562742756201872,0.31251365968680966
NN,TCGA-LIHC,135.52431031326273,0.00242352060885176,0.3284459590446134
NN,TCGA-LIHC,115.38814617277161,0.002664063691792702,0.3074013706821499
NN,TCGA-LIHC,196.11850016913567,0.0016539390930485614,0.3243680542997844
NN,TCGA-LIHC,79.85726422687573,0.0030127621272339634,0.2405909412472468
NN,TCGA-LIHC,128.75443842840565,0.0020109099518762098,0.25891358158391364
NN,TCGA-LIHC,96.07050918158372,0.0028423921237860856,0.2730700586258524
NN,TCGA-LIHC,79.21632746687251,0.00396669049154383,0.31422665293786556
NN,TCGA-LIHC,110.94033482215747,0.0026767732993109366,0.2969621260685664
NN,TCGA-LIHC,135.4704202227242,0.0023197819739978077,0.31426183884258363
NN,TCGA-LIHC,202.41548154025492,0.001594464999826003,0.3227444007388629
NN,TCGA-LIHC,92.9591245372821,0.003486576583347528,0.32410910682017435
NN,TCGA-LIHC,89.4851878613556,0.003074008400770093,0.27507821923029707
NN,TCGA-LIHC,138.19075681841954,0.002359792589419154,0.32610152386633084
NN,TCGA-LIHC,150.35174616344233,0.00263962416948216,0.396872103096869
NN,TCGA-LIHC,43.13327817555364,0.0033782348204767602,0.14571434225396562
NN,TCGA-LIHC,143.71756216665284,0.0026699117495275074,0.3837132078421964
NN,TCGA-LIHC,58.253709754308815,0.0044754222148316964,0.26070994673079156
NN,TCGA-LIHC,68.59028271740655,0.003575334483017064,0.24523320299943305
NN,TCGA-LIHC,123.03470461323725,0.002704582729429454,0.33275753721741586
NN,TCGA-LIHC,165.96902330694613,0.0018687454273594,0.31015385338816126
NN,TCGA-LIHC,146.21792526261342,0.002553389648836313,0.37335133683987876
NN,TCGA-LIHC,60.092146958395574,0.0034886473619662323,0.20964030996129387
NN,TCGA-LIHC,76.23722356615882,0.0037129842033649793,0.283067606809552
NN,TCGA-LIHC,52.432817052490606,0.004444249825063737,0.2330245380131303
NN,TCGA-LIHC,34.4135556978953,0.005374565370169975,0.18495790471832368
NN,TCGA-LIHC,15.78445644318192,0.016819901964485327,0.26549300993700864
NN,TCGA-LIHC,66.66431789924991,0.004592023409842936,0.30612410839456705
NN,TCGA-LIHC,102.32633378054493,0.0033022852201195145,0.33791073967250973
NN,TCGA-LIHC,105.62070734859901,0.003660002855723493,0.38657209051940766
NN,TCGA-LIHC,38.90121747449911,0.003479006810431065,0.13533760052784236
NN,TCGA-LIHC,12.079386766750217,0.014494141277925235,0.17508033834797815
NN,TCGA-LIHC,17.07647959869023,0.010794793358819527,0.18433706856395843
NN,TCGA-LIHC,121.40629021795287,0.003326329620329147,0.40383733924625337
NN,TCGA-LIHC,71.5893514195752,0.004378426912285929,0.3134487428885629
NN,TCGA-LIHC,86.87542041844938,0.0036657382879418717,0.318462554908957
NN,TCGA-LIHC,100.32720815756377,0.00303133349644745,0.30412522669307895
NN,TCGA-LIHC,92.21039290904476,0.0028257465532280784,0.2605631999345401
NN,TCGA-LIHC,80.95819809066148,0.002499870008686376,0.20238497136413525
NN,TCGA-LIHC,140.7717194342505,0.0014466573667812795,0.2036484449540259
NN,TCGA-LIHC,103.97772615202663,0.0035585430393212892,0.3700092136427496
NN,TCGA-LIHC,71.495017363209,0.004456575907644449,0.3186229718974988
NN,TCGA-LIHC,39.80911428579295,0.01221249672131687,0.48616867769377503
NN,TCGA-LIHC,136.9152735335279,0.0027437753738319397,0.3756647558227578
NN,TCGA-LIHC,46.81784824620496,0.01119592143638536,0.5241689507851228
NN,TCGA-LIHC,19.945929916806943,0.016663968342719868,0.33237834469978
NN,TCGA-LIHC,24.351395704102288,0.012691511687525019,0.3090560231861607
NN,TCGA-LIHC,30.048791418795243,0.014601614117970108,0.43876085700861966
NN,TCGA-LIHC,42.85289885427114,0.011272727440956611,0.4830690488390804
NN,TCGA-LIHC,22.22290218297158,0.014862434582445374,0.3302864299264976
NN,TCGA-LIHC,19.74047605571126,0.014576754198151427,0.2877520672185968
NN,TCGA-LIHC,24.868167879565085,0.014935451988728981,0.3714173274128965
NN,TCGA-LIHC,105.6660391274577,0.003125460490106928,0.33025503043896176
NN,TCGA-LIHC,88.34222420898303,0.0035736281013614736,0.3157022549699976
NN,TCGA-LIHC,155.1534190586792,0.0020539677650184265,0.31868012137892265
NN,TCGA-LIHC,126.30723958448756,0.0024706029408162215,0.31205503756381403
NN,TCGA-LIHC,91.90045045928221,0.0023757164542875433,0.21832941231255396
NN,TCGA-LIHC,128.12479510888417,0.001954364768401601,0.25040258551947703
NN,TCGA-LIHC,85.27302941679264,0.003165920664485836,0.2699676459539324
NN,TCGA-LIHC,83.49508757840609,0.0027975359413330066,0.2335805084253381
NN,TCGA-LIHC,91.85350279590487,0.0029435941236881963,0.2703794310702029
NN,TCGA-LIHC,73.15284243994297,0.0036859922179333106,0.2696408079533314
NN,TCGA-LIHC,71.77831371237713,0.0038321215562511844,0.27506322324856036
NN,TCGA-LIHC,100.30989702072604,0.003273923703968435,0.3284069495987877
NN,TCGA-LIHC,94.36927444732231,0.0031350304237968323,0.29585054646398845
NN,TCGA-LIHC,145.48349586067755,0.0020725642825653945,0.3015238972235907
NN,TCGA-LIHC,109.65501159110067,0.0034799311628862916,0.38159189200252874
NN,TCGA-LIHC,62.60168622833288,0.004695758591964019,0.2939624059781297
NN,TCGA-LIHC,103.37356863064088,0.0034371418559019616,0.35530961953432977
NN,TCGA-LIHC,129.1931138616121,0.002134844995571457,0.275807272589756
NN,TCGA-LIHC,137.3923915745465,0.0017043554143251365,0.23416546646715763
NN,TCGA-LIHC,106.57804318803937,0.0030872544972599084,0.3290335431414353
NN,TCGA-LIHC,120.80146683247172,0.002316515296409751,0.2798384457461559
NN,TCGA-LIHC,120.27791611484105,0.0026314906115009564,0.3165102070271038
NN,TCGA-LIHC,102.30366638894768,0.0021165466347803563,0.21653048082121945
NN,TCGA-LIHC,88.37394008274521,0.003168006134054634,0.2799691842727135
NN,TCGA-LIHC,68.7183117391416,0.0029200440159682715,0.20066049498132266
NN,TCGA-LIHC,58.93582712928838,0.002734549801957765,0.16116295440461262
NN,TCGA-LIHC,17.152986534194152,0.010207332687771443,0.17508624014338336
NN,TCGA-LIHC,86.54051299746845,0.003266524680388938,0.2826867215597504
NN,TCGA-LIHC,141.7915716267854,0.002356701564794848,0.33416041872756597
NN,TCGA-LIHC,110.86553335383482,0.003031829370884234,0.3361253802409021
NN,TCGA-LIHC,101.16394730579482,0.001988507335184303,0.20116525127377133
NN,TCGA-LIHC,11.766175620470511,0.00887949159754347,0.10447765755718871
NN,TCGA-LIHC,29.272207274921872,0.008002882288784877,0.2342620291541121
NN,TCGA-LIHC,104.04571283395123,0.0037857500541569108,0.39389106299592525
NN,TCGA-LIHC,80.34857140678336,0.0037008063067140223,0.29735449979768586
NN,TCGA-LIHC,108.51012399291518,0.0027124665896694896,0.2943300859716761
NN,TCGA-LIHC,128.9143068772829,0.002417230153270216,0.31161554977169825
NN,TCGA-LIHC,94.77851850263437,0.00277517747916939,0.26302721005755025
NN,TCGA-LIHC,97.67484079643995,0.0025975613140716025,0.25371638781093514
NN,TCGA-LIHC,83.20934608400121,0.002215228197587937,0.18432768974813285
NN,TCGA-LIHC,90.1448648275382,0.0039041451747803975,0.3519386390476644
NN,TCGA-LIHC,115.02566344356045,0.002416609582004137,0.27797212045409114
NN,TCGA-LIHC,31.286291991703326,0.01483568016502611,0.46415342153852823
NN,TCGA-LIHC,127.6321101580176,0.002141987942170868,0.27338644099229764
NN,TCGA-LIHC,45.066308862890075,0.012152252788203555,0.5476571775330985
NN,TCGA-LIHC,22.860013854644055,0.020548291721627237,0.4697342334456664
NN,TCGA-LIHC,28.703722853982864,0.01484017242653083,0.42596819643645933
NN,TCGA-LIHC,31.95187829534452,0.01768588734145607,0.5650973198793786
NN,TCGA-LIHC,44.027770690458375,0.013345893206366782,0.5875899257492629
NN,TCGA-LIHC,25.756628581007185,0.018079804356141645,0.4656748056184161
NN,TCGA-LIHC,26.288057640040535,0.01755492764852186,0.4614849498910839
NN,TCGA-LIHC,25.8723027248289,0.018307651640561286,0.47366110542531203
NN,TCGA-LIHC,147.06824376836389,0.002069321596089623,0.3043314929288485
NN,TCGA-LIHC,87.18199504475005,0.003721542756907748,0.3244515221915567
NN,TCGA-LIHC,94.70506109859119,0.0035574432321421753,0.33690787865479443
NN,TCGA-LIHC,83.5987613999415,0.0027864213185478876,0.23294137096899523
NN,TCGA-LIHC,134.63819515852362,0.0021040622466932026,0.28328714339596106
NN,TCGA-LIHC,87.75218985225086,0.002515611414487625,0.22075041043860738
NN,TCGA-LIHC,98.0584571163037,0.0032706053374025362,0.3207105132220406
NN,TCGA-LIHC,118.33942263245933,0.002321639559132212,0.27474148498838336
NN,TCGA-LIHC,139.29037013203168,0.0017282538999645037,0.24072912540818298
NN,TCGA-LIHC,119.36487666932247,0.0029447817306655286,0.3515035080989648
NN,TCGA-LIHC,89.03474646556225,0.0035876320547697143,0.31942391040814566
NN,TCGA-LIHC,132.9151787569067,0.002394934684715677,0.31832317173010016
NN,TCGA-LIHC,145.21212668769527,0.0018272383648092827,0.2653371689193027
NN,TCGA-LIHC,189.80995975796924,0.00157394691452246,0.298750800506688
NN,TCGA-LIHC,114.06104719880341,0.0028095122749521766,0.32045591219893776
NN,TCGA-LIHC,119.11417788901755,0.0028228517230754176,0.33624166229672503
NN,TCGA-LIHC,63.75774092112394,0.005167581262034174,0.32947330729362956
NN,TCGA-LIHC,82.91934142104006,0.002932573941973364,0.24316709993693467
NN,TCGA-LIHC,145.27025216443377,0.0019055571053851936,0.27682076121303556
NN,TCGA-LIHC,176.91286114974156,0.0015599775622764005,0.2759800938717172
NN,TCGA-LIHC,125.3463240073,0.0021788959758650295,0.2731166009689801
NN,TCGA-LIHC,62.243428288021335,0.003836755567879441,0.23881282004797055
NN,TCGA-LIHC,101.63231399651201,0.002618999252379261,0.2661749543744393
NN,TCGA-LIHC,60.7285826857523,0.0038130405568526605,0.2315605487409538
NN,TCGA-LIHC,31.859781049067394,0.005090629611199395,0.1621863448147118
NN,TCGA-LIHC,19.161585431233437,0.01792049070091311,0.3433850135351709
NN,TCGA-LIHC,70.46950919987309,0.003650445699913047,0.25724511683365964
NN,TCGA-LIHC,80.63802462009828,0.004279742911663374,0.3451100142784022
NN,TCGA-LIHC,69.0603634584578,0.004120041727455668,0.2845315791621008
NN,TCGA-LIHC,51.33965696202415,0.003853586115267436,0.19784178923144943
NN,TCGA-LIHC,9.253564438259488,0.014652825396273758,0.13559086400698434
NN,TCGA-LIHC,23.562550252125977,0.011300635187003288,0.266271784474708
NN,TCGA-LIHC,113.55509132017497,0.0029319049489240617,0.33293273421714475
NN,TCGA-LIHC,67.8271091657211,0.004075353493286819,0.27641944627806786
NN,TCGA-LIHC,88.47894879136508,0.0031413403689827192,0.2779424936434699
NN,TCGA-LIHC,94.68742842993981,0.0034817358746534336,0.3296766164432009
NN,TCGA-LIHC,69.36245379257882,0.0024594610630596296,0.17059425434112035
NN,TCGA-LIHC,85.38849122907085,0.0032656913623342705,0.2788524582495323
NN,TCGA-LIHC,98.3267676910818,0.002618163751622098,0.2574355789829572
NN,TCGA-LIHC,109.41533438381819,0.0029333705281190405,0.3209557172057822
NN,TCGA-LIHC,58.672155235259,0.005115913798238737,0.30016168854046665
NN,TCGA-LIHC,34.70824362509914,0.01187841960514308,0.41227908153646
NN,TCGA-LIHC,130.31784311193246,0.002295664817257946,0.2991660874930041
NN,TCGA-LIHC,52.45212061679058,0.011548326665021074,0.6057342231557843
NN,TCGA-LIHC,20.972776402759116,0.016417261711195494,0.34431555901448163
NN,TCGA-LIHC,27.48125348824721,0.012285357583252018,0.3376170259391088
NN,TCGA-LIHC,32.0195331971865,0.01457721433320492,0.46675559826455776
NN,TCGA-LIHC,43.537953470634044,0.01141621307420846,0.49703855363573196
NN,TCGA-LIHC,20.750953639701198,0.014774944288328842,0.3065941839562798
NN,TCGA-LIHC,22.016352863798044,0.014521473994478229,0.3197098955648996
NN,TCGA-LIHC,24.907206886100827,0.014833888451795401,0.36947072859420993
NN,TCGA-LIHC,119.32733737178522,0.00299213839412143,0.35704390761839955
NN,TCGA-LIHC,91.6790881124519,0.0038055139283299606,0.3488860467485254
NN,TCGA-LIHC,76.65107887857175,0.004089305243159728,0.3134496587519934
NN,TCGA-LIHC,122.04820287581438,0.002566908698849511,0.31328659364087785
NN,TCGA-LIHC,135.80612391113607,0.0017952194429516725,0.2438017941171755
NN,TCGA-LIHC,89.1618174053569,0.0032262991487959193,0.28766269560000013
NN,TCGA-LIHC,102.99406186840791,0.0027192958651971657,0.2800713265786227
NN,TCGA-LIHC,134.15150494804448,0.0020802469808508073,0.27906826314476163
NN,TCGA-LIHC,126.40667473577521,0.002545599437945481,0.3217807601599466
NN,TCGA-LIHC,113.61501093191828,0.0025403330008153444,0.28861996165834813
NN,TCGA-LIHC,147.21623909609215,0.0023879722908109052,0.35154829971886115
NN,TCGA-LIHC,148.26139483246254,0.0020683795111612942,0.30666083136766054
NN,TCGA-LIHC,193.22524121750928,0.0015480066118430807,0.2991139509796785
NN,TCGA-LIHC,153.71553926803824,0.0026068484420445123,0.4007131140589175
NN,TCGA-LIHC,224.17362468013786,0.0012427715332912566,0.2785965992671936
NN,TCGA-LIHC,64.22539624438602,0.005749335398402867,0.36925334410429905
NN,TCGA-LIHC,60.5651068837129,0.004096783051123334,0.2481221033706682
NN,TCGA-LIHC,142.55639077618244,0.0019380863735329922,0.2762865984233635
NN,TCGA-LIHC,167.99938533918004,0.0016554460732175673,0.2781139227627105
NN,TCGA-LIHC,153.18065394540437,0.0017803422563099037,0.2727139910681878
NN,TCGA-LIHC,54.532116697624964,0.004633447317079957,0.2526716898073015
NN,TCGA-LIHC,98.09384654721406,0.002897208073482394,0.2841982841755316
NN,TCGA-LIHC,80.00527083929333,0.003713242740689444,0.2970789911608988
NN,TCGA-LIHC,46.66250725409047,0.005644627427682486,0.26339246829087204
NN,TCGA-LIHC,15.515109117378598,0.018408643747793645,0.2856121164499677
NN,TCGA-LIHC,95.21573639553162,0.0034220606370093205,0.3258340235430045
NN,TCGA-LIHC,89.46799639753078,0.0033674574020421772,0.3012796667147479
NN,TCGA-LIHC,141.4971219959233,0.0020153404164854,0.2851648687747495
NN,TCGA-LIHC,70.00630199291001,0.0038586157270072067,0.27012741785945854
NN,TCGA-LIHC,14.653346922336778,0.016624003893934567,0.24359729629610072
NN,TCGA-LIHC,17.784292645259672,0.010799200962105706,0.19205615024505768
NN,TCGA-LIHC,160.41514420865286,0.00222223487175941,0.35648012741878293
NN,TCGA-LIHC,72.96240312344432,0.003596151062721843,0.2623838235311138
NN,TCGA-LIHC,89.12937883163507,0.0030558117998200204,0.27236260754433916
NN,TCGA-LIHC,118.88474668084127,0.002384086418305947,0.28343150990553667
NN,TCGA-LIHC,172.95852715337128,0.001155543923994237,0.19986117515507043
NN,TCGA-LIHC,131.0169888795234,0.001707389427333313,0.22369702161394453
NN,TCGA-LIHC,80.67461015440966,0.002895521733525872,0.23359508704582016
NN,TCGA-LIHC,178.16849724921695,0.001367080164643941,0.24357061855382306
NN,TCGA-LIHC,86.24243522478254,0.0031655687418107445,0.2730063571652095
NN,TCGA-LIHC,57.94781657780869,0.007390181397903612,0.4282448761224523
NN,TCGA-LIHC,106.29176864161573,0.002376195492269394,0.2525700215115486
NN,TCGA-LIHC,71.73442707325167,0.008350308522204546,0.5990045977252338
NN,TCGA-LIHC,23.709738480957245,0.011263917278556818,0.2670645329457178
NN,TCGA-LIHC,27.87205599826026,0.008496115558834413,0.23680420862352303
NN,TCGA-LIHC,42.3508177273475,0.009460223630765999,0.40064820664651635
NN,TCGA-LIHC,59.76742257383174,0.007431275399814274,0.44414817708322013
NN,TCGA-LIHC,26.972953341741654,0.009839129925443512,0.2653903924023219
NN,TCGA-LIHC,28.91206537681443,0.009384759009829755,0.2713327660378461
NN,TCGA-LIHC,23.576449057389954,0.010208227280180069,0.2406737504374238
NN,TCGA-LIHC,142.0199271839653,0.002017216612191759,0.28648495637775884
NN,TCGA-LIHC,77.75276772778685,0.00349468564086449,0.2717214809157686
NN,TCGA-LIHC,100.33881693645871,0.002753007106529829,0.2762334760868664
NN,TCGA-LIHC,87.54623428818186,0.003803389124869335,0.3329723954149338
NN,TCGA-LIHC,75.95076891849189,0.004266997935872673,0.32408177420314727
NN,TCGA-LIHC,84.41238881186185,0.0037179666294477423,0.3138424447144703
NN,TCGA-LIHC,71.67156083650747,0.0046102537505773745,0.330424082156243
NN,TCGA-LIHC,95.7930719357315,0.00376810083380902,0.36095795423415733
NN,TCGA-LIHC,77.36344258233002,0.004514235107165372,0.3492367685163267
NN,TCGA-LIHC,85.54833723719244,0.004050115204914396,0.34648062139949753
NN,TCGA-LIHC,138.69299261550609,0.002663520688324552,0.36941165515704477
NN,TCGA-LIHC,93.51621622347862,0.0037258286687163987,0.34842539939531825
NN,TCGA-LIHC,74.59246907399869,0.005100216781726936,0.38043776256165557
NN,TCGA-LIHC,112.14289512053088,0.0035217795199642735,0.3949425513449871
NN,TCGA-LIHC,103.10319610788636,0.0031561026816907993,0.32540427372699254
NN,TCGA-LIHC,93.67136292043652,0.003148361038992827,0.2949112694880597
NN,TCGA-LIHC,94.12472188391051,0.0043132068116405065,0.4059793915734511
NN,TCGA-LIHC,135.91464892581124,0.0021181556694026514,0.28788838417707807
NN,TCGA-LIHC,104.68584639681654,0.003479227864050338,0.3642259137554978
NN,TCGA-LIHC,78.09379776890208,0.003460862578610854,0.270271902319997
NN,TCGA-LIHC,71.76975032655251,0.004396615083998509,0.3155439668605277
NN,TCGA-LIHC,68.01682893606193,0.004003646465615875,0.27231533677226394
NN,TCGA-LIHC,38.07838074317438,0.003861843317887643,0.14705274022900947
NN,TCGA-LIHC,20.979963802038277,0.01282635370252021,0.26909643639101366
NN,TCGA-LIHC,75.76668132623604,0.0038502203499032705,0.29171841828691014
NN,TCGA-LIHC,187.25698433635142,0.0019935854729818563,0.3733128036873412
NN,TCGA-LIHC,169.50347699989578,0.0020785471733968074,0.3523209729990641
NN,TCGA-LIHC,76.95186698952175,0.0030325205006113713,0.23335811420604413
NN,TCGA-LIHC,14.118714964743845,0.011801443412563329,0.16662121571453553
NN,TCGA-LIHC,23.33837879025243,0.010250003463242965,0.23921846342656358
NN,TCGA-LIHC,95.27582224666186,0.004676965550862977,0.44560173847778195
NN,TCGA-LIHC,58.58181441622534,0.004918179805970194,0.2881158966589731
NN,TCGA-LIHC,85.08329740401372,0.0038938243541120016,0.33129941555990305
NN,TCGA-LIHC,128.29692300139538,0.0022485177231243362,0.28847790519095584
NN,TCGA-LIHC,108.16819616754424,0.0026239881428132333,0.2838320641731319
NN,TCGA-LIHC,113.91245959519071,0.0018291959380437848,0.2083682083840996
NN,TCGA-LIHC,94.60846502499753,0.0025768879366693193,0.24379541222971735
NN,TCGA-LIHC,92.8727205438856,0.0038893025645445767,0.3612101101875661
NN,TCGA-LIHC,129.77567714518517,0.0023711025104906198,0.3077114338795687
NN,TCGA-LIHC,41.10817520754772,0.011610237213962867,0.4772756655927762
NN,TCGA-LIHC,122.91650981653645,0.0031947493125937506,0.3926874352428028
NN,TCGA-LIHC,49.6557283371217,0.011326341083793257,0.5624177159104186
NN,TCGA-LIHC,22.757768819899127,0.017321087391078183,0.394189302555427
NN,TCGA-LIHC,31.744723627337322,0.012254904636316096,0.38902856075922926
NN,TCGA-LIHC,35.671098416762966,0.014847885347118625,0.5296403794978812
NN,TCGA-LIHC,45.638192085248214,0.011133972953021477,0.5081343963019525
NN,TCGA-LIHC,26.546083103555368,0.015064864780471303,0.3999131524062156
NN,TCGA-LIHC,28.09457604474208,0.014650365843888768,0.41159581728442496
NN,TCGA-LIHC,26.074112111067105,0.015444608548006795,0.4027044547922745
NN,TCGA-LIHC,85.162070391849,0.003369216012766291,0.2869294112445477
NN,TCGA-LIHC,142.95595873807378,0.0023671010985321945,0.33839120697061753
NN,TCGA-LIHC,63.328018618145265,0.004209712816463811,0.26659277161806494
NN,TCGA-LIHC,79.76295108663155,0.00482259449164994,0.3846643685481329
NN,TCGA-LIHC,100.81921662500396,0.0031674035146097837,0.3193351410782427
NN,TCGA-LIHC,86.30490230434208,0.003801963499719105,0.32812808840793184
NN,TCGA-LIHC,119.53766449311198,0.0028044195578982426,0.33523376420996154
NN,TCGA-LIHC,84.08127807398105,0.004564080764281232,0.38375374389363826
NN,TCGA-LIHC,98.59774163017393,0.0036717304156293085,0.3620243268558697
NN,TCGA-LIHC,103.17600960078028,0.0029645886091767253,0.30587442280278165
NN,TCGA-LIHC,103.12090978763267,0.0034506817082201923,0.3558374371392086
NN,TCGA-LIHC,73.84390533740073,0.004822877346953067,0.35614009826229664
NN,TCGA-LIHC,104.2721910633623,0.0038103501798790423,0.3973135619746644
NN,TCGA-LIHC,89.8727589663927,0.003634397957261916,0.3266333716009502
NN,TCGA-LIHC,91.16397616068897,0.003842695296399204,0.35031538239372867
NN,TCGA-LIHC,92.46529124130133,0.004038790273467921,0.37344791889874634
NN,TCGA-LIHC,131.37557749436058,0.002505572258072218,0.3291710023580867
NN,TCGA-LIHC,91.60826583338715,0.003457729775142383,0.3167566284212614
NN,TCGA-LIHC,84.70372262488249,0.0031320669332939545,0.26529772876029745
NN,TCGA-LIHC,83.65364962610377,0.004170008417839711,0.34883642312386653
NN,TCGA-LIHC,71.26814180322347,0.004732132876170711,0.33725031685062995
NN,TCGA-LIHC,51.025759889712575,0.004752341666930139,0.24249184481065367
NN,TCGA-LIHC,26.560920797606403,0.01521815707930117,0.40420826486885153
NN,TCGA-LIHC,75.69834056633748,0.004927376636884467,0.372994234757495
NN,TCGA-LIHC,117.4993061097232,0.0026991113238747375,0.317143707668178
NN,TCGA-LIHC,82.31038833792479,0.003688725140202366,0.3036203987619228
NN,TCGA-LIHC,92.02908778340868,0.0028738417116244497,0.26447703115470794
NN,TCGA-LIHC,18.48740618570612,0.012655088348751665,0.23395975861936896
NN,TCGA-LIHC,32.67461604753492,0.009934750324617474,0.32461415238499886
NN,TCGA-LIHC,89.16504903524338,0.004535333226266306,0.4043932095112037
NN,TCGA-LIHC,70.55616259081947,0.0050527439716715125,0.35650222519503816
NN,TCGA-LIHC,86.82086223860463,0.004227253474829313,0.36701379158581854
NN,TCGA-LIHC,92.75546042970734,0.003324614596797267,0.30837615767725635
NN,TCGA-LIHC,50.40009863831513,0.00363477080037833,0.18319280686673545
NN,TCGA-LIHC,60.232222829063716,0.003058441261254815,0.18421671555750269
NN,TCGA-LIHC,202.20476762899958,0.0014025015007041687,0.2835924900492096
NN,TCGA-LIHC,91.4127585028391,0.004364291819832846,0.3989519541622961
NN,TCGA-LIHC,78.09269811739537,0.004182649561921655,0.3266343895700038
NN,TCGA-LIHC,37.24851582119416,0.014106092363511517,0.5254310045774848
NN,TCGA-LIHC,116.24221394365499,0.0030746412648250147,0.3574031077057793
NN,TCGA-LIHC,51.917704486737925,0.012601755097592916,0.6542541971710722
NN,TCGA-LIHC,25.974092938921647,0.019315564256641705,0.5017042611697247
NN,TCGA-LIHC,32.654173975418225,0.014647408546888634,0.4782990269791293
NN,TCGA-LIHC,35.614643700521455,0.016898226502939595,0.6018243160729023
NN,TCGA-LIHC,46.21733571672778,0.013189117291170298,0.6095658616533169
NN,TCGA-LIHC,28.899574970565634,0.017172993141568768,0.49629220276377606
NN,TCGA-LIHC,29.462217371341932,0.01666769055962023,0.4910671223457951
NN,TCGA-LIHC,29.10976928652355,0.017457308055481797,0.5081782098588442
NN,TCGA-LIHC,143.42993108671834,0.001832524366026571,0.2628388435339233
NN,TCGA-LIHC,49.21834356500665,0.003582136405883456,0.17630682032149003
NN,TCGA-LIHC,132.63871489088152,0.0023117268490037268,0.3066244784306012
NN,TCGA-LIHC,126.28651573978553,0.002492186820561307,0.31472959014130153
NN,TCGA-LIHC,98.85690470727873,0.0028224542811012645,0.2790190939074786
NN,TCGA-LIHC,88.92852476778319,0.0037983710145291414,0.3377835308427845
NN,TCGA-LIHC,95.13439863710462,0.0031631674776635603,0.3009260357759699
NN,TCGA-LIHC,113.7664657889388,0.0027607987432696976,0.3140863157763373
NN,TCGA-LIHC,80.69918422713462,0.002537680972927478,0.20478878434396874
NN,TCGA-LIHC,106.95645120710465,0.003100076824830751,0.3315732156532861
NN,TCGA-LIHC,111.22292103298587,0.0028273688562700243,0.31446822303204447
NN,TCGA-LIHC,91.12213071417251,0.0034298902572333506,0.3125389083548842
NN,TCGA-LIHC,106.82574006468997,0.0025593426645205758,0.27340367421654604
NN,TCGA-LIHC,178.7359414447654,0.0016166235824700372,0.2889487379745914
NN,TCGA-LIHC,110.99381344212246,0.002903812462064468,0.3223052186852938
NN,TCGA-LIHC,103.77038515401878,0.0019575159013088673,0.20313217902393738
NN,TCGA-LIHC,100.08082265221982,0.0026637242427736975,0.26658771353545296
NN,TCGA-LIHC,167.61089776918797,0.001727606300330431,0.2895656429900889
NN,TCGA-LIHC,144.03553756833435,0.0023217061194499176,0.3344081889906604
NN,TCGA-LIHC,155.11336737867674,0.0021724007371135565,0.33696839362960324
NN,TCGA-LIHC,124.88750607193529,0.0024006742436101583,0.2998142191756023
NN,TCGA-LIHC,34.44306593300165,0.011313114541582917,0.3896583500633401
NN,TCGA-LIHC,121.99461690998015,0.002502905026498768,0.30534093986978095
NN,TCGA-LIHC,76.65786364811682,0.0031027640150466987,0.2378512607977333
NN,TCGA-LIHC,51.9831060557039,0.004317182712946717,0.2244205668289607
NN,TCGA-LIHC,141.19724568090464,0.0022418983530457107,0.3165498725466107
NN,TCGA-LIHC,29.7145039385984,0.008868897841482511,0.26353489984175893
NN,TCGA-LIHC,45.63192763579664,0.008425740541403793,0.3844827826633359
NN,TCGA-LIHC,74.93765128246272,0.0038604502049446984,0.2892930712514576
NN,TCGA-LIHC,113.61554875173589,0.002812388881513763,0.3195311060764669
NN,TCGA-LIHC,127.37775936535554,0.0025143741765366098,0.3202753488133443
NN,TCGA-LIHC,81.70518306934802,0.0034450393498607988,0.2814775707614843
NN,TCGA-LIHC,48.51270376545635,0.0029776412239645297,0.1444534266180021
NN,TCGA-LIHC,52.142244701334384,0.0037671956581125576,0.19643003784310942
NN,TCGA-LIHC,115.02870244743868,0.002875790695263227,0.3307984721865465
NN,TCGA-LIHC,86.14453716380162,0.00366785834961631,0.31596595991008225
NN,TCGA-LIHC,63.74183254181861,0.003512315569958956,0.22388143089434598
NN,TCGA-LIHC,36.6047392135869,0.016137558694523116,0.5907111275569705
NN,TCGA-LIHC,144.8114805479939,0.0020057195421244707,0.29045121645908906
NN,TCGA-LIHC,47.850747532918824,0.013234108622427548,0.6332619905150048
NN,TCGA-LIHC,25.141585398794604,0.022257005101580754,0.5595763944827997
NN,TCGA-LIHC,31.821834300574608,0.016495960468787672,0.5249317206665903
NN,TCGA-LIHC,33.069227229391984,0.01972668785242019,0.6523463230749698
NN,TCGA-LIHC,42.241717334726445,0.01513481741164064,0.63932067901522
NN,TCGA-LIHC,28.945438451481944,0.019998155588990006,0.5788553817442699
NN,TCGA-LIHC,29.495032759808417,0.019511550909436084,0.575493833268487
NN,TCGA-LIHC,28.73554901613739,0.020075317953818762,0.576875283076502
NN,TCGA-LIHC,106.06821533691159,0.0022798421001774443,0.24181878281577793
NN,TCGA-LIHC,131.67834462282818,0.00242992860498009,0.3199689762554364
NN,TCGA-LIHC,155.9382629329749,0.002030174422590963,0.3165818729097901
NN,TCGA-LIHC,173.7204329312682,0.0019329881131466596,0.3357995318668329
NN,TCGA-LIHC,142.5176375785408,0.002507953221353963,0.3574275682648581
NN,TCGA-LIHC,154.47689957449305,0.0020412235809258127,0.31532189011976386
NN,TCGA-LIHC,211.71743488497447,0.0015074211537086995,0.3191473399545547
NN,TCGA-LIHC,223.57659570384845,0.0013017651638088522,0.2910442237302458
NN,TCGA-LIHC,161.49550936591245,0.0020363226086792365,0.3288569569219769
NN,TCGA-LIHC,122.30328335679845,0.002472806594972304,0.30243236567145765
NN,TCGA-LIHC,161.15824932755027,0.0020308218121293797,0.327283687938974
NN,TCGA-LIHC,99.06507615270588,0.002882602303781216,0.2855652167420516
NN,TCGA-LIHC,168.27423149910624,0.0018786867302441148,0.31613456575939713
NN,TCGA-LIHC,179.62903683767314,0.001777616715456257,0.3193115784639555
NN,TCGA-LIHC,144.7886430786876,0.001657634352930519,0.24000662868142822
NN,TCGA-LIHC,151.86659685654666,0.0020020983098178935,0.3040518568842875
NN,TCGA-LIHC,136.16281768865588,0.0018600851609234343,0.25327443665219174
NN,TCGA-LIHC,142.2662397086253,0.0020325137776910827,0.28915809230808315
NN,TCGA-LIHC,104.35006226140646,0.0027043077062029394,0.282194677516278
NN,TCGA-LIHC,81.55104235135099,0.0029827757359582683,0.24324847036771485
NN,TCGA-LIHC,24.05846225402979,0.013561251774338059,0.32626286393030673
NN,TCGA-LIHC,106.41129372124998,0.002999261177064755,0.31915526205937955
NN,TCGA-LIHC,105.94077942333374,0.00317836610655012,0.3367185826206263
NN,TCGA-LIHC,76.27345384981902,0.003326180128039446,0.2536992464922018
NN,TCGA-LIHC,148.60134461024165,0.001737424195337238,0.2581835715854807
NN,TCGA-LIHC,18.42494417181274,0.010519204531720186,0.19381575622882402
NN,TCGA-LIHC,39.81150102512491,0.0077529216167977555,0.3086554468948569
NN,TCGA-LIHC,142.97441293212327,0.0026262658848957496,0.37548882309663306
NN,TCGA-LIHC,110.28356985914533,0.00311371443396413,0.34339154329951227
NN,TCGA-LIHC,155.29403818633529,0.0020425118855214143,0.3171899187462062
NN,TCGA-LIHC,112.21990685414895,0.002581447864912217,0.2896898389492907
NN,TCGA-LIHC,86.60500424350404,0.002092931970411196,0.1812583821788269
NN,TCGA-LIHC,83.76599805546475,0.002750885416738379,0.23043066246931337
NN,TCGA-LIHC,159.8508648769096,0.0016470927295876544,0.26328919735705636
NN,TCGA-LIHC,136.0175478010139,0.0023150282838508623,0.3148844702593838
NN,TCGA-LIHC,79.51620868402722,0.003124534057083413,0.2484511021233949
NN,TCGA-LIHC,36.958565813333394,0.01375208404910288,0.5082573033992611
NN,TCGA-LIHC,219.6232576129631,0.0014261827439051445,0.31322290016784216
NN,TCGA-LIHC,54.925987859113796,0.01087580918915128,0.5973645634813615
NN,TCGA-LIHC,21.00278633963167,0.01890759066489594,0.39711208693202366
NN,TCGA-LIHC,26.079512598207163,0.014498869787173685,0.3781234572743613
NN,TCGA-LIHC,31.646520631283643,0.016454987797457934,0.5207431108197731
NN,TCGA-LIHC,41.30619655943381,0.01289617271309524,0.5326918449515188
NN,TCGA-LIHC,23.218629106034967,0.01689882887045271,0.3923676398693973
NN,TCGA-LIHC,24.157496059412175,0.016391903606653983,0.3959873467840078
NN,TCGA-LIHC,25.316379604538092,0.01720613589675101,0.43559706788941804
NN,TCGA-LIHC,73.39171427923526,0.0026739942424036742,0.19624902142281062
NN,TCGA-LIHC,70.7537521303299,0.003179253905430896,0.2249441427842409
NN,TCGA-LIHC,76.65017103597513,0.001903762884606554,0.14592375071703376
NN,TCGA-LIHC,77.98496526062813,0.0025792351967552345,0.20114156721794632
NN,TCGA-LIHC,93.49746281416192,0.0020423078279490003,0.19095060019873347
NN,TCGA-LIHC,95.27203958443364,0.0021342861238742173,0.20333779207825187
NN,TCGA-LIHC,177.52435169200496,0.001077416372507732,0.19126764303178684
NN,TCGA-LIHC,183.9693978770472,0.0017405724972716684,0.32021207428441717
NN,TCGA-LIHC,43.992805567697104,0.0031398254530661356,0.13812973067324497
NN,TCGA-LIHC,217.48532562247007,0.0010948617271238116,0.23811635923510213
NN,TCGA-LIHC,27.884178933360605,0.005489801532588144,0.1530786082433251
NN,TCGA-LIHC,46.28533415498025,0.003912954239399083,0.18111239450373312
NN,TCGA-LIHC,142.83032768046326,0.0014185953235948943,0.20261843491503156
NN,TCGA-LIHC,136.43828373570656,0.0019121577713627548,0.26089152455662784
NN,TCGA-LIHC,205.09587614655072,0.0012345054837688526,0.25319198380129426
NN,TCGA-LIHC,39.52636803493739,0.003776775870937639,0.14928223306015231
NN,TCGA-LIHC,90.07014255872026,0.002912377151135459,0.2623182251875304
NN,TCGA-LIHC,58.877211436508716,0.0039728180131943895,0.23390844616161655
NN,TCGA-LIHC,22.745441316642413,0.005470839352247381,0.12443665543932081
NN,TCGA-LIHC,13.900647780910475,0.017090050762963774,0.23756277621383975
NN,TCGA-LIHC,51.686741567008326,0.004259111261169137,0.22013958306118409
NN,TCGA-LIHC,62.533861266690415,0.004257795936177965,0.2662564203748311
NN,TCGA-LIHC,137.9747125482708,0.002629812584069283,0.3628476353427845
NN,TCGA-LIHC,57.62086778771545,0.004105719801332476,0.23657513784598394
NN,TCGA-LIHC,9.487389536697838,0.015988419081199544,0.15168835989931262
NN,TCGA-LIHC,18.857950403465267,0.009693773799181583,0.18280470552737738
NN,TCGA-LIHC,189.8496797582513,0.0010101270735373236,0.19177230142620044
NN,TCGA-LIHC,42.41248948840525,0.003926625038971203,0.166537943190275
NN,TCGA-LIHC,64.360406129554,0.002899142709972273,0.18659000224135125
NN,TCGA-LIHC,212.35037636667687,0.001191015580418701,0.25291260676048727
NN,TCGA-LIHC,230.0767889726007,0.0011812259943085953,0.2717726838214891
NN,TCGA-LIHC,184.94356884870433,0.0017647433960014496,0.3263779417586904
NN,TCGA-LIHC,70.89475612048612,0.0033086034546053293,0.2345626350136427
NN,TCGA-LIHC,117.10528363845104,0.002314170291459333,0.2710015683690221
NN,TCGA-LIHC,86.8909422279005,0.00365092514766951,0.3172323260845405
NN,TCGA-LIHC,37.988663681221404,0.008633948014567124,0.32799214736653975
NN,TCGA-LIHC,114.99594404588161,0.0019165240106741557,0.22039248789407384
NN,TCGA-LIHC,60.78097826503293,0.008313491021881598,0.5053021171075318
NN,TCGA-LIHC,22.518631112840264,0.013628662847541074,0.30689883122504863
NN,TCGA-LIHC,34.08184826498554,0.010521748880055123,0.35860064881232023
NN,TCGA-LIHC,39.33003379813222,0.011518885986540231,0.4530381751674589
NN,TCGA-LIHC,55.6238578523309,0.009222420706861412,0.5129866184528522
NN,TCGA-LIHC,29.79436701720159,0.01200652944076885,0.3577269447611033
NN,TCGA-LIHC,29.75479658860175,0.011502616227829558,0.342258006095818
NN,TCGA-LIHC,31.222052174148907,0.012516250384876347,0.39078302254132063
NN,TCGA-LIHC,124.32472961162559,0.0026108798127358395,0.3245969267668349
NN,TCGA-LIHC,96.11069521621815,0.003319988420595667,0.3190863952132436
NN,TCGA-LIHC,84.69746176703723,0.005044069613416872,0.42721989323264975
NN,TCGA-LIHC,175.4413570884201,0.0017317006344174093,0.30381190937306835
NN,TCGA-LIHC,161.2455197756445,0.0018671995610314539,0.301077563743372
NN,TCGA-LIHC,138.51440185223765,0.0020478253592574464,0.28365330473538886
NN,TCGA-LIHC,138.33766469153338,0.002309084181806738,0.3194333132873042
NN,TCGA-LIHC,90.52995201522744,0.0027361080702906666,0.24769973231189057
NN,TCGA-LIHC,125.00111639444206,0.0025890310247666743,0.32363176847568065
NN,TCGA-LIHC,109.4281993649098,0.002863912967652248,0.31339283918800065
NN,TCGA-LIHC,136.36937152999636,0.002066147109915567,0.2817591828677042
NN,TCGA-LIHC,139.9569132616991,0.0019214516945372858,0.26892044814889965
NN,TCGA-LIHC,113.71745092758758,0.002380320254045581,0.27068395168137116
NN,TCGA-LIHC,187.1562003502753,0.001512043992707054,0.2829884084375116
NN,TCGA-LIHC,147.11193915260668,0.002074273729930977,0.3051504307434564
NN,TCGA-LIHC,207.92821603724835,0.0014955646346346792,0.31097008644798796
NN,TCGA-LIHC,168.77350663236413,0.0014238702825572782,0.24031158057680696
NN,TCGA-LIHC,100.61878760838484,0.0025672163244421257,0.2583101940938206
NN,TCGA-LIHC,31.901904247837383,0.011406049954403712,0.3638747134914372
NN,TCGA-LIHC,191.47259742998324,0.0015701954278173494,0.30064939703687166
NN,TCGA-LIHC,77.69369720446885,0.00373855730330871,0.29046233910482255
NN,TCGA-LIHC,93.7481475629519,0.0035192156764763042,0.3299199505441542
NN,TCGA-LIHC,141.3931655966458,0.0022600664978859914,0.3195579565950253
NN,TCGA-LIHC,20.836178659306295,0.010265427264407701,0.21389227649531273
NN,TCGA-LIHC,40.904675941353055,0.006930362320691115,0.2834842248840336
NN,TCGA-LIHC,119.57445694188307,0.0026673411926415366,0.31894587458882645
NN,TCGA-LIHC,172.74509190280497,0.0017134817919996538,0.29599556963276313
NN,TCGA-LIHC,214.49738995728853,0.001246354035473077,0.26733968757170884
NN,TCGA-LIHC,95.98933726141493,0.0030786307312843865,0.29551572356861344
NN,TCGA-LIHC,92.72792072816927,0.0017247718596721724,0.1599345082778583
NN,TCGA-LIHC,61.39387587841788,0.0034994939363662925,0.21484749636654815
NN,TCGA-LIHC,113.38091254153916,0.003283232991106475,0.37225595261813926
NN,TCGA-LIHC,156.83504311037373,0.0019823523031924743,0.31090230893114035
NN,TCGA-LIHC,70.45117088992241,0.002562882030751081,0.1805580399191558
NN,TCGA-LIHC,39.681938790731515,0.013970897503472692,0.5543922995843871
NN,TCGA-LIHC,187.76812317339946,0.001422635558577384,0.2671256087938162
NN,TCGA-LIHC,53.77530055982509,0.011815864131429593,0.6354016450416831
NN,TCGA-LIHC,26.553738486156476,0.020092749314544998,0.5335376107663277
NN,TCGA-LIHC,31.163230844361536,0.015137191221416376,0.47172378436824147
NN,TCGA-LIHC,35.03727475420712,0.017539863647293638,0.6145490217615566
NN,TCGA-LIHC,44.504360667214186,0.013828462617259554,0.6154268877916078
NN,TCGA-LIHC,28.60322656949056,0.01801380553746503,0.5152529611668559
NN,TCGA-LIHC,30.207044566177778,0.017433230605632892,0.5266063738368072
NN,TCGA-LIHC,28.12862232251075,0.018288735691235746,0.5144369390149929
NN,TCGA-LIHC,121.91049099977789,0.002256135193491167,0.27504654920038707
NN,TCGA-LIHC,121.74980114366635,0.003236251294749611,0.39401295158669786
NN,TCGA-LIHC,118.06972797627284,0.0026996074081236327,0.3187419123198883
NN,TCGA-LIHC,138.50229485957829,0.002502442792318145,0.3465940694908741
NN,TCGA-LIHC,91.79790406158233,0.002560083120866888,0.23501026471901487
NN,TCGA-LIHC,140.99119023683,0.0019371146534038204,0.273116100608609
NN,TCGA-LIHC,129.55128330035143,0.0030557029724926858,0.39587024147112587
NN,TCGA-LIHC,97.65931355165273,0.002833233269126861,0.2766916161946342
NN,TCGA-LIHC,89.8272319606428,0.004066897177732674,0.36531811614427645
NN,TCGA-LIHC,122.63737074218069,0.0027636991497250974,0.33893279724468633
NN,TCGA-LIHC,126.51700204042399,0.0022242578479250855,0.2814064346843671
NN,TCGA-LIHC,120.88064263022694,0.001820019416232572,0.2200051166336838
NN,TCGA-LIHC,125.29233350504815,0.0019486854842000198,0.2441553515828351
NN,TCGA-LIHC,102.23320451445747,0.0028679055775481573,0.293195177437634
NN,TCGA-LIHC,133.97214595632488,0.0022829090430484377,0.3058462235202993
NN,TCGA-LIHC,115.17296448040315,0.0027045919247232868,0.3114958696801403
NN,TCGA-LIHC,62.29464958530267,0.00442086904103129,0.2753964877735573
NN,TCGA-LIHC,29.819305485540085,0.014853596702216004,0.4429239376223898
NN,TCGA-LIHC,116.18043760176886,0.0027350521258251515,0.3177595528420143
NN,TCGA-LIHC,90.22216361756182,0.00297849632068144,0.26872638237882673
NN,TCGA-LIHC,62.87091669412709,0.00360285210071495,0.2265146142853104
NN,TCGA-LIHC,118.15629998245133,0.002385952387627716,0.2819153060563864
NN,TCGA-LIHC,20.391064368960524,0.012528277158641713,0.25546490597404103
NN,TCGA-LIHC,40.9462850137922,0.008874805601388753,0.36339031959646334
NN,TCGA-LIHC,103.35469526327995,0.003030689785244961,0.3132360191915283
NN,TCGA-LIHC,134.83366261614387,0.0022666425366965398,0.3056197150643417
NN,TCGA-LIHC,130.92020379417053,0.0024241862305545833,0.3173749553392281
NN,TCGA-LIHC,98.75968841819746,0.0032938126161985246,0.3252959076836941
NN,TCGA-LIHC,46.05000421956651,0.002478001134341527,0.11411196269251792
NN,TCGA-LIHC,68.62925161632865,0.0033352143534608955,0.22889326505805865
NN,TCGA-LIHC,140.90217796803125,0.0021708423830280044,0.30587641979395697
NN,TCGA-LIHC,104.83136363140939,0.002704846448744048,0.2835527416354136
NN,TCGA-LIHC,65.12639544676715,0.0036699634798101916,0.2390114928613122
NN,TCGA-LIHC,43.21757164048301,0.013702080878434244,0.5921706619874243
NN,TCGA-LIHC,119.38733550748559,0.0019238599740356017,0.2296845161896109
NN,TCGA-LIHC,59.12494490247404,0.011440640533769413,0.6764272412081277
NN,TCGA-LIHC,29.86919587602533,0.018769832409970474,0.5606398008135767
NN,TCGA-LIHC,37.16684465921371,0.014298185721313323,0.5314184476126398
NN,TCGA-LIHC,39.33073297303541,0.01639659649887476,0.6448901585638505
NN,TCGA-LIHC,50.299850231545925,0.012893449934014714,0.6485386006488758
NN,TCGA-LIHC,32.18019428614376,0.016899742416926794,0.543836994362489
NN,TCGA-LIHC,35.060275503438014,0.016153000929931854,0.5663286628107013
NN,TCGA-LIHC,32.897048457819544,0.01709020391579521,0.5622172663719323
NN,TCGA-LIHC,162.66890906176565,0.0017403028566510652,0.2830931671285031
NN,TCGA-LIHC,130.92469221291265,0.002280019743543332,0.29851088316277474
NN,TCGA-LIHC,167.05639883161894,0.00200652291790378,0.33520249283811765
NN,TCGA-LIHC,104.92121112228072,0.001982901307524054,0.20804840672137775
NN,TCGA-LIHC,195.09865410425903,0.001437508248708638,0.2804559245868257
NN,TCGA-LIHC,194.95028513695513,0.001972600523140083,0.38455903444746603
NN,TCGA-LIHC,139.80208281696252,0.0016112652469619146,0.22525823749586316
NN,TCGA-LIHC,67.31486398302326,0.006067834676056301,0.4084554658902019
NN,TCGA-LIHC,89.81712507957066,0.0037994144799853528,0.34125248557797633
NN,TCGA-LIHC,204.89597830067618,0.0013084288908705784,0.26809181763179585
NN,TCGA-LIHC,133.5742150128267,0.001837988165931087,0.24550782646711
NN,TCGA-LIHC,108.80869843753504,0.00180828272402756,0.19675688960851917
NN,TCGA-LIHC,81.68951342528679,0.003413942296392353,0.27888328505429755
NN,TCGA-LIHC,131.80324192973953,0.0023712585439777945,0.31253956354986717
NN,TCGA-LIHC,89.77227307274323,0.0038373217726226892,0.34448509803986715
NN,TCGA-LIHC,49.77248033477718,0.005705851923938761,0.2839944026773925
NN,TCGA-LIHC,24.047516713186965,0.017802595923339003,0.4281082230046088
NN,TCGA-LIHC,83.64553152053794,0.004233610167221531,0.3541225726879985
NN,TCGA-LIHC,73.58775918844003,0.004111674138014564,0.3025688863295525
NN,TCGA-LIHC,64.25086161029344,0.003600442919739229,0.23133155977192604
NN,TCGA-LIHC,75.86722714729427,0.0036034064702722413,0.27338045718417403
NN,TCGA-LIHC,12.365838647719627,0.015489433551268927,0.19153983603956637
NN,TCGA-LIHC,35.16996212530349,0.009388201078554414,0.3301826763574921
NN,TCGA-LIHC,150.3037431147954,0.001843280310718517,0.2770519303107962
NN,TCGA-LIHC,93.32528710501279,0.0032849250842711536,0.30656657660806375
NN,TCGA-LIHC,105.19491187548846,0.003287253914758176,0.34580238587534073
NN,TCGA-LIHC,98.82962778116081,0.0030304286087113764,0.29949613141632636
NN,TCGA-LIHC,59.80908281273916,0.0023941844178211767,0.14319397411443646
NN,TCGA-LIHC,58.350467864234616,0.0030249923629098586,0.17650971966152684
NN,TCGA-LIHC,135.74581516355573,0.002388495686148153,0.3242282939308174
NN,TCGA-LIHC,120.46967830314198,0.0026370630170581295,0.31768613333010587
NN,TCGA-LIHC,48.791770142410414,0.004875012046864248,0.23786046723208212
NN,TCGA-LIHC,47.861924563328564,0.011562561699944397,0.5534064558415708
NN,TCGA-LIHC,131.97654911509662,0.0021264514017971543,0.2806417178701482
NN,TCGA-LIHC,62.546557555245485,0.010165008531968216,0.6357862911943114
NN,TCGA-LIHC,32.167321808086236,0.015870827368881048,0.5105220113353792
NN,TCGA-LIHC,36.98786388043001,0.012846609729298606,0.4751686519923047
NN,TCGA-LIHC,42.10318787429529,0.014002471765389607,0.5895486994427138
NN,TCGA-LIHC,56.67250885763571,0.01147784448281245,0.6504782431187538
NN,TCGA-LIHC,34.02610672120221,0.01441228091454409,0.49039380849422304
NN,TCGA-LIHC,36.918066220223665,0.013927995451398932,0.5141946583897198
NN,TCGA-LIHC,35.58837496247104,0.014746299519613006,0.5247968366128943
NN,TCGA-LIHC,101.03767606018756,0.0038755399388861415,0.39157554890349705
NN,TCGA-LIHC,125.10613691612322,0.003428091131689487,0.42887523848209275
NN,TCGA-LIHC,102.66969571327617,0.0028490020988092583,0.29250617857123173
NN,TCGA-LIHC,133.78191855818326,0.002830988025903928,0.3787350095206713
NN,TCGA-LIHC,139.52673783180367,0.0029438723566087735,0.4107489065108464
NN,TCGA-LIHC,134.28302942367154,0.0022466282707886,0.3016840501903579
NN,TCGA-LIHC,61.76235080603225,0.006825091977771968,0.42153372501458874
NN,TCGA-LIHC,77.3375624081454,0.005084787708761612,0.3932450867585218
NN,TCGA-LIHC,134.21446916697167,0.0028323776057948002,0.3801460568421673
NN,TCGA-LIHC,131.73692220920415,0.0020970393876397235,0.27625751467913134
NN,TCGA-LIHC,87.29058984065739,0.002803478206226899,0.24471726622697418
NN,TCGA-LIHC,78.80154344029748,0.0044398516935893455,0.34986716610085916
NN,TCGA-LIHC,96.41718693467581,0.004560133789754903,0.43967527205393014
NN,TCGA-LIHC,73.93573670835161,0.005610559689390669,0.4148208639812795
NN,TCGA-LIHC,47.75296596444834,0.006986758083184421,0.33363842094814
NN,TCGA-LIHC,21.107822556643697,0.01980753006623396,0.4180938299234514
NN,TCGA-LIHC,72.3779170943298,0.006136711106792141,0.44416236771925444
NN,TCGA-LIHC,64.96756124251436,0.004395516125567369,0.2855659630802575
NN,TCGA-LIHC,69.1848667593599,0.004064589879546812,0.2812081092478889
NN,TCGA-LIHC,79.42399696795891,0.004644983405636681,0.3689231479255072
NN,TCGA-LIHC,14.265216139091097,0.01777347121782253,0.25354240846415305
NN,TCGA-LIHC,33.45014183291574,0.01218512576790745,0.4075941851884205
NN,TCGA-LIHC,108.58981252933772,0.003363299956691754,0.36522011177708724
NN,TCGA-LIHC,77.07729516625818,0.005280321887834777,0.40699292872149473
NN,TCGA-LIHC,81.91760141790816,0.005030058768107313,0.41205034927446893
NN,TCGA-LIHC,74.82491521525236,0.003093733943973883,0.23148838005639408
NN,TCGA-LIHC,78.79172348045856,0.0028911620419600575,0.22779964014731477
NN,TCGA-LIHC,63.969653496228396,0.0027841886931252377,0.17810358596733844
NN,TCGA-LIHC,137.19850029700885,0.0027827928798050705,0.3817950097464501
NN,TCGA-LIHC,101.02659823804558,0.003889684859399125,0.3929616295631242
NN,TCGA-LIHC,56.813856569355174,0.00565332252378712,0.32118705500674644
NN,TCGA-LIHC,56.45631316919086,0.01087351029309442,0.6138783023553588
NN,TCGA-LIHC,106.2843810543831,0.0036447034656528726,0.3873750519736806
NN,TCGA-LIHC,65.45801874349401,0.01043420332285334,0.6830022766807615
NN,TCGA-LIHC,32.80566117817417,0.015116536571524857,0.4959079769529231
NN,TCGA-LIHC,39.47077312880494,0.01220086128153089,0.4815774276193261
NN,TCGA-LIHC,46.75880020798203,0.013281975750079599,0.6210492504652342
NN,TCGA-LIHC,60.4639581073681,0.010723165962791735,0.648365057552595
NN,TCGA-LIHC,35.701778847838945,0.013558594724649566,0.4840659503469146
NN,TCGA-LIHC,37.685574615861455,0.013263207813962105,0.4998316077187456
NN,TCGA-LIHC,36.488348118865396,0.013832297995125371,0.5047177045300184
NN,TCGA-LIHC,275.7305137389612,0.0013139038873660816,0.36228339386706787
NN,TCGA-LIHC,144.04278540373878,0.0019458344797488973,0.2802834183976661
NN,TCGA-LIHC,178.4040884402396,0.0018379233542087548,0.3278930406306405
NN,TCGA-LIHC,163.36821927934477,0.002318372668811362,0.3787484145296144
NN,TCGA-LIHC,176.13688553067232,0.0014502524186979318,0.25544294426277825
NN,TCGA-LIHC,82.56626899424609,0.004366225537599168,0.3605029522269596
NN,TCGA-LIHC,101.1577704357989,0.002981765273662336,0.3016287270465716
NN,TCGA-LIHC,218.01467150196336,0.0013797333250025277,0.3008021076107377
NN,TCGA-LIHC,120.32413463777156,0.002594355448879584,0.31216357432922337
NN,TCGA-LIHC,157.47186410835366,0.0015342472608800882,0.24160077617392306
NN,TCGA-LIHC,111.5968812224315,0.002383301986866004,0.26596906874547044
NN,TCGA-LIHC,209.76579889166806,0.0015240373258966378,0.3196909072074297
NN,TCGA-LIHC,144.88730727444272,0.002283721678566035,0.3308822845717032
NN,TCGA-LIHC,69.7605820967603,0.0037768193885544376,0.2634731190198879
NN,TCGA-LIHC,28.29337332972745,0.013471201096254833,0.3811457218161717
NN,TCGA-LIHC,107.32066446570596,0.0030868664386527063,0.3312845573130958
NN,TCGA-LIHC,92.55113329206372,0.0037641201986545556,0.34837359023302716
NN,TCGA-LIHC,91.33008780038719,0.0029283407819697105,0.26744562072674816
NN,TCGA-LIHC,113.0660730847585,0.002475153614439128,0.2798558994661786
NN,TCGA-LIHC,21.26258338341123,0.01172867379895183,0.24938190462704385
NN,TCGA-LIHC,40.49996621355394,0.0056337024823599115,0.22816476019279136
NN,TCGA-LIHC,165.81238442960316,0.0016403442252321192,0.2719893872710677
NN,TCGA-LIHC,162.9021116517485,0.001891103688494399,0.308064784208148
NN,TCGA-LIHC,182.66849751199237,0.0015675531108230798,0.28634257152430165
NN,TCGA-LIHC,105.55225652332028,0.002746855693314426,0.2899368167732671
NN,TCGA-LIHC,94.27834396946722,0.0017905301144902934,0.1688082140216054
NN,TCGA-LIHC,69.16866763936561,0.0028985935690789806,0.20049185520122653
NN,TCGA-LIHC,123.77528775784842,0.002813495788208026,0.3482412507909429
NN,TCGA-LIHC,202.00217110026276,0.0016220798109050603,0.32766364350072585
NN,TCGA-LIHC,99.64443013260838,0.002751581609809218,0.2741797814728047
NN,TCGA-LIHC,33.96777609767273,0.012367350792326069,0.42009140263510736
NN,TCGA-LIHC,220.2451469709186,0.0013424151777611084,0.2956604281219871
NN,TCGA-LIHC,61.3902368256658,0.009552376276778783,0.5864226418793212
NN,TCGA-LIHC,18.548203430917297,0.017462985870205772,0.32390701443181097
NN,TCGA-LIHC,24.376615476913972,0.01390915216009922,0.33905805381662607
NN,TCGA-LIHC,30.77144603026787,0.014944541466422247,0.45986515118111243
NN,TCGA-LIHC,41.28659408217481,0.012070244217292983,0.49833927347209317
NN,TCGA-LIHC,22.285943462405147,0.01557457826170072,0.3470941705910665
NN,TCGA-LIHC,22.10863221106372,0.01488407697472896,0.32906658363544455
NN,TCGA-LIHC,23.132559965234986,0.016077848002553498,0.3719217830310023
NN,TCGA-LIHC,235.7864889605087,0.0014343860082686678,0.3382088407037484
NN,TCGA-LIHC,291.37077981596565,0.0012588971462969905,0.36680584322464793
NN,TCGA-LIHC,92.91542744586457,0.002113710518053333,0.19639631628174525
NN,TCGA-LIHC,251.5808140511913,0.0015130208309801904,0.38064701233440623
NN,TCGA-LIHC,88.18220121029015,0.004038064407412707,0.35608540807457834
NN,TCGA-LIHC,123.81304445466965,0.0024862526615117295,0.3078305113052925
NN,TCGA-LIHC,280.84434080442486,0.0011742807937453778,0.32979011543871745
NN,TCGA-LIHC,159.4076695261902,0.001989434630231819,0.3171311380799522
NN,TCGA-LIHC,256.2711049487121,0.0014473785777202623,0.37092130739146695
NN,TCGA-LIHC,125.86026983095178,0.0022712066322327917,0.2858546795746664
NN,TCGA-LIHC,237.94059740718743,0.0013510335290348179,0.32146572501568527
NN,TCGA-LIHC,114.00695002305484,0.0023622455533228595,0.2693124107398628
NN,TCGA-LIHC,87.54261797844522,0.0033125257845594705,0.28998717930143925
NN,TCGA-LIHC,30.012401564533352,0.014474519348341121,0.43441508713602134
NN,TCGA-LIHC,112.13764837676138,0.0028844550990109914,0.323456011651451
NN,TCGA-LIHC,89.71835683058032,0.0039025168484611026,0.35012739914758495
NN,TCGA-LIHC,125.02323425836319,0.003071641508664559,0.3840265558954813
NN,TCGA-LIHC,130.38407928380292,0.0022058171873743926,0.28760344304419794
NN,TCGA-LIHC,25.574637021332986,0.01169726741035787,0.2991533681613702
NN,TCGA-LIHC,42.52552205769248,0.006989638629440731,0.2972380317115812
NN,TCGA-LIHC,204.57627884926575,0.0019499970533078835,0.3989231409327601
NN,TCGA-LIHC,123.89372308436602,0.0026037617086471132,0.32258973210880115
NN,TCGA-LIHC,220.0262836583424,0.0013664130580014018,0.3006467870942795
NN,TCGA-LIHC,102.86872543306403,0.0029749963350768215,0.3060340811573893
NN,TCGA-LIHC,112.12549705389853,0.0016757669775740891,0.18789620530700396
NN,TCGA-LIHC,61.62314002828367,0.003050056095113785,0.18795403384331688
NN,TCGA-LIHC,155.64748177341392,0.002295546795789764,0.35729607805770597
NN,TCGA-LIHC,240.85749001544636,0.0014031863891815367,0.3379679517221022
NN,TCGA-LIHC,86.42486945254791,0.0031006004920058295,0.26796899274610964
NN,TCGA-LIHC,45.97205692587726,0.012425272115046383,0.5712153169924277
NN,TCGA-LIHC,276.125699378174,0.001120619093990988,0.3094317310647972
NN,TCGA-LIHC,64.67784987122516,0.010455836822253543,0.6762610442677426
NN,TCGA-LIHC,29.135357562169318,0.017749340065743704,0.5171333693079807
NN,TCGA-LIHC,35.33900305136068,0.014268155682959362,0.50422239721739
NN,TCGA-LIHC,39.36795342996568,0.015433161741815419,0.6075719927289175
NN,TCGA-LIHC,49.46621276326138,0.01268928414787849,0.6276908294724373
NN,TCGA-LIHC,32.3861409112755,0.015978137280843054,0.5174702054770874
NN,TCGA-LIHC,33.36293554370457,0.015402212560959055,0.5138630249017139
NN,TCGA-LIHC,32.339480211758435,0.016506000832862192,0.5337954873096151
NN,TCGA-LIHC,197.65687720048953,0.001650908269131272,0.32631337302095254
NN,TCGA-LIHC,128.38119077706537,0.0028587459000524074,0.3670092027777816
NN,TCGA-LIHC,208.64808492636786,0.0014561289116846563,0.30381850882891975
NN,TCGA-LIHC,98.56962140002558,0.003486186773100027,0.34363211035424657
NN,TCGA-LIHC,101.49388113905893,0.002424196366595402,0.24604109788897227
NN,TCGA-LIHC,205.7442784083823,0.0013966091485563637,0.28734434148827426
NN,TCGA-LIHC,180.56693487377854,0.0015560543922536426,0.2809719721061205
NN,TCGA-LIHC,200.9372695069818,0.001514398125895845,0.3042990243640016
NN,TCGA-LIHC,83.34175563861768,0.0024018776842473907,0.20017670303439494
NN,TCGA-LIHC,148.04316217888928,0.0019608494641488077,0.2902903552293701
NN,TCGA-LIHC,77.49384011006462,0.002940731534155257,0.22788857931445256
NN,TCGA-LIHC,51.20653947524671,0.00357897590167017,0.18326697078983023
NN,TCGA-LIHC,22.29633484036652,0.014065077389295723,0.3135996750274056
NN,TCGA-LIHC,109.22086943893103,0.002857311188450351,0.31207801226013265
NN,TCGA-LIHC,113.63546430923176,0.0029904221581698418,0.33981801042424487
NN,TCGA-LIHC,146.4663806470485,0.0024304678435343287,0.3559818283215101
NN,TCGA-LIHC,108.00761801761489,0.002480994029156326,0.2679662554050998
NN,TCGA-LIHC,16.365710276122662,0.012407333183880279,0.20305482018670717
NN,TCGA-LIHC,37.29860112576279,0.007944846066225785,0.29633164442974114
NN,TCGA-LIHC,208.75903292967286,0.0015017803861708567,0.31351022108977866
NN,TCGA-LIHC,80.16792479174504,0.0031399458973310496,0.251722946547384
NN,TCGA-LIHC,154.49770855517593,0.0019572042559781195,0.30238357272305744
NN,TCGA-LIHC,208.87151306308212,0.0015236900612863415,0.3182554485400585
NN,TCGA-LIHC,162.33933835454536,0.0013414461132471025,0.21776947446281114
NN,TCGA-LIHC,149.77251244087603,0.001908201696883134,0.2857961623861299
NN,TCGA-LIHC,122.84408428555764,0.002085501300595873,0.2561914975480395
NN,TCGA-LIHC,146.7962919935199,0.002041042920302387,0.29961753250001577
NN,TCGA-LIHC,124.29094467329227,0.0026663148920856913,0.3313987967337979
NN,TCGA-LIHC,37.81510885108454,0.011034804606347882,0.41728233733949427
NN,TCGA-LIHC,191.11098664167923,0.001374292304066139,0.2626423581641465
NN,TCGA-LIHC,61.75436723758649,0.009606324158831791,0.5932324699077975
NN,TCGA-LIHC,23.341458730067238,0.01662532992354513,0.3880594522841806
NN,TCGA-LIHC,30.505436482099547,0.012557826382194276,0.3830819750552614
NN,TCGA-LIHC,34.687418279501514,0.014238788851186148,0.4939068246745968
NN,TCGA-LIHC,48.25485375831976,0.011192069426409833,0.5400716734243682
NN,TCGA-LIHC,23.879086903515542,0.014711639801477673,0.3513005253127035
NN,TCGA-LIHC,26.951273315986178,0.01415792488282883,0.3815741031043214
NN,TCGA-LIHC,26.617103928731837,0.015153318425748259,0.4033374514033085
NN,TCGA-LIHC,179.58832719278985,0.002300563918906518,0.4131544257965106
NN,TCGA-LIHC,236.95903440384666,0.0014212415194844667,0.33677601811169505
NN,TCGA-LIHC,85.53078009445069,0.005068548174381146,0.43351687930112326
NN,TCGA-LIHC,111.20815062595268,0.0032583161916870038,0.36235131783210883
NN,TCGA-LIHC,281.1005163040401,0.0010934003403385933,0.3073554001961918
NN,TCGA-LIHC,218.45330501220883,0.0012758486006653545,0.2787133435105485
NN,TCGA-LIHC,257.8709290529953,0.0010058994458273457,0.2593922246293907
NN,TCGA-LIHC,80.05097703067754,0.003176320002973709,0.25426751960013
NN,TCGA-LIHC,153.72030763249444,0.0015013445325947564,0.23078714341282952
NN,TCGA-LIHC,113.59057369836181,0.002783339626326863,0.3161611449518523
NN,TCGA-LIHC,60.23126886719544,0.004705548364009091,0.28342114868022317
NN,TCGA-LIHC,25.332600653770825,0.01711187921324614,0.43348840254472654
NN,TCGA-LIHC,112.8259957207468,0.003153898522003472,0.35584174114723344
NN,TCGA-LIHC,101.9878697485808,0.0037190498447846254,0.37929797115837405
NN,TCGA-LIHC,123.35726135289244,0.002466338387867217,0.30424074909680765
NN,TCGA-LIHC,101.41485406962335,0.0029632142488660107,0.300513940625775
NN,TCGA-LIHC,21.03698762517617,0.01452602872081952,0.3055838864428339
NN,TCGA-LIHC,28.95092328130895,0.008815282409495872,0.2552105647403873
NN,TCGA-LIHC,233.29245020016944,0.0015473910077671105,0.36099463961969863
NN,TCGA-LIHC,118.14087269379509,0.0026766911925411255,0.3162266334186037
NN,TCGA-LIHC,157.90504321356732,0.001980385903298795,0.3127129216399358
NN,TCGA-LIHC,132.1814546020018,0.002484115543830036,0.3283540059828969
NN,TCGA-LIHC,118.44334289024923,0.0013908670473896745,0.16473894260872374
NN,TCGA-LIHC,94.5986861516501,0.002360393661186434,0.2232901391489198
NN,TCGA-LIHC,151.94787382473453,0.002105312435058823,0.31989774824396267
NN,TCGA-LIHC,193.1476174271715,0.0014122602825564464,0.27277470876280163
NN,TCGA-LIHC,92.40993484032185,0.0035751392336510128,0.3303783836267683
NN,TCGA-LIHC,47.06116456541624,0.009960225474490481,0.46873981016364763
NN,TCGA-LIHC,203.4167044610966,0.0013191527185332152,0.2683376986849232
NN,TCGA-LIHC,65.79946956200227,0.009484579924244906,0.6240803280337306
NN,TCGA-LIHC,32.16789202300492,0.014729492261944931,0.473816716635931
NN,TCGA-LIHC,38.36897371557382,0.01157895778584634,0.4442727269388771
NN,TCGA-LIHC,44.52074016465031,0.012795913810915514,0.56968355394503
NN,TCGA-LIHC,59.36168532082688,0.010407327574567516,0.6177965045122413
NN,TCGA-LIHC,33.91184866524142,0.013180600785662633,0.44697853916035335
NN,TCGA-LIHC,36.32901341425442,0.012683175334498354,0.46076724686233145
NN,TCGA-LIHC,33.99481031496361,0.013639056814300235,0.46365714927714835
NN,TCGA-LIHC,204.7305376675212,0.002122666188695753,0.4345745901003495
NN,TCGA-LIHC,48.18286900522189,0.005619787748464784,0.27077749692142955
NN,TCGA-LIHC,85.05263008038271,0.003993864821538304,0.3396887072573511
NN,TCGA-LIHC,175.19513502060855,0.002199767623300173,0.3853885857780369
NN,TCGA-LIHC,144.7786785314023,0.002386543142127509,0.3455205623754014
NN,TCGA-LIHC,173.1911778531465,0.002457432117116009,0.4256055628574731
NN,TCGA-LIHC,111.7060787375472,0.0034785840502805304,0.3885789838158128
NN,TCGA-LIHC,168.82575327051984,0.002387908084242177,0.4031403810629494
NN,TCGA-LIHC,91.22863301538607,0.0029604241330183894,0.27007544680102713
NN,TCGA-LIHC,72.66941766294401,0.004701338046750463,0.3416434980939988
NN,TCGA-LIHC,25.82445087921454,0.016654767420759595,0.4301002231621488
NN,TCGA-LIHC,60.1234206937083,0.003580981822552556,0.2153008766138496
NN,TCGA-LIHC,44.89753725388129,0.004644364991856159,0.20852055024248395
NN,TCGA-LIHC,85.69733352213194,0.004485987965383862,0.3844372068457709
NN,TCGA-LIHC,113.10067419421365,0.0035515993600938635,0.40168828209435375
NN,TCGA-LIHC,24.025706388866766,0.014307868576131054,0.3437566494606179
NN,TCGA-LIHC,45.35823041422195,0.009676864405467594,0.43892544539038203
NN,TCGA-LIHC,124.94809925752504,0.003238739764999515,0.40467437762645275
NN,TCGA-LIHC,78.81512051557745,0.002966363919220817,0.23379432978644935
NN,TCGA-LIHC,114.32496892701535,0.0030121527537499988,0.3443642699758923
NN,TCGA-LIHC,53.66530683162579,0.004294854550420565,0.23048468724552384
NN,TCGA-LIHC,29.304064685212673,0.002509525677554597,0.07353930278426207
NN,TCGA-LIHC,36.54257718458132,0.004044489483040807,0.1477960691062461
NN,TCGA-LIHC,99.95489204974128,0.0034474041835099267,0.3445849130145612
NN,TCGA-LIHC,186.6065815704242,0.002135617319435612,0.39852024752247217
NN,TCGA-LIHC,35.598667081222864,0.004674630505849334,0.16641061510545885
NN,TCGA-LIHC,51.64435938758273,0.012818928537807948,0.662025352370294
NN,TCGA-LIHC,134.57197859757284,0.002775093473816247,0.37344981956466405
NN,TCGA-LIHC,63.07071873063481,0.011365989299467525,0.7168611142021213
NN,TCGA-LIHC,31.930324038252298,0.01752474601816204,0.5595708190479856
NN,TCGA-LIHC,35.48240411114173,0.014123675801381814,0.5011419723193831
NN,TCGA-LIHC,42.58016631902544,0.015533640388143276,0.6614249912670715
NN,TCGA-LIHC,53.08201164601389,0.01260511032742253,0.6691046131995326
NN,TCGA-LIHC,36.099946401130126,0.01596887307784062,0.5764754621964963
NN,TCGA-LIHC,38.46378403166415,0.015568540480540141,0.5988249787317168
NN,TCGA-LIHC,35.807742565725206,0.016278832630660538,0.5829082481092198
NN,TCGA-LIHC,79.28129514232847,0.0052871160516758395,0.41916940814465464
NN,TCGA-LIHC,79.36932160137808,0.0038655757027755695,0.30680812112806727
NN,TCGA-LIHC,227.362147145288,0.0013712946271868614,0.311780490806002
NN,TCGA-LIHC,176.50946923943232,0.001804556350171369,0.31852128358139553
NN,TCGA-LIHC,222.24967433420582,0.0013219541627596011,0.2938038821580691
NN,TCGA-LIHC,72.13213417616291,0.0033608596964929066,0.2424259825746845
NN,TCGA-LIHC,117.87398795881184,0.0023574425519648696,0.2778811549838977
NN,TCGA-LIHC,106.5551511520862,0.0031500285075480227,0.33565176375516004
NN,TCGA-LIHC,54.66941793635827,0.004697729567589425,0.25682214108253393
NN,TCGA-LIHC,22.490950876082945,0.01649012790086763,0.37087865655873864
NN,TCGA-LIHC,103.96617940955325,0.0035520010851247986,0.36928798207901264
NN,TCGA-LIHC,102.59659358963344,0.0034272769985380126,0.35162694533810324
NN,TCGA-LIHC,166.45394804337727,0.0019402520866720683,0.32296262002596676
NN,TCGA-LIHC,76.6466513255859,0.003205311826921445,0.24567641798782475
NN,TCGA-LIHC,13.734303902700335,0.01500684102793979,0.20610851529723695
NN,TCGA-LIHC,27.24352922475649,0.008649066959818555,0.23563110848669255
NN,TCGA-LIHC,239.61425126015908,0.0013093774663589784,0.31374550121853073
NN,TCGA-LIHC,105.54099380311462,0.003090862027288881,0.3262126500683781
NN,TCGA-LIHC,127.06614183050334,0.0024074185942841615,0.30590139254670223
NN,TCGA-LIHC,176.66490537822435,0.001770008485904395,0.3126983816809541
NN,TCGA-LIHC,242.0996571069522,0.0010938705583924907,0.26482568710621235
NN,TCGA-LIHC,114.69863248839992,0.001676811373208093,0.19232797144796426
NN,TCGA-LIHC,112.97302448585607,0.0026648916925812623,0.3010608744381374
NN,TCGA-LIHC,256.6592137645906,0.0011627262958344565,0.2984244169122864
NN,TCGA-LIHC,107.254622210439,0.0027488362301495116,0.2948253913830532
NN,TCGA-LIHC,43.31532536409315,0.008339641834313362,0.36123429947328584
NN,TCGA-LIHC,167.92506849160455,0.0017320608416467136,0.2908564354651506
NN,TCGA-LIHC,70.17144224268011,0.008235362426067464,0.577887258828331
NN,TCGA-LIHC,38.16693179266918,0.013307909632423755,0.5079220792437227
NN,TCGA-LIHC,46.660610855904544,0.010652801780446832,0.4970662384025167
NN,TCGA-LIHC,49.78485777301867,0.011198347205438653,0.5575081229156444
NN,TCGA-LIHC,63.366342495957845,0.009209836289458737,0.5835936406495439
NN,TCGA-LIHC,40.68831597490821,0.011793872239172342,0.47987280023514245
NN,TCGA-LIHC,44.94200226592062,0.011121724816124773,0.4998325818872252
NN,TCGA-LIHC,44.408777134478456,0.012345325912303851,0.5482408270920036
NN,TCGA-LIHC,115.06991553710017,0.0020764990052340795,0.23894256514515805
NN,TCGA-LIHC,78.91757781541888,0.004934480701206842,0.3894172647161737
NN,TCGA-LIHC,86.81053061466334,0.0037626549235195133,0.32663807043060444
NN,TCGA-LIHC,94.22043818703058,0.004191509233030133,0.3949258366010836
NN,TCGA-LIHC,151.95365700141596,0.002141054342461969,0.3253410371758582
NN,TCGA-LIHC,111.92591132357578,0.0034810007983448483,0.389614186672842
NN,TCGA-LIHC,127.50980638834444,0.0025865232059303716,0.32980707320714164
NN,TCGA-LIHC,88.58980662011135,0.0018952062855357252,0.16789595834082943
NN,TCGA-LIHC,43.46414841558108,0.007586531827377891,0.32974214530468215
NN,TCGA-LIHC,111.58825107372236,0.0027932879143393553,0.31169811310649426
NN,TCGA-LIHC,89.30167717796796,0.0028693966836581906,0.2562419363395756
NN,TCGA-LIHC,81.34239835177397,0.004598498978227227,0.3740529357071847
NN,TCGA-LIHC,120.3021079958886,0.0021119852351709303,0.25407627584725545
NN,TCGA-LIHC,33.01704831913812,0.006121569910266182,0.20211616951624053
NN,TCGA-LIHC,45.50542454559659,0.006680898144807386,0.30401710642534874
NN,TCGA-LIHC,71.64656706279825,0.005608541207203289,0.4018327237263579
NN,TCGA-LIHC,85.89512994954988,0.003600355889555389,0.3092530369979874
NN,TCGA-LIHC,108.35047127683697,0.0028498782539080614,0.3087856518925477
NN,TCGA-LIHC,77.59527061923367,0.004112598987833659,0.31911823140933926
NN,TCGA-LIHC,35.6155585308011,0.004157066027787882,0.14805622842908417
NN,TCGA-LIHC,66.95546151880559,0.00448077170229469,0.30001213728754517
NN,TCGA-LIHC,88.63679185227363,0.0033205413319464788,0.29432213087661147
NN,TCGA-LIHC,85.21106038769604,0.004972326944593981,0.42369725154316584
NN,TCGA-LIHC,47.59888652143494,0.0027860777030122344,0.13261419642557948
NN,TCGA-LIHC,29.454360017150353,0.019277214558415252,0.5677980177314149
NN,TCGA-LIHC,118.18691258969332,0.0028747677852208236,0.33975992894755974
NN,TCGA-LIHC,43.421163765105575,0.014873752321374147,0.645835635348006
NN,TCGA-LIHC,20.753137723330674,0.02591996857957465,0.5379206777163165
NN,TCGA-LIHC,23.560196736911546,0.019128355977118483,0.4506678300745893
NN,TCGA-LIHC,28.36896209887325,0.02262648437129426,0.6418898775599948
NN,TCGA-LIHC,35.171434045907255,0.017492169761689658,0.615224695093081
NN,TCGA-LIHC,23.247112013987294,0.023184873324315552,0.5389813472004696
NN,TCGA-LIHC,23.269259910041356,0.022424491462557136,0.5218013201927454
NN,TCGA-LIHC,22.335397692130094,0.02338071851852357,0.5222176464389747
NN,TCGA-LIHC,97.7763588535979,0.002779365853441776,0.2717562730715595
NN,TCGA-LIHC,85.62889564201862,0.0024556677147075205,0.2102761144741646
NN,TCGA-LIHC,85.39439080279878,0.0028183251450283166,0.2406691588439026
NN,TCGA-LIHC,182.80931782005172,0.0017162496570656332,0.3137464290170661
NN,TCGA-LIHC,164.2096447559433,0.0021150725737444954,0.3473153159676223
NN,TCGA-LIHC,152.35800292631106,0.0019223574927870104,0.29288654851145934
NN,TCGA-LIHC,191.61216160678683,0.0013773074466422966,0.2639088570482547
NN,TCGA-LIHC,38.647414412717985,0.009589292761887282,0.37060137129353476
NN,TCGA-LIHC,129.01036844427387,0.002038381104232136,0.2629722972868337
NN,TCGA-LIHC,91.55375705009075,0.002856743626858486,0.2615456119677969
NN,TCGA-LIHC,61.56732266262657,0.0036756921532706925,0.22630252480890137
NN,TCGA-LIHC,181.80676717726394,0.0016254418848964973,0.29551633432755053
NN,TCGA-LIHC,32.49247250734873,0.006756725176473797,0.21954270703628587
NN,TCGA-LIHC,44.89191299996569,0.0068869771895655515,0.30916958082672497
NN,TCGA-LIHC,77.05528832889652,0.003996715617760759,0.30796807429515904
NN,TCGA-LIHC,111.68207696551606,0.0028008947197754575,0.3128097396662702
NN,TCGA-LIHC,145.95689152672597,0.0017037734657018933,0.2486774789195652
NN,TCGA-LIHC,80.35665569517458,0.003541220284419667,0.2845606191358794
NN,TCGA-LIHC,60.71010275770112,0.0030983344742062527,0.18810020430678948
NN,TCGA-LIHC,49.219643199813575,0.0038545676442889327,0.1897204441414472
NN,TCGA-LIHC,125.1070458649243,0.00285211527280962,0.35681971624744424
NN,TCGA-LIHC,88.22462433208574,0.0034616658399421302,0.3054041682921085
NN,TCGA-LIHC,62.99008421775548,0.002654726945576563,0.16722147387701247
NN,TCGA-LIHC,33.16981531065277,0.01702038276564477,0.5645629528530545
NN,TCGA-LIHC,169.24375454625815,0.0016099146978783261,0.27246800796813275
NN,TCGA-LIHC,48.46258395373404,0.014024429100191254,0.6796600726712094
NN,TCGA-LIHC,21.418655087494475,0.023292600722847126,0.4988961809733871
NN,TCGA-LIHC,25.547758892733146,0.01719272484153337,0.4392355889605982
NN,TCGA-LIHC,30.228568284430892,0.020459030786408747,0.6184472091602307
NN,TCGA-LIHC,38.860235084747536,0.015909262688314996,0.6182376880929233
NN,TCGA-LIHC,23.273954178520224,0.020860923575881873,0.485516179426687
NN,TCGA-LIHC,24.89257252606209,0.020255565544634695,0.5042131343762235
NN,TCGA-LIHC,23.59730428561882,0.02109234716998657,0.4977225342680841
NN,TCGA-LIHC,182.62411027526144,0.0016605547586706331,0.30325733536557586
NN,TCGA-LIHC,184.51287979032708,0.0011420657582859148,0.21072584197125774
NN,TCGA-LIHC,93.2616083282297,0.0027452284768019496,0.25602442297500605
NN,TCGA-LIHC,171.61239126472978,0.0013868349334894303,0.2379980592255836
NN,TCGA-LIHC,113.36525653721506,0.002725671479327942,0.30899644649018265
NN,TCGA-LIHC,64.68640440535007,0.004407541622119298,0.28510801980182154
NN,TCGA-LIHC,24.991951174743377,0.015587091164272095,0.3895518213337621
NN,TCGA-LIHC,104.35353550091507,0.0032114964795676437,0.33513101189162586
NN,TCGA-LIHC,90.46984211481848,0.0039033614961338607,0.353136498272292
NN,TCGA-LIHC,117.90350186157376,0.002890583660303441,0.3408099359736214
NN,TCGA-LIHC,89.47227202768144,0.003027932052103252,0.27091596024711784
NN,TCGA-LIHC,19.877949975663093,0.013356240463583871,0.2654946797980474
NN,TCGA-LIHC,27.27435503160717,0.00770126085185369,0.210046922664475
NN,TCGA-LIHC,234.9031489884995,0.001263025899446788,0.2966887610340824
NN,TCGA-LIHC,118.51306152961979,0.0024837479916822785,0.29435657856231146
NN,TCGA-LIHC,141.62497027951463,0.0019251237491827657,0.27264559376239694
NN,TCGA-LIHC,134.3767952243733,0.0024979974077498045,0.3356728861322108
NN,TCGA-LIHC,123.23553472856675,0.0015960694571749755,0.19669247301889137
NN,TCGA-LIHC,98.90270537482826,0.00270680443330966,0.26771028137490427
NN,TCGA-LIHC,127.4754277330204,0.0024097120491106813,0.30717907417379714
NN,TCGA-LIHC,162.57585293161344,0.0017666820418773062,0.2872198398171675
NN,TCGA-LIHC,88.46490916982202,0.003688459054832999,0.32629919526240886
NN,TCGA-LIHC,39.817044404120814,0.011409498683653364,0.454292515715784
NN,TCGA-LIHC,197.5620106146259,0.0011762394698805133,0.23238023463387592
NN,TCGA-LIHC,61.60853531697646,0.010057878240878346,0.6196511468170026
NN,TCGA-LIHC,19.933995048038717,0.01637093103599937,0.32633805820339473
NN,TCGA-LIHC,27.71195160928568,0.012934228210164914,0.35843270626354784
NN,TCGA-LIHC,31.15885038380543,0.014207996839989391,0.44270484779080976
NN,TCGA-LIHC,46.9419535112569,0.011529585608176657,0.5412212716230852
NN,TCGA-LIHC,22.307472346140532,0.014668755858286404,0.3272228656610109
NN,TCGA-LIHC,24.289238183913895,0.014114692563092961,0.342835129557683
NN,TCGA-LIHC,24.90169379861462,0.015035078287086511,0.3743989157432275
NN,TCGA-LIHC,216.71111492332443,0.0012305813590766759,0.26668065832936627
NN,TCGA-LIHC,79.3952677398944,0.0026033708399248127,0.20669532486206424
NN,TCGA-LIHC,100.95660643912426,0.002196911724949793,0.22179275239725385
NN,TCGA-LIHC,69.62897173227563,0.0026351938001250275,0.18348583461797352
NN,TCGA-LIHC,42.774729562805284,0.003739441611577372,0.15995360365112285
NN,TCGA-LIHC,15.201112648914824,0.014974665539476328,0.22763157774540255
NN,TCGA-LIHC,97.66775956907298,0.002794005768695165,0.2728842836515223
NN,TCGA-LIHC,116.12668350409295,0.0026301900946655863,0.3054352526788308
NN,TCGA-LIHC,124.89587965696238,0.002075542499404971,0.2592267062285942
NN,TCGA-LIHC,40.34304723317764,0.0025878215811656483,0.1044006082800022
NN,TCGA-LIHC,10.823677472753445,0.013035622799682005,0.14109337684022932
NN,TCGA-LIHC,23.44493037503204,0.00974472391295067,0.22846437366303826
NN,TCGA-LIHC,160.3941486720881,0.002283671883148438,0.366287607543978
NN,TCGA-LIHC,76.55171258222367,0.0029446244346847117,0.22541604338657692
NN,TCGA-LIHC,119.77637916107602,0.0023190927123596388,0.2777725280252763
NN,TCGA-LIHC,164.15697482346405,0.001773400751713464,0.29111610255093934
NN,TCGA-LIHC,145.84887820266903,0.001325465350544348,0.1933176344734006
NN,TCGA-LIHC,99.5472743041148,0.0016869565527632261,0.16793192669704476
NN,TCGA-LIHC,89.02946353572045,0.0020056271128470428,0.17855990590946808
NN,TCGA-LIHC,125.65021159545084,0.0021247345542763675,0.2669733463289915
NN,TCGA-LIHC,90.70073162649666,0.003018168225401572,0.27375006621576764
NN,TCGA-LIHC,47.848398636397626,0.010852751584437818,0.5192867841139767
NN,TCGA-LIHC,179.73558570768037,0.0016293136634710403,0.29284564560549387
NN,TCGA-LIHC,60.3970816504328,0.01022420449025235,0.6175121134084929
NN,TCGA-LIHC,23.42643508950753,0.016040493597200646,0.3757715820584821
NN,TCGA-LIHC,22.307115115249808,0.011829149030782263,0.26387418914510563
NN,TCGA-LIHC,35.225400730447596,0.014037578498533078,0.4944793278959425
NN,TCGA-LIHC,47.98856350957509,0.01071735991421646,0.5143107068983508
NN,TCGA-LIHC,24.825099794566363,0.014250240060490138,0.35376363159819507
NN,TCGA-LIHC,23.77884597146523,0.013896358452480499,0.3304393672058027
NN,TCGA-LIHC,24.316391744670433,0.01452178096750308,0.3531173148361041
NN,TCGA-LIHC,67.84520928473644,0.0025679030564991403,0.17421992029109856
NN,TCGA-LIHC,125.92950477366833,0.00182946590088481,0.23038373489873712
NN,TCGA-LIHC,117.48410253801826,0.002465086362122583,0.28960845893267995
NN,TCGA-LIHC,47.08582665050752,0.004087569672627364,0.1924665970272038
NN,TCGA-LIHC,22.208470024743868,0.015023130930862343,0.33364075295585877
NN,TCGA-LIHC,115.18861445865657,0.0028036653540264946,0.3229503275360508
NN,TCGA-LIHC,100.6792566797541,0.003313450762409963,0.3335957598043996
NN,TCGA-LIHC,131.34736297303888,0.0023342970614442446,0.30660376341641526
NN,TCGA-LIHC,65.62462643386895,0.002625015827462788,0.17226568306023887
NN,TCGA-LIHC,7.6153107391357295,0.013704826212352715,0.10436651023291847
NN,TCGA-LIHC,15.955940486772615,0.00836128438348143,0.13341215601581097
NN,TCGA-LIHC,201.38609917289028,0.0013947488494900255,0.2808830301246729
NN,TCGA-LIHC,104.3396081323663,0.0024195959163550275,0.2524596897511573
NN,TCGA-LIHC,132.0164889715442,0.0018057531525706933,0.23838919115168009
NN,TCGA-LIHC,175.9635800351144,0.0016386587100802388,0.28834425308144146
NN,TCGA-LIHC,236.6408121574908,0.0009392826562263372,0.22227261061484568
NN,TCGA-LIHC,150.40914925989628,0.0019198365534905265,0.28876098272856143
NN,TCGA-LIHC,110.89350499044478,0.002429043637061867,0.2693651626885283
NN,TCGA-LIHC,148.8060365020346,0.0016162643813539676,0.2405098965286969
NN,TCGA-LIHC,105.9149518074227,0.002935554068731454,0.31091906771777555
NN,TCGA-LIHC,42.54036395720704,0.010379344089240418,0.44154107519337304
NN,TCGA-LIHC,180.56605036373705,0.0011778481597435589,0.21267939013309045
NN,TCGA-LIHC,61.45969120464229,0.009736741088863955,0.5984171006611312
NN,TCGA-LIHC,32.14348112193499,0.015672529137162033,0.5037696444533438
NN,TCGA-LIHC,42.679933696495375,0.011982871481774852,0.511428160335776
NN,TCGA-LIHC,41.00375940092337,0.013465917032726074,0.5521532221226959
NN,TCGA-LIHC,55.05512763615194,0.010678732386705718,0.5879189745423927
NN,TCGA-LIHC,32.88615342005038,0.013883524026627892,0.45657570115064045
NN,TCGA-LIHC,38.50928275128247,0.013388407258279549,0.5155779606984097
NN,TCGA-LIHC,36.36297010856145,0.014306850240329568,0.5202395676367693
NN,TCGA-LIHC,161.75770480447014,0.0018321679764899596,0.2963672866932663
NN,TCGA-LIHC,186.70027444960343,0.0017001405535213942,0.317416707945345
NN,TCGA-LIHC,149.19637430612175,0.0018092046811620023,0.26992677880703375
NN,TCGA-LIHC,44.93453211119528,0.00860046115918533,0.386457698128501
NN,TCGA-LIHC,135.8582959378904,0.002415215580740951,0.328127073122108
NN,TCGA-LIHC,93.54592042538026,0.0026656970450375005,0.24936508365324933
NN,TCGA-LIHC,60.76430595300775,0.00372870438833074,0.2265721342608517
NN,TCGA-LIHC,212.7041143101787,0.0013272999399797077,0.2823221581573371
NN,TCGA-LIHC,34.40026492051785,0.007245242923298383,0.24923827597497156
NN,TCGA-LIHC,48.03888416060699,0.005648309699020632,0.27133849533448506
NN,TCGA-LIHC,85.24512152141142,0.00369995149395478,0.3154028147255029
NN,TCGA-LIHC,129.65787684076267,0.002366221337043424,0.30679923469636106
NN,TCGA-LIHC,153.9022573391026,0.0018493826025255894,0.28462415721235257
NN,TCGA-LIHC,66.6381326179338,0.0032467691280190156,0.21635863173274447
NN,TCGA-LIHC,42.04875201565463,0.0029886481842868397,0.1256689263631138
NN,TCGA-LIHC,44.84329308520861,0.0036715519352052725,0.16464447950797487
NN,TCGA-LIHC,127.42300662482093,0.0024967684334221236,0.31814574063259105
NN,TCGA-LIHC,74.37936505965087,0.0035632652943757472,0.265033410134758
NN,TCGA-LIHC,79.4291406097752,0.0027930894978755202,0.2218526984624411
NN,TCGA-LIHC,34.02263519500987,0.01721495181666415,0.5856980255580367
NN,TCGA-LIHC,134.9194726634698,0.001763575050506248,0.23794061581675507
NN,TCGA-LIHC,48.75643352768119,0.013588307732543471,0.662517422715432
NN,TCGA-LIHC,23.732045737728086,0.024122787908429838,0.5724831059643709
NN,TCGA-LIHC,30.329684537247207,0.018173457103146346,0.5511952208896231
NN,TCGA-LIHC,28.570513386295108,0.021129466255141508,0.6036796984877912
NN,TCGA-LIHC,39.314317185462514,0.016474600632995877,0.6476876747894214
NN,TCGA-LIHC,24.732904556993017,0.021584745857821927,0.5338534591884601
NN,TCGA-LIHC,24.55989548681113,0.020936394582241398,0.5141956628104875
NN,TCGA-LIHC,25.929704568592346,0.021898134423393854,0.5678121562019249
NN,TCGA-LIHC,203.46304899915842,0.0014014238212976349,0.28513796362126853
NN,TCGA-LIHC,112.96208972302207,0.0026203292348863615,0.29599786613509094
NN,TCGA-LIHC,37.64416671590399,0.012031714658215049,0.45292387247203314
NN,TCGA-LIHC,176.9998813869337,0.0018003849821428114,0.3186679282900944
NN,TCGA-LIHC,85.06093260554057,0.0031931688765322415,0.2716139226048187
NN,TCGA-LIHC,87.81410594364515,0.00304665604883072,0.26753937704586817
NN,TCGA-LIHC,193.1034187032686,0.0015965191053341188,0.30829329726510213
NN,TCGA-LIHC,29.660835014617692,0.009511081652911167,0.28210662371755546
NN,TCGA-LIHC,63.79304408256789,0.005764451744425143,0.3677319242439485
NN,TCGA-LIHC,142.54888283689033,0.0022527118046546174,0.3211215511069908
NN,TCGA-LIHC,233.2464716335255,0.0013852722346973058,0.3231098609950356
NN,TCGA-LIHC,251.89142898508635,0.0011033266072420327,0.2779185157354627
NN,TCGA-LIHC,89.8608953820522,0.0033472836155934104,0.3007899027948969
NN,TCGA-LIHC,64.46486127735129,0.002167617356149662,0.13973515216656693
NN,TCGA-LIHC,57.387483883720165,0.0034744448949515115,0.19938965041390366
NN,TCGA-LIHC,138.40115340823635,0.002320767236691152,0.3211968623501009
NN,TCGA-LIHC,135.85604948938885,0.0018057348270490324,0.24532000002828638
NN,TCGA-LIHC,93.78076492266864,0.0028300101624609813,0.26540051777451656
NN,TCGA-LIHC,40.36118507021077,0.014233484366042777,0.5744802966918042
NN,TCGA-LIHC,216.30335178358317,0.0011796634250436848,0.25516515281345076
NN,TCGA-LIHC,58.32653155895785,0.011528080134915308,0.6723929298033328
NN,TCGA-LIHC,21.614839309558327,0.02005246982248812,0.4334309129728483
NN,TCGA-LIHC,25.084067379414883,0.015588823840670653,0.39103110758521176
NN,TCGA-LIHC,34.61202639902504,0.017583555788003843,0.6086024971231185
NN,TCGA-LIHC,44.187392019302365,0.01399197275921027,0.6182687854346239
NN,TCGA-LIHC,21.52115338830282,0.018030739089792053,0.3880423016558824
NN,TCGA-LIHC,25.549721432909212,0.01739492702039256,0.4444355397168154
NN,TCGA-LIHC,25.47945564706919,0.018497276751014008,0.47130054256902554
NN,TCGA-LIHC,145.34619353060418,0.0017606448011300525,0.25590302000370074
NN,TCGA-LIHC,44.65022004360292,0.00924515241327931,0.41279808958956776
NN,TCGA-LIHC,227.37186949756315,0.0010340225448015475,0.2351076391141556
NN,TCGA-LIHC,81.52632916685614,0.0027857737392607998,0.22711390685135965
NN,TCGA-LIHC,85.96519854565861,0.00327038976503995,0.2811397054733491
NN,TCGA-LIHC,177.56053464156344,0.0014910720990475462,0.2647555590960005
NN,TCGA-LIHC,29.896766786793684,0.00784766484100438,0.23461980557242829
NN,TCGA-LIHC,63.79053196030696,0.005900501391446029,0.3763961225928736
NN,TCGA-LIHC,84.92655118001707,0.0036871369022122595,0.31313582083345903
NN,TCGA-LIHC,190.1699982274619,0.0015286861168974462,0.29071023614073294
NN,TCGA-LIHC,234.9563345800176,0.0012475782650409096,0.29312641625570984
NN,TCGA-LIHC,76.95753654311119,0.0037050829536293965,0.2851340567991926
NN,TCGA-LIHC,41.79220302852991,0.00253125796183747,0.10578684665869437
NN,TCGA-LIHC,32.05955682208617,0.0038027382504377313,0.121914103019429
NN,TCGA-LIHC,91.65614976691144,0.0031274996868975416,0.2866545796982497
NN,TCGA-LIHC,118.40925902981863,0.0023006723019301438,0.2724209025419755
NN,TCGA-LIHC,77.79946638297362,0.002059780358340676,0.16024981274503478
NN,TCGA-LIHC,40.30967776723521,0.01579291599872926,0.6366073549137901
NN,TCGA-LIHC,148.3248637451478,0.0019626264866743678,0.29110630621859374
NN,TCGA-LIHC,52.962242962346494,0.013003763244697354,0.6887084683904925
NN,TCGA-LIHC,25.26296707574095,0.02229246511302079,0.563173812187348
NN,TCGA-LIHC,32.16291008554594,0.01689582988234627,0.5434190573265834
NN,TCGA-LIHC,34.441195274297655,0.01943721304586861,0.6694408501008867
NN,TCGA-LIHC,43.701097492526394,0.015279196040646788,0.6677176357797285
NN,TCGA-LIHC,28.422143646880553,0.02000633145095885,0.5686228263462566
NN,TCGA-LIHC,30.36094984728626,0.01920669104952344,0.583133383686903
NN,TCGA-LIHC,28.029796680840388,0.020375937517690835,0.5711333858023817
NN,TCGA-LIHC,50.46248896443439,0.007409600041617831,0.37390686033101245
NN,TCGA-LIHC,89.14017626689537,0.002198897921621021,0.19601014832620767
NN,TCGA-LIHC,62.51643635810733,0.003374329702994527,0.21095106812852854
NN,TCGA-LIHC,32.89624091400214,0.004388868666891341,0.14437728100597297
NN,TCGA-LIHC,163.62486158256786,0.0016033574195111365,0.2623491358348929
NN,TCGA-LIHC,46.33679363603452,0.004891799798552378,0.22667031777431682
NN,TCGA-LIHC,62.32981496547513,0.006510409037764984,0.4057925906734484
NN,TCGA-LIHC,56.6959606933823,0.005421274958556103,0.30736439195831455
NN,TCGA-LIHC,95.20805138520878,0.0031383633164981427,0.2987974559026094
NN,TCGA-LIHC,110.98507900464315,0.0022530668428662652,0.2500568015582544
NN,TCGA-LIHC,39.707705622285644,0.004490047210772343,0.17828947287551294
NN,TCGA-LIHC,27.931095199876065,0.003990600838999905,0.11146185193881164
NN,TCGA-LIHC,28.801643096565602,0.004893544238795623,0.14094211464304632
NN,TCGA-LIHC,73.96083809308708,0.003989745672357919,0.29508493370585887
NN,TCGA-LIHC,61.8890981524989,0.00406111781055222,0.2513389187861278
NN,TCGA-LIHC,57.56267539987173,0.0025620386947920685,0.14747780175022687
NN,TCGA-LIHC,31.98382590092508,0.01900293069707941,0.6077864270227327
NN,TCGA-LIHC,68.1242846199032,0.002601567943648517,0.17722995505112782
NN,TCGA-LIHC,45.61729636430834,0.015240437996775855,0.6952275768207898
NN,TCGA-LIHC,22.04597412151718,0.02612765243931897,0.5760095495332213
NN,TCGA-LIHC,27.99834723302621,0.01952668614724819,0.5467149390609776
NN,TCGA-LIHC,29.003998237919973,0.02291716124868019,0.6646893044748481
NN,TCGA-LIHC,36.86970084540724,0.018035082317970266,0.6649480897858574
NN,TCGA-LIHC,24.64940016143775,0.023427050726712285,0.5774627479650322
NN,TCGA-LIHC,26.102071143755058,0.02267314959336053,0.5918161637388977
NN,TCGA-LIHC,25.484856979870877,0.02385059170880563,0.6078289185842056
NN,TCGA-LIHC,39.39127001805343,0.009919729073157604,0.39075072642668607
NN,TCGA-LIHC,28.686923669447715,0.01044989799675472,0.2997754261864172
NN,TCGA-LIHC,16.521702361584246,0.013531036166318353,0.22355575218374377
NN,TCGA-LIHC,43.86407824419288,0.009363939456716302,0.41074057300328887
NN,TCGA-LIHC,55.482930179047486,0.0043588846776757935,0.24184369423000596
NN,TCGA-LIHC,42.12768690495387,0.010095842409015655,0.42531448804876676
NN,TCGA-LIHC,24.809674960596976,0.016562582393666092,0.41091228569496197
NN,TCGA-LIHC,36.29265870152971,0.010969479480118668,0.3981115749053804
NN,TCGA-LIHC,33.029144952225,0.011209521331568226,0.37024090490542516
NN,TCGA-LIHC,18.52674181381315,0.014095007082440832,0.261134557080249
NN,TCGA-LIHC,14.37960685430145,0.014972355044866248,0.2152965792281936
NN,TCGA-LIHC,11.54398856909729,0.015005885550085198,0.17322777125936573
NN,TCGA-LIHC,30.858065660016265,0.014296092433327884,0.44114975898929354
NN,TCGA-LIHC,24.606951017278853,0.016051049116289608,0.3949673793804754
NN,TCGA-LIHC,18.37137873497128,0.00939527686654448,0.17260418963520285
NN,TCGA-LIHC,17.865718958044667,0.03534969687220514,0.6315477495708877
NN,TCGA-LIHC,28.297926994379896,0.012584325769481841,0.3561103318982908
NN,TCGA-LIHC,24.059311778251445,0.02743036726444753,0.6599557582072854
NN,TCGA-LIHC,13.111211722558501,0.044860921355100246,0.5881810379557654
NN,TCGA-LIHC,14.447434609302272,0.03515039674865279,0.5078330585171924
NN,TCGA-LIHC,16.6676032918034,0.04016095551050322,0.6693868742688334
NN,TCGA-LIHC,19.761381378974264,0.03268763841169124,0.6459528890314392
NN,TCGA-LIHC,14.027080120728666,0.0409015878533581,0.5737298498840765
NN,TCGA-LIHC,14.464038436350377,0.03976942255357338,0.575226456406345
NN,TCGA-LIHC,14.274853195896686,0.04128862889274769,0.5893891161038316
NN,TCGA-LIHC,100.9835386366245,0.002697215132296406,0.2723743285235424
NN,TCGA-LIHC,93.03200367383953,0.0032697792013974955,0.3041941106770559
NN,TCGA-LIHC,138.05883803379186,0.001872687488586398,0.25854105867465793
NN,TCGA-LIHC,20.649678537601822,0.008799117597769496,0.18169894980849527
NN,TCGA-LIHC,45.58604563239879,0.0072460512554276945,0.33031882318462746
NN,TCGA-LIHC,96.08640404057462,0.004042657485746512,0.3884444205730929
NN,TCGA-LIHC,121.84033118644919,0.0019995953439072736,0.243631358940544
NN,TCGA-LIHC,174.0804831192312,0.001392915419828221,0.24247938922792345
NN,TCGA-LIHC,74.14203690245472,0.003930483546184121,0.29141405612567417
NN,TCGA-LIHC,39.97440572023484,0.0025114289810888447,0.10039288102760148
NN,TCGA-LIHC,53.65479508647054,0.003762465937827631,0.20187433891396675
NN,TCGA-LIHC,102.83339882334235,0.003377736094405585,0.34734408291600827
NN,TCGA-LIHC,136.31479609601175,0.0022017590502046865,0.3001323359812003
NN,TCGA-LIHC,85.0392965523941,0.0020730673377771427,0.1762921881103126
NN,TCGA-LIHC,37.373991542851,0.015005516871326993,0.560816060645083
NN,TCGA-LIHC,144.95887205096608,0.00220429407859406,0.31953198330161847
NN,TCGA-LIHC,51.74330086704707,0.01302064872281803,0.6737313443489055
NN,TCGA-LIHC,20.763642521766748,0.021477909454108626,0.4459596340199859
NN,TCGA-LIHC,25.76663482674257,0.015860587068147573,0.4086739551227141
NN,TCGA-LIHC,32.20762215796241,0.018752230899009098,0.6039647674141528
NN,TCGA-LIHC,41.06097160782212,0.014570650585652555,0.5982850700049763
NN,TCGA-LIHC,21.78856201914008,0.019220268437188034,0.41878201086819206
NN,TCGA-LIHC,23.820786248658067,0.01855990184464029,0.4421114546372509
NN,TCGA-LIHC,23.618316775058947,0.019583524735677007,0.4625298907794221
NN,TCGA-LIHC,136.97504073460212,0.002160898445082677,0.2959891525385381
NN,TCGA-LIHC,100.41787398012066,0.0022309104805857344,0.2240232875003887
NN,TCGA-LIHC,17.048049585443152,0.010046334287263852,0.17127040508121183
NN,TCGA-LIHC,37.27988423627142,0.007216646692648251,0.2690357532759978
NN,TCGA-LIHC,91.89535361838261,0.0041803691864814325,0.3841565046471017
NN,TCGA-LIHC,83.27698636157803,0.0030223529069379473,0.25169244181094713
NN,TCGA-LIHC,101.4807415446363,0.003123406781661121,0.3169656363485165
NN,TCGA-LIHC,119.63837508590392,0.002747137023530295,0.3286630096334911
NN,TCGA-LIHC,88.68626582013042,0.00288402956929034,0.2557738130151993
NN,TCGA-LIHC,109.9584025358457,0.002067942190153274,0.22738761976573207
NN,TCGA-LIHC,99.07487350457325,0.0025574381254024636,0.253377858770022
NN,TCGA-LIHC,99.52763453608823,0.003744405557331373,0.37267182786497466
NN,TCGA-LIHC,143.72883463163484,0.0017844274950704721,0.2564736843511263
NN,TCGA-LIHC,35.04403475515437,0.01337728936923939,0.46879419358538227
NN,TCGA-LIHC,110.30454277212267,0.0027914369307018134,0.307908174318281
NN,TCGA-LIHC,55.124069975727124,0.011666063936707565,0.6430809247883744
NN,TCGA-LIHC,15.646190605359283,0.01947897738310363,0.30477179293352197
NN,TCGA-LIHC,19.882261538987276,0.013894552131958763,0.2762551194546974
NN,TCGA-LIHC,28.175055419223984,0.01652299902843794,0.465536413318023
NN,TCGA-LIHC,43.77662064716081,0.012283337489993202,0.5377230055804809
NN,TCGA-LIHC,15.467805956938683,0.016993771023007097,0.26285635266052115
NN,TCGA-LIHC,19.65124344449574,0.01628103765848357,0.3199426345558636
NN,TCGA-LIHC,16.646200076769407,0.017475788808795703,0.290905477010581
NN,TCGA-LIHC,59.31579970055411,0.0030278437933693434,0.17959897597206192
NN,TCGA-LIHC,11.979916763873204,0.013113607069658133,0.15709992116864363
NN,TCGA-LIHC,27.060407699296448,0.008134932606790294,0.22013459294604582
NN,TCGA-LIHC,146.41383218572548,0.0025664646057250635,0.37576591809323356
NN,TCGA-LIHC,79.49023205175993,0.0034511741899409375,0.2743346372094497
NN,TCGA-LIHC,90.71434204348512,0.0028745917031678184,0.26076669499652994
NN,TCGA-LIHC,211.7018924717984,0.0015884839906068725,0.33628506697262933
NN,TCGA-LIHC,158.58130750340064,0.0017195643045380244,0.2726907557498157
NN,TCGA-LIHC,205.87699829078528,0.001353222685190691,0.27859742444605573
NN,TCGA-LIHC,79.6558284560537,0.0029687779121261916,0.2364804640924452
NN,TCGA-LIHC,100.55184988986436,0.002300851972288415,0.23135492213634307
NN,TCGA-LIHC,185.25781909012693,0.0015875567268808302,0.2941072969038029
NN,TCGA-LIHC,40.041140348932714,0.009061916109030106,0.3628494547519287
NN,TCGA-LIHC,116.56815316828826,0.002449145508529836,0.28549236876973116
NN,TCGA-LIHC,65.71556793005055,0.009126609596576879,0.5997603329148992
NN,TCGA-LIHC,26.591523821303625,0.014407500058571159,0.3831173810129283
NN,TCGA-LIHC,31.771829014309166,0.010595205669341506,0.3366290628977574
NN,TCGA-LIHC,38.092823982412725,0.012059002014973667,0.45936144115995226
NN,TCGA-LIHC,54.49901969216361,0.009313882553998865,0.5075974687208832
NN,TCGA-LIHC,29.296613025053077,0.012453324072150372,0.3648402162173676
NN,TCGA-LIHC,31.806059261506327,0.011774761936057828,0.3745087759283843
NN,TCGA-LIHC,29.024260152444963,0.013178403725728864,0.3824934181295045
NN,TCGA-LIHC,29.970248554369217,0.007188891393731818,0.21545286190050833
NN,TCGA-LIHC,71.42144975196216,0.005675265444136924,0.4053356857474725
NN,TCGA-LIHC,93.28622158494701,0.003678972216420515,0.34319741738586784
NN,TCGA-LIHC,149.74159161652813,0.002188920974504306,0.32777251064507656
NN,TCGA-LIHC,185.27955436833926,0.0015579199117755867,0.2886507069953431
NN,TCGA-LIHC,79.30764518346072,0.0033288372644379735,0.2640022446415288
NN,TCGA-LIHC,38.07242313018938,0.002892975381397759,0.11014258282579648
NN,TCGA-LIHC,32.911061925505706,0.003540072773832463,0.11650755428039694
NN,TCGA-LIHC,129.7222430721809,0.0018581936301131283,0.24104904576071345
NN,TCGA-LIHC,89.23766691727496,0.002720434787727031,0.24276525345735242
NN,TCGA-LIHC,56.888716021830106,0.002028455478045221,0.1153962276534402
NN,TCGA-LIHC,35.75511738969936,0.01657134834828837,0.5925105054986513
NN,TCGA-LIHC,122.03535901460029,0.0017518828781567417,0.21379165598738922
NN,TCGA-LIHC,52.87976120466127,0.013103311353366284,0.692899975356336
NN,TCGA-LIHC,25.3048639779458,0.022971882894854204,0.5813003719715855
NN,TCGA-LIHC,30.780799491754685,0.0176261672080699,0.542547518639741
NN,TCGA-LIHC,33.559530068223026,0.02006077499954561,0.6732301817891077
NN,TCGA-LIHC,42.67607456473851,0.015832993677872637,0.675690018779926
NN,TCGA-LIHC,28.36100577781877,0.020576765386907614,0.5835777620269081
NN,TCGA-LIHC,29.065134419017504,0.01980532661329882,0.5756444802280749
NN,TCGA-LIHC,28.12346003362963,0.02113334461893111,0.5943427727674309
NN,TCGA-LIHC,41.582015667222876,0.008591952887848966,0.35727071959457657
NN,TCGA-LIHC,17.685171329351917,0.015007388415729414,0.26540823533830593
NN,TCGA-LIHC,28.98737626760635,0.009704661339332636,0.28131266979292774
NN,TCGA-LIHC,24.064883781934974,0.008980521331794264,0.21611520215081684
NN,TCGA-LIHC,15.629389406023364,0.0138278933130665,0.2161215292548629
NN,TCGA-LIHC,7.8014187860016495,0.014079652723665556,0.10984126725878376
NN,TCGA-LIHC,11.131370157446518,0.014646099514676119,0.16303115506065768
NN,TCGA-LIHC,14.673084696082347,0.011476776220409813,0.16839970952005703
NN,TCGA-LIHC,16.639198660601707,0.013793393552891522,0.22951101553042483
NN,TCGA-LIHC,15.608345599499511,0.009156124161277038,0.14291195026113962
NN,TCGA-LIHC,19.141741757971428,0.035378586530651214,0.6772077671317719
NN,TCGA-LIHC,20.237622507487977,0.010245571905192253,0.20734601659060523
NN,TCGA-LIHC,27.24029003160986,0.027136978864773113,0.7392191748580865
NN,TCGA-LIHC,15.104434812601147,0.044259096801090234,0.6685086424966714
NN,TCGA-LIHC,17.860834038826955,0.03499731856710829,0.6250812987310783
NN,TCGA-LIHC,17.947796581160755,0.039897972108084115,0.7160806873967193
NN,TCGA-LIHC,21.981124687844577,0.03262964464537605,0.7172362874700711
NN,TCGA-LIHC,16.380667017314078,0.040514619235802435,0.6636564870349475
NN,TCGA-LIHC,17.107888719397554,0.039431062743531586,0.6745822335039212
NN,TCGA-LIHC,16.50741748321402,0.04084176484736697,0.6741920630867413
NN,TCGA-LIHC,33.21087970304093,0.007936617372144976,0.2635820447953716
NN,TCGA-LIHC,48.19474883063903,0.005525127043181332,0.26628211010349556
NN,TCGA-LIHC,44.64094889742112,0.005823562825908429,0.2599693705122995
NN,TCGA-LIHC,27.79356840931553,0.009048722970884986,0.2514963009082367
NN,TCGA-LIHC,18.305490789752362,0.008781090383859238,0.16074216914571832
NN,TCGA-LIHC,17.07452907551692,0.009397415697900386,0.1604564475685193
NN,TCGA-LIHC,51.558842824965495,0.007584413853681514,0.39104360180145603
NN,TCGA-LIHC,32.7855117945975,0.008466588437262269,0.2775814350698649
NN,TCGA-LIHC,27.405073152947175,0.006622387872235579,0.18148702408580625
NN,TCGA-LIHC,25.04623929541798,0.024957200851433464,0.6250840246688119
NN,TCGA-LIHC,40.2094078454002,0.006550257422712987,0.2633819722022265
NN,TCGA-LIHC,36.193035045411136,0.01817772171894847,0.6579069192196332
NN,TCGA-LIHC,17.95380261031496,0.03223184540186913,0.5786841901113462
NN,TCGA-LIHC,19.51334259511747,0.026914210773257667,0.5251862154957784
NN,TCGA-LIHC,22.84995644344535,0.02846038696238712,0.6503186024541456
NN,TCGA-LIHC,27.2088969925831,0.024044813139980428,0.654232843931636
NN,TCGA-LIHC,18.801004725640006,0.02947581036288548,0.5541748499246786
NN,TCGA-LIHC,20.21241223953324,0.028213409253534445,0.5702610585151
NN,TCGA-LIHC,19.176882046235693,0.03016065837342332,0.5783873880639498
NN,TCGA-LIHC,100.86976380711239,0.002919425036252286,0.29448171385933863
NN,TCGA-LIHC,119.27737664529025,0.0025142578826085117,0.2998940844472854
NN,TCGA-LIHC,121.46075389702861,0.0017397657631093365,0.2113132611914993
NN,TCGA-LIHC,168.4016053853366,0.0018128317824752398,0.3052837824623917
NN,TCGA-LIHC,117.52340176890492,0.0023697415252831393,0.2785000853643079
NN,TCGA-LIHC,111.82373334177613,0.002959189407821817,0.33090760724807533
NN,TCGA-LIHC,165.9957761416516,0.0022216330155487287,0.36878169671792915
NN,TCGA-LIHC,104.6608895604565,0.00366121133992418,0.38318563570529557
NN,TCGA-LIHC,31.00459613836206,0.010233383502598095,0.3172819226270309
NN,TCGA-LIHC,168.07367711694098,0.0017589782422000539,0.29563794113525627
NN,TCGA-LIHC,63.64083504891404,0.008616544867508649,0.5483641106046848
NN,TCGA-LIHC,21.75522357088917,0.014918187634277009,0.32454850725617057
NN,TCGA-LIHC,26.83554396362467,0.011904111246935311,0.31945330071501143
NN,TCGA-LIHC,34.88381146575227,0.01282425149591577,0.4473587713729172
NN,TCGA-LIHC,48.00180345181527,0.01042766147373465,0.500546556524277
NN,TCGA-LIHC,26.690534335434823,0.013321903925091881,0.3555687341260288
NN,TCGA-LIHC,27.284479321214263,0.012713520992309723,0.3468818006144981
NN,TCGA-LIHC,28.22188423309446,0.013874457897388661,0.391563344577046
NN,TCGA-LIHC,153.9202940173548,0.0016353230040323582,0.25170939759400446
NN,TCGA-LIHC,57.95886223653851,0.0038472808231488002,0.22298401921415778
NN,TCGA-LIHC,36.3751303438919,0.0027792994429432366,0.10109737950176637
NN,TCGA-LIHC,50.95146307619322,0.004050013183848261,0.20635409719494044
NN,TCGA-LIHC,112.23061644953954,0.00313860823389029,0.35224793688310785
NN,TCGA-LIHC,117.95235233929911,0.0026380425481852994,0.3111633241296149
NN,TCGA-LIHC,69.876832497133,0.0027471427022433886,0.19196163045038256
NN,TCGA-LIHC,35.600217819650155,0.01573651005485275,0.5602231856738726
NN,TCGA-LIHC,131.73360474680308,0.0019769492186400596,0.2604306469728308
NN,TCGA-LIHC,56.851015864104745,0.01206293528419555,0.68579012520947
NN,TCGA-LIHC,21.93281965115572,0.021510364951698495,0.47178295511614404
NN,TCGA-LIHC,25.98532243152698,0.016600723072037665,0.43137514162338786
NN,TCGA-LIHC,31.665083415259566,0.01875724113047196,0.5939496050365323
NN,TCGA-LIHC,42.202798595954285,0.014850353175114989,0.6267264641281681
NN,TCGA-LIHC,24.181109078830872,0.0194004479649732,0.46912434841919937
NN,TCGA-LIHC,26.237668529161493,0.018581997567693798,0.48754829279083495
NN,TCGA-LIHC,24.78636297979446,0.019710674835989442,0.488555941061535
NN,TCGA-LIHC,91.14661116778892,0.0031683500436933514,0.2887843694759649
NN,TCGA-LIHC,100.27487652034556,0.0019188399844816827,0.1924114425062025
NN,TCGA-LIHC,71.89849964235424,0.0031240296095855396,0.22461304176748997
NN,TCGA-LIHC,140.81535098355704,0.0025469369397483595,0.3586478191036519
NN,TCGA-LIHC,182.1991739009271,0.0015909242602005162,0.2898650859474776
NN,TCGA-LIHC,120.45859127164933,0.002137976148271315,0.2575375949931495
NN,TCGA-LIHC,38.24704541165136,0.014058906764685918,0.5377116454671148
NN,TCGA-LIHC,227.49822952073748,0.0011851003396207479,0.26960822906814486
NN,TCGA-LIHC,57.266535312267315,0.011555557332790869,0.6617467320511978
NN,TCGA-LIHC,22.31285211277282,0.020291036023436293,0.45275088600587987
NN,TCGA-LIHC,27.472534902356866,0.015509676150340775,0.4260901193644888
NN,TCGA-LIHC,32.55633694237957,0.01758571153713903,0.5725263501745901
NN,TCGA-LIHC,42.74073845717361,0.013930439125361902,0.5953972552506714
NN,TCGA-LIHC,24.157619070461646,0.018163557253588855,0.43878829709672007
NN,TCGA-LIHC,26.991260084324747,0.017436412787647078,0.47063075248902814
NN,TCGA-LIHC,25.30141651458937,0.018626045136410488,0.47126532601586335
NN,TCGA-LIHC,218.8762154955531,0.001315578743264048,0.2879488965120307
NN,TCGA-LIHC,276.5785311332447,0.001080708632614636,0.2989008061915734
NN,TCGA-LIHC,83.7147719509937,0.0030278276999249807,0.2534739054061215
NN,TCGA-LIHC,105.67270406321158,0.003002099914851374,0.31724001587028194
NN,TCGA-LIHC,148.2420267298276,0.0024987855129713875,0.37042502880601036
NN,TCGA-LIHC,38.14979211202529,0.009623072949202803,0.36711823249094105
NN,TCGA-LIHC,135.06741923775726,0.0021764917842070496,0.29397312828502786
NN,TCGA-LIHC,40.86395248482,0.008684791714164333,0.3548949159481697
NN,TCGA-LIHC,18.189952094675625,0.015334632286231706,0.2789362266760209
NN,TCGA-LIHC,24.526759885907193,0.011164604368142395,0.2738315705585791
NN,TCGA-LIHC,33.37342525019262,0.012954694317277464,0.43234252243675453
NN,TCGA-LIHC,44.01329743621751,0.00989034012682859,0.435306481747464
NN,TCGA-LIHC,19.211008239483782,0.01334644261157977,0.2563986189788564
NN,TCGA-LIHC,23.313204620337824,0.012744274617086852,0.29710988188592324
NN,TCGA-LIHC,24.1629024067117,0.013926635410777165,0.33650793228446396
NN,TCGA-LIHC,225.59502348339257,0.001068810960647536,0.24111843376658826
NN,TCGA-LIHC,56.95761893836795,0.0028911726515613535,0.16467431017266243
NN,TCGA-LIHC,140.72299440527362,0.001217227250887775,0.17129186361662693
NN,TCGA-LIHC,128.04442376290538,0.0022563786575643587,0.28891670499874633
NN,TCGA-LIHC,27.23959254617255,0.0081846762916678,0.22294724730734936
NN,TCGA-LIHC,83.23735832533805,0.001567753478341919,0.13049565804254143
NN,TCGA-LIHC,61.89033546969155,0.008198768285719474,0.5074245196414462
NN,TCGA-LIHC,23.672627705006427,0.013549305231247965,0.3207476584008291
NN,TCGA-LIHC,29.859408883758768,0.009913632444071844,0.296015204670838
NN,TCGA-LIHC,32.55611726654256,0.011329091830711227,0.368831242164064
NN,TCGA-LIHC,46.406863249238185,0.008646148531009663,0.40124063251116704
NN,TCGA-LIHC,23.713520521880866,0.011752437267209209,0.27869166231808307
NN,TCGA-LIHC,27.320988510062456,0.011250912254159098,0.3073860444236016
NN,TCGA-LIHC,26.009186108735793,0.012298664495131548,0.31987825374277756
NN,TCGA-LIHC,64.1594027906493,0.002838698360205741,0.1821291914935958
NN,TCGA-LIHC,79.26021448920002,0.002601661949759304,0.2062082841663128
NN,TCGA-LIHC,110.0481405917985,0.002377064838109873,0.26159156550013607
NN,TCGA-LIHC,38.33051445096978,0.00782586359525782,0.29996937762934817
NN,TCGA-LIHC,92.08201935692894,0.00247323281283306,0.22774027174548564
NN,TCGA-LIHC,59.68341272165689,0.007801594677360059,0.465625795015962
NN,TCGA-LIHC,18.875083806236734,0.013130313083715744,0.24783575985726136
NN,TCGA-LIHC,22.537202160431477,0.009256828142639353,0.20862300721503454
NN,TCGA-LIHC,28.914113042876473,0.01074873354348481,0.310790096744078
NN,TCGA-LIHC,48.31630044932809,0.007807729299016476,0.37724059463830184
NN,TCGA-LIHC,21.353451727623415,0.011150645932733143,0.23810477965643753
NN,TCGA-LIHC,23.28017559431768,0.010736075837952282,0.24993773070144043
NN,TCGA-LIHC,21.977885126870977,0.011668090315715073,0.2564399486087416
NN,TCGA-LIHC,114.88429143216852,0.0028031085768110858,0.32203314265437594
NN,TCGA-LIHC,61.43507995252839,0.0033443589808809116,0.20546096138037517
NN,TCGA-LIHC,40.89633070543001,0.01414011089943105,0.5782786515545876
NN,TCGA-LIHC,164.32734190697823,0.0019134039818204948,0.31442459032679004
NN,TCGA-LIHC,55.3520934080842,0.01197244939702688,0.6627001373477932
NN,TCGA-LIHC,25.55746023542517,0.019406702876387023,0.49598603706397265
NN,TCGA-LIHC,30.661144065926834,0.015339920864021899,0.4703395235716923
NN,TCGA-LIHC,36.57054363985568,0.01705078876950973,0.6235566147893167
NN,TCGA-LIHC,44.56257529939779,0.013664777573665982,0.6089376795760126
NN,TCGA-LIHC,27.02247521004751,0.017468092677984853,0.47203110135765813
NN,TCGA-LIHC,30.34927690191028,0.01687134913483106,0.5120332466017923
NN,TCGA-LIHC,28.903661098207458,0.017767136967886493,0.5135353056052244
NN,TCGA-LIHC,98.45624281728996,0.0024812484455644214,0.24429439944651393
NN,TCGA-LIHC,58.03246270308715,0.00951732808873456,0.552313987342532
NN,TCGA-LIHC,169.55606954981278,0.0017460897127547217,0.2960601087760522
NN,TCGA-LIHC,68.55123247866952,0.00918128284300917,0.6293882546235414
NN,TCGA-LIHC,34.82987041702141,0.014472118469038292,0.504062010936386
NN,TCGA-LIHC,43.83242168503265,0.0114901011302864,0.5036389579463838
NN,TCGA-LIHC,48.17859864309711,0.012369377397628372,0.5959392691053343
NN,TCGA-LIHC,59.202249386457886,0.010135973284067259,0.6000724181378244
NN,TCGA-LIHC,34.325911783589525,0.012891070100553254,0.44249773506765955
NN,TCGA-LIHC,41.09978508818124,0.012276417440487568,0.5045581184568391
NN,TCGA-LIHC,38.535317798069585,0.013506108845045554,0.5204621965591489
NN,TCGA-LIHC,38.165666495691255,0.012446042963462196,0.475011524934543
NN,TCGA-LIHC,123.38781615118992,0.0023342628767171825,0.2880195986809274
NN,TCGA-LIHC,53.60337669341728,0.010708170405616502,0.5739940919495643
NN,TCGA-LIHC,23.693409751458635,0.018786997358049746,0.44512802640384347
NN,TCGA-LIHC,32.70270603061423,0.013809693060403715,0.451614332527396
NN,TCGA-LIHC,32.967365074242245,0.015805753047892303,0.5210740310031826
NN,TCGA-LIHC,45.64937754528394,0.012181620049211563,0.5560833727396589
NN,TCGA-LIHC,28.817738112163227,0.016446382209182084,0.4739475353967498
NN,TCGA-LIHC,30.414956806905515,0.01558238390951656,0.47393753355656565
NN,TCGA-LIHC,27.796846427170564,0.017095796351397772,0.47520922572998675
NN,TCGA-LIHC,34.69104806344313,0.012839618012419375,0.44541980558509064
NN,TCGA-LIHC,67.66018908646134,0.009811416173364174,0.663842273495785
NN,TCGA-LIHC,59.795947135400596,0.004964795152211372,0.29687462845972434
NN,TCGA-LIHC,74.17090770096118,0.005007986219122093,0.37144688362619027
NN,TCGA-LIHC,137.35382322565965,0.004086376156568425,0.56127938824285
NN,TCGA-LIHC,127.79613657329973,0.004778566043180656,0.6106822786788476
NN,TCGA-LIHC,92.83749660814644,0.004262638040831732,0.39573264465747193
NN,TCGA-LIHC,103.78310231842497,0.004177721873603726,0.4335769366661376
NN,TCGA-LIHC,74.79349593528381,0.005204032755951381,0.38922780277933344
NN,TCGA-LIHC,55.873001689640944,0.010614324404348095,0.5930541653785382
NN,TCGA-LIHC,23.735525015537323,0.018203251998845357,0.4320637431827238
NN,TCGA-LIHC,30.79149610184947,0.013724193249593477,0.4225884429458864
NN,TCGA-LIHC,35.57360007364633,0.015744711433285777,0.5600960678026752
NN,TCGA-LIHC,46.49592667735251,0.01229274566747068,0.5715626012180595
NN,TCGA-LIHC,25.593508714308445,0.016188011510069777,0.41430801365029624
NN,TCGA-LIHC,27.678637378168002,0.015624928202870886,0.4324767217871735
NN,TCGA-LIHC,27.217243387170388,0.016577636081841582,0.45119755602342004
NN,TCGA-LIHC,27.151095171952708,0.01135993238753467,0.3084346054009018
NN,TCGA-LIHC,29.074883488221918,0.009795209439027962,0.2847945731824696
NN,TCGA-LIHC,63.65503105051508,0.009496064711967052,0.6044722940979632
NN,TCGA-LIHC,52.91633401427557,0.007108523066195719,0.376156980918995
NN,TCGA-LIHC,38.38556038333149,0.010090248344082946,0.3873198370946065
NN,TCGA-LIHC,38.83154753908246,0.009811359971287622,0.38099029114810595
NN,TCGA-LIHC,38.631869307428545,0.010769729266765862,0.416054773510087
NN,TCGA-LIHC,121.21108388581668,0.0020848012871435085,0.2527010237012104
NN,TCGA-LIHC,191.5515346667865,0.0006619646895941632,0.1268003521869849
NN,TCGA-LIHC,19.801429697696094,0.0025609213763216495,0.05070990459456026
NN,TCGA-LIHC,352.81555373025014,0.0004808287583793877,0.16964386463705233
NN,TCGA-LIHC,181.8239441643559,0.0007859093005488326,0.14289712878123895
NN,TCGA-LIHC,283.1154454294987,0.0006387430854952427,0.18083803316499802
NN,TCGA-LIHC,168.04663303627598,0.0015191190974281296,0.2552828495039037
NN,TCGA-LIHC,42.87011289383106,0.0009603632734492731,0.041170881951859487
NN,TCGA-LIHC,186.03022228474097,0.0012561377842339092,0.2336795912212961
NN,TCGA-LIHC,174.51477549902626,0.001554946379329117,0.27136111830164455
NN,TCGA-LIHC,215.9366871217567,0.0011832347367838518,0.25550378914848876
NN,TCGA-LIHC,153.45174198053382,0.0016268689370658041,0.2496458723667671
NN,TCGA-LIHC,461.33419467319874,0.0004312732490929703,0.1989610970543993
NN,TCGA-LIHC,668.7881928926028,0.00033536453091191344,0.224287838588854
NN,TCGA-LIHC,245.4478139560021,0.0006944451512417878,0.17045004428464208
NN,TCGA-LIHC,48.30503787612936,0.0016531769368246965,0.07985677454926048
NN,TCGA-LIHC,85.13216709561028,0.001824918029707283,0.15535922664083232
NN,TCGA-LIHC,55.400099579644724,0.0016244041252758737,0.08999215029786908
NN,TCGA-LIHC,377.61589454360933,0.000552408691488188,0.20859830218997683
NN,TCGA-LIHC,429.519797416595,0.0004935394153356453,0.2119849496920711
NN,TCGA-LIHC,355.06771248349185,0.0007675525118124036,0.2725331145801885
TN,TCGA-LIHC,82.03653723227391,0.007634984920263482,0.626347724679045
TN,TCGA-LIHC,70.77984586554373,0.0077238154483060435,0.5466904669250073
TN,TCGA-LIHC,42.44338608464402,0.008123941279819448,0.3448075762683539
TN,TCGA-LIHC,57.43338577744392,0.010275888137700829,0.5901790476184314
TN,TCGA-LIHC,82.67555033783142,0.007179425382982552,0.5935629446474786
TN,TCGA-LIHC,163.56628692968383,0.0024713600733810093,0.4042311908692027
TN,TCGA-LIHC,95.15647700546062,0.005836862611454927,0.5554152828709435
TN,TCGA-LIHC,60.330892717328176,0.009369613357298358,0.5652771382620123
TN,TCGA-LIHC,72.50598833351498,0.008811714987171676,0.6389021040581286
TN,TCGA-LIHC,68.736871131834,0.007120190250856661,0.48941959970727505
TN,TCGA-LIHC,60.6382531957708,0.008393114273443227,0.5089437884140883
TN,TCGA-LIHC,25.550343739773798,0.02250383396250402,0.5749806932047735
TN,TCGA-LIHC,51.59931552331517,0.007011230886696991,0.36177471472949085
TN,TCGA-LIHC,28.185956122718192,0.01419247438831787,0.4000284603819292
TN,TCGA-LIHC,48.42101271148054,0.011621943232949516,0.5627462610147538
TN,TCGA-LIHC,37.35684742520721,0.012577750642554227,0.4698651117062002
TN,TCGA-LIHC,57.28096313925937,0.011958517439730332,0.6849953966653834
TN,TCGA-LIHC,24.53987827410768,0.0037881825346395568,0.09296153828015542
TN,TCGA-LIHC,67.73040857423652,0.009832678921119688,0.6659713607067196
TN,TCGA-LIHC,33.82453080480407,0.011193907637493703,0.3786286737105373
TN,TCGA-LIHC,110.37357007289276,0.003410699122443819,0.37645103858860673
TN,TCGA-LIHC,25.999617659226796,0.01224363878192478,0.31832992708772556
TN,TCGA-LIHC,28.989149500038298,0.0169866644886726,0.49242895636912165
TN,TCGA-LIHC,65.39682191484616,0.009789697233565578,0.6402150865837501
TN,TCGA-LIHC,82.81875279655411,0.00566471929070081,0.46914498659842174
TN,TCGA-LIHC,46.01991054311152,0.012488240893154192,0.5747077287437831
TN,TCGA-LIHC,62.13436495781582,0.008129095084746369,0.5050961607724176
TN,TCGA-LIHC,53.02816083044965,0.01196597813559324,0.6345338130678824
TN,TCGA-LIHC,52.167680036647866,0.011879861079742662,0.6197447916878412
TN,TCGA-LIHC,72.81658470015732,0.008275247068355923,0.6025752290676676
TN,TCGA-LIHC,51.65982916543499,0.009585103105120032,0.4951647889435813
TN,TCGA-LIHC,33.38434213045799,0.014787460050912244,0.49366962558013405
TN,TCGA-LIHC,98.3846210672939,0.0050688764303482795,0.49869948683675286
TN,TCGA-LIHC,38.157055331485566,0.008356122848515772,0.3188450418875071
TN,TCGA-LIHC,95.29022122746207,0.0038340425363185245,0.36534676148129197
TN,TCGA-LIHC,88.03782225249759,0.005608546083520194,0.4937641831958924
TN,TCGA-LIHC,60.81090938715894,0.009289715514693186,0.5649160483964919
TN,TCGA-LIHC,145.1998718642034,0.0028882382407611823,0.4193718224718159
TN,TCGA-LIHC,51.12719425834479,0.01339532246899923,0.6848652540256943
TN,TCGA-LIHC,64.49630180751309,0.00859130720254341,0.5541075422563008
TN,TCGA-LIHC,40.32080665256011,0.01551478037112011,0.6255684596008687
TN,TCGA-LIHC,50.81743750872585,0.007386404532397179,0.37535815073926304
TN,TCGA-LIHC,100.00826609619702,0.005072207283052219,0.5072626556585549
TN,TCGA-LIHC,100.4161963273816,0.0054280575792339135,0.5450648955526843
TN,TCGA-LIHC,50.60685783758836,0.007686943541734074,0.38901205902210423
TN,TCGA-LIHC,45.39193606592886,0.014014202206292271,0.636131770563018
TN,TCGA-LIHC,53.808850895745245,0.008430057004842673,0.45361168041621214
TN,TCGA-LIHC,120.61262380141774,0.004474823949738237,0.5397202576273522
TN,TCGA-LIHC,137.20052901244176,0.004164773767632779,0.5714091641363575
TN,TCGA-LIHC,37.98613605332884,0.018063785643732275,0.6861734191009825
TN,TCGA-LIHC,26.874031366110987,0.013562127787331808,0.3644690475479604
TN,TCGA-LIHC,35.18173731977581,0.016257433304178424,0.5719647480013803
TN,TCGA-LIHC,86.37289741215687,0.005908620210242537,0.5103446472666754
TN,TCGA-LIHC,57.57199501885517,0.006211328610846421,0.35759857984412274
TN,TCGA-LIHC,64.93852284883756,0.007308389497478546,0.47459601837021503
TN,TCGA-LIHC,22.565589625158278,0.01675007578384632,0.37797533632857744
TN,TCGA-LIHC,72.01965637980486,0.008745420134260665,0.6298421529664799
TN,TCGA-LIHC,75.50844942473756,0.008136891683678633,0.6144040741716157
TN,TCGA-LIHC,75.28418041461478,0.00605702831936188,0.4559984127712707
TN,TCGA-LIHC,80.86684952329867,0.007129668040148961,0.5765537925537978
TN,TCGA-LIHC,39.087848483664864,0.01320107666704384,0.5160016845826532
TN,TCGA-LIHC,39.7711024175163,0.017900163550567037,0.7119092378598939
TN,TCGA-LIHC,21.978269504814584,0.02435686035788368,0.5353216412367021
TN,TCGA-LIHC,42.11080460556791,0.016467876169623818,0.6934755156477167
TN,TCGA-LIHC,67.65542656487152,0.0073534486121479194,0.49750070257772994
TN,TCGA-LIHC,105.98304849101442,0.004545224630046794,0.4817167623688024
TN,TCGA-LIHC,41.82104218748465,0.01312222325264168,0.5487850522423198
TN,TCGA-LIHC,49.975379255726935,0.009221712407359178,0.46085857494501753
TN,TCGA-LIHC,63.99642869760123,0.009355202616851986,0.5986995572209806
TN,TCGA-LIHC,76.50769772600638,0.0059710388471798225,0.4568304352302755
TN,TCGA-LIHC,44.666765440627934,0.010168037548207338,0.4541733481572747
TN,TCGA-LIHC,70.44935299002763,0.008074760099886846,0.5688616245867192
TN,TCGA-LIHC,66.01790135124497,0.008790541044154165,0.5803330714770396
TN,TCGA-LIHC,101.05041997696782,0.004704237966966647,0.47536522223357697
TN,TCGA-LIHC,53.12809315057557,0.008663171039641374,0.46025775797343554
TN,TCGA-LIHC,20.663130353517488,0.03170362680095921,0.6550961732674907
TN,TCGA-LIHC,48.292260387769055,0.009415731153408206,0.45470694060161815
TN,TCGA-LIHC,35.67881123379651,0.018679934105899618,0.6664778428241498
TN,TCGA-LIHC,63.76934809784172,0.006548665929928756,0.4176041572621032
TN,TCGA-LIHC,15.233368215068234,0.04297911010470892,0.6547166097809909
TN,TCGA-LIHC,26.279774811080593,0.012304508350679175,0.3233597086169094
TN,TCGA-LIHC,79.74871862995137,0.00767109344944049,0.6117598730834928
TN,TCGA-LIHC,80.89580325837996,0.007209809191298894,0.5832433058697748
TN,TCGA-LIHC,78.9435077082173,0.006500332971853758,0.5131590860695162
TN,TCGA-LIHC,90.44298614541998,0.006969279462713749,0.6303224458897796
TN,TCGA-LIHC,30.16382214266268,0.016715075942041458,0.5041905778168384
TN,TCGA-LIHC,52.10666921827315,0.010293066725619329,0.5363374231134602
TN,TCGA-LIHC,50.90025590108708,0.005100572991502976,0.25962047050967474
TN,TCGA-LIHC,31.190615023481804,0.013428234566500379,0.4188348948087244
TN,TCGA-LIHC,18.81435834107802,0.02911564782296308,0.5477922314738555
TN,TCGA-LIHC,90.25699577104474,0.003888661907946024,0.3509789413805071
TN,TCGA-LIHC,25.58863731106774,0.022968172260166363,0.587724229663524
TN,TCGA-LIHC,40.0633082991469,0.015169071285610871,0.6077231795271649
TN,TCGA-LIHC,9.082593002984286,0.012128701354183802,0.11016005805479584
TN,TCGA-LIHC,95.53896268478856,0.004326369211098805,0.4133368266197869
TN,TCGA-LIHC,10.24650540450277,0.013627721766736585,0.13963652473392646
TN,TCGA-LIHC,54.74877073645322,0.011767072079439746,0.6442327315165665
TN,TCGA-LIHC,50.83304770842111,0.004715866343917326,0.23972185884688688
TN,TCGA-LIHC,92.35781607910528,0.005870431757259358,0.5421802565418986
TN,TCGA-LIHC,54.39755363258365,0.010038374343559954,0.5460630067377543
TN,TCGA-LIHC,65.80385275107564,0.008044827893744402,0.5293806701277026
TN,TCGA-LIHC,30.253767867207294,0.015569407713479888,0.47103324679352726
TN,TCGA-LIHC,37.45261063466314,0.0094780030879781,0.35497595924817865
TN,TCGA-LIHC,112.29965676730092,0.0037037291814886893,0.4159275158402162
TN,TCGA-LIHC,45.64225669529821,0.013104673544430253,0.598126873822969
TN,TCGA-LIHC,122.8073966468578,0.005200989397599659,0.6387199679071234
TN,TCGA-LIHC,89.91375293743423,0.005717838766635256,0.5141123421993261
TN,TCGA-LIHC,74.50074430459068,0.006547804672258948,0.48781632164436806
TN,TCGA-LIHC,84.12354862800868,0.007177366110614028,0.6037855070272606
TN,TCGA-LIHC,6.121080000290007,0.010772534644167164,0.06593954636284285
TN,TCGA-LIHC,52.676118260923765,0.011154483612829476,0.5875748979289417
TN,TCGA-LIHC,67.78356340955214,0.008360766205884843,0.566722526269036
TN,TCGA-LIHC,29.134246650655818,0.007402044958627823,0.21565300354390643
TN,TCGA-LIHC,29.169317812527307,0.022651339560588943,0.6607241225222915
TN,TCGA-LIHC,98.02351045284759,0.005770922113253632,0.5656860440910867
TN,TCGA-LIHC,31.666841986812727,0.012525903341322902,0.3966558018517619
TN,TCGA-LIHC,82.68404329459356,0.006498690100537716,0.5373379736310071
TN,TCGA-LIHC,17.92892878735618,0.021237270939602378,0.3807615183139199
TN,TCGA-LIHC,38.43132703814357,0.012961330256223492,0.4981211219263102
TN,TCGA-LIHC,54.42089789098167,0.007850894228666935,0.4272527131711806
TN,TCGA-LIHC,69.81034404999617,0.004515478579406481,0.3152271131787544
TN,TCGA-LIHC,28.858700036421048,0.010456445896100949,0.3017594355626432
TN,TCGA-LIHC,93.67828262171388,0.005957487000140845,0.5580871509143804
TN,TCGA-LIHC,52.96803990124872,0.011968242070256959,0.6339343235251742
TN,TCGA-LIHC,80.53076766760975,0.007255996009685696,0.5843309288531022
TN,TCGA-LIHC,35.81129327141714,0.012975483225444291,0.4646688351247391
TN,TCGA-LIHC,58.96497519007084,0.0077471654376837385,0.45681141782639595
TN,TCGA-LIHC,81.52710084224144,0.007053440898614404,0.5750465874261266
TN,TCGA-LIHC,12.295803506506534,0.04930776174140043,0.6062785497179002
TN,TCGA-LIHC,60.788407612995734,0.005572621466970889,0.3387507852071566
TN,TCGA-LIHC,48.06368528893386,0.006221235151968119,0.2990154884526483
TN,TCGA-LIHC,75.16199497131474,0.0062520654011659444,0.4699177082427656
TN,TCGA-LIHC,48.71145932382433,0.010884401908415383,0.5301951008259318
TN,TCGA-LIHC,53.12226511926625,0.01087955630953827,0.5779466746552779
TN,TCGA-LIHC,20.774893404529386,0.00880523607095009,0.18292784077570529
TN,TCGA-LIHC,78.02594214364538,0.006921399502852638,0.5400487171626358
TN,TCGA-LIHC,47.24717538974233,0.007075579459608618,0.3343011437121866
TN,TCGA-LIHC,40.34194993994427,0.016794060213845517,0.6775051364353656
TN,TCGA-LIHC,32.24431880374373,0.014659204028678255,0.4726760481098261
TN,TCGA-LIHC,51.2804673600919,0.009919047585134394,0.5086533959326827
TN,TCGA-LIHC,26.432661846246027,0.017275324277713347,0.4566328049170413
TN,TCGA-LIHC,24.684617032106615,0.024628691950919143,0.6079498288101658
TN,TCGA-LIHC,88.40989856556551,0.0061003264946207425,0.5393292466062517
TN,TCGA-LIHC,26.689571551494094,0.02026986212328147,0.5409939354782408
TN,TCGA-LIHC,29.118651247467888,0.006295300549933457,0.18331066121150513
TN,TCGA-LIHC,47.01815618154751,0.013801271751018477,0.6489103506933664
TN,TCGA-LIHC,45.00119124927781,0.011320030654365477,0.5094148644247882
TN,TCGA-LIHC,51.65925857724819,0.010036121128005098,0.5184585764641991
TN,TCGA-LIHC,101.65661956774817,0.0048313605793343616,0.49113978440800854
TN,TCGA-LIHC,15.710308172260973,0.03653485361094057,0.5739738092563179
TN,TCGA-LIHC,27.173023222571484,0.012995003290691247,0.3531135261953461
TN,TCGA-LIHC,57.94439577902738,0.008986261730871404,0.5207035063075403
TN,TCGA-LIHC,95.09432091674864,0.006337914357236475,0.6026996618299141
TN,TCGA-LIHC,88.4496846984468,0.006769216630020962,0.5987350765808367
TN,TCGA-LIHC,31.015528628798084,0.011307919674118507,0.35072110638477166
TN,TCGA-LIHC,64.4389285745879,0.006507034924091054,0.4193063587058524
TN,TCGA-LIHC,36.65382014506373,0.014977414476571568,0.5489794564623282
TN,TCGA-LIHC,97.24732804392335,0.005200641103040542,0.5057484513860949
TN,TCGA-LIHC,24.499092357546136,0.016445297303817635,0.4028948574935327
TN,TCGA-LIHC,56.5990257693592,0.013131317248238919,0.7432197633187055
TN,TCGA-LIHC,39.97758522383593,0.013807989895637715,0.5520100928227222
TN,TCGA-LIHC,42.21731776236163,0.011088528346902346,0.46812792473813086
TN,TCGA-LIHC,36.59787857301935,0.009347234658543771,0.3420889590269029
TN,TCGA-LIHC,65.6382576157427,0.008580814370177927,0.5632297041826058
TN,TCGA-LIHC,55.34815676137628,0.007957108565103893,0.44041129222866016
TN,TCGA-LIHC,157.97760897332648,0.002872547891096033,0.4537982474967227
TN,TCGA-LIHC,65.67474506886573,0.007631303864808362,0.501183935864339
TN,TCGA-LIHC,34.48857619356086,0.01911098571220466,0.6591106868694234
TN,TCGA-LIHC,73.42483931301362,0.007742466556137805,0.5684893627708003
TN,TCGA-LIHC,95.83519071579485,0.006646359095429188,0.636955091476114
TN,TCGA-LIHC,62.69680030735747,0.01014354323074316,0.6359677043469516
TN,TCGA-LIHC,58.27025955861705,0.009356267498709367,0.5451921356496475
TN,TCGA-LIHC,26.66063565306499,0.023427529347661555,0.624592824189492
TN,TCGA-LIHC,26.764714570469465,0.009585569079617893,0.2565550204114906
TN,TCGA-LIHC,61.355639993643706,0.006758847683753924,0.4146934252562784
TN,TCGA-LIHC,52.96313113612307,0.007973357993767647,0.422294005019171
TN,TCGA-LIHC,54.252653902041786,0.010460128195667247,0.567489714770524
TN,TCGA-LIHC,46.259195049392154,0.009059522265565619,0.41908620753711107
TN,TCGA-LIHC,83.28033282000229,0.005953862204208744,0.49583962593093667
TN,TCGA-LIHC,101.3680264512344,0.004333504515656924,0.4392788003696547
TN,TCGA-LIHC,22.650089572384285,0.005401135216412568,0.12233619644430385
TN,TCGA-LIHC,37.830032121095414,0.01610076844938247,0.6090925876144584
TN,TCGA-LIHC,50.22434404012298,0.010804648219683596,0.5426563694178912
TN,TCGA-LIHC,50.70477735311798,0.011150994292880285,0.5654086828863841
TN,TCGA-LIHC,45.79686665649627,0.012505252239693922,0.5727013693271139
TN,TCGA-LIHC,19.878138351677816,0.034940942048317554,0.6945608801744132
TN,TCGA-LIHC,81.09341898587036,0.00781349032799086,0.6336226449098084
TN,TCGA-LIHC,92.44679645347358,0.0058423411906249004,0.5401057268614446
TN,TCGA-LIHC,42.29162070234299,0.008276964140709544,0.35004622800578233
TN,TCGA-LIHC,12.789934606425588,0.047183235660244335,0.6034704986140929
TN,TCGA-LIHC,86.91949106302454,0.006425949886587764,0.5585402937387087
TN,TCGA-LIHC,58.96898182423124,0.009745897069121226,0.5747056271298381
TN,TCGA-LIHC,92.88216832586502,0.004746941995457788,0.44090626545522793
TN,TCGA-LIHC,37.17647788882107,0.0108701504408126,0.4041139075110282
TN,TCGA-LIHC,69.745226501286,0.00940059545524385,0.6556466592729422
TN,TCGA-LIHC,67.44464590869265,0.008867938198135552,0.5980949517134222
TN,TCGA-LIHC,71.4333627425556,0.006033821121119956,0.43101613286865537
TN,TCGA-LIHC,70.51070254503632,0.006245589773015628,0.4403809227034259
TN,TCGA-LIHC,39.58386642277559,0.01096805417678623,0.434157991451672
TN,TCGA-LIHC,65.35089602454873,0.009118361026121423,0.5958930633323586
TN,TCGA-LIHC,63.30965486123636,0.010178182966984337,0.6443772507542931
TN,TCGA-LIHC,34.87431830326378,0.010238090353027429,0.35704642178905277
TN,TCGA-LIHC,108.96702581971107,0.004767143936609647,0.5194614964268225
TN,TCGA-LIHC,106.28852719694618,0.004767892914403006,0.5067723157046509
TN,TCGA-LIHC,41.72103386955923,0.009677744043158552,0.403765487005543
TN,TCGA-LIHC,19.75041743178443,0.00969475912125567,0.1914755395453991
TN,TCGA-LIHC,69.39995208034087,0.008674935853720409,0.6020401325482272
TN,TCGA-LIHC,70.83656233518435,0.006187679292012063,0.43831392987874185
TN,TCGA-LIHC,23.50701213435834,0.012326925051024656,0.2897691767537624
TN,TCGA-LIHC,29.19963952897418,0.011162136976482327,0.3259303760863177
TN,TCGA-LIHC,48.46815976084644,0.011376461105831879,0.5513961343905153
TN,TCGA-LIHC,122.61451475373339,0.0040153830670986625,0.49234424632266016
TN,TCGA-LIHC,37.30405996699328,0.013563670848743308,0.505979990714079
TN,TCGA-LIHC,25.153132230798793,0.02197950909691378,0.5528534986827173
TN,TCGA-LIHC,28.244907953312673,0.018760917836944932,0.5299003974241715
TN,TCGA-LIHC,29.115897456596723,0.01582589661824184,0.46078518309543026
TN,TCGA-LIHC,37.064221585862505,0.018487334928829525,0.6852186783341931
TN,TCGA-LIHC,17.697324198461747,0.015422319470231084,0.2729337875569283
TN,TCGA-LIHC,41.19141295168353,0.0068104054397602806,0.2805302228375576
TN,TCGA-LIHC,56.74449725959849,0.011248614557391063,0.6382969779261568
TN,TCGA-LIHC,54.6178410279448,0.011385532305029753,0.621853193454645
TN,TCGA-LIHC,27.652444830680558,0.026231629838358472,0.7253686969240416
TN,TCGA-LIHC,32.13029476034642,0.021612945463080378,0.6944303083680644
TN,TCGA-LIHC,66.50416005006122,0.009427398837090675,0.6269612411176392
TN,TCGA-LIHC,19.818742491818114,0.0340636716550471,0.6750991368572221
TN,TCGA-LIHC,209.03086059295592,0.0018495142250223161,0.38660555013532866
TN,TCGA-LIHC,43.49501441162593,0.013212698606997739,0.5746865163278365
TN,TCGA-LIHC,50.67581489116311,0.010518592706163708,0.5330382568930905
TN,TCGA-LIHC,49.0299194913213,0.0062376021879376325,0.3058291330934717
TN,TCGA-LIHC,96.86018382592493,0.004619853443888459,0.4474798538238685
TN,TCGA-LIHC,62.58787593824725,0.009650930979930077,0.6040312708604506
TN,TCGA-LIHC,61.16486548509641,0.00952721850418799,0.5827310382557799
TN,TCGA-LIHC,25.103845196673216,0.013459706342085969,0.3378903844044069
TN,TCGA-LIHC,47.145873926665466,0.011450508876560777,0.5398442478904982
TN,TCGA-LIHC,41.52913614079105,0.005072201570229985,0.21064414954361518
TN,TCGA-LIHC,58.80394213351547,0.00984468403498013,0.5789062303157151
TN,TCGA-LIHC,56.7834005280695,0.008316882431061292,0.4722608662278177
TN,TCGA-LIHC,63.18711240400943,0.009971192981869149,0.6300508917474359
TN,TCGA-LIHC,59.73979760352219,0.008023068542059484,0.4792964908618194
TN,TCGA-LIHC,100.52301932070023,0.00475841503706867,0.47833024670716445
TN,TCGA-LIHC,108.0280141453757,0.005571433795145725,0.6018709288320266
TN,TCGA-LIHC,55.04525452062858,0.01035633658497702,0.5700671832213575
TN,TCGA-LIHC,93.33186113667847,0.006013416676153046,0.5612433701757027
TN,TCGA-LIHC,34.511305691705836,0.017583718817792086,0.606837095317823
TN,TCGA-LIHC,55.360213001912,0.006254326569264404,0.34624085105799496
TN,TCGA-LIHC,51.42433022145073,0.010662010971292511,0.5482867730124767
TN,TCGA-LIHC,52.26412717211437,0.01211342060522102,0.6330973550005821
TN,TCGA-LIHC,62.388191427862296,0.006837478309938968,0.4265779056843287
TN,TCGA-LIHC,84.1879406407582,0.006572949885357637,0.5533631147831671
TN,TCGA-LIHC,79.5323907974189,0.006398679292775921,0.5089022621004065
TN,TCGA-LIHC,43.81700578250627,0.012113948046447148,0.5307969316001552
TN,TCGA-LIHC,62.650039339935105,0.009258049233430765,0.5800171486854935
TN,TCGA-LIHC,51.26290481027492,0.01180962268769445,0.6053955636845436
TN,TCGA-LIHC,40.13858145277884,0.01014263799225083,0.40711110119800914
TN,TCGA-LIHC,49.57410216925549,0.011410793471129454,0.565679841370045
TN,TCGA-LIHC,45.32066320780385,0.013803576458903951,0.6255872397571556
TN,TCGA-LIHC,37.591241913908384,0.013537035201596197,0.5088739650602963
TN,TCGA-LIHC,43.57423981305151,0.014220728399127127,0.6196574295798376
TN,TCGA-LIHC,29.77680526424455,0.012405604149361905,0.3693992589408536
TN,TCGA-LIHC,64.45614340486591,0.006689985954187884,0.43121069403967294
TN,TCGA-LIHC,15.832658738003282,0.011225883409643438,0.17773558105749726
TN,TCGA-LIHC,78.81928031576528,0.006816263508341018,0.5372529841700524
TN,TCGA-LIHC,53.9103026368707,0.0033647159863107864,0.1813928571091314
TN,TCGA-LIHC,74.38887859488247,0.0078413078860526,0.5833061003606613
TN,TCGA-LIHC,115.60199252171897,0.0042434511952494924,0.49055141333951124
TN,TCGA-LIHC,43.08724576864186,0.008770953920621098,0.37791624720323413
TN,TCGA-LIHC,104.13042185231649,0.005525570076874002,0.5753799430794266
TN,TCGA-LIHC,67.72450967992393,0.008322024910095888,0.563605056580357
TN,TCGA-LIHC,43.32301652244673,0.009992257171738874,0.43289472254778005
TN,TCGA-LIHC,71.86692558476197,0.006469674165406988,0.46495559180296103
TN,TCGA-LIHC,56.42615591591837,0.008983397339054351,0.5068985789081271
TN,TCGA-LIHC,62.035607504836186,0.007447165118417575,0.46198941230985957
TN,TCGA-LIHC,26.34510560547382,0.014570791553786872,0.38386904223986107
TN,TCGA-LIHC,54.34843166682391,0.01207003929311446,0.6559877057377108
TN,TCGA-LIHC,79.94579428307539,0.004488607863821666,0.35884532089848137
TN,TCGA-LIHC,49.498361782513165,0.01297600297490286,0.6422908897427089
TN,TCGA-LIHC,16.528709284074147,0.020674851447293086,0.34172860906372704
TN,TCGA-LIHC,48.41880988994943,0.01307325806348519,0.6329915968181379
TN,TCGA-LIHC,31.105051853165417,0.015556009018470488,0.4838704671478334
TN,TCGA-LIHC,40.43177481138593,0.011851907007332064,0.47919363520593694
TN,TCGA-LIHC,47.89570193226812,0.010596807393916233,0.5075415283726668
TN,TCGA-LIHC,70.68142028601832,0.00512645377509451,0.36234503385430034
TN,TCGA-LIHC,67.24158321911813,0.008280571302249302,0.5567987243220378
TN,TCGA-LIHC,69.9454266283832,0.007721699733254504,0.540097582138759
TN,TCGA-LIHC,107.28402773976111,0.0044055548342281075,0.47264566704436695
TN,TCGA-LIHC,38.11280241845599,0.01351467292945956,0.515082059110548
TN,TCGA-LIHC,40.72948322373216,0.011224952846275985,0.45718652863958226
TN,TCGA-LIHC,110.41987272979325,0.004423161286033752,0.48840490626719557
TN,TCGA-LIHC,65.16510490189191,0.01009474536925898,0.657825140945649
TN,TCGA-LIHC,54.230388590225765,0.010076511197802215,0.5464531178905754
TN,TCGA-LIHC,44.502775349483386,0.014355614912712457,0.638864705464136
TN,TCGA-LIHC,67.96737639248008,0.008913907217766779,0.6058548869975996
TN,TCGA-LIHC,41.17606548330839,0.010958566992037299,0.4512306720673497
TN,TCGA-LIHC,50.24225000510001,0.007635179556369955,0.3836086001049679
TN,TCGA-LIHC,97.05848839361634,0.0059212888656583074,0.5747113466427465
TN,TCGA-LIHC,46.07358777678984,0.012674529538829634,0.5839610492367828
TN,TCGA-LIHC,63.2050788640874,0.006986243906200148,0.4415660970551304
TN,TCGA-LIHC,95.75538961686202,0.006126688513773351,0.5866634456975205
TN,TCGA-LIHC,52.299866686503876,0.005709360592626793,0.29859879785956006
TN,TCGA-LIHC,53.10586218005965,0.009935775555816023,0.5276479273191713
TN,TCGA-LIHC,27.515618918380454,0.009226645387755462,0.25387685838451196
TN,TCGA-LIHC,51.60117724673603,0.008712239070226242,0.449561792478683
TN,TCGA-LIHC,16.939183564686413,0.03270694993716263,0.5540290288266065
TN,TCGA-LIHC,19.831442656676273,0.023210690026751815,0.4603014682874165
TN,TCGA-LIHC,53.54090286300558,0.012036971005000969,0.6444702953435715
TN,TCGA-LIHC,57.31554837945276,0.011712966083874114,0.6713350742471761
TN,TCGA-LIHC,18.96163317454007,0.009294425001721712,0.17623747745092103
TN,TCGA-LIHC,88.87003727119709,0.004577515829449641,0.4068040023726842
TN,TCGA-LIHC,61.25173225656306,0.007410215071827021,0.4538885095430969
TN,TCGA-LIHC,108.33598079632067,0.004650723230328297,0.5038406625698488
TN,TCGA-LIHC,24.529063098729548,0.021272289569404777,0.5217893331023762
TN,TCGA-LIHC,25.00469119768829,0.02200951496474134,0.5503411251042565
TN,TCGA-LIHC,43.55977916920823,0.016637663112490562,0.7247329310717705
TN,TCGA-LIHC,35.70664295387829,0.009770284321432052,0.34886405382324925
TN,TCGA-LIHC,50.6268733667891,0.011259676695573585,0.5700422262177902
TN,TCGA-LIHC,45.36762810799861,0.009090550235943705,0.412416702401373
TN,TCGA-LIHC,31.12384441400846,0.02171707199432172,0.6759187698790896
TN,TCGA-LIHC,34.233965375058474,0.01510483839729099,0.5170985146887135
TN,TCGA-LIHC,38.211990540647086,0.01383437019128662,0.5286388228852543
TN,TCGA-LIHC,91.39019446560276,0.006426019466641781,0.5872751686961413
TN,TCGA-LIHC,83.89776076140431,0.007712447640148865,0.6470570869980667
TN,TCGA-LIHC,75.93822369181981,0.006654294595250348,0.5053153114853886
TN,TCGA-LIHC,110.18639908471955,0.004881679337206951,0.5378946676531143
TN,TCGA-LIHC,21.333106620454508,0.028307341477262788,0.6038835338760613
TN,TCGA-LIHC,77.87593795596489,0.007253319345329105,0.5648590473116493
TN,TCGA-LIHC,80.4767677291883,0.0033138262383773792,0.2666860244807861
TN,TCGA-LIHC,78.52081036800584,0.007688811645380862,0.6037317211622656
TN,TCGA-LIHC,39.21970767466756,0.008550254136514437,0.3353384677782133
TN,TCGA-LIHC,86.81262379372028,0.0024144950500481887,0.2096086504316332
TN,TCGA-LIHC,101.43638778332341,0.004584474666607116,0.4650325500647817
TN,TCGA-LIHC,40.498709362889755,0.01188322389352334,0.48125523075794896
TN,TCGA-LIHC,39.92278599574895,0.011932973788221522,0.47639755884004953
TN,TCGA-LIHC,40.980281552490005,0.018363430224957164,0.7525385408882495
TN,TCGA-LIHC,61.16772967391043,0.010140308110110376,0.620259625289393
TN,TCGA-LIHC,84.39472017743678,0.0073091457662660285,0.6168533116801183
TN,TCGA-LIHC,79.81286965797075,0.006798097233109129,0.5425756483883505
TN,TCGA-LIHC,69.90028262701806,0.008166496719818372,0.5708404287879201
TN,TCGA-LIHC,82.61125229646782,0.005555579591070144,0.4589533872510032
TN,TCGA-LIHC,58.02674662379503,0.00958157929508396,0.5559878740116375
TN,TCGA-LIHC,70.9402875887083,0.008166129895767375,0.5793076032924861
TN,TCGA-LIHC,22.34783251383365,0.023769777726227376,0.5312030115167831
TN,TCGA-LIHC,88.150226111317,0.005296585205771926,0.4668951835066517
TN,TCGA-LIHC,76.04648543025326,0.0067367450652872606,0.5123057854546982
TN,TCGA-LIHC,108.28137832877525,0.00528850575600477,0.572646692559858
TN,TCGA-LIHC,79.52552581069227,0.005374010159780408,0.4273709836685393
TN,TCGA-LIHC,48.96812971202758,0.012489449902739104,0.6115850028691987
TN,TCGA-LIHC,50.287258460549324,0.00823782098238449,0.4142574328929052
TN,TCGA-LIHC,56.02329744774005,0.011340606880029483,0.635338192477779
TN,TCGA-LIHC,55.54875960111925,0.007235191408130394,0.40190590819831873
TN,TCGA-LIHC,18.259073241141703,0.016010672470593148,0.29234004128049146
TN,TCGA-LIHC,63.845682368917466,0.0080786013751644,0.5157838173838462
TN,TCGA-LIHC,99.97175686312379,0.005080783721271457,0.5079348748570673
TN,TCGA-LIHC,39.10959230189349,0.010196215333675433,0.3987698247223611
TN,TCGA-LIHC,89.35095499188,0.00592855150517205,0.5297217387056703
TN,TCGA-LIHC,59.85125689830633,0.008450864174648715,0.5057948427295937
TN,TCGA-LIHC,39.325696792323875,0.014942441452531041,0.5876219218992873
TN,TCGA-LIHC,67.59704602491287,0.008436671662348658,0.5702940826568604
TN,TCGA-LIHC,84.43761856959705,0.00709571561815455,0.5991453288440665
TN,TCGA-LIHC,39.93623657419897,0.017637100568181574,0.7043594207738384
TN,TCGA-LIHC,50.36715585346211,0.007968602017723158,0.4013558197608749
TN,TCGA-LIHC,16.934154081361665,0.01331830826329512,0.22553428423371186
TN,TCGA-LIHC,55.91416395427199,0.008611300970819651,0.4814936943419915
TN,TCGA-LIHC,64.29735469533458,0.00821441324896228,0.5281650422825834
TN,TCGA-LIHC,55.20913028054286,0.011114387993295578,0.6136156947103568
TN,TCGA-LIHC,51.606002751269266,0.0030148319319088243,0.15558342497270122
TN,TCGA-LIHC,37.5383647788369,0.005322410439448185,0.1997945845786956
TN,TCGA-LIHC,72.40445105953883,0.008852286466158517,0.6409449422039923
TN,TCGA-LIHC,28.003118081245237,0.023755984474538052,0.6652416383767177
TN,TCGA-LIHC,16.850647215565107,0.022117894658090293,0.37270084003451154
TN,TCGA-LIHC,143.03642901048326,0.0029524782819083744,0.4223119501751808
TN,TCGA-LIHC,18.746179121001386,0.023292653234739676,0.4366482497418023
TN,TCGA-LIHC,67.8333854712283,0.009514231194169206,0.6453825120564645
TN,TCGA-LIHC,67.97555129235437,0.009474158564146552,0.6440111514290423
TN,TCGA-LIHC,162.91770137610249,0.0017475413230307645,0.28470541540792516
TN,TCGA-LIHC,22.06031452421065,0.02782221423966317,0.6137667968869418
TN,TCGA-LIHC,35.457968285818765,0.0188735473467582,0.6692176432622512
TN,TCGA-LIHC,51.84664408200051,0.012122321786336408,0.6285017031036644
TN,TCGA-LIHC,77.1965852126011,0.0073964628479237324,0.5709816745115825
TN,TCGA-LIHC,109.63051770677983,0.0048361345279126135,0.530187931994693
TN,TCGA-LIHC,81.41104994205473,0.007754001468244891,0.6312614007820505
TN,TCGA-LIHC,24.622263727578083,0.008087224706614967,0.19912577955045901
TN,TCGA-LIHC,61.21299692696784,0.004478330605961268,0.27413203762065314
TN,TCGA-LIHC,33.77685847497721,0.018532955020474817,0.6259849988496963
TN,TCGA-LIHC,18.27389472119585,0.032638578884731526,0.5964339543890297
TN,TCGA-LIHC,117.2507625227671,0.0033603759662763043,0.394006644409077
TN,TCGA-LIHC,65.52356282336483,0.0079202237827103,0.5189612806015266
TN,TCGA-LIHC,64.6784743367408,0.00809417070580274,0.5235186122724618
TN,TCGA-LIHC,24.48096545288405,0.01262445933997338,0.3090589529632277
TN,TCGA-LIHC,107.16206593649886,0.004628264031169097,0.4959743352796688
TN,TCGA-LIHC,40.01909359061678,0.013135062985850716,0.525653314949406
TN,TCGA-LIHC,35.72719265924759,0.012205679183666444,0.4360746517318189
TN,TCGA-LIHC,37.692716360298064,0.01120055540987248,0.4221793581421254
TN,TCGA-LIHC,45.89570285013187,0.011617708591230888,0.533202901302557
TN,TCGA-LIHC,46.61654662639511,0.01207118997438529,0.5627171902770052
TN,TCGA-LIHC,15.812991734640415,0.04713746542593843,0.7453843511722626
TN,TCGA-LIHC,23.318246046867888,0.010468138994745784,0.24409864073229445
TN,TCGA-LIHC,59.482892888418114,0.0087145923817831,0.5183691652118286
TN,TCGA-LIHC,26.935392348663708,0.01876902452423749,0.505551039562028
TN,TCGA-LIHC,52.59999945151794,0.013878625810041584,0.7300157099960101
TN,TCGA-LIHC,27.594920566342207,0.02084574645562935,0.5752367175892015
TN,TCGA-LIHC,32.73749052112342,0.018887473416662193,0.6183284819459491
TN,TCGA-LIHC,37.0401704059816,0.018517507765506334,0.6858916431284422
TN,TCGA-LIHC,70.7878337250008,0.004357420766361487,0.3084523766790625
TN,TCGA-LIHC,114.27436172285901,0.004568600209028903,0.5220738728536981
TN,TCGA-LIHC,65.16677617438452,0.007610249522118423,0.49593542723910805
TN,TCGA-LIHC,13.281594149215213,0.007716442591200502,0.10248665877204366
TN,TCGA-LIHC,85.15892739866695,0.006521105596815071,0.5553303580782153
TN,TCGA-LIHC,97.67470685904784,0.005799840199521637,0.5664976913175974
TN,TCGA-LIHC,72.23462166952815,0.007677163293044805,0.5545569859682804
TN,TCGA-LIHC,57.96670777243459,0.0072096144991972005,0.41791761682687145
TN,TCGA-LIHC,55.83367707028268,0.0069673857446840275,0.38901476569277904
TN,TCGA-LIHC,81.50603032522433,0.005086374675255283,0.41457020852681015
TN,TCGA-LIHC,49.13051213775512,0.01086376568006612,0.5337423716062161
TN,TCGA-LIHC,100.94488896524871,0.005495687152473213,0.5547615293941524
TN,TCGA-LIHC,34.34008561808652,0.007788757069400073,0.26746658462167516
TN,TCGA-LIHC,47.73608334736149,0.005952951330119923,0.2841705808573911
TN,TCGA-LIHC,78.72011482932031,0.00735596060035195,0.5790620631396615
TN,TCGA-LIHC,39.67654444605144,0.010303676624410039,0.40881428354614613
TN,TCGA-LIHC,77.30770357692387,0.007757848718228452,0.599741469103424
TN,TCGA-LIHC,134.68754078338668,0.0032357460683699497,0.43581468054826067
TN,TCGA-LIHC,96.82889954136496,0.005845913099046405,0.5660533321951139
TN,TCGA-LIHC,69.41190082158406,0.006140732788306876,0.42623993527380616
TN,TCGA-LIHC,7.946647397319231,0.0077345138081006595,0.06146345402267276
TN,TCGA-LIHC,26.799349838775427,0.008817856878040996,0.23631283130287276
TN,TCGA-LIHC,22.867234496246414,0.029264500924280026,0.6691982050511313
TN,TCGA-LIHC,30.524677854300187,0.015038732205428158,0.4590524559077839
TN,TCGA-LIHC,86.62676642695797,0.006131338195833217,0.5311380017751299
TN,TCGA-LIHC,39.961325597466846,0.014584201347084165,0.5828040186098449
TN,TCGA-LIHC,69.68049671668105,0.01058240878354234,0.7373875004961987
TN,TCGA-LIHC,40.12313093827361,0.011856463766861995,0.4757184481827006
TN,TCGA-LIHC,68.60189531577079,0.008172500470600585,0.5606490217522289
TN,TCGA-LIHC,60.90803620701737,0.008590331228871633,0.5232202055183854
TN,TCGA-LIHC,64.4173873368222,0.0050776406853012684,0.3270883467822591
TN,TCGA-LIHC,40.57167686100033,0.011889901436996985,0.48239323901098513
TN,TCGA-LIHC,18.727655586606552,0.02247507301948099,0.4209054267926734
TN,TCGA-LIHC,44.073059947830004,0.010544762747905653,0.46473996072409046
TN,TCGA-LIHC,53.04818176155562,0.008267252663438803,0.4385627219588064
TN,TCGA-LIHC,82.51509222094234,0.0060644620057725175,0.5004096416767202
TN,TCGA-LIHC,83.73276955489409,0.006139379963082319,0.514067287658706
TN,TCGA-LIHC,47.31453531626193,0.011992349838541696,0.5674124599606492
TN,TCGA-LIHC,71.96075146516243,0.007836156949190218,0.5638957426626827
TN,TCGA-LIHC,68.06853867184134,0.008003489732304466,0.5447858503530516
TN,TCGA-LIHC,46.660551824788705,0.008704591725398479,0.40616105331658264
TN,TCGA-LIHC,64.46117542282737,0.004693433404057236,0.3025442339942913
TN,TCGA-LIHC,49.613143953169576,0.007736967727543001,0.38385529362761817
TN,TCGA-LIHC,28.67561282817131,0.022048724101846162,0.6322606756997098
TN,TCGA-LIHC,94.89938726940213,0.006373354384200908,0.6048274259114239
TN,TCGA-LIHC,77.02163283224513,0.007636277834887571,0.5881585876037223
TN,TCGA-LIHC,95.69545209969212,0.004391663033110722,0.42026217942303573
TN,TCGA-LIHC,49.797402266724546,0.008353378700152353,0.4159765594177753
TN,TCGA-LIHC,48.52006604082896,0.009581337144504223,0.4648871110107925
TN,TCGA-LIHC,21.920883462405655,0.02072680134782852,0.4543497968941814
TN,TCGA-LIHC,44.82018773348712,0.012359051790519424,0.5539350214589707
TN,TCGA-LIHC,79.91327482143136,0.006909752967145866,0.5521809878117283
TN,TCGA-LIHC,75.75191381467573,0.006764683817640339,0.5124377455374225
TN,TCGA-LIHC,24.5016892067492,0.022074031852006213,0.5408510679777387
TN,TCGA-LIHC,104.03786406551808,0.005784410670250465,0.6017977310106501
TN,TCGA-LIHC,55.864101075170865,0.009484664461730921,0.5298522541542172
TN,TCGA-LIHC,29.907686789580104,0.007378156218747015,0.2206635852748784
TN,TCGA-LIHC,122.23808649261342,0.0032849274970119537,0.40154325150171133
TN,TCGA-LIHC,77.55968038001208,0.005641347368174152,0.43754109878820957
TN,TCGA-LIHC,34.37585819123286,0.020127628680871416,0.691904509259427
TN,TCGA-LIHC,111.80004867000793,0.005160419930696643,0.5769351994095636
TN,TCGA-LIHC,37.243250780243486,0.00848111227689196,0.3158641914236891
TN,TCGA-LIHC,78.39050525085769,0.006856553108011817,0.5374886624163849
TN,TCGA-LIHC,72.23193915312578,0.008483214678396196,0.6127590464728175
TN,TCGA-LIHC,110.29477688484725,0.003927356222283588,0.4331668782840849
TN,TCGA-LIHC,76.92992938540759,0.0071447992710614566,0.5496489033956695
TN,TCGA-LIHC,71.1830768940779,0.008203410761636259,0.58394401903926
TN,TCGA-LIHC,101.56006724305954,0.0053942003248127965,0.5478353477105212
TN,TCGA-LIHC,34.61085963061872,0.01800837973817856,0.6232855032929765
TN,TCGA-LIHC,83.01008434669433,0.0060631195875731755,0.5033000683685438
TN,TCGA-LIHC,58.574691077513165,0.011439483701625033,0.670064223908933
TN,TCGA-LIHC,60.69761280852029,0.007525158085625065,0.456759131804176
TN,TCGA-LIHC,54.82344301290754,0.011731077018684838,0.6431380324138974
TN,TCGA-LIHC,38.82407439188331,0.006448285488717426,0.25034871551406696
TN,TCGA-LIHC,15.659245115027119,0.029633180293316685,0.4640332337508372
TN,TCGA-LIHC,69.54629144006583,0.008398141604831466,0.5840596036045512
TN,TCGA-LIHC,34.604360994783065,0.020545232215723838,0.7109546323145545
TN,TCGA-LIHC,105.91497828191119,0.004305373905176598,0.45600358366228655
TN,TCGA-LIHC,88.97108693969932,0.005393621481448981,0.47987636574582715
TN,TCGA-LIHC,77.39930430610283,0.00535291157985286,0.4143116322926932
TN,TCGA-LIHC,10.46078408650414,0.009200633850488076,0.09624584416893696
TN,TCGA-LIHC,43.909757060449614,0.014539900462136891,0.6384434969755499
TN,TCGA-LIHC,45.2588066982837,0.014387099018937756,0.651142933447171
TN,TCGA-LIHC,34.049195812598334,0.016997743588476298,0.5787594998163673
TN,TCGA-LIHC,75.37919341547818,0.006497687026143111,0.4897904070968848
TN,TCGA-LIHC,35.953026056172035,0.00685099705292924,0.2463140755547228
TN,TCGA-LIHC,31.58879643055776,0.019839405741191897,0.6267029492617497
TN,TCGA-LIHC,24.348852444797135,0.022577536853166075,0.5497371134047102
TN,TCGA-LIHC,18.044172891660665,0.015810846597046676,0.2852936495606349
TN,TCGA-LIHC,45.66712612601537,0.014102302736449412,0.644011637732687
TN,TCGA-LIHC,68.26077564409819,0.008219434521430693,0.5610649757887362
TN,TCGA-LIHC,65.26782201403175,0.003896807271214534,0.25433612340061496
TN,TCGA-LIHC,43.931959360132595,0.008658503764993303,0.3803850355232408
TN,TCGA-LIHC,132.49449226762493,0.003850662500519868,0.510191572900363
TN,TCGA-LIHC,34.297974340046636,0.013217581804246653,0.45333628155951905
TN,TCGA-LIHC,60.27651936986554,0.004314154562043828,0.26004222102362856
TN,TCGA-LIHC,50.28004964821623,0.011751999857274155,0.5908911362895746
TN,TCGA-LIHC,92.43084064900827,0.005523765257735586,0.5105662663202861
TN,TCGA-LIHC,65.26727185239933,0.010129815315033304,0.6611454099808768
TN,TCGA-LIHC,52.558181924682465,0.008947678016881549,0.4702736890147425
TN,TCGA-LIHC,34.09257200250954,0.012456176073147376,0.4246630796497135
TN,TCGA-LIHC,92.92020869580665,0.004626685385122449,0.4299125715554165
TN,TCGA-LIHC,84.32397730557142,0.005659545134059828,0.47723535544431805
TN,TCGA-LIHC,26.281391603597157,0.01581228112668067,0.4155687524364632
TN,TCGA-LIHC,41.88537495807116,0.010320460084848965,0.4322763403937058
TN,TCGA-LIHC,65.83187613332818,0.009615294234438018,0.6329928590270282
TN,TCGA-LIHC,69.07497136675944,0.007366981442353461,0.5088740321900135
TN,TCGA-LIHC,17.689956735183653,0.011668259614941875,0.20641100776321245
TN,TCGA-LIHC,62.088603649122064,0.007390108815541056,0.45884153717201154
TN,TCGA-LIHC,41.97038740465692,0.013172348225484463,0.552848558052628
TN,TCGA-LIHC,27.61676894490525,0.0214591377387496,0.5926320486879442
TN,TCGA-LIHC,98.34448398102724,0.0056373359883411835,0.5544008988010879
TN,TCGA-LIHC,71.50960609973374,0.004839149946573909,0.3460457065370478
TN,TCGA-LIHC,54.39371924773016,0.010612792871712549,0.5772692758982443
TN,TCGA-LIHC,82.56731923480767,0.005137764216875154,0.4242114182479024
TN,TCGA-LIHC,50.98399608388192,0.00586165374165439,0.29885053140957923
TN,TCGA-LIHC,61.77166065815234,0.008461543651697441,0.5226836030967975
TN,TCGA-LIHC,59.11943180657047,0.010668616638545316,0.6307225538329229
TN,TCGA-LIHC,37.074048707338726,0.005987369699759319,0.22197603587772105
TN,TCGA-LIHC,86.43773570423961,0.00450580898217784,0.389471925935277
TN,TCGA-LIHC,25.0055750882812,0.026394368000003488,0.6600063509318137
TN,TCGA-LIHC,103.09176706365267,0.004360875442400835,0.4495703553015902
TN,TCGA-LIHC,28.439213597812078,0.01302864696152076,0.3705244738291742
TN,TCGA-LIHC,20.885382750958218,0.03333531421450765,0.6962207964934505
TN,TCGA-LIHC,110.69660173994372,0.005222119002181568,0.5780708274230854
TN,TCGA-LIHC,47.70740020387632,0.012386092160735945,0.5909082556743249
TN,TCGA-LIHC,57.001266071336175,0.01010864149425876,0.5762053634339929
TN,TCGA-LIHC,111.14075135162827,0.0044386488283464955,0.493314765768454
TN,TCGA-LIHC,19.776386721769715,0.030244644174146403,0.5981297794502387
TN,TCGA-LIHC,73.56001385989634,0.007659475653557286,0.5634311352352126
TN,TCGA-LIHC,61.135853173537214,0.009544776248858314,0.5835280393244672
TN,TCGA-LIHC,50.62226518121284,0.012474846450079772,0.6315049850908498
TN,TCGA-LIHC,61.378343209337245,0.009253637203800093,0.5679729202295339
TN,TCGA-LIHC,111.51224496824014,0.004499312177900878,0.5017284017706688
TN,TCGA-LIHC,114.39054967196262,0.0026498066877798385,0.30311284353957835
TN,TCGA-LIHC,132.21438016472078,0.0036714153653262674,0.48541390685384433
TN,TCGA-LIHC,15.741060994175983,0.00987826830723218,0.1554944239409773
TN,TCGA-LIHC,125.96812165849872,0.0038381324210526578,0.4834823317565894
TN,TCGA-LIHC,43.90936922541434,0.014173994026803069,0.6223711371217133
TN,TCGA-LIHC,121.8259282350373,0.005318604288032161,0.6479439043043677
TN,TCGA-LIHC,51.33034468712075,0.01232223561214856,0.6325046012875
TN,TCGA-LIHC,93.43530686487381,0.005287715758334637,0.4940593444942258
TN,TCGA-LIHC,33.25321554215599,0.013571539915396672,0.4512973420456591
TN,TCGA-LIHC,107.65855330384544,0.005057482231860758,0.5444812204420326
TN,TCGA-LIHC,78.21511714984143,0.009574748971076243,0.748890112453052
TN,TCGA-LIHC,64.24252519735363,0.004030049901821566,0.2589005823643645
TN,TCGA-LIHC,68.38242003467641,0.005532526986247852,0.37832758422678303
TN,TCGA-LIHC,122.635735607616,0.003792614286081685,0.4651100428495808
TN,TCGA-LIHC,130.63969611975804,0.0035292549489509507,0.46106079406010436
TN,TCGA-LIHC,20.387370671032933,0.020971880615056865,0.42756150376781443
TN,TCGA-LIHC,40.564735599486454,0.006095710901636972,0.24727090101581095
TN,TCGA-LIHC,66.23300911941963,0.008406308306438673,0.5567750947210056
TN,TCGA-LIHC,10.90702473195514,0.012862881428546327,0.14029576586536124
TN,TCGA-LIHC,24.038349742379587,0.015321553453612118,0.36830486051449196
TN,TCGA-LIHC,48.332369569269375,0.012646396793030545,0.6112303235203753
TN,TCGA-LIHC,26.563131229613234,0.020824713115708084,0.5531695873116017
TN,TCGA-LIHC,89.51019328064397,0.006152370976451961,0.5506999152364394
TN,TCGA-LIHC,68.50803261231346,0.007538385195614485,0.5164399388253381
TN,TCGA-LIHC,22.814611457367192,0.009184878152487547,0.209549426332264
TN,TCGA-LIHC,33.92411483931947,0.017181524832626978,0.5828680215366568
TN,TCGA-LIHC,81.57162879623712,0.005687458701712288,0.46393527001000345
TN,TCGA-LIHC,45.73704111335621,0.011644769917577439,0.532597320475813
TN,TCGA-LIHC,46.939170467596036,0.010729939934975717,0.5036544797148915
TN,TCGA-LIHC,26.043898268394475,0.023820090421229463,0.6203680116744579
TN,TCGA-LIHC,42.326084734774156,0.013427952162389139,0.5683526410397766
TN,TCGA-LIHC,72.74935372559712,0.006774942025613835,0.49287265389179435
TN,TCGA-LIHC,53.10328147932746,0.011706186499464841,0.6216369167305844
TN,TCGA-LIHC,69.7282910440573,0.003389799017083383,0.23636489244404948
TN,TCGA-LIHC,92.85300076995895,0.005137803469432115,0.47706046950307796
TN,TCGA-LIHC,62.29625145941153,0.006667891085382669,0.41538461975896723
TN,TCGA-LIHC,112.88922210338687,0.004623505467867238,0.5219439356582882
TN,TCGA-LIHC,42.16307631649457,0.009395019828259158,0.39612293801387055
TN,TCGA-LIHC,84.70170864256083,0.00528126164342875,0.44733188498683396
TN,TCGA-LIHC,29.132381859829536,0.01583784524008537,0.46139415537105066
TN,TCGA-LIHC,119.11892614031127,0.003413538236698813,0.4066170090944543
TN,TCGA-LIHC,42.3151988999794,0.014944706577219039,0.632388231316854
TN,TCGA-LIHC,43.93306050585455,0.009619283706985352,0.4226045731219683
TN,TCGA-LIHC,44.192497211249496,0.013461591850385712,0.5949013603071495
TN,TCGA-LIHC,32.16904173475141,0.014578983503331384,0.4689919287689196
TN,TCGA-LIHC,50.1352192964917,0.01192130624241448,0.5976773027640854
TN,TCGA-LIHC,24.77908058705366,0.020015763580872058,0.49597221878184244
TN,TCGA-LIHC,41.08182700389598,0.016158942450216773,0.6638388783057165
TN,TCGA-LIHC,51.08489798379415,0.010508265180286299,0.5368136547215818
TN,TCGA-LIHC,47.94128016557392,0.01027194166274558,0.4924500330981171
TN,TCGA-LIHC,142.8955438108879,0.0030293824445313563,0.43288525182246507
TN,TCGA-LIHC,94.78455157410464,0.005713246439280099,0.5415275017795143
TN,TCGA-LIHC,43.251388735719466,0.011789649284421796,0.509918704258324
TN,TCGA-LIHC,41.9473632912959,0.010568893688119748,0.4433372231226433
TN,TCGA-LIHC,12.691359531459206,0.02440438307312141,0.3097247997244411
TN,TCGA-LIHC,91.09415129945131,0.00495798415715498,0.45164335895215835
TN,TCGA-LIHC,43.07173447592513,0.013825771243815765,0.5954999479385138
TN,TCGA-LIHC,31.981438374060527,0.01584451348388814,0.5067303315519396
TN,TCGA-LIHC,38.27483328302706,0.016217800046361,0.6207335929919358
TN,TCGA-LIHC,70.54468755435282,0.008769724693831735,0.6186574884640521
TN,TCGA-LIHC,48.45953962349591,0.007549197651735829,0.3658306427298947
TN,TCGA-LIHC,103.94602848626018,0.0054567604948554446,0.5672085818409432
TN,TCGA-LIHC,68.01220714946778,0.008689168142135797,0.590969503639496
TN,TCGA-LIHC,31.65742419128682,0.011951525276248716,0.378354505403092
TN,TCGA-LIHC,22.484864977086225,0.011354265612194606,0.255299129204169
TN,TCGA-LIHC,33.59132317687369,0.011008603129889424,0.3697935454620589
TN,TCGA-LIHC,50.80293703976903,0.005691062915998354,0.2891227110108287
TN,TCGA-LIHC,115.19308265833169,0.0036064302640274977,0.4154358195056285
TN,TCGA-LIHC,59.65910432472994,0.01056241558821211,0.6301442534982999
TN,TCGA-LIHC,55.7359852319318,0.007463277097420742,0.41597310208365734
TN,TCGA-LIHC,122.63406072106635,0.004127752657019134,0.5062030699824274
TN,TCGA-LIHC,70.24422626428318,0.008636786839139831,0.6066844089249215
TN,TCGA-LIHC,56.556781724735195,0.010283691538574584,0.581612497671669
TN,TCGA-LIHC,31.256771735627233,0.013094622808721323,0.40929563609634034
TN,TCGA-LIHC,91.73604770976515,0.004680598608675416,0.42937961727570834
TN,TCGA-LIHC,137.79766976598592,0.0038339781658345905,0.5283132571856752
TN,TCGA-LIHC,75.89942072593458,0.005220092230226842,0.3962019764101692
TN,TCGA-LIHC,47.37217305219333,0.009784625525664597,0.46351897365269146
TN,TCGA-LIHC,119.27157933467099,0.0041181843698497545,0.4911823537833371
TN,TCGA-LIHC,8.109528307205702,0.02118022818889158,0.1717616600508924
TN,TCGA-LIHC,38.96979518644639,0.01472501471470532,0.5738308075494757
TN,TCGA-LIHC,77.01709719843252,0.0077035837676656645,0.5933076598105735
TN,TCGA-LIHC,46.949738068293755,0.012396187091530737,0.5819977369929323
TN,TCGA-LIHC,72.55315065182812,0.007880794212910582,0.5717764497853566
TN,TCGA-LIHC,32.86671305844849,0.011990391295809914,0.3940847501779028
TN,TCGA-LIHC,43.29863945986303,0.015124435768293407,0.6548674913651927
TN,TCGA-LIHC,32.563484653676944,0.015627174193163642,0.5088752470194207
TN,TCGA-LIHC,61.465355619597794,0.006388890716242368,0.392695439888584
TN,TCGA-LIHC,25.161184968018123,0.014308710735101374,0.36002411745975227
TN,TCGA-LIHC,60.08499529009057,0.007877559945932963,0.4733231522487882
TN,TCGA-LIHC,70.44940174738707,0.0067015295397506985,0.47211874686787897
TN,TCGA-LIHC,23.815058386862944,0.013333680058339103,0.31754236910109584
TN,TCGA-LIHC,87.24215228444606,0.005613342826527383,0.4897201096967049
TN,TCGA-LIHC,29.301784377564324,0.01260386911458446,0.36931585511859644
TN,TCGA-LIHC,54.119789134048645,0.005981909134941442,0.3237396610020702
TN,TCGA-LIHC,81.51993567135735,0.0049997068739768575,0.40757578274223655
TN,TCGA-LIHC,53.5146555571872,0.00960592598904697,0.5140578206116814
TN,TCGA-LIHC,69.06820852558862,0.007496863733827894,0.5177949476559478
TN,TCGA-LIHC,25.414097309870787,0.024798289057834325,0.6302261312341055
TN,TCGA-LIHC,52.061543928365396,0.007472579627103314,0.38903403251464747
TN,TCGA-LIHC,62.87902445386091,0.009417875780154395,0.5921868414837526
TN,TCGA-LIHC,68.11863302006374,0.008803100501552797,0.599655172504014
TN,TCGA-LIHC,119.90526393440757,0.004935938471377813,0.5918450051745529
TN,TCGA-LIHC,33.37160026716962,0.003910226355079366,0.13049051087586025
TN,TCGA-LIHC,68.95405683792433,0.007426083846450353,0.5120586076313294
TN,TCGA-LIHC,65.93935127138283,0.006793259422597385,0.44794311934428027
TN,TCGA-LIHC,54.09826795254282,0.007754828563721816,0.41952279356625555
TN,TCGA-LIHC,69.62676279906958,0.00483905065539111,0.33692743215559906
TN,TCGA-LIHC,37.037386079693334,0.016091834169125047,0.5959994748522855
TN,TCGA-LIHC,73.99104291538096,0.008348496601156056,0.6177139702950498
TN,TCGA-LIHC,72.04342641485721,0.008208332095790347,0.5913563693317825
TN,TCGA-LIHC,50.82310436774372,0.010588074654324191,0.5381188232101803
TN,TCGA-LIHC,72.84517507374127,0.005524796627978331,0.40245477761189696
TN,TCGA-LIHC,121.42810605008528,0.0038424542793342852,0.46658194572360756
TN,TCGA-LIHC,22.8893732230287,0.021396999552545135,0.4897639086111837
TN,TCGA-LIHC,59.13646690303109,0.007952827356750732,0.4703021117680099
TN,TCGA-LIHC,57.59620871284283,0.00789806897810251,0.45489882929122144
TN,TCGA-LIHC,45.043148963778314,0.01033218522153164,0.46539415805479845
TN,TCGA-LIHC,58.07878067649727,0.01038238542389149,0.602996285933056
TN,TCGA-LIHC,37.0706168477198,0.014839011719056511,0.5500913178359679
TN,TCGA-LIHC,73.1321972402601,0.007856229136265491,0.5745432987580461
TN,TCGA-LIHC,6.586143987451857,0.008030544287001704,0.052890320971802136
TN,TCGA-LIHC,76.5392141433386,0.007576187878868139,0.5798754664508546
TN,TCGA-LIHC,41.64567675219688,0.010691519495914254,0.44525556491665597
TN,TCGA-LIHC,52.26478656394963,0.012494849467370141,0.6530406405607802
TN,TCGA-LIHC,48.84276813617581,0.014360599132933242,0.7014114137464258
TN,TCGA-LIHC,43.46873175148609,0.01163361150362904,0.5056983377522535
TN,TCGA-LIHC,25.60423650972214,0.017147427205067255,0.4390467816917856
TN,TCGA-LIHC,90.86318952756355,0.006078270104061025,0.5522910084650203
TN,TCGA-LIHC,56.13106726003953,0.008633257067880968,0.4845939331504383
TN,TCGA-LIHC,55.51377947388685,0.010454407318930731,0.5803636624333093
TN,TCGA-LIHC,33.11146299506157,0.014616322108512476,0.4839678086199112
TN,TCGA-LIHC,70.56734237342408,0.010066561614452976,0.7103704999702719
TN,TCGA-LIHC,78.63105442186071,0.005709764294795387,0.4489647870000532
TN,TCGA-LIHC,67.73837250940186,0.0072560692325694814,0.49151432062980116
TN,TCGA-LIHC,43.090109790336406,0.013408724334138707,0.5777834037063923
TN,TCGA-LIHC,39.58985403505371,0.013553296589140389,0.5365730336578594
TN,TCGA-LIHC,69.9745012678774,0.008033129920620101,0.5621142598154552
TN,TCGA-LIHC,58.23506728104192,0.008441576408296498,0.4915957700952028
TN,TCGA-LIHC,35.1369992361557,0.01649699705007438,0.5796549727473265
TN,TCGA-LIHC,28.267941725451273,0.014297347754283162,0.40415659314658803
TN,TCGA-LIHC,47.23204196695006,0.012269365724257717,0.579507196795999
TN,TCGA-LIHC,24.037049297501653,0.008639356879757717,0.20766464721744632
TN,TCGA-LIHC,30.140981444785986,0.02288358411801357,0.6897336842912463
TN,TCGA-LIHC,33.62248030673144,0.010420310957400477,0.35035669995521534
TN,TCGA-LIHC,78.7772504738411,0.005196249847251635,0.4093462757416006
TN,TCGA-LIHC,72.09538527285035,0.00854499590599872,0.6160547719979067
TN,TCGA-LIHC,43.18763812921109,0.014731178949538815,0.6362048256893342
TN,TCGA-LIHC,55.434785254467315,0.007840284389465015,0.4346244814639455
TN,TCGA-LIHC,124.3280582601133,0.0050090718946921055,0.6227681823523762
TN,TCGA-LIHC,29.46394686852277,0.005565392553010805,0.16397843048438265
TN,TCGA-LIHC,52.19319493574688,0.010628677734492666,0.5547446489056083
TN,TCGA-LIHC,73.80242250146443,0.008285103327158675,0.6114606962192533
TN,TCGA-LIHC,41.864444182404604,0.012018957149045684,0.5031669606969358
TN,TCGA-LIHC,47.15280614322289,0.010418447106530466,0.4912590167276525
TN,TCGA-LIHC,36.074597395054724,0.013327760566495088,0.48079359661399673
TN,TCGA-LIHC,58.11867556879539,0.008975192646078729,0.5216263095648879
TN,TCGA-LIHC,46.31754728439318,0.012006646352175921,0.5561184101438951
TN,TCGA-LIHC,135.62581738889662,0.0032746726114344466,0.4441301496068295
TN,TCGA-LIHC,68.29332626029814,0.007224498375231156,0.4933850246066552
TN,TCGA-LIHC,111.35495598050711,0.004421987781012424,0.49241025470097877
TN,TCGA-LIHC,51.126395266411635,0.011120630745645763,0.5685577631136952
TN,TCGA-LIHC,27.94953026027386,0.022536665689576574,0.6298892196564961
TN,TCGA-LIHC,43.50175989360702,0.01264570214983763,0.5501102986083067
TN,TCGA-LIHC,25.18737903310473,0.01007422936488406,0.25374343347976874
TN,TCGA-LIHC,86.36532789272027,0.006517142105501581,0.5628551148650974
TN,TCGA-LIHC,37.299536591874244,0.009388912746150366,0.3502020945329501
TN,TCGA-LIHC,33.622517679385545,0.00947569280508485,0.3185966488633918
TN,TCGA-LIHC,118.18790932957913,0.003401563336420911,0.4020236591837353
TN,TCGA-LIHC,70.32088360999535,0.006592061980146861,0.4635596232557829
TN,TCGA-LIHC,56.159949374695366,0.008978479264456983,0.5042309409536563
TN,TCGA-LIHC,118.48689284232496,0.004168836306167101,0.49395246068601506
TN,TCGA-LIHC,89.24148038877077,0.0062531232963823555,0.5580379800226716
TN,TCGA-LIHC,114.66300552085757,0.0048750950678270455,0.558993052676958
TN,TCGA-LIHC,20.795149901847594,0.027756007401008392,0.5771903345807607
TN,TCGA-LIHC,20.767183956715325,0.030602705460186206,0.6355320138648635
TN,TCGA-LIHC,9.155124511527394,0.005917241622526874,0.054173083819025906
TN,TCGA-LIHC,26.695954222467762,0.02678985265556856,0.7151806801197147
TN,TCGA-LIHC,65.30231397528017,0.006328060269743474,0.41323697858928443
TN,TCGA-LIHC,53.72161971648501,0.007567688132940111,0.40654846401076505
TN,TCGA-LIHC,64.82870446475191,0.008278845578349105,0.5367068333081122
TN,TCGA-LIHC,56.392130785108314,0.00837970254425144,0.4725492818157321
TN,TCGA-LIHC,35.177695170596266,0.015836290385227356,0.5570841958045725
TN,TCGA-LIHC,119.74103515070216,0.004712228981743171,0.5642471761410665
TN,TCGA-LIHC,31.55723565048531,0.017780367075972095,0.5610992337685818
TN,TCGA-LIHC,68.38451065022399,0.007848291218031045,0.5367015543855034
TN,TCGA-LIHC,25.6420205493783,0.02079762767314111,0.5332931961730032
TN,TCGA-LIHC,19.649941550138056,0.013041766113486508,0.25626994184058105
TN,TCGA-LIHC,77.59983770176589,0.004861383927708191,0.37724260379612884
TN,TCGA-LIHC,126.4410735258775,0.003954505837997846,0.5000119634207975
TN,TCGA-LIHC,101.55196491658319,0.006253584177468802,0.6350637609932115
TN,TCGA-LIHC,83.47305203372156,0.0071246224380621045,0.5947139794929782
TN,TCGA-LIHC,24.98676075961368,0.024094764456860117,0.6020501150428068
TN,TCGA-LIHC,31.220456461559735,0.013705508105133742,0.42789221907988206
TN,TCGA-LIHC,73.9752541117991,0.0066747302343348,0.49376486521262525
TN,TCGA-LIHC,28.245923040583484,0.006243677306970669,0.17635842870293106
TN,TCGA-LIHC,19.105015227465692,0.02254467812041129,0.4307164187887703
TN,TCGA-LIHC,57.4244780108145,0.005962826976712457,0.34241222660651593
TN,TCGA-LIHC,72.83023914230597,0.007678409264599885,0.5592203829733073
TN,TCGA-LIHC,72.43782077577073,0.007149415625543635,0.5178880877346247
TN,TCGA-LIHC,59.2954760674361,0.007295102630959763,0.43256658346356475
TN,TCGA-LIHC,51.59487434529417,0.009604943845235168,0.4955658707885151
TN,TCGA-LIHC,110.05290184934242,0.0035571909726664916,0.3914791889742323
TN,TCGA-LIHC,82.75594796620392,0.006928448329026962,0.5733703094034878
TN,TCGA-LIHC,17.439181775212887,0.01842647588220841,0.32134266238640874
TN,TCGA-LIHC,10.97241271076632,0.028682994258284827,0.31472165078244185
TN,TCGA-LIHC,60.92163717524566,0.0063980922224158585,0.3897822529877801
TN,TCGA-LIHC,68.90800081955129,0.007016905594944296,0.48352093648713557
TN,TCGA-LIHC,60.90537598003492,0.006817266683381534,0.415208190507518
TN,TCGA-LIHC,36.260968180603186,0.016442605324414862,0.5962247884748239
TN,TCGA-LIHC,80.12768374922211,0.005906404350698359,0.4732664999077877
TN,TCGA-LIHC,93.32612331597721,0.005437603302656347,0.5074704363670712
TN,TCGA-LIHC,18.78063293183076,0.016855672693439454,0.3165602016745695
TN,TCGA-LIHC,90.65073960706873,0.005704307610615419,0.5170997038485188
TN,TCGA-LIHC,11.051580150601866,0.04757637204131076,0.5257940888893996
TN,TCGA-LIHC,80.14284691106464,0.007538959811949759,0.6041937020777581
TN,TCGA-LIHC,22.500952820889157,0.031018339958277043,0.6979422039834927
TN,TCGA-LIHC,62.00319317062536,0.009397489222039253,0.5826743395529697
TN,TCGA-LIHC,30.655993691972327,0.020453998721008948,0.6270376557668603
TN,TCGA-LIHC,82.82858631116808,0.005572047296369305,0.46152480041723576
TN,TCGA-LIHC,109.77653745503692,0.005556597434094987,0.6099840263464904
TN,TCGA-LIHC,71.90304066800486,0.007038348756876846,0.5060786769013174
TN,TCGA-LIHC,73.04338246389328,0.007727948643375671,0.5644755084194144
TN,TCGA-LIHC,53.85118440296365,0.010595548426724288,0.570582832178061
TN,TCGA-LIHC,44.344173667490736,0.012151415901134862,0.5388444970258327
TN,TCGA-LIHC,76.299183725534,0.006589656045968287,0.5027853773394102
TN,TCGA-LIHC,76.43710295020809,0.007557551630776118,0.5776773520531472
TN,TCGA-LIHC,17.023483656575195,0.01453695485108375,0.24746961332379572
TN,TCGA-LIHC,31.59223265873143,0.019806299277168586,0.6257252148727741
TN,TCGA-LIHC,23.931679723262405,0.01493575079254327,0.35743760439360817
TN,TCGA-LIHC,57.014586474738906,0.008157798755814207,0.46511352260688654
TN,TCGA-LIHC,63.250245909363976,0.005200817584045169,0.32895299112060117
TN,TCGA-LIHC,22.0273932366255,0.019444417660836627,0.42830983407243417
TN,TCGA-LIHC,56.789230871259115,0.011262008687272878,0.6395608114156652
TN,TCGA-LIHC,77.09550325556205,0.00797066192655057,0.6145021925073639
TN,TCGA-LIHC,28.951413136907725,0.01371663801783729,0.39711605410382245
TN,TCGA-LIHC,70.88830876409794,0.008208296436145606,0.5818722521927344
TN,TCGA-LIHC,97.2432718574733,0.0049284815473256876,0.4792616709511325
TN,TCGA-LIHC,40.22419529758981,0.011074065146251607,0.4454453591810571
TN,TCGA-LIHC,95.50948707992958,0.006210517387250586,0.593163330157288
TN,TCGA-LIHC,43.18830094438748,0.011574782338479608,0.4998951830000383
TN,TCGA-LIHC,137.88918748590999,0.002708737481912836,0.37350561049359077
TN,TCGA-LIHC,19.80456007276873,0.03729833231736293,0.7386770629933055
TN,TCGA-LIHC,48.44476453256,0.009103194093864576,0.4410020943714603
TN,TCGA-LIHC,64.16284465627709,0.009606111106141652,0.6163554146543049
TN,TCGA-LIHC,86.34875104401968,0.005735867956394357,0.4952850341880663
TN,TCGA-LIHC,36.87965028313653,0.01242789017295955,0.45833624333597733
TN,TCGA-LIHC,99.40691217617555,0.004051697948557453,0.4027667821366414
TN,TCGA-LIHC,20.16818591859825,0.009747035189832552,0.1965800178636625
TN,TCGA-LIHC,80.53814149641454,0.007431288334380016,0.5985021513749524
TN,TCGA-LIHC,79.47780557672733,0.007519177307422138,0.5976077121362369
TN,TCGA-LIHC,51.25858165750481,0.010737956323519083,0.5504124110438231
TN,TCGA-LIHC,64.13702108848416,0.0075537690874950235,0.48447624726220806
TN,TCGA-LIHC,85.50732322740097,0.006057296146921114,0.5179431795188743
TN,TCGA-LIHC,37.22100554890223,0.015990752378946857,0.5951918830279025
TN,TCGA-LIHC,60.63091858374396,0.009039621981581238,0.5480805843930743
TN,TCGA-LIHC,24.68050578845303,0.014632665837586118,0.3611415939050431
TN,TCGA-LIHC,106.59600650104258,0.005287602529394,0.563637313598212
TN,TCGA-LIHC,86.20147268333228,0.005726427992188039,0.49362652614166663
TN,TCGA-LIHC,87.5563127516279,0.007060931595925465,0.6182291351307011
TN,TCGA-LIHC,53.899314421591534,0.010213201234977648,0.5504845446150473
TN,TCGA-LIHC,69.38079202113582,0.006957731739761908,0.48273293877527645
TN,TCGA-LIHC,65.97419846318414,0.008696592535549646,0.573750721893798
TN,TCGA-LIHC,49.318022127972085,0.01167872356070697,0.5759715469934154
TN,TCGA-LIHC,114.844205609665,0.0043165387195715395,0.49572946023255393
TN,TCGA-LIHC,57.0404400846517,0.00999857513949676,0.570323126176353
TN,TCGA-LIHC,32.22760177764397,0.018513059242895615,0.5966315009659708
TN,TCGA-LIHC,18.43886062280067,0.017808716311547682,0.32837243793962456
TN,TCGA-LIHC,16.838442374335788,0.035670550482975176,0.6006365087684131
TN,TCGA-LIHC,57.32288873979764,0.009857535604993375,0.5650624167336291
TN,TCGA-LIHC,55.90253813286006,0.010124545855493175,0.5659878107645975
TN,TCGA-LIHC,33.65871110058183,0.0162671359195253,0.5475308283491997
TN,TCGA-LIHC,72.59362812821794,0.00654655653949739,0.4752382909486268
TN,TCGA-LIHC,34.5250776806089,0.011087403880438981,0.3827934802484404
TN,TCGA-LIHC,35.39984054737747,0.016859800755977414,0.5968342584221547
TN,TCGA-LIHC,38.680399711599826,0.01358941262607238,0.5256439122223411
TN,TCGA-LIHC,16.90830257907094,0.029434487430505595,0.4976872197348489
TN,TCGA-LIHC,81.63301632051112,0.004253206454091218,0.34720207188133156
TN,TCGA-LIHC,83.48571998446157,0.006414201613205842,0.5354942398039846
TN,TCGA-LIHC,94.57363167300325,0.006707946946997468,0.6343949038473852
TN,TCGA-LIHC,20.85732654125385,0.01571341199719982,0.32773976510285246
TN,TCGA-LIHC,44.67834367231078,0.011567686437230013,0.5168250701360908
TN,TCGA-LIHC,32.71264437733042,0.012583596190660223,0.41164270717299767
TN,TCGA-LIHC,45.24789216716765,0.013960965974211363,0.6317042829506124
TN,TCGA-LIHC,36.51602157084893,0.015967876755201012,0.5830833320335773
TN,TCGA-LIHC,124.70405910635674,0.003669643838268236,0.4576194821066799
TN,TCGA-LIHC,72.55491548697562,0.009931664234053976,0.7205910591468047
TN,TCGA-LIHC,43.518374486261415,0.010650344491343822,0.4634856799819918
TN,TCGA-LIHC,89.43382457512962,0.005450945805419575,0.48749893093043295
TN,TCGA-LIHC,45.5277342567629,0.011732087956323883,0.5341353827524823
TN,TCGA-LIHC,78.70452387576967,0.007823621932713892,0.6157544391982757
TN,TCGA-LIHC,57.92047790177515,0.007030073770084081,0.40718523244800414
TN,TCGA-LIHC,31.578499696712502,0.01824523491992338,0.5761571453852488
TN,TCGA-LIHC,80.78558826550152,0.0072167746371091124,0.5830113844384108
TN,TCGA-LIHC,55.35142591999256,0.009444550783911564,0.5227693530632885
TN,TCGA-LIHC,63.349181804712714,0.006893920216611472,0.4367242051493046
TN,TCGA-LIHC,47.34556240683064,0.012168323547462223,0.5761161219028794
TN,TCGA-LIHC,77.4069649863023,0.007451420748662898,0.5767918649899554
TN,TCGA-LIHC,47.503389470011896,0.009197953680940084,0.43693397603282635
TN,TCGA-LIHC,19.737864309020182,0.03324133931665248,0.6561130448821842
TN,TCGA-LIHC,90.03566377380764,0.006337701678039672,0.5706191773826764
TN,TCGA-LIHC,64.10430615297324,0.00801865248540317,0.5140301538585845
TN,TCGA-LIHC,52.134305950908086,0.010262669786580752,0.5350371665267415
TN,TCGA-LIHC,33.9218660664517,0.017337279555645298,0.588112875043231
TN,TCGA-LIHC,32.42478299682167,0.009659436458439741,0.3132051310364963
TN,TCGA-LIHC,101.01509620524313,0.005815626295368937,0.5874660497204348
TN,TCGA-LIHC,103.41257786909436,0.005395281420800122,0.5579399600541707
TN,TCGA-LIHC,85.33961708231855,0.006741020223353097,0.5752760846051188
TN,TCGA-LIHC,33.196729991152715,0.018166737594528474,0.6030762827456849
TN,TCGA-LIHC,59.01994294797104,0.0062136234781633055,0.36672770318137166
TN,TCGA-LIHC,52.114516493211795,0.009455561139637195,0.49277199696419516
TN,TCGA-LIHC,91.21630727381296,0.006717142471249129,0.6127129316594399
TN,TCGA-LIHC,108.87370260798284,0.003933285048716012,0.42823130666633236
TN,TCGA-LIHC,77.95346485014998,0.005130540705166306,0.39994342452244536
TN,TCGA-LIHC,49.50274998511365,0.013161162973770337,0.651513760203888
TN,TCGA-LIHC,77.76453649149558,0.0077158550477793054,0.6000198914261241
TN,TCGA-LIHC,71.13946657207636,0.00854838740245846,0.6081277198623523
TN,TCGA-LIHC,19.30154622041751,0.037837349004686195,0.7303193406720191
TN,TCGA-LIHC,58.946875138426265,0.009232805284328172,0.544245020272695
TN,TCGA-LIHC,96.1451677082497,0.005082684564269585,0.4886755598398313
TN,TCGA-LIHC,52.63424885954226,0.011210278695613151,0.5900445986497274
TN,TCGA-LIHC,44.54381355604472,0.011225199403735656,0.5000131893694254
TN,TCGA-LIHC,101.31358059620523,0.004084416064946703,0.4138068161844132
TN,TCGA-LIHC,54.14513496457256,0.011811086351679222,0.6395128645898924
TN,TCGA-LIHC,89.54925910022793,0.00494189441628525,0.44254298352989746
TN,TCGA-LIHC,33.28915805284775,0.01904864729238983,0.6341134304093154
TN,TCGA-LIHC,34.93169284177607,0.010276786145269796,0.3589855370271844
TN,TCGA-LIHC,62.816136908440704,0.008391492322340509,0.5271211305862704
TN,TCGA-LIHC,45.81325187696899,0.01607229567756341,0.7363241301173324
TN,TCGA-LIHC,54.062027039876725,0.012175942670802766,0.658256141904928
TN,TCGA-LIHC,20.421014135497146,0.01686986564999099,0.34449976490240375
TN,TCGA-LIHC,84.24469045642775,0.007120775445392502,0.5998875232068227
TN,TCGA-LIHC,65.98245264037647,0.007151171162732416,0.47185181256821757
TN,TCGA-LIHC,45.3849097819583,0.008998925584124587,0.40841542577005074
TN,TCGA-LIHC,53.23366341498968,0.010304354161783113,0.5485385211572104
TN,TCGA-LIHC,36.37727178503429,0.0037304504228035155,0.13570360891091957
TN,TCGA-LIHC,83.68735843045371,0.006435790319798549,0.5385942912762255
TN,TCGA-LIHC,85.8749684243589,0.006882597454840808,0.5910428391120273
TN,TCGA-LIHC,128.21427701122002,0.004220120190531378,0.5410796591294327
TN,TCGA-LIHC,264.33157079330374,0.0016469671811493013,0.43534542203821447
TN,TCGA-LIHC,25.090856401002736,0.025351576561870905,0.6360927670529295
TN,TCGA-LIHC,73.09854706141086,0.006985009983692891,0.5105940810173994
TN,TCGA-LIHC,30.808789296915293,0.022181402770290543,0.6833821642598945
TN,TCGA-LIHC,47.16034857858918,0.012952553777694756,0.6108469511390068
TN,TCGA-LIHC,118.02876893780459,0.0036050851634068723,0.4255037637528572
TN,TCGA-LIHC,75.54121848251219,0.007979659989958813,0.6027932387176398
TN,TCGA-LIHC,96.05182632911857,0.006535950161304699,0.6277899497894135
TN,TCGA-LIHC,83.17349360155133,0.006875009151878279,0.5718185297043549
TN,TCGA-LIHC,48.50443539668638,0.009293249512777647,0.45076382061781056
TN,TCGA-LIHC,58.85874954938012,0.004572457904117541,0.26912915460353787
TN,TCGA-LIHC,141.30251403317945,0.0031729000900125085,0.4483387594948688
TN,TCGA-LIHC,87.73596173863169,0.005052092957957097,0.4432502344593344
TN,TCGA-LIHC,65.44321840854695,0.009404411141097545,0.6154549323106189
TN,TCGA-LIHC,47.987157747347574,0.008487186529806595,0.4072759588369925
TN,TCGA-LIHC,37.234582868952735,0.011217963240695454,0.41769618190654045
TN,TCGA-LIHC,74.23399383915961,0.0033906343322263515,0.251700328129334
TN,TCGA-LIHC,51.337667860323435,0.011245864244713345,0.5773364433973808
TN,TCGA-LIHC,75.9474898581264,0.005131186841235061,0.3897007605848515
TN,TCGA-LIHC,32.8014196366727,0.010466005834886036,0.3432998493099618
TN,TCGA-LIHC,99.11177295940641,0.005681133457130985,0.5630672093552538
TN,TCGA-LIHC,100.59111432019752,0.004111673718383543,0.41359784105327063
TN,TCGA-LIHC,114.14498064440308,0.004885675131966808,0.5576752933731928
TN,TCGA-LIHC,22.92285150964573,0.024444863037679072,0.5603459655863449
TN,TCGA-LIHC,39.823727065082686,0.013372118717283794,0.5325276060789934
TN,TCGA-LIHC,37.23932064977507,0.006058703525748452,0.22562200331726934
TN,TCGA-LIHC,79.32225195709356,0.007831879081596061,0.6212422858078532
TN,TCGA-LIHC,8.507617240697957,0.01209917062483163,0.10293511260596386
TN,TCGA-LIHC,103.08229369094371,0.0053943459802105855,0.5560615566026292
TN,TCGA-LIHC,32.30472112523991,0.015807315930964697,0.5106509328883766
TN,TCGA-LIHC,38.60567338364755,0.00454354845697719,0.1754067477328372
TN,TCGA-LIHC,41.923414083902045,0.01343441703971614,0.5632166285318493
TN,TCGA-LIHC,58.83596418051376,0.00943793048088968,0.5552897397118042
TN,TCGA-LIHC,95.04477642670685,0.006103054747476158,0.5800634739938233
TN,TCGA-LIHC,65.04504634478378,0.010031113073201241,0.6524742147361412
TN,TCGA-LIHC,46.568842506214885,0.01192977588749073,0.5555558544389957
TN,TCGA-LIHC,56.594063096428606,0.005841419354637445,0.33058965552905084
TN,TCGA-LIHC,35.89093577494998,0.017829500831596245,0.639917469246238
TN,TCGA-LIHC,16.378648217432573,0.03259810570413608,0.533912905882727
TN,TCGA-LIHC,150.19337075768183,0.0022733467849867153,0.34144161653829375
TN,TCGA-LIHC,87.07671785964563,0.001224654377229956,0.1066388836816329
TN,TCGA-LIHC,73.08315112618534,0.007389910876777576,0.5400779734165765
TN,TCGA-LIHC,71.39228367273846,0.007699303713266624,0.5496708747800993
TN,TCGA-LIHC,46.50870654566042,0.013581299867014816,0.6316486900236089
TN,TCGA-LIHC,50.99719380052178,0.008463833144744814,0.431631739177831
TN,TCGA-LIHC,47.776582667928,0.012126392703756855,0.5793576034747983
TN,TCGA-LIHC,76.54337449267915,0.007627468329775797,0.5838321647970788
TN,TCGA-LIHC,36.11455910257513,0.014071092224454174,0.5081712917778356
TN,TCGA-LIHC,16.58748794854202,0.04176728328902067,0.6928143081999709
TN,TCGA-LIHC,98.61572050494048,0.006057664650421708,0.5973809640786452
TN,TCGA-LIHC,65.6940101633373,0.008956298192730826,0.5883751444991383
TN,TCGA-LIHC,43.53194968758281,0.015216044342652385,0.6623840767683726
TN,TCGA-LIHC,122.72426504744604,0.004267624721012522,0.5237411073845737
TN,TCGA-LIHC,61.237085943166846,0.010231624507797289,0.6265548693221947
TN,TCGA-LIHC,63.04500809684788,0.008598106136213313,0.5420676709751258
TN,TCGA-LIHC,79.03142119983669,0.007996019164344989,0.631936758499315
TN,TCGA-LIHC,33.1952922554364,0.0200556587560928,0.6657534537838026
TN,TCGA-LIHC,57.450193757649004,0.010021483478603897,0.5757361675848722
TN,TCGA-LIHC,74.96482747730388,0.007099245626755207,0.5321937236287082
TN,TCGA-LIHC,25.06301742246595,0.0071608724649214845,0.17947307134838386
TN,TCGA-LIHC,20.826228883409883,0.012958039689338653,0.2698671004504763
TN,TCGA-LIHC,65.67240864093688,0.00861424711902059,0.5657183569343335
TN,TCGA-LIHC,35.63277222421065,0.014041188556255912,0.5003264735822601
TN,TCGA-LIHC,67.23535322317194,0.008431044296642442,0.5668642413249638
TN,TCGA-LIHC,33.05806357460929,0.010461629815017477,0.3458412235188758
TN,TCGA-LIHC,58.02972658104697,0.009377878747362157,0.5441957396196373
TN,TCGA-LIHC,24.554751215766785,0.02369274896708554,0.5817695565044009
TN,TCGA-LIHC,74.46204262215474,0.007905994920696777,0.5886965307554622
TN,TCGA-LIHC,94.12391048317315,0.005424280500703701,0.5105544922838567
TN,TCGA-LIHC,38.965994487626176,0.00894356141740222,0.34849476489024106
TN,TCGA-LIHC,85.62023881569915,0.006014081468219171,0.514927091565996
TN,TCGA-LIHC,104.24278104703059,0.0018005055735325509,0.18768970827571194
TN,TCGA-LIHC,21.70478389796985,0.015413993465081162,0.3345573971643061
TN,TCGA-LIHC,91.11132959576301,0.0060934851372046565,0.5551855327227366
TN,TCGA-LIHC,50.416866992445385,0.010121604973914289,0.5102996117199103
TN,TCGA-LIHC,70.3947358159748,0.00769100743346144,0.5414064364372164
TN,TCGA-LIHC,44.45507850806844,0.011874803936588567,0.5278953412689649
TN,TCGA-LIHC,38.12750192552207,0.012709661997078608,0.4845876622663493
TN,TCGA-LIHC,101.19812916347888,0.005332453609733157,0.5396343291560353
TN,TCGA-LIHC,61.434824040746925,0.007133620040511702,0.43825269196238237
TN,TCGA-LIHC,39.436159459613975,0.018547087667031947,0.7314259067485116
TN,TCGA-LIHC,48.115763233138544,0.00804813788341892,0.3872422968662375
TN,TCGA-LIHC,73.16106503832117,0.0077037969660057395,0.5636179908719672
TN,TCGA-LIHC,70.54726654257928,0.0029012230944241353,0.20467335894182612
TN,TCGA-LIHC,83.42503170596234,0.0060552361040469415,0.505158263967204
TN,TCGA-LIHC,122.78750082053848,0.004186909620622273,0.5141001684776778
TN,TCGA-LIHC,75.00028670853989,0.00741829468127995,0.5563742279844328
TN,TCGA-LIHC,41.57589825893563,0.01328919787636936,0.5525103388507959
TN,TCGA-LIHC,29.85185018779832,0.022766799983608747,0.6796311023662576
TN,TCGA-LIHC,32.01105398035299,0.01421339788923265,0.4549858470764616
TN,TCGA-LIHC,52.28226990610241,0.010055978067256204,0.5257493594821349
TN,TCGA-LIHC,61.83912065245694,0.007266413076505623,0.44934859494862206
TN,TCGA-LIHC,67.82799602013138,0.004662530627018541,0.3162501088131543
TN,TCGA-LIHC,99.00771477041663,0.004817695155021569,0.47698898775919363
TN,TCGA-LIHC,75.6265285636069,0.00737682323734298,0.557883533267598
TN,TCGA-LIHC,75.0396080104303,0.009613221174073025,0.7213723486200083
TN,TCGA-LIHC,56.717233102536404,0.006429623700864907,0.3646704662035477
TN,TCGA-LIHC,43.08735401540666,0.014836307784312532,0.6392572457842076
TN,TCGA-LIHC,19.463486303182354,0.022424504998715084,0.4364590458981352
TN,TCGA-LIHC,30.568426731444646,0.016615177840612852,0.5078998464506966
TN,TCGA-LIHC,46.41009089764077,0.014139402657322699,0.6562109625646899
TN,TCGA-LIHC,27.618826880745555,0.021570102428923182,0.5957409247843786
TN,TCGA-LIHC,61.528407731289825,0.0092594265827367,0.5697177741405673
TN,TCGA-LIHC,69.99222588492557,0.008505804068759351,0.5953401597135235
TN,TCGA-LIHC,35.12192593439684,0.010951698297593009,0.38464473646392167
TN,TCGA-LIHC,67.93314685154294,0.0029957100139460617,0.20350800830203555
TN,TCGA-LIHC,64.65782078474649,0.005625029005289866,0.363702117333033
TN,TCGA-LIHC,110.61662142539237,0.0036143087591861017,0.39980262372936864
TN,TCGA-LIHC,37.30035521265099,0.01498540059005459,0.5589607650129059
TN,TCGA-LIHC,48.18274159874818,0.009829533659015427,0.473613880328538
TN,TCGA-LIHC,82.33841604740596,0.0059407894936783934,0.48915519698054977
TN,TCGA-LIHC,40.374165939725614,0.011589381324647013,0.46791160474005555
TN,TCGA-LIHC,77.10821346857203,0.0073590010641045485,0.5674394249664223
TN,TCGA-LIHC,69.77654333301474,0.008320562104993373,0.5805800622741105
TN,TCGA-LIHC,89.09908926005258,0.003970901992159224,0.3538037510423153
TN,TCGA-LIHC,65.18567536316695,0.007742331283080538,0.5046890935729798
TN,TCGA-LIHC,58.80755954004393,0.006044966425402794,0.35548972297944137
TN,TCGA-LIHC,103.80050495472408,0.005314892175515262,0.5516884915983962
TN,TCGA-LIHC,34.46748426559343,0.01358020556810266,0.46807552174210265
TN,TCGA-LIHC,75.65683340160268,0.007457639348848272,0.5642213777850504
TN,TCGA-LIHC,47.86509395454684,0.011497190834680017,0.5503141195153138
TN,TCGA-LIHC,29.69414388824931,0.01715113213725461,0.5092881855300153
TN,TCGA-LIHC,24.78704138859156,0.01342947920774595,0.33287705694962866
TN,TCGA-LIHC,66.06836376741113,0.006758717222598896,0.44653738806373044
TN,TCGA-LIHC,86.24946487494992,0.006684220700020528,0.5765104584828337
TN,TCGA-LIHC,81.33084963997189,0.006798100951711799,0.5528953263410221
TN,TCGA-LIHC,51.660105623456,0.007428806130360384,0.3837729093505949
TN,TCGA-LIHC,84.61308530837331,0.007205433580910798,0.6096739662654231
TN,TCGA-LIHC,91.44057798791879,0.005537056752577322,0.5063116698075789
TN,TCGA-LIHC,37.85601554090829,0.015254512142547656,0.5774750487372582
TN,TCGA-LIHC,55.62402458596837,0.008116280614642188,0.45146019245547553
TN,TCGA-LIHC,45.245419464651675,0.004795537138740971,0.21697608940065072
TN,TCGA-LIHC,64.37923584422741,0.009271398200635446,0.596885531364455
TN,TCGA-LIHC,118.53216055156975,0.005224104906914634,0.6192244415646487
TN,TCGA-LIHC,41.47275574369735,0.01471201285552406,0.6101477156552847
TN,TCGA-LIHC,33.375750587468474,0.018838811686962064,0.6287594802283321
TN,TCGA-LIHC,22.778170738152454,0.03223775296079691,0.7343170411554117
TN,TCGA-LIHC,42.32266794270944,0.008592238332735112,0.3636464498409675
TN,TCGA-LIHC,36.87576973386436,0.016940187947961295,0.624682470017405
TN,TCGA-LIHC,8.811753381375999,0.018169127310118938,0.16010186901159157
TN,TCGA-LIHC,67.57947611092209,0.005116746075860802,0.3457870191992894
TN,TCGA-LIHC,43.60663951980209,0.011576774268563333,0.5048242223313617
TN,TCGA-LIHC,39.53046660655941,0.013537036373746054,0.5351253643241485
TN,TCGA-LIHC,45.742382372349724,0.008395449174404485,0.3840278463232378
TN,TCGA-LIHC,56.51730700438777,0.008233826871816705,0.4653537211354425
TN,TCGA-LIHC,49.85481450065118,0.011585761812810826,0.5776060060264119
TN,TCGA-LIHC,56.75665741038975,0.007923374075359296,0.4497042279295312
TN,TCGA-LIHC,60.061292719993,0.008648702601682984,0.5194522586078467
TN,TCGA-LIHC,24.953112680636103,0.02175088651166192,0.5427523220292279
TN,TCGA-LIHC,52.41697942071515,0.005851143342028664,0.30669926014677096
TN,TCGA-LIHC,103.83190976983519,0.003756361317055253,0.3900301693353803
TN,TCGA-LIHC,56.09524026080629,0.011630446420297112,0.652412686287001
TN,TCGA-LIHC,44.15057728982619,0.012174458269094869,0.5375093607714365
TN,TCGA-LIHC,31.72476227846426,0.0043065536751959975,0.1366243915850396
TN,TCGA-LIHC,66.49118110763604,0.008854206505626414,0.5887266483300151
TN,TCGA-LIHC,70.10723724120821,0.007727597480015735,0.5417605098360259
TN,TCGA-LIHC,18.324439381633947,0.03095602745113697,0.5672518485245558
TN,TCGA-LIHC,34.44576340093866,0.013749179934222346,0.4736009989711563
TN,TCGA-LIHC,58.584024894269106,0.00909011918297035,0.5325357685070081
TN,TCGA-LIHC,55.39243543051418,0.008547166563749865,0.47344837199636414
TN,TCGA-LIHC,31.155810262674436,0.01926486431088669,0.600212457206154
TN,TCGA-LIHC,46.607907430005014,0.010134203332902103,0.47233401081674947
TN,TCGA-LIHC,82.05941528168952,0.006897968526333106,0.5660432639023922
TN,TCGA-LIHC,47.782530821854365,0.0093171404859165,0.4451965524398523
TN,TCGA-LIHC,59.237100665767585,0.010756326414486447,0.6371735906087885
TN,TCGA-LIHC,54.19997104016674,0.009527557316090358,0.5163933306156261
TN,TCGA-LIHC,62.5255703808651,0.01009070183731619,0.6309268879214381
TN,TCGA-LIHC,28.626082809675772,0.01598034105073,0.4574545662450581
TN,TCGA-LIHC,71.1660341925884,0.006953206306235825,0.4948321177377
TN,TCGA-LIHC,33.2643730207958,0.00916977009068103,0.30502665281135033
TN,TCGA-LIHC,69.73448666626898,0.0070508804460728105,0.4916895284521211
TN,TCGA-LIHC,85.98502390203258,0.006911669071722212,0.5943000303349737
TN,TCGA-LIHC,10.790045958687973,0.005444961758448797,0.058751387616961
TN,TCGA-LIHC,39.61211297110628,0.012132279665803688,0.4805852327188712
TN,TCGA-LIHC,89.6559206113078,0.00550628790295722,0.493671311090537
TN,TCGA-LIHC,36.05363483015211,0.015024397790347269,0.5416841514761247
TN,TCGA-LIHC,25.03723341713333,0.005717561296281818,0.1431519167517753
TN,TCGA-LIHC,61.623420166930515,0.0052170838394422145,0.32149454948405065
TN,TCGA-LIHC,60.00298453970067,0.010778530869148612,0.6467440211022106
TN,TCGA-LIHC,17.26308538131783,0.008201625853142314,0.14158536736841945
TN,TCGA-LIHC,108.00556556533405,0.0046389075981360176,0.501027838742006
TN,TCGA-LIHC,51.092152587977154,0.012724147256938944,0.6501040732034155
TN,TCGA-LIHC,93.62751886405101,0.005483342326533443,0.5133917371155593
TN,TCGA-LIHC,50.93336184513185,0.002955895629926476,0.15055370169548915
TN,TCGA-LIHC,32.12273706012882,0.016721289879934164,0.5371335981193182
TN,TCGA-LIHC,73.77618831644531,0.0068478755032500074,0.5052101526953453
TN,TCGA-LIHC,115.31372240091802,0.0043805543389195435,0.5051380270003052
TN,TCGA-LIHC,74.42935447669383,0.007497138519140719,0.558007180402
TN,TCGA-LIHC,94.69927719074661,0.005658608216335417,0.5358661079925839
TN,TCGA-LIHC,85.25625532620198,0.006469397765333599,0.5515566276880418
TN,TCGA-LIHC,99.03768861948627,0.004224078958727937,0.4183430166186213
TN,TCGA-LIHC,88.81056084581053,0.005189195241362982,0.4608553397238576
TN,TCGA-LIHC,46.931551201596875,0.01002647387440917,0.47055797200830735
TN,TCGA-LIHC,21.569628641047196,0.013058789146831354,0.28167323239888986
TN,TCGA-LIHC,66.71337019937108,0.00987801535409118,0.6589956951525566
TN,TCGA-LIHC,93.62026508046524,0.005727252540866444,0.5361869010586846
TN,TCGA-LIHC,94.37864395992732,0.005540262328561783,0.5228824457519303
TN,TCGA-LIHC,72.7356794043536,0.007740855273729519,0.5630363675054901
TN,TCGA-LIHC,65.00510030176206,0.006811313142517845,0.44277009401608264
TN,TCGA-LIHC,118.94086563977717,0.0038621373041878215,0.4593659541797749
TN,TCGA-LIHC,39.08079056868409,0.006090308630346371,0.23801407608121575
TN,TCGA-LIHC,25.730935676916182,0.013785842559873925,0.3547226281602095
TN,TCGA-LIHC,21.56905893329793,0.011946628932322467,0.2576775434955054
TN,TCGA-LIHC,44.4840403266774,0.008824083301438777,0.3925308774271632
TN,TCGA-LIHC,112.35938472255275,0.004323041657194758,0.48573430073236784
TN,TCGA-LIHC,67.76309818473892,0.00832739392373736,0.5642900120772131
TN,TCGA-LIHC,39.46483837879058,0.009748340415612658,0.38471667896358575
TN,TCGA-LIHC,60.241480214137326,0.010433483072974497,0.6285284641051299
TN,TCGA-LIHC,72.66771298097882,0.008283095007791758,0.60191357062039
TN,TCGA-LIHC,43.990218725074776,0.010964448103064763,0.4823284702535502
TN,TCGA-LIHC,43.398923832807775,0.01261992329184903,0.5476910897188327
TN,TCGA-LIHC,88.16909426591533,0.004627649230921193,0.40801564127068124
TN,TCGA-LIHC,53.17126601460205,0.01176107135119731,0.6253510534312273
TN,TCGA-LIHC,53.701112358845755,0.007603698310990585,0.40832705734127106
TN,TCGA-LIHC,64.84817756202926,0.007145497683087039,0.46337250252189705
TN,TCGA-LIHC,24.857663307534292,0.027859906147314505,0.6925321667894488
TN,TCGA-LIHC,62.42475703246636,0.005031595108942016,0.31409610216145145
TN,TCGA-LIHC,25.331532086762103,0.026804898219443297,0.6790091393282203
TN,TCGA-LIHC,33.6708658980941,0.01022895524624071,0.344417780373777
TN,TCGA-LIHC,66.039330411969,0.007770769034915359,0.5131763838518729
TN,TCGA-LIHC,48.56136260105019,0.00995373050101597,0.4833667160929695
TN,TCGA-LIHC,58.781398371436296,0.00901561472662833,0.5299504408093276
TN,TCGA-LIHC,36.92161683004881,0.012978087214580557,0.4791719633236988
TN,TCGA-LIHC,38.58152963460679,0.01586961008206776,0.612273831670952
TN,TCGA-LIHC,66.93734601043303,0.0069319048437373465,0.4640033130366435
TN,TCGA-LIHC,74.25520193359846,0.008506569307575472,0.6316570216961674
TN,TCGA-LIHC,57.02705357253214,0.007728063183956898,0.44070867320342333
TN,TCGA-LIHC,56.736932817426585,0.009977519427415774,0.5660938494378573
TN,TCGA-LIHC,24.72993179273778,0.01715272531434476,0.4241857270833126
TN,TCGA-LIHC,103.94823523681573,0.005438933228513454,0.5653675106748501
TN,TCGA-LIHC,34.68577933153247,0.006321209657620003,0.21925608329255938
TN,TCGA-LIHC,33.74194961268497,0.01924879814980489,0.6494919772754603
TN,TCGA-LIHC,15.538340921301348,0.04360559729821867,0.6775586368966986
TN,TCGA-LIHC,39.66627148581044,0.013282437330470596,0.52686476514371
TN,TCGA-LIHC,42.47036107522412,0.005175239645527997,0.21979429639638892
TN,TCGA-LIHC,65.32569975389339,0.00583874877828884,0.3814203496289086
TN,TCGA-LIHC,47.7558858142698,0.0113786075657524,0.5433954836354581
TN,TCGA-LIHC,19.377556224305916,0.023133663582540813,0.4482738667448628
TN,TCGA-LIHC,40.85185754366279,0.012620741312184384,0.5155807261807762
TN,TCGA-LIHC,44.65688376518505,0.008331694822380269,0.3720675272500298
TN,TCGA-LIHC,72.42468316962297,0.009218196903658254,0.6676249901426484
TN,TCGA-LIHC,32.1042058383418,0.02298078737801915,0.737779928311094
TN,TCGA-LIHC,94.58259325682525,0.005293679070745685,0.5006898943805078
TN,TCGA-LIHC,50.39293446997687,0.009482804753461102,0.4778663585327505
TN,TCGA-LIHC,106.65473783799382,0.0044111319049610015,0.4704681168924259
TN,TCGA-LIHC,77.5603714834815,0.00694618350882441,0.5387485733368543
TN,TCGA-LIHC,127.76565616166343,0.005166928118109711,0.660155961350436
TN,TCGA-LIHC,82.09719766086963,0.004872516565977841,0.4000199556229445
TN,TCGA-LIHC,44.32296481639216,0.0051919872937550675,0.23012427014826098
TN,TCGA-LIHC,37.17834383288322,0.01023074787833399,0.3803622622882416
TN,TCGA-LIHC,25.1042417076214,0.026784596737908284,0.6724069905496173
TN,TCGA-LIHC,81.87962288724017,0.006579070472241822,0.5386918092157376
TN,TCGA-LIHC,108.14806185849596,0.0043824508316983885,0.4739535636383344
TN,TCGA-LIHC,37.08254987533034,0.016579241713320092,0.6148005577293496
TN,TCGA-LIHC,73.75894440213781,0.008770241680718781,0.6468837685214484
TN,TCGA-LIHC,121.77155341243224,0.0037022890211633403,0.45083348528885314
TN,TCGA-LIHC,25.126303121712066,0.003735376807020213,0.09385620992700283
TN,TCGA-LIHC,44.36739889565556,0.009431730673126686,0.4184613570510016
TN,TCGA-LIHC,40.122375777946466,0.011766351170175802,0.4720939631850737
TN,TCGA-LIHC,80.15590911645765,0.0043394416547161575,0.34783189089159894
TN,TCGA-LIHC,67.88571992987745,0.005259575056061842,0.35705003920598366
TN,TCGA-LIHC,28.4714530252869,0.005863639479638829,0.16694633600175462
TN,TCGA-LIHC,33.093566629979286,0.009608323913546934,0.3179737076353888
TN,TCGA-LIHC,80.48131139013357,0.005497140178643761,0.44241705047264307
TN,TCGA-LIHC,33.760516556898615,0.014920528246462495,0.5037247409023705
TN,TCGA-LIHC,26.690211824308985,0.010506496057754763,0.28042060531274193
TN,TCGA-LIHC,69.0751096927782,0.00714601674275516,0.4936118903722423
TN,TCGA-LIHC,90.85160497002624,0.005796221507852234,0.526596026750161
TN,TCGA-LIHC,53.76671791232924,0.01161761962593579,0.6246412772404296
TN,TCGA-LIHC,105.78400785777804,0.005234050005566419,0.5536787869168412
TN,TCGA-LIHC,39.610596519803714,0.01215605449082731,0.4815085697089086
TN,TCGA-LIHC,43.92423178982308,0.011073481591778584,0.4863941721576216
TN,TCGA-LIHC,30.565182897076816,0.016107985403130437,0.49234351995012543
TN,TCGA-LIHC,69.93698113374305,0.006226720033057382,0.435478001477034
TN,TCGA-LIHC,74.33249485310317,0.007765625462702303,0.5772383147374458
TN,TCGA-LIHC,186.98285911228467,0.001794972995175892,0.33562918266732944
TN,TCGA-LIHC,100.94906878018234,0.00346557079458095,0.3498461445047435
TN,TCGA-LIHC,18.479443444411128,0.027953783177372377,0.5165703552835841
TN,TCGA-LIHC,97.72438853244827,0.00553178741035305,0.5405905421682473
TN,TCGA-LIHC,125.05988954603214,0.004402979102317742,0.5506360802093446
TN,TCGA-LIHC,39.47023264861559,0.01002231498723091,0.39558310422371085
TN,TCGA-LIHC,27.702878590158463,0.01330733643002478,0.3686515254793692
TN,TCGA-LIHC,93.26655977878175,0.005011881232213454,0.4674409205483905
TN,TCGA-LIHC,52.75560921320109,0.009989334245731528,0.5269934137678594
TN,TCGA-LIHC,86.04003430769916,0.007157000955329963,0.6157886077368256
TN,TCGA-LIHC,97.5607497507324,0.005879829158725108,0.5736405411314397
TN,TCGA-LIHC,10.80200630071257,0.00983093183300598,0.10619378760200637
TN,TCGA-LIHC,65.9353271913954,0.00722000018155449,0.47605307429272953
TN,TCGA-LIHC,10.196454801473203,0.011548484291610745,0.11775359810493226
TN,TCGA-LIHC,39.68656583543234,0.006917486942479921,0.27453130095847295
TN,TCGA-LIHC,52.93620072413319,0.010306164214907616,0.545569177576228
TN,TCGA-LIHC,51.04537809591782,0.01312077731815147,0.6697550391173844
TN,TCGA-LIHC,37.61889555670338,0.010825435273865012,0.40724091892338055
TN,TCGA-LIHC,80.28688329323454,0.006490005037947316,0.5210622770541804
TN,TCGA-LIHC,37.5741641887576,0.012783800267090282,0.4803406101919335
TN,TCGA-LIHC,171.32118700655911,0.002661666744967173,0.45599990616366054
TN,TCGA-LIHC,27.615105557351885,0.0169261891706015,0.4674185006298668
TN,TCGA-LIHC,9.005020023784084,0.014151654331306407,0.12743593062308495
TN,TCGA-LIHC,49.93867401210548,0.012075456014776421,0.6030322614694381
TN,TCGA-LIHC,49.716111192136374,0.011742309451912333,0.5837819623637475
TN,TCGA-LIHC,33.5401196156107,0.013176552809301464,0.44194315734538225
TN,TCGA-LIHC,25.071576466823846,0.023912090513681407,0.5995138057953765
TN,TCGA-LIHC,113.30332123646664,0.004361746305013934,0.4942003427489652
TN,TCGA-LIHC,114.21725974981157,0.004600009491938411,0.5254004789923283
TN,TCGA-LIHC,127.71141544571297,0.0020707924224606434,0.2644638313667056
TN,TCGA-LIHC,57.52449393481365,0.009082556759659834,0.5224694812336528
TN,TCGA-LIHC,73.53696595645168,0.008673706224245585,0.6378380393286107
TN,TCGA-LIHC,46.32114435296739,0.007561345799190774,0.3502501902670194
TN,TCGA-LIHC,15.362026049313846,0.0483587254026551,0.7428879993472028
TN,TCGA-LIHC,26.931127045258112,0.020545379169669697,0.5533102166113743
TN,TCGA-LIHC,37.11782073513954,0.011856749036327129,0.44009668523192885
TN,TCGA-LIHC,78.98383480754647,0.00789038248674311,0.6232126669012756
TN,TCGA-LIHC,70.31253877372244,0.009089122214651175,0.6390792581367627
TN,TCGA-LIHC,48.906027976366246,0.011783054991004988,0.5762624170371519
TN,TCGA-LIHC,31.558599177757873,0.01644587120114885,0.5190086573660879
TN,TCGA-LIHC,71.91006641109763,0.007994620768234519,0.5748937103752846
TN,TCGA-LIHC,59.55146063134309,0.00822307492845973,0.489696122870754
TN,TCGA-LIHC,54.64091439678946,0.011065865272681875,0.6046489970910156
TN,TCGA-LIHC,53.19073004455001,0.009690451048465321,0.5154421657288455
TN,TCGA-LIHC,31.896844948892106,0.010984534993975916,0.35037200953852926
TN,TCGA-LIHC,54.02818776296182,0.009778233838873537,0.5283002538368065
TN,TCGA-LIHC,23.723455730955468,0.015703316283827422,0.37253692868857197
TN,TCGA-LIHC,101.99007164634054,0.004669312521748212,0.4762235186322551
TN,TCGA-LIHC,56.64947057522,0.010155116617954032,0.5752819800367146
TN,TCGA-LIHC,101.151970079113,0.005012695046447519,0.5070439793539774
TN,TCGA-LIHC,84.66032861313539,0.004078314953594995,0.34527148415921627
TN,TCGA-LIHC,53.94842726995475,0.0073475535370707366,0.3963889576067594
TN,TCGA-LIHC,36.276865730629346,0.01908272128447925,0.6922613178120764
TN,TCGA-LIHC,71.56284865091209,0.007594654610925409,0.5434951184776067
TN,TCGA-LIHC,102.87530520560024,0.0058289012179768345,0.5996499918126619
TN,TCGA-LIHC,115.39949263102588,0.00404955988989149,0.46731715667243096
TN,TCGA-LIHC,72.82127636004529,0.009474756453479427,0.6899638581429479
TN,TCGA-LIHC,46.85856258467707,0.0058287888000213475,0.27312866477866504
TN,TCGA-LIHC,160.58264275387458,0.0016418150862356354,0.2636470054608988
TN,TCGA-LIHC,29.94503653276222,0.018845493980520885,0.5643290057246484
TN,TCGA-LIHC,97.87482271254515,0.005212212388303373,0.5101443634453242
TN,TCGA-LIHC,76.78539215515057,0.007519507204872806,0.5773883095396386
TN,TCGA-LIHC,85.89974848694939,0.006543711579960486,0.5621031788897439
TN,TCGA-LIHC,85.42212705136346,0.00667981874081605,0.5706043251580672
TN,TCGA-LIHC,59.10734455350877,0.009801272362362785,0.57932718258496
TN,TCGA-LIHC,44.357036736493505,0.009650925060032678,0.4280864374290153
TN,TCGA-LIHC,52.723584243202346,0.010716319603028615,0.5650027793673599
TN,TCGA-LIHC,92.80846011406422,0.005357592343096723,0.49722989528170813
TN,TCGA-LIHC,86.15389011897409,0.006601149118203353,0.5687146757886544
TN,TCGA-LIHC,46.99399949964396,0.014659695731969472,0.6889177338931061
TN,TCGA-LIHC,81.7531319706181,0.004718978586611447,0.3857912791577665
TN,TCGA-LIHC,88.62308965757038,0.006931852376729074,0.614322174675903
TN,TCGA-LIHC,29.59363733146701,0.02064266907535972,0.610891662169685
TN,TCGA-LIHC,74.4619036665781,0.007767556532519256,0.5783870462491483
TN,TCGA-LIHC,61.60885745498065,0.010151541486287054,0.6254248723769815
TN,TCGA-LIHC,39.893411120741966,0.0042282984263624585,0.16868124746406385
TN,TCGA-LIHC,57.2891515894161,0.011320089617097039,0.6485183300796475
TN,TCGA-LIHC,37.43699968211128,0.01388895457385188,0.5199607879661508
TN,TCGA-LIHC,39.005904013255275,0.013509831465967227,0.5269631893967734
TN,TCGA-LIHC,13.83808372978715,0.04677997473659702,0.6473452072823572
TN,TCGA-LIHC,22.650732582374786,0.024796163644857542,0.5616512717884719
TN,TCGA-LIHC,68.44051106524189,0.006617702422813086,0.4529189358950171
TN,TCGA-LIHC,17.77740761662946,0.03668816973863158,0.6522205481517436
TN,TCGA-LIHC,60.67685300567825,0.00922447003286303,0.5597118122393141
TN,TCGA-LIHC,73.12557672893614,0.008513439138266493,0.6225501469324344
TN,TCGA-LIHC,77.13506715871193,0.0036391146307290607,0.2807033514395373
TN,TCGA-LIHC,115.79135195206484,0.004852954735406276,0.5619301897748679
TN,TCGA-LIHC,41.18261107316204,0.004633725632684846,0.19082892055060174
TN,TCGA-LIHC,72.30289632605829,0.006062994776244259,0.4383720827322216
TN,TCGA-LIHC,48.21171058000086,0.009439050495699453,0.4550727706486757
TN,TCGA-LIHC,79.84329159501712,0.006856189592812839,0.5474207448896772
TN,TCGA-LIHC,24.82321039967916,0.012258394694709558,0.30429271066908614
TN,TCGA-LIHC,91.10438154882908,0.005602979428535677,0.5104559756675546
TN,TCGA-LIHC,22.328153321928017,0.009488151645383157,0.2118529046798187
TN,TCGA-LIHC,45.29307936731132,0.012841272555332742,0.5816207770259626
TN,TCGA-LIHC,80.19596472895948,0.007878051414430525,0.6317879333645997
TN,TCGA-LIHC,80.49164351324353,0.007200173928926936,0.579553833120537
TN,TCGA-LIHC,67.91655827432194,0.006349005944957893,0.4312026322447492
TN,TCGA-LIHC,23.507114403667785,0.00731301172720232,0.1719078033067091
TN,TCGA-LIHC,24.28103579484113,0.011448970736738884,0.2779928682728455
TN,TCGA-LIHC,48.96230421558173,0.0110430691613108,0.5406941117498084
TN,TCGA-LIHC,49.142759226941685,0.012368656618450723,0.6078299141612427
TN,TCGA-LIHC,52.59877849100943,0.012348185716815866,0.6494994852846443
TN,TCGA-LIHC,50.511349066281056,0.010864487233780253,0.5487799070916286
TN,TCGA-LIHC,60.34035096963727,0.010639873006829184,0.6420136715044428
TN,TCGA-LIHC,19.861379022240197,0.02179175536256368,0.43281431281581256
TN,TCGA-LIHC,64.78470553001601,0.005424165979797559,0.35140299574711564
TN,TCGA-LIHC,63.1581855059964,0.009023498431324556,0.5699077878386638
TN,TCGA-LIHC,84.66880446300677,0.007066712121798102,0.5983300668368832
TN,TCGA-LIHC,37.91218134028556,0.011907664575669545,0.45144553873207827
TN,TCGA-LIHC,70.81733667443994,0.006525413186947875,0.46211238259991777
TN,TCGA-LIHC,41.31797761455048,0.009741728189132652,0.40250850724561826
TN,TCGA-LIHC,56.89825213916529,0.009765380052409886,0.5556330564567928
TN,TCGA-LIHC,140.60841293949352,0.003218631676179481,0.45256669182437864
TN,TCGA-LIHC,74.78807841827897,0.008417733354736534,0.6295461022381984
TN,TCGA-LIHC,36.38283224589913,0.014730142981330137,0.5359243210478428
TN,TCGA-LIHC,100.636051720526,0.005649264881412878,0.5685197127888175
TN,TCGA-LIHC,47.70796222640422,0.01453687977946299,0.6935249114083997
TN,TCGA-LIHC,83.77045106301969,0.006263449315915307,0.5246919744045874
TN,TCGA-LIHC,50.93946704982353,0.008880938553748146,0.4523902768301611
TN,TCGA-LIHC,33.157568232159186,0.014990527863370278,0.49704945046578347
TN,TCGA-LIHC,90.82087530867422,0.004692821687457391,0.42620617332240984
TN,TCGA-LIHC,75.55508844080694,0.00745197613583579,0.5630347160018558
TN,TCGA-LIHC,24.297502340243902,0.02023382252036126,0.49163135004055747
TN,TCGA-LIHC,32.7475937105078,0.012093332873024665,0.39602755153173974
TN,TCGA-LIHC,30.0689360962146,0.008642367823928965,0.2598668058177013
TN,TCGA-LIHC,26.31203928727652,0.013498994006692001,0.35518606064279024
TN,TCGA-LIHC,49.09258860323989,0.01208194881814013,0.5931341428543538
TN,TCGA-LIHC,45.412894407342364,0.012679367338783769,0.5758067701080929
TN,TCGA-LIHC,74.93098411419251,0.007774502514335016,0.5825511243973869
TN,TCGA-LIHC,33.82438438848265,0.017086437181894332,0.5779382190700562
TN,TCGA-LIHC,21.83228939557786,0.0205492341327213,0.4486368264430578
TN,TCGA-LIHC,75.82468689173653,0.007842319733318646,0.594641438283773
TN,TCGA-LIHC,36.835952972006424,0.013018748769191797,0.47955801741631554
TN,TCGA-LIHC,35.20616878134484,0.008062492746173855,0.2838494804201652
TN,TCGA-LIHC,45.92772381462761,0.011567357489704866,0.5312624000522292
TN,TCGA-LIHC,118.37539122053433,0.004887455397995519,0.5785544448106319
TN,TCGA-LIHC,62.52691340283498,0.007886335275568562,0.4931082028411982
TN,TCGA-LIHC,34.65530580045209,0.018007184826139815,0.624044496755136
TN,TCGA-LIHC,67.62391497815494,0.006119056539365111,0.4137945591645493
TN,TCGA-LIHC,64.4069449234939,0.005732723293982961,0.369227193457191
TN,TCGA-LIHC,64.74231612978109,0.0052411453820303214,0.33932389120554934
TN,TCGA-LIHC,57.05149069148701,0.009771552732367838,0.5574816497520582
TN,TCGA-LIHC,109.2113055512177,0.004377528032007326,0.4780755514625728
TN,TCGA-LIHC,88.99245558014827,0.0064769740226751716,0.5764018230066945
TN,TCGA-LIHC,30.763606468615045,0.014774659051383013,0.4545217967647083
TN,TCGA-LIHC,41.37228111581986,0.011224874743252577,0.4643986733677119
TN,TCGA-LIHC,68.26741432658613,0.008445733337692163,0.5765683770560921
TN,TCGA-LIHC,133.10260715184916,0.0032218555146160213,0.4288373688619551
TN,TCGA-LIHC,122.7390767908692,0.0042180566162070155,0.5177203749248668
TN,TCGA-LIHC,114.68172294509777,0.0026548622625290974,0.3044641784487574
TN,TCGA-LIHC,13.424994138083703,0.011096939242573673,0.14897634428222256
TN,TCGA-LIHC,25.814079341472976,0.009794954792811367,0.2528477401677736
TN,TCGA-LIHC,37.68753199440153,0.01583922529488517,0.5969413100675189
TN,TCGA-LIHC,56.37456476797891,0.00893829143259596,0.503892289281952
TN,TCGA-LIHC,30.0988545985456,0.011211252107819595,0.33744584706089986
TN,TCGA-LIHC,33.40400222286125,0.009019829105847935,0.301298391501573
TN,TCGA-LIHC,61.262248313609554,0.00880272917678013,0.5392749806653601
TN,TCGA-LIHC,74.2003987275481,0.008145757716968613,0.604418470537073
TN,TCGA-LIHC,31.971035565584433,0.00806524514751815,0.25785423945646
TN,TCGA-LIHC,42.241271584514486,0.015193496955451651,0.6417926312137272
TN,TCGA-LIHC,71.9064968534046,0.008457523987480913,0.6081509219933903
TN,TCGA-LIHC,87.26229330086927,0.005436411638866775,0.47439374693505193
TN,TCGA-LIHC,54.103084932706416,0.010515587970153898,0.5689257490665822
TN,TCGA-LIHC,131.18167051330298,0.0029601626932913767,0.3883190870971209
TN,TCGA-LIHC,166.72012521929133,0.0030707469852807017,0.5119553219027599
TN,TCGA-LIHC,98.47577561566499,0.00575461382643277,0.5666900599265967
TN,TCGA-LIHC,23.524264164941158,0.013984443350634004,0.32897373957996917
TN,TCGA-LIHC,44.01685142776759,0.015602380150779069,0.6867676490163924
TN,TCGA-LIHC,66.32857684710326,0.008304107831039385,0.5507996544177278
TN,TCGA-LIHC,87.65184104790488,0.006853225284431935,0.6006978132965106
TN,TCGA-LIHC,94.93409375520979,0.004240247092811166,0.40254401505419096
TN,TCGA-LIHC,123.92280210915938,0.00340635007249338,0.4221244459481178
TN,TCGA-LIHC,56.96464271891009,0.011804830240711318,0.6724579370195056
TN,TCGA-LIHC,20.421261486871593,0.0141209475147137,0.28836756164035804
TN,TCGA-LIHC,69.38773931575236,0.004372666410074399,0.3034094369769891
TN,TCGA-LIHC,22.56215776234913,0.032374525749830727,0.7304391574489151
TN,TCGA-LIHC,26.420723534759443,0.006862727749363542,0.18131823256025603
TN,TCGA-LIHC,20.45533228362346,0.007314695087306937,0.14962451856425152
TN,TCGA-LIHC,38.062560239761716,0.011302414115324066,0.4301988181192554
TN,TCGA-LIHC,65.90803498382404,0.007880133737659431,0.5193641300588698
TN,TCGA-LIHC,21.49216284926777,0.01598705291977265,0.34359634483161555
TN,TCGA-LIHC,38.16305583329977,0.006379596943499422,0.24346491434871703
TN,TCGA-LIHC,95.16236737816207,0.00566122496530262,0.5387355699585508
TN,TCGA-LIHC,62.593966040285416,0.011002849843985855,0.6887120094808103
TN,TCGA-LIHC,161.94139338798675,0.0027171314684852283,0.4400160560248445
TN,TCGA-LIHC,83.64061751952956,0.006124162744756917,0.5122287537615656
TN,TCGA-LIHC,61.95037662858028,0.007813602264963679,0.48405560314042784
TN,TCGA-LIHC,44.8368241006484,0.013692575696259389,0.6139316079779955
TN,TCGA-LIHC,62.04230359351376,0.00898223442338187,0.557278515043568
TN,TCGA-LIHC,59.785673941545014,0.00575472646400896,0.34405020000001996
TN,TCGA-LIHC,74.77082916826006,0.006332252942762625,0.4734678030335163
TN,TCGA-LIHC,123.89536535113366,0.004215711239145605,0.5223070841888251
TN,TCGA-LIHC,67.69357039280419,0.007776090154920928,0.5263913062829315
TN,TCGA-LIHC,57.28550709888509,0.0041542007850783515,0.23797549856379993
TN,TCGA-LIHC,60.04338755676155,0.01034211513352706,0.620975627119014
TN,TCGA-LIHC,46.25176144496922,0.008595408361997441,0.3975527770811993
TN,TCGA-LIHC,37.78867036149373,0.015205499262034117,0.5745955992949434
TN,TCGA-LIHC,23.701719646234583,0.02797970927989191,0.6631672251351461
TN,TCGA-LIHC,33.03039382345934,0.01292729965255382,0.4269937985977218
TN,TCGA-LIHC,40.27925875673013,0.015494332326294847,0.6241002210335984
TN,TCGA-LIHC,95.18022617128014,0.005534423040184469,0.5267676366923015
TN,TCGA-LIHC,104.03179846729225,0.005100815290088406,0.5306469882773599
TN,TCGA-LIHC,90.09710686625385,0.005978304725381796,0.538627959721754
TN,TCGA-LIHC,53.26735224936173,0.012385624038406554,0.659749398481964
TN,TCGA-LIHC,68.33383928449128,0.008004537425830498,0.5469807740033968
TN,TCGA-LIHC,82.95398605156853,0.005735132206382673,0.4757520770521697
TN,TCGA-LIHC,26.0452754799051,0.007068812655378608,0.1841091729251753
TN,TCGA-LIHC,89.63045449622818,0.005489150777383961,0.4919950789752487
TN,TCGA-LIHC,33.84965689800256,0.009318561506688795,0.3154301097843495
TN,TCGA-LIHC,106.78644317771824,0.0036991569399356244,0.39501981237189765
TN,TCGA-LIHC,30.19836376180138,0.019608777400831886,0.5921529928745115
TN,TCGA-LIHC,37.64601904604119,0.00785403875872914,0.29567329269946285
TN,TCGA-LIHC,79.54152268560117,0.006090509481912627,0.48444839812242224
TN,TCGA-LIHC,66.75945239265249,0.008282207414328984,0.5529156315829693
TN,TCGA-LIHC,170.72811629196397,0.002777350973193758,0.4741718999350232
TN,TCGA-LIHC,111.43720299935396,0.00485364825554277,0.5408769859403798
TN,TCGA-LIHC,76.87464283834183,0.0074830039728282635,0.5752532577690657
TN,TCGA-LIHC,18.104932310417304,0.0205395569202646,0.3718672877273539
TN,TCGA-LIHC,36.085915670671255,0.01631906536077444,0.5888884164330788
TN,TCGA-LIHC,30.80571060545805,0.016100383810748305,0.4959837643107141
TN,TCGA-LIHC,36.77715816616147,0.010709263655438863,0.3938562832991996
TN,TCGA-LIHC,60.588563560360036,0.0025461076979238725,0.15426500808718252
TN,TCGA-LIHC,24.90709509968946,0.012174608105530553,0.3032341218858996
TN,TCGA-LIHC,31.45504914228612,0.019215311771331546,0.6044185760515828
TN,TCGA-LIHC,46.798972317527515,0.009864441548625383,0.4616457269619875
TN,TCGA-LIHC,41.927868146373584,0.012673338345089276,0.5313660591072835
TN,TCGA-LIHC,62.29164331368366,0.009599255685600851,0.5979534112442981
TN,TCGA-LIHC,42.43479665544249,0.010951476498429077,0.4647236782876953
TN,TCGA-LIHC,43.73400516404025,0.011341154976077596,0.4959941302899583
TN,TCGA-LIHC,32.41631412163302,0.01838852382176264,0.5960881644393895
TN,TCGA-LIHC,28.117862648096906,0.019013130632521663,0.534608595635568
TN,TCGA-LIHC,53.542740177022765,0.012246614049441594,0.6557172740975279
TN,TCGA-LIHC,41.376119450254514,0.012643098545472034,0.52312235563879
TN,TCGA-LIHC,58.25334822880207,0.00889665081584676,0.5182596980455774
TN,TCGA-LIHC,153.60401397599628,0.0022230914293351126,0.34147576698150817
TN,TCGA-LIHC,27.566295264573014,0.020567957410863473,0.5669823869770252
TN,TCGA-LIHC,47.78832527986996,0.00836421730492759,0.39971193727939697
TN,TCGA-LIHC,24.194989296259887,0.01177451653276889,0.28488430147897836
TN,TCGA-LIHC,96.3943870490778,0.0054568887382602915,0.5260134451196163
TN,TCGA-LIHC,71.45508514487213,0.008685475064410118,0.6206213602510887
TN,TCGA-LIHC,95.74621462711595,0.003235585618632679,0.3097950750860142
TN,TCGA-LIHC,66.76759674630144,0.008288899370854974,0.5534298906639166
TN,TCGA-LIHC,18.39640552596944,0.02357122715454219,0.43362585347970084
TN,TCGA-LIHC,60.95897442481628,0.00837722904832493,0.5106672913076675
TN,TCGA-LIHC,63.492729869669645,0.008517198781134182,0.5407802014568321
TN,TCGA-LIHC,115.40519600031439,0.004106318135833672,0.47389044930553054
TN,TCGA-LIHC,84.4424515870773,0.007098710659145689,0.5994325311655794
TN,TCGA-LIHC,29.500385265509372,0.02151866623309197,0.6348089442761204
TN,TCGA-LIHC,52.09336281599693,0.010931966165248263,0.5694828797384804
TN,TCGA-LIHC,42.23833727079282,0.009612594470428323,0.4060200072893096
TN,TCGA-LIHC,25.970831348711407,0.022181191288832662,0.5760639780757797
TN,TCGA-LIHC,114.15129742623647,0.0027931111659550657,0.3188372634494788
TN,TCGA-LIHC,55.37336916510487,0.010951026726901174,0.6063952456856287
TN,TCGA-LIHC,66.99742886784556,0.005498471700867078,0.3683834666607039
TN,TCGA-LIHC,78.7194362214747,0.006824124130121663,0.5371912042285387
TN,TCGA-LIHC,43.156957494779796,0.009441565240778679,0.40746922978047584
TN,TCGA-LIHC,50.11752243291638,0.007492852990937847,0.37552322785987213
TN,TCGA-LIHC,44.50101757713179,0.011113618847145786,0.49456734766237775
TN,TCGA-LIHC,15.756059158526515,0.043522337157456764,0.6857405189702255
TN,TCGA-LIHC,45.83046148964368,0.012533841919525255,0.5744317594100838
TN,TCGA-LIHC,86.39426286994524,0.007189126633928103,0.6210992962169091
TN,TCGA-LIHC,95.37524921070721,0.006774506863705961,0.6461202804056025
TN,TCGA-LIHC,40.75245308045037,0.013094435829341134,0.5336303817501928
TN,TCGA-LIHC,30.82582313133885,0.019504281379746614,0.6012355281159348
TN,TCGA-LIHC,47.22676400219077,0.011714119011587051,0.5532199340537979
TN,TCGA-LIHC,86.20637346677464,0.005562235392909274,0.4795001415912489
TN,TCGA-LIHC,26.722976358570296,0.011038230165530277,0.29497436375392305
TN,TCGA-LIHC,36.59476837126103,0.016104534495893937,0.5893417096042217
TN,TCGA-LIHC,89.48300711978536,0.004903004122664511,0.4387355528167254
TN,TCGA-LIHC,79.47269150933015,0.007242936522252856,0.5756156598546618
TN,TCGA-LIHC,136.2575598205228,0.003839894529170756,0.5232146585129825
TN,TCGA-LIHC,14.151091388287925,0.04484968818744427,0.6346720362767413
TN,TCGA-LIHC,74.00039200075547,0.005509345748566019,0.40769374506158096
TN,TCGA-LIHC,93.44972949001881,0.00569761189822892,0.5324402906286052
TN,TCGA-LIHC,142.22657923802223,0.0035226622036774982,0.5010161950401237
TN,TCGA-LIHC,36.98908626661484,0.011551653315982381,0.42728510102689965
TN,TCGA-LIHC,26.889308989001414,0.01461103748946219,0.39288070170403233
TN,TCGA-LIHC,22.549536469527556,0.006839030968455053,0.15421697823940558
TN,TCGA-LIHC,81.46819761815749,0.006641995088505541,0.5411113684492008
TN,TCGA-LIHC,77.52422391072986,0.006097334542910454,0.47269112836321775
TN,TCGA-LIHC,72.7418031622181,0.007359639804306091,0.535353469989659
TN,TCGA-LIHC,96.17230200358125,0.005586280995274321,0.5372455029543884
TN,TCGA-LIHC,33.59324929225475,0.020705700604202765,0.6955717621677733
TN,TCGA-LIHC,27.872039355055115,0.007479148751639245,0.20845912834800037
TN,TCGA-LIHC,86.7350324613513,0.005527519933598339,0.4794296208714183
TN,TCGA-LIHC,25.685338674810637,0.026740269905144054,0.6868328887694716
TN,TCGA-LIHC,81.3798231028081,0.00568698551393526,0.46280587511228366
TN,TCGA-LIHC,69.13164408252919,0.006696028728491935,0.4629074748244949
TN,TCGA-LIHC,74.6547610539477,0.006912897163627107,0.5160806859410945
TN,TCGA-LIHC,106.80620319210824,0.004279362942972146,0.4570625080198613
TN,TCGA-LIHC,42.76946286845161,0.011598535734874333,0.4960631434411169
TN,TCGA-LIHC,59.893795357150466,0.008501906522623795,0.5092114494116523
TN,TCGA-LIHC,33.31796298024915,0.01649949517325413,0.5497295693752806
TN,TCGA-LIHC,33.60984700888565,0.0147028554511473,0.4941607223068212
TN,TCGA-LIHC,76.69346696154142,0.00675673634901936,0.5181975359513622
TN,TCGA-LIHC,77.1654872257432,0.0078136294737628,0.602942525344334
TN,TCGA-LIHC,25.452327129381295,0.007491698354070709,0.1906811572624551
TN,TCGA-LIHC,39.164688143185074,0.013964987686554565,0.5469343876673292
TN,TCGA-LIHC,56.316559842106514,0.010744532403290246,0.6050951020653477
TN,TCGA-LIHC,44.80011204224101,0.008143679281976303,0.3648377442686152
TN,TCGA-LIHC,100.02496112559851,0.005637505100022608,0.5638912284751247
TN,TCGA-LIHC,86.96125062223072,0.006735599177357658,0.5857361281530904
TN,TCGA-LIHC,73.97207190808552,0.006703510797639936,0.4958725827596491
TN,TCGA-LIHC,56.99392040446061,0.008296160384146037,0.47283070459665855
TN,TCGA-LIHC,110.71588001859767,0.003890315807105543,0.43071973813395126
TN,TCGA-LIHC,100.92895698430509,0.005258372628496379,0.5307220648289583
TN,TCGA-LIHC,71.93763393280469,0.007844104650117381,0.5642863288507551
TN,TCGA-LIHC,62.59985403571365,0.00642734492836879,0.4023508543530706
TN,TCGA-LIHC,113.24750935473443,0.004685289376177725,0.5305973524583247
TN,TCGA-LIHC,46.52063011688045,0.00992898161964525,0.4619024813648212
TN,TCGA-LIHC,57.696727255771954,0.008084360292187795,0.46644113081575206
TN,TCGA-LIHC,50.828665223801096,0.010925656221974629,0.5553365224570879
TN,TCGA-LIHC,31.502524808901427,0.013191389226060612,0.4155620663578494
TN,TCGA-LIHC,108.42433673686361,0.004682346455497271,0.5076803088094959
TN,TCGA-LIHC,58.08271387043872,0.00645448466404807,0.3748939859230388
TN,TCGA-LIHC,56.68140664701346,0.005124015002628041,0.29043637802935773
TN,TCGA-LIHC,106.01605794283604,0.0049802612072613935,0.5279876607194824
TN,TCGA-LIHC,114.1277197620544,0.005498073471680214,0.627482588407105
TN,TCGA-LIHC,54.096000763813976,0.009525955704168053,0.5153161070487331
TN,TCGA-LIHC,56.5315607345231,0.009713117207841914,0.5490976753566565
TN,TCGA-LIHC,29.257796575303882,0.013568895091950615,0.39699597235193035
TN,TCGA-LIHC,27.579372729457994,0.022774975398724792,0.6281195354256672
TN,TCGA-LIHC,49.822670647664154,0.01313803938087084,0.6545722090291693
TN,TCGA-LIHC,39.76183524836446,0.015020637207407164,0.5972481019663769
TN,TCGA-LIHC,154.11533254380745,0.002599684246833458,0.40065120220963596
TN,TCGA-LIHC,59.38732295926483,0.009807103595319418,0.5824176285102015
TN,TCGA-LIHC,37.02304470345257,0.011950298200927256,0.44243642451251863
TN,TCGA-LIHC,90.54666929063082,0.002987542822875269,0.27051205197448464
TN,TCGA-LIHC,55.22451715831269,0.010500201100172817,0.5798685358222275
TN,TCGA-LIHC,24.63526236622286,0.02741083107097167,0.6752730151096007
TN,TCGA-LIHC,35.13233698936221,0.00799009158820872,0.2807105902528171
TN,TCGA-LIHC,29.488332130140357,0.01711947031336996,0.5048246264927314
TN,TCGA-LIHC,76.18997147098419,0.00822451712055055,0.6266257247773674
TN,TCGA-LIHC,70.49277316473433,0.008629651898114626,0.6083280937444134
TN,TCGA-LIHC,52.32963036449005,0.009349423339948194,0.489251867500625
TN,TCGA-LIHC,46.23468621917383,0.010734235763032977,0.4962940223064637
TN,TCGA-LIHC,43.2515730411876,0.011207456716152399,0.484740132764614
TN,TCGA-LIHC,27.785801831102074,0.01883810612223451,0.5234318835856788
TN,TCGA-LIHC,23.0695243712609,0.009965957935469085,0.22990990947526502
TN,TCGA-LIHC,51.01148636887533,0.007786463242970458,0.39719906358053636
TN,TCGA-LIHC,36.97518402987702,0.01245299727962812,0.46045186613780764
TN,TCGA-LIHC,23.665723570338947,0.02362054552636542,0.5589973010075703
TN,TCGA-LIHC,15.548734367424093,0.03523681353253645,0.5478878535718639
TN,TCGA-LIHC,88.0335667932382,0.00640091817029603,0.5634956572828076
TN,TCGA-LIHC,59.43726322872062,0.009174233519545502,0.545291332622978
TN,TCGA-LIHC,60.62882646346773,0.010464488102989056,0.6344496332251461
TN,TCGA-LIHC,72.56808575927207,0.008266769010740097,0.59990360252348
TN,TCGA-LIHC,91.06389465525706,0.005437319250904118,0.49514346747133386
TN,TCGA-LIHC,60.18330527820139,0.008724648828676441,0.5250782039013364
TN,TCGA-LIHC,71.5593557010352,0.008310965530775037,0.5947273386357737
TN,TCGA-LIHC,46.63228443037127,0.009652059727426523,0.4500975945482854
TN,TCGA-LIHC,98.02993092484178,0.005119642149731275,0.5018781662980654
TN,TCGA-LIHC,85.47467973642769,0.006479780209824874,0.5538571381972233
TN,TCGA-LIHC,31.19163795868987,0.020672838764722548,0.6448197023275952
TN,TCGA-LIHC,26.193013034477094,0.009138094986659184,0.2393542410958538
TN,TCGA-LIHC,111.10239716250761,0.005136651611284565,0.5706943074023725
TN,TCGA-LIHC,82.78303549155542,0.0034069584930038555,0.28203836584459435
TN,TCGA-LIHC,26.98363820737801,0.018596049793182433,0.5017890797056215
TN,TCGA-LIHC,165.16988618535507,0.002946669355050943,0.4867010419996379
TN,TCGA-LIHC,83.01611486856775,0.005027551228250386,0.41736777027204297
TN,TCGA-LIHC,71.79959387840829,0.00814493550840191,0.584803061669084
TN,TCGA-LIHC,63.59491078780459,0.011517175183171666,0.732433728301319
TN,TCGA-LIHC,80.95784778025136,0.006987523029705997,0.5656948257999389
TN,TCGA-LIHC,57.02734677932438,0.009091583336509466,0.5184688757042524
TN,TCGA-LIHC,48.596446732059526,0.011783787656991198,0.5726502091748733
TN,TCGA-LIHC,92.50739720164732,0.005991754943167107,0.5542816544624933
TN,TCGA-LIHC,18.832287429841788,0.030886502438958432,0.5816634916329746
TN,TCGA-LIHC,27.39476100411681,0.013989471522279164,0.38323822892673587
TN,TCGA-LIHC,65.99767845358487,0.008984019446813398,0.5929244266715441
TN,TCGA-LIHC,30.27663477919162,0.007418167836152226,0.22459715830592714
TN,TCGA-LIHC,34.63796177314263,0.014976213195297992,0.5187455001651661
TN,TCGA-LIHC,98.53281374512959,0.005265247136544114,0.5187996154271781
TN,TCGA-LIHC,47.16142160076059,0.012531529012565271,0.5910047230637538
TN,TCGA-LIHC,61.608354801797965,0.007090444657619531,0.436830630169137
TN,TCGA-LIHC,37.88651525398894,0.011307468903043884,0.42840059307917766
TN,TCGA-LIHC,13.33850041866218,0.011013043524708614,0.14689748566507066
TN,TCGA-LIHC,72.50269433472097,0.007988883820309935,0.5792156016995291
TN,TCGA-LIHC,63.084047184757026,0.008687214482864261,0.5480246483411136
TN,TCGA-LIHC,86.59160681391955,0.00617925929877288,0.5350719916005975
TN,TCGA-LIHC,114.78528487312553,0.0045710750708659615,0.5246921541857918
TN,TCGA-LIHC,54.188307953680976,0.011593521004006502,0.628233286432573
TN,TCGA-LIHC,84.39971130189731,0.007312088333274488,0.6171381443423383
TN,TCGA-LIHC,37.974629797632055,0.016256894465316987,0.617349548979586
TN,TCGA-LIHC,75.65406832028864,0.005437647532325248,0.4113801579121833
TN,TCGA-LIHC,77.89387001650873,0.0068757895163083435,0.5355818548441955
TN,TCGA-LIHC,38.72379914546613,0.014239368465476448,0.5514024444153942
TN,TCGA-LIHC,29.231979511278652,0.010182911224172603,0.29766665227018296
TN,TCGA-LIHC,117.81451791855677,0.004395356201417381,0.5178367719503276
TN,TCGA-LIHC,37.90234863900373,0.012582387566227784,0.4769020402462312
TN,TCGA-LIHC,94.72176364552978,0.005947430020928528,0.5633510607407203
TN,TCGA-LIHC,17.51595522382223,0.02173715084159137,0.3807469608347841
TN,TCGA-LIHC,96.12596741026968,0.004921760606167755,0.47310899962963077
TN,TCGA-LIHC,72.43726864611749,0.005472710580697324,0.3964282065564217
TN,TCGA-LIHC,129.9673218544109,0.0038485319375713657,0.5001833889973173
TN,TCGA-LIHC,26.332173496750034,0.022634526601351596,0.5960162814835941
TN,TCGA-LIHC,59.451997176096825,0.010022033602969715,0.595829913462503
TN,TCGA-LIHC,89.32915437427297,0.0059846634431135965,0.5346049245879625
TN,TCGA-LIHC,95.06883821030323,0.005503738075797954,0.5232339846799213
TN,TCGA-LIHC,36.34372187779866,0.011281286625390264,0.4100039435369135
TN,TCGA-LIHC,34.14346261978348,0.012813838929577704,0.43750883050796263
TN,TCGA-LIHC,26.64858222209288,0.01555383206867754,0.4144875727507784
TN,TCGA-LIHC,91.61023292836082,0.005745324042545001,0.5263304737864591
TN,TCGA-LIHC,70.63762578492093,0.0071898458372728295,0.5078736397045496
TN,TCGA-LIHC,51.533777245028745,0.006232411174675639,0.3211796891751623
TN,TCGA-LIHC,22.61945362945445,0.013273909954688455,0.30024859070162935
TN,TCGA-LIHC,87.53962442005704,0.006118615817307594,0.5356213306177271
TN,TCGA-LIHC,131.0911026077603,0.003728642409259214,0.4887918446598462
TN,TCGA-LIHC,24.22533699217374,0.017802295025947608,0.43126659623767916
TN,TCGA-LIHC,18.89765289813988,0.009728335632621994,0.1838427100618965
TN,TCGA-LIHC,72.90805781989509,0.00723718835292286,0.5276493468883712
TN,TCGA-LIHC,138.70884508603464,0.001618000436837309,0.2244309719424027
TN,TCGA-LIHC,79.25007758363843,0.007769961224990416,0.6157700299023527
TN,TCGA-LIHC,54.3909116092317,0.012556426811443647,0.6829555008290185
TN,TCGA-LIHC,36.42477337277039,0.014108712789981302,0.513906665956576
TN,TCGA-LIHC,40.433194921396726,0.01026802914495539,0.4151692238765638
TN,TCGA-LIHC,72.03581273692319,0.007405718259998266,0.5334769337596478
TN,TCGA-LIHC,87.48249856208938,0.005957753565856244,0.5211991677583018
TN,TCGA-LIHC,23.492022159877383,0.014576391571265227,0.3424289138032126
TN,TCGA-LIHC,26.513122340835903,0.007705681866102538,0.20430168603553728
TN,TCGA-LIHC,92.42201191078398,0.006327794544704966,0.5848275027797163
TN,TCGA-LIHC,128.95886922639133,0.0043059069869437715,0.5552848960302865
TN,TCGA-LIHC,76.93341300251167,0.007695544257245021,0.5920444846217381
TN,TCGA-LIHC,72.55377849890672,0.008061965950549855,0.5849260918419221
TN,TCGA-LIHC,53.04476471038534,0.00879549586317422,0.46655500857324406
TN,TCGA-LIHC,78.03871115756715,0.008193776878214558,0.6394317870885382
TN,TCGA-LIHC,20.120450909269685,0.005838661063966466,0.11747649331340158
TN,TCGA-LIHC,125.04350781105987,0.003221535712086755,0.4028321259779285
TN,TCGA-LIHC,94.32378070832527,0.005456770130062753,0.5147031891237787
TN,TCGA-LIHC,62.209221744120924,0.005912181061846659,0.3677921826678111
TN,TCGA-LIHC,53.59498042804385,0.012279297378944716,0.6581087026946721
TN,TCGA-LIHC,13.970098088859846,0.018779508353278098,0.2623515737558579
TN,TCGA-LIHC,47.290721735697694,0.012253458051871724,0.5794748750311101
TN,TCGA-LIHC,103.8018917252309,0.005472850316542993,0.5680922159861914
TN,TCGA-LIHC,129.22876362927602,0.00311190092471732,0.40214710903802
TN,TCGA-LIHC,42.45919431608756,0.006855368497760282,0.2910734231547891
TN,TCGA-LIHC,30.50701980463626,0.018675200431196522,0.5697247094100639
TN,TCGA-LIHC,70.73362756112677,0.007313649006582299,0.5173209249443971
TN,TCGA-LIHC,22.599512549714742,0.021092315689738583,0.47667605313279227
TN,TCGA-LIHC,70.16537081221453,0.008458046538333106,0.5934619717091099
TN,TCGA-LIHC,91.64328129739343,0.00653885198144376,0.5992418514974689
TN,TCGA-LIHC,21.858114903374958,0.00735078396762019,0.16067428059412858
TN,TCGA-LIHC,78.36894096837936,0.005649045762134545,0.44270973386039575
TN,TCGA-LIHC,92.10908884497704,0.005887317028802706,0.5422754072645347
TN,TCGA-LIHC,15.70474685283729,0.02105172131057363,0.330611953999039
TN,TCGA-LIHC,28.24905888736174,0.01391754021995215,0.39315741324065373
TN,TCGA-LIHC,59.310677661538634,0.0080806955207891,0.47927152731456135
TN,TCGA-LIHC,32.04780960023567,0.009301699518459059,0.2980990951261797
TN,TCGA-LIHC,58.50079827632785,0.009550052593191404,0.558685700282612
TN,TCGA-LIHC,47.23121695456482,0.006682794515146778,0.3156365176076733
TN,TCGA-LIHC,73.92029487682645,0.007597478861555684,0.5616078777666519
TN,TCGA-LIHC,74.74259702424143,0.008231658027308936,0.615255498776514
TN,TCGA-LIHC,62.72738878603228,0.007729048978706331,0.4848230602335977
TN,TCGA-LIHC,144.83576903646016,0.003299958865003709,0.47795208000149636
TN,TCGA-LIHC,68.06551842538173,0.007461756627220143,0.5078883331957669
TN,TCGA-LIHC,89.19773679241044,0.00581490925492947,0.5186767451929504
TN,TCGA-LIHC,55.57483090990629,0.005357074837467456,0.2977185282639676
TN,TCGA-LIHC,20.18878364686795,0.01604452668392652,0.3239194779381922
TN,TCGA-LIHC,51.53483568185817,0.013912017245532725,0.7169535227517061
TN,TCGA-LIHC,91.7858861577203,0.005767128293596519,0.5293409810130179
TN,TCGA-LIHC,69.57348525904682,0.007686339553394931,0.5347654316141507
TN,TCGA-LIHC,38.184398907698295,0.014455841010783992,0.5519875997020405
TN,TCGA-LIHC,127.94157619454015,0.003851823197937581,0.4928083311668283
TN,TCGA-LIHC,74.64286667412478,0.007666442632675028,0.5722452552955882
TN,TCGA-LIHC,29.23727995394633,0.011995698249453275,0.35072158796232933
TN,TCGA-LIHC,92.46328181856069,0.006226045369880839,0.575680587650437
TN,TCGA-LIHC,85.48635806148016,0.007437654370795424,0.6358179846793506
TN,TCGA-LIHC,139.110172876102,0.003141536639932459,0.437019705077613
TN,TCGA-LIHC,52.27533035946664,0.004028103959653589,0.21057046521316708
TN,TCGA-LIHC,30.346451254301027,0.010255202637455824,0.3112090069405325
TN,TCGA-LIHC,92.44018192615142,0.007110960377021384,0.6573384709215111
TN,TCGA-LIHC,83.27175423551188,0.006409868640086961,0.5337610060792362
TN,TCGA-LIHC,57.03084756387423,0.009147987013539709,0.5217174528854842
TN,TCGA-LIHC,123.88640983433022,0.003938532384827203,0.48793063717248486
TN,TCGA-LIHC,48.051424002950476,0.012128197667649498,0.5827771685198211
TN,TCGA-LIHC,10.965997007852382,0.009690236735155684,0.10626310704309846
TN,TCGA-LIHC,42.070233699407346,0.012134839457510236,0.5105155318822451
TN,TCGA-LIHC,92.1230413618015,0.00523244117995238,0.4820283952439466
TN,TCGA-LIHC,32.366371074789704,0.011377046063711501,0.368233694633062
TN,TCGA-LIHC,47.480653146067205,0.013352621209407577,0.6339911762347016
TN,TCGA-LIHC,19.77480610527749,0.03591797216920692,0.71027093534082
TN,TCGA-LIHC,52.10564886564013,0.010362337999319848,0.5399363452196398
TN,TCGA-LIHC,29.23550842435572,0.012368067280981991,0.36158673518614737
TN,TCGA-LIHC,29.653628238068155,0.010592433873851646,0.3141040962315168
TN,TCGA-LIHC,36.100627794164545,0.015709319528387375,0.5671162971939131
TN,TCGA-LIHC,74.55468390979641,0.0035524541002927377,0.26485209255138525
TN,TCGA-LIHC,34.54816712783901,0.006321189121799068,0.21838549822659206
TN,TCGA-LIHC,78.52185822301037,0.008047770309537655,0.631925879256868
TN,TCGA-LIHC,39.32277665097685,0.00676877780859181,0.26616713796734426
TN,TCGA-LIHC,62.792998776481944,0.009439245946918983,0.5927185591957959
TN,TCGA-LIHC,88.77766858790295,0.004338605375517546,0.3851712701613909
TN,TCGA-LIHC,59.57458984491723,0.009312155134485352,0.5547678227092049
TN,TCGA-LIHC,48.25841610656513,0.010539542698626121,0.5086216371232097
TN,TCGA-LIHC,18.355906918628623,0.009670825445991724,0.1775167717129292
TN,TCGA-LIHC,83.5943549797877,0.006239949340786678,0.5216245402496138
TN,TCGA-LIHC,61.84473101277411,0.009553810008203316,0.5908528101044833
TN,TCGA-LIHC,47.59975326750112,0.00878522521068667,0.4181745524281161
TN,TCGA-LIHC,35.01418744774829,0.010560737910254437,0.3697756567761904
TN,TCGA-LIHC,82.78140696782994,0.0059404726992741495,0.4917606880998966
TN,TCGA-LIHC,98.1315871688492,0.005034368524573688,0.4940305737093136
TN,TCGA-LIHC,43.760582724939084,0.011753921076745513,0.5143584356213271
TN,TCGA-LIHC,194.28411989253016,0.0027553694129245623,0.5353245213688461
TN,TCGA-LIHC,33.5626016369287,0.009985542725620062,0.33514079262851737
TN,TCGA-LIHC,70.2728114937814,0.0076569967371578635,0.5380786883187938
TN,TCGA-LIHC,58.02418653870228,0.010082909353322522,0.585052613170012
TN,TCGA-LIHC,50.189765629893195,0.011493740899799043,0.5768681619716317
TN,TCGA-LIHC,60.04224893284652,0.008184861904765268,0.4914375159668885
TN,TCGA-LIHC,77.35524482685645,0.006979679232907935,0.539914795874519
TN,TCGA-LIHC,31.14709427285596,0.02297586608984143,0.7156314671008055
TN,TCGA-LIHC,27.484361824018876,0.021624329253826246,0.5943308894138767
TN,TCGA-LIHC,97.24118061600223,0.004753622271461849,0.4622478418794725
TN,TCGA-LIHC,33.98995596328804,0.006777372667189644,0.230362598504568
TN,TCGA-LIHC,41.12628841571849,0.013446527762842986,0.5530057789646466
TN,TCGA-LIHC,58.098752175896635,0.011518609239590045,0.6692168236219352
TN,TCGA-LIHC,47.1100894882907,0.010625943803284885,0.5005891634702989
TN,TCGA-LIHC,59.63166668338031,0.011465684522135628,0.6837178777207844
TN,TCGA-LIHC,32.56929026367874,0.014955970287649285,0.4871053374734044
TN,TCGA-LIHC,47.70335999977173,0.013164219474549592,0.627977500710445
TN,TCGA-LIHC,68.80979570179689,0.00944878218263381,0.650168771617811
TN,TCGA-LIHC,43.60484436812989,0.013210011131147614,0.5760204794749552
TN,TCGA-LIHC,71.48703072549237,0.006919415683809769,0.4946484815909628
TN,TCGA-LIHC,17.99872816554702,0.025055971057596507,0.4509756119894932
TN,TCGA-LIHC,72.20988906587662,0.00620102862837388,0.4477755893492029
TN,TCGA-LIHC,48.294373637302826,0.011506003501235162,0.5556752321607654
TN,TCGA-LIHC,9.641536672651569,0.01197755949495153,0.11548207911944117
TN,TCGA-LIHC,102.16568291668207,0.004850985533998577,0.49560424989991025
TN,TCGA-LIHC,108.15435545389136,0.0031452841520553916,0.3401761801848901
TN,TCGA-LIHC,143.20828439724994,0.0035438081389068342,0.507502683805859
TN,TCGA-LIHC,98.76671995922679,0.003811027108689256,0.3764026472009335
TN,TCGA-LIHC,40.68113513096941,0.013272162734820344,0.5399266456954429
TN,TCGA-LIHC,82.4902534882656,0.005183417695197688,0.4275814396124187
TN,TCGA-LIHC,64.76191173100595,0.0077308350845800575,0.5006636593545376
TN,TCGA-LIHC,49.38215571473807,0.007455306318307833,0.368159097511748
TN,TCGA-LIHC,56.240067107870054,0.009945468126312695,0.5593337948430086
TN,TCGA-LIHC,67.64550578885702,0.007008891438349485,0.47412000636634055
TN,TCGA-LIHC,61.40877848224671,0.009267265920736482,0.5690914800625807
TN,TCGA-LIHC,57.624039449057626,0.008682168759755166,0.5003016351155074
TN,TCGA-LIHC,35.03180521721706,0.018779624421168636,0.6578841447748724
TN,TCGA-LIHC,53.316278706827916,0.012773367100434035,0.6810284003513674
TN,TCGA-LIHC,77.76154922202711,0.007371188957925004,0.5731950729765479
TN,TCGA-LIHC,123.3920348200029,0.00500460046178892,0.617527834441261
TN,TCGA-LIHC,24.322281143268064,0.020979589350761906,0.5102714704595438
TN,TCGA-LIHC,76.03064543773483,0.006126329417956556,0.4657887798114193
TN,TCGA-LIHC,72.96387197657064,0.007391647608134669,0.5393232297758626
TN,TCGA-LIHC,116.06869271820683,0.004153083698123821,0.4820429955905278
TN,TCGA-LIHC,23.110904470321124,0.01693178585935857,0.39130888550757004
TN,TCGA-LIHC,97.07363329176579,0.005416340175388303,0.5257838199691025
TN,TCGA-LIHC,38.78459998187937,0.009754240115117458,0.37831430099203156
TN,TCGA-LIHC,52.94920192800136,0.01184697276029421,0.6272877529203498
TN,TCGA-LIHC,39.580607620275195,0.014402862645862427,0.5700740549945993
TN,TCGA-LIHC,59.9714452085913,0.009949739004875998,0.5967002275707046
TN,TCGA-LIHC,49.98918587183517,0.011915620349483114,0.595652160428533
TN,TCGA-LIHC,92.00861560504798,0.005494486178168359,0.5055400667143417
TN,TCGA-LIHC,75.6337155687578,0.00505258816517307,0.3821460161707718
TN,TCGA-LIHC,80.51742027976304,0.007047575475332913,0.567452596500731
TN,TCGA-LIHC,63.590768611403576,0.004254109788316945,0.27052211119636993
TN,TCGA-LIHC,51.618804578072854,0.011013350136780809,0.5684959684603805
TN,TCGA-LIHC,54.08230143342338,0.006281928324518221,0.33974114122975474
TN,TCGA-LIHC,24.46063503550813,0.017506257680392018,0.4282141799576303
TN,TCGA-LIHC,114.86512334885562,0.004364362980431004,0.5013130920863864
TN,TCGA-LIHC,68.56379775262738,0.004987039726041018,0.3419303831605946
TN,TCGA-LIHC,53.71798347074866,0.011660205212108806,0.6263627108495983
TN,TCGA-LIHC,66.75377691738251,0.005822348939344198,0.3886637822321412
TN,TCGA-LIHC,34.56768736509698,0.021802418830533472,0.7536591979367844
TN,TCGA-LIHC,85.3561020442919,0.006232647280515146,0.5319944772817292
TN,TCGA-LIHC,38.27452346504093,0.014008230105697394,0.5361583318842077
TN,TCGA-LIHC,95.74803763790086,0.005790875611948302,0.5544649760492282
TN,TCGA-LIHC,61.675968766784514,0.004415579940527485,0.2723351704992134
TN,TCGA-LIHC,73.72210996643084,0.008221002628439444,0.6060696598081297
TN,TCGA-LIHC,90.9025668939246,0.006302534798600415,0.5729165911310619
TN,TCGA-LIHC,73.59259731415132,0.009640446443375729,0.7094654930359923
TN,TCGA-LIHC,37.560025514554766,0.014521806118359995,0.545439408323019
TN,TCGA-LIHC,49.87767937762439,0.008322975056908967,0.4151306813564706
TN,TCGA-LIHC,44.52886886012531,0.013782454452758079,0.6137171068975146
TN,TCGA-LIHC,26.786886572666074,0.02339551896027236,0.6266931126974742
TN,TCGA-LIHC,45.957712402816675,0.009181129365706699,0.4219437029222031
TN,TCGA-LIHC,51.99140301767165,0.006787154982635296,0.35287371004558993
TN,TCGA-LIHC,60.71565384935488,0.007783841906701932,0.472601050825417
TN,TCGA-LIHC,30.320362160041356,0.005821665607096466,0.17651500958182187
TN,TCGA-LIHC,83.35024403336296,0.0076055397957294005,0.6339235979794989
TN,TCGA-LIHC,79.72971498487712,0.006060284323240371,0.48318474181927373
TN,TCGA-LIHC,53.84747775913457,0.010844943650949365,0.5839728620435636
TN,TCGA-LIHC,36.76418039954821,0.012719596744936845,0.4676255493403644
TN,TCGA-LIHC,74.7096994338382,0.0082411164791036,0.6156913351530808
TN,TCGA-LIHC,73.42070018193333,0.007123886872299299,0.5230407621810976
TN,TCGA-LIHC,28.6642034359976,0.006939379329766899,0.19891178082799507
TN,TCGA-LIHC,90.09710623884901,0.005889915968346237,0.5306643847379842
TN,TCGA-LIHC,45.203410716791396,0.01389156785179652,0.6279462471049336
TN,TCGA-LIHC,67.34746773932441,0.006718004826905001,0.4524406133526102
TN,TCGA-LIHC,37.96348330018787,0.014187542113600854,0.5386085181003981
TN,TCGA-LIHC,89.36912739522457,0.005566951627717369,0.49751360922052634
TN,TCGA-LIHC,23.93699560183861,0.0143833551394059,0.3442943087116418
TN,TCGA-LIHC,51.61579971545829,0.009618658754661107,0.4964747638119271
TN,TCGA-LIHC,55.23463685566205,0.008427085723720893,0.4654670197012576
TN,TCGA-LIHC,30.72721692443438,0.01988145401479565,0.6109017502857927
TN,TCGA-LIHC,42.14784287823006,0.005238614438068047,0.2207962982353195
TN,TCGA-LIHC,97.98409772221784,0.007047250017966927,0.6905184344333728
TN,TCGA-LIHC,32.45603626938536,0.018026158950788497,0.5850576687044969
TN,TCGA-LIHC,25.452512547746167,0.021599040357586717,0.5497498457207518
TN,TCGA-LIHC,35.93689912759612,0.010282677065013509,0.3695275284470366
TN,TCGA-LIHC,58.521649810379444,0.011779161192280584,0.6893359463546559
TN,TCGA-LIHC,65.60731075604085,0.006948419567495746,0.4558671218280483
TN,TCGA-LIHC,48.55533641858414,0.012515448513088619,0.6076918129824865
TN,TCGA-LIHC,78.98461996302022,0.007041294573541179,0.5561539759388265
TN,TCGA-LIHC,52.299018976319715,0.012319216271257346,0.6442829255438746
TN,TCGA-LIHC,72.12112415456751,0.007294372538523019,0.5260783474804864
TN,TCGA-LIHC,53.253121737399155,0.013203143338936962,0.7031085995447408
TN,TCGA-LIHC,52.99368989468833,0.010873835031864069,0.5762446416446029
TN,TCGA-LIHC,19.81659773834636,0.036453772589691694,0.7223897474550769
TN,TCGA-LIHC,54.598373476856565,0.008232581112945364,0.44948553828310644
TN,TCGA-LIHC,23.532694606243055,0.021711454767261423,0.510929034495223
TN,TCGA-LIHC,81.04635068526022,0.003508049095305994,0.28431457719927944
TN,TCGA-LIHC,85.73019809919144,0.0070193204838034685,0.6017677355981836
TN,TCGA-LIHC,64.69185849666655,0.004807079184981928,0.31097888641712207
TN,TCGA-LIHC,58.26983842656116,0.009052395278987834,0.5274816102799861
TN,TCGA-LIHC,23.22012145519693,0.022456969191715748,0.5214535521472553
TN,TCGA-LIHC,27.869734999106573,0.017978092592598038,0.5010446763451082
TN,TCGA-LIHC,80.41987956415751,0.007045890803221314,0.5666296898172631
TN,TCGA-LIHC,37.59566615277367,0.011343177710178225,0.42645432230344416
TN,TCGA-LIHC,44.489007073424176,0.012401663285180747,0.5517376856166312
TN,TCGA-LIHC,26.580045481172597,0.01396651522296443,0.371230609839884
TN,TCGA-LIHC,43.933975772835176,0.015518525737382598,0.6817905337762862
TN,TCGA-LIHC,102.13065632211386,0.005401629857442474,0.5516720025497261
TN,TCGA-LIHC,79.92602748738858,0.006488289865048172,0.518583234099985
TN,TCGA-LIHC,27.94930517098462,0.021104643227988776,0.5898601141038122
TN,TCGA-LIHC,74.54667696286272,0.007158738082938599,0.5336601353305669
TN,TCGA-LIHC,56.348311230863146,0.010993670693048126,0.6194747777814947
TN,TCGA-LIHC,63.575855286223906,0.01005845444182716,0.6394748439966795
TN,TCGA-LIHC,97.43199786785259,0.005755342061714653,0.5607544754857443
TN,TCGA-LIHC,108.28283269203813,0.004873112240581208,0.527674397436378
TN,TCGA-LIHC,69.81701982561673,0.007552344794655526,0.5272822062583582
TN,TCGA-LIHC,79.72224902771917,0.007591041614909774,0.6051749100036165
TN,TCGA-LIHC,58.02678599206854,0.006408267797840168,0.37185118408513573
TN,TCGA-LIHC,26.36668082289559,0.00919928921863624,0.2425547226252863
TN,TCGA-LIHC,102.03967487571872,0.005210608137550989,0.5316887602604772
TN,TCGA-LIHC,48.37304550881362,0.010913555367510153,0.5279219104555257
TN,TCGA-LIHC,57.949723866671874,0.010292597281247196,0.5964531703191327
TN,TCGA-LIHC,67.22977602628582,0.008834152931577164,0.593918122971889
TN,TCGA-LIHC,57.214834286125786,0.009047618932833063,0.5176580179260579
TN,TCGA-LIHC,25.905137440190394,0.020348452246690334,0.5271294521456641
TN,TCGA-LIHC,63.23083753880688,0.00806263774933342,0.509807337662353
TN,TCGA-LIHC,109.07582513222448,0.004923668719358609,0.5370532282417633
TN,TCGA-LIHC,18.3946584197374,0.03428280718358294,0.6306205278117277
TN,TCGA-LIHC,79.90908335648557,0.004663766649021327,0.37267731791184255
TN,TCGA-LIHC,41.54120423688813,0.010280805324766494,0.4270770337158119
TN,TCGA-LIHC,67.4136378966087,0.008145873221577886,0.549142947711133
TN,TCGA-LIHC,71.16899327478072,0.005810674366719925,0.4135398449270311
TN,TCGA-LIHC,63.830078575115486,0.00994524793355121,0.6348059570475786
TN,TCGA-LIHC,34.7556473291533,0.01733090818258865,0.6023469326879883
TN,TCGA-LIHC,57.733568335228576,0.010495151218523183,0.6059225300631657
TN,TCGA-LIHC,47.51807579677842,0.010792702935486842,0.5128484761405767
TN,TCGA-LIHC,45.65822906168473,0.015046194653682642,0.6869826020045382
TN,TCGA-LIHC,23.246868311390386,0.010430352661222357,0.24247303475679638
TN,TCGA-LIHC,39.43791644328193,0.014089877549425575,0.5556754134903198
TN,TCGA-LIHC,27.343535988295454,0.02271784264933594,0.6211861480585507
TN,TCGA-LIHC,27.887757346560594,0.017006934034994925,0.4742852495769011
TN,TCGA-LIHC,70.7009194347427,0.008919268678792823,0.6306004962761553
TN,TCGA-LIHC,35.23311841741691,0.010149290946931615,0.357591169786059
TN,TCGA-LIHC,110.53974839661524,0.004331472744889816,0.47879990740691664
TN,TCGA-LIHC,70.82192905546214,0.008206981548459771,0.5812342649845047
TN,TCGA-LIHC,46.559188323618585,0.01008046665790009,0.4693383455151283
TN,TCGA-LIHC,24.73157019582244,0.010584996046352367,0.26178357274286657
TN,TCGA-LIHC,61.85879569963969,0.00898835268325413,0.5560086723097255
TN,TCGA-LIHC,156.931614364739,0.003038338340757101,0.47681134080129434
TN,TCGA-LIHC,106.735388860281,0.005469029102843323,0.5837389479801758
TN,TCGA-LIHC,48.12645582479605,0.012133341828462242,0.5839347395146381
TN,TCGA-LIHC,83.55232183935217,0.0043008760851734485,0.35934818285958503
TN,TCGA-LIHC,38.03779684182253,0.012435019595325508,0.4730007490910738
TN,TCGA-LIHC,44.01204611823911,0.011413259987437231,0.5023209249265406
TN,TCGA-LIHC,78.83985839710311,0.006051400672090472,0.47709157209174746
TN,TCGA-LIHC,46.07098960668488,0.015031063482794461,0.6924959694932443
TN,TCGA-LIHC,110.83933463692428,0.004987898527527025,0.5528553540275898
TN,TCGA-LIHC,90.04398245613105,0.005473828878761826,0.49288535152709334
TN,TCGA-LIHC,97.08027396272925,0.00502865276665027,0.48818298824984463
TN,TCGA-LIHC,53.148172389257546,0.012312914879109241,0.6544089226091522
TN,TCGA-LIHC,136.83501282333324,0.0029651022782887747,0.4057298082721391
TN,TCGA-LIHC,68.81337209814366,0.009290115128634245,0.639284149181302
TN,TCGA-LIHC,93.86613776322267,0.004071327002193323,0.38215974126700686
TN,TCGA-LIHC,39.946583419989054,0.007953423264198277,0.3177120858977781
TN,TCGA-LIHC,11.682987872732093,0.008730986689903252,0.10200401161512501
TN,TCGA-LIHC,49.521764619123466,0.011866777137302983,0.5876637441811141
TN,TCGA-LIHC,92.22743575595614,0.006037318491311254,0.5568064032956547
TN,TCGA-LIHC,146.02908621188706,0.003771264662259465,0.5507143324929306
TN,TCGA-LIHC,53.33317301039185,0.00992073484886796,0.5291042680848986
TN,TCGA-LIHC,34.03667105613725,0.014939130768831028,0.5084782798433205
TN,TCGA-LIHC,61.272905789295095,0.00693883000597288,0.4251622772439102
TN,TCGA-LIHC,65.1647466252523,0.00889205506067502,0.5794485150066802
TN,TCGA-LIHC,37.17054807618797,0.012487986072777638,0.46418528669294695
TN,TCGA-LIHC,83.73850209841926,0.006668502999256683,0.5584104523965709
TN,TCGA-LIHC,68.25475521369103,0.009140701484177213,0.623896342283938
TN,TCGA-LIHC,15.370963045965865,0.029421689562022395,0.45223970300772587
TN,TCGA-LIHC,129.38832027347632,0.004307791001027109,0.5573778417120947
TN,TCGA-LIHC,106.05193259014902,0.004972787411316449,0.5273737153300737
TN,TCGA-LIHC,30.015373645045113,0.010916121177117894,0.32765145588578326
TN,TCGA-LIHC,34.53237230259053,0.015621750009748935,0.5394560873546475
TN,TCGA-LIHC,39.782742356295614,0.01622100727438785,0.6453161531565688
TN,TCGA-LIHC,133.28848118562618,0.0039108807229770275,0.5212753516637516
TN,TCGA-LIHC,87.39133719845748,0.004475760425533647,0.3911426885673225
TN,TCGA-LIHC,65.99407947280005,0.008502826333436598,0.5611361967922319
TN,TCGA-LIHC,36.5466815614226,0.013731082325100095,0.5018254932291114
TN,TCGA-LIHC,24.542589863924864,0.026630889438775566,0.6535909972073969
TN,TCGA-LIHC,41.38762619340996,0.00494679164406055,0.20473596342106196
TN,TCGA-LIHC,98.59184943186973,0.004814801395119901,0.4747001741920176
TN,TCGA-LIHC,87.31071250728844,0.006746935398398922,0.5890797368748559
TN,TCGA-LIHC,50.732249302322245,0.011138045017033943,0.565058076544654
TN,TCGA-LIHC,78.32644695066908,0.00689512313113387,0.5400704961490883
TN,TCGA-LIHC,91.76048278728175,0.00615262826384717,0.5645681399012914
TN,TCGA-LIHC,87.2092964316287,0.006403545357190319,0.5584486852685903
TN,TCGA-LIHC,33.91711965494541,0.013623286159698277,0.46206262677204823
TN,TCGA-LIHC,57.18191962003628,0.007587003574989721,0.43383942858199015
TN,TCGA-LIHC,79.992401430159,0.007848175899761197,0.627794437068197
TN,TCGA-LIHC,31.100681054566774,0.01335592378155552,0.4153783257192616
TN,TCGA-LIHC,56.58153734028309,0.010769509804853562,0.6093554211598667
TN,TCGA-LIHC,49.635358533086126,0.012178163988996992,0.604467535868584
TN,TCGA-LIHC,45.55457084162165,0.013851295348074055,0.6309898151820639
TN,TCGA-LIHC,56.180613765541956,0.00884177760096997,0.49673649240091405
TN,TCGA-LIHC,102.38682727397763,0.005330655395279445,0.5457888932135735
TN,TCGA-LIHC,59.330574249488244,0.010783619981636256,0.639798365998735
TN,TCGA-LIHC,72.69865892306491,0.006447206275656215,0.4687032500405748
TN,TCGA-LIHC,60.50052922794178,0.005214586932377682,0.31548526911395924
TN,TCGA-LIHC,88.18740858449213,0.004894552061262986,0.4316378624646671
TN,TCGA-LIHC,55.25000314416981,0.012568289061708333,0.6943980101762204
TN,TCGA-LIHC,24.872367302889955,0.008783085869791183,0.21845613780626902
TN,TCGA-LIHC,60.291267400018754,0.00981775728968101,0.5919250300206411
TN,TCGA-LIHC,43.53819913708818,0.013316770478790011,0.5797882049684566
TN,TCGA-LIHC,34.67168388413964,0.015188089080495642,0.526596623403098
TN,TCGA-LIHC,85.48992208223629,0.007208667590597667,0.6162684306369366
TN,TCGA-LIHC,102.2314310753364,0.006022846030680839,0.6157241688629116
TN,TCGA-LIHC,48.46949936536287,0.008939906265512235,0.4333127810626488
TN,TCGA-LIHC,66.51288972373663,0.00911084016469271,0.6059883071647967
TN,TCGA-LIHC,64.81547692902797,0.006606255524785111,0.4281876025539729
TN,TCGA-LIHC,27.424342106481284,0.012389980249185414,0.339787057046207
TN,TCGA-LIHC,16.17753268103104,0.01471332273493041,0.2380252593908937
TN,TCGA-LIHC,72.12587562632282,0.009021025674089155,0.6506493757912194
TN,TCGA-LIHC,49.58757950892826,0.013391654619371213,0.6640597381941764
TN,TCGA-LIHC,90.10307657881411,0.006591029501484506,0.5938720359054814
TN,TCGA-LIHC,39.46427642636762,0.012423440470651356,0.4902820889003077
TN,TCGA-LIHC,49.680253339597066,0.007661770058135248,0.3806386775178985
TN,TCGA-LIHC,57.15109027840014,0.005806256213710449,0.33183387304928763
TN,TCGA-LIHC,24.490913397319495,0.0162339476639795,0.397584206335139
TN,TCGA-LIHC,46.15191553643167,0.006642266442270131,0.3065533198141256
TN,TCGA-LIHC,68.71280178698046,0.0068981939985315885,0.4739942369092392
TN,TCGA-LIHC,77.05003039876348,0.006504979414000284,0.5012088615920526
TN,TCGA-LIHC,83.97395331677333,0.00576016675834389,0.4837039744619994
TN,TCGA-LIHC,76.54824141200297,0.0066405133645004305,0.508319620125411
TN,TCGA-LIHC,141.5105756667239,0.003355060783652222,0.47477658289147573
TN,TCGA-LIHC,34.05332126238661,0.013863372613806903,0.47209388139813885
TN,TCGA-LIHC,17.99483259802157,0.011787613703542171,0.21211613532538645
TN,TCGA-LIHC,28.906545532004134,0.013362484022042367,0.38626325280384544
TN,TCGA-LIHC,97.92098187555813,0.00504478007125474,0.49398981792351226
TN,TCGA-LIHC,77.1157713699018,0.00557601421649053,0.4299986374742058
TN,TCGA-LIHC,68.75003129487295,0.008554031542225215,0.5880899362253139
TN,TCGA-LIHC,101.35673288471116,0.004695429405204416,0.4759133840023222
TN,TCGA-LIHC,114.21081229943475,0.00472260457594619,0.5393725047878419
TN,TCGA-LIHC,19.16320075058938,0.007944670420051423,0.15224531415671466
TN,TCGA-LIHC,76.34532804553577,0.00664771409656488,0.5075219134551782
TN,TCGA-LIHC,29.840224448797375,0.014032510100365216,0.4187332509749142
TN,TCGA-LIHC,58.584284184791336,0.007720004392854828,0.4522709312588447
TN,TCGA-LIHC,60.8352510121866,0.010193236705804342,0.6201081136242412
TN,TCGA-LIHC,71.18849868477271,0.0064187209469605076,0.4569391076906211
TN,TCGA-LIHC,64.81605799215907,0.00979051003469946,0.6345822661818956
TN,TCGA-LIHC,79.14603325842397,0.007400069829402311,0.5856861728325351
TN,TCGA-LIHC,20.730051195991408,0.006618757846703047,0.13720718901602402
TN,TCGA-LIHC,84.1738246160015,0.0058072478331497,0.4888182606091976
TN,TCGA-LIHC,34.01568166322899,0.013218928484113192,0.4496508632445845
TN,TCGA-LIHC,51.796697357744144,0.005286874887269364,0.27384265850414896
TN,TCGA-LIHC,88.23045279644907,0.004742888672726793,0.41846721515783436
TN,TCGA-LIHC,68.57487140145608,0.006883253475081948,0.47201822187737025
TN,TCGA-LIHC,28.56397241451375,0.012641691921146472,0.36109693930840914
TN,TCGA-LIHC,30.82297077278275,0.007001087189105054,0.21579430580748882
TN,TCGA-LIHC,107.10096689412464,0.004742787472270494,0.5079571240535112
TN,TCGA-LIHC,72.84205689300222,0.00812475562400698,0.5918239114056563
TN,TCGA-LIHC,71.28008317087993,0.007145787298221597,0.5093523129386529
TN,TCGA-LIHC,14.999310835521246,0.008441624281634755,0.12661854655692345
TN,TCGA-LIHC,48.27489953235658,0.008927258679919831,0.430962515872488
TN,TCGA-LIHC,28.36223498263699,0.021616304047528536,0.6130866948521314
TN,TCGA-LIHC,67.41009411147678,0.009420518247733416,0.6350380216585939
TN,TCGA-LIHC,70.15466079463694,0.004326651198909742,0.3035347472362222
TN,TCGA-LIHC,16.613920185949176,0.022061869401313768,0.3665341373862613
TN,TCGA-LIHC,50.48814610709575,0.008333521718769343,0.42074406212388227
TN,TCGA-LIHC,125.00641818834858,0.003662649668720163,0.4578547161654491
TN,TCGA-LIHC,64.30276525069536,0.006373141351885277,0.4098106122597782
TN,TCGA-LIHC,18.179181217595644,0.027181876149849578,0.4941442523623565
TN,TCGA-LIHC,135.08819380801253,0.0020622282197186063,0.2785826854216997
TN,TCGA-LIHC,63.36892034811532,0.010219694620675075,0.6476110143996214
TN,TCGA-LIHC,39.88936119647633,0.012847125604180887,0.5124636335616706
TN,TCGA-LIHC,72.45505059475013,0.007473663403247432,0.5415046600104252
TN,TCGA-LIHC,55.986829871933125,0.007351027664659775,0.41156073524518066
TN,TCGA-LIHC,50.465703254416695,0.013226842295666388,0.6675018982860677
TN,TCGA-LIHC,176.09849002000811,0.0027279041267770695,0.4803797976447907
TN,TCGA-LIHC,50.64190481580683,0.005252787314382166,0.26601115519261925
TN,TCGA-LIHC,22.91139752453909,0.012964012174535113,0.2970236364437384
TN,TCGA-LIHC,79.21773338247986,0.00753663419664077,0.5970350783907689
TN,TCGA-LIHC,36.32512470783188,0.016609686225205558,0.6033489234885493
TN,TCGA-LIHC,100.79010490935272,0.004716113262224121,0.47533755046395887
TN,TCGA-LIHC,88.82845622754117,0.0047669476951718885,0.42344060467955436
TN,TCGA-LIHC,67.1606604040881,0.0071762978838871335,0.48196490513831985
TN,TCGA-LIHC,86.95449954034595,0.00568418631385042,0.49426557621494716
TN,TCGA-LIHC,39.49606255307768,0.012237624442329247,0.4833379804753083
TN,TCGA-LIHC,29.141640569234912,0.02064410460970678,0.6016030764097606
TN,TCGA-LIHC,47.09371272294779,0.009617106462533139,0.4529052489725403
TN,TCGA-LIHC,61.63311896278678,0.007586721182384383,0.4675932891713911
TN,TCGA-LIHC,72.177673151207,0.0074551441762723564,0.5380949596501106
TN,TCGA-LIHC,73.40184300219377,0.007999877417696359,0.5872057462505434
TN,TCGA-LIHC,29.24737283986348,0.014538082079909028,0.4252007069676373
TN,TCGA-LIHC,24.603599182429615,0.016042842655267554,0.39471167043698774
TN,TCGA-LIHC,119.10721167743765,0.004833830617018324,0.5757440865140806
TN,TCGA-LIHC,44.64504380425887,0.012477815266888265,0.5570726091716767
TN,TCGA-LIHC,51.702446245373864,0.01033308680260426,0.5342458649604289
TN,TCGA-LIHC,60.70647866539844,0.006381943614665405,0.3874253238874612
TN,TCGA-LIHC,25.650794742822683,0.023608589640004927,0.6055790870232964
TN,TCGA-LIHC,42.93262302222532,0.012566896140430453,0.539529814556559
TN,TCGA-LIHC,21.28540329265983,0.010426117977175135,0.22192412592102345
TN,TCGA-LIHC,39.44848056975776,0.011114195537429754,0.4384381267067861
TN,TCGA-LIHC,96.70934291866881,0.0031053267629004887,0.30031411078786313
TN,TCGA-LIHC,115.29714170242242,0.003156428924070944,0.3639272329322324
TN,TCGA-LIHC,92.10348820401835,0.00498942993351705,0.4595439010264637
TN,TCGA-LIHC,26.971723579184545,0.00838019634783068,0.22602833943298098
TN,TCGA-LIHC,30.17019139188266,0.016453561415243234,0.4964070969759841
TN,TCGA-LIHC,99.5409958427711,0.004396085614677835,0.43759073989511216
TN,TCGA-LIHC,99.44048389136694,0.005758593519417441,0.5726373261045601
TN,TCGA-LIHC,49.45235968593301,0.012137313686387131,0.6002188020402139
TN,TCGA-LIHC,124.9606142765999,0.004181755026163219,0.5225546768236149
TN,TCGA-LIHC,27.45179377822543,0.01999077436732213,0.548782615398762
TN,TCGA-LIHC,47.18999583266881,0.012049790721934774,0.5686295739526332
TN,TCGA-LIHC,12.782768411595724,0.02178863301874472,0.27851904988386156
TN,TCGA-LIHC,80.68015362018006,0.005857622117286359,0.47259385227162787
TN,TCGA-LIHC,52.618625102597186,0.004126275209858971,0.2171189283377097
TN,TCGA-LIHC,74.1201296055862,0.007708651276697216,0.5713662317130652
TN,TCGA-LIHC,51.18148030781667,0.010506477547801419,0.5377370737173163
TN,TCGA-LIHC,19.7111797020343,0.011601943335577486,0.22868798998038709
TN,TCGA-LIHC,41.53206066897152,0.007509670586666005,0.31189209440940346
TN,TCGA-LIHC,16.136074723245446,0.019248955552880184,0.310602585145705
TN,TCGA-LIHC,25.84780461019536,0.029253505415766524,0.7561388921500249
TN,TCGA-LIHC,35.051666118484945,0.021279035694571645,0.7458656544894486
TN,TCGA-LIHC,46.59817982590871,0.013639811116510346,0.6355903711985778
TN,TCGA-LIHC,36.47585246465284,0.013817543442743274,0.5040066760414349
TN,TCGA-LIHC,66.89359042858797,0.009159097880467957,0.6126849423113717
TN,TCGA-LIHC,34.46501990025872,0.014755814882007046,0.5085594535529065
TN,TCGA-LIHC,44.197972906025555,0.01273560633391326,0.5628879836881057
TN,TCGA-LIHC,84.4484126268517,0.006100575599806644,0.5151839255137748
TN,TCGA-LIHC,90.23153809498486,0.004645211391939025,0.4191445686710038
TN,TCGA-LIHC,68.34860182351284,0.008465064513647546,0.5785753238536444
TN,TCGA-LIHC,84.14142181301429,0.007160563990347824,0.602500035130937
TN,TCGA-LIHC,33.82699965753382,0.015243331931523992,0.5156361840273364
TN,TCGA-LIHC,29.09529699918749,0.017920760496132362,0.5214098490862776
TN,TCGA-LIHC,55.55452898754133,0.010467259582896583,0.581503675918148
TN,TCGA-LIHC,86.85947888473245,0.005065119782487193,0.439953664795587
TN,TCGA-LIHC,50.52172405232529,0.011092071631818053,0.5603905821513372
TN,TCGA-LIHC,130.7547558693162,0.0038666798560720145,0.505586780605499
