pair_type,cancer,omega,kn,kf
TT,TCGA-LUAD,79.84515274405554,0.006103878315843268,0.4873650964596342
TT,TCGA-LUAD,65.03519464684727,0.005830928863248009,0.3792155935932542
TT,TCGA-LUAD,155.70534689008372,0.002914093665772677,0.45373996509933034
TT,TCGA-LUAD,91.11265566265972,0.007006770024575825,0.6384054245566229
TT,TCGA-LUAD,68.90120810265866,0.006405879699433881,0.44137285025129036
TT,TCGA-LUAD,74.19156348050974,0.006547260221342969,0.4857514723351831
TT,TCGA-LUAD,76.27073397065068,0.007022138048140933,0.5355836229749413
TT,TCGA-LUAD,47.62670573445832,0.012085631481871372,0.5755988142021933
TT,TCGA-LUAD,192.17201589833414,0.002688228078953115,0.5166022091269262
TT,TCGA-LUAD,70.88408287449091,0.007221953875739149,0.5119215770436447
TT,TCGA-LUAD,185.3269639065541,0.0025035022811670227,0.4639664769018167
TT,TCGA-LUAD,53.142249771008906,0.007030434920859448,0.373613128563136
TT,TCGA-LUAD,146.87268944912066,0.003917144697727868,0.5753215767166547
TT,TCGA-LUAD,142.85208373443044,0.0038513037149721756,0.5501667607779283
TT,TCGA-LUAD,9.651685842392967,0.01869396521691743,0.1804282794223085
TT,TCGA-LUAD,73.55016640968606,0.007601649440426427,0.5591025813314606
TT,TCGA-LUAD,168.97510408261263,0.003229878093034093,0.5457689869445862
TT,TCGA-LUAD,120.22537835028555,0.0038474754320093722,0.46256418950675515
TT,TCGA-LUAD,38.517714767874594,0.004490451522004464,0.1729619309035363
TT,TCGA-LUAD,146.75407349018045,0.004070493892653321,0.5973615598637761
TT,TCGA-LUAD,88.61411528771751,0.0037712485263706593,0.33418585169444437
TT,TCGA-LUAD,57.112663485139336,0.006495991967069426,0.37100340321740444
TT,TCGA-LUAD,75.26275749024444,0.006346096115442033,0.477624692946296
TT,TCGA-LUAD,40.11058778713517,0.008294641125209518,0.33270293101549797
TT,TCGA-LUAD,143.01060625921102,0.003992893166053037,0.5710260724055053
TT,TCGA-LUAD,207.6490778910543,0.002631091325200425,0.5463436875250204
TT,TCGA-LUAD,119.9212434546431,0.0037738314215910477,0.4525625566654019
TT,TCGA-LUAD,122.12202705353492,0.004070724821912855,0.4971251668291378
TT,TCGA-LUAD,142.10058302624665,0.0037564550643936784,0.5337944547622386
TT,TCGA-LUAD,124.80645183290271,0.0030295488120663386,0.37810723788858513
TT,TCGA-LUAD,68.03598177621812,0.006088610238333462,0.4142445752177505
TT,TCGA-LUAD,112.62361849813621,0.004345744192587977,0.48943343603651934
TT,TCGA-LUAD,57.45755959297228,0.012573668259599522,0.7224522933282036
TT,TCGA-LUAD,49.2178755609917,0.010927775135724292,0.5378418767885774
TT,TCGA-LUAD,23.372951159706528,0.015663067779386367,0.3660921182187705
TT,TCGA-LUAD,139.6318395357853,0.004176283454548435,0.5831421411814621
TT,TCGA-LUAD,78.97562684825535,0.007585249909380341,0.5990498663939845
TT,TCGA-LUAD,54.42194828266886,0.007850047011014837,0.4272148524499687
TT,TCGA-LUAD,133.9618675982672,0.002974222534696807,0.3984324054008363
TT,TCGA-LUAD,72.63036490505976,0.006410925021850243,0.46562782371596134
TT,TCGA-LUAD,63.201438338722035,0.007655829122201581,0.48385941219861567
TT,TCGA-LUAD,101.2310156453456,0.005459893784035137,0.552710593073586
TT,TCGA-LUAD,86.30575604993533,0.006882311543161974,0.5939831011037913
TT,TCGA-LUAD,187.78251621243524,0.0026101825922986988,0.4901466549557466
TT,TCGA-LUAD,22.184001184067117,0.021653583506788095,0.4803631221538833
TT,TCGA-LUAD,247.81070868778994,0.0017693481480305058,0.4384634184788683
TT,TCGA-LUAD,67.49060436673888,0.008736043099027063,0.589600828527215
TT,TCGA-LUAD,66.83955527043733,0.008088399888260614,0.5406250513807944
TT,TCGA-LUAD,136.84164688859985,0.0031171484688946754,0.42655573007982484
TT,TCGA-LUAD,140.03083355193675,0.0035581305482184603,0.4982479865536407
TT,TCGA-LUAD,43.26036770440061,0.0077291773423916466,0.3343670538843845
TT,TCGA-LUAD,99.54044849925714,0.004710522798625377,0.4688875520411459
TT,TCGA-LUAD,220.21863326439893,0.0019169915193485514,0.42215725237038154
TT,TCGA-LUAD,78.67621490845968,0.005873710346961507,0.46212129756758685
TT,TCGA-LUAD,24.970667671938013,0.0178120397575241,0.44477852534448165
TT,TCGA-LUAD,11.68454147771539,0.01733590760039461,0.2025621314106523
TT,TCGA-LUAD,135.69016438295728,0.00419276824275387,0.5689174120789156
TT,TCGA-LUAD,159.66833447267817,0.0035233039573708607,0.5625600747144012
TT,TCGA-LUAD,131.79229941234257,0.0038776595485468003,0.511045668241209
TT,TCGA-LUAD,85.24286662867478,0.00620222310802342,0.5286952771985252
TT,TCGA-LUAD,84.22344560975579,0.005306782594910086,0.44695551524520827
TT,TCGA-LUAD,147.32024895104368,0.0032592637736139542,0.48015555052592584
TT,TCGA-LUAD,95.2694393242278,0.005707899354038265,0.5437883711783476
TT,TCGA-LUAD,109.0494287759688,0.00632692774093981,0.689947856056317
TT,TCGA-LUAD,93.63194307785177,0.005317727468603291,0.4979091556437922
TT,TCGA-LUAD,173.89428157714207,0.003225313290385531,0.5608635374928002
TT,TCGA-LUAD,26.691988141432788,0.012703774031585569,0.3390889858025238
TT,TCGA-LUAD,120.47816759830651,0.005001713250857357,0.6025972473154632
TT,TCGA-LUAD,171.75223333044275,0.0025509336447224907,0.43812855055885397
TT,TCGA-LUAD,126.68366575095112,0.004240143267763244,0.5371568924694644
TT,TCGA-LUAD,79.24213149622062,0.008140586838418819,0.645077452706387
TT,TCGA-LUAD,124.99087604103883,0.0034873397257530955,0.4358856473745955
TT,TCGA-LUAD,107.65553971903942,0.004889689464290716,0.5264021583367178
TT,TCGA-LUAD,74.28298277834867,0.006840091520499454,0.5081024006195897
TT,TCGA-LUAD,54.526921958264154,0.010773796751026615,0.5874619746374281
TT,TCGA-LUAD,272.37371972461517,0.001684688783465763,0.4588649505309066
TT,TCGA-LUAD,146.689154729169,0.0027886295646141136,0.40906171368601485
TT,TCGA-LUAD,102.61822436276434,0.005430246541710792,0.5572422579624032
TT,TCGA-LUAD,116.39458773018355,0.004165191676087466,0.4848057679553928
TT,TCGA-LUAD,139.19219474540643,0.0033927128051807393,0.47223914149395163
TT,TCGA-LUAD,166.37287000950352,0.00270203257696278,0.4495449146884724
TT,TCGA-LUAD,154.07454408367929,0.0030306971175568962,0.4669532766432998
TT,TCGA-LUAD,143.6803252633735,0.0029536039169587467,0.4243747714878068
TT,TCGA-LUAD,89.73694030797355,0.006257745652964948,0.5615509481225965
TT,TCGA-LUAD,146.31528107284612,0.0035370784750253853,0.5175286312500532
TT,TCGA-LUAD,112.20601187138391,0.003964629407044604,0.4448552543124845
TT,TCGA-LUAD,63.34107669721018,0.010788035301362138,0.6833257714357901
TT,TCGA-LUAD,163.75686347939248,0.0031681186023560315,0.5188011654525404
TT,TCGA-LUAD,52.02349119569975,0.007960674972377638,0.41414210433731535
TT,TCGA-LUAD,39.54143245012711,0.008681310503890271,0.3432714528681561
TT,TCGA-LUAD,198.01126854475365,0.0027027514220744754,0.5351752376461038
TT,TCGA-LUAD,53.37837397675479,0.007233294019081371,0.3861014732343491
TT,TCGA-LUAD,313.5655539140153,0.0017289689792886593,0.5421451156907982
TT,TCGA-LUAD,75.4718888681702,0.005857128337101745,0.44204853894435336
TT,TCGA-LUAD,116.89232915519773,0.005339266068787766,0.6241192467599181
TT,TCGA-LUAD,123.98143811200208,0.004517194549875227,0.5600482765252286
TT,TCGA-LUAD,116.93943394312097,0.005110485751505297,0.5976173109554146
TT,TCGA-LUAD,75.13506965973488,0.007956517311049177,0.5978134824145664
TT,TCGA-LUAD,132.1608813971119,0.0038004868667897043,0.5022756940530755
TT,TCGA-LUAD,110.45930694632908,0.00541488683952702,0.5981246474869528
TT,TCGA-LUAD,154.11169433620407,0.002606135933103817,0.40163602432109347
TT,TCGA-LUAD,85.64210699986809,0.00670648647070533,0.5743576319173136
TT,TCGA-LUAD,36.42143357387954,0.005308270750825706,0.19333483054336612
TT,TCGA-LUAD,105.0134219275623,0.005057807994237797,0.5311377249274915
TT,TCGA-LUAD,98.77942404177823,0.0053344379757074905,0.5269327108269752
TT,TCGA-LUAD,143.26656771244575,0.0031535825034211904,0.45180294126317616
TT,TCGA-LUAD,31.414839079169642,0.010266730021838314,0.32252767150533046
TT,TCGA-LUAD,127.14276697551018,0.003473882174555214,0.44167899181985215
TT,TCGA-LUAD,134.08403774528927,0.004405019348038167,0.5906427805310791
TT,TCGA-LUAD,67.57219246514808,0.007915306633204637,0.534854623239567
TT,TCGA-LUAD,187.41693991669624,0.0029804259873386658,0.5585823181952108
TT,TCGA-LUAD,57.00887887357045,0.00821454986300497,0.46830227814095504
TT,TCGA-LUAD,132.71729738925822,0.0022296909826860474,0.2959185612352916
TT,TCGA-LUAD,130.8468232715233,0.004405724023573653,0.5764749926956464
TT,TCGA-LUAD,114.93220531583904,0.004363666334878065,0.5015257951300206
TT,TCGA-LUAD,30.971546010276,0.005179971187274105,0.16043171595856395
TT,TCGA-LUAD,95.24991141317264,0.004867045568762487,0.4635856592685013
TT,TCGA-LUAD,159.26759972333687,0.003432104990164664,0.5466231237820127
TT,TCGA-LUAD,90.58845360771734,0.005450475992901515,0.49375019162293604
TT,TCGA-LUAD,65.10130814755719,0.00629709585661737,0.409949177796353
TT,TCGA-LUAD,151.2040009060448,0.003206660205929123,0.48485985268268494
TT,TCGA-LUAD,148.66034615588669,0.0035705036605166262,0.5307923101232622
TT,TCGA-LUAD,62.14541257933824,0.004225799757642335,0.26261406941635046
TT,TCGA-LUAD,86.9066770936811,0.0064633088609411336,0.5617046961345389
TT,TCGA-LUAD,107.42306991565387,0.0046963272848941666,0.504493894271979
TT,TCGA-LUAD,60.736257456588824,0.00631709869939141,0.3836769329849191
TT,TCGA-LUAD,144.7169384570176,0.0044807147440897276,0.6484353198638844
TT,TCGA-LUAD,60.57140502561738,0.006532265179738494,0.39566847993667764
TT,TCGA-LUAD,126.16592081605157,0.003774866669698043,0.4762595293402756
TT,TCGA-LUAD,158.00841062422097,0.003163575775878866,0.4998715802359063
TT,TCGA-LUAD,158.53007952576334,0.002343483182051638,0.3715125752179351
TT,TCGA-LUAD,117.11832310201717,0.004109471231613853,0.4812943794825957
TT,TCGA-LUAD,63.710947322026165,0.008820512231135079,0.5619631901111345
TT,TCGA-LUAD,174.7421776969834,0.0030286715650583644,0.5292366648072295
TT,TCGA-LUAD,82.44762802288564,0.006227895914040053,0.5134752456860237
TT,TCGA-LUAD,55.37565213299448,0.008534068523988546,0.4725796098635274
TT,TCGA-LUAD,59.774164029155024,0.00931847000204767,0.557003754403158
TT,TCGA-LUAD,49.36229463189351,0.012450677219805646,0.6145939972906511
TT,TCGA-LUAD,56.067394635635836,0.008961830885576562,0.5024665089194509
TT,TCGA-LUAD,147.3907743347214,0.0031759940684452145,0.46811222503062233
TT,TCGA-LUAD,42.721387628128994,0.010153546114272731,0.43377357934792826
TT,TCGA-LUAD,101.81198587177079,0.00577501725932579,0.5879659756157098
TT,TCGA-LUAD,141.50507397870268,0.003631843145858721,0.5139242330337825
TT,TCGA-LUAD,146.24417334113855,0.0032368051921307078,0.47336389958946046
TT,TCGA-LUAD,94.19532925758666,0.004119691813654825,0.3880557268270006
TT,TCGA-LUAD,107.11787718666999,0.0062680224393887275,0.6714172578657334
TT,TCGA-LUAD,82.35855336128297,0.006225657063798821,0.5127361094979235
TT,TCGA-LUAD,82.86497880876178,0.006640581652172812,0.5502716578851523
TT,TCGA-LUAD,58.641849876848426,0.0101294356890947,0.5940088470170821
TT,TCGA-LUAD,137.6288983169333,0.002896562577539271,0.3986507164527865
TT,TCGA-LUAD,93.3455293011174,0.00696678479342439,0.6503182140691754
TT,TCGA-LUAD,46.97003222135736,0.012852017993189555,0.603659699249578
TT,TCGA-LUAD,146.40296130639874,0.00357727856496262,0.5237241753284321
TT,TCGA-LUAD,188.47187859314076,0.002361837575097286,0.44513996471045364
TT,TCGA-LUAD,33.930310847615836,0.014385804656227099,0.4881148237788647
TT,TCGA-LUAD,127.26382413377625,0.003856925161076794,0.4908470453964138
TT,TCGA-LUAD,70.7890613544202,0.006807227111972071,0.48187721768286357
TT,TCGA-LUAD,33.47735434904659,0.01776237745245962,0.5946374040575062
TT,TCGA-LUAD,46.595462606360606,0.009882234167311783,0.4604672726102753
TT,TCGA-LUAD,34.488887908333474,0.015472466835348454,0.53362817434974
TT,TCGA-LUAD,146.94606601704433,0.0037138246702266373,0.5457319251668513
TT,TCGA-LUAD,169.68550212628458,0.002870183473124055,0.48702852383161865
TT,TCGA-LUAD,123.42040587881094,0.0045691174813880745,0.5639223340608865
TT,TCGA-LUAD,159.09800628826005,0.003539644436741099,0.56315037285484
TT,TCGA-LUAD,130.3471684937033,0.004678964823392169,0.6098898162108097
TT,TCGA-LUAD,95.50190642737252,0.004962333470372653,0.4739123067489479
TT,TCGA-LUAD,120.7431214366557,0.005085051148725002,0.6139849483621085
TT,TCGA-LUAD,133.6340862904415,0.0032638296800675927,0.4361588971034568
TT,TCGA-LUAD,123.32887242324317,0.004231059944860317,0.5218118521547723
TT,TCGA-LUAD,122.38067638741322,0.0041667157336585815,0.5099254897992139
TT,TCGA-LUAD,118.26174087460835,0.004826555481271405,0.5707968536430396
TT,TCGA-LUAD,56.356570106410715,0.00484629983273677,0.2731208362803163
TT,TCGA-LUAD,119.79959722615341,0.004380929384384154,0.5248335757254419
TT,TCGA-LUAD,60.91955266733052,0.007169683727720303,0.4367739254589596
TT,TCGA-LUAD,88.56988871629375,0.005696403820422762,0.5045298524579146
TT,TCGA-LUAD,156.13422219365506,0.0030050348446880046,0.46918877814019266
TT,TCGA-LUAD,174.41995145212485,0.0031738118714310284,0.5535761125331775
TT,TCGA-LUAD,72.29623689451071,0.008045118962772373,0.5816318263771117
TT,TCGA-LUAD,93.14839495588916,0.006543592860411968,0.6095251721921905
TT,TCGA-LUAD,72.9978471912201,0.006829726955128833,0.49855536462825156
TT,TCGA-LUAD,71.25139384957814,0.005048126668764614,0.3596860614787064
TT,TCGA-LUAD,111.59452397433395,0.004633457022747657,0.5170684308090594
TT,TCGA-LUAD,52.136866397591334,0.0067678221411544195,0.35285303877602847
TT,TCGA-LUAD,120.48687148152037,0.003409671089806412,0.41082060239176066
TT,TCGA-LUAD,112.45464278784965,0.004878676579972617,0.5486298320782687
TT,TCGA-LUAD,61.94798562800496,0.008512119884652596,0.5273086802783142
TT,TCGA-LUAD,94.91588739909972,0.0059159956107645946,0.5615219732449004
TT,TCGA-LUAD,118.04101417806497,0.004908785573195019,0.579438027442594
TT,TCGA-LUAD,40.012218274341265,0.007468043312614132,0.29881297910655125
TT,TCGA-LUAD,199.4447719601073,0.0020310546772048764,0.4050832369336359
TT,TCGA-LUAD,112.77671525473613,0.0041482644188576894,0.4678276351668671
TT,TCGA-LUAD,153.4163763113722,0.003619224105795544,0.5552482473699187
TT,TCGA-LUAD,71.99723008939885,0.00621714780644279,0.4476174211202629
TT,TCGA-LUAD,125.8815047849236,0.004879755423162997,0.6142709556501498
TT,TCGA-LUAD,69.92570843495393,0.007099845274280115,0.4964617105825968
TT,TCGA-LUAD,104.4078812310538,0.005341467219986034,0.557691275103869
TT,TCGA-LUAD,111.80288391111665,0.004508447775780571,0.5040574632949273
TT,TCGA-LUAD,40.630396053844656,0.013194326866083251,0.5360907262328455
TT,TCGA-LUAD,32.718557447165786,0.004855991193567891,0.1588810268296822
TT,TCGA-LUAD,223.11704798656748,0.00221541738432099,0.4942973868478221
TT,TCGA-LUAD,79.65098145084471,0.005303690363516062,0.4224441427654417
TT,TCGA-LUAD,157.9820696655312,0.0027363313816257317,0.43229129495997565
TT,TCGA-LUAD,51.447434665541266,0.012260514311267092,0.6307720089948474
TT,TCGA-LUAD,63.430642216818434,0.009159797973650536,0.5810118680449656
TT,TCGA-LUAD,184.62323696232957,0.002898346263507299,0.5351020690063906
TT,TCGA-LUAD,76.14049780828627,0.0073248995113672595,0.557721495191176
TT,TCGA-LUAD,83.66666595804502,0.00662570658067881,0.5543507792216746
TT,TCGA-LUAD,31.379631879687384,0.010236444202665333,0.3212158508365982
TT,TCGA-LUAD,106.41918921976638,0.005728197601108055,0.6095901444005299
TT,TCGA-LUAD,118.11157859645306,0.004052611785463777,0.47866037541971684
TT,TCGA-LUAD,60.97676772928479,0.009869032149542035,0.6017816810954688
TT,TCGA-LUAD,74.74221289623544,0.005421846515678383,0.40524080656554606
TT,TCGA-LUAD,156.41426952431004,0.003524429739826407,0.5512711032447015
TT,TCGA-LUAD,136.42708409713103,0.0033587772095258423,0.4582281808275092
TT,TCGA-LUAD,57.25272815204292,0.011078181229386641,0.634256098345138
TT,TCGA-LUAD,118.73879172934627,0.0037694405750786112,0.44757881938040645
TT,TCGA-LUAD,47.45106775293984,0.008147853078553677,0.38662432847145
TT,TCGA-LUAD,123.25637012132492,0.004254262188780767,0.5243649149335201
TT,TCGA-LUAD,96.1265764748285,0.006149629106511276,0.5911427925988874
TT,TCGA-LUAD,66.09468810210345,0.007810179028543798,0.5162113469131916
TT,TCGA-LUAD,119.10927154467694,0.0022768189757329735,0.27119024963865196
TT,TCGA-LUAD,143.91412210988773,0.003768216696933022,0.5422995978589368
TT,TCGA-LUAD,243.33784377865658,0.0016424906218816145,0.3996801263553368
TT,TCGA-LUAD,71.9713613731663,0.006558073562601104,0.4719934822857722
TT,TCGA-LUAD,94.24050230173125,0.0065861745412698555,0.6206843970161456
TT,TCGA-LUAD,108.91131295318455,0.005736332451005301,0.6247514987749465
TT,TCGA-LUAD,93.9945622701727,0.0031489591457519745,0.2959850365116138
TT,TCGA-LUAD,157.27300979972813,0.0025662882666613604,0.4036078797115594
TT,TCGA-LUAD,136.27695679768954,0.004014759975645469,0.5471192717541307
TT,TCGA-LUAD,97.88251309808155,0.007122449414053735,0.697163248061538
TT,TCGA-LUAD,145.63140733540476,0.0035451919310155768,0.5162912901879196
TT,TCGA-LUAD,103.11932708796526,0.004388466556626192,0.4525357182673329
TT,TCGA-LUAD,127.40508352325317,0.003822474897062577,0.4870027335257962
TT,TCGA-LUAD,120.63687247407114,0.004493181285297011,0.5420433377172585
TT,TCGA-LUAD,168.82821196995357,0.0026234721933589607,0.4429161195576857
TT,TCGA-LUAD,70.55266050113545,0.006050149767511249,0.4268541625282447
TT,TCGA-LUAD,83.12218938507138,0.006876259273797576,0.5715697256174554
TT,TCGA-LUAD,46.55002878742667,0.01302303772607268,0.6062227810484269
TT,TCGA-LUAD,110.93456045024176,0.0027171465604154017,0.30142545935856885
TT,TCGA-LUAD,116.22668678738071,0.004186446439999859,0.4865767991340087
TT,TCGA-LUAD,100.22870460169071,0.005482565214613268,0.5495104093549783
TT,TCGA-LUAD,102.95286549058811,0.00432138335033639,0.44489879880044936
TT,TCGA-LUAD,31.253102859092664,0.018407392459349498,0.5752881298997365
TT,TCGA-LUAD,130.28129355380236,0.004591765480760231,0.59822114652914
TT,TCGA-LUAD,148.65105083055988,0.004192011046915456,0.623146847217298
TT,TCGA-LUAD,31.569578912211888,0.014325801409437029,0.45225951807589854
TT,TCGA-LUAD,92.46956005293653,0.005029404564938115,0.46506682744805816
TT,TCGA-LUAD,156.4675187960446,0.002824007242119793,0.4418654062365448
TT,TCGA-LUAD,148.98030033602075,0.0025561304625264063,0.3808130840052356
TT,TCGA-LUAD,22.834039605517383,0.00603567674592609,0.13781888186257663
TT,TCGA-LUAD,126.64113959051285,0.0033852364350106696,0.4287101999130763
TT,TCGA-LUAD,146.7950159372171,0.003423148349954067,0.5025011165869657
TT,TCGA-LUAD,69.31245197351258,0.0066228827709998465,0.45904824399113076
TT,TCGA-LUAD,101.95358657031412,0.005731979378597521,0.5843958557950977
TT,TCGA-LUAD,58.10188946942928,0.006228403812815171,0.36188202990315893
TT,TCGA-LUAD,94.62771178242716,0.005415792772738744,0.5124840775720738
TT,TCGA-LUAD,142.46725037578764,0.0032214180412937776,0.45894657065408007
TT,TCGA-LUAD,83.09156072270896,0.004588709199417078,0.38128300908221735
TT,TCGA-LUAD,83.87931396840564,0.0054601241398700906,0.4579914670346341
TT,TCGA-LUAD,165.13304893897495,0.003536824814401631,0.5840466651651655
TT,TCGA-LUAD,82.72454135157074,0.0035708291858607315,0.29539520664513175
TT,TCGA-LUAD,160.0096848405783,0.0034233212139153767,0.5477645485466653
TT,TCGA-LUAD,171.4863484473417,0.0023229312737452342,0.39835100182870253
TT,TCGA-LUAD,78.15240854268826,0.007165198884453366,0.5599775505074136
TT,TCGA-LUAD,130.75476233418826,0.004336869321788388,0.5670663174448729
TT,TCGA-LUAD,80.66543900203847,0.0076857887795577055,0.6199775259799638
TT,TCGA-LUAD,67.09090274709284,0.006276642853079638,0.4211056352342013
TT,TCGA-LUAD,155.0678888755602,0.003319950230526447,0.5148176734196654
TT,TCGA-LUAD,38.172121582738924,0.011095017281101249,0.4235203486167863
TT,TCGA-LUAD,23.727934447806952,0.010137118582506328,0.24053288521535587
TT,TCGA-LUAD,136.7033463709128,0.0034933406483505297,0.4775513566430516
TT,TCGA-LUAD,147.4415751116535,0.0037016276601522127,0.5457738126897066
TT,TCGA-LUAD,133.95163972915194,0.0042268256384258105,0.5661902251163567
TT,TCGA-LUAD,190.25872741856904,0.0021988215831174043,0.4183449962244007
TT,TCGA-LUAD,55.659267687398696,0.010873837253688866,0.6052298184922769
TT,TCGA-LUAD,182.5222607257597,0.002259596875317821,0.41242673001187125
TT,TCGA-LUAD,38.90845612514549,0.013422397972633983,0.5222447826124711
TT,TCGA-LUAD,133.75298315530418,0.004368418412255425,0.5842889943097205
TT,TCGA-LUAD,105.11049430069959,0.004834583391450719,0.5081654500133377
TT,TCGA-LUAD,141.44450705864452,0.0036697213540730126,0.5190619279694387
TT,TCGA-LUAD,166.18949669974697,0.0033281645156837776,0.5531059857954441
TT,TCGA-LUAD,152.9794775613132,0.0031388074639811647,0.480173126005389
TT,TCGA-LUAD,113.73019221830735,0.005654327567597874,0.6430677611281804
TT,TCGA-LUAD,76.52516826862697,0.00502490451286149,0.3845316633805086
TT,TCGA-LUAD,61.38106430302301,0.005261329432856593,0.3229460002375581
TT,TCGA-LUAD,83.55566345320626,0.0066858754498514365,0.5586427589778407
TT,TCGA-LUAD,137.91456883921808,0.002582270059508207,0.3561326618834964
TT,TCGA-LUAD,143.0523109697938,0.00444971499744204,0.636542013541034
TT,TCGA-LUAD,40.76049602346602,0.012643778948832457,0.5153667015654687
TT,TCGA-LUAD,196.32475558051212,0.0019630560558353168,0.3853965003527127
TT,TCGA-LUAD,155.5684012761515,0.0039286492098878556,0.6111736767570695
TT,TCGA-LUAD,43.6693633638643,0.008527403050761152,0.37238626237381367
TT,TCGA-LUAD,91.09204407443566,0.0075244833851554815,0.6854205721579419
TT,TCGA-LUAD,120.99067962501724,0.004086911025104891,0.49447814249441663
TT,TCGA-LUAD,166.94696434742204,0.0026038973021663093,0.43471275006910726
TT,TCGA-LUAD,108.84669173761044,0.004887508216014073,0.5319891001535222
TT,TCGA-LUAD,55.645309822593134,0.005164525037254612,0.28738159578457223
TT,TCGA-LUAD,17.236112082247462,0.010499642658894023,0.18097301769224414
TT,TCGA-LUAD,133.4981531152636,0.004168418959253394,0.5564762324709773
TT,TCGA-LUAD,83.06256086386864,0.0072868829481140115,0.6052671583856066
TT,TCGA-LUAD,116.86109215253977,0.0041866896759163415,0.48926112803134647
TT,TCGA-LUAD,107.70397630331031,0.005802807395341041,0.6249854302004854
TT,TCGA-LUAD,101.3350899047276,0.006169863029325675,0.6252236247765722
TT,TCGA-LUAD,143.09469743792266,0.004183661971893155,0.598659844050594
TT,TCGA-LUAD,80.71233906684698,0.007491995054116053,0.6046964450949555
TT,TCGA-LUAD,55.8373041318058,0.009023229348255012,0.503832801369551
TT,TCGA-LUAD,60.47636784771256,0.006902992767796849,0.41746792987538167
TT,TCGA-LUAD,99.89647836495806,0.0056076516575057625,0.5601846524822456
TT,TCGA-LUAD,99.88566009133174,0.0052716767589075396,0.5265649128516119
TT,TCGA-LUAD,82.30093468061094,0.003990687057183157,0.3284372748239905
TT,TCGA-LUAD,47.29127721431043,0.006300588315882756,0.2979628686596567
TT,TCGA-LUAD,61.7749796902989,0.005896304962720898,0.36424411931989203
TT,TCGA-LUAD,70.244010911436,0.008350211177467582,0.5865523250628277
TT,TCGA-LUAD,101.33230428603204,0.006399327697610417,0.6484586214802917
TT,TCGA-LUAD,72.77435039227616,0.006197889259296405,0.45104736464856154
TT,TCGA-LUAD,115.72422888944996,0.0036256125030834888,0.41957121117128526
TT,TCGA-LUAD,171.7028832757341,0.0027716157660787936,0.47589441836821145
TT,TCGA-LUAD,55.393435076428126,0.006061041209052873,0.3357418927092257
TT,TCGA-LUAD,27.189706892924367,0.012288281097808003,0.3341147612672625
TT,TCGA-LUAD,47.79150095473162,0.004129031901945869,0.1973326320839633
TT,TCGA-LUAD,35.7664036483809,0.005081875745192501,0.1817604191934715
TT,TCGA-LUAD,106.18468973319506,0.003781979122341305,0.40158827968323285
TT,TCGA-LUAD,153.65095147579,0.0033780140607651164,0.5190350745351573
TT,TCGA-LUAD,106.01013665104458,0.005842170069982486,0.619329247457486
TT,TCGA-LUAD,31.48012484678812,0.007789673472759908,0.24521989343819547
TT,TCGA-LUAD,82.12961982759674,0.005273280003026095,0.43309248189300137
TT,TCGA-LUAD,104.47028304713768,0.006141806054803243,0.6416362169659189
TT,TCGA-LUAD,112.4469798419021,0.0041302553300768974,0.4644347378430656
TT,TCGA-LUAD,128.86580461084338,0.002947213882654136,0.37979508834847303
TT,TCGA-LUAD,97.17262728288985,0.005246062034314393,0.5097736307633514
TT,TCGA-LUAD,90.21086502453285,0.005474792453663885,0.49388576307480375
TT,TCGA-LUAD,140.47926617954928,0.002996334842374467,0.42092291988498054
TT,TCGA-LUAD,103.01907418281084,0.005812970235726435,0.598846811936773
TT,TCGA-LUAD,104.91008657219639,0.005579660266904456,0.5853626416443909
TT,TCGA-LUAD,127.83748638475419,0.0035419363962540134,0.45279224583178773
TT,TCGA-LUAD,143.76227659609393,0.0033585429867135476,0.48283178581578445
TT,TCGA-LUAD,62.03215098718154,0.008346456392366187,0.5177486431391858
TT,TCGA-LUAD,145.82053698251562,0.0034579307644614743,0.5042373209221329
TT,TCGA-LUAD,178.9180633017589,0.002010625774815246,0.3597372696545422
TT,TCGA-LUAD,123.12028076119677,0.00428958420552537,0.5281348117330787
TT,TCGA-LUAD,99.23528156844321,0.0033203653298531583,0.32949738841807497
TT,TCGA-LUAD,99.32674384319526,0.00519156791614922,0.5156615365519046
TT,TCGA-LUAD,165.31183603902608,0.0033398081158629044,0.5521098116513371
TT,TCGA-LUAD,97.33419533087601,0.004005894626862275,0.38991053008591936
TT,TCGA-LUAD,44.08360266022382,0.012761492037889966,0.5625725443499512
TT,TCGA-LUAD,172.77353478408332,0.0026552325188394107,0.4587539079535301
TT,TCGA-LUAD,126.49036602501943,0.0036375593725057986,0.46011621646599843
TT,TCGA-LUAD,139.34671106566338,0.003643121150066652,0.507656950275545
TT,TCGA-LUAD,163.16651121948652,0.0031307468834914057,0.5108330464905729
TT,TCGA-LUAD,155.84544873618296,0.0027644725393862367,0.43083046341950326
TT,TCGA-LUAD,51.9480586864445,0.009786660156394513,0.5083979961486702
TT,TCGA-LUAD,101.39407638568302,0.003428327336372276,0.3476120838192558
TT,TCGA-LUAD,112.18263114002828,0.005587042481969694,0.6267691259184742
TT,TCGA-LUAD,72.98010953269153,0.004634883338471218,0.3382542937128765
TT,TCGA-LUAD,103.21499431666315,0.004834384992015356,0.4989810194754266
TT,TCGA-LUAD,245.81827645423863,0.0021012734746045656,0.5165314238863037
TT,TCGA-LUAD,32.67937492989408,0.01458917702093094,0.4767651857855974
TT,TCGA-LUAD,154.90744040748123,0.0028280915713887076,0.4380924265617962
TT,TCGA-LUAD,14.1135660233539,0.017635853894546603,0.2489047883189065
TT,TCGA-LUAD,93.68960737243528,0.0032321265272977967,0.3028166653205633
TT,TCGA-LUAD,66.3260275405267,0.006189100179206681,0.410498428937141
TT,TCGA-LUAD,136.85824539772617,0.0031485338433880966,0.4309028173814541
TT,TCGA-LUAD,98.33204831727642,0.0037741255627788805,0.37111749719464093
TT,TCGA-LUAD,260.0085025792916,0.0017322839169676338,0.45040854729294433
TT,TCGA-LUAD,150.96012802334056,0.003485589313834865,0.526185009053299
TT,TCGA-LUAD,56.171442235451465,0.008246797921674626,0.46323453308478746
TT,TCGA-LUAD,107.61581441731457,0.00564700419086675,0.6077069550181138
TT,TCGA-LUAD,81.84508691622351,0.006820282926239261,0.5582066488912876
TT,TCGA-LUAD,131.59910649806264,0.004117803409782078,0.5418992494619971
TT,TCGA-LUAD,73.74550963057769,0.00749298357373406,0.5525738922985656
TT,TCGA-LUAD,189.36023725350688,0.0027820710216447976,0.5268136287147651
TT,TCGA-LUAD,125.11660463595766,0.004431075421469631,0.5544011116201253
TT,TCGA-LUAD,314.8661481040987,0.0012989958293423893,0.4090098131883273
TT,TCGA-LUAD,68.49372292592014,0.00879446293778904,0.6023655077431962
TT,TCGA-LUAD,79.83339620354576,0.00526597900211214,0.420400988075171
TT,TCGA-LUAD,100.94479132014504,0.00571788846613115,0.5771910580054732
TT,TCGA-LUAD,18.368348052293683,0.02546752304910463,0.4677963273957655
TT,TCGA-LUAD,162.0214137029263,0.0032204532076458544,0.521782381466905
TT,TCGA-LUAD,147.57124081855795,0.0036550427094863116,0.5393791878837191
TT,TCGA-LUAD,110.36923906134692,0.004914570477479141,0.5424174039127332
TT,TCGA-LUAD,136.15204200732222,0.0037470401842984915,0.5101671725757326
TT,TCGA-LUAD,51.774621852301394,0.009239057971307769,0.4783487327359506
TT,TCGA-LUAD,70.87204886240738,0.006784684999561167,0.48084452680494144
TT,TCGA-LUAD,185.4812302356888,0.0027178706030496526,0.5041139830750629
TT,TCGA-LUAD,193.30881329566762,0.0027635808148670326,0.5342245277686202
TT,TCGA-LUAD,148.1834619753416,0.00312953289924393,0.4637450193756935
TT,TCGA-LUAD,98.85909553514358,0.005153572073022677,0.5094774739141967
TT,TCGA-LUAD,149.7168795161321,0.003303985799684276,0.4946624438943421
TT,TCGA-LUAD,72.55198257869726,0.007080446547625924,0.5137004345727533
TT,TCGA-LUAD,170.13464997951579,0.0030180813963845278,0.5134802219835699
TT,TCGA-LUAD,107.35460855234913,0.004656708673961764,0.499919136835494
TT,TCGA-LUAD,69.06948780992873,0.007960167571703015,0.5498046970587314
TT,TCGA-LUAD,162.54883577302763,0.0027302470793400665,0.44379848411943684
TT,TCGA-LUAD,59.524617595671714,0.010817039222036725,0.6438801232091182
TT,TCGA-LUAD,146.43028255429758,0.0032556344505383452,0.4767234724858352
TT,TCGA-LUAD,172.3805525504783,0.0033179886853346207,0.5719567229342171
TT,TCGA-LUAD,89.94643501007728,0.004572702396514088,0.41129827892847903
TT,TCGA-LUAD,230.46270469681642,0.0021443444483231324,0.4941914213621518
TT,TCGA-LUAD,26.470064250880892,0.01097675534323317,0.2905554192015822
TT,TCGA-LUAD,60.76257803741112,0.00739420179034199,0.44929076331002016
TT,TCGA-LUAD,160.52345007808452,0.0028865389284596457,0.4633571875810395
TT,TCGA-LUAD,75.34937914115835,0.004758470120060862,0.3585477692083392
TT,TCGA-LUAD,107.38452844956822,0.004819097874256865,0.5174965527793901
TT,TCGA-LUAD,276.278877098572,0.001792604686107935,0.49525880975953845
TT,TCGA-LUAD,87.09755010153411,0.007670847875044679,0.6681120571179504
TT,TCGA-LUAD,86.79854447454505,0.00679676855770669,0.5899496179392936
TT,TCGA-LUAD,158.3568135035041,0.0037925548489632617,0.6005769009190854
TT,TCGA-LUAD,100.26928253591548,0.004496337888636066,0.4508445741325914
TT,TCGA-LUAD,153.2834660085107,0.0030973526014572567,0.4747729422018455
TT,TCGA-LUAD,158.32421265185087,0.003419436602543788,0.5413796078106652
TT,TCGA-LUAD,161.5195047979331,0.002371544439832893,0.38305068352810057
TT,TCGA-LUAD,68.88698927667016,0.005490029876235366,0.37819162921282445
TT,TCGA-LUAD,188.28046398375074,0.003094284817920041,0.5825933812158609
TT,TCGA-LUAD,154.18604361910414,0.0017940452181306374,0.2766167342573357
TT,TCGA-LUAD,121.89027103264714,0.004457128981431354,0.5432806595741342
TT,TCGA-LUAD,127.13158011153602,0.0036582757941205106,0.4650823821903248
TT,TCGA-LUAD,171.5652869773367,0.0030608558337917066,0.5251366095207294
TT,TCGA-LUAD,90.04092745849846,0.005196597157412056,0.46790642768157825
TT,TCGA-LUAD,141.13151763920138,0.0036990883780897324,0.5220579566813359
TT,TCGA-LUAD,41.752324676993176,0.014660972276617092,0.6121296745737126
TT,TCGA-LUAD,86.88604072074992,0.004844813527878392,0.42094666546768206
TT,TCGA-LUAD,20.507451082564643,0.02010230914179194,0.41224712137189023
TT,TCGA-LUAD,141.67762140122085,0.0041058977006175786,0.5817138199402405
TT,TCGA-LUAD,105.78294859957113,0.003503110087326857,0.37056931430633605
TT,TCGA-LUAD,132.38062563593635,0.0038754777042947913,0.5130381631326668
TT,TCGA-LUAD,35.17268588207975,0.014361274563816757,0.5051245990994286
TT,TCGA-LUAD,86.41520785744356,0.0068736218698165034,0.593985462613663
TT,TCGA-LUAD,39.991916881788384,0.006844252052188662,0.2737147591891385
TT,TCGA-LUAD,103.89616992042447,0.005255928690398523,0.546070860307279
TT,TCGA-LUAD,156.04237533222164,0.0025799550792334988,0.40258231881402523
TT,TCGA-LUAD,120.83181572800432,0.003600255425178633,0.43502540010893237
TT,TCGA-LUAD,21.297277501431598,0.00780145356836999,0.16614972156010943
TT,TCGA-LUAD,59.09034360639389,0.008223507183883325,0.4859298651453142
TT,TCGA-LUAD,93.9399922291475,0.0053178548023190665,0.4995592388055879
TT,TCGA-LUAD,146.88081539617323,0.0027504868037171587,0.4039937444663906
TT,TCGA-LUAD,151.43822174260893,0.004005646984362185,0.6066080562404534
TT,TCGA-LUAD,104.95829811085416,0.003656988812047966,0.38383132192298886
TT,TCGA-LUAD,118.06873586802672,0.004777026240077294,0.5640174493743189
TT,TCGA-LUAD,99.61839341863973,0.006302256966996877,0.627820713963658
TT,TCGA-LUAD,96.46480137625802,0.005205158847632049,0.5021146143686978
TT,TCGA-LUAD,49.00037152905846,0.007322393907122962,0.35880002193113913
TT,TCGA-LUAD,141.87477305620175,0.0033030074876481677,0.4686134377130189
TT,TCGA-LUAD,56.45815781155658,0.007248351154223746,0.40922855333874253
TT,TCGA-LUAD,128.63501631216042,0.00433437153801387,0.5575519534953779
TT,TCGA-LUAD,131.3806083416858,0.0038368438677700593,0.504086881459697
TT,TCGA-LUAD,84.90058140324808,0.0039924302701883204,0.33895965115091525
TT,TCGA-LUAD,44.78660986028173,0.008554885705782746,0.3831443285041928
TT,TCGA-LUAD,135.12981767326303,0.003470354405646219,0.46894835809657864
TT,TCGA-LUAD,153.226893559087,0.0034097188772941375,0.5224606314775584
TT,TCGA-LUAD,144.8374296585716,0.0038425895610210837,0.5565507952511528
TT,TCGA-LUAD,177.451973817365,0.0033352128591678234,0.5918401049603876
TT,TCGA-LUAD,68.47530411340291,0.0070981469578174534,0.48604777157817586
TT,TCGA-LUAD,90.48180618172522,0.007578691848684162,0.6857337269636612
TT,TCGA-LUAD,115.96824749109375,0.00401879734509097,0.46605288513206006
TT,TCGA-LUAD,83.92026215244468,0.005517941290769376,0.46306707966316496
TT,TCGA-LUAD,67.21304404348419,0.008274966314414597,0.5561856753490964
TT,TCGA-LUAD,110.18813175135148,0.005283083121447626,0.5821330590394123
TT,TCGA-LUAD,135.7855026418841,0.003541207770011656,0.48084467701037825
TT,TCGA-LUAD,62.15149243053912,0.005198548311277761,0.3230975360181717
TT,TCGA-LUAD,38.33738060892173,0.011854035867907894,0.4544526848197947
TT,TCGA-LUAD,203.359772803377,0.0024489935631293687,0.4980267745949212
TT,TCGA-LUAD,70.82170138647206,0.008168261731818317,0.5784901932173839
TT,TCGA-LUAD,127.91727708268081,0.0035516159761755156,0.45431304491571933
TT,TCGA-LUAD,38.433627902488396,0.009502366550105862,0.365210420179821
TT,TCGA-LUAD,30.398535596264377,0.017155071604639537,0.5214890548300992
TT,TCGA-LUAD,312.03760329158524,0.001235301795234527,0.38546061152677435
TT,TCGA-LUAD,116.73622941415135,0.004382318024985445,0.5115752823304716
TT,TCGA-LUAD,175.95639547017046,0.0029375395255129893,0.5168788664604205
TT,TCGA-LUAD,239.17754397673792,0.0023569569556758656,0.5637311759174427
TT,TCGA-LUAD,135.82133066240223,0.003989039773783729,0.541796690140554
TT,TCGA-LUAD,137.85188614999532,0.0040539894638360035,0.5588500940220014
TT,TCGA-LUAD,40.54171470159258,0.013086759142258892,0.5305596555139185
TT,TCGA-LUAD,233.0847440012139,0.002001038591732385,0.46641156789049254
TT,TCGA-LUAD,197.55079027285274,0.002911752590079162,0.5752190252491642
TT,TCGA-LUAD,167.95842919348533,0.002632108895545314,0.4420848755619905
TT,TCGA-LUAD,74.8996264390154,0.007530392903445016,0.5640236154070444
TT,TCGA-LUAD,189.28620077054052,0.0026691309601914815,0.5052296588136703
TT,TCGA-LUAD,158.85690878471982,0.0035719844126856923,0.567434402026452
TT,TCGA-LUAD,165.4620750423033,0.003071089473063059,0.5081488368535876
TT,TCGA-LUAD,93.74102823796271,0.004991574503008585,0.46791532643842243
TT,TCGA-LUAD,100.83991291430881,0.004702687225035326,0.47421857023579483
TT,TCGA-LUAD,119.56942578101594,0.003859280667738232,0.46145197336923616
TT,TCGA-LUAD,105.42602014062973,0.004094049725910423,0.43161936886057184
TT,TCGA-LUAD,29.64160115352731,0.014063010470302893,0.4168501473785969
TT,TCGA-LUAD,92.2131269960329,0.004311986424863232,0.39762175180108306
TT,TCGA-LUAD,113.79776780941327,0.00474134866742548,0.5395548947591557
TT,TCGA-LUAD,75.91034869793086,0.00754760008177079,0.5729409540397521
TT,TCGA-LUAD,80.63417778545693,0.003923195728253161,0.31634366183911056
TT,TCGA-LUAD,149.4389353102095,0.003099102074172764,0.4631265143820398
TT,TCGA-LUAD,47.27178506216513,0.014683390233697836,0.6941100671112588
TT,TCGA-LUAD,174.85708576143,0.0031648276666828203,0.5533925427333043
TT,TCGA-LUAD,166.46024282316756,0.003007696521308529,0.5006618932754141
TT,TCGA-LUAD,137.108330737442,0.0038159543285265296,0.5231991281545888
TT,TCGA-LUAD,39.328005449286096,0.012324043830849934,0.4846800629369069
TT,TCGA-LUAD,111.14114126477914,0.004433405491821972,0.49273374605063336
TT,TCGA-LUAD,69.51462829674247,0.008278707214130692,0.5754912547678555
TT,TCGA-LUAD,164.8992622312449,0.0030083967714660464,0.49608240811361015
TT,TCGA-LUAD,87.86352008698422,0.005133219688240001,0.4510227511885782
TT,TCGA-LUAD,84.40030363060136,0.006020591957498583,0.508139789248837
TT,TCGA-LUAD,168.05762321615722,0.0035019393816894946,0.5885276091337956
TT,TCGA-LUAD,62.75262727714766,0.007929748027460007,0.4976125223688947
TT,TCGA-LUAD,66.69188960350264,0.00907483809380811,0.6052181003219109
TT,TCGA-LUAD,102.91260089173704,0.005243720073444463,0.53964487110638
TT,TCGA-LUAD,25.783223818623213,0.013125474718950397,0.3384170524043787
TT,TCGA-LUAD,126.763797600932,0.004010509854875613,0.5083874595199953
TT,TCGA-LUAD,168.71695734693688,0.0032865890248269585,0.5545033003186408
TT,TCGA-LUAD,35.86562493950012,0.009491679952488723,0.34042503322173284
TT,TCGA-LUAD,61.463177040558755,0.011196677891386193,0.6881833955043797
TT,TCGA-LUAD,130.38249169841674,0.0044864273065559545,0.5849515710525819
TT,TCGA-LUAD,38.94583586838211,0.0066126166452104475,0.2575338825248976
TT,TCGA-LUAD,83.29745324059203,0.004538939861553254,0.3780821308795914
TT,TCGA-LUAD,102.01481934636008,0.005457984924214463,0.5567953460388952
TT,TCGA-LUAD,108.19493741888898,0.003386985990702504,0.3664547373027111
TT,TCGA-LUAD,29.77939389149737,0.006916250916675868,0.20596176030012042
TT,TCGA-LUAD,197.37167996027625,0.002059827109785666,0.4065515370861173
TT,TCGA-LUAD,67.90257577793051,0.005424243746825314,0.36832012205677156
TT,TCGA-LUAD,73.10316868716616,0.005396557307135272,0.3945054391534689
TT,TCGA-LUAD,120.92708282674853,0.0035226043156858754,0.42597826384880766
TT,TCGA-LUAD,53.41346397095872,0.006485926501842789,0.3464358015244662
TT,TCGA-LUAD,233.43074044576923,0.0016501033249818036,0.3851848409625282
TT,TCGA-LUAD,98.70537513354391,0.005420414726103011,0.5350240689193834
TT,TCGA-LUAD,60.84673553498443,0.007917560642074817,0.48175771847052795
TT,TCGA-LUAD,119.64648101377816,0.004551163206178029,0.5445306621385853
TT,TCGA-LUAD,171.353454178685,0.002788628241010208,0.4778410815173297
TT,TCGA-LUAD,82.67764406973981,0.0050808243051727615,0.42007058348395665
TT,TCGA-LUAD,80.23679173882493,0.0071426734168654575,0.5731051994074748
TT,TCGA-LUAD,41.837918356711405,0.010408290367297436,0.4354612026199359
TT,TCGA-LUAD,108.91120889932992,0.004698286163894757,0.5116960258647733
TT,TCGA-LUAD,43.40786934583336,0.0067937427053255915,0.2949018957219818
TT,TCGA-LUAD,216.27112078280342,0.0021038176738692725,0.454995006250378
TT,TCGA-LUAD,142.1318646962417,0.0032268621387975087,0.4586399329049926
TT,TCGA-LUAD,145.54991922983982,0.003643699919161055,0.5303402289316654
TT,TCGA-LUAD,54.84336284510622,0.005263401871566289,0.28866265864192114
TT,TCGA-LUAD,39.876424542157615,0.011387112942176238,0.4540773499917171
TT,TCGA-LUAD,176.24906901309515,0.0028922873622133733,0.5097629549084478
TT,TCGA-LUAD,38.53436584069074,0.011013819932677554,0.4244105665892887
TT,TCGA-LUAD,31.973925629516042,0.01229620047833219,0.393157799619813
TT,TCGA-LUAD,20.177816492299623,0.02021506757771721,0.40789592396261376
TT,TCGA-LUAD,209.0221427431812,0.002682343572854313,0.5606692011714088
TT,TCGA-LUAD,86.11516543955689,0.004522255860279871,0.38943481156800674
TT,TCGA-LUAD,117.4444590376297,0.0043803564250795134,0.514448590735469
TT,TCGA-LUAD,19.59042246541948,0.016016642050533533,0.31377278424735444
TT,TCGA-LUAD,67.0837055762031,0.005770538751306607,0.3871091226087231
TT,TCGA-LUAD,122.25416180724841,0.003944983283769215,0.48229062470081174
TT,TCGA-LUAD,27.623107932562643,0.004146682241250434,0.11454425111210151
TT,TCGA-LUAD,135.25152698152152,0.004440723078323723,0.6006145772453664
TT,TCGA-LUAD,44.881674756927815,0.013058188860090345,0.5860733853331128
TT,TCGA-LUAD,53.68741176219089,0.006751853349889552,0.36248953095344827
TT,TCGA-LUAD,34.324859552526455,0.013658555819280438,0.46882801018714393
TT,TCGA-LUAD,55.67033713326896,0.008861390994431987,0.4933166241297422
TT,TCGA-LUAD,93.1470724550975,0.006368535296437175,0.5932104186900794
TT,TCGA-LUAD,102.85935974475065,0.004207632137419865,0.432794347696444
TT,TCGA-LUAD,12.38797945063963,0.010107735882993258,0.1252144244110133
TT,TCGA-LUAD,37.5866231482494,0.014859477703151202,0.5585175886081588
TT,TCGA-LUAD,88.0782927586842,0.004872991824823966,0.42920480055752
TT,TCGA-LUAD,51.8209743339647,0.007326784599443583,0.3796811166782537
TT,TCGA-LUAD,29.10343754601072,0.018781841869697613,0.5466161618537937
TT,TCGA-LUAD,75.27698455686854,0.005719995510872368,0.4305840137372966
TT,TCGA-LUAD,48.33504878258869,0.008680682908975657,0.4195812318715223
TT,TCGA-LUAD,75.85119120578685,0.005816288661664877,0.44117242338399265
TT,TCGA-LUAD,143.25297356315036,0.0031582207692544702,0.452424516364603
TT,TCGA-LUAD,163.9591142701879,0.0033933952710367018,0.5563780830078219
TT,TCGA-LUAD,31.876093271827624,0.017055171109242755,0.5436522250452018
TT,TCGA-LUAD,113.12688634346803,0.004406086122946722,0.49844680405012554
TT,TCGA-LUAD,142.47359525153993,0.003442375934689592,0.4904476756226064
TT,TCGA-LUAD,75.06701185674505,0.007988841197093116,0.5996984368638423
TT,TCGA-LUAD,70.5427454590933,0.006410510753891591,0.45221502837455474
TT,TCGA-LUAD,125.7722838665303,0.004208280022681324,0.529284989602524
TT,TCGA-LUAD,81.08728494545664,0.00609026603829587,0.49384313764093457
TT,TCGA-LUAD,144.4043532431736,0.00366744108314203,0.5295944576685689
TT,TCGA-LUAD,30.587139114504627,0.015518221988077185,0.4746580147590814
TT,TCGA-LUAD,148.42501756825075,0.003969216931102107,0.5891310927310286
TT,TCGA-LUAD,62.8342097703448,0.005256821348301801,0.3303082153244221
TT,TCGA-LUAD,108.51742920251938,0.0048882254689064895,0.5304576612480121
TT,TCGA-LUAD,79.06411974190962,0.004627306783138725,0.3658539375846308
TT,TCGA-LUAD,79.98951964437144,0.006734527977655648,0.5386916579642556
TT,TCGA-LUAD,19.832561140817546,0.011678092961251493,0.23160649266217126
TT,TCGA-LUAD,248.65411193772465,0.0020343724634019266,0.5058550782377673
TT,TCGA-LUAD,73.52129908844294,0.00667771831646921,0.4909545255735065
TT,TCGA-LUAD,121.54201137415893,0.0043437302483819926,0.5279457112551224
TT,TCGA-LUAD,150.81866193181702,0.0034541617466558637,0.5209520527267053
TT,TCGA-LUAD,92.95602713172097,0.004860310050504208,0.4517951129232453
TT,TCGA-LUAD,29.919192768753597,0.014411278959449037,0.4311738332320385
TT,TCGA-LUAD,170.0974545058486,0.003139624485254343,0.5340421330459989
TT,TCGA-LUAD,242.20788010943647,0.0018967435622874035,0.45940623733285285
TT,TCGA-LUAD,71.04378596906716,0.008320932833946908,0.5911505713179075
TT,TCGA-LUAD,140.65569599700652,0.003847456875891826,0.5411667246970331
TT,TCGA-LUAD,64.42661793731388,0.009094894245841128,0.5859532767570808
TT,TCGA-LUAD,76.23832500344793,0.0071044934939173895,0.5416346839741553
TT,TCGA-LUAD,25.571414864645376,0.009366773022108523,0.2395216388913052
TT,TCGA-LUAD,103.78067359753685,0.004852575927084456,0.5036035983960166
TT,TCGA-LUAD,157.40638232016326,0.0032124319235502666,0.5056572875358507
TT,TCGA-LUAD,139.66138694309137,0.0030226856751396566,0.42215247368301895
TT,TCGA-LUAD,99.77079697534916,0.0055481380188759375,0.553542151872487
TT,TCGA-LUAD,75.32662931809361,0.007364346089867061,0.5547313680815682
TT,TCGA-LUAD,102.69972458165493,0.005085909065047167,0.5223214602276862
TT,TCGA-LUAD,89.88237337245835,0.004860293780632577,0.4368547402906544
TT,TCGA-LUAD,56.730648707925944,0.007996798545524951,0.4536635690742291
TT,TCGA-LUAD,168.98365237983643,0.0033385076490214157,0.5641532160296598
TT,TCGA-LUAD,152.66723410006497,0.0038305995615365213,0.5848070400047023
TT,TCGA-LUAD,178.67911939356367,0.003019302686830612,0.5394863452655145
TT,TCGA-LUAD,89.71378461914775,0.005490367043885197,0.49256160645518343
TT,TCGA-LUAD,173.12570511243342,0.0031320737794527844,0.5422424815319276
TT,TCGA-LUAD,152.73703063568615,0.0026265130058577228,0.4011657974407191
TT,TCGA-LUAD,58.56766169130418,0.00906334794053051,0.5308190959715694
TT,TCGA-LUAD,119.15329645468067,0.0049592995493301754,0.5909168894089026
TT,TCGA-LUAD,121.65285405260943,0.004003262717986629,0.4870083351654799
TT,TCGA-LUAD,117.54971614784189,0.0047108278868802055,0.553756480924106
TT,TCGA-LUAD,43.91612074255149,0.006906328773973449,0.30329916832557563
TT,TCGA-LUAD,156.85186717047415,0.003416588847884883,0.535898340144563
TT,TCGA-LUAD,42.50316140286535,0.006222288714869226,0.26446694154331435
TT,TCGA-LUAD,146.0818536318446,0.004067660640584531,0.5942114063218846
TT,TCGA-LUAD,149.75411923872628,0.0034722969574013255,0.5199907725909445
TT,TCGA-LUAD,104.39720157987324,0.00432864948430526,0.4518988927816306
TT,TCGA-LUAD,183.6925613634347,0.002643804157369487,0.48564715741049824
TT,TCGA-LUAD,136.80837939608486,0.003594657244960984,0.4917792321675074
TT,TCGA-LUAD,183.19218325587255,0.002311471058858954,0.4234434298051353
TT,TCGA-LUAD,68.53232808756589,0.008048682243156621,0.5515949321605753
TT,TCGA-LUAD,10.13802187998996,0.011970894288599966,0.1213611882208733
TT,TCGA-LUAD,136.9863105716922,0.0036794548905245495,0.5040349503679277
TT,TCGA-LUAD,141.15252000723015,0.003095705470583072,0.43696662837296885
TT,TCGA-LUAD,181.74696826830683,0.002189877925549175,0.39800367384625146
TT,TCGA-LUAD,95.63838711511039,0.003572353649869082,0.3416541412782568
TT,TCGA-LUAD,32.77018557466873,0.021772875253833625,0.7135011625622404
TT,TCGA-LUAD,130.1262315337759,0.004448809160863744,0.5789067709161387
TT,TCGA-LUAD,33.75198750702479,0.004965850195068406,0.16760731374570548
TT,TCGA-LUAD,24.51697055378975,0.009379130772267076,0.22994787296381522
TT,TCGA-LUAD,194.24435134444238,0.0026992389072315443,0.5243119106588728
TT,TCGA-LUAD,75.07049219826459,0.005503334135446814,0.41313800227950326
TT,TCGA-LUAD,142.68985334543999,0.003941736115035376,0.5624457481808222
TT,TCGA-LUAD,134.69022372833123,0.003596052819314876,0.4843531587724169
TT,TCGA-LUAD,31.510069777970767,0.0167236853797417,0.5269644932604904
TT,TCGA-LUAD,153.16463093441982,0.0035922253620139276,0.5502018718061259
TT,TCGA-LUAD,99.80953163849972,0.004851929120419104,0.4842687730522287
TT,TCGA-LUAD,55.81209424865561,0.012415938547917834,0.6929595324219064
TT,TCGA-LUAD,108.54065355404853,0.005019762937391602,0.5448483499108749
TT,TCGA-LUAD,122.47007725757537,0.004567696428333569,0.5594061344671633
TT,TCGA-LUAD,123.01124184730308,0.004539629025809006,0.5584254039908285
TT,TCGA-LUAD,122.56598588410506,0.0045013451206430775,0.5517118025162246
TT,TCGA-LUAD,108.58275973198765,0.00551593456226177,0.5989353972714363
TT,TCGA-LUAD,66.18838631315947,0.006071004603060371,0.40182999797632923
TT,TCGA-LUAD,74.92933226810084,0.008357244274490049,0.6262027330889481
TT,TCGA-LUAD,26.516660673701708,0.014716699360139657,0.39023772316970634
TT,TCGA-LUAD,189.5151388060869,0.0026683706150654385,0.50569662750021
TT,TCGA-LUAD,91.69401655699126,0.007365734900561642,0.6753938179265075
TT,TCGA-LUAD,91.05005005959237,0.005310556889337448,0.4835264706184878
TT,TCGA-LUAD,177.5464909002103,0.0028232528128080926,0.5012586298382251
TT,TCGA-LUAD,105.38778756205086,0.002433138962006283,0.25642313203686706
TT,TCGA-LUAD,131.0599134337859,0.0030715289569006226,0.40255431920076234
TT,TCGA-LUAD,130.76804928705545,0.004204010016644235,0.5497501890598081
TT,TCGA-LUAD,103.83400437499648,0.0035463950976871352,0.36823640408871205
TT,TCGA-LUAD,119.34680849948212,0.003666571870791783,0.4375936509129748
TT,TCGA-LUAD,99.24675251886566,0.0063130963694659585,0.6265543130081372
TT,TCGA-LUAD,63.29513634937832,0.00330629836356901,0.2092726057338269
TT,TCGA-LUAD,188.96451340613356,0.0028664727996629007,0.5416616377802174
TT,TCGA-LUAD,17.400658271955205,0.012933477493794157,0.22505102213753578
TT,TCGA-LUAD,142.71304326282655,0.0017700344964622248,0.2526070096703089
TT,TCGA-LUAD,170.42134018036057,0.003180850027138502,0.5420847245376799
TT,TCGA-LUAD,43.546902512460136,0.007811011428490477,0.3401453532001868
TT,TCGA-LUAD,126.88669237169341,0.004396344557131541,0.5578376193807186
TT,TCGA-LUAD,144.95477907574372,0.0031669829423731045,0.4590693127483422
TT,TCGA-LUAD,113.99582549353829,0.004875040257297325,0.5557342384448398
TT,TCGA-LUAD,83.8740828387119,0.0061128878799382395,0.5127128644256979
TT,TCGA-LUAD,157.420530605751,0.002851957556553622,0.44895667181775234
TT,TCGA-LUAD,143.8200094812895,0.0038352557003470938,0.5515865111870887
TT,TCGA-LUAD,157.18190511052615,0.003878827018569745,0.6096814203729747
TT,TCGA-LUAD,97.41312336443461,0.0054910844798181264,0.5349036898370554
TT,TCGA-LUAD,151.97317724387156,0.003023475950265263,0.4594872464822458
TT,TCGA-LUAD,154.32009631866248,0.0028425885403237207,0.4386685373370828
TT,TCGA-LUAD,129.1891731907273,0.004241175195245176,0.5479139168307456
TT,TCGA-LUAD,174.57328938183406,0.0035789222448089197,0.6247842287181107
TT,TCGA-LUAD,142.3244979182719,0.0037465204990135836,0.5332216489626218
TT,TCGA-LUAD,115.37494795294843,0.005017035080052176,0.5788401612391363
TT,TCGA-LUAD,177.47420685286414,0.0023643685503406914,0.41961443317957037
TT,TCGA-LUAD,156.65099742318847,0.0031921969638519423,0.5000608383586806
TT,TCGA-LUAD,79.48147946402902,0.005960147997924517,0.4737213806996112
TT,TCGA-LUAD,54.34043130477851,0.008056689352842407,0.43780397432207324
TT,TCGA-LUAD,61.47982084182054,0.009475201408448593,0.5825336850315852
TT,TCGA-LUAD,127.12194668209156,0.003911967436069854,0.49729691583015045
TT,TCGA-LUAD,232.01398395177875,0.0015677278757899329,0.3637347902142817
TT,TCGA-LUAD,82.70284660776026,0.006950696628054789,0.5748423970470917
TT,TCGA-LUAD,142.6173367480033,0.0031883451233561243,0.4547132901265345
TT,TCGA-LUAD,160.76720844364064,0.0034088577362280615,0.5480325422348937
TT,TCGA-LUAD,36.542743358759445,0.009403787992672975,0.3436402112164322
TT,TCGA-LUAD,101.23050379948707,0.004733515603888601,0.47917616932437634
TT,TCGA-LUAD,142.12904846318975,0.0045562109100171075,0.6475699212383353
TT,TCGA-LUAD,130.35750367369286,0.0041208924725314264,0.5371892556269087
TT,TCGA-LUAD,62.895793259179946,0.0085438539429902,0.537372471234941
TT,TCGA-LUAD,150.26922232970983,0.0031906026500140537,0.4794493789807232
TT,TCGA-LUAD,36.206308876343144,0.0090223185223169,0.3266648511997575
TT,TCGA-LUAD,80.65934381925116,0.004918888578598507,0.39675432506976466
TT,TCGA-LUAD,111.52955423145946,0.004151066141263695,0.4629665563204445
TT,TCGA-LUAD,199.7853619403561,0.0024066240600876267,0.4808082588989758
TT,TCGA-LUAD,51.98353264837854,0.010407397726703599,0.5410132995107572
TT,TCGA-LUAD,99.48087512599935,0.005629659416945945,0.5600434454591059
TT,TCGA-LUAD,24.456783299850123,0.016550478794180708,0.4047714733780423
TT,TCGA-LUAD,71.07587422783203,0.007476243594354154,0.5313805494089507
TT,TCGA-LUAD,119.70027647188603,0.004494700768324124,0.5380169246267962
TT,TCGA-LUAD,162.12112700376542,0.0034271623667731636,0.5556154253261574
TT,TCGA-LUAD,110.98784069553729,0.005703847286427498,0.6330576939776877
TT,TCGA-LUAD,123.15161069852459,0.0044959441715203795,0.5536827663333784
TT,TCGA-LUAD,188.8775678775498,0.0030814274371060383,0.5820125199117401
TT,TCGA-LUAD,59.780876087993455,0.010921275652083864,0.6528834264800454
TT,TCGA-LUAD,115.57311755893149,0.004887006279167351,0.5648065512134446
TT,TCGA-LUAD,70.88296825774428,0.006320068055553845,0.4479851833686068
TT,TCGA-LUAD,95.98571707496738,0.0039732517928637665,0.3813754224574284
TT,TCGA-LUAD,82.87554778675974,0.005865593542584164,0.4861142779361432
TT,TCGA-LUAD,147.24505998026697,0.0038650122658940218,0.5691039629160328
TT,TCGA-LUAD,161.10646130531472,0.0032413053380683596,0.5221952330262203
TT,TCGA-LUAD,114.59862756125474,0.005207658884560493,0.5967905609778072
TT,TCGA-LUAD,125.94612591531612,0.0028360648819398264,0.3571913847247995
TT,TCGA-LUAD,126.98833479644561,0.003728789869191832,0.473512816294527
TT,TCGA-LUAD,109.19636835431618,0.005152290433679326,0.5626114040644672
TT,TCGA-LUAD,163.14954798232347,0.00298375816033045,0.4867987951464819
TT,TCGA-LUAD,62.75347785634235,0.00738122945491973,0.4631978191518872
TT,TCGA-LUAD,100.09719939068498,0.004620574282541388,0.4625065452590165
TT,TCGA-LUAD,93.64427672157683,0.0039876553330602214,0.373421099479363
TT,TCGA-LUAD,145.79312273194546,0.0031155173504222797,0.454221003443621
TT,TCGA-LUAD,167.38836076811663,0.0031971874973448482,0.5351719742488714
TT,TCGA-LUAD,108.45735125776922,0.003623085749282729,0.39295028374697494
TT,TCGA-LUAD,74.3204548525155,0.005219047915122333,0.38788201494896446
TT,TCGA-LUAD,92.35598155465581,0.005345279855969836,0.49366856778242346
TT,TCGA-LUAD,79.33920361288985,0.006272811877125251,0.49767989874459406
TT,TCGA-LUAD,50.90668248623901,0.008593609218829514,0.43747213591377054
TT,TCGA-LUAD,144.53430347599632,0.0034134222329929896,0.49335660491512184
TT,TCGA-LUAD,129.19789910468174,0.004470828012794933,0.5776215865114646
TT,TCGA-LUAD,96.73765303378931,0.0051055612535500314,0.49390001308868137
TT,TCGA-LUAD,116.5406400113253,0.004677663541407014,0.5451379028732158
TT,TCGA-LUAD,86.5232006826537,0.004489191289273062,0.388419198824594
TT,TCGA-LUAD,31.255523714464154,0.007997171184739298,0.2499557736132485
TT,TCGA-LUAD,119.32806192664533,0.0024429370500507067,0.291510943591347
TT,TCGA-LUAD,16.483738781730782,0.014320006470246328,0.23604724600823512
TT,TCGA-LUAD,128.03957456676812,0.003783710513412034,0.4844646844210846
TT,TCGA-LUAD,113.41238385798243,0.004690098564201706,0.5319152586950162
TT,TCGA-LUAD,115.52711967778242,0.004781693150160386,0.5524152368210113
TT,TCGA-LUAD,202.31461750979983,0.0026134043903229902,0.5287299096266274
TT,TCGA-LUAD,109.15271591769685,0.004837505454709481,0.5280268586482129
TT,TCGA-LUAD,117.70686715396349,0.003408387081817025,0.40119056544872184
TT,TCGA-LUAD,105.19822028347869,0.004510320952168627,0.47447773707542457
TT,TCGA-LUAD,38.803580440560964,0.016843672559506705,0.6535948030772878
TT,TCGA-LUAD,53.23282257991841,0.010120516632097516,0.5387436662935605
TT,TCGA-LUAD,133.9791542455475,0.0044728218265667145,0.5992648854144333
TT,TCGA-LUAD,57.01402961373459,0.0070842367571048856,0.4039008842602851
TT,TCGA-LUAD,101.6573319567551,0.0031562561131006227,0.32085657543000756
TT,TCGA-LUAD,106.5071010535598,0.004730101070805385,0.5037893527418205
TT,TCGA-LUAD,96.1977902517021,0.007234229181343747,0.6959168614196484
TT,TCGA-LUAD,182.24112252077782,0.0030190156133815945,0.5501887942904163
TT,TCGA-LUAD,57.71121157808079,0.007321907611140774,0.4225561593017053
TT,TCGA-LUAD,118.44498319658122,0.0026706465521795205,0.3163246859969109
TT,TCGA-LUAD,65.22038359562275,0.008469804498224948,0.5524038983541621
TT,TCGA-LUAD,93.53506086487215,0.006446813149044184,0.6030030602803058
TT,TCGA-LUAD,149.06598822522986,0.0030051209348861112,0.44796132189512483
TT,TCGA-LUAD,106.52704327220978,0.0040784028674190256,0.434460198739051
TT,TCGA-LUAD,172.64010268711195,0.0030183793641307063,0.5210933233721848
TT,TCGA-LUAD,116.51461002181031,0.005440975958820872,0.6339531919800594
TT,TCGA-LUAD,119.82529944144437,0.003968687510710005,0.4755491693603468
TT,TCGA-LUAD,143.62881156099786,0.004296188408795951,0.6170564353974969
TT,TCGA-LUAD,105.89094848662377,0.004522627710635303,0.47890533793106005
TT,TCGA-LUAD,83.55673886192702,0.004152531067577044,0.34697195402957404
TT,TCGA-LUAD,31.87271067294874,0.009504967694926748,0.30294908529612474
TT,TCGA-LUAD,106.34740118974288,0.0036241729009748496,0.3854213694809666
TT,TCGA-LUAD,77.24627771832313,0.006545827634215193,0.5056408193288608
TT,TCGA-LUAD,12.613222433912723,0.027834768668099388,0.35108612860724214
TT,TCGA-LUAD,44.5538969010998,0.011792932398156064,0.5254210942290849
TT,TCGA-LUAD,122.67733874274035,0.003911401933768911,0.47984037998797835
TT,TCGA-LUAD,39.673147277500924,0.013809949103181928,0.5478841446653284
TT,TCGA-LUAD,123.46444402532522,0.004989134261471407,0.6159806877602688
TT,TCGA-LUAD,111.47793888652068,0.0027151334099979807,0.3026774763485054
TT,TCGA-LUAD,89.40943757553666,0.006068773334294939,0.5426056105927248
TT,TCGA-LUAD,73.75916993962615,0.006684914585585651,0.49307375095009753
TT,TCGA-LUAD,72.90684063607311,0.00563526195168395,0.4108491450539481
TT,TCGA-LUAD,88.62207171853846,0.0035756264896312944,0.3168794272028105
TT,TCGA-LUAD,141.1017460097452,0.0038301122425264413,0.5404355248337815
TT,TCGA-LUAD,14.789788333041056,0.019269378833463253,0.2849900342561031
TT,TCGA-LUAD,86.13830865280144,0.005750518029089042,0.4953398969031713
TT,TCGA-LUAD,227.91214975123162,0.0021823612908349866,0.49738665332807463
TT,TCGA-LUAD,120.35794264554652,0.004254629617387282,0.512078467467542
TT,TCGA-LUAD,52.686147715184525,0.00703988298960544,0.37090431508796706
TT,TCGA-LUAD,98.99384741410945,0.00546183431002067,0.540687992287334
TT,TCGA-LUAD,183.94442744537724,0.0025121118213766143,0.46208897066188515
TT,TCGA-LUAD,76.9416489649903,0.006838702138922196,0.52618101934908
TT,TCGA-LUAD,153.68572286577148,0.0034081221619759986,0.5237797180781373
TT,TCGA-LUAD,131.90878073450858,0.0036068050615481345,0.47576925801586856
TT,TCGA-LUAD,125.11984565549972,0.004444894577705969,0.5561445235175384
TT,TCGA-LUAD,206.57646955540417,0.0020860801652438444,0.4309350757456275
TT,TCGA-LUAD,78.37811887245415,0.006225168757429678,0.487917016870911
TT,TCGA-LUAD,81.37304946945702,0.006992307633927146,0.5689853950012156
TT,TCGA-LUAD,31.718556847695098,0.0225079131496595,0.7139185227604589
TT,TCGA-LUAD,116.28324075963043,0.0030367104956797366,0.3531185376864235
TT,TCGA-LUAD,141.01943852548277,0.002754677937210975,0.3884631360240268
TT,TCGA-LUAD,208.09741866640178,0.0025123241412582415,0.5228081686491246
TT,TCGA-LUAD,91.17129216912022,0.005185701397059417,0.472787097173119
TT,TCGA-LUAD,62.928845913140506,0.006895871963048223,0.4339492641994074
TT,TCGA-LUAD,167.62225416861054,0.003068372640565556,0.5143275386408903
TT,TCGA-LUAD,88.60193548616041,0.006039920601080908,0.5351486554385019
TT,TCGA-LUAD,198.34429469795282,0.002471302473324252,0.49016874605680516
TT,TCGA-LUAD,175.6669845061448,0.0029777244210746666,0.5230878697404924
TT,TCGA-LUAD,123.06061364528558,0.003372169545881673,0.4149812536321427
TT,TCGA-LUAD,32.9964565673347,0.00583409543121177,0.19250447650566496
TT,TCGA-LUAD,113.12612651016424,0.0032141130331903903,0.36360015761066383
TT,TCGA-LUAD,96.36376762362715,0.0053701308295285525,0.5174860393651656
TT,TCGA-LUAD,52.52380199559419,0.011599333060691563,0.6092410729607132
TT,TCGA-LUAD,99.73798408870499,0.005607043924850523,0.5592352577614115
TT,TCGA-LUAD,201.7735385713326,0.002790067387183311,0.562961769564449
TT,TCGA-LUAD,75.7021145486132,0.006613237438720473,0.5006360581231946
TT,TCGA-LUAD,111.4296893996256,0.0034435912271839255,0.38371830086438036
TT,TCGA-LUAD,122.99179495248029,0.005040879669764261,0.6199868387237726
TT,TCGA-LUAD,133.52103517805935,0.0034382987927869466,0.4590852140643849
TT,TCGA-LUAD,100.04880753609304,0.006312544111605631,0.6315625108851292
TT,TCGA-LUAD,99.03335334824905,0.005699181300635347,0.5644090355415539
TT,TCGA-LUAD,56.293690945046365,0.008341450419981876,0.4695710319758869
TT,TCGA-LUAD,105.28131210667289,0.004762365585277506,0.5013880975496791
TT,TCGA-LUAD,147.59896103689914,0.003964123850988438,0.5851005618274849
TT,TCGA-LUAD,38.01534163554457,0.010115363510380157,0.3845389996148231
TT,TCGA-LUAD,73.15607877179336,0.00728738983000044,0.533116864444278
TT,TCGA-LUAD,119.67810010413105,0.005240768714104822,0.6272052427892351
TT,TCGA-LUAD,197.2483375945132,0.002263291652156079,0.4464305158793258
TT,TCGA-LUAD,74.57823753659352,0.0054846209318014615,0.4090333626500623
TT,TCGA-LUAD,122.34330108038849,0.0048085746598205865,0.5882968973739566
TT,TCGA-LUAD,81.08091081046095,0.006194311233278806,0.5022403966377152
TT,TCGA-LUAD,68.59424091847879,0.008502728609661094,0.5832382147155353
TT,TCGA-LUAD,83.7869109623951,0.006920413553698777,0.5798400742467117
TT,TCGA-LUAD,147.767746896163,0.002666182315641707,0.3939757535967695
TT,TCGA-LUAD,101.5686870139734,0.005039523606016651,0.5118577958390358
TT,TCGA-LUAD,102.3651209178533,0.0052977668370161705,0.5423065428657535
TT,TCGA-LUAD,207.61769805297936,0.0022842473077341304,0.4742501678154757
TT,TCGA-LUAD,180.3212292975507,0.0019347947354871754,0.3488845651414769
TT,TCGA-LUAD,135.3092616828849,0.004096680426309571,0.5543188038346742
TT,TCGA-LUAD,43.114151523698055,0.012076805614185093,0.5206812271722234
TT,TCGA-LUAD,71.63988389886195,0.005498507525008151,0.3939124407086027
TT,TCGA-LUAD,72.07770701407473,0.007732052370887373,0.5573086054063019
TT,TCGA-LUAD,68.49247607639626,0.006085123954474079,0.41678520687372167
TT,TCGA-LUAD,72.52805375024874,0.007547371119918748,0.547396138258542
TT,TCGA-LUAD,104.6623996376984,0.005606773087011942,0.5868183255107358
TT,TCGA-LUAD,118.28874974410996,0.0037865794687086296,0.44790975116025994
TT,TCGA-LUAD,92.26835803428384,0.005583706231994176,0.5151994057719006
TT,TCGA-LUAD,57.73904204054319,0.0037749010104620737,0.21795916814195865
TT,TCGA-LUAD,175.01149534396114,0.002857851032819199,0.5001567827239718
TT,TCGA-LUAD,69.62441182617414,0.006431581468619685,0.44779507686476683
TT,TCGA-LUAD,114.52215200396293,0.005120009614685287,0.5863545193547401
TT,TCGA-LUAD,122.95259980877238,0.0030453649070702844,0.37443553269069196
TT,TCGA-LUAD,162.66483736130985,0.00357831543839618,0.5820660988141788
TT,TCGA-LUAD,131.98137962280612,0.0035285020174403983,0.4656965642636385
TT,TCGA-LUAD,86.08203070507018,0.005745662263754634,0.4945982754094894
TT,TCGA-LUAD,141.1350638424905,0.004390681642287782,0.6196791338963372
TT,TCGA-LUAD,70.67370878217999,0.008709161913312594,0.6155087727983077
TT,TCGA-LUAD,129.0671552276389,0.004148329098232794,0.5354130356569433
TT,TCGA-LUAD,31.73555270374742,0.015494708084268206,0.4917331250374749
TT,TCGA-LUAD,63.349986732067755,0.006030036716824033,0.3820027460046839
TT,TCGA-LUAD,100.59688056331638,0.00435704836123804,0.4383054736040565
TT,TCGA-LUAD,66.7810448262096,0.008446179571452132,0.5640446965713606
TT,TCGA-LUAD,161.15529345393202,0.0031682586513085077,0.5105816526895814
TT,TCGA-LUAD,91.29463990422224,0.006098400800834656,0.5567513051038204
TT,TCGA-LUAD,124.256852917133,0.004344765843013516,0.5398669303147139
TT,TCGA-LUAD,55.881656247328074,0.007282361955121601,0.4069504474447253
TT,TCGA-LUAD,115.13506084406995,0.002958139912203551,0.3405856187768276
TT,TCGA-LUAD,94.82520255349196,0.007045786839762766,0.6681181642292323
TT,TCGA-LUAD,158.30462000523846,0.0027812426859547936,0.4402835665424224
TT,TCGA-LUAD,162.88984941986445,0.003267132470670779,0.5321827161823129
TT,TCGA-LUAD,103.20225393744388,0.004245841165909975,0.43818037818229405
TT,TCGA-LUAD,191.2215961302043,0.0022747977488047546,0.4349904563998407
TT,TCGA-LUAD,60.746788048384104,0.005607544403208511,0.34064031133360995
TT,TCGA-LUAD,97.63215882266196,0.0044255885659150685,0.4320797657511768
TT,TCGA-LUAD,69.48046101293866,0.006880549017784608,0.4780637177777969
TT,TCGA-LUAD,185.6621530269486,0.0033306873309624386,0.6183825809260672
TT,TCGA-LUAD,91.1604172179983,0.0064672066513467175,0.5895532565717805
TT,TCGA-LUAD,114.68298082469036,0.005172254320038129,0.5931695430053546
TT,TCGA-LUAD,156.6294522296797,0.002724411529902093,0.4267230855767885
TT,TCGA-LUAD,126.43309841870541,0.0036702876187355905,0.4640458357245528
TT,TCGA-LUAD,107.11315254827436,0.004071740707220093,0.4361369835094844
TT,TCGA-LUAD,69.24472490821066,0.0060025470245435465,0.41564471746311626
TT,TCGA-LUAD,104.19773485640212,0.0029277368527896464,0.3050635483162928
TT,TCGA-LUAD,137.9517886436336,0.004745551692680396,0.6546573441060837
TT,TCGA-LUAD,94.47141824571227,0.0059607598255224875,0.5631214345391738
TT,TCGA-LUAD,96.03018869127668,0.006021116962552894,0.5782089980462011
TT,TCGA-LUAD,82.82594250648363,0.006601470953861768,0.5467730536827764
TT,TCGA-LUAD,146.91903568884234,0.0030687604259718552,0.450859322543866
TT,TCGA-LUAD,180.21356955628286,0.002701516975241167,0.48685001732510297
TT,TCGA-LUAD,131.5707147485897,0.003975382126492726,0.5230438677814164
TT,TCGA-LUAD,195.1309447688085,0.0027837180637904912,0.5431895357574369
TT,TCGA-LUAD,64.48525640353793,0.008294697538409501,0.5348856975541316
TT,TCGA-LUAD,77.04524681376981,0.005697999214909332,0.43900375585735607
TT,TCGA-LUAD,61.74120464676103,0.007809631074294209,0.48217603037370294
TT,TCGA-LUAD,95.9224675583665,0.006263576604349132,0.6008177236300231
TT,TCGA-LUAD,82.72689144565202,0.0065392002245694535,0.5409677071193405
TT,TCGA-LUAD,165.16665720859143,0.0029752967202386653,0.49141981348550595
TT,TCGA-LUAD,110.17323077020198,0.004718904067241959,0.5198969067826931
TT,TCGA-LUAD,155.85818070096767,0.0019998024875807685,0.31168557747560804
TT,TCGA-LUAD,140.28409492714607,0.003974417888614477,0.5575476163665408
TT,TCGA-LUAD,58.64840214062925,0.005832759318588639,0.3420820141060891
TT,TCGA-LUAD,109.99001554885632,0.005435454921932371,0.5978457713784491
TT,TCGA-LUAD,83.0568492497419,0.0069587949836098315,0.5779755859135419
TT,TCGA-LUAD,103.06663920504784,0.005070601347320623,0.5226098396169241
TT,TCGA-LUAD,134.31199907171853,0.004290172686481734,0.576221669884247
TT,TCGA-LUAD,168.13578891814493,0.003200438834575007,0.5381083083355371
TT,TCGA-LUAD,61.3202762156675,0.007654082566841809,0.469350457176265
TT,TCGA-LUAD,195.13105969011588,0.0024409746285540333,0.4763099659464355
TT,TCGA-LUAD,95.49024641154675,0.006590618789288066,0.6293398121936873
TT,TCGA-LUAD,65.29785905729767,0.006912393788293783,0.4513645153365473
TT,TCGA-LUAD,79.25313518567765,0.006682804636618795,0.5296332192854227
TT,TCGA-LUAD,153.58771393498608,0.002904723014662618,0.44612976743637256
TT,TCGA-LUAD,186.11814783622364,0.002167275733812434,0.4033693454275627
TT,TCGA-LUAD,134.22608157585245,0.004031869874832093,0.5411820947224345
TT,TCGA-LUAD,178.92587031773112,0.0032091168492936785,0.5741940252111666
TT,TCGA-LUAD,195.48844161647068,0.0026243096317938295,0.5130222002384697
TT,TCGA-LUAD,118.32272770265745,0.0038461319772342293,0.4550848266507692
TT,TCGA-LUAD,110.98497013006825,0.005034323381089767,0.558734230075352
TT,TCGA-LUAD,42.26282523537092,0.014547282963992448,0.6148092775567015
TT,TCGA-LUAD,69.0164412993682,0.006804023960016533,0.4695895202359757
TT,TCGA-LUAD,159.08342259142168,0.0027507806494149736,0.4376036005071876
TT,TCGA-LUAD,156.97807707072403,0.0034556911901914788,0.5424677579865
TT,TCGA-LUAD,118.9046235244377,0.004523708861942884,0.5378898991634811
TT,TCGA-LUAD,207.38603570388955,0.0022504940602744547,0.46672104153546945
TT,TCGA-LUAD,150.8209373542979,0.003376712010351663,0.5092788705767536
TT,TCGA-LUAD,64.44848686108432,0.0082455708501317,0.5314145645968528
TT,TCGA-LUAD,100.45550079931068,0.0032959784821015945,0.3310991690432675
TT,TCGA-LUAD,175.61536232417,0.00347875693329127,0.6109231592776649
TT,TCGA-LUAD,97.16668181702559,0.005198438215053789,0.5051149919875979
TT,TCGA-LUAD,98.68702302944465,0.0035599944565515036,0.3513252549183935
TT,TCGA-LUAD,81.53384232670464,0.0057337629177556994,0.46749572167499914
TT,TCGA-LUAD,170.37988258885065,0.0036056805459077647,0.6143354280646679
TT,TCGA-LUAD,121.2261245579815,0.0044978158985863655,0.5452527903609002
TT,TCGA-LUAD,96.1512463201637,0.005402589518606129,0.5194657155702325
TT,TCGA-LUAD,123.32923302250639,0.002649550096071346,0.3267669812031872
TT,TCGA-LUAD,248.8935484623088,0.0014378405404645897,0.3578692342391956
TT,TCGA-LUAD,144.90619065589487,0.00353183555545894,0.5117848363646015
TT,TCGA-LUAD,120.32673312941267,0.003530754666058684,0.4248441744482718
TT,TCGA-LUAD,143.6734728416101,0.0029392193940018436,0.4222878577796576
TT,TCGA-LUAD,142.26496291409322,0.0040901719423111285,0.5818881596851573
TT,TCGA-LUAD,80.00029213210907,0.007334610226659172,0.5867709608078885
TT,TCGA-LUAD,123.82601752913659,0.0038312498045518987,0.47440840545694457
TT,TCGA-LUAD,143.3813027907281,0.003412624701237051,0.4893065755991877
TT,TCGA-LUAD,96.79303266445307,0.005786763071099717,0.5601183469624056
TT,TCGA-LUAD,141.12794495693777,0.0029278585900600305,0.4132026659396894
TT,TCGA-LUAD,104.33338455200588,0.006080152920098893,0.6343629327476793
TT,TCGA-LUAD,102.7408815384557,0.005035909651704352,0.5173937969641225
TT,TCGA-LUAD,85.35881568170196,0.0063780051956755955,0.5444189699146106
TT,TCGA-LUAD,93.8456060187456,0.005972809639898432,0.560521940290874
TT,TCGA-LUAD,109.93435372401257,0.004476169701355862,0.492084823277563
TT,TCGA-LUAD,166.79716266680705,0.0026825203503933123,0.4474367832415736
TT,TCGA-LUAD,24.24071052247846,0.024113094695980872,0.5845185483263831
TT,TCGA-LUAD,121.39946999065785,0.0026311628896444087,0.319421780261919
TT,TCGA-LUAD,105.48779429094867,0.004798053612335802,0.5061360924550222
TT,TCGA-LUAD,108.6421894049645,0.00515605458237647,0.5601650585208796
TT,TCGA-LUAD,138.4436411410315,0.0035651664872374893,0.49357462976713884
TT,TCGA-LUAD,54.407451566943976,0.005218564521350222,0.2839287964443344
TT,TCGA-LUAD,57.81581651066727,0.010085521018684478,0.5831026326307398
TT,TCGA-LUAD,122.4665888001383,0.004590719143607327,0.5622097136570815
TT,TCGA-LUAD,213.09276332967096,0.0018969243489300037,0.40422085134083147
TT,TCGA-LUAD,84.56927190949277,0.006208151701154826,0.5250188692703426
TT,TCGA-LUAD,152.34869610020635,0.0037356816214260615,0.5691262240697652
TT,TCGA-LUAD,83.60854911641634,0.007035708242645432,0.5882453581739959
TT,TCGA-LUAD,23.621637305578535,0.010814220518620608,0.2554495948334014
TT,TCGA-LUAD,162.03003525542712,0.0030618083770763854,0.49610491928304884
TT,TCGA-LUAD,23.1576040798657,0.011451114889866434,0.2651803848925818
TT,TCGA-LUAD,89.63854702284799,0.005018576627054017,0.4498579169719473
TT,TCGA-LUAD,75.17814386825981,0.0048479590556379255,0.3644605633521809
TT,TCGA-LUAD,129.258336130748,0.00487873633760154,0.6306173414189944
TT,TCGA-LUAD,40.09838283859107,0.00693117245566874,0.27792880664770253
TT,TCGA-LUAD,147.34785574052503,0.004002754688214783,0.5897973203637821
TT,TCGA-LUAD,194.18667256802524,0.0015301008203684676,0.2971251870009584
TT,TCGA-LUAD,119.4177923919627,0.003819270104704446,0.4560888044524252
TT,TCGA-LUAD,132.88036470572615,0.004359818171463104,0.5793342286746693
TT,TCGA-LUAD,168.5552015098551,0.0026782882544103817,0.45143941642361995
TT,TCGA-LUAD,98.37691312294008,0.004331592153114945,0.4261286649309979
TT,TCGA-LUAD,40.81675065926168,0.015272989652408907,0.6233938104638581
TT,TCGA-LUAD,142.05765864342538,0.0033186604025285645,0.4714411266158555
TT,TCGA-LUAD,211.44680513936763,0.0022667340691329865,0.4792936770187285
TT,TCGA-LUAD,93.67990455191206,0.00295569040322352,0.2768887948589818
TT,TCGA-LUAD,132.14601261059818,0.002703957449193631,0.35731719517966243
TT,TCGA-LUAD,137.85264823109193,0.0038698515581540817,0.5334692855527576
TT,TCGA-LUAD,135.98851019927298,0.004269058705247182,0.5805429332798014
TT,TCGA-LUAD,95.32330201398217,0.006029052095381601,0.5747091537460924
TT,TCGA-LUAD,59.880126957178526,0.009902332144864513,0.592952906006637
TT,TCGA-LUAD,77.05819919164895,0.007252120947798908,0.5588353805574182
TT,TCGA-LUAD,83.08350659944652,0.00407996340529097,0.3389776665089926
TT,TCGA-LUAD,56.663104876107,0.007894648948033113,0.4473353213024481
TT,TCGA-LUAD,148.63563017151543,0.0027485744120428987,0.4085360898072987
TT,TCGA-LUAD,148.20757986023168,0.0030577004363826973,0.45317438161385387
TT,TCGA-LUAD,56.346561713271825,0.010153218545710158,0.5720989553741934
TT,TCGA-LUAD,101.70003295997321,0.0051679098831884495,0.5255766054544366
TT,TCGA-LUAD,31.829870048031605,0.015565764839352663,0.4954562720348148
TT,TCGA-LUAD,11.070973408136762,0.016140816231105873,0.17869454728019535
TT,TCGA-LUAD,91.44630245597297,0.003891386481086127,0.3558529051224863
TT,TCGA-LUAD,85.299435150538,0.0044877781646744455,0.3828049425276483
TT,TCGA-LUAD,56.605253043260326,0.008280707479142795,0.46873154223409624
TT,TCGA-LUAD,114.39531599942802,0.004456745493797579,0.509830809092001
TT,TCGA-LUAD,160.0916862136409,0.00318597071803372,0.5100474244773026
TT,TCGA-LUAD,32.53303876243413,0.018310007259831465,0.5956801759245474
TT,TCGA-LUAD,99.9001230757021,0.0047735253058694685,0.47687576556133837
TT,TCGA-LUAD,31.64375380252277,0.01915745967958421,0.6062139375825195
TT,TCGA-LUAD,99.09502238903195,0.0053613575903398705,0.5312838504503359
TT,TCGA-LUAD,69.87212233253268,0.008473217467659402,0.5920416874504506
TT,TCGA-LUAD,19.12071403049964,0.026776633275682134,0.511988347563879
TT,TCGA-LUAD,128.76803940546498,0.004598403764609549,0.5921274371634809
TT,TCGA-LUAD,136.15286897372872,0.003967922360486686,0.5402440132452722
TT,TCGA-LUAD,69.24599569948134,0.00868045453415035,0.6010867173413184
TT,TCGA-LUAD,83.3698680842475,0.0062428080115164136,0.5204620803954069
TT,TCGA-LUAD,118.17233098546217,0.004077136877840903,0.481804768601249
TT,TCGA-LUAD,51.970722757953624,0.013290301880591448,0.6907065944057278
TT,TCGA-LUAD,145.16482280462884,0.003909000910843943,0.5674494245657937
TT,TCGA-LUAD,154.42123969465763,0.003431332211887293,0.5298705739638474
TT,TCGA-LUAD,66.7490647909512,0.008733694531110874,0.5829659421214959
TT,TCGA-LUAD,92.98319038803612,0.00575834196202943,0.5354290069748
TT,TCGA-LUAD,39.60795510445549,0.011656956216702732,0.46170819848576516
TT,TCGA-LUAD,206.23656109642684,0.0028635606391629407,0.5905708987120509
TT,TCGA-LUAD,114.36508291388328,0.0038430201088757204,0.43950731339129256
TT,TCGA-LUAD,126.6131045806943,0.004152647204066523,0.5257795547352024
TT,TCGA-LUAD,159.85918545051572,0.0038438103853016704,0.614468397220558
TT,TCGA-LUAD,68.28675911005507,0.006896560575369104,0.4709437706981328
TT,TCGA-LUAD,94.04435416688061,0.004305081749467799,0.40486863276432367
TT,TCGA-LUAD,139.75524330194307,0.0029691152274604555,0.41494942100523996
TT,TCGA-LUAD,93.77671978664928,0.005473885192469148,0.513322997838468
TT,TCGA-LUAD,158.44530128526736,0.0034615370209219636,0.5484642761900873
TT,TCGA-LUAD,132.1860743988395,0.0038893706271173533,0.5141206350807955
TT,TCGA-LUAD,146.96534536738153,0.003492983447936945,0.5133475187886003
TT,TCGA-LUAD,56.04156921661829,0.008771751393927985,0.4915827128937832
TT,TCGA-LUAD,127.70509025191704,0.0037885712576384714,0.48381983438253984
TT,TCGA-LUAD,84.51809717368225,0.0061757685344172,0.5219642051140421
TT,TCGA-LUAD,71.28508638760201,0.008186408825421869,0.5835688603244255
TT,TCGA-LUAD,67.93912381155378,0.009395413084928219,0.6383161328376308
TT,TCGA-LUAD,97.98902937163814,0.005825653624248995,0.5708501440955249
TT,TCGA-LUAD,218.2405467572942,0.0025294565244609463,0.552029974897162
TT,TCGA-LUAD,135.72523136962843,0.004134779632837133,0.5611939223292473
TT,TCGA-LUAD,138.4239175253815,0.0040865637263386495,0.565678160216917
TT,TCGA-LUAD,90.76786927888057,0.005743218163888963,0.5212996755399658
TT,TCGA-LUAD,146.20493425540744,0.0036614511772410023,0.5353222286479049
TT,TCGA-LUAD,42.988245031522425,0.006817696675970561,0.2930808152572184
TT,TCGA-LUAD,173.57258615168607,0.0028157120153941705,0.48873041637034226
TT,TCGA-LUAD,97.19640632775774,0.0051623621000106085,0.5017630442836478
TT,TCGA-LUAD,137.0457838500219,0.0041402530177531965,0.5674042201554055
TT,TCGA-LUAD,171.36576227733877,0.002640127803763221,0.4524275136014806
TT,TCGA-LUAD,9.038685615338352,0.018814038918563567,0.17005418293963642
TT,TCGA-LUAD,153.04871860197613,0.003640509702074529,0.5571753449605685
TT,TCGA-LUAD,58.81726203638986,0.008569042938102536,0.5040076438914529
TT,TCGA-LUAD,149.3571698274618,0.0030393543138110234,0.45394935841370165
TT,TCGA-LUAD,167.1953330897472,0.003055903108828647,0.5109327381705997
TT,TCGA-LUAD,179.89407095373915,0.0029908071131598763,0.5380284670237305
TT,TCGA-LUAD,25.260814211793086,0.017393943304516157,0.43938517022584495
TT,TCGA-LUAD,54.53070349477195,0.010908780207157095,0.5948634589661205
TT,TCGA-LUAD,158.6130400840569,0.003377687717007917,0.5357453172492034
TT,TCGA-LUAD,47.67322483441179,0.010823724056028734,0.5160018304686893
TT,TCGA-LUAD,32.60589189689619,0.009017152732491164,0.294012307213409
TT,TCGA-LUAD,130.31293371736575,0.004716736761188047,0.6146518049229603
TT,TCGA-LUAD,141.00994129392882,0.003668529402750701,0.5172991157169281
TT,TCGA-LUAD,71.93723092627985,0.009086454269802296,0.6536543591078493
TT,TCGA-LUAD,66.96317382474388,0.00840747238080081,0.5629910344622979
TT,TCGA-LUAD,93.65063462676602,0.00581064713409104,0.5441707916998251
TT,TCGA-LUAD,77.09400357633372,0.004787373351288735,0.3690777782654985
TT,TCGA-LUAD,185.332391094062,0.0020566819032609767,0.3811697748512431
TT,TCGA-LUAD,80.23863637890541,0.006317344578345929,0.5068951145021485
TT,TCGA-LUAD,61.87694946128663,0.007987161719386904,0.49422120204962666
TT,TCGA-LUAD,119.20991193176636,0.003793498753655857,0.45222265233658016
TT,TCGA-LUAD,24.453877915091756,0.01945426128604741,0.4757321304172992
TT,TCGA-LUAD,67.3222269066512,0.004860885463324834,0.32724563412919677
TT,TCGA-LUAD,51.829028185831966,0.008511855964530315,0.4411612226993836
TT,TCGA-LUAD,92.62748110134561,0.006220549563719263,0.5761938371533897
TT,TCGA-LUAD,100.74887044753288,0.004082512429960502,0.4113085159065333
TT,TCGA-LUAD,181.8253740139784,0.0025798859461037644,0.4690887270637235
TT,TCGA-LUAD,120.02064196417551,0.003820223315168689,0.4585056547330569
TT,TCGA-LUAD,179.57500212699662,0.0028032208636658484,0.503388392555236
TT,TCGA-LUAD,110.665182625219,0.004735179224597324,0.5240194736532058
TT,TCGA-LUAD,129.93996048275392,0.004632180237560214,0.6019053170175679
TT,TCGA-LUAD,127.32493380196243,0.003831169198641335,0.4878033646011254
TT,TCGA-LUAD,63.258325482956636,0.005186666829670958,0.3280998584829803
TT,TCGA-LUAD,46.501339666866876,0.008041765312512644,0.37395286031837827
TT,TCGA-LUAD,76.73324444776284,0.007363909930210494,0.56505670076615
TT,TCGA-LUAD,230.57848282872246,0.00238215501250332,0.5492736886458519
TT,TCGA-LUAD,128.33564420528342,0.004893062626752643,0.6279543443410966
TT,TCGA-LUAD,39.4542079145531,0.010928032081204067,0.4311568498287317
TT,TCGA-LUAD,167.50406034164237,0.0033606806194160744,0.5629276492636582
TT,TCGA-LUAD,52.30742499131247,0.00846766528204201,0.44292176659195326
TT,TCGA-LUAD,111.79522211271596,0.005502415904518755,0.6151438082022151
TT,TCGA-LUAD,87.70098736658571,0.004938712691668318,0.4331299793791996
TT,TCGA-LUAD,52.149507971736824,0.011097480302411842,0.5787281374968187
TT,TCGA-LUAD,117.85264971603304,0.0033074579805332763,0.38979268683028623
TT,TCGA-LUAD,115.20901519935083,0.00536740086432291,0.6183729677587869
TT,TCGA-LUAD,10.687067985968099,0.03157576248129901,0.33745232034642325
TT,TCGA-LUAD,148.40638189805728,0.0037056422006247914,0.5499409516034802
TT,TCGA-LUAD,125.41969826049618,0.003278423472292444,0.41117888266504643
TT,TCGA-LUAD,162.65566980211722,0.00328146761304847,0.5337493125343538
TT,TCGA-LUAD,98.2508059062534,0.005207538555361683,0.511644859852172
TT,TCGA-LUAD,26.957055062874396,0.024094886292506057,0.6495271765207833
TT,TCGA-LUAD,128.90865198144255,0.004587812927056014,0.5914087799698269
TT,TCGA-LUAD,103.71125313325103,0.005292642670753656,0.5489066037703783
TT,TCGA-LUAD,188.36366426421026,0.002463562009463114,0.46404556724457324
TT,TCGA-LUAD,42.492104693471575,0.012666018189921614,0.5382057709755645
TT,TCGA-LUAD,208.0874300643575,0.002812634208520577,0.5852738241621451
TT,TCGA-LUAD,154.2391960924417,0.0037073451001659067,0.5718179278868422
TT,TCGA-LUAD,157.02115563652654,0.0036910552349432193,0.5795737585090353
TT,TCGA-LUAD,261.48969774833876,0.00131128466312485,0.3428874302225492
TT,TCGA-LUAD,73.56767155740135,0.0053561759486649395,0.3940413929950349
TT,TCGA-LUAD,76.17334484921841,0.0067101183729601785,0.5111321608025721
TT,TCGA-LUAD,65.84437074410708,0.00682379463443024,0.4493084637910734
TT,TCGA-LUAD,107.40264761410346,0.005219460288996732,0.5605838541549226
TT,TCGA-LUAD,39.81579447024293,0.01350999438688463,0.5379111598023341
TT,TCGA-LUAD,115.75517221548985,0.005047016391610079,0.5842182515852249
TT,TCGA-LUAD,59.88403853642659,0.005266576575102918,0.3153838745785047
TT,TCGA-LUAD,24.00778728434242,0.012603470618775706,0.3025814416600267
TT,TCGA-LUAD,123.30098302694614,0.004782076882974015,0.5896347805811305
TT,TCGA-LUAD,38.34749127359128,0.0059555497206070845,0.22838039094041915
TT,TCGA-LUAD,30.98507639463828,0.012954722934414017,0.40140307979419093
TT,TCGA-LUAD,100.62812889250421,0.0050771522200431865,0.5109043280053697
TT,TCGA-LUAD,128.9579462000845,0.0036514074864992915,0.47087801019856146
TT,TCGA-LUAD,156.06602921567915,0.0035160607442669195,0.5487376388388636
TT,TCGA-LUAD,68.77752533611152,0.00841417541745337,0.5787061629563859
TT,TCGA-LUAD,76.60367144286053,0.0057623702704065125,0.4414187189263279
TT,TCGA-LUAD,53.40584408650851,0.007507227705512752,0.40092983236253105
TT,TCGA-LUAD,115.39082962493909,0.005200102188197079,0.6000441056305221
TT,TCGA-LUAD,166.88064010860418,0.0032152588525323333,0.536564455425452
TT,TCGA-LUAD,194.9111188586111,0.0022193217269645227,0.43257048090988015
TT,TCGA-LUAD,178.5472893044445,0.0022603600350886155,0.40358115711717135
TT,TCGA-LUAD,101.28378823443936,0.0033727032950993663,0.34160016631844003
TT,TCGA-LUAD,214.3226860011083,0.00254337393854731,0.5451027340146772
TT,TCGA-LUAD,102.26698547572336,0.005387969952644353,0.551011444890714
TT,TCGA-LUAD,169.89469882422318,0.002615423255365657,0.4443465462682177
TT,TCGA-LUAD,76.7458853238813,0.004367005127324087,0.33514967471041607
TT,TCGA-LUAD,76.7519717646299,0.006480096692209087,0.49736019835250345
TT,TCGA-LUAD,128.03521978940336,0.0036778361602412555,0.4708925611259045
TT,TCGA-LUAD,107.44255974846777,0.004440592951469115,0.4771086735068452
TT,TCGA-LUAD,143.80931266358562,0.0035175702460943942,0.5058593593367146
TT,TCGA-LUAD,23.09059582499484,0.017274748194720323,0.3988842285428462
TT,TCGA-LUAD,18.591841970363486,0.01724045939034237,0.32053189648171454
TT,TCGA-LUAD,35.929244069012334,0.00571997839808064,0.2055144999341175
TT,TCGA-LUAD,71.02269063663634,0.004942168991562056,0.3510061393616889
TT,TCGA-LUAD,2.1092208071951504,0.019162364518384656,0.04041765795723499
TT,TCGA-LUAD,98.41739757220056,0.0061621091154743755,0.6064587427009227
TT,TCGA-LUAD,68.08604867690134,0.0075582285579052465,0.5146099175046824
TT,TCGA-LUAD,119.45174505916734,0.003958099851140104,0.4728019343371159
TT,TCGA-LUAD,109.75036887392585,0.003504425813984331,0.3846120257760882
TT,TCGA-LUAD,148.46900737224243,0.002968323056611724,0.44070397777528325
TT,TCGA-LUAD,119.16869758701122,0.0035390712277467585,0.421746508878246
TT,TCGA-LUAD,60.81172441943788,0.00773318854967108,0.4702685309661502
TT,TCGA-LUAD,42.472086721935355,0.013305178768952559,0.5650987065258062
TT,TCGA-LUAD,39.308031395215224,0.009052063211671098,0.3558187849158403
TT,TCGA-LUAD,129.3387471526553,0.00430685154824332,0.5570427834222648
TT,TCGA-LUAD,157.80385011132404,0.003345036746826698,0.5278596774131112
TT,TCGA-LUAD,47.79384756434318,0.0097097921503161,0.4640683259136637
TT,TCGA-LUAD,136.27324012512565,0.0036919142085874387,0.5031091114681993
TT,TCGA-LUAD,169.81478915593019,0.0033780520871710537,0.5736432029407024
TT,TCGA-LUAD,139.51911707039514,0.0028241409649800257,0.3940216539163469
TT,TCGA-LUAD,122.82766863968169,0.004368469599487205,0.5365689364283375
TT,TCGA-LUAD,82.73676621079608,0.006968577128662279,0.5765575367160316
TT,TCGA-LUAD,53.564154081303556,0.007524206862228891,0.4030277757080299
TT,TCGA-LUAD,126.22697115600708,0.003715700781893906,0.469021655420475
TT,TCGA-LUAD,67.37887913748601,0.005404129551725107,0.36412419190900247
TT,TCGA-LUAD,67.58723444329551,0.008115294911422835,0.5484903397548183
TT,TCGA-LUAD,90.92142771538164,0.004120198547148679,0.37461433437759906
TT,TCGA-LUAD,190.49071965237772,0.003002980250038721,0.5720398689317532
TT,TCGA-LUAD,136.75787438936283,0.0035517921855933053,0.4857355495744897
TT,TCGA-LUAD,114.39521443256285,0.004560068021979075,0.521649959201369
TT,TCGA-LUAD,136.6036044535713,0.0036926478727107633,0.5044290093901026
TT,TCGA-LUAD,81.11107533807976,0.007222434762228409,0.5858194501234746
TT,TCGA-LUAD,71.20675255404355,0.007315333395358965,0.520901134933657
TT,TCGA-LUAD,144.540205646214,0.0030909294539663915,0.4467635789142421
TT,TCGA-LUAD,61.3390097086622,0.009927442233911857,0.6089394755681026
TT,TCGA-LUAD,31.146955729782004,0.009205334148089854,0.2867181351884052
TT,TCGA-LUAD,14.769153615994318,0.019890754737192803,0.2937696122516672
TT,TCGA-LUAD,90.21021056825332,0.005945767857962379,0.5363689704567387
TT,TCGA-LUAD,147.91911306960262,0.003409299857445888,0.5043006111017184
TT,TCGA-LUAD,21.69598338869151,0.014217920498794634,0.30847176696358486
TT,TCGA-LUAD,120.50073769276543,0.003931790312111893,0.4737836330627515
TT,TCGA-LUAD,62.016718669075516,0.0050231422024749695,0.31151879680565053
TT,TCGA-LUAD,125.64733754742939,0.004327538314600971,0.5437436673641018
TT,TCGA-LUAD,54.36567422941107,0.012917168536976536,0.7022505766476648
TT,TCGA-LUAD,47.14470127335919,0.004683482025625114,0.22080136101724318
TT,TCGA-LUAD,143.4342166488034,0.00384970203450431,0.5521789956504305
TT,TCGA-LUAD,41.0204174430004,0.009167674164025565,0.37606182118973835
TT,TCGA-LUAD,56.79490001443147,0.007043191354936109,0.4000173487861044
TT,TCGA-LUAD,51.9887000361173,0.006774050017070415,0.35217405436712906
TT,TCGA-LUAD,111.26125065488901,0.005307381759866431,0.5905059323056849
TT,TCGA-LUAD,39.94368313507193,0.013432838826654615,0.5365570576963834
TT,TCGA-LUAD,15.759774036745497,0.012446715528727594,0.19615742423239813
TT,TCGA-LUAD,65.99516350271209,0.005579019595158217,0.36818831036730115
TT,TCGA-LUAD,72.40004894900495,0.004195987954466837,0.3037897332928342
TT,TCGA-LUAD,185.97920316368408,0.001918343787569741,0.35677204900622406
TT,TCGA-LUAD,158.1380544015278,0.003810823944706488,0.6026362842826394
TT,TCGA-LUAD,158.051408374537,0.003598791843316871,0.5687941192830276
TT,TCGA-LUAD,110.56153087931189,0.0054425895209521385,0.6017410293841692
TT,TCGA-LUAD,101.11996633668322,0.00438181546123186,0.4430890319333237
TT,TCGA-LUAD,10.024798174171321,0.015911370519214516,0.15950827812958507
TT,TCGA-LUAD,47.42008645910285,0.012466936993068212,0.5911832300914823
TT,TCGA-LUAD,147.77980162865697,0.0022677649727748197,0.33512985781707955
TT,TCGA-LUAD,112.00808213982057,0.0044472246720109725,0.4981251063568416
TT,TCGA-LUAD,17.323724321643517,0.007402875196685471,0.12824536909491163
TT,TCGA-LUAD,109.09435789375198,0.005394413144206071,0.588500038180777
TT,TCGA-LUAD,201.16918503862192,0.0026701402026697886,0.5371499285099421
TT,TCGA-LUAD,167.55278172824268,0.0031714164600831407,0.5313796499056666
TT,TCGA-LUAD,141.50342175644954,0.0035347648183549425,0.5001813169015392
TT,TCGA-LUAD,83.66385374977528,0.006703196157115804,0.5608152229449923
TT,TCGA-LUAD,83.04497214924922,0.006980683456358878,0.5797106632160478
TT,TCGA-LUAD,126.2959446698139,0.002916805469517691,0.36838070219081687
TT,TCGA-LUAD,19.57841393829598,0.016656980115598356,0.3261172516651498
TT,TCGA-LUAD,119.1838936710146,0.005071067695218919,0.6043895929854888
TT,TCGA-LUAD,167.10128800434723,0.0020126511522501602,0.33631659984443535
TT,TCGA-LUAD,36.647991577511455,0.012828188073757792,0.4701273284818085
TT,TCGA-LUAD,175.656446158505,0.002422928370936918,0.42560298693539494
TT,TCGA-LUAD,162.9800280010864,0.0022395369398827583,0.3649997931715593
TT,TCGA-LUAD,160.7930524325499,0.003166796550844591,0.5091988838431725
TT,TCGA-LUAD,111.37439064382993,0.004172122673801112,0.4646676204859052
TT,TCGA-LUAD,118.11263258196611,0.004344851117646302,0.5131818036819025
TT,TCGA-LUAD,32.57251981854791,0.01834146278282312,0.5974276599946651
TT,TCGA-LUAD,44.26900459220149,0.010139897605848412,0.4488831736777562
TT,TCGA-LUAD,133.33814768848657,0.003750673092330609,0.5001078027164113
TT,TCGA-LUAD,50.55658348809884,0.011709351044222754,0.591984783658705
TT,TCGA-LUAD,103.18371131940565,0.003237393166838647,0.3340462419544954
TT,TCGA-LUAD,56.6871410052754,0.008710466162612484,0.493771423581694
TT,TCGA-LUAD,110.18883415699767,0.0032661464631828447,0.359892870964119
TT,TCGA-LUAD,85.16180966502075,0.006478474483248551,0.5517186108621068
TT,TCGA-LUAD,103.82124700462607,0.00544042067306817,0.5648312585076846
TT,TCGA-LUAD,176.69319026933536,0.0028013641903668106,0.49498197590218546
TT,TCGA-LUAD,52.23772041313535,0.007500105113523,0.39178839398934123
TT,TCGA-LUAD,52.85244328527742,0.011134893763432116,0.5885063411193852
TT,TCGA-LUAD,135.05469970788872,0.003929432533955231,0.530688330895732
TT,TCGA-LUAD,91.53688969307038,0.005771814843155086,0.5283339786267134
TT,TCGA-LUAD,86.99535920939967,0.007952340114074787,0.6918166847792544
TT,TCGA-LUAD,157.4183842154899,0.0022914632916479303,0.3607184488603251
TT,TCGA-LUAD,108.48135675570582,0.003784794103644137,0.41057959940431143
TT,TCGA-LUAD,151.5824502682818,0.003117929989108338,0.47262346751399903
TT,TCGA-LUAD,101.58081639993696,0.003924768425641741,0.39868118085738335
TT,TCGA-LUAD,86.0817830718047,0.008483526905982908,0.7302771228046392
TT,TCGA-LUAD,126.42825900589716,0.004660617721225314,0.5892337843865483
TT,TCGA-LUAD,84.66702793384944,0.006966910470117068,0.58986760338603
TT,TCGA-LUAD,129.72481627079608,0.0037351167646028187,0.4845373360380709
TT,TCGA-LUAD,37.58360675197088,0.010358813397248147,0.3893215691392219
TT,TCGA-LUAD,117.442058179158,0.004715850847920432,0.553839229645703
TT,TCGA-LUAD,89.83956251402384,0.00395132471776682,0.35498528399501983
TT,TCGA-LUAD,74.4722283776123,0.007329920348810446,0.5458755022063191
TT,TCGA-LUAD,35.64710644231843,0.009937291354919636,0.354235682677151
TT,TCGA-LUAD,138.7851243444276,0.003881185049032937,0.5386507496337695
TT,TCGA-LUAD,126.55391374220513,0.0035648503156280927,0.4511457593478704
TT,TCGA-LUAD,34.07846671534797,0.012868658905816649,0.43854416419303893
TT,TCGA-LUAD,158.21429246312047,0.003366387122147215,0.5326105566874819
TT,TCGA-LUAD,96.8705610466639,0.005618432275258961,0.5442606867070199
TT,TCGA-LUAD,54.73717930007379,0.01254157579444763,0.6864904829661453
TT,TCGA-LUAD,144.33283598908633,0.0033557279019468746,0.48434172489569904
TT,TCGA-LUAD,87.90643236208794,0.005936070800207057,0.5218188062949669
TT,TCGA-LUAD,83.48002791901402,0.00847077993253241,0.7071409452636293
TT,TCGA-LUAD,96.466195835259,0.0074447137632567655,0.7181632158237752
TT,TCGA-LUAD,79.97914173630942,0.004901043847800918,0.3919812805591369
TT,TCGA-LUAD,75.38595002544312,0.007774358751219502,0.5860774202992998
TT,TCGA-LUAD,66.36633409742332,0.005462900009582091,0.3625526471767421
TT,TCGA-LUAD,133.02068923717516,0.002940209646369969,0.3911087136619243
TT,TCGA-LUAD,121.22507902519715,0.004189812800091638,0.5079103877918913
TT,TCGA-LUAD,156.03140870728114,0.0034647123860576754,0.5406039543621444
TT,TCGA-LUAD,184.6301971864543,0.0031003154119470756,0.5724118458479919
TT,TCGA-LUAD,240.3149726632781,0.0016766326956216917,0.4029199404146851
TT,TCGA-LUAD,81.53200476837797,0.007443069467717493,0.6068483753333112
TT,TCGA-LUAD,59.33792675406862,0.00875699127806855,0.5196217070440493
TT,TCGA-LUAD,63.58114557254816,0.0066245506817258736,0.4211965212475359
TT,TCGA-LUAD,159.2642223122962,0.0029256694299409297,0.46595446650240113
TT,TCGA-LUAD,132.7675293935423,0.0036790678071397086,0.48846074322525646
TT,TCGA-LUAD,154.98890105534824,0.004097988077583343,0.6351426686825614
TT,TCGA-LUAD,56.902095489625566,0.009361117127517077,0.5326671806795461
TT,TCGA-LUAD,155.68223478991334,0.0031445108396583885,0.4895444748391248
TT,TCGA-LUAD,111.65084693481117,0.00416631833107158,0.4651729702641709
TT,TCGA-LUAD,123.08021004871537,0.004820392884686254,0.5932949687645171
TT,TCGA-LUAD,157.0535566953135,0.002960695282720213,0.4649877244422461
TT,TCGA-LUAD,82.91953319041357,0.005317251021578323,0.4409039725655242
TT,TCGA-LUAD,101.48285266910256,0.005818745957092557,0.5905029386825601
TT,TCGA-LUAD,183.58179965576662,0.0027619184238183055,0.5070379547469829
TT,TCGA-LUAD,119.75099841591576,0.004177140543598639,0.5002167506195382
TT,TCGA-LUAD,153.03301046734197,0.002875694621333788,0.4400762050874526
TT,TCGA-LUAD,119.08148063198595,0.003959616994765015,0.4715170544721926
TT,TCGA-LUAD,176.35306266921148,0.0035156017941344424,0.6199871435209836
TT,TCGA-LUAD,46.09308764780561,0.009765883197833612,0.4501397101959768
TT,TCGA-LUAD,54.25303051507663,0.008913284077583883,0.48357267305070506
TT,TCGA-LUAD,141.3217200593084,0.002973379465699816,0.4202031004817254
TT,TCGA-LUAD,76.07464090836494,0.007811074634574601,0.5942246979337007
TT,TCGA-LUAD,186.94923478426531,0.0029976781841601846,0.5604136426582325
TT,TCGA-LUAD,98.28402005693921,0.004917304657212678,0.4832924695555715
TT,TCGA-LUAD,90.43505761170209,0.006469734043944105,0.5850907709964754
TT,TCGA-LUAD,99.87654773934804,0.004561490638523973,0.45558593752112875
TT,TCGA-LUAD,76.51913326047205,0.005041728817491693,0.385788719248809
TT,TCGA-LUAD,79.614912044007,0.004385361857775841,0.3491401985879667
TT,TCGA-LUAD,268.9452218885137,0.001974137360991067,0.5309348105901474
TT,TCGA-LUAD,60.675234084177596,0.008511228661848084,0.5164207914015941
TT,TCGA-LUAD,107.95003747609401,0.004903221573238333,0.5293029525846706
TT,TCGA-LUAD,118.20495917204599,0.00476383813881353,0.5631092927006889
TT,TCGA-LUAD,71.93823384311297,0.006143995954744131,0.4419882177235234
TT,TCGA-LUAD,86.06856269213121,0.006017905280116137,0.5179524578769832
TT,TCGA-LUAD,110.66973958945754,0.004444854824174521,0.4919109259043383
TT,TCGA-LUAD,108.82636880802022,0.005747689102834118,0.6255001340988646
TT,TCGA-LUAD,49.931468121128425,0.007520716264754805,0.3755204044216566
TT,TCGA-LUAD,96.09266085064866,0.005742753780055253,0.55183649133563
TT,TCGA-LUAD,85.53971656155898,0.003854716832433049,0.32973138527139345
TT,TCGA-LUAD,122.74746218135519,0.00518693960379181,0.6366836728534087
TT,TCGA-LUAD,64.43035448056841,0.00986399315309126,0.6355405754475696
TT,TCGA-LUAD,254.7139311060661,0.0015252719156930708,0.3885080056518623
TT,TCGA-LUAD,122.0075355508435,0.00423327928544206,0.5164919729152215
TT,TCGA-LUAD,145.1968792711581,0.0038885210540232622,0.5646011220243721
TT,TCGA-LUAD,50.701278238405614,0.010961004026410065,0.555736914915301
TT,TCGA-LUAD,121.5354873563044,0.004315955085651147,0.5245417047425327
TT,TCGA-LUAD,38.80346355006384,0.017422307173063978,0.6760458613480038
TT,TCGA-LUAD,76.9703923668837,0.008060856706401071,0.6204473035049163
TT,TCGA-LUAD,17.31272779934552,0.014207678756743048,0.24597367497603617
TT,TCGA-LUAD,80.81320738577931,0.005972327152124089,0.4826429127203247
TT,TCGA-LUAD,128.53629007223094,0.003220029976250459,0.4138907070686079
TT,TCGA-LUAD,128.70234335493788,0.0031132513149012635,0.4006827396806343
TT,TCGA-LUAD,142.30449330114388,0.003436952485927061,0.48909378200995723
TT,TCGA-LUAD,178.7906437413689,0.002702304590579441,0.4831467773349546
TT,TCGA-LUAD,62.015751357777056,0.008996264656236427,0.5579101120699159
TT,TCGA-LUAD,171.42871444417938,0.002543561176165049,0.4360394225400992
TT,TCGA-LUAD,34.929313040946916,0.00795115794133658,0.27772848477095646
TT,TCGA-LUAD,94.36512681472833,0.005412258968297586,0.5107285038975524
TT,TCGA-LUAD,85.56875453302108,0.005077036283693861,0.4344356715146416
TT,TCGA-LUAD,62.9370796560641,0.005540219571160864,0.3486852404622366
TT,TCGA-LUAD,70.8865791443187,0.007824611053118342,0.5546599106903842
TT,TCGA-LUAD,82.52540024537475,0.006444279523673321,0.5318167469842138
TT,TCGA-LUAD,133.1901232866729,0.003903719588408268,0.5199368932566972
TT,TCGA-LUAD,155.01002710753272,0.003235185039023181,0.5014861205968676
TT,TCGA-LUAD,157.6235693407405,0.0035203425098854785,0.5548889517100901
TT,TCGA-LUAD,59.20867524113195,0.008078234129046777,0.478301541068559
TT,TCGA-LUAD,178.55625379546615,0.0029383455969181236,0.524659982142103
TT,TCGA-LUAD,159.69801830336985,0.00350089317826451,0.5590857028606284
TT,TCGA-LUAD,36.04771765015062,0.005728919106598904,0.20651445839523042
TT,TCGA-LUAD,108.22514895750803,0.005016184518362329,0.5428773166981087
TT,TCGA-LUAD,220.44915316304912,0.0021654183661928704,0.4773646450709317
TT,TCGA-LUAD,47.343562971391236,0.011585923251892312,0.5485188870576696
TT,TCGA-LUAD,138.33712622516927,0.00365088901698807,0.5050534947771628
TT,TCGA-LUAD,63.411999421761145,0.004953626668882874,0.3141193714628214
TT,TCGA-LUAD,137.42357519337014,0.004015515473440225,0.551826492604454
TT,TCGA-LUAD,121.59976484919241,0.004564432258175563,0.5550338892642167
TT,TCGA-LUAD,50.08620861560946,0.008445741762911123,0.42301518385073167
TT,TCGA-LUAD,46.564007183482595,0.006837447363286134,0.31837894814073964
TT,TCGA-LUAD,178.07966382344955,0.0026692304333411207,0.4753356582367073
TT,TCGA-LUAD,106.17738821095915,0.005132378611104533,0.5449425562368694
TT,TCGA-LUAD,92.53605107163708,0.004870599458515137,0.4507060402426446
TT,TCGA-LUAD,145.00097955218305,0.003903575603850451,0.5660222863143198
TT,TCGA-LUAD,84.45835461284793,0.006054110564391282,0.5113202169127478
TT,TCGA-LUAD,73.21863439252269,0.007128656374843587,0.5219504848195988
TT,TCGA-LUAD,157.83384010364162,0.003501468766244311,0.5526502613792998
TT,TCGA-LUAD,71.28728689618023,0.005514786379974001,0.39313415884035385
TT,TCGA-LUAD,106.55337165546175,0.005557674032190807,0.5921889066919357
TT,TCGA-LUAD,49.53053555256792,0.0049630853911728934,0.24582427741791946
TT,TCGA-LUAD,178.30495872835436,0.0028578678551366256,0.5095720099612266
TT,TCGA-LUAD,147.50666122801246,0.004122181523042998,0.6080492334398759
TT,TCGA-LUAD,84.07910177120003,0.008087298363026796,0.6799727821189894
TT,TCGA-LUAD,81.42474672948332,0.007505903778861204,0.6111663141696453
TT,TCGA-LUAD,79.54451411259616,0.006974311091739389,0.5547681870624998
TT,TCGA-LUAD,97.31773333093781,0.005098325478560137,0.4961574793568413
TT,TCGA-LUAD,201.51596944930492,0.002279154995549513,0.45928612845338634
TT,TCGA-LUAD,155.57997726305922,0.0028881634474671484,0.44934040348893767
TT,TCGA-LUAD,71.38088605953189,0.007218989972401507,0.5152979006848952
TT,TCGA-LUAD,67.95827849017486,0.007820780614610605,0.5314867870182685
TT,TCGA-LUAD,172.2166647252569,0.0030567178024165976,0.5264177449385032
TT,TCGA-LUAD,124.46902845354452,0.003220686841466831,0.4008757621104914
TT,TCGA-LUAD,80.96490813718623,0.0076870856238403125,0.6223841813769158
TT,TCGA-LUAD,63.436530217135314,0.008630235271588443,0.5474721805871072
TT,TCGA-LUAD,72.95899419787793,0.00882802871675915,0.6440840959247306
TT,TCGA-LUAD,125.244143021056,0.005030170076513121,0.6299993404830455
TT,TCGA-LUAD,42.604872756335396,0.006755087128278884,0.2877996275582809
TT,TCGA-LUAD,127.44778561546568,0.0032308326835284,0.41176247120976717
TT,TCGA-LUAD,56.05270488291251,0.011639425194659228,0.6524212654429702
TT,TCGA-LUAD,87.24441772069302,0.0069005733333612615,0.602036502408045
TT,TCGA-LUAD,178.5330961517828,0.003039890307108336,0.542721028489845
TT,TCGA-LUAD,109.08435297746823,0.004261469699284037,0.4648596648794853
TT,TCGA-LUAD,68.5395245267489,0.0037750056467377602,0.25873709211319834
TT,TCGA-LUAD,67.4180207234303,0.006201166316809559,0.41807035925610475
TT,TCGA-LUAD,130.63129253024997,0.0036730698670692763,0.47981786428917295
TT,TCGA-LUAD,108.99646719258786,0.005454214223583123,0.5944900816821239
TT,TCGA-LUAD,38.309781014783496,0.014200889458201874,0.5440329653588613
TT,TCGA-LUAD,98.07640566311503,0.004467984068783121,0.4382038180263086
TT,TCGA-LUAD,104.02706092828296,0.00576324441125153,0.5995333775138492
TT,TCGA-LUAD,92.9947574581195,0.0062170112558093266,0.5781494538483872
TT,TCGA-LUAD,173.85159889024047,0.0027725156527689536,0.4820062791821013
TT,TCGA-LUAD,83.04708496505047,0.006974642669200845,0.5792237423499891
TT,TCGA-LUAD,47.11743360407585,0.006065379937855292,0.2857851365053904
TT,TCGA-LUAD,108.50131134243102,0.0036341288031891015,0.3943077407333169
TT,TCGA-LUAD,65.98860012643682,0.008472216041964943,0.5590696765780079
TT,TCGA-LUAD,153.46139533727717,0.0036489909247773653,0.5599792388893958
TT,TCGA-LUAD,37.568680499948414,0.015906187564171895,0.5975744785706266
TT,TCGA-LUAD,72.15159407350471,0.007648157427640756,0.5518267501293959
TT,TCGA-LUAD,68.75412466443466,0.007320113510484935,0.5032879968576937
TT,TCGA-LUAD,97.20363746849416,0.005471871395942165,0.5318858034453853
TT,TCGA-LUAD,102.69293166653229,0.005461583105127563,0.560865980605952
TT,TCGA-LUAD,46.449554987507554,0.008938528720693499,0.41519068131926823
TT,TCGA-LUAD,200.55645021691248,0.0024995841615881517,0.5013077264665371
TT,TCGA-LUAD,80.21315410810739,0.006578822294300591,0.5277080865425859
TT,TCGA-LUAD,55.03446695092852,0.007549043170153454,0.4154575668589429
TT,TCGA-LUAD,107.16248190206352,0.005228927688003659,0.5603448687328909
TT,TCGA-LUAD,82.59208980499304,0.006135012946067979,0.5067035401964414
TT,TCGA-LUAD,75.08535868318441,0.00775059119699055,0.5819559200327671
TT,TCGA-LUAD,144.23854902277998,0.0034379980661707436,0.4958918526075916
TT,TCGA-LUAD,130.04747010909486,0.0038226305544767428,0.4971234327714269
TT,TCGA-LUAD,155.5378000111914,0.0031409703590885817,0.48853961955299985
TT,TCGA-LUAD,116.77750666904079,0.0038087845796375692,0.44478036664956594
TT,TCGA-LUAD,166.45697683505688,0.0029385410433149417,0.4891406583759391
TT,TCGA-LUAD,82.68996381583082,0.005139811401824658,0.42501081883707564
TT,TCGA-LUAD,25.24535785978492,0.014435085864152652,0.3644189083772564
TT,TCGA-LUAD,30.16379463368383,0.02080937279877123,0.6276896475579018
TT,TCGA-LUAD,125.76103938550665,0.004469579403055809,0.5620989513443508
TT,TCGA-LUAD,92.58718369011243,0.006582544110216971,0.6094592206809264
TT,TCGA-LUAD,19.460516810656678,0.015538547119669812,0.3023881574355153
TT,TCGA-LUAD,37.31171261649137,0.005384273321981258,0.20089645883840598
TT,TCGA-LUAD,119.75576217214264,0.0046456846856667905,0.5563475103434774
TT,TCGA-LUAD,89.89189522971341,0.00479206044685342,0.4307673956230012
TT,TCGA-LUAD,104.2900661112008,0.0052170902786506995,0.5440906900685845
TT,TCGA-LUAD,27.74750322020119,0.015407528157919449,0.4275204371772104
TT,TCGA-LUAD,137.21499419966045,0.003517515902675155,0.48265592418278475
TT,TCGA-LUAD,50.70228328352528,0.008624476024362969,0.4372806265592232
TT,TCGA-LUAD,28.490605139242195,0.007716808512384049,0.2198565442614769
TT,TCGA-LUAD,92.09677409106934,0.007314113179963744,0.6736062292116337
TT,TCGA-LUAD,88.72527829469139,0.006462843130121193,0.5734175552949372
TT,TCGA-LUAD,73.96343506425123,0.006037975993972127,0.44658944534966516
TT,TCGA-LUAD,130.84723870514878,0.00485311065959971,0.6350161289391453
TT,TCGA-LUAD,109.56008853873965,0.0044834580034554,0.4912080558182945
TT,TCGA-LUAD,88.0292762334843,0.006788046351205579,0.5975468073359711
TT,TCGA-LUAD,153.81038718207776,0.003389246509583232,0.5213013178945025
TT,TCGA-LUAD,196.28170366331975,0.0021371991425113077,0.41949308875990554
TT,TCGA-LUAD,66.12419470566012,0.0073530608833897605,0.4862152295358377
TT,TCGA-LUAD,142.7057467434243,0.0032990355313267947,0.4707913290310798
TT,TCGA-LUAD,112.83567110598099,0.005150988694686948,0.5812152662243228
TT,TCGA-LUAD,155.83576743776652,0.0029033754446500925,0.4524497405770138
TT,TCGA-LUAD,33.79222838144588,0.017378644828934996,0.5872631350194049
TT,TCGA-LUAD,95.12456215702922,0.0054222467789913475,0.5157888507589139
TT,TCGA-LUAD,175.16367218750722,0.002473734394984004,0.43330840064193954
TT,TCGA-LUAD,80.11612591356763,0.007478279584634978,0.5991307888194781
TT,TCGA-LUAD,121.38475134455193,0.004212896069062102,0.5113813417835436
TT,TCGA-LUAD,183.76495799245964,0.002585037528953285,0.47503931291703205
TT,TCGA-LUAD,52.07002855253392,0.0050728524831882785,0.26414357364240626
TT,TCGA-LUAD,24.511422482329312,0.010628251563158483,0.2605135643130545
TT,TCGA-LUAD,92.83161174608435,0.005531177144520794,0.5134680891789698
TT,TCGA-LUAD,154.87425271982417,0.003504892552942455,0.5428176150002395
TT,TCGA-LUAD,108.22539460030201,0.005280226981807058,0.5714546486852305
TT,TCGA-LUAD,63.17761944694612,0.0031697261952026183,0.20025575531152745
TT,TCGA-LUAD,167.81673822395612,0.00316539752663209,0.5312066881015756
TT,TCGA-LUAD,92.77788356233518,0.006117312826578902,0.5675513371387169
TT,TCGA-LUAD,111.36080889229082,0.004855808790643158,0.5407467947523186
TT,TCGA-LUAD,122.70593118453995,0.004741887748023239,0.5818577516937526
TT,TCGA-LUAD,174.921318464233,0.0031145782804003173,0.5448061392676871
TT,TCGA-LUAD,26.493443786834984,0.01622604888779191,0.4298839140911513
TT,TCGA-LUAD,135.21253864501526,0.004633213297328735,0.6264685320156602
TT,TCGA-LUAD,45.52850301832309,0.006832639460416158,0.3110798462966705
TT,TCGA-LUAD,24.517001106781912,0.015277302641355128,0.3745536457667459
TT,TCGA-LUAD,53.75166063251847,0.007357919468294127,0.39550039022114664
TT,TCGA-LUAD,76.06029152295545,0.007423700846451038,0.5646488505602771
TT,TCGA-LUAD,115.05682841888391,0.005283880424299004,0.6079465233644701
TT,TCGA-LUAD,133.79189308875982,0.004250314127204087,0.5686575733005348
TT,TCGA-LUAD,32.70771886252898,0.014749768737961775,0.4824312891685726
TT,TCGA-LUAD,39.355139468638534,0.005474652466533166,0.2154557113627387
TT,TCGA-LUAD,111.66060286661364,0.004798768599731114,0.5358333948633516
TT,TCGA-LUAD,95.71705717924246,0.003747402621311725,0.3586903509777375
TT,TCGA-LUAD,189.31291485282512,0.00234905527256268,0.4447065007992385
TT,TCGA-LUAD,45.81839463456538,0.006489800405415212,0.2973522360748766
TT,TCGA-LUAD,130.64815583649883,0.0043557005592558245,0.5690642454427801
TT,TCGA-LUAD,118.52703836600672,0.004418026416132707,0.5236555865269925
TT,TCGA-LUAD,92.20704922005987,0.005180844490052818,0.47771038289577616
TT,TCGA-LUAD,66.04089739551048,0.006925656655310927,0.4573765805699232
TT,TCGA-LUAD,129.78778583537328,0.003718272811580435,0.4825863953468928
TT,TCGA-LUAD,111.07735893834206,0.004495743444076013,0.49937530823232945
TT,TCGA-LUAD,77.89731728723088,0.00778341613278723,0.6063072360742784
TT,TCGA-LUAD,46.479831922007996,0.010152225484376288,0.4718737341481361
TT,TCGA-LUAD,14.808691896038736,0.01054461261205884,0.1561519193350636
TT,TCGA-LUAD,193.491437663212,0.0021184795370422786,0.40990765128240625
TT,TCGA-LUAD,42.09364525050633,0.014083680509290436,0.5928334511795419
TT,TCGA-LUAD,47.212409036413746,0.005574953551168665,0.2632069874167824
TT,TCGA-LUAD,66.52222061563056,0.005831618123239379,0.38793218734023943
TT,TCGA-LUAD,121.8597338864637,0.003948499262800034,0.48116306941571024
TT,TCGA-LUAD,90.42958484751932,0.0051119121093310595,0.4622680898238145
TT,TCGA-LUAD,114.44116966844112,0.005135278267222425,0.5876872514738598
TT,TCGA-LUAD,31.420443794107694,0.012849828682345042,0.4037473198775353
TT,TCGA-LUAD,134.46563518882598,0.004117320172962543,0.5536380723331753
TT,TCGA-LUAD,37.25040239677507,0.011704496130789825,0.43599719072341786
TT,TCGA-LUAD,184.5644478412198,0.002973753321737536,0.5488491398424815
TT,TCGA-LUAD,210.77486601758426,0.0024204628746598194,0.5101727381069603
TT,TCGA-LUAD,84.45887788291215,0.003587357093751923,0.3029841547035923
TT,TCGA-LUAD,106.32414198578499,0.0028370768744578508,0.30164976442444363
TT,TCGA-LUAD,54.66576773629667,0.007474908081453119,0.4086215890308832
TT,TCGA-LUAD,118.6322199151039,0.003399588278066859,0.403300704224437
TT,TCGA-LUAD,18.92129981730764,0.01121291242828574,0.21216287788080956
TT,TCGA-LUAD,131.19212695277923,0.004340039845530511,0.5693790583949591
TT,TCGA-LUAD,58.704457344848,0.0063729457763147986,0.3741203234867013
TT,TCGA-LUAD,141.0096470425231,0.00407852477144405,0.5751113384755128
TT,TCGA-LUAD,186.95661616962047,0.0026381927041835545,0.49322758077753787
TT,TCGA-LUAD,66.35082640168665,0.00851805237027732,0.5651798141007458
TT,TCGA-LUAD,55.84704209210543,0.008440030322950678,0.4713507287044727
TT,TCGA-LUAD,100.81581540292547,0.005005996174083439,0.5046835861941471
TT,TCGA-LUAD,83.42863103565988,0.006871871022415991,0.5733107920537865
TT,TCGA-LUAD,93.25146602439908,0.0055025979460560075,0.5131253254125699
TT,TCGA-LUAD,90.90204650491764,0.004504575489971935,0.40947513067434094
TT,TCGA-LUAD,78.04194731249095,0.006718088715583041,0.5242927255821717
TT,TCGA-LUAD,88.85818796633991,0.007088667675418181,0.6298861647332266
TT,TCGA-LUAD,96.76574354127996,0.005295427844074127,0.51241601270103
TT,TCGA-LUAD,161.57612502188618,0.003422558278559077,0.553003704311153
TT,TCGA-LUAD,120.26312715245068,0.00502230285443519,0.6039978467810553
TT,TCGA-LUAD,118.59077654639896,0.005036399199946891,0.5972704921193642
TT,TCGA-LUAD,122.39829436723392,0.004749506162826876,0.5813314534166756
TT,TCGA-LUAD,99.67900283539589,0.005650744495395023,0.5632605765785782
TT,TCGA-LUAD,131.87122268746646,0.004132410691349455,0.5449460505150111
TT,TCGA-LUAD,36.4822916291254,0.01703541833713504,0.6214910997995109
TT,TCGA-LUAD,159.53494620553198,0.002505367835795954,0.3996937229087776
TT,TCGA-LUAD,144.79707915168376,0.0037465217976044513,0.5424854132712402
TT,TCGA-LUAD,47.38844242861481,0.009830933061603556,0.46587260540936604
TT,TCGA-LUAD,152.58412569707824,0.0035036235015885927,0.5345973287616312
TT,TCGA-LUAD,142.93247710538375,0.003843431735189036,0.5493512184960122
TT,TCGA-LUAD,125.80527208273436,0.00442011263977454,0.5560734732831693
TT,TCGA-LUAD,95.78841371743157,0.006277993391848285,0.601359028333665
TT,TCGA-LUAD,79.00142791835128,0.007442241605022139,0.5879477137101115
TT,TCGA-LUAD,69.91931096595174,0.0070200576498885,0.49083759382146236
TT,TCGA-LUAD,159.37855577851332,0.003260427636833388,0.5196422479788565
TT,TCGA-LUAD,89.02143850299103,0.0058310878914045565,0.5190918321302064
TT,TCGA-LUAD,154.5647743191731,0.0036100593801972935,0.5579880133790086
TT,TCGA-LUAD,145.5265938072546,0.0035502325475981937,0.5166532498756171
TT,TCGA-LUAD,80.90972079534353,0.0061625513943895285,0.4986103127070117
TT,TCGA-LUAD,41.74454480555407,0.008903557427896024,0.37167495197762934
TT,TCGA-LUAD,182.29574346817296,0.002515671548647101,0.4585962152823533
TT,TCGA-LUAD,91.67353156156187,0.005050311408018383,0.46297988225868925
TT,TCGA-LUAD,60.15737529234247,0.005273096279903274,0.3172156318627962
TT,TCGA-LUAD,169.8476642783059,0.0025606837349870736,0.4349261513430029
TT,TCGA-LUAD,135.01687088234922,0.003755993146607808,0.507122441710535
TT,TCGA-LUAD,48.297235552736886,0.005695503569974383,0.27507707751050664
TT,TCGA-LUAD,79.2647841900058,0.004278400924256477,0.339126525939511
TT,TCGA-LUAD,137.03524800066998,0.003779900644482516,0.5179796222345538
TT,TCGA-LUAD,250.97015860771828,0.0016044390298428292,0.4026663177960685
TT,TCGA-LUAD,158.5689141745665,0.002556611624511104,0.40539912926480026
TT,TCGA-LUAD,159.3431766668138,0.002794657363432375,0.445309581984617
TT,TCGA-LUAD,66.06235278375861,0.005520346765173441,0.3646870954895685
TT,TCGA-LUAD,128.68879991079467,0.004052326006018118,0.5214889705617752
TT,TCGA-LUAD,75.36450809853667,0.00583461537006589,0.4397229173091773
TT,TCGA-LUAD,159.61666843161046,0.0028462177757287554,0.4543037989926526
TT,TCGA-LUAD,127.72054295465523,0.004706362437741493,0.6010991658897382
TT,TCGA-LUAD,47.44515509441233,0.0062842299287777055,0.29815626361980596
TT,TCGA-LUAD,69.22545512063881,0.008634041108583658,0.5976954252720086
TT,TCGA-LUAD,41.7703209704313,0.013901520545838424,0.5806709751767163
TT,TCGA-LUAD,155.75060047713072,0.00352856914881603,0.5495767637531747
TT,TCGA-LUAD,129.29088837316127,0.003794455720333651,0.4905885509745613
TT,TCGA-LUAD,156.9686705769757,0.0031830206327758165,0.4996345171459039
TT,TCGA-LUAD,176.29534021795862,0.0027336245237716116,0.4819252654464714
TT,TCGA-LUAD,88.03150902319301,0.005774223238383402,0.5083135851116792
TT,TCGA-LUAD,35.102258585301236,0.013604767062544033,0.47755805142220975
TT,TCGA-LUAD,18.029350358880205,0.016213541166605668,0.2923196142508609
TT,TCGA-LUAD,58.76330342867894,0.007387769323909783,0.4341297304419969
TT,TCGA-LUAD,111.30963004570701,0.0055925366887533915,0.6225031898421833
TT,TCGA-LUAD,142.76635237513813,0.0040326148134693755,0.5757217074529708
TT,TCGA-LUAD,194.19464447870484,0.0026179443124216637,0.5083907650157724
TT,TCGA-LUAD,68.14394303123318,0.006512762264548997,0.443805300731392
TT,TCGA-LUAD,63.38064999443119,0.004650641977353546,0.2947607114160545
TT,TCGA-LUAD,111.60135631973898,0.004911120414445358,0.5480876993016606
TT,TCGA-LUAD,34.34755067129767,0.00513389749841427,0.1763368044680325
TT,TCGA-LUAD,52.335047084265966,0.007066565560239136,0.3698290413191675
TT,TCGA-LUAD,75.19791676328545,0.007345495605262086,0.5523659671095774
TT,TCGA-LUAD,16.5647514395487,0.008815052746448945,0.1460191576714379
TT,TCGA-LUAD,79.69995198654601,0.005176054683474491,0.41253130975265356
TT,TCGA-LUAD,168.27565485273888,0.0028575233000603375,0.48085160457461273
TT,TCGA-LUAD,16.78061306605253,0.012721451444355825,0.21347375432631022
TT,TCGA-LUAD,135.2542756011281,0.003630576884828201,0.49105104657163867
TT,TCGA-LUAD,74.69809053102848,0.00836001103103692,0.6244768608367927
TT,TCGA-LUAD,153.54782745412308,0.00325129660929437,0.4992295307661074
TT,TCGA-LUAD,170.33639188467868,0.0028821319335714567,0.49093195450017435
TT,TCGA-LUAD,138.77092430578733,0.0033168724279806407,0.46028545263525455
TT,TCGA-LUAD,116.07079715257359,0.004508655081294243,0.5233231893718243
TT,TCGA-LUAD,71.55114334159234,0.007591469047003021,0.5431782899553745
TT,TCGA-LUAD,134.24307577625575,0.003923237713935917,0.5266674977201636
TT,TCGA-LUAD,124.9694695946953,0.004323732950378046,0.5403346134778514
TT,TCGA-LUAD,196.15671231936406,0.0031444583452248085,0.6168066110244863
TT,TCGA-LUAD,106.26531499593919,0.004410573787995725,0.46869101289419846
TT,TCGA-LUAD,80.60136723442288,0.005290756469078282,0.42644220511207714
TT,TCGA-LUAD,126.85486452286479,0.00420342932459872,0.5332254575034077
TT,TCGA-LUAD,221.11616287865363,0.002097586627458017,0.4638103063690927
TT,TCGA-LUAD,74.38959131346554,0.0055540524867616625,0.4131636946237371
TT,TCGA-LUAD,6.45435122082957,0.020544894561945755,0.13260396529770938
TT,TCGA-LUAD,100.7909150786363,0.0032620791479331373,0.3287879423791191
TT,TCGA-LUAD,133.05893780146909,0.0038651964726437596,0.5142989370439637
TT,TCGA-LUAD,131.85425074634682,0.003741052949444032,0.49327373365135374
TT,TCGA-LUAD,66.6320088343305,0.005654297378882218,0.3767571929016118
TT,TCGA-LUAD,106.1767803636423,0.003412879570091676,0.3623685645211858
TT,TCGA-LUAD,40.68635105682628,0.011811403065700358,0.48056289160475896
TT,TCGA-LUAD,4.038810938903368,0.016056568756897725,0.0648494455366126
TT,TCGA-LUAD,19.280021668884594,0.012036279075456617,0.2320597213875458
TT,TCGA-LUAD,64.23810476486035,0.007764966374747818,0.4988067234766682
TT,TCGA-LUAD,11.573710300924972,0.023318580182328595,0.2698824916591614
TT,TCGA-LUAD,91.79024135436131,0.005743458825210233,0.5271934717748838
TT,TCGA-LUAD,82.67571166133602,0.005591953673443293,0.4623187495291464
TT,TCGA-LUAD,38.3967546913329,0.008076646129610673,0.3101170001673643
TT,TCGA-LUAD,99.67786196054014,0.0049550161625601715,0.4939054170639181
TT,TCGA-LUAD,79.62170447453454,0.006079893942790817,0.48409151874940304
TT,TCGA-LUAD,114.06890643111196,0.005409962595902813,0.6171085171478535
TT,TCGA-LUAD,160.5171631968213,0.00291721372646977,0.46826287181175524
TT,TCGA-LUAD,54.78478640505288,0.007287321591307011,0.39923435684468467
TT,TCGA-LUAD,124.00072841240329,0.0047113792219307974,0.5842144553464808
TT,TCGA-LUAD,146.0609177766176,0.00355250368835084,0.5188819491253428
TT,TCGA-LUAD,14.912181470182276,0.009188708544896354,0.13702368929810896
TT,TCGA-LUAD,230.5253071333141,0.001982716676892053,0.4570663708988844
TT,TCGA-LUAD,158.8275345729232,0.003502124774502193,0.556233843700938
TT,TCGA-LUAD,88.87517324978184,0.006067082249819946,0.5392129860734238
TT,TCGA-LUAD,162.7803669419951,0.002700561739927194,0.4395984309748614
TT,TCGA-LUAD,45.116268079151645,0.00830361599808674,0.37462816539601373
TT,TCGA-LUAD,29.008955661901535,0.007038795295020888,0.2041881006264621
TT,TCGA-LUAD,69.44803033322985,0.007172793073684543,0.4981363509552251
TT,TCGA-LUAD,43.03074468920385,0.010548493207884167,0.4539095180842645
TT,TCGA-LUAD,118.65383968685234,0.004674930998223923,0.5546985132103579
TT,TCGA-LUAD,60.2388242748503,0.006720943095433362,0.4048617100870787
TT,TCGA-LUAD,87.10334826938235,0.005282683654570529,0.4601394341610303
TT,TCGA-LUAD,155.75846933222348,0.0035207587436848066,0.5483879928043877
TT,TCGA-LUAD,60.1301880493988,0.00612375815000916,0.36822272912908927
TT,TCGA-LUAD,82.31633171576615,0.006201976178076801,0.5105239283678495
TT,TCGA-LUAD,109.73781257756205,0.005300997324922186,0.5817198509164687
TT,TCGA-LUAD,63.30693114249534,0.008901339532187566,0.5635164888401699
TT,TCGA-LUAD,107.18502752457664,0.004910422643704098,0.5263237862227281
TT,TCGA-LUAD,202.90634674306017,0.0020184766775202196,0.4095617286216977
TT,TCGA-LUAD,177.50970187510953,0.0022663995410680095,0.40230790686486745
TT,TCGA-LUAD,164.7254206384578,0.002330126463948343,0.383831061914693
TT,TCGA-LUAD,80.96512168658995,0.006183766512666712,0.5006694081795203
TT,TCGA-LUAD,185.13912088491873,0.0027080727708049456,0.5013702120792136
TT,TCGA-LUAD,41.34915396348535,0.008434024583854685,0.34873978104962783
TT,TCGA-LUAD,99.61384478051973,0.00522042581071747,0.5200266863970289
TT,TCGA-LUAD,136.23817481770493,0.004239140865264649,0.5775328142788021
TT,TCGA-LUAD,128.00562331767722,0.004210849893786353,0.5390124653512971
TT,TCGA-LUAD,144.84464370538194,0.003090717941510721,0.4476739390319519
TT,TCGA-LUAD,165.02851692279364,0.0031218230949822054,0.5151898354602389
TT,TCGA-LUAD,45.56715978419254,0.009753997319186698,0.444461954377966
TT,TCGA-LUAD,94.28270416059688,0.004946198717587393,0.4663409904098158
TT,TCGA-LUAD,94.34032380747851,0.006697757017129635,0.6318685657798212
TT,TCGA-LUAD,188.12452061089374,0.002505607127438902,0.47136613968868196
TT,TCGA-LUAD,112.00763769075795,0.004595114845126518,0.5146879587203543
TT,TCGA-LUAD,201.25786941053238,0.002379699821197242,0.4789333158507818
TT,TCGA-LUAD,119.722955794911,0.004177392768113896,0.5001298097148809
TT,TCGA-LUAD,68.47297765099638,0.00873577831799439,0.5981647535320888
TT,TCGA-LUAD,275.799895997642,0.001464216463884561,0.4038307484573971
TT,TCGA-LUAD,144.29997653117118,0.0035199008873893784,0.5079216154423359
TT,TCGA-LUAD,140.27577386400904,0.0036192785593867627,0.5076971007473939
TT,TCGA-LUAD,203.37240204302486,0.002536903251794921,0.5159361080682938
TT,TCGA-LUAD,133.87879064495337,0.0032318292130742066,0.4326733866174061
TT,TCGA-LUAD,71.37980638318862,0.008387903195329862,0.5987269060435747
TT,TCGA-LUAD,109.39684809553408,0.004308394910280813,0.47132482353556227
TT,TCGA-LUAD,120.98574007594355,0.0034721743392164455,0.42008358210280194
TT,TCGA-LUAD,69.12950130931475,0.0058755537254835104,0.40617409895876144
TT,TCGA-LUAD,140.47486198796867,0.00314763557791281,0.44216367339572193
TT,TCGA-LUAD,113.6463196557445,0.004102611676927567,0.4662467180595003
TT,TCGA-LUAD,50.86219334908776,0.008331403424050107,0.42375345182328833
TT,TCGA-LUAD,141.51528125830592,0.003965408146703417,0.5611658491847117
TT,TCGA-LUAD,75.99430839570432,0.007781961396644758,0.5913847743000877
TT,TCGA-LUAD,122.14640986364554,0.004100844966295214,0.5009034900403629
TT,TCGA-LUAD,162.0004626943318,0.0029170734051592625,0.47256724134913053
TT,TCGA-LUAD,154.19318966600378,0.0033826226180607654,0.5215773709151579
TT,TCGA-LUAD,78.4022353809805,0.005906876276022702,0.46311230415906146
TT,TCGA-LUAD,128.0887479623439,0.004254024820850367,0.5448927131034578
TT,TCGA-LUAD,39.15414382002917,0.012545733505400648,0.49121745399821565
TT,TCGA-LUAD,159.30061053798528,0.0031958165920710664,0.5090955342843443
TT,TCGA-LUAD,103.75771351926446,0.004571058871813593,0.47428261690132695
TT,TCGA-LUAD,192.75564407068248,0.00229989068990035,0.44331691122390826
TT,TCGA-LUAD,38.00060753004581,0.012324347557020072,0.46833269457819865
TT,TCGA-LUAD,32.79294948005575,0.008564498633719834,0.28085517101758106
TT,TCGA-LUAD,72.02955587348696,0.007489175734310197,0.539442002000859
TT,TCGA-LUAD,134.76680728493199,0.004146939021111068,0.5588697318804399
TT,TCGA-LUAD,38.94337874820055,0.009851322860831778,0.3836437973401785
TT,TCGA-LUAD,57.60830850166395,0.005795231104118817,0.33385346128451543
TT,TCGA-LUAD,66.4435548483761,0.006534694550011749,0.43418833575109006
TT,TCGA-LUAD,101.25377783217336,0.005153915145848333,0.5218533791436004
TT,TCGA-LUAD,82.70032815762804,0.008000237305787973,0.6616222505275634
TT,TCGA-LUAD,64.88130765967273,0.009247033809197952,0.5999596455139677
TT,TCGA-LUAD,105.91663815367188,0.004142176513550918,0.43872541095441075
TT,TCGA-LUAD,152.8954016240439,0.003621343413028894,0.5536867555536387
TT,TCGA-LUAD,39.154328665632,0.007270347926945427,0.2846655922451175
TT,TCGA-LUAD,160.46630743078825,0.0029267468949979816,0.46964426702485107
TT,TCGA-LUAD,71.17560088599075,0.006484882517246281,0.46156540984006034
TT,TCGA-LUAD,98.97556873438623,0.004501659138806784,0.44555427351174876
TT,TCGA-LUAD,148.80855260351552,0.003501326926964117,0.5210273921932451
TT,TCGA-LUAD,199.6358003893807,0.0021420900996398508,0.4276378715477699
TT,TCGA-LUAD,19.128025971795154,0.0198816236443618,0.38029621343080916
TT,TCGA-LUAD,252.4078313419301,0.0017993094139001713,0.4541597870756615
TT,TCGA-LUAD,24.911828893212068,0.01248885328681467,0.3111201761535562
TT,TCGA-LUAD,52.79458971232857,0.011488894856254855,0.6065514901840572
TT,TCGA-LUAD,86.65789313565251,0.00520405080890054,0.450972078870209
TT,TCGA-LUAD,57.02371297711447,0.007459576773108554,0.4253727648404919
TT,TCGA-LUAD,186.81295934334022,0.003036666913307241,0.5672887326149321
TT,TCGA-LUAD,103.6806171501987,0.004607442893427632,0.47770252267487406
TT,TCGA-LUAD,28.763339158047476,0.02348887118279779,0.6756183682705006
TT,TCGA-LUAD,133.32847344558246,0.0045538715715063354,0.6071607448961753
TT,TCGA-LUAD,32.046003469655545,0.006028901769105188,0.19320220701095733
TT,TCGA-LUAD,41.77452186949507,0.008779583917447846,0.3667629203644922
TT,TCGA-LUAD,150.50022245727726,0.0034393577162919074,0.5176241014120851
TT,TCGA-LUAD,146.1788782594811,0.003839389470898134,0.561237646057152
TT,TCGA-LUAD,141.77883890082396,0.003959468044070592,0.5613687819532449
TT,TCGA-LUAD,104.64254297079403,0.006303550462257069,0.6596195501153039
TT,TCGA-LUAD,157.4280754899907,0.003268726829123009,0.514589374011335
TT,TCGA-LUAD,61.57589830627822,0.004540811371129943,0.27960453921668915
TT,TCGA-LUAD,161.00828961946178,0.0032937548836588317,0.5303218402436578
TT,TCGA-LUAD,106.17812416618659,0.0045695089505525584,0.4851818887302705
TT,TCGA-LUAD,56.97547560406811,0.007500605685604218,0.4273505762558777
TT,TCGA-LUAD,93.22923565151146,0.006959935684650484,0.6488694840636438
TT,TCGA-LUAD,65.33297961879711,0.008071030360808425,0.5273044620653895
TT,TCGA-LUAD,209.33370182306683,0.0024576702784928984,0.514473217257446
TT,TCGA-LUAD,123.00407583181412,0.0039731626444089035,0.4887151992050039
TT,TCGA-LUAD,151.19821758851035,0.0016491693793167402,0.24935147065424101
TT,TCGA-LUAD,164.11555895597587,0.00275211610858886,0.45166507347280593
TT,TCGA-LUAD,173.4536934830767,0.0028557661793683787,0.4953431915354998
TT,TCGA-LUAD,89.8522301285244,0.006322283937561332,0.5680713112956342
TT,TCGA-LUAD,140.50537621276465,0.0027722768495190104,0.3895198017076065
TT,TCGA-LUAD,82.92233997507722,0.005861148119507479,0.4860201170100837
TT,TCGA-LUAD,137.7891072653106,0.0042093589909928,0.5800038175281065
TT,TCGA-LUAD,127.82582841629906,0.004039429861235591,0.5163434683419754
TT,TCGA-LUAD,137.73058079172313,0.004066463729736986,0.5600764112651517
TT,TCGA-LUAD,143.01564684784742,0.0036935015990958416,0.5282285203282506
TT,TCGA-LUAD,167.01469993636212,0.002799327254505854,0.46752880143497555
TT,TCGA-LUAD,78.02704534944763,0.007563836614143471,0.590183822507585
TT,TCGA-LUAD,95.34931935257038,0.006825761826483827,0.6508317442179905
TT,TCGA-LUAD,36.940428189236016,0.00983434594670334,0.363284950232299
TT,TCGA-LUAD,24.245344997762647,0.01797214248875436,0.43574079498879803
TT,TCGA-LUAD,24.679757528611052,0.013244884320004214,0.3268805335122065
TT,TCGA-LUAD,28.302261212956378,0.011809132759176772,0.3342251600487013
TT,TCGA-LUAD,86.16289126316663,0.007808296958508833,0.6727854417865113
TT,TCGA-LUAD,157.20603656957184,0.0029696397277901737,0.46684529164543537
TT,TCGA-LUAD,73.55640082609095,0.006307963840329665,0.46399111663577686
TT,TCGA-LUAD,99.4951426157859,0.004510538625824877,0.44877668385045705
TT,TCGA-LUAD,93.01755982858448,0.005964821883750468,0.5548331764386092
TT,TCGA-LUAD,143.85939628172204,0.003998231932910266,0.5751832320627734
TT,TCGA-LUAD,92.15591342406688,0.0061154491388138235,0.5635748013858111
TT,TCGA-LUAD,153.33764878303435,0.0032027625093267653,0.4911040727906173
TT,TCGA-LUAD,77.34472692667059,0.0033307024127985727,0.25761226859190844
TT,TCGA-LUAD,147.4291619782005,0.0033120952747825866,0.4882994307531545
TT,TCGA-LUAD,128.4159434654152,0.004512064144349327,0.5794209740730902
TT,TCGA-LUAD,96.31147499088762,0.006422475518231923,0.6185580902537818
TT,TCGA-LUAD,57.76957846971909,0.005409564212800767,0.3125082442783781
TT,TCGA-LUAD,82.74518560332987,0.006298556291736134,0.5211752093927275
TT,TCGA-LUAD,134.0877207567832,0.004261588035977674,0.5714266265486225
TT,TCGA-LUAD,115.77160525212908,0.005401541105772668,0.6253450846506621
TT,TCGA-LUAD,137.28594180015753,0.0038536701376962797,0.5290547342407765
TT,TCGA-LUAD,106.63206473294817,0.005716345300970076,0.6095457021689252
TT,TCGA-LUAD,147.88584414434138,0.002861642253718223,0.4231963803302349
TT,TCGA-LUAD,20.498451607129812,0.022801139656541916,0.46738805783703297
TT,TCGA-LUAD,88.54040659741456,0.006385073726180928,0.5653370238705282
TT,TCGA-LUAD,133.8601232025508,0.002987542257637878,0.3999127746802331
TT,TCGA-LUAD,71.12346201831971,0.009414846113330025,0.669616449949753
TT,TCGA-LUAD,38.04838900822102,0.012004673411778695,0.45675848388800366
TT,TCGA-LUAD,37.74456233552428,0.0054671099357149495,0.20635367176375705
TT,TCGA-LUAD,145.00569203050188,0.0032296530315725387,0.46831807286158433
TT,TCGA-LUAD,96.33971936628608,0.005222187458119207,0.5031040741933432
TT,TCGA-LUAD,137.78316961707475,0.0037755730744165336,0.5202104253139936
TT,TCGA-LUAD,152.63985725143132,0.00275240503735962,0.4201267120006929
TT,TCGA-LUAD,64.40837046439893,0.007943876703706998,0.5116521536558685
TT,TCGA-LUAD,89.86010943238688,0.004916058590711743,0.4417575629373828
TT,TCGA-LUAD,109.6245868161365,0.004855276569539676,0.5322576878138556
TT,TCGA-LUAD,136.6446235229446,0.0033433125275344087,0.4568456816444837
TT,TCGA-LUAD,127.90783945014178,0.004031292803945496,0.5156339527435724
TT,TCGA-LUAD,29.27978540089019,0.010962443127734305,0.3209779822495239
TT,TCGA-LUAD,115.16418210123689,0.002967243057813255,0.3417201198486367
TT,TCGA-LUAD,83.22018627282618,0.004575818429305855,0.3808004620374642
TT,TCGA-LUAD,8.121353977407113,0.023746570727720327,0.1928543066293508
TT,TCGA-LUAD,57.36918418559715,0.007740981207915557,0.4440937766941539
TT,TCGA-LUAD,208.54129708846426,0.002188064032291677,0.4563017114067217
TT,TCGA-LUAD,136.59478485376718,0.003422411585057435,0.4674835741419606
TT,TCGA-LUAD,101.54469266141288,0.006046558652731456,0.6139959400508225
TT,TCGA-LUAD,90.10283746016289,0.004641301554560994,0.41819443957421054
TT,TCGA-LUAD,53.572544384903125,0.006843950149762812,0.3666478231662326
TT,TCGA-LUAD,110.87656400666178,0.0054653569590430145,0.6059800006885872
TT,TCGA-LUAD,89.13691937760719,0.007423184968368732,0.6616798400505491
TT,TCGA-LUAD,16.085852653441385,0.020005114346831214,0.3217993216983732
TT,TCGA-LUAD,175.42103559111973,0.0029259039419017295,0.5132650995285408
TT,TCGA-LUAD,151.1326036513718,0.004144866190005072,0.6264244190820081
TT,TCGA-LUAD,75.78885353513787,0.003999056497841011,0.3030839071936138
TT,TCGA-LUAD,40.89939203146298,0.008936792046768845,0.36550936142445944
TT,TCGA-LUAD,67.69216273527752,0.00718350792397713,0.48626718740001545
TT,TCGA-LUAD,102.18386648260426,0.004204369628552057,0.42961874476747985
TT,TCGA-LUAD,112.45926697402889,0.00485138397498995,0.5455830856369203
TT,TCGA-LUAD,132.37461751136578,0.004273364013135574,0.5656849267256567
TT,TCGA-LUAD,106.62042601105429,0.0038399592865982594,0.40941809500221055
TT,TCGA-LUAD,73.95526107492262,0.006561362322155186,0.4852472635421473
TT,TCGA-LUAD,127.34584331222958,0.0039635856592793225,0.5047461583211847
TT,TCGA-LUAD,92.51198383008372,0.00619401552114289,0.5730206637352586
TT,TCGA-LUAD,76.59261912353328,0.0044201283640923645,0.33854920826805274
TT,TCGA-LUAD,72.30367197800217,0.009109572982522764,0.6586555767879969
TT,TCGA-LUAD,161.59040300802843,0.0036514317145202,0.5900363223056153
TT,TCGA-LUAD,123.72745865334974,0.0037174300605684815,0.4599481741157062
TT,TCGA-LUAD,109.93980632339002,0.00538739958650471,0.5922896671270393
TT,TCGA-LUAD,112.1247560878627,0.004534535559081736,0.5084336935337798
TT,TCGA-LUAD,113.38880402491651,0.0054486608251542645,0.6178171345016568
TT,TCGA-LUAD,98.84585433104938,0.006638004397290563,0.6561392157034482
TT,TCGA-LUAD,39.58220890398304,0.012045207442445131,0.4767759172786744
TT,TCGA-LUAD,114.50559026453472,0.004178117794891202,0.47841784429877326
TT,TCGA-LUAD,113.5286531640068,0.005116903387524992,0.5809151499560563
TT,TCGA-LUAD,74.52215369870352,0.004206644335562618,0.31348819573057796
TT,TCGA-LUAD,139.67987986640782,0.00416909877896028,0.5823392165963595
TT,TCGA-LUAD,74.32884694004768,0.0075607961956183824,0.5619852631690135
TT,TCGA-LUAD,102.12824171464246,0.0044167700319946756,0.4510769574255413
TT,TCGA-LUAD,210.66240567036738,0.001731094257616857,0.36467648075172576
TT,TCGA-LUAD,109.68950605996505,0.004621465459897179,0.5069262635693108
TT,TCGA-LUAD,182.70513257913825,0.00323526653512461,0.5910998012287911
TT,TCGA-LUAD,50.572781472140974,0.0088992625202113,0.4500604586978606
TT,TCGA-LUAD,87.69432505876603,0.006510214510148741,0.5709088674552789
TT,TCGA-LUAD,122.61176613658778,0.0031552504958390097,0.3868708358981653
TT,TCGA-LUAD,53.54673777215748,0.010462054123605746,0.5602088687148357
TT,TCGA-LUAD,26.725654067562118,0.013535221486021074,0.3617376471632333
TT,TCGA-LUAD,60.77699373262396,0.006465711448922623,0.39296650420812523
TT,TCGA-LUAD,123.8671434631957,0.004916840774752778,0.6090350216319926
TT,TCGA-LUAD,82.61245658832274,0.006496210953541469,0.5366679453880313
TT,TCGA-LUAD,196.50117316041022,0.0028295441018515105,0.556008735522941
TT,TCGA-LUAD,147.0814517105529,0.0033544117799449436,0.49337175422928203
TT,TCGA-LUAD,100.34600095695129,0.005005788020263055,0.5023108094716118
TT,TCGA-LUAD,27.865557744309083,0.022948226778059647,0.639465138413521
TT,TCGA-LUAD,284.56981690319583,0.0014765698075260045,0.4201871997724622
TT,TCGA-LUAD,148.36149801088882,0.003267340778484389,0.48474757240800764
TT,TCGA-LUAD,51.99556442514063,0.011925866569504267,0.62009216354029
TT,TCGA-LUAD,123.83645417237382,0.0038315864690456163,0.47449008218145505
TT,TCGA-LUAD,157.24014186809436,0.0026766478348307877,0.42087648527972066
TT,TCGA-LUAD,67.47691613602926,0.00845360479511862,0.570423181807354
TT,TCGA-LUAD,78.0014003306258,0.0055615625852462715,0.4338096696756246
TT,TCGA-LUAD,78.89148462459998,0.007047923964844589,0.5560211851078867
TT,TCGA-LUAD,82.32392848400134,0.005514493305567641,0.45397475251305464
TT,TCGA-LUAD,117.39906096456583,0.004360791696056706,0.5119528501791337
TT,TCGA-LUAD,93.34182540789199,0.006134561576570472,0.5726111756342036
TT,TCGA-LUAD,105.22555035768639,0.0038133578132457154,0.4012626746095639
TT,TCGA-LUAD,36.13802945628491,0.008965521418339516,0.3239962771069067
TT,TCGA-LUAD,80.46760546831432,0.008039179009797375,0.6468934848495289
TT,TCGA-LUAD,138.28443393031372,0.004317440224981104,0.5970347775394782
TT,TCGA-LUAD,139.43897947899484,0.0037587859547809884,0.5241212776146402
TT,TCGA-LUAD,44.22214870160634,0.012810058676997745,0.566488319690497
TT,TCGA-LUAD,122.6697248270851,0.0049539708793516265,0.6077022445714568
TT,TCGA-LUAD,85.29973717638798,0.007352787570070072,0.6271908472407896
TT,TCGA-LUAD,68.96987291882088,0.007059288174948272,0.4868782083235173
TT,TCGA-LUAD,63.66268211871058,0.008415231107877758,0.5357361829763063
TT,TCGA-LUAD,184.53244913872433,0.0029574608729788835,0.545747498122743
TT,TCGA-LUAD,52.21245358352603,0.01275410979257658,0.6659233655440995
TT,TCGA-LUAD,44.68021031702902,0.011995010612284272,0.5359395969118563
TT,TCGA-LUAD,128.60202869413396,0.004716447502340078,0.6065447170303152
TT,TCGA-LUAD,137.44686166491772,0.002920745176744749,0.4014472582665111
TT,TCGA-LUAD,80.38890236059108,0.006872173505990698,0.5524464849781271
TT,TCGA-LUAD,166.99044607270616,0.002358459847822956,0.39384026203252215
TT,TCGA-LUAD,75.48620881611058,0.009237142630298296,0.6972768774548941
TT,TCGA-LUAD,23.20149684039619,0.01964398457576767,0.45576984606746507
TT,TCGA-LUAD,100.10474977947749,0.005993605911880275,0.599988420085572
TT,TCGA-LUAD,60.1285501940403,0.006265492901064909,0.37673500439208457
TT,TCGA-LUAD,120.85603989903116,0.004384948886990163,0.5299475576412954
TT,TCGA-LUAD,143.90038218698191,0.0033555480118273983,0.48286464134873
TT,TCGA-LUAD,136.62116048270897,0.003095949219265545,0.4229721751315956
TT,TCGA-LUAD,78.12169192118046,0.006878624271120633,0.5373697661500405
TT,TCGA-LUAD,168.72757825655597,0.003250998642087662,0.5485331277948031
TT,TCGA-LUAD,97.76502162961842,0.004646325704654737,0.4542481330138224
TT,TCGA-LUAD,59.89626758322674,0.009109886368947908,0.5456481916072937
TT,TCGA-LUAD,112.96679171034799,0.0037177577258182713,0.4199831626420497
TT,TCGA-LUAD,163.1217119195494,0.0031996155533673704,0.5219267665497018
TT,TCGA-LUAD,133.27210741223732,0.0038256929220061423,0.5098581580278386
TT,TCGA-LUAD,111.36149655711257,0.004074290893364249,0.45371913129405794
TT,TCGA-LUAD,64.38308340556226,0.00810101293368708,0.5215681913791139
TT,TCGA-LUAD,44.98692581507911,0.012631097994124749,0.5682342684246846
TT,TCGA-LUAD,96.81783305899542,0.004193584767888695,0.4060137899761937
TT,TCGA-LUAD,47.671915882691394,0.006510574895240866,0.3103715787538849
TT,TCGA-LUAD,164.71113847369813,0.003346785106698347,0.551252785151102
TT,TCGA-LUAD,147.18016741546268,0.0038738294836389055,0.5701508719409294
TT,TCGA-LUAD,133.90150167729885,0.0034238933464886623,0.458464460677744
TT,TCGA-LUAD,97.58273449661756,0.005158513083526654,0.5033818126271095
TT,TCGA-LUAD,68.1372047233139,0.004826377731482197,0.32885588756204576
TT,TCGA-LUAD,146.4433537356002,0.004172912434549193,0.611095291760372
TT,TCGA-LUAD,140.18972478912605,0.003509604322201843,0.4920104640482036
TT,TCGA-LUAD,28.191905617838252,0.012642618696832668,0.3564195130634238
TT,TCGA-LUAD,70.8693461145965,0.0054354452667544455,0.38520645189656605
TT,TCGA-LUAD,108.83243675475613,0.005138355059840791,0.559219702073604
TT,TCGA-LUAD,42.15567897605007,0.011570212577901789,0.4877501671186845
TT,TCGA-LUAD,10.41651451441096,0.020700162553224044,0.2156235436863245
TT,TCGA-LUAD,82.16283806472086,0.0034290636503473905,0.28174160141711324
TT,TCGA-LUAD,39.9124796684496,0.008791020429320399,0.35087142415017547
TT,TCGA-LUAD,151.00972396829718,0.0027946526501490226,0.42201972528627407
TT,TCGA-LUAD,167.3446248372068,0.0030290229894257103,0.5068907157887201
TT,TCGA-LUAD,16.87229466213579,0.017868341609119914,0.30147992475277274
TT,TCGA-LUAD,51.27469217263022,0.0049677190958552254,0.2547182674400736
TT,TCGA-LUAD,83.69290930221807,0.007382376207196152,0.6178525423437202
TT,TCGA-LUAD,164.35222358462795,0.003492320694139742,0.5739706715524779
TT,TCGA-LUAD,67.69054363924256,0.0075853544521151395,0.5134567665600227
TT,TCGA-LUAD,68.08164859132168,0.00898684907431218,0.6118395006205664
TT,TCGA-LUAD,136.58605558582252,0.004372187359109978,0.5971798256630261
TT,TCGA-LUAD,127.70950321728236,0.0049388688184587425,0.6307404832606923
TT,TCGA-LUAD,143.67687586803788,0.0034901361962033526,0.501451865024455
TT,TCGA-LUAD,165.1199328364657,0.0035053920543128892,0.5788101005736248
TT,TCGA-LUAD,35.95099609269427,0.005776499805961774,0.20767092195358094
TT,TCGA-LUAD,70.19498986358941,0.006393837280336715,0.44881534308267584
TT,TCGA-LUAD,100.03360320620489,0.004635731264825234,0.4637289019161258
TT,TCGA-LUAD,99.70407211004525,0.0050746570701474935,0.5059639744557366
TT,TCGA-LUAD,80.14273886788247,0.006584588613423413,0.5277069657980249
TT,TCGA-LUAD,149.41646792735355,0.0035608653808552725,0.5320519279721854
TT,TCGA-LUAD,101.95296267787705,0.00389934687348602,0.3975499662606168
TT,TCGA-LUAD,84.69693132336256,0.007416354471835366,0.6281424653707528
TT,TCGA-LUAD,68.1545578188977,0.007208151991118393,0.49126841164608115
TT,TCGA-LUAD,186.20100022850858,0.002466382581869193,0.4592429036902152
TT,TCGA-LUAD,146.23533105142116,0.00393495592735406,0.5754295827093729
TT,TCGA-LUAD,140.10047563142655,0.0036097052216451783,0.5057214184417335
TT,TCGA-LUAD,86.38785689373346,0.005644399838419314,0.4876076054923799
TT,TCGA-LUAD,77.56525049842026,0.006300030297012212,0.48866342813538916
TT,TCGA-LUAD,108.78489059532622,0.004885301706632737,0.5314470116812027
TT,TCGA-LUAD,44.688976120940175,0.012559916536235192,0.5612898101688162
TT,TCGA-LUAD,160.8221832610315,0.0027498254938164934,0.44223293950241255
TT,TCGA-LUAD,92.80510223129026,0.0062857970102993205,0.5833540341459671
TT,TCGA-LUAD,122.32524982096619,0.0038951848945067142,0.4764794653193877
TT,TCGA-LUAD,117.78768232524133,0.004952586402770228,0.5833536738978093
TT,TCGA-LUAD,72.47211259726613,0.009747718657637261,0.7064377641227595
TT,TCGA-LUAD,87.78666645300146,0.006361544195447903,0.5584587584118126
TT,TCGA-LUAD,157.04287508872815,0.003388844203373739,0.5321938369255825
TT,TCGA-LUAD,113.45926757203998,0.004940747526685261,0.5605735956360778
TT,TCGA-LUAD,60.296908144052075,0.0076986240250650085,0.46420322567493727
TT,TCGA-LUAD,80.71824585900222,0.0068840453754210685,0.5556680671177651
TT,TCGA-LUAD,135.2468747819508,0.004134976406860864,0.559242636325032
TT,TCGA-LUAD,108.53045121879892,0.005575025056191729,0.6050599849045981
TT,TCGA-LUAD,151.54279009867005,0.003592918850104632,0.5444809471429612
TT,TCGA-LUAD,106.6306851674766,0.0043714083852545195,0.46612627126654194
TT,TCGA-LUAD,91.42157863085566,0.004736512576022218,0.4330194569048519
TT,TCGA-LUAD,144.33622676632538,0.003788780392072609,0.5468582658379992
TT,TCGA-LUAD,37.14634672068824,0.013798633611092261,0.5125688283893756
TT,TCGA-LUAD,100.28017961786053,0.006122925638257594,0.6140080827912748
TT,TCGA-LUAD,44.876990568024645,0.005744723757900612,0.25780591389921287
TT,TCGA-LUAD,156.51897071501577,0.0031519284137180178,0.49333659108255656
TT,TCGA-LUAD,94.7045710857865,0.005406785484310146,0.5120473002444488
TT,TCGA-LUAD,125.25805485344324,0.004633136702549494,0.5803376912314456
TT,TCGA-LUAD,125.03408060418492,0.004859634530075427,0.6076199355403312
TT,TCGA-LUAD,45.89643075840951,0.006433525394354043,0.2952758527944396
TT,TCGA-LUAD,72.1728110746095,0.008298531487160827,0.5989283452195565
TT,TCGA-LUAD,64.85750228312847,0.009416219788357726,0.6107124964218507
TT,TCGA-LUAD,101.1059614578939,0.0047207093937402505,0.47729186201741947
TT,TCGA-LUAD,105.52589458016912,0.00338561284702566,0.35726982438449606
TT,TCGA-LUAD,134.37109999540226,0.004434171946256068,0.5958245619871816
TT,TCGA-LUAD,34.30047740834434,0.014784284251558486,0.5071080079691229
TT,TCGA-LUAD,111.94492973007311,0.004879158317928328,0.5461970350423885
TT,TCGA-LUAD,50.05728139555168,0.013428968143407126,0.6722176372064298
TT,TCGA-LUAD,75.03817201828892,0.004307129484051766,0.3231991231293204
TT,TCGA-LUAD,170.22205124995259,0.0028467310171281252,0.48457639309241335
TT,TCGA-LUAD,134.8752608699594,0.003272110475808548,0.4413267540200049
TT,TCGA-LUAD,122.45781303779486,0.00436860978292067,0.534970400031981
TT,TCGA-LUAD,132.4153283683432,0.0031491666712517115,0.41699793886043773
TT,TCGA-LUAD,73.69847057538605,0.006706690501168398,0.49427283255858034
TT,TCGA-LUAD,165.16209355796357,0.00359814051715065,0.5942764207283351
TT,TCGA-LUAD,54.45057304361742,0.00783755514205962,0.42675936874609666
TT,TCGA-LUAD,142.46973479035034,0.0031307029646687728,0.4460304210837236
TT,TCGA-LUAD,207.45238646877092,0.001967215679156597,0.40810358733982
TT,TCGA-LUAD,62.072765504058964,0.004319761724900173,0.2681395565831377
TT,TCGA-LUAD,100.07567153879621,0.005322099602750551,0.532612691741622
TT,TCGA-LUAD,30.622207154581698,0.009170345543044259,0.2808162208981963
TT,TCGA-LUAD,142.24796383247286,0.0029062873841410285,0.41341346270606516
TT,TCGA-LUAD,150.0688159702301,0.0031654066454640216,0.47502882734908364
TT,TCGA-LUAD,124.19801725018718,0.003785368358572856,0.4701352446963443
TT,TCGA-LUAD,116.45672696460876,0.0036696089209087446,0.42735064416916224
TT,TCGA-LUAD,53.720494553468136,0.006563739020982937,0.35260730632710013
TT,TCGA-LUAD,96.58572399235372,0.006046119287270899,0.5839688087051934
TT,TCGA-LUAD,112.75663918565714,0.0034870446429500906,0.393187434629402
TT,TCGA-LUAD,43.015355511601335,0.009336402165552354,0.40160865835051907
TT,TCGA-LUAD,84.99608314282446,0.004969977583747954,0.42242862792621494
TT,TCGA-LUAD,116.52159517175167,0.004607369881127503,0.5368580880952605
TT,TCGA-LUAD,169.76214837211504,0.0032182900715885857,0.5463438366375262
TT,TCGA-LUAD,123.43052360103346,0.003604487805272052,0.4449038171182693
TT,TCGA-LUAD,86.08966997609777,0.006653860753946077,0.5728286763741268
TT,TCGA-LUAD,175.69030116172573,0.003217872312775352,0.5653489557314805
TT,TCGA-LUAD,145.62162845192745,0.004218300901609802,0.6142758465926531
TT,TCGA-LUAD,46.94637506169137,0.008889822796557076,0.41734495523914256
TT,TCGA-LUAD,8.897398456782753,0.006591465846065031,0.058646898046715225
TT,TCGA-LUAD,110.56219375486415,0.004665628360650993,0.5158421067984843
TT,TCGA-LUAD,95.5345883597448,0.005111582089207999,0.48833289075953057
TT,TCGA-LUAD,24.55040736820822,0.017011625684926014,0.41764234056040783
TT,TCGA-LUAD,162.82259504940427,0.0033381858223290655,0.5435320783487481
TT,TCGA-LUAD,82.51397765943416,0.005207019158422564,0.42965186251032517
TT,TCGA-LUAD,136.07156648606102,0.003854014065891332,0.5244217312051468
TT,TCGA-LUAD,37.000073222683135,0.017510432497380636,0.6478872845639339
TT,TCGA-LUAD,117.08350390697798,0.0036971463935420393,0.4328748542129489
TT,TCGA-LUAD,168.5984817304685,0.0030430003264669027,0.5130452349476398
TT,TCGA-LUAD,77.47252390492146,0.0055504932009297105,0.430010717193131
TT,TCGA-LUAD,181.5661287884362,0.002173737321715216,0.39467707050677525
TT,TCGA-LUAD,113.67142535723242,0.004188599292770974,0.47612405185957224
TT,TCGA-LUAD,123.71259352629245,0.004084621287334229,0.5053190930288209
TT,TCGA-LUAD,100.76824205081472,0.005342457008008782,0.5383500009291003
TT,TCGA-LUAD,106.01305911085235,0.00513931902640997,0.5448349317363284
TT,TCGA-LUAD,129.37410063647837,0.004330429139186952,0.5602453752523112
TT,TCGA-LUAD,148.5965530077106,0.0037689978485430584,0.5600600885869759
TT,TCGA-LUAD,121.20022593144287,0.004046900283663866,0.4904852287020808
TT,TCGA-LUAD,153.33678676090543,0.0029840190849147585,0.45755989811404646
TT,TCGA-LUAD,150.25448178928343,0.004077473904726357,0.6126587285639848
TT,TCGA-LUAD,127.24113346003568,0.003531776887613288,0.44938729430787183
TT,TCGA-LUAD,230.30999832215025,0.0023935510008436527,0.5512587269882827
TT,TCGA-LUAD,207.1550816780666,0.0023783977481220135,0.4926971797751454
TT,TCGA-LUAD,67.43452166224837,0.006970458990755889,0.47004956780794194
TT,TCGA-LUAD,86.02058224417743,0.006159863300011915,0.5298750276115651
TT,TCGA-LUAD,10.18828363526057,0.004673231551360813,0.04761220853851274
TT,TCGA-LUAD,30.763338919601825,0.020985098305277505,0.6455716914264138
TT,TCGA-LUAD,47.84015539530259,0.00836348344706434,0.400110347753599
TT,TCGA-LUAD,86.07886892394585,0.006098289822211231,0.5249338902663536
TT,TCGA-LUAD,128.0597879489593,0.0028680874261688416,0.3672866676142583
TT,TCGA-LUAD,78.60024634189159,0.008406414589956883,0.6607462576226826
TT,TCGA-LUAD,18.98577128822641,0.018383434980325783,0.3490236920284463
TT,TCGA-LUAD,59.69346337463293,0.00990751263714985,0.5914137427394175
TT,TCGA-LUAD,35.17168341711986,0.0076223118903544565,0.26808954071409535
TT,TCGA-LUAD,30.708482191671195,0.00584255915377539,0.17941612372749707
TT,TCGA-LUAD,125.4089680167408,0.004085325923547257,0.5123365080841
TT,TCGA-LUAD,32.6755579727673,0.017165417740189495,0.5608896024963301
TT,TCGA-LUAD,54.24025224269066,0.010888726306490676,0.5906072614656757
TT,TCGA-LUAD,112.28130646727433,0.003847839032968475,0.4320403936974739
TT,TCGA-LUAD,180.2849305937287,0.0027509959484789525,0.49596311363515677
TT,TCGA-LUAD,61.728718869942924,0.008748385051311747,0.5400266013984341
TT,TCGA-LUAD,193.7845902178208,0.003017837718347468,0.5848104455938474
TT,TCGA-LUAD,104.8759553457638,0.005592219871502756,0.586489401527416
TT,TCGA-LUAD,204.1785935375082,0.002985880721845728,0.6096529262572205
TT,TCGA-LUAD,39.79716744492789,0.006987961880927304,0.27810108907403713
TT,TCGA-LUAD,164.773693534385,0.003154472539873341,0.5197740915477229
TT,TCGA-LUAD,40.33431526754987,0.011062249436716028,0.4461882563487802
TT,TCGA-LUAD,131.8250565900884,0.0043303677490830654,0.5708509735787688
TT,TCGA-LUAD,156.41827456034596,0.0027213810034687064,0.42567372098387796
TT,TCGA-LUAD,80.06238289939022,0.007839270111138125,0.6276306452896859
TT,TCGA-LUAD,74.47715013029583,0.008214346090762045,0.6117810870238934
TT,TCGA-LUAD,128.26665921226038,0.00409912511925541,0.5257810847399498
TT,TCGA-LUAD,132.343842670407,0.0041542475593380705,0.5497890854069599
TT,TCGA-LUAD,141.35259195430362,0.002857308725147239,0.40388799431320915
TT,TCGA-LUAD,77.02431362792875,0.007480489422974348,0.57617956340558
TT,TCGA-LUAD,118.66886253057658,0.003911897370468298,0.4642204112898264
TT,TCGA-LUAD,42.04148184362605,0.013609682534127327,0.5721712211560286
TT,TCGA-LUAD,48.947773262377794,0.0036651804385880956,0.17940242107371251
NN,TCGA-LUAD,426.05081077954964,0.0006007041409345857,0.2559304862838131
NN,TCGA-LUAD,278.7233398999808,0.0011230346229977807,0.3130159609452572
NN,TCGA-LUAD,317.23958217677637,0.0011598827195897412,0.36796070933671254
NN,TCGA-LUAD,135.08406638928344,0.0020837474095709335,0.28148107341297735
NN,TCGA-LUAD,91.82554322950101,0.001514616662898247,0.13908049785508553
NN,TCGA-LUAD,137.80692020509292,0.0021004063564681536,0.2894505311640768
NN,TCGA-LUAD,182.55522904452715,0.002280413427782131,0.41630139562498225
NN,TCGA-LUAD,182.0015060330686,0.0017784922018171984,0.3236882591987983
NN,TCGA-LUAD,141.57459985106328,0.0026651516235009567,0.3773177746395596
NN,TCGA-LUAD,84.46094223893886,0.0027787891012165267,0.2346991457720419
NN,TCGA-LUAD,123.41787915353387,0.0021169481132040594,0.26126924640972016
NN,TCGA-LUAD,159.4263609089764,0.0020657345544708846,0.3293325426232188
NN,TCGA-LUAD,212.5344790800314,0.0020304707685286144,0.43154504707646
NN,TCGA-LUAD,127.93478495574257,0.002350791923826188,0.3007480592503997
NN,TCGA-LUAD,102.50291180146858,0.003899346491306359,0.3996943694817417
NN,TCGA-LUAD,69.7070534297693,0.004730114715240671,0.32972235918421944
NN,TCGA-LUAD,90.68125335265943,0.003237760562883196,0.29360418589806025
NN,TCGA-LUAD,135.57684926871767,0.0028950175629206916,0.39249735975838895
NN,TCGA-LUAD,142.54736382809986,0.001541820182535717,0.2197824025174262
NN,TCGA-LUAD,101.4170328388782,0.003200318376460799,0.3245667938803902
NN,TCGA-LUAD,130.32369244072726,0.0024096977868695276,0.31404071325108546
NN,TCGA-LUAD,109.51714010155345,0.0030351222707460813,0.33239791095064364
NN,TCGA-LUAD,219.21457296271723,0.001502814167560502,0.3294387659840968
NN,TCGA-LUAD,285.72541223838743,0.001266353891582174,0.36182948771200285
NN,TCGA-LUAD,72.53069169135566,0.0035642238926991646,0.2585156242803266
NN,TCGA-LUAD,292.7860891008186,0.0012300804223118367,0.36015043612816594
NN,TCGA-LUAD,275.84850102665825,0.0014834496177721394,0.40920735341101383
NN,TCGA-LUAD,207.5777786635958,0.0018208991344021552,0.37797819748966377
NN,TCGA-LUAD,168.70480354116998,0.0022916127588082664,0.3866060802671871
NN,TCGA-LUAD,123.39250748759892,0.0031771442600388358,0.39203579689602397
NN,TCGA-LUAD,61.176783386238384,0.004348009647786012,0.2659972443838795
NN,TCGA-LUAD,117.24287623394277,0.002815250172450847,0.3300680275362407
NN,TCGA-LUAD,94.51118648794369,0.003062528957763705,0.28944324545193334
NN,TCGA-LUAD,126.13678721050258,0.0032064256679957956,0.40444823219027926
NN,TCGA-LUAD,87.44891236010604,0.00298644008391114,0.261160937166653
NN,TCGA-LUAD,199.1535717897922,0.0014858953685203367,0.2959213699467346
NN,TCGA-LUAD,124.20759152498185,0.0027954850244185647,0.347220462027185
NN,TCGA-LUAD,91.14269626069148,0.003347949359699302,0.30514113158725
NN,TCGA-LUAD,125.15243598438786,0.0031778583604311923,0.39771671502131656
NN,TCGA-LUAD,79.11579278640816,0.003072739922426203,0.24310225498919535
NN,TCGA-LUAD,129.38549455240837,0.003143235081480165,0.4066890255117908
NN,TCGA-LUAD,121.19613043167735,0.002489772775949967,0.30175082609927156
NN,TCGA-LUAD,133.2712283612422,0.002191632208338647,0.2920815165213534
NN,TCGA-LUAD,97.10534337305556,0.003026001676456503,0.2938409318397505
NN,TCGA-LUAD,91.40464177284363,0.003439644326647038,0.31439945750316645
NN,TCGA-LUAD,67.6568884013974,0.003513846453867468,0.23773591738895725
NN,TCGA-LUAD,115.10847468862586,0.0024086220271572092,0.2772528076474923
NN,TCGA-LUAD,198.87193039778415,0.0017961224826689116,0.35719834535922707
NN,TCGA-LUAD,105.77866205720179,0.002326085931473795,0.246050257661378
NN,TCGA-LUAD,65.25269017476582,0.0029374540648500567,0.1916767799962672
NN,TCGA-LUAD,376.9149285510532,0.0008694355026958694,0.32770322037836264
NN,TCGA-LUAD,89.96290045823423,0.003095726408200839,0.27850052670689907
NN,TCGA-LUAD,157.61706894269,0.0019469665122673,0.3068751549931437
NN,TCGA-LUAD,107.8567582893177,0.004173027581283583,0.45008922716915944
NN,TCGA-LUAD,97.65616446431521,0.0027982770493201973,0.27326900374513186
NN,TCGA-LUAD,112.19220437707419,0.0019533655273618077,0.21915238446890725
NN,TCGA-LUAD,138.20277928374696,0.0023509184751086373,0.324903467129522
NN,TCGA-LUAD,81.75801434018192,0.0029580060445098797,0.24184070060538354
NN,TCGA-LUAD,161.74576369853628,0.003789668744754804,0.6129628652848391
NN,TCGA-LUAD,166.4721985759148,0.003651296147218915,0.6078392972792999
NN,TCGA-LUAD,197.20884075722685,0.0030970454051327707,0.6107647341187297
NN,TCGA-LUAD,196.70881416510824,0.0024652355522736874,0.4849335621254227
NN,TCGA-LUAD,138.8461989315338,0.0035739840733924793,0.4962341036323856
NN,TCGA-LUAD,152.06357408256974,0.004128981698703599,0.6278677144263893
NN,TCGA-LUAD,197.2501562370769,0.0030623448827758687,0.6040480065793531
NN,TCGA-LUAD,248.528226314687,0.0024946410944821575,0.6199887265033801
NN,TCGA-LUAD,189.8575337916955,0.0027391507103862738,0.5200483985577087
NN,TCGA-LUAD,134.9959591832636,0.003546925823736319,0.47882065372717175
NN,TCGA-LUAD,156.99536167952292,0.0030844094714863454,0.4842379805437449
NN,TCGA-LUAD,113.82266242234026,0.0046853824505613765,0.5333027049898049
NN,TCGA-LUAD,208.4882218137832,0.002729117441654473,0.5689888425315224
NN,TCGA-LUAD,227.32902955863963,0.0026065155849650874,0.5925366584595833
NN,TCGA-LUAD,191.48357922886646,0.003354150474381244,0.642264738106721
NN,TCGA-LUAD,177.33836405816447,0.0032853106986002645,0.5826116247125563
NN,TCGA-LUAD,167.813015798921,0.0036146714601952594,0.6065889188576559
NN,TCGA-LUAD,283.6534368550067,0.0012995571593985478,0.36862385465292785
NN,TCGA-LUAD,315.2051582015393,0.001162229389072812,0.36634069844917405
NN,TCGA-LUAD,128.53843905471317,0.0026167968628989817,0.33635898408030535
NN,TCGA-LUAD,119.57525786754266,0.0017149336637564782,0.20506363506941058
NN,TCGA-LUAD,143.4502082070301,0.0024521697208124407,0.3517642570095195
NN,TCGA-LUAD,183.0312399053131,0.002442126313356678,0.446985407139064
NN,TCGA-LUAD,183.32111070978235,0.001987906477755979,0.3644252234893973
NN,TCGA-LUAD,175.68097960101886,0.0021768735678237045,0.3824352808628334
NN,TCGA-LUAD,66.76701044650567,0.0029304501858734107,0.19565739817317446
NN,TCGA-LUAD,125.86250066713271,0.002457847100586147,0.3093507823372341
NN,TCGA-LUAD,159.72374949794332,0.002534097204779674,0.404755507139667
NN,TCGA-LUAD,197.056269790637,0.0022176691296228964,0.4370056063133366
NN,TCGA-LUAD,182.39214472790647,0.0020442421775860387,0.37285371511316345
NN,TCGA-LUAD,114.06185826533836,0.0041629329349237125,0.47483186639137753
NN,TCGA-LUAD,107.36334746633626,0.003981009165526848,0.42741447030512836
NN,TCGA-LUAD,118.47892310402486,0.003614883989502024,0.4282875622221809
NN,TCGA-LUAD,117.3591160847001,0.0030926938891090135,0.36295582114638736
NN,TCGA-LUAD,175.46672561170215,0.0019618198684185194,0.344234108551378
NN,TCGA-LUAD,130.31596565900668,0.0030074354736329576,0.39191685790363096
NN,TCGA-LUAD,105.20720142748134,0.0028749913591991625,0.30246979502953464
NN,TCGA-LUAD,98.42939477925108,0.003562830349423744,0.3506872349949268
NN,TCGA-LUAD,218.45611794107833,0.0017467817289585656,0.38159515539869315
NN,TCGA-LUAD,274.64031711282246,0.0014990058198846704,0.4116874337270923
NN,TCGA-LUAD,89.51812175846892,0.004020950621888588,0.35994794735501395
NN,TCGA-LUAD,227.06800208297147,0.0016123863464469373,0.3661213462735679
NN,TCGA-LUAD,209.58156764298897,0.0018536072685330185,0.3884819171335888
NN,TCGA-LUAD,191.58948399808506,0.0020288295391631193,0.3887024045283347
NN,TCGA-LUAD,175.7783420928955,0.0023895830008981624,0.42003693819124505
NN,TCGA-LUAD,129.87456367616693,0.003508238527498491,0.4556309480307849
NN,TCGA-LUAD,77.70713953762595,0.0038625540405202337,0.3001480257983267
NN,TCGA-LUAD,100.60848959363388,0.003234821237419039,0.32545047880213923
NN,TCGA-LUAD,111.29460544242744,0.0033409221167336606,0.37182660879575224
NN,TCGA-LUAD,131.73050175677025,0.003455829492375243,0.4552381530164354
NN,TCGA-LUAD,106.76976971205397,0.003317805015689731,0.3542412774746902
NN,TCGA-LUAD,265.08497173370245,0.0014904703078811071,0.39510127943458606
NN,TCGA-LUAD,153.7525642976988,0.002702693688902357,0.4155460851799444
NN,TCGA-LUAD,123.58756377423421,0.0033069931606175607,0.40870322813877913
NN,TCGA-LUAD,133.27526458709468,0.0032517531506674625,0.4333782615271248
NN,TCGA-LUAD,92.24453386526808,0.003178685720815232,0.29321638262078475
NN,TCGA-LUAD,143.39862212898956,0.0032157992089151266,0.4611411756019238
NN,TCGA-LUAD,153.0953647485933,0.0025501441063919355,0.3904152421295489
NN,TCGA-LUAD,161.90556984084117,0.00212253580054408,0.3436503682946752
NN,TCGA-LUAD,118.4485228090653,0.003249867308625613,0.38494198203217656
NN,TCGA-LUAD,105.10865944641418,0.0034097372778248477,0.3583929143366352
NN,TCGA-LUAD,83.75727086615365,0.0037368896287591708,0.3129916768329022
NN,TCGA-LUAD,127.19157797856745,0.00228496776630976,0.29062865582710096
NN,TCGA-LUAD,193.72928065285208,0.0019475497138764439,0.37729740510495136
NN,TCGA-LUAD,99.14989274598402,0.002278123522651073,0.2258757029329572
NN,TCGA-LUAD,73.00835077558688,0.0032068545171189287,0.23412715947209403
NN,TCGA-LUAD,284.3997123553687,0.0010547170497696347,0.2999612255707872
NN,TCGA-LUAD,99.20289737700963,0.002959212929613984,0.2935624965732161
NN,TCGA-LUAD,199.4661508386458,0.0016213114237993136,0.3233967490159735
NN,TCGA-LUAD,110.59273814662382,0.003973788662116255,0.4394721689594456
NN,TCGA-LUAD,99.53101211587304,0.0030252728022788595,0.30110846393743834
NN,TCGA-LUAD,122.18276461122113,0.0021132695270913463,0.25820511318866857
NN,TCGA-LUAD,146.7501635108993,0.0026185346131796638,0.3842703826430651
NN,TCGA-LUAD,129.7330262341243,0.003025259548434969,0.3924760763621489
NN,TCGA-LUAD,171.14290916646212,0.003625549134346866,0.620487026178071
NN,TCGA-LUAD,153.9285007343947,0.004131272789201227,0.6359206265665459
NN,TCGA-LUAD,176.45418441417704,0.0035929866563523235,0.6339975300576702
NN,TCGA-LUAD,196.27193786455283,0.00285094744419772,0.5595609796226806
NN,TCGA-LUAD,135.12614485339472,0.004052001694867025,0.5475313679668026
NN,TCGA-LUAD,146.73798231029338,0.0044008033220661845,0.6457650000244282
NN,TCGA-LUAD,192.3754530439758,0.0031239671660283084,0.600974598859201
NN,TCGA-LUAD,217.0379273148049,0.0029008812664801558,0.6296012574631993
NN,TCGA-LUAD,202.09199551165676,0.0027611762783086354,0.5580116240428419
NN,TCGA-LUAD,132.8121379638649,0.003836084316079439,0.5094785594281608
NN,TCGA-LUAD,161.19222787885917,0.0034943956599085583,0.5632694215108768
NN,TCGA-LUAD,112.63242875425307,0.0048648886217234535,0.5479442210836433
NN,TCGA-LUAD,184.6739592720949,0.0031262533992962487,0.5773375929358836
NN,TCGA-LUAD,193.11300047634228,0.0031865352819619055,0.6153613894233909
NN,TCGA-LUAD,169.16718536335412,0.003859727546920224,0.6529392453818976
NN,TCGA-LUAD,154.62623042964304,0.003824497597925184,0.5913676468543958
NN,TCGA-LUAD,158.95201777215246,0.0039181335888878325,0.6227952398545662
NN,TCGA-LUAD,307.0722559226183,0.0011419426151953313,0.35065889498220476
NN,TCGA-LUAD,79.84079334664267,0.00401485269554862,0.32054902438250865
NN,TCGA-LUAD,73.7585602810212,0.003213379759134908,0.2370142646699655
NN,TCGA-LUAD,62.50864905650618,0.003976976603720044,0.24859543482787205
NN,TCGA-LUAD,85.22489453750745,0.004240837711463073,0.3614249467101249
NN,TCGA-LUAD,85.2068708574636,0.003523095737574096,0.3001919635299565
NN,TCGA-LUAD,79.74543554734824,0.004458300101413461,0.35552908338800326
NN,TCGA-LUAD,46.3768390407348,0.004821128961809933,0.22358872185648415
NN,TCGA-LUAD,67.8776004634228,0.004066505680844109,0.27602464788657555
NN,TCGA-LUAD,78.62996587087204,0.004143601665018847,0.3258112575029205
NN,TCGA-LUAD,117.20883494416202,0.003755243943621858,0.4401477675630384
NN,TCGA-LUAD,89.1658635399151,0.0040802102520492815,0.3638154705483888
NN,TCGA-LUAD,57.273317684179304,0.0062172298114728,0.35608137810803187
NN,TCGA-LUAD,56.4636381320545,0.0062758020160340435,0.3543546140217643
NN,TCGA-LUAD,63.670966840117,0.005491216041974996,0.3496310345205085
NN,TCGA-LUAD,89.49039486523206,0.0048054074267026535,0.43003780810393916
NN,TCGA-LUAD,96.0086152952325,0.0030255731653313573,0.29048109007787715
NN,TCGA-LUAD,65.98950432871727,0.005050660109863667,0.3332905571827281
NN,TCGA-LUAD,227.80309856068584,0.0011979764011989789,0.2729027361957067
NN,TCGA-LUAD,173.05462319648376,0.0017311138258627823,0.2995772508449072
NN,TCGA-LUAD,128.29284180468971,0.00312133912060891,0.40044546601906816
NN,TCGA-LUAD,161.18235104719503,0.002044318025842206,0.3295079856934071
NN,TCGA-LUAD,57.88877539385672,0.005544196066801498,0.32094672085057574
NN,TCGA-LUAD,482.47946998997077,0.0008768836087231131,0.42307833877962053
NN,TCGA-LUAD,135.58692757296564,0.002995917723400396,0.4062072793772536
NN,TCGA-LUAD,112.76417603905453,0.0035670238249955882,0.40223250253730414
NN,TCGA-LUAD,90.1972832964856,0.003989607584568892,0.3598517655471679
NN,TCGA-LUAD,73.8782942610791,0.005395639341933376,0.3986206310300092
NN,TCGA-LUAD,49.273738917449506,0.006391744881259201,0.31494516850611015
NN,TCGA-LUAD,70.3035235399985,0.00462316153131238,0.32502454554583543
NN,TCGA-LUAD,70.25899999073049,0.005220657868894731,0.366798201162282
NN,TCGA-LUAD,64.62703710381406,0.005391868093691008,0.34846045934984
NN,TCGA-LUAD,53.59999566392978,0.005050783295375205,0.27072196273155996
NN,TCGA-LUAD,116.8987447787678,0.003076954398070995,0.35969210687600833
NN,TCGA-LUAD,68.50345204460393,0.005040174383077721,0.3452693441476059
NN,TCGA-LUAD,68.15159663296284,0.005214915799573672,0.35540483804740974
NN,TCGA-LUAD,60.10349393028361,0.005339709326240611,0.32093518707918134
NN,TCGA-LUAD,39.1788778627171,0.005256092902273801,0.2059278218532795
NN,TCGA-LUAD,68.38736500937578,0.005313127190678108,0.3633507685301431
NN,TCGA-LUAD,91.39248300431863,0.004263559447771495,0.3896572843683585
NN,TCGA-LUAD,68.48497555826322,0.004171956711952945,0.2857163534482296
NN,TCGA-LUAD,59.27001092061679,0.005366628739377847,0.31808014398982093
NN,TCGA-LUAD,56.41271035388191,0.005590880725277437,0.31539673497817733
NN,TCGA-LUAD,36.0346132439291,0.005669959111081296,0.20431478367670652
NN,TCGA-LUAD,88.37005939954744,0.004318372391983891,0.3816148247889822
NN,TCGA-LUAD,108.4337241062537,0.003507394216762615,0.3803198168323072
NN,TCGA-LUAD,48.26013557906426,0.004046160409918403,0.19526824995730435
NN,TCGA-LUAD,38.30775909259907,0.005045765289901619,0.19329196116334954
NN,TCGA-LUAD,403.77099102114533,0.0007288704449760412,0.29429674189399935
NN,TCGA-LUAD,62.834337006945354,0.004887387330196866,0.3070957425890648
NN,TCGA-LUAD,113.30665850048574,0.003548668481347894,0.40208776774752314
NN,TCGA-LUAD,77.76408508921044,0.005602907221650265,0.4357049539313629
NN,TCGA-LUAD,53.03878444680144,0.004752495344173071,0.25206657614402295
NN,TCGA-LUAD,81.834713356903,0.00392249911511199,0.3209965907278953
NN,TCGA-LUAD,79.83435525859367,0.004600651604323744,0.3672900546006007
NN,TCGA-LUAD,58.08886265862798,0.005158030400657474,0.29962411953281987
NN,TCGA-LUAD,135.9421500920623,0.004660579987274956,0.6335692641461939
NN,TCGA-LUAD,112.62104669609606,0.005543262845025453,0.6242880637183458
NN,TCGA-LUAD,139.81519118730975,0.004537687186076458,0.6344376014694856
NN,TCGA-LUAD,162.82470747767633,0.0033541008422840603,0.5461304884955299
NN,TCGA-LUAD,118.11847548093108,0.00498462706554141,0.5887765498227385
NN,TCGA-LUAD,111.34273503285078,0.0057901183288615295,0.6446876108992821
NN,TCGA-LUAD,138.24307323779757,0.004444946127809787,0.6144830130848731
NN,TCGA-LUAD,159.42209017598253,0.0038659416246455114,0.6163164942993211
NN,TCGA-LUAD,183.75690920587516,0.003059634939542504,0.5622290597886352
NN,TCGA-LUAD,106.57869620741693,0.0053070017753500155,0.5656133299872516
NN,TCGA-LUAD,129.1127595211016,0.004387086333549445,0.5664288227818808
NN,TCGA-LUAD,161.2390026760865,0.003514551622233351,0.5666827984225274
NN,TCGA-LUAD,141.15440041531903,0.0041764402303950555,0.589522916591831
NN,TCGA-LUAD,154.58265635374275,0.003937699881376171,0.6087001075869463
NN,TCGA-LUAD,125.01766684487188,0.005065656490085287,0.6332965554280454
NN,TCGA-LUAD,123.2359084670181,0.004968736266828011,0.61232672777557
NN,TCGA-LUAD,106.35900122258275,0.005656391712911418,0.6016081731089524
NN,TCGA-LUAD,128.72623215150998,0.0033028724116057825,0.4251663208231836
NN,TCGA-LUAD,100.41544950366102,0.0026459641189815137,0.2656956763780871
NN,TCGA-LUAD,95.32217031271337,0.0031731756691721425,0.3024739915689852
NN,TCGA-LUAD,112.72978676241028,0.0037440314120037415,0.4220638627069477
NN,TCGA-LUAD,140.0381689786058,0.0029154606483610904,0.40827577092566597
NN,TCGA-LUAD,109.94457144931461,0.0031877950132796536,0.3504807566032937
NN,TCGA-LUAD,79.2097616119917,0.003631159074695944,0.28762324468188605
NN,TCGA-LUAD,124.53593798427775,0.003037157476532567,0.37823525514594525
NN,TCGA-LUAD,114.49278843773376,0.003381614745877651,0.38717050167769074
NN,TCGA-LUAD,164.91431045694466,0.002740675082572438,0.4519765414289635
NN,TCGA-LUAD,137.25157244759816,0.002974159502573049,0.4082080684381173
NN,TCGA-LUAD,85.85967162283555,0.004614062488100927,0.39616189007558916
NN,TCGA-LUAD,84.51695694945238,0.00478342976327323,0.40428092737329274
NN,TCGA-LUAD,90.00277809877396,0.004189844592669922,0.37709765314241894
NN,TCGA-LUAD,145.00970358428182,0.003425647443713992,0.4967521203972187
NN,TCGA-LUAD,146.37669139154113,0.002296097969133694,0.336095223832627
NN,TCGA-LUAD,110.0644675688112,0.003463648460516302,0.38122462365225934
NN,TCGA-LUAD,204.4942051933309,0.0017236192394884924,0.35247014643513275
NN,TCGA-LUAD,153.18490849807708,0.0023311070565077896,0.35709042115036754
NN,TCGA-LUAD,230.24865847033195,0.0019041736347583092,0.43843342489767656
NN,TCGA-LUAD,315.4072941063733,0.001331041626520874,0.4198202377638948
NN,TCGA-LUAD,99.06496018092272,0.003792004266593922,0.375654751676016
NN,TCGA-LUAD,364.2873796833329,0.0011661890227450857,0.424827943311274
NN,TCGA-LUAD,189.76556078328468,0.002400410129803701,0.4555151743920765
NN,TCGA-LUAD,157.21100763627345,0.0026417413714481326,0.4153108229197919
NN,TCGA-LUAD,130.65655179845857,0.003060353082812302,0.3998551810860379
NN,TCGA-LUAD,116.78944301151196,0.003779609264810968,0.4414184608384232
NN,TCGA-LUAD,75.99037350557843,0.004396611825768905,0.33410017479922227
NN,TCGA-LUAD,125.92391886037237,0.003391114798493224,0.4270224647316687
NN,TCGA-LUAD,113.94764796485909,0.003758071454641872,0.4282234031403179
NN,TCGA-LUAD,107.12072782397568,0.003830472998422392,0.4103230555010931
NN,TCGA-LUAD,88.55685343970369,0.003929226261744894,0.3479599141927774
NN,TCGA-LUAD,169.67280317029997,0.0023389184031588845,0.39685084185056974
NN,TCGA-LUAD,100.09221793999332,0.003795964725628894,0.3799465286101742
NN,TCGA-LUAD,100.0709021718522,0.003532702952644336,0.35352077157628475
NN,TCGA-LUAD,115.04979642529362,0.0038500874838581136,0.4429517812374469
NN,TCGA-LUAD,76.91506298099641,0.004197298953167526,0.3228355133329506
NN,TCGA-LUAD,121.34458135138787,0.003663694048720535,0.44456942054156456
NN,TCGA-LUAD,124.56284470777952,0.003214924232033748,0.4004601078620971
NN,TCGA-LUAD,98.3720935010477,0.002834880491175485,0.2788731287422108
NN,TCGA-LUAD,100.52042196262781,0.004340352886489259,0.4362941036166099
NN,TCGA-LUAD,93.97279272896401,0.004402832595955564,0.4137464749600588
NN,TCGA-LUAD,77.94112994928541,0.00428228445374376,0.33376608908904715
NN,TCGA-LUAD,141.1274898863413,0.00265641009589216,0.3748924889419958
NN,TCGA-LUAD,185.47448508785206,0.0025299391918022556,0.46923916890309997
NN,TCGA-LUAD,131.03382447653365,0.0026976369747754485,0.35348168985413336
NN,TCGA-LUAD,79.62941979374935,0.004142640458344954,0.32987605611212056
NN,TCGA-LUAD,342.94871009465857,0.001015403848233508,0.34823143997683403
NN,TCGA-LUAD,114.64205797924673,0.0035571766321924017,0.40780204971022294
NN,TCGA-LUAD,157.4319244830888,0.0026463166942638913,0.4166147299696902
NN,TCGA-LUAD,119.23145286693435,0.0038607673776938096,0.46032490362369716
NN,TCGA-LUAD,91.65071780057085,0.003682591084915374,0.337512116298477
NN,TCGA-LUAD,147.6987792499577,0.002477213338537969,0.3658813860437703
NN,TCGA-LUAD,136.82525182225743,0.003515443258881204,0.481001409163278
NN,TCGA-LUAD,100.01091838674019,0.003920379975204787,0.3920808017452164
NN,TCGA-LUAD,175.79513840637372,0.003665900685430389,0.6444475183792555
NN,TCGA-LUAD,144.76783018429907,0.004461056524788879,0.6458174734231957
NN,TCGA-LUAD,178.8349297253657,0.0036190951904411456,0.6472206340519513
NN,TCGA-LUAD,174.8125871254655,0.003170638547227076,0.5542675272804927
NN,TCGA-LUAD,136.92356233187238,0.004192312883112979,0.5740264143656315
NN,TCGA-LUAD,148.27332690569847,0.004422361407039114,0.6557182386010552
NN,TCGA-LUAD,175.12417022835294,0.0036738705012812943,0.6433835230633097
NN,TCGA-LUAD,207.25196459261892,0.0031066598826411194,0.643861363998447
NN,TCGA-LUAD,192.64502151100237,0.003073587761252953,0.5921113803825288
NN,TCGA-LUAD,112.16516675398813,0.004776636216074534,0.535772197699139
NN,TCGA-LUAD,155.3833144768054,0.0036836303987935097,0.572374700672052
NN,TCGA-LUAD,148.42103972185402,0.00397040963786857,0.589292326574123
NN,TCGA-LUAD,185.4562177041902,0.003319112793997135,0.6155501049082956
NN,TCGA-LUAD,190.660196032147,0.003348962760895978,0.6385138964967875
NN,TCGA-LUAD,169.7821049592705,0.0038305691022282014,0.650362085368247
NN,TCGA-LUAD,142.68208529225518,0.004388850172615397,0.626210294664039
NN,TCGA-LUAD,132.74614157688637,0.004684271697297836,0.6218189939141003
NN,TCGA-LUAD,344.0905569816027,0.000676995729375584,0.23294783759501106
NN,TCGA-LUAD,1178.2987798083302,0.00021935497691988546,0.2584657016495855
NN,TCGA-LUAD,582.3848066544391,0.0006475670638964302,0.37713321930310534
NN,TCGA-LUAD,583.5717906412262,0.0004612594031512756,0.2691779758470932
NN,TCGA-LUAD,334.6122089534557,0.0012832094135027494,0.42937753640202336
NN,TCGA-LUAD,474.2682948042223,0.0004654322900392706,0.2207397785437491
NN,TCGA-LUAD,748.7533773040512,0.00026268023041864873,0.1966827096769696
NN,TCGA-LUAD,723.7705131945157,0.0003618350396259732,0.2618855323218486
NN,TCGA-LUAD,708.7749722353594,0.0005323021595411582,0.3772824483496063
NN,TCGA-LUAD,437.65345701858234,0.0008831929230195877,0.3865324359738692
NN,TCGA-LUAD,470.89411208094424,0.0007660404116102811,0.36072391944334437
NN,TCGA-LUAD,165.77566280823166,0.0023308603492348903,0.38639991930784023
NN,TCGA-LUAD,515.8112310238554,0.0005674547114018014,0.2926995132384498
NN,TCGA-LUAD,386.7896124997452,0.0008627610173278727,0.33370699957213384
NN,TCGA-LUAD,643.6665179308854,0.0004593115552960574,0.2956434694428326
NN,TCGA-LUAD,270.69072140686956,0.0011958916609768843,0.3237167764342923
NN,TCGA-LUAD,46.105878953868256,0.0062034615186703015,0.2860160458747927
NN,TCGA-LUAD,41.06011473912907,0.007181334608757434,0.2948664230156588
NN,TCGA-LUAD,381.5216668162334,0.0009682129901366324,0.3693942338300573
NN,TCGA-LUAD,223.695123947175,0.0012896359280803456,0.288485268778663
NN,TCGA-LUAD,283.663184100512,0.001089418300551316,0.30902786395175486
NN,TCGA-LUAD,72.1920653118198,0.0040130847379431425,0.2897128755034586
NN,TCGA-LUAD,611.3411170059522,0.0005993336021819606,0.36639727381712084
NN,TCGA-LUAD,569.7061862420718,0.0006258331428950654,0.35654101306263725
NN,TCGA-LUAD,509.0838077699098,0.00072015243366219,0.36661794310351503
NN,TCGA-LUAD,453.20199875717185,0.0006991468132108545,0.31685473317186635
NN,TCGA-LUAD,193.54748962208066,0.0019327725993918553,0.37408328462263696
NN,TCGA-LUAD,546.1102841092812,0.0004783606259096901,0.2612376573222345
NN,TCGA-LUAD,502.5898722009707,0.0005907231465003067,0.29689147070574445
NN,TCGA-LUAD,477.49134672159425,0.0006795637647258254,0.324485817202131
NN,TCGA-LUAD,477.04214561011224,0.0004489110906424765,0.2141495098682626
NN,TCGA-LUAD,360.4422354095404,0.0010582237835068758,0.3814285460907598
NN,TCGA-LUAD,409.98850462223675,0.0008143380353197089,0.33386923335773766
NN,TCGA-LUAD,285.8542654261717,0.0010435347064472952,0.2982988469582073
NN,TCGA-LUAD,453.5800006580598,0.0008543297859659188,0.38750690488062156
NN,TCGA-LUAD,435.33761257335084,0.0006404376549078226,0.27880659968964705
NN,TCGA-LUAD,471.1757026434415,0.0008629087133327472,0.4065816193217052
NN,TCGA-LUAD,608.3930456763214,0.0005489501385081059,0.33397744669138507
NN,TCGA-LUAD,426.3934151889944,0.0008644276381716946,0.3685862528237852
NN,TCGA-LUAD,497.42635488868746,0.0006473764687107645,0.322022117071506
NN,TCGA-LUAD,344.67066244291016,0.0007310476531009376,0.25197067887163493
NN,TCGA-LUAD,277.778541840603,0.0006816981197413266,0.18936110967722647
NN,TCGA-LUAD,396.27838704423783,0.000994330202082536,0.3940315686706384
NN,TCGA-LUAD,442.45566091053274,0.0007089597762598772,0.3136832663640474
NN,TCGA-LUAD,340.3462478707467,0.0008583093683695585,0.2921223730368898
NN,TCGA-LUAD,358.1716378643496,0.0006065835376092195,0.21726101916704543
NN,TCGA-LUAD,113.81344475116278,0.0031663958246616274,0.36037841625043865
NN,TCGA-LUAD,397.81678432125676,0.0008637899607017376,0.34363014449535
NN,TCGA-LUAD,278.26825727888826,0.0013943558556601642,0.3880049739811669
NN,TCGA-LUAD,164.0988208460877,0.0022489320892955618,0.3690471040163301
NN,TCGA-LUAD,331.92736052096456,0.0006899702779255841,0.22902001318975546
NN,TCGA-LUAD,394.3056603589672,0.0007633344861793789,0.3009871086477329
NN,TCGA-LUAD,546.8656746364679,0.0006014779392832322,0.32892763904507727
NN,TCGA-LUAD,365.5004342721662,0.0007423028719158284,0.27131202204671145
NN,TCGA-LUAD,164.03536364723615,0.0033623343331305104,0.5515417350386506
NN,TCGA-LUAD,375.2324352783712,0.0014460708662294877,0.5426126927203945
NN,TCGA-LUAD,316.5621728784043,0.001734674352863913,0.5491322823790401
NN,TCGA-LUAD,190.51443413951472,0.002435552826991259,0.4640079686511351
NN,TCGA-LUAD,180.18346732059604,0.0025894585235919634,0.46657761526367136
NN,TCGA-LUAD,283.7640494487052,0.0019926680328886223,0.5654475502194611
NN,TCGA-LUAD,269.60740749969375,0.0019205142906654734,0.5177848789724315
NN,TCGA-LUAD,343.4853778259849,0.0016413847201481586,0.5637916507578888
NN,TCGA-LUAD,139.04819045846236,0.003642013249203815,0.5064153519275354
NN,TCGA-LUAD,146.7424355889936,0.0029421409610796935,0.4317369304749767
NN,TCGA-LUAD,204.51178312767914,0.0022844351038736757,0.46719389653267035
NN,TCGA-LUAD,53.765597555809734,0.00823271845828442,0.44263702741840655
NN,TCGA-LUAD,235.46127046710885,0.0021604122522651684,0.5086934136510646
NN,TCGA-LUAD,247.41435322364975,0.0022182169346839434,0.5488187082045748
NN,TCGA-LUAD,376.84974297834964,0.001588691221208899,0.598697878384534
NN,TCGA-LUAD,274.1402119291504,0.0018332594769569519,0.5025701415341022
NN,TCGA-LUAD,614.3081559713493,0.0009582914048540316,0.5886862257990738
NN,TCGA-LUAD,693.4566551125035,0.0005061481355894971,0.35099179309732254
NN,TCGA-LUAD,368.67327058584414,0.0008563842615161903,0.3157259865714167
NN,TCGA-LUAD,559.8628525612455,0.0004933662266355244,0.2762174230015427
NN,TCGA-LUAD,283.7742915766741,0.0012275353025121088,0.348342960855732
NN,TCGA-LUAD,280.9858959954571,0.0011297776616956733,0.31745158854721117
NN,TCGA-LUAD,491.6045381945408,0.0007544998351123107,0.3709155430082447
NN,TCGA-LUAD,379.3949302293479,0.0008218239458326435,0.31179583858998317
NN,TCGA-LUAD,362.86165616158195,0.0007613560455250362,0.27626691560784744
NN,TCGA-LUAD,346.9801514966741,0.0010922006976041632,0.3789719635194657
NN,TCGA-LUAD,203.58235882304143,0.0018272862680774405,0.3720032487001578
NN,TCGA-LUAD,131.2977706614616,0.0030149264431799635,0.395853120697819
NN,TCGA-LUAD,294.631329551822,0.0014383510792352278,0.4237832908373732
NN,TCGA-LUAD,146.51237399083038,0.001575207584649436,0.23078740275535076
NN,TCGA-LUAD,430.4925565926512,0.0006044716836648699,0.2602205604887542
NN,TCGA-LUAD,190.61604116365785,0.0019714731394921492,0.3757944051104813
NN,TCGA-LUAD,32.951826230890305,0.005550262621570439,0.18289128944179478
NN,TCGA-LUAD,31.56219858246223,0.006258279209695493,0.19752505120090394
NN,TCGA-LUAD,344.55113137731644,0.0009651849319614264,0.33255556029564765
NN,TCGA-LUAD,187.67401015876473,0.0014154103265463644,0.2656357320030829
NN,TCGA-LUAD,161.8929739696317,0.0021631062943929073,0.35019171101169744
NN,TCGA-LUAD,65.661102085402,0.0034016263284154004,0.22335453360647484
NN,TCGA-LUAD,228.71866401134406,0.0007914447792275877,0.181018192543687
NN,TCGA-LUAD,302.58159439688507,0.0008089406435884195,0.24477054970942633
NN,TCGA-LUAD,229.63612161543114,0.0013195464784432974,0.3030155356010189
NN,TCGA-LUAD,219.80067799132598,0.001665304786505829,0.3660351211361816
NN,TCGA-LUAD,143.03906759160907,0.002824011091404931,0.4039439133829236
NN,TCGA-LUAD,236.88068170818391,0.0013439681170829988,0.3183600837686851
NN,TCGA-LUAD,188.71377618262702,0.0014612117888859635,0.27575079448324175
NN,TCGA-LUAD,206.78939808309642,0.001703238841788645,0.35221173488522417
NN,TCGA-LUAD,228.07468564494664,0.0013248229305266694,0.3021585734150871
NN,TCGA-LUAD,549.0130889149535,0.0005088643216312459,0.2793731730573827
NN,TCGA-LUAD,371.1126180257909,0.0010157934069278626,0.3769737506183366
NN,TCGA-LUAD,205.10994137435728,0.0018162671036939782,0.37253443915884554
NN,TCGA-LUAD,239.79119653657182,0.0014160971321521285,0.33956762573076676
NN,TCGA-LUAD,311.5735248635114,0.0012636158752500925,0.3937092523251624
NN,TCGA-LUAD,229.51084097364466,0.0015653761698423015,0.35927080118060944
NN,TCGA-LUAD,348.55697912699696,0.0011339777496065357,0.39525585880008424
NN,TCGA-LUAD,277.8964380939235,0.0010515037883312272,0.2922091574195149
NN,TCGA-LUAD,337.0330017284338,0.0010913850285468314,0.367832772212611
NN,TCGA-LUAD,271.9140682708426,0.0014263073326222402,0.38783302941784725
NN,TCGA-LUAD,241.83018691880756,0.001506420905159239,0.3642980490730581
NN,TCGA-LUAD,236.2278214393178,0.0012744804197993595,0.3010677330362699
NN,TCGA-LUAD,213.43039706355123,0.0010223355954043349,0.21819749205934924
NN,TCGA-LUAD,284.60098160195076,0.001220362313704846,0.34731631239042693
NN,TCGA-LUAD,306.5419500243138,0.001297378565234735,0.39770095530680205
NN,TCGA-LUAD,93.26888413234215,0.0024862617306434702,0.2318908572780623
NN,TCGA-LUAD,222.20640975135066,0.0015545510274906304,0.3454312025939662
NN,TCGA-LUAD,317.7453230867549,0.0009255778180029564,0.294098022823283
NN,TCGA-LUAD,98.11969093609144,0.0031784317186895165,0.3118667378992853
NN,TCGA-LUAD,378.74196895317664,0.0009982832543850052,0.37809176533876176
NN,TCGA-LUAD,247.61902468100138,0.0010466002865874642,0.2591581421956444
NN,TCGA-LUAD,203.8339597420504,0.0010855764738660594,0.2212773512709314
NN,TCGA-LUAD,231.65729696061533,0.0015506293690873236,0.3592146082305137
NN,TCGA-LUAD,145.37337717493205,0.0036446471131961243,0.5298346594561875
NN,TCGA-LUAD,221.94540830355453,0.0020566771406438297,0.45647004772878186
NN,TCGA-LUAD,225.180578965603,0.0021557148467133496,0.4854251172676582
NN,TCGA-LUAD,124.16668903281321,0.0023501652946427715,0.29181224331561884
NN,TCGA-LUAD,118.26661445308773,0.002852188605536452,0.3373186901584695
NN,TCGA-LUAD,195.4219829139433,0.0027542085974769604,0.5382329054775783
NN,TCGA-LUAD,238.84184251168506,0.002059025230397952,0.49178137980629366
NN,TCGA-LUAD,295.05968860572204,0.0018208706226757422,0.5372655189180117
NN,TCGA-LUAD,132.8246885457355,0.003288458589268603,0.43678848791515096
NN,TCGA-LUAD,123.82528782662484,0.002699419127180922,0.33425635038787405
NN,TCGA-LUAD,117.19989618313224,0.002529689407934088,0.29647933598544435
NN,TCGA-LUAD,49.37710642005814,0.0073732299450310086,0.36406875965535557
NN,TCGA-LUAD,182.127049773632,0.0022947719307794354,0.4179400416561998
NN,TCGA-LUAD,215.68736802828303,0.002166561196758892,0.4672998822011325
NN,TCGA-LUAD,272.17877490230273,0.002064693579177982,0.5619657689293137
NN,TCGA-LUAD,218.05637858085635,0.002038163053878535,0.4444344544860521
NN,TCGA-LUAD,327.3430279542756,0.0016733655133092523,0.5477645340009113
NN,TCGA-LUAD,536.5841562716691,0.0005796815235275889,0.311047921208327
NN,TCGA-LUAD,564.7617984917773,0.00035638517175660625,0.2012727305570619
NN,TCGA-LUAD,318.7198407496918,0.0010761442402136205,0.3429885208645832
NN,TCGA-LUAD,630.2409172954625,0.0004750221487513833,0.29937839476473344
NN,TCGA-LUAD,1002.4642541712691,0.00029522058509410436,0.295948083652367
NN,TCGA-LUAD,649.566607664815,0.000467083837885388,0.30340206407027387
NN,TCGA-LUAD,555.7338065886112,0.0004769971803972021,0.2650834587941716
NN,TCGA-LUAD,472.70534501359396,0.0008424228624565082,0.39821778984484313
NN,TCGA-LUAD,380.8708627012507,0.0008466848416642682,0.3224775860807417
NN,TCGA-LUAD,163.80123514697033,0.0023638462188224976,0.3872009303406206
NN,TCGA-LUAD,531.2590351682544,0.0007052178201187454,0.37465333869974426
NN,TCGA-LUAD,372.875400816706,0.000978948394884288,0.36502577512134987
NN,TCGA-LUAD,814.7097189167736,0.0004033997189060948,0.32865367160108994
NN,TCGA-LUAD,277.29989380959086,0.001334375726536815,0.3700222472707544
NN,TCGA-LUAD,36.590314728901234,0.006307473085887848,0.23079242535671024
NN,TCGA-LUAD,39.21456686298764,0.007181341382747326,0.28161319181968514
NN,TCGA-LUAD,420.2185979846486,0.000915554873570133,0.3847331853496535
NN,TCGA-LUAD,190.89544458578675,0.0012718922280053595,0.24279843233028994
NN,TCGA-LUAD,259.49243458771747,0.0011677644172612116,0.30302603166001896
NN,TCGA-LUAD,91.92576109928572,0.0040513415427942175,0.37242265479451286
NN,TCGA-LUAD,441.37124279224645,0.0006600290883922836,0.2913178590227357
NN,TCGA-LUAD,508.92832765061615,0.0005656270620872453,0.28786363478199295
NN,TCGA-LUAD,369.6129344048406,0.0008091889034732568,0.2990866851005857
NN,TCGA-LUAD,383.6962700611588,0.0007708831488489965,0.29578498886636106
NN,TCGA-LUAD,191.40943467288452,0.002027091313492214,0.3880044023458596
NN,TCGA-LUAD,597.5349309886578,0.0005445125398620236,0.3253652629289131
NN,TCGA-LUAD,450.52312468592334,0.0006652310024286309,0.29970194985209586
NN,TCGA-LUAD,351.5467540705938,0.0008223008018801967,0.2890771777706296
NN,TCGA-LUAD,505.41596569977344,0.0005788342987953052,0.29255209610578037
NN,TCGA-LUAD,388.320311161037,0.0009241892268156204,0.3588814481287199
NN,TCGA-LUAD,524.563331836281,0.0007576006042379303,0.39740949716022844
NN,TCGA-LUAD,347.8257040433056,0.001085938993331342,0.37771749490355255
NN,TCGA-LUAD,444.7290104084128,0.000827178383565406,0.36787022395427355
NN,TCGA-LUAD,518.4442052223012,0.0007298076909170359,0.37836456828260556
NN,TCGA-LUAD,377.14180236287655,0.0009408996871703701,0.3548526038621001
NN,TCGA-LUAD,675.5119989413183,0.0006540889108661429,0.44184490766453793
NN,TCGA-LUAD,414.5735048353656,0.0008088800926127417,0.33534025498601944
NN,TCGA-LUAD,525.1530833244218,0.0007281418548573028,0.3823859401758761
NN,TCGA-LUAD,458.46583656953044,0.0008051514371904545,0.36913442721668144
NN,TCGA-LUAD,422.237112939269,0.0007243739310662686,0.30585755734189035
NN,TCGA-LUAD,400.65440305710257,0.00098589389335937,0.3950027293215411
NN,TCGA-LUAD,488.9626144612826,0.0007164029444952043,0.3502942567481362
NN,TCGA-LUAD,442.2978168509877,0.0008798589455828482,0.38915969076810575
NN,TCGA-LUAD,429.9292309300568,0.0007912199894209387,0.34016860154823186
NN,TCGA-LUAD,100.88847632157062,0.0030940152038187677,0.31215047962904924
NN,TCGA-LUAD,443.7757013205057,0.000945979809931548,0.4198028535874114
NN,TCGA-LUAD,368.9580393788151,0.0010672353001856434,0.39376504391235617
NN,TCGA-LUAD,143.50635505841421,0.002377696199496842,0.3412145150260359
NN,TCGA-LUAD,342.28140493515394,0.0007417478113372112,0.25388648297207617
NN,TCGA-LUAD,457.2867692941346,0.0007098273542729173,0.3245946575920655
NN,TCGA-LUAD,614.5177121666876,0.0006733169020107824,0.4137651621868278
NN,TCGA-LUAD,403.7143888647757,0.0009424558191081336,0.3804829750432917
NN,TCGA-LUAD,142.7131407381044,0.00359471752487532,0.5130134280412619
NN,TCGA-LUAD,285.22633879607554,0.0016609373063652083,0.473743066864364
NN,TCGA-LUAD,268.4667744537484,0.001953589021103292,0.5244737431038566
NN,TCGA-LUAD,140.4908759291548,0.002609114637074093,0.3665568007621182
NN,TCGA-LUAD,135.70515526852097,0.002786510965562325,0.37814390323907154
NN,TCGA-LUAD,243.11073487621812,0.002196042580739207,0.5338815256229752
NN,TCGA-LUAD,229.29147474380972,0.0020818713776916166,0.47735535841783766
NN,TCGA-LUAD,313.61544633085157,0.0017491346925144482,0.5485556572856954
NN,TCGA-LUAD,124.99682414683554,0.00377608614878257,0.4719987763026764
NN,TCGA-LUAD,127.75298610093935,0.0030724765267903372,0.39251805102250836
NN,TCGA-LUAD,168.60953189381146,0.0024726316699658305,0.416909268418752
NN,TCGA-LUAD,50.26994933208781,0.008356921388350324,0.42010201476461173
NN,TCGA-LUAD,193.90324961403996,0.0023255640557548283,0.4509344275964676
NN,TCGA-LUAD,225.45538788256104,0.0023183311580166578,0.5226802504708725
NN,TCGA-LUAD,353.2603977382957,0.0016649920086096452,0.5881757391925271
NN,TCGA-LUAD,231.5947457832974,0.0019737222951122994,0.4571037131833593
NN,TCGA-LUAD,483.31449006100485,0.0011369843739701844,0.5495210229127305
NN,TCGA-LUAD,640.858271869752,0.0004558860509493755,0.2921583467809425
NN,TCGA-LUAD,310.80448487216637,0.0011612512645443618,0.36092210108386213
NN,TCGA-LUAD,383.65143035133895,0.0007730888792885943,0.2965966543277828
NN,TCGA-LUAD,375.6736151653749,0.0008509882257881565,0.31969382324500506
NN,TCGA-LUAD,458.2474488286245,0.0009183262100942312,0.42082064296814087
NN,TCGA-LUAD,386.68547625975685,0.000829639023204405,0.3208093608114748
NN,TCGA-LUAD,336.7996437316762,0.000955172862109419,0.3217018796606178
NN,TCGA-LUAD,212.36056144797624,0.0014030635874538995,0.2979553711789218
NN,TCGA-LUAD,142.30108010244845,0.002249285255300525,0.32007572128777617
NN,TCGA-LUAD,263.3813473615249,0.0013325178140961157,0.35096033725986886
NN,TCGA-LUAD,321.51682794436505,0.0012990608552362712,0.4176699254822599
NN,TCGA-LUAD,427.02838058193356,0.0008423426179485163,0.35970420403770126
NN,TCGA-LUAD,239.58794993501095,0.0016313135015861725,0.3908430575463353
NN,TCGA-LUAD,54.61493108727647,0.006853971150495073,0.37432916205846944
NN,TCGA-LUAD,58.69078995654586,0.0077717291240438115,0.4561289216184255
NN,TCGA-LUAD,346.65641335535133,0.0013090916296205127,0.45380500907775895
NN,TCGA-LUAD,187.68491398189857,0.0016870922252135295,0.31664175916873116
NN,TCGA-LUAD,201.59621612347223,0.0018707221221676085,0.37713050124746184
NN,TCGA-LUAD,101.71351918395598,0.004588354483313351,0.466697681761283
NN,TCGA-LUAD,316.20171958388954,0.0010518507791374347,0.33259702510891087
NN,TCGA-LUAD,387.44589121278113,0.0009254189547113101,0.3585497716533239
NN,TCGA-LUAD,379.6860688836476,0.0008320668335445789,0.3159241850770055
NN,TCGA-LUAD,251.3696255845804,0.0013495430795684598,0.33923413862138535
NN,TCGA-LUAD,167.54759973832884,0.0019420282771497512,0.32538217646040285
NN,TCGA-LUAD,305.1357672091483,0.0011398170534027694,0.3477989510681248
NN,TCGA-LUAD,358.01295115121644,0.0010065289052191703,0.3603503837765182
NN,TCGA-LUAD,279.9645470095501,0.0011263919435111644,0.31534981022030983
NN,TCGA-LUAD,317.192161479285,0.0010547867501407512,0.3345700891768554
NN,TCGA-LUAD,322.9838539003482,0.0012718448725348866,0.4107853584947148
NN,TCGA-LUAD,309.7681826940746,0.0010062018676828379,0.31168932397549637
NN,TCGA-LUAD,231.227092178416,0.001655354172380123,0.3827627318048642
NN,TCGA-LUAD,258.6001372304242,0.0013659083271410964,0.35322408084286666
NN,TCGA-LUAD,294.24766516703755,0.0011381793556677461,0.3349066179465575
NN,TCGA-LUAD,298.299210413102,0.001276327155478119,0.38072738270792333
NN,TCGA-LUAD,361.66123279679914,0.0011209724832637372,0.4054122902284525
NN,TCGA-LUAD,325.14438454474873,0.0011108553826664,0.361188389715288
NN,TCGA-LUAD,366.4726874431309,0.001149048397479268,0.4210948542264502
NN,TCGA-LUAD,277.2142522674232,0.001231872742140824,0.3414926811011888
NN,TCGA-LUAD,212.11313855376167,0.0014589265309433073,0.3094574853977366
NN,TCGA-LUAD,307.9424602702544,0.0014029063727962771,0.4320144399677043
NN,TCGA-LUAD,370.29751920154945,0.0012335086264038744,0.4567651842710656
NN,TCGA-LUAD,272.3191087095989,0.0013962617968269015,0.3802287680371649
NN,TCGA-LUAD,211.02896503639417,0.0012974092539786769,0.27379093209576044
NN,TCGA-LUAD,120.47786413032118,0.0031966143699690263,0.3851212717421606
NN,TCGA-LUAD,315.90164465687354,0.001165851724437467,0.36829447717584796
NN,TCGA-LUAD,321.31411473877404,0.0014813023884022712,0.4759633655899074
NN,TCGA-LUAD,121.8024003291133,0.002743319191071192,0.33414286234139257
NN,TCGA-LUAD,224.80213366973985,0.0013635606863011728,0.30653135166867845
NN,TCGA-LUAD,312.2158171968377,0.0012083045836634798,0.3772518030111781
NN,TCGA-LUAD,457.0766248545265,0.0010429993260079509,0.4767306116572601
NN,TCGA-LUAD,225.66127400619393,0.0012106736074712072,0.2732021486676274
NN,TCGA-LUAD,141.32722125661073,0.0039681443925210875,0.5608068205400069
NN,TCGA-LUAD,237.26499176476116,0.0023912498800303973,0.5673598830928983
NN,TCGA-LUAD,205.94197506052032,0.0028426519760593625,0.585421362359356
NN,TCGA-LUAD,158.68155695433543,0.0032192198174159944,0.5108308128058214
NN,TCGA-LUAD,127.95542906333904,0.003449541704543719,0.4413875888767735
NN,TCGA-LUAD,211.48225571067897,0.002802106915115521,0.5925958911511224
NN,TCGA-LUAD,227.96534658910116,0.0024477686038867786,0.5580064181549698
NN,TCGA-LUAD,256.0052808149166,0.0023766117371353964,0.6084251551533739
NN,TCGA-LUAD,139.47692622273095,0.0038917335979142737,0.5428070399148125
NN,TCGA-LUAD,136.98521173784164,0.0032186163629820894,0.44090284398598323
NN,TCGA-LUAD,158.30494719345927,0.0032051012592579564,0.5073833855965206
NN,TCGA-LUAD,57.465467256913776,0.009192893817499537,0.5282739386658047
NN,TCGA-LUAD,195.08474891902466,0.0027803568145871034,0.5424052110790243
NN,TCGA-LUAD,198.4622576791068,0.002950984042522512,0.585658955454035
NN,TCGA-LUAD,260.0615073966506,0.002389765167791102,0.6214859318597636
NN,TCGA-LUAD,221.79938153348144,0.0023652125511407344,0.5246026810382427
NN,TCGA-LUAD,348.41514643004257,0.001786159567074795,0.6223250471097861
NN,TCGA-LUAD,395.0909757877248,0.000864153440111908,0.3414192258841329
NN,TCGA-LUAD,381.1173300479961,0.0006122607267651519,0.23334317347798034
NN,TCGA-LUAD,457.8093821592578,0.000615801837384607,0.28191985870558267
NN,TCGA-LUAD,435.7531394380189,0.0007624978661431665,0.3322608389866751
NN,TCGA-LUAD,639.505520649043,0.0005591405664300097,0.35757347905082415
NN,TCGA-LUAD,464.15618225574076,0.0007673926351868328,0.35619003583949277
NN,TCGA-LUAD,234.55531970868608,0.0013421685799724927,0.3148127803784012
NN,TCGA-LUAD,138.13200724710236,0.002355739722376426,0.3254030564035874
NN,TCGA-LUAD,278.02770859784175,0.001168311380030498,0.3248229359186616
NN,TCGA-LUAD,301.7779683305668,0.0012268632127789099,0.3702402877719313
NN,TCGA-LUAD,574.4274047496032,0.0005083403668505889,0.292004637659445
NN,TCGA-LUAD,207.81780704063434,0.0016776197719257585,0.34863926204962026
NN,TCGA-LUAD,54.01032708034418,0.006037102529335295,0.32606588222697247
NN,TCGA-LUAD,49.9859450182909,0.006870815973331412,0.3434442294737388
NN,TCGA-LUAD,357.3032412109302,0.0009099349101569468,0.32512269269005367
NN,TCGA-LUAD,218.33374849684014,0.001322043705379036,0.28864675787205707
NN,TCGA-LUAD,180.77206236270197,0.0016506568941509166,0.29839265100887347
NN,TCGA-LUAD,100.25317760632282,0.0038117137581260216,0.38213641637787227
NN,TCGA-LUAD,491.2231706097538,0.0007118651466959576,0.3496846544065658
NN,TCGA-LUAD,604.7897063691515,0.0006013749994521474,0.3637054093364129
NN,TCGA-LUAD,400.63132337311635,0.0008261423596634439,0.33097850684655455
NN,TCGA-LUAD,272.5894766410953,0.0012493317621569615,0.3405546911974635
NN,TCGA-LUAD,161.54333164711417,0.0021269608303915296,0.34359633882436025
NN,TCGA-LUAD,307.5099995919454,0.0008505096011143822,0.26154020709162934
NN,TCGA-LUAD,321.06838910059264,0.0010129017537423221,0.32521073439121256
NN,TCGA-LUAD,255.29086655043085,0.0011490485704013628,0.29334160524629765
NN,TCGA-LUAD,311.8600673298094,0.000939229549066848,0.2929081904101337
NN,TCGA-LUAD,483.69499449093126,0.0007080291078181394,0.3424701354055139
NN,TCGA-LUAD,399.5419761797941,0.0008247707066024615,0.32953051801115263
NN,TCGA-LUAD,207.2869835475241,0.0015378215929242201,0.3187703992315101
NN,TCGA-LUAD,318.90261398323776,0.0011082345539437863,0.35341889615922095
NN,TCGA-LUAD,309.51522685415927,0.0010184768726963236,0.3152341002983173
NN,TCGA-LUAD,303.797341315389,0.0011808922812372104,0.35875193541972916
NN,TCGA-LUAD,444.9280017126271,0.0008778087326648309,0.39056168531045693
NN,TCGA-LUAD,338.5404439275168,0.0009174629898120347,0.31059832785803304
NN,TCGA-LUAD,376.2914942186886,0.0009627805822675815,0.3622861439062073
NN,TCGA-LUAD,267.4924958793686,0.0010258913227700116,0.27441823042873736
NN,TCGA-LUAD,192.86155972015183,0.0012103974773812268,0.2334391453690806
NN,TCGA-LUAD,350.4418389179694,0.0010914360384040925,0.3824848523596736
NN,TCGA-LUAD,376.2281310878131,0.00093178509370682,0.3505637643807997
NN,TCGA-LUAD,270.61836167219514,0.0011399943513978991,0.30850340369085616
NN,TCGA-LUAD,255.09711964718446,0.0011258238590508463,0.28719442367394865
NN,TCGA-LUAD,124.26010467698488,0.002696145480527032,0.3350233196346687
NN,TCGA-LUAD,319.1777363281003,0.0011144044910745845,0.3556931028150545
NN,TCGA-LUAD,396.02334696774886,0.0010419489214016809,0.41263609922292954
NN,TCGA-LUAD,131.3499415202493,0.0027661377898987923,0.36333203694015803
NN,TCGA-LUAD,225.8026275846528,0.0009996790777231125,0.22573016249128117
NN,TCGA-LUAD,348.64062429238396,0.0009489227711590219,0.3308330273421404
NN,TCGA-LUAD,471.4416557738546,0.0008264956558279787,0.3896444804734402
NN,TCGA-LUAD,263.87016445900986,0.0011259763737031146,0.2971115709060004
NN,TCGA-LUAD,155.99712567424456,0.0036384738790103802,0.5675914669664384
NN,TCGA-LUAD,283.9566493394307,0.0020043045779206273,0.5691356122020232
NN,TCGA-LUAD,253.28805896024645,0.00228315454119425,0.5782957820453636
NN,TCGA-LUAD,189.11707205087802,0.002630292741166906,0.49743326184616315
NN,TCGA-LUAD,160.63172304948628,0.0029137395854274208,0.4680390101247024
NN,TCGA-LUAD,232.21008519635342,0.002537052435099127,0.5891291621019842
NN,TCGA-LUAD,264.65518279150626,0.0020599194015313714,0.5451683457480553
NN,TCGA-LUAD,319.1937279934309,0.0018740659940964265,0.5981901111613535
NN,TCGA-LUAD,150.77871147639718,0.003522832324296428,0.5311681186048167
NN,TCGA-LUAD,156.51518217573133,0.002875986079481222,0.4501354851648708
NN,TCGA-LUAD,187.80438229538132,0.002649740476723985,0.49763287347421725
NN,TCGA-LUAD,60.39683534600899,0.008131168287420597,0.49109683222603173
NN,TCGA-LUAD,221.9212488358803,0.0023393807210220926,0.5191582911118049
NN,TCGA-LUAD,240.13662981422218,0.0024000016442532416,0.5763283063995652
NN,TCGA-LUAD,318.7676906542614,0.0019422453074268988,0.6191250513325485
NN,TCGA-LUAD,268.6141418769198,0.0020542391588431585,0.5517976888626206
NN,TCGA-LUAD,399.00458017895215,0.001518961390242499,0.6060725518217458
NN,TCGA-LUAD,334.0712177993017,0.000773745485836091,0.25848609671997524
NN,TCGA-LUAD,299.51307304038505,0.0011916399827339818,0.3569117531864463
NN,TCGA-LUAD,283.03523859391277,0.0015516651060049234,0.4391759034959524
NN,TCGA-LUAD,297.1829307461793,0.0012320640508351735,0.3661484054942065
NN,TCGA-LUAD,439.8687455317275,0.0007784635932068932,0.3424218041860371
NN,TCGA-LUAD,230.89034793400353,0.0016829734019186927,0.38858231433268053
NN,TCGA-LUAD,204.61199806159058,0.0015433215940928247,0.31578211501893194
NN,TCGA-LUAD,199.24439956603922,0.0019197317497100103,0.38249579979883286
NN,TCGA-LUAD,242.74544057873308,0.0018893701624732593,0.4586359925058838
NN,TCGA-LUAD,294.4566776456013,0.001177223015224842,0.3466411779110441
NN,TCGA-LUAD,226.50741190380145,0.0016361794850386665,0.370606780566203
NN,TCGA-LUAD,43.772263683504185,0.00716030288219921,0.3134226658133788
NN,TCGA-LUAD,49.14123611519973,0.008199496982905162,0.4029334172628104
NN,TCGA-LUAD,317.467522342704,0.0013219814987546765,0.4196861909925416
NN,TCGA-LUAD,182.81145922829808,0.001969635681198798,0.36007197302807514
NN,TCGA-LUAD,178.28433419930792,0.0021792440798471206,0.3885250798333273
NN,TCGA-LUAD,101.48678350087195,0.004967541456766707,0.5041398043544888
NN,TCGA-LUAD,260.1354021346179,0.0015548186995571068,0.40446338765571166
NN,TCGA-LUAD,268.97833709936833,0.001072248874132379,0.28841171912079716
NN,TCGA-LUAD,286.6813309126966,0.0012852756359567454,0.36846452990574224
NN,TCGA-LUAD,281.4735892361868,0.0014499202117951974,0.40811424612008634
NN,TCGA-LUAD,230.12931166407648,0.0014562165140200333,0.33511810400529124
NN,TCGA-LUAD,326.1048129250525,0.0013309636389235333,0.43403364848120596
NN,TCGA-LUAD,263.702782629586,0.0014233126276190736,0.37533150045497743
NN,TCGA-LUAD,290.3985837325408,0.0012862694831394994,0.3735308362020979
NN,TCGA-LUAD,248.27377360662123,0.0016028472895592441,0.39794494509401823
NN,TCGA-LUAD,295.639500257143,0.0012962789574863223,0.3832312631851067
NN,TCGA-LUAD,283.28059772034663,0.0012240723066377292,0.34675593467725935
NN,TCGA-LUAD,212.42291889824548,0.0017060043806573287,0.36239443019242323
NN,TCGA-LUAD,228.87340876007104,0.001685096995087466,0.38567389335702107
NN,TCGA-LUAD,198.39432563213,0.001628752895330336,0.3231353322904412
NN,TCGA-LUAD,246.71080242121735,0.0014885072835727864,0.36723082634006865
NN,TCGA-LUAD,301.3337304178364,0.0013939811112186789,0.42005352837552545
NN,TCGA-LUAD,319.2866472756412,0.001127094696968672,0.35986628695728207
NN,TCGA-LUAD,221.14441630531542,0.0018597172541393618,0.4112660866595731
NN,TCGA-LUAD,261.60462239024275,0.0016373656490796462,0.4283424223422356
NN,TCGA-LUAD,198.66031768357345,0.0017279759565136995,0.34328025247058824
NN,TCGA-LUAD,354.5075129471306,0.0010750825341129026,0.38112483538126374
NN,TCGA-LUAD,294.0623672670956,0.0016453308234656739,0.4838298768858359
NN,TCGA-LUAD,224.67252587060287,0.0015419671292113356,0.34643764972935304
NN,TCGA-LUAD,179.346924190464,0.0020746441914038394,0.37208105451789086
NN,TCGA-LUAD,82.77222589461515,0.0035785798121486154,0.29620701659307463
NN,TCGA-LUAD,320.09949628344515,0.0012671522050388675,0.4056147825473983
NN,TCGA-LUAD,288.7636405195196,0.0014281744431156903,0.41240485149102424
NN,TCGA-LUAD,132.82941361256977,0.002771095657357831,0.3680830112311792
NN,TCGA-LUAD,198.53386331795403,0.0017743608479545278,0.35227071406453325
NN,TCGA-LUAD,288.37867355434713,0.001395117492330631,0.4023221318907744
NN,TCGA-LUAD,351.67994092833345,0.001426758214154757,0.5017622444729595
NN,TCGA-LUAD,240.56349309418908,0.0014454806958099998,0.3477298853842725
NN,TCGA-LUAD,162.28809094083178,0.003590165087927005,0.5826410382820971
NN,TCGA-LUAD,203.22332882288143,0.002775574333713709,0.5640614554926511
NN,TCGA-LUAD,203.25983513718535,0.003024650263349769,0.6147899138761183
NN,TCGA-LUAD,121.74603870097425,0.003934114479899006,0.47896285372384756
NN,TCGA-LUAD,100.19899590121075,0.0038627402360089554,0.38704269307530315
NN,TCGA-LUAD,204.5222500121492,0.0030060704599359474,0.6148082941611561
NN,TCGA-LUAD,228.77573300379814,0.002429490253806349,0.5558084136401311
NN,TCGA-LUAD,220.59611486031264,0.0026742436237290005,0.5899277535845813
NN,TCGA-LUAD,118.73055639980952,0.004392860263859303,0.521566743314629
NN,TCGA-LUAD,111.25923361562128,0.0037888081897176156,0.4215398955045714
NN,TCGA-LUAD,130.03543577959886,0.003479282342482083,0.4524299956049212
NN,TCGA-LUAD,55.008010164126006,0.009548671701072556,0.5252534299865015
NN,TCGA-LUAD,169.12840446611787,0.003114185993761644,0.5266973083356385
NN,TCGA-LUAD,167.88217810190335,0.0034336915608431037,0.5764556181644644
NN,TCGA-LUAD,238.43255696700172,0.0025974159976039943,0.6193085378157159
NN,TCGA-LUAD,170.07065184037384,0.0032381560468137255,0.5507153096424584
NN,TCGA-LUAD,289.8905083427429,0.0020886283904754162,0.6054735458540034
NN,TCGA-LUAD,609.676728401912,0.00041633130808075176,0.25382750984196123
NN,TCGA-LUAD,390.59737955569517,0.0008410192610011008,0.3284999195028972
NN,TCGA-LUAD,450.76915742654774,0.0006803057788644925,0.3066608627311586
NN,TCGA-LUAD,426.6251377778029,0.0007289261004421882,0.3109781980309851
NN,TCGA-LUAD,611.0962475960407,0.0005455048048750535,0.33335593930475554
NN,TCGA-LUAD,184.31463467815058,0.0016180817605896296,0.2982361485824563
NN,TCGA-LUAD,514.4954901738017,0.0006501978772226168,0.3345238755516156
NN,TCGA-LUAD,316.31867378507854,0.0008710885997657281,0.2755415906271962
NN,TCGA-LUAD,402.08532484456464,0.0006852353469140027,0.2755230770588947
NN,TCGA-LUAD,336.9733357741812,0.0009775929007159862,0.32942274078342376
NN,TCGA-LUAD,15.76675649170179,0.0071771630238499605,0.11316058169828841
NN,TCGA-LUAD,28.19089692253781,0.00830846801294067,0.23422316533701298
NN,TCGA-LUAD,257.40475159236115,0.0011106021930114252,0.2858742816100374
NN,TCGA-LUAD,137.86941693984764,0.001527957526327507,0.21065861326362528
NN,TCGA-LUAD,343.75919303058765,0.0008038153119273729,0.2763189029737838
NN,TCGA-LUAD,56.48578476368878,0.004873535084493568,0.2752854538209895
NN,TCGA-LUAD,299.9528517847828,0.0010316082589002969,0.3094338391818786
NN,TCGA-LUAD,363.9060889322964,0.0007213371491169073,0.2624989807367064
NN,TCGA-LUAD,418.1627026911598,0.0007144505602723172,0.2987565772226855
NN,TCGA-LUAD,672.7466868390187,0.00047858228590678026,0.32196464722363044
NN,TCGA-LUAD,255.2034736995041,0.001149481170880367,0.2933515877608429
NN,TCGA-LUAD,748.249847004582,0.00035049849987776936,0.2622604489088764
NN,TCGA-LUAD,667.0110909497504,0.0003985200838283578,0.2658173158797389
NN,TCGA-LUAD,654.4098590698557,0.00041334454322634515,0.2704967442800464
NN,TCGA-LUAD,577.4496741635709,0.00047839278594261433,0.27624775836476556
NN,TCGA-LUAD,232.59058087266558,0.0014419847893881077,0.3353920797733283
NN,TCGA-LUAD,423.6534681426899,0.0008662753987891138,0.3670005770636998
NN,TCGA-LUAD,404.15935150854796,0.0008085990305722033,0.32680285982650226
NN,TCGA-LUAD,462.4453686378914,0.000777401274990928,0.3595056191927465
NN,TCGA-LUAD,446.2268324927283,0.000785683131435858,0.3505928950835908
NN,TCGA-LUAD,442.70955931892837,0.0006796805777823242,0.30090108906764734
NN,TCGA-LUAD,583.6141192866388,0.0005873823092118825,0.3428046090752449
NN,TCGA-LUAD,399.48924653711896,0.0008364827047582484,0.334165845465204
NN,TCGA-LUAD,347.42830711104864,0.0009929854766681156,0.3449912631446611
NN,TCGA-LUAD,501.9877823674959,0.0007526442095870677,0.3778181976823489
NN,TCGA-LUAD,541.9470651872341,0.0006082036120608669,0.32961416259266185
NN,TCGA-LUAD,345.4952189414757,0.0008614608975998541,0.2976306214257818
NN,TCGA-LUAD,266.76360750448714,0.0010510083029260254,0.28037076640571534
NN,TCGA-LUAD,320.4838306799849,0.000910458172785436,0.2917871228881761
NN,TCGA-LUAD,369.0919190463062,0.0009131008992642667,0.3370181631923561
NN,TCGA-LUAD,62.984206762309874,0.0037054331001116093,0.23338376452133647
NN,TCGA-LUAD,464.65837778941557,0.0006299910852003963,0.29273063567100965
NN,TCGA-LUAD,220.35488137801707,0.0014703401002615542,0.3239966183784765
NN,TCGA-LUAD,125.98022731349715,0.0018646929304920856,0.23491443925326408
NN,TCGA-LUAD,341.14082590501215,0.0010066172363602881,0.3433982353821695
NN,TCGA-LUAD,328.2353987843943,0.0008106000779983236,0.2660676398564409
NN,TCGA-LUAD,314.9596133434296,0.0008384413137561546,0.2640751519917956
NN,TCGA-LUAD,461.6084496501376,0.0006888590394342005,0.31798315322070425
NN,TCGA-LUAD,139.9496718469978,0.0034138997328929254,0.4777741473369183
NN,TCGA-LUAD,234.8303444642453,0.0018073982928101945,0.4244319636847068
NN,TCGA-LUAD,216.12399624202104,0.0021145095104348993,0.4569962454869499
NN,TCGA-LUAD,97.41034104562696,0.003325999517929119,0.32398674735906635
NN,TCGA-LUAD,103.37712982729407,0.0030545179834298845,0.31576730213283566
NN,TCGA-LUAD,242.14548265548916,0.0019904122491224067,0.48196933474714293
NN,TCGA-LUAD,196.78971855906227,0.002248938012822144,0.44256787860004654
NN,TCGA-LUAD,239.48410855062465,0.00209244483703672,0.501107286489096
NN,TCGA-LUAD,92.94577135274665,0.004176418778995768,0.388180464905858
NN,TCGA-LUAD,96.87821276266449,0.0035631273181211025,0.3451894064253983
NN,TCGA-LUAD,123.47918724492075,0.0028055519980965658,0.3464272804983274
NN,TCGA-LUAD,38.51617035858505,0.009244563047059035,0.3560651652112059
NN,TCGA-LUAD,151.84105334366706,0.0026251146903528253,0.3986001797311074
NN,TCGA-LUAD,164.24864571191728,0.0029132971418749354,0.4785051101093575
NN,TCGA-LUAD,319.70162287153937,0.0017694664279429523,0.5657012886300676
NN,TCGA-LUAD,180.42593960810436,0.002365343161608759,0.4267692624288646
NN,TCGA-LUAD,437.03279057359384,0.0011225196517481396,0.4905778958771882
NN,TCGA-LUAD,610.4838123524338,0.0004201060399774151,0.2564679368776963
NN,TCGA-LUAD,692.8954732336216,0.0004725431987693563,0.32742304333462247
NN,TCGA-LUAD,478.734729580323,0.000732785457009102,0.35080984760164585
NN,TCGA-LUAD,505.31244160482106,0.0005903003442772504,0.2982861082469038
NN,TCGA-LUAD,155.38525146752409,0.0021070962987623596,0.3274116882494785
NN,TCGA-LUAD,721.034083570582,0.0004183105410131936,0.3016161575873624
NN,TCGA-LUAD,400.15950549280205,0.0007050730696272465,0.28214169087833096
NN,TCGA-LUAD,642.8805196066968,0.00048232257593127786,0.3100757882327404
NN,TCGA-LUAD,383.7053928241133,0.0008737823045305878,0.3352749824026682
NN,TCGA-LUAD,35.66454231905202,0.006076685523493754,0.21672220801221376
NN,TCGA-LUAD,33.159325080168145,0.00698667855358244,0.23167354538887908
NN,TCGA-LUAD,354.87200907952086,0.0008566094775799301,0.30398672630534856
NN,TCGA-LUAD,211.66052170508837,0.0011585214860137499,0.24521326213622455
NN,TCGA-LUAD,342.2963764394105,0.0008862936398576382,0.30337510138456547
NN,TCGA-LUAD,65.10346130700223,0.003876130424058466,0.2523495070835845
NN,TCGA-LUAD,470.2946028231952,0.0006724071246772682,0.31622944163558253
NN,TCGA-LUAD,503.0374640305559,0.0006017353694535981,0.3026954342674276
NN,TCGA-LUAD,421.72428112091575,0.0007636962619711936,0.32206925707453216
NN,TCGA-LUAD,482.8356545010912,0.0005037626510871415,0.2432345693508648
NN,TCGA-LUAD,223.38964431874288,0.001593653302569362,0.3560056444283597
NN,TCGA-LUAD,604.9014089681685,0.00046836694325630277,0.28331582388985177
NN,TCGA-LUAD,588.4078867242949,0.0005034509693834094,0.2962345209641896
NN,TCGA-LUAD,507.9468505704173,0.0005613599227924351,0.28514100481887006
NN,TCGA-LUAD,629.1243721793177,0.0003977872194947034,0.25025763472556173
NN,TCGA-LUAD,374.4284686594902,0.0009685026088839962,0.36263494873715585
NN,TCGA-LUAD,552.4255344223628,0.0006633873233663242,0.36647209663966246
NN,TCGA-LUAD,528.9316148467009,0.0006755635916115988,0.3573269414427601
NN,TCGA-LUAD,539.614624609149,0.0005711861069104066,0.30822037666242036
NN,TCGA-LUAD,613.4325410431425,0.0005525614183569149,0.3389591549450852
NN,TCGA-LUAD,521.2646681336047,0.0006125064369894217,0.31927796460698754
NN,TCGA-LUAD,785.2035537966208,0.0004137217558099646,0.324855792944962
NN,TCGA-LUAD,530.9319775550221,0.0006431764597479087,0.3414829496907952
NN,TCGA-LUAD,555.2806964695147,0.0005938487300610161,0.32975273642581787
NN,TCGA-LUAD,545.3317544247017,0.0005933728291112,0.3235850459271594
NN,TCGA-LUAD,606.4328501109846,0.00046527850879402727,0.28216017218335077
NN,TCGA-LUAD,455.3820560639828,0.0007157213292568897,0.32592665048584923
NN,TCGA-LUAD,382.67263521361815,0.0005617033598477503,0.21494850492128184
NN,TCGA-LUAD,573.1566910875314,0.0005344836002278661,0.30634285174715464
NN,TCGA-LUAD,563.4484430801937,0.0005596746184385415,0.31534779239069766
NN,TCGA-LUAD,90.60265921458038,0.003111844397496265,0.2819413774751553
NN,TCGA-LUAD,427.41729654360057,0.0007192669778661377,0.30742714717263037
NN,TCGA-LUAD,274.3472600383383,0.0011450964991795436,0.31415408702940106
NN,TCGA-LUAD,156.07507251701557,0.0017937603714723292,0.27996128005569254
NN,TCGA-LUAD,442.13421475577553,0.0005588711524109734,0.2470960581208811
NN,TCGA-LUAD,557.2537487202761,0.00048476164145557583,0.270135241936914
NN,TCGA-LUAD,473.11142077325496,0.0005746531500787534,0.27187496828558555
NN,TCGA-LUAD,499.6299220765693,0.0006233931392446792,0.311465865583887
NN,TCGA-LUAD,162.76629822278647,0.003115556180761393,0.5071075464476545
NN,TCGA-LUAD,335.86494088102233,0.0014201616980700376,0.47698252476378544
NN,TCGA-LUAD,308.80671497477795,0.0015824466408829016,0.488670148793921
NN,TCGA-LUAD,148.30599746225968,0.0024233343230578045,0.3593950139656175
NN,TCGA-LUAD,152.19176371891916,0.0025107785545867393,0.38211981653019444
NN,TCGA-LUAD,291.64433421606736,0.0017837396305396094,0.5202175569635383
NN,TCGA-LUAD,250.75050297311748,0.0018639285683424087,0.4673810260178217
NN,TCGA-LUAD,337.33813599951014,0.0015473250955903386,0.5219717635317087
NN,TCGA-LUAD,124.89357594526615,0.003472888031094465,0.4337414050609024
NN,TCGA-LUAD,133.27586793804153,0.002934526855769703,0.3911016136901992
NN,TCGA-LUAD,184.89236798158288,0.002174810344371032,0.4021058344816018
NN,TCGA-LUAD,51.26374394667661,0.007810067799461846,0.4003733158777961
NN,TCGA-LUAD,190.24204084578568,0.002076613853712162,0.39505925757883353
NN,TCGA-LUAD,224.5075975803312,0.0021569223090927804,0.4842454457818407
NN,TCGA-LUAD,392.2935250578879,0.001458445869290776,0.5721388711701941
NN,TCGA-LUAD,222.4093691277846,0.0018673438417633986,0.4153147657912511
NN,TCGA-LUAD,621.2852990266041,0.0008463602644958109,0.5258311900115156
NN,TCGA-LUAD,750.1502662653668,0.0005011141554462166,0.37591091713732383
NN,TCGA-LUAD,393.75322547059073,0.0009865492017815346,0.3884569302869159
NN,TCGA-LUAD,342.18559051453923,0.0010788105652974878,0.36915343033964476
NN,TCGA-LUAD,145.29877600230458,0.0027973321734457743,0.40644894087353733
NN,TCGA-LUAD,439.4469698387686,0.0007125414158776322,0.3131241660920513
NN,TCGA-LUAD,371.2316402591102,0.000992349226311193,0.36839143099336313
NN,TCGA-LUAD,476.6814529192225,0.0007065219601735033,0.33678591449484263
NN,TCGA-LUAD,287.62143120708095,0.001294966714254426,0.37246017971938905
NN,TCGA-LUAD,36.19683170967126,0.006378825613559488,0.2308932772393533
NN,TCGA-LUAD,25.874038807744466,0.007091473651758423,0.18348506446969481
NN,TCGA-LUAD,309.23812997929485,0.0011675230837925007,0.3610426551396525
NN,TCGA-LUAD,219.801099940156,0.001636223845656969,0.35964380102371385
NN,TCGA-LUAD,227.1575856312135,0.0014792669813099334,0.3360267159783379
NN,TCGA-LUAD,93.01825056290708,0.004086518309350106,0.3801207840290356
NN,TCGA-LUAD,661.7068507205132,0.0006017387727369738,0.39817466826420955
NN,TCGA-LUAD,478.84613196404376,0.0007112186452621993,0.3405642972645115
NN,TCGA-LUAD,365.3756260091615,0.0009702144667837054,0.3544927181642412
NN,TCGA-LUAD,418.12778938706583,0.0008063741153720211,0.33716742627945395
NN,TCGA-LUAD,180.40508357105858,0.002303460419897976,0.41555596955432006
NN,TCGA-LUAD,373.77484827944676,0.0009155873358218827,0.3422235175334071
NN,TCGA-LUAD,373.0416865218003,0.0009321954122721778,0.3477477487618981
NN,TCGA-LUAD,382.56351426805185,0.0009506672501352511,0.3636906041112868
NN,TCGA-LUAD,450.37430983592105,0.0005944397757278906,0.2677204037324684
NN,TCGA-LUAD,381.57899981905973,0.0008989535113911331,0.3430217817604603
NN,TCGA-LUAD,512.0499155193002,0.0006784037255651301,0.34737657036360337
NN,TCGA-LUAD,297.7207704355624,0.001071494332119475,0.3190061180759484
NN,TCGA-LUAD,430.5932033643677,0.0008483044007172258,0.3652741093329205
NN,TCGA-LUAD,487.8005653349754,0.0005638977781808328,0.27506965498774677
NN,TCGA-LUAD,370.07667176803017,0.0010846947611848922,0.4014202271035232
NN,TCGA-LUAD,580.9546737893968,0.0006393173687780936,0.3714144134263728
NN,TCGA-LUAD,433.5932483515583,0.0007923282071155354,0.34354816108379127
NN,TCGA-LUAD,530.5358300640654,0.0006161331929078627,0.32688073492939584
NN,TCGA-LUAD,390.15054407687046,0.0008103393288339307,0.3161543300314441
NN,TCGA-LUAD,353.3918612663407,0.0007511752172253648,0.26545920815241947
NN,TCGA-LUAD,398.2725920683864,0.0009870394644954082,0.3931107659983783
NN,TCGA-LUAD,414.07122828544647,0.0006279250679214012,0.260005704145437
NN,TCGA-LUAD,346.9072379106005,0.0007558382831103878,0.2622057711009151
NN,TCGA-LUAD,318.64366988919704,0.0006248342857919016,0.19909948989732693
NN,TCGA-LUAD,100.71416877178373,0.0032051311065904153,0.32280211520484103
NN,TCGA-LUAD,332.6409580700085,0.0011841065869281305,0.3938823495327811
NN,TCGA-LUAD,295.35414250826113,0.001211267769976238,0.3577529535492255
NN,TCGA-LUAD,169.0551410315491,0.0024525202448106844,0.4146111558691996
NN,TCGA-LUAD,377.9618865282913,0.0008256328855269844,0.3120577629935758
NN,TCGA-LUAD,446.6085342022584,0.0006931602071123201,0.3095712640657671
NN,TCGA-LUAD,733.3630457356677,0.0004562844550984798,0.33462215771286064
NN,TCGA-LUAD,416.4212155165746,0.0006943668653419507,0.2891490940801288
NN,TCGA-LUAD,162.932547186142,0.0036518712961642824,0.5950086922800044
NN,TCGA-LUAD,330.421187638193,0.0016773850950688896,0.5542435752392657
NN,TCGA-LUAD,312.2492486254703,0.0018132003452199924,0.5661704454023859
NN,TCGA-LUAD,195.13807407726514,0.0024047502084512265,0.4692583243140742
NN,TCGA-LUAD,191.34697998089678,0.0026052522675135007,0.49850715347709174
NN,TCGA-LUAD,258.85199658950415,0.0023217368883460673,0.6009862291038822
NN,TCGA-LUAD,284.5978264616724,0.0020083081570142574,0.5715601363515048
NN,TCGA-LUAD,345.265078642549,0.001665356530297285,0.5749894534009746
NN,TCGA-LUAD,146.26058340880334,0.0038302491094987824,0.5602144693563413
NN,TCGA-LUAD,173.60668164203776,0.002770594157514624,0.4809936578629312
NN,TCGA-LUAD,222.83496853701698,0.002246751975381164,0.5006549057445424
NN,TCGA-LUAD,62.61234614135343,0.00824328376319626,0.5161313363226427
NN,TCGA-LUAD,233.8891409097049,0.0022614749487926853,0.5289344329619401
NN,TCGA-LUAD,261.0946613546443,0.0021727141461607273,0.5672840642122803
NN,TCGA-LUAD,339.7161621297945,0.0017769449612457342,0.6036569225502773
NN,TCGA-LUAD,266.8604291390463,0.001975827596840825,0.5272702003977131
NN,TCGA-LUAD,485.8951929043078,0.0011618786713734367,0.5645512611583969
NN,TCGA-LUAD,470.76874065340866,0.0006518394521644131,0.3068656380036486
NN,TCGA-LUAD,362.63166521507617,0.0009342585073103603,0.33879171824730736
NN,TCGA-LUAD,158.92271774876897,0.0021937931305838565,0.3486435664909665
NN,TCGA-LUAD,367.0321062054335,0.0007296982899149274,0.26782270024197885
NN,TCGA-LUAD,648.0532240723928,0.0005907566927628159,0.3828417793872868
NN,TCGA-LUAD,712.0121466658439,0.0004988004290316855,0.35515196423269435
NN,TCGA-LUAD,326.78322571491583,0.0011252253824858855,0.3677047801450376
NN,TCGA-LUAD,78.07493747649629,0.005796511654577919,0.45256228501295304
NN,TCGA-LUAD,78.17905155257517,0.006455144999596613,0.5046571137028115
NN,TCGA-LUAD,503.023028839061,0.0008786225911417327,0.4419673970025383
NN,TCGA-LUAD,351.2539029108427,0.0011493059477434128,0.4036981997835188
NN,TCGA-LUAD,342.66548331065275,0.0010441453196177253,0.35779256059336384
NN,TCGA-LUAD,124.21008856716175,0.003607213958807459,0.44805236530417664
NN,TCGA-LUAD,688.0733634738133,0.0004584504743928008,0.31544755990161977
NN,TCGA-LUAD,1018.4282970423819,0.0004098983346785692,0.41745206294720355
NN,TCGA-LUAD,551.6812705552512,0.0006903200014180306,0.3808366154720019
NN,TCGA-LUAD,458.580398174888,0.0007664438173173329,0.3514761109240636
NN,TCGA-LUAD,171.12646479995996,0.0018877972896106981,0.323052076430025
NN,TCGA-LUAD,511.10139372977363,0.0006876161970813882,0.3514415966794642
NN,TCGA-LUAD,466.64341323878915,0.0006612658987915749,0.3085753760705162
NN,TCGA-LUAD,415.1689757849984,0.0008773897105045799,0.36426498747448266
NN,TCGA-LUAD,463.82401179360727,0.0005350148578329931,0.2481527377292853
NN,TCGA-LUAD,505.1399438905798,0.0007060897387953038,0.3566741310367739
NN,TCGA-LUAD,508.2042389818301,0.0005735539172164468,0.2914825320140319
NN,TCGA-LUAD,333.7346393994877,0.0008577956183548677,0.2862761113701224
NN,TCGA-LUAD,578.8530861219468,0.0005644603380655971,0.3267396086827083
NN,TCGA-LUAD,481.28901499445504,0.0005901088589581031,0.2840129114674472
NN,TCGA-LUAD,466.27389075517476,0.0008428123019743061,0.39298137121788496
NN,TCGA-LUAD,677.7528675630207,0.00046811095174449375,0.31726353988248546
NN,TCGA-LUAD,521.39432311187,0.0005955010437162968,0.31049086360087064
NN,TCGA-LUAD,587.3093323093684,0.0006510374090307779,0.3823603460062874
NN,TCGA-LUAD,438.72990864052366,0.0007478412745112839,0.32810033404394834
NN,TCGA-LUAD,423.4380186243598,0.0007362147214877892,0.31174130294887437
NN,TCGA-LUAD,499.3243849152637,0.0007230078140003011,0.3610154320146297
NN,TCGA-LUAD,858.3138223438009,0.0005053619856324025,0.4337591775554004
NN,TCGA-LUAD,555.3683952195225,0.00056130385955425,0.3117304237111681
NN,TCGA-LUAD,291.08247325391017,0.0007183360113232923,0.20909502280333275
NN,TCGA-LUAD,154.4463408643927,0.0026143834043978573,0.4037819504258429
NN,TCGA-LUAD,414.651475041663,0.00077433029369449,0.3210771984498644
NN,TCGA-LUAD,484.7927202732114,0.0007793064614379573,0.3778020993669978
NN,TCGA-LUAD,222.0055986245976,0.0017721280241241636,0.3934223428351103
NN,TCGA-LUAD,342.7574315100278,0.0008535552314766491,0.2925623987928835
NN,TCGA-LUAD,756.3014240152831,0.0004377152448351838,0.3310446629820478
NN,TCGA-LUAD,812.4474436297428,0.0005346579963202353,0.4343815223265756
NN,TCGA-LUAD,380.2281451557616,0.0007700993547890365,0.2928134492570841
NN,TCGA-LUAD,173.5982597748979,0.0034409045395284903,0.5973350401136923
NN,TCGA-LUAD,328.19558427789667,0.0018132609954664342,0.5951042518554269
NN,TCGA-LUAD,311.6837550112985,0.0019442909443688492,0.6060039023753466
NN,TCGA-LUAD,206.4814677903498,0.0024394934301865782,0.5037101841298399
NN,TCGA-LUAD,192.4630684803722,0.0026673809071359996,0.5133723141933532
NN,TCGA-LUAD,285.43299132183864,0.002190619560840571,0.6252750940988567
NN,TCGA-LUAD,282.5169302723279,0.0020523291736383818,0.5798177380446591
NN,TCGA-LUAD,365.9787785896767,0.001689894975925452,0.618465699234028
NN,TCGA-LUAD,163.1685620114668,0.0035264638165312407,0.5754080299288716
NN,TCGA-LUAD,176.53237486049574,0.002926039786913133,0.5165407525200743
NN,TCGA-LUAD,235.13384324263143,0.002370971052697862,0.5574955358378759
NN,TCGA-LUAD,73.25505257308828,0.007639353379898402,0.5596212334688571
NN,TCGA-LUAD,257.8962401252567,0.002187359298320077,0.5641117388397676
NN,TCGA-LUAD,268.1620159709629,0.0022430989443591736,0.6015139349416947
NN,TCGA-LUAD,358.7144992021791,0.0017504628833825697,0.627916416584581
NN,TCGA-LUAD,267.27920072533766,0.002018846086848142,0.5395955684802469
NN,TCGA-LUAD,452.69354494603493,0.0014387482028458006,0.6513120242310024
NN,TCGA-LUAD,338.48258093442377,0.001068673188667965,0.36172725907575315
NN,TCGA-LUAD,260.6124048766806,0.0011144427164898653,0.29043759644172457
NN,TCGA-LUAD,338.07947515558266,0.0010704530791983483,0.36189821519405496
NN,TCGA-LUAD,450.4695111340012,0.0007515022805957376,0.33852886495604895
NN,TCGA-LUAD,335.54868393359413,0.0008494257668004285,0.28502369814916784
NN,TCGA-LUAD,387.7656802204013,0.00090994997582138,0.35284737134091515
NN,TCGA-LUAD,37.31626828176749,0.006047251943373578,0.2256608758863683
NN,TCGA-LUAD,44.16716500081196,0.006803920809307735,0.3005098930371528
NN,TCGA-LUAD,366.1981023884407,0.0009478725307607624,0.3471091220707201
NN,TCGA-LUAD,269.0931179183839,0.0012177538348840365,0.32768917628601424
NN,TCGA-LUAD,265.1336489213999,0.0013408300299671502,0.35549915842858054
NN,TCGA-LUAD,75.85712859515847,0.0040025374590116495,0.3036209987351855
NN,TCGA-LUAD,414.5430980342444,0.0008281720074585646,0.34331298967711277
NN,TCGA-LUAD,539.7519246012035,0.000566227958262198,0.30562263023503133
NN,TCGA-LUAD,669.0904902448565,0.0005153148390388384,0.3447922582829457
NN,TCGA-LUAD,354.2864030327626,0.0009385309160985724,0.3325087423996067
NN,TCGA-LUAD,307.7853227984027,0.001060792696946891,0.326496422651987
NN,TCGA-LUAD,412.238904975387,0.0008851661058286073,0.36489990618811263
NN,TCGA-LUAD,380.4028957988505,0.0008610599372371298,0.32754969358138064
NN,TCGA-LUAD,426.2927286068313,0.000899414723470132,0.3834139566172412
NN,TCGA-LUAD,383.81803729719064,0.0008127673431070062,0.31195476641058345
NN,TCGA-LUAD,316.59884881213577,0.0010212533817377692,0.3233276450036784
NN,TCGA-LUAD,427.407010799941,0.000670826472765444,0.28671593749014646
NN,TCGA-LUAD,360.7177453140163,0.0008792464397920955,0.3171597933371807
NN,TCGA-LUAD,441.968722452272,0.0008008930152101716,0.3539696627533876
NN,TCGA-LUAD,438.6207738651789,0.0007651038660253975,0.3355904498033
NN,TCGA-LUAD,445.35553430164623,0.0008065492289017187,0.3592011627781057
NN,TCGA-LUAD,639.0708978143575,0.0005650499489899444,0.3611069782109607
NN,TCGA-LUAD,542.8211491044782,0.0006137766908009355,0.3331709685941078
NN,TCGA-LUAD,382.38398440073775,0.0009503634196917922,0.3634037510504581
NN,TCGA-LUAD,477.9672414618467,0.0008465193083075026,0.4046084986359275
NN,TCGA-LUAD,361.608214007012,0.0010031514881669598,0.3627478180145306
NN,TCGA-LUAD,628.6525472676124,0.0005680245011019508,0.35709004952815604
NN,TCGA-LUAD,428.48331358074836,0.0006776641933168457,0.2903677990474269
NN,TCGA-LUAD,500.6739163376135,0.0006578997183319325,0.32939322853466146
NN,TCGA-LUAD,373.02744185718177,0.0009791080596475831,0.36523417479208686
NN,TCGA-LUAD,106.40379462396686,0.002919910307921678,0.31068953672450206
NN,TCGA-LUAD,690.6261481016669,0.0005300866987375158,0.36609173490901925
NN,TCGA-LUAD,300.5501640601498,0.001101963189395273,0.3311952173609952
NN,TCGA-LUAD,240.67289150063516,0.0014881293533312977,0.3581523943932138
NN,TCGA-LUAD,322.8070104817114,0.0010190469572958461,0.3289555018251563
NN,TCGA-LUAD,461.31453015501705,0.0007350550792975857,0.33909158854422455
NN,TCGA-LUAD,526.1031077724421,0.000683388853241587,0.3595329995074442
NN,TCGA-LUAD,434.6356998339851,0.0006642060897141871,0.2886876786369204
NN,TCGA-LUAD,171.49790619058786,0.003225826666427291,0.5532225190260444
NN,TCGA-LUAD,218.6733715088573,0.0023318802786291186,0.5099201224828429
NN,TCGA-LUAD,210.0296560542894,0.0025509981255650038,0.5357852589075547
NN,TCGA-LUAD,131.3870967036314,0.0030311166677914696,0.39824961875110687
NN,TCGA-LUAD,126.55835329018942,0.0034341698949449354,0.4346228868229738
NN,TCGA-LUAD,234.3400829034737,0.0024324560480746926,0.5700219519648795
NN,TCGA-LUAD,250.3380765378625,0.0021184022072455004,0.5303167338954009
NN,TCGA-LUAD,260.1582352037521,0.00224631418107137,0.5843971330606892
NN,TCGA-LUAD,128.80831002184604,0.0036204606205449386,0.4663454140330376
NN,TCGA-LUAD,115.47751241621663,0.0034345406688198006,0.39661221272763947
NN,TCGA-LUAD,139.12797864686078,0.003003088483051082,0.4178136303445644
NN,TCGA-LUAD,63.63802247542689,0.00830395675124259,0.5284473863705488
NN,TCGA-LUAD,176.4252092165964,0.002582194126672022,0.45556413903597787
NN,TCGA-LUAD,188.43534627901266,0.0029730877786680026,0.5602348250912056
NN,TCGA-LUAD,256.33240617740876,0.002355184440542734,0.6037100946359133
NN,TCGA-LUAD,186.83640083583046,0.00264465236964926,0.494117330207218
NN,TCGA-LUAD,360.4347559277475,0.0016318023497739252,0.5881582816630896
NN,TCGA-LUAD,187.43897178145093,0.001823481452097344,0.34179148844367324
NN,TCGA-LUAD,659.9240406354965,0.00043429522342580207,0.286601858671851
NN,TCGA-LUAD,666.4894190042993,0.0006191918841871709,0.41268483914408494
NN,TCGA-LUAD,314.4424678082788,0.0011948191273021126,0.37570187497341034
NN,TCGA-LUAD,413.42274737759294,0.0007898809289992081,0.3265547437680181
NN,TCGA-LUAD,32.00882998935884,0.008211313255714739,0.26283452999154167
NN,TCGA-LUAD,38.177693345850855,0.00932653799360738,0.35606570749836963
NN,TCGA-LUAD,256.1476620375489,0.0016615699569490678,0.42560725978433456
NN,TCGA-LUAD,137.9984792954695,0.0019608217748040002,0.2705904230923956
NN,TCGA-LUAD,568.8271869488955,0.0005616175439252623,0.3194633276521547
NN,TCGA-LUAD,74.97938384449004,0.005705562538056671,0.42779956358969395
NN,TCGA-LUAD,275.57953945805224,0.0014122580262220536,0.3891894164622114
NN,TCGA-LUAD,260.90743577660834,0.0011001099371682063,0.2870268627789224
NN,TCGA-LUAD,338.2387605500633,0.000954849595804165,0.32296714379652974
NN,TCGA-LUAD,790.2590453434303,0.000347990006765088,0.2750022505352323
NN,TCGA-LUAD,296.39702464798233,0.0012383546945190238,0.3670446469142997
NN,TCGA-LUAD,846.9176237912941,0.000473980250238604,0.40142222725608145
NN,TCGA-LUAD,844.7933974240136,0.00034754713369555834,0.2936055238396486
NN,TCGA-LUAD,647.8575057982592,0.0004111293913385268,0.2663532620329344
NN,TCGA-LUAD,811.9469067040102,0.0003213639853055831,0.26093049379494115
NN,TCGA-LUAD,189.14046958798372,0.002066044720826869,0.39077266868696875
NN,TCGA-LUAD,344.5208391581366,0.0009327836651885637,0.3213634110837663
NN,TCGA-LUAD,611.9854811719023,0.0005449423428609568,0.3334968019067064
NN,TCGA-LUAD,632.0093413505635,0.000500427522452963,0.3162748688591915
NN,TCGA-LUAD,562.9691467972664,0.0005845194415514427,0.3290664112966303
NN,TCGA-LUAD,720.2119048642468,0.00045868896798865045,0.33035325537532145
NN,TCGA-LUAD,616.8581830469849,0.0006257472727752606,0.38599732573075324
NN,TCGA-LUAD,341.62976687513344,0.0010265069272483937,0.3506853222515783
NN,TCGA-LUAD,486.10432384437047,0.000757220257763819,0.36808804140154117
NN,TCGA-LUAD,667.4324151354004,0.0005822761518729745,0.38862997832032664
NN,TCGA-LUAD,804.461094391388,0.00036408703768478723,0.29289385678962243
NN,TCGA-LUAD,436.7435955814555,0.0009808513999600907,0.4283805671496743
NN,TCGA-LUAD,369.3010351021132,0.0010707483904807288,0.39542848893845484
NN,TCGA-LUAD,398.53972559675304,0.0009431924024567884,0.3758996412600707
NN,TCGA-LUAD,382.69889825119645,0.0008223196400341095,0.3147008202513742
NN,TCGA-LUAD,74.36293110415275,0.004878074705836578,0.36274793327103566
NN,TCGA-LUAD,644.4714293700097,0.0006516761816878719,0.4199866802987729
NN,TCGA-LUAD,221.05634406408402,0.0020627437888401405,0.45598260070189833
NN,TCGA-LUAD,214.76375683159762,0.001479795978854408,0.31780654376306405
NN,TCGA-LUAD,235.94069036018865,0.0011208123918206563,0.2644452494904199
NN,TCGA-LUAD,396.03488536324375,0.0008910426916025647,0.3528839902225779
NN,TCGA-LUAD,486.6389381208543,0.0009431588940037941,0.4589778426572457
NN,TCGA-LUAD,459.91040958521984,0.0006761767798574471,0.3109807397762535
NN,TCGA-LUAD,140.59040388041305,0.003857154574381521,0.5422789194414808
NN,TCGA-LUAD,289.7855211254635,0.0018702677820544014,0.5419765238667995
NN,TCGA-LUAD,232.44842044858592,0.0023247160946486016,0.5403765841924728
NN,TCGA-LUAD,120.43970493379187,0.003757900929523646,0.45260047912225015
NN,TCGA-LUAD,128.62943558509227,0.003401565338145637,0.43754142955148684
NN,TCGA-LUAD,271.2449859202208,0.0020106894354946416,0.5453894276206808
NN,TCGA-LUAD,196.29333491431188,0.002793698722008155,0.5483844388888318
NN,TCGA-LUAD,233.08553072178194,0.0025217114201275237,0.5877744446876023
NN,TCGA-LUAD,102.1086795907263,0.004912464768570466,0.5016052910546931
NN,TCGA-LUAD,98.90808865933523,0.004268970000663168,0.422235663309635
NN,TCGA-LUAD,149.69461251445284,0.0031553505391643216,0.472338976307473
NN,TCGA-LUAD,49.64238036740106,0.01001950927192094,0.4973922903714009
NN,TCGA-LUAD,175.88283576517276,0.003052148082572731,0.5368204599381265
NN,TCGA-LUAD,172.13653558563283,0.0034050232104664495,0.5861288990383637
NN,TCGA-LUAD,305.92325299792947,0.002012727044536249,0.6157400048614378
NN,TCGA-LUAD,189.53522770890692,0.0027461398834140206,0.5204902481233875
NN,TCGA-LUAD,505.72519928446985,0.0011108823527805566,0.5618011992415477
NN,TCGA-LUAD,171.4448720317703,0.002332958080295671,0.39997369953177586
NN,TCGA-LUAD,195.91370816015788,0.0018161786670200242,0.35581429733726555
NN,TCGA-LUAD,148.91323876794644,0.002442475691965653,0.3637169659025865
NN,TCGA-LUAD,257.59664029621945,0.001346919627627406,0.3469619708258548
NN,TCGA-LUAD,33.329760848859046,0.00807976995727176,0.26929680038966386
NN,TCGA-LUAD,32.64247505528755,0.009437558685215931,0.3080652739649734
NN,TCGA-LUAD,154.61493361270698,0.002646014734860338,0.4091133925686756
NN,TCGA-LUAD,130.96643251283862,0.002520160544229333,0.33005643583732963
NN,TCGA-LUAD,174.50994304483322,0.0020848184777569802,0.3638215538121865
NN,TCGA-LUAD,60.79603640308711,0.006152682656805723,0.37405871877980346
NN,TCGA-LUAD,152.83446817773094,0.0025124315370607126,0.3839861377996331
NN,TCGA-LUAD,161.03611955074712,0.0020015370563465727,0.32231976069107715
NN,TCGA-LUAD,229.3816999383875,0.0014499560163973625,0.33259337587711946
NN,TCGA-LUAD,185.65059440229084,0.001904010456910248,0.3534806730735649
NN,TCGA-LUAD,401.6197399955824,0.0007929457923223175,0.3184626829430802
NN,TCGA-LUAD,204.50452732518278,0.001866978962302631,0.38180565021175983
NN,TCGA-LUAD,198.1053005884042,0.001770375632095423,0.3507207967506498
NN,TCGA-LUAD,210.20303834943806,0.0016535373026627697,0.34757856504384854
NN,TCGA-LUAD,176.0830020868601,0.0019145348674097604,0.3371170470534792
NN,TCGA-LUAD,126.83485510623045,0.0030704365239582537,0.389438371629123
NN,TCGA-LUAD,166.5987720740919,0.002062782382300277,0.34365701194729614
NN,TCGA-LUAD,202.8408663243838,0.0016913406343261263,0.3430729995163443
NN,TCGA-LUAD,181.81371003658478,0.002051058006392645,0.372910465642488
NN,TCGA-LUAD,176.28210860707188,0.0020782637930172082,0.36636072367480466
NN,TCGA-LUAD,231.97605933238174,0.001639141713331745,0.38024163534602673
NN,TCGA-LUAD,216.45328050404075,0.0017743344750355391,0.38406051783285744
NN,TCGA-LUAD,179.9748766976134,0.0019182507789611038,0.34523694741862554
NN,TCGA-LUAD,161.86692547572903,0.002486737957105873,0.402520627580523
NN,TCGA-LUAD,177.9656044205909,0.001934899756179009,0.3443456046016513
NN,TCGA-LUAD,165.22407922390568,0.0021024056676457537,0.3473680405918903
NN,TCGA-LUAD,218.97017368169304,0.0018767006689682916,0.41094147143253634
NN,TCGA-LUAD,149.51315921356127,0.0024744346793202573,0.369960546172767
NN,TCGA-LUAD,190.92126479635075,0.001993867717775397,0.38067174651429214
NN,TCGA-LUAD,140.12173043759316,0.0024362851242571244,0.34137648745027493
NN,TCGA-LUAD,69.62656810729918,0.004911985942196457,0.34200472374643776
NN,TCGA-LUAD,322.5350474789313,0.0011624961712872386,0.37494575780020534
NN,TCGA-LUAD,134.62496817432222,0.0031073542555322396,0.41832746775737245
NN,TCGA-LUAD,236.8673048920812,0.0015223102994449734,0.36058553783898795
NN,TCGA-LUAD,118.12727764537557,0.002629844936906918,0.3106564230262887
NN,TCGA-LUAD,168.70964724450698,0.0021741918837472397,0.36680714574886697
NN,TCGA-LUAD,184.0931597829515,0.002326677702395567,0.4283254500305376
NN,TCGA-LUAD,160.8893258845109,0.0016681849947733237,0.2683931592597364
NN,TCGA-LUAD,154.424687659448,0.003825548734156986,0.5907591683981892
NN,TCGA-LUAD,155.76031671278088,0.00377168652716874,0.5874790880131315
NN,TCGA-LUAD,146.11785381738153,0.004187002954496765,0.6117958856381029
NN,TCGA-LUAD,98.36526760435942,0.005175555279332093,0.5090948800526565
NN,TCGA-LUAD,90.03123277790534,0.005340754016466156,0.4808346680659974
NN,TCGA-LUAD,176.5210166231807,0.003467364546290385,0.6120627147143525
NN,TCGA-LUAD,167.26427587513294,0.003469211858016249,0.5802752092885124
NN,TCGA-LUAD,148.58786293089935,0.004150555225468557,0.61672213092905
NN,TCGA-LUAD,111.69111255953341,0.005048937753290007,0.5639214749087919
NN,TCGA-LUAD,79.92921110270917,0.005679896983891444,0.45398968506710036
NN,TCGA-LUAD,100.09417918047124,0.0049321976319121885,0.4936842735221145
NN,TCGA-LUAD,53.834798563545334,0.010628569898584614,0.5721869195088641
NN,TCGA-LUAD,131.7896912927752,0.004288127946377145,0.565131058276966
NN,TCGA-LUAD,117.24752470713614,0.005218156035229498,0.6118158786662621
NN,TCGA-LUAD,159.41482366152647,0.0039698755852924025,0.6328570163875875
NN,TCGA-LUAD,124.5383144715024,0.0045856403068304935,0.5710879145852528
NN,TCGA-LUAD,220.56706795369917,0.002659196707821634,0.5865312209563475
NN,TCGA-LUAD,481.0003829293733,0.0006028325908505165,0.28996270704140464
NN,TCGA-LUAD,331.3501364323848,0.0009206200384183167,0.30504757533229654
NN,TCGA-LUAD,401.6087171073223,0.0009401623297559131,0.3775773871259036
NN,TCGA-LUAD,31.28594468236866,0.007429586936802674,0.23244164591765729
NN,TCGA-LUAD,40.19572807843383,0.0082151606041918,0.3302143617667558
NN,TCGA-LUAD,250.6281397534929,0.001337927475247211,0.3353222742462959
NN,TCGA-LUAD,183.047073760676,0.0018060117678247588,0.33058516927766746
NN,TCGA-LUAD,373.7774852629716,0.0007537482159597796,0.28173411268289766
NN,TCGA-LUAD,39.093166017564656,0.004884913184345845,0.19096672209702253
NN,TCGA-LUAD,275.8025214406636,0.001065210061161863,0.2937876207324053
NN,TCGA-LUAD,259.46394540094485,0.0009987974784545328,0.2591519344163283
NN,TCGA-LUAD,332.20923216212555,0.0010446606660769065,0.34704591774738375
NN,TCGA-LUAD,402.68623186024973,0.0005173206300041473,0.20831789515994054
NN,TCGA-LUAD,224.87144942304312,0.0016931142803501996,0.38073306226120196
NN,TCGA-LUAD,532.09882869752,0.0005432067385379718,0.28903966931665487
NN,TCGA-LUAD,435.21554335383036,0.0005247810747856658,0.22839288060465063
NN,TCGA-LUAD,487.2364214960116,0.0006714699420302623,0.3271646116969594
NN,TCGA-LUAD,670.0771590259875,0.00036802191907069504,0.24660308199018321
NN,TCGA-LUAD,212.24054047786635,0.0015569574166470188,0.33044948361018583
NN,TCGA-LUAD,440.6986943696971,0.0007695427225607868,0.3391364730942408
NN,TCGA-LUAD,527.8746362231122,0.0006234414906143408,0.32909895006444
NN,TCGA-LUAD,681.5928970797507,0.00048394659966528674,0.3298545648977571
NN,TCGA-LUAD,566.889461073374,0.0005269389607243885,0.2987161434636124
NN,TCGA-LUAD,553.0575003407355,0.0006344742568621944,0.350900746530751
NN,TCGA-LUAD,667.4979337569939,0.0003462484737585063,0.23112014080031568
NN,TCGA-LUAD,410.11654080549897,0.0008808562917867412,0.3612537353343376
NN,TCGA-LUAD,551.6669301694787,0.0005216022667608176,0.28775072127338175
NN,TCGA-LUAD,597.7582916656531,0.0005341059949668165,0.31926628711974814
NN,TCGA-LUAD,1002.0126153990864,0.00031316025682663807,0.3137905279819092
NN,TCGA-LUAD,371.80078234682594,0.0008791109853715494,0.32685415213083113
NN,TCGA-LUAD,395.68907186452185,0.0007220729203056634,0.2857163636542528
NN,TCGA-LUAD,534.6270312033561,0.0006182018239373896,0.33050740581614646
NN,TCGA-LUAD,927.353752667503,0.0002805580162602504,0.26017652921989354
NN,TCGA-LUAD,75.51034165635862,0.004221139081465309,0.31873965422045325
NN,TCGA-LUAD,486.2424907641781,0.0006295398462478814,0.3061090228748676
NN,TCGA-LUAD,208.69172873462537,0.0015753346374215416,0.32875930881903576
NN,TCGA-LUAD,223.56358081912032,0.0016795571828972294,0.3754878179989788
NN,TCGA-LUAD,550.4010772368616,0.0005506412033930271,0.3030735115185239
NN,TCGA-LUAD,448.71512047027204,0.0007323202004834471,0.32860314698274373
NN,TCGA-LUAD,449.47308728127075,0.0005667713458735473,0.25474846661234424
NN,TCGA-LUAD,551.0259208502482,0.0005314981381992325,0.2928692510314246
NN,TCGA-LUAD,121.10383664164661,0.0036615617478725727,0.44342917576766205
NN,TCGA-LUAD,280.22219526840644,0.0015564018280772708,0.43613833698357374
NN,TCGA-LUAD,203.94450186260534,0.0018313828732616556,0.3735004678070552
NN,TCGA-LUAD,120.75272492353338,0.002944899753907048,0.3556046699109189
NN,TCGA-LUAD,103.38900086645005,0.002800612372726677,0.2895525150304291
NN,TCGA-LUAD,242.4146349606228,0.0018127372388705583,0.4394340360403337
NN,TCGA-LUAD,173.18305913329982,0.002306414081452441,0.3994318462540535
NN,TCGA-LUAD,256.9235449034247,0.0019704101861587626,0.5062447699417263
NN,TCGA-LUAD,103.0069216621553,0.004272767884824634,0.4401246667927041
NN,TCGA-LUAD,76.8967002931982,0.003420400042337719,0.263017476938486
NN,TCGA-LUAD,125.06490111606067,0.0025483028806347445,0.31870324778035686
NN,TCGA-LUAD,46.767818362824,0.008912047982397555,0.416797041281541
NN,TCGA-LUAD,154.03301832609674,0.0024864682469635142,0.3829982090517886
NN,TCGA-LUAD,182.57237201753816,0.0026695228377231583,0.48738111663810657
NN,TCGA-LUAD,328.4426447141726,0.001664151422060897,0.5465782942665324
NN,TCGA-LUAD,171.9772171543993,0.0021092478386710587,0.3627425735835801
NN,TCGA-LUAD,544.0377742888234,0.0009223282471111714,0.5017814067220736
NN,TCGA-LUAD,368.31461487071704,0.000993841668246629,0.3660464112827281
NN,TCGA-LUAD,530.4045692067122,0.0007086168792947932,0.3758536305949596
NN,TCGA-LUAD,73.84069622370711,0.0061492670558218904,0.454066160667394
NN,TCGA-LUAD,68.2023629228445,0.0069605657915687656,0.47472703426490936
NN,TCGA-LUAD,364.85531258184807,0.0011676956866442574,0.4260399747510662
NN,TCGA-LUAD,359.71097370434785,0.0011736090974779675,0.42216007120208054
NN,TCGA-LUAD,594.2276381445218,0.0005327537090188448,0.316576978223002
NN,TCGA-LUAD,87.16117791742889,0.004122865084470522,0.3593537771570906
NN,TCGA-LUAD,409.85106009999134,0.0009039926509499316,0.3705023463144309
NN,TCGA-LUAD,596.434347087698,0.0007848021273400036,0.4680829444130715
NN,TCGA-LUAD,642.343937984374,0.0006861868945363046,0.4407679920297182
NN,TCGA-LUAD,651.1716553358652,0.0006025833791639963,0.39238521648809876
NN,TCGA-LUAD,264.6676322604079,0.0013313718729670333,0.35237104127628927
NN,TCGA-LUAD,476.55081430863555,0.0006573556310036871,0.31326336124517407
NN,TCGA-LUAD,718.1474924712263,0.00047875990592071457,0.3438202259327214
NN,TCGA-LUAD,632.5329833070879,0.0006780547648421967,0.4288920032512206
NN,TCGA-LUAD,620.00421206678,0.00048385421814348486,0.29999165327523925
NN,TCGA-LUAD,259.8934792100004,0.0015866625247208852,0.4123632438818341
NN,TCGA-LUAD,410.69163617928024,0.0008769021463248703,0.3601363772432836
NN,TCGA-LUAD,615.0044765906255,0.0004875533517418069,0.29984749389797505
NN,TCGA-LUAD,807.6301224160194,0.0004857434510770894,0.3923010428561694
NN,TCGA-LUAD,443.53605447057186,0.0006378552236699584,0.2829117892300175
NN,TCGA-LUAD,897.4346793812438,0.000524324623846818,0.47054710069366035
NN,TCGA-LUAD,668.6022799526969,0.0004864462453846671,0.32523906873861747
NN,TCGA-LUAD,422.69726431568046,0.0007802405676156294,0.32980555343924023
NN,TCGA-LUAD,432.0609275863079,0.000768900449908687,0.3322118416090768
NN,TCGA-LUAD,424.65337668496005,0.0006844205391891864,0.29064149303922904
NN,TCGA-LUAD,414.319027266875,0.0006657352072108096,0.2758267634688941
NN,TCGA-LUAD,529.1993277374072,0.0006909521270616713,0.365651401139768
NN,TCGA-LUAD,486.4030492014785,0.000670548306229441,0.32615674078688683
NN,TCGA-LUAD,466.81856171235245,0.0005119576513846039,0.23899133447699472
NN,TCGA-LUAD,307.4019908331666,0.0006806616728236527,0.20923675330982436
NN,TCGA-LUAD,122.64831509326069,0.003347488853222418,0.410563867641201
NN,TCGA-LUAD,599.5634784945024,0.0004964353149167463,0.29764448425899814
NN,TCGA-LUAD,254.89247825143133,0.0015656565899401635,0.39907408830053326
NN,TCGA-LUAD,380.36799854220465,0.0009868370330658872,0.37536122715459896
NN,TCGA-LUAD,248.41994131160064,0.0009731605994451678,0.24175249900093068
NN,TCGA-LUAD,499.7086524085778,0.0005199345452437327,0.2598157909444124
NN,TCGA-LUAD,440.96079268655916,0.0007744529155255807,0.3415033715285769
NN,TCGA-LUAD,398.8988642242966,0.0006213021468306941,0.247836720710881
NN,TCGA-LUAD,165.26319302601505,0.0034388074780574754,0.5683083040255166
NN,TCGA-LUAD,272.2784285416164,0.0020383615986146832,0.555001892870383
NN,TCGA-LUAD,262.1729790248636,0.002218446677090386,0.5816167741405962
NN,TCGA-LUAD,169.6309760477957,0.0029429878052155203,0.4992218938954688
NN,TCGA-LUAD,157.00327103533382,0.00319770809969066,0.502050631467615
NN,TCGA-LUAD,299.118283702209,0.0019945579786636554,0.5966087593224199
NN,TCGA-LUAD,228.5498752995316,0.002497750962996945,0.5708606711222368
NN,TCGA-LUAD,276.77288362753035,0.002230376285202914,0.6173076760300695
NN,TCGA-LUAD,143.53244109919976,0.0038567239410928888,0.5535650019107886
NN,TCGA-LUAD,126.48392945063081,0.0037764141064902,0.47765569542167347
NN,TCGA-LUAD,186.20190952392727,0.002869586375775914,0.5343224627133212
NN,TCGA-LUAD,63.269646393962724,0.008080502642230106,0.5112505448593803
NN,TCGA-LUAD,209.6206058595327,0.0025537118589828347,0.5353106270706554
NN,TCGA-LUAD,198.05361753204485,0.002908192664427966,0.5759780776701149
NN,TCGA-LUAD,301.27470592482166,0.002074168556172455,0.6248945217993682
NN,TCGA-LUAD,211.87269220450662,0.0025468397190925402,0.5396057878975059
NN,TCGA-LUAD,424.64800547529427,0.0015395663248984803,0.6537737691650686
NN,TCGA-LUAD,261.8486523763323,0.0015072047655056912,0.39465953670285125
NN,TCGA-LUAD,48.12638899907832,0.004990484256006209,0.2401739865983308
NN,TCGA-LUAD,49.94443422850014,0.0055722628526362825,0.2783035155474074
NN,TCGA-LUAD,525.721365814179,0.0006146088154227583,0.3231129858854871
NN,TCGA-LUAD,336.3191650623195,0.0008597642372912973,0.28915519043625104
NN,TCGA-LUAD,275.4843300970249,0.001189706213645916,0.3277454192785132
NN,TCGA-LUAD,86.72147955575805,0.0030585179615694683,0.26523920287516545
NN,TCGA-LUAD,540.3912627404028,0.0005084772986257371,0.274776689479191
NN,TCGA-LUAD,515.2064364843601,0.0005058661712686093,0.2606255074372872
NN,TCGA-LUAD,428.95831934020384,0.0007768270763198507,0.3332264370761274
NN,TCGA-LUAD,356.22400384737733,0.0009496789770513188,0.33829844757490235
NN,TCGA-LUAD,163.44049780653864,0.002129098242874684,0.3479808766944651
NN,TCGA-LUAD,534.250275177828,0.0005683886003698071,0.30366176615551
NN,TCGA-LUAD,408.5062303401451,0.0008332560543186902,0.3403902896578313
NN,TCGA-LUAD,344.5824552370099,0.001010501663115164,0.34820114409730507
NN,TCGA-LUAD,398.90179144157725,0.0008089555179925065,0.3226938053237599
NN,TCGA-LUAD,431.62014235469513,0.0008109152560421942,0.3500073582505259
NN,TCGA-LUAD,273.2385504625637,0.0010864169138318938,0.29685098273343863
NN,TCGA-LUAD,271.24400456284366,0.0012350715941061648,0.33500576510717117
NN,TCGA-LUAD,400.6066657747325,0.0010532600695561795,0.4219430046585639
NN,TCGA-LUAD,326.02310020400137,0.0011303259351161223,0.3685123656075451
NN,TCGA-LUAD,343.2366910487853,0.0011515591572239118,0.39525735467246337
NN,TCGA-LUAD,499.2789758160362,0.000729541239968722,0.3642446031071446
NN,TCGA-LUAD,374.2604727807905,0.0008559887818195033,0.3203627661788202
NN,TCGA-LUAD,334.5057403542287,0.001147513625563625,0.3838498948857255
NN,TCGA-LUAD,330.5354806753467,0.0012727759309304823,0.4206976041221189
NN,TCGA-LUAD,297.746422219847,0.001082842737876951,0.32241255102960575
NN,TCGA-LUAD,425.7454244063003,0.0009131294538253379,0.3887606868567617
NN,TCGA-LUAD,470.1638396187533,0.0006854590342012059,0.3222780514214013
NN,TCGA-LUAD,402.33329436223994,0.00082304906625172,0.33114004224682
NN,TCGA-LUAD,296.4905923558758,0.0010509409631494146,0.3115941086952245
NN,TCGA-LUAD,129.41376360915424,0.0021813674058639983,0.2822989658071975
NN,TCGA-LUAD,411.31472852910156,0.0009888111502334188,0.40671258982480735
NN,TCGA-LUAD,370.6132520477591,0.0009762212290472391,0.36180052441525756
NN,TCGA-LUAD,187.97562713138348,0.002104275634119787,0.39555253198095663
NN,TCGA-LUAD,284.86576350557533,0.0009464065427002098,0.2695988223729671
NN,TCGA-LUAD,501.63857069486596,0.0007113082433054399,0.35681965049521686
NN,TCGA-LUAD,467.3787404912703,0.0007864608158504032,0.3675750655578983
NN,TCGA-LUAD,251.6965451459455,0.0011711449724645367,0.29477314343436734
NN,TCGA-LUAD,162.18177800552664,0.0034151184334756815,0.5538699796405349
NN,TCGA-LUAD,246.1012150593093,0.001929538676973708,0.4748618129071617
NN,TCGA-LUAD,259.2897084669625,0.0019971092462183508,0.5178298742286315
NN,TCGA-LUAD,136.3562761611323,0.002493503205737846,0.3400048117302584
NN,TCGA-LUAD,136.46051789889984,0.002773140680732246,0.37842421349922994
NN,TCGA-LUAD,241.11956910677415,0.0022758757433558037,0.5487581785785107
NN,TCGA-LUAD,219.53681391523654,0.0020752848779029233,0.45560143006127846
NN,TCGA-LUAD,316.09076412527844,0.0017459933800221695,0.5518923816488852
NN,TCGA-LUAD,139.62978376485827,0.0033422299433457222,0.4666748442817977
NN,TCGA-LUAD,124.60517705959984,0.0031081883434093942,0.3872963588651119
NN,TCGA-LUAD,153.57762333382644,0.0024399628979794555,0.3747237028944004
NN,TCGA-LUAD,56.713212243920246,0.007339502080954317,0.4162467392818565
NN,TCGA-LUAD,206.66838989873975,0.002189245986048913,0.4524479430290077
NN,TCGA-LUAD,222.2726548729833,0.0022105410928532207,0.4913428374143113
NN,TCGA-LUAD,334.44069200919824,0.001742694911700319,0.5828280922299632
NN,TCGA-LUAD,228.9598897857794,0.0020298720295549248,0.46475927616613194
NN,TCGA-LUAD,346.06594139088025,0.0016349767354128261,0.5658097630928278
NN,TCGA-LUAD,39.690863835725104,0.006582739984626036,0.26127463639577514
NN,TCGA-LUAD,37.93147634199112,0.007784097455455561,0.2952623084753659
NN,TCGA-LUAD,245.39271337222846,0.0015646089638331724,0.38394363900153305
NN,TCGA-LUAD,206.5219689966798,0.0014895117132025337,0.30761689185420504
NN,TCGA-LUAD,364.18356212356645,0.00098270240233317,0.35788406138908
NN,TCGA-LUAD,85.82891362272412,0.004597028297570885,0.39455794467342997
NN,TCGA-LUAD,291.9806387340131,0.0015322135999408077,0.4473767055876587
NN,TCGA-LUAD,243.72555096070113,0.0014282759975950015,0.3481073544377868
NN,TCGA-LUAD,380.7973840549895,0.0010157037526515806,0.386777331984558
NN,TCGA-LUAD,476.6201617464487,0.0006969266153977655,0.332169276156288
NN,TCGA-LUAD,375.38549789552644,0.0009032200654313198,0.33905571397116596
NN,TCGA-LUAD,363.6964279200011,0.0010704599105551024,0.3893224457004546
NN,TCGA-LUAD,390.84293001551464,0.000729542238316755,0.2851364259937974
NN,TCGA-LUAD,554.885497792452,0.000601704743505338,0.3338772361240392
NN,TCGA-LUAD,369.8953886637673,0.0008501130539118758,0.31445289848487545
NN,TCGA-LUAD,193.6442103808694,0.0018670984667908932,0.36155280830505443
NN,TCGA-LUAD,363.8434337944922,0.0009241737130879602,0.3362545371925293
NN,TCGA-LUAD,703.6267283242386,0.00039605032951224,0.27867159760643406
NN,TCGA-LUAD,424.33109475023304,0.0008367544899765943,0.3550609487689412
NN,TCGA-LUAD,374.41433682770815,0.0008227983045693676,0.3080674815483024
NN,TCGA-LUAD,583.2094041036413,0.0005507209820210873,0.32118565575189045
NN,TCGA-LUAD,468.94460952103225,0.0007866245880753278,0.3688833602946274
NN,TCGA-LUAD,494.2992791661269,0.0007806921565880812,0.3858955702521376
NN,TCGA-LUAD,278.191576139329,0.001181142841804209,0.3285839888071991
NN,TCGA-LUAD,489.40103982653864,0.0007560104001343381,0.3699922759454226
NN,TCGA-LUAD,383.91217048731494,0.0008445992311445351,0.32425192402061587
NN,TCGA-LUAD,450.2272207117863,0.0008186105777889209,0.3685607652831754
NN,TCGA-LUAD,323.8647251236065,0.0011031407093801471,0.35726836261606165
NN,TCGA-LUAD,451.66716143546074,0.0006091939587290209,0.2751529061027681
NN,TCGA-LUAD,295.8807760718287,0.0010900179311448342,0.3225153513993427
NN,TCGA-LUAD,79.66060388195677,0.0038982734828731653,0.3105388197426952
NN,TCGA-LUAD,482.7329138259011,0.0007294269584496847,0.3521184010755808
NN,TCGA-LUAD,194.46147537259975,0.0019516831116580076,0.3795271773528025
NN,TCGA-LUAD,346.88226141511717,0.0008802635692423545,0.3053478175401305
NN,TCGA-LUAD,247.51013144339586,0.0013896229043836841,0.3439457477207592
NN,TCGA-LUAD,426.32975374792255,0.0007333546697041219,0.3126509157448474
NN,TCGA-LUAD,346.7008107580097,0.0012445739895240175,0.43149481121630756
NN,TCGA-LUAD,480.6014732726915,0.0006104107424848479,0.29336430213969544
NN,TCGA-LUAD,182.4450330927291,0.003123423689872556,0.5698531384614125
NN,TCGA-LUAD,245.4994812725471,0.002279700516434572,0.5596652942414452
NN,TCGA-LUAD,251.07767734049713,0.002334650678761105,0.5861786698247533
NN,TCGA-LUAD,129.94688480417295,0.003489513861529671,0.4534514557867609
NN,TCGA-LUAD,129.80952704907682,0.00351586947531482,0.45639335375690265
NN,TCGA-LUAD,276.2008975078358,0.0021447370945036565,0.592378310420258
NN,TCGA-LUAD,218.65138444118926,0.00254503485719482,0.5564753949767318
NN,TCGA-LUAD,234.96641912682546,0.002485154949417561,0.5839279594399513
NN,TCGA-LUAD,138.3885235444759,0.003948759436596727,0.5464629882629376
NN,TCGA-LUAD,110.37957865352143,0.00407876461182307,0.4502123192799244
NN,TCGA-LUAD,150.87917873884822,0.003155361018423052,0.47607827908424577
NN,TCGA-LUAD,66.2612165016866,0.008298804473018246,0.5498888798918272
NN,TCGA-LUAD,192.0205436114523,0.0028315355002625593,0.5437129860155422
NN,TCGA-LUAD,172.2144138612518,0.003369727851225988,0.5803157067708191
NN,TCGA-LUAD,258.7794463084628,0.0023452280708426343,0.6068968216397213
NN,TCGA-LUAD,167.1578292108497,0.0031375519017271345,0.524466364929081
NN,TCGA-LUAD,416.5279894779074,0.0014200089850384392,0.591473487578625
NN,TCGA-LUAD,303.86132374936085,0.0009230577276136904,0.2804815430097729
NN,TCGA-LUAD,75.34476987569431,0.004591204076422243,0.34592321459038355
NN,TCGA-LUAD,99.50935409621697,0.0028307211386968886,0.2816832321382352
NN,TCGA-LUAD,31.14197969970241,0.006748156389679897,0.21015094929782846
NN,TCGA-LUAD,462.3324362363365,0.0008882805701437761,0.410680920055974
NN,TCGA-LUAD,96.46146737204113,0.004783227564264763,0.46139714962337314
NN,TCGA-LUAD,73.04812309680409,0.005430438980342978,0.39668337510577717
NN,TCGA-LUAD,54.584670558905046,0.005701894548746152,0.31123603550492523
NN,TCGA-LUAD,44.6083571306389,0.0071250270917714124,0.3178357530752166
NN,TCGA-LUAD,27.010299977757896,0.007979065833837683,0.21551696171423476
NN,TCGA-LUAD,59.33110525506035,0.0064609768710595875,0.3833368987873469
NN,TCGA-LUAD,42.92998199897901,0.007129376279821235,0.30606399535667356
NN,TCGA-LUAD,46.085283507477946,0.007317194528045974,0.33721498430436503
NN,TCGA-LUAD,30.473664735200536,0.0070602355796242355,0.21515125200500318
NN,TCGA-LUAD,41.18948284137217,0.0054052480120294795,0.22263937024484926
NN,TCGA-LUAD,32.74207299937963,0.0075079029641163045,0.24582430692335472
NN,TCGA-LUAD,41.030215734159334,0.006825280903497064,0.28004274791672246
NN,TCGA-LUAD,40.351164957243675,0.007289165388604287,0.2941263149962028
NN,TCGA-LUAD,15.9013216180775,0.007523768607533904,0.11963786440839172
NN,TCGA-LUAD,41.368341151104545,0.007000342943321784,0.2895925750540629
NN,TCGA-LUAD,50.28227149567636,0.006145029303243982,0.3089860317746008
NN,TCGA-LUAD,26.043297194079244,0.006170114510230421,0.16069012591143156
NN,TCGA-LUAD,25.339078579204667,0.007604652936214806,0.19269489831832648
NN,TCGA-LUAD,35.144817581252575,0.007891901286532669,0.27735943108444316
NN,TCGA-LUAD,21.33461881023904,0.007816473195841287,0.16676147607372477
NN,TCGA-LUAD,44.99828835380687,0.006038548626555694,0.27172435233623754
NN,TCGA-LUAD,60.656322450232096,0.005144532618038106,0.31204842933545607
NN,TCGA-LUAD,30.21080323641925,0.005697869185553468,0.1721372048316122
NN,TCGA-LUAD,18.30298096976692,0.007075069866936977,0.12949486913431887
NN,TCGA-LUAD,222.29593902624921,0.0014456923545397987,0.32137153949549374
NN,TCGA-LUAD,47.51300405915067,0.006667131513743879,0.31677544667540425
NN,TCGA-LUAD,62.433859173020544,0.005776806453667183,0.3606683205980531
NN,TCGA-LUAD,65.78684216446933,0.006462131757829186,0.4251232419983134
NN,TCGA-LUAD,20.844920321035975,0.006783355421502396,0.14139850327048484
NN,TCGA-LUAD,39.998394735756236,0.005393999044020108,0.21575130296700806
NN,TCGA-LUAD,51.856759414719626,0.006571793489073093,0.34079191388608426
NN,TCGA-LUAD,17.931737571200703,0.007135481718766847,0.12795158562502723
NN,TCGA-LUAD,114.56394437869214,0.00566858110155339,0.649415010024468
NN,TCGA-LUAD,85.80737455847346,0.007554462586569053,0.6482286007537049
NN,TCGA-LUAD,105.50226391288616,0.006180861586672045,0.6520948903260945
NN,TCGA-LUAD,129.01258189247307,0.004754662495900683,0.6134112846234573
NN,TCGA-LUAD,92.86857183724993,0.006714772479949449,0.6235913304249743
NN,TCGA-LUAD,88.73533390637664,0.007432003802656197,0.6594813390221586
NN,TCGA-LUAD,98.21392155436294,0.006509717209534041,0.6393448553582627
NN,TCGA-LUAD,110.22521667450272,0.005736982438082851,0.6323601322954991
NN,TCGA-LUAD,150.8387411293862,0.0040678817040265165,0.6135941552986222
NN,TCGA-LUAD,79.06454277437754,0.007570307898756478,0.5985429326764398
NN,TCGA-LUAD,103.54276450988192,0.006067845339050082,0.6282814810236472
NN,TCGA-LUAD,202.06041232824904,0.0029701359704369934,0.600146898857463
NN,TCGA-LUAD,109.04176382408866,0.005712267858339117,0.6228757627089467
NN,TCGA-LUAD,114.02315904835332,0.005659319194228756,0.6452934525889442
NN,TCGA-LUAD,91.83988387266444,0.007034858594972349,0.6460805964228759
NN,TCGA-LUAD,90.61423019790654,0.007072980465291236,0.6409126800671961
NN,TCGA-LUAD,75.30545060245754,0.008000824367776518,0.6025056842065332
NN,TCGA-LUAD,57.5065573810752,0.005073296887881707,0.2917478385941996
NN,TCGA-LUAD,95.06729902819282,0.003762421514337951,0.35768325117367206
NN,TCGA-LUAD,30.43963650379673,0.007847369164103002,0.23887106486639859
NN,TCGA-LUAD,257.49296840263406,0.0015986601370725443,0.4116437441617713
NN,TCGA-LUAD,89.4443155070604,0.005369116147180158,0.48023691866243456
NN,TCGA-LUAD,70.05421108359548,0.00610302780847795,0.4275427983441674
NN,TCGA-LUAD,60.833195156279984,0.006663282525530372,0.4053487662570193
NN,TCGA-LUAD,48.15766806698159,0.008148563919760096,0.39241583647038913
NN,TCGA-LUAD,23.691878425042578,0.009296701314323202,0.22025631729287887
NN,TCGA-LUAD,59.442090805921346,0.0074123260181164115,0.44060415625196914
NN,TCGA-LUAD,42.85327189851619,0.008145138129802994,0.34904581892741937
NN,TCGA-LUAD,45.29901235092806,0.008430588703301488,0.38189734179644863
NN,TCGA-LUAD,28.456013217511614,0.008024968814915098,0.22835861866734253
NN,TCGA-LUAD,37.355012465646396,0.005767170085748058,0.2154327104446217
NN,TCGA-LUAD,42.010427993532765,0.008107537309642789,0.3406011123516287
NN,TCGA-LUAD,40.32035645543567,0.00775597036996835,0.31272348997492116
NN,TCGA-LUAD,45.30925878767158,0.007995598552489028,0.36227464397705766
NN,TCGA-LUAD,14.922272278279292,0.008415566630295902,0.1255793766332768
NN,TCGA-LUAD,46.72281143001074,0.00807910427516088,0.3774784655717354
NN,TCGA-LUAD,49.715911998078724,0.006932739240838205,0.3446674540031393
NN,TCGA-LUAD,26.101906693363002,0.006656460770565732,0.17374631794133794
NN,TCGA-LUAD,31.107565237859877,0.008375611951509356,0.26054489518857615
NN,TCGA-LUAD,34.37133675463449,0.008826445218701337,0.30337672095831714
NN,TCGA-LUAD,18.365957735602557,0.008674844058236458,0.15932181933651376
NN,TCGA-LUAD,37.22490929924597,0.006647955996587112,0.24746955899833362
NN,TCGA-LUAD,53.82535780951583,0.005604428648258138,0.3016603773103954
NN,TCGA-LUAD,27.788708945276507,0.006188017238425127,0.17195700998694957
NN,TCGA-LUAD,20.28454380487707,0.007808670246759662,0.15839531367823662
NN,TCGA-LUAD,170.48264615598646,0.001802289698788785,0.30725911698918784
NN,TCGA-LUAD,42.47309482198256,0.007645305063145331,0.324719766889955
NN,TCGA-LUAD,43.979834628257144,0.0059708404207539124,0.2625965742964704
NN,TCGA-LUAD,65.54899401584636,0.007409212503575246,0.4856664260589878
NN,TCGA-LUAD,16.96537595827085,0.007270102352104988,0.12334001965857033
NN,TCGA-LUAD,33.87967053349011,0.006094561736804371,0.2064817436889474
NN,TCGA-LUAD,48.21550227108674,0.007170531081926557,0.34573075766552797
NN,TCGA-LUAD,37.597165182863385,0.008090490347231019,0.3041795019952064
NN,TCGA-LUAD,89.53769636049302,0.007324464200675143,0.6558156516033522
NN,TCGA-LUAD,73.91896065707864,0.008749504867964542,0.6467543061039891
NN,TCGA-LUAD,88.13379812217893,0.007291858643736833,0.6426591976425675
NN,TCGA-LUAD,102.69761297522186,0.005579835494534698,0.5730357860831301
NN,TCGA-LUAD,79.53174081701701,0.007679074941180395,0.6107301979364094
NN,TCGA-LUAD,76.73907003751057,0.008631881002684038,0.6624025208204274
NN,TCGA-LUAD,85.7211914947325,0.007528138622377437,0.645321012447708
NN,TCGA-LUAD,95.3067428707051,0.006643452228460117,0.6331657933116611
NN,TCGA-LUAD,117.99021138264159,0.005235407740282868,0.6177268659502936
NN,TCGA-LUAD,71.17066526649916,0.008185352806244411,0.5825570046614206
NN,TCGA-LUAD,87.58350017079775,0.007046867313375201,0.617189304544586
NN,TCGA-LUAD,143.82216286241157,0.00405861951649884,0.5837194370984582
NN,TCGA-LUAD,92.67646260018707,0.006638624699587935,0.6152442536880394
NN,TCGA-LUAD,99.61378635497047,0.006412416771141558,0.6387651142595248
NN,TCGA-LUAD,81.65911200751923,0.007946430051391857,0.6488984216265244
NN,TCGA-LUAD,80.03349727598554,0.007815228933117114,0.6254801035298319
NN,TCGA-LUAD,66.94711778034913,0.009246187237804761,0.6190055860284763
NN,TCGA-LUAD,424.5817593320889,0.0007678100908511133,0.32599815920649666
NN,TCGA-LUAD,241.05934656193787,0.0014516151236359234,0.34992539316310234
NN,TCGA-LUAD,131.7318912846597,0.002794672161498934,0.36814744935484245
NN,TCGA-LUAD,512.3737240347054,0.000873162334982821,0.44738543726198693
NN,TCGA-LUAD,399.21009759308413,0.0008096095984483399,0.3232043268088594
NN,TCGA-LUAD,416.1183370978795,0.0010399687804046466,0.43275007953569133
NN,TCGA-LUAD,328.4541495370821,0.0011775157842652652,0.38675994548733794
NN,TCGA-LUAD,161.41967195251246,0.0019812089414455543,0.31980609739752586
NN,TCGA-LUAD,392.1853419936252,0.0010171070809395259,0.39889448838240577
NN,TCGA-LUAD,319.1263290031202,0.0011903246686522837,0.3798639418288587
NN,TCGA-LUAD,315.628244984012,0.0012313271371062209,0.38864162328602436
NN,TCGA-LUAD,265.8913811325307,0.0013591042434696662,0.3613741043992328
NN,TCGA-LUAD,389.30690320330245,0.0009904616184208,0.3855935454091327
NN,TCGA-LUAD,313.8212498433639,0.0012652655376207602,0.39706721239988274
NN,TCGA-LUAD,263.71345766642366,0.001408099422405417,0.37133476742062654
NN,TCGA-LUAD,319.3460190056932,0.0013598532026402935,0.43426370669531994
NN,TCGA-LUAD,206.33391818077627,0.0015948643067213478,0.32907460137248307
NN,TCGA-LUAD,329.7283407585597,0.0012220331469150337,0.40293896188425526
NN,TCGA-LUAD,365.31276904033973,0.0010271142460382733,0.3752179493410224
NN,TCGA-LUAD,462.7560236454131,0.0008525605848604534,0.3945275461668312
NN,TCGA-LUAD,216.05649416644445,0.0016086611695558814,0.347561692595936
NN,TCGA-LUAD,244.31583893828855,0.001698721705084645,0.41502461850043504
NN,TCGA-LUAD,196.85161327197886,0.001585896149201146,0.3121862154520645
NN,TCGA-LUAD,457.4872204263664,0.0007408928293354068,0.3389490011264815
NN,TCGA-LUAD,464.11267215383134,0.0007762080765894147,0.36024800457329903
NN,TCGA-LUAD,336.77000634833064,0.0008866117598361535,0.298584247988526
NN,TCGA-LUAD,233.42123671072972,0.0014833263493127871,0.34623987090220265
NN,TCGA-LUAD,181.88586147773705,0.002060291387695202,0.37473787394610414
NN,TCGA-LUAD,295.5776736167406,0.0012010142421492681,0.35499299567505344
NN,TCGA-LUAD,321.03674339023905,0.0011911765762378564,0.38241144883813627
NN,TCGA-LUAD,184.34834750274658,0.002227993216106375,0.41072686763654
NN,TCGA-LUAD,284.15714747167425,0.0010146376696163878,0.2883165459154998
NN,TCGA-LUAD,535.5599856549701,0.0006860898160299478,0.36744225203101993
NN,TCGA-LUAD,383.0952254147385,0.0009719159473580983,0.37233635893732975
NN,TCGA-LUAD,245.85401329416928,0.0013208213164524417,0.32472922149432076
NN,TCGA-LUAD,171.55467854155762,0.0031762019403430404,0.5448923028586219
NN,TCGA-LUAD,231.4505225038413,0.0023490365706912925,0.5436857416671312
NN,TCGA-LUAD,236.55766930967698,0.0021854464958948622,0.5169841294698891
NN,TCGA-LUAD,164.00868040060465,0.002684678836745522,0.4403106333140634
NN,TCGA-LUAD,144.39627499430463,0.0029727047168482622,0.42924748777088817
NN,TCGA-LUAD,220.06754541455967,0.0024821424386622854,0.5462389938457184
NN,TCGA-LUAD,218.02280471544154,0.0022210426987544765,0.48423795857520446
NN,TCGA-LUAD,299.8720169538904,0.0019126929364515488,0.5735630886671853
NN,TCGA-LUAD,139.0733007221579,0.00326870285236906,0.4545892947588976
NN,TCGA-LUAD,122.04760202850773,0.0031389163854771344,0.38309721781547523
NN,TCGA-LUAD,166.6510954613623,0.002622936086621998,0.4371151721606947
NN,TCGA-LUAD,57.316337915659766,0.006898688419476044,0.3954075566255377
NN,TCGA-LUAD,217.8461602520007,0.002231295349300646,0.48607912423329236
NN,TCGA-LUAD,243.72933417403019,0.002386095231910121,0.5815614021492819
NN,TCGA-LUAD,293.30422221884106,0.002048075294379857,0.600709131263708
NN,TCGA-LUAD,195.32802708040046,0.0024780162536291563,0.48402602589454835
NN,TCGA-LUAD,271.78771567317625,0.0021662713715125555,0.5887659475915961
NN,TCGA-LUAD,183.58320829795065,0.001393919819268427,0.25590027253139735
NN,TCGA-LUAD,265.0744192242495,0.0016741226743759417,0.4437670956203501
NN,TCGA-LUAD,418.3468714132465,0.0009755708314651004,0.4081270051854443
NN,TCGA-LUAD,296.3850965070295,0.0010687390416406375,0.3167583239974906
NN,TCGA-LUAD,303.23799634775645,0.0010774428343229216,0.32672160625933044
NN,TCGA-LUAD,214.60822078293572,0.0015134693115753843,0.3248029561667678
NN,TCGA-LUAD,133.9203574369408,0.0022141987453200827,0.29652628740969134
NN,TCGA-LUAD,285.2032742595325,0.0012499645320094587,0.35649397723738185
NN,TCGA-LUAD,235.41058271067467,0.001377913462456762,0.3243754111218297
NN,TCGA-LUAD,190.38196362839233,0.0015133276801498772,0.2881102953601333
NN,TCGA-LUAD,160.84848079252072,0.0015434930691794705,0.2482685152913029
NN,TCGA-LUAD,253.59202493922763,0.0015231959987133778,0.3862703576930546
NN,TCGA-LUAD,167.6387056275144,0.001890520673949314,0.3169244387429192
NN,TCGA-LUAD,215.91725411733793,0.0014990939344600004,0.32368024599255985
NN,TCGA-LUAD,184.49535026926745,0.0016574336906607162,0.3057888093065335
NN,TCGA-LUAD,147.8183543066286,0.0019077157612102634,0.2819954043069184
NN,TCGA-LUAD,222.6075998158624,0.001476398331206615,0.3286574888820492
NN,TCGA-LUAD,308.9075028364335,0.0012745052115704235,0.39370422225823987
NN,TCGA-LUAD,213.35639363311088,0.0013061740365352664,0.27868058189236766
NN,TCGA-LUAD,171.03221009557373,0.0020559895441202344,0.3516404356642748
NN,TCGA-LUAD,154.26174311773522,0.001960306152988215,0.30240024420438383
NN,TCGA-LUAD,123.45352560487585,0.001954480302308296,0.24128748404524275
NN,TCGA-LUAD,317.71516426918436,0.0012588361556471147,0.39995133597941157
NN,TCGA-LUAD,387.7332238403836,0.0010308421345710359,0.39969174410773023
NN,TCGA-LUAD,258.3118098673746,0.0011068347843645235,0.2859084963733654
NN,TCGA-LUAD,116.9831357825134,0.0018570220042189115,0.2172402572706561
NN,TCGA-LUAD,287.21713490037644,0.0013246952642578741,0.3804751784162437
NN,TCGA-LUAD,268.7388829841166,0.001396479341762225,0.37528829841557476
NN,TCGA-LUAD,281.30557690784366,0.0015877042055011134,0.44663004748750024
NN,TCGA-LUAD,203.0650845592351,0.0017655382827880639,0.3585191806869249
NN,TCGA-LUAD,114.0404835993766,0.0017324701546651208,0.19757173425949714
NN,TCGA-LUAD,335.6845955226851,0.0009196913077946047,0.30872620466276113
NN,TCGA-LUAD,262.9965447894888,0.001623463208315255,0.4269652143797701
NN,TCGA-LUAD,146.3026229201987,0.0017471765759706792,0.25561651576924216
NN,TCGA-LUAD,217.1211695133181,0.0028283691322286337,0.6140988138048497
NN,TCGA-LUAD,225.87774249297266,0.002644947766856264,0.5974348305893223
NN,TCGA-LUAD,258.80718791376455,0.0023361193220263476,0.6046044723646492
NN,TCGA-LUAD,224.881555774414,0.002402053018183968,0.5401774197818375
NN,TCGA-LUAD,169.5872385041915,0.003177127606152264,0.538800297102795
NN,TCGA-LUAD,237.3597019000733,0.002595663123820564,0.6161058253030621
NN,TCGA-LUAD,235.51180229158214,0.0025531757974742303,0.6013030336304035
NN,TCGA-LUAD,286.1432792425379,0.002124885133954456,0.6080216002434475
NN,TCGA-LUAD,225.31498850426144,0.0025745520620375053,0.5800851682616031
NN,TCGA-LUAD,141.05876218498648,0.0038099557962139145,0.5374276485934494
NN,TCGA-LUAD,206.5319126435279,0.0027220485445818123,0.5621898922210131
NN,TCGA-LUAD,107.36936384627187,0.005157416818917658,0.553748562937252
NN,TCGA-LUAD,241.8449125729277,0.0023764792884231212,0.5747394257400632
NN,TCGA-LUAD,232.98672049531632,0.0025931506471027054,0.6041696650187667
NN,TCGA-LUAD,261.2170851545457,0.002412326652590514,0.6301409366303166
NN,TCGA-LUAD,208.09752582002716,0.0028363947919233393,0.5902467384480576
NN,TCGA-LUAD,238.5028898610841,0.002498591909674182,0.5959213910408172
NN,TCGA-LUAD,72.97429451747787,0.004831068925647514,0.3525438466144371
NN,TCGA-LUAD,246.3828456195992,0.0014085494122109774,0.34704241237635447
NN,TCGA-LUAD,263.8427466507378,0.0011332408024734124,0.29899736594127135
NN,TCGA-LUAD,325.7759745549294,0.0010733317941566737,0.34966571126218127
NN,TCGA-LUAD,686.3700371988682,0.0004775180505368264,0.3277540821100926
NN,TCGA-LUAD,246.2455625247021,0.001467838284569947,0.3614486640792204
NN,TCGA-LUAD,581.5687420721157,0.000529662918978162,0.30803539751237463
NN,TCGA-LUAD,659.3396457955419,0.00047447568048898105,0.31284062711220345
NN,TCGA-LUAD,558.4597989994086,0.0005914085126098062,0.3302778790786116
NN,TCGA-LUAD,480.2987206036268,0.0005799058405186548,0.27852803327168074
NN,TCGA-LUAD,158.63533980320608,0.0023879644231009885,0.37881554769659226
NN,TCGA-LUAD,239.7139278864552,0.0015145153763655233,0.3630504297130126
NN,TCGA-LUAD,478.059614325029,0.0006335619402634529,0.30288037681336333
NN,TCGA-LUAD,433.10692033136786,0.0007902009142950701,0.342241484433369
NN,TCGA-LUAD,276.8308864136478,0.001138993869797671,0.31530868259580025
NN,TCGA-LUAD,514.8386875343506,0.000765376746108805,0.39404555943596903
NN,TCGA-LUAD,387.3874732719581,0.0008972446811072064,0.34758134992082446
NN,TCGA-LUAD,275.8737264693885,0.0012820583310933081,0.353686209349836
NN,TCGA-LUAD,242.3209991420284,0.00139512817430009,0.3380688531275918
NN,TCGA-LUAD,322.54926925077865,0.0010934364570316824,0.35268713018772957
NN,TCGA-LUAD,366.0422319191579,0.0007462070266729515,0.2731432855171258
NN,TCGA-LUAD,331.3042048620959,0.0011433691838529346,0.37880301832022006
NN,TCGA-LUAD,262.243915003448,0.001249493565029927,0.32767208426506345
NN,TCGA-LUAD,317.3891270849126,0.0009418060954071448,0.29891901450452363
NN,TCGA-LUAD,205.67806489167515,0.001183617744489893,0.24344420725813037
NN,TCGA-LUAD,77.36808949601813,0.00404108686946603,0.31265117057803155
NN,TCGA-LUAD,405.17794966257577,0.0009063995000351809,0.36725309099943837
NN,TCGA-LUAD,170.0708468463777,0.002156549818625618,0.36676625392006107
NN,TCGA-LUAD,307.4771493998129,0.001161667061839097,0.35718607672594166
NN,TCGA-LUAD,182.8965363251644,0.0014800432129354277,0.27069477725745744
NN,TCGA-LUAD,352.49729933588003,0.0008177181276294496,0.2882434316073734
NN,TCGA-LUAD,278.1989407296395,0.0013629854858132466,0.3791811183831183
NN,TCGA-LUAD,262.0648586539204,0.0010610553424377348,0.2780653183399321
NN,TCGA-LUAD,140.49836056354417,0.003773039883283088,0.5301059179421399
NN,TCGA-LUAD,226.29878777576826,0.0022414247617280943,0.507231706469658
NN,TCGA-LUAD,223.09101627735254,0.0024233283201325223,0.5406227777120539
NN,TCGA-LUAD,97.89912123889508,0.003645901728919948,0.35693057538463113
NN,TCGA-LUAD,114.762243881349,0.003510540662354765,0.40287752364855
NN,TCGA-LUAD,264.13058234311006,0.0020784540241332032,0.5489832717676835
NN,TCGA-LUAD,163.61362526534876,0.0031192335574388606,0.5103491103819024
NN,TCGA-LUAD,208.39728033346236,0.0025997678847622593,0.5417845566827331
NN,TCGA-LUAD,104.92038512363885,0.004730587192366653,0.49633503008406266
NN,TCGA-LUAD,81.27429999880215,0.004716523809412575,0.3833321710376908
NN,TCGA-LUAD,126.35831763355122,0.0032672425117709096,0.4128432670881903
NN,TCGA-LUAD,43.907449813938264,0.008826295800120502,0.38754013988676506
NN,TCGA-LUAD,144.6678880419861,0.0030453351106645805,0.44056219883995285
NN,TCGA-LUAD,152.59135152039102,0.003457509231342074,0.5275860065047153
NN,TCGA-LUAD,271.2665900508083,0.0021522707921538924,0.5838391586535383
NN,TCGA-LUAD,165.8476727258874,0.0030168338050282715,0.5003348655647224
NN,TCGA-LUAD,323.656697942776,0.0017144479269396314,0.5548925548281188
NN,TCGA-LUAD,136.22817656178708,0.0029487771324367374,0.4017065318389521
NN,TCGA-LUAD,141.5851916003295,0.003445267541838901,0.48779886502565706
NN,TCGA-LUAD,125.27624612980496,0.0037918874091367252,0.4750334203635208
NN,TCGA-LUAD,76.79433216796129,0.004934521691180674,0.3789432978425388
NN,TCGA-LUAD,40.34442310816828,0.005971607944749904,0.24092107755908931
NN,TCGA-LUAD,58.52272056439714,0.004361606110341778,0.255253055607499
NN,TCGA-LUAD,83.92854399577246,0.0048895917023292325,0.4103763123103029
NN,TCGA-LUAD,88.9589983327446,0.005159747327473409,0.45900595390209037
NN,TCGA-LUAD,44.035503064107616,0.004760517211207594,0.20963177024086901
NN,TCGA-LUAD,117.87891514761604,0.003181195467825933,0.37499587061983386
NN,TCGA-LUAD,67.59233474302744,0.004945478411266479,0.3342764322387393
NN,TCGA-LUAD,78.50670392321098,0.00479004758405459,0.3760508474594657
NN,TCGA-LUAD,99.08770787645143,0.004850339546801035,0.4806090281150208
NN,TCGA-LUAD,67.68931096737488,0.004976179322638391,0.33683414959949093
NN,TCGA-LUAD,107.5145684149016,0.0047715950379028154,0.5130159811508073
NN,TCGA-LUAD,77.0713305847984,0.003835819682737201,0.29563172683191535
NN,TCGA-LUAD,79.54973838009198,0.0040693531442228025,0.32371597799912866
NN,TCGA-LUAD,68.2092653822315,0.004942570791616091,0.3371291227958079
NN,TCGA-LUAD,49.07076458909156,0.005359643152073611,0.26300178739694086
NN,TCGA-LUAD,45.18249278265235,0.005287558191155896,0.23890505980975563
NN,TCGA-LUAD,86.95446295418508,0.0039596024682318955,0.34430510613717014
NN,TCGA-LUAD,120.77645224773235,0.0030495724757109684,0.3683165444887047
NN,TCGA-LUAD,93.59352801703666,0.003729073507425188,0.3490171457947885
NN,TCGA-LUAD,43.22188314006044,0.004539594732883017,0.19620983304790368
NN,TCGA-LUAD,447.3328309546754,0.0009433394330256846,0.4219866991265579
NN,TCGA-LUAD,64.03729804710255,0.004447203838768689,0.28478691769944914
NN,TCGA-LUAD,105.60527543137724,0.0037094988369158303,0.3917426463848698
NN,TCGA-LUAD,96.70350654732016,0.00480397806497923,0.4645615242599014
NN,TCGA-LUAD,51.30050273786717,0.004326009541286632,0.22192646431681437
NN,TCGA-LUAD,94.76131811119761,0.003463188463788681,0.32817630369610895
NN,TCGA-LUAD,86.05337177694122,0.004134846334164336,0.35581746883436616
NN,TCGA-LUAD,41.48543268997404,0.004740206139024674,0.19664950271710985
NN,TCGA-LUAD,151.72417880205987,0.004160136549778639,0.6311933017195988
NN,TCGA-LUAD,121.76727003267403,0.005157830608137246,0.6280549524438394
NN,TCGA-LUAD,152.60104652257087,0.004075540368547269,0.6219317253852974
NN,TCGA-LUAD,190.52625001761012,0.0030420031295982095,0.579581448824181
NN,TCGA-LUAD,128.5069699162424,0.004593777952279413,0.5903324851154681
NN,TCGA-LUAD,121.17794599933046,0.00529129320656288,0.6411880424515009
NN,TCGA-LUAD,139.6730720496445,0.004459588766357405,0.622884463075223
NN,TCGA-LUAD,167.50135224359573,0.0037487600991390315,0.6279223858426237
NN,TCGA-LUAD,220.2384251562971,0.002742655507095403,0.604038129628937
NN,TCGA-LUAD,108.20710320572462,0.00526986142773197,0.5702364393904606
NN,TCGA-LUAD,151.5648176610233,0.004014676606198505,0.6084837277864522
NN,TCGA-LUAD,222.39272159839103,0.002621326252349441,0.582963879457303
NN,TCGA-LUAD,151.77527677673953,0.0038597205981127057,0.5858101620594386
NN,TCGA-LUAD,168.6719615500543,0.0037085588304954964,0.6255298924634507
NN,TCGA-LUAD,132.7959763183937,0.004844408065709823,0.6433178987706372
NN,TCGA-LUAD,126.88320060579673,0.004792290083778943,0.6080611040612941
NN,TCGA-LUAD,117.94315111914959,0.005475681853533524,0.6458191723316895
NN,TCGA-LUAD,957.9925930917414,0.00044235037657528245,0.4237683843104631
NN,TCGA-LUAD,489.62421178408124,0.0007510557804692738,0.3677350945181461
NN,TCGA-LUAD,338.9119350885853,0.0011523828306882473,0.3905562951114155
NN,TCGA-LUAD,155.42600369440552,0.0023341106368465654,0.3627814884656655
NN,TCGA-LUAD,280.29630441740494,0.0008938606318297428,0.2505458317660835
NN,TCGA-LUAD,368.37566346246155,0.001026337469865105,0.37807774639794217
NN,TCGA-LUAD,320.88437755447353,0.0012603744748972078,0.40443447886293693
NN,TCGA-LUAD,355.28960167187194,0.000781356132578075,0.2776077091075386
NN,TCGA-LUAD,430.62785188446185,0.0008975581352497375,0.38651353172401776
NN,TCGA-LUAD,362.5039072761303,0.0009701758461082234,0.35169253495915664
NN,TCGA-LUAD,325.00633426182384,0.001266871810819342,0.4117413632140331
NN,TCGA-LUAD,343.547046703925,0.0010122524181804954,0.34775632878481566
NN,TCGA-LUAD,395.2409351234079,0.0009735278933348791,0.3847780749303989
NN,TCGA-LUAD,383.2552669109934,0.001209775614413205,0.46365287600434385
NN,TCGA-LUAD,476.7706722194584,0.0007174358997321989,0.3420523961896924
NN,TCGA-LUAD,373.34413714786695,0.0007900046887841451,0.2949436188768858
NN,TCGA-LUAD,445.8050211047355,0.0009677020946795938,0.43140645274173306
NN,TCGA-LUAD,221.01032905842547,0.001204630649271354,0.2662358161893267
NN,TCGA-LUAD,255.63555477701397,0.0011656104359590938,0.29797147045028005
NN,TCGA-LUAD,425.37759491762824,0.0009686113304835842,0.412025558171071
NN,TCGA-LUAD,749.5830028433426,0.0005492547476866473,0.41171202309691957
NN,TCGA-LUAD,439.37457783444347,0.000785622803926655,0.3451826878123858
NN,TCGA-LUAD,147.25996509178927,0.0009669839456233685,0.1423980220768179
NN,TCGA-LUAD,220.9364845507958,0.0019722795947351595,0.43574852021205435
NN,TCGA-LUAD,289.4568536235259,0.0010843862809788787,0.3138830410046629
NN,TCGA-LUAD,382.37408291307986,0.0010694342292534632,0.4089239326466494
NN,TCGA-LUAD,210.8553271099511,0.002050745574944473,0.43241062902420163
NN,TCGA-LUAD,245.21172866049506,0.001139073905145394,0.2793142813527628
NN,TCGA-LUAD,464.5929191734067,0.0007057868991420254,0.32790359578674033
NN,TCGA-LUAD,481.49400660967024,0.000673982730423877,0.32451864525751783
NN,TCGA-LUAD,225.17740549510216,0.001056962204783526,0.23800400697953722
NN,TCGA-LUAD,176.74341735276874,0.0034368123610275508,0.6074339614882469
NN,TCGA-LUAD,286.4231481584169,0.0020744448975333857,0.5941690382326769
NN,TCGA-LUAD,292.438971868266,0.002098065425156427,0.6135560958451018
NN,TCGA-LUAD,240.43461579585986,0.0022033645084456174,0.5297650990463556
NN,TCGA-LUAD,191.04136465876178,0.0028760719089354946,0.549448702339767
NN,TCGA-LUAD,244.41533273753203,0.002552522442457756,0.6238756220933304
NN,TCGA-LUAD,282.2609175408356,0.0020745057375707344,0.5855518929304434
NN,TCGA-LUAD,362.17719255635654,0.0017518424977624142,0.6344773976405065
NN,TCGA-LUAD,175.83347902277205,0.0033081218124532204,0.581678567314768
NN,TCGA-LUAD,169.18091975991268,0.003111198289897677,0.5263553882403564
NN,TCGA-LUAD,233.46714807949792,0.002414249368271787,0.5636479147631436
NN,TCGA-LUAD,74.14980797938058,0.007104182123567347,0.526773740313067
NN,TCGA-LUAD,257.24609015740344,0.0021797266234892176,0.5607261515045998
NN,TCGA-LUAD,266.5928531735235,0.0022503716442260693,0.5999329973350211
NN,TCGA-LUAD,308.5491044112661,0.002085763694485746,0.6435605199471106
NN,TCGA-LUAD,261.48283519026245,0.0021793847363402214,0.5698716998286237
NN,TCGA-LUAD,382.3913267381297,0.0017367339192066833,0.6641119875565553
NN,TCGA-LUAD,539.4071249571206,0.0006665046670641145,0.35951736623155683
NN,TCGA-LUAD,375.48863744222217,0.0008675401014104072,0.32575145060508104
NN,TCGA-LUAD,150.37948788247473,0.0018166658143958618,0.2731892748224486
NN,TCGA-LUAD,583.2723338657554,0.0007244141078246635,0.4225307073561705
NN,TCGA-LUAD,413.32236592137394,0.000823968285895505,0.3405645213705092
NN,TCGA-LUAD,316.63851775806137,0.0010056703523069,0.3184339697076842
NN,TCGA-LUAD,388.3821039279893,0.0007001682591407664,0.2719328215886885
NN,TCGA-LUAD,330.8421500349832,0.0009334473155353936,0.308823716816113
NN,TCGA-LUAD,358.37687365831636,0.0009421247372968927,0.337635717948623
NN,TCGA-LUAD,260.335837581853,0.0011517014055911763,0.2998291500687763
NN,TCGA-LUAD,392.32016730540784,0.0008537720007595717,0.33495197417866795
NN,TCGA-LUAD,286.7776958131885,0.0008703301445636671,0.24959127345472767
NN,TCGA-LUAD,305.7157447880545,0.0010732665365743867,0.32811447858493437
NN,TCGA-LUAD,519.4302702822575,0.0006503640996342699,0.33781880005490583
NN,TCGA-LUAD,365.6528552840931,0.000762235840378513,0.2787137114342735
NN,TCGA-LUAD,340.8018752045681,0.000950405466231341,0.3238999650963128
NN,TCGA-LUAD,326.7555535192969,0.0011198495269543881,0.3659170520383039
NN,TCGA-LUAD,262.02241219118855,0.0010353897073735099,0.2712953086839359
NN,TCGA-LUAD,382.04982227541717,0.0007903313917307924,0.30194596774943233
NN,TCGA-LUAD,661.904625234687,0.0006370891709054597,0.42169226890925576
NN,TCGA-LUAD,317.4501148979498,0.0008096528599051292,0.2570243934043369
NN,TCGA-LUAD,225.6596146897951,0.0010213416679806823,0.2304755672631534
NN,TCGA-LUAD,164.5499750949386,0.0022950733958741394,0.37765427013214575
NN,TCGA-LUAD,429.3850593669028,0.0008291659432741758,0.35603146777779593
NN,TCGA-LUAD,388.8337559944321,0.0009274026127059241,0.3606054412174941
NN,TCGA-LUAD,214.15298100315653,0.0019075340726368308,0.40850410802026904
NN,TCGA-LUAD,248.0627188912956,0.001060053553250236,0.2629597665896323
NN,TCGA-LUAD,482.14325645074774,0.0006471551651690039,0.31202149876350505
NN,TCGA-LUAD,594.6125434937735,0.00064400747534123,0.3829349229416524
NN,TCGA-LUAD,220.39438551170153,0.0009709454530382517,0.21399092648774615
NN,TCGA-LUAD,182.81783510418447,0.0034720198132305578,0.6347471456936454
NN,TCGA-LUAD,288.67757090815763,0.0021823086179302547,0.6299835507960446
NN,TCGA-LUAD,274.04501387275,0.0023176405637279868,0.6351378404388843
NN,TCGA-LUAD,218.62099240218416,0.002598778754455186,0.5681475903327049
NN,TCGA-LUAD,182.23431078310148,0.0031061971121861386,0.5660556898957011
NN,TCGA-LUAD,261.7077909285206,0.002457968817822619,0.643269589483545
NN,TCGA-LUAD,289.5179438827855,0.00217148037891324,0.6286825344847733
NN,TCGA-LUAD,322.33261635193884,0.0019980464800200713,0.6440355494976515
NN,TCGA-LUAD,160.72673481791062,0.0036584816071219945,0.5880158031041003
NN,TCGA-LUAD,164.22557447743515,0.003354942353259216,0.5509673353026728
NN,TCGA-LUAD,213.19875828274047,0.0027069042995491017,0.5771086354540799
NN,TCGA-LUAD,74.43187443428167,0.00790137126193135,0.588113873626716
NN,TCGA-LUAD,255.63983293140606,0.002440992236159116,0.6240148474385757
NN,TCGA-LUAD,247.17620877621084,0.0026104787459591116,0.6452482395170505
NN,TCGA-LUAD,307.7010924318599,0.002134182165120114,0.656690183656051
NN,TCGA-LUAD,263.5299379428501,0.0023317984522068774,0.6144987014053123
NN,TCGA-LUAD,369.20338501325136,0.0016920982272944484,0.6247283932920323
NN,TCGA-LUAD,446.8411069666885,0.0008009755988154308,0.35790882322799333
NN,TCGA-LUAD,273.97584406261774,0.0011282900154969513,0.3091242093432013
NN,TCGA-LUAD,573.9164879926049,0.0006734181557558087,0.38648578290183067
NN,TCGA-LUAD,534.9142127869682,0.0006639145160216469,0.3551373106955602
NN,TCGA-LUAD,426.0704022106787,0.0007605880609422855,0.3240640610423198
NN,TCGA-LUAD,467.85596648123175,0.0005831853914379139,0.2728467649489207
NN,TCGA-LUAD,265.62451804527683,0.0015367056091901456,0.4081866868186059
NN,TCGA-LUAD,315.3498139519002,0.0010104916352733058,0.3186583491833884
NN,TCGA-LUAD,331.81911609720635,0.0010048313660381038,0.333422255705512
NN,TCGA-LUAD,375.31540399915065,0.0009179254079330443,0.3445115453194757
NN,TCGA-LUAD,352.0428464901016,0.0008523879078737998,0.300077065401635
NN,TCGA-LUAD,510.25517882025883,0.0008127854359066137,0.41472797794103117
NN,TCGA-LUAD,575.9005054865287,0.0006237148687309174,0.35919770818159924
NN,TCGA-LUAD,332.25284253046226,0.0009388179578473287,0.3119249351134187
NN,TCGA-LUAD,376.61713339547015,0.0010921687090987924,0.41132944840501834
NN,TCGA-LUAD,278.3545324134092,0.001001575878539549,0.2787931853474257
NN,TCGA-LUAD,256.93026947525993,0.0010739073576583851,0.2759193067946332
NN,TCGA-LUAD,447.36405932210886,0.0009226871522458599,0.4127770699130645
NN,TCGA-LUAD,536.8673611941758,0.0007437851488067338,0.3993139701352886
NN,TCGA-LUAD,325.157021478545,0.0009020278158291591,0.29330067788580694
NN,TCGA-LUAD,213.1089214894897,0.0009752822812268909,0.2078413551000719
NN,TCGA-LUAD,126.55501209732064,0.0028186208435143746,0.3567105949487218
NN,TCGA-LUAD,569.9342342125783,0.000643187841655106,0.3665747699885439
NN,TCGA-LUAD,278.11962150949273,0.0015895461088337036,0.44208396216071655
NN,TCGA-LUAD,262.4570077901967,0.0014675621369462186,0.38517196720909147
NN,TCGA-LUAD,216.11843551272736,0.0013385612848795265,0.2892877707260694
NN,TCGA-LUAD,382.94193797555306,0.0008540874885444369,0.32706591806387963
NN,TCGA-LUAD,566.5477347831749,0.0007707796997765979,0.4366834929252871
NN,TCGA-LUAD,370.11651552452213,0.0007015354049601049,0.2596498396009186
NN,TCGA-LUAD,186.59259848602633,0.0032071044514411047,0.5984219532104977
NN,TCGA-LUAD,272.0643364560716,0.0022366520865602486,0.6085132658131021
NN,TCGA-LUAD,245.28378752919915,0.002541970410147096,0.6235041299880315
NN,TCGA-LUAD,173.22380451371095,0.0029816401245953373,0.5164910460731394
NN,TCGA-LUAD,168.24232255145412,0.0032447762324660486,0.5459086895098451
NN,TCGA-LUAD,260.30716318417973,0.0024100140957320033,0.6273439324938839
NN,TCGA-LUAD,251.79405488093005,0.002331230886512611,0.5869900777786755
NN,TCGA-LUAD,276.6707682197903,0.002238996481024907,0.6194648764465682
NN,TCGA-LUAD,154.216418005487,0.0036015228906288287,0.5554139595575452
NN,TCGA-LUAD,143.98577893748623,0.00359159073645543,0.5171379898131949
NN,TCGA-LUAD,187.20494585133568,0.0029398270551195334,0.5503501646659439
NN,TCGA-LUAD,63.05129169253804,0.008163938889874923,0.5147468923055589
NN,TCGA-LUAD,224.00583625578116,0.002543822332242234,0.5698310488200532
NN,TCGA-LUAD,204.0281189723644,0.0029523207238600483,0.6023564438922949
NN,TCGA-LUAD,280.79684250465476,0.0022597044495032306,0.6345178744142262
NN,TCGA-LUAD,221.08157110290716,0.0025752337022656507,0.5693367128540463
NN,TCGA-LUAD,354.50002850702634,0.0017347415049511527,0.6149659129575054
NN,TCGA-LUAD,305.3375873458051,0.001132550352799236,0.3458101922713591
NN,TCGA-LUAD,870.2414053948469,0.00041952414837332177,0.3650872844774758
NN,TCGA-LUAD,855.8355649552191,0.00036231389711840697,0.31008111883145895
NN,TCGA-LUAD,1061.5745475724345,0.00029726641536218933,0.31557046039659553
NN,TCGA-LUAD,671.6973429783556,0.0003915022148395301,0.2629709974778537
NN,TCGA-LUAD,212.29450455088582,0.0018049001798035574,0.38317038943520093
NN,TCGA-LUAD,344.47436693393286,0.0009273922435081446,0.3194628559819078
NN,TCGA-LUAD,611.054435843392,0.0004896408708370862,0.29919722609522287
NN,TCGA-LUAD,563.8376066980253,0.000619226375839637,0.34914311775771284
NN,TCGA-LUAD,479.84578750986987,0.0006755175945682868,0.32414427214239255
NN,TCGA-LUAD,611.338782421591,0.0005773311970199067,0.35294495104014945
NN,TCGA-LUAD,527.986002394904,0.0005936944515809971,0.3134623601342855
NN,TCGA-LUAD,441.8768624466914,0.0008243352484182645,0.36425467317527666
NN,TCGA-LUAD,345.9919154096537,0.0009767686338893141,0.33795405055143457
NN,TCGA-LUAD,447.76194792035756,0.0007895315052615312,0.3535221647403952
NN,TCGA-LUAD,580.9994022707127,0.0004901472241411857,0.2847752442506779
NN,TCGA-LUAD,568.190497438213,0.0007319729560338017,0.41590007800016504
NN,TCGA-LUAD,411.0711094635798,0.000890736538663557,0.3661560571881772
NN,TCGA-LUAD,446.8242452041201,0.0007150195824845625,0.31948808524982975
NN,TCGA-LUAD,258.87755726331494,0.0008988261490545787,0.23268591787164156
NN,TCGA-LUAD,96.00618070876531,0.004062034195363789,0.3899803890052801
NN,TCGA-LUAD,479.0784589811301,0.0007373568700978727,0.35325179304563814
NN,TCGA-LUAD,243.7396703597623,0.0017386081430336119,0.42376777566781104
NN,TCGA-LUAD,270.664887906745,0.0013744624674071665,0.3720187296727888
NN,TCGA-LUAD,213.55584261903184,0.0010947815289804024,0.23379699190516184
NN,TCGA-LUAD,584.1271855257612,0.0005835909764587864,0.3408913545771016
NN,TCGA-LUAD,513.4988948304924,0.00076539464765379,0.3930293056793953
NN,TCGA-LUAD,459.61842700333244,0.0005719592073794548,0.2628829912058178
NN,TCGA-LUAD,153.22415699103544,0.003547600970147924,0.5435781679914952
NN,TCGA-LUAD,282.18847187748435,0.0019147549250308313,0.5403217663143374
NN,TCGA-LUAD,262.78610148530475,0.0021146028551775314,0.555688240501798
NN,TCGA-LUAD,130.6394139554998,0.003461432734829197,0.45219954392446926
NN,TCGA-LUAD,136.7164506788129,0.003145217697257649,0.43000300018125476
NN,TCGA-LUAD,287.6772314569136,0.0019827487042712163,0.5703916579195263
NN,TCGA-LUAD,210.96333224244586,0.0025528147645078785,0.5385503093182967
NN,TCGA-LUAD,262.86063942622,0.0022205345487600605,0.5836911313550824
NN,TCGA-LUAD,112.54842020610594,0.0045675344646678735,0.514068788235311
NN,TCGA-LUAD,104.97479606077499,0.003909128842824827,0.41036000305082954
NN,TCGA-LUAD,168.63147378292936,0.002842967259380975,0.47941375886602944
NN,TCGA-LUAD,52.86150835029614,0.009220715143574571,0.4874209105577693
NN,TCGA-LUAD,183.71361953462673,0.002754601606362759,0.5060578314807995
NN,TCGA-LUAD,186.77299604572366,0.003051302603652343,0.5699009291262653
NN,TCGA-LUAD,326.9236619361314,0.0018439261308795547,0.6028230830468663
NN,TCGA-LUAD,189.09384249105688,0.00266740665576139,0.504390174024141
NN,TCGA-LUAD,453.11360265966914,0.0012705259959511464,0.5756926112981882
NN,TCGA-LUAD,264.14487538813506,0.0013980877983146075,0.3692977272674841
NN,TCGA-LUAD,301.9442923065062,0.001103822280501089,0.3332928373180551
NN,TCGA-LUAD,356.21651591552813,0.0009343042087586113,0.33281459004920677
NN,TCGA-LUAD,233.26140427767845,0.0014835452625760325,0.34605385125798255
NN,TCGA-LUAD,134.6119591353498,0.002852977087393765,0.3840448351023388
NN,TCGA-LUAD,217.357675999249,0.0017419532217557694,0.3786269039802385
NN,TCGA-LUAD,323.1254413481572,0.0011237534248626328,0.36311332137524144
NN,TCGA-LUAD,257.0647395501281,0.0015794914658378825,0.40603156228726534
NN,TCGA-LUAD,208.40821477626866,0.001750454352274317,0.3648090666048401
NN,TCGA-LUAD,333.0974107825919,0.0010200771035341998,0.33978504198584786
NN,TCGA-LUAD,268.9770544500864,0.0013681166827028992,0.3679919954574493
NN,TCGA-LUAD,246.70143594175443,0.0014979532868885453,0.36954722684907493
NN,TCGA-LUAD,175.39386176858454,0.0021692166345528025,0.3804672825468684
NN,TCGA-LUAD,255.2069820502523,0.0016056901627507637,0.4097833405434008
NN,TCGA-LUAD,236.01007930447565,0.0016185212586649728,0.3819873306135
NN,TCGA-LUAD,278.6233450269518,0.001233170017682364,0.3435899553136056
NN,TCGA-LUAD,178.80419873919317,0.002002273601854577,0.35801492703624593
NN,TCGA-LUAD,231.74380281441873,0.001478068801046015,0.342533284775752
NN,TCGA-LUAD,182.45913522371708,0.002013454757663174,0.3673732138953016
NN,TCGA-LUAD,42.9853283598274,0.004889095819738048,0.2101593891940995
NN,TCGA-LUAD,361.6934623506571,0.0008581977509386552,0.3104045159185491
NN,TCGA-LUAD,133.8171034009077,0.002852841523504654,0.3817589891372254
NN,TCGA-LUAD,190.56415022895303,0.0012592091670053365,0.23996012487087973
NN,TCGA-LUAD,192.46499531333654,0.002075603644362699,0.3994810456846111
NN,TCGA-LUAD,211.1918729134147,0.0015285297839405462,0.32281306787434105
NN,TCGA-LUAD,182.63878523512122,0.0018219010290514057,0.332749790764566
NN,TCGA-LUAD,254.63556806947935,0.0012319284228755854,0.3136927937798625
NN,TCGA-LUAD,150.8017809797851,0.0036414308470871493,0.5491342570554696
NN,TCGA-LUAD,166.69265985916806,0.0032253426367121634,0.537640943070733
NN,TCGA-LUAD,152.77673481458896,0.003558695162748652,0.5436858271652113
NN,TCGA-LUAD,87.60561452863207,0.0048900856109493854,0.4283989550448421
NN,TCGA-LUAD,91.19595874224902,0.004695174596584908,0.428180948797813
NN,TCGA-LUAD,198.32986139725284,0.002890518155877381,0.5732760652214038
NN,TCGA-LUAD,161.8032549520041,0.0032532467684923353,0.5263859163041488
NN,TCGA-LUAD,160.50983062283981,0.0035896729165564847,0.5761777918278768
NN,TCGA-LUAD,96.33609675958732,0.005031250452357982,0.484691030400076
NN,TCGA-LUAD,82.51828353849466,0.00522139418264834,0.43086048563002227
NN,TCGA-LUAD,107.121927406196,0.004362242375824127,0.46729181111126405
NN,TCGA-LUAD,43.40152290269771,0.010422084247249396,0.4523343281508396
NN,TCGA-LUAD,132.09480858004937,0.0038020909798443976,0.502236480186478
NN,TCGA-LUAD,122.05210994207526,0.0046269894770624735,0.5647338283552543
NN,TCGA-LUAD,188.4980358882781,0.003215118287669733,0.6060434823742286
NN,TCGA-LUAD,121.81001731711001,0.004141762947407689,0.5045082163470952
NN,TCGA-LUAD,249.34386625086634,0.002287430184437783,0.5703566859666491
NN,TCGA-LUAD,846.7776029501288,0.00038355545782715785,0.32478617117731995
NN,TCGA-LUAD,789.9207521079295,0.0004552027082448037,0.35957406565830174
NN,TCGA-LUAD,750.5959327084199,0.00038440588184011915,0.2885334914183869
NN,TCGA-LUAD,255.09175310552627,0.0016520149104363878,0.4214153796596871
NN,TCGA-LUAD,343.380649610044,0.0010851026184668894,0.37260324202272016
NN,TCGA-LUAD,496.98392449696235,0.000766677879490655,0.38102658137427486
NN,TCGA-LUAD,553.138863907713,0.0007360621332799559,0.4071445721679624
NN,TCGA-LUAD,387.66300181686483,0.0008859814150199589,0.3434622149005908
NN,TCGA-LUAD,664.1999849781182,0.00071110442015816,0.47231554518692326
NN,TCGA-LUAD,713.8355641974905,0.0005243681067353153,0.37431260331857374
NN,TCGA-LUAD,368.15446196551835,0.0009822202771484385,0.3616087776652057
NN,TCGA-LUAD,350.97016451291785,0.0010681844905932596,0.3749008863936637
NN,TCGA-LUAD,317.0829479471584,0.0008381415787114676,0.26576040257491745
NN,TCGA-LUAD,410.17165635465165,0.0005612701986878295,0.23021712705829148
NN,TCGA-LUAD,463.2357882628149,0.0008283988568607928,0.38374399745392407
NN,TCGA-LUAD,382.0785698800049,0.0008661356449894428,0.33093186855966195
NN,TCGA-LUAD,393.87382794245383,0.0008516382649560885,0.3354380234405243
NN,TCGA-LUAD,338.20934078842225,0.0008374191446399188,0.2832229768722714
NN,TCGA-LUAD,103.29386648263878,0.003542602413627096,0.3659291007142711
NN,TCGA-LUAD,562.9372496310107,0.0006120427607484537,0.34454166839230527
NN,TCGA-LUAD,241.1585273692451,0.0016400217875694823,0.39550523914373326
NN,TCGA-LUAD,234.0428393964288,0.0015751404286920804,0.3686503383792026
NN,TCGA-LUAD,305.467001704547,0.0009519714243348919,0.2907958566999864
NN,TCGA-LUAD,422.86402468858415,0.0007952425003791571,0.3362794443137433
NN,TCGA-LUAD,392.5022258644304,0.0008199463471074869,0.32183076632909746
NN,TCGA-LUAD,355.72578614648046,0.0008066586329089627,0.28694927634338596
NN,TCGA-LUAD,142.40439488593867,0.003420283494674948,0.4870634013975496
NN,TCGA-LUAD,272.8006294040838,0.0017384952780324504,0.4742626060632801
NN,TCGA-LUAD,255.9541621983716,0.001979069710243999,0.5065511296176768
NN,TCGA-LUAD,115.48008787667852,0.003117445282464861,0.36000285516977903
NN,TCGA-LUAD,133.94159212541788,0.002937670363896865,0.3934762456800019
NN,TCGA-LUAD,285.54845142590517,0.0018756107875952193,0.5355777558755372
NN,TCGA-LUAD,194.47006946822893,0.0023453195546040357,0.45609445670904253
NN,TCGA-LUAD,283.5125271778019,0.001983513162895643,0.5623508295029788
NN,TCGA-LUAD,116.60018329107986,0.004094672568500987,0.47743957200417186
NN,TCGA-LUAD,93.77289993421738,0.0037416113262528955,0.3508617444894471
NN,TCGA-LUAD,146.86490282939278,0.0026792533718007993,0.3934882861048473
NN,TCGA-LUAD,48.235133830234666,0.008650401287282073,0.41725326377728506
NN,TCGA-LUAD,170.93968014838046,0.002510279576014846,0.4291063878069899
NN,TCGA-LUAD,177.7382869976324,0.0027518341140659796,0.48910628153573454
NN,TCGA-LUAD,335.36432249182917,0.0016636508932148931,0.5579291546659391
NN,TCGA-LUAD,190.98617772626986,0.0022964055999973544,0.4385817280526961
NN,TCGA-LUAD,482.037128735465,0.0012767090917873312,0.6154211848356284
NN,TCGA-LUAD,1108.034402229692,0.0002801704726626311,0.3104385221991487
NN,TCGA-LUAD,727.1230732713956,0.0003501956426914594,0.2546353319600655
NN,TCGA-LUAD,211.87704432017338,0.0017010745318316867,0.3604186439728205
NN,TCGA-LUAD,288.21527450038434,0.0008700916886564069,0.25077371488660927
NN,TCGA-LUAD,528.0518162973954,0.0005241466999523042,0.2767766169161001
NN,TCGA-LUAD,608.1060732144396,0.0005344217999321678,0.3249851421969434
NN,TCGA-LUAD,349.1506345432638,0.0006770320146156871,0.23638615750917136
NN,TCGA-LUAD,731.0262640627386,0.00045789196032389173,0.33473104909993834
NN,TCGA-LUAD,474.02865600790443,0.0005808476753228952,0.27533844287862763
NN,TCGA-LUAD,421.7719533447423,0.0007700151212542562,0.32477078179639624
NN,TCGA-LUAD,344.40233425852085,0.0008911119528518339,0.3069010366478406
NN,TCGA-LUAD,495.3633644150303,0.0006617512889237156,0.3278073448872345
NN,TCGA-LUAD,569.1015492090683,0.0005030321116082819,0.28627635401818213
NN,TCGA-LUAD,430.7232353621979,0.0008110726524621569,0.34934783698229976
NN,TCGA-LUAD,377.1094770950888,0.0008981414085486659,0.3386976369352339
NN,TCGA-LUAD,347.853813306367,0.0006970867740169226,0.24248429254722023
NN,TCGA-LUAD,214.33862150477677,0.000815122726209794,0.17471228149302281
NN,TCGA-LUAD,67.11093945608933,0.003902013383839992,0.261867783959736
NN,TCGA-LUAD,505.812504922742,0.0005552776147111898,0.28086636122459213
NN,TCGA-LUAD,225.64718391047344,0.0016177113356159074,0.3650320072617803
NN,TCGA-LUAD,259.0579026238416,0.0013265543253280923,0.34365438123608083
NN,TCGA-LUAD,245.6421670878642,0.0011031839195803413,0.27098848870219916
NN,TCGA-LUAD,413.81154610915934,0.0006359262522104552,0.26315362563861167
NN,TCGA-LUAD,423.07031236305636,0.0008946597918350191,0.3785039975903085
NN,TCGA-LUAD,345.67241155416906,0.0007195498895757851,0.24872854556319768
NN,TCGA-LUAD,158.12111843769358,0.0036220773091999656,0.5727269151984903
NN,TCGA-LUAD,299.15286231695745,0.0019321941350725594,0.5780214060589941
NN,TCGA-LUAD,258.0158003106964,0.0022830894830129437,0.5890731601405188
NN,TCGA-LUAD,130.7984691379935,0.0034322441054391523,0.44893227469934305
NN,TCGA-LUAD,137.11679768936702,0.003293993903966493,0.4516618957201819
NN,TCGA-LUAD,304.7538603112325,0.0019796559087622567,0.6033077802832387
NN,TCGA-LUAD,213.17170305932234,0.0025923988396319188,0.5526260756533472
NN,TCGA-LUAD,261.4431695663229,0.0023115373411671733,0.6043356490456565
NN,TCGA-LUAD,121.20069094270839,0.004381164681383271,0.5310001865174433
NN,TCGA-LUAD,105.41318400827657,0.0039871897922090305,0.42030237124205255
NN,TCGA-LUAD,164.3425132907443,0.003019056585471153,0.49615934702330206
NN,TCGA-LUAD,55.91765120452796,0.009247576057360648,0.5171027324628366
NN,TCGA-LUAD,196.71400977961306,0.002778773860068742,0.5466237482848957
NN,TCGA-LUAD,188.4994392201329,0.003142830971468234,0.5924218756854276
NN,TCGA-LUAD,323.64874613164733,0.0019272993353726263,0.6237680133137078
NN,TCGA-LUAD,205.37134404558387,0.0025906226241656427,0.5320396502397955
NN,TCGA-LUAD,460.3471556659744,0.0013355243131752772,0.6148048188929929
NN,TCGA-LUAD,608.4106848117829,0.0004715429562655169,0.2868917729396757
NN,TCGA-LUAD,221.2915234001892,0.0018608038761474411,0.4117801245016442
NN,TCGA-LUAD,319.48159181154836,0.0009269250129646301,0.2961354786318801
NN,TCGA-LUAD,692.3225506774254,0.0004765893013422745,0.3299535207308556
NN,TCGA-LUAD,475.04006637856537,0.0007440296167289253,0.3534438785185272
NN,TCGA-LUAD,382.87703105031034,0.0007971429919474524,0.305207742079402
NN,TCGA-LUAD,759.4322841152956,0.00048000685165290987,0.36453269974176117
NN,TCGA-LUAD,547.9859057589871,0.000711132659747447,0.3896906746665023
NN,TCGA-LUAD,445.4803299319512,0.0007897559987521059,0.3518207628898258
NN,TCGA-LUAD,347.8362453656589,0.0011270132989960316,0.39201607439994435
NN,TCGA-LUAD,466.66257502591765,0.0007352674076379856,0.3431217817809734
NN,TCGA-LUAD,474.6094373616067,0.0006003054277963103,0.28491062133152545
NN,TCGA-LUAD,583.6813422697817,0.0007295228121485544,0.42580885421129405
NN,TCGA-LUAD,394.5188830095696,0.00104998951426065,0.4142406903378722
NN,TCGA-LUAD,436.6430025819128,0.0007625276365963941,0.3329523567951392
NN,TCGA-LUAD,273.9785888241737,0.0010509078541817297,0.2879262508729508
NN,TCGA-LUAD,90.82798103825739,0.004157023493238223,0.3775740510194318
NN,TCGA-LUAD,545.8463174532407,0.0006892542321362947,0.37622688440065755
NN,TCGA-LUAD,240.2020517211112,0.0018893805277714944,0.4538330792526289
NN,TCGA-LUAD,234.93498242070788,0.0013751035297173313,0.3230599235807946
NN,TCGA-LUAD,222.08519134227234,0.0012867527936784079,0.2857687403942727
NN,TCGA-LUAD,499.1296859198896,0.0007206066149580597,0.35967615339581116
NN,TCGA-LUAD,460.93769505961046,0.0009514596379571667,0.43856361246222786
NN,TCGA-LUAD,442.3752873079222,0.0006171154174714625,0.27299661010608656
NN,TCGA-LUAD,159.3922297097311,0.0034861449686337375,0.5556644196418921
NN,TCGA-LUAD,275.24084181710833,0.0019921529764754986,0.5483218622735743
NN,TCGA-LUAD,249.80363444363795,0.002251221346905126,0.5623632743940024
NN,TCGA-LUAD,125.54067230314406,0.00367983351761983,0.46196877376563694
NN,TCGA-LUAD,134.3934507539614,0.0033174494149373346,0.44584347457513873
NN,TCGA-LUAD,290.4908961633137,0.0019871521434066983,0.5772496069510615
NN,TCGA-LUAD,211.76174002514637,0.0025471193647149796,0.5393824287237895
NN,TCGA-LUAD,250.7666177783932,0.0023166933230116833,0.5809493490414264
NN,TCGA-LUAD,120.69934460840261,0.004540749752565911,0.5480655191654717
NN,TCGA-LUAD,102.89577989989814,0.003961917324382275,0.40766457299123193
NN,TCGA-LUAD,155.07661173119303,0.0030383857773785775,0.47118257148811676
NN,TCGA-LUAD,53.861336627270795,0.009485926238341116,0.5109246663447514
NN,TCGA-LUAD,190.6019310166409,0.0027849731853448667,0.5308212669562969
NN,TCGA-LUAD,181.36512460851552,0.003198292719787564,0.5800587576587796
NN,TCGA-LUAD,323.3079006407814,0.0019016496537134554,0.6148183572963661
NN,TCGA-LUAD,190.1702938206492,0.0027599715051485766,0.5248645920707242
NN,TCGA-LUAD,457.3861099952334,0.0012832069314656855,0.58692102670201
NN,TCGA-LUAD,226.94665729065807,0.0015518835525919028,0.3521947847650835
NN,TCGA-LUAD,416.44656778076074,0.0007187293645254324,0.2993123770198636
NN,TCGA-LUAD,502.8006992498477,0.0005525290733715419,0.27781200444708165
NN,TCGA-LUAD,795.56868742434,0.00038039458694797107,0.30263002224152136
NN,TCGA-LUAD,788.0216230960975,0.00036304435921840944,0.28608680520717367
NN,TCGA-LUAD,655.8685596907026,0.0005490282529260463,0.3600903694761088
NN,TCGA-LUAD,750.4241533378636,0.00037475469141549754,0.28122497201486707
NN,TCGA-LUAD,394.63228865102434,0.0008308804401996492,0.3278922497113581
NN,TCGA-LUAD,588.7110935964316,0.0005350309376451429,0.31497864840899625
NN,TCGA-LUAD,608.3269408933802,0.00044714084892252294,0.27200782477350743
NN,TCGA-LUAD,830.7160318388455,0.000295101607800062,0.2451456366209308
NN,TCGA-LUAD,399.1831641560444,0.0008778452839559413,0.35042105808899393
NN,TCGA-LUAD,358.0882365580765,0.0006888317960670419,0.24666256313877963
NN,TCGA-LUAD,426.57784509157443,0.0006520836422725859,0.2781644349401048
NN,TCGA-LUAD,342.0733007941983,0.0004650690198465725,0.15908769471603956
NN,TCGA-LUAD,69.33420620485525,0.003838323991882555,0.2661271471342282
NN,TCGA-LUAD,522.4415825867306,0.0006317990137658517,0.3300780766285672
NN,TCGA-LUAD,227.4058644759858,0.0015452268603823832,0.35139364999676925
NN,TCGA-LUAD,202.30847447164751,0.001492473552642323,0.30194004762434845
NN,TCGA-LUAD,302.78212520019315,0.0009181546252024018,0.27800080868117005
NN,TCGA-LUAD,347.0693336659902,0.0006820294199222777,0.23671149631302676
NN,TCGA-LUAD,481.73824935415723,0.0006313508612366272,0.30414585862037224
NN,TCGA-LUAD,480.2287883640789,0.0005072299900036553,0.24358644352137926
NN,TCGA-LUAD,150.00765450526745,0.003632111093112105,0.54484446598031
NN,TCGA-LUAD,296.8684632016447,0.0017480048053316708,0.5189275002279032
NN,TCGA-LUAD,257.31750150140584,0.002084390694775137,0.5363502057323176
NN,TCGA-LUAD,133.77600957620538,0.003022229063931677,0.40430174419801024
NN,TCGA-LUAD,146.581349940644,0.0030045687698355013,0.4404137462719879
NN,TCGA-LUAD,276.459537547465,0.0020141715350864577,0.5568369311312698
NN,TCGA-LUAD,222.21392365841638,0.0024208468801631385,0.5379458838172871
NN,TCGA-LUAD,276.186125573799,0.0020741161732021405,0.5728421098666538
NN,TCGA-LUAD,117.40173787878445,0.0042632234734414545,0.5005098447476546
NN,TCGA-LUAD,114.7069756675075,0.003684988479315107,0.4226938838318435
NN,TCGA-LUAD,172.43506989146982,0.002727906595708722,0.47038676448843497
NN,TCGA-LUAD,50.424376038510474,0.00897835847415844,0.45272812390951234
NN,TCGA-LUAD,189.7001550309439,0.0026453098290554243,0.5018156846766937
NN,TCGA-LUAD,195.9851897005106,0.0028970629765260932,0.5677814370287922
NN,TCGA-LUAD,322.2606985213681,0.0018784671006584462,0.6053561200076
NN,TCGA-LUAD,211.3543233420313,0.002316325300399683,0.48956536650600246
NN,TCGA-LUAD,542.4727805807651,0.0010515885487826276,0.5704581640850035
NN,TCGA-LUAD,347.6665985143199,0.0008319797470241636,0.28925156868069535
NN,TCGA-LUAD,171.5158999769851,0.0017638656517376275,0.3025310046962706
NN,TCGA-LUAD,271.5765126049928,0.0012522192500799315,0.34007333695354713
NN,TCGA-LUAD,236.69626259719308,0.0012288487378330328,0.2908639035423568
NN,TCGA-LUAD,204.31808517837902,0.001565661991261993,0.3198930600912184
NN,TCGA-LUAD,330.692312499115,0.0011389942008375154,0.3766566261980394
NN,TCGA-LUAD,355.70924146741777,0.0009028533656462944,0.3211532858503486
NN,TCGA-LUAD,293.71074581319823,0.0010766334801756141,0.3162188224298388
NN,TCGA-LUAD,285.5690178938623,0.0014013927540198292,0.4001943524490176
NN,TCGA-LUAD,205.09782524579626,0.0015618793833281695,0.32033806481685295
NN,TCGA-LUAD,320.05411683174026,0.0010489396943380537,0.33571746748112136
NN,TCGA-LUAD,403.0368901721685,0.0008976564391797256,0.36178865969001894
NN,TCGA-LUAD,274.3502670421888,0.0009750898280176047,0.26751615470675183
NN,TCGA-LUAD,210.84076203591988,0.0013771163703790328,0.2903522649428554
NN,TCGA-LUAD,127.23357301593381,0.0024023935572628306,0.3056651160810093
NN,TCGA-LUAD,254.81793058533668,0.0016218919074662023,0.41328713949364204
NN,TCGA-LUAD,487.56124892468824,0.0006278625915237793,0.3061214692764252
NN,TCGA-LUAD,125.6660879552202,0.0030187062953808226,0.3793490108263034
NN,TCGA-LUAD,285.19423671876683,0.00106361748401752,0.30333757651511184
NN,TCGA-LUAD,340.089773946943,0.0009382602977151366,0.31909273255333226
NN,TCGA-LUAD,408.279238689258,0.0010311815499314749,0.4210100181564317
NN,TCGA-LUAD,223.3329992657852,0.0015098563340224225,0.3372007435376708
NN,TCGA-LUAD,160.48337002326573,0.0037003485141323305,0.5938443998085403
NN,TCGA-LUAD,240.7397784974536,0.002296066381354273,0.5527545120626776
NN,TCGA-LUAD,259.9484643968018,0.0022113635860464735,0.5748405684157857
NN,TCGA-LUAD,178.051550816023,0.002364303177835626,0.4209678474128846
NN,TCGA-LUAD,165.2015093078515,0.00286349684556186,0.473054000785091
NN,TCGA-LUAD,209.1214800161333,0.002903212319447575,0.607124057043948
NN,TCGA-LUAD,272.5878938752038,0.0020733810107943203,0.565178562933265
NN,TCGA-LUAD,316.72927820465907,0.0018515743909325111,0.5864478203822855
NN,TCGA-LUAD,164.9848709884058,0.0032702175708864134,0.5395364240367126
NN,TCGA-LUAD,158.76781440697445,0.002616354503532787,0.4153928862397453
NN,TCGA-LUAD,191.0648873359783,0.002545130035590405,0.48628498350549515
NN,TCGA-LUAD,68.41241642197498,0.006895185350433306,0.47171629150054484
NN,TCGA-LUAD,223.06879589760646,0.0022988618310862416,0.5128043405953747
NN,TCGA-LUAD,256.79582204222214,0.0022052996171414807,0.5663117280332443
NN,TCGA-LUAD,286.4596783565722,0.002162604166351119,0.6194988939055246
NN,TCGA-LUAD,230.03373292307785,0.00225537205337576,0.5188116525684132
NN,TCGA-LUAD,318.20399658987657,0.0018837570457799447,0.5994190205715175
NN,TCGA-LUAD,399.6166922941578,0.0007970164711558527,0.3185010859072639
NN,TCGA-LUAD,668.7754276061517,0.0004681643198558678,0.31309679320155115
NN,TCGA-LUAD,635.7061544890679,0.0004386595747633447,0.27885859140261565
NN,TCGA-LUAD,498.25757885027656,0.000635801403328033,0.3167928678518339
NN,TCGA-LUAD,618.2570753171436,0.0006043439813220068,0.3736399423776624
NN,TCGA-LUAD,674.2215627901362,0.0004854804873338594,0.3273214128743516
NN,TCGA-LUAD,724.4472363095789,0.00046681561006920114,0.33818327858080277
NN,TCGA-LUAD,823.8801788479898,0.0004424426179216056,0.36451970318322524
NN,TCGA-LUAD,534.926281150203,0.000651701753119729,0.3486123952154043
NN,TCGA-LUAD,547.624173105299,0.0006707344661823718,0.36731040741634546
NN,TCGA-LUAD,479.1305103752178,0.0006924862446760346,0.3317912878394464
NN,TCGA-LUAD,577.1865920964165,0.0005811832865966343,0.33545120057410627
NN,TCGA-LUAD,492.6411071908011,0.0007101935430386771,0.34987053336233176
NN,TCGA-LUAD,83.46634646762789,0.0038717263114099888,0.3231588497359771
NN,TCGA-LUAD,460.4042911524776,0.000883853763736177,0.406930065575404
NN,TCGA-LUAD,348.2635089684117,0.0010301872160868079,0.3587766147687911
NN,TCGA-LUAD,153.1408082992603,0.002065565449798058,0.3163223625770998
NN,TCGA-LUAD,373.9770342607628,0.0007932685522448887,0.29666422054087244
NN,TCGA-LUAD,559.6236347568731,0.0006331395367284762,0.35431984885227263
NN,TCGA-LUAD,700.0730067964987,0.0005663918865760353,0.3965156710604265
NN,TCGA-LUAD,572.9459925672173,0.0005791328702770254,0.33181185718917183
NN,TCGA-LUAD,142.78592868754328,0.003719234793339896,0.5310543939740602
NN,TCGA-LUAD,234.0644377466409,0.0020083145665674785,0.47007501984200567
NN,TCGA-LUAD,235.91487620050174,0.002212148816802422,0.5218788142530297
NN,TCGA-LUAD,123.44647674792184,0.0030678835633239625,0.3787194169652031
NN,TCGA-LUAD,118.20573075109131,0.003065091049767333,0.36231132735637717
NN,TCGA-LUAD,229.88319436363804,0.0023628575085114373,0.5431812318827163
NN,TCGA-LUAD,228.15228341453195,0.00219142494401983,0.4999786049096871
NN,TCGA-LUAD,275.5112583056891,0.0020884466011264406,0.5753905509805852
NN,TCGA-LUAD,122.89339682816659,0.004088255423946328,0.5024195961499406
NN,TCGA-LUAD,125.35842481778054,0.0029650637727814183,0.37169572404014417
NN,TCGA-LUAD,141.92584165452533,0.002796331460234591,0.3968716960388221
NN,TCGA-LUAD,56.92257842717563,0.008930327255293427,0.5083372535697842
NN,TCGA-LUAD,171.78321043450538,0.0025735945430685496,0.44210033296503937
NN,TCGA-LUAD,192.5903631004795,0.00278691979823624,0.5367338958742325
NN,TCGA-LUAD,286.15937687638944,0.0020665249151219853,0.5913554820108409
NN,TCGA-LUAD,196.2641468241524,0.002350255912780517,0.4612709715402877
NN,TCGA-LUAD,452.53918150716004,0.0012542089003047578,0.5675786691829103
NN,TCGA-LUAD,596.8988484537017,0.0005170438147742709,0.3086228576388713
NN,TCGA-LUAD,461.14415772923525,0.0006525797935365749,0.3009333592415421
NN,TCGA-LUAD,677.8541085806387,0.0004567043361325094,0.30957891065401455
NN,TCGA-LUAD,601.8244373088885,0.0005990671669110529,0.3605332606364744
NN,TCGA-LUAD,538.7290492619815,0.0006542264287544441,0.3524507819649431
NN,TCGA-LUAD,344.27482121743714,0.0009793463056387993,0.33716427428375517
NN,TCGA-LUAD,639.2609417334342,0.0005783395307402539,0.3697098730626871
NN,TCGA-LUAD,680.5963329445295,0.00046704403644831226,0.3178684585303325
NN,TCGA-LUAD,645.3312971212861,0.0005771328126384525,0.3724418665912287
NN,TCGA-LUAD,393.7140102005272,0.000837836729224873,0.329868058556418
NN,TCGA-LUAD,750.3955107218874,0.0003910396615588564,0.29343440654797204
NN,TCGA-LUAD,358.0373701775259,0.0008658269033586432,0.30999838750747943
NN,TCGA-LUAD,77.32223942950036,0.003959062204651009,0.3061235557043109
NN,TCGA-LUAD,639.8909631118981,0.0006368881302374545,0.40753895905218074
NN,TCGA-LUAD,225.26956772175086,0.0016649620984157546,0.37506529218321627
NN,TCGA-LUAD,297.7963641331431,0.000992167735177459,0.2954639441460625
NN,TCGA-LUAD,285.0478983015078,0.0011408162236928067,0.32518726691189737
NN,TCGA-LUAD,507.03725225982527,0.000571938348251997,0.2899940485597156
NN,TCGA-LUAD,428.70477528783385,0.0009880194805236752,0.42356866937790455
NN,TCGA-LUAD,598.0014643223504,0.0005851765458721259,0.3499364313186264
NN,TCGA-LUAD,160.2740042600994,0.003396653919020633,0.5443953246871962
NN,TCGA-LUAD,241.59524290095504,0.0021209120440769573,0.5124022604603335
NN,TCGA-LUAD,252.31481087367538,0.0021311643662230055,0.5377243340042739
NN,TCGA-LUAD,116.03165959443233,0.0034061427239419433,0.39522039307448403
NN,TCGA-LUAD,122.81762204613372,0.003347554838408447,0.41113872492235487
NN,TCGA-LUAD,279.10058045856226,0.001977048687850571,0.5517954363739332
NN,TCGA-LUAD,204.93374490795136,0.0025376863630279176,0.5200575697771501
NN,TCGA-LUAD,249.1045969014508,0.0023351986216290053,0.5817087113257169
NN,TCGA-LUAD,105.77615880594671,0.004257837507604535,0.45037769637429365
NN,TCGA-LUAD,107.85018808000288,0.004058373176136231,0.4376963103451312
NN,TCGA-LUAD,146.85933976710822,0.0029579292491453794,0.43439953660730857
NN,TCGA-LUAD,58.99975403043979,0.008566553669284443,0.5054245593763436
NN,TCGA-LUAD,169.70115163803652,0.002800457756417936,0.4752409063777957
NN,TCGA-LUAD,169.06517331535676,0.0031998579734794433,0.5409845428708283
NN,TCGA-LUAD,288.6822983698124,0.0020653513624108617,0.5962303782419909
NN,TCGA-LUAD,166.52417420815274,0.0028811462018838224,0.47978049204165923
NN,TCGA-LUAD,427.1794729596976,0.001350890792366534,0.5770728167092443
NN,TCGA-LUAD,702.9594658758024,0.0004070425899676868,0.2861344416323883
NN,TCGA-LUAD,748.1350052118559,0.0004334696997066955,0.3242938560492502
NN,TCGA-LUAD,782.1636925299939,0.0004927555647441455,0.38541551203498337
NN,TCGA-LUAD,450.4970336374257,0.0007175971699103084,0.3232753963912057
NN,TCGA-LUAD,758.1347754562624,0.0004371224593665585,0.331397737578755
NN,TCGA-LUAD,851.3551042029576,0.00038174478700493913,0.3250003729195258
NN,TCGA-LUAD,899.6695607497874,0.0003250226510335875,0.2924129856891191
NN,TCGA-LUAD,532.4369769163027,0.0007276072199787424,0.3874049885879568
NN,TCGA-LUAD,592.7752508453693,0.0006267886517552273,0.3715448002712357
NN,TCGA-LUAD,491.8280454241854,0.0004888201364879835,0.24041545229286845
NN,TCGA-LUAD,447.15943748933813,0.0005974258507697512,0.2671446073717912
NN,TCGA-LUAD,84.82585528891705,0.0040166828074549125,0.3407185545666515
NN,TCGA-LUAD,546.6924642068868,0.000693803424479554,0.37929710380390413
NN,TCGA-LUAD,331.55404640078456,0.0012042543270385446,0.3992753950252832
NN,TCGA-LUAD,192.56064811278026,0.0015041534513617432,0.28964076345529255
NN,TCGA-LUAD,246.31093185890796,0.000864584632389116,0.21295664647465454
NN,TCGA-LUAD,564.2504542441959,0.0005576619352845206,0.31466100029898814
NN,TCGA-LUAD,573.9010897769094,0.0006990569201057498,0.4011895282647797
NN,TCGA-LUAD,444.01147527390856,0.0006780409287831328,0.30105795308509
NN,TCGA-LUAD,149.9546636350775,0.003821632910739589,0.5730716776666972
NN,TCGA-LUAD,288.92437402551644,0.001959701193990627,0.566205440750799
NN,TCGA-LUAD,257.8009127739962,0.0022109919686101086,0.5699957476436607
NN,TCGA-LUAD,139.28210835885432,0.0031518161989940365,0.43899160535547976
NN,TCGA-LUAD,149.97028379698313,0.003133583021355069,0.46994433501402755
NN,TCGA-LUAD,274.25639085874195,0.002146252086419855,0.5886233510945542
NN,TCGA-LUAD,215.85484868083267,0.0026017259324084617,0.5615951574490268
NN,TCGA-LUAD,264.7392031491564,0.0022649807029208376,0.5996291864394787
NN,TCGA-LUAD,125.6203490587957,0.0042895318136893625,0.5388524837344667
NN,TCGA-LUAD,115.89156400310604,0.003656731055558755,0.42378428116743294
NN,TCGA-LUAD,167.34263374991477,0.0029021937179022905,0.4856607404062264
NN,TCGA-LUAD,55.642629493583655,0.008758872318084667,0.4873666871767913
NN,TCGA-LUAD,192.0173838158759,0.0027766160175115577,0.5331585435438255
NN,TCGA-LUAD,191.84914413978328,0.003043154021163322,0.5838264944457233
NN,TCGA-LUAD,308.2788199949498,0.002031100437986341,0.6261452463136549
NN,TCGA-LUAD,209.36665557247954,0.002473658675186061,0.517901643851556
NN,TCGA-LUAD,474.7723503246561,0.001284149785482293,0.6096788118223312
NN,TCGA-LUAD,458.1914138632814,0.0006597654072670284,0.3022988447737634
NN,TCGA-LUAD,721.4357201765525,0.0004587718680220503,0.33097441300323016
NN,TCGA-LUAD,491.97873648864345,0.0007707624534306262,0.37919873797168635
NN,TCGA-LUAD,979.7560453288187,0.0002813400434255901,0.2756446083392943
NN,TCGA-LUAD,1153.175098005056,0.0003006007007136408,0.3466452425058412
NN,TCGA-LUAD,702.8845354599113,0.0004051452654278649,0.28477034168404725
NN,TCGA-LUAD,383.94181886384325,0.000869925890428372,0.33400092864781755
NN,TCGA-LUAD,387.3725766700694,0.0006565864564054434,0.2543435874244468
NN,TCGA-LUAD,413.9926333858285,0.0006653042223774793,0.2754310470247635
NN,TCGA-LUAD,636.2611972441196,0.00041549989872540177,0.26436646301783456
NN,TCGA-LUAD,37.38518338235375,0.004093908592110082,0.15305152346662906
NN,TCGA-LUAD,449.06507873533815,0.0007846051825816611,0.352338788092188
NN,TCGA-LUAD,220.44295833659868,0.0013535923118678079,0.29838989360981544
NN,TCGA-LUAD,142.1431286661953,0.0018508563341618407,0.2630865100494091
NN,TCGA-LUAD,366.9484625930746,0.0008573174362201321,0.31459131517521377
NN,TCGA-LUAD,358.543820761275,0.0007447978008108049,0.26704264919730103
NN,TCGA-LUAD,602.2901385867332,0.0006102577424703606,0.3675522202861004
NN,TCGA-LUAD,670.0326639323653,0.00044364047107721204,0.29725360666407386
NN,TCGA-LUAD,139.3495308652933,0.0038329492267329818,0.5341196765757298
NN,TCGA-LUAD,286.2453540253407,0.0018499474976353867,0.5295388763889344
NN,TCGA-LUAD,245.1413326188851,0.002177363254057774,0.5337617296951147
NN,TCGA-LUAD,141.64666397971172,0.002981243322517757,0.4222831711464321
NN,TCGA-LUAD,143.1486795649314,0.0030813886500227084,0.44109671647711723
NN,TCGA-LUAD,244.46973822627479,0.0022599502866925522,0.5524894549921229
NN,TCGA-LUAD,215.2945048474108,0.002361465508071485,0.5084105472744898
NN,TCGA-LUAD,262.69580095579045,0.002142898830145074,0.5629305245521866
NN,TCGA-LUAD,112.85209916773942,0.004288788929628666,0.4839988335959572
NN,TCGA-LUAD,114.09505129809607,0.003395895310055903,0.3874548496037921
NN,TCGA-LUAD,161.0614516773701,0.00277292148412406,0.44661075962038865
NN,TCGA-LUAD,52.62577803619845,0.009010400990787839,0.47417936255834336
NN,TCGA-LUAD,176.1682857552735,0.0027349402655675956,0.4818097382281158
NN,TCGA-LUAD,189.67535437643335,0.0029184334118244207,0.5535548916118205
NN,TCGA-LUAD,284.3441366923529,0.002072639101004382,0.5893427758499055
NN,TCGA-LUAD,202.58640525654204,0.002382135052178432,0.48258817705643375
NN,TCGA-LUAD,532.6232584660423,0.0010217085676234082,0.5441857464902524
NN,TCGA-LUAD,660.234500924227,0.0006156009458353723,0.4064409832420991
NN,TCGA-LUAD,465.81728170658334,0.000749815444823967,0.3492769922895129
NN,TCGA-LUAD,444.2058639562651,0.0007511534968413702,0.3336667880281905
NN,TCGA-LUAD,769.778051364549,0.0005618590578631397,0.43250677070340904
NN,TCGA-LUAD,563.3936901715596,0.0005841630444625338,0.32911377328159974
NN,TCGA-LUAD,617.2172547611307,0.0006216642507350754,0.3837019022218384
NN,TCGA-LUAD,521.7430381313088,0.0008389482722092753,0.43771542037747957
NN,TCGA-LUAD,460.6746053589828,0.000653951824719044,0.30125899877623225
NN,TCGA-LUAD,394.856245027571,0.0008999536785547124,0.3553523302128634
NN,TCGA-LUAD,84.68619853270746,0.00405537100772189,0.3434339542837219
NN,TCGA-LUAD,738.828674939416,0.0005615863370063684,0.4149160892344955
NN,TCGA-LUAD,249.38317883974122,0.001791582527377986,0.4467905458312599
NN,TCGA-LUAD,215.8419582614363,0.0012958231071899737,0.279692997016303
NN,TCGA-LUAD,259.3614942587038,0.0010480753966184485,0.2718304009627444
NN,TCGA-LUAD,596.3634638781147,0.0006300335362799879,0.37572898205531136
NN,TCGA-LUAD,524.5073948886275,0.0009001494343557706,0.47213503482441677
NN,TCGA-LUAD,544.6815551201726,0.0006346303508460774,0.3456714464253022
NN,TCGA-LUAD,180.2227380955666,0.0031772066257492798,0.5726048775879113
NN,TCGA-LUAD,299.70690329629025,0.001880318950387314,0.5635445698299126
NN,TCGA-LUAD,271.6467022781681,0.0020666984454878793,0.5614118173201987
NN,TCGA-LUAD,145.87242848724281,0.0033053667453546856,0.48216187418586187
NN,TCGA-LUAD,158.02948007624863,0.0030909756066481646,0.48846526804697665
NN,TCGA-LUAD,301.5170569180165,0.0018971984461399515,0.5720376918695522
NN,TCGA-LUAD,236.60088303967999,0.002399440033109085,0.5677096306343685
NN,TCGA-LUAD,263.13996628084135,0.0022408018098467875,0.589644512685132
NN,TCGA-LUAD,128.6734753448899,0.003960809291973844,0.5096510967766072
NN,TCGA-LUAD,119.86515396653812,0.0036776271504244825,0.44081934461715144
NN,TCGA-LUAD,169.49921930209578,0.00288383294772147,0.4888074332364508
NN,TCGA-LUAD,58.264839453856275,0.00858780737995411,0.5003672182536683
NN,TCGA-LUAD,206.18482769097375,0.002585452537209954,0.5330810858878252
NN,TCGA-LUAD,191.2231866748235,0.003049241625321513,0.5830857005354979
NN,TCGA-LUAD,324.3482354703152,0.001942642609158747,0.6300927024300887
NN,TCGA-LUAD,200.07154379702772,0.002569432821319204,0.5140703912440856
NN,TCGA-LUAD,479.3535951920093,0.0012337187408418963,0.5913875138783218
NN,TCGA-LUAD,570.0998543185467,0.0006444287627753603,0.3673887437769142
NN,TCGA-LUAD,597.8662868737499,0.0005725538162332281,0.34231062414675545
NN,TCGA-LUAD,640.1746190004119,0.0005362043606843318,0.3432644223074515
NN,TCGA-LUAD,822.7074117410658,0.00044482066364456656,0.3659572568759646
NN,TCGA-LUAD,574.1391200569676,0.0005843544062072313,0.3355007245812316
NN,TCGA-LUAD,767.0955507915768,0.0004452973699565296,0.3415856312728446
NN,TCGA-LUAD,763.9946768624325,0.00044482191288665513,0.33984157359716916
NN,TCGA-LUAD,771.0953982315806,0.00030997473134038975,0.23902008890464504
NN,TCGA-LUAD,94.164448372645,0.003174791562082802,0.298952496141655
NN,TCGA-LUAD,780.7433934217458,0.0003673892110852972,0.28683669936927303
NN,TCGA-LUAD,261.98140823531776,0.0011941332731882216,0.3128407165304997
NN,TCGA-LUAD,261.0642464540069,0.0013598307643828775,0.35500319380859213
NN,TCGA-LUAD,606.5337214584666,0.0005486293087974542,0.33276217636610617
NN,TCGA-LUAD,565.5938029807448,0.0005800751669102517,0.32808691966745956
NN,TCGA-LUAD,746.1389126562186,0.00040278052481322374,0.3005302228232398
NN,TCGA-LUAD,810.0719231001824,0.00037856341565856627,0.3066635941379085
NN,TCGA-LUAD,172.92344779194642,0.0030825500429054672,0.5330451814104258
NN,TCGA-LUAD,322.357389246494,0.00162604265011596,0.5241668634948312
NN,TCGA-LUAD,312.0751100686188,0.0017530659123674618,0.5470882375596193
NN,TCGA-LUAD,200.30113192040474,0.002505993996083796,0.5019534340013226
NN,TCGA-LUAD,170.2948762841526,0.002637892489652305,0.44921957517623456
NN,TCGA-LUAD,302.36722109117585,0.0018534346452789177,0.5604178831670956
NN,TCGA-LUAD,276.071526495708,0.001939232609497508,0.5353669067342322
NN,TCGA-LUAD,334.66341492694977,0.0017389132730165663,0.5819506542095234
NN,TCGA-LUAD,154.2518218294808,0.003515531337766711,0.542277113549147
NN,TCGA-LUAD,135.18590224401342,0.003137211890792095,0.4241068199873767
NN,TCGA-LUAD,202.69720497065958,0.002308589014511111,0.4679445406673717
NN,TCGA-LUAD,68.62351629309161,0.007779602078943749,0.5338636500181657
NN,TCGA-LUAD,228.67507893031419,0.0022021831686091873,0.5035844099007153
NN,TCGA-LUAD,233.02026690431333,0.002448439638753459,0.5705360581214316
NN,TCGA-LUAD,351.82750532295256,0.0017242362585637755,0.6066337414378745
NN,TCGA-LUAD,236.54526934567332,0.002089533099311971,0.49426916978344976
NN,TCGA-LUAD,549.365558142683,0.0010529286573428185,0.5784427395255632
NN,TCGA-LUAD,434.5260061803006,0.0008860092233046297,0.38499404924147085
NN,TCGA-LUAD,447.8602829293563,0.0007917020677157212,0.35457191204291927
NN,TCGA-LUAD,362.961530502686,0.0008590165235768383,0.3117899521245459
NN,TCGA-LUAD,811.7239431118114,0.0004481313855870459,0.3637589753408765
NN,TCGA-LUAD,488.79341465399057,0.0005858025439059417,0.2863364257487795
NN,TCGA-LUAD,886.0608803596406,0.00037330929375333237,0.33077476146951335
NN,TCGA-LUAD,284.42076375745796,0.000942899922690656,0.26818031615852445
NN,TCGA-LUAD,87.56250259330373,0.0029320823796370704,0.25674047097075114
NN,TCGA-LUAD,501.4846082042945,0.0008106553358571031,0.4065311734910201
NN,TCGA-LUAD,379.8145550837589,0.0009509014872381123,0.36116622530382825
NN,TCGA-LUAD,180.31941717394366,0.0016268447687489028,0.2933517005332813
NN,TCGA-LUAD,320.06773651184574,0.0009338253475985321,0.2988873653032497
NN,TCGA-LUAD,666.2868463763704,0.00042972749070061765,0.28632177458014557
NN,TCGA-LUAD,540.3276654988643,0.0006660560965521172,0.35988853574129165
NN,TCGA-LUAD,527.3510804932469,0.0006548158992049837,0.3453178719699052
NN,TCGA-LUAD,172.757604561581,0.0034147246254871083,0.5899196465365946
NN,TCGA-LUAD,258.0742158632332,0.00222760467048854,0.5748873285896059
NN,TCGA-LUAD,254.64754759204968,0.002285773810942306,0.5820666953065916
NN,TCGA-LUAD,146.5184284184544,0.0030021136811326336,0.4398649784930944
NN,TCGA-LUAD,147.9684113089541,0.003221780915566837,0.4767218036619324
NN,TCGA-LUAD,257.0315525121461,0.00235903196772388,0.6063456490898518
NN,TCGA-LUAD,265.47716822063876,0.0021454752871522716,0.5695747037205469
NN,TCGA-LUAD,297.71539060598747,0.0020517494577815517,0.6108373912490577
NN,TCGA-LUAD,129.19487684825563,0.0037950145650353395,0.49029643936707706
NN,TCGA-LUAD,150.34795709807102,0.00324205369357966,0.48743614963195736
NN,TCGA-LUAD,170.9469194686569,0.0028171387605151,0.4815811928258067
NN,TCGA-LUAD,61.50870266314246,0.008232920919594926,0.5063962848925296
NN,TCGA-LUAD,223.79000164819965,0.00238126041432861,0.5329022720473923
NN,TCGA-LUAD,214.10283693607906,0.0027167238030790563,0.5816582734109997
NN,TCGA-LUAD,300.77548110545007,0.0021082960682091796,0.6341237642283448
NN,TCGA-LUAD,218.66203855188118,0.0025844015142098397,0.5651105035336921
NN,TCGA-LUAD,382.35922816822557,0.0015681788391777858,0.5996076505777621
NN,TCGA-LUAD,905.9125171752798,0.0004063578993116553,0.36812470743948056
NN,TCGA-LUAD,526.3712952140678,0.0005349072324764635,0.28155981277800857
NN,TCGA-LUAD,333.87825996118596,0.001046217668619564,0.34930933473934866
NN,TCGA-LUAD,403.99449130040614,0.000683568828645066,0.27615804119727794
NN,TCGA-LUAD,357.5209576944745,0.0008113373756507215,0.29007011555596757
NN,TCGA-LUAD,757.8773750719215,0.0003995581791601408,0.30281610401040404
NN,TCGA-LUAD,63.97204430067146,0.004168803039470925,0.26668685272180787
NN,TCGA-LUAD,380.66019309598386,0.0009682429167760402,0.3685715356637861
NN,TCGA-LUAD,261.67947784150016,0.0013280628502753311,0.3475267932007431
NN,TCGA-LUAD,156.84719318479455,0.0022505060018906168,0.3529855496420772
NN,TCGA-LUAD,386.378079589489,0.0006869545574554266,0.265424182674875
NN,TCGA-LUAD,377.33413318175366,0.0008494281437308134,0.32051823231485255
NN,TCGA-LUAD,647.1197869043567,0.000600126174012419,0.3883535218426435
NN,TCGA-LUAD,463.02739935900206,0.0006874148571523928,0.31829191358801234
NN,TCGA-LUAD,155.93572761588248,0.003922474184543303,0.6116538660212752
NN,TCGA-LUAD,332.00152231300194,0.001748346200941847,0.5804536002428468
NN,TCGA-LUAD,262.47366534924515,0.0021583376187313793,0.5665067858495867
NN,TCGA-LUAD,171.2756657828552,0.002811945622738419,0.48161785867970813
NN,TCGA-LUAD,144.4510297180073,0.0029579812069679616,0.42728343123303614
NN,TCGA-LUAD,262.40765252169774,0.002272142746296751,0.5962276442499339
NN,TCGA-LUAD,242.6029260305443,0.0023491058735362544,0.5698999584754331
NN,TCGA-LUAD,280.555791612138,0.0021384902380066836,0.5999658215787946
NN,TCGA-LUAD,130.4119419764391,0.004149707347067125,0.541171393764921
NN,TCGA-LUAD,140.33716168675554,0.003117246777722959,0.43746556506282464
NN,TCGA-LUAD,176.06542866268387,0.002720003425708343,0.478898569111308
NN,TCGA-LUAD,57.19087997387663,0.008859788046613548,0.5066990747678624
NN,TCGA-LUAD,210.43856705335784,0.002634567614390719,0.5544146335775663
NN,TCGA-LUAD,217.85150104466015,0.0027379979630497873,0.5964769661076181
NN,TCGA-LUAD,306.7358099835513,0.0020500325069871157,0.6288183815233033
NN,TCGA-LUAD,255.72793127546598,0.0021304024277069263,0.5448034056217227
NN,TCGA-LUAD,557.9193410805667,0.0010372239898181696,0.5786873249523096
NN,TCGA-LUAD,809.4077396812919,0.000355088397091797,0.2874112968771244
NN,TCGA-LUAD,431.8863001268838,0.0008664815267533247,0.37422150071778687
NN,TCGA-LUAD,326.73802635705647,0.0008226188016729854,0.2687808437028381
NN,TCGA-LUAD,510.5201612203826,0.0006449914278752458,0.32928112774463525
NN,TCGA-LUAD,586.6889861738807,0.0004871773413642756,0.28582158049189343
NN,TCGA-LUAD,67.68473117931238,0.004482629368856024,0.3034055638075107
NN,TCGA-LUAD,482.0140556998241,0.0007452688820968765,0.3592300764463895
NN,TCGA-LUAD,258.3055117168483,0.0014265904084263003,0.36849616545890307
NN,TCGA-LUAD,185.9515594442606,0.001793299864549298,0.33346690636412324
NN,TCGA-LUAD,419.95118072056823,0.0008138122523153944,0.34176141624471484
NN,TCGA-LUAD,385.9480190171706,0.0008144919757578184,0.31435156454911134
NN,TCGA-LUAD,340.0417109338445,0.000789876467838203,0.26859094555008434
NN,TCGA-LUAD,569.0836998631725,0.0005426170308351305,0.3087945075164252
NN,TCGA-LUAD,144.32950430664891,0.003745718276095297,0.5406176620611898
NN,TCGA-LUAD,287.2917479362446,0.001794606229978154,0.5155755606676979
NN,TCGA-LUAD,250.75277240270373,0.002133802261069172,0.5350568327222527
NN,TCGA-LUAD,137.12046198250636,0.0030936384040146205,0.42420112716530844
NN,TCGA-LUAD,136.2341117925108,0.003094337112739308,0.4215542681406419
NN,TCGA-LUAD,264.40883918711376,0.002071041904987086,0.5476017860055042
NN,TCGA-LUAD,202.8928172211627,0.0023573623176654,0.4782918818421425
NN,TCGA-LUAD,255.68979410963937,0.0022123345575358997,0.5656713675179943
NN,TCGA-LUAD,118.20980983455644,0.0042530552389300515,0.5027528510097854
NN,TCGA-LUAD,115.13463634871216,0.003443307533285961,0.3964439606816602
NN,TCGA-LUAD,163.75856026403642,0.002822865056057155,0.46226831739957813
NN,TCGA-LUAD,49.96066752529422,0.009121452509385439,0.45571385616916654
NN,TCGA-LUAD,175.27711296218104,0.0027586324533355228,0.48352513214442905
NN,TCGA-LUAD,179.71552510928572,0.0029965348662128986,0.5385238369897343
NN,TCGA-LUAD,293.96041625613924,0.0020085110376414747,0.590422740680138
NN,TCGA-LUAD,204.7992719870564,0.0023702170107411423,0.4854187182511229
NN,TCGA-LUAD,607.2207949441791,0.0009877004214542844,0.5997522350821713
NN,TCGA-LUAD,372.97588884302604,0.0008726539518488824,0.3254788833432162
NN,TCGA-LUAD,277.0771673926498,0.0008046907165441901,0.22296142436722588
NN,TCGA-LUAD,474.46263356855997,0.0006123862895230523,0.290554411688386
NN,TCGA-LUAD,602.8543575850412,0.00046868650843153006,0.28254970394926604
NN,TCGA-LUAD,62.60557959733375,0.004509597877855419,0.2823259888940448
NN,TCGA-LUAD,465.66942057416907,0.0007160766057716969,0.33345497809642377
NN,TCGA-LUAD,208.96584469753978,0.001545114114132448,0.3228760760137779
NN,TCGA-LUAD,198.0766583678435,0.0016695319708830024,0.3306953138307849
NN,TCGA-LUAD,374.3820029987606,0.0007439803422717246,0.2785328507313917
NN,TCGA-LUAD,334.2184832497036,0.0007556457416248224,0.25255077363994555
NN,TCGA-LUAD,352.62721669371786,0.0007388492869121928,0.2605383675999847
NN,TCGA-LUAD,531.9500216720525,0.0005808009204336601,0.3089570622118335
NN,TCGA-LUAD,138.5523258410217,0.0038590974584282087,0.534686928512404
NN,TCGA-LUAD,305.26911403925243,0.0017217993661989156,0.5256121670728893
NN,TCGA-LUAD,248.51597334459927,0.001995568947578189,0.4959307593836513
NN,TCGA-LUAD,124.69115001667677,0.0032299439834459166,0.40274542978531735
NN,TCGA-LUAD,127.68130259404322,0.0030636389996497784,0.3911694181531952
NN,TCGA-LUAD,278.60891371773215,0.0020025604515125283,0.5579311920499967
NN,TCGA-LUAD,210.079899341087,0.00250336065862771,0.5259057551789467
NN,TCGA-LUAD,258.4508605868222,0.0021715656930325396,0.5612430221850788
NN,TCGA-LUAD,106.6359824956092,0.004616205221514215,0.4922535791975296
NN,TCGA-LUAD,109.58180361018127,0.003785101671932883,0.41477826805831797
NN,TCGA-LUAD,150.76164530343507,0.0027815319976479697,0.41934834042955843
NN,TCGA-LUAD,47.99334988348475,0.009298256185118533,0.4462544623986699
NN,TCGA-LUAD,171.4866748035967,0.0028062885914352897,0.481241099084507
NN,TCGA-LUAD,180.5350026568495,0.00300511983750863,0.5425293178487717
NN,TCGA-LUAD,317.9520915056859,0.00184955365513277,0.5880694530014503
NN,TCGA-LUAD,198.63925834563534,0.002434906412515308,0.4836680039230724
NN,TCGA-LUAD,552.3503195039825,0.000941559251724363,0.5200705535218826
NN,TCGA-LUAD,583.1707895905312,0.0005423407216389646,0.31627726686529345
NN,TCGA-LUAD,607.8575029083484,0.0004185697767453442,0.25443077928532976
NN,TCGA-LUAD,285.9221060081469,0.0010196901772233685,0.29155196294752606
NN,TCGA-LUAD,90.4888437961209,0.003180642204419313,0.2878126356070489
NN,TCGA-LUAD,472.31221418402373,0.0006416357060307696,0.30305238101492216
NN,TCGA-LUAD,270.85453567889635,0.0011408904729454591,0.3090153593101188
NN,TCGA-LUAD,259.14267260348913,0.0014761722465458874,0.38253922119299794
NN,TCGA-LUAD,374.1243561768586,0.0009095756064544656,0.34029438815895263
NN,TCGA-LUAD,634.9007765056708,0.0005108040102973443,0.3243098627799945
NN,TCGA-LUAD,514.0059425683669,0.0006500091201237576,0.33410855046724686
NN,TCGA-LUAD,516.2745422479848,0.0006729911162888269,0.3474481804989744
NN,TCGA-LUAD,187.87122694756414,0.003047929544621002,0.5726182631976781
NN,TCGA-LUAD,271.28566048037777,0.002119596325660113,0.5750160891584857
NN,TCGA-LUAD,285.24149038629935,0.0020531535212808386,0.585644570402025
NN,TCGA-LUAD,155.04697027349516,0.0029524688677647144,0.4577713527737356
NN,TCGA-LUAD,152.74603302167029,0.0029753827915967365,0.4544779181373446
NN,TCGA-LUAD,289.6427581242626,0.0020337636262195763,0.58906490607104
NN,TCGA-LUAD,274.3300731701707,0.0019857708432914098,0.544756660739324
NN,TCGA-LUAD,308.6890150377907,0.001958406453107582,0.6045385590534327
NN,TCGA-LUAD,143.79447800635492,0.0037034159895042522,0.5325307690511524
NN,TCGA-LUAD,130.62301275745378,0.0032214507563505784,0.4207956032442907
NN,TCGA-LUAD,188.0050486306219,0.0026197756337805246,0.4925310454302258
NN,TCGA-LUAD,62.74087667622736,0.007892212331783973,0.495164320611059
NN,TCGA-LUAD,231.56827587570146,0.0023226937564426757,0.5378621885666869
NN,TCGA-LUAD,230.42290130225135,0.0026148727850943327,0.6025265736777345
NN,TCGA-LUAD,332.38484654293086,0.001896331516032104,0.6303118599508544
NN,TCGA-LUAD,215.31911027991782,0.0025253182331697347,0.5437492751397613
NN,TCGA-LUAD,379.63508724786453,0.0016451007795423534,0.6245379779730913
NN,TCGA-LUAD,481.1846828171192,0.00044584411830263053,0.21453336065132944
NN,TCGA-LUAD,247.80197801094272,0.0006102636085223735,0.15122452929993976
NN,TCGA-LUAD,144.30950138930962,0.0024876855565338658,0.3589966622767894
NN,TCGA-LUAD,390.914262688898,0.0008064486978878395,0.31525229813124667
NN,TCGA-LUAD,376.4665670911706,0.0009398233600656956,0.35381207403602155
NN,TCGA-LUAD,234.19483666006852,0.0017974817307384943,0.42096094032975895
NN,TCGA-LUAD,230.70122664689737,0.0007737144479586139,0.17849687221847926
NN,TCGA-LUAD,586.0791004528821,0.0004957785013593283,0.29056541810055314
NN,TCGA-LUAD,711.6778258602567,0.0004008999824767797,0.28531162791648956
NN,TCGA-LUAD,335.19039079970594,0.000719066018660554,0.24102401980561972
NN,TCGA-LUAD,194.40807668954727,0.003145899875987985,0.6115883443487095
NN,TCGA-LUAD,319.6285806085302,0.0019166452882720805,0.6126146130204323
NN,TCGA-LUAD,317.1269251089498,0.0019108474691025025,0.6059811822286956
NN,TCGA-LUAD,235.5528560081275,0.0022504669126796857,0.5301039086334932
NN,TCGA-LUAD,209.45875674005788,0.0025844939844531078,0.5413448967857064
NN,TCGA-LUAD,294.13794591588317,0.002140747556159294,0.6296750888931415
NN,TCGA-LUAD,300.46701413359546,0.0020262062931485783,0.608808154921054
NN,TCGA-LUAD,365.45536255750835,0.0016926216422714214,0.6185776559489875
NN,TCGA-LUAD,172.544168609781,0.003245024130503086,0.5599099907163325
NN,TCGA-LUAD,181.2778131416125,0.002890081388787257,0.5239076339606283
NN,TCGA-LUAD,254.98556998310812,0.002207497434274574,0.562879991514751
NN,TCGA-LUAD,74.52955187597775,0.006873296065901351,0.5122636757025485
NN,TCGA-LUAD,274.7145239279105,0.0021033533352678765,0.5778217101502974
NN,TCGA-LUAD,274.9804312752826,0.002202708807159166,0.6057018177664909
NN,TCGA-LUAD,345.0275756049422,0.0018584940794693363,0.6412317065154438
NN,TCGA-LUAD,277.8847512432121,0.00208876603947109,0.5804362312836933
NN,TCGA-LUAD,400.7115643411301,0.0015789453106478417,0.6327016454387883
NN,TCGA-LUAD,453.5263294803416,0.0006347588128275128,0.28787983448696103
NN,TCGA-LUAD,67.66631275024417,0.0028687810967534047,0.19411983890490436
NN,TCGA-LUAD,399.8720219035261,0.0006809749297403974,0.27230282202090433
NN,TCGA-LUAD,211.6854592608688,0.0009125454718806586,0.19317260731148347
NN,TCGA-LUAD,190.87346910291382,0.001188361543363704,0.22682669033032293
NN,TCGA-LUAD,453.84015873404036,0.0007368840784840427,0.334427587147785
NN,TCGA-LUAD,601.8986305287332,0.0003317242778543551,0.1996643885536693
NN,TCGA-LUAD,413.4174576572557,0.0006841422061333693,0.28283633153568366
NN,TCGA-LUAD,513.3071719301048,0.0006044452691546236,0.3102660916962908
NN,TCGA-LUAD,155.26928299807298,0.0031434992491592845,0.48808887452194283
NN,TCGA-LUAD,216.22178352835687,0.0019633632157859825,0.42452189623121533
NN,TCGA-LUAD,243.15676798849427,0.0018806090109603412,0.4572828089551554
NN,TCGA-LUAD,106.22040249005767,0.002588714348879402,0.27497428006975766
NN,TCGA-LUAD,124.60999072164381,0.0028789566096572234,0.3587467564174017
NN,TCGA-LUAD,242.87340009483532,0.0019710210460568665,0.4787085831143102
NN,TCGA-LUAD,221.2007874817023,0.0020414232187434284,0.45156442356947774
NN,TCGA-LUAD,280.74954968883645,0.0018308111094857762,0.5139993945534508
NN,TCGA-LUAD,96.23029171470337,0.0034580982968871353,0.33277380788756794
NN,TCGA-LUAD,82.60017736686987,0.003205951228853294,0.2648121401328165
NN,TCGA-LUAD,120.12528393785611,0.002493973017862904,0.2995892169041332
NN,TCGA-LUAD,48.61275032411322,0.007369097989050503,0.3582321206556369
NN,TCGA-LUAD,169.6231617076339,0.002201081050781504,0.37335432700831983
NN,TCGA-LUAD,178.89060034903892,0.002510406758164457,0.4490881720883243
NN,TCGA-LUAD,293.8156480312692,0.0018521966063699121,0.5442043461818933
NN,TCGA-LUAD,152.14225479759142,0.0023483013857232772,0.3572758677682479
NN,TCGA-LUAD,364.4861876397779,0.001380870568367065,0.5033082490880848
NN,TCGA-LUAD,33.98879983193259,0.0039049723195825484,0.13272532251952873
NN,TCGA-LUAD,392.9098976309416,0.0007089834129353268,0.27856660019845486
NN,TCGA-LUAD,179.09352015977223,0.0014377159723937979,0.25748561448593515
NN,TCGA-LUAD,126.17287882834314,0.0019215072076345405,0.24244209607666087
NN,TCGA-LUAD,665.3758841625662,0.00047022967102750707,0.31287948311940017
NN,TCGA-LUAD,224.76572838906384,0.0008554337556423192,0.19227219117553832
NN,TCGA-LUAD,314.48177801841194,0.0005063805832887398,0.15924746618664343
NN,TCGA-LUAD,517.599446709712,0.0004732887632881283,0.24497400201185904
NN,TCGA-LUAD,145.31873796411105,0.0036166950529134064,0.52557356069042
NN,TCGA-LUAD,304.7743408955796,0.00160379255265932,0.4887948181699834
NN,TCGA-LUAD,259.6694709896431,0.0018990253382952043,0.49311890499104377
NN,TCGA-LUAD,154.52398573035626,0.0025303608315321723,0.39100144102432977
NN,TCGA-LUAD,150.96131153102087,0.002738326354077562,0.4133813378115074
NN,TCGA-LUAD,261.61551856807347,0.0019975872358165424,0.5225998205831092
NN,TCGA-LUAD,228.2231112586128,0.0021355677545031038,0.48738591723626773
NN,TCGA-LUAD,280.78076620709174,0.0018840157780014755,0.5289953936935043
NN,TCGA-LUAD,113.90461100615312,0.00389427292657237,0.44357564285301926
NN,TCGA-LUAD,138.7858471017518,0.0030740705188071005,0.4266374810031651
NN,TCGA-LUAD,185.05239872882584,0.002439002361288016,0.45134323746161764
NN,TCGA-LUAD,49.34169691449552,0.008381640535296244,0.4135643669388373
NN,TCGA-LUAD,189.63521693909894,0.002349660256379119,0.44557833245163303
NN,TCGA-LUAD,196.42610152001083,0.002516747355913006,0.4943548716327869
NN,TCGA-LUAD,301.4065227214839,0.0018419961931084926,0.5551896674310417
NN,TCGA-LUAD,222.42279866287973,0.0020079628669599555,0.44661672048037293
NN,TCGA-LUAD,557.0910106229283,0.0009872609162237026,0.5499941815675806
NN,TCGA-LUAD,72.36705833842288,0.0036302022724599052,0.26270705963138125
NN,TCGA-LUAD,130.84454882542224,0.0025536499944788776,0.33413118138563075
NN,TCGA-LUAD,104.29779063603586,0.004044355082635844,0.42181729966654075
NN,TCGA-LUAD,64.1015279836664,0.00372922082002678,0.23904875275221799
NN,TCGA-LUAD,86.26775459458798,0.0026714581194304176,0.2304606934567428
NN,TCGA-LUAD,117.58832388828003,0.0033579070446231613,0.3948506611498855
NN,TCGA-LUAD,57.846159222799216,0.0038941476075528645,0.22526148254358563
NN,TCGA-LUAD,151.7956814293856,0.004255025383469675,0.6458944775831121
NN,TCGA-LUAD,134.24126554769146,0.004853213157464635,0.6515014762307603
NN,TCGA-LUAD,159.19605991743484,0.004063058219823858,0.6468228598111051
NN,TCGA-LUAD,193.50046969290744,0.0029749202726965856,0.5756484700657416
NN,TCGA-LUAD,131.4502075771943,0.00456377928963988,0.5999097349596626
NN,TCGA-LUAD,132.34327472307737,0.00494699131683848,0.6547010308970334
NN,TCGA-LUAD,163.51381334420878,0.003880438193670874,0.634505246493638
NN,TCGA-LUAD,189.26150135429097,0.003367384704965362,0.6373162848992205
NN,TCGA-LUAD,201.40148050825835,0.0029777643697094236,0.5997261526642187
NN,TCGA-LUAD,119.32887776991574,0.004717014029683576,0.5628759905870891
NN,TCGA-LUAD,151.2033224484523,0.00397285956050274,0.6007095651691123
NN,TCGA-LUAD,137.519437324418,0.004258353648751826,0.5856063977047334
NN,TCGA-LUAD,176.0543309387419,0.0035261191025726902,0.620788539413752
NN,TCGA-LUAD,183.25066217867095,0.00354141209646854,0.6489661117254153
NN,TCGA-LUAD,150.00165757954096,0.0043771298507265435,0.6565767330498702
NN,TCGA-LUAD,147.1878515010014,0.004274124017959119,0.6290991312522303
NN,TCGA-LUAD,130.2847147251782,0.00484871050754803,0.631712865260869
NN,TCGA-LUAD,214.7771516081826,0.0016324397031246345,0.35061074960921623
NN,TCGA-LUAD,243.4264867688745,0.0010714190933762456,0.26081178575767217
NN,TCGA-LUAD,360.33496892173054,0.0008912945299291226,0.3211645867421188
NN,TCGA-LUAD,370.7343638621569,0.0008268203031717733,0.3065306991247031
NN,TCGA-LUAD,409.0636915968615,0.0007342698723772729,0.3003631446230036
NN,TCGA-LUAD,534.1211340835845,0.0005739878889442292,0.30657906219313424
NN,TCGA-LUAD,184.55972053725097,0.0030680907431872785,0.5662459701455708
NN,TCGA-LUAD,275.5622590542699,0.0020279934378341358,0.5588384530768095
NN,TCGA-LUAD,238.46257297869792,0.0022982181642180713,0.548039016705821
NN,TCGA-LUAD,156.3494917541672,0.003196777950397397,0.4998146077955613
NN,TCGA-LUAD,147.7302894713168,0.003307273691172381,0.4885844997577663
NN,TCGA-LUAD,293.1625538552692,0.0019507379317239275,0.5718833139665324
NN,TCGA-LUAD,249.63473029419345,0.0021455126072422942,0.5355944610517219
NN,TCGA-LUAD,254.97002975909675,0.002293772239141425,0.5848431760744791
NN,TCGA-LUAD,132.97966811854658,0.0037596804299405316,0.4999610558052864
NN,TCGA-LUAD,111.8068109550328,0.0037749367198242,0.42206363620059595
NN,TCGA-LUAD,174.19653233861501,0.002948578788417488,0.5136322002695212
NN,TCGA-LUAD,50.86999254666549,0.008654478743626017,0.4402532691835304
NN,TCGA-LUAD,208.69653875904223,0.0025673769031536054,0.5358026733780662
NN,TCGA-LUAD,186.28818575923086,0.00311171273716584,0.5796753204105147
NN,TCGA-LUAD,280.89168480576285,0.002144890239687918,0.6024818331493758
NN,TCGA-LUAD,203.4081515952414,0.002594815243387582,0.5278065723886245
NN,TCGA-LUAD,444.5178819222337,0.0013725140520963047,0.6101070393463517
NN,TCGA-LUAD,167.41411811054184,0.0028204737907418223,0.4721871323309391
NN,TCGA-LUAD,258.1059241436897,0.0013200742092064088,0.34071897370547055
NN,TCGA-LUAD,362.61466817441016,0.0008743379755916857,0.31704777489146463
NN,TCGA-LUAD,288.3639650457714,0.0012272076413782135,0.35388246140229074
NN,TCGA-LUAD,187.30872701325083,0.0016968579981455562,0.3178363115548973
NN,TCGA-LUAD,152.5837420440695,0.004095972373952668,0.6249787921268289
NN,TCGA-LUAD,229.88875653014168,0.0026754100164223847,0.615046681883628
NN,TCGA-LUAD,225.54130513057956,0.0026573027506209433,0.5993315305021265
NN,TCGA-LUAD,189.45982631096723,0.002746998245134054,0.5204458103996297
NN,TCGA-LUAD,160.87235135103347,0.0032546543764606175,0.5235839023761513
NN,TCGA-LUAD,217.41333433858475,0.002973738504969756,0.6465304038165127
NN,TCGA-LUAD,242.85966415029304,0.002521827710647773,0.6124502308528206
NN,TCGA-LUAD,282.09258791552315,0.002217523151923963,0.6255468446888185
NN,TCGA-LUAD,158.88097994742787,0.003722551762512099,0.5914426719329471
NN,TCGA-LUAD,153.69741277774165,0.003137196664573627,0.4821790107199271
NN,TCGA-LUAD,180.9049851209132,0.0029119060692569957,0.5267783241324336
NN,TCGA-LUAD,75.05335488060898,0.007426345210650875,0.557372122560891
NN,TCGA-LUAD,212.09111499553538,0.0027578807258622014,0.5849219981728108
NN,TCGA-LUAD,229.3937994863613,0.002681244953163573,0.6150609671598228
NN,TCGA-LUAD,267.30982031192326,0.0024251574745786995,0.6482684087577497
NN,TCGA-LUAD,220.22006510873703,0.0025522401576715875,0.5620544936955703
NN,TCGA-LUAD,271.0167335437193,0.0022878196258126456,0.6200374019249574
NN,TCGA-LUAD,127.3474350767559,0.002371157881223894,0.3019608743358979
NN,TCGA-LUAD,195.35414902882295,0.0014760032174596048,0.2883433525106258
NN,TCGA-LUAD,206.67766988623998,0.002076557033994203,0.4291779691718035
NN,TCGA-LUAD,221.0604791606896,0.0014790267458991227,0.32695436113993553
NN,TCGA-LUAD,166.35515922445285,0.003755003331204941,0.6246641770509488
NN,TCGA-LUAD,188.20506757097746,0.003297633433573299,0.6206313231899772
NN,TCGA-LUAD,192.5689847175937,0.0033296222631960704,0.6411819787167639
NN,TCGA-LUAD,133.84462170254952,0.004241800218474613,0.5677421455795265
NN,TCGA-LUAD,129.21689733923463,0.00456528082228835,0.5899114233384104
NN,TCGA-LUAD,228.28835296340594,0.0027895011036455208,0.636810612540839
NN,TCGA-LUAD,176.65535686514448,0.0034685682098981128,0.6127411549306465
NN,TCGA-LUAD,180.91491183716025,0.003461965259387177,0.6263211396853428
NN,TCGA-LUAD,130.9117075479372,0.004523888397573355,0.5922299548826293
NN,TCGA-LUAD,100.3832837927885,0.0054780352613410955,0.5499031682661055
NN,TCGA-LUAD,143.4130405064017,0.004156309594689202,0.5960689962603085
NN,TCGA-LUAD,68.03544411760417,0.008591480699893256,0.5845252050450624
NN,TCGA-LUAD,164.11407125314363,0.0036248544951041134,0.5948896288917944
NN,TCGA-LUAD,143.75059209460295,0.004397303549835604,0.6321149889085674
NN,TCGA-LUAD,192.47883464947583,0.003319336089258329,0.6389019422703917
NN,TCGA-LUAD,150.7306963438817,0.0040778144215436445,0.6146518073203967
NN,TCGA-LUAD,239.42108630416132,0.002611299528170994,0.6252001697002433
NN,TCGA-LUAD,264.8008230252134,0.000863165211746672,0.22856685847725133
NN,TCGA-LUAD,325.94228450379336,0.000657744185178655,0.2143866423362169
NN,TCGA-LUAD,377.44894565946134,0.0008419280948783914,0.3177848717329278
NN,TCGA-LUAD,130.11413259524957,0.003560842824885456,0.4633159754679893
NN,TCGA-LUAD,267.75637142212236,0.0016198319498660898,0.43372032520976544
NN,TCGA-LUAD,258.8870689116873,0.001791032542329026,0.46367516520900914
NN,TCGA-LUAD,138.05720550710268,0.0024767533038872157,0.34193363986515285
NN,TCGA-LUAD,143.11449711162243,0.002688298464923967,0.38473448289354006
NN,TCGA-LUAD,239.60422531774094,0.0020501296994293403,0.49121973843266015
NN,TCGA-LUAD,227.61833887530494,0.0019808519062994518,0.4508782204698624
NN,TCGA-LUAD,275.55726949090473,0.001779965453252976,0.4904824200865307
NN,TCGA-LUAD,109.26390139309942,0.003743822575003367,0.40906466066842745
NN,TCGA-LUAD,125.73866097354936,0.0028256931307968844,0.3552988705885567
NN,TCGA-LUAD,161.63645749226436,0.002377515385419181,0.38429316453251194
NN,TCGA-LUAD,47.55730466909974,0.008092679739817768,0.3848660359759644
NN,TCGA-LUAD,168.57274141933573,0.0022498513240817725,0.3792636054863867
NN,TCGA-LUAD,194.47588236346047,0.002294980337778239,0.44631832619621553
NN,TCGA-LUAD,298.468526070244,0.0017232545712785791,0.5143372519333278
NN,TCGA-LUAD,215.27725697781568,0.0019325786885587234,0.41604023896670633
NN,TCGA-LUAD,418.4914756554676,0.0011221224617909027,0.4695986849010209
NN,TCGA-LUAD,482.22836025644557,0.0006535572072602785,0.31516382039090607
NN,TCGA-LUAD,394.4193649692393,0.0007440322127089049,0.2934607128533043
NN,TCGA-LUAD,175.4602241645536,0.003235263783498852,0.5676601086841704
NN,TCGA-LUAD,280.5306238765368,0.00195911472488522,0.5495916760177606
NN,TCGA-LUAD,297.9441409067469,0.001916095737189905,0.5708894983121261
NN,TCGA-LUAD,167.2735817232924,0.00262484219481176,0.43906675538459117
NN,TCGA-LUAD,179.60629393926783,0.0028185000326183284,0.5062203453262835
NN,TCGA-LUAD,273.3877165972336,0.0020991632728786015,0.5738854539370564
NN,TCGA-LUAD,247.2674316728213,0.0022481783479824827,0.5559012860480748
NN,TCGA-LUAD,312.2105033437399,0.0018432186749161353,0.5754722302681479
NN,TCGA-LUAD,139.99272264542577,0.0035270152657742478,0.49375646986771693
NN,TCGA-LUAD,149.1665532930193,0.0031985639763341027,0.47711876383697266
NN,TCGA-LUAD,196.752023364335,0.002456697962359537,0.4833602948892778
NN,TCGA-LUAD,62.29545243662153,0.007274124497001313,0.45314487662100883
NN,TCGA-LUAD,237.2147005488993,0.0022022625926796506,0.5224090614525458
NN,TCGA-LUAD,234.56940271083477,0.0024027341515157246,0.5636079147939679
NN,TCGA-LUAD,339.07974756235035,0.0018210354584986214,0.6174762435698015
NN,TCGA-LUAD,226.9010954073375,0.0023674616510887562,0.5371796419669026
NN,TCGA-LUAD,396.9748465798837,0.0015103716768099852,0.5995795646802455
NN,TCGA-LUAD,573.1511410179342,0.0004569190763775324,0.2618836899786433
NN,TCGA-LUAD,175.48422062839944,0.0034274416185553084,0.6014619211815182
NN,TCGA-LUAD,317.21336561877206,0.001818216081370253,0.5767624425936331
NN,TCGA-LUAD,294.58691909694267,0.0020140335891671145,0.5933079499904979
NN,TCGA-LUAD,197.7528656143092,0.00263764305619254,0.5216014728297592
NN,TCGA-LUAD,192.19155408069966,0.002709374596429813,0.5207189142746143
NN,TCGA-LUAD,271.6775145934017,0.002218875198070183,0.6028184990046492
NN,TCGA-LUAD,301.0728899878005,0.0019825255504083514,0.5968846969360972
NN,TCGA-LUAD,334.3970673075228,0.0018300103586537143,0.61195009707619
NN,TCGA-LUAD,141.97878587562002,0.0038392698494441615,0.5450948718729565
NN,TCGA-LUAD,178.41877173040422,0.002800697928937632,0.49969708446893923
NN,TCGA-LUAD,226.62690828055506,0.0023682435475880117,0.5367077132452447
NN,TCGA-LUAD,56.955944379951134,0.008409838436750954,0.4789902902479625
NN,TCGA-LUAD,255.31024699902494,0.002236055956609365,0.5708879985855779
NN,TCGA-LUAD,257.0163822532358,0.0023655399283679067,0.607982514464698
NN,TCGA-LUAD,337.45748460227964,0.0018687984362453563,0.6306400195240316
NN,TCGA-LUAD,266.679349298477,0.0020766585620700033,0.5538019540479394
NN,TCGA-LUAD,464.05110914916906,0.0013413139495056935,0.6224382259853696
NN,TCGA-LUAD,168.1475296565029,0.003184767089783749,0.5355107186784673
NN,TCGA-LUAD,277.38367646889606,0.0018511944105947318,0.5134911114694378
NN,TCGA-LUAD,250.50288404711566,0.0020932115728050753,0.5243555359084704
NN,TCGA-LUAD,122.87506880275643,0.00299108997101439,0.3675303859836279
NN,TCGA-LUAD,146.99592569165523,0.0029591737576675136,0.43498648579079
NN,TCGA-LUAD,267.8248848041478,0.002028182130333513,0.5431976454184042
NN,TCGA-LUAD,244.12476611601855,0.0020915945493341923,0.5106100301657489
NN,TCGA-LUAD,267.40170242055433,0.002028115842550538,0.5423216290041107
NN,TCGA-LUAD,110.27804886711046,0.004024856860049857,0.44385336149570287
NN,TCGA-LUAD,128.0884985840342,0.00324719775563697,0.41592868512498504
NN,TCGA-LUAD,166.4522536412053,0.0026334780187548703,0.4383483511363244
NN,TCGA-LUAD,49.62026428857726,0.00880258133281145,0.43678641215580083
NN,TCGA-LUAD,194.5583243163364,0.0023955437601245054,0.4660729797962795
NN,TCGA-LUAD,189.0779225863738,0.002814034656836277,0.5320718270006626
NN,TCGA-LUAD,295.41846355183367,0.001974396765759996,0.5832732589825277
NN,TCGA-LUAD,197.9540317300854,0.002457613271012341,0.48649445543025593
NN,TCGA-LUAD,497.91845011232465,0.0011112712997081585,0.5533224832049949
NN,TCGA-LUAD,179.08776976325086,0.0019640130693127857,0.3517307203691038
NN,TCGA-LUAD,199.28317608247232,0.0019059341804749633,0.3798206168891947
NN,TCGA-LUAD,179.11212539860435,0.0021046230941959326,0.3769635155644206
NN,TCGA-LUAD,149.89304809657523,0.0016801358734290321,0.25184068728467934
NN,TCGA-LUAD,265.330050084702,0.0012615405491097516,0.3347246170791729
NN,TCGA-LUAD,279.64703455378356,0.0011264097872825578,0.31499715670592543
NN,TCGA-LUAD,207.14362158023977,0.0018895084800346917,0.3913996295609602
NN,TCGA-LUAD,293.18481009941655,0.0011907505184926372,0.3491099646400457
NN,TCGA-LUAD,126.81615223548832,0.0023231429504395554,0.29461205006774416
NN,TCGA-LUAD,194.63880833053315,0.0017156367894303002,0.3339295002227355
NN,TCGA-LUAD,80.52650824546073,0.004380087099411331,0.3527131199265827
NN,TCGA-LUAD,211.75895376220936,0.0014523153183674119,0.30754077235031313
NN,TCGA-LUAD,194.15253346069417,0.002109726784501096,0.4096088001207718
NN,TCGA-LUAD,163.3546354600128,0.00208976709131029,0.34137314139732367
NN,TCGA-LUAD,147.65173714089303,0.0021446731529020076,0.3166647166254175
NN,TCGA-LUAD,72.61153731954973,0.0027047063901534,0.1963928889870482
NN,TCGA-LUAD,396.5562319663934,0.0007350839980815663,0.2915021404580175
NN,TCGA-LUAD,196.23847858570667,0.0011860828058264077,0.23275508529204042
NN,TCGA-LUAD,233.9011222364333,0.0007151344273356132,0.16727074510370898
NN,TCGA-LUAD,409.44004265024006,0.0007164478074399868,0.29334242083489914
NN,TCGA-LUAD,412.60821813964407,0.0009067972960372447,0.3741520165317749
NN,TCGA-LUAD,490.71674432594335,0.0006134301737804315,0.301020457748831
NN,TCGA-LUAD,157.03626145958344,0.002575333776341662,0.4044207882472856
NN,TCGA-LUAD,183.08692504775615,0.0014753527532149332,0.27011779894686316
NN,TCGA-LUAD,404.21532298943845,0.0006568517895335006,0.2655095582624746
NN,TCGA-LUAD,48.80823040601231,0.006529156551547644,0.3186765773248622
NN,TCGA-LUAD,248.02448498680624,0.0007868070267971955,0.19514740760537466
NN,TCGA-LUAD,352.8066946034084,0.000812015919745449,0.2864846526107384
NN,TCGA-LUAD,552.9126429506838,0.0004285665964544951,0.23695988952603403
NN,TCGA-LUAD,409.5036859409212,0.0006292532666494427,0.2576815320833121
NN,TCGA-LUAD,220.82976016938417,0.0008208409331111768,0.1812661063961547
NN,TCGA-LUAD,172.5400756227453,0.0012896002445010636,0.22250772370932434
NN,TCGA-LUAD,110.54266518055407,0.0009337114759431634,0.10321495506042608
NN,TCGA-LUAD,287.27265988445464,0.0008798783147445999,0.25276498385133256
NN,TCGA-LUAD,329.33652784305957,0.0010865957723976798,0.35785567885039926
NN,TCGA-LUAD,548.1453471549673,0.0008000457867007111,0.4385413754909302
NN,TCGA-LUAD,171.1144506461495,0.0019362098974379884,0.33131349293573886
NN,TCGA-LUAD,152.22896985307835,0.0014545168244843231,0.2214195978252193
NN,TCGA-LUAD,287.66978868138335,0.0006137230581706012,0.17654958245282917
NN,TCGA-LUAD,36.738064003985556,0.004866443660512705,0.1787837186717055
NN,TCGA-LUAD,228.56706436889067,0.001129736833851238,0.25822063162278264
NN,TCGA-LUAD,359.81773773028283,0.0010465445728111817,0.3765653006228247
NN,TCGA-LUAD,448.40906210094766,0.0008328000558161816,0.3734350919461509
NN,TCGA-LUAD,251.4756095694911,0.0008844009501543106,0.22240526804389238
NN,TCGA-LUAD,252.43688117001835,0.0011546370633893383,0.29147297916531334
NN,TCGA-LUAD,329.9945384153222,0.0009077958070448464,0.29956765832112897
NN,TCGA-LUAD,189.21748060177896,0.0017949013141787423,0.3396267045977237
NN,TCGA-LUAD,256.8946093699665,0.0012170970485051815,0.31266567084107777
NN,TCGA-LUAD,323.1287196708149,0.0008480904403650286,0.2740423781602093
NN,TCGA-LUAD,233.9071339677653,0.001551414626397912,0.36288694885640693
NN,TCGA-LUAD,236.50204693959375,0.001386094468804979,0.32781417912402644
NN,TCGA-LUAD,405.68781683558296,0.0006477711231714397,0.2627928527685549
NN,TCGA-LUAD,102.30164845459905,0.003551885621939253,0.36336375424657436
NN,TCGA-LUAD,359.9173226191118,0.0008960306111583061,0.322496938552864
NN,TCGA-LUAD,381.2018278714191,0.0007807306049285509,0.29761593367392236
NN,TCGA-LUAD,137.60413332486644,0.0014680279191478947,0.20200670951105315
NN,TCGA-LUAD,271.6053950439383,0.0009513041029710615,0.2583793266943745
NN,TCGA-LUAD,45.69654703601486,0.002227493497979933,0.10178876140285728
NN,TCGA-LUAD,167.27648542569088,0.0010189072488907735,0.17043922356920826
NN,TCGA-LUAD,199.35861583928335,0.0010942845036383082,0.21815504397971033
NN,TCGA-LUAD,267.3375088623069,0.0008609600640826598,0.23016691876179038
NN,TCGA-LUAD,151.89754124298847,0.0019725982211128887,0.2996328196473407
NN,TCGA-LUAD,327.36779633543165,0.0008796202875251315,0.2879593551390411
NN,TCGA-LUAD,751.3242230829043,0.0003384284977096316,0.2542695281108034
NN,TCGA-LUAD,74.3959224026287,0.004661397683414295,0.3467889803430831
NN,TCGA-LUAD,415.06810195010286,0.0008573695172941725,0.35586673821316805
NN,TCGA-LUAD,354.8716488881575,0.0007774186891870182,0.27588385210826716
NN,TCGA-LUAD,107.26472368902681,0.0008906024512394775,0.09553022584897253
NN,TCGA-LUAD,229.94465499755952,0.0005855377574063166,0.13464127761484018
NN,TCGA-LUAD,49.435889370064935,0.0020815916805275044,0.10290533603220525
NN,TCGA-LUAD,352.33965282044755,0.0009137862089308813,0.32196311560681967
NN,TCGA-LUAD,365.13833742569824,0.0011878170397383826,0.43371753905598753
NN,TCGA-LUAD,147.18717567543956,0.0020734239593339057,0.30518141655214504
NN,TCGA-LUAD,147.87871089442322,0.0016331224282855636,0.2415040394276393
NN,TCGA-LUAD,169.48857745553374,0.0010480514390832823,0.1776327475104505
NN,TCGA-LUAD,50.3380903307578,0.00615372344290732,0.30976668653957057
NN,TCGA-LUAD,293.030250616738,0.0011620994098507826,0.3405302813101382
NN,TCGA-LUAD,276.2384165039371,0.0015514329374658983,0.42856537795763144
NN,TCGA-LUAD,379.5291380353298,0.0008370021781673015,0.3176667152135295
NN,TCGA-LUAD,334.342541857714,0.0008723558079435658,0.2916656582321916
NN,TCGA-LUAD,212.39281590079722,0.0012972100040756288,0.27551808558030744
NN,TCGA-LUAD,406.39971370296706,0.0007220002333870197,0.2934206881419602
NN,TCGA-LUAD,240.78643819736217,0.0015232442721179892,0.3667765627878241
NN,TCGA-LUAD,221.9236906275055,0.0011216413119480078,0.24891877950777908
NN,TCGA-LUAD,302.1687629008351,0.0009705830599796342,0.29327988252655307
NN,TCGA-LUAD,60.25094407689768,0.005691468733813878,0.3429163643964316
NN,TCGA-LUAD,514.8729706354541,0.0006916130682598789,0.35609287498526493
NN,TCGA-LUAD,410.36943430352375,0.0009792323158226534,0.40184701149587176
NN,TCGA-LUAD,257.31693209746044,0.0009977654082579247,0.2567419338058993
NN,TCGA-LUAD,326.21381329471114,0.0008711180334566649,0.28417073552368843
NN,TCGA-LUAD,148.14102388261932,0.0013610852629721934,0.2016325644482449
NN,TCGA-LUAD,189.52327512818187,0.001950596128943845,0.36968336680979086
NN,TCGA-LUAD,208.2274362902519,0.0013073019255972894,0.2722161284244332
NN,TCGA-LUAD,510.128716900528,0.0006710834222826536,0.34233892514226527
NN,TCGA-LUAD,61.15994020830136,0.005065207435919613,0.309787783923487
NN,TCGA-LUAD,450.50605477638965,0.0004022539505583616,0.18121784028426438
NN,TCGA-LUAD,785.3245745727904,0.00031323349716227554,0.24598996290091138
NN,TCGA-LUAD,603.7530193800059,0.00041202552713995235,0.24876165607238476
NN,TCGA-LUAD,372.2843563866301,0.0007964706353215411,0.29651355785153033
NN,TCGA-LUAD,261.18121932955734,0.0012509008001934726,0.32671179625485014
NN,TCGA-LUAD,140.95817825444573,0.0019093707597238854,0.2691414239029859
NN,TCGA-LUAD,192.252467939725,0.001781039317937331,0.3424092043711364
NN,TCGA-LUAD,111.52641343958564,0.0024754240825513936,0.2760751696689337
NN,TCGA-LUAD,268.2904318901884,0.0016667359853933604,0.4471693173681034
NN,TCGA-LUAD,243.3142696311373,0.001933363581490594,0.4704149477618237
NN,TCGA-LUAD,99.05758996130146,0.0026638094325097733,0.26387054250060027
NN,TCGA-LUAD,189.31337178909078,0.0019200219061035202,0.36348582095337445
NN,TCGA-LUAD,41.85232623022192,0.003314980151786721,0.13873963075928844
NN,TCGA-LUAD,322.85211855947176,0.0008887231794868173,0.28692616131022863
NN,TCGA-LUAD,65.51061506341024,0.00552404003739837,0.36188326048487096
NN,TCGA-LUAD,316.2207013791615,0.0012124558090620568,0.3834036263328423
NN,TCGA-LUAD,290.1283577266897,0.0011707485106366325,0.33966734270197413
NN,TCGA-LUAD,111.61109225714898,0.0015974309498750564,0.17829101312093004
NN,TCGA-LUAD,258.3238847371625,0.0006799440423145396,0.17564578641458145
NN,TCGA-LUAD,39.25925273324538,0.0025639824266018305,0.10066003408956103
NN,TCGA-LUAD,75.46805555634397,0.004330978440890038,0.3268505215904174
NN,TCGA-LUAD,472.6847222495568,0.0008157172951421889,0.3855771030884453
NN,TCGA-LUAD,545.4811727672371,0.0006633804044029779,0.36186152098454044
NN,TCGA-LUAD,215.5552937142629,0.0008572950632499992,0.18479448915864116
NN,TCGA-LUAD,406.52374715381865,0.0005967236043891129,0.24258231567139504
NN,TCGA-LUAD,21.198478185072062,0.0017949049221122023,0.03804925283567399
NN,TCGA-LUAD,86.46621152947583,0.0047928632360831214,0.41442072640301125
NN,TCGA-LUAD,74.54714573367704,0.004628283538661978,0.34502532745341297
NN,TCGA-LUAD,34.82933286231121,0.006337595050220609,0.2207342075506695
NN,TCGA-LUAD,48.38087710107101,0.005640669693794693,0.2729005472232169
NN,TCGA-LUAD,18.1280752418656,0.008009202994626092,0.14519143451395705
NN,TCGA-LUAD,520.7158016964189,0.0004296773854783467,0.22373980425017853
NN,TCGA-LUAD,230.12717118746446,0.0006576556042165794,0.15134442381394414
NN,TCGA-LUAD,373.41634033338437,0.0008654906881416162,0.3231883653584648
NN,TCGA-LUAD,105.48109966996472,0.0017383996219401004,0.1833683037880927
NN,TCGA-LUAD,335.20365642932586,0.0005937415305462829,0.19902433201305827
NN,TCGA-LUAD,425.1686002775479,0.0008061026835938003,0.3427295496635512
NN,TCGA-LUAD,126.8903996394147,0.001916136863848387,0.24313937241753658
NN,TCGA-LUAD,230.3080579634781,0.0008207972675386989,0.18903622466856712
NN,TCGA-LUAD,299.7024895380192,0.0011248730533853267,0.33712725451381564
NN,TCGA-LUAD,127.58219994081273,0.0015229485397942498,0.19430112510359876
TN,TCGA-LUAD,180.32105783733854,0.0033985307292883835,0.6128266561979829
TN,TCGA-LUAD,149.57731709290266,0.0043506985752098425,0.6507658203598025
TN,TCGA-LUAD,110.09255351924938,0.00417658924417787,0.4598113748925735
TN,TCGA-LUAD,219.6366229645519,0.0016578797745162455,0.36413111495598094
TN,TCGA-LUAD,119.66880287417519,0.004429744656437697,0.5301022400741736
TN,TCGA-LUAD,156.97056077486158,0.0024783495048058537,0.38902791156547534
TN,TCGA-LUAD,119.27202516083703,0.0037284187107703044,0.4446960502811313
TN,TCGA-LUAD,80.60542996568454,0.004689278340859364,0.3779812968937408
TN,TCGA-LUAD,152.31048522078143,0.003989668774436999,0.6076683869046997
TN,TCGA-LUAD,156.37142015554033,0.0036653938922625307,0.5731628483625355
TN,TCGA-LUAD,72.26305061761717,0.005498501925660655,0.39733852297508143
TN,TCGA-LUAD,159.36400267771046,0.0030502136283982687,0.4860942528436506
TN,TCGA-LUAD,145.3773651671488,0.003929007500835167,0.5711887581933808
TN,TCGA-LUAD,89.06038983485348,0.0052518345955885615,0.46773043643128737
TN,TCGA-LUAD,147.8574441253397,0.0031552085624154693,0.4665210737211386
TN,TCGA-LUAD,175.83858517916738,0.0031467752539971307,0.5533245085396705
TN,TCGA-LUAD,175.46311512542968,0.003012897844699373,0.528652441385645
TN,TCGA-LUAD,227.0581201859121,0.002562743624996577,0.5818917500101528
TN,TCGA-LUAD,127.12952660086427,0.005282042221692768,0.671503527129579
TN,TCGA-LUAD,118.35407220422807,0.004276419973813309,0.5061317183563034
TN,TCGA-LUAD,177.95475924026982,0.00308656743528829,0.5492693648255847
TN,TCGA-LUAD,172.9261481231126,0.0033872507865390445,0.5857442312431804
TN,TCGA-LUAD,73.59464401822069,0.008228535707880777,0.6055761562127033
TN,TCGA-LUAD,86.46521507524963,0.005376023746015014,0.4648390494488374
TN,TCGA-LUAD,147.7516366428598,0.0029780087179539522,0.4400056620144011
TN,TCGA-LUAD,143.94700103114687,0.003906626434136123,0.562347159342898
TN,TCGA-LUAD,76.80548189516684,0.004540712287394477,0.34875159538063805
TN,TCGA-LUAD,61.36140945792116,0.007347018281448042,0.4508233970627656
TN,TCGA-LUAD,107.28688227346079,0.0055224485439203,0.5924862867928222
TN,TCGA-LUAD,157.88027763483095,0.0037202332770465817,0.5873514626464513
TN,TCGA-LUAD,181.9824610513573,0.0032351401757285863,0.5887387710252087
TN,TCGA-LUAD,155.90491165609546,0.002948580127589284,0.459698124302726
TN,TCGA-LUAD,111.25378062604659,0.0040710551676883065,0.45292027854252814
TN,TCGA-LUAD,50.5546851199191,0.006840055865682545,0.34579687049223673
TN,TCGA-LUAD,199.85471381370652,0.002146397820628961,0.4289677221721644
TN,TCGA-LUAD,144.12089191650742,0.002675709448849579,0.3856256322776278
TN,TCGA-LUAD,129.59843263691562,0.003340937854326277,0.43298030945802535
TN,TCGA-LUAD,122.33838475823111,0.005253533416227821,0.6427087924147035
TN,TCGA-LUAD,132.55350862566283,0.004412865561926452,0.5849408133267083
TN,TCGA-LUAD,145.35798263317156,0.003396449415225819,0.49370103511284036
TN,TCGA-LUAD,18.64407185690315,0.010388031080119145,0.19367519790948456
TN,TCGA-LUAD,75.83926121648805,0.006128597999727743,0.4647883445921985
TN,TCGA-LUAD,41.79582726826746,0.013054851615234963,0.5456383231232229
TN,TCGA-LUAD,85.11122565130387,0.0058302690553315864,0.4962213451761409
TN,TCGA-LUAD,78.58510636042294,0.007808501055018103,0.6136318859240724
TN,TCGA-LUAD,126.98967483404135,0.004496857493643076,0.5710544708927564
TN,TCGA-LUAD,128.94653936091663,0.003723953728841463,0.48019094607428797
TN,TCGA-LUAD,98.06033523157278,0.005061551182870112,0.496337405784007
TN,TCGA-LUAD,147.3566528961748,0.0031963832907508814,0.47100834309831063
TN,TCGA-LUAD,76.19587677251452,0.005411163064208726,0.4123083140364302
TN,TCGA-LUAD,72.60421924432407,0.006195712175965161,0.4498348451985027
TN,TCGA-LUAD,156.33803453524234,0.0034627533600892733,0.5413600543966632
TN,TCGA-LUAD,99.81132893022074,0.006124308655703235,0.6112753857045936
TN,TCGA-LUAD,109.38434609187365,0.005429822560367416,0.5939375901606929
TN,TCGA-LUAD,125.33795992303686,0.004933566539472318,0.6183631652020171
TN,TCGA-LUAD,165.01146319957934,0.0022008491161487455,0.36316533293720543
TN,TCGA-LUAD,113.32766705918526,0.004446317122833112,0.5038907465359854
TN,TCGA-LUAD,59.72753692739475,0.009484565733067381,0.5664897500620849
TN,TCGA-LUAD,116.95154410030669,0.004709325546403284,0.5507628943228846
TN,TCGA-LUAD,136.02716459119682,0.0036016282731029872,0.48991928190168804
TN,TCGA-LUAD,132.71977307401232,0.0029981530796844218,0.39791419637686765
TN,TCGA-LUAD,58.01945210996233,0.010147514708875862,0.5887532436867614
TN,TCGA-LUAD,154.79992359918907,0.0028298936307948677,0.43806731784087727
TN,TCGA-LUAD,123.43299218818959,0.004193260746193108,0.5175867209278959
TN,TCGA-LUAD,117.52248346595823,0.004903096013911324,0.5762240202268993
TN,TCGA-LUAD,25.652098585418702,0.011114424372915752,0.2851083097342153
TN,TCGA-LUAD,187.33756592996576,0.0031379033223902153,0.5878471705401356
TN,TCGA-LUAD,53.45913092079768,0.009069571068786014,0.48485138716171045
TN,TCGA-LUAD,152.2881375209418,0.0034089126624291593,0.5191369603328917
TN,TCGA-LUAD,186.64278043658283,0.002814352886699383,0.525278647903296
TN,TCGA-LUAD,69.04634572999277,0.007219407652812841,0.498473716761871
TN,TCGA-LUAD,46.18951618173521,0.009134670599438163,0.4219260154675699
TN,TCGA-LUAD,124.52367501096622,0.005027083512088909,0.625990913512346
TN,TCGA-LUAD,90.19363238117606,0.006449969457983861,0.5817461741632097
TN,TCGA-LUAD,197.54338363574345,0.002605110860098177,0.5146224140500157
TN,TCGA-LUAD,131.71794770708777,0.003448264551103265,0.45419832982242436
TN,TCGA-LUAD,196.07998567483287,0.002892179740837155,0.5670985621523912
TN,TCGA-LUAD,110.00470232139703,0.005771799382105439,0.6349250728873321
TN,TCGA-LUAD,164.7565315401439,0.0031455927045902655,0.5182569436462726
TN,TCGA-LUAD,140.62580117178726,0.004200285603450098,0.590668528135494
TN,TCGA-LUAD,71.07073639504432,0.005541894428817015,0.3938665180796188
TN,TCGA-LUAD,175.15931520733113,0.002963696617223768,0.519119069955199
TN,TCGA-LUAD,116.60569592484002,0.004194529017724691,0.48910597518872323
TN,TCGA-LUAD,133.025438436295,0.0036439509336449903,0.4847381705884713
TN,TCGA-LUAD,41.17884477692335,0.014874206338739381,0.6125026340028783
TN,TCGA-LUAD,130.81886406764428,0.004035055439280256,0.5278613690166125
TN,TCGA-LUAD,150.90475828661923,0.004223817472830068,0.6373941547842203
TN,TCGA-LUAD,14.785104431729184,0.02071199540113552,0.30622901499528327
TN,TCGA-LUAD,187.62379387380852,0.002321936793303157,0.4356505902947234
TN,TCGA-LUAD,117.81474472132943,0.005715562520626025,0.6733775393063534
TN,TCGA-LUAD,119.53761470298643,0.005137520202054987,0.614126910442058
TN,TCGA-LUAD,134.00170521358467,0.003993237139675034,0.5351005860386719
TN,TCGA-LUAD,63.12235184346157,0.00878749972403323,0.554687649404747
TN,TCGA-LUAD,158.04186571382124,0.003361435185262583,0.5312474881549829
TN,TCGA-LUAD,137.55871992209376,0.004336385502953203,0.5965076388749674
TN,TCGA-LUAD,145.17514793795345,0.004215559706159231,0.611994503982942
TN,TCGA-LUAD,109.61259659248515,0.005124426708580503,0.5617017175753911
TN,TCGA-LUAD,62.33580775425618,0.008841762305546133,0.5511583952873527
TN,TCGA-LUAD,28.458857985079227,0.011825975693534337,0.3365537627972925
TN,TCGA-LUAD,24.279002459687998,0.010432744015785695,0.2532966176205561
TN,TCGA-LUAD,81.22871630497495,0.006636090770109929,0.5390411345393221
TN,TCGA-LUAD,52.04280423506547,0.006444014684289139,0.33536459470234686
TN,TCGA-LUAD,91.28831414567952,0.006970163051188702,0.6362944342635224
TN,TCGA-LUAD,144.931739746714,0.004199441407706211,0.6086323491832508
TN,TCGA-LUAD,174.3567782695266,0.0022773460596857737,0.3970707219716125
TN,TCGA-LUAD,159.93054079919304,0.0037908443766760114,0.6062717912473743
TN,TCGA-LUAD,353.46015313858413,0.0015621233491864227,0.5521483582247909
TN,TCGA-LUAD,37.37075052601941,0.011857415219538342,0.443120506052793
TN,TCGA-LUAD,107.6431710423276,0.0048042626538573555,0.517146066581434
TN,TCGA-LUAD,102.20325827177986,0.006361712461403337,0.6501877417436056
TN,TCGA-LUAD,70.85876118370254,0.0075939197637263,0.5380957469860808
TN,TCGA-LUAD,150.71023176892086,0.0036681516612353205,0.5528279870283273
TN,TCGA-LUAD,108.32724753113212,0.004786629818386996,0.5185224331763061
TN,TCGA-LUAD,83.54051380563075,0.0079288475817136,0.6623800008628871
TN,TCGA-LUAD,180.8318281470876,0.0028733512458321894,0.5195933586925465
TN,TCGA-LUAD,68.81170623747043,0.009785918023480212,0.6733857162956876
TN,TCGA-LUAD,179.51304632393308,0.0028155939815155046,0.5054358528331799
TN,TCGA-LUAD,89.07113395848626,0.006393777299857439,0.5695009943763305
TN,TCGA-LUAD,201.10144552766815,0.0028755555993261192,0.5782783877196627
TN,TCGA-LUAD,110.94732634237161,0.005674058139687108,0.6295215801094556
TN,TCGA-LUAD,129.16615226243584,0.004819923640104854,0.6225709907910976
TN,TCGA-LUAD,65.43842742504427,0.0069213401264680095,0.45292161354992355
TN,TCGA-LUAD,140.69081297334657,0.004153313578135629,0.5843330638411406
TN,TCGA-LUAD,123.33231185450963,0.0047572818430052025,0.5867265678413139
TN,TCGA-LUAD,154.68180479455708,0.004032874195225822,0.623812259026927
TN,TCGA-LUAD,157.73440969293804,0.002548269750583178,0.401949824846608
TN,TCGA-LUAD,88.46884570910167,0.005618730899250064,0.49708263700671595
TN,TCGA-LUAD,172.9950362504976,0.0036559988675082178,0.6324696566163623
TN,TCGA-LUAD,69.42500262798922,0.00585057211991955,0.4061759848006552
TN,TCGA-LUAD,80.46405883213997,0.00784024650026223,0.6308580556555795
TN,TCGA-LUAD,149.5469862404333,0.0040133233917894135,0.6001804180503406
TN,TCGA-LUAD,100.69224230089524,0.00649440285753136,0.6539359861301741
TN,TCGA-LUAD,297.213500521754,0.001813401757133651,0.538967484089992
TN,TCGA-LUAD,160.4229289622561,0.004010563716725593,0.6433863782268716
TN,TCGA-LUAD,204.71606227834843,0.002487167289253584,0.5091630936835078
TN,TCGA-LUAD,103.00836016479371,0.004736724334540731,0.4879222062537145
TN,TCGA-LUAD,59.80355484834553,0.009103650608045966,0.544430668458451
TN,TCGA-LUAD,38.993875590152534,0.010586622002330346,0.412813421278841
TN,TCGA-LUAD,101.20232688360663,0.004658161677100779,0.47141680072264236
TN,TCGA-LUAD,102.34882071497043,0.004639160395870031,0.47481259562489303
TN,TCGA-LUAD,133.461459580381,0.0048651214089139635,0.6493062042694172
TN,TCGA-LUAD,119.6956666133267,0.0024827556707316062,0.2971750950462366
TN,TCGA-LUAD,175.4164369039192,0.001173853780785714,0.20591324767162417
TN,TCGA-LUAD,212.95102266540405,0.0020053617053791533,0.4270438259745294
TN,TCGA-LUAD,88.61693953989239,0.007626257421710429,0.6758155928553686
TN,TCGA-LUAD,63.17107526016952,0.005473178416675781,0.3457465656721612
TN,TCGA-LUAD,55.2040597102017,0.0076111922873040765,0.42016871349416085
TN,TCGA-LUAD,65.21207978262258,0.010616206643043599,0.692304914594967
TN,TCGA-LUAD,112.93111892817153,0.0051222939770135915,0.5784663903031786
TN,TCGA-LUAD,49.025635344670825,0.008400603623710014,0.4118449299311275
TN,TCGA-LUAD,111.94241562518037,0.005404685728885809,0.6050135761864162
TN,TCGA-LUAD,151.46064899659257,0.0034409901253070665,0.5211745975698747
TN,TCGA-LUAD,120.57669760910423,0.003975139109064623,0.479309146307809
TN,TCGA-LUAD,91.40084468832586,0.005416523696113486,0.4950748410991055
TN,TCGA-LUAD,156.97025598857738,0.004177902638060508,0.6558064465917107
TN,TCGA-LUAD,166.96022000196007,0.003808513972531757,0.635870330734441
TN,TCGA-LUAD,157.2426026148311,0.002686401342273758,0.4224167387271014
TN,TCGA-LUAD,63.93553136814229,0.008940339637443472,0.571605365331613
TN,TCGA-LUAD,23.383768024250937,0.018809682734925528,0.4398412576832565
TN,TCGA-LUAD,108.5301952971079,0.006060448941203953,0.6577417071770157
TN,TCGA-LUAD,45.38024581469226,0.010509362338569741,0.47691744627996396
TN,TCGA-LUAD,350.6818137036384,0.001275382170452254,0.4472533326994793
TN,TCGA-LUAD,196.21202628263768,0.0031461141660544993,0.6173054354380642
TN,TCGA-LUAD,45.79891686595663,0.012885215870140285,0.5901289304364599
TN,TCGA-LUAD,74.35123445470158,0.009115076820107825,0.6777172137244527
TN,TCGA-LUAD,201.08564262262612,0.0024895122451333127,0.500605169629529
TN,TCGA-LUAD,153.7533048640211,0.0037807860162940533,0.5813083449888874
TN,TCGA-LUAD,101.35679449063139,0.005243610862277719,0.5314755885567252
TN,TCGA-LUAD,149.51123273365872,0.0035866231080586286,0.536240442236872
TN,TCGA-LUAD,83.97921776215327,0.00548514722482025,0.4606383732506505
TN,TCGA-LUAD,108.55168094803406,0.004930394450868958,0.5352026053786847
TN,TCGA-LUAD,113.84563207931643,0.005941346412123152,0.676396337690339
TN,TCGA-LUAD,106.40589192610558,0.0062647669718621166,0.6666081173501961
TN,TCGA-LUAD,141.57877132360017,0.004322360065447117,0.6119544272841989
TN,TCGA-LUAD,134.55572110745408,0.004429468761351714,0.5960103633066213
TN,TCGA-LUAD,79.08249018951909,0.0066181866759266305,0.5233826828713737
TN,TCGA-LUAD,179.77126454663016,0.002813536077514865,0.5057929385024129
TN,TCGA-LUAD,153.38017786161416,0.003897349329712029,0.5977761333800737
TN,TCGA-LUAD,122.47794297589209,0.003542616462388785,0.43389237706591016
TN,TCGA-LUAD,82.97331027694737,0.006133188060506874,0.508890915931306
TN,TCGA-LUAD,193.0857502992367,0.0031118946967109884,0.6008625223666568
TN,TCGA-LUAD,135.852416186309,0.0019657012764634097,0.267045267908066
TN,TCGA-LUAD,67.71600797154785,0.007989042164659232,0.5409860429070965
TN,TCGA-LUAD,129.09126069854844,0.003868651908317449,0.49940915204854475
TN,TCGA-LUAD,112.5214020878498,0.005198976750477095,0.5849961533858159
TN,TCGA-LUAD,51.205156009965044,0.011314676391740683,0.57936976984135
TN,TCGA-LUAD,150.12883533647488,0.003994637004670285,0.5997102011031344
TN,TCGA-LUAD,57.83295048382621,0.011334385994943309,0.6555009840101297
TN,TCGA-LUAD,121.70144035155244,0.004862150219945672,0.5917306849730057
TN,TCGA-LUAD,151.51070166423568,0.004403146552139244,0.667123823645077
TN,TCGA-LUAD,151.83369206251558,0.0034306613575591873,0.5208899801344133
TN,TCGA-LUAD,30.564764616989166,0.005881468012340591,0.1797656853995413
TN,TCGA-LUAD,108.31139053482794,0.005352295314827844,0.5797145481020485
TN,TCGA-LUAD,87.35230662044728,0.007089093420459193,0.6192486621249468
TN,TCGA-LUAD,185.25322720764945,0.0024883833556609246,0.4609810471659864
TN,TCGA-LUAD,125.37351652963652,0.004180118665799449,0.5240761766424493
TN,TCGA-LUAD,130.8951814020499,0.004197180875158715,0.5493907520311145
TN,TCGA-LUAD,126.84594431663261,0.0034020638144992192,0.4315379971755987
TN,TCGA-LUAD,130.27688726568906,0.003981926062548956,0.5187529327509994
TN,TCGA-LUAD,57.79760803133541,0.00973784629755851,0.5628242233756775
TN,TCGA-LUAD,30.257836201012278,0.006439734090653,0.19485241929305322
TN,TCGA-LUAD,217.31833027546864,0.0015587551358757095,0.33874606343682045
TN,TCGA-LUAD,123.64949598265373,0.004089773440224068,0.5056984245669498
TN,TCGA-LUAD,136.78934551905874,0.004000830617501365,0.5472710017006233
TN,TCGA-LUAD,91.62786830580643,0.0061745168488553034,0.5657578166788967
TN,TCGA-LUAD,185.5005761231496,0.002661904067295059,0.49378473806778866
TN,TCGA-LUAD,60.589723742636664,0.004214506491327195,0.2553557840210637
TN,TCGA-LUAD,126.5023570273513,0.0019869384534452546,0.25135239762910483
TN,TCGA-LUAD,155.56470471340214,0.0026806495507909747,0.41701445580891205
TN,TCGA-LUAD,66.67638262852039,0.00835487867273333,0.5570730871980321
TN,TCGA-LUAD,37.86124813144961,0.01607793929421519,0.6087308490606651
TN,TCGA-LUAD,31.911630243314033,0.007285233549945119,0.23248367928203473
TN,TCGA-LUAD,71.33378294257015,0.0074566595171830265,0.531911731475384
TN,TCGA-LUAD,152.2032045035615,0.004003334737284988,0.6093203757151987
TN,TCGA-LUAD,90.2625528588126,0.006163673691831752,0.5563489224134361
TN,TCGA-LUAD,275.9254651732423,0.002050037092951833,0.5656574384951358
TN,TCGA-LUAD,75.54352023553541,0.005585257351879572,0.4219300017823874
TN,TCGA-LUAD,54.237985770388335,0.00806710187848091,0.4375433568933206
TN,TCGA-LUAD,63.588185050238,0.005839054531562337,0.3712948800714167
TN,TCGA-LUAD,199.88094901487295,0.0026121863560008996,0.5221262878411626
TN,TCGA-LUAD,117.07927355275946,0.0018482125131975406,0.2163873784162879
TN,TCGA-LUAD,68.35692685261806,0.008516523039030263,0.5821633424176281
TN,TCGA-LUAD,63.80365050346696,0.0044741548584173105,0.2854674128848468
TN,TCGA-LUAD,22.45282584867521,0.012370788082366956,0.27775915042425203
TN,TCGA-LUAD,90.19014414416615,0.007582006742459004,0.6838222810044172
TN,TCGA-LUAD,101.71794583222483,0.005988194371632619,0.6091068307265604
TN,TCGA-LUAD,57.72714411977288,0.009966499546807912,0.5753375557082314
TN,TCGA-LUAD,194.09143274919757,0.0028138754115260827,0.5461491102008353
TN,TCGA-LUAD,118.18569216335302,0.0040500387407769855,0.4786566318671227
TN,TCGA-LUAD,204.7004670991588,0.0032080944257705055,0.6566984274534301
TN,TCGA-LUAD,64.13467611445418,0.005801361332316188,0.37206843007101714
TN,TCGA-LUAD,235.41387370601524,0.001668845245477838,0.3928693238538038
TN,TCGA-LUAD,106.78618100354778,0.006264081874914906,0.6689173809157061
TN,TCGA-LUAD,65.72395111438983,0.003818537831548902,0.2509693937691682
TN,TCGA-LUAD,58.480302758599734,0.00646643765695117,0.3781592319481147
TN,TCGA-LUAD,104.94052770534783,0.00504970515998684,0.5299187242454368
TN,TCGA-LUAD,102.913580442536,0.002862391306831606,0.2945789380136302
TN,TCGA-LUAD,218.88596229461965,0.002394974489216966,0.5242262957433207
TN,TCGA-LUAD,107.19369017554644,0.004904070615375133,0.5256854261435233
TN,TCGA-LUAD,145.44847407505023,0.0045083690578211835,0.655735400027263
TN,TCGA-LUAD,92.96036403540396,0.005942632109896454,0.552429244264455
TN,TCGA-LUAD,257.21987690566726,0.002042550040707962,0.5253844700445677
TN,TCGA-LUAD,85.49152183280636,0.006931419576202595,0.5925776080312655
TN,TCGA-LUAD,118.7328984101185,0.0037064017799127782,0.44007182600146627
TN,TCGA-LUAD,157.84882478950735,0.004264940085698924,0.6732157803252359
TN,TCGA-LUAD,154.25835515471834,0.004195230423857051,0.6471493446792206
TN,TCGA-LUAD,267.75155713810784,0.002097872129774696,0.5617085294238134
TN,TCGA-LUAD,131.09604319034662,0.004825264365710655,0.6325730656920444
TN,TCGA-LUAD,87.46043387845491,0.005565883505528315,0.48679458631044203
TN,TCGA-LUAD,116.53174932696528,0.005127209589361055,0.5974827026142351
TN,TCGA-LUAD,167.16460990129366,0.00338835092336575,0.5664123603131237
TN,TCGA-LUAD,111.09722690916945,0.005374431209129098,0.5970844035483374
TN,TCGA-LUAD,202.72934854480553,0.0026291299059661216,0.5330017930761777
TN,TCGA-LUAD,159.9518935378635,0.003241864600861191,0.5185423815011176
TN,TCGA-LUAD,171.39840184149648,0.0030631002665361005,0.5250104903645495
TN,TCGA-LUAD,118.07204875834324,0.004019229993304105,0.47455871974039787
TN,TCGA-LUAD,46.58998125713138,0.01282288656373745,0.5974180446668496
TN,TCGA-LUAD,86.43619674945019,0.004358141076787149,0.3767011395750347
TN,TCGA-LUAD,128.88701810591638,0.004451258479915489,0.5737094322949814
TN,TCGA-LUAD,174.69285954375226,0.0032691234323497746,0.5710925205986684
TN,TCGA-LUAD,142.98092976059328,0.004056526120293824,0.5800058762777432
TN,TCGA-LUAD,157.7851784513681,0.0036402193018057957,0.5743726521375421
TN,TCGA-LUAD,171.4720278883218,0.0014773553990561738,0.253325126187923
TN,TCGA-LUAD,129.07098847342434,0.004689352360660492,0.6052593444906356
TN,TCGA-LUAD,213.27063262436238,0.002421154894875229,0.5163612361116117
TN,TCGA-LUAD,217.4102964081937,0.0026077303328504086,0.5669474246176449
TN,TCGA-LUAD,128.91790241382517,0.004464168226889881,0.5755112038330886
TN,TCGA-LUAD,113.69000395502665,0.004812400451861087,0.5471218264052591
TN,TCGA-LUAD,95.69258015209229,0.006642057331159749,0.6355956035367964
TN,TCGA-LUAD,115.56663682098988,0.005876119405264569,0.6790833572249816
TN,TCGA-LUAD,92.78325767751711,0.007199979694404868,0.6680375712588578
TN,TCGA-LUAD,44.56019195571679,0.005447204786445023,0.2427284909060895
TN,TCGA-LUAD,108.07971521481633,0.005214025293202109,0.5635303688121331
TN,TCGA-LUAD,87.4020026714918,0.0063717060434777765,0.5568998686340051
TN,TCGA-LUAD,80.93746717153064,0.008208912725124782,0.6644086042037471
TN,TCGA-LUAD,125.67714001521809,0.005044744760853406,0.6340090936508114
TN,TCGA-LUAD,65.80727401200664,0.00752063016562891,0.49491217005250465
TN,TCGA-LUAD,63.268197145436446,0.006654297538223719,0.42100540851273066
TN,TCGA-LUAD,82.0542964093579,0.007213514376874794,0.591899846833249
TN,TCGA-LUAD,75.89344147258375,0.0056750647084154,0.43070019130124965
TN,TCGA-LUAD,97.439269820942,0.00610619188806018,0.5949828789591431
TN,TCGA-LUAD,107.51957532039191,0.0029073408320063436,0.3125960515689569
TN,TCGA-LUAD,149.88033490610007,0.003876312361732311,0.5809829949770945
TN,TCGA-LUAD,141.16064260446032,0.004399391272258861,0.621020899060515
TN,TCGA-LUAD,172.93544093086427,0.0031578520989851825,0.5461045451324578
TN,TCGA-LUAD,167.10288688767395,0.0033469072667528742,0.5592778664197395
TN,TCGA-LUAD,215.77934538975657,0.0022562641880541972,0.4868552095246853
TN,TCGA-LUAD,162.8818970977353,0.00397707722854095,0.6477938838889533
TN,TCGA-LUAD,104.91187736040628,0.005170459120869794,0.5424425731856859
TN,TCGA-LUAD,137.65724889711208,0.004030032531756494,0.5547631912874624
TN,TCGA-LUAD,121.43812566659462,0.00394586902550945,0.47917893858373983
TN,TCGA-LUAD,173.60777410822735,0.002750214942852571,0.47745869454782053
TN,TCGA-LUAD,157.46153958998363,0.003692122441670723,0.5813672840202015
TN,TCGA-LUAD,118.2220817951078,0.005127822297858105,0.6062218271281585
TN,TCGA-LUAD,165.4635622055607,0.003853044501529055,0.6375384685595464
TN,TCGA-LUAD,35.70104510479588,0.017838543337549653,0.6368546402977162
TN,TCGA-LUAD,82.7087788630645,0.0066293243954364785,0.5483033254336744
TN,TCGA-LUAD,142.5283289241602,0.004119295517807054,0.5871163064978226
TN,TCGA-LUAD,88.89912821421227,0.0057869247181024114,0.5144525624805805
TN,TCGA-LUAD,132.98184460063166,0.0035814298280049494,0.47626514483582116
TN,TCGA-LUAD,112.96231385393801,0.0048337527994455586,0.5460319008233206
TN,TCGA-LUAD,120.73836394955043,0.004575209980089078,0.5524033677216105
TN,TCGA-LUAD,63.33383292527558,0.010537700855562115,0.6673929854027045
TN,TCGA-LUAD,163.85198820885344,0.0025942718078213666,0.42507659366570744
TN,TCGA-LUAD,104.43100915084408,0.005388858317139396,0.5627639122297865
TN,TCGA-LUAD,162.96472325496723,0.0035625990343204792,0.5805779656964504
TN,TCGA-LUAD,172.79842603733695,0.003748883435096972,0.6478011569822019
TN,TCGA-LUAD,173.43388808786108,0.003046674209341056,0.5283965538630293
TN,TCGA-LUAD,137.65997194410716,0.004600812300400867,0.6333476921932863
TN,TCGA-LUAD,264.63765425713746,0.001861463973427106,0.4926134594119198
TN,TCGA-LUAD,205.58860260223074,0.0021771976261878035,0.44760701755684446
TN,TCGA-LUAD,61.22973617365142,0.008990378357914984,0.55047849495644
TN,TCGA-LUAD,152.5607508360731,0.003107932735384798,0.4741485516583153
TN,TCGA-LUAD,79.1882176221452,0.003719756024995695,0.29456084960864487
TN,TCGA-LUAD,136.91470836499556,0.004474219420863039,0.6125864471684623
TN,TCGA-LUAD,95.18976141591442,0.00597963594523006,0.5692001189804753
TN,TCGA-LUAD,106.33600377742016,0.005037963118553633,0.5357168652050226
TN,TCGA-LUAD,87.7688616833991,0.004021639476692531,0.3529747189703243
TN,TCGA-LUAD,172.60637291418274,0.0029502388351429583,0.5092300245645895
TN,TCGA-LUAD,131.3555899709255,0.004081115744123186,0.5360773663089338
TN,TCGA-LUAD,111.31407970558742,0.0059099481419710494,0.6578604385312536
TN,TCGA-LUAD,53.059597128153214,0.009548722912580965,0.5066513908299117
TN,TCGA-LUAD,153.57059218446247,0.0038452081297814166,0.5905108895630415
TN,TCGA-LUAD,126.0296977844088,0.005328385700185262,0.671534839473114
TN,TCGA-LUAD,108.95111309363178,0.005452656503651139,0.5940729953900221
TN,TCGA-LUAD,37.54860992682182,0.009532350099451295,0.35792649557019784
TN,TCGA-LUAD,204.54234197987165,0.0028205320776552244,0.5769182367929528
TN,TCGA-LUAD,15.975817640191096,0.014194585982964593,0.226770117141855
TN,TCGA-LUAD,194.10870846567175,0.0024466439875266838,0.4749149044941057
TN,TCGA-LUAD,56.612623256033885,0.00946923890772109,0.5360784548041919
TN,TCGA-LUAD,55.11789597613347,0.010608191802413564,0.5847012122603026
TN,TCGA-LUAD,103.60454371540754,0.004150638853164853,0.43002504450958706
TN,TCGA-LUAD,87.91668023395762,0.006483956590157509,0.5700479381877399
TN,TCGA-LUAD,159.8729411735921,0.0038874105273483586,0.6214917545563667
TN,TCGA-LUAD,103.18656863721121,0.0052175516111929755,0.5383812474465559
TN,TCGA-LUAD,122.03702584280789,0.004864355067826079,0.5936314251208847
TN,TCGA-LUAD,203.6494930834426,0.0027642821398178984,0.562944656513529
TN,TCGA-LUAD,226.6050326642097,0.0026308962657516297,0.5961743342367953
TN,TCGA-LUAD,109.34323359315418,0.005720378206864739,0.6254846505143996
TN,TCGA-LUAD,77.65613008280887,0.007799351675553995,0.6056674682783943
TN,TCGA-LUAD,65.93063496834341,0.005904061045154584,0.3892584935989029
TN,TCGA-LUAD,61.77486799616038,0.004321401387599903,0.2669540002774083
TN,TCGA-LUAD,168.42233222618705,0.0036875699887541826,0.6210691377532738
TN,TCGA-LUAD,73.10691400253634,0.007282337988428955,0.5323892570574791
TN,TCGA-LUAD,138.1783948000926,0.004616454129484996,0.6378942212804957
TN,TCGA-LUAD,373.47056253449483,0.0013110718450723012,0.48964673950229043
TN,TCGA-LUAD,198.48025186834107,0.0031589350611049265,0.6269862265638392
TN,TCGA-LUAD,121.65234647893297,0.004913840922742966,0.597780278475887
TN,TCGA-LUAD,101.73392658078511,0.0064291585931206645,0.6540635482887613
TN,TCGA-LUAD,178.12395062288618,0.0026290157394216734,0.46829066975553674
TN,TCGA-LUAD,63.780342482501375,0.00938774402348674,0.5987535289560397
TN,TCGA-LUAD,124.09290755608198,0.0037856320509683764,0.46977008814215976
TN,TCGA-LUAD,204.10036070954092,0.002263761098660464,0.4620344567968273
TN,TCGA-LUAD,130.03125167226096,0.0045309142944781975,0.5891604569307393
TN,TCGA-LUAD,96.21600581607582,0.006433280998798514,0.6189846019968479
TN,TCGA-LUAD,117.57450674623767,0.0046719562463230216,0.5493029512014334
TN,TCGA-LUAD,128.792693413945,0.0032242330239873338,0.41525765535351744
TN,TCGA-LUAD,149.8308265302889,0.0038625797766629498,0.5787335204765884
TN,TCGA-LUAD,137.3086788111954,0.003622253908892487,0.4973668985487156
TN,TCGA-LUAD,22.91985301647556,0.020276309043189722,0.46473002298654265
TN,TCGA-LUAD,131.38780694139535,0.004786276590793396,0.6288583846792826
TN,TCGA-LUAD,107.42603377096825,0.005885428112531255,0.6322481991733885
TN,TCGA-LUAD,93.01384513398911,0.0044834904836455105,0.41702668950551747
TN,TCGA-LUAD,132.94226738959384,0.00426073321908254,0.5664315348869959
TN,TCGA-LUAD,136.46344052200683,0.0038800025537165366,0.5294784977143312
TN,TCGA-LUAD,24.217210950704956,0.009031288645789552,0.21871262229179209
TN,TCGA-LUAD,119.09806677289305,0.004069130090769204,0.48462552725801894
TN,TCGA-LUAD,124.68093406083872,0.005088429453198944,0.6344301371275272
TN,TCGA-LUAD,137.6058519586495,0.004805472677215867,0.6612611618123017
TN,TCGA-LUAD,31.52167755343531,0.004296120546155323,0.1354209265865965
TN,TCGA-LUAD,178.3197786502146,0.0028817102883087007,0.5138659407452536
TN,TCGA-LUAD,159.7008392971978,0.0032546955196457346,0.5197776061442532
TN,TCGA-LUAD,33.224841565323715,0.009463712240580499,0.31443033981310176
TN,TCGA-LUAD,197.65670967709343,0.002556612955084265,0.5053317046197865
TN,TCGA-LUAD,144.86961424105647,0.0042364781637322865,0.6137369573205557
TN,TCGA-LUAD,160.35368073818248,0.0025234562321399803,0.4046454950053513
TN,TCGA-LUAD,115.88078648437983,0.004961830931306465,0.574980870722316
TN,TCGA-LUAD,148.99557492075627,0.0036955194240310637,0.5506160412143304
TN,TCGA-LUAD,106.12202435354794,0.0033392539976779476,0.35436839406426146
TN,TCGA-LUAD,85.06513134930397,0.007854568164571005,0.668149872611294
TN,TCGA-LUAD,106.06284982062238,0.0050839806306269796,0.5392214741171424
TN,TCGA-LUAD,89.82390054255815,0.007423882536183262,0.6668420865697597
TN,TCGA-LUAD,85.96412256662339,0.007003856400314682,0.6020803700356809
TN,TCGA-LUAD,142.96995086762564,0.004499330520802369,0.6432690634963232
TN,TCGA-LUAD,121.20658499490472,0.004603896211463136,0.5580225374624264
TN,TCGA-LUAD,150.57201744869866,0.0038556654922180505,0.5805553317706016
TN,TCGA-LUAD,20.124274032295883,0.007039019723302249,0.14165516183047
TN,TCGA-LUAD,51.1997275098517,0.009690436243860012,0.49614769513722345
TN,TCGA-LUAD,310.69490426010225,0.0013829211490241351,0.4296665539953243
TN,TCGA-LUAD,116.10824325918578,0.004984423514008653,0.5787326578713223
TN,TCGA-LUAD,179.11264237385333,0.003527928533337908,0.6318966017122657
TN,TCGA-LUAD,166.58395530090633,0.0029499828964829077,0.49141981896614684
TN,TCGA-LUAD,124.88363911965965,0.00296575270781965,0.3703739908815026
TN,TCGA-LUAD,140.7468365296941,0.003827465220330759,0.5387036216889829
TN,TCGA-LUAD,129.8104674595875,0.004875607842444627,0.6329049331773678
TN,TCGA-LUAD,103.2720857884531,0.006030330429722329,0.6227648014710037
TN,TCGA-LUAD,125.8843481703897,0.0033548487562620947,0.4223229488922964
TN,TCGA-LUAD,162.9211011652073,0.003135632888552721,0.510860763052849
TN,TCGA-LUAD,64.77461524971642,0.007818920119224155,0.5064675423910114
TN,TCGA-LUAD,177.44498971827784,0.0037075654007099265,0.6578889044088155
TN,TCGA-LUAD,73.28378878864845,0.00694277182453805,0.5087926239972259
TN,TCGA-LUAD,107.67482684921102,0.003544245534495221,0.3816260242378623
TN,TCGA-LUAD,56.34012146681595,0.011855459557967785,0.6679380315408292
TN,TCGA-LUAD,121.92605569905083,0.0032803724274522855,0.399962871303178
TN,TCGA-LUAD,161.32571227612922,0.003914180090430242,0.6314578910657027
TN,TCGA-LUAD,227.840856053041,0.00208491722143324,0.47502932453107705
TN,TCGA-LUAD,22.834923204673256,0.02146744934517316,0.4902075571972423
TN,TCGA-LUAD,153.06515545662361,0.003424345289613135,0.5241479440917913
TN,TCGA-LUAD,125.1209114650329,0.004565785502933555,0.5712752436808801
TN,TCGA-LUAD,92.51262755374587,0.006331117588162178,0.5857083234326174
TN,TCGA-LUAD,127.46863008212254,0.004917369771008954,0.626810388317752
TN,TCGA-LUAD,177.94402836446318,0.0028239671801955804,0.5025080960130355
TN,TCGA-LUAD,43.56165186895814,0.013055083087151396,0.5687009845628124
TN,TCGA-LUAD,161.71135979903994,0.003445519397165922,0.5571796269296696
TN,TCGA-LUAD,73.30640454782984,0.0055661355894859,0.40803338729092675
TN,TCGA-LUAD,164.28411083544782,0.0023551518150495727,0.3869140218179101
TN,TCGA-LUAD,134.12200391996066,0.004235274252185484,0.56804346985373
TN,TCGA-LUAD,156.9414985001545,0.003687294184331541,0.578689474699897
TN,TCGA-LUAD,112.3034981107331,0.005353162181201099,0.6011788389029655
TN,TCGA-LUAD,115.18233953699472,0.0049975900237372375,0.5756341109808
TN,TCGA-LUAD,109.48907566853617,0.004883011714407314,0.534636439089091
TN,TCGA-LUAD,166.18477446824832,0.0035491757464325125,0.589818970969064
TN,TCGA-LUAD,119.837151607037,0.0027446579066178,0.3289119856648101
TN,TCGA-LUAD,36.87361543433261,0.017838218945724793,0.6577596254380822
TN,TCGA-LUAD,187.06653684621398,0.0032027320592689303,0.5991239947737821
TN,TCGA-LUAD,271.68105033257626,0.0017358867852889123,0.47160754508573094
TN,TCGA-LUAD,159.8191672574963,0.003067552531407991,0.49025369108824984
TN,TCGA-LUAD,100.17286334014406,0.00596899372562331,0.5979311927550413
TN,TCGA-LUAD,66.58628939625362,0.008939827758732219,0.5952699582956049
TN,TCGA-LUAD,92.50877144586298,0.005856738120742194,0.5417996482300127
TN,TCGA-LUAD,127.21189468075005,0.004492721448547643,0.5715276077425896
TN,TCGA-LUAD,209.2467837990722,0.0021250892846263214,0.4446680980939289
TN,TCGA-LUAD,106.97042056111091,0.002812522707420693,0.3008567368504658
TN,TCGA-LUAD,140.8794023040672,0.0024758139059469888,0.34879118328590986
TN,TCGA-LUAD,34.76422020601825,0.01701752122227288,0.5916008551316834
TN,TCGA-LUAD,118.95251778790625,0.0048890805357980046,0.5815684394010183
TN,TCGA-LUAD,38.5509747767499,0.00793072826851299,0.30573730544070166
TN,TCGA-LUAD,141.5225635989216,0.004129886867345279,0.5844721768402233
TN,TCGA-LUAD,45.711726994116134,0.014345379214327502,0.655752058272407
TN,TCGA-LUAD,129.67740174573356,0.004994421110489025,0.6476635528322581
TN,TCGA-LUAD,134.08981273727608,0.003848979631867548,0.5161089580667093
TN,TCGA-LUAD,27.283213624381816,0.010394290180775066,0.2835896394759004
TN,TCGA-LUAD,166.00375367125181,0.003353329161822592,0.5566652281578229
TN,TCGA-LUAD,77.44063392331675,0.005993637349215734,0.4641510758297343
TN,TCGA-LUAD,124.22141510900137,0.005160143646977521,0.6410003459932708
TN,TCGA-LUAD,162.9091426051897,0.0027924035243108744,0.4549080639531945
TN,TCGA-LUAD,120.67115611318846,0.002245445492451964,0.2709605035633263
TN,TCGA-LUAD,176.59617163995472,0.0033135329019810143,0.5851572250928765
TN,TCGA-LUAD,161.8001244133138,0.00324559776267329,0.5251381217961113
TN,TCGA-LUAD,95.4895698321796,0.003578309752651463,0.34169125900698116
TN,TCGA-LUAD,101.69815280288441,0.004133899870322029,0.42040998068383373
TN,TCGA-LUAD,124.07560381059564,0.002516405461322874,0.3122245270459161
TN,TCGA-LUAD,81.94526573739391,0.006467668251393641,0.5299947935617577
TN,TCGA-LUAD,148.53267871711105,0.003617555281240716,0.5373251763299156
TN,TCGA-LUAD,171.64740245093702,0.002964013250004444,0.5087651751934226
TN,TCGA-LUAD,56.318113575338295,0.0055881583182655955,0.31471453484505324
TN,TCGA-LUAD,144.87794763293223,0.00328802330108011,0.4763620676297451
TN,TCGA-LUAD,221.25299620590278,0.002655852688785315,0.587615364875254
TN,TCGA-LUAD,92.13510593986396,0.006889782796170757,0.6347908678278448
TN,TCGA-LUAD,104.04827411725098,0.006626483890779402,0.6894742123013631
TN,TCGA-LUAD,219.30987398632274,0.0022077727127951703,0.4841863554335507
TN,TCGA-LUAD,75.46019375199144,0.00449263678438943,0.33901524220735013
TN,TCGA-LUAD,156.46380929064009,0.003700689582080422,0.5790239890144897
TN,TCGA-LUAD,126.37007232264018,0.004602069101780763,0.5815638052258227
TN,TCGA-LUAD,73.96457575590343,0.009006805743423416,0.6661845657281473
TN,TCGA-LUAD,177.40809643266743,0.0032300461323075506,0.5730363357223824
TN,TCGA-LUAD,33.05590095994688,0.0153627036006374,0.5078280086996892
TN,TCGA-LUAD,52.46879716416845,0.007431195265428722,0.38990587706910856
TN,TCGA-LUAD,76.64939852167242,0.003317565032660648,0.2542893643099712
TN,TCGA-LUAD,124.46679534263646,0.004816062738619156,0.5994398952450077
TN,TCGA-LUAD,187.17486910059725,0.0031277619901722885,0.5854384410883217
TN,TCGA-LUAD,22.421644182434477,0.01038598301359077,0.2328708156155408
TN,TCGA-LUAD,85.14649970166333,0.004288960318083339,0.3651899584441289
TN,TCGA-LUAD,130.77144218762948,0.004782568677739896,0.6254234033494304
TN,TCGA-LUAD,73.358760587114,0.0063419388876046106,0.4652367765138947
TN,TCGA-LUAD,108.82572014737293,0.005885061242578418,0.6404460278349897
TN,TCGA-LUAD,78.91032307868521,0.004541948505477971,0.3584066239740181
TN,TCGA-LUAD,75.95978217846731,0.008830686284728325,0.6707770066743423
TN,TCGA-LUAD,266.99996280560714,0.0020492607882532177,0.5471525542425983
TN,TCGA-LUAD,72.45709260047576,0.007743362299147753,0.5610615191483816
TN,TCGA-LUAD,107.89138669872568,0.005899499484105132,0.6365051801685194
TN,TCGA-LUAD,107.68649512801679,0.005777572849184459,0.6221665704754643
TN,TCGA-LUAD,74.89633687790658,0.007381766029207282,0.5528672352773953
TN,TCGA-LUAD,57.22100898997138,0.009248709772523,0.5292205050391747
TN,TCGA-LUAD,167.4499879354282,0.003118929920991621,0.5222647776414929
TN,TCGA-LUAD,78.5880907101208,0.003543164324943671,0.27845051936953713
TN,TCGA-LUAD,51.585740805239716,0.011689127307968235,0.6029922915482988
TN,TCGA-LUAD,68.85539302655586,0.007534252179771661,0.5187738949993629
TN,TCGA-LUAD,160.014332119509,0.0031803306652306578,0.5088984873160775
TN,TCGA-LUAD,130.751593535104,0.004199724362496797,0.5491206528046549
TN,TCGA-LUAD,127.91202696079073,0.004543879247225303,0.5812168047776605
TN,TCGA-LUAD,164.83291910631388,0.003872138002150175,0.6382558100769036
TN,TCGA-LUAD,180.97968818803224,0.0025299054453167937,0.4578614986386382
TN,TCGA-LUAD,57.38000258064182,0.008501342342105846,0.48780704552895304
TN,TCGA-LUAD,41.38644434942796,0.005378161446092164,0.22258297939093238
TN,TCGA-LUAD,62.81429408160505,0.00676858053360327,0.42516360815278303
TN,TCGA-LUAD,138.83079605105374,0.0032277121121032674,0.4481058419469246
TN,TCGA-LUAD,115.77359726249092,0.004065732951722028,0.4707045293295046
TN,TCGA-LUAD,19.756509812583413,0.024609494196093547,0.4861977135678367
TN,TCGA-LUAD,70.36303812723047,0.008961561947169946,0.6305627249682566
TN,TCGA-LUAD,107.60502961952108,0.004651801005117494,0.5005571849397858
TN,TCGA-LUAD,197.39487565290895,0.0022821529478620995,0.45048529736415877
TN,TCGA-LUAD,70.47139221194796,0.008119522273459311,0.5721940387065985
TN,TCGA-LUAD,133.86962781474617,0.004802045408268305,0.6428480315543889
TN,TCGA-LUAD,156.85211168266719,0.003635824794901611,0.570286796788518
TN,TCGA-LUAD,131.7622788196046,0.004187824004777829,0.5517972341649695
TN,TCGA-LUAD,66.47456655582623,0.005828349003046849,0.38743697371362124
TN,TCGA-LUAD,22.789694504779696,0.006793939908488035,0.15483181499827325
TN,TCGA-LUAD,138.55956202664308,0.004541422979886742,0.6292575790708392
TN,TCGA-LUAD,166.96679023100174,0.002092070313637634,0.3493062652056408
TN,TCGA-LUAD,74.84667054808605,0.004478914691881568,0.3352318523562421
TN,TCGA-LUAD,38.099698977726476,0.016688091192954366,0.6358112509644097
TN,TCGA-LUAD,166.07274066390917,0.003931113167696594,0.652850737619355
TN,TCGA-LUAD,124.9343809650992,0.002596369411535012,0.3243758051868456
TN,TCGA-LUAD,107.09287967558039,0.005585997298870506,0.5982205365960562
TN,TCGA-LUAD,98.50414423571398,0.0062884865736031305,0.6194419884705535
TN,TCGA-LUAD,89.30247368058878,0.006379323707392002,0.5696893874793303
TN,TCGA-LUAD,42.0478054572258,0.008137791952899352,0.34217629288688955
TN,TCGA-LUAD,93.24290152904489,0.004897939315052715,0.4566980732486979
TN,TCGA-LUAD,184.7516205253378,0.003276672324375081,0.6053705218588216
TN,TCGA-LUAD,71.09073321052034,0.005243708129204477,0.37277905564711217
TN,TCGA-LUAD,189.30420515642354,0.001628565511155002,0.3082942996343623
TN,TCGA-LUAD,163.84048914610943,0.003829708373443143,0.6274612931918757
TN,TCGA-LUAD,133.90670600749576,0.0034171916508739337,0.4575848777648449
TN,TCGA-LUAD,256.97253940938054,0.002189598711540226,0.5626667411919997
TN,TCGA-LUAD,117.33580761966338,0.0015618728055532016,0.18326360703877437
TN,TCGA-LUAD,93.28369503542216,0.006289184773341155,0.5866783944177769
TN,TCGA-LUAD,114.34835894542464,0.004996182655889696,0.5713052876925799
TN,TCGA-LUAD,176.83080653509376,0.0033445693966531404,0.5914229039227668
TN,TCGA-LUAD,169.59980670786777,0.0033620381162685273,0.570201014663626
TN,TCGA-LUAD,85.73771613535715,0.006086894327936104,0.5218764180345012
TN,TCGA-LUAD,41.366952924923886,0.011745235154905064,0.4858645897451189
TN,TCGA-LUAD,124.91638053461632,0.003705402578701939,0.46286547855508
TN,TCGA-LUAD,119.72236229152612,0.0050459729354650935,0.6041157998929875
TN,TCGA-LUAD,137.12900751858402,0.004601007285856098,0.6309315626952208
TN,TCGA-LUAD,104.33421277418456,0.00442349961661666,0.4615223502066064
TN,TCGA-LUAD,57.45731345215762,0.01042663533683777,0.5990864548000308
TN,TCGA-LUAD,72.37905328679267,0.007142487555874696,0.5169664874069082
TN,TCGA-LUAD,61.18438874163843,0.008196145357972284,0.5014761437651515
TN,TCGA-LUAD,57.96675215582667,0.010106075839070444,0.5858163934313845
TN,TCGA-LUAD,163.79405247759033,0.0034241771307557513,0.5608598486475722
TN,TCGA-LUAD,86.80112433842618,0.006866741794805309,0.5960409083307634
TN,TCGA-LUAD,145.8991265876755,0.003632538789850884,0.5299842367350958
TN,TCGA-LUAD,64.97558992843643,0.008039961498239049,0.5224012413499979
TN,TCGA-LUAD,119.45497899527051,0.005511141875199338,0.6583333369418927
TN,TCGA-LUAD,191.75108939197588,0.002965193008087303,0.5685789895582103
TN,TCGA-LUAD,188.0114690379244,0.00250462208103473,0.4708976768401629
TN,TCGA-LUAD,108.81475306947573,0.005310477403687485,0.5778582873632843
TN,TCGA-LUAD,193.08120073768538,0.0028046452436512074,0.5415242712874133
TN,TCGA-LUAD,117.18272746112636,0.0056152068335568114,0.6580052520145422
TN,TCGA-LUAD,141.05645156112018,0.00355725277549503,0.501773453817275
TN,TCGA-LUAD,36.38466183137776,0.010328979495597187,0.3758164260105385
TN,TCGA-LUAD,121.30866371760264,0.004559676771618032,0.5531282961491759
TN,TCGA-LUAD,147.7504182342707,0.0034083133583484755,0.5035797241694391
TN,TCGA-LUAD,149.72459293752098,0.0038260773857529216,0.5728578791293106
TN,TCGA-LUAD,138.64529087987574,0.0038368977386673436,0.5319678030538714
TN,TCGA-LUAD,122.64529295637077,0.004773217431477796,0.5854126502280499
TN,TCGA-LUAD,93.76352158167954,0.00656073055680133,0.6151572011542259
TN,TCGA-LUAD,43.56793067537637,0.011117876865234539,0.48438288852190914
TN,TCGA-LUAD,105.47710134916136,0.006102390332578118,0.6436624435814846
TN,TCGA-LUAD,96.66056149267888,0.006439031451315966,0.6224003955532202
TN,TCGA-LUAD,146.60835827426297,0.004241991977837732,0.6219114796833837
TN,TCGA-LUAD,141.967844344001,0.003352723931627921,0.47597898925375975
TN,TCGA-LUAD,128.1695471157292,0.004587348287597005,0.587958352483424
TN,TCGA-LUAD,128.76338836576346,0.004856057373404913,0.625282401498166
TN,TCGA-LUAD,155.4985572285645,0.004227597227690145,0.6573852694492966
TN,TCGA-LUAD,157.33305070204526,0.00397336438467837,0.6251415401923028
TN,TCGA-LUAD,85.38367990753139,0.005209386736483983,0.44479660962248796
TN,TCGA-LUAD,110.0716316231235,0.0054764596185619685,0.6028028457332644
TN,TCGA-LUAD,193.15280504099212,0.002902984733116388,0.5607196441926062
TN,TCGA-LUAD,171.91763459024895,0.003246920605147658,0.5582029101393251
TN,TCGA-LUAD,82.31368754794352,0.00599780396969826,0.4937013619355579
TN,TCGA-LUAD,153.95919969353312,0.004107796799312883,0.6324331077258684
TN,TCGA-LUAD,133.54011715405585,0.002987056435787265,0.3988918663808078
TN,TCGA-LUAD,92.14552430623093,0.0030714241426407626,0.28301798799044886
TN,TCGA-LUAD,152.99837315502543,0.004131163177561825,0.6320612454049047
TN,TCGA-LUAD,57.95364157846834,0.012032793760007415,0.6973442167551002
TN,TCGA-LUAD,122.86664060823387,0.004161862800890804,0.511354101017828
TN,TCGA-LUAD,62.19203738515631,0.005127386903574835,0.318882637995287
TN,TCGA-LUAD,136.6206032527761,0.003110220087699842,0.42492014463045463
TN,TCGA-LUAD,114.54725761385446,0.0035111363115670723,0.40219103559843217
TN,TCGA-LUAD,167.15967119780052,0.003622707352010384,0.6055705698079104
TN,TCGA-LUAD,132.74452441167324,0.004941359019707978,0.6559383530184674
TN,TCGA-LUAD,155.09394765302636,0.0025375231821755757,0.3935544875846796
TN,TCGA-LUAD,404.95474503259805,0.000890306746653136,0.3605339415917226
TN,TCGA-LUAD,170.65620418117035,0.0035267645050766254,0.6018642434772608
TN,TCGA-LUAD,122.55311781359627,0.004472114096709107,0.5480715257698359
TN,TCGA-LUAD,110.10763307914543,0.004267818470821195,0.46991939023357965
TN,TCGA-LUAD,198.7087905527438,0.002729160877317443,0.5423082571556144
TN,TCGA-LUAD,98.26775113443013,0.006213210792449783,0.6105582518982107
TN,TCGA-LUAD,106.36486179303103,0.006261460210130088,0.6659993498730498
TN,TCGA-LUAD,70.18419715213993,0.008129141944244762,0.5705373008926045
TN,TCGA-LUAD,116.38361944899376,0.00492249358666791,0.5728976203308703
TN,TCGA-LUAD,64.71433363561268,0.009560801067311737,0.6187208700937334
TN,TCGA-LUAD,126.85475074223925,0.00356804164864754,0.45262303397711207
TN,TCGA-LUAD,149.43451998594202,0.004037150039428322,0.6032895782531983
TN,TCGA-LUAD,116.34656409786903,0.004326599809381585,0.5033850220480425
TN,TCGA-LUAD,192.9480404964201,0.002066273863383141,0.39868349306874473
TN,TCGA-LUAD,133.9651620854831,0.004494781845081166,0.6021441784151852
TN,TCGA-LUAD,120.56285940862847,0.004974676833171866,0.5997612636410607
TN,TCGA-LUAD,184.25680778805778,0.0028892479214971812,0.5323635989233516
TN,TCGA-LUAD,136.25890573812362,0.0041547937305392866,0.5661276472908996
TN,TCGA-LUAD,111.71521562200148,0.0037018006708951384,0.4135474601387201
TN,TCGA-LUAD,141.9265495587896,0.004172703371988776,0.5922173919186935
TN,TCGA-LUAD,68.9191666987881,0.009700629329383158,0.668559289834911
TN,TCGA-LUAD,122.07371097328563,0.0035144185891847514,0.4290181190952816
TN,TCGA-LUAD,60.66477764102047,0.005960542222063518,0.3615949685213974
TN,TCGA-LUAD,127.65797212781078,0.0045489414011735275,0.5807086346020547
TN,TCGA-LUAD,155.02244271369017,0.0037274115631587895,0.5778324455201298
TN,TCGA-LUAD,231.96832650233597,0.0021663581290356304,0.5025264697971268
TN,TCGA-LUAD,176.9037789190867,0.0032566478162533354,0.5761133053038066
TN,TCGA-LUAD,60.285504880517415,0.008291486431647496,0.4998564457418291
TN,TCGA-LUAD,105.72989128245902,0.005693232646440787,0.6019448687539308
TN,TCGA-LUAD,370.8699796026584,0.0010802730312472197,0.40064083706395837
TN,TCGA-LUAD,63.30213941780517,0.009127277093019026,0.5777761670472299
TN,TCGA-LUAD,133.9950666888474,0.0033946552258913585,0.45486705337895694
TN,TCGA-LUAD,115.50887318894098,0.0027971609043524904,0.32309690418991527
TN,TCGA-LUAD,105.28454430104568,0.005923506261536487,0.6236536574102598
TN,TCGA-LUAD,196.71697402376114,0.002942365960637837,0.5788133282471923
TN,TCGA-LUAD,92.40962102279305,0.006943939255380317,0.6416867949949908
TN,TCGA-LUAD,139.16032041036354,0.004101977067589347,0.570832443041697
TN,TCGA-LUAD,130.11055037951496,0.004129385817468818,0.5372766614402311
TN,TCGA-LUAD,86.59323779861683,0.004920811893263841,0.4261090344356577
TN,TCGA-LUAD,117.44514081707102,0.004126430815651853,0.48462924821613307
TN,TCGA-LUAD,96.31394992157594,0.0058613342124492485,0.5645282498114567
TN,TCGA-LUAD,153.7218539547254,0.004050481272164071,0.6226474905659556
TN,TCGA-LUAD,98.9042905139794,0.00585187760497962,0.5787758026951544
TN,TCGA-LUAD,80.73806648444199,0.007211525662635109,0.582244638404093
TN,TCGA-LUAD,116.15119476272963,0.004883780335810675,0.5672569209631348
TN,TCGA-LUAD,166.97525643489678,0.003716879136953735,0.6206268470303677
TN,TCGA-LUAD,107.78121436791386,0.004134434660414639,0.44561438842428336
TN,TCGA-LUAD,245.1710790869726,0.002067456338800953,0.5068805015490313
TN,TCGA-LUAD,97.82088724705092,0.005283782585038711,0.516864300489003
TN,TCGA-LUAD,113.5729814093915,0.00494328261325867,0.5614233443369951
TN,TCGA-LUAD,36.1548003302482,0.008649332128588264,0.31271487609910936
TN,TCGA-LUAD,144.53406681880492,0.004406352678908294,0.6368680725205513
TN,TCGA-LUAD,155.4870303372231,0.004068790056115184,0.6326440828909733
TN,TCGA-LUAD,193.98886142942288,0.002584496933559818,0.5013636175091039
TN,TCGA-LUAD,114.09683013257056,0.005592429417824246,0.6380784693138835
TN,TCGA-LUAD,60.525981542973064,0.008403740607190298,0.5086446488827332
TN,TCGA-LUAD,237.60455610544332,0.0023423554834632035,0.5565543348894255
TN,TCGA-LUAD,178.5302572241213,0.003311573439337065,0.5912160579414143
TN,TCGA-LUAD,201.24231525705267,0.0026906272945737366,0.5414680662538386
TN,TCGA-LUAD,147.5239886129998,0.003741018407665928,0.551889956973531
TN,TCGA-LUAD,151.82112443393834,0.0038549115365352554,0.5852570040701435
TN,TCGA-LUAD,133.27193809421993,0.004860464564171571,0.6477635325054232
TN,TCGA-LUAD,132.37952398904906,0.004239802898111815,0.5612630894594327
TN,TCGA-LUAD,82.6118050050089,0.006407493860939277,0.5293346334107072
TN,TCGA-LUAD,78.33474427581822,0.006870279604390902,0.5381815959133309
TN,TCGA-LUAD,178.0813133285387,0.0035644576571087876,0.6347633008818989
TN,TCGA-LUAD,59.43267431971813,0.005090512460337098,0.3025427691756818
TN,TCGA-LUAD,215.2312300938275,0.002612529151898699,0.5622978630191409
TN,TCGA-LUAD,192.50186088983418,0.002651039414660771,0.5103300206144952
TN,TCGA-LUAD,36.13673199562151,0.019103348773234406,0.6903325948372566
TN,TCGA-LUAD,186.50119416315601,0.002566566487260955,0.4786677147733046
TN,TCGA-LUAD,58.50189033488926,0.009322468573190745,0.5453820341192566
TN,TCGA-LUAD,110.293344421908,0.0058487834957092165,0.6450818925414277
TN,TCGA-LUAD,134.87202093940942,0.0029043084551237577,0.3917099507739553
TN,TCGA-LUAD,71.87864577503785,0.007477429425382693,0.5374675009749275
TN,TCGA-LUAD,99.82851193926899,0.006010215488413043,0.5999908686426209
TN,TCGA-LUAD,322.84791593286127,0.0010886922116109454,0.3514820116109313
TN,TCGA-LUAD,54.65010353432133,0.009722502143841013,0.5313357487735725
TN,TCGA-LUAD,174.04708029616478,0.002735852224815279,0.4761670918508659
TN,TCGA-LUAD,167.90615714329851,0.003437338341395292,0.577150271705003
TN,TCGA-LUAD,162.14627357294793,0.003590885715349591,0.5822487375702656
TN,TCGA-LUAD,211.25525606495862,0.0024215215026967335,0.5115591451190018
TN,TCGA-LUAD,75.73877100618692,0.005461298233479999,0.41363201630203483
TN,TCGA-LUAD,163.1540151718643,0.003888969061240791,0.6345009172205909
TN,TCGA-LUAD,241.0696561266172,0.0019302546269984616,0.46532581916733085
TN,TCGA-LUAD,18.086690228400993,0.022791459800969707,0.4122220732731928
TN,TCGA-LUAD,197.89055014319334,0.0028145697676315593,0.5569767597330091
TN,TCGA-LUAD,117.11095065971062,0.003774965470500163,0.4420897949578559
TN,TCGA-LUAD,124.88610313266074,0.004952983568394218,0.6185588167368543
TN,TCGA-LUAD,149.88631163395922,0.0033032667086479147,0.4951144633024841
TN,TCGA-LUAD,191.43079179466096,0.002560754973145683,0.4902073521013939
TN,TCGA-LUAD,118.11217412072882,0.005642290655707063,0.6664232163666338
TN,TCGA-LUAD,134.4567564201273,0.003374914411088395,0.4537800449104897
TN,TCGA-LUAD,149.43401452310337,0.002992420154225553,0.4471693567857685
TN,TCGA-LUAD,100.49569016505004,0.005590798244334654,0.5618511281379611
TN,TCGA-LUAD,132.01946038419229,0.002401226300981982,0.3170086005159714
TN,TCGA-LUAD,205.2695670009213,0.002303019382259196,0.47273979139107447
TN,TCGA-LUAD,182.35228376557018,0.002462484067622868,0.44903959346736066
TN,TCGA-LUAD,189.39169325122552,0.003039343129924609,0.5756263417479013
TN,TCGA-LUAD,186.63355104181753,0.0031975910365678773,0.5967777699341491
TN,TCGA-LUAD,121.7565492296189,0.004225738099423482,0.5145112889339314
TN,TCGA-LUAD,170.72521490322586,0.0033756928873152525,0.5763158936341874
TN,TCGA-LUAD,103.62486735812895,0.005487900675150261,0.5686829795370321
TN,TCGA-LUAD,156.26088093252713,0.0029681331100549473,0.4638030945021876
TN,TCGA-LUAD,23.69627003602838,0.0150532784130759,0.3567065502037633
TN,TCGA-LUAD,49.89251091177099,0.006083764866155991,0.30353430496933675
TN,TCGA-LUAD,89.08621791997783,0.004726495320795905,0.42106559214617956
TN,TCGA-LUAD,88.47069277488075,0.00692500340910086,0.612659849071564
TN,TCGA-LUAD,117.32494782005922,0.003628141168997465,0.42567147333643623
TN,TCGA-LUAD,219.03510212244316,0.001965422220158942,0.4304964567062328
TN,TCGA-LUAD,64.0358100393726,0.009331840012182234,0.597571934337918
TN,TCGA-LUAD,141.06703446155558,0.003825022080265825,0.5395845216130701
TN,TCGA-LUAD,102.7062551912132,0.0058196721992702285,0.5977167380274571
TN,TCGA-LUAD,49.68056570796564,0.010931083172065283,0.5430623957890268
TN,TCGA-LUAD,196.81544355984826,0.00241018089249118,0.47436082141512254
TN,TCGA-LUAD,112.08191612451928,0.004114229045629478,0.4611306748093042
TN,TCGA-LUAD,103.55698690213295,0.005523110522559242,0.5719566840437
TN,TCGA-LUAD,80.07738657924828,0.006668477427911916,0.5339942448898938
TN,TCGA-LUAD,114.98863518659844,0.005426825781043218,0.6240232899576057
TN,TCGA-LUAD,76.46780727340155,0.003791171559729166,0.289902576169771
TN,TCGA-LUAD,332.8876825069545,0.0011744536755812851,0.39096116227602856
TN,TCGA-LUAD,161.23960491074016,0.0031670681581807735,0.5106568185504534
TN,TCGA-LUAD,102.5937834937623,0.00552762196713361,0.5670996513314701
TN,TCGA-LUAD,162.08988266630902,0.0027065416364549467,0.4387030162844623
TN,TCGA-LUAD,121.33321882110837,0.004748114641457889,0.5761040327797186
TN,TCGA-LUAD,132.55139483006744,0.004406731455271879,0.5841184010378205
TN,TCGA-LUAD,42.30090559711657,0.010830579498447365,0.45814332092588805
TN,TCGA-LUAD,104.02741618011879,0.0060786349353155415,0.6323446862230793
TN,TCGA-LUAD,178.81473029900482,0.0033345095626073637,0.5962594281170883
TN,TCGA-LUAD,101.23911728211647,0.006757136204527715,0.6840865047014166
TN,TCGA-LUAD,92.16050586422772,0.007076629843243606,0.6521857861672212
TN,TCGA-LUAD,121.06016008802894,0.0045025622381452204,0.5450809053561743
TN,TCGA-LUAD,40.22279080252243,0.013424803214211538,0.5399830512502615
TN,TCGA-LUAD,203.00511288907043,0.002368316230408963,0.48078030371118924
TN,TCGA-LUAD,145.03320543517825,0.004384517782306034,0.6359006682553832
TN,TCGA-LUAD,118.29870198059362,0.004020501948773178,0.4756201618503141
TN,TCGA-LUAD,76.58270280713741,0.006874862783850745,0.526495573415491
TN,TCGA-LUAD,151.36967078436783,0.0036926587254037762,0.558956535583393
TN,TCGA-LUAD,120.39895749832698,0.004921287838324443,0.592517925283458
TN,TCGA-LUAD,84.59713701236977,0.005254338222340662,0.44450197050468443
TN,TCGA-LUAD,177.28786516926652,0.0020677992233072125,0.36659570989880313
TN,TCGA-LUAD,74.2990388974997,0.005015787306035779,0.37266817615273756
TN,TCGA-LUAD,130.03450354829917,0.003012875067259643,0.3917777136241562
TN,TCGA-LUAD,88.3619959416408,0.007465018773500686,0.65962395856834
TN,TCGA-LUAD,143.1601805001039,0.00365885419859436,0.5238022274943316
TN,TCGA-LUAD,65.87915968552124,0.005511046222378395,0.3630630941183549
TN,TCGA-LUAD,39.37645634981453,0.01623913214913393,0.6394394782292421
TN,TCGA-LUAD,239.01183234634658,0.0020511660784993764,0.4902529628688061
TN,TCGA-LUAD,106.77623218062983,0.003866864366123728,0.4128892073682312
TN,TCGA-LUAD,184.31926029337546,0.0026844841314946563,0.4948021293863995
TN,TCGA-LUAD,118.20129691281228,0.004833569004024223,0.5713341249932335
TN,TCGA-LUAD,156.32097742499124,0.004027671753896257,0.6296095853160917
TN,TCGA-LUAD,64.99336572519253,0.00829267839494964,0.5389690797643646
TN,TCGA-LUAD,34.4447032585737,0.008270257842182745,0.2848665772458767
TN,TCGA-LUAD,175.7390735329514,0.0025970016969348825,0.4563946721828389
TN,TCGA-LUAD,148.6610531330978,0.002733573487413661,0.40637591345562973
TN,TCGA-LUAD,145.82746523484317,0.004076468102613461,0.5944610105148116
TN,TCGA-LUAD,122.26034728125995,0.004458225472404005,0.5450641945142729
TN,TCGA-LUAD,188.62763127138385,0.0026335412867920004,0.4967586547829672
TN,TCGA-LUAD,157.59211301670982,0.0029728997069365863,0.468505546602894
TN,TCGA-LUAD,177.31144880302205,0.0031587889508376673,0.5600894453360048
TN,TCGA-LUAD,109.05896228710597,0.005950691694824184,0.6489762611280253
TN,TCGA-LUAD,297.9103943497599,0.0015799307696492955,0.4706777986315413
TN,TCGA-LUAD,107.78607224431256,0.005891088847184696,0.6349773280803136
TN,TCGA-LUAD,158.35123462951935,0.00333942507549136,0.5288020836568328
TN,TCGA-LUAD,121.77301941201574,0.005726377014210235,0.6973182193119437
TN,TCGA-LUAD,125.39367520768465,0.004322712758719925,0.5420408396830407
TN,TCGA-LUAD,20.28544662699435,0.019132132560822017,0.38810385392313573
TN,TCGA-LUAD,142.7851920953952,0.004432807838279715,0.6329393187107426
TN,TCGA-LUAD,208.8810327117468,0.0017721250477909813,0.3701633100769338
TN,TCGA-LUAD,202.40531297760256,0.002928684328971612,0.5927812682180991
TN,TCGA-LUAD,55.02020014894096,0.010480724340099317,0.5766515508981416
TN,TCGA-LUAD,94.30196777125538,0.005518459183370747,0.5204015600572165
TN,TCGA-LUAD,103.78203786511158,0.005829732990302825,0.6050215699430979
TN,TCGA-LUAD,127.395403618968,0.0039461167463541716,0.5027171356293585
TN,TCGA-LUAD,211.71445254007585,0.0029166271098932783,0.6174921118345991
TN,TCGA-LUAD,114.96568805397061,0.003925471667063944,0.45129455114037337
TN,TCGA-LUAD,65.82112829521844,0.005177221298686112,0.34077054731355605
TN,TCGA-LUAD,114.98876937890887,0.003655953857859124,0.420393635021295
TN,TCGA-LUAD,74.37134851240619,0.006445216204850154,0.47933942060871876
TN,TCGA-LUAD,136.08385513367654,0.0042369342353740305,0.5765783446975541
TN,TCGA-LUAD,166.65990076444766,0.0031439678691192025,0.5239733730740183
TN,TCGA-LUAD,112.25939635887701,0.0050339560483611484,0.5651088672861404
TN,TCGA-LUAD,156.82251750921392,0.00391177997983231,0.6134551843794449
TN,TCGA-LUAD,48.87633280206854,0.004412970980353397,0.2156898382816233
TN,TCGA-LUAD,104.85473256014383,0.006050855521104084,0.6344608374254385
TN,TCGA-LUAD,101.75849588583426,0.004095767919027254,0.41677918293766675
TN,TCGA-LUAD,192.31119684075907,0.002765853962099935,0.5319046857381939
TN,TCGA-LUAD,107.72690719980189,0.005690900059991531,0.6130630626460547
TN,TCGA-LUAD,135.05845913137833,0.004617578290508927,0.6236430088346396
TN,TCGA-LUAD,167.53679594061234,0.0028831668441855985,0.48303653523706186
TN,TCGA-LUAD,34.354559505285074,0.007868084266029318,0.2703045691099014
TN,TCGA-LUAD,134.4665674084264,0.003762468476332724,0.5059262209948736
TN,TCGA-LUAD,110.93864018575873,0.0048770418002708335,0.541052385451151
TN,TCGA-LUAD,164.0217379656753,0.0037692035954711035,0.6182313244756426
TN,TCGA-LUAD,123.22983366927663,0.0043145496285007506,0.5316812330779868
TN,TCGA-LUAD,67.2660397929513,0.005175899322159653,0.3481622497687009
TN,TCGA-LUAD,159.10798923937614,0.004184796096928371,0.6658344923590626
TN,TCGA-LUAD,63.51410081043554,0.006520355328966599,0.41413450568384513
TN,TCGA-LUAD,142.974010883089,0.00388580101455552,0.5555685565445792
TN,TCGA-LUAD,177.62785584323174,0.0035860084330668115,0.6369749890014049
TN,TCGA-LUAD,153.2883194479078,0.003832868473196895,0.5875339669212203
TN,TCGA-LUAD,211.96663494670486,0.002277125981726743,0.48267473169632946
TN,TCGA-LUAD,170.790267758185,0.003156406397816358,0.539083493836704
TN,TCGA-LUAD,142.32013305441686,0.004040527008119331,0.5750483414055081
TN,TCGA-LUAD,57.1651387870333,0.008038368182306556,0.4595144327628269
TN,TCGA-LUAD,138.31506469910917,0.004047621595131314,0.5598470428080993
TN,TCGA-LUAD,194.44839078467618,0.0017039432563042808,0.33132902417676846
TN,TCGA-LUAD,93.54031997396794,0.007024128717595805,0.6570392477822486
TN,TCGA-LUAD,20.176405130311835,0.009839992727646085,0.19853567975230962
TN,TCGA-LUAD,108.79553413113952,0.005492815886902034,0.5975938382995156
TN,TCGA-LUAD,124.08313400147958,0.004811955885881208,0.5970825669970063
TN,TCGA-LUAD,192.96988226153042,0.003149193028269412,0.6076994078839809
TN,TCGA-LUAD,108.71519016571987,0.005385045254841174,0.5854362189310657
TN,TCGA-LUAD,187.02522444723465,0.0028210370622311224,0.5276050897377431
TN,TCGA-LUAD,90.71244904380299,0.005655996182428366,0.5130692654904774
TN,TCGA-LUAD,87.36185868348713,0.005041386460700582,0.44042489154856956
TN,TCGA-LUAD,165.53242994505115,0.0036592145355576443,0.6057186737611087
TN,TCGA-LUAD,148.29889638466287,0.004127694689519909,0.6121325670686362
TN,TCGA-LUAD,119.86920592970988,0.004740728345072024,0.5682673422522512
TN,TCGA-LUAD,141.61829600339192,0.004293335015740132,0.6080147891008133
TN,TCGA-LUAD,47.60391500889467,0.010691238142379256,0.508944791869675
TN,TCGA-LUAD,79.10723786126243,0.007227731914873112,0.5717659077873051
TN,TCGA-LUAD,140.43569571399505,0.003899333037180013,0.5476055478969405
TN,TCGA-LUAD,87.23005697487797,0.007663594478704386,0.6684957830097438
TN,TCGA-LUAD,147.44837466388367,0.004319254123032753,0.6368670002014577
TN,TCGA-LUAD,95.41573293888928,0.006251916097299843,0.5965311566963047
TN,TCGA-LUAD,214.6138751915458,0.002309994173392853,0.49575680122173177
TN,TCGA-LUAD,176.32868457574733,0.003602818116698509,0.6352801792831194
TN,TCGA-LUAD,30.331192630860336,0.013784828494068143,0.41811028843695325
TN,TCGA-LUAD,113.68009765558404,0.0054366377753979345,0.6180375132252743
TN,TCGA-LUAD,105.58080191347564,0.0057851212368911845,0.6107977393576494
TN,TCGA-LUAD,111.28909898433959,0.0048850476858471655,0.5436525554534642
TN,TCGA-LUAD,96.33820597640653,0.006538289540942827,0.6298870845287345
TN,TCGA-LUAD,136.45454690774167,0.0039057307121158273,0.5329547146654164
TN,TCGA-LUAD,123.54041902697169,0.0042805962617214095,0.5288266558583515
TN,TCGA-LUAD,145.5701330985838,0.003557254625293769,0.5178300292695668
TN,TCGA-LUAD,171.1914984009698,0.0035843919015397,0.6136174204808826
TN,TCGA-LUAD,189.66822866688057,0.003083903501484982,0.5849185145062472
TN,TCGA-LUAD,184.02092163501104,0.002422577974751942,0.44580503164653085
TN,TCGA-LUAD,213.41247286169943,0.002581260131897827,0.5508731078476317
TN,TCGA-LUAD,125.5154369313595,0.004859905373908017,0.6099931464511268
TN,TCGA-LUAD,209.79668825300053,0.002801109740205167,0.5876635469282667
TN,TCGA-LUAD,117.69791253455513,0.004385930025445139,0.5162148085175211
TN,TCGA-LUAD,81.3854717111142,0.00822637913148402,0.669507746090293
TN,TCGA-LUAD,127.0744766376033,0.0045834918805356464,0.5824448318917714
TN,TCGA-LUAD,105.31760393287868,0.004274371689969288,0.45016658470609483
TN,TCGA-LUAD,130.2402210454545,0.0029143376461906257,0.37956397924095664
TN,TCGA-LUAD,104.92192712392065,0.004762472507220209,0.4996877933322344
TN,TCGA-LUAD,127.76668123591983,0.004492247383565119,0.5739595394888595
TN,TCGA-LUAD,83.74509930979251,0.0074407459700122965,0.6231260101976182
TN,TCGA-LUAD,151.2222101993683,0.0040838348994138044,0.6175665395786705
TN,TCGA-LUAD,60.8698538433482,0.010539995156093215,0.641567964660992
TN,TCGA-LUAD,90.95055395125138,0.0048404880972204535,0.44024507383663897
TN,TCGA-LUAD,158.69660139739474,0.002803678026365112,0.44493417419669856
TN,TCGA-LUAD,171.03493525574413,0.003929969844852489,0.6721621379713724
TN,TCGA-LUAD,90.46518741846025,0.004756408563463356,0.4302893921324818
TN,TCGA-LUAD,144.26578146606883,0.00414873772752412,0.5985208903590298
TN,TCGA-LUAD,131.9677424983819,0.005037304811440923,0.664761744242096
TN,TCGA-LUAD,129.92774312527038,0.0034870267868959467,0.4530615206387535
TN,TCGA-LUAD,255.20886458264883,0.0013993140213663345,0.3571173425874826
TN,TCGA-LUAD,73.75023812363777,0.006939312111543449,0.511775920640573
TN,TCGA-LUAD,219.78387135765664,0.0025176684686935495,0.5533429228445714
TN,TCGA-LUAD,127.15405866756355,0.0035284921052937757,0.44866209216455955
TN,TCGA-LUAD,65.69012192095951,0.008525159116043596,0.5600187417284832
TN,TCGA-LUAD,166.6988869917997,0.0035008417618125035,0.5835864252285554
TN,TCGA-LUAD,27.51623377657226,0.010795398941339228,0.2970487209812509
TN,TCGA-LUAD,65.30471972294367,0.009469754369691732,0.6184196549578397
TN,TCGA-LUAD,67.25056929024807,0.007345679503017,0.4940011284015997
TN,TCGA-LUAD,164.11763141221655,0.0030589347337767366,0.5020251231519972
TN,TCGA-LUAD,109.83018019537275,0.0035124228209482446,0.38577003134708515
TN,TCGA-LUAD,147.25967696269245,0.0037493090643220504,0.5521220416453598
TN,TCGA-LUAD,140.36100369932294,0.003811803039082638,0.5350285004697686
TN,TCGA-LUAD,123.09168058256584,0.004415286310006775,0.5434850121519297
TN,TCGA-LUAD,240.0146220783726,0.0017719038287077713,0.4252828278065172
TN,TCGA-LUAD,96.58476456531162,0.005837223018642073,0.5637868109707622
TN,TCGA-LUAD,112.9969085053543,0.005668973108777598,0.6405764356918562
TN,TCGA-LUAD,49.335409976602975,0.013836698210556391,0.6826391789403283
TN,TCGA-LUAD,58.35413262535613,0.008686921939877381,0.5069177949857206
TN,TCGA-LUAD,151.35184222878016,0.0036772503453242284,0.55655861410124
TN,TCGA-LUAD,133.73902539947417,0.0030579974390708012,0.40897359717541687
TN,TCGA-LUAD,151.39762823926299,0.004057541752119882,0.6143021977527336
TN,TCGA-LUAD,71.58897488250689,0.006223199209897367,0.4455124519261794
TN,TCGA-LUAD,125.85351924053941,0.0047289017660664704,0.5951489294022674
TN,TCGA-LUAD,132.60265183115143,0.004416080273490457,0.5855839549640711
TN,TCGA-LUAD,100.7699446031762,0.004340513982560554,0.4373933535719387
TN,TCGA-LUAD,141.31617699903944,0.003975475630569254,0.5617990178648926
TN,TCGA-LUAD,78.92655167333959,0.008357595139913517,0.659636164675236
TN,TCGA-LUAD,124.9936965278957,0.004256136897623244,0.5319902837626992
TN,TCGA-LUAD,176.24399347898796,0.0030862557882909694,0.5439340450260425
TN,TCGA-LUAD,138.68187485943534,0.004025731766811919,0.5582960291026641
TN,TCGA-LUAD,119.60141328823983,0.004799991836453809,0.5740858074118893
TN,TCGA-LUAD,107.59737125893317,0.005577123115838438,0.6000837864516465
TN,TCGA-LUAD,31.1766581341076,0.015939835930673153,0.49695081552436177
TN,TCGA-LUAD,143.4897426827916,0.0039802602761635445,0.571126522837244
TN,TCGA-LUAD,121.78079575923338,0.004672763051619627,0.5690528028205819
TN,TCGA-LUAD,106.12122513766626,0.005160613069693615,0.5476505814173391
TN,TCGA-LUAD,136.95359100368512,0.00426530435170555,0.5841487476897202
TN,TCGA-LUAD,114.5429694365781,0.005568181123405787,0.6377960002356001
TN,TCGA-LUAD,96.73106446582221,0.004285694123776067,0.4145597545677782
TN,TCGA-LUAD,100.56532471874115,0.003770049799668662,0.379136282309504
TN,TCGA-LUAD,53.24483249731655,0.005517589225727388,0.2937831141128533
TN,TCGA-LUAD,104.03560638236034,0.0060562288804964295,0.6300634439728093
TN,TCGA-LUAD,143.29677354291988,0.002801015001940601,0.4013764124234036
TN,TCGA-LUAD,250.08714758428434,0.0019890216917610496,0.4974287613757885
TN,TCGA-LUAD,181.0700264304162,0.0037415290324755426,0.6774787608005161
TN,TCGA-LUAD,328.00698424803386,0.0015590980624477053,0.5113950536104246
TN,TCGA-LUAD,25.664078152777147,0.0127225518948208,0.32651256613144397
TN,TCGA-LUAD,128.65218468929314,0.004600546062628219,0.591870301720846
TN,TCGA-LUAD,79.82475508919971,0.005304613154942279,0.4234394459362144
TN,TCGA-LUAD,183.4991752979984,0.0033654368717842597,0.6175548904898872
TN,TCGA-LUAD,122.5955308380375,0.004875985921295938,0.5977740823800729
TN,TCGA-LUAD,137.9098271649064,0.004374020954541976,0.6032204738565629
TN,TCGA-LUAD,96.50382036984568,0.005755919153264575,0.5554681880299988
TN,TCGA-LUAD,86.90748467754993,0.005397157418237496,0.46905337562780014
TN,TCGA-LUAD,86.41992283566849,0.005168160938248658,0.4466320694857651
TN,TCGA-LUAD,209.86366940706452,0.002746034144479082,0.5762928018774693
TN,TCGA-LUAD,157.70099470300502,0.0034015053752696873,0.536420781167648
TN,TCGA-LUAD,109.06909478369062,0.0059661574707466055,0.6507233946712854
TN,TCGA-LUAD,57.12816412550673,0.004113682143477051,0.23500710865272328
TN,TCGA-LUAD,152.94742867551406,0.0036473584406358527,0.5578540949531863
TN,TCGA-LUAD,91.67550325627478,0.0038234765455614516,0.3505191365029091
TN,TCGA-LUAD,47.86667835256259,0.012559696556911061,0.6011909552954495
TN,TCGA-LUAD,193.7777865212034,0.002690833853772103,0.5214238280802777
TN,TCGA-LUAD,144.29947911837047,0.0033712877582673132,0.4864750674761122
TN,TCGA-LUAD,168.85083294009218,0.00334890328662321,0.5654651093821412
TN,TCGA-LUAD,221.3719523467159,0.0024476271398125244,0.5418359985571066
TN,TCGA-LUAD,43.18262336415058,0.007990228640384454,0.34503903397117086
TN,TCGA-LUAD,102.77526306767486,0.004808026084866808,0.49414614570842896
TN,TCGA-LUAD,65.84381656024065,0.00516572756868812,0.3401312184328785
TN,TCGA-LUAD,180.4705817670935,0.002720170390514704,0.49091073288181053
TN,TCGA-LUAD,107.52003630824389,0.004219487368104968,0.45367943502082253
TN,TCGA-LUAD,255.74260407304752,0.001897375302421876,0.48523970074525663
TN,TCGA-LUAD,81.690204574647,0.004657434797633557,0.38046680141176487
TN,TCGA-LUAD,128.57737356094515,0.003992411825762585,0.5133338267302109
TN,TCGA-LUAD,129.99797494946264,0.00403016426143962,0.5239131927008474
TN,TCGA-LUAD,150.58086590718645,0.00286630708724127,0.43161100315269585
TN,TCGA-LUAD,150.56781365395534,0.0037478440842786172,0.5643046896857418
TN,TCGA-LUAD,147.57524217374953,0.0037639300414457058,0.5554628873914011
TN,TCGA-LUAD,189.28229872238322,0.003060405081494591,0.5792805088469587
TN,TCGA-LUAD,87.91811432710655,0.007382963380448981,0.6490962185551545
TN,TCGA-LUAD,119.06462811474478,0.0031340377725776903,0.37315304188952575
TN,TCGA-LUAD,207.60649467854057,0.002291653243368763,0.47576209687449733
TN,TCGA-LUAD,126.67130232279197,0.00459161896954724,0.5816263546425849
TN,TCGA-LUAD,181.99978553668228,0.0030917214926790525,0.5626926486067387
TN,TCGA-LUAD,50.76432578074775,0.013301548132713337,0.6752441227973567
TN,TCGA-LUAD,101.85350722017922,0.005937612248198346,0.6047666319924948
TN,TCGA-LUAD,92.98601912930727,0.0041453880921145415,0.38546313643176533
TN,TCGA-LUAD,141.61069365815783,0.0014748620423544298,0.20885623686789814
TN,TCGA-LUAD,164.5416056801634,0.0035291536202446804,0.5806926033670213
TN,TCGA-LUAD,91.48996414081778,0.005836350471060295,0.5339674953105513
TN,TCGA-LUAD,95.98450514158242,0.005522469985658378,0.5300715487326612
TN,TCGA-LUAD,142.27110864296816,0.004297034168947651,0.6113438150928976
TN,TCGA-LUAD,28.604157977799694,0.01650080675804394,0.47199168326823365
TN,TCGA-LUAD,90.8669866623873,0.004815351755579982,0.4375565037489895
TN,TCGA-LUAD,167.5348670811483,0.0031207288303651964,0.5228308897915406
TN,TCGA-LUAD,162.1383202196658,0.0034116217211572894,0.5531546150933679
TN,TCGA-LUAD,280.94877234498466,0.001295047347724774,0.3638419624719037
TN,TCGA-LUAD,139.02965394840578,0.002923539522764481,0.4064586881544332
TN,TCGA-LUAD,79.64717458225307,0.0055493176100871715,0.44198746850298437
TN,TCGA-LUAD,147.46313666873147,0.003561351800570984,0.5251681072930319
TN,TCGA-LUAD,81.0199947757409,0.005232143205433231,0.4239082151701286
TN,TCGA-LUAD,14.153366027726888,0.010421321821208583,0.14749678222830245
TN,TCGA-LUAD,96.05347814443991,0.00623841055056875,0.5992210314750988
TN,TCGA-LUAD,180.70124304494982,0.003274662942547058,0.5917356642714865
TN,TCGA-LUAD,69.62057057871911,0.007460123759917168,0.5193780727532926
TN,TCGA-LUAD,124.56731982322657,0.004780176202361002,0.5954537378108795
TN,TCGA-LUAD,147.65700687293204,0.0034632746933118607,0.511376775193201
TN,TCGA-LUAD,123.10627374815745,0.0043717905413138795,0.5381948431485919
TN,TCGA-LUAD,110.40831431232895,0.004193799310348256,0.4630303124197587
TN,TCGA-LUAD,138.60964449141528,0.00423478354799566,0.5869818420857726
TN,TCGA-LUAD,35.818521628518795,0.012220924921985411,0.4377354636386388
TN,TCGA-LUAD,161.2994954652584,0.0032481403285229515,0.5239233961911107
TN,TCGA-LUAD,151.45840740574835,0.0036553839168618086,0.5536386265044759
TN,TCGA-LUAD,112.47420899989226,0.002712487623775762,0.30508489990617615
TN,TCGA-LUAD,141.2789802598126,0.003325408868836461,0.46981037393615216
TN,TCGA-LUAD,122.30046807906972,0.004559189820923473,0.5575910491602708
TN,TCGA-LUAD,184.6087315248961,0.003141077445334141,0.5798703228045969
TN,TCGA-LUAD,206.98402931389003,0.0028092928325639307,0.5814787500067138
TN,TCGA-LUAD,177.91680265378835,0.003738316147220526,0.6651092562225047
TN,TCGA-LUAD,104.67825605055414,0.004728900449850202,0.4950130521270001
TN,TCGA-LUAD,164.9041184486564,0.0033399418372201074,0.5507701643365677
TN,TCGA-LUAD,85.77658487856125,0.005887221358180308,0.5049857425288319
TN,TCGA-LUAD,139.8663969464322,0.003471553125488857,0.4855536274702518
TN,TCGA-LUAD,189.20004788103398,0.0023698901851568225,0.4483833365044633
TN,TCGA-LUAD,112.5303976237898,0.005768533094284647,0.6491353228058419
TN,TCGA-LUAD,72.33857746568505,0.004884157464036825,0.35331300306683167
TN,TCGA-LUAD,141.05728000417983,0.003916850105389666,0.5525002220503514
TN,TCGA-LUAD,105.0208266029162,0.0063466246311030625,0.6665277648968717
TN,TCGA-LUAD,109.29094536788347,0.005464496491851832,0.5972199875539694
TN,TCGA-LUAD,127.73513724537365,0.004246580979752553,0.5424376042722857
TN,TCGA-LUAD,114.14053123139972,0.004850546003899421,0.553643897647423
TN,TCGA-LUAD,66.15320975774574,0.008141709789735913,0.5386002355070918
TN,TCGA-LUAD,104.58414834648104,0.005349165315523467,0.5594378988885573
TN,TCGA-LUAD,158.6427199546629,0.0025851895966749277,0.4101215092150085
TN,TCGA-LUAD,38.2613143808615,0.013138562167043137,0.5026986575857304
TN,TCGA-LUAD,84.37610235581761,0.005798897217776217,0.48928834519795206
TN,TCGA-LUAD,244.6861669497737,0.00210874196996641,0.5159799897171957
TN,TCGA-LUAD,71.11421113177542,0.0063540259661522885,0.45186154409373713
TN,TCGA-LUAD,85.75235189240634,0.007256832376338838,0.6222904435600154
TN,TCGA-LUAD,60.98308023042557,0.010056583453243097,0.613281435573094
TN,TCGA-LUAD,174.50855974617917,0.0021203267852752616,0.370015173489632
TN,TCGA-LUAD,149.36983787496106,0.0031801637140769622,0.47502053838750985
TN,TCGA-LUAD,96.58533178352828,0.004691332905470592,0.4531139451818608
TN,TCGA-LUAD,141.65103634563175,0.0035759602330919724,0.5065384729482447
TN,TCGA-LUAD,136.35669531576005,0.004476272991212489,0.6103697924129272
TN,TCGA-LUAD,78.75056825667791,0.00707467702480645,0.5571348359359714
TN,TCGA-LUAD,108.8900635790729,0.005853402855186457,0.6373774090551801
TN,TCGA-LUAD,142.0004185120321,0.004047005618585444,0.5746764915596785
TN,TCGA-LUAD,195.6975305584111,0.0029438044119164085,0.5760952538589967
TN,TCGA-LUAD,222.8493058030433,0.0022207938188178455,0.4949023608552464
TN,TCGA-LUAD,157.49158714178637,0.0036616193734984675,0.5766742466413871
TN,TCGA-LUAD,164.4466359670916,0.0021305422995484876,0.3503605139463404
TN,TCGA-LUAD,28.49453347701867,0.009016557766140633,0.25692260711476694
TN,TCGA-LUAD,108.03892233751505,0.006221932153379505,0.6722108447082561
TN,TCGA-LUAD,105.81375027873678,0.005386482461613926,0.5699639100740113
TN,TCGA-LUAD,82.67176002845036,0.006381945021822537,0.5276066273588762
TN,TCGA-LUAD,121.60180134283485,0.0017018709486623226,0.20695057301037764
TN,TCGA-LUAD,109.47143899028991,0.005420717595612893,0.5934137555517278
TN,TCGA-LUAD,142.85472366732782,0.004183713152475224,0.597663186300213
TN,TCGA-LUAD,141.54103800002616,0.0033190501764277965,0.46978180714576023
TN,TCGA-LUAD,122.19528010837162,0.005179856428967241,0.6329540072588016
TN,TCGA-LUAD,96.42658909391191,0.00615979388938671,0.5939679142750818
TN,TCGA-LUAD,166.55001694671677,0.00309640248284055,0.5157058859909495
TN,TCGA-LUAD,64.78260646121619,0.00858281614372677,0.5560172005680245
TN,TCGA-LUAD,104.89933376944468,0.0053465245714413925,0.5608468655261678
TN,TCGA-LUAD,62.627155297165956,0.009323584643456288,0.5839095833920086
TN,TCGA-LUAD,127.85411754533561,0.004048891889390095,0.5176674995544372
TN,TCGA-LUAD,150.92244778589517,0.003794963112818613,0.5727451222437654
TN,TCGA-LUAD,171.71891453032345,0.0034943843337560477,0.600051884744356
TN,TCGA-LUAD,110.54231626370527,0.00611265538910007,0.6757070852329423
TN,TCGA-LUAD,150.51960027191845,0.0039901512409426364,0.600595969811185
TN,TCGA-LUAD,193.94768700022064,0.002765430970755919,0.5363489403368853
TN,TCGA-LUAD,157.2140452432077,0.0036972293222603606,0.5812563779443545
TN,TCGA-LUAD,191.59500849550406,0.0025105143326186667,0.4810020148861581
TN,TCGA-LUAD,54.89067771194366,0.008812539436780606,0.48372626204811775
TN,TCGA-LUAD,198.2929090213296,0.0032245962980161167,0.639414580353026
TN,TCGA-LUAD,24.00532018317833,0.022152089630940217,0.5317680043171846
TN,TCGA-LUAD,124.75742866589557,0.004065920141973927,0.5072537420735402
TN,TCGA-LUAD,22.19762316640707,0.021106064625822686,0.4685044690898464
TN,TCGA-LUAD,144.00720388212582,0.004345782762060889,0.6258240242435302
TN,TCGA-LUAD,24.639216266662892,0.0076775988005127445,0.18917001725450514
TN,TCGA-LUAD,118.79624233004971,0.0026326956443059944,0.31275434974224126
TN,TCGA-LUAD,177.06112415170423,0.0029514195438832313,0.5225816622832751
TN,TCGA-LUAD,115.87392038991646,0.0041364778362398425,0.4793099034911094
TN,TCGA-LUAD,116.59843418788657,0.00500738179256161,0.5838528763936164
TN,TCGA-LUAD,151.29283755074724,0.003846497694724908,0.5819475508673393
TN,TCGA-LUAD,145.0247669218291,0.0035862246439932223,0.5200913931244366
TN,TCGA-LUAD,171.2693109246129,0.003456513486205769,0.5919946829840935
TN,TCGA-LUAD,184.42673617003354,0.0026025831978412654,0.47998592478883323
TN,TCGA-LUAD,55.482764733940236,0.009460988632527222,0.5249218064489908
TN,TCGA-LUAD,146.60991310134588,0.0033009976060555547,0.48395897217155565
TN,TCGA-LUAD,72.57478135988707,0.009310677255953618,0.6757203661633071
TN,TCGA-LUAD,52.842419000316575,0.011034335803107635,0.5830809958980083
TN,TCGA-LUAD,128.2519440855503,0.0034373321799554854,0.44084453454711364
TN,TCGA-LUAD,129.77538221362704,0.0047558699382761905,0.6171948389980915
TN,TCGA-LUAD,211.30132939843426,0.0022717705394697143,0.4800281350781488
TN,TCGA-LUAD,151.24668020957577,0.0036877810084967287,0.5577646348750516
TN,TCGA-LUAD,149.08349088207765,0.0029252197772903473,0.43610197599573874
TN,TCGA-LUAD,143.29085832254967,0.004431713258308928,0.6350239966225096
TN,TCGA-LUAD,78.79966283851876,0.005467671195200289,0.4308506466936637
TN,TCGA-LUAD,145.61156048430587,0.003991228312898196,0.5811689828902498
TN,TCGA-LUAD,84.24808329646568,0.006003719078018369,0.5058018249734717
TN,TCGA-LUAD,116.11289675487579,0.004767475384239458,0.553565377071608
TN,TCGA-LUAD,140.59593292897424,0.004003571610874112,0.5628858856788019
TN,TCGA-LUAD,129.22664661206898,0.004458648506165128,0.5761761948736303
TN,TCGA-LUAD,143.9683569635004,0.004386007655989765,0.6314463158621803
TN,TCGA-LUAD,231.6844164763255,0.002578368042366369,0.5973676953568579
TN,TCGA-LUAD,108.48904371314201,0.004170573318221941,0.45246151102944393
TN,TCGA-LUAD,63.896760542310034,0.006894814230814835,0.44055629389008705
TN,TCGA-LUAD,97.01817154334135,0.005906410601748934,0.5730291569658881
TN,TCGA-LUAD,54.410049352865215,0.009906432393630312,0.539009475448248
TN,TCGA-LUAD,175.7236124883799,0.0029475117128904527,0.5179474060409228
TN,TCGA-LUAD,196.2393160702806,0.0029757256547218495,0.5839543672954037
TN,TCGA-LUAD,144.65007719906555,0.004474340410699709,0.6472136858226115
TN,TCGA-LUAD,208.95468290917893,0.0020020534910152894,0.4183384523823145
TN,TCGA-LUAD,148.43000423993104,0.0034224401763005615,0.5079928098792027
TN,TCGA-LUAD,135.96438706929334,0.004246795507550995,0.5774129481927996
TN,TCGA-LUAD,191.9375972339459,0.0029767741233524643,0.5713548727444576
TN,TCGA-LUAD,102.90477663435254,0.004840071735752184,0.49806650086182147
TN,TCGA-LUAD,66.95811539585047,0.0032198069661978526,0.215592206395039
TN,TCGA-LUAD,115.2006100310513,0.003953056143191176,0.45539447918261833
TN,TCGA-LUAD,85.50179478848095,0.007173922040998951,0.6133832101780528
TN,TCGA-LUAD,145.07255000997935,0.0034882459724733437,0.5060487382887482
TN,TCGA-LUAD,124.00370980266676,0.005037495944597473,0.6246681852459757
TN,TCGA-LUAD,130.01139421585177,0.004433317878150131,0.5763818383403602
TN,TCGA-LUAD,155.1240523754513,0.0026024049252320247,0.40369559792382503
TN,TCGA-LUAD,157.43566343597774,0.0029274926908351663,0.4608917539856101
TN,TCGA-LUAD,166.9704014248046,0.0035503145398867028,0.5927974439092032
TN,TCGA-LUAD,16.161445468644782,0.018497241889094053,0.2989421661109255
TN,TCGA-LUAD,68.65743071562868,0.00869140560178475,0.5967295779259635
TN,TCGA-LUAD,90.10922453820753,0.007479797347727609,0.6739987387066763
TN,TCGA-LUAD,97.68469809403555,0.005198377566228089,0.5078019431357982
TN,TCGA-LUAD,102.44433506054405,0.006097539671136167,0.6246583971148331
TN,TCGA-LUAD,196.54089468406744,0.002363860925735283,0.4645953412527204
TN,TCGA-LUAD,146.40092830723822,0.004307362978139726,0.6306019385558861
TN,TCGA-LUAD,163.81994914714315,0.002979732862577593,0.48813968601953256
TN,TCGA-LUAD,68.1212361368287,0.008787429486271396,0.598610559070025
TN,TCGA-LUAD,104.37759570323098,0.004360461628758228,0.4551345009659784
TN,TCGA-LUAD,431.31095213967353,0.0009331733359489112,0.40248788003948033
TN,TCGA-LUAD,314.49488712167135,0.001512972327391917,0.4758220613213333
TN,TCGA-LUAD,78.26419339476266,0.006810739538760332,0.5330370364228952
TN,TCGA-LUAD,194.4188135703896,0.0028113200305948565,0.5465735049149234
TN,TCGA-LUAD,99.99669985530274,0.0046382217642429065,0.46380686962133066
TN,TCGA-LUAD,100.31793797097428,0.0066084207472669396,0.6629431426104244
TN,TCGA-LUAD,129.3615534838792,0.004432236426192879,0.5733609895001477
TN,TCGA-LUAD,205.06764273186727,0.002285845917920727,0.4687530340362649
TN,TCGA-LUAD,100.1583152987237,0.005589704581153779,0.5598553938659205
TN,TCGA-LUAD,78.67086573688063,0.006733533531252571,0.5297329123719547
TN,TCGA-LUAD,136.56000255375815,0.004712267881500486,0.6435073139316989
TN,TCGA-LUAD,165.84113261188085,0.0036795408342362897,0.6102192194414112
TN,TCGA-LUAD,222.71699915289733,0.0026872750387487397,0.5985018325286052
TN,TCGA-LUAD,173.45728678652486,0.0028433411769743277,0.49319824596637113
TN,TCGA-LUAD,101.4878136962427,0.006229896835921886,0.6322586094308522
TN,TCGA-LUAD,168.13964685088743,0.0022981792419235073,0.38641504613705874
TN,TCGA-LUAD,130.74339922039823,0.004162145954552103,0.544173110149571
TN,TCGA-LUAD,209.90149116436226,0.0025321118003406133,0.5314940426863727
TN,TCGA-LUAD,115.226620911268,0.002315865218747131,0.2668493236421664
TN,TCGA-LUAD,204.8164373217779,0.0024257858241389,0.4968408102058024
TN,TCGA-LUAD,104.70341306135371,0.005930681578548578,0.6209626030541331
TN,TCGA-LUAD,78.07967824173919,0.005508097911774964,0.4300705126753847
TN,TCGA-LUAD,128.94028603658845,0.004458262365040922,0.5748496245745338
TN,TCGA-LUAD,194.5149188455556,0.0027434044249923482,0.5336330890879247
TN,TCGA-LUAD,167.62695286735064,0.003662863308683422,0.6139946152042239
TN,TCGA-LUAD,102.62313107597879,0.0049780329189480005,0.510861324741738
TN,TCGA-LUAD,115.15690789272111,0.005283192787371865,0.6083961451948703
TN,TCGA-LUAD,97.6826995440893,0.006134634725582196,0.5992476807117824
TN,TCGA-LUAD,24.803055939146294,0.020999359726744538,0.5208482939887006
TN,TCGA-LUAD,113.47222882129914,0.005843321828837079,0.6630547516382932
TN,TCGA-LUAD,142.405535925811,0.00402895487032625,0.5737454775297159
TN,TCGA-LUAD,108.01939119786294,0.005302403717301615,0.5727624214282058
TN,TCGA-LUAD,126.11163952060032,0.004830594805972752,0.60919423084092
TN,TCGA-LUAD,126.43913050392415,0.005036031795902545,0.6367514814640334
TN,TCGA-LUAD,56.959897301199646,0.006188786685372648,0.3525126540178578
TN,TCGA-LUAD,27.15748488766256,0.006455763519412823,0.175322300216777
TN,TCGA-LUAD,129.87140970888984,0.004595328583698547,0.5968018012404865
TN,TCGA-LUAD,147.40057764137896,0.004166994349961207,0.6142173742126443
TN,TCGA-LUAD,142.6557055879921,0.004221426334238408,0.6022105522985111
TN,TCGA-LUAD,128.33700657982044,0.005258911330857221,0.6749129380709153
TN,TCGA-LUAD,95.66435311967727,0.006146340998775987,0.587985735700856
TN,TCGA-LUAD,188.4661808288988,0.0029059713041931904,0.5476773132996647
TN,TCGA-LUAD,166.7750333383051,0.0029368310486604485,0.48979009604931584
TN,TCGA-LUAD,150.2257430141658,0.004375927526531578,0.657376964049347
TN,TCGA-LUAD,22.65141965378821,0.019094949527791748,0.4325277150219159
TN,TCGA-LUAD,102.45756632176143,0.006127154073623919,0.6277732948619734
TN,TCGA-LUAD,157.23972887459007,0.002506130151314019,0.39406322551705175
TN,TCGA-LUAD,133.79157267234294,0.0044573209479075,0.5963519795259228
TN,TCGA-LUAD,125.2311723663705,0.0023308168341102755,0.2918909247069019
TN,TCGA-LUAD,134.0600763395968,0.0031696642614498466,0.42492543286085815
TN,TCGA-LUAD,59.378062022247235,0.005614955471237568,0.33340517422330074
TN,TCGA-LUAD,211.93638006221622,0.002751452685750108,0.5831329221303404
TN,TCGA-LUAD,183.60231283162162,0.002754968912842961,0.5058186641771858
TN,TCGA-LUAD,90.1507486923227,0.007154312996381902,0.644966673003043
TN,TCGA-LUAD,81.61506304558414,0.005223139961247387,0.42628689723311536
TN,TCGA-LUAD,112.18133955529221,0.004883825672934965,0.5478741061443708
TN,TCGA-LUAD,128.8470986563498,0.0034887886230103326,0.44952029190016307
TN,TCGA-LUAD,159.4881838734968,0.0037555964821290094,0.5989732622964492
TN,TCGA-LUAD,135.50527088657995,0.0040633017957240995,0.5505988105235209
TN,TCGA-LUAD,174.73313554675053,0.0030049248374667418,0.5250599389328735
TN,TCGA-LUAD,203.6116382773783,0.0027343415774911933,0.5567437682029328
TN,TCGA-LUAD,82.42862706147916,0.0044649739197303315,0.36804167006868227
TN,TCGA-LUAD,94.17549261943063,0.006328612569591775,0.5960002063388261
TN,TCGA-LUAD,115.18271034598008,0.005254909846001717,0.6052747586862546
TN,TCGA-LUAD,116.37306346042315,0.0034086789774791116,0.396678414962387
TN,TCGA-LUAD,120.73891869786762,0.005181244134983276,0.6255778143675492
TN,TCGA-LUAD,99.34781449668635,0.004622532641160301,0.45923851533887117
TN,TCGA-LUAD,201.54991395396226,0.0024488062689869347,0.49355669280424
TN,TCGA-LUAD,139.99378298287908,0.004655851896737206,0.6517903200322543
TN,TCGA-LUAD,168.98500193942672,0.002163847329282997,0.3656577451355106
TN,TCGA-LUAD,66.1590910973184,0.005998876787838668,0.3968802358882072
TN,TCGA-LUAD,84.2335152511695,0.006892975354956276,0.580619544687645
TN,TCGA-LUAD,30.841821884979975,0.01037930403882604,0.320116646455526
TN,TCGA-LUAD,152.63503675737294,0.0033558723046249535,0.5122236925694796
TN,TCGA-LUAD,59.44650966932447,0.006939185342636172,0.4125103485682558
TN,TCGA-LUAD,175.85837692364882,0.002799007251908182,0.49222887231809553
TN,TCGA-LUAD,156.21768879763957,0.0030764784871453806,0.48060035889751007
TN,TCGA-LUAD,185.5730531351482,0.0034702926969558774,0.6439928110467098
TN,TCGA-LUAD,128.23075439427117,0.004676757624568708,0.599704158317605
TN,TCGA-LUAD,89.65230740865712,0.003619157891458393,0.32446585584549514
TN,TCGA-LUAD,96.6921919734585,0.007027333345549501,0.6794882649093588
TN,TCGA-LUAD,140.67452495838782,0.003845464957956809,0.5409589562047009
TN,TCGA-LUAD,135.0580094532829,0.0039163596263695494,0.5289357354406741
TN,TCGA-LUAD,143.85811734264664,0.004484245294742778,0.6450950858043176
TN,TCGA-LUAD,131.8721687714527,0.0025509627342221427,0.3364009882170288
TN,TCGA-LUAD,94.8894473309695,0.007324850991618923,0.6950510623764236
TN,TCGA-LUAD,110.90462879759,0.005452525500535623,0.6047103166462968
TN,TCGA-LUAD,149.2236638314782,0.00330543050255535,0.4932484501316336
TN,TCGA-LUAD,158.02257553923397,0.002811777404458932,0.44432430729562283
TN,TCGA-LUAD,206.54948246425226,0.002714691683744592,0.5607181623274551
TN,TCGA-LUAD,159.6096589304561,0.0035240621418604423,0.5624743565120778
TN,TCGA-LUAD,98.6226174372223,0.006030602231316409,0.5947537767751774
TN,TCGA-LUAD,65.90925733470173,0.005230266052063478,0.3447229511544062
TN,TCGA-LUAD,57.989995962276126,0.011448184599982845,0.6638801787283969
TN,TCGA-LUAD,70.10089711873832,0.006417742966739887,0.4498895394459392
TN,TCGA-LUAD,7.883372993800223,0.014658105024961659,0.11555530929407008
TN,TCGA-LUAD,193.00718788640114,0.0028608662447860687,0.5521677488252876
TN,TCGA-LUAD,101.04943076697685,0.0060464376411323885,0.6109890818044501
TN,TCGA-LUAD,101.52557129543477,0.006007178378721975,0.6098822167733321
TN,TCGA-LUAD,9.087701566177067,0.021894719611601183,0.19897267770535582
TN,TCGA-LUAD,159.0072704171241,0.004192606767254152,0.6666549579934454
TN,TCGA-LUAD,147.6023004153791,0.004121785281543083,0.6083849893740101
TN,TCGA-LUAD,137.21489950716884,0.0031708546544711655,0.4350885027650996
TN,TCGA-LUAD,112.82676932567853,0.005197212163034566,0.5863846578553118
TN,TCGA-LUAD,162.70664541386674,0.0028034081093726896,0.4561331292020608
TN,TCGA-LUAD,163.0957355712653,0.0034112950770710773,0.5563676798455435
TN,TCGA-LUAD,176.41840264934075,0.0034970641969801035,0.6169464795934294
TN,TCGA-LUAD,44.86926792614035,0.011234853342590317,0.5040996447395785
TN,TCGA-LUAD,182.07096417574982,0.003084875887762629,0.561666327247464
TN,TCGA-LUAD,141.41659234572785,0.0025929317449076322,0.3666835715498994
TN,TCGA-LUAD,166.69162586826465,0.0032318482960188343,0.5387220470229601
TN,TCGA-LUAD,172.65857172121835,0.0031936206583196933,0.5514059814848553
TN,TCGA-LUAD,114.42891764019643,0.00351555914117994,0.40228162742531903
TN,TCGA-LUAD,133.13713091621392,0.004742672973706173,0.6314258725931083
TN,TCGA-LUAD,208.94421276461327,0.0030599202940632154,0.6393526369655025
TN,TCGA-LUAD,203.4704517347483,0.0019510448310245938,0.3969799731233198
TN,TCGA-LUAD,65.75564172129106,0.00856880220143253,0.5634470875380075
TN,TCGA-LUAD,116.82963741802268,0.004607985995013513,0.5383493330247552
TN,TCGA-LUAD,135.96766096344749,0.0027901415120230267,0.37936901514678767
TN,TCGA-LUAD,271.24849322916754,0.00130437479474387,0.3538096976803794
TN,TCGA-LUAD,238.29478998401285,0.0019255901134565328,0.45885809168141595
TN,TCGA-LUAD,135.61618877535486,0.0034891422634613723,0.4731841758656464
TN,TCGA-LUAD,152.49765927817998,0.003957944105129585,0.6035772115861324
TN,TCGA-LUAD,125.2062371375233,0.0031558047183438496,0.39512643392467495
TN,TCGA-LUAD,38.53628767812017,0.01794635761148561,0.6915859996906311
TN,TCGA-LUAD,160.26894981132253,0.003722644562010091,0.5966243344741881
TN,TCGA-LUAD,130.06819773282695,0.0030125986450124822,0.39184327624913007
TN,TCGA-LUAD,140.8932935606894,0.004110942061183496,0.5792041666373118
TN,TCGA-LUAD,173.881319362065,0.003041576097074369,0.5288732646994116
TN,TCGA-LUAD,119.56490890224497,0.004523155233592242,0.5408106434551689
TN,TCGA-LUAD,77.81259747460135,0.007576474700710062,0.5895451761628527
TN,TCGA-LUAD,192.36467299365592,0.0033463765142104254,0.6437246238697386
TN,TCGA-LUAD,31.97350079596616,0.0060838780202890595,0.19452287872427326
TN,TCGA-LUAD,208.5894836328679,0.0028984983043529415,0.6045962646157232
TN,TCGA-LUAD,156.2842602015209,0.0035028699168344487,0.5474434335346349
TN,TCGA-LUAD,95.9920435754206,0.004910652277627185,0.47138354741772714
TN,TCGA-LUAD,148.14855308615694,0.004165735343119469,0.6171476636230148
TN,TCGA-LUAD,107.24625509379591,0.006140182068366146,0.6585115324263471
TN,TCGA-LUAD,146.1910982833263,0.003674631279779118,0.5371983825771742
TN,TCGA-LUAD,202.52234457272704,0.0024279970615461756,0.49172365752002334
TN,TCGA-LUAD,164.26598879653562,0.0029568206040560025,0.485705060219229
TN,TCGA-LUAD,125.89780954480618,0.004665692735772895,0.5874004954429216
TN,TCGA-LUAD,152.79418844951928,0.003936427427295436,0.6014632341440352
TN,TCGA-LUAD,159.85345788201616,0.003105055019958649,0.4963537818543028
TN,TCGA-LUAD,42.84096592939892,0.01025372074432615,0.43927930105724755
TN,TCGA-LUAD,141.33170539407283,0.0040124483308532945,0.567086165405097
TN,TCGA-LUAD,82.46730846911345,0.0064130791154266035,0.5288693736487149
TN,TCGA-LUAD,87.67073012015932,0.00702884210922907,0.6162237196154332
TN,TCGA-LUAD,185.64300160774485,0.0028993861929015813,0.5382507556703015
TN,TCGA-LUAD,101.54351431962894,0.004174975221696695,0.42394165620845436
TN,TCGA-LUAD,76.90221884797818,0.006535588800592987,0.5026012802435971
TN,TCGA-LUAD,90.25300366097014,0.006789845721546539,0.6128039707641622
TN,TCGA-LUAD,183.85121679024277,0.002425958271009066,0.44601538000737034
TN,TCGA-LUAD,98.85605510920354,0.0061511621550947165,0.6080796249896905
TN,TCGA-LUAD,25.654144089825927,0.007582321539698546,0.19451796931481727
TN,TCGA-LUAD,189.24560071872708,0.002275556601055405,0.4306390759361949
TN,TCGA-LUAD,174.43492154651292,0.0020383224073772595,0.3555546092173516
TN,TCGA-LUAD,212.6561417893655,0.0019080372837156985,0.4057558471452414
TN,TCGA-LUAD,158.614283356367,0.003574431768009841,0.5669559332891128
TN,TCGA-LUAD,174.7585270987369,0.0034432447724938495,0.6017363848814505
TN,TCGA-LUAD,46.169067325131266,0.011510280628704584,0.5314189212778162
TN,TCGA-LUAD,111.29730894606203,0.0056267817476750226,0.6262456665430498
TN,TCGA-LUAD,118.55594419205902,0.0055735651410284155,0.6607792778105703
TN,TCGA-LUAD,80.88047843037306,0.005835870044792633,0.47200796128031086
TN,TCGA-LUAD,96.67170482284413,0.006961728409363473,0.6730021538467938
TN,TCGA-LUAD,113.74309707138148,0.004047912758987345,0.4604221338819812
TN,TCGA-LUAD,22.040245414060923,0.02157417292893945,0.475500065959215
TN,TCGA-LUAD,21.739949440029783,0.01705607060464997,0.3707981125906685
TN,TCGA-LUAD,121.10562201345034,0.004414164923216253,0.5345801886960586
TN,TCGA-LUAD,160.27332312775377,0.00309117029040654,0.4954321347972398
TN,TCGA-LUAD,151.85951160348986,0.003718220891356224,0.564647208595249
TN,TCGA-LUAD,99.19273629914183,0.005651819693731223,0.5606194604905778
TN,TCGA-LUAD,173.52023814584308,0.0030329471420419557,0.5262777103708743
TN,TCGA-LUAD,107.20853631024414,0.00398380159923648,0.4270975384045529
TN,TCGA-LUAD,56.46268609306546,0.010099127308417378,0.5702238550290755
TN,TCGA-LUAD,136.84752997125887,0.0037756459989331187,0.5166878289998635
TN,TCGA-LUAD,98.04917154061742,0.006806416877797155,0.667363536028087
TN,TCGA-LUAD,181.8896527840607,0.0029915175281796337,0.5441260844980251
TN,TCGA-LUAD,71.54091378084733,0.009322101098917745,0.6669116309740165
TN,TCGA-LUAD,81.34219269841907,0.005956711979383054,0.4845320136759576
TN,TCGA-LUAD,188.69751062285536,0.0031566177187804913,0.5956459055218752
TN,TCGA-LUAD,136.97054025541362,0.0042923718213737205,0.5879284873506723
TN,TCGA-LUAD,97.74356941541518,0.005875544203701075,0.5742966627277963
TN,TCGA-LUAD,122.45205191921787,0.005301549528834083,0.6491856181570962
TN,TCGA-LUAD,127.252258585151,0.0043658552617447605,0.5555649427128864
TN,TCGA-LUAD,49.962791885147006,0.012033729082359806,0.601238701744184
TN,TCGA-LUAD,107.10753159702975,0.005898675353818659,0.6317925568397527
TN,TCGA-LUAD,80.47274480241306,0.006409774479296786,0.5158121459134704
TN,TCGA-LUAD,213.03601402483272,0.001884562448436095,0.401479672195705
TN,TCGA-LUAD,50.18014225057678,0.012341612919762771,0.619303891915252
TN,TCGA-LUAD,93.97278730274249,0.005025490692903955,0.47225936797617535
TN,TCGA-LUAD,53.63893032103193,0.00568324910250609,0.3048434026063914
TN,TCGA-LUAD,263.8627584949,0.001336193412497303,0.3525716797042522
TN,TCGA-LUAD,125.00024525236574,0.0033779108196054126,0.4222396808912964
TN,TCGA-LUAD,57.07328622220033,0.007742543295120417,0.4418923895701856
TN,TCGA-LUAD,52.564164036245295,0.00988289702380181,0.5194862203124387
TN,TCGA-LUAD,146.2768825716511,0.0039330989132502405,0.575321447876194
TN,TCGA-LUAD,79.00129603293185,0.004841726523948964,0.3825026704289902
TN,TCGA-LUAD,179.2103130622971,0.0032387694838272117,0.580420893133289
TN,TCGA-LUAD,41.76663987410671,0.006647007057052801,0.2776231499925702
TN,TCGA-LUAD,135.50636347820554,0.004824240532008217,0.6537152910365971
TN,TCGA-LUAD,109.39097616119109,0.002879145688968643,0.3149525574265649
TN,TCGA-LUAD,129.13692467096618,0.004441813044207011,0.5736020764922757
TN,TCGA-LUAD,75.01706849680316,0.008126202358000354,0.6096038789089959
TN,TCGA-LUAD,66.93495539507762,0.008455380417871826,0.5659605111186634
TN,TCGA-LUAD,122.26671025362633,0.005427465757200298,0.6635983831470875
TN,TCGA-LUAD,192.9072807977982,0.0027973992956266784,0.5396386914250185
TN,TCGA-LUAD,156.0272241347047,0.0023159746764310554,0.3613550999298085
TN,TCGA-LUAD,295.4148131401986,0.0014270295088156656,0.42156565569232923
TN,TCGA-LUAD,201.36535538825987,0.0029607573480499123,0.5961939556084724
TN,TCGA-LUAD,151.83285671025084,0.0026133920492097456,0.3967987805353721
TN,TCGA-LUAD,118.79738318136029,0.005241462444169028,0.6226720224106572
TN,TCGA-LUAD,114.89605405335911,0.0023202350831616017,0.26658585553143554
TN,TCGA-LUAD,111.13777857166613,0.005959480539993321,0.6623234286559311
TN,TCGA-LUAD,131.4139863826643,0.0043731979474359115,0.5746993755130383
TN,TCGA-LUAD,94.89795505576942,0.005204616138307767,0.4939074283756626
TN,TCGA-LUAD,106.59876045788675,0.00537987453673761,0.573487957035177
TN,TCGA-LUAD,121.82362350675913,0.003348934145920329,0.4079792925415281
TN,TCGA-LUAD,137.50544431293872,0.0040009176945379685,0.5501479652469418
TN,TCGA-LUAD,103.44943646250613,0.003075411347432733,0.3181495707823129
TN,TCGA-LUAD,154.74474801350908,0.0035271707998301453,0.5458111566203231
TN,TCGA-LUAD,306.634861246654,0.0015032064852676585,0.4609355120351189
TN,TCGA-LUAD,174.01476778187785,0.0031211952207898705,0.5431340615476563
TN,TCGA-LUAD,203.99475034725103,0.0027318196142573498,0.5572768602041517
TN,TCGA-LUAD,140.69126259922442,0.004496325089916672,0.6325936539569479
TN,TCGA-LUAD,130.42221809793367,0.004626268065041038,0.6033681425582877
TN,TCGA-LUAD,98.54053145642114,0.005893090555041546,0.5807082752146098
TN,TCGA-LUAD,74.83693372149907,0.006427133512244337,0.4809869646750549
TN,TCGA-LUAD,124.16518395144605,0.0028840991138696023,0.3581046970078217
TN,TCGA-LUAD,277.17590962523883,0.001561024999911969,0.4326785242983384
TN,TCGA-LUAD,135.71936476941264,0.0034653803210718905,0.47031921586030023
TN,TCGA-LUAD,111.45245482607827,0.0031067625760366063,0.3462563156610704
TN,TCGA-LUAD,43.42159043297811,0.005545610065265682,0.24079920895496745
TN,TCGA-LUAD,117.37956289641951,0.0044668573377347285,0.5243177618239666
TN,TCGA-LUAD,63.90516093936187,0.00923857554004822,0.5903926567372335
TN,TCGA-LUAD,103.2260423729887,0.002548327933991613,0.263053807294489
TN,TCGA-LUAD,104.50481322867176,0.006465544308435394,0.6756805003747426
TN,TCGA-LUAD,123.05364127088177,0.003908641058241357,0.48097251463747165
TN,TCGA-LUAD,154.35410623408183,0.00309081181581242,0.4770794953674656
TN,TCGA-LUAD,152.99110995048133,0.004160790533055698,0.6365639619236461
TN,TCGA-LUAD,120.22430639899697,0.004013878305399459,0.4825657352366314
TN,TCGA-LUAD,88.85621829585384,0.005246924124060121,0.46622183534926775
TN,TCGA-LUAD,130.253589307052,0.00453933550529718,0.5912647426338984
TN,TCGA-LUAD,152.08599713034187,0.0035033917557228088,0.5328168285073225
TN,TCGA-LUAD,64.523681383253,0.01086432937190445,0.70100652683548
TN,TCGA-LUAD,201.97357040449543,0.002781784155615328,0.5618468780042823
TN,TCGA-LUAD,88.32299713246789,0.006928123833732624,0.611912661500149
TN,TCGA-LUAD,78.63696665765238,0.005209699333690369,0.40967495279980337
TN,TCGA-LUAD,123.54638764991637,0.0048922671699091575,0.6044219362605561
TN,TCGA-LUAD,217.3103061656301,0.0018886308010589434,0.41041893761195825
TN,TCGA-LUAD,197.44384623844954,0.002887868693920238,0.5701919023592196
TN,TCGA-LUAD,336.7650460217972,0.0012791512950733968,0.43077344475423396
TN,TCGA-LUAD,117.94980645692213,0.004951101397743923,0.5839814516124924
TN,TCGA-LUAD,120.4213006085597,0.003948667179242441,0.47550363739470747
TN,TCGA-LUAD,183.05830230294467,0.0027591884867513897,0.5050923601185403
TN,TCGA-LUAD,47.665763663469406,0.00827694841466142,0.39452706698797907
TN,TCGA-LUAD,127.20398781123792,0.005167382624586757,0.6573116763939365
TN,TCGA-LUAD,119.68938148731245,0.004655496085840993,0.5572134470309125
TN,TCGA-LUAD,121.3336782577456,0.004768445811934072,0.5785730699347031
TN,TCGA-LUAD,113.29103072442972,0.004707230794449691,0.5332870285609816
TN,TCGA-LUAD,55.26983921308245,0.0053664543032935705,0.29660306648739004
TN,TCGA-LUAD,97.10560477389932,0.006681435944065476,0.648804878106547
TN,TCGA-LUAD,87.5039962458634,0.004642184967269174,0.4062097359485254
TN,TCGA-LUAD,180.2710597154886,0.0031523510493577486,0.5682776642629539
TN,TCGA-LUAD,58.667128063380666,0.009493762855055238,0.5569718012208921
TN,TCGA-LUAD,130.68548956548554,0.003410986772783011,0.4457664763025434
TN,TCGA-LUAD,272.69512395575975,0.0018993159477062498,0.5179341977909071
TN,TCGA-LUAD,72.71545599347095,0.006847361168311774,0.4979089897057767
TN,TCGA-LUAD,103.34703534632187,0.005556766076773761,0.5742753001475802
TN,TCGA-LUAD,123.87132399368423,0.0055474808526522765,0.6871737980476498
TN,TCGA-LUAD,168.61370056756303,0.0025238183255229777,0.42555034742665965
TN,TCGA-LUAD,66.54617555077253,0.006569470433580702,0.43717313274867114
TN,TCGA-LUAD,148.58217055597507,0.003419964120948278,0.5081456923140524
TN,TCGA-LUAD,137.096188016924,0.004764662004615436,0.6532169980218518
TN,TCGA-LUAD,57.869828590743175,0.010103020354587697,0.5846600561687794
TN,TCGA-LUAD,103.00138600748774,0.0036857760593863274,0.37964004263000817
TN,TCGA-LUAD,157.7487638065453,0.003767677609443778,0.5943464853113558
TN,TCGA-LUAD,112.56846664258507,0.005462204941795496,0.6148720347854696
TN,TCGA-LUAD,69.32463082945024,0.008657559610534504,0.6001821238842635
TN,TCGA-LUAD,109.59228039503567,0.005675659423108121,0.6220084589239916
TN,TCGA-LUAD,163.25410810708425,0.00347932607941897,0.5680142759092621
TN,TCGA-LUAD,176.727369514257,0.0032000412487382017,0.5655348722266206
TN,TCGA-LUAD,133.41433690921502,0.004340993553759101,0.5791507765019472
TN,TCGA-LUAD,65.28536422112019,0.009186885312450587,0.5997691536809961
TN,TCGA-LUAD,121.07099358136318,0.0042873691270705365,0.5190760400644916
TN,TCGA-LUAD,117.52826537304698,0.003936133275406472,0.4626069161356524
TN,TCGA-LUAD,96.74456400077739,0.006230005931463521,0.6027192075616954
TN,TCGA-LUAD,129.106412350516,0.0045633473754455,0.5891574079529116
TN,TCGA-LUAD,37.92346959668184,0.009302608284951115,0.3527871824641842
TN,TCGA-LUAD,147.80648965453258,0.004077918350074084,0.6027427964222537
TN,TCGA-LUAD,147.87753495906102,0.0038714797513891563,0.5725048822793468
TN,TCGA-LUAD,64.3726068810234,0.008315368648113889,0.5352819570558224
TN,TCGA-LUAD,179.30516947916266,0.003246068434481249,0.5820368507856206
TN,TCGA-LUAD,177.30750723685793,0.0027223124495491385,0.4826864343494223
TN,TCGA-LUAD,208.8571013308044,0.002687613150462618,0.5613270921041735
TN,TCGA-LUAD,126.81218427100801,0.004519332984154896,0.5731064871686952
TN,TCGA-LUAD,153.63990153927207,0.003248619911999491,0.4991176434181205
TN,TCGA-LUAD,78.3099961698632,0.006798113169914196,0.5323602162982772
TN,TCGA-LUAD,156.42403263070793,0.0039552473977070846,0.6186957480014557
TN,TCGA-LUAD,209.08952614702272,0.002427918933926654,0.5076524194181087
TN,TCGA-LUAD,73.98783742098666,0.006286342163879205,0.46511286199378815
TN,TCGA-LUAD,112.65250962151248,0.0049677984466852225,0.5596349623129417
TN,TCGA-LUAD,113.68498943830221,0.004280451612529855,0.48662309636162027
TN,TCGA-LUAD,169.64431716274365,0.0035063230458051526,0.5948277788576066
TN,TCGA-LUAD,213.76840792151842,0.002597672994658103,0.5553004203687857
TN,TCGA-LUAD,85.44917965133126,0.007121406032619409,0.6085183034513701
TN,TCGA-LUAD,72.41722447831734,0.0054741660569615855,0.3964239121785724
TN,TCGA-LUAD,165.67896367747144,0.0034945682212856725,0.5789764414028349
TN,TCGA-LUAD,134.42368575056102,0.0043467740819673525,0.5843093932230627
TN,TCGA-LUAD,225.2063894740905,0.0024108156904050293,0.5429310973236035
TN,TCGA-LUAD,126.69710113067259,0.0036998920390657218,0.4687655958460802
TN,TCGA-LUAD,222.2133165181899,0.002833592334050565,0.6296619502098948
TN,TCGA-LUAD,81.32779869483356,0.006185911370510675,0.5030865546849741
TN,TCGA-LUAD,187.56590574958452,0.0030890634374461903,0.5794029815625197
TN,TCGA-LUAD,237.81277285481696,0.0021531636478852086,0.5120498175137742
TN,TCGA-LUAD,155.45428442790143,0.0038595386418831873,0.5999818177957854
TN,TCGA-LUAD,125.79711899995507,0.004189513071637351,0.5270286744246312
TN,TCGA-LUAD,110.82542686936733,0.004243949888762361,0.47033755803429267
TN,TCGA-LUAD,377.015585393178,0.0011968918616008862,0.4512468858537887
TN,TCGA-LUAD,47.88183252001886,0.0071413005581035085,0.3419385572982294
TN,TCGA-LUAD,259.52192184778676,0.0018294073657547172,0.4747713154031612
TN,TCGA-LUAD,162.12359638734438,0.002609792627771501,0.4231089666394937
TN,TCGA-LUAD,15.18500106614977,0.013867424859439512,0.2105768612753408
TN,TCGA-LUAD,197.81386575138396,0.002748457835912121,0.5436830693764596
TN,TCGA-LUAD,35.46032039817039,0.008838078750826232,0.3134011042085597
TN,TCGA-LUAD,239.1328916181405,0.001925024390534193,0.46033664894389015
TN,TCGA-LUAD,36.30822528414568,0.008220202424566392,0.29846096151243706
TN,TCGA-LUAD,152.3334741595815,0.0034418960589539167,0.5243159843566219
TN,TCGA-LUAD,244.454356432891,0.002289876871497262,0.559770376932425
TN,TCGA-LUAD,122.06079386200538,0.004698429799994686,0.5734940712922545
TN,TCGA-LUAD,119.77646372250392,0.0044731890092783964,0.5357827610937371
TN,TCGA-LUAD,162.74416067968636,0.0037332040555115905,0.607557160660235
TN,TCGA-LUAD,56.58926094233402,0.004450765227603851,0.251865514857941
TN,TCGA-LUAD,46.78456012910786,0.012370389129015972,0.57874321402691
TN,TCGA-LUAD,86.2592541303336,0.006123328279386933,0.5281937301750959
TN,TCGA-LUAD,42.37612336194535,0.004797579587515331,0.2033028244393006
TN,TCGA-LUAD,115.92833898293559,0.00519380454546952,0.6021091339583022
TN,TCGA-LUAD,44.8597301901299,0.008944681536966051,0.4012560003849335
TN,TCGA-LUAD,177.8205969134984,0.002271876146052367,0.40398637240457025
TN,TCGA-LUAD,146.54779723669523,0.0038434694017031065,0.5632519745662292
TN,TCGA-LUAD,174.32161248549917,0.0035243746056915276,0.6143746642670924
TN,TCGA-LUAD,114.73652748729188,0.004227022829603269,0.48499392107818584
TN,TCGA-LUAD,62.50743119407197,0.004628356178955673,0.2893066553977296
TN,TCGA-LUAD,112.87371732941867,0.004331656126383749,0.48893012917768386
TN,TCGA-LUAD,92.50736333397158,0.0072768411636489096,0.6731613894492703
TN,TCGA-LUAD,149.28666760907626,0.0028432565845827986,0.4244603006699297
TN,TCGA-LUAD,154.87888445624722,0.0038648909811610124,0.5985900037072284
TN,TCGA-LUAD,223.4271590691506,0.0017553777776658204,0.39219906995699333
TN,TCGA-LUAD,72.94409939008202,0.007564612462289818,0.5517938432967215
TN,TCGA-LUAD,102.24144614046672,0.004115631550167911,0.42078812147049804
TN,TCGA-LUAD,37.48634323550616,0.00850058395047863,0.31865580766987683
TN,TCGA-LUAD,179.53090381988605,0.002955796685180534,0.5306568503982845
TN,TCGA-LUAD,151.9462221663359,0.00415473121567009,0.6312957123376184
TN,TCGA-LUAD,97.29905463988077,0.005255269709664407,0.5113327746279475
TN,TCGA-LUAD,136.37244459657884,0.004288454996459473,0.5848270914095912
TN,TCGA-LUAD,117.20304040902813,0.005097788022992123,0.5974762556554054
TN,TCGA-LUAD,161.8228237243143,0.0035491728883844374,0.5743371786841502
TN,TCGA-LUAD,133.4724464752846,0.004134956088515759,0.551902705202072
TN,TCGA-LUAD,79.51123370053388,0.006246999184894433,0.4967066121171859
TN,TCGA-LUAD,131.64971041577846,0.0041001768211272,0.5397870911548829
TN,TCGA-LUAD,159.15243164996372,0.003580457030825092,0.5698384428740225
TN,TCGA-LUAD,156.81416121449527,0.0031081344549332935,0.4873994974922369
TN,TCGA-LUAD,133.99274150971368,0.004501324907665999,0.603144864804126
TN,TCGA-LUAD,63.598450845365306,0.008953371221782861,0.5694205395488656
TN,TCGA-LUAD,80.25921721279178,0.007481189255680927,0.6004343934816996
TN,TCGA-LUAD,107.45457462458938,0.0035650906757468846,0.3830853020604714
TN,TCGA-LUAD,52.329041139232466,0.009130225366142618,0.47777593879534086
TN,TCGA-LUAD,43.96273625692252,0.01341450358314693,0.5897382830434306
TN,TCGA-LUAD,112.75022581268101,0.0038016050317860053,0.42863182578449643
TN,TCGA-LUAD,56.3423794080988,0.008515483519691983,0.47978260330989825
TN,TCGA-LUAD,130.40184710463836,0.005156269872576172,0.672387115553931
TN,TCGA-LUAD,83.30530254112765,0.0055604740931126054,0.463216976598848
TN,TCGA-LUAD,178.8037919384992,0.003193828209444763,0.5710685946488708
TN,TCGA-LUAD,157.61816768810593,0.0018822396997755508,0.2966751726284329
TN,TCGA-LUAD,184.8184066688281,0.0029888033162916187,0.5523858667635264
TN,TCGA-LUAD,64.11029637080189,0.00754184542842344,0.48350994559900407
TN,TCGA-LUAD,67.74685810361966,0.009249381447360214,0.6266165324605646
TN,TCGA-LUAD,73.1426392999313,0.007275530863787677,0.5321515296855397
TN,TCGA-LUAD,189.49425704856563,0.0026361026217947463,0.49952630782077145
TN,TCGA-LUAD,189.90247540391178,0.002177856219946839,0.4135802872417109
TN,TCGA-LUAD,36.64755738199686,0.00916732191606633,0.3359599559582782
TN,TCGA-LUAD,178.06897421966553,0.0031646984424476736,0.5635346053612305
TN,TCGA-LUAD,193.88401766435666,0.0019833752599080906,0.3845447639270682
TN,TCGA-LUAD,103.08754201449617,0.0044802862233274685,0.46186169428423873
TN,TCGA-LUAD,120.39591233577256,0.004793946664393043,0.5771715823486341
TN,TCGA-LUAD,117.96007419432745,0.004100191549800059,0.48365889942536944
TN,TCGA-LUAD,202.6890668405411,0.0027609559235876715,0.5596155797398494
TN,TCGA-LUAD,242.05030833677108,0.002328357478037846,0.5635796454772873
TN,TCGA-LUAD,88.91592177347468,0.0049036633006388705,0.43601374244306446
TN,TCGA-LUAD,23.98808961518212,0.019929110661380478,0.47806129249607626
TN,TCGA-LUAD,102.25948664038795,0.005718980936293199,0.5848200546515077
TN,TCGA-LUAD,122.00449710665357,0.005331777744684212,0.6505008624246449
TN,TCGA-LUAD,30.10102946022736,0.017615006755100193,0.5302298372773748
TN,TCGA-LUAD,96.94784688742925,0.005432280711321009,0.5266479186506845
TN,TCGA-LUAD,108.69889459479992,0.0057828605921901935,0.6285905539669041
TN,TCGA-LUAD,231.22520217049075,0.0022393257991780297,0.5177885606405357
TN,TCGA-LUAD,91.06772204578236,0.007460997977969936,0.6794560900419104
TN,TCGA-LUAD,120.14724914372958,0.003975141204178775,0.4776022806399725
TN,TCGA-LUAD,35.456715239125955,0.016240823115945893,0.5758462404711079
TN,TCGA-LUAD,98.55396167321464,0.005639359468248721,0.5557812168952646
TN,TCGA-LUAD,111.3925676150454,0.0061277730342874075,0.6825883720515119
TN,TCGA-LUAD,114.45873963629914,0.005047298801407642,0.577707459376922
TN,TCGA-LUAD,82.96942712310383,0.006160343052410003,0.5111201339402507
TN,TCGA-LUAD,57.39109954781932,0.007586363283974479,0.4353897304365008
TN,TCGA-LUAD,96.18734453242122,0.0056461369137342145,0.5430869165985743
TN,TCGA-LUAD,190.33677225152627,0.002573733828348553,0.4898761895224273
TN,TCGA-LUAD,95.00196117383894,0.004959489015635285,0.471161182905464
TN,TCGA-LUAD,116.80995136143761,0.004816191853047769,0.5625791361018619
TN,TCGA-LUAD,94.44285625382913,0.006395455393856183,0.6040050744397357
TN,TCGA-LUAD,118.80723190349019,0.00498723164998832,0.5925191871965884
TN,TCGA-LUAD,44.95312061204564,0.008390671068178535,0.37718684854383144
TN,TCGA-LUAD,91.54970986881797,0.005126525900806057,0.4693319588537752
TN,TCGA-LUAD,125.65270291318878,0.0053091537547474525,0.6671095194657224
TN,TCGA-LUAD,86.41631123276515,0.007213180439533739,0.6233364458408414
TN,TCGA-LUAD,147.9635720234084,0.0029661265829867994,0.4388786842923136
TN,TCGA-LUAD,150.6345292907566,0.002278524335134657,0.3432244407005432
TN,TCGA-LUAD,45.31559898387815,0.005196774025226501,0.23549492773699837
TN,TCGA-LUAD,125.53996476291235,0.004728314444214621,0.593592428714673
TN,TCGA-LUAD,131.17668689179436,0.004725508315315886,0.6198765246827627
TN,TCGA-LUAD,149.6599636738764,0.0032588397286384893,0.48771783540702157
TN,TCGA-LUAD,98.2422773497966,0.005844490648972566,0.5741760713046555
TN,TCGA-LUAD,72.69156401685518,0.00849638134465705,0.6176152484267521
TN,TCGA-LUAD,138.63724397791512,0.0038234273525434527,0.5300694307064008
TN,TCGA-LUAD,48.664236644344314,0.010155194159651344,0.4941947717545363
TN,TCGA-LUAD,131.47069430373713,0.005017860509953707,0.6597016051629183
TN,TCGA-LUAD,69.5833179643429,0.007904312388103758,0.5500082821909182
TN,TCGA-LUAD,39.578467206856466,0.005629037417583742,0.22278867283800613
TN,TCGA-LUAD,58.12698501547277,0.008734370661811638,0.5077026325787101
TN,TCGA-LUAD,133.0550907794386,0.004664727614964278,0.6206657562704261
TN,TCGA-LUAD,153.66541458893803,0.0025421749769269373,0.39064437178710176
TN,TCGA-LUAD,75.07228851261361,0.005247438253936344,0.39393719855163467
TN,TCGA-LUAD,101.69818234579344,0.005225627673801461,0.5314368360414854
TN,TCGA-LUAD,29.605424206557448,0.008536776098139454,0.25273487774181885
TN,TCGA-LUAD,80.34028432671566,0.006851132490530159,0.5504219322491926
TN,TCGA-LUAD,131.40910993448094,0.004832895104555508,0.6350864440963495
TN,TCGA-LUAD,90.67790693698629,0.006500847696509806,0.5894832624356379
TN,TCGA-LUAD,153.99882619676646,0.0034009776253798515,0.5237465622299633
TN,TCGA-LUAD,280.1168557014382,0.0016896692806043232,0.4733048460581942
TN,TCGA-LUAD,105.21150410390949,0.0037800331686603083,0.39770297523741804
TN,TCGA-LUAD,176.00074092052844,0.0034549876714913604,0.6080803900537708
TN,TCGA-LUAD,179.47981401386858,0.003183913912262781,0.5714482768090926
TN,TCGA-LUAD,210.77095045657592,0.0025001796095780173,0.5269652326229096
TN,TCGA-LUAD,102.2628584565527,0.005289244807079117,0.5408932930483882
TN,TCGA-LUAD,192.20579266346314,0.0027661638022504205,0.5316727062485211
TN,TCGA-LUAD,180.97422171825812,0.0029173434860041893,0.5279639668644382
TN,TCGA-LUAD,56.354664164472226,0.012125167235810877,0.683309727512184
TN,TCGA-LUAD,145.8379992510836,0.0039467659006159166,0.5755884424582264
TN,TCGA-LUAD,110.34988979703252,0.003720773157342244,0.4105869078724734
TN,TCGA-LUAD,119.14119850947876,0.004811510132146642,0.5732490837844515
TN,TCGA-LUAD,120.705814134208,0.0031863805519160306,0.3846146586604315
TN,TCGA-LUAD,126.44051307717221,0.00524018359868956,0.6625715028368907
TN,TCGA-LUAD,143.85088330350177,0.004607315729374591,0.6627664373286525
TN,TCGA-LUAD,167.7257368385368,0.0034457355946121504,0.5779385415570967
TN,TCGA-LUAD,170.7531282724145,0.0032766016891523134,0.559489988525435
TN,TCGA-LUAD,192.92536512862048,0.002177445328261517,0.42008443500246206
TN,TCGA-LUAD,45.59509829659847,0.012623964841860423,0.5755909178574292
TN,TCGA-LUAD,76.0055984708215,0.007893241568807581,0.5999305493119862
TN,TCGA-LUAD,115.33365379091272,0.004516860200663253,0.5209459906052482
TN,TCGA-LUAD,159.46487861735997,0.0031373652374675895,0.5002995667710939
TN,TCGA-LUAD,131.19636810119115,0.00446650305976882,0.5859889795545268
TN,TCGA-LUAD,192.26172757559308,0.002971538213237917,0.571313070434013
TN,TCGA-LUAD,130.60507374739774,0.004471701624744737,0.5840269204761446
TN,TCGA-LUAD,87.76431881923402,0.0065750783673591984,0.5770572740943614
TN,TCGA-LUAD,109.39220305274898,0.004891182305800535,0.5350572079641451
TN,TCGA-LUAD,23.222363943774063,0.01494411284440434,0.3470376272895862
TN,TCGA-LUAD,118.32856549615123,0.003300570074068697,0.3905517221840745
TN,TCGA-LUAD,173.02964968540516,0.003331287134066961,0.5764114458091036
TN,TCGA-LUAD,67.19512804100269,0.007518575486048465,0.5052116424709706
TN,TCGA-LUAD,217.54322760835674,0.0019450449935902172,0.4231313657490914
TN,TCGA-LUAD,79.04564346118596,0.007735379473433998,0.6114480478940403
TN,TCGA-LUAD,114.21351054926684,0.0058209126977141375,0.664826873806735
TN,TCGA-LUAD,94.12959059165469,0.00644578672633815,0.6067392655913322
TN,TCGA-LUAD,189.9527864114235,0.0026592748035923486,0.5051366587760575
TN,TCGA-LUAD,155.65070925690384,0.002903764525891125,0.45197300796999074
TN,TCGA-LUAD,85.06498594699436,0.006278250917114304,0.5340593260360327
TN,TCGA-LUAD,158.68797978016207,0.003634856255706982,0.5768079960094252
TN,TCGA-LUAD,48.82545321788982,0.00696147901243209,0.33989736784882485
TN,TCGA-LUAD,93.80602649867781,0.004415444501231423,0.41419530388595605
TN,TCGA-LUAD,196.16164980563238,0.002483308982201642,0.4871299869258199
TN,TCGA-LUAD,16.806751813819645,0.02241701444607564,0.37675719820200293
TN,TCGA-LUAD,162.19400138914312,0.003311488471993354,0.5371035658266216
TN,TCGA-LUAD,166.29254719429076,0.0030443885294706933,0.5062591232147627
TN,TCGA-LUAD,180.0437867618401,0.0030501197259143243,0.5491551055306008
TN,TCGA-LUAD,118.24216499199619,0.004898205920046964,0.5791744725629656
TN,TCGA-LUAD,104.96380004484367,0.0030752692783297714,0.3227919496146568
TN,TCGA-LUAD,210.02558963449675,0.002835096196955448,0.5954427504360873
TN,TCGA-LUAD,174.5123875973722,0.0032070563727252905,0.5596710647636585
TN,TCGA-LUAD,128.97950978892862,0.004917092870548907,0.6342042280300338
TN,TCGA-LUAD,146.47851485833783,0.003578877015458214,0.5242285900849597
TN,TCGA-LUAD,178.95721171967293,0.0033828134027300482,0.6053788543205084
TN,TCGA-LUAD,91.7191571628762,0.0040966375385873294,0.3757401422410296
TN,TCGA-LUAD,62.73100788069236,0.008329198454825871,0.5224990139095324
TN,TCGA-LUAD,138.09806695375036,0.004410008215179147,0.609013609766399
TN,TCGA-LUAD,67.31481788433585,0.007933110199940108,0.5340158683653355
TN,TCGA-LUAD,138.64858336948717,0.003743660233338821,0.5190531879691114
TN,TCGA-LUAD,114.13139696692494,0.005062220600515457,0.5777583088915748
TN,TCGA-LUAD,125.09358602965798,0.004824864743939301,0.6035596329274346
TN,TCGA-LUAD,128.96508726716402,0.004195228829187263,0.5410380520618577
TN,TCGA-LUAD,187.50249003602406,0.0028853190252804807,0.541004501788404
TN,TCGA-LUAD,88.82567920712141,0.004138441097924314,0.36759984138179247
TN,TCGA-LUAD,113.53562359170591,0.005294489358779942,0.6011131509487319
TN,TCGA-LUAD,96.51430679544058,0.0060251271376744065,0.5815109690470424
TN,TCGA-LUAD,168.2075119130574,0.0031716803487073244,0.5335004600395973
TN,TCGA-LUAD,176.91981491075427,0.00352223737666644,0.6231535847515672
TN,TCGA-LUAD,237.60922513194427,0.002607417893967958,0.6195465453808926
TN,TCGA-LUAD,136.7950815407452,0.0046983149102971765,0.6427063712582013
TN,TCGA-LUAD,98.35585325719765,0.0061196972188219435,0.6019080416329317
TN,TCGA-LUAD,80.54025668933853,0.006371477282964442,0.5131604158602454
TN,TCGA-LUAD,53.61741516106093,0.01259045004601276,0.6750673871816648
TN,TCGA-LUAD,32.145309672114635,0.004897165063906642,0.1574208874947401
TN,TCGA-LUAD,119.20417217169307,0.00303212981945437,0.36144252504516333
TN,TCGA-LUAD,50.96401130971847,0.012341979478526627,0.6289967817279444
TN,TCGA-LUAD,69.54112086119758,0.008251032741970355,0.5737860651390589
TN,TCGA-LUAD,120.69040543611244,0.004840835833870296,0.5842424394394674
TN,TCGA-LUAD,175.45955407356632,0.0032005672846725916,0.5615701085510979
TN,TCGA-LUAD,132.8113538735181,0.00466514622526,0.6195843861947131
TN,TCGA-LUAD,61.62024898255344,0.005974458335740812,0.3681476101842407
TN,TCGA-LUAD,158.23637636730956,0.0036555097078203665,0.5784346099410174
TN,TCGA-LUAD,226.97502950086778,0.002404797219895104,0.545828919929296
TN,TCGA-LUAD,91.2168088946619,0.006881434638636784,0.6277025083536383
TN,TCGA-LUAD,116.95364560276661,0.004284279121552388,0.5010620620453703
TN,TCGA-LUAD,88.11966709641247,0.007520461320199956,0.6627005479474668
TN,TCGA-LUAD,147.64130339743235,0.003411112660436623,0.5036211192223461
TN,TCGA-LUAD,188.4873070779975,0.00294781149137969,0.5556250497837334
TN,TCGA-LUAD,165.2272745873993,0.002762231023481284,0.45639590379057515
TN,TCGA-LUAD,91.95503371862678,0.005338194629237387,0.4908738671281163
TN,TCGA-LUAD,60.666676240758804,0.00856314162958714,0.5194973408459267
TN,TCGA-LUAD,114.84300741147226,0.003650246056734077,0.41920523494720896
TN,TCGA-LUAD,102.50574651830865,0.0051423301875278046,0.5271183947161717
TN,TCGA-LUAD,126.05525799252011,0.004162718805961788,0.5247325930358284
TN,TCGA-LUAD,31.68976138524533,0.020578934746685158,0.6521415316849867
TN,TCGA-LUAD,160.21524093979002,0.003284208498569593,0.5261802558948334
TN,TCGA-LUAD,156.7065179618067,0.002811300685130577,0.4405491413104542
TN,TCGA-LUAD,332.1076405474367,0.0012663657894903125,0.42056975441761957
TN,TCGA-LUAD,47.89542176342365,0.007373441883303985,0.35315410884893716
TN,TCGA-LUAD,53.7033391969067,0.01090189619832595,0.5854682294281661
TN,TCGA-LUAD,127.31302202089445,0.005028210466346486,0.6401566698276621
TN,TCGA-LUAD,182.1854360279589,0.0024670251898636373,0.44945605990726484
TN,TCGA-LUAD,131.84570857254022,0.004070445023581821,0.5366707083397154
TN,TCGA-LUAD,108.71783034538996,0.0050147155237152,0.5451889915376624
TN,TCGA-LUAD,142.389606130516,0.004240759557625831,0.6038400831045634
TN,TCGA-LUAD,222.07342122658594,0.0024040297607867064,0.5338711137084349
TN,TCGA-LUAD,140.55608252472138,0.002760304066207214,0.3879775261231452
TN,TCGA-LUAD,71.03112126906845,0.006733003026237619,0.4782527544616892
TN,TCGA-LUAD,95.54759488350435,0.005935448525372674,0.5671178311542014
TN,TCGA-LUAD,155.44254961425833,0.003965289039523589,0.6163746382610202
TN,TCGA-LUAD,82.29459186720037,0.007516761621925676,0.6185888298394085
TN,TCGA-LUAD,182.9587823436557,0.002357551271674598,0.4313347099783215
TN,TCGA-LUAD,38.987329360981555,0.008608326444054628,0.33561565832120493
TN,TCGA-LUAD,47.369427995867476,0.005911580449447993,0.2800281844419046
TN,TCGA-LUAD,77.56474731592807,0.006773748160129875,0.5254040644222064
TN,TCGA-LUAD,160.23749523712894,0.002236640514939174,0.35839367385973553
TN,TCGA-LUAD,69.33133732432569,0.008021201015753685,0.5561205933694426
TN,TCGA-LUAD,62.1647624659993,0.005021151916164456,0.31213871617406064
TN,TCGA-LUAD,174.32030599345183,0.003619344318941761,0.6309252091735893
TN,TCGA-LUAD,146.5961543226392,0.003248691569620853,0.47624569068679545
TN,TCGA-LUAD,131.79823351483643,0.004887848887984949,0.6442098491238738
TN,TCGA-LUAD,102.47982946744631,0.005504268458084065,0.5640764929274986
TN,TCGA-LUAD,83.21788609003212,0.004290184776742423,0.3570201080561408
TN,TCGA-LUAD,131.87342310413374,0.00260384091748309,0.3433774150071033
TN,TCGA-LUAD,74.47157018357963,0.008008147753008212,0.5963793374286266
TN,TCGA-LUAD,7.58527262117744,0.023112069985332863,0.17531135167848225
TN,TCGA-LUAD,153.4858083342305,0.004023394660771644,0.6175339817561629
TN,TCGA-LUAD,49.67179540076247,0.004212675641006523,0.2092511625298519
TN,TCGA-LUAD,25.282992885665646,0.009434821363758584,0.2385405214174345
TN,TCGA-LUAD,196.53123080095935,0.0031464690032099486,0.6183794258779189
TN,TCGA-LUAD,149.27889827818163,0.003960832006784543,0.5912686382377558
TN,TCGA-LUAD,231.36177085791434,0.002549455084808119,0.5898464431439205
TN,TCGA-LUAD,108.43827931777463,0.005895569024479633,0.6393053606137425
TN,TCGA-LUAD,50.792742338213294,0.005534494718195195,0.28111216419349094
TN,TCGA-LUAD,73.47873131241123,0.005737255486923323,0.4215662543942959
TN,TCGA-LUAD,182.09744673832776,0.0035185778271551406,0.6407240384750442
TN,TCGA-LUAD,85.63024826516566,0.0035859548429389852,0.30706620346853847
TN,TCGA-LUAD,134.13620958208935,0.004532922701303566,0.6080290694814658
TN,TCGA-LUAD,356.6124706997473,0.001259845567137137,0.4492766403968988
TN,TCGA-LUAD,53.04087483499549,0.009802524105183329,0.5199344541300551
TN,TCGA-LUAD,107.10257781846896,0.005884019882821778,0.6301936973853381
TN,TCGA-LUAD,14.910772274911729,0.01649825902931869,0.24600178331867723
TN,TCGA-LUAD,22.27238958840277,0.016752418153665637,0.3731163836662721
TN,TCGA-LUAD,185.53155447366254,0.003319497928129304,0.615871610677932
TN,TCGA-LUAD,119.03688455440854,0.004882303712564552,0.5811742233921068
TN,TCGA-LUAD,125.65257922927496,0.004991407552574289,0.6271832329654423
TN,TCGA-LUAD,27.7874468916362,0.007258321033812021,0.2016902102494975
TN,TCGA-LUAD,115.06177474785154,0.004612653548390914,0.5307401035748335
TN,TCGA-LUAD,209.918149870379,0.0017202978113999377,0.3611217337951371
TN,TCGA-LUAD,180.60666231481105,0.003289843283856416,0.5941676150361048
TN,TCGA-LUAD,76.59123756039509,0.008434671055068385,0.6460218945225309
TN,TCGA-LUAD,176.13934670349784,0.003540376028204702,0.6235995206927006
TN,TCGA-LUAD,139.9678686467628,0.0015642043819019773,0.21893835346274676
TN,TCGA-LUAD,180.27222767013913,0.002633863293617333,0.4748124033190063
TN,TCGA-LUAD,48.44104816350534,0.004234697004131303,0.20513316153497624
TN,TCGA-LUAD,101.56327298634184,0.004278104129737294,0.4344982575925052
TN,TCGA-LUAD,153.78082424413176,0.0032513602936652328,0.4999968658744818
TN,TCGA-LUAD,89.60027236264384,0.005352579408323892,0.4795925728284997
TN,TCGA-LUAD,29.789562342231935,0.009223506504337595,0.27476422202494655
TN,TCGA-LUAD,200.5612655498418,0.0024786687566937067,0.4971249427213427
TN,TCGA-LUAD,87.65785129831394,0.0036490719426662994,0.31986980572709206
TN,TCGA-LUAD,156.27806815272683,0.0019111134016599873,0.2986651104322091
TN,TCGA-LUAD,74.84880623365264,0.007747535539123636,0.5798937863562026
TN,TCGA-LUAD,45.09823856647803,0.007894575789539516,0.35603146233779476
TN,TCGA-LUAD,129.3203888163243,0.0036712126853143887,0.47476265189227884
TN,TCGA-LUAD,205.66750322798862,0.0025592657489264745,0.5263577966786164
TN,TCGA-LUAD,157.3096745757103,0.002846448198632777,0.4477738398235389
TN,TCGA-LUAD,183.93891078996197,0.0025190350689689766,0.46334856682787023
TN,TCGA-LUAD,67.32346281747107,0.008882468584492202,0.5979985434754156
TN,TCGA-LUAD,73.12910116450267,0.008261263035209673,0.6041387402484146
TN,TCGA-LUAD,193.96396521217412,0.002126566672302266,0.4124773040478056
TN,TCGA-LUAD,92.77843839698004,0.006996057454760446,0.649083285588225
TN,TCGA-LUAD,108.03429152948557,0.005129973486662118,0.5542130511965868
TN,TCGA-LUAD,89.03982695285752,0.0060140675514055355,0.5354915340599444
TN,TCGA-LUAD,117.80324466058359,0.00544735427350392,0.6417160082344578
TN,TCGA-LUAD,171.041577059152,0.0035630467723211804,0.609429139073336
TN,TCGA-LUAD,151.33605301550026,0.00381473576155891,0.577307053451404
TN,TCGA-LUAD,86.461705434357,0.003783539010935538,0.3271312354629069
TN,TCGA-LUAD,132.91859301924015,0.004835560423154993,0.6427358879052831
TN,TCGA-LUAD,85.7800008020362,0.0078101616689266965,0.6699556742245644
TN,TCGA-LUAD,106.70556805965539,0.005902654446033942,0.6298460957239023
TN,TCGA-LUAD,148.1872419111573,0.003646352748341367,0.5403429568118754
TN,TCGA-LUAD,174.06260772853986,0.0032878199356848464,0.5722865117471846
TN,TCGA-LUAD,22.296365019584606,0.022016835397057757,0.49089539858891074
TN,TCGA-LUAD,142.24613775835445,0.0034528327375681683,0.4911521212446778
TN,TCGA-LUAD,110.47266834013226,0.005282174454702721,0.5835359066490927
TN,TCGA-LUAD,82.37905721442071,0.005834191159016066,0.48061516728845194
TN,TCGA-LUAD,116.08339312457953,0.00381334099443766,0.4426655617753819
TN,TCGA-LUAD,150.0785471828644,0.004407503309781588,0.661471693435687
TN,TCGA-LUAD,59.06723824884311,0.008279109098288513,0.4890241095967722
TN,TCGA-LUAD,150.82509751378984,0.0042672169574790465,0.6436034137242748
TN,TCGA-LUAD,144.68817826715505,0.0009815791708099007,0.14202290204946916
TN,TCGA-LUAD,66.35532959021975,0.00805834324506051,0.534714021977111
TN,TCGA-LUAD,79.50911230340574,0.0060162509822111986,0.4783467749901053
TN,TCGA-LUAD,142.63193899298656,0.0038039688842155827,0.5425674578246562
TN,TCGA-LUAD,142.05143342737315,0.0036650603396530795,0.520627074845535
TN,TCGA-LUAD,166.31661193626792,0.003303509955531461,0.5494285833017236
TN,TCGA-LUAD,222.9246190508525,0.0027428009765817704,0.6114378628367974
TN,TCGA-LUAD,201.0815539432794,0.0028548291899498754,0.5740534897577545
TN,TCGA-LUAD,36.99367007295255,0.009273982397137146,0.34307864506206115
TN,TCGA-LUAD,53.7345185900461,0.008137522888913572,0.437265874951252
TN,TCGA-LUAD,186.75858512803674,0.0031491805436328173,0.5881365026416066
TN,TCGA-LUAD,110.2453953744666,0.004192269925046841,0.46217845540327446
TN,TCGA-LUAD,137.6656163607223,0.004390420239893313,0.6044099084075032
TN,TCGA-LUAD,98.1289311580047,0.006971113989136522,0.6840679647345813
TN,TCGA-LUAD,210.61166653966433,0.002650354769213421,0.558195634865386
TN,TCGA-LUAD,93.63977430775918,0.0064486375117167715,0.6038489611897082
TN,TCGA-LUAD,122.99061975130981,0.005059179792999421,0.622231658174302
TN,TCGA-LUAD,104.0486964257152,0.004377510584290353,0.4554742698851822
TN,TCGA-LUAD,60.670141474501776,0.008561966801109256,0.519455737123286
TN,TCGA-LUAD,80.42397376089991,0.0080995623029788,0.6513989861295411
TN,TCGA-LUAD,118.4556500343286,0.005054507516281425,0.598734973444516
TN,TCGA-LUAD,115.79256514128986,0.005010445351880909,0.5801723197945431
TN,TCGA-LUAD,195.05935929476027,0.003111947831621115,0.6070145501947333
TN,TCGA-LUAD,113.25338331942628,0.005844320652962464,0.6618890871515976
TN,TCGA-LUAD,62.574286723119755,0.008453066064115097,0.5289445795854115
TN,TCGA-LUAD,149.5641922792017,0.003939602201899036,0.5892234212283939
TN,TCGA-LUAD,138.99872884367912,0.0035960247657772617,0.4998428713334283
TN,TCGA-LUAD,174.83119638368035,0.003527700093818524,0.616752027885114
TN,TCGA-LUAD,150.79890804408655,0.004271080869769433,0.6440743313292179
TN,TCGA-LUAD,121.04211918225462,0.005342207009663756,0.6466320575599964
TN,TCGA-LUAD,136.63077960243,0.004414847880691048,0.6032041077649538
TN,TCGA-LUAD,111.55081035660334,0.005255037828872675,0.5862037282653523
TN,TCGA-LUAD,141.55682265105844,0.004454594525521668,0.6305782472316466
TN,TCGA-LUAD,144.4197312375091,0.00413027240987642,0.5964928313720516
TN,TCGA-LUAD,106.44379133868838,0.002466399051043934,0.26253286594725955
TN,TCGA-LUAD,58.75002747762563,0.011580384400855015,0.6803479017516993
TN,TCGA-LUAD,217.99465263466374,0.0022854361897478963,0.4982128683027821
TN,TCGA-LUAD,167.43908481868328,0.003554350357454439,0.595137170977131
TN,TCGA-LUAD,198.19381299923577,0.002176554904898376,0.43137971580399814
TN,TCGA-LUAD,46.84970832507525,0.011375596090970993,0.5329433588858572
TN,TCGA-LUAD,29.139375738093282,0.007478153499635017,0.21790872465300198
TN,TCGA-LUAD,96.8317139600834,0.005983020826295104,0.5793461612690294
TN,TCGA-LUAD,109.34073092641955,0.005379782252303804,0.5882293236918776
TN,TCGA-LUAD,73.6561998040312,0.007717138981935635,0.5684151307689291
TN,TCGA-LUAD,96.8126490572983,0.006429545270162117,0.6224613098382172
TN,TCGA-LUAD,90.16418455373729,0.007021581605898484,0.6330951797733579
TN,TCGA-LUAD,129.66792083303878,0.00308671846354351,0.400248365364639
TN,TCGA-LUAD,107.96445014168997,0.006133337684165255,0.6621824306042079
TN,TCGA-LUAD,91.21577564579954,0.0071513191904858265,0.652313126850856
TN,TCGA-LUAD,129.87447200665807,0.0035619045374216843,0.46260047113576086
TN,TCGA-LUAD,106.17624896224139,0.005944005723154144,0.631112231494602
TN,TCGA-LUAD,201.2617031957447,0.002439599432963949,0.4909979369936974
TN,TCGA-LUAD,137.51592107873427,0.004283517520489114,0.5890518572869565
TN,TCGA-LUAD,126.6054361152737,0.004889226117514879,0.6190026048741577
TN,TCGA-LUAD,132.60999106025042,0.0028967643477056317,0.38413989425289596
TN,TCGA-LUAD,172.96402738907994,0.0030175186708471693,0.5219221820314699
TN,TCGA-LUAD,110.04861688231364,0.004091320147225865,0.45024412342495024
TN,TCGA-LUAD,73.27988015412883,0.007570181101789853,0.5547419638842114
TN,TCGA-LUAD,217.16206608551738,0.002591070727359276,0.5626822725270447
TN,TCGA-LUAD,68.48530712973546,0.0048690895073381,0.3334610903522221
TN,TCGA-LUAD,119.923230839835,0.0038156405958542122,0.45758394797847024
TN,TCGA-LUAD,78.92610287627812,0.003925540293118221,0.30982759701962365
TN,TCGA-LUAD,150.29649915748578,0.003688300621526705,0.5543386712558427
TN,TCGA-LUAD,108.09044644992652,0.005873382614477658,0.6348565489701267
TN,TCGA-LUAD,18.34340770669983,0.01256287943012856,0.230446019356961
TN,TCGA-LUAD,203.713935224758,0.0022552938593205616,0.45943478717042335
TN,TCGA-LUAD,62.34705847977518,0.003342025032460395,0.20836543013968079
TN,TCGA-LUAD,53.29914937150194,0.006786946787614737,0.36173849060951313
TN,TCGA-LUAD,126.52075928800369,0.00441778861679487,0.5589419701707865
TN,TCGA-LUAD,194.97147119156503,0.0031905847131535143,0.6220729954848582
TN,TCGA-LUAD,110.73767178069005,0.005156062654895349,0.5709703739584745
TN,TCGA-LUAD,88.27835061831034,0.006874841216540118,0.6068996433589398
TN,TCGA-LUAD,142.9030924623237,0.0032251059654729054,0.4608776159847664
TN,TCGA-LUAD,89.05257287656445,0.006979767429532421,0.6215662476799069
TN,TCGA-LUAD,175.62818027576577,0.00327537358203303,0.5752479019357777
TN,TCGA-LUAD,104.12805345061007,0.002700414957615016,0.2811889530453633
TN,TCGA-LUAD,107.74215726155444,0.005492193444922795,0.5917407698537502
TN,TCGA-LUAD,194.11075810796066,0.0032693230683953165,0.634610779306059
TN,TCGA-LUAD,177.77737450319978,0.003367311205869092,0.5986317453146108
TN,TCGA-LUAD,77.45432437383617,0.00814904739986911,0.6311789606472282
TN,TCGA-LUAD,97.18460803229875,0.005849828745145218,0.568513313653012
TN,TCGA-LUAD,161.9817560010335,0.0016950419158376327,0.27456586602273575
TN,TCGA-LUAD,150.774762064348,0.003835087828322174,0.5782344548111529
TN,TCGA-LUAD,114.43542302543044,0.004506860114729399,0.5157444437454988
TN,TCGA-LUAD,211.73580415387536,0.002746506185463359,0.5815336957926771
TN,TCGA-LUAD,149.50913878867416,0.0034851526091065786,0.5210621651346253
TN,TCGA-LUAD,101.98176620797965,0.006376326063908715,0.6502689939153856
TN,TCGA-LUAD,65.58410336860842,0.00905317962369339,0.5937446682548868
TN,TCGA-LUAD,157.2652333853194,0.003700798092689554,0.5820068757587675
TN,TCGA-LUAD,196.0823420278901,0.0025607212550065963,0.5021122209622914
TN,TCGA-LUAD,110.41940756056931,0.005566718989947428,0.6146738129261657
TN,TCGA-LUAD,18.044782258261176,0.023111570467032036,0.4170432567240526
TN,TCGA-LUAD,134.52141743166277,0.004746273363143991,0.6384754203282748
TN,TCGA-LUAD,49.80894135810289,0.0052227837239592675,0.2601413282327414
TN,TCGA-LUAD,68.8327551718043,0.005427247904884603,0.37357242629360965
TN,TCGA-LUAD,87.25917261045589,0.0051650123923881,0.450694707882537
TN,TCGA-LUAD,186.78958428267555,0.0030391263450002294,0.56767714656512
TN,TCGA-LUAD,31.43156174438014,0.007728680348600041,0.2429244935795996
TN,TCGA-LUAD,186.07584926124986,0.0029399356356411962,0.547051020175348
TN,TCGA-LUAD,125.19577062110166,0.004146550176598608,0.5191305447783279
TN,TCGA-LUAD,109.94294707612318,0.005491121242854441,0.6037100521917216
TN,TCGA-LUAD,159.31431070320104,0.0037339954253938915,0.5948789073655338
TN,TCGA-LUAD,84.73334690632471,0.004052876051814939,0.34341375246677086
TN,TCGA-LUAD,135.89458455811416,0.0037131903016263132,0.5046024534247264
TN,TCGA-LUAD,121.02299422211149,0.004211516318611471,0.5096903150936443
TN,TCGA-LUAD,106.82021548866207,0.005521094134146469,0.589764465142714
TN,TCGA-LUAD,211.79016906853406,0.002424260972697174,0.5134346412737832
TN,TCGA-LUAD,207.34496972127397,0.0025639217215929957,0.5316162717314163
TN,TCGA-LUAD,181.86074873369344,0.0029830871769473636,0.5425064675375274
TN,TCGA-LUAD,57.83588476624878,0.01039137939669717,0.6009946213497493
TN,TCGA-LUAD,26.297978157019173,0.01269989826191521,0.33398164708821193
TN,TCGA-LUAD,150.82590074354485,0.003872332491211719,0.5840480359655025
TN,TCGA-LUAD,152.1879814897081,0.004168914628430614,0.6344587023037717
TN,TCGA-LUAD,73.06916344435842,0.004020697191803934,0.2937889802681946
TN,TCGA-LUAD,96.79892335270704,0.005183604796695461,0.5017673634060484
TN,TCGA-LUAD,155.38640950380153,0.0039465295960888595,0.6132370639367359
TN,TCGA-LUAD,100.32051154548485,0.003950637534551644,0.396329978397014
TN,TCGA-LUAD,178.94325458728107,0.002621971621538513,0.4691841353935924
TN,TCGA-LUAD,141.85179988312515,0.004629785912682187,0.6567434647875054
TN,TCGA-LUAD,172.28955298883062,0.00388015813583,0.668510710748125
TN,TCGA-LUAD,136.56274866329068,0.002737890202714802,0.37389381162102747
TN,TCGA-LUAD,108.33397383703522,0.0055046203096409865,0.5963373926074593
TN,TCGA-LUAD,187.83714332030442,0.003188051148814843,0.5988344205523949
TN,TCGA-LUAD,137.05883946308901,0.004704028339316612,0.6447286649882167
TN,TCGA-LUAD,291.07486618969364,0.0018928138180347427,0.5509505288064659
TN,TCGA-LUAD,108.21488304004991,0.004818724281314345,0.5214576845046804
TN,TCGA-LUAD,162.00063324097653,0.0038275482870681323,0.6200652462654525
TN,TCGA-LUAD,180.78550695224993,0.002953692421453455,0.5339847817934815
TN,TCGA-LUAD,90.5580266603495,0.004614806944633557,0.41790781032449165
TN,TCGA-LUAD,66.02907567293292,0.0032276098346075213,0.21311609401200254
TN,TCGA-LUAD,44.93270809774368,0.0047619167401038555,0.2139658148688457
TN,TCGA-LUAD,106.3531141636258,0.005790695962866017,0.6158585488255366
TN,TCGA-LUAD,197.30932598431042,0.0023373397541658547,0.4611789314907986
TN,TCGA-LUAD,104.12847233679206,0.005075027276912385,0.5284548374124364
TN,TCGA-LUAD,174.88361849608498,0.003510227666976216,0.6138813161458709
TN,TCGA-LUAD,17.30267926508362,0.004453327463463009,0.07705449676268883
TN,TCGA-LUAD,103.4658026977499,0.005425435400789592,0.5613470287274835
TN,TCGA-LUAD,172.35160078425642,0.0031983741186514345,0.55124489925651
TN,TCGA-LUAD,174.94242292367883,0.0025721054853003,0.4499703656137192
TN,TCGA-LUAD,233.07929983759635,0.002390566750167685,0.5571916243441222
TN,TCGA-LUAD,118.41438346505288,0.005450402402222101,0.6454060400955732
TN,TCGA-LUAD,178.1558450633372,0.0029611878455603436,0.5275529230170859
TN,TCGA-LUAD,85.6771980642157,0.006330355800078568,0.5423671477002882
TN,TCGA-LUAD,160.14645135791656,0.003999039788515191,0.6404320309698209
TN,TCGA-LUAD,131.5222122718392,0.0029988416063456216,0.3944142823194121
TN,TCGA-LUAD,105.5714531607609,0.005947807861212072,0.6279187190291557
TN,TCGA-LUAD,155.36743375590152,0.004086644151533009,0.6349314144972471
TN,TCGA-LUAD,75.75839489497567,0.007131701976348092,0.5402862945974571
TN,TCGA-LUAD,67.24335562247754,0.007390989931015848,0.49699496433344936
TN,TCGA-LUAD,65.93036406997085,0.00883878452712436,0.5827442818093342
TN,TCGA-LUAD,73.51894559971082,0.007516745029456253,0.552623168907491
TN,TCGA-LUAD,45.96982636865055,0.010192113546560078,0.46852969006493794
TN,TCGA-LUAD,19.700899074254114,0.016959999886682925,0.33412724606690153
TN,TCGA-LUAD,174.70324650842838,0.003124662493923392,0.5458886819315389
TN,TCGA-LUAD,53.01985479735344,0.007510595056873553,0.39821065935715627
TN,TCGA-LUAD,122.53300122772406,0.004476398688645794,0.5485065660116175
TN,TCGA-LUAD,63.24105078859239,0.007339691766691598,0.46416981978995675
TN,TCGA-LUAD,201.08994739358195,0.0024144810730800893,0.48552787196847447
TN,TCGA-LUAD,172.29766579931808,0.0033681408162739308,0.5803228007274082
TN,TCGA-LUAD,79.78808790844444,0.006843493376981272,0.546029251163439
TN,TCGA-LUAD,195.95560606878675,0.003158131803291205,0.6188536315590385
TN,TCGA-LUAD,124.0778041713048,0.00388528863874584,0.48207808286730175
TN,TCGA-LUAD,204.152686895999,0.0027312234836196496,0.557586612694402
TN,TCGA-LUAD,65.54657477370071,0.006899219743394637,0.4522202227906088
TN,TCGA-LUAD,93.37365587930715,0.005656148351288051,0.528135249755481
TN,TCGA-LUAD,164.4171839612652,0.0025460298483830877,0.4186110579524743
TN,TCGA-LUAD,142.80191994795675,0.0045837949411885424,0.6545747182494553
TN,TCGA-LUAD,101.31467359862789,0.005419733261612459,0.5490985063918932
TN,TCGA-LUAD,117.95153064256503,0.005175254969425693,0.6104292451093016
TN,TCGA-LUAD,150.18214455391808,0.003849001797740997,0.578051344376629
TN,TCGA-LUAD,95.75666936920922,0.006238588656892469,0.5973864713485512
TN,TCGA-LUAD,117.63445781594115,0.004988449574752248,0.5868135610681429
TN,TCGA-LUAD,49.130729028111126,0.012123297399996295,0.5956264394864221
TN,TCGA-LUAD,183.97632912202863,0.0022377142371689087,0.41168645097843637
TN,TCGA-LUAD,109.90836847542879,0.0036775572698163218,0.4041943195004642
TN,TCGA-LUAD,40.50368146253786,0.006516332844900791,0.2639354698537348
TN,TCGA-LUAD,118.36773242392081,0.003172853406058272,0.3755634629886313
TN,TCGA-LUAD,155.69989399159627,0.0028775024492008116,0.448026826301125
TN,TCGA-LUAD,78.85860224727757,0.007054115121678785,0.5562776585869733
TN,TCGA-LUAD,136.74396881389657,0.004519088236070104,0.6179580608204172
TN,TCGA-LUAD,111.60291401819089,0.004833029712198707,0.5393801994178742
TN,TCGA-LUAD,89.84409340445666,0.005882102065775066,0.5284721274120425
TN,TCGA-LUAD,121.46115249554832,0.005387775159241862,0.6544053802284029
TN,TCGA-LUAD,98.34191989054652,0.0034750689048449164,0.341744947854388
TN,TCGA-LUAD,250.93757337972949,0.0015836628446766776,0.3974005112948049
TN,TCGA-LUAD,167.9853619383641,0.0034716251930129354,0.5831822145626211
TN,TCGA-LUAD,161.92631990158827,0.0039161613254692414,0.6341295915741604
TN,TCGA-LUAD,112.74953932524328,0.005792080335857295,0.6530543896027103
TN,TCGA-LUAD,150.83744488320772,0.004359118939802174,0.6575183628217574
TN,TCGA-LUAD,191.40272419636386,0.0028869299876672955,0.5525662642036955
TN,TCGA-LUAD,163.91275643100957,0.003692186842008843,0.6051965225319739
TN,TCGA-LUAD,118.33090167779704,0.004324588789753456,0.5117324908772195
TN,TCGA-LUAD,205.16696520400555,0.002894408983655538,0.5938371072358168
TN,TCGA-LUAD,163.9714621980285,0.003296401531854256,0.5405157791699633
TN,TCGA-LUAD,193.97275834108837,0.0026439567195864944,0.5128555778326478
TN,TCGA-LUAD,57.26325215558637,0.01188984221902675,0.6808510330782653
TN,TCGA-LUAD,198.57974361242472,0.0026044380954913984,0.5171886492571136
TN,TCGA-LUAD,74.52784020940345,0.00582530559929423,0.43414744487514356
TN,TCGA-LUAD,103.94904972373345,0.005693478881212412,0.5918317193241753
TN,TCGA-LUAD,153.42443526945914,0.0040700737457058786,0.6244487659399767
TN,TCGA-LUAD,88.26823230535966,0.0058972848663896805,0.5205429105573662
TN,TCGA-LUAD,59.79783278416552,0.008833881693896675,0.5282469803667342
TN,TCGA-LUAD,130.70918089934526,0.0034694417308376714,0.45348788681579866
TN,TCGA-LUAD,123.09544249498676,0.005231593128872315,0.6439852711522699
TN,TCGA-LUAD,87.46672739555942,0.00594078001056683,0.5196205857012375
TN,TCGA-LUAD,41.35241630111779,0.016238892337301532,0.6715174362011247
TN,TCGA-LUAD,60.25680080559671,0.009421177641991744,0.5676900245276378
TN,TCGA-LUAD,120.422234029476,0.005318615207304822,0.6404795252067913
TN,TCGA-LUAD,120.62602436335715,0.003371738550111323,0.4067194164925989
TN,TCGA-LUAD,173.70245519374373,0.003189059933767996,0.5539475402554986
TN,TCGA-LUAD,268.2356032464472,0.0022497825072927344,0.6034717680169712
TN,TCGA-LUAD,99.56536109737942,0.0040806355921135075,0.40628995623560005
TN,TCGA-LUAD,160.43699716791048,0.0034588908279404897,0.5549340579663998
TN,TCGA-LUAD,161.2606692471786,0.003455780448625298,0.5572814679166307
TN,TCGA-LUAD,165.1651923903511,0.0034649832237718297,0.5722946207836133
TN,TCGA-LUAD,118.96299397135202,0.004706576974577813,0.5599084882524046
TN,TCGA-LUAD,134.9866639457018,0.004364167019294282,0.5891043468363923
TN,TCGA-LUAD,124.85739627851973,0.0037855919857464346,0.472659158713131
TN,TCGA-LUAD,180.41976419986298,0.0017274045283452457,0.31165791768182477
TN,TCGA-LUAD,176.05584373682834,0.003296286726384903,0.5803305408122019
TN,TCGA-LUAD,195.79707875485073,0.0030163794003813848,0.5905982750109834
TN,TCGA-LUAD,166.98293650254723,0.0034595735126824005,0.5776897441941395
TN,TCGA-LUAD,111.48978785829522,0.005301431250003824,0.5910554454082632
TN,TCGA-LUAD,72.12628755981257,0.007435192164026473,0.5362728080850385
TN,TCGA-LUAD,41.934099626953376,0.009537291838842176,0.3999377461413372
TN,TCGA-LUAD,30.493215753543122,0.010959385825815116,0.3341869165129027
TN,TCGA-LUAD,91.04596674714081,0.00619842424442344,0.5643415276424479
TN,TCGA-LUAD,131.09129355429675,0.0024942867922031105,0.32697928208530314
TN,TCGA-LUAD,90.45748322818591,0.005020092404391033,0.45410492447414535
TN,TCGA-LUAD,85.8111517656645,0.00571174434079778,0.4901313604748737
TN,TCGA-LUAD,190.9559953295044,0.001920821701002111,0.3667924197653698
TN,TCGA-LUAD,49.176591273073534,0.007079080878963775,0.34812506697383166
TN,TCGA-LUAD,154.66677365716907,0.002586862214160948,0.4001016325599146
TN,TCGA-LUAD,84.26688296151507,0.007167709404891724,0.6040005295241617
TN,TCGA-LUAD,3.6917919756480035,0.021909563566622513,0.08088555096520685
TN,TCGA-LUAD,24.85429686538151,0.015150994668552208,0.37656731929800913
TN,TCGA-LUAD,129.57540709746868,0.0037864894297774637,0.49063590933367696
TN,TCGA-LUAD,92.22598673071727,0.004879968758682196,0.45005993398453903
TN,TCGA-LUAD,153.89052511527584,0.003246557605874634,0.4996144547850402
TN,TCGA-LUAD,178.41267503083262,0.0031941658498330036,0.5698796737608389
TN,TCGA-LUAD,105.99846955098764,0.0055048574376302395,0.5835064634851768
TN,TCGA-LUAD,118.61435579031065,0.0037694994025482525,0.4471167432852219
TN,TCGA-LUAD,130.05768742592213,0.005125919718337918,0.6666652644979638
TN,TCGA-LUAD,253.6918984055445,0.0016823530127004116,0.4267993295802545
TN,TCGA-LUAD,146.74553716009046,0.004706753693398754,0.6906950990180399
TN,TCGA-LUAD,147.27705721653115,0.004255585240088027,0.6267500708942698
TN,TCGA-LUAD,73.02828135752107,0.006106256287764084,0.4459294022239677
TN,TCGA-LUAD,44.231111283103495,0.010575978829082424,0.4677872965168913
TN,TCGA-LUAD,59.283991606937015,0.011442821741360774,0.6783761480745085
TN,TCGA-LUAD,184.83154502848353,0.0033370922648072497,0.6167999192069252
TN,TCGA-LUAD,104.73815647837239,0.003508014209739164,0.3674229412280144
TN,TCGA-LUAD,103.39658247282121,0.004337483348270631,0.44848095474395294
TN,TCGA-LUAD,45.20037573366123,0.010034502813445794,0.45356329746823065
TN,TCGA-LUAD,132.80507679513894,0.00328313859698373,0.436017473501509
TN,TCGA-LUAD,47.301045595877035,0.01065308178706974,0.503901907346793
TN,TCGA-LUAD,123.45552501343033,0.004833466686362914,0.596718167399859
TN,TCGA-LUAD,176.1650156321778,0.002670795182669352,0.4705006751052916
TN,TCGA-LUAD,147.28291380085065,0.002956986717052519,0.4355136197579065
TN,TCGA-LUAD,134.10281610231578,0.004250708743008355,0.5700320128681553
TN,TCGA-LUAD,113.21548582707126,0.003296061227805035,0.37316517322172005
TN,TCGA-LUAD,121.54087814103723,0.003875105597088956,0.47098373715944014
TN,TCGA-LUAD,64.26839963321471,0.008952555056887853,0.5753663861344258
TN,TCGA-LUAD,125.92709200148002,0.0050611956546252465,0.6373416508374843
TN,TCGA-LUAD,56.03508595172197,0.007056023942780213,0.3953849081110974
TN,TCGA-LUAD,26.243970025677466,0.009162361386381586,0.24045673758862296
TN,TCGA-LUAD,318.4081091878585,0.0012986595713891298,0.4135037386047275
TN,TCGA-LUAD,98.1227133616589,0.005755442324070119,0.5647396174342922
TN,TCGA-LUAD,91.72033921107013,0.006642638900162687,0.6092650931795714
TN,TCGA-LUAD,111.40347574527034,0.0035981797987083867,0.4008497359325315
TN,TCGA-LUAD,167.3772146369144,0.0026425000260621324,0.44229429404025344
TN,TCGA-LUAD,85.51976420313052,0.007349653358975999,0.6285406222343737
TN,TCGA-LUAD,131.23700381191966,0.003518276718255994,0.4617280950851501
TN,TCGA-LUAD,150.01590200305904,0.004170208830809457,0.6255976392950029
TN,TCGA-LUAD,114.41721406019477,0.005752867735690044,0.6582270991744357
TN,TCGA-LUAD,129.1771980683691,0.0051344025303681606,0.6632477326281034
TN,TCGA-LUAD,110.25417493648055,0.004259925228173011,0.469674541323314
TN,TCGA-LUAD,101.17101727353256,0.005583612421333092,0.5648997487274011
TN,TCGA-LUAD,137.41553396333913,0.0037339001384588174,0.5130958812921043
TN,TCGA-LUAD,136.7614930589608,0.00360447173980802,0.492952936824975
TN,TCGA-LUAD,113.79318701963045,0.005288527446762739,0.6017983928079211
TN,TCGA-LUAD,61.500400886121724,0.0053931725402815815,0.3316822732753407
TN,TCGA-LUAD,190.73637027388628,0.0025721266234580214,0.49059809604321003
TN,TCGA-LUAD,204.47599354149253,0.002694083910526347,0.5508754842890242
TN,TCGA-LUAD,148.57614418469282,0.0027964875300630796,0.41549133447734765
TN,TCGA-LUAD,124.04576889720143,0.004942350403642077,0.6130776559791753
TN,TCGA-LUAD,84.35286354266995,0.003582352973940879,0.3021817315725128
TN,TCGA-LUAD,67.09024671412804,0.008038490848697604,0.5393043342483828
TN,TCGA-LUAD,139.7858150440332,0.002637165547173539,0.36863833541769697
TN,TCGA-LUAD,117.55732240990446,0.0038053254469025636,0.44734387043613844
TN,TCGA-LUAD,162.08783818420164,0.003517217621657737,0.5700982007178819
