pair_type,cancer,omega,kn,kf
TT,TCGA-LUSC,211.1146301546051,0.002481259981361882,0.523830283282636
TT,TCGA-LUSC,47.123299536302426,0.006230790989654484,0.2936154301535825
TT,TCGA-LUSC,148.74916493888549,0.0037463525778613166,0.5572668175235118
TT,TCGA-LUSC,117.02359407931117,0.00487899393282337,0.570957405510144
TT,TCGA-LUSC,46.25288144504941,0.008740639074267195,0.40427974285604695
TT,TCGA-LUSC,125.66362854929359,0.0041803377213335165,0.5253164066242554
TT,TCGA-LUSC,187.30887144227745,0.002569500209386679,0.4812901843909145
TT,TCGA-LUSC,106.97006563613841,0.005258133199815478,0.5624628535078202
TT,TCGA-LUSC,44.566737136406694,0.008539825984055007,0.3805921798220351
TT,TCGA-LUSC,22.18776089440779,0.020231536827713583,0.4488925016597145
TT,TCGA-LUSC,108.37346318653967,0.006110676399734574,0.6622351638514916
TT,TCGA-LUSC,177.6399813061732,0.002636231075321467,0.4683000389388583
TT,TCGA-LUSC,89.24658053906292,0.005642463828049747,0.503570602468791
TT,TCGA-LUSC,136.93532263411296,0.0042234563164892935,0.5783403533295437
TT,TCGA-LUSC,93.75505117137912,0.004049760959311711,0.3796855459721229
TT,TCGA-LUSC,108.66677646853474,0.00421439773151231,0.45796501623974806
TT,TCGA-LUSC,114.13846716736501,0.00436028069283906,0.49767575470010655
TT,TCGA-LUSC,125.16582987411462,0.004020884211413027,0.5032773091492364
TT,TCGA-LUSC,29.622947923546825,0.020176469923849187,0.5976865178351932
TT,TCGA-LUSC,67.17852617547211,0.008487409941057896,0.5701716908873201
TT,TCGA-LUSC,157.06092461238865,0.0029138755543552607,0.45765598877247377
TT,TCGA-LUSC,154.09227253040294,0.0025288952993580034,0.3896832236695284
TT,TCGA-LUSC,99.02778212143745,0.006962203792593183,0.6894516002579633
TT,TCGA-LUSC,90.32358591587665,0.004189006215597186,0.37836606281663376
TT,TCGA-LUSC,60.69032563013925,0.007236670311930754,0.43919587770903884
TT,TCGA-LUSC,85.14129353251334,0.005901987632633634,0.5025028614553237
TT,TCGA-LUSC,154.56002693412782,0.0037586167439659585,0.5809319051824423
TT,TCGA-LUSC,85.11695689163635,0.006431232712817829,0.5474069575769966
TT,TCGA-LUSC,124.7961062455873,0.003041098876817481,0.37951729853465055
TT,TCGA-LUSC,86.72070565902749,0.006276838749919604,0.544331885700956
TT,TCGA-LUSC,26.63218262322245,0.022906275562306528,0.610044113993205
TT,TCGA-LUSC,75.63395317225037,0.004764875300029726,0.3603863553140607
TT,TCGA-LUSC,12.99510064336917,0.041283623037588556,0.5364848362963773
TT,TCGA-LUSC,99.63886821084073,0.005551891171790233,0.5531841527869371
TT,TCGA-LUSC,99.58812824952788,0.004795760782886081,0.47760083990011526
TT,TCGA-LUSC,49.53791591923964,0.008817256070057795,0.43678848983692836
TT,TCGA-LUSC,70.12754627212351,0.007250922138636302,0.508489377792782
TT,TCGA-LUSC,51.06582929355374,0.006258652336717757,0.3196032718345302
TT,TCGA-LUSC,78.31722665422703,0.008170079547744739,0.6398579717237893
TT,TCGA-LUSC,188.87320191222173,0.003343298969681904,0.6314595813536531
TT,TCGA-LUSC,41.03348454437238,0.008470394651606785,0.34756980802144144
TT,TCGA-LUSC,110.2612947275357,0.0050189749366337435,0.553398674718288
TT,TCGA-LUSC,110.46211282048448,0.005427576621385448,0.5995415810933034
TT,TCGA-LUSC,115.04282119409065,0.004285359396371159,0.49299983478914344
TT,TCGA-LUSC,78.1301234876455,0.007032555639332604,0.5494544405347941
TT,TCGA-LUSC,71.49436173919995,0.0075200411097591105,0.5376405393947724
TT,TCGA-LUSC,132.50161704424582,0.0036855100416059985,0.4883360401456005
TT,TCGA-LUSC,110.5679412769779,0.004618364780423757,0.5106430858375569
TT,TCGA-LUSC,97.5953784162926,0.006174602075629221,0.6026126261410596
TT,TCGA-LUSC,122.587950881803,0.0045381278789857465,0.5563197975244455
TT,TCGA-LUSC,126.03969096987393,0.005009526018233162,0.6313991112436508
TT,TCGA-LUSC,172.15856574562198,0.0027999387494520088,0.48203343928124825
TT,TCGA-LUSC,147.03282349728386,0.00345268202782584,0.5076575871895609
TT,TCGA-LUSC,119.96045999848931,0.004479478860496728,0.5373603446586962
TT,TCGA-LUSC,43.76535810048504,0.011608321565600585,0.5080423502640927
TT,TCGA-LUSC,52.10996262556474,0.01056426741835757,0.5505035803370842
TT,TCGA-LUSC,51.51837500751445,0.007619081295172411,0.3925226873774311
TT,TCGA-LUSC,57.87953287777955,0.007324978244949162,0.423966319157555
TT,TCGA-LUSC,72.45536305149994,0.004128473222583742,0.29913002619070095
TT,TCGA-LUSC,136.89935760618337,0.003924965577675366,0.53732526621014
TT,TCGA-LUSC,134.9650959779216,0.0035102088325112708,0.47375567198243185
TT,TCGA-LUSC,92.04591434368928,0.004134219970769707,0.38053805730743806
TT,TCGA-LUSC,129.46949021354396,0.00430634320159968,0.5575400589956714
TT,TCGA-LUSC,85.98246662258752,0.0055720878517762995,0.47910185773348113
TT,TCGA-LUSC,94.97367351530313,0.006587821153161736,0.6256695753775905
TT,TCGA-LUSC,116.77801772689952,0.004132782823997751,0.4826181858822352
TT,TCGA-LUSC,64.63495530991145,0.007749024705785459,0.5008578655538428
TT,TCGA-LUSC,154.6358135684956,0.0032762059138422284,0.5066187669049096
TT,TCGA-LUSC,37.9976306919272,0.013770204752761035,0.5232351547476345
TT,TCGA-LUSC,117.98765752104627,0.004711052883807684,0.5558460942182384
TT,TCGA-LUSC,56.086693663792765,0.01091903093658702,0.6124123432458324
TT,TCGA-LUSC,85.05616227048895,0.006853151116593422,0.5829027334371526
TT,TCGA-LUSC,59.388359351769076,0.009997069985192765,0.5937095847454127
TT,TCGA-LUSC,153.9441812232041,0.0027897918789424204,0.42947222658693507
TT,TCGA-LUSC,92.18637181412605,0.004083955874579465,0.37648507472646686
TT,TCGA-LUSC,73.18756598962159,0.008233486519905733,0.6025888380002606
TT,TCGA-LUSC,126.37450033376766,0.00394640802597627,0.4987253423959215
TT,TCGA-LUSC,101.69999360026131,0.005297469116251841,0.5387525752203941
TT,TCGA-LUSC,76.8906379840033,0.005929204354512375,0.45590030555598704
TT,TCGA-LUSC,92.22764704976196,0.0039013043425771216,0.3598081199409064
TT,TCGA-LUSC,64.78344268202541,0.008502483602567916,0.5508201591218195
TT,TCGA-LUSC,75.01760304197646,0.0056807219517305265,0.4261541443667624
TT,TCGA-LUSC,68.85425304041713,0.009177067194986958,0.631880106812543
TT,TCGA-LUSC,82.94361312700997,0.005568140040825986,0.4618416533832841
TT,TCGA-LUSC,162.246296981139,0.0029864953651237845,0.48454781394266877
TT,TCGA-LUSC,140.29970711992263,0.0036479634276473704,0.5118082004831151
TT,TCGA-LUSC,91.1921461658277,0.005324562137676306,0.4855582487280097
TT,TCGA-LUSC,138.60676149791166,0.003517135982801106,0.48749882832383606
TT,TCGA-LUSC,135.06697496874523,0.004779625856377015,0.6455696059032419
TT,TCGA-LUSC,148.3336843656886,0.0034134300590015374,0.5063266569762879
TT,TCGA-LUSC,79.4183857082981,0.006666714880552663,0.5294597337909819
TT,TCGA-LUSC,190.4869348801216,0.002306952628405993,0.4394443350986978
TT,TCGA-LUSC,173.08836070935934,0.0027151493911476655,0.4699607571947645
TT,TCGA-LUSC,61.44156601146273,0.009291937636503909,0.5709111996676499
TT,TCGA-LUSC,129.7552285057993,0.004594585188610479,0.5961714510375136
TT,TCGA-LUSC,39.818671884505974,0.008701292450113685,0.34647390904220593
TT,TCGA-LUSC,128.18492972383652,0.003499591626000923,0.44859490664105506
TT,TCGA-LUSC,143.35963603554458,0.003805604592058442,0.5455700892126953
TT,TCGA-LUSC,48.382331270075674,0.010661035660320933,0.5158057589997374
TT,TCGA-LUSC,107.36042652629682,0.005330827559937707,0.5723199205730504
TT,TCGA-LUSC,166.32678369164603,0.0032182454087391244,0.5352804079659853
TT,TCGA-LUSC,61.086116356327814,0.007356688616836643,0.4493915368453555
TT,TCGA-LUSC,107.45536336263996,0.005251402753263919,0.5642913910155423
TT,TCGA-LUSC,67.11702407057967,0.006614577057903274,0.4439507276119981
TT,TCGA-LUSC,138.04342098641504,0.004436470770553258,0.6124256022734085
TT,TCGA-LUSC,103.77272221065734,0.005630363581931894,0.5842781559328201
TT,TCGA-LUSC,82.94666153182338,0.007921000181352892,0.6570205210361899
TT,TCGA-LUSC,148.4135687334269,0.0033447571812562386,0.496407349816996
TT,TCGA-LUSC,87.46251822861836,0.006625172962106194,0.5794543109659624
TT,TCGA-LUSC,54.83775635735897,0.01249646173667715,0.6852779240449605
TT,TCGA-LUSC,184.52342258427294,0.002921948079449864,0.539167860233632
TT,TCGA-LUSC,103.46684664284052,0.004636201427117145,0.47969314206484803
TT,TCGA-LUSC,128.5122500901557,0.004234164426027016,0.5441419976404245
TT,TCGA-LUSC,78.82167940440956,0.0059694146859809024,0.4705192906103609
TT,TCGA-LUSC,158.69800980702894,0.0032215776419361325,0.5112579602140855
TT,TCGA-LUSC,146.94804280926985,0.003489238469603838,0.512736764003096
TT,TCGA-LUSC,70.66138985834391,0.007795537352100852,0.5508435039920803
TT,TCGA-LUSC,150.15276641004948,0.0030624690793217384,0.4598382043053963
TT,TCGA-LUSC,75.09009098653323,0.0066301654845895945,0.4978597294936048
TT,TCGA-LUSC,52.23923842334859,0.008837977384884947,0.4616892077891676
TT,TCGA-LUSC,48.22337981235297,0.00729946942412249,0.35200508646811624
TT,TCGA-LUSC,97.30656474522553,0.005534492559234071,0.538542458547079
TT,TCGA-LUSC,36.6327019958078,0.008893687322235362,0.3257997973193419
TT,TCGA-LUSC,76.79246934057612,0.005176925320156582,0.39754887892657653
TT,TCGA-LUSC,130.12182213244617,0.004547196851647913,0.5916895399313489
TT,TCGA-LUSC,71.33172002534462,0.003582131376488432,0.2555195924416752
TT,TCGA-LUSC,134.41701950826337,0.004853007643672498,0.6523268231132773
TT,TCGA-LUSC,100.1098610901715,0.006974348727997379,0.698201082354232
TT,TCGA-LUSC,28.525050972168696,0.021866443997940976,0.6237414296213386
TT,TCGA-LUSC,48.011179798479645,0.008236563710012083,0.39544714120302266
TT,TCGA-LUSC,112.84718596770433,0.005229506138226007,0.5901350516996415
TT,TCGA-LUSC,108.98833681410616,0.005468978761095649,0.5960548992434856
TT,TCGA-LUSC,71.24682135813914,0.008033574500340422,0.572366647293056
TT,TCGA-LUSC,224.72019075295321,0.002319406417644723,0.521217452606746
TT,TCGA-LUSC,66.14100739922003,0.009755975417285437,0.6452700422612848
TT,TCGA-LUSC,103.60644803794666,0.005487215767124124,0.5685109352495472
TT,TCGA-LUSC,166.55537602276982,0.004012007430078294,0.6682214061228366
TT,TCGA-LUSC,80.67296070811683,0.0063556226627253295,0.5127268973456574
TT,TCGA-LUSC,90.07632502383373,0.0053962696508870886,0.48607613898955515
TT,TCGA-LUSC,95.75096941513281,0.004302600868541893,0.4119782041692787
TT,TCGA-LUSC,130.43885709738166,0.004857239712529004,0.6335727967502979
TT,TCGA-LUSC,63.97924626730058,0.007917190852145525,0.5065359032746379
TT,TCGA-LUSC,82.12259538063915,0.005830683889960745,0.4788308938876574
TT,TCGA-LUSC,138.98006514521703,0.003494747655828187,0.485700256873096
TT,TCGA-LUSC,132.84224305655815,0.004582858012605264,0.6087971380042034
TT,TCGA-LUSC,106.9893186881974,0.0057179628712888085,0.6117609518835986
TT,TCGA-LUSC,128.103757693985,0.004691072309742507,0.6009439904922166
TT,TCGA-LUSC,62.535104064625436,0.005909980246887288,0.3695812297589773
TT,TCGA-LUSC,88.09572669008257,0.007096641145145289,0.625183758740314
TT,TCGA-LUSC,56.22555554750961,0.008538847722664847,0.48010145694241824
TT,TCGA-LUSC,96.9613086644808,0.0045418457781275946,0.4403833103994987
TT,TCGA-LUSC,38.70009383441171,0.010256995906064091,0.3969467040238571
TT,TCGA-LUSC,97.86476361455385,0.006077140574719388,0.5947379257973269
TT,TCGA-LUSC,128.0289273325618,0.00443164803491878,0.5673791442261068
TT,TCGA-LUSC,74.82065772493313,0.007865720071681691,0.5885183492434323
TT,TCGA-LUSC,15.78353712121758,0.03584748962857974,0.5658001832551506
TT,TCGA-LUSC,89.76860965682516,0.00540513608889254,0.48521155170581304
TT,TCGA-LUSC,98.87524021115652,0.005107773637444719,0.5050323453465593
TT,TCGA-LUSC,156.81415274298877,0.0034637103847206365,0.5431588093270583
TT,TCGA-LUSC,104.47202009445324,0.003982990560414763,0.4161110698636687
TT,TCGA-LUSC,90.63585342632587,0.007820363673030338,0.7088053356093411
TT,TCGA-LUSC,76.11409078737451,0.004995968433872044,0.380263594946594
TT,TCGA-LUSC,70.44719712199878,0.006159460617620608,0.4339167362947073
TT,TCGA-LUSC,100.68944507909664,0.003150891483161622,0.3172615149439955
TT,TCGA-LUSC,113.15950836766146,0.003484342194571417,0.3942864497224001
TT,TCGA-LUSC,13.677420671507567,0.03189519364379187,0.43624398086533567
TT,TCGA-LUSC,126.77953175049112,0.0033898033658505042,0.42975768344876564
TT,TCGA-LUSC,125.35036745684788,0.004181692579450787,0.5241767014257301
TT,TCGA-LUSC,128.0021162976177,0.004728023110361456,0.6051969640303112
TT,TCGA-LUSC,14.02505187749803,0.00674987177606191,0.09466730182572805
TT,TCGA-LUSC,94.22129521412903,0.0059583660313836245,0.5614049648368349
TT,TCGA-LUSC,146.28612932103042,0.00381390054347274,0.5579207481200015
TT,TCGA-LUSC,121.86141728868344,0.00403147547378879,0.4912813150004685
TT,TCGA-LUSC,88.68271605244902,0.0063103955444863205,0.5596230162503198
TT,TCGA-LUSC,37.28379758715945,0.014080403342993514,0.5249709081857334
TT,TCGA-LUSC,199.75272130636262,0.0023386625688570743,0.4671542123465292
TT,TCGA-LUSC,114.70959379570115,0.005699160148599235,0.6537483456224661
TT,TCGA-LUSC,68.50991817952828,0.007998543169362275,0.5479795380884342
TT,TCGA-LUSC,112.08785416406424,0.00538799739530017,0.6039290662807634
TT,TCGA-LUSC,195.48134709945043,0.002867740031350508,0.5605896844594175
TT,TCGA-LUSC,125.49539780148743,0.0041182523696564055,0.5168217193769489
TT,TCGA-LUSC,80.45884234157211,0.008060574940141209,0.6485445282912485
TT,TCGA-LUSC,133.81968742680417,0.003739279797904965,0.5003892537570058
TT,TCGA-LUSC,123.80596939089358,0.0047756913765086935,0.5912591003803898
TT,TCGA-LUSC,72.21360398043048,0.008415726762210491,0.6077299596137788
TT,TCGA-LUSC,90.45253807690547,0.0033816229167975293,0.3058763756433647
TT,TCGA-LUSC,102.4667298679673,0.0041282282362740605,0.42300604751960924
TT,TCGA-LUSC,62.74982512970628,0.008867502223676941,0.5564342138730096
TT,TCGA-LUSC,102.56803857303937,0.004181689295617047,0.4289076689733151
TT,TCGA-LUSC,30.042073841469218,0.02163137035804969,0.6498512255886972
TT,TCGA-LUSC,89.6134395975094,0.0063304259995891,0.5672912479406809
TT,TCGA-LUSC,92.66612760443216,0.005878596498635267,0.5447467732775038
TT,TCGA-LUSC,57.45577044809623,0.006900109125425934,0.3964510859772865
TT,TCGA-LUSC,47.21777685720883,0.003972839470806291,0.18758864762204308
TT,TCGA-LUSC,61.33200164170836,0.0067644085805397295,0.4148747181668488
TT,TCGA-LUSC,109.7327238803331,0.005678611843677826,0.6231295454658881
TT,TCGA-LUSC,83.01521328716836,0.005607390741718034,0.4654987384082158
TT,TCGA-LUSC,120.50946180522915,0.005307196730426905,0.6395674216782181
TT,TCGA-LUSC,97.80515992995916,0.005890908444444088,0.576161242541601
TT,TCGA-LUSC,28.1109073021991,0.009871262571444939,0.2774901471015562
TT,TCGA-LUSC,57.40443178187604,0.008757607514668468,0.5027254831482311
TT,TCGA-LUSC,133.36872265709846,0.004178782285306823,0.5573188556534818
TT,TCGA-LUSC,102.1754658554141,0.004981101983750072,0.5089464156629909
TT,TCGA-LUSC,86.5696542629632,0.007911489427636564,0.684894904455586
TT,TCGA-LUSC,137.11171532370923,0.0046469421311938815,0.6371502066180061
TT,TCGA-LUSC,108.5150801605848,0.0053442432167932095,0.5799309810679767
TT,TCGA-LUSC,72.64581657209072,0.008749947890082321,0.6356471094382725
TT,TCGA-LUSC,55.232466465939346,0.008498972546900848,0.4694192161916402
TT,TCGA-LUSC,126.04468848103872,0.004192484532140295,0.5284404068151969
TT,TCGA-LUSC,218.3629882038706,0.002248133803141238,0.49090921513605285
TT,TCGA-LUSC,79.47472519746725,0.0063592750180834585,0.5054016345173015
TT,TCGA-LUSC,42.58225597201188,0.007667045637201098,0.32648009987239407
TT,TCGA-LUSC,117.77703444077714,0.004975474143391502,0.5859965895454171
TT,TCGA-LUSC,122.66676201934317,0.005002366895721037,0.6136241495308529
TT,TCGA-LUSC,104.0152119130777,0.00471108690823716,0.49002470310121427
TT,TCGA-LUSC,120.8168258264385,0.0038531871398108978,0.465529839547206
TT,TCGA-LUSC,139.78852486816248,0.0033799997410386678,0.47248517785456656
TT,TCGA-LUSC,116.53660318241339,0.004787336409184911,0.5578999234179018
TT,TCGA-LUSC,49.35274908842145,0.007520590855550265,0.371161833490649
TT,TCGA-LUSC,72.44172992974724,0.004418807609625616,0.32010606746801085
TT,TCGA-LUSC,76.5294080830551,0.007454523563141239,0.5704902758283859
TT,TCGA-LUSC,96.06909811704182,0.0056715775611675175,0.544863341202215
TT,TCGA-LUSC,67.25142413692413,0.007078582963816214,0.4760447851880097
TT,TCGA-LUSC,152.02048979465883,0.003218187735961172,0.48923047587198154
TT,TCGA-LUSC,136.53919696363724,0.0035694606890155412,0.48737129607145324
TT,TCGA-LUSC,117.94784560785672,0.005109910289674601,0.6027029099165382
TT,TCGA-LUSC,107.11188237249478,0.0045108583517054004,0.48316652916685454
TT,TCGA-LUSC,121.220410066201,0.003885153972299631,0.470959957692491
TT,TCGA-LUSC,156.98665712850826,0.003128964749528341,0.49120571630139437
TT,TCGA-LUSC,53.637624457128226,0.006105853163211038,0.3275034589586821
TT,TCGA-LUSC,39.405336538551154,0.010205320671002993,0.4021440955247056
TT,TCGA-LUSC,119.8357432657835,0.0031960896311349508,0.38300577649112066
TT,TCGA-LUSC,98.27619638358193,0.005232325682910404,0.5142130663565623
TT,TCGA-LUSC,105.60188812065371,0.004556633627190842,0.4811891145054158
TT,TCGA-LUSC,98.35408074735135,0.003850387367047338,0.37870131000715546
TT,TCGA-LUSC,62.989897828407514,0.010642651344318126,0.6703795208019626
TT,TCGA-LUSC,108.49658417355703,0.004400107669431157,0.47739665212915133
TT,TCGA-LUSC,65.58977531324777,0.007078710259685874,0.46429101544037826
TT,TCGA-LUSC,116.1067328028597,0.004443262444357415,0.5158926853999877
TT,TCGA-LUSC,155.86351601680255,0.003129938270728904,0.4878431837913578
TT,TCGA-LUSC,60.12364710522896,0.004729868487078308,0.2843769437712394
TT,TCGA-LUSC,37.75071219298454,0.014920910350910022,0.5632749923145282
TT,TCGA-LUSC,62.78680331699787,0.007931338952877908,0.49798341887478903
TT,TCGA-LUSC,146.17987144182322,0.0035713711925969348,0.5220625818048508
TT,TCGA-LUSC,120.3427099183171,0.004943747760113151,0.5949440026046269
TT,TCGA-LUSC,151.85709633116835,0.003933280486429374,0.5972965537252102
TT,TCGA-LUSC,54.273955788620626,0.010379047665824002,0.563311974142918
TT,TCGA-LUSC,36.368961201620266,0.0067453913220910395,0.24532287528287505
TT,TCGA-LUSC,103.73427531514336,0.003093292106534806,0.3208804150094413
TT,TCGA-LUSC,87.2127438893016,0.007052265792961452,0.6150474504408296
TT,TCGA-LUSC,100.58715408978497,0.006312301931621123,0.6349364870572213
TT,TCGA-LUSC,147.9870987152348,0.0037187518895957766,0.5503273029830761
TT,TCGA-LUSC,42.015573793806574,0.006789236967687216,0.2852536868195018
TT,TCGA-LUSC,168.97317541490384,0.002950043812736368,0.4984782706511541
TT,TCGA-LUSC,29.85054152187877,0.014967395034200335,0.4467848469427592
TT,TCGA-LUSC,105.17876551338344,0.005033481659092143,0.5294153871375687
TT,TCGA-LUSC,105.87535460290536,0.0041497473752636,0.43935597486850947
TT,TCGA-LUSC,75.96051857113473,0.009116746316372305,0.6925127778731226
TT,TCGA-LUSC,116.11742445274915,0.004652664743684224,0.5402554468787224
TT,TCGA-LUSC,101.538392131872,0.004661028576638554,0.4732733473525867
TT,TCGA-LUSC,77.12842456915317,0.004735353875645382,0.365230384205962
TT,TCGA-LUSC,118.20027663952737,0.004979816237670862,0.5886156569067063
TT,TCGA-LUSC,78.36460345482567,0.007139108509897878,0.5594534073991186
TT,TCGA-LUSC,103.30828675560129,0.00609498903035559,0.6296628745202195
TT,TCGA-LUSC,61.573212594817136,0.00941907254626672,0.5799625563372863
TT,TCGA-LUSC,127.53576740631317,0.004033609592239114,0.5144294947636814
TT,TCGA-LUSC,51.50735487010804,0.005473382393124883,0.2819194492624845
TT,TCGA-LUSC,105.16006337824004,0.004076199441436881,0.428653391603849
TT,TCGA-LUSC,88.5205962760511,0.005245060460654694,0.46429587948109274
TT,TCGA-LUSC,67.0029068738034,0.01042900068799966,0.6987733618848728
TT,TCGA-LUSC,124.1281190492589,0.004483114437723671,0.5564805626372152
TT,TCGA-LUSC,86.26240803389825,0.007336970506054103,0.632904743525916
TT,TCGA-LUSC,105.41385246650212,0.005133923399454005,0.5411866438043675
TT,TCGA-LUSC,93.38572684421624,0.006660750561455818,0.6220190325095729
TT,TCGA-LUSC,90.97196540197663,0.0056260861229286765,0.5118161121236084
TT,TCGA-LUSC,176.71162100609513,0.002609737198190469,0.4611708906921427
TT,TCGA-LUSC,120.62121538373385,0.0034444477475383036,0.41547347363383463
TT,TCGA-LUSC,65.62932822590349,0.005113255594226484,0.3355795296964271
TT,TCGA-LUSC,131.7063422235105,0.005185293412012111,0.6829360286517814
TT,TCGA-LUSC,38.973580145773134,0.009928790723061071,0.38696052099582945
TT,TCGA-LUSC,58.62517264336212,0.011025644922952566,0.6463803371125032
TT,TCGA-LUSC,161.57750032152032,0.00335465656966507,0.5420370229636481
TT,TCGA-LUSC,116.38596935611221,0.0044878019261962755,0.5223171774585811
TT,TCGA-LUSC,80.83775244318596,0.005714211886173888,0.46192404586243546
TT,TCGA-LUSC,81.45176543081338,0.006916176056246408,0.5633347498115904
TT,TCGA-LUSC,41.637869852393116,0.01455527240335305,0.6060505379969434
TT,TCGA-LUSC,103.43729003952761,0.005000074148749246,0.5171941199433199
TT,TCGA-LUSC,124.08459779045923,0.0041021004643816295,0.5090074862188505
TT,TCGA-LUSC,117.30947970479696,0.0052033446342568184,0.6104016517694144
TT,TCGA-LUSC,155.33838031062564,0.0032485106774410356,0.5046183870554637
TT,TCGA-LUSC,58.09997921257587,0.008433220073946583,0.489969910991374
TT,TCGA-LUSC,73.51116789722029,0.006924783611349383,0.5090489307058239
TT,TCGA-LUSC,71.11646570424084,0.008507789855282308,0.6050439454620724
TT,TCGA-LUSC,169.0679261148143,0.0030980195184627628,0.523775735049715
TT,TCGA-LUSC,68.40871931564668,0.009503861494560433,0.650146993396167
TT,TCGA-LUSC,94.25367434439997,0.004681196710974431,0.4412199903382602
TT,TCGA-LUSC,82.51871155858892,0.006127203300284034,0.5056089217969723
TT,TCGA-LUSC,80.44245042108348,0.006096377461039042,0.4904075416578439
TT,TCGA-LUSC,187.07540163479345,0.0028796120769839207,0.5387045858541687
TT,TCGA-LUSC,38.28187619964355,0.012079517898507336,0.4624266087420362
TT,TCGA-LUSC,63.59606333105589,0.0075686042323036655,0.48133343408528156
TT,TCGA-LUSC,106.80351236301391,0.005373974116519088,0.5739593109921631
TT,TCGA-LUSC,113.75219933650999,0.005579984303663465,0.6347354868049233
TT,TCGA-LUSC,87.52210680290081,0.00666932289300506,0.5837131905446202
TT,TCGA-LUSC,57.40559667033931,0.006180005847676422,0.35476692311205105
TT,TCGA-LUSC,59.386404161473905,0.006735747915130439,0.4000118480177415
TT,TCGA-LUSC,67.38964698395031,0.008658736469545127,0.5835091940097024
TT,TCGA-LUSC,34.25233476109925,0.018857596378698785,0.6459167039528837
TT,TCGA-LUSC,113.03026275831515,0.0056490231504936796,0.6385105710281058
TT,TCGA-LUSC,75.05536313583963,0.007416176560472457,0.5566238248257623
TT,TCGA-LUSC,100.95570415283507,0.006998377310213041,0.7065261092797814
TT,TCGA-LUSC,171.46500572009367,0.003002179157191946,0.514768666360663
TT,TCGA-LUSC,21.753844031301153,0.010987336455911292,0.2390168035813234
TT,TCGA-LUSC,110.99389846373111,0.00556531680435839,0.6177162083014516
TT,TCGA-LUSC,125.64569798660708,0.004048272247346853,0.5086479921577058
TT,TCGA-LUSC,76.04587340273449,0.009289491084526256,0.7064274629897144
TT,TCGA-LUSC,74.315508691745,0.008277838318168754,0.6151717654827298
TT,TCGA-LUSC,48.84244269162091,0.0084446470669494,0.4124571904184407
TT,TCGA-LUSC,114.79529294196188,0.005137461158661264,0.5897563586864707
TT,TCGA-LUSC,114.09331762269801,0.005106647996320704,0.5826344118315324
TT,TCGA-LUSC,118.93493495207473,0.004954573354851846,0.589271859674587
TT,TCGA-LUSC,70.80579591894303,0.006510232415277406,0.4609621877810196
TT,TCGA-LUSC,169.26250664279763,0.0031744360590398404,0.5373130045303673
TT,TCGA-LUSC,76.4199320021744,0.006177890955976661,0.47211400677258464
TT,TCGA-LUSC,51.12527896529583,0.008806639793326753,0.4502419161807054
TT,TCGA-LUSC,69.7704139446253,0.00420145411003736,0.2931371924266539
TT,TCGA-LUSC,38.098500972515026,0.016695341254974103,0.6360674750391011
TT,TCGA-LUSC,163.995924368668,0.002759613861371118,0.4525654260961457
TT,TCGA-LUSC,129.28804087245052,0.0031895960817496256,0.4123766285838536
TT,TCGA-LUSC,105.40467515546513,0.00495096509079178,0.5218548671009555
TT,TCGA-LUSC,147.56921685991614,0.004209433770712199,0.6211828449676831
TT,TCGA-LUSC,104.86360854475916,0.004380503667505852,0.4593554218182155
TT,TCGA-LUSC,105.35835254555879,0.00550636788156679,0.5801418485116555
TT,TCGA-LUSC,70.6617544000396,0.008219006722219376,0.58076943441774
TT,TCGA-LUSC,89.36977680220036,0.007288005160152362,0.6513273944961011
TT,TCGA-LUSC,26.128030823092864,0.006564162395085694,0.1715086373865861
TT,TCGA-LUSC,32.227294237331805,0.011823230067867584,0.3810307142328371
TT,TCGA-LUSC,118.33577175501523,0.003993338344971162,0.4725547749310577
TT,TCGA-LUSC,94.56779154177318,0.005311592173744132,0.5023055414415489
TT,TCGA-LUSC,115.37306505862117,0.004840625438384354,0.5584777936271347
TT,TCGA-LUSC,12.841188344487717,0.03688725995329972,0.4736762525724009
TT,TCGA-LUSC,75.49185275405947,0.007437609927297735,0.5614789534736915
TT,TCGA-LUSC,107.37504371009828,0.0049335623474936535,0.5297414727086261
TT,TCGA-LUSC,128.7610449338318,0.004774242933548276,0.6147365088916386
TT,TCGA-LUSC,68.9685298499878,0.00601025607064856,0.41451852521459565
TT,TCGA-LUSC,73.3353328273649,0.006857659064079985,0.5029087098809013
TT,TCGA-LUSC,87.92689904167332,0.007714443253854383,0.6783070731443722
TT,TCGA-LUSC,63.93120814817474,0.0065131836497291234,0.416395699618121
TT,TCGA-LUSC,40.02910013683387,0.010470909771702836,0.4191410957752451
TT,TCGA-LUSC,92.41876727412986,0.0071853012382747435,0.6640566829346306
TT,TCGA-LUSC,62.88291054584979,0.009461896119023254,0.5949915672466626
TT,TCGA-LUSC,83.84366086648532,0.007241159090102127,0.6071252870307902
TT,TCGA-LUSC,27.765467982744756,0.014588088668361924,0.4050451088508446
TT,TCGA-LUSC,107.94935881722303,0.005826795037323045,0.6289987882383998
TT,TCGA-LUSC,132.85161695400882,0.0037040315197236972,0.49208657664390776
TT,TCGA-LUSC,68.09922075292832,0.005554655489449427,0.37826771038248164
TT,TCGA-LUSC,91.3798536503734,0.0049408636922118904,0.45149540110076614
TT,TCGA-LUSC,102.31300927481703,0.004804418053716206,0.4915544688899646
TT,TCGA-LUSC,54.49668622500814,0.011253315835556138,0.6132684220812181
TT,TCGA-LUSC,89.16374560920397,0.0049171127183737055,0.4384281875528545
TT,TCGA-LUSC,68.21717666375623,0.008610267976581206,0.5873681716807231
TT,TCGA-LUSC,123.54097112403203,0.004210524965999236,0.5201723432415275
TT,TCGA-LUSC,110.71994183070672,0.004023875918206157,0.44552330759776726
TT,TCGA-LUSC,125.38661308761556,0.0042532454044443896,0.5333000358937476
TT,TCGA-LUSC,112.68197905603122,0.004649499400916342,0.523914794115085
TT,TCGA-LUSC,126.26407466415233,0.005246056803235708,0.6623885078961377
TT,TCGA-LUSC,118.13880759893505,0.004789133119331962,0.5657824761504463
TT,TCGA-LUSC,131.7919605431833,0.004293471838758911,0.5658450711669831
TT,TCGA-LUSC,113.24322018016989,0.003979231421649486,0.4506209800297032
TT,TCGA-LUSC,81.56992665051447,0.0040702682420794105,0.332011481954336
TT,TCGA-LUSC,99.43661836983424,0.004975971227154451,0.49479375193383285
TT,TCGA-LUSC,116.43935325101232,0.005352970500894514,0.6232964230959046
TT,TCGA-LUSC,28.080230583612902,0.02132439069953975,0.5987938078981266
TT,TCGA-LUSC,81.51908532184123,0.0060382283435472415,0.4922308515303876
TT,TCGA-LUSC,158.3822411525531,0.002879042755894397,0.45598924405257746
TT,TCGA-LUSC,81.8909627770236,0.007895690676990003,0.6465857113282806
TT,TCGA-LUSC,33.21923527682577,0.010008546340484144,0.3324762556635564
TT,TCGA-LUSC,130.87611989469497,0.004075492140059898,0.5333845979523661
TT,TCGA-LUSC,100.31555838802021,0.005908542159120395,0.5927187059513209
TT,TCGA-LUSC,130.45801753673658,0.00482087282287212,0.6289215112686277
TT,TCGA-LUSC,129.1403340534082,0.00394525628218056,0.5094917142071047
TT,TCGA-LUSC,118.77072871391147,0.004851068525403254,0.5761649438032644
TT,TCGA-LUSC,128.13098602923316,0.003585588418413174,0.4594249795462786
TT,TCGA-LUSC,62.87490338308979,0.0062335257902522145,0.3919323317981064
TT,TCGA-LUSC,176.7982823512165,0.0028374084013100386,0.501648931680526
TT,TCGA-LUSC,103.44886390071889,0.004562193594732001,0.47195374427016223
TT,TCGA-LUSC,132.15676632753662,0.0032779258852919965,0.433200085261518
TT,TCGA-LUSC,91.27442547601275,0.00730047863066499,0.6663469927138552
TT,TCGA-LUSC,60.59312283866813,0.009467664671641661,0.5736753684441017
TT,TCGA-LUSC,85.3959468654267,0.007271358352447611,0.6209445315050928
TT,TCGA-LUSC,75.45156748009673,0.004381699126449888,0.33060606731681463
TT,TCGA-LUSC,102.43940750143621,0.004109333303322976,0.4209576688183253
TT,TCGA-LUSC,23.613531648069507,0.020063795498758887,0.47377706999033753
TT,TCGA-LUSC,121.9675804140823,0.0043211760170080325,0.5270433833378311
TT,TCGA-LUSC,27.851914328277054,0.023702779709024832,0.6601677897977833
TT,TCGA-LUSC,109.8919685812339,0.003175849418451073,0.34900034451115525
TT,TCGA-LUSC,51.71355805770069,0.00922743011979852,0.47718324322357675
TT,TCGA-LUSC,86.63624388264337,0.006274420500266697,0.5435922246833628
TT,TCGA-LUSC,54.437501161939615,0.011845660773046114,0.6448481720966404
TT,TCGA-LUSC,126.85852326967728,0.004032931066319322,0.5116116795216741
TT,TCGA-LUSC,101.66955529849139,0.005136613225666523,0.5222371823938647
TT,TCGA-LUSC,69.29293045824495,0.009612026106897063,0.6660454565880531
TT,TCGA-LUSC,135.57037230923007,0.0042163644903357046,0.5716141037462286
TT,TCGA-LUSC,155.98875628116662,0.002936904359159904,0.45812405830209
TT,TCGA-LUSC,131.13560340591022,0.004034614335242473,0.5290815853621571
TT,TCGA-LUSC,93.22448936509433,0.006903298891473312,0.6435565140922213
TT,TCGA-LUSC,105.44223870325081,0.0048455965535156,0.5109305484554414
TT,TCGA-LUSC,143.8028410401547,0.0033107609203768137,0.47609682635490325
TT,TCGA-LUSC,106.1523258368716,0.005280896993012967,0.5605794983132679
TT,TCGA-LUSC,78.40859402990608,0.005953733010070683,0.46682383454908294
TT,TCGA-LUSC,87.38801657435965,0.007225476102549139,0.6314200254072038
TT,TCGA-LUSC,134.10602088809068,0.003752278743643457,0.5032031715729881
TT,TCGA-LUSC,93.23692795437827,0.005787007147297474,0.5395627684640467
TT,TCGA-LUSC,164.34788124243806,0.0036078914996602114,0.5929493237217582
TT,TCGA-LUSC,77.46915686481367,0.007867970857219332,0.6095250685457069
TT,TCGA-LUSC,97.67374424127567,0.005357428244033895,0.5232800760987533
TT,TCGA-LUSC,122.97343822926956,0.0038892213561480637,0.47827092220022993
TT,TCGA-LUSC,84.3747956653405,0.006390197157913133,0.5391715794601603
TT,TCGA-LUSC,14.447189757362056,0.03546466597336387,0.5123647589986491
TT,TCGA-LUSC,79.39731098896516,0.007638582508228223,0.6064829109206658
TT,TCGA-LUSC,50.081605445476924,0.007819008745158767,0.391588510949775
TT,TCGA-LUSC,22.892913523652762,0.011428909798453117,0.2616410436856149
TT,TCGA-LUSC,111.83592243327932,0.00534535829716375,0.5978030758996912
TT,TCGA-LUSC,90.36781833614263,0.007824690290247434,0.7071001906856593
TT,TCGA-LUSC,121.9023919249579,0.004357265466192842,0.5311610825809242
TT,TCGA-LUSC,140.46332579569335,0.003727311595206231,0.5235505829395184
TT,TCGA-LUSC,141.0130378894956,0.004127168275788675,0.5819845364501127
TT,TCGA-LUSC,150.04694260914766,0.003615180746526118,0.5424468179957
TT,TCGA-LUSC,23.293909974176906,0.026431233272421507,0.6156867683542558
TT,TCGA-LUSC,116.05701820713031,0.004504699982108361,0.5228020478412096
TT,TCGA-LUSC,62.296893590840945,0.009873654094628242,0.6150979784858266
TT,TCGA-LUSC,103.22253014743987,0.006419157791104972,0.6626017086135065
TT,TCGA-LUSC,62.03311432694732,0.009406358430446913,0.5835057079161581
TT,TCGA-LUSC,135.23002288486254,0.00303837816215363,0.4108799484009019
TT,TCGA-LUSC,137.58652985456152,0.003973466925055378,0.5466955257102445
TT,TCGA-LUSC,173.22831189513275,0.003053802555610247,0.5290050615694053
TT,TCGA-LUSC,134.5233672614092,0.0036382240804434048,0.48942615415279084
TT,TCGA-LUSC,84.52509093299548,0.006077143768995109,0.5136711296871985
TT,TCGA-LUSC,27.586315886277628,0.015313260323484963,0.4224364365324581
TT,TCGA-LUSC,18.43850232780735,0.026121581396563294,0.48164283938654145
TT,TCGA-LUSC,108.65071004109873,0.0053746838711511945,0.5839632188470185
TT,TCGA-LUSC,108.15923317454137,0.0045579220785758705,0.49298135688807787
TT,TCGA-LUSC,90.36077691990401,0.005487564637668041,0.49586060405787574
TT,TCGA-LUSC,134.08871262657902,0.00403629220115225,0.5412212250372062
TT,TCGA-LUSC,109.72606034966775,0.004894375934124196,0.537040589121673
TT,TCGA-LUSC,41.397267522348095,0.010591401058322254,0.4384550630478471
TT,TCGA-LUSC,90.30228890419062,0.004687126947343831,0.4232582917296597
TT,TCGA-LUSC,27.08553540522827,0.018243467330588986,0.4941340802967933
TT,TCGA-LUSC,104.6997152966856,0.0047888584384112734,0.5013921150977907
TT,TCGA-LUSC,63.84329333146705,0.007187733641215175,0.45888858724455417
TT,TCGA-LUSC,150.96109457171747,0.0031061712625600917,0.46891101372328503
TT,TCGA-LUSC,115.60571190199808,0.00350010790658896,0.4046324662750289
TT,TCGA-LUSC,76.48241502208288,0.00580238674722241,0.44378055131969785
TT,TCGA-LUSC,84.96174797752012,0.005666882970624317,0.48146828276828374
TT,TCGA-LUSC,80.5535361171659,0.007466211993334703,0.6014297774635042
TT,TCGA-LUSC,146.36065843395772,0.004200454004523655,0.6147812138236366
TT,TCGA-LUSC,171.78587338346668,0.003523606729138054,0.6053058594248409
TT,TCGA-LUSC,129.38250723716806,0.003991849834260906,0.5164755400709498
TT,TCGA-LUSC,74.25319265552363,0.007650465648283129,0.5680714996864327
TT,TCGA-LUSC,104.94124486396635,0.005775624941761301,0.606101271255804
TT,TCGA-LUSC,65.14401836216547,0.006356202603386065,0.4140685791086258
TT,TCGA-LUSC,102.89307030415902,0.005161941294636722,0.5311279885349979
TT,TCGA-LUSC,91.53388224250669,0.006217606040229926,0.5691216191167043
TT,TCGA-LUSC,85.37902606985162,0.007063422262426183,0.6030681134860554
TT,TCGA-LUSC,52.65284464637959,0.011235229733590368,0.5915668057291185
TT,TCGA-LUSC,114.1780457257273,0.004533808802344069,0.517661428745746
TT,TCGA-LUSC,69.80251979127094,0.00676850364368197,0.4724586095454002
TT,TCGA-LUSC,125.25250449650157,0.004120299291044839,0.516077805478526
TT,TCGA-LUSC,142.17980499509636,0.004000243135545143,0.5687537889447813
TT,TCGA-LUSC,80.41127211708344,0.007005380239861382,0.5633115367511329
TT,TCGA-LUSC,79.83294892541409,0.00506407163540389,0.40427977222383693
TT,TCGA-LUSC,35.05246237901081,0.0068924433357863135,0.24159711072711354
TT,TCGA-LUSC,55.78552459872874,0.011132539459846217,0.6210345538835695
TT,TCGA-LUSC,88.41100326288046,0.0068092942323176005,0.6020165345913444
TT,TCGA-LUSC,116.78507456580836,0.0031273387016814563,0.3652264834684072
TT,TCGA-LUSC,112.39330964327318,0.0034833226274354166,0.3915021586527687
TT,TCGA-LUSC,120.99787778592359,0.005364962900080734,0.6491491253099828
TT,TCGA-LUSC,83.99713366289032,0.0077965251073930306,0.6548857615517727
TT,TCGA-LUSC,85.54655931999977,0.007229359750283555,0.618446852723251
TT,TCGA-LUSC,55.97454635993143,0.0106423156753905,0.5956987921491705
TT,TCGA-LUSC,73.92547767224805,0.008684564560208146,0.642010583488864
TT,TCGA-LUSC,84.79419319800539,0.006083149457005998,0.5158157503097082
TT,TCGA-LUSC,69.763551440197,0.008642687680724005,0.602944586595746
TT,TCGA-LUSC,75.66825348847902,0.0041780603130848505,0.3161465268606585
TT,TCGA-LUSC,138.9138931852913,0.0028709128643754937,0.39880968298613606
TT,TCGA-LUSC,101.1898519259804,0.003891941236535146,0.3938249574296085
TT,TCGA-LUSC,91.07170849493966,0.006912436616997355,0.62952741257293
TT,TCGA-LUSC,117.03775286682652,0.004279153052258792,0.5008224574095909
TT,TCGA-LUSC,134.55501940029959,0.003983798021494491,0.5360400200690664
TT,TCGA-LUSC,145.61924720142045,0.0036628335621336073,0.5333790659419932
TT,TCGA-LUSC,84.11370742586796,0.006188473471767968,0.5205354470170362
TT,TCGA-LUSC,88.81092538957482,0.006481113093333745,0.5755936513734597
TT,TCGA-LUSC,104.22371981117269,0.005349126957567556,0.5575059092599115
TT,TCGA-LUSC,69.62344879760806,0.00768897844306308,0.5353331969365145
TT,TCGA-LUSC,123.84811993139903,0.0047536714830957024,0.588733275952908
TT,TCGA-LUSC,96.52749023252669,0.006542312940070918,0.6315130484208284
TT,TCGA-LUSC,179.25522767352246,0.0027424216531926286,0.49159341781984245
TT,TCGA-LUSC,156.78917609416945,0.0028007701877804745,0.4391304501712129
TT,TCGA-LUSC,31.627952098197245,0.005584319763182524,0.17662059797095306
TT,TCGA-LUSC,132.42965266907402,0.004736418606790775,0.6272422709926417
TT,TCGA-LUSC,121.33599869166507,0.004862112169155166,0.58994923579534
TT,TCGA-LUSC,12.690004456790906,0.008817965926085164,0.11190002690185108
TT,TCGA-LUSC,117.15608300106727,0.005044098491915162,0.590946821584371
TT,TCGA-LUSC,117.17855904810466,0.0039008364231664506,0.4570943911490073
TT,TCGA-LUSC,120.56883751783772,0.004172487885351689,0.5030720138941142
TT,TCGA-LUSC,113.01236689834997,0.004046723552755911,0.45732980688024527
TT,TCGA-LUSC,26.109078729422514,0.010525583554203546,0.2748132896898152
TT,TCGA-LUSC,94.25490432848916,0.005912003017528453,0.5572352788068836
TT,TCGA-LUSC,35.7512695916677,0.010905997755276692,0.3899032659150198
TT,TCGA-LUSC,58.65459675746605,0.008397933919229508,0.4925774276282533
TT,TCGA-LUSC,79.55738423202327,0.007267662030291246,0.578196180612367
TT,TCGA-LUSC,139.0964606574742,0.004407249780035486,0.6130328456363678
TT,TCGA-LUSC,57.37446754673549,0.011515752682786264,0.6607101785747527
TT,TCGA-LUSC,39.458718278226826,0.016846079434432858,0.6647247024959169
TT,TCGA-LUSC,73.1637691358677,0.007724390225053115,0.5651455031411392
TT,TCGA-LUSC,76.14389257259039,0.008614172162810456,0.6559165997668379
TT,TCGA-LUSC,61.97589214507092,0.006109094243673572,0.3786165659499869
TT,TCGA-LUSC,64.30754470793111,0.008345923259447949,0.5367058331359111
TT,TCGA-LUSC,170.15611829829786,0.003314031154096727,0.5639026771007273
TT,TCGA-LUSC,103.95196911515572,0.005105089333731304,0.5306840887501474
TT,TCGA-LUSC,84.4658322267853,0.00511025458740386,0.43164190661581436
TT,TCGA-LUSC,72.54305859622391,0.009056041097285642,0.6569529199702042
TT,TCGA-LUSC,106.1926866171559,0.005247473359377898,0.5572432939842914
TT,TCGA-LUSC,115.6570773378863,0.004581702077476957,0.5299062715139068
TT,TCGA-LUSC,152.5168327559629,0.003710787230684527,0.5659575154552747
TT,TCGA-LUSC,178.60210051519695,0.003280820697749226,0.5859614680317459
TT,TCGA-LUSC,74.64943856957028,0.006876430591953593,0.5133216830519536
TT,TCGA-LUSC,48.50766753716556,0.010688671036632885,0.5184825010591187
TT,TCGA-LUSC,18.704757614623148,0.03108466515592196,0.5814311272732421
TT,TCGA-LUSC,118.75471645710363,0.003607916624859849,0.4284571157861017
TT,TCGA-LUSC,37.63400241049239,0.014061608077972725,0.5291945923018249
TT,TCGA-LUSC,195.35724163992793,0.0027088774875574676,0.5291988339097251
TT,TCGA-LUSC,167.09909140223778,0.0026162389441258035,0.43717115045457167
TT,TCGA-LUSC,77.7287584240778,0.00795438719249841,0.6182846404972873
TT,TCGA-LUSC,98.6654603702679,0.0060922953956462494,0.6010991299231006
TT,TCGA-LUSC,58.97326552304406,0.010200887520623175,0.6015796483244171
TT,TCGA-LUSC,61.12921542776684,0.007647987774972754,0.46751549228523664
TT,TCGA-LUSC,98.6852719788475,0.006349863661343302,0.6266380224482642
TT,TCGA-LUSC,152.9368830617304,0.004008239135271515,0.6130075999144711
TT,TCGA-LUSC,12.937889402263965,0.03288356898360127,0.4254439786615509
TT,TCGA-LUSC,85.81327049961591,0.0055628264305370816,0.4773643292260914
TT,TCGA-LUSC,90.34493735913571,0.007028373918053658,0.634978001363141
TT,TCGA-LUSC,100.97384001445266,0.005855337300709879,0.5912358918325364
TT,TCGA-LUSC,160.33360888766455,0.0023275074122818262,0.3731776631239345
TT,TCGA-LUSC,80.18256290101982,0.006300568456662645,0.5051957265885338
TT,TCGA-LUSC,48.09629656058872,0.010564185331153485,0.5080981906081792
TT,TCGA-LUSC,68.06930367737435,0.005404961003524682,0.3679119319132876
TT,TCGA-LUSC,94.03087731100406,0.0065875743596807215,0.6194353963922541
TT,TCGA-LUSC,67.74413405507875,0.007796391630778403,0.5281597997813462
TT,TCGA-LUSC,70.74864765824411,0.007381180946114122,0.522208570058373
TT,TCGA-LUSC,185.17169826687294,0.0027351819842135225,0.5064782930857732
TT,TCGA-LUSC,89.12376610341029,0.006812630877631812,0.6071673208869284
TT,TCGA-LUSC,122.29357036219598,0.004222016688686131,0.516325494988203
TT,TCGA-LUSC,76.78957591609577,0.005719565821452265,0.43920303385351533
TT,TCGA-LUSC,51.83526536977882,0.006668898582385372,0.3456841277420875
TT,TCGA-LUSC,136.42084888915065,0.003409281357278574,0.4650970568618987
TT,TCGA-LUSC,128.70708436200275,0.004177552688902781,0.5376806263573217
TT,TCGA-LUSC,72.94210859783769,0.00680108100841063,0.49608518949817965
TT,TCGA-LUSC,106.3431501765842,0.006316693702623218,0.6717371070375446
TT,TCGA-LUSC,68.56688697269726,0.008282280032326353,0.5678901588527484
TT,TCGA-LUSC,82.03020766879193,0.005375230797150878,0.44093129855797253
TT,TCGA-LUSC,100.67048471745596,0.006810760206427346,0.6856425312754013
TT,TCGA-LUSC,155.69847520919524,0.003079184327544785,0.47942430468677427
TT,TCGA-LUSC,122.85316633248208,0.005209429220093933,0.6399948744734923
TT,TCGA-LUSC,143.26931410641788,0.003421506521139566,0.49019689249430154
TT,TCGA-LUSC,105.92683114525246,0.005301535267636173,0.5615748311054978
TT,TCGA-LUSC,78.54480694688633,0.006604278678760565,0.5187317938466861
TT,TCGA-LUSC,60.108463444272985,0.006217370768155445,0.373716603537163
TT,TCGA-LUSC,107.39661762071067,0.004342377490311716,0.4663566548917887
TT,TCGA-LUSC,88.21496855651537,0.007267717586021781,0.6411214783285453
TT,TCGA-LUSC,177.95919887326275,0.002978301295937222,0.5300161126281883
TT,TCGA-LUSC,120.94275071758399,0.003793624473456589,0.45881137900938607
TT,TCGA-LUSC,100.90812177375547,0.005329282466001799,0.5377678840460494
TT,TCGA-LUSC,82.55308940490961,0.006733621884533366,0.555881289452739
TT,TCGA-LUSC,121.55268159963452,0.004722077228546612,0.5739811498504109
TT,TCGA-LUSC,117.50570892533557,0.00526704047876812,0.6189073253960868
TT,TCGA-LUSC,110.50678348325394,0.005268884686847301,0.582247499287667
TT,TCGA-LUSC,152.19361728719812,0.003973701445860473,0.6047719970648747
TT,TCGA-LUSC,55.03571851511637,0.011216545959319677,0.6173106661289837
TT,TCGA-LUSC,138.43308411201033,0.0043147542198837445,0.5973047338438179
TT,TCGA-LUSC,100.30135735775174,0.0049321878105754585,0.4947051321440762
TT,TCGA-LUSC,90.11521661950415,0.006552093933821303,0.5904433641576459
TT,TCGA-LUSC,183.95511785962802,0.003511797335374114,0.6460130927278728
TT,TCGA-LUSC,92.1464661337626,0.006016643917277461,0.5544124749623163
TT,TCGA-LUSC,130.6231836748845,0.004277973509342576,0.5588025194671455
TT,TCGA-LUSC,55.72387315962379,0.008832297765831897,0.49216984041124523
TT,TCGA-LUSC,94.19385501284457,0.005756679550682124,0.5422438389523592
TT,TCGA-LUSC,76.28003630362323,0.007473988955596854,0.5701161488658072
TT,TCGA-LUSC,40.238010159315024,0.011031600807869952,0.44388966538057895
TT,TCGA-LUSC,130.5798761296698,0.0048696154731104144,0.6358737852778813
TT,TCGA-LUSC,125.41278780112206,0.004880987213787331,0.6121382137027006
TT,TCGA-LUSC,138.39032926935886,0.003380775743804341,0.46786666837094437
TT,TCGA-LUSC,95.2459098724438,0.0033251485959484,0.3167068034821844
TT,TCGA-LUSC,70.46132480368414,0.007903665209329194,0.5569027214541225
TT,TCGA-LUSC,69.59980180147274,0.0075463152713556155,0.5252220472177778
TT,TCGA-LUSC,115.50983904765026,0.003988068402124358,0.46066113924040436
TT,TCGA-LUSC,132.8316600385899,0.004121708840732621,0.5474934275102459
TT,TCGA-LUSC,49.24890829171442,0.011896117073343265,0.5858707787725806
TT,TCGA-LUSC,81.05672466542757,0.007703444984702013,0.6244160191002599
TT,TCGA-LUSC,82.17759676401309,0.0055591807567960385,0.456840114570246
TT,TCGA-LUSC,83.68444817970884,0.007191677230139253,0.6018315404907802
TT,TCGA-LUSC,103.20380248151845,0.005792234485733159,0.5977806237922445
TT,TCGA-LUSC,24.075838170789986,0.02478645356739723,0.5967546449164558
TT,TCGA-LUSC,101.45211887597378,0.0050310109070006975,0.5104067166033555
TT,TCGA-LUSC,119.55353137434412,0.004660139869129948,0.5571361780528592
TT,TCGA-LUSC,140.53535638605317,0.003789864201495948,0.5326099162119778
TT,TCGA-LUSC,43.40645215382834,0.007270820827157059,0.31560053635305146
TT,TCGA-LUSC,113.76605075390655,0.0045000481832108905,0.5119527100061951
TT,TCGA-LUSC,110.68327446668694,0.005280316280077239,0.5844426960987045
TT,TCGA-LUSC,124.15804730541201,0.004285531526646841,0.5320832260142531
TT,TCGA-LUSC,143.56423345737818,0.00354628758880991,0.5091200593069087
TT,TCGA-LUSC,56.79767212697874,0.011927084337620117,0.6774306256389708
TT,TCGA-LUSC,100.34230144473283,0.005868645144391458,0.5888733601506952
TT,TCGA-LUSC,96.42219053140815,0.005334006279454883,0.5143165697733263
TT,TCGA-LUSC,71.52889911839895,0.006619579958688742,0.4734912670712225
TT,TCGA-LUSC,82.95489001630115,0.008042603089763876,0.6671732547561261
TT,TCGA-LUSC,105.41343963402376,0.0050147066441577764,0.5286174761162636
TT,TCGA-LUSC,127.47395318489814,0.0030722970009402686,0.39163784406796276
TT,TCGA-LUSC,114.51304680538392,0.004829978934048865,0.553095603743756
TT,TCGA-LUSC,51.074167113640726,0.0061903973459163045,0.31616938854516735
TT,TCGA-LUSC,124.05687220653206,0.004354825133588808,0.5402459850794207
TT,TCGA-LUSC,38.501272802382836,0.013458258977447702,0.5181601003358318
TT,TCGA-LUSC,81.09298325622919,0.007658411818967336,0.6210434614048259
TT,TCGA-LUSC,71.60611320538561,0.006971176500583905,0.49917885367553505
TT,TCGA-LUSC,75.34546686952028,0.008249163607051224,0.6215370832563304
TT,TCGA-LUSC,115.23379341522242,0.004481384359774219,0.5164069195284311
TT,TCGA-LUSC,57.99302287671254,0.01067270691980533,0.6189425365567187
TT,TCGA-LUSC,100.74306591831716,0.005350467485883947,0.5390224986242191
TT,TCGA-LUSC,110.70185209650677,0.004482609006539252,0.49623311924837743
TT,TCGA-LUSC,87.36845463957145,0.0028751071708578236,0.2511936704409984
TT,TCGA-LUSC,137.6612858592788,0.003996563814395333,0.5501721137083255
TT,TCGA-LUSC,141.38772000440707,0.0032075886683663275,0.45351364853228726
TT,TCGA-LUSC,97.23945830824464,0.006462209739638137,0.6283817745566751
TT,TCGA-LUSC,58.883216847281666,0.009334946784498047,0.5496716957694332
TT,TCGA-LUSC,121.04302536718833,0.004123157768924052,0.49907949041679367
TT,TCGA-LUSC,139.8201978376269,0.0044211649692128836,0.618168160668131
TT,TCGA-LUSC,72.7108963778454,0.0052093254996358924,0.3787747266024931
TT,TCGA-LUSC,150.35023695271724,0.0026863695878636467,0.40389630407787264
TT,TCGA-LUSC,98.22606752529494,0.00507479992273762,0.49847763988818705
TT,TCGA-LUSC,133.65417895705517,0.0042024095997298715,0.5616696046931429
TT,TCGA-LUSC,101.42067934888807,0.006132678380963987,0.6219804076256066
TT,TCGA-LUSC,125.95354596699507,0.004619576239866396,0.5818520082760503
TT,TCGA-LUSC,79.68089510598068,0.0070380560313087915,0.5607986043807305
TT,TCGA-LUSC,95.09916507212863,0.004656927593421572,0.4428699259357488
TT,TCGA-LUSC,43.32967101230009,0.007884216838209317,0.3416205217892465
TT,TCGA-LUSC,82.74219392118451,0.006149222629963074,0.5088001713129409
TT,TCGA-LUSC,163.84863157475246,0.002658766697456059,0.4356352850546992
TT,TCGA-LUSC,108.70536642127232,0.004306475112393107,0.46813695507678255
TT,TCGA-LUSC,120.91929218385508,0.0027980505503582736,0.3383382920439686
TT,TCGA-LUSC,71.01269520318534,0.0076455609965178535,0.5429318927030844
TT,TCGA-LUSC,91.91858499312735,0.0057926255158801,0.5324499408147831
TT,TCGA-LUSC,50.2538700163412,0.011065993548606524,0.5561090013933426
TT,TCGA-LUSC,48.419446077171195,0.006121296582019729,0.29638978977547664
TT,TCGA-LUSC,55.10525365080381,0.007881582704220673,0.4343166140858684
TT,TCGA-LUSC,56.12622795114877,0.009839082103331382,0.5522305649616455
TT,TCGA-LUSC,134.7529978443574,0.0033927681010219174,0.4571856726034109
TT,TCGA-LUSC,112.25309228745822,0.005029113166660074,0.5645335044211645
TT,TCGA-LUSC,107.4227615720248,0.005035433563173834,0.540920179068594
TT,TCGA-LUSC,69.06757119093756,0.005863612566753631,0.4049854783903325
TT,TCGA-LUSC,70.95636511198292,0.008613621122064544,0.6111912452734998
TT,TCGA-LUSC,36.60116898274675,0.00815497813981686,0.29848173294604263
TT,TCGA-LUSC,135.03956673473783,0.004628342036088121,0.6250093032535142
TT,TCGA-LUSC,145.8456955724542,0.003904734868047417,0.5694887728563907
TT,TCGA-LUSC,46.18984667590038,0.007326399358299799,0.3384052630462826
TT,TCGA-LUSC,66.61570776596233,0.009416143215077036,0.6272630446980209
TT,TCGA-LUSC,66.7879174976291,0.0038267443408742125,0.25558028532282595
TT,TCGA-LUSC,129.24039357137153,0.00370178464781351,0.47842010479987895
TT,TCGA-LUSC,92.66871134334961,0.004321017133265962,0.40042308943229155
TT,TCGA-LUSC,67.90444644911805,0.008660174271644804,0.5880643400689345
TT,TCGA-LUSC,106.37550053173186,0.004970337964316092,0.5287221887659935
TT,TCGA-LUSC,77.29514642471257,0.005839344884978432,0.45135301790880433
TT,TCGA-LUSC,90.88373495336401,0.006376626418097099,0.5795316252789557
TT,TCGA-LUSC,49.62161722414871,0.007299919623233693,0.36223381731115417
TT,TCGA-LUSC,55.07497039256367,0.01021518898772868,0.5626012310535995
TT,TCGA-LUSC,59.24410456571972,0.010043070052118928,0.594992692328582
TT,TCGA-LUSC,73.15740959319808,0.007615270138111154,0.5571134366566478
TT,TCGA-LUSC,102.93687501891505,0.005939253132062708,0.6113681573608387
TT,TCGA-LUSC,109.41973181840085,0.00457200954835494,0.5002680586521655
TT,TCGA-LUSC,102.68370510867796,0.005841294594904363,0.5998057716360741
TT,TCGA-LUSC,191.24626608865495,0.0029148573144892167,0.5574555775772669
TT,TCGA-LUSC,140.62732389935408,0.0034951588400255395,0.4915148342759622
TT,TCGA-LUSC,79.01561679747937,0.0076701186852602,0.6060591588257063
TT,TCGA-LUSC,135.38083520668397,0.003224334120221798,0.43651304618103554
TT,TCGA-LUSC,158.47693800986463,0.0034463523039955694,0.54616736044046
TT,TCGA-LUSC,19.920122549995483,0.010573910601735764,0.21063359501927292
TT,TCGA-LUSC,165.2569268705704,0.003621152858124664,0.5984205930622646
TT,TCGA-LUSC,125.84513161462101,0.004080433597958311,0.5135027031797852
TT,TCGA-LUSC,86.01210251315489,0.0069836685399118255,0.6006800143727906
TT,TCGA-LUSC,120.01748309745706,0.004392181691407428,0.5271385919094513
TT,TCGA-LUSC,121.99733353975274,0.005294564785297991,0.6459227860598284
TT,TCGA-LUSC,102.39025065549895,0.005417608969048266,0.5547103402943312
TT,TCGA-LUSC,137.55942208029654,0.0037875126763577734,0.5210080548815725
TT,TCGA-LUSC,76.88816385958522,0.0037361247957772565,0.2872637754975811
TT,TCGA-LUSC,130.7868692555653,0.004115873871917138,0.5383022579588241
TT,TCGA-LUSC,18.037129100136067,0.022516714136717467,0.4061368797948318
TT,TCGA-LUSC,62.18864000979391,0.007083809209392327,0.4405324608209622
TT,TCGA-LUSC,162.07838079231013,0.0028307916384581557,0.45881012512170843
TT,TCGA-LUSC,156.9811820259564,0.003626709206709511,0.5693250981336777
TT,TCGA-LUSC,77.52395006768144,0.005416206840007947,0.41988574862101075
TT,TCGA-LUSC,64.68166573471753,0.00871578847379844,0.5637517166767345
TT,TCGA-LUSC,133.97459878648465,0.0040552493292022075,0.5433004018590267
TT,TCGA-LUSC,77.61108841309212,0.009266157270941044,0.7191565512046219
TT,TCGA-LUSC,97.94547530268058,0.0058058220315184905,0.5686539983998531
TT,TCGA-LUSC,151.49696062298077,0.0036081952925081547,0.5466306201491324
TT,TCGA-LUSC,74.08805621413903,0.006623128316479191,0.4906947030247663
TT,TCGA-LUSC,101.15357978032173,0.0035426111623809166,0.35834780084455636
TT,TCGA-LUSC,88.41779274618743,0.005785721406291026,0.51156071618862
TT,TCGA-LUSC,116.25415087974467,0.005156923195869488,0.5995137272878666
TT,TCGA-LUSC,74.14674352803243,0.005406566325890164,0.4008792867330746
TT,TCGA-LUSC,122.45682449756866,0.004091108967183774,0.5009842127948527
TT,TCGA-LUSC,77.46609443201164,0.007724066913326382,0.5983532969069182
TT,TCGA-LUSC,91.1907981957146,0.006600904615942208,0.6019417607415469
TT,TCGA-LUSC,142.95211900986658,0.0038654725748141546,0.5525774955442084
TT,TCGA-LUSC,100.84318644710294,0.00398238616457396,0.401596510498495
TT,TCGA-LUSC,96.45175097378045,0.006146258605923789,0.5928174044790163
TT,TCGA-LUSC,11.212025761626641,0.02134530340076229,0.23932409161908358
TT,TCGA-LUSC,104.95295556536125,0.005233323404907231,0.5492527587743936
TT,TCGA-LUSC,144.74147379678476,0.0037853489245348515,0.5478969821722486
TT,TCGA-LUSC,104.97351874107031,0.00343497271758978,0.36058117294497594
TT,TCGA-LUSC,108.78032871334918,0.004797209223880333,0.5218419962804133
TT,TCGA-LUSC,136.01908985978056,0.0036181494158757915,0.49213739052412186
TT,TCGA-LUSC,105.47487733221816,0.005893636629448113,0.6216306005317074
TT,TCGA-LUSC,37.985078574794066,0.014577585194995838,0.5537307190626716
TT,TCGA-LUSC,104.49609745531694,0.005845804483879575,0.6108637550522088
TT,TCGA-LUSC,70.63326462719094,0.007687504918435565,0.5429935692266912
TT,TCGA-LUSC,36.670438943027754,0.007977138691190717,0.29252517731537353
TT,TCGA-LUSC,141.9407026240749,0.003850875974436458,0.5465960415296799
TT,TCGA-LUSC,121.64631781770002,0.004616986568485182,0.5616394154700006
TT,TCGA-LUSC,17.24528397554607,0.020711947522725017,0.35718341671600085
TT,TCGA-LUSC,97.31947960374363,0.005767456802722783,0.5612858946780523
TT,TCGA-LUSC,119.18116547190137,0.0049339949273408765,0.588039265872935
TT,TCGA-LUSC,105.34612598572613,0.005736475993782309,0.6043155227550846
TT,TCGA-LUSC,70.68774561883093,0.00786421806414394,0.5559038460092218
TT,TCGA-LUSC,157.35585180957617,0.0039486608706154995,0.6213448948028445
TT,TCGA-LUSC,72.90860024330115,0.006403141000045081,0.4668440474737784
TT,TCGA-LUSC,9.997510489962325,0.03402399224530367,0.34015521938282023
TT,TCGA-LUSC,78.83542963723723,0.007722659153672148,0.6088191523216866
TT,TCGA-LUSC,90.48027480315949,0.006346961084935453,0.5742747831299191
TT,TCGA-LUSC,67.29042605004332,0.005459844756431721,0.36739527982738557
TT,TCGA-LUSC,67.79765461326326,0.004128790218342069,0.2799222931937754
TT,TCGA-LUSC,113.61621463739607,0.004330036187066911,0.49196232081748625
TT,TCGA-LUSC,147.22191044046266,0.004243146437557391,0.6246841248158425
TT,TCGA-LUSC,167.06619939782658,0.0026904191602756273,0.44947810389434106
TT,TCGA-LUSC,75.66503467675201,0.0073900150252569664,0.5591657431477868
TT,TCGA-LUSC,127.36723078522508,0.004883501270157401,0.6219980333160775
TT,TCGA-LUSC,69.25437390712827,0.007677293518693196,0.531686155938351
TT,TCGA-LUSC,126.66838397904469,0.004528497950691759,0.5736175172665408
TT,TCGA-LUSC,45.91021752537702,0.013031687522056004,0.5982876088603326
TT,TCGA-LUSC,107.027679087852,0.003544742610846925,0.37938557460275935
TT,TCGA-LUSC,70.29561699746772,0.00532524493737133,0.374341378535159
TT,TCGA-LUSC,113.83942550763257,0.004373061625579558,0.4978268231654507
TT,TCGA-LUSC,36.75925673117041,0.010144201478630066,0.3728933064856811
TT,TCGA-LUSC,85.38120297358455,0.006857360207436368,0.5854896637341064
TT,TCGA-LUSC,110.72144725271887,0.005262492052783896,0.5826707362401644
TT,TCGA-LUSC,133.61022487403562,0.003876299978547013,0.5179133118128859
TT,TCGA-LUSC,156.5392222210837,0.0032340461739223773,0.5062550726928805
TT,TCGA-LUSC,121.0767220485329,0.00523914272142905,0.6343382270550593
TT,TCGA-LUSC,95.5876208475801,0.005709529141006104,0.5457603067487011
TT,TCGA-LUSC,97.84963999433812,0.004797926180463591,0.46947534947777214
TT,TCGA-LUSC,119.29383627746566,0.004881790136651142,0.5823674733026081
TT,TCGA-LUSC,168.98286473555046,0.0026511466081348472,0.4479983486765643
TT,TCGA-LUSC,246.7425324315914,0.0023207293512370816,0.5726226372125617
TT,TCGA-LUSC,135.0796062763499,0.0033273989279298233,0.44946373710910925
TT,TCGA-LUSC,92.06629727103619,0.0053463230867293165,0.4922161706098251
TT,TCGA-LUSC,109.44254270721025,0.005183055968006671,0.5672468241324311
TT,TCGA-LUSC,102.36199476069797,0.004249732060411186,0.43501105090217995
TT,TCGA-LUSC,97.87607963836979,0.006237888995050422,0.6105401200548656
TT,TCGA-LUSC,67.1856951500749,0.007231329148298011,0.485841875687401
TT,TCGA-LUSC,130.86954547691613,0.003553812610169024,0.4650858410029531
TT,TCGA-LUSC,131.4900595087101,0.004347464871507656,0.5716484146665683
TT,TCGA-LUSC,70.47635455433945,0.00931455438856301,0.6564558376040452
TT,TCGA-LUSC,89.15899270806844,0.006440699599381616,0.5742462886161248
TT,TCGA-LUSC,150.77819316783396,0.003757687873201067,0.5665773880099376
TT,TCGA-LUSC,85.65747505122708,0.00533033751094622,0.45658325235849573
TT,TCGA-LUSC,162.07937780387314,0.003602554936779684,0.5838998626575228
TT,TCGA-LUSC,117.47994836777924,0.004649980983746997,0.5462795258817525
TT,TCGA-LUSC,97.709093105817,0.006452911620651914,0.6305081423458864
TT,TCGA-LUSC,72.42756338911012,0.00579213729037816,0.4195103907572927
TT,TCGA-LUSC,121.83842758531692,0.0049034436908506635,0.5974278690463877
TT,TCGA-LUSC,108.16954609178691,0.004749924985251959,0.5137972296247421
TT,TCGA-LUSC,93.99187382834357,0.005188613991003148,0.48768755158634614
TT,TCGA-LUSC,105.00377277780574,0.005463508816056158,0.5736890382906993
TT,TCGA-LUSC,109.44428608544791,0.00571316167449638,0.6252729007559985
TT,TCGA-LUSC,99.14916246569071,0.005983291075835074,0.5932382989574891
TT,TCGA-LUSC,184.57415573721678,0.002766151148057306,0.5105600127942103
TT,TCGA-LUSC,117.56070557064679,0.004217565694176166,0.4958199987979048
TT,TCGA-LUSC,74.2932910086791,0.006353680961464578,0.4720358686463919
TT,TCGA-LUSC,118.80409745603114,0.004751401556478121,0.5644859735685648
TT,TCGA-LUSC,126.06514503636312,0.0036610222453070653,0.46152730033598693
TT,TCGA-LUSC,72.42429175433193,0.009035968141285985,0.6544235929473445
TT,TCGA-LUSC,152.10554198545017,0.003459576385906023,0.5262207412183005
TT,TCGA-LUSC,85.32635265539894,0.007222573344232751,0.6162758402494878
TT,TCGA-LUSC,91.68145293793631,0.006308686171862475,0.5783895143658191
TT,TCGA-LUSC,42.6936226404291,0.005619250110410539,0.2399061437360571
TT,TCGA-LUSC,36.28712676175824,0.009185851365000051,0.3333281528964268
TT,TCGA-LUSC,57.33796139135415,0.009192079150662561,0.5270550794469614
TT,TCGA-LUSC,66.77123839905929,0.008085704838989988,0.5398925254286278
TT,TCGA-LUSC,130.2794606057924,0.003043841949605915,0.39655008736394215
TT,TCGA-LUSC,88.38664941892088,0.0060965799204061935,0.5388562720793748
TT,TCGA-LUSC,54.53534918449305,0.006072110999968617,0.3311446936702898
TT,TCGA-LUSC,82.80761195330618,0.007508923871995808,0.6217960541791462
TT,TCGA-LUSC,120.70618793487718,0.0036347523506968216,0.4387371003399472
TT,TCGA-LUSC,64.59930816389581,0.00972716688890397,0.6283682514179513
TT,TCGA-LUSC,97.96797632695521,0.0054947387835845,0.538308439073009
TT,TCGA-LUSC,135.39433706028106,0.003802925220334814,0.5148945390970554
TT,TCGA-LUSC,76.79160918653312,0.007088972196414455,0.5443735824412581
TT,TCGA-LUSC,165.5056454815768,0.0029235714560789253,0.48386758094985594
TT,TCGA-LUSC,109.12943449189686,0.005408384902708065,0.5902139859470438
TT,TCGA-LUSC,125.16902525133833,0.004709206085080532,0.5894467353772012
TT,TCGA-LUSC,120.63980314182133,0.004319404350574688,0.521092090543257
TT,TCGA-LUSC,95.9750040427346,0.005499323881480448,0.5277976317573929
TT,TCGA-LUSC,91.26174618152601,0.004363790248139828,0.3982471180151554
TT,TCGA-LUSC,81.6841531306938,0.006785581651866756,0.5542744907319103
TT,TCGA-LUSC,27.852581160814147,0.014438792000722386,0.40215762606423433
TT,TCGA-LUSC,121.39221176038554,0.0041420308455567155,0.5028102855218696
TT,TCGA-LUSC,126.25290810393125,0.004023697657072767,0.5080035305364116
TT,TCGA-LUSC,126.92606517451723,0.004074407850215131,0.5171485563439704
TT,TCGA-LUSC,74.86482231490155,0.007468750141046603,0.5591466522238497
TT,TCGA-LUSC,95.87227159891967,0.005457569549360561,0.5232295901062893
TT,TCGA-LUSC,81.54457941587599,0.00745899047717773,0.6082402413284821
TT,TCGA-LUSC,25.77205287458284,0.01634402036779064,0.4212189571019592
TT,TCGA-LUSC,154.34394436916534,0.004003485413224629,0.6179137299015071
TT,TCGA-LUSC,106.27596672460095,0.005589735927128986,0.5940545893908665
TT,TCGA-LUSC,152.9557069496157,0.0034374130966359677,0.5257719502738221
TT,TCGA-LUSC,72.76907827100783,0.009030422715284807,0.6571355373888471
TT,TCGA-LUSC,69.35056793133246,0.007926773112535729,0.5497262172171687
TT,TCGA-LUSC,99.14049094686811,0.004811868664674335,0.4770510217876643
TT,TCGA-LUSC,49.624743337983,0.013439747905843107,0.6669440403546587
TT,TCGA-LUSC,95.42089696184281,0.004507611429820018,0.4301203257888809
TT,TCGA-LUSC,111.25939569304411,0.004919214472483805,0.547308829493025
TT,TCGA-LUSC,118.88907627707849,0.0036608204020353455,0.43523155601426533
TT,TCGA-LUSC,105.03486354191486,0.00564045674257147,0.592444604270068
TT,TCGA-LUSC,111.89333923273618,0.0041390912772313986,0.46313674439851216
TT,TCGA-LUSC,85.0182658696711,0.004445233043922981,0.3779260047808914
TT,TCGA-LUSC,118.4611702316107,0.0030134007842102465,0.3569709832743992
TT,TCGA-LUSC,77.60147938693099,0.0068552127366918155,0.5319746498794167
TT,TCGA-LUSC,88.97493597492188,0.0042699119240583935,0.37991514006165106
TT,TCGA-LUSC,119.05980131034428,0.0037135927903964947,0.4421396197721337
TT,TCGA-LUSC,40.41686627092429,0.004474476471311953,0.1808443171734124
TT,TCGA-LUSC,100.10787624849887,0.004777391130496561,0.4782544800824259
TT,TCGA-LUSC,54.6819867898666,0.00530599012074421,0.2901420816896976
TT,TCGA-LUSC,80.44337133839203,0.008043732065719376,0.6470649255091949
TT,TCGA-LUSC,83.5479352006888,0.00848837257499951,0.7091860018553631
TT,TCGA-LUSC,164.44317150177503,0.0030771416065642643,0.5060149249434949
TT,TCGA-LUSC,103.4978553268236,0.00590651915248332,0.6113120647288314
TT,TCGA-LUSC,25.25777151325109,0.008378280169970255,0.21161668620711122
TT,TCGA-LUSC,38.30455795752212,0.011057541020564568,0.4235542208898938
TT,TCGA-LUSC,71.82170834859654,0.007243644052984654,0.5202508905545096
TT,TCGA-LUSC,87.81408967265787,0.006807470018200057,0.5977917826221497
TT,TCGA-LUSC,35.968910950988516,0.012119582216708075,0.43592817351595675
TT,TCGA-LUSC,142.0237438566216,0.0025983782898027297,0.36903141267354933
TT,TCGA-LUSC,91.04507262278776,0.004860561770907029,0.44253019941977634
TT,TCGA-LUSC,122.31179280763631,0.0039990778815605,0.48913438527102904
TT,TCGA-LUSC,79.76187904093776,0.006957684868039188,0.5549580188495047
TT,TCGA-LUSC,90.55185565321669,0.005981579032732771,0.5416430811503254
TT,TCGA-LUSC,156.36388810947736,0.003655888343491118,0.5716489158823876
TT,TCGA-LUSC,220.81863323189916,0.0019468420807603442,0.42989900739184583
TT,TCGA-LUSC,71.9063776537539,0.009367566970781045,0.6735878082978133
TT,TCGA-LUSC,12.223183333063494,0.018170090348207386,0.22209634550446639
TT,TCGA-LUSC,171.25177914081712,0.0028774893923100313,0.49277517789192155
TT,TCGA-LUSC,96.59096253911018,0.00449506022333215,0.43418219364291993
TT,TCGA-LUSC,101.30448605286885,0.004610027270892389,0.4670164433674631
TT,TCGA-LUSC,84.08587142773108,0.0066446400541773035,0.5587203492791049
TT,TCGA-LUSC,102.47362088918645,0.006005321911908489,0.6153870809184349
TT,TCGA-LUSC,43.03119683290637,0.010469194442770032,0.45050196674880677
TT,TCGA-LUSC,116.7319511718935,0.003914543140987874,0.4569522587940671
TT,TCGA-LUSC,59.62754771591589,0.010011299213365564,0.5969492215432664
TT,TCGA-LUSC,139.52303344985512,0.0029764847295783727,0.41528817848794625
TT,TCGA-LUSC,100.22937750737019,0.005013236675519915,0.5024735912844791
TT,TCGA-LUSC,118.6185266630401,0.004402202754103456,0.5221828047637294
TT,TCGA-LUSC,133.9328000840747,0.004092933884761956,0.5481780957451583
TT,TCGA-LUSC,57.54746008412954,0.012166647123036051,0.7001596396706067
TT,TCGA-LUSC,99.18539466962555,0.0034883272188226348,0.3459911119357203
TT,TCGA-LUSC,106.19929569869606,0.004426985011783775,0.47014269032012057
TT,TCGA-LUSC,96.15292921377134,0.006016198978552909,0.5784751545207614
TT,TCGA-LUSC,81.35797382428689,0.00607873258199521,0.49455336629080615
TT,TCGA-LUSC,120.07113576775066,0.004456942916728815,0.5351501980636602
TT,TCGA-LUSC,38.03317204862638,0.008421980394256796,0.320314629324927
TT,TCGA-LUSC,143.17408717697685,0.004000253995763468,0.5727327143194887
TT,TCGA-LUSC,113.33917250962465,0.00524491728690869,0.5944545851796565
TT,TCGA-LUSC,78.7525615151859,0.007513549513005877,0.5917112702203904
TT,TCGA-LUSC,125.50057634412262,0.004597197148922652,0.5769508917573501
TT,TCGA-LUSC,59.64870835197893,0.009373851767677972,0.5591381502249055
TT,TCGA-LUSC,148.9466738857251,0.004078896658938021,0.607538090472415
TT,TCGA-LUSC,59.081810335570054,0.01112317181057286,0.6571771272422251
TT,TCGA-LUSC,78.85484693754347,0.00473677509619822,0.3735176751882784
TT,TCGA-LUSC,78.00141547943906,0.007319579203508732,0.5709375385875463
TT,TCGA-LUSC,71.47145360021572,0.008108601933764607,0.5795335668716767
TT,TCGA-LUSC,121.40408489506734,0.004450565743601016,0.5403168613672162
TT,TCGA-LUSC,155.12125427269416,0.003493559760468682,0.5419253719205149
TT,TCGA-LUSC,150.51134818093087,0.0039886010794239046,0.600329725820008
TT,TCGA-LUSC,73.97946146044336,0.006912996176107737,0.5114197341865546
TT,TCGA-LUSC,119.78350114228596,0.003313247478349461,0.3968723831075487
TT,TCGA-LUSC,61.88998720665315,0.009287944930794026,0.5748307929429413
TT,TCGA-LUSC,102.64298753370366,0.004407784640544105,0.45242818391061906
TT,TCGA-LUSC,112.22587190387249,0.004345821517582093,0.48771360894926075
TT,TCGA-LUSC,132.7344160407071,0.004673544363636569,0.620340181947638
TT,TCGA-LUSC,92.45177930295301,0.006592655056511522,0.6095026903051005
TT,TCGA-LUSC,40.197173467916166,0.010532215997927839,0.4233653134702671
TT,TCGA-LUSC,121.6236327615971,0.004989892025416458,0.6068887952192732
TT,TCGA-LUSC,96.60768051175886,0.004196673967062927,0.4054309378220309
TT,TCGA-LUSC,109.74636452508642,0.003582942782619121,0.39321494469384555
TT,TCGA-LUSC,122.17002506836148,0.0034805763083364527,0.4252220948418095
TT,TCGA-LUSC,106.264995000236,0.004815077510763639,0.5116741876070469
TT,TCGA-LUSC,62.12246335918079,0.007511599311156363,0.4666390529761588
TT,TCGA-LUSC,131.60650218347016,0.003586601277992983,0.4720200489234203
TT,TCGA-LUSC,191.87386043569748,0.002999875104851412,0.5755976171927832
TT,TCGA-LUSC,104.10760810372727,0.0059102477800169195,0.6153017596779256
TT,TCGA-LUSC,75.71848023614305,0.005470888076996485,0.41424733073220904
TT,TCGA-LUSC,124.23512905584435,0.004389723796147932,0.5453579023339493
TT,TCGA-LUSC,127.72240187249521,0.002415280757050991,0.30848545948697115
TT,TCGA-LUSC,131.6248805959356,0.0036978898940233733,0.4867343157577434
TT,TCGA-LUSC,103.6350501624554,0.00549250272665648,0.5692157955944673
TT,TCGA-LUSC,96.4860451312104,0.0060114482679960125,0.5800208688897999
TT,TCGA-LUSC,95.21723077336212,0.005779935836683799,0.5503494844167471
TT,TCGA-LUSC,157.43628399253728,0.0038552943938858168,0.6069632230706443
TT,TCGA-LUSC,60.93663218716785,0.007281166872638689,0.443689787611375
TT,TCGA-LUSC,98.01305651500716,0.005009112693177681,0.4909584454864637
TT,TCGA-LUSC,14.478444024660947,0.033563516862653686,0.4859475001666952
TT,TCGA-LUSC,12.99689502534876,0.024161129581221116,0.3140196648609795
TT,TCGA-LUSC,181.44002754470822,0.0026673753707825393,0.48396866074686024
TT,TCGA-LUSC,109.02255477047336,0.00396434445268354,0.43220296022171345
TT,TCGA-LUSC,54.86762764884464,0.010586169327128338,0.5808379968684978
TT,TCGA-LUSC,145.2267499002784,0.004114772233083254,0.5975749979905919
TT,TCGA-LUSC,100.7839668559604,0.006017275375690344,0.6064448820267623
TT,TCGA-LUSC,139.1279880179931,0.00340834941238539,0.4741967962074883
TT,TCGA-LUSC,35.30916246121713,0.016616514932862488,0.586715225303682
TT,TCGA-LUSC,82.82645214890613,0.006874359975677721,0.5693788475798263
TT,TCGA-LUSC,40.39505470564052,0.01543566968617242,0.6235247213911319
TT,TCGA-LUSC,72.83996749846095,0.007081794531432889,0.5158376835003501
TT,TCGA-LUSC,98.12273962202131,0.004954939989189899,0.4861922864020215
TT,TCGA-LUSC,59.281922852054954,0.005788465100136266,0.3431513414980907
TT,TCGA-LUSC,131.08207747909938,0.004946452646896707,0.6483912891072103
TT,TCGA-LUSC,113.56013542748184,0.004656506183647387,0.5287934728339039
TT,TCGA-LUSC,24.714317680376034,0.012440817909967424,0.3074663260306467
TT,TCGA-LUSC,112.17115955962929,0.00497035073714186,0.5575300056032606
TT,TCGA-LUSC,225.42277619604081,0.0019772096653743665,0.44570809189033456
TT,TCGA-LUSC,164.32368295322155,0.003421608771130198,0.5622513548971606
TT,TCGA-LUSC,126.19074507174642,0.0042263140758962495,0.5333217221445572
TT,TCGA-LUSC,106.91435028637449,0.004864710412011727,0.5201073530315949
TT,TCGA-LUSC,138.93821042845306,0.004145256993926717,0.5759345885022069
TT,TCGA-LUSC,116.6364872989608,0.004556301552063401,0.5314310081074782
TT,TCGA-LUSC,93.17366979885807,0.006323880524821933,0.5892191558671881
TT,TCGA-LUSC,153.3550171831875,0.0036833093994741743,0.564853976247358
TT,TCGA-LUSC,91.96027192472503,0.006034433006859961,0.5549281002223782
TT,TCGA-LUSC,114.19416773971658,0.0048870198595140305,0.5580691655846713
TT,TCGA-LUSC,44.82080506453806,0.009957532936371912,0.4463046426648427
TT,TCGA-LUSC,86.17441560360456,0.006557699596800439,0.5651059304582711
TT,TCGA-LUSC,117.70750038948884,0.006185806113378433,0.7281157754997943
TT,TCGA-LUSC,20.926173394185902,0.025584196987947158,0.5353793423207909
TT,TCGA-LUSC,139.0456429321807,0.003707792036130978,0.5155523275226512
TT,TCGA-LUSC,98.09742660929687,0.00633083916984103,0.6210390308387423
TT,TCGA-LUSC,134.66404956120525,0.0035699354573260336,0.4807419653556569
TT,TCGA-LUSC,62.509661202427615,0.00762479494059493,0.47662334847457327
TT,TCGA-LUSC,113.26509890419051,0.004995172172720907,0.5657786701866937
TT,TCGA-LUSC,114.13095271740254,0.005094667803498166,0.5814592901919222
TT,TCGA-LUSC,53.94306024397151,0.010150952539749462,0.5475734443854008
TT,TCGA-LUSC,165.0939925294272,0.0025660398183306446,0.42363775859769215
TT,TCGA-LUSC,41.99818281150241,0.010849630543501382,0.4556647670032313
TT,TCGA-LUSC,110.82129076523621,0.0039499406264488935,0.4377375186691121
TT,TCGA-LUSC,104.92904078555912,0.005167234398098292,0.5421929489065997
TT,TCGA-LUSC,114.96947152210947,0.004760842415213117,0.5473515364770953
TT,TCGA-LUSC,151.68393283879212,0.004118825057662982,0.6247595834212858
TT,TCGA-LUSC,129.08432382028082,0.004110366137137539,0.5305838334661789
TT,TCGA-LUSC,67.19743064284653,0.006076344043920219,0.4083147074534025
TT,TCGA-LUSC,108.50984090526465,0.0039269530255150965,0.4261130480410908
TT,TCGA-LUSC,116.20808492626823,0.004756008101949467,0.5526865934213634
TT,TCGA-LUSC,113.20836482776804,0.005336279440412295,0.604111469713113
TT,TCGA-LUSC,47.710584848412985,0.01419368280109259,0.6771889075929881
TT,TCGA-LUSC,73.63948937525126,0.007086296522523666,0.5218312574802614
TT,TCGA-LUSC,111.49879662714775,0.005198109589872884,0.5795829640068632
TT,TCGA-LUSC,115.90407858055107,0.005585843462635177,0.647422039631925
TT,TCGA-LUSC,66.20134997269707,0.007776095846399824,0.5147880425487508
TT,TCGA-LUSC,57.32219379208461,0.008725127391815463,0.5001434432142717
TT,TCGA-LUSC,73.13142242101488,0.007540908000897424,0.5514773284516403
TT,TCGA-LUSC,131.23351927488247,0.004212344818446947,0.5528008349241087
TT,TCGA-LUSC,105.84286685394471,0.006344824085240669,0.6715543708658297
TT,TCGA-LUSC,120.9510369996543,0.003873202274629498,0.46846783162585764
TT,TCGA-LUSC,148.20858737337892,0.0037016115890681567,0.5486106246207199
TT,TCGA-LUSC,97.47625175963434,0.006730633506800952,0.6560769262107601
TT,TCGA-LUSC,96.40169485652977,0.005436128461805918,0.5240519971759107
TT,TCGA-LUSC,96.24226352169951,0.00539685871495256,0.5194058986338449
TT,TCGA-LUSC,132.65663673231072,0.004054472290639368,0.5378526578005665
TT,TCGA-LUSC,104.9200170055388,0.005563540366052671,0.5837267498172478
TT,TCGA-LUSC,98.17074064444327,0.0061374086588286934,0.6025139536748321
TT,TCGA-LUSC,78.24004174770609,0.007990859749245051,0.625205200380997
TT,TCGA-LUSC,46.161611833403846,0.013875285144964004,0.6405055269396229
TT,TCGA-LUSC,68.6515636184124,0.004887319393194742,0.33552211824540945
TT,TCGA-LUSC,68.51483997117458,0.0077604340056099865,0.5317048940012296
TT,TCGA-LUSC,95.82325168768062,0.005959110119118819,0.5710213087789271
TT,TCGA-LUSC,160.49381241553144,0.003611534580407742,0.5796289534801652
TT,TCGA-LUSC,111.88618258511661,0.004319385641800812,0.4832795705740568
TT,TCGA-LUSC,49.88760603609965,0.004104100150415925,0.20474373143664695
TT,TCGA-LUSC,156.39296691890024,0.0027352309196734,0.42777087873603514
TT,TCGA-LUSC,120.10553261780191,0.0038393979091207275,0.46113293080662
TT,TCGA-LUSC,43.72029979964696,0.006658715691353359,0.2911210463065823
TT,TCGA-LUSC,128.94658248728604,0.0036679323182167815,0.4729673372287225
TT,TCGA-LUSC,56.182693034301906,0.006505962863772895,0.3655225144679203
TT,TCGA-LUSC,121.09943162343151,0.00366617448132636,0.44397164592095106
TT,TCGA-LUSC,70.98819337214923,0.005363634722352569,0.3807547388479381
TT,TCGA-LUSC,85.15128730018209,0.004640962729825116,0.39518395075677587
TT,TCGA-LUSC,140.88639682000817,0.003754488677019021,0.5289563816067293
TT,TCGA-LUSC,87.04396385920694,0.0031900300405237675,0.2776728595571353
TT,TCGA-LUSC,58.66642162366623,0.006511059706095876,0.381980573934685
TT,TCGA-LUSC,92.34281641823688,0.0053797621595152055,0.49678238946989023
TT,TCGA-LUSC,167.56280233462866,0.0034222424209537153,0.5734405303234484
TT,TCGA-LUSC,114.621495242926,0.0046810322485679595,0.5365469156112156
TT,TCGA-LUSC,140.41724823207556,0.003413767240148544,0.4793518019664656
TT,TCGA-LUSC,106.12910888311363,0.005352618895971559,0.568068673620377
TT,TCGA-LUSC,73.10097150387371,0.006104736745271896,0.4462621868547716
TT,TCGA-LUSC,29.779931832309224,0.012117542728595901,0.36085959643268023
TT,TCGA-LUSC,160.53208699049094,0.00299249939912197,0.4803921738588399
TT,TCGA-LUSC,87.8350393731465,0.006176512885591197,0.5425142524946495
TT,TCGA-LUSC,65.82139935948553,0.005748321259845556,0.37836254929091534
TT,TCGA-LUSC,42.222675248475745,0.013399099383687794,0.5657458218995013
TT,TCGA-LUSC,49.272080220801634,0.008488137056521385,0.4182281699740807
TT,TCGA-LUSC,115.69338749619017,0.004338862652980735,0.5019777182040479
TT,TCGA-LUSC,156.7222047258008,0.0035108666062437384,0.5502307550287087
TT,TCGA-LUSC,127.77683351619369,0.004921153660693979,0.6288094320101016
TT,TCGA-LUSC,52.4159697699199,0.012211461062748577,0.6400755739115833
TT,TCGA-LUSC,95.04534288361803,0.007089011371792483,0.673777516537884
TT,TCGA-LUSC,130.22520966731756,0.004061676094577602,0.5289326210170997
TT,TCGA-LUSC,114.84478520202232,0.004650103366493032,0.5340401222920932
TT,TCGA-LUSC,97.5046570878614,0.005799880711101843,0.5655153798864869
TT,TCGA-LUSC,105.34872833827552,0.004314321187390312,0.4545082507344482
TT,TCGA-LUSC,105.98482651568258,0.004950244127514478,0.5246507650648984
TT,TCGA-LUSC,141.49232914248896,0.003923038126379565,0.5550798018162306
TT,TCGA-LUSC,123.15246384842148,0.005442265175519894,0.6702283652817369
TT,TCGA-LUSC,120.8498241714483,0.0037619582094242186,0.4546319881492533
TT,TCGA-LUSC,98.08752820858527,0.0034007769916696096,0.3335738091015006
TT,TCGA-LUSC,110.70766330279743,0.005393370294959461,0.5970874226816812
TT,TCGA-LUSC,74.34013042476103,0.007003046103825377,0.520607360728993
TT,TCGA-LUSC,118.6389741792003,0.0036862193458843395,0.4373292817952408
TT,TCGA-LUSC,93.26532721302567,0.007116685502377406,0.6637400020514248
TT,TCGA-LUSC,71.99964482463591,0.008395726051008197,0.6044892937175332
TT,TCGA-LUSC,3.923373219334368,0.0041384411403483255,0.016236649139834202
TT,TCGA-LUSC,117.51065830845648,0.004717267570421299,0.55432921761734
TT,TCGA-LUSC,132.3691048368033,0.0037934130773906996,0.5021306933304301
TT,TCGA-LUSC,61.92769690502433,0.009242221493965492,0.5723494914073961
TT,TCGA-LUSC,19.699574183390013,0.007351165004207675,0.14481482033472964
TT,TCGA-LUSC,78.09533736349053,0.007473159184071248,0.5836188876511117
TT,TCGA-LUSC,62.72506572877941,0.008968454161390983,0.5625468767587947
TT,TCGA-LUSC,85.60675886353198,0.006824451518085482,0.5842191754846087
TT,TCGA-LUSC,109.09162863134749,0.005607959685044374,0.6117814553404293
TT,TCGA-LUSC,136.62310957848226,0.002822147385701662,0.3855705515233454
TT,TCGA-LUSC,162.46448774048605,0.0031213094215325615,0.5071019362488405
TT,TCGA-LUSC,118.94091885561538,0.004490235566240462,0.5340727441268049
TT,TCGA-LUSC,93.90147232658795,0.004455449976554216,0.41837331267590266
TT,TCGA-LUSC,87.25765250475649,0.0061882772589204995,0.539974546661972
TT,TCGA-LUSC,91.33559249779505,0.004848484401770206,0.44283919555199913
TT,TCGA-LUSC,114.29574060898001,0.0032752984208600094,0.37435265872761747
TT,TCGA-LUSC,71.66614652124892,0.0071076889020324245,0.5093806742805106
TT,TCGA-LUSC,116.6837159617527,0.0045506051560412625,0.530981519481606
TT,TCGA-LUSC,125.8463835287349,0.003948873669981772,0.496951470379049
TT,TCGA-LUSC,88.93317587461853,0.0032758276808189934,0.29132975927321925
TT,TCGA-LUSC,141.505680921727,0.0039431269702848975,0.5579748668909907
TT,TCGA-LUSC,105.40606640508497,0.0049204800463185155,0.518648446507145
TT,TCGA-LUSC,79.64158286281794,0.004867236970459121,0.38763445649579104
TT,TCGA-LUSC,72.7919856891639,0.006542899468632657,0.47627064448634643
TT,TCGA-LUSC,191.47564361988512,0.001796673825398074,0.3440192770930973
TT,TCGA-LUSC,70.96919128360875,0.0039385624104735,0.279516589091325
TT,TCGA-LUSC,159.63746807039087,0.0025105343856569352,0.4007753528299274
TT,TCGA-LUSC,83.91079950257456,0.0039024370650108465,0.32745661413354066
TT,TCGA-LUSC,114.87796341461261,0.0037442333073792644,0.4301298969008891
TT,TCGA-LUSC,126.75841311578449,0.003455544439025441,0.4380193295419386
TT,TCGA-LUSC,41.725665650349676,0.012110879990146095,0.5053345292003462
TT,TCGA-LUSC,102.58958531453649,0.004767817749726689,0.48912844579974757
TT,TCGA-LUSC,96.88278223806662,0.0035002545193178495,0.33911439637287977
TT,TCGA-LUSC,76.15799363867342,0.008224953216424104,0.6263959347348134
TT,TCGA-LUSC,66.78379968367179,0.006092524639165284,0.4068819450698491
TT,TCGA-LUSC,104.888597467334,0.005607128284353674,0.5881238215652755
TT,TCGA-LUSC,253.0840303196855,0.0017486066103717937,0.4425444083965375
TT,TCGA-LUSC,72.56552492965612,0.007011999995016684,0.5088294604451318
TT,TCGA-LUSC,83.89733314825783,0.00467255280430403,0.39201471927552156
TT,TCGA-LUSC,81.38710859127139,0.007613619190319894,0.6196504518151529
TT,TCGA-LUSC,92.05890959781402,0.004580161113957134,0.42164463793320295
TT,TCGA-LUSC,121.6962524119308,0.004335704551074387,0.5276389954311057
TT,TCGA-LUSC,87.70153660168978,0.006211821330724848,0.5447862757997226
TT,TCGA-LUSC,114.06685425164596,0.004195638392848141,0.478583273049619
TT,TCGA-LUSC,122.28375231093054,0.003413806032018057,0.4174530112568567
TT,TCGA-LUSC,86.41294317685426,0.007769801924409616,0.671411452189421
TT,TCGA-LUSC,148.57321810108076,0.004266017674987729,0.6338159744490174
TT,TCGA-LUSC,139.28297306792382,0.003780968033817985,0.5266244688249513
TT,TCGA-LUSC,132.21491671315013,0.002638679544028063,0.34887279614636335
TT,TCGA-LUSC,109.25415325763686,0.004336419527059187,0.4737718435987336
TT,TCGA-LUSC,156.01497268323286,0.0031753711585028517,0.4954054445529479
TT,TCGA-LUSC,77.40680620058531,0.004839933107862508,0.3746437641041097
TT,TCGA-LUSC,113.94671190070731,0.004528007152561153,0.5159515264972278
TT,TCGA-LUSC,69.11374268469515,0.007518995267583055,0.5196659041711759
TT,TCGA-LUSC,115.81112199981419,0.003871394720504222,0.44835056628575104
TT,TCGA-LUSC,134.26123538912893,0.0037979852896481946,0.5099221969779053
TT,TCGA-LUSC,137.3681455694681,0.003161546945556344,0.4342958410418911
TT,TCGA-LUSC,118.50537481483065,0.004830006514828573,0.572381732397834
TT,TCGA-LUSC,134.21282825938326,0.0035479497470371503,0.4761803700720193
TT,TCGA-LUSC,90.29395708476119,0.006713021320368363,0.6061452590104279
TT,TCGA-LUSC,135.63293684447206,0.0042759382788560615,0.5799580665269447
TT,TCGA-LUSC,71.65116427788175,0.007969718575023954,0.571039614867527
TT,TCGA-LUSC,80.54663802625753,0.0055858533249847925,0.4499217058353171
TT,TCGA-LUSC,114.1469969074193,0.005474964422541189,0.6249507470080398
TT,TCGA-LUSC,124.99391246074325,0.004930887297155731,0.6163308951744743
TT,TCGA-LUSC,124.96687089957629,0.003950433921369888,0.49367336584913774
TT,TCGA-LUSC,58.99376748925155,0.007920312985794223,0.46724910272604414
TT,TCGA-LUSC,95.42330930286029,0.005079154809721747,0.4846697604051887
TT,TCGA-LUSC,64.7938438879313,0.005677041362123252,0.3678373317627429
TT,TCGA-LUSC,112.56146858590824,0.004788395043915712,0.5389887783126371
TT,TCGA-LUSC,88.6911430154266,0.004799219720534144,0.42564828259634946
TT,TCGA-LUSC,150.2231354990384,0.0024224122672986854,0.3639023662649432
TT,TCGA-LUSC,93.97068020935437,0.00646934565552071,0.6079288117587127
TT,TCGA-LUSC,113.21310249559464,0.003374920267591151,0.3820851941692567
TT,TCGA-LUSC,107.22955456506249,0.005684870138224432,0.609586092682031
TT,TCGA-LUSC,97.2347048864845,0.0061118870299594515,0.5942875316576395
TT,TCGA-LUSC,93.2925079532247,0.0070407115824253005,0.6568456412997736
TT,TCGA-LUSC,61.037890038474444,0.00896411190944105,0.547150477021042
TT,TCGA-LUSC,106.45913824122886,0.0052993062397479074,0.5641595755599291
TT,TCGA-LUSC,80.49478709123258,0.007597370958283164,0.611548757740117
TT,TCGA-LUSC,91.35930650333192,0.004840348090135041,0.44221084474946454
TT,TCGA-LUSC,69.80927755524887,0.008284297404739864,0.5783208168777131
TT,TCGA-LUSC,52.51677322053688,0.006358320552022503,0.33391847849404466
TT,TCGA-LUSC,89.64392800601067,0.00446191391791012,0.3999834900261518
TT,TCGA-LUSC,109.47532884012256,0.004680829945959447,0.5124353975786036
TT,TCGA-LUSC,89.55349822918102,0.00698545261134035,0.625571718059696
TT,TCGA-LUSC,124.87461327779437,0.0031615338881652542,0.3947953216492777
TT,TCGA-LUSC,48.01527376887612,0.01011418418248136,0.485635322470679
TT,TCGA-LUSC,120.29484542156976,0.004875705761757098,0.5865222709316271
TT,TCGA-LUSC,91.20898389075428,0.005473519893571293,0.4992341877984672
TT,TCGA-LUSC,103.85746345014942,0.004301030687293005,0.4466941374035043
TT,TCGA-LUSC,112.07383444684297,0.004043522201032626,0.45317303774066464
TT,TCGA-LUSC,112.94442352984913,0.005217617541165359,0.5893008053861504
TT,TCGA-LUSC,59.66209767974748,0.007740519368729089,0.46181562266909226
TT,TCGA-LUSC,173.15213931213458,0.0029710948432447714,0.5144514282070833
TT,TCGA-LUSC,136.66220438381055,0.0033594913576992782,0.459115494551544
TT,TCGA-LUSC,121.6376459713693,0.004426440554412882,0.5384218090709858
TT,TCGA-LUSC,169.37801886758595,0.0027471617400149986,0.46530881303257066
TT,TCGA-LUSC,13.220233073072043,0.03733744177098546,0.4936096825646836
TT,TCGA-LUSC,154.92702388604226,0.0032305396675078478,0.5004978962327954
TT,TCGA-LUSC,79.3675413972737,0.007233315481195068,0.5740904658932903
TT,TCGA-LUSC,58.6823511997909,0.0055779053695068324,0.3273246018525994
TT,TCGA-LUSC,55.01339211794285,0.011195208074034811,0.6158863716188369
TT,TCGA-LUSC,173.9273109465519,0.002845000466605202,0.4948232807983282
TT,TCGA-LUSC,123.1302994891472,0.004122276198389042,0.507577102884626
TT,TCGA-LUSC,121.67940400599467,0.0030734072628751403,0.37397036401434247
TT,TCGA-LUSC,35.34045799204617,0.015839801405112423,0.5597858361597294
TT,TCGA-LUSC,146.76379276485946,0.004173366843740775,0.6124991465865066
TT,TCGA-LUSC,106.11646421551616,0.004652712249718917,0.49372937295239117
TT,TCGA-LUSC,127.17897923862049,0.0044062501050207235,0.5603823906265999
TT,TCGA-LUSC,84.58634350687532,0.006961200843188119,0.5888225257422603
TT,TCGA-LUSC,89.6473979777333,0.006072291303653691,0.5443651151353714
TT,TCGA-LUSC,144.97430612193253,0.003525418313862161,0.5110950738417201
TT,TCGA-LUSC,54.45826559970433,0.010904886673660595,0.593861214808885
TT,TCGA-LUSC,66.3558050195147,0.008366649794247517,0.5551757824136511
TT,TCGA-LUSC,53.002112670812245,0.006709140295599267,0.35559860987163894
TT,TCGA-LUSC,70.71321255636467,0.006646375201894205,0.469986542380896
TT,TCGA-LUSC,30.61371078971275,0.021572516167070267,0.6604147709450918
TT,TCGA-LUSC,126.58391994526947,0.005157467657061871,0.6528524730218364
TT,TCGA-LUSC,91.2873085033149,0.006174802270280106,0.5636810797940293
TT,TCGA-LUSC,100.8859440270595,0.005314279826611512,0.5361361371316604
TT,TCGA-LUSC,125.13900797101128,0.004073278416174143,0.5097260201897643
TT,TCGA-LUSC,75.12169762091727,0.008675694698284749,0.651732913775942
TT,TCGA-LUSC,97.95714408263838,0.003867203881599453,0.37882024782677604
TT,TCGA-LUSC,129.5477008924312,0.004264263943925489,0.5524255899340382
TT,TCGA-LUSC,105.4589707015052,0.005881234294878597,0.6202289151922895
TT,TCGA-LUSC,57.00473747237796,0.005050821648102447,0.2879207620698834
TT,TCGA-LUSC,37.31606725975086,0.017731736886665773,0.6616786862950252
TT,TCGA-LUSC,71.67153719924731,0.008189670656832192,0.5869662851307327
TT,TCGA-LUSC,107.39747567522674,0.004914030714762983,0.5277544941560746
TT,TCGA-LUSC,86.55106732612057,0.007369832970140535,0.6378669095808966
TT,TCGA-LUSC,71.61581760595935,0.00559022644817485,0.4003486376885
TT,TCGA-LUSC,107.17341623902234,0.003928804892193185,0.4210634420329275
TT,TCGA-LUSC,124.32112481417359,0.0026500052679931845,0.3294516356803982
TT,TCGA-LUSC,139.28124190727186,0.004622308533642471,0.6438008730443041
TT,TCGA-LUSC,156.71956746886434,0.0041556403766238054,0.6512701623806313
TT,TCGA-LUSC,92.6131620997689,0.006093649436317144,0.5643521430248051
TT,TCGA-LUSC,93.50146305595418,0.005837879946943432,0.5458503161842271
TT,TCGA-LUSC,72.69979380604616,0.008369016908349321,0.6084258035963096
TT,TCGA-LUSC,92.38044229712546,0.005937121155720865,0.5484738783371141
TT,TCGA-LUSC,79.08596439375634,0.005783612397420089,0.45740256412965286
TT,TCGA-LUSC,53.13967427979238,0.011107288697755036,0.5902377035303219
TT,TCGA-LUSC,75.47713487240551,0.008050189530623881,0.6076052409513255
TT,TCGA-LUSC,112.58397928462698,0.005821170111025482,0.6553704951919825
TT,TCGA-LUSC,81.62918185820008,0.0054975224691624965,0.4487582614048066
TT,TCGA-LUSC,111.92277699007455,0.004425743414248663,0.4953414931682443
TT,TCGA-LUSC,162.11854364973462,0.003333265273118901,0.5403841116762711
TT,TCGA-LUSC,56.22840610171009,0.004877221226162666,0.27423837575255483
TT,TCGA-LUSC,65.37380278692866,0.009921724723818769,0.6486208754011225
TT,TCGA-LUSC,117.68451592917081,0.004150228493595094,0.48841763126419047
TT,TCGA-LUSC,103.98748824898748,0.004708672920183219,0.48964306995587803
TT,TCGA-LUSC,110.65911331005566,0.005907795125766202,0.6537513702347566
TT,TCGA-LUSC,112.08627982608522,0.0029871187918600072,0.33481503277817837
TT,TCGA-LUSC,211.16259932407888,0.002277689939763501,0.4809629281347655
TT,TCGA-LUSC,66.3156868359127,0.006051824340736516,0.4013308877662366
TT,TCGA-LUSC,122.39750089356707,0.003392680777676657,0.41525564851726643
TT,TCGA-LUSC,94.97112320839102,0.0036122218571914538,0.3430567670553726
TT,TCGA-LUSC,111.45265936454433,0.00427162576152815,0.4760840509324092
TT,TCGA-LUSC,109.91660563302312,0.005078351029681774,0.5581951073955884
TT,TCGA-LUSC,85.85663313789838,0.007255550750083165,0.6229371589632937
TT,TCGA-LUSC,103.49525821392776,0.002959166538969368,0.30625970504864963
TT,TCGA-LUSC,140.0472387168895,0.003954169714735489,0.5537705499666559
TT,TCGA-LUSC,59.315597076265654,0.010452077425579819,0.6199712131856245
TT,TCGA-LUSC,47.81019247632857,0.006695312727657438,0.32010419019851455
TT,TCGA-LUSC,108.77810007365423,0.0037524683930612503,0.4081863823836412
TT,TCGA-LUSC,145.7364195419684,0.004139762919225916,0.6033142256005919
TT,TCGA-LUSC,85.55531426235517,0.003786386736767156,0.32394550718292753
TT,TCGA-LUSC,134.535815769426,0.004455866116275119,0.5994735829124171
TT,TCGA-LUSC,87.54601554668878,0.005997276115937648,0.5250376280836626
TT,TCGA-LUSC,93.84986642796008,0.00593573250718926,0.5570677029518126
TT,TCGA-LUSC,49.98769835540283,0.010771973526755149,0.5384661633478212
TT,TCGA-LUSC,109.6540834292403,0.005743023479210803,0.6297459757254673
TT,TCGA-LUSC,199.3459068034226,0.002770431697260508,0.5522742189273411
TT,TCGA-LUSC,59.26248977163046,0.008500403347892604,0.5037550664592187
TT,TCGA-LUSC,133.60008680965436,0.004176958404625385,0.5580420054582668
TT,TCGA-LUSC,156.92741500659707,0.003748534989279205,0.5882479059293677
TT,TCGA-LUSC,35.42173534708518,0.007743077385016677,0.2742732379040611
TT,TCGA-LUSC,139.73823191859552,0.0032897302620627684,0.45970109030974915
TT,TCGA-LUSC,138.28257675966742,0.0024968093425719335,0.3452652295684582
TT,TCGA-LUSC,48.15732549598944,0.008945403398734262,0.43078670316577605
TT,TCGA-LUSC,46.65741116540553,0.006827250628375787,0.31854183969740235
TT,TCGA-LUSC,110.52456194156518,0.005153950351295998,0.5696381048455662
TT,TCGA-LUSC,120.61946926551298,0.005284409620649621,0.637402683824328
TT,TCGA-LUSC,80.9431891302999,0.0074316150819733195,0.6015386251237556
TT,TCGA-LUSC,74.20753983943283,0.008165247352933707,0.6059229182416515
TT,TCGA-LUSC,51.501847441715924,0.007257126194218034,0.37375540611989766
TT,TCGA-LUSC,93.88615636142853,0.0055773203148273675,0.523633167155654
TT,TCGA-LUSC,136.03950183899374,0.004169705406133841,0.5672446462658068
TT,TCGA-LUSC,60.073145660402105,0.006005264428765514,0.36075512475846216
TT,TCGA-LUSC,29.719942034903394,0.019725731748415153,0.5862476041589519
TT,TCGA-LUSC,146.25953367242815,0.003434950062673058,0.5023941943546393
TT,TCGA-LUSC,89.34692731573891,0.005844179318056806,0.5221594647505661
TT,TCGA-LUSC,103.24729322232031,0.0035113184263363996,0.36253412316089056
TT,TCGA-LUSC,66.76482204551147,0.009037341221904135,0.6033764784449946
TT,TCGA-LUSC,87.42721509374026,0.004624010847710223,0.4042643909785499
TT,TCGA-LUSC,52.52596286916019,0.008370216160315538,0.4396536632435785
TT,TCGA-LUSC,42.878138174574275,0.008279258445044183,0.35499918758961546
TT,TCGA-LUSC,133.33112385336202,0.003953450663771648,0.5271180200994938
TT,TCGA-LUSC,85.91213022415796,0.004882064022165728,0.4194285200349784
TT,TCGA-LUSC,77.65008615991447,0.008063968485810164,0.6261678477139943
TT,TCGA-LUSC,49.17840547496113,0.01068726066487889,0.5255824383940167
TT,TCGA-LUSC,66.09807175931135,0.008957733480728126,0.5920889104099536
TT,TCGA-LUSC,97.74184852572989,0.0063447785120964925,0.6201503802586412
TT,TCGA-LUSC,85.00698089555524,0.006107284001760036,0.5191617744613456
TT,TCGA-LUSC,38.39733072100791,0.005067697597635847,0.1945860606504809
TT,TCGA-LUSC,79.06356564439172,0.00592869872645652,0.46874406094501664
TT,TCGA-LUSC,90.30094967083507,0.005441396559324133,0.49136327684258363
TT,TCGA-LUSC,172.71928454079057,0.002756665978588524,0.47612937553974816
TT,TCGA-LUSC,72.3734341977544,0.0062611556100663655,0.45314133354703895
TT,TCGA-LUSC,147.5029291835032,0.004404803275298481,0.6497213855836147
TT,TCGA-LUSC,95.74087238671875,0.0058259607723735694,0.5577825668378473
TT,TCGA-LUSC,68.2435201898643,0.006362814203434093,0.43422083955640983
TT,TCGA-LUSC,61.70990184935061,0.006618824523067466,0.40844701167656816
TT,TCGA-LUSC,165.37000289573086,0.002916976455453733,0.48238040488516254
TT,TCGA-LUSC,32.01745908725768,0.01522638728835461,0.48751023205163413
TT,TCGA-LUSC,179.2585588633568,0.0023802139057945973,0.4266737145392612
TT,TCGA-LUSC,101.70898499879803,0.005572707965129189,0.5667944708280069
TT,TCGA-LUSC,93.38639399809973,0.005229808469550724,0.48839295427206286
TT,TCGA-LUSC,122.9149659975375,0.004815468613303187,0.5918931608663702
TT,TCGA-LUSC,39.06189600931787,0.012791096282514255,0.49964447283274427
TT,TCGA-LUSC,113.63897157992254,0.004829828668862007,0.5488567628367047
TT,TCGA-LUSC,44.97653315770648,0.00659597171265481,0.29666394044151306
TT,TCGA-LUSC,68.74780570172348,0.005316009571993938,0.36546399316394146
TT,TCGA-LUSC,55.93491883830915,0.009058413545466035,0.5066816264694829
TT,TCGA-LUSC,122.30550615406113,0.005166758418769118,0.6319230035833135
TT,TCGA-LUSC,70.30441902079889,0.004524159599897581,0.3180684122281694
TT,TCGA-LUSC,97.44765896246861,0.004674226161894288,0.45549239693772314
TT,TCGA-LUSC,170.94305244394843,0.002366383730864269,0.40451685820763705
TT,TCGA-LUSC,191.11946316128297,0.002638269910876159,0.5042247290412174
TT,TCGA-LUSC,80.4937082126335,0.007555159334239434,0.6081427909502235
TT,TCGA-LUSC,71.86339541582464,0.006948823782881596,0.4993660711841066
TT,TCGA-LUSC,77.81911459045483,0.00731288599447189,0.5690823131907402
TT,TCGA-LUSC,112.54055042916464,0.005075300925935845,0.571177159798469
TT,TCGA-LUSC,149.8009504315387,0.0036968749489730574,0.5537953809827101
TT,TCGA-LUSC,56.851520021957874,0.010701688312759115,0.6084072473815774
TT,TCGA-LUSC,134.22673419114122,0.004149616052501902,0.5569894108744655
TT,TCGA-LUSC,88.73133232576284,0.005442986840080415,0.4829634741519291
TT,TCGA-LUSC,92.61637875959346,0.00519962662568634,0.48157058897303295
TT,TCGA-LUSC,147.1978287014489,0.0035174978190510445,0.5177680414263958
TT,TCGA-LUSC,82.62085872999874,0.005923377593334381,0.48939454334331983
TT,TCGA-LUSC,76.89229719317555,0.0033511952424750513,0.25768110053674764
TT,TCGA-LUSC,90.98102069195843,0.005329179648804835,0.48485420389907646
TT,TCGA-LUSC,81.38751185643551,0.007154540254383572,0.5822902297809881
TT,TCGA-LUSC,186.50828303098004,0.00282781511943667,0.5274109426551791
TT,TCGA-LUSC,71.91861130348641,0.005241782970992622,0.37698175202805256
TT,TCGA-LUSC,96.49998495253371,0.006593644016272655,0.6362865483526752
TT,TCGA-LUSC,65.0946455787775,0.008835742799308644,0.5751595459462316
TT,TCGA-LUSC,53.19335824733675,0.01131594707562966,0.6019332267018711
TT,TCGA-LUSC,93.590606616177,0.006233554477950726,0.583402144966395
TT,TCGA-LUSC,180.33094897137119,0.0028390174660982573,0.5119627138077963
TT,TCGA-LUSC,84.15002737414409,0.005620923815077346,0.4730008929067371
TT,TCGA-LUSC,103.32231086170499,0.00554772343055977,0.573203604867061
TT,TCGA-LUSC,61.969229555920116,0.008182998991267218,0.507094142945701
TT,TCGA-LUSC,40.74480601608379,0.016119559560082063,0.6567883273402526
TT,TCGA-LUSC,60.36915893658263,0.01032646274816335,0.6233998708965731
TT,TCGA-LUSC,118.73053237925107,0.005078019387219881,0.6029159452767747
TT,TCGA-LUSC,7.674676792704958,0.009634300759677882,0.07394014445423959
TT,TCGA-LUSC,119.50685002855595,0.00444528995970278,0.5312426005476456
TT,TCGA-LUSC,94.38670361955343,0.005932520434263095,0.5599510479457351
TT,TCGA-LUSC,49.205770321292945,0.005782176921412509,0.28451646955210463
TT,TCGA-LUSC,89.96935480429865,0.006342318242228612,0.5706142802168417
TT,TCGA-LUSC,48.424155380930245,0.008246890811635713,0.3993487220722137
TT,TCGA-LUSC,66.20343787120107,0.009631483990088145,0.6376373519452684
TT,TCGA-LUSC,141.91251050931245,0.0041921183046635035,0.5949140329668405
TT,TCGA-LUSC,133.07309988481364,0.0037088436010644966,0.4935473149816077
TT,TCGA-LUSC,100.82341424970939,0.004976746595569733,0.5017725836209581
TT,TCGA-LUSC,117.66861618202961,0.004921248387257346,0.5790764876166168
TT,TCGA-LUSC,123.8931163051568,0.0027688283585522123,0.3430387738551256
TT,TCGA-LUSC,131.0107797323694,0.003198438578717086,0.4190299321238168
TT,TCGA-LUSC,74.30114947320213,0.004757239385738802,0.35346835467958304
TT,TCGA-LUSC,76.71763105760031,0.006820887892052631,0.5232823607877468
TT,TCGA-LUSC,114.32627592228899,0.004613638885752141,0.5274601522583011
TT,TCGA-LUSC,136.7714465252377,0.0035453486814580265,0.4849024675993585
TT,TCGA-LUSC,64.47766762416045,0.010321436713072826,0.6655021657893168
TT,TCGA-LUSC,146.65452860336853,0.002651429505451607,0.388844144247068
TT,TCGA-LUSC,109.67835629273107,0.0037019956441306312,0.4060287972510978
TT,TCGA-LUSC,69.27044143774977,0.009336122778525212,0.6467173461854724
TT,TCGA-LUSC,114.30462130822796,0.0048555486882926255,0.5550116540589516
TT,TCGA-LUSC,103.98685989971236,0.0038511735444352897,0.40047144381467115
TT,TCGA-LUSC,76.08851432661143,0.0074412014649556345,0.5661899642734788
TT,TCGA-LUSC,109.97078326499891,0.005709025813014477,0.6278260403372993
TT,TCGA-LUSC,45.07065539831185,0.014028328682547563,0.6322659678653553
TT,TCGA-LUSC,145.57714878244784,0.003356255364061865,0.48859408648592273
TT,TCGA-LUSC,75.8472904584134,0.007576593670676159,0.5746641008251512
TT,TCGA-LUSC,83.66119622730001,0.005764912220668303,0.48229945252649076
TT,TCGA-LUSC,89.4356566495801,0.0057878274805877785,0.5176381513008528
TT,TCGA-LUSC,128.8710560414978,0.00417544554582634,0.5380940769344086
TT,TCGA-LUSC,141.73738467228614,0.003251203509893422,0.4608170825296508
TT,TCGA-LUSC,29.30966577109156,0.023841343099981108,0.6987817977943662
TT,TCGA-LUSC,75.69611069647982,0.007768981182689616,0.5880816596037419
TT,TCGA-LUSC,37.42036512216993,0.007805168144372233,0.29207224180233854
TT,TCGA-LUSC,130.17049285484157,0.003815594168478468,0.49667777344490155
TT,TCGA-LUSC,104.24780398488312,0.004916431068649791,0.5125271423497929
TT,TCGA-LUSC,43.01151732842255,0.008014670852330347,0.3447231542466098
TT,TCGA-LUSC,48.127500227517366,0.00789113868515073,0.37978077886496286
TT,TCGA-LUSC,44.33682439496815,0.010915357928667779,0.48395230769156655
TT,TCGA-LUSC,154.13083481188582,0.003676866662477902,0.5667185281797115
TT,TCGA-LUSC,93.04555397511095,0.005639495350454918,0.5247299690231403
TT,TCGA-LUSC,101.2338298995566,0.00608817227637974,0.6163289966262229
TT,TCGA-LUSC,87.63485996842756,0.005343374393448589,0.4682658667287487
TT,TCGA-LUSC,110.71444043044693,0.005803536342462681,0.6425352786735183
TT,TCGA-LUSC,119.82797878167578,0.003439525925747572,0.4121514396495038
TT,TCGA-LUSC,79.95500709752868,0.005690928567968589,0.45501823404345726
TT,TCGA-LUSC,50.736148618177225,0.008666548467029186,0.43970729102982875
TT,TCGA-LUSC,83.81534257075691,0.006249001933595795,0.5237622377896539
TT,TCGA-LUSC,69.65851673590669,0.006335674445045715,0.44133368436347326
TT,TCGA-LUSC,129.31150158549409,0.004423607630312911,0.5720233451008117
TT,TCGA-LUSC,132.17161101464046,0.004177804928153506,0.5521872078589531
TT,TCGA-LUSC,71.76774699678538,0.009113429009421423,0.654050267421321
TT,TCGA-LUSC,137.81187964722616,0.004180795254936727,0.5761632525030345
TT,TCGA-LUSC,118.81741393578648,0.005289314753424776,0.6284627004943341
TT,TCGA-LUSC,99.75868477110251,0.005103875505894216,0.5091559077034524
TT,TCGA-LUSC,65.77278376137929,0.009651018828969838,0.6347743745148331
TT,TCGA-LUSC,138.12150010063948,0.0038018028794664814,0.525110716798841
TT,TCGA-LUSC,14.880518015404618,0.024982037389981056,0.3717456574431249
TT,TCGA-LUSC,124.76181335882727,0.0041024314900942,0.5118267918845082
TT,TCGA-LUSC,156.31560831211127,0.003460834549645533,0.5409824578954131
TT,TCGA-LUSC,127.96606197435203,0.0035724995750015557,0.45715870201799536
TT,TCGA-LUSC,142.67601740173325,0.004381081202602609,0.6250752179009363
TT,TCGA-LUSC,134.46060621370881,0.00471888979218932,0.6345047821134584
TT,TCGA-LUSC,49.829663225237994,0.005494941389291673,0.27381107887082545
TT,TCGA-LUSC,56.41318133537693,0.010373592740273486,0.5852073683563979
TT,TCGA-LUSC,122.76430382052669,0.003031744985778092,0.37219006254042003
TT,TCGA-LUSC,150.7563183238648,0.0030976062073240765,0.466983707433328
TT,TCGA-LUSC,22.660432042719112,0.019527270344373824,0.4424963826184873
TT,TCGA-LUSC,58.07693823399182,0.007134942135781241,0.4143755937228728
TT,TCGA-LUSC,54.92718300456366,0.009552371510653235,0.5246848580932305
TT,TCGA-LUSC,127.33166578436918,0.004430808345206051,0.5641822073663707
TT,TCGA-LUSC,63.63921305219655,0.010274711745452372,0.6538745698187498
TT,TCGA-LUSC,149.164069456806,0.0038978274958305853,0.5814158113187217
TT,TCGA-LUSC,51.46083216781237,0.010136350337138226,0.5216250234936186
TT,TCGA-LUSC,119.16412848668577,0.003947820304102465,0.470438565960413
TT,TCGA-LUSC,89.02413172801201,0.005849129754224357,0.5207136977343036
TT,TCGA-LUSC,115.32093366884966,0.004810967987520863,0.5548053201718526
TT,TCGA-LUSC,67.35956708084626,0.0053857864036149575,0.36278424053741143
TT,TCGA-LUSC,97.86132548380176,0.0061268058959644146,0.5995773459610493
TT,TCGA-LUSC,119.71340887764394,0.004068489821808949,0.48705278555274745
TT,TCGA-LUSC,118.3045586390497,0.005891705686843624,0.6970156409132141
TT,TCGA-LUSC,84.17082506472313,0.005890461661520815,0.4958050180623269
TT,TCGA-LUSC,115.34598257836734,0.005104323476967043,0.588763206848592
TT,TCGA-LUSC,84.35249291599015,0.006035319999942078,0.5090942875408478
TT,TCGA-LUSC,132.07410916895552,0.003062816781654031,0.40451879798468343
TT,TCGA-LUSC,108.34522159298534,0.004191709495679882,0.4541516941628576
TT,TCGA-LUSC,80.80376232943101,0.005697021442648253,0.46034076663742163
TT,TCGA-LUSC,70.9665740126379,0.0031626396531262736,0.2244417010188892
TT,TCGA-LUSC,126.29152035798089,0.004877630524426616,0.616003374674333
TT,TCGA-LUSC,85.88560208914296,0.004207390486723629,0.3613542651763912
TT,TCGA-LUSC,105.52838132971061,0.0055230000183802645,0.5828332520236312
TT,TCGA-LUSC,42.89970457700382,0.006488237925726923,0.278343490238997
TT,TCGA-LUSC,68.0583594727342,0.009909110155808282,0.6743977810389212
TT,TCGA-LUSC,89.40430732761281,0.006612220891823143,0.5911610287306184
TT,TCGA-LUSC,109.31617407546929,0.003928679964170024,0.4294682628500188
TT,TCGA-LUSC,97.69775281318638,0.0067009704733642095,0.6546697569151971
TT,TCGA-LUSC,52.7698527879982,0.006343049820935375,0.33472180527769807
TT,TCGA-LUSC,92.19793865438804,0.006693580322884269,0.6171343079875027
TT,TCGA-LUSC,68.68833499863703,0.00801638666218786,0.5506322525309655
TT,TCGA-LUSC,42.264526525683515,0.011252914789062072,0.47559911559357027
TT,TCGA-LUSC,74.4767485079839,0.0074524064294629365,0.5550309994263933
TT,TCGA-LUSC,61.69339515737464,0.008600586976768416,0.530599410943144
TT,TCGA-LUSC,49.48700085347029,0.00821376199359577,0.40647444678727573
TT,TCGA-LUSC,107.31805106346121,0.0033676787770727918,0.36141272296323246
TT,TCGA-LUSC,97.3833010635144,0.00427652859692212,0.4164624718607956
TT,TCGA-LUSC,81.61635198160303,0.005745010675129382,0.4688868133994265
TT,TCGA-LUSC,116.04757052224868,0.004705743555646883,0.5460901071335489
TT,TCGA-LUSC,76.90012863154827,0.006646561602861346,0.5111214422175472
TT,TCGA-LUSC,118.21469845854102,0.005182749567192139,0.6126771772717527
TT,TCGA-LUSC,45.04809219493859,0.006613764325713078,0.2979374651003186
TT,TCGA-LUSC,101.8225802557575,0.00490174111911972,0.4991079284945143
TT,TCGA-LUSC,117.9954478885315,0.004573986095964173,0.5397095380292082
TT,TCGA-LUSC,98.08510036234034,0.005357729025379314,0.525513389168554
TT,TCGA-LUSC,105.01795975415342,0.004414189778199172,0.4635692044741161
TT,TCGA-LUSC,90.28648140047574,0.005289148370226778,0.4775385959528365
TT,TCGA-LUSC,106.1598429725776,0.006035696947995037,0.640748640229219
TT,TCGA-LUSC,183.44706719548296,0.00263636778058611,0.4836339373971864
TT,TCGA-LUSC,60.30059462423506,0.0085215951966243,0.5138572575034706
TT,TCGA-LUSC,116.90451726459472,0.0047320575760517675,0.5531989065966001
TT,TCGA-LUSC,90.90860055690285,0.005629274504144807,0.5117494673224576
TT,TCGA-LUSC,227.6371691177692,0.002094720075288022,0.47683614803272567
TT,TCGA-LUSC,99.54759073789886,0.005526268596648466,0.5501267245668642
TT,TCGA-LUSC,57.588080461273954,0.00961238479817332,0.5535587891819318
TT,TCGA-LUSC,141.50836415694494,0.0048549009219693165,0.6870090876119217
TT,TCGA-LUSC,73.06092320757921,0.00894925364781898,0.6538407335284506
TT,TCGA-LUSC,85.54657751852137,0.006528297335329329,0.558473494060707
TT,TCGA-LUSC,125.31215176383316,0.003743903815584818,0.46915664312775873
TT,TCGA-LUSC,88.24614265809024,0.003933676751943081,0.3471317998227822
TT,TCGA-LUSC,105.93725344154207,0.006068248532045637,0.6428535826855842
TT,TCGA-LUSC,119.05185101038064,0.0038148373487952867,0.45416344767761196
TT,TCGA-LUSC,114.18778684569612,0.0059979746265054765,0.6848954481573012
TT,TCGA-LUSC,92.494647702808,0.0054706157276023975,0.5060026744420244
TT,TCGA-LUSC,92.53081131690722,0.005625210337199996,0.5205052763293688
TT,TCGA-LUSC,82.66157451771326,0.005387811281324521,0.4453649637185831
TT,TCGA-LUSC,120.619760268209,0.0038756545656167245,0.467480524587079
TT,TCGA-LUSC,38.33631852224829,0.009274125079445668,0.35553581306080034
TT,TCGA-LUSC,71.62205833293984,0.005788439312901421,0.4145799381253078
TT,TCGA-LUSC,79.23355111874302,0.006544410290755991,0.5185368673146427
TT,TCGA-LUSC,75.18963844592504,0.008144269641690204,0.6123646897648098
TT,TCGA-LUSC,116.35761999799519,0.004024776979080644,0.4683134703085446
TT,TCGA-LUSC,121.62652359911829,0.004292483823245438,0.5220798850267947
TT,TCGA-LUSC,155.13959999302497,0.0029502938027623285,0.4577074004224482
TT,TCGA-LUSC,102.04441729965583,0.005807308606039821,0.5926034227826101
TT,TCGA-LUSC,95.44726071003797,0.005412730316127601,0.5166302816365573
TT,TCGA-LUSC,94.18075542023035,0.006343389666641443,0.5974252307291743
TT,TCGA-LUSC,104.77310872172646,0.005085983432318645,0.5328742951112209
TT,TCGA-LUSC,178.07737519645934,0.0028401783731101062,0.5057715097731978
TT,TCGA-LUSC,35.63168187573819,0.007917244658101591,0.28210474298986343
TT,TCGA-LUSC,123.1743055394844,0.003364064360243228,0.41436629136308945
TT,TCGA-LUSC,76.03363915002555,0.00719738447270654,0.5472433338217659
TT,TCGA-LUSC,110.16745610423992,0.0035622085936693926,0.39243945887721904
TT,TCGA-LUSC,114.98587014535728,0.005722417266385248,0.6579971287101245
TT,TCGA-LUSC,159.2192105343239,0.003606201512235987,0.5741765578058988
TT,TCGA-LUSC,99.93849864419592,0.006567732595479147,0.6563693350887341
TT,TCGA-LUSC,146.6392903769168,0.003596868954443895,0.5274423110584154
TT,TCGA-LUSC,94.69923750153244,0.006752284566026152,0.6394361997960425
TT,TCGA-LUSC,83.67302597784126,0.006858138892168773,0.5738412336840812
TT,TCGA-LUSC,198.0102062995667,0.0027648425555424415,0.5474670448087801
TT,TCGA-LUSC,64.76473634368578,0.007998362663655369,0.5180118490928203
TT,TCGA-LUSC,120.88737339080205,0.0042664037797557584,0.5157543467592636
TT,TCGA-LUSC,25.751000403442685,0.014553928051749224,0.37477820713227006
TT,TCGA-LUSC,97.5146746823033,0.005671019048842495,0.553007577665021
TT,TCGA-LUSC,154.33066466831963,0.003632249995647918,0.5605675560698442
TT,TCGA-LUSC,66.25717519056195,0.0069629462190656955,0.4613451474790968
TT,TCGA-LUSC,53.787240078634994,0.007744699598286734,0.41656601662995657
TT,TCGA-LUSC,70.31561240660585,0.004990492316186698,0.3509095234231286
TT,TCGA-LUSC,40.73212834088537,0.014657469419192382,0.5970299255351466
TT,TCGA-LUSC,66.89924921330018,0.006170772442790876,0.41282004348883194
TT,TCGA-LUSC,123.87097307102276,0.004750486424072618,0.5884473759105585
TT,TCGA-LUSC,94.55197445105125,0.005851403027853287,0.553261709592388
TT,TCGA-LUSC,108.90404105005459,0.00498930272156317,0.5433552284002645
TT,TCGA-LUSC,23.067779573441193,0.018479706978541406,0.42628580716277614
TT,TCGA-LUSC,43.90272826691534,0.005893439849374076,0.2587380882644805
TT,TCGA-LUSC,31.228929877426104,0.005487412101422144,0.17136600772385155
TT,TCGA-LUSC,132.22643753768565,0.004982751838258189,0.6588515247072348
TT,TCGA-LUSC,118.44031053792895,0.004181350372007253,0.49524043652842376
TT,TCGA-LUSC,103.27899271810367,0.004884094454866365,0.5044243556386738
TT,TCGA-LUSC,183.71500225838912,0.002843433437706612,0.5223813804298494
TT,TCGA-LUSC,85.68028367216988,0.004391789752371106,0.37628979181168504
TT,TCGA-LUSC,150.41375112834217,0.002799032970543557,0.42101304863136285
TT,TCGA-LUSC,168.3211571759225,0.003336298187065401,0.5615695715307807
TT,TCGA-LUSC,41.33750629870842,0.009416952008734224,0.3892733129756859
TT,TCGA-LUSC,83.19273705064582,0.0049491811757635135,0.41173592817130006
TT,TCGA-LUSC,19.022184422227685,0.030967400627276476,0.5890676058090625
TT,TCGA-LUSC,226.01589190049216,0.002271126305653676,0.5133106375909854
TT,TCGA-LUSC,113.19783045260456,0.004871799387826106,0.5514771211022422
TT,TCGA-LUSC,61.74386782900046,0.010376736553634526,0.6406998502639679
TT,TCGA-LUSC,127.34584791694915,0.0038428260373831904,0.48936794012789214
TT,TCGA-LUSC,91.86691984603921,0.006978644690878144,0.6411065924508895
TT,TCGA-LUSC,93.1123053488151,0.007327367418958947,0.6822680725170647
TT,TCGA-LUSC,117.42299714783154,0.0044763050547456055,0.5256211556762171
TT,TCGA-LUSC,82.54023726416779,0.008132139690076874,0.6712287394843011
TT,TCGA-LUSC,100.49224712578807,0.00329172079366668,0.3307924194662472
TT,TCGA-LUSC,96.17999313819982,0.0069284761526195,0.6663807888171246
TT,TCGA-LUSC,61.348414526419404,0.006275868584652582,0.38501458744459965
TT,TCGA-LUSC,110.16427611500265,0.005480804968044768,0.6037889118321621
TT,TCGA-LUSC,117.5033084782439,0.004579507544894687,0.5381072877262058
TT,TCGA-LUSC,114.4838750617267,0.003222350724778082,0.3689071977805584
TT,TCGA-LUSC,135.5826551311208,0.00267567965592593,0.3627757520307613
TT,TCGA-LUSC,103.16932579912789,0.006472632361776313,0.667777116910079
TT,TCGA-LUSC,86.15837635206857,0.005005889973861634,0.4312993523450174
TT,TCGA-LUSC,90.64709107686356,0.006448669530921195,0.5845531342940086
TT,TCGA-LUSC,131.93476660868643,0.003845821910382522,0.5073976161648907
TT,TCGA-LUSC,140.43457162547867,0.003985501229357732,0.5597021578576717
TT,TCGA-LUSC,81.99971125843811,0.004815713028210948,0.39488707781679633
TT,TCGA-LUSC,11.814207911484289,0.03666673507842992,0.43318843165188525
TT,TCGA-LUSC,109.2170698664744,0.00472386708777779,0.5159269217657658
TT,TCGA-LUSC,81.28226655916741,0.006069827994752355,0.4933693770377575
TT,TCGA-LUSC,59.06464836276141,0.008715777802026762,0.5147943510846722
TT,TCGA-LUSC,138.61351319380574,0.002968082851988788,0.4114163915644564
TT,TCGA-LUSC,106.28267438477785,0.004570357191048282,0.48574978515831246
TT,TCGA-LUSC,164.87531763060852,0.002841224688272373,0.46844782293883414
TT,TCGA-LUSC,49.72481430650468,0.0106911180784948,0.5316138611820691
TT,TCGA-LUSC,110.90818062267282,0.004770784418942107,0.5291190200478644
TT,TCGA-LUSC,95.23468937732811,0.003962236061800469,0.3773423205852155
TT,TCGA-LUSC,91.23627766151932,0.005427823473192957,0.4952144094979448
TT,TCGA-LUSC,53.81881345905423,0.009249445498601398,0.4977941818889175
TT,TCGA-LUSC,88.3793822465979,0.005071768361097854,0.4482397546516686
TT,TCGA-LUSC,195.0890968402163,0.002359305604971448,0.4602747996439399
TT,TCGA-LUSC,65.99898990361025,0.010235611792604835,0.6755400393574005
TT,TCGA-LUSC,76.29975918085434,0.0091249488464645,0.696231399522856
TT,TCGA-LUSC,109.28187748634066,0.004410805765893231,0.48202113532438906
TT,TCGA-LUSC,101.81398742788116,0.004345161695175053,0.4423982382046636
TT,TCGA-LUSC,106.83329106340362,0.006266764216124253,0.6694990455269247
TT,TCGA-LUSC,115.27254583760435,0.004576122872583632,0.5275013335884065
TT,TCGA-LUSC,99.40402398695774,0.00618813710841193,0.6151257295591628
TT,TCGA-LUSC,91.4186742956383,0.0051451100495599434,0.4703591398359359
TT,TCGA-LUSC,127.23466984127924,0.004950219284039604,0.6298395162467127
TT,TCGA-LUSC,87.48035509177188,0.0059341667630247695,0.5191230156031974
TT,TCGA-LUSC,100.69578989976921,0.00559430178702113,0.5633226373817831
TT,TCGA-LUSC,29.152045405198123,0.021662307099439622,0.6315005601442095
TT,TCGA-LUSC,131.56108223272105,0.003917517192100744,0.5153928014580644
TT,TCGA-LUSC,100.9595049123636,0.004590396575295128,0.4634441655932055
TT,TCGA-LUSC,119.30414534474882,0.004923272473102343,0.5873668147028029
TT,TCGA-LUSC,159.19348625532584,0.0034198931559845753,0.5444247141219134
TT,TCGA-LUSC,64.80088408008616,0.005710054963079532,0.3700166097534374
TT,TCGA-LUSC,155.26557786815215,0.0027768741993777473,0.4311529772335483
TT,TCGA-LUSC,114.24014298341788,0.004958055419427657,0.5664089600351254
TT,TCGA-LUSC,120.87221270422778,0.0038236334899019783,0.4621710404944407
TT,TCGA-LUSC,108.72414750641084,0.004698362989716897,0.5108255107326414
TT,TCGA-LUSC,152.2453857905451,0.0025038974668739637,0.38120683582419523
TT,TCGA-LUSC,72.40444094815416,0.007627083750085187,0.5522347349896691
TT,TCGA-LUSC,64.2585078411935,0.005396904147306153,0.34679700746784214
TT,TCGA-LUSC,83.65317781311626,0.004553528231327592,0.3809171068122918
TT,TCGA-LUSC,129.24824275137775,0.003463528659580611,0.4476549929698288
TT,TCGA-LUSC,100.40355964726835,0.005658660195556719,0.5681496264682022
TT,TCGA-LUSC,45.26328158203307,0.00939410456067953,0.42520799994109865
TT,TCGA-LUSC,107.69839537371509,0.004902857883789318,0.528029926829478
TT,TCGA-LUSC,114.42351481016887,0.005378275333218168,0.615401167243655
TT,TCGA-LUSC,116.88112360462405,0.004841236276397211,0.5658491356207723
TT,TCGA-LUSC,123.26480287691203,0.0032971941970857963,0.4064279927506789
TT,TCGA-LUSC,85.29418058619477,0.0038683990756738706,0.32995192933999606
TT,TCGA-LUSC,74.86818744759147,0.007961914753027642,0.5960941261714174
TT,TCGA-LUSC,110.73338367499697,0.005350141525254875,0.5924392742315816
TT,TCGA-LUSC,71.93678682740305,0.005084750741347283,0.3657806301507791
TT,TCGA-LUSC,152.31136723104373,0.003194565688492923,0.48656866772373764
TT,TCGA-LUSC,132.98385707307725,0.0036167125310146014,0.4809643822988532
TT,TCGA-LUSC,104.02527173973908,0.004651903675801593,0.48391554398235187
TT,TCGA-LUSC,105.71649479815514,0.005899715955825953,0.6236972911546672
TT,TCGA-LUSC,149.05978035301166,0.004623575912221603,0.6891892099212278
TT,TCGA-LUSC,11.87878522084508,0.045470489382822145,0.5401341772652608
TT,TCGA-LUSC,107.15538430308787,0.005881043492433031,0.6301854755348355
TT,TCGA-LUSC,92.57875344587815,0.00761274915703678,0.7047788272546247
TT,TCGA-LUSC,103.01494878150548,0.006839092071945932,0.7045287195035104
TT,TCGA-LUSC,75.51616831290859,0.007788065196964588,0.5881248422458835
TT,TCGA-LUSC,114.83330550100409,0.004791444623408884,0.5502174242310559
TT,TCGA-LUSC,87.51114209928735,0.0059524012279147005,0.5209014296880159
TT,TCGA-LUSC,85.34437057762278,0.005711884629325337,0.48747719850176907
TT,TCGA-LUSC,135.1137706744399,0.004703916947479419,0.6355639557133457
TT,TCGA-LUSC,30.978957270087367,0.01781860082207906,0.5520016734799309
TT,TCGA-LUSC,117.92921191595401,0.004191297295369481,0.4942763869483924
TT,TCGA-LUSC,148.10813371411083,0.0028178838569227534,0.41735151907194956
TT,TCGA-LUSC,182.92468761138971,0.0028195452021040016,0.5157644253010671
TT,TCGA-LUSC,74.95225245225546,0.007285183575289766,0.5460409184961436
TT,TCGA-LUSC,146.29518693719174,0.0037285671586063975,0.5454714294761968
TT,TCGA-LUSC,89.24883824781864,0.007217745487777047,0.6441753995525366
TT,TCGA-LUSC,132.66673364962259,0.0037150099146309725,0.4928582308500544
TT,TCGA-LUSC,118.00717201757328,0.00556662627210996,0.6569018240504227
TT,TCGA-LUSC,200.88346476241344,0.0023320276259358643,0.4684657894196619
TT,TCGA-LUSC,57.898137268194056,0.00850657123091535,0.49251462880920743
TT,TCGA-LUSC,118.30218962376178,0.003351370909103128,0.39647451678827716
TT,TCGA-LUSC,69.43089765216398,0.007831227852223595,0.5437291794985124
TT,TCGA-LUSC,106.1666628483722,0.005037672515154294,0.5348328794568972
TT,TCGA-LUSC,88.62379014992582,0.00797360065005047,0.7066507107493849
TT,TCGA-LUSC,16.193188136275456,0.013006160022062462,0.21061119616776197
TT,TCGA-LUSC,109.54505590831795,0.005976535691181043,0.654699936428485
TT,TCGA-LUSC,149.77316952822534,0.0038747049387140584,0.5803268396578727
TT,TCGA-LUSC,104.75599071473572,0.005282767262589947,0.5534015183079823
TT,TCGA-LUSC,67.98310563461027,0.004490971997466557,0.30531022370584565
TT,TCGA-LUSC,116.12099730592854,0.004631127651371655,0.5377711615283391
TT,TCGA-LUSC,87.67213832254122,0.005320224199903929,0.4664354319609084
TT,TCGA-LUSC,104.76320283721515,0.005285931153626858,0.5537710776309652
TT,TCGA-LUSC,48.03318295023107,0.013850727537123464,0.6652945297844548
TT,TCGA-LUSC,86.40174663420414,0.005322633043041909,0.45988479161175
TT,TCGA-LUSC,74.30124273941504,0.007661475651492829,0.5692571621236867
TT,TCGA-LUSC,134.17590863369932,0.0037950058428597054,0.5091983572358989
TT,TCGA-LUSC,113.54771690832438,0.005177588621055585,0.5879033670113811
TT,TCGA-LUSC,61.91625377025842,0.007877525709673516,0.48774688092188045
TT,TCGA-LUSC,83.07085288326489,0.007201246029668245,0.5982136495067661
TT,TCGA-LUSC,142.31133804014138,0.004302082488588077,0.6122351153100305
TT,TCGA-LUSC,93.63816039129806,0.006858720960072221,0.6422380133384005
TT,TCGA-LUSC,72.83196496050962,0.003178784850332058,0.23151714683638328
TT,TCGA-LUSC,117.02686069431091,0.005627292677543198,0.6585443962609636
TT,TCGA-LUSC,151.66044853059492,0.0037769633612748954,0.572815957454574
TT,TCGA-LUSC,72.31877329667252,0.004725544608495402,0.34174558924509213
TT,TCGA-LUSC,21.682068647542764,0.004449023314552643,0.09646402892064866
TT,TCGA-LUSC,55.21097295779646,0.007834137680372284,0.43253036361868846
TT,TCGA-LUSC,110.47835254677918,0.004709899760061739,0.5203419661520915
TT,TCGA-LUSC,115.23626798393929,0.004436332633336512,0.5112264162010614
TT,TCGA-LUSC,17.90063055168491,0.015641041621863173,0.2799845075164992
TT,TCGA-LUSC,34.1464050303053,0.015458387715048373,0.5278483680335375
TT,TCGA-LUSC,101.83850935900998,0.005506384859270116,0.5607620260250905
TT,TCGA-LUSC,110.05450426997918,0.004790001374224625,0.5271612266928101
TT,TCGA-LUSC,160.65229523552017,0.0034315461591290595,0.5512857666707169
TT,TCGA-LUSC,24.555178264446614,0.008475779544232964,0.2081242776387905
TT,TCGA-LUSC,95.00081457091258,0.004597486497053325,0.43676496219883737
TT,TCGA-LUSC,200.8572665397509,0.0030484779949372766,0.6123089571696819
TT,TCGA-LUSC,91.81972418834798,0.0059945924209983525,0.5504218227176298
TT,TCGA-LUSC,67.85625469272112,0.007240321614987968,0.49130110756383744
TT,TCGA-LUSC,81.44038857023229,0.0075765824025307935,0.617039814896492
TT,TCGA-LUSC,105.0644590093789,0.0034576286493951448,0.3632738835040303
TT,TCGA-LUSC,66.09423523661573,0.00635252856413776,0.41986551726544186
TT,TCGA-LUSC,101.49814125446576,0.005666639624161621,0.575153389011309
TT,TCGA-LUSC,129.23696392526753,0.005116034292532557,0.6611807393044618
TT,TCGA-LUSC,114.87174207739731,0.005527085596635252,0.6349059510963823
TT,TCGA-LUSC,30.84496578184998,0.019534654121093682,0.6025457379254093
TT,TCGA-LUSC,58.40223157161164,0.011651678419444223,0.6804840212503314
TT,TCGA-LUSC,113.14015088975486,0.004675753007101913,0.5290154007467355
TT,TCGA-LUSC,94.49560742525685,0.004031275804666489,0.38093785586070095
TT,TCGA-LUSC,100.13200673453913,0.006147636861671441,0.6155752156343858
TT,TCGA-LUSC,154.15750477929146,0.003203610127770368,0.493860543582747
TT,TCGA-LUSC,73.67903195937173,0.006593116884732852,0.48577446966210514
TT,TCGA-LUSC,139.4254254372895,0.0029476377232943067,0.41097564360531214
TT,TCGA-LUSC,104.12495928050247,0.005056667446233638,0.5265252919341199
TT,TCGA-LUSC,142.81010694152798,0.004046962631699279,0.5779471662213416
TT,TCGA-LUSC,82.9649694880149,0.006618897263902685,0.5491366095439916
TT,TCGA-LUSC,141.28821534894425,0.003864496474486925,0.5460078101025445
TT,TCGA-LUSC,85.72509776930802,0.007181320679354201,0.6156194173503924
TT,TCGA-LUSC,105.2269876494904,0.004807824526204579,0.5059128920398462
TT,TCGA-LUSC,31.022188122060474,0.01525459933350067,0.4732310502505161
TT,TCGA-LUSC,50.082779363999386,0.008612726793220362,0.4313492957072613
TT,TCGA-LUSC,144.31588227430834,0.0034898187480203735,0.5036362715979823
TT,TCGA-LUSC,83.95262908426176,0.0072134113163763065,0.6055848446759564
TT,TCGA-LUSC,129.5380365953264,0.004441008281303694,0.5752794932636655
TT,TCGA-LUSC,36.70100604279075,0.009293180266097944,0.34106906510280444
TT,TCGA-LUSC,103.79961365545562,0.005618175883178425,0.5831644861223186
TT,TCGA-LUSC,86.26321271485862,0.005917710711229235,0.5104807378677648
TT,TCGA-LUSC,43.804292967529406,0.014262219710013655,0.6247464505447105
TT,TCGA-LUSC,149.24293498602705,0.004834909256510573,0.7215760478327479
TT,TCGA-LUSC,123.96941159949644,0.004372101491063116,0.5420068493003756
TT,TCGA-LUSC,110.76964683341173,0.004579919475547933,0.5073160628319088
TT,TCGA-LUSC,104.09761653320749,0.005953411188884075,0.6197359150049613
TT,TCGA-LUSC,81.53248218746646,0.005934038717396107,0.4838169060258344
TT,TCGA-LUSC,81.15422767797727,0.006888231065521067,0.5590090721898127
TT,TCGA-LUSC,136.55238297315674,0.0036992315199746986,0.5051388792219578
TT,TCGA-LUSC,99.12837682284821,0.0058113402546659445,0.5760687266103124
TT,TCGA-LUSC,36.292350999036096,0.014693548430795449,0.5332634170717645
TT,TCGA-LUSC,115.99951006631125,0.0031049044201148165,0.36016739153604294
TT,TCGA-LUSC,108.10666127627306,0.004973415229306776,0.5376593155809255
TT,TCGA-LUSC,115.43786721983749,0.004744654503051669,0.5477127965272826
TT,TCGA-LUSC,71.94065961926495,0.006411924968727695,0.46127811167950517
TT,TCGA-LUSC,45.03028203760097,0.007515654664723526,0.33843204924971176
TT,TCGA-LUSC,107.68393281164262,0.0031351966963419175,0.337610310400167
TT,TCGA-LUSC,82.39303092480307,0.007405880791877074,0.6101929651105329
TT,TCGA-LUSC,124.63349741662387,0.003791283038313439,0.47252086476132793
TT,TCGA-LUSC,127.61298595708054,0.003640444278748392,0.4645679646214527
TT,TCGA-LUSC,99.45338139340751,0.0050724839827189765,0.5044756841453011
TT,TCGA-LUSC,111.83336871740946,0.005363151888583032,0.5997793426433771
TT,TCGA-LUSC,114.90008853413528,0.0034152206861795317,0.3924091592056384
TT,TCGA-LUSC,123.26566865631071,0.0037211201880981305,0.4586863681364127
TT,TCGA-LUSC,52.10070083661188,0.004933222087128272,0.2570243281220361
TT,TCGA-LUSC,132.87718317301818,0.0043284956026952825,0.5751583030629448
TT,TCGA-LUSC,92.10193816410307,0.005237377551561144,0.482372623395946
TT,TCGA-LUSC,75.26950063462306,0.004353376131493575,0.3276764474922085
TT,TCGA-LUSC,80.8863583310006,0.005518376159872923,0.44636135147273226
TT,TCGA-LUSC,40.0509638538443,0.011275438065074035,0.45159216238054034
TT,TCGA-LUSC,108.56816498427388,0.004229850402918926,0.45922709640289927
TT,TCGA-LUSC,81.96019370844547,0.005828016862466381,0.4776653909838312
TT,TCGA-LUSC,86.4608838502311,0.00549939315810455,0.47548239308963314
TT,TCGA-LUSC,106.50021334263258,0.004974328355871013,0.5297670311365696
TT,TCGA-LUSC,42.73321885741022,0.012491927127168848,0.5338202558761261
TT,TCGA-LUSC,91.79974742911814,0.006376378567311365,0.5853499419916255
TT,TCGA-LUSC,27.9339428510273,0.016509698039024343,0.46118096150982346
TT,TCGA-LUSC,62.066706679013144,0.0072362606220717236,0.44913086548301884
TT,TCGA-LUSC,123.71225367078827,0.004883637888724975,0.604165849326217
TT,TCGA-LUSC,113.31991040366276,0.005099668051766049,0.5778939267145501
TT,TCGA-LUSC,96.82584653533713,0.005292389832014255,0.5124401256797909
TT,TCGA-LUSC,90.57146303761895,0.006161431314371733,0.5580498485484474
TT,TCGA-LUSC,110.8804942468989,0.004906428078766362,0.5440271703604769
TT,TCGA-LUSC,109.51276384121685,0.004115613992571739,0.4507122632301165
TT,TCGA-LUSC,90.88544343278602,0.0039701381217274526,0.3608277636826077
TT,TCGA-LUSC,100.83761175887982,0.003904846835782622,0.3937554292045384
TT,TCGA-LUSC,89.17440696824518,0.0036574964330412267,0.32615507540492344
TT,TCGA-LUSC,49.16579985888535,0.006216075561110993,0.30561832694529156
TT,TCGA-LUSC,90.75853211893805,0.007720572543890827,0.7007078312013069
TT,TCGA-LUSC,111.47638487899606,0.004869852484491815,0.5428735498651447
TT,TCGA-LUSC,76.46546436871031,0.0073784618059991244,0.564197508322516
TT,TCGA-LUSC,130.5298793896123,0.005231910638912672,0.6829206646745005
TT,TCGA-LUSC,36.53331605932196,0.01314499754404993,0.48023034987578705
TT,TCGA-LUSC,84.47245957897749,0.006887780163728024,0.5818277314693985
TT,TCGA-LUSC,135.84744837779044,0.004384418878349701,0.5956121172432209
TT,TCGA-LUSC,55.350527169660445,0.0072883216537889105,0.40341244571926765
TT,TCGA-LUSC,138.56367947977446,0.0032517606405922444,0.45057591914796985
TT,TCGA-LUSC,85.5300857148978,0.007569519396500723,0.6474216428032883
TT,TCGA-LUSC,59.41150746160194,0.010875982373627784,0.6461585079430383
TT,TCGA-LUSC,87.17724996110819,0.006444243341491368,0.5617914125914001
TT,TCGA-LUSC,174.3083102818143,0.0030140436100884165,0.5253728487902114
TT,TCGA-LUSC,196.1894128034257,0.002831779620191445,0.5555651808740675
TT,TCGA-LUSC,89.63804353283268,0.006693676696063765,0.6000080830764714
TT,TCGA-LUSC,148.04009586079655,0.004342143903832807,0.6428113997647821
TT,TCGA-LUSC,75.46528749666375,0.008079355941569145,0.609710918918394
TT,TCGA-LUSC,114.0320428168777,0.005001034676601899,0.5702782003709579
TT,TCGA-LUSC,64.69264082550545,0.008432875756369909,0.5455450024329511
TT,TCGA-LUSC,73.43320994436543,0.007895463723491309,0.5797892452152584
TT,TCGA-LUSC,58.499783537994006,0.007895954423687094,0.4619116246115612
TT,TCGA-LUSC,70.33206805461205,0.007449614030810784,0.5239467609955768
TT,TCGA-LUSC,103.41359457383192,0.0057876575979747946,0.5985224763691233
TT,TCGA-LUSC,66.96873189873506,0.004502355324773402,0.30151702665759217
TT,TCGA-LUSC,119.71421795925303,0.003945413270346535,0.4723220641855944
TT,TCGA-LUSC,67.80038061413987,0.00976489810212167,0.6620638079821413
TT,TCGA-LUSC,117.60957509833952,0.0049267098584548814,0.579428253085679
TT,TCGA-LUSC,120.62261730071309,0.0034270646204832543,0.4133815041813651
TT,TCGA-LUSC,56.04152090664488,0.011141657890199483,0.6243954535882992
TT,TCGA-LUSC,111.08174272976521,0.004710350598550024,0.5232339533551293
TT,TCGA-LUSC,88.14656316612958,0.006595354819772163,0.5813578602240841
TT,TCGA-LUSC,160.96526619352846,0.002341962872911167,0.37697467725350664
TT,TCGA-LUSC,143.05588792627353,0.003856007054549005,0.5516245130384826
TT,TCGA-LUSC,129.32240745575956,0.003178052659763896,0.41099342098184694
TT,TCGA-LUSC,110.10856061471904,0.004177486585944874,0.4599770349656868
TT,TCGA-LUSC,104.23796285804167,0.0036781770778982464,0.38340568563125765
TT,TCGA-LUSC,56.64219098222769,0.010797697777837994,0.6116052597006751
TT,TCGA-LUSC,42.202566279384726,0.00556991548132205,0.2350647272710649
TT,TCGA-LUSC,159.51305921875615,0.0034465186544682704,0.549764734228745
TT,TCGA-LUSC,108.24123031889202,0.0047911941689529666,0.5186047515441705
TT,TCGA-LUSC,132.3635917388841,0.004637135042081495,0.6137878495481482
TT,TCGA-LUSC,79.54977673841543,0.007413053426653053,0.5897067450401958
TT,TCGA-LUSC,167.5453208888126,0.0031747194545188318,0.5319093897393138
TT,TCGA-LUSC,19.355451821408426,0.02786008861263805,0.5392446028820853
TT,TCGA-LUSC,107.2438089052308,0.004756135924427092,0.5100661322065623
TT,TCGA-LUSC,74.57007812413255,0.007265154416567837,0.5417631324273502
TT,TCGA-LUSC,18.602390650495753,0.025362205801494883,0.47179766007767754
TT,TCGA-LUSC,57.86544865485582,0.004087058699329056,0.2364994853154073
TT,TCGA-LUSC,51.18154207466134,0.012194116785763851,0.6241137013339066
TT,TCGA-LUSC,112.28974803195398,0.0043045802744317765,0.4833602343992635
TT,TCGA-LUSC,191.65317195414673,0.0023563590454543674,0.45160368532417494
TT,TCGA-LUSC,80.73436593093314,0.005306514120389026,0.4284180528131514
TT,TCGA-LUSC,118.40814304709667,0.005334392984460243,0.6316355675733973
TT,TCGA-LUSC,160.5359441217692,0.0028084117258251867,0.4508510278879936
TT,TCGA-LUSC,102.07888201168562,0.00453965994101603,0.4634034114921511
TT,TCGA-LUSC,61.84036094412491,0.006256548236832785,0.3869072012300677
TT,TCGA-LUSC,148.21343761708127,0.004419088833353484,0.654968347126577
TT,TCGA-LUSC,169.28625774883076,0.0024667487679254627,0.4175866677286406
TT,TCGA-LUSC,116.32026305536583,0.003626271662389012,0.42180887367930864
TT,TCGA-LUSC,137.6777957347766,0.0038489611078048828,0.5299164811914601
TT,TCGA-LUSC,83.85863462928663,0.005756754766451587,0.4827535946102679
TT,TCGA-LUSC,119.6747102145494,0.005007668668631201,0.5992912967689173
TT,TCGA-LUSC,56.39598886229199,0.008873731999562873,0.5004428910143118
TT,TCGA-LUSC,177.43940432364082,0.003402188756568148,0.6036823463620404
TT,TCGA-LUSC,118.34866612681593,0.003681079185205862,0.43565081147630014
TT,TCGA-LUSC,119.95974960270645,0.004353332161800125,0.5222246360669518
TT,TCGA-LUSC,96.60006629478966,0.00678014317827359,0.6549622805093946
TT,TCGA-LUSC,125.09846170326072,0.00376309372955661,0.47075723681271814
TT,TCGA-LUSC,126.65799172940274,0.004620387596242649,0.5852090139515365
TT,TCGA-LUSC,90.08573336068984,0.0038161800166006477,0.34378337543187887
TT,TCGA-LUSC,138.90954800424274,0.004151877595358825,0.5767354401402366
TT,TCGA-LUSC,103.85966322477574,0.004820376532817927,0.5006426833150821
TT,TCGA-LUSC,127.12110650030044,0.003398730293205365,0.4320503555683565
TT,TCGA-LUSC,85.84286425578404,0.006299947289966164,0.5408055200311599
TT,TCGA-LUSC,126.06303337604214,0.005019080874119369,0.6327205597511648
TT,TCGA-LUSC,34.1742268833929,0.017750518794823412,0.6066102565922251
TT,TCGA-LUSC,93.9929695325723,0.005594552715936257,0.5258486229773662
TT,TCGA-LUSC,105.88982606977265,0.004699924726351815,0.4976742118144175
TT,TCGA-LUSC,67.65672153386294,0.008738277472537793,0.5912032056451171
TT,TCGA-LUSC,141.11223545784958,0.00351945027165572,0.49663749541607466
TT,TCGA-LUSC,50.80420637732253,0.004994909567638884,0.2537624165103887
TT,TCGA-LUSC,155.015209457828,0.0031965681160553493,0.4955166760565346
TT,TCGA-LUSC,82.71715701479224,0.008446578714825986,0.6986769777920632
TT,TCGA-LUSC,68.26679592288687,0.005908266010503001,0.40333838999713734
TT,TCGA-LUSC,98.60341875929194,0.006234882855339017,0.6147807651001229
TT,TCGA-LUSC,68.70131204907364,0.005707146102521628,0.3920884252989928
TT,TCGA-LUSC,96.67793791853101,0.004776232919237246,0.46175634965046264
TT,TCGA-LUSC,108.99981580426913,0.004000704508308591,0.43607605449294556
TT,TCGA-LUSC,94.05730168486544,0.005794249218650405,0.544991446795897
TT,TCGA-LUSC,120.41019287693513,0.004540242657802139,0.5466914941340442
TT,TCGA-LUSC,98.09781178013237,0.0061929896364000475,0.6075187317078823
TT,TCGA-LUSC,137.73443049345755,0.002813515605817574,0.3875179696517388
TT,TCGA-LUSC,117.26708514242297,0.003515670020847959,0.41227237566744157
TT,TCGA-LUSC,69.88654035709249,0.007328161200928204,0.5121398335119483
TT,TCGA-LUSC,41.137839172707515,0.009925267127086981,0.408304042820265
TT,TCGA-LUSC,90.18629457780366,0.006897413080037088,0.6220521278610209
TT,TCGA-LUSC,105.50027598187296,0.0036856385718785066,0.3888358865026186
TT,TCGA-LUSC,116.36376924850362,0.0035759168206429773,0.4161071597691421
TT,TCGA-LUSC,126.33041703180153,0.004419977893023848,0.5583776504970461
TT,TCGA-LUSC,76.09053108557562,0.004707849038132162,0.3582227335821926
TT,TCGA-LUSC,83.43650452346988,0.00846490400856551,0.7062820016014145
TT,TCGA-LUSC,117.15859859482684,0.004678136619431304,0.5480839303677124
TT,TCGA-LUSC,91.75653951694721,0.004575140536186089,0.4197990634041459
TT,TCGA-LUSC,94.4728388077134,0.006398394531948592,0.6044744952449341
TT,TCGA-LUSC,152.6740859440234,0.0029728573751709084,0.45387828239616707
TT,TCGA-LUSC,140.24456726583327,0.003808249368449569,0.5340862847185927
TT,TCGA-LUSC,148.36922464368607,0.003089683635805512,0.4584139654387488
TT,TCGA-LUSC,68.15516401411813,0.008158947652213753,0.5560744154192324
TT,TCGA-LUSC,86.68319531729861,0.007510468336700158,0.6510313937545666
TT,TCGA-LUSC,105.94672279429493,0.0064244663659327825,0.6806511571727518
TT,TCGA-LUSC,143.45755412442432,0.002629232427327406,0.37718325324901286
TT,TCGA-LUSC,191.7494596632075,0.002808056968226016,0.5384434063608432
TT,TCGA-LUSC,169.75966203747475,0.0023071360491197504,0.39165863597304357
TT,TCGA-LUSC,143.74585320619917,0.0040658494687471165,0.5844490008930259
TT,TCGA-LUSC,54.915220206835905,0.009967389401768171,0.5473613838853815
TT,TCGA-LUSC,100.88714259598231,0.005657160405168084,0.5707347484845375
TT,TCGA-LUSC,57.058586183288234,0.006816266285160882,0.38892651728009414
TT,TCGA-LUSC,55.8866519053171,0.005936705820365704,0.3317826116470481
TT,TCGA-LUSC,93.20783251732806,0.006066366638642613,0.5654328856433071
TT,TCGA-LUSC,104.78491733097057,0.006083991970543705,0.6375105956757109
TT,TCGA-LUSC,135.37395428958632,0.004056311081562009,0.5491188709397179
TT,TCGA-LUSC,73.0719362988958,0.004196301982962583,0.306631911189972
TT,TCGA-LUSC,69.67113513832844,0.008661748177011028,0.6034738277747053
TT,TCGA-LUSC,49.156962685927105,0.007901328788925997,0.3884053244464768
TT,TCGA-LUSC,140.35331879703824,0.003261493768883592,0.45776147469867257
TT,TCGA-LUSC,72.24220947461914,0.0037086292370239905,0.2679195702047841
TT,TCGA-LUSC,76.19445470658125,0.006623837442774267,0.5046996820172209
TT,TCGA-LUSC,150.60829553350194,0.0035852593511877823,0.5399697999279409
TT,TCGA-LUSC,91.61664104562864,0.006314522126692803,0.5785153070558942
TT,TCGA-LUSC,48.33709459951619,0.009385933160980728,0.4536887391070615
TT,TCGA-LUSC,54.8094563582986,0.01242840483652051,0.6811941124905381
TT,TCGA-LUSC,45.300688187888134,0.012507596489494094,0.5666027285504962
TT,TCGA-LUSC,38.94519080192366,0.010713698047287378,0.4172470146458038
TT,TCGA-LUSC,83.73515440800077,0.007522560824763927,0.629902792205185
TT,TCGA-LUSC,59.57701493376152,0.010753311526023896,0.6406502013733155
TT,TCGA-LUSC,67.06200177893982,0.009192121463509294,0.6164420659380911
TT,TCGA-LUSC,73.12924032585629,0.006902125186086317,0.5047471714924519
TT,TCGA-LUSC,169.77408789100826,0.002912741528520951,0.4945080362669057
TT,TCGA-LUSC,69.23057451576588,0.007196304566531087,0.4982042995313767
TT,TCGA-LUSC,72.77949942078898,0.007540074323244334,0.5487628348412669
TT,TCGA-LUSC,65.02139577167085,0.008896609484998552,0.5784699663500916
TT,TCGA-LUSC,89.98082451929042,0.0066210543492450265,0.5957679295321013
TT,TCGA-LUSC,127.552507076789,0.004170826679934721,0.5319993996084339
TT,TCGA-LUSC,72.39621937491265,0.00810659417805453,0.5868867704978253
TT,TCGA-LUSC,68.90517745599507,0.008630905322979714,0.5947140628858096
TT,TCGA-LUSC,145.1237589512794,0.0031308792260103086,0.45436496210108823
TT,TCGA-LUSC,115.20065732736695,0.004601694371730747,0.5301182164430269
TT,TCGA-LUSC,55.24163571817825,0.007964682790186207,0.43998210530631
TT,TCGA-LUSC,94.11098324297465,0.005190348987556659,0.48846884659313516
TT,TCGA-LUSC,158.15820219905822,0.0035279027349583657,0.5579667540941557
TT,TCGA-LUSC,176.52842647088266,0.003025942612868691,0.5341648880409012
TT,TCGA-LUSC,66.62994755590717,0.004863239305901486,0.32403737990404236
TT,TCGA-LUSC,118.60908375882406,0.005370913256412329,0.6370391002911884
TT,TCGA-LUSC,107.383505687778,0.0061660364897787815,0.6621306144712065
TT,TCGA-LUSC,89.17354047280331,0.006618923080688554,0.5902328052221527
TT,TCGA-LUSC,136.191630408242,0.004102512971396818,0.5587279303454941
TT,TCGA-LUSC,83.39774120556305,0.005586267519835744,0.4658820929243039
TT,TCGA-LUSC,120.56431363729024,0.003989161885535029,0.4809505647175693
TT,TCGA-LUSC,43.29485672728107,0.011439241800840314,0.4952603348361061
TT,TCGA-LUSC,137.7970871818274,0.0037553532636670503,0.5174767410720886
TT,TCGA-LUSC,117.39598319780598,0.004341098528864336,0.5096275299545778
TT,TCGA-LUSC,7.816409841993459,0.04206278955738687,0.3287800022780584
TT,TCGA-LUSC,38.47199293865616,0.012119510201585748,0.46626171089537816
TT,TCGA-LUSC,96.83647645450934,0.005139583659945688,0.4976991720723115
TT,TCGA-LUSC,48.667978005602,0.010959028577338008,0.53335376176465
TT,TCGA-LUSC,129.59344622989443,0.004409586349148245,0.5714534914344196
TT,TCGA-LUSC,127.57515237261393,0.004631040069105554,0.5908056424598216
TT,TCGA-LUSC,111.77501224361953,0.004123705568194969,0.4609272403740746
TT,TCGA-LUSC,46.142511621059846,0.011615347467750968,0.5359613055133471
TT,TCGA-LUSC,54.321267464907805,0.01094273226294631,0.5944230860523824
TT,TCGA-LUSC,114.21796876709729,0.004774130641395162,0.5452915044889148
TT,TCGA-LUSC,76.19221776113214,0.0047578583123759725,0.36251177661316275
TT,TCGA-LUSC,194.53780788713973,0.0023745352368880505,0.4619368797349714
TT,TCGA-LUSC,80.59074806088836,0.006805599271216038,0.5484683362699372
TT,TCGA-LUSC,137.09183820205774,0.003934661278930231,0.5394099474310049
TT,TCGA-LUSC,124.89575985080944,0.003523584265333563,0.4400807342171915
TT,TCGA-LUSC,147.82109585077893,0.003694106307557479,0.5460668425724211
TT,TCGA-LUSC,108.62602555003771,0.004906406475532929,0.5329634351701105
TT,TCGA-LUSC,34.57798259836492,0.014164408981853687,0.48977668729066054
TT,TCGA-LUSC,163.02006410131725,0.003196830856579451,0.521147571160651
TT,TCGA-LUSC,37.839179262368475,0.014611099022871242,0.5528719951466418
TT,TCGA-LUSC,40.99707065587183,0.006628165008569184,0.2717353491750881
TT,TCGA-LUSC,77.37937000780849,0.007499029985099019,0.5802702159166275
TT,TCGA-LUSC,76.01725929505798,0.00507013458930437,0.3854177357359926
TT,TCGA-LUSC,24.30648861887811,0.021465263415738456,0.5217451809158674
TT,TCGA-LUSC,87.76740405432082,0.005715860136614062,0.5016662061281918
TT,TCGA-LUSC,77.4803939674298,0.005829830338051774,0.451697551355526
TT,TCGA-LUSC,58.51406735107929,0.007153101670515262,0.4185570729176478
TT,TCGA-LUSC,88.74464927599983,0.006751246869967852,0.5991370356509886
TT,TCGA-LUSC,95.5123311970994,0.004571016705301936,0.43658846146427255
TT,TCGA-LUSC,73.49569356677453,0.00536236331295178,0.39411061084241794
TT,TCGA-LUSC,88.80006666326136,0.005894659776848633,0.523446181141404
TT,TCGA-LUSC,78.81735924586494,0.008555079907868378,0.674288806475543
TT,TCGA-LUSC,56.11062517364359,0.009919840721315926,0.5566084644960042
TT,TCGA-LUSC,86.60930558038933,0.004589502928898786,0.3974936616310868
TT,TCGA-LUSC,127.40405992114665,0.004488575787533341,0.5718627785955058
TT,TCGA-LUSC,116.26734789764886,0.00397654433541163,0.4623422636757289
TT,TCGA-LUSC,111.92348302589444,0.00529625640953146,0.592775464352979
TT,TCGA-LUSC,73.40835447542479,0.005647096094410264,0.41454403185525557
TT,TCGA-LUSC,94.58341964230151,0.004583815683149412,0.4335529623222838
TT,TCGA-LUSC,45.75371909615089,0.010734408516610065,0.49113911193230664
TT,TCGA-LUSC,89.01937949675684,0.005296619444839997,0.47150177641011326
TT,TCGA-LUSC,90.64040717537002,0.00608624446960326,0.5516596768936834
TT,TCGA-LUSC,121.52570886422836,0.004131635967613963,0.5020999897332289
TT,TCGA-LUSC,140.7772569626948,0.00394926592875118,0.5559668244658204
TT,TCGA-LUSC,97.19763275287798,0.0064508720676943595,0.6270094941715549
TT,TCGA-LUSC,246.67431086248124,0.0026760971063508224,0.6601244095101693
TT,TCGA-LUSC,145.77230698672653,0.0029039061718843847,0.4233091019485804
TT,TCGA-LUSC,90.51671895883956,0.006760882085242337,0.6119728636237338
TT,TCGA-LUSC,147.5670922246912,0.0032640578014464807,0.4816675186127756
TT,TCGA-LUSC,153.76776148789256,0.004015251894345604,0.6174162956035436
TT,TCGA-LUSC,137.3153514416614,0.004551775230167638,0.6250286154139183
TT,TCGA-LUSC,117.2557360925791,0.004307503703934,0.5050795175262921
TT,TCGA-LUSC,55.534273404472685,0.008722458777103141,0.48439541048688833
TT,TCGA-LUSC,33.04519569108107,0.01857656133789115,0.6138661046779839
TT,TCGA-LUSC,155.83338656459745,0.0032604240041324345,0.5080829142004624
TT,TCGA-LUSC,118.24111423124185,0.004172703539695798,0.4933851158902781
TT,TCGA-LUSC,74.9571050566837,0.007977937934849251,0.5980031319181975
TT,TCGA-LUSC,73.80522443097551,0.00914826169415317,0.6751895074902711
TT,TCGA-LUSC,145.27469991577695,0.003039552796320652,0.4415701203636434
TT,TCGA-LUSC,120.74007986144356,0.003088037617337958,0.372849908532527
TT,TCGA-LUSC,77.15363143006175,0.008241631842937566,0.6358718255922655
TT,TCGA-LUSC,54.16181773070253,0.01120845326469439,0.6070702027654753
TT,TCGA-LUSC,98.87014029532214,0.005574724725865671,0.5511738157541402
TT,TCGA-LUSC,87.50572418170375,0.0044142087880728155,0.3862685366895526
TT,TCGA-LUSC,109.02505473722866,0.00508877779222253,0.5548042773426549
TT,TCGA-LUSC,119.80071763586741,0.004891203130449308,0.5859696451306283
TT,TCGA-LUSC,108.92644296375248,0.005116800600602562,0.5573548887784294
TT,TCGA-LUSC,189.33103616567843,0.0029112965908988913,0.5511988001404943
TT,TCGA-LUSC,142.41524494022786,0.0029830684768470854,0.42483442780365016
TT,TCGA-LUSC,128.61529510322453,0.00429221722311436,0.5520447847979963
TT,TCGA-LUSC,192.4534391865155,0.0031585489272537713,0.6078736038888675
TT,TCGA-LUSC,112.86777584491459,0.004455646331429534,0.5028988913800047
TT,TCGA-LUSC,45.20758404864441,0.011703958156314538,0.5291076720534067
TT,TCGA-LUSC,121.36502466900681,0.0049060336752165205,0.5954208980196312
TT,TCGA-LUSC,91.83029744047121,0.006543550708552676,0.6008962078831984
TT,TCGA-LUSC,105.8544463154375,0.004152583048016336,0.4395693793266411
TT,TCGA-LUSC,115.31279176608369,0.00571282401438849,0.6587616859674623
TT,TCGA-LUSC,106.52738217175516,0.0060469647830257885,0.6441673284205327
TT,TCGA-LUSC,75.53086421842696,0.007662920708152898,0.5787870235240686
TT,TCGA-LUSC,117.0552814312208,0.005026540847674753,0.5883831535500954
TT,TCGA-LUSC,97.01665825505472,0.005584313148794175,0.5417714003457731
TT,TCGA-LUSC,129.2952006924086,0.004621321033759511,0.5975146305239851
TT,TCGA-LUSC,18.999670359495916,0.013948586564776905,0.2650185467116547
TT,TCGA-LUSC,91.58545419726721,0.005808968352827325,0.5320170050112417
TT,TCGA-LUSC,87.65714650315101,0.0066807213976325655,0.5856129742990136
TT,TCGA-LUSC,112.01226210342098,0.004843060128345929,0.5424821204789119
TT,TCGA-LUSC,49.907408671938725,0.0074369174639114825,0.37115727913090846
TT,TCGA-LUSC,80.68651726721298,0.00577117310277972,0.46565585820951094
TT,TCGA-LUSC,123.71482463894023,0.004365389315928356,0.5400633737007798
TT,TCGA-LUSC,80.95605568978722,0.00510682242201609,0.4134282003945886
TT,TCGA-LUSC,141.834008278483,0.002942707352728671,0.4173759790280711
TT,TCGA-LUSC,49.37395276763584,0.011576330529490364,0.571569196785598
TT,TCGA-LUSC,103.37722982088066,0.005972456760462376,0.6174160351215915
TT,TCGA-LUSC,77.59671217010523,0.0057009064348850485,0.4423715957364759
TT,TCGA-LUSC,47.259312527557995,0.01102798411698733,0.5211749479336499
TT,TCGA-LUSC,24.193506597640614,0.027594165981585456,0.6675996367318779
TT,TCGA-LUSC,93.9416337950482,0.005766552188486695,0.5417193339508509
TT,TCGA-LUSC,71.89736813473391,0.008448636886067364,0.6074347564342772
TT,TCGA-LUSC,113.19366672026803,0.004584942460232342,0.5189864487751454
TT,TCGA-LUSC,43.53831903131466,0.008777226721678117,0.3821456972186019
TT,TCGA-LUSC,94.66044804166317,0.006455710041904616,0.6111004049937551
TT,TCGA-LUSC,83.533658902215,0.007291467908229714,0.609082993142508
TT,TCGA-LUSC,62.31138471388745,0.008926825314977502,0.5562428464752326
TT,TCGA-LUSC,36.84018263712431,0.015059599741451175,0.5547984049170512
TT,TCGA-LUSC,102.1861216609502,0.005217637959345871,0.5331701872965091
TT,TCGA-LUSC,81.63095871366602,0.004287439266833891,0.34998777777826784
TT,TCGA-LUSC,140.3405988480134,0.0038726300099007644,0.5434872147062614
TT,TCGA-LUSC,53.356365291814164,0.008545092044038138,0.4559350525538739
TT,TCGA-LUSC,97.28178359386774,0.005609152113624349,0.5456683220626898
TT,TCGA-LUSC,71.06693023134046,0.008903727095837203,0.6327605523187582
TT,TCGA-LUSC,96.46961718762077,0.005396375348863423,0.5205862641055679
TT,TCGA-LUSC,59.86733222861369,0.01127890797608484,0.6752381309802319
TT,TCGA-LUSC,82.55796500008695,0.007736053676152807,0.6386728486346175
TT,TCGA-LUSC,18.901701944478265,0.021541543708891123,0.40717183860941086
TT,TCGA-LUSC,44.048474127514865,0.0120786552294831,0.5320463323710585
TT,TCGA-LUSC,69.24663037914502,0.008350387798731644,0.5782362174212926
TT,TCGA-LUSC,101.9828435305211,0.005757228614266448,0.587138544938174
TT,TCGA-LUSC,126.1306319934071,0.0052937893397846155,0.6677089950669949
TT,TCGA-LUSC,81.53145064602383,0.007500451331651578,0.6115226775694543
TT,TCGA-LUSC,65.96204646259757,0.010066805588196273,0.6640270979385394
TT,TCGA-LUSC,134.92360139827517,0.003826125338193688,0.5162346100302859
TT,TCGA-LUSC,156.21723462203855,0.0031718346001466083,0.49549522991340256
TT,TCGA-LUSC,82.52713668276805,0.005930538179107273,0.4894303349095602
TT,TCGA-LUSC,135.2983048127284,0.003641202660886276,0.4926485474975091
TT,TCGA-LUSC,203.38514050990287,0.0031116452436235876,0.6328624050913543
TT,TCGA-LUSC,54.359629759497864,0.011316000581694963,0.6151336019792006
TT,TCGA-LUSC,136.74347702895008,0.004274913600095,0.5845665496753368
TT,TCGA-LUSC,87.3384397020815,0.006411305757686097,0.5599534413292752
TT,TCGA-LUSC,105.23599713765137,0.003986397735490363,0.41951254068160376
TT,TCGA-LUSC,98.77443000218153,0.006009367913499422,0.5935718903293044
TT,TCGA-LUSC,141.76222344383066,0.003585747667594917,0.5083235620667853
TT,TCGA-LUSC,138.0764438761394,0.00426768363749259,0.5892665802533641
TT,TCGA-LUSC,73.59334958372699,0.008699298902636923,0.6402105452750917
TT,TCGA-LUSC,117.55043537693415,0.004671889701315542,0.5491826684226568
TT,TCGA-LUSC,9.246122471806451,0.036436262160823366,0.33689414235382
TT,TCGA-LUSC,125.1134674932256,0.0028074516636471944,0.3512500124585254
TT,TCGA-LUSC,74.98254532550791,0.008481010806597198,0.6359277772117968
TT,TCGA-LUSC,150.77628793624223,0.002599425131347019,0.3919316720726824
TT,TCGA-LUSC,49.70081232612049,0.006164621861340432,0.3063867141919804
TT,TCGA-LUSC,135.37312862974156,0.0037509870730344725,0.5077828555263935
TT,TCGA-LUSC,141.58270406510968,0.003894983426471435,0.551462285808612
TT,TCGA-LUSC,43.26601612497761,0.014260658829000811,0.6170018948483534
TT,TCGA-LUSC,192.67655629769806,0.0026224935479690807,0.5052930257356145
TT,TCGA-LUSC,90.25650423879311,0.006453811521456203,0.5824984669426836
TT,TCGA-LUSC,123.95962132950311,0.0037380078541125222,0.46336203812249677
TT,TCGA-LUSC,84.41035340518366,0.0035723548136922215,0.30154373231246945
TT,TCGA-LUSC,47.40659686192903,0.014151890069744152,0.6708929473706977
TT,TCGA-LUSC,67.1424821561622,0.009661372593699626,0.6486885369765116
TT,TCGA-LUSC,82.37217178734235,0.004471705674176658,0.36834410797571326
TT,TCGA-LUSC,141.66688005749828,0.004137684216638824,0.586172813634376
TT,TCGA-LUSC,43.401425125359616,0.004751425118307281,0.2062186215109664
TT,TCGA-LUSC,193.7470827144811,0.0021233582519529113,0.4113944668735967
TT,TCGA-LUSC,161.04306965654447,0.002682780946970063,0.43204327891615024
NN,TCGA-LUSC,171.4811341466895,0.002238574030696602,0.38387321365517946
NN,TCGA-LUSC,256.63316944135465,0.001463026706468749,0.3754611806584215
NN,TCGA-LUSC,185.57439130890413,0.0015350022601788534,0.2848571100904828
NN,TCGA-LUSC,154.19614476623457,0.002086032590552233,0.3216581833198754
NN,TCGA-LUSC,210.31248132076558,0.0016729409153762912,0.3518403550158207
NN,TCGA-LUSC,158.18223554084523,0.001705066019509051,0.2697111547106721
NN,TCGA-LUSC,291.4128339426807,0.001022936780052971,0.29809690601943695
NN,TCGA-LUSC,244.7510618424865,0.0015238800511190977,0.37297126063198177
NN,TCGA-LUSC,188.99516500915166,0.0016862972399697338,0.31870202512255685
NN,TCGA-LUSC,98.81647106641385,0.0035621803641847386,0.3520020928908088
NN,TCGA-LUSC,211.65680068297863,0.0014159002618274017,0.2996849195045796
NN,TCGA-LUSC,221.34137918790844,0.0013613714765081653,0.3013278401973966
NN,TCGA-LUSC,135.8578540010868,0.0022962295926079656,0.311960824745508
NN,TCGA-LUSC,103.3797091942914,0.003735133927206925,0.38613705919638347
NN,TCGA-LUSC,167.31879669373345,0.002556196737615585,0.4276997622502868
NN,TCGA-LUSC,107.90228940442493,0.0022633774627633186,0.24422361001854062
NN,TCGA-LUSC,208.04975009390762,0.001433692171269146,0.29827929794413766
NN,TCGA-LUSC,171.2441388161304,0.001792742374638476,0.30699662406415046
NN,TCGA-LUSC,179.49231725786368,0.002183997545299454,0.3920107802912851
NN,TCGA-LUSC,176.12337751642463,0.0018631802803752819,0.3281496039016937
NN,TCGA-LUSC,213.49090684154976,0.0014049358310730018,0.29994102462996153
NN,TCGA-LUSC,232.27905196203844,0.001978329317034254,0.45952445822942345
NN,TCGA-LUSC,135.62460622415077,0.002774082391880635,0.37623383203216143
NN,TCGA-LUSC,143.93301991134345,0.0020399179480759004,0.29361155063791544
NN,TCGA-LUSC,100.72609959309591,0.0023492184562109893,0.23662761218624712
NN,TCGA-LUSC,198.63574514302,0.0020106265194175547,0.3993822968888227
NN,TCGA-LUSC,169.95008840434798,0.002197132479918135,0.3734028591981513
NN,TCGA-LUSC,126.07056399994718,0.0024783075348415663,0.312441628682795
NN,TCGA-LUSC,204.0228611938161,0.0022117816219391143,0.45125401484391736
NN,TCGA-LUSC,187.64025613545357,0.0021939078813795654,0.41166543679965195
NN,TCGA-LUSC,201.6465660301688,0.0018975955531613988,0.3826436270091147
NN,TCGA-LUSC,109.58107677650665,0.003091224761443171,0.33873973791714257
NN,TCGA-LUSC,141.39654402385122,0.0027277016327476493,0.3856875839987338
NN,TCGA-LUSC,164.6084266500054,0.0025126524036964536,0.41360375889082746
NN,TCGA-LUSC,157.11348998396198,0.002218275897608115,0.34852106802051686
NN,TCGA-LUSC,73.339266714337,0.0023284374417145157,0.1707658945655494
NN,TCGA-LUSC,157.93764024437573,0.0023578180695967193,0.3723882220376551
NN,TCGA-LUSC,143.30439188590918,0.0023733628245168354,0.34011331629200886
NN,TCGA-LUSC,132.74288677558658,0.0028446097829909526,0.37760171434429396
NN,TCGA-LUSC,86.1638048752034,0.0035055338334847477,0.3020501332118036
NN,TCGA-LUSC,164.28020234190097,0.002139471541816036,0.35147281779427725
NN,TCGA-LUSC,202.72757888271371,0.0016959095214687798,0.3438076312915073
NN,TCGA-LUSC,237.3363097484945,0.0013710313175743154,0.32539551346270423
NN,TCGA-LUSC,153.28162868563095,0.0021386264578144272,0.32781214660397723
NN,TCGA-LUSC,123.7704473027606,0.0028119782162389162,0.34803980162950954
NN,TCGA-LUSC,208.5067544165425,0.0018038132924729252,0.37610725518694715
NN,TCGA-LUSC,170.11158811588922,0.0020641239437762474,0.3511314021438099
NN,TCGA-LUSC,109.09937852372384,0.003316540858630272,0.36183254652510016
NN,TCGA-LUSC,52.09727931119298,0.007983520560870776,0.4159197005463368
NN,TCGA-LUSC,19.139773345344974,0.00903279766557099,0.17288569999338993
NN,TCGA-LUSC,70.55315998004656,0.005821401461503513,0.41071826862153415
NN,TCGA-LUSC,69.98856146981831,0.006407998224813282,0.448486577655831
NN,TCGA-LUSC,41.035547375199776,0.007187391036211,0.2949385253705227
NN,TCGA-LUSC,101.19534263966986,0.0066270879755545055,0.6706304383894742
NN,TCGA-LUSC,43.52922735415516,0.007275796817578147,0.31670981385499775
NN,TCGA-LUSC,65.28183207370162,0.007513759863694895,0.49051200966384934
NN,TCGA-LUSC,23.462458734389752,0.008073310131448519,0.18941970580904158
NN,TCGA-LUSC,367.26411083890423,0.0008565920846301208,0.3145955303133247
NN,TCGA-LUSC,440.528076603953,0.0008500896225902783,0.37448834638067563
NN,TCGA-LUSC,446.3470017992425,0.0005516888015058318,0.24624464247834543
NN,TCGA-LUSC,207.8115746756491,0.001378934760297733,0.28655860391246063
NN,TCGA-LUSC,480.6914216819484,0.0006982625796263216,0.3356488321078812
NN,TCGA-LUSC,352.97059994384904,0.0010267658874098253,0.3624181712809246
NN,TCGA-LUSC,244.5501417110302,0.0014402400746720552,0.3522109143589558
NN,TCGA-LUSC,172.82658198468866,0.0016800240463447226,0.29035281358184456
NN,TCGA-LUSC,50.31376659345585,0.005810712970084419,0.2923588561183941
NN,TCGA-LUSC,343.16580127401124,0.0010236930048185076,0.3512964302571434
NN,TCGA-LUSC,224.5269128297139,0.0015974938298898528,0.3586803578896848
NN,TCGA-LUSC,316.1241575546491,0.0009565091733382766,0.30237565661485655
NN,TCGA-LUSC,60.60805448978435,0.0045238083431559765,0.2741792225633385
NN,TCGA-LUSC,347.96745294283136,0.0010823830927160403,0.376634087880785
NN,TCGA-LUSC,403.3263874031949,0.0006711238710059809,0.27068196639289005
NN,TCGA-LUSC,223.06710164031296,0.0015082869532675575,0.3364491991072922
NN,TCGA-LUSC,426.059772877357,0.0006157444638194083,0.26234394640538705
NN,TCGA-LUSC,305.2341503008862,0.0010928358063770644,0.33357080877788703
NN,TCGA-LUSC,302.9203289762622,0.0008815288944220233,0.2670330227004
NN,TCGA-LUSC,384.06061679050316,0.0008237756919332647,0.3163798003409132
NN,TCGA-LUSC,342.7102863572917,0.0010956730634151689,0.3754984293169835
NN,TCGA-LUSC,301.8526405873819,0.0011345513478221627,0.34246732022209303
NN,TCGA-LUSC,231.99182594593145,0.001535872067568503,0.35630976537457004
NN,TCGA-LUSC,229.39184825573062,0.001560133486530817,0.3578819040009611
NN,TCGA-LUSC,296.5041687420108,0.0009567748353642893,0.2836877272329628
NN,TCGA-LUSC,395.62780101469997,0.0010714355860264345,0.4238897048285347
NN,TCGA-LUSC,323.4280481724558,0.0010123827163371277,0.3274329659484462
NN,TCGA-LUSC,204.6667151195671,0.001989029347517399,0.40708810283280195
NN,TCGA-LUSC,192.6365702603023,0.001994701414868921,0.3842524392537213
NN,TCGA-LUSC,319.9022362244361,0.0008954972087464852,0.2864715596107413
NN,TCGA-LUSC,262.8842664903774,0.0013152111247009698,0.3457483117969987
NN,TCGA-LUSC,250.61690176969668,0.001165393529903966,0.2920673158069823
NN,TCGA-LUSC,222.30025045507233,0.0009565163986089556,0.21263383497515462
NN,TCGA-LUSC,228.92250839750858,0.0017223163013036986,0.39427696794836187
NN,TCGA-LUSC,176.7512961654695,0.0013241848968660068,0.23405139688380527
NN,TCGA-LUSC,123.04776248689767,0.0026038173158311915,0.3203938946376679
NN,TCGA-LUSC,465.19378260713177,0.0005889109821175622,0.2739577273901497
NN,TCGA-LUSC,313.2713533963454,0.0011057477653082545,0.3463990989531014
NN,TCGA-LUSC,53.12539957982887,0.00559107782312427,0.29702824343539663
NN,TCGA-LUSC,308.56088000608514,0.0009455175275949046,0.29174972037586167
NN,TCGA-LUSC,212.8387747053776,0.001405726341736811,0.2991930721463358
NN,TCGA-LUSC,132.93975778807132,0.002785047801719776,0.3702435801888275
NN,TCGA-LUSC,165.80459491111495,0.0017074156856620637,0.28309736610608205
NN,TCGA-LUSC,314.79408336245467,0.0011975355793707658,0.3769771150019463
NN,TCGA-LUSC,377.93111105754997,0.0010042323294127996,0.3795306400148909
NN,TCGA-LUSC,616.3353848463422,0.0005393006228932632,0.3323900569587914
NN,TCGA-LUSC,503.5631044791243,0.0006131155738854148,0.3087423817902394
NN,TCGA-LUSC,99.50470523697606,0.004398889720680863,0.43771022502631324
NN,TCGA-LUSC,33.0021711306196,0.008852416071793674,0.2921489501207821
NN,TCGA-LUSC,96.0234037582681,0.003965778163356701,0.3808075177957234
NN,TCGA-LUSC,117.14924791522951,0.004184138702478319,0.4901687021683393
NN,TCGA-LUSC,49.87010996144403,0.004961152496661822,0.24741322054401765
NN,TCGA-LUSC,180.60376398515723,0.0036474340555444906,0.658740319318982
NN,TCGA-LUSC,102.49136612085762,0.0038697122674509823,0.39661209678569276
NN,TCGA-LUSC,124.72914792773582,0.003669741993094675,0.4577237919133298
NN,TCGA-LUSC,19.808358574597506,0.007880202160644277,0.15609387003835984
NN,TCGA-LUSC,443.2279339998011,0.0006105757173154911,0.2706242137361917
NN,TCGA-LUSC,564.6520869662049,0.0005269381808232559,0.2975367435040269
NN,TCGA-LUSC,450.7697852704979,0.0005819116892049581,0.2623082071893117
NN,TCGA-LUSC,584.4070763050765,0.0004408456789856585,0.257633334357735
NN,TCGA-LUSC,564.4401493118952,0.000681617000712271,0.38473200165556043
NN,TCGA-LUSC,511.7769874683756,0.0004969761070790313,0.25434093492466747
NN,TCGA-LUSC,399.03576465102077,0.0007692944340659987,0.30697599273930004
NN,TCGA-LUSC,66.4065301514651,0.004880170377552617,0.3240751813212347
NN,TCGA-LUSC,369.65179609238055,0.0008038404959061912,0.29714108308351345
NN,TCGA-LUSC,339.9338976664331,0.0011263502880296747,0.3828846435476369
NN,TCGA-LUSC,479.90593671072673,0.000710502064084416,0.34097415859933644
NN,TCGA-LUSC,76.3846136786552,0.004684543003483758,0.35782700758215397
NN,TCGA-LUSC,304.03309545091565,0.0011177145118945074,0.33982220288169634
NN,TCGA-LUSC,292.2489571571311,0.0008130611664130558,0.23761627798917617
NN,TCGA-LUSC,515.059219208822,0.0007316389861061164,0.3768374049265505
NN,TCGA-LUSC,701.3965519692098,0.00045737042405509575,0.3207980384049395
NN,TCGA-LUSC,335.08384580281324,0.0012463198449913014,0.4176216467600513
NN,TCGA-LUSC,299.88856974722614,0.0008828883985951603,0.2647681391011215
NN,TCGA-LUSC,525.2388681637781,0.0004691227603779402,0.2464015076907766
NN,TCGA-LUSC,573.1385403589975,0.0006393453435226431,0.3664334569718895
NN,TCGA-LUSC,361.86691663086685,0.0009681704316581072,0.35034884887729467
NN,TCGA-LUSC,456.72914000937885,0.0006731678676771171,0.30745538128611705
NN,TCGA-LUSC,292.03335491534233,0.0011564721550000596,0.33772844329084317
NN,TCGA-LUSC,320.5889800722613,0.0011121078269766592,0.356529513980826
NN,TCGA-LUSC,381.2287277879018,0.0011113570644621109,0.42368123980298766
NN,TCGA-LUSC,228.40626006078728,0.001130638336439616,0.2582448739075228
NN,TCGA-LUSC,303.3854942991972,0.001274088624679105,0.3865400071792546
NN,TCGA-LUSC,196.43591205350782,0.0021582170777217353,0.42395134007172547
NN,TCGA-LUSC,348.1566838511957,0.0008623116090867311,0.30021955026602487
NN,TCGA-LUSC,168.5439593177087,0.002085351863690191,0.3514734596769076
NN,TCGA-LUSC,459.85040629351914,0.0007840364390911863,0.360539475065006
NN,TCGA-LUSC,429.6008437111967,0.000837547969000844,0.3598113141313618
NN,TCGA-LUSC,342.8728866140811,0.0009230727278902677,0.3164966107664703
NN,TCGA-LUSC,145.15479664121108,0.0009636522064927609,0.13987874006631104
NN,TCGA-LUSC,126.61139120850092,0.0026702463096954327,0.33808360013990435
NN,TCGA-LUSC,413.0549304491204,0.0006705417748371621,0.2769705861685937
NN,TCGA-LUSC,227.12582253013565,0.001696088461794263,0.3852254869688946
NN,TCGA-LUSC,58.14635788829071,0.005228349553213697,0.30400948428624847
NN,TCGA-LUSC,294.27168637406385,0.0011394922947082413,0.3353203191740459
NN,TCGA-LUSC,213.7244597687346,0.0014747122453671788,0.31518207795543784
NN,TCGA-LUSC,172.05218879573144,0.0022305926083499884,0.38377834057819527
NN,TCGA-LUSC,218.94941596282513,0.0015093176461445047,0.33046421712572527
NN,TCGA-LUSC,212.36253382143153,0.0015246104642583258,0.32377014128056714
NN,TCGA-LUSC,638.9668940315412,0.0006363671464976529,0.40661753906132003
NN,TCGA-LUSC,432.5475446681433,0.0007702655803977029,0.33317648554340873
NN,TCGA-LUSC,202.62769006757182,0.0016090509627377308,0.32603827978054895
NN,TCGA-LUSC,56.19518105791739,0.005582500699527497,0.3137096375658982
NN,TCGA-LUSC,13.475309018055189,0.008824854838111504,0.11891764598303191
NN,TCGA-LUSC,75.67000265422406,0.004584874178214713,0.3469374412347907
NN,TCGA-LUSC,74.7468547412615,0.004752827825584621,0.3552589310891994
NN,TCGA-LUSC,57.80558322506872,0.005478676545861875,0.31669809303505064
NN,TCGA-LUSC,148.4762054057052,0.004412376231553551,0.6551328796833964
NN,TCGA-LUSC,44.67585089423661,0.005084154190439772,0.2271389145353955
NN,TCGA-LUSC,77.52010463008448,0.004954651352557505,0.38408509125584733
NN,TCGA-LUSC,17.046835365149725,0.007588769762642679,0.1293645087677961
NN,TCGA-LUSC,584.4405279720753,0.0004452824929617623,0.2602411352832943
NN,TCGA-LUSC,257.095440966125,0.0013137739207908943,0.33776528549553
NN,TCGA-LUSC,904.4049743107959,0.0002643269433493417,0.23905860240951254
NN,TCGA-LUSC,306.5770736074473,0.0009375585708019551,0.28743396297204404
NN,TCGA-LUSC,201.59849548384284,0.001135627165412325,0.22894072797770587
NN,TCGA-LUSC,183.2086476406605,0.0017964030474668172,0.32911657294395685
NN,TCGA-LUSC,49.661812065207705,0.006197468357086635,0.307777508829708
NN,TCGA-LUSC,355.26494803023286,0.0008026874739542698,0.2851667237188825
NN,TCGA-LUSC,251.0351384393081,0.0014315816003441194,0.35937728522955226
NN,TCGA-LUSC,347.983726656021,0.001006891948364945,0.35038201253197543
NN,TCGA-LUSC,63.018252314817026,0.005679584180870504,0.3579174689533408
NN,TCGA-LUSC,291.8698206726039,0.0012390388098265197,0.36163803523046284
NN,TCGA-LUSC,322.02859747937424,0.0007846878821524895,0.25269193814862667
NN,TCGA-LUSC,266.59893036373614,0.001319292524668338,0.3517219759134519
NN,TCGA-LUSC,568.8805303942856,0.0005431499612064386,0.3089874380147545
NN,TCGA-LUSC,282.44313114803305,0.0013868479980113113,0.3917056909846959
NN,TCGA-LUSC,461.64703428738807,0.0005923485935414373,0.27345597147271
NN,TCGA-LUSC,445.4486366772129,0.0006258318416477648,0.2787759406511862
NN,TCGA-LUSC,227.8555418664299,0.0013330044009726228,0.3037324400939527
NN,TCGA-LUSC,238.73803426783192,0.0015087534526174486,0.36019683347269416
NN,TCGA-LUSC,234.8097662646036,0.0012243212866027953,0.28748259513998115
NN,TCGA-LUSC,212.80665825244893,0.001718531316385784,0.3657149065422407
NN,TCGA-LUSC,212.17199726638808,0.0014561532978698442,0.30895495353508257
NN,TCGA-LUSC,412.171865464049,0.0009461787340613568,0.38998825388048175
NN,TCGA-LUSC,387.5472754856616,0.0008980047359738712,0.3480192887998947
NN,TCGA-LUSC,171.87255072904912,0.0022347513243168807,0.3840924103554628
NN,TCGA-LUSC,175.4463398691133,0.0023388328872255334,0.41033966962923046
NN,TCGA-LUSC,359.58470115496584,0.0009165555085332541,0.3295793386278679
NN,TCGA-LUSC,198.4602258800955,0.0020292316037422977,0.40272176244172486
NN,TCGA-LUSC,233.7697712406917,0.0013800936245826055,0.32262417090941276
NN,TCGA-LUSC,227.6432411553193,0.0016178803091100775,0.3682995173671879
NN,TCGA-LUSC,216.94829140024194,0.0016193833011384456,0.35132244030406923
NN,TCGA-LUSC,163.549258468046,0.0015746951505786594,0.25754022419036776
NN,TCGA-LUSC,106.14065750993399,0.003421458734958596,0.36315587977161234
NN,TCGA-LUSC,384.67645478222033,0.0008622482766941221,0.33168661022077384
NN,TCGA-LUSC,262.4743696583801,0.0014060454806881317,0.3690509012546314
NN,TCGA-LUSC,45.175480549216545,0.005646245116017676,0.25507183641476544
NN,TCGA-LUSC,297.5622059196037,0.0010006240389464753,0.29774789632509663
NN,TCGA-LUSC,214.12142379076303,0.0016078521192330114,0.3442755850151681
NN,TCGA-LUSC,138.29125526600347,0.0026986585972472634,0.3732008849477162
NN,TCGA-LUSC,244.47642408493758,0.0014034057983560828,0.3430996311221621
NN,TCGA-LUSC,271.3411200415145,0.001379898697789663,0.37442325820207445
NN,TCGA-LUSC,608.489046034736,0.0005152272961634048,0.3135101659335266
NN,TCGA-LUSC,411.1353035587551,0.0008474414918849379,0.34841311501439826
NN,TCGA-LUSC,360.8683750045342,0.0010372379665487203,0.3743063794814441
NN,TCGA-LUSC,51.165107460881565,0.004381643722719991,0.22418727192826549
NN,TCGA-LUSC,19.06212680619561,0.009278684324103614,0.1768714571807225
NN,TCGA-LUSC,71.60778623727117,0.0038033969122674652,0.27235283306914587
NN,TCGA-LUSC,84.98515925739352,0.004260689278978022,0.3620953569202164
NN,TCGA-LUSC,48.966469739914764,0.0052235153880068365,0.2557771081828159
NN,TCGA-LUSC,183.1468931998303,0.0034361983749116027,0.6293290567833657
NN,TCGA-LUSC,42.31377478516448,0.00425345603928783,0.17997978090502298
NN,TCGA-LUSC,44.90633135952682,0.0035757000681452796,0.16057157210241454
NN,TCGA-LUSC,23.218201240257322,0.008212822732413022,0.19068697095172557
NN,TCGA-LUSC,229.5299642000624,0.0011753440375145115,0.26977667485346263
NN,TCGA-LUSC,606.9247263739506,0.0003204085874764435,0.1944638942820045
NN,TCGA-LUSC,310.6568385177547,0.001017964030040745,0.3162374872972505
NN,TCGA-LUSC,277.05790018391286,0.0010300129661274145,0.28537322955746525
NN,TCGA-LUSC,172.01275909757058,0.0015394414168618373,0.26480356558347795
NN,TCGA-LUSC,49.11608640304115,0.0063365110993103615,0.311224626647557
NN,TCGA-LUSC,322.20260816138324,0.0008825297064436607,0.28435337319604737
NN,TCGA-LUSC,220.99317631000258,0.0015017974737322822,0.3318869938944347
NN,TCGA-LUSC,257.0745581104538,0.0009253013163732834,0.237871427025683
NN,TCGA-LUSC,60.27639466930479,0.0055516271541858064,0.3346320694025331
NN,TCGA-LUSC,344.6893332027452,0.0010154155229346663,0.35000289952406693
NN,TCGA-LUSC,305.5799831074882,0.0006802938705451674,0.20788418946932002
NN,TCGA-LUSC,216.9984005281243,0.0013953360659061968,0.30278569450085013
NN,TCGA-LUSC,574.8567600504699,0.0003589884411938018,0.20636693220023755
NN,TCGA-LUSC,279.2593142694749,0.001249493972916888,0.348932830060612
NN,TCGA-LUSC,350.75260061215954,0.0007701756803323878,0.2701411228048243
NN,TCGA-LUSC,318.0902302806382,0.0007676067279320576,0.2441682008528754
NN,TCGA-LUSC,294.64879670916173,0.001201453058075614,0.3540066978645223
NN,TCGA-LUSC,311.3027859830754,0.0009796581015332985,0.3049702963182064
NN,TCGA-LUSC,247.69142779116575,0.0010243256207066293,0.2537166755158971
NN,TCGA-LUSC,184.965399294526,0.0015939788747850276,0.2948309390416519
NN,TCGA-LUSC,256.0316634976778,0.0013164016191504686,0.337040496382131
NN,TCGA-LUSC,313.8385756630238,0.001028420658425107,0.3227580746225647
NN,TCGA-LUSC,293.58767034475255,0.0009604957137357801,0.28198969897180803
NN,TCGA-LUSC,193.34942712715016,0.0020830706003473537,0.4027605072425696
NN,TCGA-LUSC,170.4441786582475,0.0023214434377052634,0.39567652004125214
NN,TCGA-LUSC,308.47383423315443,0.0009392376331584199,0.28973023395645076
NN,TCGA-LUSC,170.5931533577695,0.001761689745522412,0.30053220892671473
NN,TCGA-LUSC,284.0118244023939,0.0010641240953009649,0.3022238256969739
NN,TCGA-LUSC,295.8584433673104,0.0010564077158056059,0.31254714235946257
NN,TCGA-LUSC,164.28029536218423,0.0015142456142179218,0.24876071675461225
NN,TCGA-LUSC,108.38057309427451,0.001424386960123899,0.1543758750462397
NN,TCGA-LUSC,107.88631288319453,0.0030237958473848517,0.32622618488586647
NN,TCGA-LUSC,414.1320174392965,0.0006499356243237973,0.2691591513068829
NN,TCGA-LUSC,268.2966866491955,0.0012296627128105075,0.32991443154312045
NN,TCGA-LUSC,45.4961650158137,0.005987540574427882,0.2724101340130509
NN,TCGA-LUSC,282.7836114409747,0.0010039715251714716,0.2839066936718922
NN,TCGA-LUSC,204.40827065468983,0.001526285841662648,0.31198544941899964
NN,TCGA-LUSC,103.94004128087656,0.003088695724855661,0.32103916114556436
NN,TCGA-LUSC,166.35081155940452,0.0016450517167810519,0.27365568814371966
NN,TCGA-LUSC,207.7681264673779,0.0014344675186839105,0.2980366288352645
NN,TCGA-LUSC,511.41700430437555,0.0006567993131786367,0.33589833717498974
NN,TCGA-LUSC,408.99484023581107,0.0007194548194296553,0.2942533089295162
NN,TCGA-LUSC,330.92942987313336,0.0008597094700931689,0.28450316479446597
NN,TCGA-LUSC,101.76655526473108,0.0043951753792642505,0.44728185813208077
NN,TCGA-LUSC,23.36006819669864,0.009658987047267125,0.22563459613518888
NN,TCGA-LUSC,102.27704398962246,0.004204125439465104,0.4299855225100632
NN,TCGA-LUSC,99.70301990654212,0.004554125804828462,0.45406009577570927
NN,TCGA-LUSC,58.070353855992046,0.005480691418804212,0.3182656900654597
NN,TCGA-LUSC,183.8736087269283,0.0036239800990372027,0.6663542987645414
NN,TCGA-LUSC,83.9177358970206,0.004238228391681085,0.35566253084434774
NN,TCGA-LUSC,142.74831121572785,0.003639695817760685,0.5195604313242854
NN,TCGA-LUSC,28.592355666091805,0.008550588449958207,0.2444814661155817
NN,TCGA-LUSC,299.0887034211318,0.0009850223955222494,0.2946090711175268
NN,TCGA-LUSC,564.2947599538696,0.0006571108423376081,0.3708042050399857
NN,TCGA-LUSC,673.9275639565377,0.0004135405217178576,0.27869635639863144
NN,TCGA-LUSC,632.2156961849249,0.0003924494513449577,0.24811270309944425
NN,TCGA-LUSC,70.27685706377828,0.00410113127970755,0.28821461674379756
NN,TCGA-LUSC,269.2349562642795,0.0012602070384874738,0.3392917868911122
NN,TCGA-LUSC,335.2764390220989,0.001152940159277885,0.3865536710082608
NN,TCGA-LUSC,416.77643636078295,0.0007173328274309185,0.2989674195012627
NN,TCGA-LUSC,76.89111075986487,0.003853381855844354,0.2962908110777819
NN,TCGA-LUSC,207.84267439953226,0.0015498012800790643,0.32211484283945124
NN,TCGA-LUSC,225.56323506196216,0.0010385949818042506,0.2342688440148865
NN,TCGA-LUSC,645.6869450229333,0.0004962890651103426,0.32044737029938475
NN,TCGA-LUSC,343.7155591081333,0.0007799271251852398,0.26807308789664375
NN,TCGA-LUSC,302.2247922530794,0.001167338884208652,0.35279875176890135
NN,TCGA-LUSC,225.98693211327893,0.001385876425852791,0.3131899617665883
NN,TCGA-LUSC,450.0841983982003,0.000543408833881777,0.24457972940018036
NN,TCGA-LUSC,535.6826701713792,0.00048469153174363636,0.2596408539338869
NN,TCGA-LUSC,314.13068636925294,0.0009625027747917777,0.3023516572776516
NN,TCGA-LUSC,398.4279024460461,0.0007183323549527865,0.2862036534429674
NN,TCGA-LUSC,299.0569630040167,0.0009271200952036246,0.27726172001159083
NN,TCGA-LUSC,221.90646636842996,0.0012344874031786114,0.27394073741570496
NN,TCGA-LUSC,280.0883332606827,0.0014636433124151308,0.40994941586249867
NN,TCGA-LUSC,215.44169193812266,0.0014583640266175402,0.3141924133561762
NN,TCGA-LUSC,667.2984483319583,0.0005053918760662252,0.33724721469856944
NN,TCGA-LUSC,201.78641196168783,0.0015749559901629554,0.3178047182525501
NN,TCGA-LUSC,340.1898428829895,0.0009096203082590062,0.3094435897498078
NN,TCGA-LUSC,169.28261622050093,0.0019527034670394697,0.33055875160328413
NN,TCGA-LUSC,417.2064763044879,0.0007116360178773277,0.2968991554299575
NN,TCGA-LUSC,363.1439211429498,0.0007668759455549499,0.27848633789903177
NN,TCGA-LUSC,469.68695000631715,0.0007131580129522474,0.3349610119761067
NN,TCGA-LUSC,257.8010180107692,0.0006994210345789801,0.18031145473260649
NN,TCGA-LUSC,122.0569046467493,0.0023752869047209482,0.2899201672381971
NN,TCGA-LUSC,338.5681569165329,0.0008825448525574581,0.2988015841265519
NN,TCGA-LUSC,149.04131845387388,0.0023212610165013357,0.34596380237493857
NN,TCGA-LUSC,36.967789359858784,0.005530459413121681,0.20444885864753054
NN,TCGA-LUSC,168.2866658359858,0.0017574859125651112,0.2957614444792974
NN,TCGA-LUSC,156.18599799452863,0.0018838902416090171,0.294237277497858
NN,TCGA-LUSC,211.7346805467035,0.001769163288677159,0.3745932237630136
NN,TCGA-LUSC,224.57616131902728,0.0010882939755699128,0.24440488342011427
NN,TCGA-LUSC,158.22788715227523,0.0016911248887350842,0.2675831180551789
NN,TCGA-LUSC,323.61633377549447,0.001297687147829584,0.4199527571681881
NN,TCGA-LUSC,361.86076361847944,0.0008552862874778952,0.3094945490991655
NN,TCGA-LUSC,129.34554467916254,0.0025217882859821456,0.32618207941589233
NN,TCGA-LUSC,39.553615317342505,0.006704872247559001,0.2652019376318744
NN,TCGA-LUSC,20.22920148273393,0.008321640912771527,0.1683401506914171
NN,TCGA-LUSC,73.57861296098922,0.005054724721067375,0.37191963387576055
NN,TCGA-LUSC,75.38146614616687,0.005259854575594997,0.39649554962397515
NN,TCGA-LUSC,55.9663342941468,0.005713299091286362,0.31975240686537765
NN,TCGA-LUSC,123.61765422500234,0.005291593060575073,0.6541343212615913
NN,TCGA-LUSC,51.46785522248318,0.005776156539148058,0.29728638849927175
NN,TCGA-LUSC,67.18659765780919,0.0061055876266963745,0.4102136593393474
NN,TCGA-LUSC,23.749752349963853,0.007374952257123249,0.1751532896994841
NN,TCGA-LUSC,314.3981561207133,0.0009120487864696367,0.28674645675818794
NN,TCGA-LUSC,279.8491756401082,0.000848730581418429,0.23751655355049706
NN,TCGA-LUSC,183.65546273041355,0.0012863248662423434,0.2362405885313749
NN,TCGA-LUSC,49.13003573259136,0.0058437746485804805,0.28710485729797053
NN,TCGA-LUSC,425.93916198321335,0.0005913462650344783,0.25187753257068884
NN,TCGA-LUSC,288.05549459172187,0.0012729929251522041,0.36669260666648096
NN,TCGA-LUSC,510.0633718065012,0.0006407948335005185,0.32684597341146
NN,TCGA-LUSC,58.91969043669433,0.005282774740109149,0.3112594523340194
NN,TCGA-LUSC,255.67960208352585,0.001030700005228298,0.2635289672042592
NN,TCGA-LUSC,437.5422253582804,0.0006320939802209327,0.27656780674143977
NN,TCGA-LUSC,315.21652536365536,0.001136839623086109,0.3583506358849309
NN,TCGA-LUSC,712.623699453389,0.0003965140665922629,0.2825653210202858
NN,TCGA-LUSC,270.18600751532347,0.001198806625900422,0.323900776034951
NN,TCGA-LUSC,503.7723424677441,0.0005828343627238401,0.29361583218008375
NN,TCGA-LUSC,559.8721789687916,0.0004995919196431082,0.27970761664578836
NN,TCGA-LUSC,287.62586781737474,0.0010245350426304292,0.2946827807458882
NN,TCGA-LUSC,311.40877497839404,0.000997115825343933,0.31051061768192445
NN,TCGA-LUSC,238.10283554428264,0.0008764705577217825,0.20869012506463525
NN,TCGA-LUSC,242.86755302786779,0.0013792997137348126,0.3349871463668125
NN,TCGA-LUSC,171.87867523011926,0.001396475010720527,0.24002427483461078
NN,TCGA-LUSC,437.10774827219075,0.0009261220420198736,0.4048151204125502
NN,TCGA-LUSC,410.5125193543455,0.0007935001887285454,0.3257417615831038
NN,TCGA-LUSC,194.64661632589812,0.001902566060913754,0.3703280460933548
NN,TCGA-LUSC,156.541439557279,0.0022437847255169325,0.35124529098905477
NN,TCGA-LUSC,387.829375095488,0.0007961698907971372,0.3087780712176966
NN,TCGA-LUSC,208.57252921270805,0.001774115580363458,0.37003177371207785
NN,TCGA-LUSC,313.49310778015695,0.000888387503367951,0.2785033593438736
NN,TCGA-LUSC,246.99059865850884,0.0011561695184607148,0.2855630015153318
NN,TCGA-LUSC,253.69391137566964,0.0013398338986778996,0.339907702349309
NN,TCGA-LUSC,204.61262579186106,0.0011701622311708526,0.23942996672233088
NN,TCGA-LUSC,94.08105270395484,0.00305389626870611,0.28731377580855055
NN,TCGA-LUSC,477.6557351729893,0.0006535013128129596,0.31214865000818787
NN,TCGA-LUSC,259.4061442903333,0.001388555466414699,0.36019981967590253
NN,TCGA-LUSC,49.35901032268573,0.005680607614059422,0.28038916986148615
NN,TCGA-LUSC,283.19820568556287,0.0009713233949991725,0.27507704260417487
NN,TCGA-LUSC,194.32908212807106,0.001504071059408728,0.29228474843029356
NN,TCGA-LUSC,130.79680242534002,0.0026336093007281393,0.3444676753728763
NN,TCGA-LUSC,242.60427233881285,0.001383059628890584,0.33553617486818865
NN,TCGA-LUSC,292.18398632456797,0.0012640171505905631,0.36932556984217246
NN,TCGA-LUSC,638.6491349121933,0.0004247500381347682,0.2712662444086908
NN,TCGA-LUSC,425.34128181061226,0.0006806539662851694,0.2895102304892112
NN,TCGA-LUSC,312.3245069930722,0.0010004187773680266,0.312455301428081
NN,TCGA-LUSC,39.99588874559898,0.0043359192938641,0.17341894568728466
NN,TCGA-LUSC,16.182056694989544,0.009392372396774127,0.15198790262505377
NN,TCGA-LUSC,67.24608200028239,0.004180989605558809,0.281155169857736
NN,TCGA-LUSC,74.75148555035993,0.004470264386466222,0.33415890369121837
NN,TCGA-LUSC,50.46867662674069,0.005299648036267118,0.2674662229779065
NN,TCGA-LUSC,174.92282964989403,0.0036644368719828306,0.6409936667206432
NN,TCGA-LUSC,55.070947118690356,0.004281395460804309,0.23578050301615502
NN,TCGA-LUSC,84.08172051165529,0.003608952438007955,0.30344693023244185
NN,TCGA-LUSC,20.02643231400271,0.008260044338902959,0.16541921886370137
NN,TCGA-LUSC,461.998498384521,0.0007975001546914873,0.36844387392889033
NN,TCGA-LUSC,316.2105171403641,0.0009280000530266839,0.293443376673853
NN,TCGA-LUSC,79.16352231969881,0.004548566382563643,0.3600805363487086
NN,TCGA-LUSC,322.66625374248656,0.0009820932848123146,0.31688836103604245
NN,TCGA-LUSC,344.3459861239559,0.0008166190607618087,0.2811994957656437
NN,TCGA-LUSC,263.11621432286927,0.0012006703600111793,0.31591583977581805
NN,TCGA-LUSC,98.094637205605,0.0040254327329329355,0.3948733635326233
NN,TCGA-LUSC,294.9442181428947,0.001418574634039794,0.41840038631421006
NN,TCGA-LUSC,237.77819767142984,0.0011517563308411664,0.2738625445040716
NN,TCGA-LUSC,377.17023084592626,0.0007896367369909247,0.297827470375291
NN,TCGA-LUSC,498.2823208471903,0.0006958271019345448,0.3467183432603194
NN,TCGA-LUSC,393.3407263572788,0.0009651375322526913,0.3796278979709452
NN,TCGA-LUSC,233.79848284093418,0.001147639072546882,0.2683162740104378
NN,TCGA-LUSC,468.5403166733119,0.0007138252332944589,0.3344559008571865
NN,TCGA-LUSC,414.0723780514671,0.0010851536267677134,0.4493321427868813
NN,TCGA-LUSC,276.75492169493907,0.001390133543209204,0.3847262998963714
NN,TCGA-LUSC,283.62748568425746,0.0010992776749098254,0.31178536300351034
NN,TCGA-LUSC,270.65952526544476,0.0011622336482596197,0.3145696074854746
NN,TCGA-LUSC,334.4423006160004,0.0011771478879281701,0.39368804780396305
NN,TCGA-LUSC,283.30610557746996,0.0013579752866650621,0.38472268993552716
NN,TCGA-LUSC,182.66424679053986,0.001543698852916983,0.28197858823950106
NN,TCGA-LUSC,376.9911180004278,0.001162429603677855,0.4382256358873088
NN,TCGA-LUSC,319.3250490445183,0.0012947069429928802,0.41343235806947987
NN,TCGA-LUSC,328.47969008980203,0.0009297967525763806,0.30541934913279384
NN,TCGA-LUSC,227.41959969190106,0.0016959106614784364,0.38568332374665315
NN,TCGA-LUSC,298.95637192132807,0.0013721520696176217,0.41021360445722577
NN,TCGA-LUSC,348.7256406857692,0.0010687931683762207,0.37271558240257074
NN,TCGA-LUSC,239.788963481532,0.0013371953863887357,0.3206446956744416
NN,TCGA-LUSC,133.8150461935362,0.0013587900488314826,0.18182655315170215
NN,TCGA-LUSC,179.33498398600005,0.0021026026142846226,0.37707020616165465
NN,TCGA-LUSC,308.2658967450517,0.0011302778560765099,0.34842611687449976
NN,TCGA-LUSC,207.65768048871803,0.0019240543701385551,0.3995446676371537
NN,TCGA-LUSC,69.25189798983953,0.004658870567548793,0.3226356292917549
NN,TCGA-LUSC,247.0025122087191,0.0014180728159134456,0.3502675480255135
NN,TCGA-LUSC,240.45091208679725,0.0014662333278060327,0.35255714100302055
NN,TCGA-LUSC,190.45939214198228,0.0016515596681231526,0.31455505047694965
NN,TCGA-LUSC,240.8868873487599,0.0013206698357267187,0.31813204594360733
NN,TCGA-LUSC,172.24913252823205,0.0018872236648551834,0.3250726391580563
NN,TCGA-LUSC,330.98533919815725,0.0010458281106506607,0.34615377194667685
NN,TCGA-LUSC,415.626766288185,0.0008762816005064736,0.3642060879763408
NN,TCGA-LUSC,203.90168537963797,0.0020237110609768703,0.41263809605459917
NN,TCGA-LUSC,75.21562351497599,0.0060607293992267245,0.4558615407183839
NN,TCGA-LUSC,18.915480779935695,0.00806291313416153,0.15251387841952352
NN,TCGA-LUSC,92.39054969263385,0.004423015494377406,0.4086448328245652
NN,TCGA-LUSC,94.4634318707294,0.004921002439076529,0.4648547786393989
NN,TCGA-LUSC,53.21149699613883,0.005523371007451835,0.2939068397715836
NN,TCGA-LUSC,135.52331858353983,0.00484249044942547,0.6562703759152368
NN,TCGA-LUSC,68.14359387594033,0.005227274920723152,0.35620529927564665
NN,TCGA-LUSC,95.63970893792691,0.005527669326408879,0.5286646854828517
NN,TCGA-LUSC,22.880905600886198,0.007154912118123181,0.16371086875741322
NN,TCGA-LUSC,540.2407321302396,0.0005131850750371945,0.2772434806564059
NN,TCGA-LUSC,68.23369726736108,0.004458554782028821,0.30422367724689964
NN,TCGA-LUSC,247.04932536068713,0.0010537446498263023,0.2603269048420215
NN,TCGA-LUSC,393.34469418118573,0.0010546146130334198,0.41482706244264
NN,TCGA-LUSC,416.5778035649746,0.0008267100381527671,0.3443890518787961
NN,TCGA-LUSC,84.73461143475295,0.004587614289996088,0.3887297142753386
NN,TCGA-LUSC,250.9508967901205,0.0014133945145342812,0.3546926209406149
NN,TCGA-LUSC,219.26853453431826,0.0009478079760014493,0.2078244659177761
NN,TCGA-LUSC,569.621324175272,0.0006378879752403163,0.3633545931318721
NN,TCGA-LUSC,393.68136965820094,0.0007903303586383411,0.3111383380711993
NN,TCGA-LUSC,267.2950995272534,0.0015302446833708274,0.40902690494265564
NN,TCGA-LUSC,191.36164600458804,0.0013650620980883762,0.26122052998866807
NN,TCGA-LUSC,473.3629589257172,0.0005137259248500371,0.24317882386386416
NN,TCGA-LUSC,475.61453502912013,0.0007252959950992963,0.3449613174676348
NN,TCGA-LUSC,413.94765921196716,0.0008429679367518413,0.3489446042091663
NN,TCGA-LUSC,512.2358205465315,0.0005495790023775004,0.2815140512379831
NN,TCGA-LUSC,279.9961000926037,0.0012053940231501702,0.3375056255569813
NN,TCGA-LUSC,263.3118443793249,0.001452742239890582,0.3825242385933408
NN,TCGA-LUSC,300.0740548650635,0.001399099031559798,0.419833319557932
NN,TCGA-LUSC,191.63284124903367,0.001300221157758573,0.2491650747133834
NN,TCGA-LUSC,446.8864264817141,0.0008381544939327916,0.3745598666332148
NN,TCGA-LUSC,209.53914501464996,0.0019778581990117228,0.4144387159811318
NN,TCGA-LUSC,307.4960162018156,0.0009297279659482042,0.2858876456804901
NN,TCGA-LUSC,145.22664276831293,0.0022858696433111086,0.3319691741040733
NN,TCGA-LUSC,387.181691970905,0.0009235404105747843,0.3575779387698492
NN,TCGA-LUSC,390.36057859240435,0.000918086423379092,0.35838474742809345
NN,TCGA-LUSC,383.3349657603189,0.0007558023795212797,0.2897254792753573
NN,TCGA-LUSC,153.27123593547918,0.0010435948906024632,0.15995307869859074
NN,TCGA-LUSC,134.91036477301927,0.002663698870969808,0.3593605863280164
NN,TCGA-LUSC,288.2436737405834,0.0010136535305745138,0.29217921755291065
NN,TCGA-LUSC,170.78234565518702,0.002204108103689385,0.3764227520256793
NN,TCGA-LUSC,49.95053361800637,0.005399916793185191,0.269728725312434
NN,TCGA-LUSC,173.9310999091282,0.0017192490610735793,0.2990308802102636
NN,TCGA-LUSC,188.27937153696973,0.001691349579302998,0.3184462358404866
NN,TCGA-LUSC,179.25836824165867,0.0021154629033252057,0.3792144281258381
NN,TCGA-LUSC,257.9671820438525,0.0012677626759309481,0.32704116501028047
NN,TCGA-LUSC,150.8773643787023,0.0018927879835238053,0.28557886228175033
NN,TCGA-LUSC,353.27096272738623,0.001034834570423293,0.36557700495701784
NN,TCGA-LUSC,291.05892928340626,0.0010271213478354308,0.29895283974510956
NN,TCGA-LUSC,141.85545511800365,0.002452480791392783,0.347897778831185
NN,TCGA-LUSC,49.024361920647735,0.006424150289076747,0.3149398688043322
NN,TCGA-LUSC,14.229049158788698,0.008737497751623633,0.1243262850326584
NN,TCGA-LUSC,63.20052743109342,0.0051360078594913094,0.3245984056100919
NN,TCGA-LUSC,73.704333055237,0.005429618551304696,0.4001864140682547
NN,TCGA-LUSC,50.753120856609286,0.005937798125980817,0.3013617859100525
NN,TCGA-LUSC,120.54764447924349,0.0053333388490897065,0.6429214354674035
NN,TCGA-LUSC,44.18759779279027,0.005776249957384126,0.2552386098675117
NN,TCGA-LUSC,56.05046302294921,0.005765918974468544,0.32318242827177035
NN,TCGA-LUSC,20.110508290740885,0.0078093687707043394,0.15705037540870256
NN,TCGA-LUSC,91.05730999252245,0.0035578326572918207,0.3239666711765412
NN,TCGA-LUSC,257.6797209134946,0.0012355686775870952,0.3183809920100983
NN,TCGA-LUSC,225.67019149382705,0.001330578374702813,0.300271876616729
NN,TCGA-LUSC,253.66643187643896,0.0008982354455440463,0.22785218045610162
NN,TCGA-LUSC,88.3982380406651,0.003746891428732384,0.33121860042961304
NN,TCGA-LUSC,218.90933806439529,0.0018290152598527864,0.40038851984405144
NN,TCGA-LUSC,153.1496865863936,0.0015907819108747587,0.24362775107777362
NN,TCGA-LUSC,384.0419184190559,0.0006649913926683928,0.25538457017252925
NN,TCGA-LUSC,222.7165146883609,0.0012305852006810915,0.27407164692276986
NN,TCGA-LUSC,169.18781979072676,0.0018487001656418752,0.3127775504717043
NN,TCGA-LUSC,153.73246801302022,0.002005260024820989,0.30827357262358085
NN,TCGA-LUSC,324.03023093507625,0.0007761385588901093,0.2514923564747794
NN,TCGA-LUSC,595.5324683931933,0.0006405931508664548,0.3814940203712731
NN,TCGA-LUSC,266.04068492755744,0.0012152388477599694,0.32330297540863795
NN,TCGA-LUSC,271.6792098045466,0.0009599829521837268,0.26080740987511075
NN,TCGA-LUSC,217.13942456360667,0.001463181790937052,0.3177144521160189
NN,TCGA-LUSC,208.19134812355924,0.0014463016592891748,0.30110749224075395
NN,TCGA-LUSC,167.8967102132983,0.0017543087909392108,0.2945426746969624
NN,TCGA-LUSC,125.89119366039215,0.0018497486092219362,0.2328670603865998
NN,TCGA-LUSC,438.5619101385353,0.0008514035892381585,0.3733931843950917
NN,TCGA-LUSC,173.4092465275657,0.002332993778980987,0.4045626933665911
NN,TCGA-LUSC,216.89140801385014,0.0013183699170213439,0.28594310758586206
NN,TCGA-LUSC,106.77685472301452,0.002656037912808008,0.2836033743547194
NN,TCGA-LUSC,346.95581924327155,0.0008623908836419966,0.2992115355419378
NN,TCGA-LUSC,319.4673293834821,0.0009221263020720304,0.29458922707721763
NN,TCGA-LUSC,242.08168261846504,0.001035636320451486,0.2507085830356916
NN,TCGA-LUSC,99.80610855643228,0.0010402540555711148,0.10382370919659961
NN,TCGA-LUSC,141.74756547611105,0.002521950775217029,0.35748038263760484
NN,TCGA-LUSC,229.94480774721737,0.001197407924738672,0.2753377350490285
NN,TCGA-LUSC,126.21582764172608,0.002510061022725634,0.3168094294145533
NN,TCGA-LUSC,63.929843773699965,0.004916398998788248,0.3143046199217076
NN,TCGA-LUSC,148.91525180932382,0.0018714446828103641,0.27868665618792554
NN,TCGA-LUSC,161.67589372712055,0.001744374105853172,0.2820232425582584
NN,TCGA-LUSC,143.8466995252195,0.0018112503146833206,0.26054237978121086
NN,TCGA-LUSC,125.81192924482541,0.0018828710939593194,0.23688764485033692
NN,TCGA-LUSC,140.6507228379663,0.0023309585272250025,0.327851001759518
NN,TCGA-LUSC,225.46941787842476,0.0014195365921741395,0.3200620890946261
NN,TCGA-LUSC,183.4639730157751,0.0014060699333467912,0.2579631763098284
NN,TCGA-LUSC,104.18859507254774,0.0029475215232388167,0.3070981264523482
NN,TCGA-LUSC,62.6557976050439,0.007526987951135475,0.4716094336419484
NN,TCGA-LUSC,26.29301059300178,0.008578000240042917,0.22554145117822022
NN,TCGA-LUSC,78.48199696019104,0.006087431579030548,0.47775378668084645
NN,TCGA-LUSC,85.2771248660807,0.006009276517139868,0.512453823906943
NN,TCGA-LUSC,65.0065693492083,0.006368433073200634,0.4139899862188087
NN,TCGA-LUSC,102.99826938538696,0.006394131131324623,0.6585844407496626
NN,TCGA-LUSC,62.06803295441675,0.006539199983189619,0.40587528005213475
NN,TCGA-LUSC,72.29128330251847,0.007023225660385359,0.5077179959124354
NN,TCGA-LUSC,34.617909905355795,0.007541077762740192,0.261056350579822
NN,TCGA-LUSC,80.06608758761065,0.00407900935452703,0.32659032025024437
NN,TCGA-LUSC,71.39931330878667,0.005239642660978696,0.3741068879773027
NN,TCGA-LUSC,49.39238283693278,0.004625865471989498,0.22848251834465402
NN,TCGA-LUSC,249.00883676845567,0.0011593566432310555,0.2886900491307466
NN,TCGA-LUSC,58.47587960414561,0.006399400222273347,0.3742105569363989
NN,TCGA-LUSC,36.373427190900976,0.00564366927183204,0.20527959334850784
NN,TCGA-LUSC,78.22524709426666,0.004264405306053657,0.33358415877614916
NN,TCGA-LUSC,49.045226389101686,0.006089959249900249,0.29868343011176157
NN,TCGA-LUSC,62.08974938821161,0.00633385444013407,0.39326743484933574
NN,TCGA-LUSC,42.718367214805525,0.00622585824006031,0.26595849852621917
NN,TCGA-LUSC,40.25239431288119,0.004109947458998016,0.16543522572481223
NN,TCGA-LUSC,98.16362966768823,0.0034528173447332918,0.33894108313856947
NN,TCGA-LUSC,48.849098922925606,0.006405715425841981,0.31291342650906545
NN,TCGA-LUSC,52.095565848236625,0.005243777898161069,0.2731775767871778
NN,TCGA-LUSC,52.61359498978735,0.005572827050914296,0.29320646540493583
NN,TCGA-LUSC,80.80306518498406,0.004266197128604431,0.34472180467461566
NN,TCGA-LUSC,64.03747745579453,0.00499162084760293,0.31965080749624664
NN,TCGA-LUSC,37.78393754097892,0.005743385769186363,0.2170077291766847
NN,TCGA-LUSC,87.72474942980791,0.004131514084760302,0.36243603785131967
NN,TCGA-LUSC,70.71095404077244,0.005567984175513616,0.39371747313449146
NN,TCGA-LUSC,58.0844553090172,0.004665596822911877,0.27099865015031754
NN,TCGA-LUSC,43.35922835407436,0.0068160731864075254,0.29553967376752716
NN,TCGA-LUSC,63.68457521678137,0.005147729644909152,0.32783097576687215
NN,TCGA-LUSC,65.99726497568398,0.0050540481650717525,0.3335533559501098
NN,TCGA-LUSC,70.82031747696043,0.0039068489983049666,0.27668428639450254
NN,TCGA-LUSC,38.29096944915798,0.00410958875280874,0.15736013738240268
NN,TCGA-LUSC,104.86922465031736,0.0031646838359969875,0.3318779401443962
NN,TCGA-LUSC,52.161222511338615,0.005111753091472458,0.26663529042731793
NN,TCGA-LUSC,53.27080309397423,0.005770073196635727,0.30737643309580026
NN,TCGA-LUSC,92.42791282678623,0.0025594065236503255,0.23656060305626025
NN,TCGA-LUSC,64.93602318658616,0.004939891725535117,0.32077692362857346
NN,TCGA-LUSC,84.73732861472149,0.003839919344477821,0.32538450734704305
NN,TCGA-LUSC,142.66373485583702,0.0016907106751570574,0.24120309947853966
NN,TCGA-LUSC,44.2054665794664,0.0058125692821497125,0.25694733714290213
NN,TCGA-LUSC,38.030576664307624,0.004931750846265082,0.1875573286481482
NN,TCGA-LUSC,60.136067156412665,0.0064466001332459805,0.3876731785434191
NN,TCGA-LUSC,51.058016427924386,0.005212592526971855,0.26614463487420487
NN,TCGA-LUSC,35.933119582431836,0.007360466635155391,0.26448452778353837
NN,TCGA-LUSC,33.605247754278324,0.014119105516633212,0.4744760389552569
NN,TCGA-LUSC,20.918208866881656,0.011868914114380399,0.24827642446768888
NN,TCGA-LUSC,41.81370691153856,0.0110068318496148,0.4602364409843811
NN,TCGA-LUSC,43.904363406598435,0.011323016130467912,0.49712981505083925
NN,TCGA-LUSC,32.099918503934795,0.011203423843265094,0.35962899233384943
NN,TCGA-LUSC,52.10813833283743,0.012692320843291523,0.6613732102669905
NN,TCGA-LUSC,29.012372308078024,0.012783466644778724,0.37087869368621734
NN,TCGA-LUSC,37.84411158656554,0.013762338054736346,0.5208234570354796
NN,TCGA-LUSC,25.50090511297433,0.01029852282575907,0.2626216533834823
NN,TCGA-LUSC,251.08292554326408,0.0013996619262621767,0.3514312112174277
NN,TCGA-LUSC,372.67959051123444,0.00084551606050304,0.3151065791989451
NN,TCGA-LUSC,103.20902625650619,0.0038629267466541812,0.39868890802239143
NN,TCGA-LUSC,228.23519321415324,0.001367640129963255,0.3121436093095932
NN,TCGA-LUSC,227.56203356991364,0.0010612741624713947,0.2415057065871975
NN,TCGA-LUSC,257.99732716485084,0.0013865486080818189,0.3577258348692536
NN,TCGA-LUSC,325.00035619283165,0.0010152600811570635,0.3299598880044088
NN,TCGA-LUSC,212.98418427523566,0.0018860236304108716,0.40169320444687806
NN,TCGA-LUSC,278.8766245665917,0.001088147703300194,0.3034589585262472
NN,TCGA-LUSC,473.0979192569817,0.0006158852766670279,0.2913740428921814
NN,TCGA-LUSC,361.4653902503222,0.001108415782896508,0.4006539435243026
NN,TCGA-LUSC,215.75000308132158,0.0017018037696885744,0.3671641685541146
NN,TCGA-LUSC,206.68831833859022,0.0013816574648212083,0.28557245792385544
NN,TCGA-LUSC,170.38720832937506,0.0020395285887792815,0.34750958255005177
NN,TCGA-LUSC,243.76677695146577,0.0015009554585385856,0.36588307447566043
NN,TCGA-LUSC,397.80568059148277,0.001061120553669532,0.42211978404211914
NN,TCGA-LUSC,294.12761667028303,0.0011988265683632333,0.3526080013536919
NN,TCGA-LUSC,204.3137625071244,0.002089953488452059,0.42700626069053016
NN,TCGA-LUSC,168.6360527204174,0.0024310556089902503,0.4099636218439463
NN,TCGA-LUSC,341.02073457239106,0.0010412639286134255,0.3550925898194841
NN,TCGA-LUSC,166.54030108115916,0.0021747743350889,0.36218757254928313
NN,TCGA-LUSC,270.049273907954,0.001405025470620159,0.37942610816315525
NN,TCGA-LUSC,253.9238087142496,0.0015535448165245871,0.39448201682020323
NN,TCGA-LUSC,252.75397858465493,0.0014121914026718608,0.35693699554835734
NN,TCGA-LUSC,155.6451286736625,0.0015178872893283771,0.23625176245963203
NN,TCGA-LUSC,132.23200956720407,0.0024867454622712303,0.3288273497582506
NN,TCGA-LUSC,326.75971121590874,0.0010053771765078717,0.3285167558587779
NN,TCGA-LUSC,298.57187538025573,0.0013140624569205558,0.39234209212955684
NN,TCGA-LUSC,71.34999354026291,0.0035849191343705076,0.25578395707970064
NN,TCGA-LUSC,376.17125953211155,0.0008559893387313437,0.3219985876966288
NN,TCGA-LUSC,387.41082357025135,0.0009111766049593362,0.352999678945242
NN,TCGA-LUSC,198.60641542325854,0.0019720210576476146,0.3916560333985758
NN,TCGA-LUSC,191.18948386361575,0.0019386964116849253,0.37065836631828475
NN,TCGA-LUSC,225.67081188386032,0.0014761466052058674,0.33312320285641234
NN,TCGA-LUSC,357.9328853283553,0.0009535909665411208,0.3413215660771185
NN,TCGA-LUSC,346.3217779686689,0.0011187146096662058,0.38743523265912583
NN,TCGA-LUSC,241.71069113385633,0.0013951526116079628,0.33722330198896533
NN,TCGA-LUSC,57.542792282847095,0.005190725288645231,0.2986888270818341
NN,TCGA-LUSC,16.49020983962288,0.009205725133019154,0.15180433916937613
NN,TCGA-LUSC,65.30310929592947,0.004979401940467456,0.32517042914670957
NN,TCGA-LUSC,75.73259426926941,0.00531610462587139,0.40260239472410425
NN,TCGA-LUSC,52.28731334532936,0.005985768422160591,0.31297974910208853
NN,TCGA-LUSC,129.8477090972573,0.005023545751561015,0.6522959073854575
NN,TCGA-LUSC,53.96064583855422,0.005147062393180107,0.2777388109073331
NN,TCGA-LUSC,76.24782460813255,0.0047690596113970415,0.3636304207955304
NN,TCGA-LUSC,23.348367433869914,0.008081960113172859,0.18870057430824078
NN,TCGA-LUSC,258.46977417131825,0.0013548611783754287,0.35019066280818323
NN,TCGA-LUSC,79.50131057810239,0.004871367681149773,0.38728011495921855
NN,TCGA-LUSC,251.25047273824936,0.0016212566326585832,0.4073414953854913
NN,TCGA-LUSC,221.62924788683654,0.0015729554153797614,0.34861292567014307
NN,TCGA-LUSC,397.500673766008,0.000696328357944944,0.27679099144549324
NN,TCGA-LUSC,322.34347703607295,0.0011662022478734569,0.3759176875068143
NN,TCGA-LUSC,261.1694569675322,0.001302535684138937,0.3401825373073992
NN,TCGA-LUSC,211.59980581159928,0.001292896209509553,0.27357658686677416
NN,TCGA-LUSC,353.3821686656257,0.0010543887212227957,0.3726021729222874
NN,TCGA-LUSC,261.0732052281728,0.0017865635569659093,0.4664238741609352
NN,TCGA-LUSC,271.06242074173355,0.0013919789082985719,0.3773131725048464
NN,TCGA-LUSC,336.8114757902152,0.0010462154094754467,0.35237735605988946
NN,TCGA-LUSC,249.68616656194783,0.0010130928041430795,0.25295525863797974
NN,TCGA-LUSC,187.6200777572619,0.0019533980398111846,0.36649669212025743
NN,TCGA-LUSC,258.4797799269973,0.0018092963050135888,0.4676665107426418
NN,TCGA-LUSC,232.45411447806714,0.0017534127095066433,0.40758799870295515
NN,TCGA-LUSC,277.8730077834388,0.0016816019351442396,0.46727178761298105
NN,TCGA-LUSC,195.32993413757214,0.0019444671148814464,0.37981263348246785
NN,TCGA-LUSC,308.0319865564667,0.0012326434498248773,0.3796936105653733
NN,TCGA-LUSC,177.6090045669135,0.0023290848425876753,0.41366644044388345
NN,TCGA-LUSC,229.99858275591498,0.0018735571775694553,0.43091549555314684
NN,TCGA-LUSC,308.79015472058006,0.0012684799402256307,0.3916941170022247
NN,TCGA-LUSC,297.54225799426047,0.001605331732594988,0.4776540285461511
NN,TCGA-LUSC,192.5659898133228,0.0016474614537946635,0.31724504552926514
NN,TCGA-LUSC,140.26714330589377,0.0027212229937088944,0.3816981756258587
NN,TCGA-LUSC,248.80832558825077,0.001727367694599006,0.4297834637684156
NN,TCGA-LUSC,157.90167711967396,0.002723743841837961,0.4300837206705981
NN,TCGA-LUSC,51.212002208991414,0.005769439641217885,0.29546455565069296
NN,TCGA-LUSC,188.31488961161435,0.002248824342054918,0.4234871077299832
NN,TCGA-LUSC,174.14958003042423,0.0021250572530126044,0.37007782815275203
NN,TCGA-LUSC,179.30745298823658,0.0021813841120509924,0.3911384291208695
NN,TCGA-LUSC,219.92884114876395,0.0014632314785878032,0.321806803418208
NN,TCGA-LUSC,191.7903197461803,0.0022524600066306712,0.43200002488717987
NN,TCGA-LUSC,326.75756911832224,0.0010808694490470287,0.3531822737048673
NN,TCGA-LUSC,309.2908757798829,0.0014961951588464794,0.46275951101724866
NN,TCGA-LUSC,151.20229157168316,0.0028922204244087183,0.43731035590102424
NN,TCGA-LUSC,38.805847199856245,0.006343746178698547,0.24617444488524776
NN,TCGA-LUSC,10.082322310926255,0.0074113211352598764,0.07472332843546996
NN,TCGA-LUSC,57.07169255019138,0.0046889939877216135,0.2676088232369438
NN,TCGA-LUSC,83.40933739917014,0.004794531995376506,0.3999087368734755
NN,TCGA-LUSC,29.506804474813656,0.0054568215712894,0.16101336715798176
NN,TCGA-LUSC,123.8563784260156,0.005197443662417124,0.6437365491002318
NN,TCGA-LUSC,42.34001221041839,0.005201710485796238,0.2202404854836741
NN,TCGA-LUSC,52.076132189925346,0.005711529745579428,0.29743437803748496
NN,TCGA-LUSC,11.502722457792284,0.006843679557120296,0.07872094653562159
NN,TCGA-LUSC,63.788048917721824,0.004305585189543772,0.27464487869003673
NN,TCGA-LUSC,338.2853446593195,0.0011933874298104639,0.40370547800553225
NN,TCGA-LUSC,355.3778115338482,0.000792545365468276,0.28165303752140985
NN,TCGA-LUSC,284.515891974903,0.0007953998657502412,0.22630390228064795
NN,TCGA-LUSC,330.63090670585717,0.0008586958998385099,0.28391140394820846
NN,TCGA-LUSC,250.60623618034597,0.0014839905341899008,0.37189728230059205
NN,TCGA-LUSC,310.94065548114463,0.0011305900863085366,0.35154642251726026
NN,TCGA-LUSC,671.408407691225,0.00043022502246624713,0.28885669728298446
NN,TCGA-LUSC,657.3420649446775,0.0005370801412060946,0.3530453690611932
NN,TCGA-LUSC,287.2654675443846,0.0009224026705157497,0.26497443440989576
NN,TCGA-LUSC,355.58867228993125,0.0007803681974581555,0.2774900912314324
NN,TCGA-LUSC,307.0131505788617,0.0010955213770869547,0.33633946950595917
NN,TCGA-LUSC,161.79672400509753,0.0012710737786788924,0.20565557335902518
NN,TCGA-LUSC,399.3746080182537,0.0009063821860084058,0.36198603025183496
NN,TCGA-LUSC,440.0239692489532,0.0007908983414780454,0.34801422748958355
NN,TCGA-LUSC,305.04294168743706,0.0013711074979263587,0.418246664537158
NN,TCGA-LUSC,161.0993984245252,0.00240217610082569,0.38698912475279024
NN,TCGA-LUSC,487.80807353998085,0.0006629614449277676,0.3233979452814964
NN,TCGA-LUSC,185.1860660097615,0.0019693180948032307,0.36469027069844884
NN,TCGA-LUSC,489.7313236055253,0.0004507233615307479,0.22073334842238487
NN,TCGA-LUSC,314.3418510339138,0.0007735102818653135,0.24314665379530706
NN,TCGA-LUSC,524.4479489457633,0.0007917843172033958,0.4152496611647426
NN,TCGA-LUSC,464.5278130055964,0.0005865427228294732,0.27246540827032284
NN,TCGA-LUSC,122.08373191412076,0.002924038539477691,0.3569775371601517
NN,TCGA-LUSC,525.2005900632139,0.0004720806854561348,0.24793705455900847
NN,TCGA-LUSC,173.07018196669864,0.0015918580454852816,0.27550316159729094
NN,TCGA-LUSC,17.260691231461685,0.005557972677117917,0.09593445025263285
NN,TCGA-LUSC,194.1655971025308,0.0011339906562688354,0.22018197288312918
NN,TCGA-LUSC,128.2438289792838,0.0016551684024712588,0.21226513353843848
NN,TCGA-LUSC,170.84963885170617,0.002172118033980753,0.3711055816488897
NN,TCGA-LUSC,212.27093778528558,0.001363945993413986,0.28952609511046973
NN,TCGA-LUSC,320.78548974375303,0.0009652346300754648,0.30963326352638826
NN,TCGA-LUSC,327.18620628582937,0.0009797735976647176,0.32056840643893747
NN,TCGA-LUSC,488.2043922736462,0.0007272741753077042,0.35505844677241494
NN,TCGA-LUSC,214.08938976219196,0.0015768756899908654,0.33759235420097977
NN,TCGA-LUSC,41.145534616586474,0.005336220525714824,0.21956164636253855
NN,TCGA-LUSC,30.93532622290183,0.008519165788862693,0.2635431728254522
NN,TCGA-LUSC,94.6769414329917,0.004553528484565121,0.43111414964663136
NN,TCGA-LUSC,98.76666426829675,0.004523956219036792,0.44681606505008
NN,TCGA-LUSC,71.6132928395912,0.005070638695930269,0.36312513381541717
NN,TCGA-LUSC,151.24877812507373,0.0043519215269451645,0.6582228134466612
NN,TCGA-LUSC,67.84896889457092,0.004765314631515482,0.3233216842065376
NN,TCGA-LUSC,59.81912927530228,0.004579539941517103,0.2739440917830218
NN,TCGA-LUSC,39.367008514106224,0.007445424698062692,0.29310409747977073
NN,TCGA-LUSC,72.57818456371737,0.005630244927029074,0.40863295545284956
NN,TCGA-LUSC,52.1678384944541,0.004529281186757817,0.2362828094467512
NN,TCGA-LUSC,81.80301112965245,0.0041885195008647715,0.3426335073460072
NN,TCGA-LUSC,56.64716340858689,0.005208006729194642,0.295018808221709
NN,TCGA-LUSC,74.56495784460195,0.004649856020257146,0.34671631813394266
NN,TCGA-LUSC,59.052187992683805,0.005204694207482059,0.307348580784663
NN,TCGA-LUSC,72.74428820815,0.003938076251716639,0.28647255384054626
NN,TCGA-LUSC,118.17279608570529,0.003226734267827321,0.38131221065471554
NN,TCGA-LUSC,56.23743779096447,0.005468968553323641,0.3075607787982792
NN,TCGA-LUSC,61.9894345417147,0.005050693497478073,0.3130896339521811
NN,TCGA-LUSC,56.39250098670922,0.004613455288453645,0.26016428190626106
NN,TCGA-LUSC,85.28789178468728,0.0034184255785372824,0.29155031081629473
NN,TCGA-LUSC,83.37568178284172,0.004350413958384088,0.36271872981786457
NN,TCGA-LUSC,59.53877144560953,0.004809473960309895,0.28635017089650133
NN,TCGA-LUSC,98.00835809114402,0.0036708891588096773,0.3597778191895173
NN,TCGA-LUSC,87.63264444216681,0.004159898390331976,0.3645428965555041
NN,TCGA-LUSC,78.3162199681025,0.003827872128903235,0.29978447565695454
NN,TCGA-LUSC,61.250116295060444,0.004584295256698541,0.2807886176036796
NN,TCGA-LUSC,67.62820436627263,0.00456475300339577,0.30870604899520593
NN,TCGA-LUSC,73.49285663785865,0.004076275062629637,0.29957709879431815
NN,TCGA-LUSC,80.47201722332457,0.0036691171762575385,0.29526126060219265
NN,TCGA-LUSC,44.539827789546585,0.003529745840058185,0.15721427185706
NN,TCGA-LUSC,161.6374618466558,0.0017334260726354542,0.28018659067961166
NN,TCGA-LUSC,63.0694225640283,0.00424744592986448,0.26788396216848503
NN,TCGA-LUSC,61.98026835088609,0.004663635763856042,0.28905339613458714
NN,TCGA-LUSC,67.5748976153544,0.003154290397453556,0.21315085065701958
NN,TCGA-LUSC,74.9095003008226,0.0041764386702496424,0.3128549338254327
NN,TCGA-LUSC,98.72348254479785,0.003423430902235194,0.3379730209201377
NN,TCGA-LUSC,135.6245335023758,0.0017197582730913493,0.2332414135248657
NN,TCGA-LUSC,55.489581973282526,0.004870342385783684,0.27025326305389613
NN,TCGA-LUSC,82.31945287088844,0.004053405659702513,0.3336741361704735
NN,TCGA-LUSC,67.26237621177106,0.006001880346597777,0.40370073385089456
NN,TCGA-LUSC,72.80277522647579,0.003926351431536522,0.2858492807303048
NN,TCGA-LUSC,47.71269529567373,0.005783335356993257,0.2759385176809157
NN,TCGA-LUSC,38.0222905751766,0.012006197704471826,0.456503137822446
NN,TCGA-LUSC,18.400788462481017,0.011606532894301635,0.21356935657087195
NN,TCGA-LUSC,49.963575520685545,0.00931805588833249,0.465563389082669
NN,TCGA-LUSC,50.6889116382932,0.009883631202729129,0.5009905087006143
NN,TCGA-LUSC,39.27555595468523,0.009975122251681349,0.3917784721507366
NN,TCGA-LUSC,61.8771501577985,0.010775070827055484,0.6667306755266263
NN,TCGA-LUSC,34.024950853646814,0.010610246139513847,0.3610131034420545
NN,TCGA-LUSC,47.53976401631631,0.011519161645572505,0.5476182262963187
NN,TCGA-LUSC,24.607075223850394,0.010029339076711823,0.2467927011061501
NN,TCGA-LUSC,230.9602990210486,0.0010719879156720544,0.2475866495505683
NN,TCGA-LUSC,273.20009371921344,0.0015677124749083836,0.4282991950697505
NN,TCGA-LUSC,343.58333600897066,0.0010988804315334388,0.3775570045412362
NN,TCGA-LUSC,259.4377098325997,0.001692828398642981,0.4391835228835221
NN,TCGA-LUSC,188.37643173469968,0.001301746477366152,0.2452183564294507
NN,TCGA-LUSC,303.59819227074036,0.0010894736683564781,0.33076223623959883
NN,TCGA-LUSC,263.75903361878903,0.0014730182638186269,0.3885218737676274
NN,TCGA-LUSC,269.05224484440595,0.0013905721124840564,0.3741365484818632
NN,TCGA-LUSC,238.5052896007411,0.0014147093707531236,0.33741566817235596
NN,TCGA-LUSC,165.23617827957273,0.0018049529182316303,0.29824352218315675
NN,TCGA-LUSC,252.26111433835902,0.0016155262552794126,0.4075344533996609
NN,TCGA-LUSC,324.7903466290879,0.0014497364928537837,0.4708604180348186
NN,TCGA-LUSC,249.03819841546843,0.0014381386366703402,0.35815145514805946
NN,TCGA-LUSC,187.14339293898811,0.0020851473733153564,0.39022155422005467
NN,TCGA-LUSC,154.58004358848274,0.002546674084783964,0.39366499103156455
NN,TCGA-LUSC,241.77568007979875,0.001307025007201481,0.31600685999744194
NN,TCGA-LUSC,160.75576242968347,0.0021995434484404853,0.3535892840512654
NN,TCGA-LUSC,290.48399789699613,0.0014555413510694702,0.42281147076305486
NN,TCGA-LUSC,310.6798151448529,0.0012974186931624077,0.4030817997571735
NN,TCGA-LUSC,207.31307051677143,0.0015938407886461204,0.33042402780909974
NN,TCGA-LUSC,140.61771411002556,0.001634402641778064,0.2298259634222183
NN,TCGA-LUSC,115.50478525187715,0.00331842887098593,0.383294414116859
NN,TCGA-LUSC,312.47802508213204,0.001180412369416635,0.36885292597783015
NN,TCGA-LUSC,233.9159523853113,0.0018247295317248779,0.4268333462590279
NN,TCGA-LUSC,62.71185216072659,0.006079409240689115,0.3812510135266509
NN,TCGA-LUSC,268.47102355451386,0.001445650980399703,0.3881153984104947
NN,TCGA-LUSC,203.239429510241,0.0019272372068537256,0.3916905904518615
NN,TCGA-LUSC,113.54338328218702,0.003188955524110573,0.3620847993439344
NN,TCGA-LUSC,164.95255985525148,0.0020368387697681095,0.3359817690856709
NN,TCGA-LUSC,193.38869027385783,0.00200379515184965,0.3875113199933099
NN,TCGA-LUSC,340.53056346230153,0.0012332104062066256,0.41994583449311595
NN,TCGA-LUSC,281.8807869195891,0.0011788307239344077,0.3322897321076198
NN,TCGA-LUSC,203.05265798061544,0.0015951247568726033,0.32389432169366505
NN,TCGA-LUSC,72.16605458907253,0.004892236250059752,0.35305338828445154
NN,TCGA-LUSC,10.49021376566586,0.008466422290394798,0.08881457965663979
NN,TCGA-LUSC,72.87992003203334,0.004234737112198354,0.3086273020936998
NN,TCGA-LUSC,82.2951051905862,0.004378489416221876,0.36032824708384764
NN,TCGA-LUSC,46.64469294458323,0.005048929019993292,0.23550574383658263
NN,TCGA-LUSC,149.3432625846916,0.004175624038259074,0.6236013172006751
NN,TCGA-LUSC,50.11122340959827,0.004384549512715004,0.21971514018210678
NN,TCGA-LUSC,104.5149325933102,0.004325450518800018,0.4520741694080826
NN,TCGA-LUSC,18.494452828849212,0.007347125196925425,0.13588106038218675
NN,TCGA-LUSC,239.86907486836256,0.0013186116123089175,0.31629414755522
NN,TCGA-LUSC,408.9701461222426,0.0006234115290963374,0.2549567041488198
NN,TCGA-LUSC,274.0415427719936,0.001172233936636351,0.32124079648551296
NN,TCGA-LUSC,419.41089500459515,0.0007172067821860357,0.300804338420011
NN,TCGA-LUSC,409.62645418747593,0.0005464083728238449,0.22382332429817997
NN,TCGA-LUSC,207.00041123160486,0.0008526714427615271,0.17650333929708195
NN,TCGA-LUSC,290.2723282139701,0.0010079145237670264,0.2925696954545297
NN,TCGA-LUSC,329.07934907792793,0.0010301107876628769,0.3389881874822511
NN,TCGA-LUSC,271.30221130081264,0.001315102143697304,0.3567901196715176
NN,TCGA-LUSC,180.4793212105941,0.001138807739600677,0.2055312478325012
NN,TCGA-LUSC,456.6109956727494,0.0007936341624401795,0.3623820851117189
NN,TCGA-LUSC,598.6064732279335,0.0005261952062925889,0.31498385666825157
NN,TCGA-LUSC,216.93512794351628,0.0013965237975235387,0.3029550686919341
NN,TCGA-LUSC,156.57422802413174,0.0018878967957679854,0.2955959833866042
NN,TCGA-LUSC,540.2215162085771,0.0005369360306758466,0.29006439659872096
NN,TCGA-LUSC,259.7114496868476,0.0014653325195487059,0.3805636329252753
NN,TCGA-LUSC,197.00027092707012,0.0009502699497689491,0.1872034375583363
NN,TCGA-LUSC,285.3860606799708,0.0008649367928201748,0.24684090404011771
NN,TCGA-LUSC,282.2418659197778,0.0008783078289656182,0.24789524049920514
NN,TCGA-LUSC,310.11800207678914,0.000905474178474838,0.28080384316073875
NN,TCGA-LUSC,110.18640044946041,0.002545153332956456,0.2804412843504189
NN,TCGA-LUSC,436.36295567489253,0.0005040840028480847,0.2199635853912212
NN,TCGA-LUSC,220.49984413208196,0.0012910676183595358,0.2846802086122559
NN,TCGA-LUSC,35.380406504820805,0.005997680987335849,0.21220039141817737
NN,TCGA-LUSC,166.54889223366177,0.0011496873819785746,0.19147915988355035
NN,TCGA-LUSC,160.42663661315783,0.0016724434309573857,0.26830447455426343
NN,TCGA-LUSC,145.9049298051234,0.0025317022440618747,0.36938783820732124
NN,TCGA-LUSC,326.10148856149067,0.0010823594078749846,0.3529590140665661
NN,TCGA-LUSC,420.08855660679325,0.000915953332595942,0.3847815134094113
NN,TCGA-LUSC,282.89319994991337,0.0010185942625194786,0.2881533903747574
NN,TCGA-LUSC,539.8548025831711,0.0003259857657856393,0.17598498123313017
NN,TCGA-LUSC,323.76126895232613,0.0009669721107894856,0.3130681176307132
NN,TCGA-LUSC,40.386056975987394,0.004564719327608407,0.18435101484418398
NN,TCGA-LUSC,16.95134965191166,0.009062719280443833,0.15362532331992465
NN,TCGA-LUSC,70.74957186407366,0.0037513911259741024,0.26540931605735296
NN,TCGA-LUSC,79.58323844775325,0.004139332347046967,0.32942147318953685
NN,TCGA-LUSC,50.53886501443893,0.004921515074691173,0.24872778602634354
NN,TCGA-LUSC,177.96277060674996,0.0034559958299790914,0.6150385931084534
NN,TCGA-LUSC,57.43341154571225,0.004061092078215778,0.2332423726531986
NN,TCGA-LUSC,57.88046956001921,0.0035101551736383633,0.20316942967871923
NN,TCGA-LUSC,20.91650687647558,0.007960433366675398,0.16650445925379162
NN,TCGA-LUSC,308.3215607254412,0.0010367709644256479,0.31965884186653665
NN,TCGA-LUSC,244.4153548703121,0.0013962803298516917,0.34127235231913766
NN,TCGA-LUSC,241.87810011728627,0.0014207872664527006,0.34365732468041177
NN,TCGA-LUSC,460.91494652074743,0.0006501338889510564,0.2996564266572017
NN,TCGA-LUSC,502.36037789948716,0.0008766736490740305,0.44040610564335236
NN,TCGA-LUSC,282.86739342199155,0.0011918346022504155,0.3371311473287111
NN,TCGA-LUSC,362.24328545771147,0.0008281690508585818,0.2999986778974072
NN,TCGA-LUSC,303.5559332721066,0.000828014221745032,0.2513486298443902
NN,TCGA-LUSC,210.32801539755528,0.001266623917809705,0.2664064948879914
NN,TCGA-LUSC,272.18225218579533,0.001418527174706264,0.3860979211983041
NN,TCGA-LUSC,247.64145806301448,0.0014968576121807606,0.37068400159316583
NN,TCGA-LUSC,458.357988622658,0.001012912935703192,0.46427673585878676
NN,TCGA-LUSC,199.67629711850222,0.0020659928214550706,0.4125297964615554
NN,TCGA-LUSC,343.7241644161882,0.0011068550128646754,0.3804528144267798
NN,TCGA-LUSC,153.25690208383512,0.002450275470557939,0.37552162786972104
NN,TCGA-LUSC,318.76904513773707,0.001062604157748545,0.33872531272489304
NN,TCGA-LUSC,337.32278643211424,0.0009622073897705745,0.3245744778429816
NN,TCGA-LUSC,435.96636655549355,0.001068183154397343,0.46569192863839537
NN,TCGA-LUSC,241.92321783663246,0.000964613921806484,0.23336250393343838
NN,TCGA-LUSC,145.58849264638306,0.0026898743048274004,0.39161474544805874
NN,TCGA-LUSC,305.2919372017211,0.0011066214948156866,0.33784261990134534
NN,TCGA-LUSC,143.60702748909708,0.002366952372589585,0.33991099443585604
NN,TCGA-LUSC,50.901811542500155,0.005293324835727958,0.2694398232214601
NN,TCGA-LUSC,194.11267300830934,0.0017654812024377557,0.34270227535111686
NN,TCGA-LUSC,163.16812033273666,0.0019848850496505094,0.3238699626280243
NN,TCGA-LUSC,233.63578628053216,0.0017308180630614004,0.404381039071898
NN,TCGA-LUSC,179.6430862743849,0.001378011177507842,0.24755018084810795
NN,TCGA-LUSC,224.8845322187965,0.001680554984115599,0.3779308214708035
NN,TCGA-LUSC,335.31155239709125,0.0011489436814965369,0.38525408945943296
NN,TCGA-LUSC,368.7963677721678,0.001173007269705802,0.43260082043784737
NN,TCGA-LUSC,156.9094176989305,0.0027317389406237335,0.4286355664787633
NN,TCGA-LUSC,46.682601288084705,0.007011034290144411,0.3272933183839015
NN,TCGA-LUSC,26.046829552223077,0.007181363317598356,0.18705174628607163
NN,TCGA-LUSC,77.53574464840165,0.004846968813311507,0.3758133362276873
NN,TCGA-LUSC,98.40873918960163,0.004702174344604801,0.46273504870224985
NN,TCGA-LUSC,63.91960670234491,0.00517289889829356,0.3306496630899176
NN,TCGA-LUSC,121.32409314673784,0.005310673273443872,0.6443126188991954
NN,TCGA-LUSC,50.23766179416046,0.005559795051949024,0.27931110346466187
NN,TCGA-LUSC,61.37597091965142,0.006199988951718792,0.3805303416028527
NN,TCGA-LUSC,34.049170299815025,0.006561573080074095,0.22341611923812466
NN,TCGA-LUSC,451.07973174855687,0.0006818609596783283,0.3075736587815139
NN,TCGA-LUSC,416.2727338755305,0.0006676857854451636,0.2779393872770891
NN,TCGA-LUSC,437.36831432281826,0.0006597323396620709,0.28854602130224893
NN,TCGA-LUSC,350.0650024781693,0.0010386083791532829,0.36358044482214136
NN,TCGA-LUSC,423.2676556998422,0.0006590837180272704,0.27896882023933856
NN,TCGA-LUSC,365.2265373990218,0.0007090434192403097,0.2589614728747013
NN,TCGA-LUSC,316.12107501683573,0.0010265407434182894,0.32451116335797137
NN,TCGA-LUSC,217.76352482768232,0.0013613980186949293,0.29646283124443074
NN,TCGA-LUSC,295.235808044372,0.0013145856781031902,0.38811276491835406
NN,TCGA-LUSC,310.7000389669533,0.001094359210843678,0.340017449452975
NN,TCGA-LUSC,282.62762113060637,0.001439105633372083,0.40673100171560644
NN,TCGA-LUSC,226.38801501652267,0.0015693257104741672,0.3552765325086409
NN,TCGA-LUSC,388.4437137306291,0.0007619312956643236,0.29596742209543986
NN,TCGA-LUSC,245.76362166933544,0.0012715558439874517,0.3125021693731646
NN,TCGA-LUSC,317.45418820425755,0.0008117990497209663,0.25770900831415705
NN,TCGA-LUSC,322.97300278333887,0.0008490771500617249,0.27422899675015494
NN,TCGA-LUSC,269.6599095883016,0.0013131912615396756,0.35411503685893664
NN,TCGA-LUSC,189.0595475604998,0.0011850392878223124,0.22404299159710325
NN,TCGA-LUSC,118.42366488843398,0.0025876932168436674,0.3064441143455682
NN,TCGA-LUSC,380.2726848030428,0.0007378086688287366,0.28056848336646273
NN,TCGA-LUSC,183.1478233195241,0.0017518575086897233,0.3208488894824871
NN,TCGA-LUSC,34.758811672878515,0.006400244520466089,0.22246489394725344
NN,TCGA-LUSC,218.5031556833404,0.0013289537719140994,0.2903805929205089
NN,TCGA-LUSC,166.06686491084096,0.0018514991351732996,0.3074726567633632
NN,TCGA-LUSC,128.95931881449926,0.002823453654486343,0.3641106599868673
NN,TCGA-LUSC,252.0326445725494,0.0011802227538567195,0.29745466183920605
NN,TCGA-LUSC,239.4518998096253,0.0015624789653946598,0.37413855667632906
NN,TCGA-LUSC,587.7914336201029,0.0006023487580968183,0.3540554400610174
NN,TCGA-LUSC,605.2594559769875,0.0005457510521070806,0.3303209848972002
NN,TCGA-LUSC,253.79826580296694,0.001192996281069965,0.30278038724494605
NN,TCGA-LUSC,59.408448271876864,0.004620072166231473,0.27447131829990057
NN,TCGA-LUSC,27.129708244577017,0.009051898368948213,0.2455753618091276
NN,TCGA-LUSC,107.85460882636522,0.004133247547391618,0.4457897974064564
NN,TCGA-LUSC,104.52244395764826,0.004367297432257699,0.45648060110953653
NN,TCGA-LUSC,66.22739128815621,0.005294903506426148,0.35066764635311487
NN,TCGA-LUSC,177.90843639160454,0.0037318421827194715,0.6639262075878537
NN,TCGA-LUSC,76.93394669731427,0.0041636869611742094,0.32032887073527905
NN,TCGA-LUSC,81.78952867533931,0.003877981431237269,0.317178273472614
NN,TCGA-LUSC,34.45064355269237,0.00809097626063162,0.2787393391483157
NN,TCGA-LUSC,244.88331047516525,0.001015219444811163,0.24861029850411695
NN,TCGA-LUSC,290.79000594610585,0.0013658389111363487,0.3971723050907616
NN,TCGA-LUSC,270.32830496600775,0.0016586423344848466,0.4483779708261506
NN,TCGA-LUSC,310.7119403044309,0.0010624575595848504,0.3301182498297194
NN,TCGA-LUSC,270.06956592942333,0.001301847784127091,0.3515894659653851
NN,TCGA-LUSC,321.7978028121622,0.0008383457709659568,0.26977782709371306
NN,TCGA-LUSC,187.0494299338791,0.0018403242827982253,0.344231607990883
NN,TCGA-LUSC,207.67999120160889,0.0020366149312231333,0.4229641709974856
NN,TCGA-LUSC,221.54172820736147,0.001712766171227047,0.3794491775887456
NN,TCGA-LUSC,290.53269270496645,0.0015061968565428401,0.43759942847514743
NN,TCGA-LUSC,423.86156975132,0.000882034255739358,0.37386042421212157
NN,TCGA-LUSC,284.81192890589597,0.001084066742563663,0.3087551400122882
NN,TCGA-LUSC,413.41650804572106,0.000660544025964053,0.27307980462452086
NN,TCGA-LUSC,258.1786756575655,0.0014102065351677263,0.3640852556532477
NN,TCGA-LUSC,262.9506152505269,0.0011467600485499604,0.3015412603109362
NN,TCGA-LUSC,217.86202085527543,0.0017805091975597492,0.3879053319317718
NN,TCGA-LUSC,214.38427395418628,0.0014478812844421365,0.3104029779369821
NN,TCGA-LUSC,177.22092938347478,0.0019938772419557833,0.3533567778959633
NN,TCGA-LUSC,283.9975565905593,0.0013323411121613418,0.37838162039896944
NN,TCGA-LUSC,150.97382310903805,0.00258484417630448,0.3902438074378197
NN,TCGA-LUSC,58.60105916322956,0.007092392575613694,0.41562171693238814
NN,TCGA-LUSC,187.09670219806253,0.00210259409172213,0.39338842062234114
NN,TCGA-LUSC,159.01193585234984,0.0025477256540861314,0.40511878827693
NN,TCGA-LUSC,110.74541452172348,0.002780045070342608,0.307877243704166
NN,TCGA-LUSC,270.69845930562855,0.0011133667340629569,0.3013866595529819
NN,TCGA-LUSC,231.67497623076056,0.0019681599753966603,0.4559734155183556
NN,TCGA-LUSC,246.27198863522747,0.0013950574462285427,0.34356357154308514
NN,TCGA-LUSC,439.5001230557414,0.0007476561168762944,0.3285949553705092
NN,TCGA-LUSC,200.16079710882906,0.0019654430548579844,0.3934046485323862
NN,TCGA-LUSC,84.3025976913152,0.005489886366753887,0.46281168174748905
NN,TCGA-LUSC,34.380411342367545,0.009167051975834787,0.31516701772606315
NN,TCGA-LUSC,97.33167587835183,0.004303129210440845,0.4188307775732963
NN,TCGA-LUSC,110.32375788352452,0.0048293560098366835,0.5327927031625663
NN,TCGA-LUSC,57.02439299563854,0.005743391833799972,0.32751343305855074
NN,TCGA-LUSC,160.58237855088353,0.0042014509912216,0.6746789935353319
NN,TCGA-LUSC,92.28740887585991,0.004725525454560873,0.43610649977834304
NN,TCGA-LUSC,112.93497103315349,0.004671171300014905,0.5275385954580812
NN,TCGA-LUSC,25.65920030726779,0.008242688829445106,0.21150080374521063
NN,TCGA-LUSC,375.87620217446573,0.0008931576389443218,0.33571670126950437
NN,TCGA-LUSC,230.509016839581,0.0014408754183572404,0.33213477607384745
NN,TCGA-LUSC,265.99987228214184,0.0013909567688354981,0.36999432286022316
NN,TCGA-LUSC,292.3918197502655,0.0012698424730286455,0.3712915514850231
NN,TCGA-LUSC,296.4008415993354,0.0012594337045473219,0.3732972099663949
NN,TCGA-LUSC,208.5857320211793,0.0016186023697622241,0.33761736014806903
NN,TCGA-LUSC,315.7814436613461,0.0012667836449362074,0.4000267682045376
NN,TCGA-LUSC,368.27630483590843,0.0010275046266955228,0.3784056071212267
NN,TCGA-LUSC,203.19368344579104,0.0021563560843767945,0.43815793560526384
NN,TCGA-LUSC,174.41008967558878,0.001959761183269131,0.34180212371670715
NN,TCGA-LUSC,329.9469651200665,0.0009228411631424496,0.30448864106672346
NN,TCGA-LUSC,221.48603700280498,0.0016517734680521032,0.36584475946523964
NN,TCGA-LUSC,235.65118419801945,0.0014768415647472511,0.34801946360554575
NN,TCGA-LUSC,176.8323233821537,0.0014319715461943543,0.2532188555306827
NN,TCGA-LUSC,235.5429264074487,0.0014502173401732103,0.3415884362312245
NN,TCGA-LUSC,258.2369109587415,0.0013077894580718107,0.33771950983687093
NN,TCGA-LUSC,95.99856844621308,0.003040833615127592,0.2919156739353717
NN,TCGA-LUSC,354.20573860345837,0.000977333368967007,0.34617708781676504
NN,TCGA-LUSC,217.90429753196972,0.0018399297774985058,0.40092860567396527
NN,TCGA-LUSC,54.31525929780424,0.0062774952989894965,0.34096378490536167
NN,TCGA-LUSC,245.21967374802026,0.001446270405276765,0.35465395693338536
NN,TCGA-LUSC,187.28106945779697,0.0020674187688570402,0.38718839804866845
NN,TCGA-LUSC,133.7616818712459,0.002650980185910999,0.35459956827480343
NN,TCGA-LUSC,297.5469788644782,0.001181463608330905,0.35154092729718595
NN,TCGA-LUSC,318.84059383540836,0.001267953155442429,0.4042749370367439
NN,TCGA-LUSC,249.40677584889002,0.0007902302380097477,0.19708877584031215
NN,TCGA-LUSC,477.05817497743243,0.0007496425165867901,0.3576230908483837
NN,TCGA-LUSC,289.1611127322045,0.0012408339194974172,0.35880091687773585
NN,TCGA-LUSC,62.73098728911776,0.004784679940700313,0.30014769654256807
NN,TCGA-LUSC,25.74983870889097,0.009482196703480727,0.24416503572060638
NN,TCGA-LUSC,58.1432218125134,0.003936744784024499,0.2288950251967916
NN,TCGA-LUSC,88.73484299351573,0.0043400438188021025,0.385113106846383
NN,TCGA-LUSC,31.113121366698504,0.005336885830378698,0.16604717656078594
NN,TCGA-LUSC,181.53124134055827,0.0034514035593891873,0.6265375725031403
NN,TCGA-LUSC,54.89015784977179,0.0044319922473107735,0.24327275404385315
NN,TCGA-LUSC,91.63454598728235,0.003695923535175695,0.33867427514953635
NN,TCGA-LUSC,7.11501338617754,0.008340602807925016,0.059343500627176464
NN,TCGA-LUSC,528.8062918798096,0.00040771688648974394,0.21560325488142273
NN,TCGA-LUSC,289.7681950899059,0.0010883356172470588,0.3153650474617389
NN,TCGA-LUSC,337.67957922378145,0.0007822194917594058,0.2641395488379563
NN,TCGA-LUSC,283.64056933196275,0.0012410070816621234,0.35199995518764227
NN,TCGA-LUSC,286.76800947302013,0.0009509056086762813,0.27268930859682783
NN,TCGA-LUSC,492.365899700802,0.0007671318907943236,0.3777095836001245
NN,TCGA-LUSC,397.9004824122706,0.000717194570440262,0.2853720655616414
NN,TCGA-LUSC,378.0726171086078,0.001016937560565619,0.38447624495908694
NN,TCGA-LUSC,209.34582576605814,0.0018001612784351762,0.37685624934609485
NN,TCGA-LUSC,572.4381940169045,0.0005115917591711077,0.2928546626938401
NN,TCGA-LUSC,198.78584981812233,0.0019095934085247145,0.3796001485206702
NN,TCGA-LUSC,322.2262589616509,0.0007400810944698474,0.23847356239926307
NN,TCGA-LUSC,337.3022820555434,0.0008974573857075741,0.30271442424676676
NN,TCGA-LUSC,462.5215793095673,0.0007121869078723521,0.3294018133927176
NN,TCGA-LUSC,374.10973784004835,0.0006875116911470401,0.25720481853698746
NN,TCGA-LUSC,132.24851828556857,0.002591347913515943,0.34270192192488313
NN,TCGA-LUSC,528.0515110577654,0.0005439928129795879,0.2872562268984358
NN,TCGA-LUSC,215.33674861403009,0.0014565944699651717,0.3136583172114766
NN,TCGA-LUSC,43.75062731176808,0.004710263023319939,0.2060769620736726
NN,TCGA-LUSC,222.78724083363528,0.0010127372964450732,0.2256249479643132
NN,TCGA-LUSC,211.92228891658132,0.0012219042415112396,0.2589487436979411
NN,TCGA-LUSC,215.15592184435698,0.001632048353172211,0.35114486792133176
NN,TCGA-LUSC,307.1194042388665,0.0010556511933819445,0.3242109655955112
NN,TCGA-LUSC,294.1616326594157,0.001040914815036385,0.30619720145047674
NN,TCGA-LUSC,412.6602607299447,0.0007387604109358016,0.304857063793729
NN,TCGA-LUSC,494.45904033805635,0.0005864371147306854,0.28996913296835336
NN,TCGA-LUSC,205.47403289196913,0.0014871124771137652,0.3055629980365315
NN,TCGA-LUSC,49.06888382895226,0.005457297569860728,0.2677835004755195
NN,TCGA-LUSC,17.965722887605953,0.008295929506751478,0.14904237061341058
NN,TCGA-LUSC,67.30519284757453,0.0043202965345882196,0.29077839141916806
NN,TCGA-LUSC,70.62946167774635,0.004536485815496843,0.32040955105727414
NN,TCGA-LUSC,57.023955358378764,0.00513816011941522,0.2929982132737356
NN,TCGA-LUSC,146.85813633112343,0.004398295753321124,0.6459255173658349
NN,TCGA-LUSC,46.59776034671012,0.004902350563221095,0.22843855668053598
NN,TCGA-LUSC,50.571943873012664,0.0047363854930775676,0.23952822131687015
NN,TCGA-LUSC,21.620270792930903,0.007195066759006932,0.15555929170294558
NN,TCGA-LUSC,331.79404018398117,0.0012251365808991059,0.40649301595370324
NN,TCGA-LUSC,364.4010684081106,0.000986911529095598,0.3596316156267181
NN,TCGA-LUSC,283.58975437986186,0.0013550190502210954,0.3842695196322341
NN,TCGA-LUSC,249.84892122428852,0.0008991029607904832,0.224639904823066
NN,TCGA-LUSC,377.0854794557271,0.0011040683502143852,0.4163281431924851
NN,TCGA-LUSC,224.00342936018004,0.0011189399085540016,0.2506463767640626
NN,TCGA-LUSC,417.4584714536047,0.0007753522138127899,0.3236773500164558
NN,TCGA-LUSC,179.68140540306237,0.002131690424321127,0.3830251313262705
NN,TCGA-LUSC,340.06149536692806,0.0007698349322198448,0.26179121823637813
NN,TCGA-LUSC,151.433351970239,0.002170749058997954,0.32872380629030223
NN,TCGA-LUSC,656.7384933796924,0.0004965554556713449,0.3261070818370657
NN,TCGA-LUSC,446.03902490490947,0.0007628163416282015,0.3402458572013733
NN,TCGA-LUSC,441.7743825992967,0.000508609692085655,0.22469073270515863
NN,TCGA-LUSC,329.0177856814266,0.00045108598795563575,0.14841531290908194
NN,TCGA-LUSC,158.84095799753823,0.0024270105282995754,0.3855086773852159
NN,TCGA-LUSC,553.5859430696338,0.0005829083457461252,0.32268986630302887
NN,TCGA-LUSC,207.5689803726194,0.0018128659009299265,0.37629472660831487
NN,TCGA-LUSC,78.17027486689585,0.004799320351067714,0.3751641910172503
NN,TCGA-LUSC,296.97259537768,0.0012324362998542772,0.3659998066053894
NN,TCGA-LUSC,233.2720709093205,0.0015305208795746684,0.3570277751483376
NN,TCGA-LUSC,212.45261986407056,0.0016113508014925881,0.3423356992971702
NN,TCGA-LUSC,207.11718756181833,0.0015033437037116357,0.31136831985152147
NN,TCGA-LUSC,163.54270764908787,0.0012576018533180574,0.20567161223614616
NN,TCGA-LUSC,320.19415339100976,0.0014484713862244994,0.4637920692232559
NN,TCGA-LUSC,278.5963749338081,0.0007157985140734189,0.19941887120386093
NN,TCGA-LUSC,137.27908760908505,0.0019397911764327243,0.2662927628528381
NN,TCGA-LUSC,66.70127696995536,0.00657482689236474,0.43854934957713143
NN,TCGA-LUSC,25.981650051537343,0.008670495469457282,0.22527377906087911
NN,TCGA-LUSC,70.49889567839115,0.005102090933131432,0.3596917764364982
NN,TCGA-LUSC,91.13328025376653,0.0051117635100838815,0.4658517765554517
NN,TCGA-LUSC,56.56428122884259,0.005584462755929189,0.31588112183837597
NN,TCGA-LUSC,126.59606480691745,0.005158605420501114,0.6530591461270747
NN,TCGA-LUSC,61.70787197726572,0.005778146904662643,0.35655714945875655
NN,TCGA-LUSC,79.64087569163833,0.0059026750082753175,0.4700942065821948
NN,TCGA-LUSC,28.608597159826264,0.007344068354865705,0.21010349307858095
NN,TCGA-LUSC,432.12540467523155,0.0005680110755536536,0.24545201588363608
NN,TCGA-LUSC,334.62831026517733,0.00093001405062789,0.3112090302844839
NN,TCGA-LUSC,169.87832289989984,0.0018612076419952438,0.3161788327906292
NN,TCGA-LUSC,244.20499442484498,0.001768372498137479,0.43184539604871225
NN,TCGA-LUSC,266.35928464695445,0.0012937920175689994,0.34461351628161857
NN,TCGA-LUSC,307.83894228988777,0.0013236413788737344,0.40746836204361897
NN,TCGA-LUSC,193.41223528414284,0.002103278876193146,0.4067998688704363
NN,TCGA-LUSC,377.32265349070315,0.0009014674947018792,0.3401441071365294
NN,TCGA-LUSC,201.13025133908044,0.0015562350850565482,0.31300595380011875
NN,TCGA-LUSC,372.6092232511858,0.0007672915055131062,0.28589989187647147
NN,TCGA-LUSC,533.9480902309848,0.0006149956126992038,0.3283757329011742
NN,TCGA-LUSC,283.6183217316011,0.001280924200878617,0.36329357211858565
NN,TCGA-LUSC,184.72116762655443,0.0011173924481269293,0.20640603771510052
NN,TCGA-LUSC,121.63442745995978,0.0028875323237142906,0.351223340967115
NN,TCGA-LUSC,320.6513423810462,0.0009868154888119179,0.3164237111699498
NN,TCGA-LUSC,152.55165632912184,0.0024278960257745194,0.37037956012679524
NN,TCGA-LUSC,31.070753842087058,0.007633726247930534,0.23718562914732846
NN,TCGA-LUSC,154.3139761093619,0.002103438024437682,0.3245898850505998
NN,TCGA-LUSC,136.65370349291624,0.0024877711083181944,0.33996313539435813
NN,TCGA-LUSC,110.98757924058688,0.003309095259073384,0.3672684722810576
NN,TCGA-LUSC,255.5949465556276,0.0013352497126268782,0.34128307893728405
NN,TCGA-LUSC,186.00810305900941,0.0020849925407909614,0.38782550740471106
NN,TCGA-LUSC,360.2325811512177,0.0011395526228388645,0.41050398268288424
NN,TCGA-LUSC,408.9004205841436,0.0008923349958331161,0.3648761550981112
NN,TCGA-LUSC,168.6323238212927,0.0021084711487236035,0.35555638951941165
NN,TCGA-LUSC,61.44970874397817,0.0052190968894444845,0.320711983762966
NN,TCGA-LUSC,22.152423908036248,0.009038380877029597,0.20022204463024806
NN,TCGA-LUSC,100.17107272907812,0.0045350354409179295,0.45427936498113675
NN,TCGA-LUSC,99.87147072101217,0.0045760161390969775,0.45701346185470293
NN,TCGA-LUSC,59.78819764398463,0.005354837230936651,0.3201560667146079
NN,TCGA-LUSC,154.4288205172358,0.004179351287575515,0.6454122898674776
NN,TCGA-LUSC,79.43557953542656,0.0044730377550789725,0.35531834635854154
NN,TCGA-LUSC,98.32099132874278,0.004429904297827004,0.4355525820538092
NN,TCGA-LUSC,25.58386525700345,0.008093556414111852,0.20706445674859364
NN,TCGA-LUSC,348.23917907230776,0.0007317716810342541,0.2548315694717313
NN,TCGA-LUSC,185.2866690224134,0.0018412560942343214,0.34116020851789636
NN,TCGA-LUSC,239.03848513695465,0.0015343651992337035,0.3667723328716861
NN,TCGA-LUSC,254.44666527801897,0.0012666231087678091,0.32228802619004654
NN,TCGA-LUSC,332.40747084434713,0.001169167016581475,0.38863985097647896
NN,TCGA-LUSC,165.8265482198837,0.0022033816629133136,0.36537917557190214
NN,TCGA-LUSC,440.56740299401247,0.0008064407263973543,0.35529149649748737
NN,TCGA-LUSC,148.64738515226327,0.0022075697604648677,0.32814947243431075
NN,TCGA-LUSC,390.2711304445593,0.0007182686038063867,0.2803194999703538
NN,TCGA-LUSC,455.04606018421964,0.0007257412654438479,0.33024570355333294
NN,TCGA-LUSC,401.8607983444097,0.0007415493893179683,0.2979996296031282
NN,TCGA-LUSC,203.1091067956882,0.000926651904017082,0.18821144053543332
NN,TCGA-LUSC,113.04345805000175,0.002750223849672709,0.3108948143785912
NN,TCGA-LUSC,272.06353100062785,0.0010798569162784066,0.29378968561815266
NN,TCGA-LUSC,133.18223116264738,0.0025961576670233463,0.3457620705441826
NN,TCGA-LUSC,38.323994760188384,0.006623084241124141,0.25382304575312786
NN,TCGA-LUSC,149.04086867946396,0.0019665425153108963,0.29309520477703405
NN,TCGA-LUSC,147.26491976000412,0.0023230279292320542,0.342100521598607
NN,TCGA-LUSC,126.20150290666699,0.0025060543623427927,0.31626782689346944
NN,TCGA-LUSC,274.21184040322254,0.0012721574034949355,0.34884062289493123
NN,TCGA-LUSC,162.59028518256093,0.001817488776151089,0.2955060184305092
NN,TCGA-LUSC,373.48343291140054,0.0010041216879883854,0.3750228150906924
NN,TCGA-LUSC,301.8267298720577,0.001042954488917609,0.3147915427953852
NN,TCGA-LUSC,120.28557771502847,0.002507069230488728,0.3015642707609085
NN,TCGA-LUSC,52.72213594943425,0.006025107424286125,0.3176565327331587
NN,TCGA-LUSC,20.025508343371364,0.008882332198143626,0.1778732175425213
NN,TCGA-LUSC,86.26547026153752,0.004778739765946542,0.4122402331668882
NN,TCGA-LUSC,97.81813364300889,0.0048422818389643185,0.47366297206092656
NN,TCGA-LUSC,53.56257285426882,0.0056471602468747975,0.30247643214296205
NN,TCGA-LUSC,138.77052327138978,0.004646265949362918,0.6447647570511328
NN,TCGA-LUSC,57.715319845886924,0.00523968105399401,0.3024098679216982
NN,TCGA-LUSC,76.01885128265393,0.005194551844753095,0.39488386416632115
NN,TCGA-LUSC,24.56762128861504,0.007761095947450586,0.19067166602157093
NN,TCGA-LUSC,156.34979200837526,0.0018726305645779555,0.2927853992802897
NN,TCGA-LUSC,228.8822151260404,0.0019150458924861093,0.4383199459402457
NN,TCGA-LUSC,255.83224077321492,0.001565532468219638,0.40051367934785187
NN,TCGA-LUSC,293.68489569964817,0.0013246864914393459,0.3890404140730972
NN,TCGA-LUSC,155.831902796859,0.002014234996471918,0.31388207218024355
NN,TCGA-LUSC,383.63661491142483,0.001020860036561998,0.39163928872499826
NN,TCGA-LUSC,192.44040195420715,0.0018935522560766431,0.36439595728068497
NN,TCGA-LUSC,286.74454760024616,0.0011164362104898436,0.3201319961014434
NN,TCGA-LUSC,319.00805333175975,0.0008566480327600325,0.27327762132125955
NN,TCGA-LUSC,337.60144356397376,0.0012412257330809773,0.4190395992768895
NN,TCGA-LUSC,293.70826562358116,0.0009060079105785075,0.26610201205725803
NN,TCGA-LUSC,103.83858388433508,0.002697638772308355,0.2801189899479758
NN,TCGA-LUSC,268.96534467466853,0.001275281978698033,0.3430066569579098
NN,TCGA-LUSC,134.06967719744947,0.0030393695526814857,0.4074872948117632
NN,TCGA-LUSC,30.868029100179665,0.007314977332810699,0.2257989331763553
NN,TCGA-LUSC,149.20285820133327,0.002487258489049216,0.37110607565167264
NN,TCGA-LUSC,117.47144802689246,0.0030500952725618083,0.35829910828781486
NN,TCGA-LUSC,154.0753266694202,0.002459364803350257,0.3789274354754652
NN,TCGA-LUSC,281.38463332279645,0.0012543622021385357,0.3529582483027274
NN,TCGA-LUSC,222.72093857755576,0.0016628067003905218,0.37034186898402555
NN,TCGA-LUSC,285.59325831265966,0.0013870513074680756,0.39613250234664243
NN,TCGA-LUSC,327.30137650533777,0.0010399927578002527,0.34039106118360507
NN,TCGA-LUSC,138.59008096852256,0.002792098998284239,0.38695722624434337
NN,TCGA-LUSC,46.50061068649583,0.0066024581015211425,0.307018333752735
NN,TCGA-LUSC,7.378779705762481,0.00810423666529786,0.059799377036596046
NN,TCGA-LUSC,80.4794135537818,0.0044996459365367215,0.3621288661721326
NN,TCGA-LUSC,96.96080348076947,0.004403750825355261,0.4269912183555479
NN,TCGA-LUSC,48.70572882517949,0.00508537691611182,0.24768698904996986
NN,TCGA-LUSC,141.21513940198324,0.004485971164062436,0.6334870432863539
NN,TCGA-LUSC,45.50867056140077,0.005065520433068406,0.23052510061055426
NN,TCGA-LUSC,67.47354439709368,0.005516330648714621,0.3722063809350945
NN,TCGA-LUSC,20.504898167682473,0.007290842678273181,0.14949798667458492
NN,TCGA-LUSC,226.81693086943326,0.0008175258438356005,0.1854287028052345
NN,TCGA-LUSC,187.12200771854683,0.001143663082374865,0.21400453212756654
NN,TCGA-LUSC,140.88864611873282,0.001647426106227434,0.23210363368703887
NN,TCGA-LUSC,141.65807556492626,0.002411599305839176,0.3416225166988897
NN,TCGA-LUSC,258.847690648526,0.0011298470091809362,0.2924582891126293
NN,TCGA-LUSC,121.58867722543674,0.0024159670429040126,0.29375423696694886
NN,TCGA-LUSC,212.70728839018528,0.001464111574707412,0.3114272029566978
NN,TCGA-LUSC,267.57521380225734,0.0011619493988219085,0.31090885881717656
NN,TCGA-LUSC,129.66772892570762,0.0015059502033789199,0.19527314274735205
NN,TCGA-LUSC,88.37882085553049,0.0013451527692754802,0.1188830156191184
NN,TCGA-LUSC,140.32552380132378,0.002436462407160069,0.34189786350697093
NN,TCGA-LUSC,274.5987316141364,0.0007740984851772557,0.21256646217409877
NN,TCGA-LUSC,246.92980212016502,0.000923966662644178,0.22815490517235615
NN,TCGA-LUSC,107.69799013240815,0.00397809648068786,0.4284329955228887
NN,TCGA-LUSC,325.0637512406616,0.0007948235799705626,0.25836833447976304
NN,TCGA-LUSC,361.59589218547376,0.0010383898118275885,0.37547749044410306
NN,TCGA-LUSC,74.49439304097272,0.001890921639002598,0.14086305978553987
NN,TCGA-LUSC,109.15116981122922,0.001939654102254275,0.21171551429020374
NN,TCGA-LUSC,174.53570618255654,0.0014026476240458752,0.24481209358813188
NN,TCGA-LUSC,245.33989930908862,0.0017197430413462796,0.42192158460140206
NN,TCGA-LUSC,207.25957186036686,0.0010250137913047517,0.21244391953679426
NN,TCGA-LUSC,187.40036689082535,0.0015091171018842384,0.28280909857432535
NN,TCGA-LUSC,90.35882841842478,0.006266975020165473,0.5662765205496861
NN,TCGA-LUSC,29.217109458358628,0.008169338792390247,0.23868446569968113
NN,TCGA-LUSC,112.14740251705358,0.00438399801218343,0.49165398970629787
NN,TCGA-LUSC,120.13033328275432,0.004518702839009189,0.542833278055902
NN,TCGA-LUSC,74.0539952679472,0.004979594935386859,0.3687588997814323
NN,TCGA-LUSC,141.9855831806812,0.004644965115226551,0.6595180807393619
NN,TCGA-LUSC,89.9055651097933,0.005062160752445397,0.45511642312521994
NN,TCGA-LUSC,119.70588642746606,0.005300677626878246,0.6345223139916976
NN,TCGA-LUSC,41.16051073586942,0.007036036956120777,0.28960687467038326
NN,TCGA-LUSC,804.371352422039,0.00047392070879516066,0.38120824147437465
NN,TCGA-LUSC,222.95195673852092,0.002114455389376907,0.47142196649789253
NN,TCGA-LUSC,158.91906279875118,0.002886921722486441,0.4587868945109017
NN,TCGA-LUSC,486.00611423828246,0.000824703239130162,0.4008108166493751
NN,TCGA-LUSC,180.32974707229565,0.0024438331309831985,0.44069581039709654
NN,TCGA-LUSC,229.45615113661083,0.0013784369590902085,0.3162908392172931
NN,TCGA-LUSC,280.7732366792686,0.0013152782476810161,0.36929493073523567
NN,TCGA-LUSC,338.4355128875548,0.001284455491877849,0.4347053531749163
NN,TCGA-LUSC,294.45337700817504,0.0012713559972032371,0.3743550667560891
NN,TCGA-LUSC,148.48710492100534,0.0029750987239222215,0.441763796369388
NN,TCGA-LUSC,569.5830090364236,0.0006082781623242303,0.34646490602778124
NN,TCGA-LUSC,530.8603363327748,0.000562007908131603,0.2983477071324219
NN,TCGA-LUSC,51.127652307612614,0.004395575867504061,0.22473547464548033
NN,TCGA-LUSC,496.2271218970602,0.0005964375161451607,0.29596847202814447
NN,TCGA-LUSC,299.5159192410565,0.0010918349861579516,0.3270219595386451
NN,TCGA-LUSC,174.92247261262048,0.002134598292587719,0.37338921137412173
NN,TCGA-LUSC,211.2584432414453,0.001645966103428008,0.3477242366383887
NN,TCGA-LUSC,405.96188214091876,0.000992751058343832,0.4030190881426511
NN,TCGA-LUSC,292.3117629959989,0.0012967899607620494,0.3790669596658669
NN,TCGA-LUSC,463.4137838330927,0.0008912595614349991,0.41302196574201566
NN,TCGA-LUSC,357.12467337865485,0.001161344017931497,0.41474460308404054
NN,TCGA-LUSC,75.58593951819216,0.005061836504165097,0.38260366785480027
NN,TCGA-LUSC,20.16118653108161,0.008684931011386916,0.17509851413014688
NN,TCGA-LUSC,96.07775626672513,0.003830893685213021,0.3680636697716331
NN,TCGA-LUSC,99.25322637224157,0.004090388747282372,0.40598428028448685
NN,TCGA-LUSC,72.30287740219704,0.004728634976317863,0.34189391497245136
NN,TCGA-LUSC,176.21552806647156,0.0037514381520356516,0.6610616549696706
NN,TCGA-LUSC,70.33627490200432,0.004433174775731482,0.3118129997144809
NN,TCGA-LUSC,103.81560461970999,0.0039691078841042355,0.412055334789139
NN,TCGA-LUSC,26.514289842392213,0.007414630316283703,0.19659365728013437
NN,TCGA-LUSC,183.09931933364848,0.0019774707594195657,0.36207355005191544
NN,TCGA-LUSC,139.02497726826604,0.002703892213049632,0.3759085534550667
NN,TCGA-LUSC,527.286455960352,0.000535570933124007,0.2823992992423363
NN,TCGA-LUSC,202.28881102948756,0.0020652170921895323,0.4177703100967961
NN,TCGA-LUSC,235.7744249057572,0.0011609663533285468,0.27372617429097224
NN,TCGA-LUSC,244.5126112863541,0.0011853959253060823,0.2898442531047941
NN,TCGA-LUSC,266.74966074229707,0.0012270381160126556,0.32731200116424325
NN,TCGA-LUSC,258.20433870320085,0.0010910833760707438,0.2817224615884022
NN,TCGA-LUSC,109.17495130271229,0.0031675166251230245,0.3458134732983378
NN,TCGA-LUSC,521.5394716924831,0.0005094630915057912,0.2657051115907495
NN,TCGA-LUSC,317.14988035796705,0.0010148350161846692,0.3218548039660434
NN,TCGA-LUSC,37.54062047971881,0.005850410366946167,0.21962803523613855
NN,TCGA-LUSC,264.2970613962825,0.0010065454001710779,0.26602699142716113
NN,TCGA-LUSC,143.25245041159295,0.0015984043479047349,0.22897533958589758
NN,TCGA-LUSC,126.6725953257123,0.002467636854471996,0.3125819646773447
NN,TCGA-LUSC,273.73236962814593,0.0011961887482964284,0.32743558059370714
NN,TCGA-LUSC,415.9566782193287,0.0008400992243089988,0.34944488271820584
NN,TCGA-LUSC,260.9333278156888,0.0009594447230025139,0.2503511044282477
NN,TCGA-LUSC,360.5540043861504,0.0006468759467884845,0.2332337129556704
NN,TCGA-LUSC,319.8400213288649,0.001113026935950564,0.3559905589340296
NN,TCGA-LUSC,63.82622683554421,0.00467316771452745,0.29827066258797075
NN,TCGA-LUSC,12.295493681809003,0.009168461059710226,0.11273075503157895
NN,TCGA-LUSC,81.18227579077615,0.0036366935352889086,0.2952350575483569
NN,TCGA-LUSC,84.98397377409374,0.003966927513818921,0.3371252637981181
NN,TCGA-LUSC,58.21359484558777,0.00474679926990571,0.2763282495116228
NN,TCGA-LUSC,200.300370266261,0.003237882466586557,0.6485490569359218
NN,TCGA-LUSC,56.79219653844321,0.004182173600084636,0.2375148250538952
NN,TCGA-LUSC,106.1266636548999,0.003385418332776868,0.3592831527337427
NN,TCGA-LUSC,18.98886608237425,0.008057632758667582,0.15300530939529053
NN,TCGA-LUSC,261.69913544379347,0.0013739115647371232,0.35955146866793464
NN,TCGA-LUSC,309.7112236639451,0.0012819873558786435,0.3970458727108801
NN,TCGA-LUSC,151.52172054265793,0.0021496107375671147,0.3257127174531412
NN,TCGA-LUSC,274.8355279130932,0.0012289135763905489,0.3377491115268639
NN,TCGA-LUSC,355.08795779100615,0.001094574938812757,0.3886703796722374
NN,TCGA-LUSC,364.3037770564842,0.0008684618183406246,0.31638392065083176
NN,TCGA-LUSC,283.4169281320039,0.0010304907327643655,0.2920585179485742
NN,TCGA-LUSC,146.599245682025,0.0023634930207417503,0.34648629401547126
NN,TCGA-LUSC,253.82993558353104,0.0014792370743090305,0.37547465128463214
NN,TCGA-LUSC,134.77663126554475,0.003147092307081307,0.4241544994301299
NN,TCGA-LUSC,63.27293982896634,0.006103700982245692,0.3861991049836344
NN,TCGA-LUSC,165.037401418359,0.0025097604630733477,0.41420434500816267
NN,TCGA-LUSC,165.14791819881287,0.00238176504797228,0.3933435393113177
NN,TCGA-LUSC,196.78191047998217,0.001910496306269214,0.3759511131126051
NN,TCGA-LUSC,289.3439561691563,0.0012387580123148765,0.3584271440194268
NN,TCGA-LUSC,163.273754987138,0.0024199130365138407,0.39510828821394195
NN,TCGA-LUSC,219.06210686191667,0.0022020122620125104,0.48237744545223543
NN,TCGA-LUSC,269.37469115135707,0.001214714670163233,0.32721338911224346
NN,TCGA-LUSC,115.6220348339705,0.0034226498408311706,0.3957337391210652
NN,TCGA-LUSC,59.4362750792115,0.0075697308910910675,0.44991660751849344
NN,TCGA-LUSC,15.45117685743563,0.008333068569776825,0.1287557162367599
NN,TCGA-LUSC,65.42140033098178,0.0054347387876009295,0.355548221917955
NN,TCGA-LUSC,71.46746562076085,0.005739123941939399,0.4101606430138395
NN,TCGA-LUSC,44.95160796819582,0.006124941663006228,0.27532597646352536
NN,TCGA-LUSC,104.96716272718368,0.00599222620926364,0.6289869836058715
NN,TCGA-LUSC,45.13660531500344,0.00645816152546081,0.29149948783526514
NN,TCGA-LUSC,71.40247058980619,0.00701390007053229,0.5008097935060214
NN,TCGA-LUSC,22.00852615526673,0.007223296307938353,0.15897410572050286
NN,TCGA-LUSC,193.73112053941045,0.0017632597333651124,0.3415982839468453
NN,TCGA-LUSC,308.8247817636786,0.0009498611477166654,0.29334066164939643
NN,TCGA-LUSC,163.53973432129953,0.0024503275070202244,0.4007259094982597
NN,TCGA-LUSC,185.42756481328314,0.0020975177991309664,0.38893761764537227
NN,TCGA-LUSC,165.1090291466253,0.0022100519716864095,0.3648995354087281
NN,TCGA-LUSC,123.10729025841522,0.002240026934592087,0.2757636460234961
NN,TCGA-LUSC,168.23294312023907,0.001876858837764605,0.3157494860983708
NN,TCGA-LUSC,175.4905441419265,0.0023018973875794857,0.40396122510520305
NN,TCGA-LUSC,117.22493952086378,0.0034124956155424865,0.4000295921471808
NN,TCGA-LUSC,59.55245374072572,0.006451745302258666,0.38421726365970366
NN,TCGA-LUSC,140.91844718637978,0.002894001075522287,0.4078181377183137
NN,TCGA-LUSC,147.1093547202476,0.002653614957028257,0.39037158400442445
NN,TCGA-LUSC,110.38816031523768,0.0025037977242188345,0.276389624577996
NN,TCGA-LUSC,225.9109600359244,0.0012482199105100756,0.2819865583192868
NN,TCGA-LUSC,140.98650476283544,0.0029038681518120443,0.4094062210160949
NN,TCGA-LUSC,173.05658975949254,0.002664408799883678,0.46109350063305155
NN,TCGA-LUSC,216.3242462587646,0.0014139109623695,0.30586322321158654
NN,TCGA-LUSC,109.5103868301133,0.003078720765533946,0.337151901975525
NN,TCGA-LUSC,60.202343814761534,0.006867953949687509,0.41346692498303683
NN,TCGA-LUSC,10.009284621024324,0.009618742971492768,0.09627673609814838
NN,TCGA-LUSC,71.56341140637117,0.005293444381395044,0.3788169380225175
NN,TCGA-LUSC,74.14124972472575,0.006394177352007926,0.47407229983940535
NN,TCGA-LUSC,35.31942846981006,0.007205326747870356,0.2544880226730162
NN,TCGA-LUSC,111.48502374877565,0.0058554559059847385,0.6527956407386172
NN,TCGA-LUSC,48.270827865424735,0.006357983498969084,0.30690512704994755
NN,TCGA-LUSC,84.21671483851071,0.006443096288428707,0.5426164027996672
NN,TCGA-LUSC,13.878663592278954,0.008723767584576065,0.12107423556355915
NN,TCGA-LUSC,239.1793806512925,0.0014286953198368083,0.34171446173796804
NN,TCGA-LUSC,364.35928476045285,0.0008487798652227173,0.30926082461162285
NN,TCGA-LUSC,303.4769045454134,0.0007620884103727574,0.23127623176985912
NN,TCGA-LUSC,435.0729606679615,0.0007317797614860155,0.3183775873866155
NN,TCGA-LUSC,419.17177828989503,0.0007041463124705274,0.2951582619745431
NN,TCGA-LUSC,148.40203116801192,0.002209409596607606,0.3278808718186666
NN,TCGA-LUSC,487.9673780453691,0.0006158185881122158,0.30049938179271907
NN,TCGA-LUSC,232.154028221897,0.0015372848374934872,0.35688686754855736
NN,TCGA-LUSC,51.69102791660954,0.005520817623653094,0.28537673790676205
NN,TCGA-LUSC,236.27439874409066,0.0012780683016400181,0.3019748195238764
NN,TCGA-LUSC,203.0746230203677,0.001631802996116872,0.33137777827994036
NN,TCGA-LUSC,187.28346705459157,0.0017912152112429741,0.3354649950025068
NN,TCGA-LUSC,372.6210806313838,0.0008953632506857113,0.33363122202813833
NN,TCGA-LUSC,338.9660089166978,0.0010109354100430196,0.3426727412148477
NN,TCGA-LUSC,253.04097083271373,0.0009883612151693338,0.2500958814198489
NN,TCGA-LUSC,600.6641896433912,0.00045410447213724335,0.27276429476975717
NN,TCGA-LUSC,221.29479863765036,0.0014589654426096074,0.3228614638415835
NN,TCGA-LUSC,73.83422682813276,0.005179132858545033,0.3823972702508496
NN,TCGA-LUSC,35.26166601207161,0.00864520248411868,0.3048442426017247
NN,TCGA-LUSC,84.12785834774328,0.0037492326576199905,0.31541491393298765
NN,TCGA-LUSC,99.80965165838023,0.004136689128183226,0.41288150090297643
NN,TCGA-LUSC,53.098799779496204,0.004874898309960327,0.25885124930598785
NN,TCGA-LUSC,179.3643542343923,0.003651490242966596,0.6549471894228877
NN,TCGA-LUSC,76.8670707174748,0.004464980726256519,0.3432099892373218
NN,TCGA-LUSC,104.64138217863743,0.004172714885417685,0.43663865304748123
NN,TCGA-LUSC,22.535999572642375,0.007435315854264844,0.1675622749141736
NN,TCGA-LUSC,148.40655457973747,0.001932339949671926,0.28677191420759385
NN,TCGA-LUSC,174.25264572624604,0.001681427970945922,0.2929932725354405
NN,TCGA-LUSC,166.66909987106922,0.002349356176361321,0.3915650791906783
NN,TCGA-LUSC,165.30916423600672,0.0020641455333863974,0.34122217298559165
NN,TCGA-LUSC,152.42566670876616,0.001977082870881588,0.3013581747326075
NN,TCGA-LUSC,207.00960947673758,0.001705473742301203,0.3530494533666022
NN,TCGA-LUSC,141.0089559539588,0.0025370238557500977,0.3577430851296083
NN,TCGA-LUSC,18.511180541368095,0.007135189685034966,0.1320807844565896
NN,TCGA-LUSC,141.3029716254681,0.0022896832021863907,0.3235390405498545
NN,TCGA-LUSC,121.82535543763169,0.0026128557512322273,0.31831208060112626
NN,TCGA-LUSC,116.92623944993254,0.00342819747026747,0.40084623829014715
NN,TCGA-LUSC,236.8483727959816,0.001558366348041895,0.36909653375373913
NN,TCGA-LUSC,197.49099852448865,0.0024151497063545756,0.4769703270940907
NN,TCGA-LUSC,182.23662009473114,0.0023015526983151714,0.4194271847108652
NN,TCGA-LUSC,345.4199105992152,0.0009981737693568152,0.3447890941737128
NN,TCGA-LUSC,186.67210058478253,0.0018551585626212599,0.3463063458023564
NN,TCGA-LUSC,39.38543290935996,0.005095690547202508,0.20069597817370413
NN,TCGA-LUSC,16.944313265129434,0.010361436787330822,0.17556743080136974
NN,TCGA-LUSC,75.06269022858089,0.004760511465451596,0.3573367974608008
NN,TCGA-LUSC,65.41841365511524,0.005643013738006275,0.36915700697439263
NN,TCGA-LUSC,30.01002394789395,0.006558343073369198,0.19681603269031403
NN,TCGA-LUSC,137.4018416598893,0.004675532853394845,0.6424268247977689
NN,TCGA-LUSC,54.53966533173006,0.004857436321125539,0.264922951324377
NN,TCGA-LUSC,74.71741431148457,0.004568101788752431,0.3413167539672492
NN,TCGA-LUSC,22.198181646932312,0.009391385042957428,0.2084716710998522
NN,TCGA-LUSC,517.1615279513028,0.0005744129439571301,0.29706427577187544
NN,TCGA-LUSC,215.167310202532,0.0008233846795322824,0.177165466756935
NN,TCGA-LUSC,244.6033133962066,0.0005934270240533899,0.14515421634230957
NN,TCGA-LUSC,112.93636703910713,0.002950013885769631,0.3331638509737417
NN,TCGA-LUSC,377.8481075926591,0.0006560969349314545,0.2479049852611941
NN,TCGA-LUSC,138.5379945617118,0.0021485407973837194,0.2976545333035616
NN,TCGA-LUSC,41.15931297898539,0.006581632919099604,0.27089548923001383
NN,TCGA-LUSC,180.84602228977568,0.0015638887708158597,0.28282306350569486
NN,TCGA-LUSC,140.0316302541829,0.0022717883471582005,0.31812222584501837
NN,TCGA-LUSC,115.70373006494927,0.002679546551045511,0.3100335308386356
NN,TCGA-LUSC,155.53667717917585,0.0016265262313996808,0.2529844853766736
NN,TCGA-LUSC,181.1353615154304,0.001535293964310585,0.2780960272578561
NN,TCGA-LUSC,344.9037062212744,0.0011855285035233375,0.40889317469616027
NN,TCGA-LUSC,289.77456572707456,0.000770452203319883,0.22325745263048685
NN,TCGA-LUSC,142.6408098983826,0.0018264824446104656,0.26053093516441456
NN,TCGA-LUSC,65.63897848135655,0.005801998716965337,0.3808372689317461
NN,TCGA-LUSC,29.868921379029906,0.00906695108887107,0.2708200492209996
NN,TCGA-LUSC,95.81245377293703,0.004976970568347426,0.4768557625090559
NN,TCGA-LUSC,108.74672883800284,0.004806382666319645,0.5226783925059395
NN,TCGA-LUSC,76.21008031813116,0.005388758554262133,0.4106777222353335
NN,TCGA-LUSC,144.86557041654902,0.0045990193709233036,0.6662395645255628
NN,TCGA-LUSC,77.68699319994516,0.005001378715659927,0.3885420742738232
NN,TCGA-LUSC,97.19142878396407,0.004995287421513921,0.4854991216835018
NN,TCGA-LUSC,35.82722825117709,0.00783328456609235,0.2806448741058133
NN,TCGA-LUSC,315.8724466857799,0.0007879640818049291,0.24889614242023697
NN,TCGA-LUSC,231.2390324090738,0.0006832765812684577,0.15800021552029803
NN,TCGA-LUSC,153.38089898858087,0.0022788455713463737,0.349531382389253
NN,TCGA-LUSC,384.8200837610288,0.0007120374939546395,0.2740063280646174
NN,TCGA-LUSC,174.37449509898497,0.0019683159232488246,0.34322409531180625
NN,TCGA-LUSC,52.99326910509693,0.006257458871558994,0.3316032018946019
NN,TCGA-LUSC,177.7892893907742,0.0016737275193905797,0.2975708263062344
NN,TCGA-LUSC,179.4170672042121,0.0020449975862810842,0.3669074693702448
NN,TCGA-LUSC,117.45443089544919,0.0025020416000159666,0.2938758722066145
NN,TCGA-LUSC,155.27944792566836,0.0015693776341710766,0.2436920926209763
NN,TCGA-LUSC,228.93319461471373,0.0016419818537853606,0.37590415128647237
NN,TCGA-LUSC,273.80914864993014,0.0013192166721926824,0.36121359389787233
NN,TCGA-LUSC,365.640067112163,0.0007153766840644784,0.26157037877181255
NN,TCGA-LUSC,149.36736311456573,0.0019487329185260411,0.2910770974547866
NN,TCGA-LUSC,87.57706221386943,0.005943541931456669,0.5205179415019223
NN,TCGA-LUSC,39.58623016639081,0.008640473031382778,0.3420437541668112
NN,TCGA-LUSC,91.77655450645591,0.004713061815525613,0.4325485746048825
NN,TCGA-LUSC,107.61219825858706,0.004729129211066597,0.508911990251774
NN,TCGA-LUSC,65.52294870519779,0.005313071133548659,0.3481280873505759
NN,TCGA-LUSC,143.82304455530857,0.004640718410762388,0.6674422507597197
NN,TCGA-LUSC,90.79875707324139,0.0048587640046202744,0.4411697325317258
NN,TCGA-LUSC,101.92242851335497,0.0051650868966672,0.5264381999908292
NN,TCGA-LUSC,48.6879686238156,0.007464843373370406,0.36344805994435614
NN,TCGA-LUSC,448.4020646607542,0.0005418776806671017,0.24297907080470926
NN,TCGA-LUSC,132.06702992975607,0.002468423255209239,0.3259973279250245
NN,TCGA-LUSC,305.85644609091156,0.0009990000725909292,0.30555061184722426
NN,TCGA-LUSC,148.2646508288618,0.0023198724031082787,0.34395507181436147
NN,TCGA-LUSC,32.66172378842335,0.005460506537809296,0.1783495562828071
NN,TCGA-LUSC,161.47977100119954,0.0017746366751157966,0.286567923908029
NN,TCGA-LUSC,129.79609277048317,0.0020017997223842517,0.25982578247451377
NN,TCGA-LUSC,203.14482707829768,0.0018374417223992428,0.3732667809632436
NN,TCGA-LUSC,304.9423832511942,0.0013691435474979844,0.41750989638703
NN,TCGA-LUSC,216.49036057190804,0.001549396096520795,0.33542931960449374
NN,TCGA-LUSC,216.1346835782943,0.001748588675951053,0.37793066018526944
NN,TCGA-LUSC,294.66652980040556,0.0009662829115993425,0.2847312323664103
NN,TCGA-LUSC,130.53311100238307,0.0026038335578629124,0.3398864948402496
NN,TCGA-LUSC,51.16700046433315,0.006901484837800318,0.3531282779003171
NN,TCGA-LUSC,11.37081787184467,0.009113533314116861,0.10362832748381179
NN,TCGA-LUSC,48.860092293046826,0.0050985589180743834,0.24911605929865135
NN,TCGA-LUSC,55.22920560063722,0.005344297418614554,0.295161300923618
NN,TCGA-LUSC,33.121833588278605,0.005962020522025854,0.19747305158044226
NN,TCGA-LUSC,121.46535414955792,0.005220441755889863,0.6341028066963023
NN,TCGA-LUSC,30.429815523227344,0.006127940508892473,0.18647209922290986
NN,TCGA-LUSC,65.09835424437222,0.006105888729590255,0.39748330749558625
NN,TCGA-LUSC,14.390803877543537,0.007588552272689382,0.10920536747076016
NN,TCGA-LUSC,77.40615139296924,0.0026411573317594588,0.20444182427482335
NN,TCGA-LUSC,243.65589098415518,0.000726462156453599,0.1770067839969724
NN,TCGA-LUSC,120.12017996854782,0.0022970885601786583,0.2759266912523528
NN,TCGA-LUSC,17.173081176939856,0.006048037496764025,0.10386343889310472
NN,TCGA-LUSC,73.86280517630703,0.0018146036469048972,0.13403171564355265
NN,TCGA-LUSC,37.6620343078357,0.002255835776687466,0.08495936441444653
NN,TCGA-LUSC,175.82749332793048,0.001806999408362459,0.31772017641742456
NN,TCGA-LUSC,235.01443092359534,0.0013136750214458104,0.30873258758362904
NN,TCGA-LUSC,306.97397104569046,0.0010978985669587787,0.33702628290470915
NN,TCGA-LUSC,196.0694779781698,0.0015285758086926512,0.29970706086042687
NN,TCGA-LUSC,316.4579925094413,0.0007205191131210099,0.22801403210295784
NN,TCGA-LUSC,124.02365938624001,0.0022921035899098785,0.2842750749129607
NN,TCGA-LUSC,33.7110860106787,0.006682856159101688,0.2252863387764709
NN,TCGA-LUSC,13.264910283089149,0.008885854767062868,0.11787006627364897
NN,TCGA-LUSC,50.16991557926248,0.0048510113498578585,0.2433748298964129
NN,TCGA-LUSC,59.87419556937678,0.004890840594058858,0.292835146227327
NN,TCGA-LUSC,42.09571083584714,0.0054437357178268985,0.2291579246444139
NN,TCGA-LUSC,133.61796882983876,0.004782850187850035,0.6390747273179345
NN,TCGA-LUSC,34.75372713024791,0.005702197541590162,0.19817261740319492
NN,TCGA-LUSC,51.32393610291107,0.005756833669962059,0.29546336343221974
NN,TCGA-LUSC,17.24195095496015,0.007514603974479029,0.12956643317391603
NN,TCGA-LUSC,123.33387223566113,0.002756514609139915,0.3399716206193957
NN,TCGA-LUSC,123.4934791448076,0.0031174951856201283,0.3849903266894174
NN,TCGA-LUSC,67.48286097782128,0.003950430627762231,0.26658636085580584
NN,TCGA-LUSC,137.66896547366696,0.0026656307702540676,0.3669746304756515
NN,TCGA-LUSC,164.36740861282522,0.002323129211724529,0.3818467284039162
NN,TCGA-LUSC,167.57101477481683,0.0018429584140135017,0.30882641162402946
NN,TCGA-LUSC,105.92576624780901,0.002971116879747118,0.3147178320990129
NN,TCGA-LUSC,131.83123497636956,0.003097179548642785,0.4083050048411332
NN,TCGA-LUSC,119.26922935104623,0.0036571903756573414,0.4361902776947144
NN,TCGA-LUSC,144.7868150178642,0.0020916154932205814,0.3028383455054271
NN,TCGA-LUSC,88.27545159233956,0.0035525543809041445,0.31360334228065767
NN,TCGA-LUSC,57.92123876176416,0.008420790278742886,0.48774260429780925
NN,TCGA-LUSC,18.518473959515237,0.010452150859209959,0.19355788350720443
NN,TCGA-LUSC,59.16735687622539,0.006851306289207378,0.40537368428186044
NN,TCGA-LUSC,60.526927436680886,0.007625227461733171,0.46153158926451
NN,TCGA-LUSC,41.08733262823184,0.008198875571625143,0.3368699277888467
NN,TCGA-LUSC,86.67269715335293,0.007664651126863765,0.6643159859047684
NN,TCGA-LUSC,49.34318862376927,0.00752250256487563,0.37118426298144636
NN,TCGA-LUSC,67.10911704802939,0.007935805677178448,0.5325649120601845
NN,TCGA-LUSC,22.565050884760836,0.009132786304151253,0.20608178767281987
NN,TCGA-LUSC,289.6873446149762,0.0009658489053590489,0.27979420469274435
NN,TCGA-LUSC,34.20394188038259,0.005494367328799977,0.18792902078374735
NN,TCGA-LUSC,314.3104603578161,0.0007869576951506235,0.24734903544491837
NN,TCGA-LUSC,150.32565341657806,0.001372836879934484,0.20637260101052762
NN,TCGA-LUSC,145.37565446428874,0.002308323802117156,0.3355740834482769
NN,TCGA-LUSC,228.85643871926186,0.0012892616024545236,0.295055818915231
NN,TCGA-LUSC,373.29175546662077,0.0008356792369350313,0.31195216936248393
NN,TCGA-LUSC,387.2405506730714,0.0009985122106278563,0.38666441829731696
NN,TCGA-LUSC,645.252732910891,0.0004565388697778249,0.2945829534041909
NN,TCGA-LUSC,304.78772045877196,0.0009569312900866085,0.2916609065411693
NN,TCGA-LUSC,60.44963562179483,0.005038953152992501,0.3046028820136909
NN,TCGA-LUSC,27.504790888239324,0.008889925070584413,0.2445155300785405
NN,TCGA-LUSC,106.03082951405342,0.004073754264884969,0.43194354394216616
NN,TCGA-LUSC,102.72723864426133,0.00425912414380617,0.43752806233631164
NN,TCGA-LUSC,76.93834389264765,0.0049223748694679735,0.3787193704756535
NN,TCGA-LUSC,180.0826121214525,0.003684794855997302,0.6635674827996856
NN,TCGA-LUSC,76.67848751131325,0.004439919434445416,0.3404463069053598
NN,TCGA-LUSC,91.40814294615788,0.00403449241240724,0.36878545914851035
NN,TCGA-LUSC,33.99803727102604,0.007784856071180374,0.26466982685756374
NN,TCGA-LUSC,45.443413126485474,0.0038930877309712917,0.17691519409618034
NN,TCGA-LUSC,637.9930760571926,0.00039861696620878157,0.2543148644401266
NN,TCGA-LUSC,332.59287656630283,0.000883510072427632,0.2938491564640087
NN,TCGA-LUSC,113.36703873406292,0.0030397489695145894,0.3446073391687883
NN,TCGA-LUSC,104.42229579614319,0.0026406018814774173,0.2757377107474871
NN,TCGA-LUSC,227.51136347878173,0.001543956118815218,0.3512675617430582
NN,TCGA-LUSC,216.5835017054856,0.0019146721837567196,0.4146864061761193
NN,TCGA-LUSC,249.85551169371428,0.0013831142998433688,0.34557873111825826
NN,TCGA-LUSC,393.1384613474035,0.0008127059508094944,0.31950596702912326
NN,TCGA-LUSC,68.16511820341621,0.004882620824720459,0.33282442565953163
NN,TCGA-LUSC,24.861890334663382,0.009658731248334461,0.24013431706807772
NN,TCGA-LUSC,95.99547384230557,0.004439501250953106,0.4261720262087517
NN,TCGA-LUSC,89.85739136168185,0.004833547735513187,0.4343299905353795
NN,TCGA-LUSC,64.60364112809118,0.005486075299894685,0.3544204398760814
NN,TCGA-LUSC,154.36081032457383,0.004291126480648913,0.662381760758203
NN,TCGA-LUSC,69.14907399331904,0.0045572212880658205,0.31512763205239214
NN,TCGA-LUSC,99.40008735605846,0.003975361077253254,0.39515123835084814
NN,TCGA-LUSC,30.179134070767457,0.008486449107063606,0.25611368538681734
NN,TCGA-LUSC,46.136575294152216,0.003419006054516097,0.1577412302653442
NN,TCGA-LUSC,113.09503664732767,0.0024891790287581454,0.28151379347916194
NN,TCGA-LUSC,58.176603991204836,0.0030965720715718232,0.18014804713805876
NN,TCGA-LUSC,33.99659026303952,0.007245494790194618,0.24632211763523396
NN,TCGA-LUSC,34.20737479897639,0.005593043559953173,0.19132333732231938
NN,TCGA-LUSC,64.12664904735023,0.006400298468590304,0.4104296936935835
NN,TCGA-LUSC,40.78829974581303,0.005820242238455122,0.2373977850153493
NN,TCGA-LUSC,29.468242739954185,0.005968373687861307,0.17587748459665253
NN,TCGA-LUSC,48.11477833965644,0.012258638690899736,0.589821683358577
NN,TCGA-LUSC,24.093499325646036,0.012262024120772284,0.29543506988488244
NN,TCGA-LUSC,47.60693634782481,0.01057824320887063,0.5035977511165142
NN,TCGA-LUSC,50.841518276309536,0.011110995806027334,0.5648998963401373
NN,TCGA-LUSC,40.33371793253056,0.011146964503574861,0.449598522091119
NN,TCGA-LUSC,53.17546400012753,0.012186696568805852,0.6480332446750133
NN,TCGA-LUSC,41.15215625771553,0.011686453314591084,0.48092275290054987
NN,TCGA-LUSC,50.673730120990776,0.012260934231930098,0.6213072723000431
NN,TCGA-LUSC,28.755744306720334,0.010707746205431905,0.30790921198465476
NN,TCGA-LUSC,367.5511006460878,0.0006672536786010064,0.2452498239799508
NN,TCGA-LUSC,136.1238222473205,0.002384410013738131,0.3245750048748204
NN,TCGA-LUSC,101.64711059444431,0.002339832287188778,0.2378371912683293
NN,TCGA-LUSC,198.7738297016124,0.0014501467204081945,0.2882512172447702
NN,TCGA-LUSC,268.3567467854971,0.0014769609988877128,0.39635244879056475
NN,TCGA-LUSC,289.5144833501149,0.0011212768120752539,0.324625876940431
NN,TCGA-LUSC,324.93707473760037,0.0008605249603694839,0.2796164633611496
NN,TCGA-LUSC,71.03439656666762,0.005146460595939734,0.36557572288671164
NN,TCGA-LUSC,24.02235421132431,0.00932740838384636,0.22406630807043326
NN,TCGA-LUSC,95.14744498296412,0.004581885745325075,0.4359547218715451
NN,TCGA-LUSC,92.71646250703611,0.004826061902870738,0.44745538747415015
NN,TCGA-LUSC,70.44359339997747,0.005557961505065306,0.3915227803955472
NN,TCGA-LUSC,151.15255664041004,0.004436424668412264,0.6705769309730971
NN,TCGA-LUSC,62.28581279292835,0.004867405655633298,0.30317031745401624
NN,TCGA-LUSC,93.18718866715997,0.004410172433822385,0.41097157064531464
NN,TCGA-LUSC,30.59071240353356,0.00799793312465747,0.2446624720390912
NN,TCGA-LUSC,125.38582999398612,0.0019605338283200458,0.24582316129519605
NN,TCGA-LUSC,90.68063143340567,0.0024865387416472687,0.2254809031762003
NN,TCGA-LUSC,174.78229647638125,0.0020999878412029205,0.36704069745792467
NN,TCGA-LUSC,203.9196498383596,0.002057790246127288,0.4196238664310684
NN,TCGA-LUSC,144.67925637203203,0.0016538234367027653,0.23927394499279447
NN,TCGA-LUSC,171.97836693854273,0.0017581149305304668,0.30235773464289917
NN,TCGA-LUSC,70.20281473743066,0.006261476268831693,0.4395732584836099
NN,TCGA-LUSC,26.28884208292428,0.00954520220412175,0.25093231339373745
NN,TCGA-LUSC,85.48588969235281,0.005429170633738326,0.46411748191671576
NN,TCGA-LUSC,79.617044967875,0.006011229144465301,0.47859630110709467
NN,TCGA-LUSC,59.631219316315025,0.0066233778227985625,0.3949600955661182
NN,TCGA-LUSC,113.37466311792834,0.005860414130514092,0.6644224777785821
NN,TCGA-LUSC,66.25052805497255,0.006115954509039468,0.4051852157840552
NN,TCGA-LUSC,83.75591134572552,0.005832186354037211,0.48848008322049075
NN,TCGA-LUSC,33.25772845256931,0.008220566107810072,0.27339735533994197
NN,TCGA-LUSC,149.8797008417374,0.002173671200406913,0.3257891892452883
NN,TCGA-LUSC,161.66228909346273,0.002260414921177608,0.3654238504585912
NN,TCGA-LUSC,130.31771750250542,0.0030118836444091336,0.392501801922526
NN,TCGA-LUSC,164.95710521646308,0.0021522792181850534,0.3550337494493587
NN,TCGA-LUSC,98.50806443802064,0.0039640468541236994,0.39049058294135036
NN,TCGA-LUSC,38.642480856890046,0.009204558094897225,0.3556869599781983
NN,TCGA-LUSC,16.587725775962294,0.008908777589133927,0.14777635964759206
NN,TCGA-LUSC,52.99773658513701,0.00617664204986622,0.32734804833949066
NN,TCGA-LUSC,57.694593870131804,0.006739442348711213,0.3888293892200606
NN,TCGA-LUSC,37.1518259142263,0.00715235235206903,0.2657229494612756
NN,TCGA-LUSC,91.5502098282509,0.007094733215934547,0.6495243145942691
NN,TCGA-LUSC,28.975796826797012,0.00812115212794376,0.2353168540588086
NN,TCGA-LUSC,53.09735576840621,0.008426478144995399,0.4474237079395203
NN,TCGA-LUSC,21.652506770999718,0.007648255177763323,0.165603897022854
NN,TCGA-LUSC,234.7029020764203,0.0016636191611485102,0.39045624507149523
NN,TCGA-LUSC,192.49718142750672,0.0016705538467830842,0.3215769069286226
NN,TCGA-LUSC,318.496754660161,0.0009438922512845971,0.30062661878301733
NN,TCGA-LUSC,122.53655513571347,0.0025592677256224884,0.31360385076779207
NN,TCGA-LUSC,33.93702082471874,0.00581717269281841,0.1974175108171636
NN,TCGA-LUSC,9.336941111594811,0.009164772238284487,0.08557093869004123
NN,TCGA-LUSC,83.66306527105063,0.004061198520127883,0.3397723168681533
NN,TCGA-LUSC,78.53627513152377,0.004828602253485609,0.37922043508044145
NN,TCGA-LUSC,43.21859631782972,0.005784529068629338,0.2499992267058429
NN,TCGA-LUSC,159.52065007002972,0.004055076583135215,0.6468684526254844
NN,TCGA-LUSC,39.14494328522065,0.005280484688071048,0.20670427363301724
NN,TCGA-LUSC,35.5074349932193,0.004670246773948764,0.16582848372827788
NN,TCGA-LUSC,21.92845613188161,0.008421288881828505,0.1846658638190787
NN,TCGA-LUSC,227.68748915502917,0.0017530726361663308,0.39915270683509985
NN,TCGA-LUSC,350.7042576038749,0.0009231400002723737,0.32374912845996373
NN,TCGA-LUSC,249.28694676854488,0.0014561581613732528,0.36300122206083624
NN,TCGA-LUSC,55.48118676559611,0.005652676690095473,0.31361721116871855
NN,TCGA-LUSC,19.031080693767727,0.009428883769567627,0.17944184787079834
NN,TCGA-LUSC,75.45763106888039,0.004307206927370536,0.3250116312628518
NN,TCGA-LUSC,83.45311429064758,0.004647247716092271,0.3878272947879992
NN,TCGA-LUSC,48.506744868309035,0.005249618349452265,0.2546418979328746
NN,TCGA-LUSC,162.6648534159142,0.0040170395355706955,0.6534311472195392
NN,TCGA-LUSC,37.72810701882117,0.005045346590868343,0.1903513761273254
NN,TCGA-LUSC,84.45311646757347,0.0043825016123642015,0.3701159190883224
NN,TCGA-LUSC,25.254380333053966,0.00846106339923323,0.2136789131063184
NN,TCGA-LUSC,321.75809356961406,0.0010124276351998543,0.32575678577909783
NN,TCGA-LUSC,285.3386463526549,0.001440761923669201,0.4111050570162169
NN,TCGA-LUSC,87.10851775851222,0.004849471504767602,0.42243027469244765
NN,TCGA-LUSC,34.04270432204978,0.008978698792171343,0.3056591881786345
NN,TCGA-LUSC,99.06699945582989,0.004254515352288046,0.42148207008993976
NN,TCGA-LUSC,120.78287605290049,0.004342886395439969,0.5245463092122535
NN,TCGA-LUSC,72.21717080175648,0.005182462519362193,0.3742627809344807
NN,TCGA-LUSC,174.3911405350601,0.003829755634902744,0.6678754531412627
NN,TCGA-LUSC,92.85100044509674,0.0043745238379458125,0.40617891482419294
NN,TCGA-LUSC,124.68400626910747,0.003993474108602943,0.4979223507925677
NN,TCGA-LUSC,27.185281172534697,0.008039719865390229,0.21856204508904617
NN,TCGA-LUSC,280.7164192188665,0.001030210363005368,0.28919696414503554
NN,TCGA-LUSC,47.59285348522644,0.004853107625014919,0.2309732401453703
NN,TCGA-LUSC,16.824320767390333,0.009151058815361563,0.15396034887089793
NN,TCGA-LUSC,80.97945838589837,0.003943024658703893,0.31930400126408304
NN,TCGA-LUSC,88.29322974884484,0.004392996432439152,0.38787184329520574
NN,TCGA-LUSC,60.37692508374925,0.005165731121160382,0.3118909609050924
NN,TCGA-LUSC,178.06568408064692,0.0036573458567705957,0.6512477919053759
NN,TCGA-LUSC,55.98470521620517,0.0043838350706898906,0.24542771414903547
NN,TCGA-LUSC,84.7711441802323,0.003971113766933696,0.33663585769284177
NN,TCGA-LUSC,23.628911972580386,0.008028642217779679,0.1897080802232586
NN,TCGA-LUSC,85.55631629897525,0.0038463400685428886,0.3290786874976775
NN,TCGA-LUSC,17.21751588521467,0.010422094463196509,0.17944257697729377
NN,TCGA-LUSC,92.8988062679037,0.004154007398897826,0.38590232858564766
NN,TCGA-LUSC,85.11870519893311,0.004479901308087612,0.3813233987634243
NN,TCGA-LUSC,54.76416564066088,0.005409192737887238,0.2962299270799166
NN,TCGA-LUSC,194.59192994995144,0.003392229200758215,0.6601004270081223
NN,TCGA-LUSC,76.13232486673162,0.0037428193959045484,0.28494954216650925
NN,TCGA-LUSC,158.11456168877683,0.002803515644891341,0.44327664737962297
NN,TCGA-LUSC,20.407894184093696,0.009279442726724488,0.18937388525435123
NN,TCGA-LUSC,49.05415821734245,0.012397265445624039,0.608137420632034
NN,TCGA-LUSC,124.14539882771498,0.0050635724690866035,0.6286192236677939
NN,TCGA-LUSC,99.61868795505501,0.005622307566810442,0.5600869030854341
NN,TCGA-LUSC,96.59289860143994,0.00660642865430792,0.6381340931232122
NN,TCGA-LUSC,28.624218014995616,0.004502225407501133,0.1288726816169649
NN,TCGA-LUSC,210.00270492820408,0.00210429109730924,0.4419068223912791
NN,TCGA-LUSC,217.55003305908454,0.0012372981724516458,0.26917425832080044
NN,TCGA-LUSC,56.83147964353889,0.01131160222609395,0.6428550916480675
NN,TCGA-LUSC,43.150352883044576,0.005208814907425025,0.224762201357853
NN,TCGA-LUSC,20.55249156269923,0.003618354684233066,0.07436620411855333
NN,TCGA-LUSC,56.680708400767244,0.0029409507261103527,0.1666951705276856
NN,TCGA-LUSC,5.946220847544136,0.008706748779283716,0.05177225110570629
NN,TCGA-LUSC,8.801919786944055,0.006739923761187123,0.059324268316087336
NN,TCGA-LUSC,43.087731345902,0.012002384636848213,0.5171555247426973
NN,TCGA-LUSC,152.13539998882277,0.0015088141034933058,0.22954403714373112
NN,TCGA-LUSC,376.9536459837614,0.001106962005587837,0.417273363971832
NN,TCGA-LUSC,242.9431709905165,0.0016811185553997278,0.4084162726598062
NN,TCGA-LUSC,70.43573828340618,0.0015671435378190185,0.11038291208235164
NN,TCGA-LUSC,190.47092817217683,0.002475157083694628,0.47144546710325413
NN,TCGA-LUSC,159.03960847395166,0.0040721378636775765,0.6476312114912357
NN,TCGA-LUSC,65.07745715983378,0.004062022088859859,0.264346068470076
NN,TCGA-LUSC,464.87785299824753,0.0008598530190929454,0.3997266254099896
NN,TCGA-LUSC,56.63241645230816,0.001958997160062286,0.11094274299753637
NN,TCGA-LUSC,184.6553705645265,0.002081664495858152,0.38439052887370523
NN,TCGA-LUSC,122.45481183821711,0.004383461057752254,0.5367758990272045
NN,TCGA-LUSC,26.99151608923395,0.003001380022525586,0.08101179716790471
NN,TCGA-LUSC,22.511839743973646,0.0034710704452859467,0.07814018160432047
NN,TCGA-LUSC,172.89465643048942,0.002598263616680448,0.4492258953218069
NN,TCGA-LUSC,110.63333555642349,0.00558596354319702,0.6179937790804642
NN,TCGA-LUSC,78.31572814043356,0.002253371165435879,0.17647440359176825
NN,TCGA-LUSC,41.23566449195063,0.002982372492438562,0.12298011148821911
NN,TCGA-LUSC,46.71975296437642,0.0029517830081448493,0.13790657294497127
NN,TCGA-LUSC,6.267426203891292,0.007395556287033785,0.04635110326570853
NN,TCGA-LUSC,308.45054262634653,0.001776532133728422,0.547972300641673
NN,TCGA-LUSC,18.588838647550723,0.006222718076028433,0.11567310226448982
NN,TCGA-LUSC,49.4174117836081,0.011137514638630693,0.5503871471431762
TN,TCGA-LUSC,197.33356628111747,0.002620863618839768,0.5171843646420867
TN,TCGA-LUSC,106.46804489543224,0.005345194618868792,0.5690924206565454
TN,TCGA-LUSC,82.14313841174588,0.004724331622644911,0.38807142638190895
TN,TCGA-LUSC,198.2293284121818,0.0032557365493659507,0.6453824696678065
TN,TCGA-LUSC,104.49373111658973,0.006708457839356788,0.7009917896727267
TN,TCGA-LUSC,110.28748169964626,0.003263855141035576,0.35996236413725746
TN,TCGA-LUSC,109.66756924225214,0.006431581433031979,0.7053359021442178
TN,TCGA-LUSC,211.6501669959719,0.0017072655636392808,0.36134304165072584
TN,TCGA-LUSC,123.20269046565781,0.005333307994340922,0.6570778939848029
TN,TCGA-LUSC,108.66211642076358,0.006218674460408511,0.6757343281997388
TN,TCGA-LUSC,63.32417867971092,0.009791455004575511,0.6200358462440894
TN,TCGA-LUSC,139.65314774495417,0.0046847684173695085,0.6542426559417991
TN,TCGA-LUSC,60.611434618391556,0.00842804171490698,0.5108356993641611
TN,TCGA-LUSC,107.49709764660314,0.005772958308096163,0.6205762629551821
TN,TCGA-LUSC,161.0809587958925,0.00410004205498782,0.6604387053209194
TN,TCGA-LUSC,66.26054716020028,0.009566169953120044,0.6338596553212016
TN,TCGA-LUSC,79.06852883020487,0.00684851610096884,0.541502092773577
TN,TCGA-LUSC,60.02914956938887,0.005225766458014554,0.31369831632285117
TN,TCGA-LUSC,112.0005491371937,0.005260489833499051,0.5891777500825184
TN,TCGA-LUSC,118.51875596141642,0.003980386616669805,0.4717504700531766
TN,TCGA-LUSC,36.90360771806727,0.004538086840601616,0.16747177655608533
TN,TCGA-LUSC,57.588215913475544,0.011870873637049178,0.6836224340919728
TN,TCGA-LUSC,185.3087541076692,0.0037255302266551793,0.6903733646919337
TN,TCGA-LUSC,149.45114517805013,0.004319876528012156,0.6456104941391958
TN,TCGA-LUSC,126.32552665747956,0.005202323413781945,0.6571862450885412
TN,TCGA-LUSC,11.439890415000015,0.00783477722232484,0.08962899284933439
TN,TCGA-LUSC,102.99189964906115,0.006791231532705727,0.6994418365099679
TN,TCGA-LUSC,107.06832164733918,0.004908503323896356,0.5255452126899685
TN,TCGA-LUSC,124.21482120120778,0.00479783455341112,0.5959621612049388
TN,TCGA-LUSC,30.20921195301427,0.010231100169697475,0.3090734735389113
TN,TCGA-LUSC,10.041101037804872,0.00974313124935702,0.09783176529938785
TN,TCGA-LUSC,162.1513272052428,0.004332889517328021,0.7025837858684225
TN,TCGA-LUSC,117.25286246478412,0.005106774404043423,0.5987839168359834
TN,TCGA-LUSC,115.97442417733747,0.004355087267296937,0.5050787380668165
TN,TCGA-LUSC,83.53135113311811,0.006447799128536965,0.5385933730416341
TN,TCGA-LUSC,189.41625793462202,0.0014353820239136389,0.2718846916763456
TN,TCGA-LUSC,6.300556803140181,0.03396930536799002,0.2140255380342358
TN,TCGA-LUSC,101.49579665552041,0.00554796161267343,0.5630947836925355
TN,TCGA-LUSC,117.21763793174581,0.0051409667757894685,0.6026119821436245
TN,TCGA-LUSC,99.07139265695831,0.006719888149361549,0.665748677456239
TN,TCGA-LUSC,99.20844533211569,0.005458797842189118,0.5415588473058902
TN,TCGA-LUSC,67.9620525206461,0.004129849177744645,0.28067302672022865
TN,TCGA-LUSC,16.576733559731576,0.012483074540013621,0.2069286006560746
TN,TCGA-LUSC,31.517633216483365,0.005343897332295389,0.16842699606583
TN,TCGA-LUSC,148.53090905986014,0.004049801782291164,0.6015207402359484
TN,TCGA-LUSC,119.78288224194385,0.005438482396940267,0.6514370965275805
TN,TCGA-LUSC,91.64518865795866,0.00534750211106326,0.4900728398172246
TN,TCGA-LUSC,256.2258096716618,0.002484762945831268,0.6366603976377603
TN,TCGA-LUSC,49.893598954217204,0.009894985286206429,0.4936964275278637
TN,TCGA-LUSC,87.33678141882126,0.003803645723710279,0.33219817516631883
TN,TCGA-LUSC,127.49898445673372,0.005494438904962691,0.7005353805423111
TN,TCGA-LUSC,159.41452696604446,0.0045138369387140555,0.7195711803869594
TN,TCGA-LUSC,76.58307029622584,0.0043755151648024815,0.33509038544827063
TN,TCGA-LUSC,78.85066175589819,0.007834137064907126,0.6177268918543368
TN,TCGA-LUSC,111.64356914769505,0.005820264649680306,0.6497951188744684
TN,TCGA-LUSC,165.45585236354148,0.0035411522989335625,0.585904371969167
TN,TCGA-LUSC,87.57200786983888,0.004303341632948178,0.37685226734714317
TN,TCGA-LUSC,45.29427098964956,0.0053784347027708065,0.2436122789274362
TN,TCGA-LUSC,146.5175793372468,0.004711128876798995,0.690263198974391
TN,TCGA-LUSC,110.00268304110736,0.005314332841015642,0.5845908710851913
TN,TCGA-LUSC,80.37924855590278,0.003600459276029728,0.28940221106339925
TN,TCGA-LUSC,100.88515079665999,0.0060721063575596475,0.6125853655357628
TN,TCGA-LUSC,14.870062018019897,0.021042620307006016,0.31290506898682435
TN,TCGA-LUSC,73.64400204448715,0.008394326210049846,0.6181917765750029
TN,TCGA-LUSC,107.57899218071923,0.006255136917298721,0.6729213255154073
TN,TCGA-LUSC,106.36138338851116,0.0062199884505129525,0.6615665762571196
TN,TCGA-LUSC,118.21744912993668,0.005003084917769976,0.5914519367592256
TN,TCGA-LUSC,34.94557211309988,0.019566765943848284,0.683771830310897
TN,TCGA-LUSC,75.02267772371893,0.008843313318663781,0.6634490451159842
TN,TCGA-LUSC,138.18457396779803,0.004682279132712162,0.6470187471521409
TN,TCGA-LUSC,67.81968343058438,0.010058528843564136,0.6821662419479216
TN,TCGA-LUSC,104.91978567758447,0.004536924247734356,0.4760131197077248
TN,TCGA-LUSC,19.496525687067784,0.01491476536561108,0.2907861060672253
TN,TCGA-LUSC,149.76111364217022,0.004275506551153876,0.6403046224851989
TN,TCGA-LUSC,98.00215227957607,0.006268531188247782,0.614329548079931
TN,TCGA-LUSC,54.916971522505285,0.008797973103282859,0.4831580383687522
TN,TCGA-LUSC,110.708156324582,0.006195805695119114,0.6859262254519823
TN,TCGA-LUSC,123.46813700225356,0.005597508453597806,0.6911139406200864
TN,TCGA-LUSC,140.06812068265677,0.004919561005166877,0.6890736645774063
TN,TCGA-LUSC,129.08090450362863,0.004791485224094344,0.6184892466418697
TN,TCGA-LUSC,156.56457539494,0.004425690634938086,0.6929063750884438
TN,TCGA-LUSC,181.91184453238705,0.0032449469846779068,0.5902942913925655
TN,TCGA-LUSC,48.632125692036965,0.013861079992164412,0.6740937844063184
TN,TCGA-LUSC,116.63095767961032,0.00546189801111021,0.6370263957841427
TN,TCGA-LUSC,64.09173717078278,0.007619946746181678,0.48837562411163754
TN,TCGA-LUSC,141.66344351412943,0.004636800355374051,0.6568651052298271
TN,TCGA-LUSC,100.76065616001901,0.006690384678220532,0.6741275501404385
TN,TCGA-LUSC,127.59703204362225,0.004953100787249783,0.6320009598660011
TN,TCGA-LUSC,80.89402620012319,0.008384107192025692,0.6782241868563677
TN,TCGA-LUSC,100.58812496211293,0.006473814668031215,0.6511888788094835
TN,TCGA-LUSC,76.4554145929236,0.006099558323393915,0.46634426044879973
TN,TCGA-LUSC,18.12444204899692,0.0034547540689585585,0.0626154899163757
TN,TCGA-LUSC,95.86619378067147,0.006576159611857597,0.6304313916829657
TN,TCGA-LUSC,58.82067695645542,0.0072018792028383715,0.42361941006957055
TN,TCGA-LUSC,103.13094096475896,0.0060309284394842585,0.621975324855137
TN,TCGA-LUSC,50.33559864210869,0.012608698300301542,0.6346663770434164
TN,TCGA-LUSC,93.09125960726865,0.006145521954087997,0.5720943796501747
TN,TCGA-LUSC,151.19237064915382,0.00365544506492499,0.5526754051437592
TN,TCGA-LUSC,68.87961654504623,0.009324274456999963,0.6422524491589265
TN,TCGA-LUSC,27.70213030200094,0.01302449103382219,0.36080614773618525
TN,TCGA-LUSC,123.17429858921356,0.005333591364622886,0.6569613752989104
TN,TCGA-LUSC,48.20751819554897,0.009430383977516587,0.4546154071871444
TN,TCGA-LUSC,126.99902631145281,0.004463266013665996,0.5668304379045809
TN,TCGA-LUSC,35.19547923314656,0.011352832367033808,0.3995683758113324
TN,TCGA-LUSC,131.0605718471554,0.004957475187251585,0.6497295329592765
TN,TCGA-LUSC,122.18368594653776,0.005528518290848843,0.6754947425987647
TN,TCGA-LUSC,126.61259828122284,0.005475060490347724,0.6932116344297913
TN,TCGA-LUSC,64.88576159429421,0.010472338550754422,0.6795056625389879
TN,TCGA-LUSC,88.11632717362787,0.005942965244813199,0.5236722698934593
TN,TCGA-LUSC,123.62319910424993,0.00478992096526106,0.592145353182089
TN,TCGA-LUSC,90.75184780198624,0.006349202255328394,0.5762018367395902
TN,TCGA-LUSC,0.7878198318329844,0.010235925603344121,0.008064065187481505
TN,TCGA-LUSC,65.64004128105559,0.00964444619706228,0.6330618465080877
TN,TCGA-LUSC,36.99835077593581,0.010792212908580748,0.39929407884025303
TN,TCGA-LUSC,88.96922968212532,0.0074696798790999525,0.6645716648155937
TN,TCGA-LUSC,124.89985583662153,0.0050685492693092185,0.6330610730375348
TN,TCGA-LUSC,109.84979900975043,0.005634669012385198,0.618967258496983
TN,TCGA-LUSC,82.85008927586382,0.007898482242957574,0.6543899589728601
TN,TCGA-LUSC,155.4797394269673,0.0035133359035624413,0.5462525508052971
TN,TCGA-LUSC,136.84897130420197,0.004714701381569167,0.6452020340742403
TN,TCGA-LUSC,116.73691510246333,0.0037614104710081463,0.43909545481959456
TN,TCGA-LUSC,148.42741540705586,0.004563614572422757,0.6773655158986862
TN,TCGA-LUSC,189.4707023573653,0.0026137035951775594,0.49522025593226293
TN,TCGA-LUSC,143.25840729691907,0.004097462217438733,0.5869959112295753
TN,TCGA-LUSC,129.79596803595672,0.0021966574384590263,0.2851172786681743
TN,TCGA-LUSC,99.2133231934693,0.00670825600382613,0.6655483709721326
TN,TCGA-LUSC,34.02838948423832,0.019442728741403063,0.6616047462488581
TN,TCGA-LUSC,108.81956562797536,0.005892917851456012,0.6412647608767851
TN,TCGA-LUSC,36.66686768270307,0.011185005828290306,0.4101191287361833
TN,TCGA-LUSC,99.95982173353,0.004052324039315935,0.40506958857651915
TN,TCGA-LUSC,137.2537734384945,0.00445110230031893,0.6109305866795361
TN,TCGA-LUSC,120.6423514367042,0.005548528190972691,0.669387487971788
TN,TCGA-LUSC,56.67551650543814,0.0025183220813808495,0.14272720468930966
TN,TCGA-LUSC,96.64379701233464,0.006429044438601272,0.6213272657074602
TN,TCGA-LUSC,46.132312482615056,0.008703649298656486,0.4015194691847144
TN,TCGA-LUSC,61.18309910124207,0.01075309733116088,0.6579078196577177
TN,TCGA-LUSC,133.58067855655514,0.004601329514962458,0.6146487188709898
TN,TCGA-LUSC,145.6404851351259,0.0038454207763264437,0.5600489474128758
TN,TCGA-LUSC,87.25628021135614,0.00693295252554141,0.6049436482606705
TN,TCGA-LUSC,54.80690986645477,0.009280300313354611,0.5086245828076581
TN,TCGA-LUSC,44.842761203888436,0.008407166427801432,0.3770005565232474
TN,TCGA-LUSC,122.07392675564266,0.0050341399380931864,0.6145372300804431
TN,TCGA-LUSC,176.64910188392204,0.003845777499046194,0.679353141251906
TN,TCGA-LUSC,34.04186618834229,0.008822143791694033,0.3003222384511629
TN,TCGA-LUSC,94.74901361682777,0.0057425552460510405,0.5441014452034758
TN,TCGA-LUSC,106.45143758086333,0.005328577350179922,0.56723471918748
TN,TCGA-LUSC,153.77453149722268,0.0035965619109206573,0.55305962285258
TN,TCGA-LUSC,85.2953141683507,0.005750138361527722,0.49045985805799236
TN,TCGA-LUSC,145.80835848559076,0.00435810776196822,0.6354485388758979
TN,TCGA-LUSC,97.47684853504825,0.006430603061486276,0.6268349206135153
TN,TCGA-LUSC,127.85568328976575,0.005382234146942389,0.6881492244828287
TN,TCGA-LUSC,131.71778130099347,0.004540792738598897,0.5981031448759088
TN,TCGA-LUSC,133.2758316001204,0.00397037023783492,0.5291543952078168
TN,TCGA-LUSC,96.47320239140107,0.006612701882845006,0.6379485270977052
TN,TCGA-LUSC,67.23298190601561,0.009243772740036342,0.6214864053741838
TN,TCGA-LUSC,142.64585029306005,0.0038696580750596137,0.5519906664602846
TN,TCGA-LUSC,151.90736636786175,0.00455082224310881,0.6913034217589444
TN,TCGA-LUSC,8.379516865034939,0.007201404296287664,0.06034428875267755
TN,TCGA-LUSC,125.32457034642343,0.005648780501491951,0.7079309893307331
TN,TCGA-LUSC,95.87158031699407,0.0073197483097420125,0.701755837977613
TN,TCGA-LUSC,83.2186575697362,0.008023513987019875,0.6677060629917958
TN,TCGA-LUSC,167.25105323386472,0.0033934278396738887,0.5675543802585761
TN,TCGA-LUSC,76.17285568143348,0.008742583253965649,0.6659475324872425
TN,TCGA-LUSC,97.19453433356392,0.006080049422770949,0.5909475723712765
TN,TCGA-LUSC,133.19302475855025,0.0035484817299975425,0.4726330149188259
TN,TCGA-LUSC,81.14730237717092,0.0045550003142386065,0.36962598782762873
TN,TCGA-LUSC,69.96938950366625,0.007279207870560003,0.5093217307733658
TN,TCGA-LUSC,123.0124244906478,0.005065934643126009,0.623172902762095
TN,TCGA-LUSC,90.03514145630447,0.007234817321572691,0.6513878009583192
TN,TCGA-LUSC,139.97344069438546,0.0048086080322655485,0.6730774112268674
TN,TCGA-LUSC,127.21308509588471,0.0051479972181015105,0.6548926081797252
TN,TCGA-LUSC,119.19792348466503,0.005425818295238307,0.6467462739975113
TN,TCGA-LUSC,82.7705102194093,0.007826934086706167,0.6478393278103558
TN,TCGA-LUSC,185.26613891983237,0.0034008228114490897,0.630057311427662
TN,TCGA-LUSC,96.32262838415471,0.006853798471565628,0.6601758831965036
TN,TCGA-LUSC,96.41379160886815,0.005873399920830909,0.566276756002534
TN,TCGA-LUSC,146.52315510048146,0.004639435160962927,0.6797846776683981
TN,TCGA-LUSC,49.37802392058227,0.010197404370911704,0.5035276769547283
TN,TCGA-LUSC,114.6103900162328,0.005440106208121009,0.6234926942424782
TN,TCGA-LUSC,74.36003719447895,0.004369410166614527,0.32490950250739065
TN,TCGA-LUSC,105.65170990087346,0.005158290158904477,0.5449821754531062
TN,TCGA-LUSC,145.0217896833346,0.004090827647512708,0.5932591467283584
TN,TCGA-LUSC,42.9605752898006,0.011569666044462478,0.49703950918097983
TN,TCGA-LUSC,135.6450928399901,0.0048634426300869105,0.6597021270801047
TN,TCGA-LUSC,134.48386890071066,0.0049313111463041796,0.6631818017081845
TN,TCGA-LUSC,61.02785770345539,0.002541963564574568,0.15513059070622498
TN,TCGA-LUSC,93.85948220318684,0.005110810698126194,0.4796980457646325
TN,TCGA-LUSC,61.72501645888826,0.009961500145888947,0.614873760460213
TN,TCGA-LUSC,122.7998315538406,0.0048885867986397345,0.6003176354092883
TN,TCGA-LUSC,54.46748107789706,0.010805937641190803,0.5885722040004957
TN,TCGA-LUSC,127.47854557222134,0.004119296287509665,0.525121899512783
TN,TCGA-LUSC,108.71434478168308,0.005698716787998541,0.619532261703639
TN,TCGA-LUSC,163.36559517025154,0.004192436148673687,0.6848998266413541
TN,TCGA-LUSC,83.00539402957007,0.00778968306514459,0.6465857121877958
TN,TCGA-LUSC,77.43260182266566,0.007345371336433792,0.5687712139336993
TN,TCGA-LUSC,88.11489312825756,0.007308183696732515,0.6439598253992598
TN,TCGA-LUSC,64.47617343084009,0.007735600516671125,0.4987619205045837
TN,TCGA-LUSC,135.59502021284297,0.004784070719975624,0.6486961659747649
TN,TCGA-LUSC,132.26049652467103,0.004999290443027863,0.6612086362659078
TN,TCGA-LUSC,22.266732987031865,0.03088069813865859,0.6876122599066428
TN,TCGA-LUSC,85.58401783077605,0.007876582442811655,0.6741095722311703
TN,TCGA-LUSC,199.5227110273827,0.003479501631264136,0.694239598494021
TN,TCGA-LUSC,120.17470447385435,0.005684235605426704,0.6831013340419146
TN,TCGA-LUSC,83.22022521413831,0.007311074657701538,0.6084292795713011
TN,TCGA-LUSC,122.4466756300479,0.0045020125317589334,0.5512564681586969
TN,TCGA-LUSC,43.248160376785975,0.0083885822007377,0.3627907483513563
TN,TCGA-LUSC,81.55196200121162,0.005933417163450767,0.48388181105107375
TN,TCGA-LUSC,78.28414892173728,0.00812419345340483,0.6359955701753468
TN,TCGA-LUSC,136.1555375300838,0.004974408886380522,0.6772933158195655
TN,TCGA-LUSC,87.3860394695633,0.007506430579222512,0.6559572388714753
TN,TCGA-LUSC,87.15779085460458,0.005667022002337667,0.4939251184481889
TN,TCGA-LUSC,64.07051757119041,0.00702790843562035,0.45028173091313095
TN,TCGA-LUSC,130.3038955040301,0.0054467818056258815,0.7097368872335272
TN,TCGA-LUSC,94.83075531353894,0.006636410970357996,0.6293358648901046
TN,TCGA-LUSC,49.09420989438609,0.015070460827194234,0.7398723670553972
TN,TCGA-LUSC,192.83034420739514,0.0033072512162196713,0.6377383904039654
TN,TCGA-LUSC,34.297764032525414,0.011831446956416622,0.40579217587451827
TN,TCGA-LUSC,106.84068625282704,0.003471333020908513,0.3708796021659647
TN,TCGA-LUSC,63.148830218065996,0.010441819303791088,0.6593886743828274
TN,TCGA-LUSC,48.397952997316835,0.00998204629186188,0.4831106072505721
TN,TCGA-LUSC,46.974960587339105,0.006000239536002717,0.2818610157183215
TN,TCGA-LUSC,94.1272633793423,0.00654115894764974,0.6157013910715685
TN,TCGA-LUSC,81.3746313606016,0.007181160404159073,0.5843642806297934
TN,TCGA-LUSC,25.63968117088925,0.009717368868655069,0.24915023961224075
TN,TCGA-LUSC,109.06354155768672,0.005923959553422859,0.6460880089407892
TN,TCGA-LUSC,155.0212068231657,0.004443277802416597,0.6888022871812045
TN,TCGA-LUSC,98.14255208204,0.006919095074128298,0.6790576486732229
TN,TCGA-LUSC,103.619040365624,0.005453069270754682,0.5650418048828733
TN,TCGA-LUSC,126.73833293469313,0.005225081794477271,0.6622181560794642
TN,TCGA-LUSC,92.95218591759308,0.00645634298167656,0.6001311931805469
TN,TCGA-LUSC,20.811943223883382,0.01095292953985096,0.22795174771857332
TN,TCGA-LUSC,92.58061648073306,0.007159553728046846,0.6628358978695076
TN,TCGA-LUSC,76.57312870269392,0.006918973714384128,0.5298074647220921
TN,TCGA-LUSC,29.53482226400871,0.010085183263523131,0.297864095188111
TN,TCGA-LUSC,107.12185667994288,0.0064431893716877155,0.6902064084356627
TN,TCGA-LUSC,58.25480535038932,0.009946710882304048,0.5794437063252216
TN,TCGA-LUSC,18.726209487076837,0.010959909864110296,0.20523756807480922
TN,TCGA-LUSC,130.3565430926879,0.0044016649889964165,0.5737858318176869
TN,TCGA-LUSC,98.04347021400233,0.006841028802077143,0.6707182035895825
TN,TCGA-LUSC,96.7355112182809,0.0046069798786765506,0.44565855373610985
TN,TCGA-LUSC,24.70151438377399,0.018104946754834317,0.4472196026820021
TN,TCGA-LUSC,124.7723294338974,0.004890781357055191,0.6102341826716541
TN,TCGA-LUSC,64.75355635008079,0.010027428062741817,0.6493116281071336
TN,TCGA-LUSC,121.10823063071173,0.005293990959404059,0.6411458780684096
TN,TCGA-LUSC,125.2375032017481,0.004639316515456733,0.5810164169584354
TN,TCGA-LUSC,132.19278397963524,0.004387976422852148,0.5800588193738266
TN,TCGA-LUSC,84.170282844516,0.004199442615376747,0.3534682727255748
TN,TCGA-LUSC,86.76183719137855,0.00704795763104696,0.6114937525166304
TN,TCGA-LUSC,45.85541185675542,0.008477448509882964,0.3887368929151208
TN,TCGA-LUSC,49.28032447661716,0.01394959467780136,0.6874405520393428
TN,TCGA-LUSC,76.41064435206668,0.008671335774210549,0.6625823539005551
TN,TCGA-LUSC,56.07161187496043,0.0056345875467024836,0.31594040599418716
TN,TCGA-LUSC,45.09038907955187,0.007478529939172573,0.3372098247003687
TN,TCGA-LUSC,192.17894972684513,0.0022192641117611068,0.42649584616472935
TN,TCGA-LUSC,49.77238588524828,0.009408439741758545,0.46828049340491196
TN,TCGA-LUSC,116.63869937900117,0.005620801836897421,0.6556030157228159
TN,TCGA-LUSC,109.88540728168294,0.003738582246180836,0.4108156327776502
TN,TCGA-LUSC,60.57250438822695,0.010029615409063698,0.6075189233777395
TN,TCGA-LUSC,85.95128284798909,0.005426353041139011,0.4664020050719849
TN,TCGA-LUSC,58.831648231775226,0.011538018023944921,0.6788006176766099
TN,TCGA-LUSC,100.08777486611999,0.006044448785107595,0.6049754291936414
TN,TCGA-LUSC,88.50209568338892,0.0027076348157008805,0.23963135553483444
TN,TCGA-LUSC,130.5785818283705,0.004160920985227238,0.5433271613508788
TN,TCGA-LUSC,122.12163683400942,0.0028116370576177496,0.3433617196594376
TN,TCGA-LUSC,91.91757316402195,0.006907732550471547,0.6349420121054643
TN,TCGA-LUSC,151.87563686305057,0.004272590404684141,0.6489023887663629
TN,TCGA-LUSC,101.12379063168562,0.006242778835076503,0.6312934598781945
TN,TCGA-LUSC,66.90685184845664,0.008203072791412722,0.5488417759571567
TN,TCGA-LUSC,121.64777030444307,0.004833741265383867,0.5880138471625246
TN,TCGA-LUSC,87.95774420349751,0.00744324689423285,0.6546912063664103
TN,TCGA-LUSC,43.377971188750074,0.009539864390288779,0.41381996266652943
TN,TCGA-LUSC,33.443007498675364,0.013503156626015277,0.45158616829961684
TN,TCGA-LUSC,112.41090772952808,0.004849520102491182,0.5451389567736278
TN,TCGA-LUSC,106.0196251907077,0.004927399356467189,0.5224010329375857
TN,TCGA-LUSC,35.74989285437306,0.0030225846502063437,0.10805707738814946
TN,TCGA-LUSC,120.45893568947602,0.0021733286743146653,0.26179685901136446
TN,TCGA-LUSC,200.22378328713677,0.002665077202458597,0.5336118402285588
TN,TCGA-LUSC,90.28572771844648,0.005972735692436223,0.5392527884615437
TN,TCGA-LUSC,46.861104193345106,0.010012938018177766,0.46921733175133473
TN,TCGA-LUSC,131.67717191608352,0.00459347785059364,0.6048561726253405
TN,TCGA-LUSC,48.67893578235031,0.008809995094374414,0.42886118544187335
TN,TCGA-LUSC,176.34860308596413,0.003541542289433483,0.624546035511462
TN,TCGA-LUSC,116.05106055146616,0.005373692265828025,0.6236226865265535
TN,TCGA-LUSC,103.19743279994918,0.006198540214365208,0.6396734372297361
TN,TCGA-LUSC,126.73152331291077,0.004523314925896214,0.5732465909828534
TN,TCGA-LUSC,23.87692173019173,0.007462508571937587,0.1781817330830386
TN,TCGA-LUSC,87.77736175896587,0.007064239477865911,0.6200803042006042
TN,TCGA-LUSC,118.47350741854551,0.004692086727279185,0.5558879716927694
TN,TCGA-LUSC,93.96380418583747,0.006900914234650798,0.648436153847986
TN,TCGA-LUSC,144.72262179833245,0.004212126520006049,0.6095899933215616
TN,TCGA-LUSC,119.58318559491525,0.004942412860691225,0.5910294744067348
TN,TCGA-LUSC,112.82036052419441,0.0024223734005616496,0.2732930403755841
TN,TCGA-LUSC,141.1474460512363,0.004706241949442417,0.6642740316629887
TN,TCGA-LUSC,70.86739164503958,0.005567156707287686,0.3945298747246654
TN,TCGA-LUSC,124.21555995567057,0.005411938010780176,0.6722469104544375
TN,TCGA-LUSC,78.04996955520865,0.008378679977139349,0.6539557171285625
TN,TCGA-LUSC,25.408096066453048,0.006759655536802033,0.1717499772551973
TN,TCGA-LUSC,73.1148971084014,0.008499979605287075,0.6214751342640747
TN,TCGA-LUSC,118.07331256927901,0.005243350675604953,0.6190997832310439
TN,TCGA-LUSC,140.67319968349494,0.0026844703953994202,0.37763303997645326
TN,TCGA-LUSC,31.13930126394127,0.007142729317226473,0.22241960005590067
TN,TCGA-LUSC,170.83565902835238,0.003793554715870921,0.6480744199459229
TN,TCGA-LUSC,107.46425297064621,0.006668406273904853,0.7166152987299554
TN,TCGA-LUSC,97.47962203675996,0.006727116146891917,0.6557567393964091
TN,TCGA-LUSC,39.077803475129336,0.009222971766425546,0.360413478145044
TN,TCGA-LUSC,153.98775932619148,0.0039461216412916365,0.6076544295710922
TN,TCGA-LUSC,100.10687001094433,0.002068724456430281,0.2070935302483276
TN,TCGA-LUSC,109.48660370630964,0.005580214225400074,0.6109587034926894
TN,TCGA-LUSC,124.90428335702268,0.005058925253043764,0.6318814332881759
TN,TCGA-LUSC,46.63100018290836,0.007879515299457804,0.36742967937024607
TN,TCGA-LUSC,108.74583998725923,0.0044739143141151105,0.48651957011947045
TN,TCGA-LUSC,185.39805650133604,0.0034964551275470587,0.6482359852913557
TN,TCGA-LUSC,63.663089464384825,0.010515141426978162,0.6694263893963698
TN,TCGA-LUSC,116.05295785254633,0.005259312725551508,0.6103587980717897
TN,TCGA-LUSC,108.45874402181413,0.006242078686747601,0.6770080144499798
TN,TCGA-LUSC,153.64689720545226,0.0036439568588464474,0.5598826649122828
TN,TCGA-LUSC,37.9788433685482,0.014847320632987037,0.5638840647628286
TN,TCGA-LUSC,99.3066894723236,0.005881917556498763,0.584113760285031
TN,TCGA-LUSC,161.93958255442533,0.0038967266311094556,0.6310342839705774
TN,TCGA-LUSC,84.39590950836548,0.007817252107091822,0.6597441014342007
TN,TCGA-LUSC,47.395794677817115,0.0032339696838569673,0.15327656313036994
TN,TCGA-LUSC,67.1830347954243,0.006863907194500876,0.46113811588071557
TN,TCGA-LUSC,31.019474754885753,0.012216793342795946,0.3789585126825152
TN,TCGA-LUSC,110.27327579825509,0.005662006176754074,0.6243679687006258
TN,TCGA-LUSC,97.52148534310727,0.0061722201076855115,0.6019240727660846
TN,TCGA-LUSC,46.623462397817725,0.00697685710805677,0.3252852350324321
TN,TCGA-LUSC,66.71587624658044,0.010425331014835981,0.6955350938154341
TN,TCGA-LUSC,22.034652558606343,0.008147248452810178,0.17952178896631535
TN,TCGA-LUSC,112.88461567926667,0.0021576333410267363,0.24356361047857525
TN,TCGA-LUSC,39.443659616575815,0.008160129022181868,0.3218653515782832
TN,TCGA-LUSC,135.78840999860893,0.0031175447509283354,0.42332644482806797
TN,TCGA-LUSC,59.05049244419674,0.00424292000810732,0.2505465158800725
TN,TCGA-LUSC,166.5893119518326,0.0037713575583067397,0.6282678607626632
TN,TCGA-LUSC,57.76106345168818,0.010951776868498866,0.6325862786100939
TN,TCGA-LUSC,105.18381603552487,0.006177615403826677,0.6497851621743299
TN,TCGA-LUSC,121.74012578613329,0.005740733454736048,0.69887761288423
TN,TCGA-LUSC,64.43223236631785,0.0087909609715376,0.566421240041342
TN,TCGA-LUSC,107.01671335544988,0.0033828009398664373,0.36201623852023296
TN,TCGA-LUSC,108.84485111035784,0.0059076169260672065,0.6430136847348149
TN,TCGA-LUSC,152.0814015712983,0.0039045675756128736,0.593812109429052
TN,TCGA-LUSC,110.74248555297562,0.004743268749357127,0.5252813709495624
TN,TCGA-LUSC,101.13352863315556,0.006164552930779705,0.6234429903356123
TN,TCGA-LUSC,154.04260000274405,0.003036706652632486,0.46778218821713785
TN,TCGA-LUSC,108.16219089455281,0.00397015458455795,0.429420618055841
TN,TCGA-LUSC,111.20353935100341,0.005856495338235011,0.6512630098043851
TN,TCGA-LUSC,128.78337731551403,0.004263344959944294,0.5490479626027011
TN,TCGA-LUSC,60.027184666017845,0.00938140086473458,0.5631390821333622
TN,TCGA-LUSC,81.43002843935585,0.007433269788885394,0.6052913703063423
TN,TCGA-LUSC,104.73849945091952,0.006617977779178903,0.6931570619907271
TN,TCGA-LUSC,111.68997915991515,0.005799001491411982,0.6476903557241211
TN,TCGA-LUSC,125.67884061838674,0.003565526277263921,0.44811120872092214
TN,TCGA-LUSC,28.53738398460096,0.020831925915846497,0.5944886689992716
TN,TCGA-LUSC,51.601400314821504,0.0029532838345609387,0.15239358139047007
TN,TCGA-LUSC,119.55413716591232,0.005673122548871996,0.6782452713668727
TN,TCGA-LUSC,118.05761583031558,0.006082053032908864,0.7180326804187603
TN,TCGA-LUSC,127.96912072952794,0.004910624600782393,0.628408312394912
TN,TCGA-LUSC,150.5379848581272,0.003802562335862891,0.5724300713382127
TN,TCGA-LUSC,175.43470770023964,0.0036609225918022834,0.6422528848060374
TN,TCGA-LUSC,5.393298360917073,0.011288198033014465,0.060880619949164244
TN,TCGA-LUSC,67.62749808817286,0.009240226151172006,0.6248933763726697
TN,TCGA-LUSC,105.87129156631264,0.00649407195583318,0.6875357854886287
TN,TCGA-LUSC,59.68798770548588,0.007706297134621383,0.45997336862610216
TN,TCGA-LUSC,39.656263801578206,0.008005235849310326,0.31745774463410126
TN,TCGA-LUSC,153.2501510847081,0.004391579395398195,0.6730102058452644
TN,TCGA-LUSC,170.2334756958546,0.0039502781195985825,0.6724695742645515
TN,TCGA-LUSC,127.28091633739038,0.004912017932164269,0.6252061434715616
TN,TCGA-LUSC,20.90671562896463,0.012851543759452435,0.26868357077206706
TN,TCGA-LUSC,115.48222821243782,0.005326283181968534,0.6150910499441598
TN,TCGA-LUSC,119.24224429132168,0.005289108958143977,0.630685222470422
TN,TCGA-LUSC,135.84976139488057,0.004402048553058672,0.5980172455816999
TN,TCGA-LUSC,155.4899551147807,0.002911776595122071,0.45275201207979987
TN,TCGA-LUSC,69.27276541557039,0.0069803865268067075,0.4835506783814892
TN,TCGA-LUSC,141.03590852746368,0.0044404568445961645,0.6262638653546146
TN,TCGA-LUSC,153.37737839618546,0.0038323284919974006,0.5877924972555681
TN,TCGA-LUSC,72.55739444229204,0.007131675407524799,0.5174557855781706
TN,TCGA-LUSC,124.356107367462,0.0031247921053781788,0.3885869825574064
TN,TCGA-LUSC,120.47497809340965,0.0057177779044753135,0.6888491677846451
TN,TCGA-LUSC,119.59141624178994,0.005255328053220627,0.6284921246998636
TN,TCGA-LUSC,29.945105763936308,0.013881562928106207,0.41568487005087773
TN,TCGA-LUSC,104.8770057382858,0.006268285780360846,0.6573990437561198
TN,TCGA-LUSC,233.72196805581962,0.002699673517866588,0.6309730077039568
TN,TCGA-LUSC,43.040171265743666,0.016661610813730358,0.7171185829861213
TN,TCGA-LUSC,92.39997731788333,0.0061637984806097905,0.5695348398003484
TN,TCGA-LUSC,146.25347981510356,0.003730484337195348,0.5455963157105598
TN,TCGA-LUSC,93.97631676458654,0.0029999862646962953,0.2819276595005078
TN,TCGA-LUSC,101.216319401391,0.006630300405799739,0.6710946036005988
TN,TCGA-LUSC,78.02501434620626,0.007330558411901153,0.5719669252542905
TN,TCGA-LUSC,111.35870182875144,0.003538927283315022,0.3940903481363109
TN,TCGA-LUSC,152.35136725929146,0.004197859364824652,0.6395496137932566
TN,TCGA-LUSC,39.60603482136394,0.013881116708107101,0.5497759917007067
TN,TCGA-LUSC,82.97347802429073,0.007825908052107335,0.6493428097816478
TN,TCGA-LUSC,22.556073302906977,0.011423249935245454,0.25766366289682385
TN,TCGA-LUSC,64.02416618694521,0.011121749964721518,0.7120607680309825
TN,TCGA-LUSC,98.27912353866157,0.006807135714869159,0.6689993318660614
TN,TCGA-LUSC,46.24856070712053,0.008864254252924756,0.40995900093974197
TN,TCGA-LUSC,134.72059303252445,0.004276021229056293,0.5760681157981278
TN,TCGA-LUSC,95.31897657275576,0.007208812506375954,0.6871366304126383
TN,TCGA-LUSC,42.76486465041953,0.0076729590531627884,0.3281330553767179
TN,TCGA-LUSC,57.12983149452835,0.009233127705787835,0.5274870299991201
TN,TCGA-LUSC,75.19095128586311,0.007401615603914574,0.556534518310625
TN,TCGA-LUSC,55.80172665419395,0.009584533270762845,0.5348335056831358
TN,TCGA-LUSC,148.40932536395218,0.0032107912576579975,0.47651136443349895
TN,TCGA-LUSC,166.88691341450124,0.0037504310139206106,0.625897855887229
TN,TCGA-LUSC,137.58254102705658,0.004508247228715897,0.620256109304919
TN,TCGA-LUSC,36.44409204070192,0.010993557532041277,0.4006502225524641
TN,TCGA-LUSC,124.8041655510216,0.003809627236949167,0.47545734836788484
TN,TCGA-LUSC,151.94698627759144,0.003376324463469013,0.5130223269194224
TN,TCGA-LUSC,119.6037781072417,0.005254434337726757,0.6284501986085425
TN,TCGA-LUSC,109.64487428714877,0.005230852390319019,0.5735361527511604
TN,TCGA-LUSC,40.15441754119826,0.0034832745362114287,0.13986886013765742
TN,TCGA-LUSC,112.12473986439181,0.005655494759200077,0.6341208786797399
TN,TCGA-LUSC,85.1523505307659,0.007654369282930739,0.6517875362720456
TN,TCGA-LUSC,95.20026566455508,0.007059010386574463,0.6720196641307424
TN,TCGA-LUSC,63.32001979115104,0.009757430658556441,0.6178407024105778
TN,TCGA-LUSC,102.7080043001265,0.006171728749339485,0.6338859429263742
TN,TCGA-LUSC,133.4931882825763,0.004486503171574228,0.5989176126133342
TN,TCGA-LUSC,158.01376378168692,0.00436229034065181,0.6893019154348897
TN,TCGA-LUSC,101.70886690240572,0.006780393377490972,0.6896261275771824
TN,TCGA-LUSC,179.94256980843852,0.003214131985883749,0.5783591692434217
TN,TCGA-LUSC,45.731158309668665,0.01572607968527784,0.7191718396779052
TN,TCGA-LUSC,173.34489171438824,0.003232547125856607,0.5603455314932705
TN,TCGA-LUSC,150.34760364833483,0.004678892096036022,0.7034602143681503
TN,TCGA-LUSC,94.52728987824379,0.006555249223895023,0.6196499436112575
TN,TCGA-LUSC,103.99839950461812,0.005214994292678937,0.5423510598643275
TN,TCGA-LUSC,23.860831171254894,0.025961154704390144,0.619454729412283
TN,TCGA-LUSC,89.63209264256535,0.006816530260473921,0.6109798718076487
TN,TCGA-LUSC,48.30698052317039,0.013568912635430228,0.6554731984003286
TN,TCGA-LUSC,98.9204197864735,0.00642156812426138,0.6352242145393729
TN,TCGA-LUSC,56.4162531491773,0.007650412858505374,0.4316076285211603
TN,TCGA-LUSC,59.56413381795172,0.011912688174050747,0.7095689525306896
TN,TCGA-LUSC,125.84323086117931,0.004742295207382799,0.5967857505945378
TN,TCGA-LUSC,143.03556394309652,0.004714389680802111,0.6743253866410448
TN,TCGA-LUSC,95.65221860851379,0.003864265710329067,0.36962558848577975
TN,TCGA-LUSC,156.70084083408477,0.0036099722021333746,0.5656856794619725
TN,TCGA-LUSC,171.16141000658703,0.0030566500963219606,0.5231805403832368
TN,TCGA-LUSC,71.03605765769467,0.004149644022047813,0.29477435200909646
TN,TCGA-LUSC,122.34742825663638,0.0048538121266319435,0.5938514309342934
TN,TCGA-LUSC,80.1415002720299,0.008546192861523597,0.6849047175366133
TN,TCGA-LUSC,118.18138809215361,0.005369531608540671,0.6345786989020309
TN,TCGA-LUSC,27.399794473385697,0.0084495964660754,0.23151720655351207
TN,TCGA-LUSC,110.81031243388011,0.006064725995696547,0.672034182409009
TN,TCGA-LUSC,51.0719381156359,0.012298294202199755,0.6280977204226297
TN,TCGA-LUSC,161.7907710897689,0.0038033464923471955,0.6153463617184206
TN,TCGA-LUSC,102.3506096438999,0.006238464700509173,0.6385106653390633
TN,TCGA-LUSC,108.3244807465109,0.004931109308916874,0.5341598553927066
TN,TCGA-LUSC,42.46120569685926,0.010077246249856618,0.42789202587306546
TN,TCGA-LUSC,42.25788790854754,0.008559342922820097,0.36169975380335134
TN,TCGA-LUSC,63.98881184752497,0.003422731582812531,0.21901652725717238
TN,TCGA-LUSC,112.89160004677721,0.005091646171111558,0.5748040831288306
TN,TCGA-LUSC,101.53745879572921,0.005629767100901621,0.5716322450373502
TN,TCGA-LUSC,92.62395547736236,0.006530666453655318,0.6048961588408741
TN,TCGA-LUSC,96.9677073479327,0.006158277990917492,0.5971540979905023
TN,TCGA-LUSC,66.07175581118878,0.009611459552198581,0.6350460085219826
TN,TCGA-LUSC,65.38374498773985,0.008144186343879487,0.5324974030408497
TN,TCGA-LUSC,96.574822256205,0.006203921680774386,0.5991426336122029
TN,TCGA-LUSC,197.81969085443265,0.0033179991877166195,0.6563655735693603
TN,TCGA-LUSC,21.870473134249604,0.006373546709845385,0.13939248208755844
TN,TCGA-LUSC,140.4596824211845,0.004707481949574403,0.6612114196406791
TN,TCGA-LUSC,218.82478761542467,0.003053949944184426,0.6682799479242951
TN,TCGA-LUSC,71.12164398034763,0.005154389612579148,0.3665886629618561
TN,TCGA-LUSC,117.73991720813788,0.0021614490322892977,0.25448883011135165
TN,TCGA-LUSC,79.03227733419288,0.006599688278552935,0.5215883943498176
TN,TCGA-LUSC,79.4881156957364,0.0061966518141353105,0.4925601763281824
TN,TCGA-LUSC,111.82871937826626,0.006195246294002822,0.6928064592912856
TN,TCGA-LUSC,132.94813111725978,0.004996329447471091,0.6642526624874128
TN,TCGA-LUSC,215.54888880352786,0.0022491723497555125,0.48480660071742043
TN,TCGA-LUSC,156.38356940624243,0.0036138798468954556,0.5651514298627962
TN,TCGA-LUSC,60.700048311141956,0.0064465712355401975,0.39130718543850807
TN,TCGA-LUSC,94.41661800658989,0.006791413417231509,0.6412222863395767
TN,TCGA-LUSC,151.12794497258665,0.004751057744684129,0.7180175934002047
TN,TCGA-LUSC,140.58898092353277,0.004431400010405126,0.6230060115273892
TN,TCGA-LUSC,109.44324634696031,0.006319126320942335,0.6915856986404529
TN,TCGA-LUSC,122.77420884752286,0.005540309369791984,0.6802070996467288
TN,TCGA-LUSC,159.01461011418743,0.0034662538503506743,0.5511850045703135
TN,TCGA-LUSC,38.494745662285176,0.015543721449997841,0.5983516038630734
TN,TCGA-LUSC,48.233240118603774,0.011393093561223488,0.5495258174322111
TN,TCGA-LUSC,52.20968644380917,0.006214926889921446,0.3244793841939968
TN,TCGA-LUSC,170.58001589268935,0.0012315942008421766,0.21008535835300252
TN,TCGA-LUSC,44.8617003590784,0.004436582851898869,0.19903265052011254
TN,TCGA-LUSC,84.91385576883883,0.0074675342506468735,0.6340971263082925
TN,TCGA-LUSC,90.71913122372099,0.00559173209105633,0.507277077336431
TN,TCGA-LUSC,74.84908828330242,0.009008542947341974,0.6742812263695208
TN,TCGA-LUSC,84.32951433373312,0.00767635705203689,0.6473434620505982
TN,TCGA-LUSC,131.73317349885153,0.003589091279772613,0.4728023842615007
TN,TCGA-LUSC,35.90469310478743,0.01176819693798685,0.422533499455117
TN,TCGA-LUSC,135.72035508305026,0.004315695351145229,0.5857277054876998
TN,TCGA-LUSC,201.93852952989184,0.0032935374657037395,0.6650921127758197
TN,TCGA-LUSC,76.23819486716371,0.008354926609746492,0.6369645229747045
TN,TCGA-LUSC,125.48042628574564,0.00505421382395768,0.6342049051695182
TN,TCGA-LUSC,45.93292903710642,0.010129204397581635,0.4652640267964635
TN,TCGA-LUSC,96.73508251227476,0.004863832450136571,0.4705032333898407
TN,TCGA-LUSC,137.3958385024245,0.0046586153412276655,0.6400743610682336
TN,TCGA-LUSC,105.44713307694654,0.005807156743244857,0.6123480299036279
TN,TCGA-LUSC,83.05892940775487,0.007789258206230806,0.6469674474900999
TN,TCGA-LUSC,88.97294851447354,0.007428893408575816,0.660970550760728
TN,TCGA-LUSC,155.12817475911322,0.004232901956681931,0.6566423544743468
TN,TCGA-LUSC,79.3832357385829,0.006633799154897379,0.5266124421556306
TN,TCGA-LUSC,99.69975985066402,0.0029316482328201705,0.2922846247787946
TN,TCGA-LUSC,28.235782602647294,0.01558232535134126,0.4399791510641914
TN,TCGA-LUSC,120.83384665079386,0.0024415545906649964,0.29502243299795594
TN,TCGA-LUSC,222.89366389955725,0.0025396416878454026,0.5660700407959175
TN,TCGA-LUSC,56.410253829438176,0.012744408768458372,0.7189153335348544
TN,TCGA-LUSC,167.22552795726938,0.003951522506877542,0.6607954374476297
TN,TCGA-LUSC,188.35412253318657,0.003575846306873384,0.673525393444672
TN,TCGA-LUSC,68.09481393617318,0.009953052801570172,0.6777512786198281
TN,TCGA-LUSC,129.15719990916458,0.004456065211840334,0.5755329053739358
TN,TCGA-LUSC,94.94765211801979,0.006656794863610612,0.6320470429311214
TN,TCGA-LUSC,75.0734719943618,0.007790567665719554,0.5848649634725775
TN,TCGA-LUSC,101.85809472207806,0.006581875446188126,0.67041729264675
TN,TCGA-LUSC,75.21834487801885,0.007941709069119302,0.5973622116819057
TN,TCGA-LUSC,128.8180267021724,0.00499251593953086,0.6431260516095076
TN,TCGA-LUSC,90.99899377466,0.006396106061287132,0.5820392156531328
TN,TCGA-LUSC,88.45551719243498,0.006902887262079387,0.6105984628883037
TN,TCGA-LUSC,80.58517594460021,0.007554610114478484,0.6087895852681049
TN,TCGA-LUSC,95.34521258265862,0.006575618513704324,0.6269537450516045
TN,TCGA-LUSC,86.77265590421962,0.0066461612157225885,0.5767050602558661
TN,TCGA-LUSC,50.247607276629594,0.008755002343139518,0.4399179194440464
TN,TCGA-LUSC,150.67869472465992,0.003949272852276768,0.595071278492598
TN,TCGA-LUSC,116.00054622084014,0.005756028001628757,0.6677023922513867
TN,TCGA-LUSC,156.46216703772498,0.0034264156859597494,0.5361044233973153
TN,TCGA-LUSC,111.8709608706823,0.005538264862175934,0.6195710116879586
TN,TCGA-LUSC,121.28158679609155,0.005765174025938135,0.6992094540213885
TN,TCGA-LUSC,78.99778916046915,0.007696771768019597,0.6080279533462636
TN,TCGA-LUSC,49.31601523278286,0.012222860277534033,0.6027827636350449
TN,TCGA-LUSC,26.53766317569283,0.011830840660829352,0.31396286454238054
TN,TCGA-LUSC,100.39265712249157,0.005701805663531729,0.5724194209580213
TN,TCGA-LUSC,99.72207008246544,0.006758511424391728,0.6739727499163353
TN,TCGA-LUSC,78.53538804279681,0.003790765661204841,0.2977092521820314
TN,TCGA-LUSC,165.803739859443,0.003955194439647976,0.6557860299649085
TN,TCGA-LUSC,79.00471445276781,0.008420543408459803,0.665262627522503
TN,TCGA-LUSC,143.712785463502,0.004233687587764518,0.6084350360198936
TN,TCGA-LUSC,98.85501499784746,0.00486774147162119,0.4812006561827568
TN,TCGA-LUSC,126.04915480911907,0.004304290676587063,0.5425522018365706
TN,TCGA-LUSC,106.19024192582481,0.005286447368197429,0.5613691249570248
TN,TCGA-LUSC,48.05574633634013,0.007070001889915311,0.33975421741921547
TN,TCGA-LUSC,129.03057909348988,0.004833926866246454,0.6237243828473586
TN,TCGA-LUSC,82.28536984983876,0.007311671156439422,0.6016435653280161
TN,TCGA-LUSC,35.53057244632064,0.005926525635047778,0.21057284843104151
TN,TCGA-LUSC,114.4538949074546,0.006096581265760184,0.6977774714860726
TN,TCGA-LUSC,37.90764734108967,0.008272469993182933,0.3135898751413251
TN,TCGA-LUSC,112.24332593739936,0.005661360891784432,0.6354499758258059
TN,TCGA-LUSC,89.81054103694862,0.006328481113418204,0.5683643127381999
TN,TCGA-LUSC,21.425826685886143,0.012788784369547992,0.274010277425105
TN,TCGA-LUSC,92.73232734311941,0.005268152223771549,0.48852801650816574
TN,TCGA-LUSC,39.57836780398178,0.01489119484993496,0.5893691868114851
TN,TCGA-LUSC,189.00235979879207,0.0035533144482963915,0.6715848158351609
TN,TCGA-LUSC,133.06206990591346,0.005077357316242358,0.6756036741511418
TN,TCGA-LUSC,103.77350459731188,0.006329226806811148,0.6568060471340462
TN,TCGA-LUSC,75.45322472928618,0.008362872231662502,0.6310056778779378
TN,TCGA-LUSC,71.39467532424975,0.008344677502249149,0.5957655409586493
TN,TCGA-LUSC,73.694434798805,0.007135398989411758,0.5258391955886639
TN,TCGA-LUSC,124.93479459921052,0.0036047859786438874,0.45036319581598816
TN,TCGA-LUSC,58.01419314196699,0.0063901881306987285,0.37072160842786106
TN,TCGA-LUSC,60.94547788819653,0.009248807526885724,0.5636729946219995
TN,TCGA-LUSC,86.38038786492645,0.00777761328437989,0.6718332521681394
TN,TCGA-LUSC,124.3515650137877,0.00401203658507799,0.49890302824702043
TN,TCGA-LUSC,117.22851282532994,0.005769637449490935,0.676366017745152
TN,TCGA-LUSC,93.2268399634514,0.0055973297843293305,0.5218213680263304
TN,TCGA-LUSC,97.91681722759492,0.0058974242473071115,0.5774570121371569
TN,TCGA-LUSC,95.02226839043318,0.0069356657146772355,0.6590426890063859
TN,TCGA-LUSC,125.62716937257898,0.004968313553655469,0.6241551683011554
TN,TCGA-LUSC,226.47302236702484,0.0027526054390901618,0.6233908731746605
TN,TCGA-LUSC,21.030103277640375,0.013055763156542208,0.27456404755049474
TN,TCGA-LUSC,121.01312798066878,0.004172108762730933,0.5048799316536281
TN,TCGA-LUSC,68.04265075930374,0.009814220221708907,0.6677855590206356
TN,TCGA-LUSC,142.0824265487036,0.004692804932962509,0.6667651121950396
TN,TCGA-LUSC,75.34481577243929,0.00812020638659667,0.611815454232311
TN,TCGA-LUSC,35.12424064441995,0.0060738454166290885,0.21333920805068726
TN,TCGA-LUSC,101.9484470001356,0.005757437767836894,0.5869618391308986
TN,TCGA-LUSC,116.44443496184347,0.005729324026771655,0.6671478990107391
TN,TCGA-LUSC,125.4402901785098,0.005756850117085134,0.7221409492013473
TN,TCGA-LUSC,20.247400105100407,0.020485761684363644,0.41478341328104634
TN,TCGA-LUSC,194.92231703239645,0.003460774007573765,0.6745820882817707
TN,TCGA-LUSC,83.64301101443851,0.0035868421291699332,0.30001427571721284
TN,TCGA-LUSC,62.39373771778889,0.008674786640470201,0.5412523624032768
TN,TCGA-LUSC,132.89977047093527,0.004782856133522481,0.6356404823406426
TN,TCGA-LUSC,55.35295891122201,0.0093015588766069,0.514868806307134
TN,TCGA-LUSC,123.86049249294645,0.004985110330148956,0.6174582206239245
TN,TCGA-LUSC,101.23406811086542,0.0043984815000936706,0.44527617576486417
TN,TCGA-LUSC,91.00080609064865,0.0073276391838356224,0.6668210724704644
TN,TCGA-LUSC,77.57862830935835,0.002575154992466088,0.19977699199951515
TN,TCGA-LUSC,107.62645058243204,0.006119167399703859,0.6585842677498566
TN,TCGA-LUSC,187.94748211192007,0.0036415936949595797,0.6844283658422965
TN,TCGA-LUSC,115.69082875856053,0.004096400269996357,0.47391594216266963
TN,TCGA-LUSC,126.87810417311177,0.0025306063583421497,0.3210785371548743
TN,TCGA-LUSC,68.0104433149915,0.009865477986475586,0.6709555313744944
TN,TCGA-LUSC,31.4529293159013,0.011216612385402247,0.35279531652192
TN,TCGA-LUSC,21.106922057156833,0.02902695026541927,0.6126695768091723
TN,TCGA-LUSC,95.27461315281852,0.006762404628512422,0.6442854849643505
TN,TCGA-LUSC,115.90689109067112,0.005265636684212753,0.6103235776800902
TN,TCGA-LUSC,132.15561386345158,0.004932996997303984,0.6519232463652713
TN,TCGA-LUSC,111.75588638937676,0.005758272961527727,0.6435208988875127
TN,TCGA-LUSC,156.73305156210523,0.0018513825709484638,0.2901728399536485
TN,TCGA-LUSC,126.36562728006835,0.005184012899026319,0.6550810418134264
TN,TCGA-LUSC,40.82894719340295,0.008330528731681715,0.34012671767895886
TN,TCGA-LUSC,65.67146074444918,0.009746255350186889,0.640050825635176
TN,TCGA-LUSC,43.15818132481711,0.009923492877944523,0.4282799050018609
TN,TCGA-LUSC,113.61516581975343,0.00556552090591793,0.6323275805991699
TN,TCGA-LUSC,112.40649116679549,0.0050611393735145935,0.568904918282889
TN,TCGA-LUSC,107.22744942197659,0.0043236990286885,0.4636192189145454
TN,TCGA-LUSC,72.19494255908275,0.00806052798821006,0.5819293551047041
TN,TCGA-LUSC,250.54069248997425,0.001399364317779232,0.35059770522216915
TN,TCGA-LUSC,49.92545152382143,0.013505897192493423,0.6742880155695463
TN,TCGA-LUSC,85.1030746049519,0.006074297158221852,0.5169413642288015
TN,TCGA-LUSC,123.1217578976961,0.004968802596439913,0.6117677103203187
TN,TCGA-LUSC,191.9644785763445,0.0034550033932124508,0.6632379248575291
TN,TCGA-LUSC,41.3155735756803,0.008451897318988967,0.34919498553678374
TN,TCGA-LUSC,124.45516561832272,0.004914718727201404,0.611662133161323
TN,TCGA-LUSC,12.892863706354568,0.011613010303477764,0.1497249590632301
TN,TCGA-LUSC,96.69422386809148,0.006576857552150324,0.6359441364961715
TN,TCGA-LUSC,63.370595706660865,0.007305680570712201,0.46296532980861027
TN,TCGA-LUSC,218.4321266716261,0.002139447570552927,0.46732408273831966
TN,TCGA-LUSC,21.20851136387239,0.010998329572567103,0.23325819772340314
TN,TCGA-LUSC,79.91812295471306,0.007812077569485376,0.6243265757298883
TN,TCGA-LUSC,86.7284607960892,0.004145713293114793,0.3595513328137322
TN,TCGA-LUSC,114.97422702815705,0.006044014144072367,0.6949058543619686
TN,TCGA-LUSC,54.4934030735751,0.00886148952184573,0.4828927203462017
TN,TCGA-LUSC,150.95917714028258,0.004766152736921556,0.7194944952905838
TN,TCGA-LUSC,33.68249699699859,0.017988918963482335,0.6059117089667447
TN,TCGA-LUSC,31.9716785499857,0.01152984101960606,0.36862837081128436
TN,TCGA-LUSC,103.08785805035541,0.004865298352485746,0.5015531859336786
TN,TCGA-LUSC,142.06517236975844,0.004150853485360546,0.5896917158793586
TN,TCGA-LUSC,127.80161812258437,0.0044833545862185825,0.5729799707360446
TN,TCGA-LUSC,108.60867106202883,0.005776005567440495,0.6273242887265918
TN,TCGA-LUSC,213.2310077063057,0.0027177900350923417,0.5795171079168959
TN,TCGA-LUSC,121.12872370230718,0.005430306926608245,0.657766147331855
TN,TCGA-LUSC,161.61479743131807,0.0032253084642248444,0.5212575740992138
TN,TCGA-LUSC,36.30822748304663,0.01223983388842262,0.4444066731755517
TN,TCGA-LUSC,175.65264254931614,0.003199194903001904,0.5619470387425876
TN,TCGA-LUSC,47.66952744910942,0.009237753822666624,0.4403593594177221
TN,TCGA-LUSC,100.5692157645577,0.005895153083661268,0.5928709224358277
TN,TCGA-LUSC,108.44874651356689,0.0055155966593031965,0.5981595439758487
TN,TCGA-LUSC,86.46096243897851,0.006183856115694143,0.5346621513470788
TN,TCGA-LUSC,87.60698463643617,0.0034910365533928674,0.305839185698326
TN,TCGA-LUSC,101.74960662167125,0.0048296683998961185,0.49141685980254646
TN,TCGA-LUSC,60.15529042776611,0.010072357324555317,0.6059055801508624
TN,TCGA-LUSC,35.82462859253305,0.01712000852672191,0.6133179469708114
TN,TCGA-LUSC,62.18108716736864,0.00990424903997023,0.615856972881716
TN,TCGA-LUSC,123.92446531271203,0.005280064684835002,0.654329192884711
TN,TCGA-LUSC,84.83104512662284,0.005940978867521783,0.5039794464070531
TN,TCGA-LUSC,133.85651585457927,0.0040194748597322414,0.5380329002888316
TN,TCGA-LUSC,59.01617407154343,0.008237718595350553,0.4861586345755985
TN,TCGA-LUSC,72.02880446911276,0.007916975995932975,0.5702503159977155
TN,TCGA-LUSC,17.66190966653516,0.014790141501082335,0.2612221431473889
TN,TCGA-LUSC,125.002870725692,0.004195313340895816,0.5244262112057707
TN,TCGA-LUSC,102.06506208824307,0.0068928594921535205,0.7035201320321847
TN,TCGA-LUSC,194.36709201076235,0.00310935445991037,0.6043561844034732
TN,TCGA-LUSC,108.61728593017568,0.005319080768789532,0.5777441167493114
TN,TCGA-LUSC,140.15055677146992,0.004419099472710649,0.6193392515289067
TN,TCGA-LUSC,62.713827003691954,0.008400837703969282,0.5268486824528222
TN,TCGA-LUSC,114.07286560421726,0.005864692785843138,0.6690023119695068
TN,TCGA-LUSC,127.61977435940769,0.003533807810933591,0.4509837554608573
TN,TCGA-LUSC,132.61143619040658,0.005354083284792964,0.7100126738794447
TN,TCGA-LUSC,93.04832930136105,0.006990393536123815,0.6504444396953545
TN,TCGA-LUSC,106.87816977256875,0.006025000226466803,0.6439409970840841
TN,TCGA-LUSC,61.330646400399985,0.011098361174782825,0.6806696648345332
TN,TCGA-LUSC,90.65011161289588,0.005804459988204936,0.5261749457833658
TN,TCGA-LUSC,109.713838349765,0.005765512111696881,0.6325564638263239
TN,TCGA-LUSC,106.82535855170815,0.004398346290813646,0.4698549195507433
TN,TCGA-LUSC,76.81893306352607,0.007162269033521052,0.5501978654690193
TN,TCGA-LUSC,136.90026647036822,0.003771233186150625,0.5162828281059163
TN,TCGA-LUSC,4.136148764514882,0.01001564049471635,0.041426179058046256
TN,TCGA-LUSC,96.84555382425678,0.005589369715237498,0.541305605600704
TN,TCGA-LUSC,90.94998777661108,0.005783331886425842,0.5259939643785154
TN,TCGA-LUSC,116.74402320667478,0.005504388646239786,0.6426044758551748
TN,TCGA-LUSC,96.52277166700446,0.00621142888319335,0.5995443318183082
TN,TCGA-LUSC,103.12516870652006,0.006079543924857071,0.6269539929095845
TN,TCGA-LUSC,70.83914475190478,0.0029439044854843426,0.20854367598300713
TN,TCGA-LUSC,114.47415619059915,0.0055973195092562916,0.6407484277512925
TN,TCGA-LUSC,105.71772684510252,0.005164805289568551,0.5460114748107487
TN,TCGA-LUSC,166.34311955577888,0.0036789193068921663,0.6119629141024268
TN,TCGA-LUSC,80.18601187618904,0.008770409811626759,0.7032641853141481
TN,TCGA-LUSC,136.17668735951543,0.004789228806321065,0.652181313851569
TN,TCGA-LUSC,152.19528249379138,0.0042680669672111645,0.6495796577771227
TN,TCGA-LUSC,50.45620777050409,0.00491204659400956,0.24784324352574333
TN,TCGA-LUSC,102.43048717687208,0.006315814937325418,0.6469320009492083
TN,TCGA-LUSC,116.39774189012286,0.0033710051643590687,0.39237738903133806
TN,TCGA-LUSC,137.64537851535897,0.004485598230741516,0.6174218663382405
TN,TCGA-LUSC,112.49176597903964,0.0054435095709325435,0.6123500047580062
TN,TCGA-LUSC,9.065015590846317,0.03932728423025878,0.35650244469294035
TN,TCGA-LUSC,114.96326547242127,0.005317716990010888,0.6113421100298266
TN,TCGA-LUSC,36.939034346984954,0.0127386061957313,0.47055181179683386
TN,TCGA-LUSC,145.33729692614145,0.004498097986836578,0.6537414027157469
TN,TCGA-LUSC,122.26383601394711,0.0054672938074693265,0.6684523135164983
TN,TCGA-LUSC,125.0785154032158,0.004326334765575795,0.5411315296155401
TN,TCGA-LUSC,106.6203274647376,0.006494856296864019,0.6924837052080547
TN,TCGA-LUSC,41.23315837077444,0.011257677352861931,0.46418959317763675
TN,TCGA-LUSC,113.43241369382693,0.0038032474580520633,0.43141153904175733
TN,TCGA-LUSC,57.79919552889182,0.010009569312123082,0.5785450538313972
TN,TCGA-LUSC,73.63591781514471,0.009600396412464369,0.7069340012210363
TN,TCGA-LUSC,151.4290729818984,0.004306200781227778,0.6520839923752492
TN,TCGA-LUSC,97.44043208381457,0.005737401962626065,0.5590549262768095
TN,TCGA-LUSC,134.5109713968876,0.00445511847137835,0.5992623132733189
TN,TCGA-LUSC,114.71647594901107,0.005234471563378137,0.6004801312060504
TN,TCGA-LUSC,110.15373503241477,0.006281592650452374,0.6919408923994949
TN,TCGA-LUSC,47.36928924124744,0.014338245857305098,0.679192515226803
TN,TCGA-LUSC,96.74661562835946,0.006939386594676593,0.6713621675717667
TN,TCGA-LUSC,50.86713581041864,0.007397954642024378,0.37631276349517107
TN,TCGA-LUSC,50.63524800902966,0.009676580789464602,0.4899760681539521
TN,TCGA-LUSC,27.281075274149888,0.015821391625541678,0.4316245758782072
TN,TCGA-LUSC,102.1609511475848,0.0048370196704628715,0.49415453025406414
TN,TCGA-LUSC,87.52705854037009,0.005710329048440134,0.4998083049075954
TN,TCGA-LUSC,17.870720879459334,0.015217754889865426,0.27195225004881246
TN,TCGA-LUSC,68.68955220662961,0.004182240592176767,0.2872762334970116
TN,TCGA-LUSC,53.90699822093589,0.007104174034795761,0.38296469705495406
TN,TCGA-LUSC,114.86525828782013,0.0042503440009658295,0.4882168614830268
TN,TCGA-LUSC,82.00070249997695,0.006913905762975422,0.5669451295826238
TN,TCGA-LUSC,147.12138603334085,0.004661432616163143,0.6857964273909437
TN,TCGA-LUSC,86.97398240098526,0.0049004880561085845,0.4262149619482265
TN,TCGA-LUSC,69.1101358608979,0.008553444372049905,0.5911297026310014
TN,TCGA-LUSC,117.50788869060841,0.005493980665024746,0.6455860684540826
TN,TCGA-LUSC,147.6035169064058,0.0035017889560217523,0.5168763653728218
TN,TCGA-LUSC,119.87011903064473,0.00518437130036194,0.6214512048734442
TN,TCGA-LUSC,31.241988870385967,0.009688653619608408,0.3026928085528306
TN,TCGA-LUSC,9.831377942443385,0.007501724992175743,0.07375229361835288
TN,TCGA-LUSC,119.71820284736488,0.005056147955270688,0.6053129465353854
TN,TCGA-LUSC,144.02976565980478,0.004890090031472531,0.704318521288336
TN,TCGA-LUSC,84.27731762768475,0.0023861763792049013,0.2011005446259302
TN,TCGA-LUSC,119.74579067017632,0.003627405079924436,0.43436648937656575
TN,TCGA-LUSC,188.60476522289142,0.0035268613607056833,0.6651828589095827
TN,TCGA-LUSC,154.4523772998766,0.0038033445841280725,0.5874356127091913
TN,TCGA-LUSC,82.78340195887746,0.004952250796304755,0.4099641682716675
TN,TCGA-LUSC,106.98183293081799,0.005237667927536242,0.5603353151707859
TN,TCGA-LUSC,89.91166607843834,0.005238128658131631,0.4709688747858295
TN,TCGA-LUSC,57.2800286268246,0.011600672912087204,0.6644868764947838
TN,TCGA-LUSC,94.4759398273332,0.003339346444971209,0.315487893797719
TN,TCGA-LUSC,72.19851364455288,0.007206823450186107,0.5203219412021453
TN,TCGA-LUSC,136.80560117578707,0.0050360188732305605,0.6889555894849166
TN,TCGA-LUSC,98.8323307312323,0.00545827500251076,0.5394540402701613
TN,TCGA-LUSC,100.71109396803746,0.005505136565569529,0.5544283259619518
TN,TCGA-LUSC,96.63381315214261,0.005712655081123694,0.5520356437119451
TN,TCGA-LUSC,96.03182419815788,0.006587440502411881,0.6326039282434426
TN,TCGA-LUSC,76.35363614333458,0.008442052863339218,0.6445814326301985
TN,TCGA-LUSC,54.50914360527634,0.008970792371203403,0.4889902096150438
TN,TCGA-LUSC,119.63968924000731,0.005649124907074747,0.675859548360408
TN,TCGA-LUSC,115.59209706437962,0.0057121870009316615,0.6602836742615801
TN,TCGA-LUSC,95.54394181267872,0.006981128361584535,0.667004521966074
TN,TCGA-LUSC,129.41598251182378,0.00437933396146827,0.5667558073708135
TN,TCGA-LUSC,32.23795758252065,0.008811448375907728,0.2840630989830838
TN,TCGA-LUSC,140.34468122282243,0.002401349753851235,0.33701666570875466
TN,TCGA-LUSC,20.50228623838727,0.023217295002740848,0.47600762782727124
TN,TCGA-LUSC,89.70278729049882,0.0035328460738870728,0.31690613989596594
TN,TCGA-LUSC,66.1574819834317,0.007521971320499256,0.49763468211581946
TN,TCGA-LUSC,102.94190461820946,0.00574579810210744,0.591483400182633
TN,TCGA-LUSC,105.20723172610771,0.006162733935750776,0.6483641772448796
TN,TCGA-LUSC,56.05827381180496,0.010173009265113876,0.5702813388737824
TN,TCGA-LUSC,94.19846296003617,0.005994998709155963,0.5647196638498926
TN,TCGA-LUSC,90.82087702335969,0.004572083269038924,0.41524061231794446
TN,TCGA-LUSC,98.08026661485373,0.004547085984400647,0.44597940567068006
TN,TCGA-LUSC,49.17227141396468,0.013993304232207522,0.688082553684289
TN,TCGA-LUSC,78.79389530159456,0.00852859555739708,0.67200126541919
TN,TCGA-LUSC,152.020376084425,0.004139392743610309,0.6292720416447791
TN,TCGA-LUSC,140.58092621897393,0.004997023019478068,0.7024861244157606
TN,TCGA-LUSC,61.057473795266674,0.010673624056118436,0.6517045211069794
TN,TCGA-LUSC,106.47133493323857,0.00590317316634615,0.6285187273629473
TN,TCGA-LUSC,5.731670909981003,0.005253258987044072,0.030109951718636774
TN,TCGA-LUSC,125.34755747359672,0.004782738547174011,0.5995045949230808
TN,TCGA-LUSC,139.69240691480832,0.004639245044476914,0.6480673065305771
TN,TCGA-LUSC,69.10616548090223,0.004169073621017112,0.28810869155607277
TN,TCGA-LUSC,102.58953675872996,0.006324489612035104,0.6488264595340811
TN,TCGA-LUSC,63.05135610473907,0.002900647209453767,0.18288974013748713
TN,TCGA-LUSC,62.93749952341856,0.01152174081857656,0.7251495572781144
TN,TCGA-LUSC,99.35978627482723,0.004375330884614325,0.43473194157693007
TN,TCGA-LUSC,62.064095204041486,0.004333968199422483,0.26898381494024526
TN,TCGA-LUSC,40.856385044655774,0.01452360681933939,0.5933820724481185
TN,TCGA-LUSC,40.74157535377288,0.015248348171162187,0.6212417260359692
TN,TCGA-LUSC,105.10781280724247,0.005751976788744893,0.6045776995830019
TN,TCGA-LUSC,127.62329135024402,0.004896945927746393,0.624964356863169
TN,TCGA-LUSC,130.01385434368436,0.005140795768130988,0.6683746722084112
TN,TCGA-LUSC,25.30469917381787,0.013743675962937147,0.34777958578455614
TN,TCGA-LUSC,84.4577013299807,0.004965526275621608,0.41937693513262114
TN,TCGA-LUSC,126.26940210259394,0.004490673030840015,0.5670345986424121
TN,TCGA-LUSC,115.83582600360906,0.004921697836569685,0.5701089342392252
TN,TCGA-LUSC,135.13527445264128,0.004839885339535343,0.6540392336774234
TN,TCGA-LUSC,30.996536348619415,0.013294272196657117,0.4120763913721228
TN,TCGA-LUSC,97.98071402012036,0.006037244058129879,0.5915334835292946
TN,TCGA-LUSC,114.13482426052404,0.005462821782632664,0.6234982041273418
TN,TCGA-LUSC,141.35826252953402,0.0045092854278116455,0.6374247533252007
TN,TCGA-LUSC,108.09918356495467,0.005947899533816839,0.6429630835319748
TN,TCGA-LUSC,183.38163399532988,0.002249432686216334,0.41250464156085553
TN,TCGA-LUSC,89.00429921079937,0.007463066848062161,0.664245034775122
TN,TCGA-LUSC,149.16793010771622,0.004532160110700375,0.6760529426299329
TN,TCGA-LUSC,96.54372153999988,0.006459667478993052,0.6236403383328982
TN,TCGA-LUSC,56.7167682208438,0.005154323152483412,0.2923365515747306
TN,TCGA-LUSC,28.493045742436117,0.012223590898235586,0.34828733460025235
TN,TCGA-LUSC,119.97762669446604,0.005083519793559034,0.6099086400855549
TN,TCGA-LUSC,78.7950305873735,0.006311714094062584,0.49733170510041774
TN,TCGA-LUSC,43.77471104877477,0.006335571966854185,0.2773378321777596
TN,TCGA-LUSC,184.9396429511163,0.0035581208901391574,0.6580376069992439
TN,TCGA-LUSC,101.81416592844317,0.0065737741459646745,0.6693033316733572
TN,TCGA-LUSC,119.07960340942202,0.005341683177472134,0.636085514312163
TN,TCGA-LUSC,103.53505839128772,0.0061689512770578825,0.6387027306831968
TN,TCGA-LUSC,61.16065176935348,0.010998681118802228,0.6726865058292262
TN,TCGA-LUSC,4.28174830563941,0.009464126374927762,0.040523007070204196
TN,TCGA-LUSC,86.73986753042092,0.007482844434329099,0.6490609349844536
TN,TCGA-LUSC,110.96632865186372,0.005447588023999938,0.604498843031134
TN,TCGA-LUSC,112.39447152720753,0.004274222621569917,0.4803989927409864
TN,TCGA-LUSC,107.80318213059952,0.0058364459872055265,0.6291874497541241
TN,TCGA-LUSC,113.25624436328009,0.005724493504973472,0.6483346352552852
TN,TCGA-LUSC,119.25634569225295,0.0059241883420031545,0.706497052859943
TN,TCGA-LUSC,108.77714700489496,0.004780740652576698,0.5200353287576129
TN,TCGA-LUSC,145.51175452415848,0.003959990172927333,0.576225117961082
TN,TCGA-LUSC,6.021078284648666,0.012644536086681663,0.07613374165097538
TN,TCGA-LUSC,100.46825572882128,0.006598284795375587,0.6629181641933877
TN,TCGA-LUSC,106.19052613788828,0.005997630990059809,0.6368915904153549
TN,TCGA-LUSC,84.32132523163392,0.007054757830689038,0.5948665294719466
TN,TCGA-LUSC,30.74006850309301,0.011356572822685151,0.3491018265297059
TN,TCGA-LUSC,33.98747392845429,0.015906858638143926,0.5406339432475247
TN,TCGA-LUSC,53.934746968285786,0.011026751234963609,0.5947250377399951
TN,TCGA-LUSC,93.45798847491587,0.00617026087614431,0.5766601698499192
TN,TCGA-LUSC,134.32095292189226,0.005004892102633605,0.6722618764969988
TN,TCGA-LUSC,56.48900876874798,0.009648843703722872,0.5450536165878801
TN,TCGA-LUSC,166.8397369525207,0.0035399684153195245,0.590607399232141
TN,TCGA-LUSC,91.23901729882259,0.006889034383004389,0.628548727243121
TN,TCGA-LUSC,50.23368842681975,0.002681901525957215,0.13472180564634717
TN,TCGA-LUSC,81.14864632819439,0.008641541338406342,0.7012493818008079
TN,TCGA-LUSC,73.18560924657646,0.008188945851786417,0.599312991250214
TN,TCGA-LUSC,68.70041558028595,0.009442072851783381,0.6486743288568539
TN,TCGA-LUSC,57.82198831853265,0.002259682068811065,0.1306593101863911
TN,TCGA-LUSC,7.851823297976799,0.010489843446321475,0.0823643971639562
TN,TCGA-LUSC,78.01885067232612,0.00781658786147233,0.6098412011313268
TN,TCGA-LUSC,84.36885520533507,0.006615774910905454,0.5581653555292707
TN,TCGA-LUSC,76.31389750385719,0.008475849686010785,0.6468251241963272
TN,TCGA-LUSC,39.88832035045428,0.007099453221725968,0.2831852644212701
TN,TCGA-LUSC,52.42486057710856,0.012409134982681971,0.6505471713496228
TN,TCGA-LUSC,38.447339123478535,0.010925942051817758,0.4200733993097122
TN,TCGA-LUSC,110.73104469732564,0.0060053128425177505,0.6649745647862567
TN,TCGA-LUSC,55.138096313639835,0.008191240308618248,0.4516493970647618
TN,TCGA-LUSC,74.5798468837575,0.002570463192705083,0.19170475133227954
TN,TCGA-LUSC,145.12063208663068,0.00474829212052176,0.6890751538620858
TN,TCGA-LUSC,43.89024819745637,0.009416280794223514,0.41328290115541166
TN,TCGA-LUSC,34.24942824247333,0.004270646188614932,0.14626719018595932
TN,TCGA-LUSC,116.50300600095383,0.004752119704739887,0.553636230478562
TN,TCGA-LUSC,133.277751927813,0.0051736798918760474,0.6895364251833702
TN,TCGA-LUSC,44.56928752805649,0.008405264041474271,0.3746166298137009
TN,TCGA-LUSC,58.55183010892209,0.005622057031084466,0.3291817281467286
TN,TCGA-LUSC,132.76669824353314,0.004046365054319368,0.5372225281499972
TN,TCGA-LUSC,159.6761778663307,0.003897590041054419,0.6223522806454446
TN,TCGA-LUSC,78.9285246908938,0.008698696437225163,0.6865752765241162
TN,TCGA-LUSC,125.56625138906519,0.004952465429222481,0.6218625190814047
TN,TCGA-LUSC,87.6762717843327,0.007183015326617952,0.6297800040075829
TN,TCGA-LUSC,91.5316568031182,0.005352782795564101,0.48994907778520885
TN,TCGA-LUSC,99.25669173529904,0.005785943305893121,0.5742935911109506
TN,TCGA-LUSC,26.384477426578833,0.00708590830124251,0.18695798762094057
TN,TCGA-LUSC,71.27180256381618,0.004122891112660058,0.2938458813736201
TN,TCGA-LUSC,130.24564699154328,0.005479118104830185,0.713631282506686
TN,TCGA-LUSC,98.19047708441721,0.005117499188605481,0.5024896868082902
TN,TCGA-LUSC,125.89257951197024,0.004652179018675667,0.5856748170125461
TN,TCGA-LUSC,64.59070786729525,0.007843476106162664,0.5066156738372631
TN,TCGA-LUSC,126.7771313564636,0.00486080221232287,0.6162385605694454
TN,TCGA-LUSC,79.89355081053279,0.00463673957894255,0.370445589145455
TN,TCGA-LUSC,106.75978768900686,0.005515984884541594,0.5888853751694316
TN,TCGA-LUSC,117.6991992628078,0.005070079561232663,0.5967443045558123
TN,TCGA-LUSC,43.007338782941666,0.013483502951326849,0.5798895794085076
TN,TCGA-LUSC,26.491778031216015,0.01713346414139495,0.45389592893963404
TN,TCGA-LUSC,119.0076727469703,0.004980383073086722,0.5927037989164549
TN,TCGA-LUSC,113.66193431708513,0.005258540643290498,0.5976959012014071
TN,TCGA-LUSC,163.82054471835832,0.004025791184888,0.6595073048307173
TN,TCGA-LUSC,80.14081721611494,0.007542297761561777,0.6044459062988352
TN,TCGA-LUSC,26.16252655856672,0.013121824063468998,0.34330007055734757
TN,TCGA-LUSC,84.40477419206438,0.007901599866652013,0.6669327525008092
TN,TCGA-LUSC,144.12905174918313,0.004196222500308492,0.6047975698980493
TN,TCGA-LUSC,108.8535397708799,0.0055576670306065785,0.6049717291494412
TN,TCGA-LUSC,142.9603453412714,0.004113464415317563,0.5880622933628299
TN,TCGA-LUSC,141.62405500547666,0.0045885778012712975,0.6498529949241554
TN,TCGA-LUSC,134.86439260746423,0.0038909479889348794,0.5247503371949369
TN,TCGA-LUSC,91.6163085337079,0.0077242101894084165,0.7076636238920517
TN,TCGA-LUSC,104.68283502378193,0.003966200439198304,0.4151931062478475
TN,TCGA-LUSC,101.86524851215601,0.006297780306683307,0.6415249560152572
TN,TCGA-LUSC,119.17238056655157,0.0059075298130510535,0.7040143910891694
TN,TCGA-LUSC,134.03420626151606,0.004166605202728919,0.5584676211528738
TN,TCGA-LUSC,119.5009729255302,0.005471408210707474,0.6538386044522775
TN,TCGA-LUSC,248.3826259597298,0.0025700053155233993,0.6383446690001658
TN,TCGA-LUSC,146.45066146793724,0.003942340261873274,0.5773583390830218
TN,TCGA-LUSC,50.64961105524455,0.010550594321451397,0.534383498783185
TN,TCGA-LUSC,86.74767454977531,0.007782753807816852,0.6751357944215208
TN,TCGA-LUSC,49.85912911489729,0.010484806467083939,0.5227633193870482
TN,TCGA-LUSC,141.79182495557154,0.004507991709237806,0.6391963713374147
TN,TCGA-LUSC,17.154281031775376,0.013419092594392557,0.23019488555562567
TN,TCGA-LUSC,102.8471241915453,0.006038601001138018,0.6210527471072316
TN,TCGA-LUSC,151.11203030546437,0.004048857040934687,0.6118310078722153
TN,TCGA-LUSC,115.0271133895718,0.0053747195479679115,0.618238474881253
TN,TCGA-LUSC,160.63069958030223,0.004383416224177868,0.704111214641338
TN,TCGA-LUSC,141.16701375006463,0.0040020535224518025,0.5649579446324482
TN,TCGA-LUSC,187.5529855281592,0.0035564373671802462,0.6670204460585614
TN,TCGA-LUSC,164.53265743161109,0.003344180208782968,0.5502268566812617
TN,TCGA-LUSC,92.80069659861334,0.007360535987689758,0.683062866996772
TN,TCGA-LUSC,49.86802329886684,0.011530266802835195,0.5749916135659363
TN,TCGA-LUSC,133.06202573383206,0.004251478220933198,0.5657103044406397
TN,TCGA-LUSC,121.97424882272482,0.0051025085540931745,0.6223746479970427
TN,TCGA-LUSC,55.635452459019646,0.009023812396490735,0.5020438855840724
TN,TCGA-LUSC,46.559278753566666,0.0036788572405590456,0.17128493975776565
TN,TCGA-LUSC,21.550623837130864,0.007995244561865917,0.17230250803863853
TN,TCGA-LUSC,29.72990315104934,0.011278782271486524,0.33531710459306663
TN,TCGA-LUSC,108.92184776597968,0.004820820118411949,0.5250926350448384
TN,TCGA-LUSC,92.98234206214953,0.005770584615463236,0.5365624726135803
TN,TCGA-LUSC,99.34117904732956,0.006905447586452892,0.6859953050877665
TN,TCGA-LUSC,58.3740028632923,0.011971578546959091,0.6988289603783187
TN,TCGA-LUSC,87.07522216095,0.005236157817770358,0.4559396052521491
TN,TCGA-LUSC,119.21978562132709,0.0059347179560466975,0.7075358024429278
TN,TCGA-LUSC,139.65927913584522,0.004814632724853621,0.6724081356569069
TN,TCGA-LUSC,183.14013975587426,0.003666972686089745,0.6715698902114495
TN,TCGA-LUSC,97.18521585570272,0.005729615507707934,0.5568339198867773
TN,TCGA-LUSC,142.572472258898,0.003776047024888777,0.5383603597042494
TN,TCGA-LUSC,161.9836304933736,0.004166071978407181,0.6748354639591068
TN,TCGA-LUSC,54.80036372580939,0.0029211627619009977,0.16008078185446462
TN,TCGA-LUSC,76.92522083307752,0.007081975604670866,0.544782537323774
TN,TCGA-LUSC,108.575454396626,0.006548022437832991,0.7109545115870197
TN,TCGA-LUSC,113.1821094477874,0.004398842243957972,0.4978702442992019
TN,TCGA-LUSC,153.6713022783971,0.003832714404035336,0.5889782137292807
TN,TCGA-LUSC,82.76510361260507,0.008162049007885709,0.6755328318288212
TN,TCGA-LUSC,138.6492744767497,0.003779830774037913,0.5240707944652478
TN,TCGA-LUSC,85.22773485621782,0.0071457067923441,0.6090124038581777
TN,TCGA-LUSC,24.600400091277145,0.02016231623972417,0.49600104626406916
TN,TCGA-LUSC,25.928006250809606,0.012011123519446311,0.3114244856914502
TN,TCGA-LUSC,111.75554500113488,0.005985768916915916,0.668942867560791
TN,TCGA-LUSC,128.70656924789785,0.005122539968296806,0.6593045451547174
TN,TCGA-LUSC,59.83825378753115,0.003045724068545336,0.18225080978040775
TN,TCGA-LUSC,130.1980704643575,0.005245645399078217,0.6829729093002184
TN,TCGA-LUSC,73.94142526563898,0.005083019916521053,0.3758457372811959
TN,TCGA-LUSC,58.349519094281476,0.007341128869199335,0.4283513391269276
TN,TCGA-LUSC,108.09988968291343,0.005998758648710957,0.6484651481600773
TN,TCGA-LUSC,62.91248110560385,0.00418446082638203,0.26325481267689893
TN,TCGA-LUSC,92.96795862466178,0.0059070414648175005,0.5491655864953149
TN,TCGA-LUSC,120.08120241235073,0.005106819829031011,0.6132330655732792
TN,TCGA-LUSC,73.86143027394229,0.007982896889327813,0.589628181975157
TN,TCGA-LUSC,144.64342104860472,0.004002160499660458,0.5788861862564819
TN,TCGA-LUSC,94.12151299868295,0.006001254283324072,0.5648471330362883
TN,TCGA-LUSC,81.25299443165541,0.0068042244827986945,0.5528636140125758
TN,TCGA-LUSC,49.94551357007465,0.006362676178971262,0.3177871294387999
TN,TCGA-LUSC,103.40055859726834,0.005987857548288391,0.6191478152938894
TN,TCGA-LUSC,109.25179634836209,0.005973391120137154,0.6526037101663389
TN,TCGA-LUSC,125.87431669045587,0.004829742948538145,0.6079405934377866
TN,TCGA-LUSC,82.42571837015393,0.005221580432081379,0.4303925181418465
TN,TCGA-LUSC,93.77973527955061,0.0054042920495071135,0.5068130777761571
TN,TCGA-LUSC,45.90156785510412,0.009926305771904623,0.4556329979395917
TN,TCGA-LUSC,96.64876861227937,0.006079239943073674,0.5875510545966539
TN,TCGA-LUSC,57.770465511651196,0.010557157137560818,0.6098918823165395
TN,TCGA-LUSC,48.40766585566611,0.01002348085682848,0.4852133120280189
TN,TCGA-LUSC,45.46588630351347,0.002977238759118214,0.13536279892048225
TN,TCGA-LUSC,100.7947054653399,0.004336681195699431,0.4371145038176022
TN,TCGA-LUSC,43.93706658167415,0.010193332330085205,0.44786512127608535
TN,TCGA-LUSC,105.3024331785489,0.004994841854733355,0.5259690006454784
TN,TCGA-LUSC,102.53228666796137,0.005545710212562566,0.568614349291906
TN,TCGA-LUSC,110.58522692927268,0.006523239594012468,0.7213739308178854
TN,TCGA-LUSC,119.19000932905566,0.005199975250869417,0.6197850986619844
TN,TCGA-LUSC,59.457869380955046,0.0065278512959340805,0.38813212969194666
TN,TCGA-LUSC,61.52559066495314,0.008959498815000116,0.5512384566548298
TN,TCGA-LUSC,120.38896799827869,0.0053879431591666365,0.6486489165654568
TN,TCGA-LUSC,87.41946946504304,0.006696739097793676,0.5854253790749341
TN,TCGA-LUSC,113.2157437465707,0.004966810434663767,0.5623211374086865
TN,TCGA-LUSC,90.38681012544359,0.00755163807229438,0.682568476576543
TN,TCGA-LUSC,120.17351097516743,0.005813521529811058,0.6986312933671214
TN,TCGA-LUSC,155.58091179268231,0.004382112213353027,0.6817730137313132
TN,TCGA-LUSC,121.55063958174642,0.004789588176763645,0.5821775062187918
TN,TCGA-LUSC,71.9486585331016,0.0025522812896087584,0.18363321498648472
TN,TCGA-LUSC,108.85098895994295,0.0053740924463236955,0.5849752775444934
TN,TCGA-LUSC,146.619476053801,0.0043391162072967775,0.6361989448504097
TN,TCGA-LUSC,88.48404243105075,0.007200260531999295,0.6371081584280457
TN,TCGA-LUSC,44.63583879029819,0.013668233286186937,0.6100930575104277
TN,TCGA-LUSC,29.717432253040663,0.011980193018229552,0.35602057439758744
TN,TCGA-LUSC,96.28188012411482,0.003716990546834109,0.3578788382527497
TN,TCGA-LUSC,114.43167222827681,0.0045692530346386675,0.5228672655878311
TN,TCGA-LUSC,104.34732687074322,0.0039008637381181244,0.4070447035596412
TN,TCGA-LUSC,107.49049716364455,0.005630936508065792,0.6052721647489085
TN,TCGA-LUSC,104.70054913467659,0.006478703214452316,0.6783237842337518
TN,TCGA-LUSC,68.43741429968256,0.008447895963610305,0.5781521560222145
TN,TCGA-LUSC,91.203599639037,0.007147196085542014,0.6518500103274663
TN,TCGA-LUSC,90.8100895818925,0.006857500848456316,0.6227302663562219
TN,TCGA-LUSC,131.63917386505207,0.004763479422786961,0.6270604959388506
TN,TCGA-LUSC,91.97859369971496,0.005330823667997128,0.4903216642435321
TN,TCGA-LUSC,109.64512542262081,0.005860864362867559,0.6426152081515821
TN,TCGA-LUSC,103.89592060320406,0.006717488592650693,0.6979196614749654
TN,TCGA-LUSC,144.7358503898804,0.004989651327955261,0.7221814281006008
TN,TCGA-LUSC,43.37499017694157,0.008264557886895552,0.35847511716085956
TN,TCGA-LUSC,117.44779683600126,0.005820455185955562,0.6835996381731588
TN,TCGA-LUSC,80.33899461653135,0.00798323787436618,0.6413653046111938
TN,TCGA-LUSC,132.41019933929195,0.003983642696620329,0.5274749235560123
TN,TCGA-LUSC,119.67414500302066,0.0054895710371381315,0.6569597203028512
TN,TCGA-LUSC,86.2169568019711,0.007286995395909605,0.6282625672653006
TN,TCGA-LUSC,25.824921058224824,0.012222858133199791,0.31565434639576584
TN,TCGA-LUSC,145.74091358441834,0.004459508981960646,0.6499329131688638
TN,TCGA-LUSC,62.094998232260096,0.008887080407841776,0.5518432422148885
TN,TCGA-LUSC,71.75596037804374,0.00623318605037735,0.44726825125985203
TN,TCGA-LUSC,57.22062338903283,0.008452009383638388,0.4836292458217437
TN,TCGA-LUSC,38.101858918790185,0.010236406221030595,0.39002610566913387
TN,TCGA-LUSC,66.44282187102245,0.010365899548253656,0.6887396172175297
TN,TCGA-LUSC,92.2596382141584,0.0067075248783803176,0.618833818591835
TN,TCGA-LUSC,124.18860506509014,0.0029012355417342133,0.36030039489323307
TN,TCGA-LUSC,151.63816105347738,0.003446734943000105,0.5226565483952981
TN,TCGA-LUSC,32.38957396306937,0.008639405754021001,0.2798266716668303
TN,TCGA-LUSC,96.88174958130705,0.004182780325509318,0.40523507604961173
TN,TCGA-LUSC,113.3882644731153,0.005193064452498196,0.5888325655657991
TN,TCGA-LUSC,103.03162596044244,0.006033244036390108,0.6216149428854156
TN,TCGA-LUSC,126.68250669263792,0.004920596063701947,0.6233534437716897
TN,TCGA-LUSC,9.493797569246864,0.04088824032967584,0.3881846766526581
TN,TCGA-LUSC,112.86104592972563,0.006158780036615736,0.6950863565835659
TN,TCGA-LUSC,9.09183634745939,0.034133848884822876,0.3103393679697188
TN,TCGA-LUSC,110.44997803456663,0.005441830168694241,0.6010500226001209
TN,TCGA-LUSC,92.58055423094643,0.006792441388388424,0.6288479883182195
TN,TCGA-LUSC,157.37178185276974,0.00415305215650438,0.6535732179965822
TN,TCGA-LUSC,172.16307843454132,0.0023015337977249544,0.3962391437374691
TN,TCGA-LUSC,121.13974492462764,0.004952962464795367,0.6000006096065658
TN,TCGA-LUSC,75.11459792352974,0.003606638050369694,0.2709111670092228
TN,TCGA-LUSC,86.00690622154343,0.0035643740760595414,0.30656078689815347
TN,TCGA-LUSC,162.74787475628062,0.0035486244287997746,0.5775310840953836
TN,TCGA-LUSC,174.46154154121962,0.0036302330267726363,0.6333360500046017
TN,TCGA-LUSC,96.18986803840832,0.006693460951572859,0.6438431256520323
TN,TCGA-LUSC,121.45576199082797,0.00557532282634346,0.6771550822184016
TN,TCGA-LUSC,111.42949212141535,0.005227234836280082,0.5824681230060593
TN,TCGA-LUSC,112.57718673883848,0.006035498584581583,0.6794594512184362
TN,TCGA-LUSC,92.376018634177,0.00705105782600984,0.6513486491261445
TN,TCGA-LUSC,93.39064348231665,0.006946789657079042,0.6487651562109136
TN,TCGA-LUSC,133.9414209787825,0.0047520036387422955,0.6364901198694881
TN,TCGA-LUSC,43.610275769885284,0.010189384338328064,0.444361860919837
TN,TCGA-LUSC,33.40947982802213,0.016943935151999205,0.5660880596680324
TN,TCGA-LUSC,78.96452729466081,0.004470660710279682,0.3530236096820476
TN,TCGA-LUSC,24.02795978058072,0.012697462041529366,0.30509410724931796
TN,TCGA-LUSC,112.21444410154353,0.0056643505608633795,0.6356219493835504
TN,TCGA-LUSC,98.50320311441801,0.006697222408225188,0.6596978591798375
TN,TCGA-LUSC,9.502868054889664,0.010302422693917566,0.09790256350599955
TN,TCGA-LUSC,88.98432507444595,0.005933071372686707,0.5279503517170432
TN,TCGA-LUSC,123.7115836912635,0.004406381667022312,0.54512045437548
TN,TCGA-LUSC,28.06695579556295,0.012739672973381688,0.35756383819383186
TN,TCGA-LUSC,97.93224273830958,0.003287988372906215,0.322000075456191
TN,TCGA-LUSC,32.93986406678575,0.011850285409722203,0.3903467905488639
TN,TCGA-LUSC,139.60586976265256,0.00496421420079009,0.6930334411894117
TN,TCGA-LUSC,97.4263637271941,0.005757078658419123,0.5608912393812081
TN,TCGA-LUSC,103.22239080943237,0.005864071365098437,0.6053034661825925
TN,TCGA-LUSC,112.3385205076025,0.004866862836699355,0.546736170588239
TN,TCGA-LUSC,45.01009744384225,0.014136482344072606,0.6362844478198635
TN,TCGA-LUSC,78.86588216395162,0.006254173491546484,0.4932409096172149
TN,TCGA-LUSC,92.24974252519324,0.007118117755809554,0.6566445302374377
TN,TCGA-LUSC,179.15698853167171,0.003696838652486298,0.6623144800669284
TN,TCGA-LUSC,109.72032613815878,0.004688468960180523,0.5144203433996412
TN,TCGA-LUSC,65.49680074227174,0.007805042143680037,0.5112052900696449
TN,TCGA-LUSC,108.0106737526558,0.006159512359947477,0.665293079985738
TN,TCGA-LUSC,88.99219182478404,0.0067560200135564725,0.6012330290184977
TN,TCGA-LUSC,81.41548959135723,0.006988353346654336,0.5689602091552626
TN,TCGA-LUSC,134.80287853005234,0.005168452017282282,0.6967222094741075
TN,TCGA-LUSC,53.34452065928903,0.008851170100993674,0.4721614263113384
TN,TCGA-LUSC,78.31447468165533,0.004916064426703936,0.3849990030784918
TN,TCGA-LUSC,92.42532576796555,0.007324000461063838,0.6769231285385551
TN,TCGA-LUSC,94.49030085477547,0.003509903622272848,0.3316518492398276
TN,TCGA-LUSC,190.38887598710534,0.0031534387943300815,0.6003796675466369
TN,TCGA-LUSC,34.80890861426132,0.01847097783796419,0.6429545795777416
TN,TCGA-LUSC,13.266943119045239,0.012088136731694985,0.1603726224346388
TN,TCGA-LUSC,106.04563582133827,0.0047459178233884725,0.5032838731370524
TN,TCGA-LUSC,89.8349776798659,0.007566461403103086,0.6797328912633325
TN,TCGA-LUSC,29.84474788306524,0.01249148480376366,0.3728052146534671
TN,TCGA-LUSC,91.36436892264919,0.005264367522852502,0.4809756165023088
TN,TCGA-LUSC,85.618881732127,0.002984749672140611,0.2555509291790118
TN,TCGA-LUSC,55.39821894218,0.008324731088232826,0.4611752754606945
TN,TCGA-LUSC,98.17088397652732,0.0062754988515583005,0.6160712696511603
TN,TCGA-LUSC,128.4389875486172,0.0046833187392455455,0.6015207172361643
TN,TCGA-LUSC,173.8588170973255,0.0032957450267687522,0.5729943318084086
TN,TCGA-LUSC,83.10192014242158,0.007330362217591034,0.6091671756212744
TN,TCGA-LUSC,183.10165188164797,0.0034414830682407953,0.6301412347176119
TN,TCGA-LUSC,128.7301672119438,0.005334030441699365,0.6866506306735577
TN,TCGA-LUSC,70.98941092066977,0.008771331380306174,0.6226716476779206
TN,TCGA-LUSC,63.16446452372126,0.009912078310968048,0.6260911188294882
TN,TCGA-LUSC,56.71624588530049,0.010244014924255206,0.5810020692967461
TN,TCGA-LUSC,99.11406217562325,0.0031967308303769266,0.31684097828071045
TN,TCGA-LUSC,31.604866085763554,0.015431011237553742,0.4876950437307985
TN,TCGA-LUSC,68.68211696732928,0.01020121202320907,0.7006408373865711
TN,TCGA-LUSC,62.32840437678994,0.006026609499966993,0.37562895393494655
TN,TCGA-LUSC,36.324031377780976,0.017310318136015558,0.6287805391320003
TN,TCGA-LUSC,114.39371179596985,0.004321065898144611,0.4943027670037482
TN,TCGA-LUSC,112.61886745303833,0.005296619318420199,0.5964992689703666
TN,TCGA-LUSC,116.97370904702893,0.005864309840047009,0.6859700729912876
TN,TCGA-LUSC,179.7591438501554,0.003645562231896649,0.6553231456582034
TN,TCGA-LUSC,50.36744358296206,0.005410423738365229,0.27250921240202935
TN,TCGA-LUSC,18.65607538437886,0.005904800042312397,0.11016039471906355
TN,TCGA-LUSC,128.94842424141865,0.004562485823112956,0.5883253575142277
TN,TCGA-LUSC,129.27788099654057,0.005100661694179118,0.6594027355037011
TN,TCGA-LUSC,58.343049424415554,0.008048377991234947,0.4695669149289989
TN,TCGA-LUSC,40.810167435090754,0.010124193789712532,0.41317004370347443
TN,TCGA-LUSC,68.45074283420391,0.00522085871289887,0.35737165713035335
TN,TCGA-LUSC,167.17524095461633,0.001972507643585207,0.3297544406011794
TN,TCGA-LUSC,119.7036764489844,0.00535309976203265,0.6407857219134917
TN,TCGA-LUSC,70.86530377795873,0.0087542958467491,0.6203758345419974
TN,TCGA-LUSC,100.92328320053302,0.004730371057680911,0.4774045778979355
TN,TCGA-LUSC,66.40624510020301,0.010237738179989152,0.6798497508520659
TN,TCGA-LUSC,79.63188112914699,0.006981206742377536,0.5559266254470074
TN,TCGA-LUSC,118.74469869202757,0.00497616139310467,0.5908927852671142
TN,TCGA-LUSC,75.4672868556698,0.003908541770645778,0.29496704299269244
TN,TCGA-LUSC,181.19624795135346,0.003374875259710898,0.6115147343634643
TN,TCGA-LUSC,142.22508541924103,0.004397423140734422,0.6254238818155002
TN,TCGA-LUSC,95.72910872576333,0.006479467884529418,0.6202736856032083
TN,TCGA-LUSC,66.78963186044484,0.009033457214450494,0.6033412817802281
TN,TCGA-LUSC,105.30921488449852,0.005340799198313151,0.562435370430117
TN,TCGA-LUSC,85.86500820757011,0.005748896822044649,0.49362907280933754
TN,TCGA-LUSC,66.1748378394558,0.008497618376792138,0.5623285181057993
TN,TCGA-LUSC,42.228341926944466,0.01472382834220789,0.6217628577083907
TN,TCGA-LUSC,170.23179191747897,0.0038798030489667,0.6604658253124998
TN,TCGA-LUSC,29.563824063155963,0.008844247632339125,0.2614697809734576
TN,TCGA-LUSC,132.06822521587554,0.0029046450203370757,0.3836113127180483
TN,TCGA-LUSC,27.085344731449588,0.019254942900292796,0.5215267662388081
TN,TCGA-LUSC,38.34299298896256,0.01674081487000717,0.6418929471902051
TN,TCGA-LUSC,115.98152365750104,0.005734481380864647,0.6650938879382523
TN,TCGA-LUSC,153.8524087394246,0.0040406013975351675,0.6216562577666708
TN,TCGA-LUSC,126.29821888859365,0.005482335820413198,0.6924092494673237
TN,TCGA-LUSC,125.26082972072834,0.005415160433611957,0.6783074889850927
TN,TCGA-LUSC,91.80444599068603,0.004898180595441578,0.4496747559268427
TN,TCGA-LUSC,138.6620577401184,0.004488418384242677,0.622373329157667
TN,TCGA-LUSC,125.10986795042001,0.005041626613137064,0.6307572398249014
TN,TCGA-LUSC,41.11930372521184,0.008162437577538437,0.3356337498888854
TN,TCGA-LUSC,113.06853270115613,0.005790755885911816,0.6547522712506325
TN,TCGA-LUSC,129.50446435716324,0.0051983004453040795,0.673203114736708
TN,TCGA-LUSC,23.40903821329287,0.007381605167650234,0.17279627744496445
TN,TCGA-LUSC,120.09112435110926,0.005713963105943641,0.6861962538935282
TN,TCGA-LUSC,137.78263728365218,0.004560093873547324,0.6283017601583755
TN,TCGA-LUSC,37.617659678048256,0.016558061170571594,0.6228755100428676
TN,TCGA-LUSC,161.35452062040562,0.0037175098086781764,0.599837013080923
TN,TCGA-LUSC,130.86499836494679,0.004793469974668292,0.6272974403973876
TN,TCGA-LUSC,170.28484376387277,0.0033692927969400004,0.5737394975216699
TN,TCGA-LUSC,167.82950867267135,0.003594774880472864,0.6033093019786216
TN,TCGA-LUSC,125.95508729525035,0.005556762261033123,0.6999024756673797
TN,TCGA-LUSC,170.85848921085625,0.0035497347720927657,0.6065023202590131
TN,TCGA-LUSC,166.26058099645434,0.0041305987749802875,0.6867557521914651
TN,TCGA-LUSC,85.61795005351138,0.006981435224143726,0.5977361723225626
TN,TCGA-LUSC,123.38473332859719,0.0051011668047022405,0.6294061058628782
TN,TCGA-LUSC,54.03021484043191,0.008885813953185936,0.4801024369227437
TN,TCGA-LUSC,131.8358266978396,0.005149814021343493,0.6789299888439451
TN,TCGA-LUSC,74.8147009166678,0.0074588793603394205,0.5580338285173002
TN,TCGA-LUSC,105.95300716388894,0.004046867379756208,0.428777768478618
TN,TCGA-LUSC,133.85207441993438,0.003845707918578037,0.5147559825148383
TN,TCGA-LUSC,95.22390806953821,0.0071742571488181564,0.6831608032062875
TN,TCGA-LUSC,187.26072790479705,0.003544599919655252,0.6637643610859276
TN,TCGA-LUSC,135.7562805691407,0.004571380160656937,0.6205935676783467
TN,TCGA-LUSC,47.664891133830075,0.012651889480195765,0.6030509347107811
TN,TCGA-LUSC,11.272802550932848,0.010813851319204022,0.12190241073653164
TN,TCGA-LUSC,49.6708998947107,0.006871955504163625,0.3413362139282176
TN,TCGA-LUSC,109.25952469733691,0.006455782151315222,0.7053556894022524
TN,TCGA-LUSC,66.08922716357267,0.008955822361154685,0.5918833784629558
TN,TCGA-LUSC,94.02369113429062,0.005771667117914898,0.5426734464247717
TN,TCGA-LUSC,129.94113306255917,0.00497913051346949,0.6469938605865876
TN,TCGA-LUSC,123.97759760901018,0.005662329443140517,0.7020020012313257
TN,TCGA-LUSC,56.26089333671388,0.012454976536027488,0.7007281064047166
TN,TCGA-LUSC,59.374080333810376,0.007252896886787867,0.430634082408986
TN,TCGA-LUSC,114.1209666952851,0.0055356752954666966,0.6317366160298674
TN,TCGA-LUSC,125.28886057057909,0.0048814539839101626,0.6115918075718182
TN,TCGA-LUSC,66.31438056685187,0.00514927443358061,0.3414709444316252
TN,TCGA-LUSC,44.82219259328244,0.00286154634089528,0.12826078120621087
TN,TCGA-LUSC,151.6387493658368,0.0043642474749139865,0.6617890290189681
TN,TCGA-LUSC,111.97378399652776,0.005908886761439516,0.6616404098853708
TN,TCGA-LUSC,167.42091084035064,0.003671828137608824,0.6147408112476976
TN,TCGA-LUSC,62.252560403029285,0.004384897525376312,0.27297109805958253
TN,TCGA-LUSC,78.57082062813797,0.002499002587993498,0.19634868409048967
TN,TCGA-LUSC,133.3249927621315,0.004421422316594424,0.5894860983582783
TN,TCGA-LUSC,135.0935192994321,0.0048932154376932595,0.6610416941682935
TN,TCGA-LUSC,94.88702672916097,0.007079314736778359,0.6717351266528313
TN,TCGA-LUSC,38.31986481179738,0.013000646221016716,0.4981830056553651
TN,TCGA-LUSC,64.10726643874303,0.009441628960197887,0.6052770233671582
TN,TCGA-LUSC,35.58370197044106,0.008648138245913381,0.3077327739417547
TN,TCGA-LUSC,108.88812791542522,0.005319793232259855,0.5792623259579245
TN,TCGA-LUSC,91.09737654921803,0.006936599670447728,0.6319060321499583
TN,TCGA-LUSC,107.94121539389654,0.005398451840560627,0.5827154529155318
TN,TCGA-LUSC,163.44557465609398,0.0034564747268979812,0.564945498022106
TN,TCGA-LUSC,79.0316919874485,0.00833503160839355,0.6587316507802066
TN,TCGA-LUSC,55.30197755621608,0.012264677876716427,0.6782609406723917
TN,TCGA-LUSC,28.195880845417914,0.006189735452676953,0.1745250432883383
TN,TCGA-LUSC,112.52310878391482,0.005315375844415366,0.5981026143685434
TN,TCGA-LUSC,60.04467167010823,0.01157060516165452,0.6947531879560053
TN,TCGA-LUSC,74.49827083587836,0.0060291357974352686,0.4491601915436221
TN,TCGA-LUSC,74.34271562325225,0.007240476749531464,0.5382767039671874
TN,TCGA-LUSC,89.96710532818474,0.007354073203200563,0.661624678463526
TN,TCGA-LUSC,122.17259034605753,0.004855099772080559,0.5931601155436355
TN,TCGA-LUSC,57.38845746196139,0.011234079016148,0.6447064657425225
TN,TCGA-LUSC,157.61597910031273,0.0032020263966835273,0.5046905256183205
TN,TCGA-LUSC,33.658037261600015,0.007464194645594191,0.2512301415092446
TN,TCGA-LUSC,21.475092923835856,0.01254137109477042,0.2693271096525038
TN,TCGA-LUSC,81.39266573206926,0.003771206656716413,0.3069485628166735
TN,TCGA-LUSC,121.62007673868189,0.00509788996967336,0.6200057693170308
TN,TCGA-LUSC,47.2319636846537,0.014058028292186964,0.6639882817744089
TN,TCGA-LUSC,96.48595481452593,0.0025944861436631036,0.25033147282439183
TN,TCGA-LUSC,60.543014319061136,0.008162253449106491,0.4941674274450604
TN,TCGA-LUSC,98.43190502460645,0.005348843913839422,0.5264968961184863
TN,TCGA-LUSC,119.7652692025802,0.005652537794619945,0.6769777106504168
TN,TCGA-LUSC,57.37997806567333,0.00637043765779134,0.3655355730728065
TN,TCGA-LUSC,39.142353144851185,0.011833163296400221,0.4631778565683888
TN,TCGA-LUSC,53.44859711734941,0.008709081267324531,0.46548817591948366
TN,TCGA-LUSC,128.27609774287183,0.005150866323123955,0.6607330319255154
TN,TCGA-LUSC,120.31205685557386,0.005236012984431545,0.629955491879451
TN,TCGA-LUSC,123.75824070814808,0.00492511230042855,0.6095232335910974
TN,TCGA-LUSC,91.15045521947266,0.0044496311094971725,0.40558590118939447
TN,TCGA-LUSC,68.78792384906261,0.009438358186049675,0.6492450641621618
TN,TCGA-LUSC,143.55262067925602,0.004513809441817753,0.6479691746197083
TN,TCGA-LUSC,104.03350900788769,0.0066717195272451985,0.6940823935357635
TN,TCGA-LUSC,120.31830112363886,0.005299636709663791,0.6376432854792187
TN,TCGA-LUSC,72.57956110976941,0.007913011710281907,0.5743229169887267
TN,TCGA-LUSC,36.54380933881745,0.006762410801342081,0.24712425099500474
TN,TCGA-LUSC,76.06224633635442,0.003512881418769427,0.26719765182484234
TN,TCGA-LUSC,50.34630577620842,0.0072304417495771215,0.36402603122127314
TN,TCGA-LUSC,57.34594735145977,0.010711033682130826,0.6142343736151866
TN,TCGA-LUSC,126.71162413018453,0.005356739781815279,0.6787611977965844
TN,TCGA-LUSC,179.59597468785418,0.0032792462682060975,0.5889394297799826
TN,TCGA-LUSC,77.09805084591743,0.006782162749636464,0.5228915285167592
TN,TCGA-LUSC,68.88154561008932,0.007521338748582421,0.5180814380594121
TN,TCGA-LUSC,83.03028007075466,0.00407026234915556,0.3379550228118339
TN,TCGA-LUSC,43.58200896741794,0.008273299647383542,0.3605670194224052
TN,TCGA-LUSC,26.235392608843178,0.01296130399065009,0.34004489891727097
TN,TCGA-LUSC,108.221887799931,0.006151687404125571,0.6657472240295264
TN,TCGA-LUSC,156.08485407819882,0.0036701867036743087,0.57286055608275
TN,TCGA-LUSC,120.67840862784415,0.004503755079322595,0.5435059958222208
TN,TCGA-LUSC,66.04466485387759,0.007718248406415633,0.5097491292606953
TN,TCGA-LUSC,81.24243981858054,0.0047904541137915825,0.3891881800433842
TN,TCGA-LUSC,136.00103872013767,0.004915355431383708,0.6684934443468546
TN,TCGA-LUSC,130.69752090880428,0.004215428482113772,0.5509460521806337
TN,TCGA-LUSC,114.25902811977565,0.0037422818872916413,0.4275894913921827
TN,TCGA-LUSC,71.71969035493738,0.007881930896192362,0.5652896432739303
TN,TCGA-LUSC,77.45355333370425,0.004600543985004606,0.3563284789066065
TN,TCGA-LUSC,129.53102606840508,0.004398317802581974,0.5697186179433757
TN,TCGA-LUSC,78.56728216086043,0.004010361715197789,0.3150832204450569
TN,TCGA-LUSC,152.76917770894875,0.0040044667246549,0.6117590886883764
TN,TCGA-LUSC,125.20987757770905,0.005303719893021629,0.6640781185116983
TN,TCGA-LUSC,82.4666797278709,0.007803800681794512,0.6435535314856886
TN,TCGA-LUSC,151.07067637193214,0.004092087437214162,0.6181944169130298
TN,TCGA-LUSC,130.7699866199972,0.005263850613571831,0.6883536743064524
TN,TCGA-LUSC,65.31718779751772,0.009987349548837123,0.6523455860808481
TN,TCGA-LUSC,111.8262662637035,0.006378380291293088,0.7132704527852995
TN,TCGA-LUSC,28.96380050704954,0.00380397420764577,0.11017755008421393
TN,TCGA-LUSC,94.36112182577467,0.004362455326411355,0.41164617851500146
TN,TCGA-LUSC,19.67347873779321,0.011402752021747235,0.22433179945217277
TN,TCGA-LUSC,309.8864406074778,0.001419452844252417,0.43986918951554205
TN,TCGA-LUSC,106.21857914935673,0.005254403720050628,0.5581152974208721
TN,TCGA-LUSC,154.38696838735297,0.0038501417887567215,0.5944117186276106
TN,TCGA-LUSC,91.95359920977764,0.007230359083882038,0.6648575413420639
TN,TCGA-LUSC,22.75395616933767,0.0034643146718637027,0.0788268642003801
TN,TCGA-LUSC,121.64655525423078,0.003654096491700193,0.4445082507818984
TN,TCGA-LUSC,54.91148302853512,0.00730097821092595,0.40090754112096505
TN,TCGA-LUSC,139.57189253022597,0.0048963195253821385,0.6833885825902829
TN,TCGA-LUSC,113.50506050344703,0.005803136260362862,0.6586853323422339
TN,TCGA-LUSC,102.48920811363153,0.006453747894085089,0.6614395110297979
TN,TCGA-LUSC,130.01643255565367,0.003904738154845218,0.5076801249569208
TN,TCGA-LUSC,109.26090299452932,0.0038880740928706756,0.42481448629668545
TN,TCGA-LUSC,83.41437491629964,0.0072731023471165335,0.6066812859869973
TN,TCGA-LUSC,34.312145043854414,0.015843750378958212,0.5436330610414375
TN,TCGA-LUSC,94.26766984391143,0.005606516866597591,0.5285132809547426
TN,TCGA-LUSC,105.44619172776424,0.006481027975681038,0.6833997185166665
TN,TCGA-LUSC,148.07332353914057,0.003196553131482185,0.4733242460480145
TN,TCGA-LUSC,170.33410510214833,0.0036417587131540538,0.6203157114030471
TN,TCGA-LUSC,160.7718232583388,0.004053615538863511,0.6517071609714202
TN,TCGA-LUSC,197.85167907342966,0.0017324258474811748,0.3427633627943598
TN,TCGA-LUSC,121.46478400437493,0.005679097531921553,0.6898103550546302
TN,TCGA-LUSC,144.55847291535616,0.003405113675932734,0.492238033096031
TN,TCGA-LUSC,58.698465114209725,0.010552450720975057,0.6194126605145717
TN,TCGA-LUSC,43.055964466809506,0.012744837208851584,0.5487412579995854
TN,TCGA-LUSC,70.37207286011765,0.0038218810998971488,0.2689536952246688
TN,TCGA-LUSC,83.63390559712012,0.006467085976713902,0.5408676580649499
TN,TCGA-LUSC,37.55337165651021,0.007343502207352321,0.2757732676531048
TN,TCGA-LUSC,49.15437193093545,0.012939722142567122,0.6360439148787053
TN,TCGA-LUSC,31.12917795787585,0.010141698052156353,0.315702723460618
TN,TCGA-LUSC,62.676723361289845,0.00786183919546831,0.4927543203653128
TN,TCGA-LUSC,127.03385594828671,0.005031032298404486,0.6391114322666933
TN,TCGA-LUSC,55.046923424008284,0.01040733388879525,0.5728917116245985
TN,TCGA-LUSC,54.37495201298276,0.01032878511016654,0.5616271947177164
TN,TCGA-LUSC,154.00214022386967,0.004377126115675023,0.6740867898437468
TN,TCGA-LUSC,93.70762992844405,0.006297743027973598,0.5901465730497886
TN,TCGA-LUSC,141.45092159324156,0.00462695948272652,0.6544876830062545
TN,TCGA-LUSC,105.21276425396215,0.005921787577922369,0.6230476403979878
TN,TCGA-LUSC,113.09989077308853,0.0055781579334782515,0.6308890529914275
TN,TCGA-LUSC,126.41382040894658,0.00489022120107282,0.6181915446724425
TN,TCGA-LUSC,145.03431281253978,0.0034271549207519417,0.4970550588333721
TN,TCGA-LUSC,93.67923496591989,0.006499446164161636,0.6088631443608447
TN,TCGA-LUSC,21.66678368059816,0.008988658706768337,0.19475532377827476
TN,TCGA-LUSC,92.74893941931562,0.006587332484890221,0.6109681015759729
TN,TCGA-LUSC,109.88145951933686,0.005925374894653897,0.6510888416238071
TN,TCGA-LUSC,161.9216742258048,0.00415439999963332,0.67268740334431
TN,TCGA-LUSC,76.52997011176944,0.007813330521674398,0.5979539512971177
TN,TCGA-LUSC,29.468218014092074,0.012938390440226752,0.38127131024404665
TN,TCGA-LUSC,85.1901307898863,0.004667043032159272,0.3975860063116759
TN,TCGA-LUSC,108.88554684777424,0.006212976188196105,0.6765033098039328
TN,TCGA-LUSC,51.96981117482585,0.010965303455137718,0.5698647500381727
TN,TCGA-LUSC,38.51100766071687,0.0031508794961954915,0.12134354441598029
TN,TCGA-LUSC,104.30579337954967,0.0058250429372125895,0.6075857250359015
TN,TCGA-LUSC,91.87331513456962,0.00641575388387384,0.5894365783989803
TN,TCGA-LUSC,103.04468003650827,0.004257760924729402,0.4387396121606888
TN,TCGA-LUSC,63.173500838770494,0.007408413806660328,0.4680154358290151
TN,TCGA-LUSC,103.91535769285507,0.006274962483291895,0.6520649709605233
TN,TCGA-LUSC,111.78021753403023,0.006039199883475515,0.6750630767063831
TN,TCGA-LUSC,71.07577067473431,0.008794223630367606,0.6250562220143374
TN,TCGA-LUSC,104.05049950458712,0.0048226390328983595,0.5017980003033933
TN,TCGA-LUSC,134.4274349648351,0.004869527302440085,0.6545980647582534
TN,TCGA-LUSC,86.28523971953203,0.007540855415278144,0.650664517197606
TN,TCGA-LUSC,153.58998622075197,0.004227310253775822,0.649272523628272
TN,TCGA-LUSC,25.667990997752355,0.007315161318608475,0.1877654948731486
TN,TCGA-LUSC,91.25245967048451,0.006657607787603269,0.6075230861401709
TN,TCGA-LUSC,95.2959726833249,0.006557078709783608,0.62486319360995
TN,TCGA-LUSC,52.5640281741309,0.01102907001416526,0.579732346959045
TN,TCGA-LUSC,94.97120809255688,0.0065130702774245566,0.6185541526387347
TN,TCGA-LUSC,60.7723946624888,0.004258384068003753,0.25879219720517865
TN,TCGA-LUSC,55.05387735503992,0.011134463415329338,0.6129953832817203
TN,TCGA-LUSC,182.24155646465388,0.0027352509170899273,0.4984763844518403
TN,TCGA-LUSC,66.35564162713891,0.008330408775945897,0.5527696193442388
TN,TCGA-LUSC,72.33390909654096,0.005181228887429593,0.37477853935170424
TN,TCGA-LUSC,92.5302625838936,0.0060843724515152985,0.562988580596919
TN,TCGA-LUSC,143.00599850133318,0.002829291631958858,0.40460567487974297
TN,TCGA-LUSC,123.0396191035819,0.005134891414169126,0.6317950837376223
TN,TCGA-LUSC,101.15386879514124,0.00586885424188083,0.5936573119610216
TN,TCGA-LUSC,30.800232593754522,0.009039070297168748,0.27840546758409523
TN,TCGA-LUSC,114.45252172566546,0.0036998463627558767,0.42345674621494134
TN,TCGA-LUSC,54.034306003471464,0.011799156814392588,0.6375592498918347
TN,TCGA-LUSC,106.97252395194732,0.005706249914582785,0.6104119556635044
TN,TCGA-LUSC,93.84311022831496,0.004423390036349201,0.41510467876394813
TN,TCGA-LUSC,128.5215899239571,0.005387639764048299,0.6924280284130204
TN,TCGA-LUSC,81.7541878265813,0.008305771534879467,0.6790316061072084
TN,TCGA-LUSC,105.41692794953529,0.00531847661839745,0.5606574664828922
TN,TCGA-LUSC,124.38480105227464,0.005299148433549915,0.6591335236535789
TN,TCGA-LUSC,26.142638655630662,0.012356467385518613,0.3230306619196984
TN,TCGA-LUSC,105.09271152275407,0.004080186284654887,0.42879784017233374
TN,TCGA-LUSC,121.4489784795554,0.005437424108750585,0.6603696035678654
TN,TCGA-LUSC,120.2860391532233,0.00442681373219726,0.5324838899151062
TN,TCGA-LUSC,110.46584454673766,0.00572724697963076,0.6326651745326644
TN,TCGA-LUSC,109.84464622513696,0.004438813552979747,0.48757990438640353
TN,TCGA-LUSC,93.92501679830752,0.00704105590486714,0.6613312941424685
TN,TCGA-LUSC,116.31854667556193,0.0029846713432174635,0.34717263294725265
TN,TCGA-LUSC,134.22320080207655,0.004470949092692599,0.6001050978443407
TN,TCGA-LUSC,135.49510917537697,0.0050985656872105396,0.690830714426423
TN,TCGA-LUSC,65.35225083953605,0.0052952549120614135,0.34605682727232295
TN,TCGA-LUSC,134.2980071122566,0.0049892813935458104,0.6700505480754648
TN,TCGA-LUSC,67.44112477446052,0.006510091286629147,0.4390478787546845
TN,TCGA-LUSC,135.92809886774796,0.005038183634189409,0.6848307231419677
TN,TCGA-LUSC,130.25963693906297,0.004521531107632091,0.5889730004888355
TN,TCGA-LUSC,96.2613561476853,0.007241339819296613,0.6970611913317264
TN,TCGA-LUSC,77.73534961479541,0.003719337932071229,0.28912403448512713
TN,TCGA-LUSC,126.08625227911055,0.004446276406524039,0.5606143286956471
TN,TCGA-LUSC,45.42962699412925,0.007202093927293083,0.3271884406936082
TN,TCGA-LUSC,101.08665035134891,0.006134175479137488,0.6200832518533894
TN,TCGA-LUSC,143.41272849532916,0.004704463662002875,0.6746799698749603
TN,TCGA-LUSC,45.59524818785283,0.0045215026494568366,0.2061590354840186
TN,TCGA-LUSC,190.0102187960662,0.0032532008579659946,0.6181414068096689
TN,TCGA-LUSC,61.106392556661845,0.008375907835659863,0.5118215122242514
TN,TCGA-LUSC,103.22373577084704,0.004953284209193579,0.511296500407707
TN,TCGA-LUSC,89.04912409486934,0.00734298766525846,0.6538866198306955
TN,TCGA-LUSC,133.11115814391866,0.0047556442217132336,0.6330293100726831
TN,TCGA-LUSC,63.5903411870428,0.007433114629092765,0.47267429534640804
TN,TCGA-LUSC,128.41555842067896,0.004700896468146597,0.6036682450348428
TN,TCGA-LUSC,113.67825195694431,0.005949307326858762,0.6763068572719452
TN,TCGA-LUSC,43.29037041327062,0.008909462337128611,0.3856939247573814
TN,TCGA-LUSC,113.43696217450453,0.005935903108262657,0.6733508163635149
TN,TCGA-LUSC,121.50770471885112,0.005279165895352491,0.6414593307743197
TN,TCGA-LUSC,85.43766798991415,0.007769459948014292,0.6638045394993808
TN,TCGA-LUSC,118.24532569372738,0.005841874295037787,0.6907743286785571
TN,TCGA-LUSC,161.30651864511535,0.0035529459269582502,0.5731133384119776
TN,TCGA-LUSC,86.35791968567797,0.006757849145975643,0.583593793796092
TN,TCGA-LUSC,56.055853568796245,0.005183454018903862,0.29056293946426326
TN,TCGA-LUSC,74.25051318072752,0.003827953836135,0.28422753676515833
TN,TCGA-LUSC,44.83216321264119,0.003773379636357763,0.1691687717204479
TN,TCGA-LUSC,139.29718781769103,0.004033952574337445,0.5619182493951413
TN,TCGA-LUSC,117.56853409251104,0.005501553719369334,0.6468096060174545
TN,TCGA-LUSC,103.00522189142177,0.00651432982056991,0.6710099886417094
TN,TCGA-LUSC,43.01773457811207,0.015508313723106553,0.6671325234946907
TN,TCGA-LUSC,37.77221309248889,0.005020504456956146,0.18963556417993777
TN,TCGA-LUSC,128.43172093507485,0.004888800991213058,0.6278771246105928
TN,TCGA-LUSC,43.81070272828348,0.007891598319923676,0.34573646804519753
TN,TCGA-LUSC,99.12778949186317,0.00583329062302167,0.5782412049237515
TN,TCGA-LUSC,246.18426465677402,0.0021714359197389397,0.5345733551502366
TN,TCGA-LUSC,118.37449333016745,0.0053122318759605035,0.6288327567691896
TN,TCGA-LUSC,54.60070512205844,0.011971253307148176,0.6536388717650645
TN,TCGA-LUSC,127.72148157935864,0.004680843275984749,0.5978442382495508
TN,TCGA-LUSC,115.22288416570198,0.0053388531035509276,0.615158052728147
TN,TCGA-LUSC,88.78067945882597,0.005708325703921253,0.5067890345664099
TN,TCGA-LUSC,109.01299095358195,0.005207260933634053,0.5676590890511897
TN,TCGA-LUSC,99.45645876099164,0.0063427162260336,0.6308240947671833
TN,TCGA-LUSC,151.0497419189744,0.00419784264569302,0.6340830482483955
TN,TCGA-LUSC,87.83434326083936,0.004944786812282137,0.4343221022216609
TN,TCGA-LUSC,65.0562685321715,0.005918923133791619,0.3850630528132296
TN,TCGA-LUSC,77.46576439436204,0.007876007193733166,0.610120917638034
TN,TCGA-LUSC,82.76033655994472,0.006427607606914323,0.5319509688234902
TN,TCGA-LUSC,68.26702064810593,0.008381990815468573,0.5722135400718273
TN,TCGA-LUSC,131.02315361585974,0.0038196878933049842,0.5004675536091386
TN,TCGA-LUSC,117.29227343033777,0.005180846784000364,0.6076732975896568
TN,TCGA-LUSC,37.21076179358144,0.01264413734625108,0.4704979828766759
TN,TCGA-LUSC,145.42197034640256,0.004794699033260358,0.6972545806347128
TN,TCGA-LUSC,114.34172767331866,0.005461681980570935,0.6244981536607135
TN,TCGA-LUSC,124.8616910924168,0.005030146873566642,0.6280726450767642
TN,TCGA-LUSC,120.99961738538047,0.00494528722208017,0.5983778617325116
TN,TCGA-LUSC,86.56249129503581,0.006217402535641398,0.5381938528691921
TN,TCGA-LUSC,124.98778524673114,0.005316415371818348,0.664486982775252
TN,TCGA-LUSC,109.22839488155111,0.0051689533261746155,0.564596475035708
TN,TCGA-LUSC,129.54327400488654,0.004945629876083979,0.6406730861643
TN,TCGA-LUSC,116.81318424884745,0.004701919293073569,0.5492461647050133
TN,TCGA-LUSC,117.65330736360129,0.005266331072397995,0.6196012683393253
TN,TCGA-LUSC,105.37129708999481,0.0056980727249915245,0.6004133139454783
TN,TCGA-LUSC,133.71682581878355,0.0037964324612618904,0.5076468981553319
TN,TCGA-LUSC,76.70678471735056,0.007906286134383454,0.6064657884239254
TN,TCGA-LUSC,107.99001746546709,0.00575306538384739,0.6212736312816538
TN,TCGA-LUSC,101.2451825682075,0.005828210291434861,0.5900782150022283
TN,TCGA-LUSC,89.0727071659501,0.004649410143584542,0.41413554821390397
TN,TCGA-LUSC,50.22042844740232,0.010746302115791948,0.5396838964802977
TN,TCGA-LUSC,155.63242974034478,0.003491585521037284,0.5434039382852401
TN,TCGA-LUSC,135.4572848521241,0.004302292830508035,0.5827769054593781
TN,TCGA-LUSC,92.76970564042574,0.004212841862566976,0.3908240995000013
TN,TCGA-LUSC,98.67269541605833,0.005343577168981109,0.5272651624270762
TN,TCGA-LUSC,102.72057620698946,0.005549369572526471,0.5700344400754539
TN,TCGA-LUSC,96.29013995711601,0.0067235057834656355,0.647407312892385
TN,TCGA-LUSC,190.3177796720861,0.0031512721597110518,0.5997431205786669
TN,TCGA-LUSC,102.38666656287096,0.0040472809823162625,0.414387608422664
TN,TCGA-LUSC,44.97728720931368,0.009063994343291921,0.4076738768418353
TN,TCGA-LUSC,182.29040868033343,0.0035679652392831846,0.6504058416261553
TN,TCGA-LUSC,26.773816734443013,0.011808336746211744,0.31615424398166236
TN,TCGA-LUSC,136.43440765706185,0.004997345753058085,0.6818099076760136
TN,TCGA-LUSC,87.36561973255768,0.007000747054258918,0.611624604986208
TN,TCGA-LUSC,55.07664112690907,0.0098139347357933,0.5405185614861947
TN,TCGA-LUSC,139.1490248282164,0.004509875607652992,0.6275447929014737
TN,TCGA-LUSC,108.48015743662232,0.004640105595531621,0.5033593855258224
TN,TCGA-LUSC,76.15960990585991,0.0050563873635294035,0.3850924891393188
TN,TCGA-LUSC,130.42551215935922,0.004689758688463502,0.611664178846657
TN,TCGA-LUSC,23.64476216631163,0.012787372634744588,0.3023543846805375
TN,TCGA-LUSC,117.96930491048064,0.004933187974124628,0.5819647563002245
TN,TCGA-LUSC,123.5742464533077,0.0052418967632499374,0.6477634425046437
TN,TCGA-LUSC,78.59948892441662,0.005353669404659752,0.4207956790765423
TN,TCGA-LUSC,169.95537826472054,0.003845161851124327,0.6535059368969081
TN,TCGA-LUSC,102.24631587628086,0.005834975660235846,0.5966047644868848
TN,TCGA-LUSC,126.32189131260562,0.004918649662939895,0.6213331281266776
TN,TCGA-LUSC,176.0954872234732,0.0028982544743036817,0.5103695337501181
TN,TCGA-LUSC,124.2055540826534,0.0050873111468045604,0.6318722997797194
TN,TCGA-LUSC,39.709056623664694,0.009270603109465668,0.3681269038092942
TN,TCGA-LUSC,117.59838314620526,0.005002035150412722,0.5882312461290218
TN,TCGA-LUSC,102.26438203795595,0.005551698446080602,0.5677410108495131
TN,TCGA-LUSC,61.65118653228522,0.008042968933412213,0.4958585779871715
TN,TCGA-LUSC,91.539481612273,0.004533948755565648,0.4150353187410896
TN,TCGA-LUSC,53.821818433072785,0.004129059863748908,0.222233510285982
TN,TCGA-LUSC,91.4049890849622,0.00747156924869143,0.6829387056241794
TN,TCGA-LUSC,84.44499183886542,0.007811079802109008,0.6596065701418217
TN,TCGA-LUSC,70.66932293443428,0.00783880683455974,0.5539631716121527
TN,TCGA-LUSC,203.07568640856616,0.003086423789652736,0.6267776296314573
TN,TCGA-LUSC,110.7393780020897,0.006271250640066855,0.6944743951762105
TN,TCGA-LUSC,142.32707787513664,0.0036904429662720194,0.5252499634543479
TN,TCGA-LUSC,80.04157564611799,0.008293518542004124,0.6638262917523052
TN,TCGA-LUSC,138.64896659551684,0.004733671375197947,0.6563186443739745
TN,TCGA-LUSC,23.948077906181183,0.011443747650720556,0.2740557602781338
TN,TCGA-LUSC,37.2131697423602,0.016405634674121868,0.6105056678592473
TN,TCGA-LUSC,21.229794767846577,0.01011686596763314,0.21477898818666313
TN,TCGA-LUSC,134.94234035015276,0.004958604334167385,0.6691256737229578
TN,TCGA-LUSC,122.66288073246285,0.004722940524225157,0.579329490229546
TN,TCGA-LUSC,114.72329996056085,0.0045807994606027105,0.5255244305779001
TN,TCGA-LUSC,101.93858103311526,0.006429277789409113,0.655391454920089
TN,TCGA-LUSC,134.39436876008506,0.004092436751642891,0.5500004539276193
TN,TCGA-LUSC,247.59939968778494,0.002302864052050156,0.5701877568501985
TN,TCGA-LUSC,110.81221400434569,0.005633134241757594,0.6242200771128501
TN,TCGA-LUSC,49.85481578819709,0.008816972679800271,0.4395685487610089
TN,TCGA-LUSC,181.70344608896247,0.0033346301976143397,0.6059137983388434
TN,TCGA-LUSC,54.83720214483778,0.0033051985313930386,0.18124783999482103
TN,TCGA-LUSC,163.72703432766264,0.002824728942358674,0.4624844925119008
TN,TCGA-LUSC,89.21097275722737,0.003589712706451877,0.32024176246155134
TN,TCGA-LUSC,102.71638883683666,0.007019485723100174,0.721016224968581
TN,TCGA-LUSC,67.38348235355147,0.0046924262146192525,0.31619201902813876
TN,TCGA-LUSC,123.55107714599517,0.005382674987193633,0.665035292594579
TN,TCGA-LUSC,105.002902720092,0.006323561637663,0.6639923274840336
TN,TCGA-LUSC,65.55151479377642,0.010319540951518732,0.6764615413484618
TN,TCGA-LUSC,113.72552382968897,0.0059798530533745,0.6800619209195801
TN,TCGA-LUSC,105.97659336147757,0.006275655950241307,0.6650726387152601
TN,TCGA-LUSC,111.00162662716636,0.004798086326550873,0.5325953869447122
TN,TCGA-LUSC,112.73667268305317,0.0060566514212960785,0.6828067288380048
TN,TCGA-LUSC,109.92238816510941,0.0062507444166688235,0.6870967540899608
TN,TCGA-LUSC,81.2601518270925,0.0086757590971969,0.704993501453499
TN,TCGA-LUSC,144.06304599611258,0.004852548733114598,0.6990729513370662
TN,TCGA-LUSC,91.301501519404,0.006966740480813474,0.6360738665942848
TN,TCGA-LUSC,25.128564267623954,0.011662573753904955,0.293063734100905
TN,TCGA-LUSC,48.79362965200075,0.004873069695484289,0.23777475798984848
TN,TCGA-LUSC,98.34163424555967,0.005191701875750318,0.5105604469770239
TN,TCGA-LUSC,67.61919333947279,0.008921373825865471,0.6032561015849094
TN,TCGA-LUSC,128.13066511419703,0.0055785006575783565,0.7147769995955002
TN,TCGA-LUSC,98.47933587968573,0.0057840698491933365,0.5696113574302738
TN,TCGA-LUSC,120.47548508410691,0.005871615213304875,0.7073856910501266
TN,TCGA-LUSC,110.11668732874799,0.005329385471951991,0.5868542736693094
TN,TCGA-LUSC,82.9845097542362,0.006735883623057184,0.5589740002209888
TN,TCGA-LUSC,81.98805494511123,0.006573026152228897,0.5389096293245959
TN,TCGA-LUSC,118.96811232963968,0.005404617840581576,0.6429771823570836
TN,TCGA-LUSC,51.97456000180063,0.011460490583198417,0.5956539554665172
TN,TCGA-LUSC,90.52973801261646,0.006110192772591532,0.553154150909294
TN,TCGA-LUSC,52.830436478635306,0.012927760152688237,0.6829792115576285
TN,TCGA-LUSC,151.02200234948023,0.004579378520103149,0.6915869136221771
TN,TCGA-LUSC,118.49434117444812,0.00551774117802299,0.6538211056609575
TN,TCGA-LUSC,72.24558485692641,0.005090790739478129,0.3677871543578224
TN,TCGA-LUSC,45.148046955062924,0.010598527291603144,0.47850280781581467
TN,TCGA-LUSC,124.72665322692966,0.004971827291542977,0.6201193784964658
TN,TCGA-LUSC,23.780115480558926,0.01896068135948739,0.4508871923186912
TN,TCGA-LUSC,89.40450965656625,0.004319209327264335,0.38615679200813524
TN,TCGA-LUSC,103.52123472732991,0.0040872561523166845,0.4231178035346988
TN,TCGA-LUSC,103.96284258577698,0.006659013147925176,0.6922899356743643
TN,TCGA-LUSC,168.11943305788964,0.003325450731037019,0.5590728915638883
TN,TCGA-LUSC,44.92315243995142,0.008591979865172227,0.38597882124412525
TN,TCGA-LUSC,128.26172616582474,0.004821821076791709,0.6184550945720604
TN,TCGA-LUSC,81.36431182182629,0.007604521154468788,0.618736630467873
TN,TCGA-LUSC,118.2643564667974,0.004926586177503413,0.5826395438606604
TN,TCGA-LUSC,68.34601960951636,0.009062915682969085,0.6194142129875985
TN,TCGA-LUSC,183.90969209024735,0.002507997864579598,0.4612451150378318
TN,TCGA-LUSC,95.43660685014157,0.004996577842894728,0.47685643518847265
TN,TCGA-LUSC,35.075339344734694,0.0191228206113284,0.6707394221708306
TN,TCGA-LUSC,98.95981229575048,0.005799467932679291,0.5739142580331668
TN,TCGA-LUSC,112.91062644879798,0.006174664890562504,0.6971852809048109
TN,TCGA-LUSC,80.22753668456393,0.008626456888889142,0.6920793865111629
TN,TCGA-LUSC,138.55962625169605,0.004984791498257903,0.690690846941247
TN,TCGA-LUSC,54.60795714449794,0.011851806797263142,0.6472029576698151
TN,TCGA-LUSC,7.57746848251003,0.011200838066779573,0.08487399742872079
TN,TCGA-LUSC,18.678277697867646,0.039855608774200385,0.7444341285020851
TN,TCGA-LUSC,151.81987493966514,0.003102187616380183,0.4709737359582173
TN,TCGA-LUSC,29.48921763478738,0.005569697607682317,0.16424602491289847
TN,TCGA-LUSC,86.67788029012402,0.008233334542088546,0.7136479858276941
TN,TCGA-LUSC,153.8484963850604,0.004544194722242099,0.6991175252978741
TN,TCGA-LUSC,148.60364108170216,0.004118380874834671,0.6120063933616781
TN,TCGA-LUSC,99.48630370357425,0.005287028305147119,0.5259869036552598
TN,TCGA-LUSC,67.07087890149128,0.009461109742875102,0.6345649458380953
TN,TCGA-LUSC,106.37510486975015,0.006121595497758795,0.6511853630442821
TN,TCGA-LUSC,152.07584111783345,0.004415829291280994,0.6715409537043234
TN,TCGA-LUSC,195.65409098713135,0.002867630477072026,0.561063634278521
TN,TCGA-LUSC,20.235422011334723,0.0033327625388348795,0.06743985643689111
TN,TCGA-LUSC,93.62012339290132,0.00700303897499062,0.655625372963919
TN,TCGA-LUSC,207.26167615491693,0.0027332265247868325,0.5664931108383975
TN,TCGA-LUSC,149.10308733143873,0.004057938397829121,0.605051143317114
TN,TCGA-LUSC,106.486626509143,0.004920838503649633,0.5240034918499485
TN,TCGA-LUSC,75.76903664876986,0.009574041780720442,0.725415922560261
TN,TCGA-LUSC,164.97729339800108,0.003895959380802583,0.6427448338333623
TN,TCGA-LUSC,118.29540644151972,0.005385458768468465,0.6370750338900233
TN,TCGA-LUSC,31.383170816143547,0.00991490182090876,0.3111610574708723
TN,TCGA-LUSC,147.02491908505817,0.004655887706462915,0.6845315133118272
TN,TCGA-LUSC,90.86088059543107,0.007877510228757394,0.7157575162844124
TN,TCGA-LUSC,140.187372401729,0.0036750302167377494,0.5151928295814217
TN,TCGA-LUSC,125.15939862814494,0.00442065568421072,0.5532866069779043
TN,TCGA-LUSC,75.6486546670157,0.007528139284942479,0.5694936090518081
TN,TCGA-LUSC,70.5472234277749,0.009592153379063936,0.6766997875863094
TN,TCGA-LUSC,205.71468071094415,0.0032611301299799366,0.6708623434456624
TN,TCGA-LUSC,60.42025359166687,0.005389894143817891,0.32565877100171714
TN,TCGA-LUSC,157.53138717573458,0.004387523514934356,0.691172665573764
TN,TCGA-LUSC,132.40437271567444,0.005453046446161149,0.7220071940934047
TN,TCGA-LUSC,74.84763502828758,0.007015729109206525,0.5251107318232231
TN,TCGA-LUSC,78.18180565464826,0.005394755983003503,0.42177176381743076
TN,TCGA-LUSC,24.25399308406038,0.01122298260073119,0.27220214238066426
TN,TCGA-LUSC,75.47169042024919,0.0028971286883671824,0.21865119947607056
TN,TCGA-LUSC,104.49334586652468,0.006121813679089718,0.6396887940995438
TN,TCGA-LUSC,98.9110434272837,0.005674102600388791,0.5612314087179191
TN,TCGA-LUSC,49.567616043227154,0.009577935761910496,0.47475544233307376
TN,TCGA-LUSC,128.84537271992568,0.005076300746047141,0.6540578616628807
TN,TCGA-LUSC,71.34914253458965,0.005737946960836418,0.40939759556463307
TN,TCGA-LUSC,48.44256654918651,0.006375350091759591,0.3088383210944263
TN,TCGA-LUSC,57.80936456661389,0.012334332892090141,0.713039946844816
TN,TCGA-LUSC,50.630981467109685,0.00803383611172251,0.406761007282419
TN,TCGA-LUSC,124.25162688012394,0.004976150762451276,0.6182948278353402
TN,TCGA-LUSC,59.552578163213084,0.010967681057288754,0.65315368343338
TN,TCGA-LUSC,107.21093707593845,0.0059404702971108635,0.6368833872250341
TN,TCGA-LUSC,72.96727685271975,0.007471932690059772,0.5452065812204784
TN,TCGA-LUSC,130.3717839055351,0.0053445504111154125,0.6967785712701773
TN,TCGA-LUSC,24.28559874441238,0.02698905996015042,0.6554454806810994
TN,TCGA-LUSC,87.28284106044491,0.004681563174527125,0.408620134476683
TN,TCGA-LUSC,106.82021148765705,0.005511560551833753,0.5887460637739093
TN,TCGA-LUSC,120.20209987559019,0.005588223778458219,0.6717162327453828
TN,TCGA-LUSC,67.90080951295228,0.008349044269574488,0.5669068645635831
TN,TCGA-LUSC,58.58285767084094,0.0108974785175036,0.6384054329619601
TN,TCGA-LUSC,106.48653685816285,0.005884901662794509,0.6266627978218313
TN,TCGA-LUSC,168.74327065074644,0.0033317797021795714,0.5622154040335507
TN,TCGA-LUSC,99.46021452631389,0.006049774918322903,0.601711911212309
TN,TCGA-LUSC,81.83817765731867,0.007351317932206105,0.6016184629513157
TN,TCGA-LUSC,101.417602772584,0.006874490297780171,0.697194326284252
TN,TCGA-LUSC,134.276068381381,0.004995317991846644,0.6707516602599428
TN,TCGA-LUSC,74.8171284121279,0.00817272552202829,0.6114598548586656
TN,TCGA-LUSC,116.15338708863267,0.006055419127862486,0.7033574419425217
TN,TCGA-LUSC,114.3138663348437,0.005779577069958467,0.6606858006471598
TN,TCGA-LUSC,147.9411724316156,0.004450049362962946,0.6583455201353023
TN,TCGA-LUSC,90.64712391174555,0.006043538916083403,0.5478294209916686
TN,TCGA-LUSC,155.43513389242173,0.0042224153754689565,0.6563116992354374
TN,TCGA-LUSC,140.8622004003124,0.004360576396049922,0.614240386161256
TN,TCGA-LUSC,85.30523459928797,0.0064533264126840125,0.5505025235797911
TN,TCGA-LUSC,80.03707452878832,0.004831298366082013,0.3866829873969193
TN,TCGA-LUSC,199.65819516809373,0.002847374373744393,0.5685016284296867
TN,TCGA-LUSC,116.28730633090561,0.00598620073850226,0.6961191590365057
TN,TCGA-LUSC,135.94911827153678,0.005048895590002744,0.6863929037059235
TN,TCGA-LUSC,60.117776184072945,0.007775533465658377,0.4674477806002193
TN,TCGA-LUSC,83.24786859743566,0.008327570937732523,0.693252531160181
TN,TCGA-LUSC,94.63217151270027,0.006914344182079827,0.6543194045364195
TN,TCGA-LUSC,151.00959098280512,0.0035121557175893906,0.5303691983810943
TN,TCGA-LUSC,113.30797604462664,0.005295250221341473,0.5999940852300636
TN,TCGA-LUSC,53.90110503733474,0.005994490725753436,0.3231096742541649
TN,TCGA-LUSC,121.84698806560787,0.005454109709791757,0.6645668407175123
TN,TCGA-LUSC,35.20002415563003,0.014868691405495356,0.5233782966360452
TN,TCGA-LUSC,139.22709404649333,0.0036913348682868262,0.5139338268640701
TN,TCGA-LUSC,118.03877706906354,0.005799740166540119,0.6845942365767226
TN,TCGA-LUSC,38.28344259221826,0.012396317100836997,0.47457369408482664
TN,TCGA-LUSC,80.00747215266507,0.0076685496679293665,0.6135412740081878
TN,TCGA-LUSC,62.199940719320935,0.003672149748087226,0.22840749664349475
TN,TCGA-LUSC,151.56775437155906,0.00439029537111732,0.6654272104281027
TN,TCGA-LUSC,60.72999595242497,0.00833421028393264,0.5061365568098878
TN,TCGA-LUSC,124.25012772534878,0.004591227992512621,0.5704606644858898
TN,TCGA-LUSC,60.887074682776195,0.01034117383087464,0.629643823348035
TN,TCGA-LUSC,182.940568462459,0.0037260533860276933,0.6816463245613764
TN,TCGA-LUSC,155.71827741584372,0.0036472522016413487,0.5679438301407344
TN,TCGA-LUSC,116.97412649617256,0.0054175541403497195,0.6337136633131315
TN,TCGA-LUSC,26.984095418550208,0.01492512710003811,0.4027410538014179
TN,TCGA-LUSC,158.6049811591578,0.00401445982941946,0.6367133256092693
TN,TCGA-LUSC,151.40272191187722,0.004358898537499409,0.6599491031151112
TN,TCGA-LUSC,88.0459136635338,0.0043415999790728296,0.3822601369190465
TN,TCGA-LUSC,109.78292958976645,0.005590951584655281,0.6137910441580039
TN,TCGA-LUSC,129.12257396243714,0.0053961171265547656,0.6967605327835416
TN,TCGA-LUSC,36.48128377287951,0.018466443771889884,0.6736795755182383
TN,TCGA-LUSC,118.12993137282693,0.005755243799608804,0.6798665550816757
TN,TCGA-LUSC,114.61671273190115,0.005857730865464153,0.6713938558676955
TN,TCGA-LUSC,111.16614653137667,0.005048666621979369,0.561240813487029
TN,TCGA-LUSC,61.32329684329282,0.00987592004328968,0.6056239764152784
TN,TCGA-LUSC,147.1356531326278,0.004151710032061898,0.6108645671847104
TN,TCGA-LUSC,98.41644861777554,0.005120889281384374,0.5039797368386828
TN,TCGA-LUSC,104.95865428325298,0.006550368241539612,0.687517835691756
TN,TCGA-LUSC,100.09804200488625,0.004348633013701857,0.43528965006936354
TN,TCGA-LUSC,115.13908558211077,0.0039656971559824256,0.45660674423539377
TN,TCGA-LUSC,125.97111179896481,0.005240564324970628,0.6601597144705416
TN,TCGA-LUSC,125.72029410125317,0.00526046232348487,0.6613468704170794
TN,TCGA-LUSC,29.543489419173365,0.01487029595001642,0.43932043105928664
TN,TCGA-LUSC,124.69230729572402,0.005461211982291615,0.6809711227029962
TN,TCGA-LUSC,161.5687740825502,0.004427631526767053,0.7153669978690028
TN,TCGA-LUSC,109.17340552175055,0.0056397926010365446,0.615715364691531
TN,TCGA-LUSC,91.54817359736347,0.003301980006626973,0.3022902388617095
TN,TCGA-LUSC,68.03353934107477,0.009456841892630997,0.6433824249446349
TN,TCGA-LUSC,38.5376688635908,0.0098763460761757,0.3806113546658835
TN,TCGA-LUSC,161.25789420554133,0.0038850002558899676,0.6264869602528054
TN,TCGA-LUSC,115.40536876777547,0.0058844242381382895,0.6790941491883855
TN,TCGA-LUSC,43.592681371835404,0.009715423193907516,0.4235213476845498
TN,TCGA-LUSC,119.04151859130593,0.004048278776220523,0.48191325320224465
TN,TCGA-LUSC,135.23567216843335,0.0032308481124793216,0.4369259161652552
TN,TCGA-LUSC,62.17051254079142,0.010363117762371633,0.6442803428072239
TN,TCGA-LUSC,115.57491189407358,0.005590758459626737,0.6461514163924067
TN,TCGA-LUSC,115.91966839133472,0.005801675677953344,0.6725283207024236
TN,TCGA-LUSC,128.57920325344125,0.0052555946315907456,0.6757601703530012
TN,TCGA-LUSC,132.89373382668856,0.005033348292420761,0.6689004482299821
TN,TCGA-LUSC,83.79300802129892,0.0063345576911705516,0.5307916434276347
TN,TCGA-LUSC,171.2874094880492,0.0038361392658546193,0.6570823572836246
TN,TCGA-LUSC,113.31935748493518,0.0055246852986415625,0.6260537883485291
TN,TCGA-LUSC,197.18886645277624,0.003129526502432057,0.6171077835484988
TN,TCGA-LUSC,121.40224610119363,0.004568995975488246,0.5546863738515873
TN,TCGA-LUSC,68.28000852086187,0.00810518689754236,0.5534222304273704
TN,TCGA-LUSC,67.94520595828195,0.003330962717362131,0.22632294787052848
TN,TCGA-LUSC,60.04971055990611,0.007625994519870267,0.4579387636496397
TN,TCGA-LUSC,170.42165343455574,0.003847136133517828,0.655635300861932
TN,TCGA-LUSC,41.28235975481694,0.015698182922301622,0.648058034895379
TN,TCGA-LUSC,116.06165729632819,0.005510609035232607,0.6395704173412166
TN,TCGA-LUSC,87.89660074336928,0.007171699551140153,0.6303680120979667
TN,TCGA-LUSC,102.47189435416604,0.005961754787811118,0.6109123067820245
TN,TCGA-LUSC,25.948640811730613,0.010457070484343764,0.2713467659411862
TN,TCGA-LUSC,135.93182275566383,0.0051121753171439015,0.6949073091058843
TN,TCGA-LUSC,62.24799060707781,0.007730003537147015,0.48117718757300565
TN,TCGA-LUSC,106.06992312479451,0.006478750804549908,0.6872005997833093
TN,TCGA-LUSC,53.17288458867488,0.004255770029805978,0.22629156863081473
TN,TCGA-LUSC,56.4260943156846,0.009000360036627736,0.5078551643018752
TN,TCGA-LUSC,90.74221245316357,0.0040982754624154585,0.37188658270209074
TN,TCGA-LUSC,118.59284992756825,0.005024272373043693,0.5958427795315979
TN,TCGA-LUSC,141.95961518139816,0.004056951397763178,0.5759232592360961
TN,TCGA-LUSC,119.55849826658309,0.004935131981400036,0.5900369684435749
TN,TCGA-LUSC,119.53111221267002,0.004938103371870981,0.5902569882608745
TN,TCGA-LUSC,188.9245879820981,0.0035052610829087423,0.6622300058582171
TN,TCGA-LUSC,102.47307843329222,0.005895615540192489,0.6041418736626814
TN,TCGA-LUSC,116.49573477420687,0.005586786862053945,0.6508368405218599
TN,TCGA-LUSC,86.074858223838,0.006858246633754358,0.5903226066645206
TN,TCGA-LUSC,113.73787969710604,0.005292724741138364,0.601983289877492
TN,TCGA-LUSC,105.59911901062245,0.006151630779525562,0.6496067907965279
TN,TCGA-LUSC,63.02896934220934,0.0047252467373204215,0.29782743174094356
TN,TCGA-LUSC,155.87459755195283,0.004320010740081619,0.6733799355303363
TN,TCGA-LUSC,107.95804637027837,0.0050538793785894,0.5456069443035481
TN,TCGA-LUSC,38.720417648236335,0.01542182310813937,0.5971394316443785
TN,TCGA-LUSC,133.35091323802746,0.005224515993456617,0.6966939789541202
TN,TCGA-LUSC,101.45473211542084,0.006135702263848027,0.6224960295186828
TN,TCGA-LUSC,21.47079748428011,0.008923073834117336,0.19158551122961215
TN,TCGA-LUSC,93.80560676262036,0.006113782454366482,0.5735070727465101
TN,TCGA-LUSC,117.83117402183935,0.0050949454960430435,0.6003434093760345
TN,TCGA-LUSC,87.74025008504523,0.007340723291949435,0.6440768974407599
TN,TCGA-LUSC,28.769399690648463,0.0031518808419311443,0.09067771971881468
TN,TCGA-LUSC,35.39687925047413,0.013007257734924432,0.4604163314229157
TN,TCGA-LUSC,71.67317003359817,0.005744764635996212,0.41174549255875814
TN,TCGA-LUSC,41.29519616341005,0.010290283985745278,0.4249392957685483
TN,TCGA-LUSC,101.79505984481264,0.006594930412240333,0.6713313359863796
TN,TCGA-LUSC,119.42728641767741,0.005629917209214536,0.6723657350526755
TN,TCGA-LUSC,121.55243989953563,0.0038577228501087534,0.4689156248869095
TN,TCGA-LUSC,31.321344669946622,0.009649324655043298,0.30222982335282494
TN,TCGA-LUSC,82.08365492585271,0.008655034416056797,0.7104368583789853
TN,TCGA-LUSC,83.62590151016016,0.006966797499984332,0.5826047215749198
TN,TCGA-LUSC,139.91827702418345,0.005097317486699987,0.7132078801843034
TN,TCGA-LUSC,27.79803328949798,0.012278453953421623,0.34131687174078235
TN,TCGA-LUSC,113.37006600410356,0.005932154736821946,0.6725287740600596
TN,TCGA-LUSC,113.34942756684572,0.004692925912875896,0.5319404658380997
TN,TCGA-LUSC,46.161277292521504,0.011658447252063359,0.5381688164027321
TN,TCGA-LUSC,39.51114910989297,0.007574096361108873,0.2992612506964704
TN,TCGA-LUSC,120.13271640359477,0.00535913184745389,0.643807066399651
TN,TCGA-LUSC,110.22641407321272,0.005351801545610064,0.5899098932040747
TN,TCGA-LUSC,97.34606297480845,0.006283022753848147,0.6116275286682561
TN,TCGA-LUSC,156.61220248051237,0.0039022474121607207,0.6111395618423702
TN,TCGA-LUSC,169.59753920925374,0.004004942985024505,0.6792284749335191
TN,TCGA-LUSC,60.63262586996761,0.011889629029634374,0.720899428686527
TN,TCGA-LUSC,132.40320107014142,0.004996680862551013,0.6615765409276695
TN,TCGA-LUSC,113.44031840521701,0.006079595443457599,0.6896712428807366
TN,TCGA-LUSC,113.75650336474831,0.005871245021083718,0.6678923039961717
TN,TCGA-LUSC,146.33300884768383,0.0042570963205781475,0.6229537135446044
TN,TCGA-LUSC,81.0952051526933,0.002598010060809261,0.21068615887008818
TN,TCGA-LUSC,27.867263456095028,0.009037104379842946,0.25183936863331363
TN,TCGA-LUSC,147.38194985440296,0.004454902283128287,0.6565721848982784
TN,TCGA-LUSC,125.89424632106815,0.0056437458527773396,0.7105151305630573
TN,TCGA-LUSC,112.57028933269342,0.0057572226684188535,0.6480922215366516
TN,TCGA-LUSC,112.48737128969393,0.005860982471641327,0.659286511409906
TN,TCGA-LUSC,110.556678947077,0.006273026075391733,0.6935249298437263
TN,TCGA-LUSC,228.90976938174626,0.0018311871856397839,0.4191766363596119
TN,TCGA-LUSC,51.270333212260404,0.008542904529969007,0.4379975618520398
TN,TCGA-LUSC,5.781759853694417,0.011159696642650634,0.0645226860278858
TN,TCGA-LUSC,83.96197264421787,0.006606019507114515,0.5546544291435185
TN,TCGA-LUSC,179.71935479449556,0.0029381328310194603,0.5280393366913421
TN,TCGA-LUSC,57.23531702464262,0.009747559537657983,0.5579046603544335
TN,TCGA-LUSC,120.19338301890416,0.005753701043089923,0.6915567932483755
TN,TCGA-LUSC,98.09265252000598,0.006385997864031323,0.626419469469925
TN,TCGA-LUSC,30.602641853698344,0.011297214282780821,0.3457246026404271
TN,TCGA-LUSC,89.16703421823989,0.0072683268476607995,0.6480951487347222
TN,TCGA-LUSC,80.73039905839624,0.006127713506754517,0.49469275671581675
TN,TCGA-LUSC,94.49798500044173,0.005723443580238636,0.5408538855962651
TN,TCGA-LUSC,35.77339552312126,0.010071227694437333,0.3602820117165193
TN,TCGA-LUSC,107.00893748524469,0.005810917138265932,0.6218200687806361
TN,TCGA-LUSC,93.57826544222729,0.007047223757593514,0.6594669754188562
TN,TCGA-LUSC,92.09667940559305,0.006552764727682666,0.6034878723456687
TN,TCGA-LUSC,129.10334807214903,0.004114991489490218,0.5312591785815866
TN,TCGA-LUSC,57.28894109133888,0.009400454444214845,0.538542080886439
TN,TCGA-LUSC,118.73169286880754,0.0052527943676246676,0.6236731675598142
TN,TCGA-LUSC,115.30518718929862,0.006173269538881076,0.7118099997506777
TN,TCGA-LUSC,125.06117173520818,0.0020107794017963443,0.2514704280896718
TN,TCGA-LUSC,69.3662411114942,0.0036183657310898186,0.25099242973234437
TN,TCGA-LUSC,113.15932433317847,0.0028655977048598156,0.3242691000926437
TN,TCGA-LUSC,160.44644532595808,0.003719445703937411,0.5967718417796635
TN,TCGA-LUSC,146.14693454137188,0.004366604219887347,0.6381658210919543
TN,TCGA-LUSC,164.22904054577353,0.003804874481309805,0.624870885462607
TN,TCGA-LUSC,80.12643242093512,0.006087744073866112,0.4877892141305813
TN,TCGA-LUSC,152.69882252976538,0.003376603004714576,0.5156033029703836
TN,TCGA-LUSC,43.49408698149022,0.010936471591558215,0.4756718466738298
TN,TCGA-LUSC,51.698868247928665,0.010278870309802261,0.5314059618840128
TN,TCGA-LUSC,13.300164498871766,0.011323690193107267,0.15060694230258764
TN,TCGA-LUSC,109.97169817948611,0.005541230413932825,0.6093785186240095
TN,TCGA-LUSC,54.48845391792839,0.011119720169297336,0.6058963600250168
TN,TCGA-LUSC,48.16215371178161,0.007971373812900685,0.3839185308709935
TN,TCGA-LUSC,146.94575541286173,0.004119823744798985,0.6053906123473318
TN,TCGA-LUSC,114.19218040218135,0.004537153559480152,0.5181074577765568
TN,TCGA-LUSC,77.56716043556007,0.005193636133934775,0.40285560724484065
TN,TCGA-LUSC,132.86978134773662,0.004889991442275298,0.649732093727422
TN,TCGA-LUSC,139.8313600814119,0.0048973426724054706,0.6848020866671933
TN,TCGA-LUSC,104.25961816000192,0.0061461337712466636,0.6407935601504697
TN,TCGA-LUSC,176.53422771073426,0.0033057061512530746,0.5835702824500852
TN,TCGA-LUSC,125.5201447647878,0.004068619817638537,0.5106937485028736
TN,TCGA-LUSC,110.95121689379725,0.005446293272961774,0.6042728661956107
TN,TCGA-LUSC,49.2659128444664,0.0069953087160122395,0.34463026952319514
TN,TCGA-LUSC,122.49424702636746,0.003972808624745914,0.4866462010681092
TN,TCGA-LUSC,100.28835752158831,0.006440278420175397,0.6458849447411201
TN,TCGA-LUSC,47.78707897007772,0.008961557319289892,0.4282466473117841
TN,TCGA-LUSC,129.22277424473182,0.0045108796274485885,0.582908379742949
TN,TCGA-LUSC,107.62100991159646,0.005703089858998391,0.6137722902419911
TN,TCGA-LUSC,89.4270744708915,0.0069093512631293146,0.6178830699534135
TN,TCGA-LUSC,89.13042387239426,0.004443939568671198,0.39609021741896877
TN,TCGA-LUSC,97.01126286342432,0.003885051739244966,0.37689377551389724
TN,TCGA-LUSC,34.08407149656284,0.017455900607401403,0.5949681643395641
TN,TCGA-LUSC,130.53273908028137,0.00498512153777677,0.6507215689741062
TN,TCGA-LUSC,27.310614170225765,0.007832199708756038,0.21390218434999075
TN,TCGA-LUSC,65.19719172624613,0.00991054337325293,0.6461395964172494
TN,TCGA-LUSC,151.1262602551999,0.004736046678151563,0.7157410228631081
TN,TCGA-LUSC,85.5093125897687,0.004558599933155783,0.3898027466559165
TN,TCGA-LUSC,38.127503790334785,0.009567989726133014,0.36480356454902074
TN,TCGA-LUSC,144.74232542367025,0.004472106191760566,0.6473030497370185
TN,TCGA-LUSC,141.8907338853591,0.004646735843522451,0.6593287590088037
TN,TCGA-LUSC,186.45217097777717,0.0031861757517795287,0.5940693860360444
TN,TCGA-LUSC,100.54698181677722,0.006014031391396061,0.6046927049562272
TN,TCGA-LUSC,87.94146406859444,0.00592132702939668,0.5207301681940852
TN,TCGA-LUSC,120.18539493837764,0.005700722738010965,0.6851436137020374
TN,TCGA-LUSC,132.18771521954187,0.004937898369482401,0.6527295034481798
TN,TCGA-LUSC,48.67266439397567,0.013329744916853393,0.6487942007953084
TN,TCGA-LUSC,80.6590621750128,0.007487726070593961,0.6039529626775026
TN,TCGA-LUSC,103.24755668644045,0.00662155056878448,0.6836589177027076
TN,TCGA-LUSC,132.7517626817598,0.005236412173856113,0.6951429462076246
TN,TCGA-LUSC,108.46905612641454,0.005654876217839817,0.6133790858607939
TN,TCGA-LUSC,47.41163823432859,0.011565916010215572,0.5483590257249699
TN,TCGA-LUSC,143.9317306539999,0.0031467154695041725,0.45291220340144933
TN,TCGA-LUSC,94.25836458861495,0.006320170094688554,0.5957288970472148
TN,TCGA-LUSC,24.482823959601507,0.01134501891922037,0.2777581010176209
TN,TCGA-LUSC,90.17836900393604,0.007135498207411531,0.6434675903748812
TN,TCGA-LUSC,216.51291928663846,0.0013088245878325776,0.28337743234576274
TN,TCGA-LUSC,134.07994801174817,0.0050838632914947945,0.6816441258224569
TN,TCGA-LUSC,74.81136038568367,0.00857483284923017,0.6414949105307569
TN,TCGA-LUSC,87.48501032945934,0.0068236177059707494,0.5969642654911327
TN,TCGA-LUSC,137.95693671448754,0.004708041833531951,0.6495070292777273
TN,TCGA-LUSC,130.6245348634352,0.004444773644475667,0.5805964898828897
TN,TCGA-LUSC,73.8791734671028,0.009596677688646717,0.708994615667406
TN,TCGA-LUSC,148.44423370256925,0.004086879368472465,0.6066736760877353
TN,TCGA-LUSC,143.84247532770942,0.004325899843118181,0.6222481414538691
TN,TCGA-LUSC,81.18670002271853,0.008086806730500605,0.6565411521708537
TN,TCGA-LUSC,65.8857118529669,0.009040376879468112,0.5956316661228602
TN,TCGA-LUSC,53.07103967422353,0.0034493330971848207,0.18305969365030794
TN,TCGA-LUSC,55.12921042054772,0.009044863018381501,0.4986361565653842
TN,TCGA-LUSC,149.5336599162984,0.004046726402744566,0.6051218096823114
TN,TCGA-LUSC,94.57180340913561,0.003909418799295307,0.36972078613093473
TN,TCGA-LUSC,62.64096491065489,0.010878971771258511,0.6814692889874094
TN,TCGA-LUSC,84.52829829261799,0.006605515349911334,0.5583529718737721
TN,TCGA-LUSC,134.25955727622718,0.004655644560106166,0.6250647774753293
TN,TCGA-LUSC,84.21064986278394,0.007820856377742436,0.6585993980531889
TN,TCGA-LUSC,129.17133005108494,0.005031337873684589,0.649904605080236
TN,TCGA-LUSC,93.23911460470735,0.00665562861452088,0.6205649191556819
TN,TCGA-LUSC,52.89605306871442,0.0028539217439603496,0.15096119602248467
TN,TCGA-LUSC,97.44429461228711,0.005228532078324154,0.5094906202300127
TN,TCGA-LUSC,51.28576365648729,0.009887909230790339,0.5071089758671123
TN,TCGA-LUSC,69.85858351211984,0.006077637315621824,0.424575133969743
TN,TCGA-LUSC,34.59951384430747,0.010348106459007932,0.35803945269081244
TN,TCGA-LUSC,86.97473402707777,0.0044917592431092355,0.39066956548309395
TN,TCGA-LUSC,23.32557684103688,0.020375255227037203,0.47526458145399464
TN,TCGA-LUSC,174.888390725198,0.0032398778274400917,0.5666170193872484
TN,TCGA-LUSC,157.5767838074661,0.0036850812841580493,0.5806832568267124
TN,TCGA-LUSC,122.457643760373,0.0036193360261254676,0.44321536173635656
TN,TCGA-LUSC,106.25654716107884,0.004355981268363505,0.46285152907464283
TN,TCGA-LUSC,130.32401226475918,0.004542249938997125,0.5919642367594629
TN,TCGA-LUSC,86.64760368801916,0.00735946096889257,0.637679657390049
TN,TCGA-LUSC,90.06651475522932,0.0070494708568314855,0.634921270943372
TN,TCGA-LUSC,134.5228198689002,0.004833524374875922,0.6502193288133721
TN,TCGA-LUSC,144.81891598811941,0.004789185403801083,0.6935646386445968
TN,TCGA-LUSC,196.7989171987044,0.0033795584394250913,0.6650934414886012
TN,TCGA-LUSC,100.62698684017012,0.005623378831534189,0.565863667678082
TN,TCGA-LUSC,116.59505098524201,0.004308334044265704,0.5023304275526137
TN,TCGA-LUSC,77.59563316892235,0.004148582334769297,0.32191187301982976
TN,TCGA-LUSC,139.91079768766335,0.004532162562961649,0.634098479434129
TN,TCGA-LUSC,30.391978249666177,0.02263294142953859,0.6878598636525053
TN,TCGA-LUSC,41.68724231704328,0.010319093823648234,0.4301745647187286
TN,TCGA-LUSC,160.25195869879698,0.004013828731154974,0.6432239160490916
TN,TCGA-LUSC,28.462027329827677,0.011262816737844772,0.3205625978033785
TN,TCGA-LUSC,131.45116777711397,0.005104287358348649,0.6709645339248902
TN,TCGA-LUSC,94.73412309060335,0.005981595824111693,0.5666612350796361
TN,TCGA-LUSC,77.54236962409276,0.004780573710496545,0.37069701367454366
TN,TCGA-LUSC,4.4663816826510265,0.012810076930254329,0.05721469295463842
TN,TCGA-LUSC,141.34766740346902,0.00429294563834469,0.6067978522699182
TN,TCGA-LUSC,95.54541732308206,0.004640791388303159,0.44340634990479066
TN,TCGA-LUSC,30.010004394852455,0.013429263956617702,0.4030122703577309
TN,TCGA-LUSC,111.93613859969582,0.005361295985651495,0.6001227705238785
TN,TCGA-LUSC,114.28800093169471,0.0054432234463838505,0.62209512631174
TN,TCGA-LUSC,88.9665832170225,0.0052068516903559965,0.46323580420875105
TN,TCGA-LUSC,138.48352719364377,0.004254808134379097,0.5892208379810244
TN,TCGA-LUSC,100.531039712866,0.0054190954388530915,0.5447872987711512
TN,TCGA-LUSC,52.081098568935694,0.007582041620247915,0.39488105697790454
TN,TCGA-LUSC,97.74382109561886,0.006180159297587766,0.6040723847258441
TN,TCGA-LUSC,81.16828902079035,0.004854469856442509,0.39402901235044024
TN,TCGA-LUSC,89.88925340309919,0.006526564624236287,0.5866680213596784
TN,TCGA-LUSC,110.6657463261483,0.004574999463410036,0.5062957300599996
TN,TCGA-LUSC,122.75963559061252,0.004836987619757736,0.5937868375577638
TN,TCGA-LUSC,135.1667113870875,0.004134787120719357,0.5588855773933199
TN,TCGA-LUSC,82.66396651349677,0.008894828994269076,0.735281846125539
TN,TCGA-LUSC,74.97495870903964,0.0034204843144217036,0.256450670238685
TN,TCGA-LUSC,147.1981610787134,0.0038201007773594293,0.5623118095626716
TN,TCGA-LUSC,104.62953601228338,0.005492134403159094,0.5746394743196349
TN,TCGA-LUSC,144.66219005198204,0.004211727273995693,0.6092776913578811
TN,TCGA-LUSC,50.081547753641956,0.007659067034000144,0.3835779314116231
TN,TCGA-LUSC,90.37642643538699,0.005776160332990282,0.5220287294134967
TN,TCGA-LUSC,114.75397555179484,0.005424150075978065,0.622442785208053
TN,TCGA-LUSC,112.26735622285949,0.005795198427991549,0.6506116062974826
TN,TCGA-LUSC,108.92543758051447,0.006328037478307997,0.6892842513505939
TN,TCGA-LUSC,48.28374448326468,0.009587508464346181,0.4629208089236283
TN,TCGA-LUSC,126.18952055170834,0.0038602998044518127,0.4871293815096277
TN,TCGA-LUSC,137.63945367856175,0.004486659051452053,0.6175413006838347
TN,TCGA-LUSC,106.90667293881586,0.004193574808576077,0.44832113050489997
TN,TCGA-LUSC,172.45797217637917,0.003281105825002313,0.5658528570760045
TN,TCGA-LUSC,10.747044003415128,0.007960177661472688,0.08554837960284911
TN,TCGA-LUSC,16.806164626199845,0.026256123092549877,0.4412647271391606
TN,TCGA-LUSC,153.34731635091225,0.004463185398509588,0.6844175032380222
TN,TCGA-LUSC,139.20881791004945,0.004144587412412491,0.5769631144068135
TN,TCGA-LUSC,31.697304173277463,0.00830981623692518,0.26339877288585734
TN,TCGA-LUSC,125.15181685368978,0.0051165846713996975,0.6403498677114114
TN,TCGA-LUSC,58.44733146886868,0.009117962497874598,0.5329205764339905
TN,TCGA-LUSC,22.343195428155713,0.005008254257599683,0.11190040363144262
TN,TCGA-LUSC,29.384212154771706,0.012357981760243648,0.36312955784779843
TN,TCGA-LUSC,132.68223587682056,0.004272022943302409,0.5668215558344394
TN,TCGA-LUSC,209.10710864883316,0.002106584090853198,0.44050170836394315
TN,TCGA-LUSC,197.66050675947696,0.0032194322047299053,0.6363546010646932
TN,TCGA-LUSC,74.71696379158035,0.006118418583076981,0.4571496597334952
TN,TCGA-LUSC,155.5642066781646,0.0044004499942243164,0.6845525123784397
TN,TCGA-LUSC,124.4259923041371,0.005364731881547381,0.6675120878071734
TN,TCGA-LUSC,70.87137111919102,0.0042709682320135455,0.3026893746093071
TN,TCGA-LUSC,120.04064141107216,0.005581215785565899,0.6699727227529315
TN,TCGA-LUSC,121.94574200693881,0.0048855538853576266,0.5957724936648187
TN,TCGA-LUSC,235.92075913658994,0.00219304008082369,0.5173836806848935
TN,TCGA-LUSC,211.07719417454734,0.002823756238862429,0.5960305439319544
TN,TCGA-LUSC,105.99826216769122,0.004640756577521748,0.4919121323605877
TN,TCGA-LUSC,177.5222811305531,0.0037254459257694745,0.6613496589711223
TN,TCGA-LUSC,163.11716452087575,0.004188606402518464,0.6832335996727978
TN,TCGA-LUSC,150.1402440101432,0.004729345985628853,0.7100651602907071
TN,TCGA-LUSC,217.4387714202298,0.0030181416298001593,0.6562610079559967
TN,TCGA-LUSC,104.98654061521695,0.005727418982148083,0.6013019055896542
TN,TCGA-LUSC,117.12718175231481,0.005904099129073764,0.6915304917747064
TN,TCGA-LUSC,109.62724415997039,0.006046496145305328,0.662860709233707
TN,TCGA-LUSC,144.915159870034,0.004161140044842272,0.6030122748399183
TN,TCGA-LUSC,185.05303081649382,0.0033790124033264085,0.6252964864020767
TN,TCGA-LUSC,89.5110240597105,0.004805381299732762,0.4301346011364622
TN,TCGA-LUSC,34.133823854989956,0.01021044010694817,0.3485213640924937
TN,TCGA-LUSC,153.92218591330433,0.0037190384788688266,0.5724425321631801
TN,TCGA-LUSC,181.22089108576327,0.0035744067187268996,0.647757170670628
TN,TCGA-LUSC,34.6489794066439,0.005910769888028793,0.20480214412772052
TN,TCGA-LUSC,168.09049180430364,0.004016055300778932,0.6750607106212113
TN,TCGA-LUSC,73.92206902471142,0.007230138398085711,0.5344667897215084
TN,TCGA-LUSC,62.14485939302401,0.00683068659956731,0.42449205828792375
TN,TCGA-LUSC,119.85372381962361,0.004713493769969386,0.5649297805314273
TN,TCGA-LUSC,88.06795866819981,0.007314110642405523,0.6441387937500099
TN,TCGA-LUSC,64.11426472298402,0.009365608395142031,0.6004690959379377
TN,TCGA-LUSC,106.04517743351377,0.005059949842699894,0.5365832788737903
TN,TCGA-LUSC,19.935154264665293,0.009273781521964324,0.18487426525716127
TN,TCGA-LUSC,91.22227379156091,0.006129615772158465,0.5591574882049095
TN,TCGA-LUSC,129.44166096939745,0.00437448149791874,0.5662401509704994
TN,TCGA-LUSC,88.35416276214129,0.00732922721672037,0.6475677344268274
TN,TCGA-LUSC,182.191101781635,0.0031000861337047683,0.5648081083176408
TN,TCGA-LUSC,125.94953619446163,0.0027872635693126217,0.35105455380664435
TN,TCGA-LUSC,49.66034906009714,0.00690765352467183,0.3430364852214134
TN,TCGA-LUSC,98.13807732396604,0.006482176085782432,0.6361482979340798
TN,TCGA-LUSC,112.69018897488895,0.004999263994506659,0.5633680042763136
TN,TCGA-LUSC,90.75805657988144,0.006023976058656693,0.5467243599674153
TN,TCGA-LUSC,100.47367496263433,0.004039888086507577,0.4059024024891811
TN,TCGA-LUSC,156.81020623566516,0.003521603977181347,0.5522234459421457
TN,TCGA-LUSC,227.47776104042933,0.002583368355285093,0.5876588494029493
TN,TCGA-LUSC,143.61297467987708,0.004622128187155861,0.6637975783091608
TN,TCGA-LUSC,103.69334148624944,0.004788390915614342,0.4965242543824526
TN,TCGA-LUSC,81.52071207852096,0.007558977590820437,0.6162132357892649
TN,TCGA-LUSC,57.74744184374412,0.008740467976361396,0.5047396661520376
TN,TCGA-LUSC,48.54568086600289,0.007109290120684524,0.34512532938257806
TN,TCGA-LUSC,20.212565993566447,0.007154366316246479,0.14460810130928084
TN,TCGA-LUSC,134.90752588094608,0.005044909199777724,0.6805962184360363
TN,TCGA-LUSC,56.73143530273967,0.01057193538517822,0.5997610683289823
TN,TCGA-LUSC,30.549520713939312,0.013486485697982427,0.41200567418876044
TN,TCGA-LUSC,124.55446325599668,0.005161855607765927,0.6429321546302416
TN,TCGA-LUSC,127.61867991697808,0.0052697227691657945,0.6725150633293809
TN,TCGA-LUSC,127.38651584855761,0.005000251997792846,0.6369646803636202
TN,TCGA-LUSC,153.78435977627103,0.0034630635621543775,0.5325650127704435
TN,TCGA-LUSC,140.70749379613375,0.00423189357245864,0.5954591385926223
TN,TCGA-LUSC,101.83260827677195,0.006185182595561825,0.6298532763741549
TN,TCGA-LUSC,101.18247372728312,0.006413435040486193,0.6489272224856312
TN,TCGA-LUSC,40.27768751245242,0.004844971254923485,0.19514423821262256
TN,TCGA-LUSC,24.05539088779056,0.008311736118276972,0.19994206128131953
TN,TCGA-LUSC,152.4980817059515,0.004143010296848822,0.6318011227574502
TN,TCGA-LUSC,132.65594429787453,0.004689571770509813,0.6220995715696346
TN,TCGA-LUSC,34.965901421372436,0.012770889466281736,0.44654566214125085
TN,TCGA-LUSC,44.48626823862187,0.007475246591323412,0.3325458250114571
TN,TCGA-LUSC,123.05796279231528,0.005218638161027192,0.6421949806462408
TN,TCGA-LUSC,93.89665609130392,0.0068526172176436775,0.6434378422104363
TN,TCGA-LUSC,95.64316741529018,0.006719625308694603,0.6426862483674989
TN,TCGA-LUSC,123.15976620261509,0.003898868743508396,0.4801837629051777
TN,TCGA-LUSC,46.33023266028524,0.01068233041604075,0.4949148535292096
TN,TCGA-LUSC,124.1654656196899,0.0035434237454310463,0.4399708592393114
TN,TCGA-LUSC,114.61063469031184,0.005134422574517095,0.5884594300336692
TN,TCGA-LUSC,111.18786637361708,0.005506540777549298,0.6122605201550249
TN,TCGA-LUSC,77.20226366000543,0.008329036874107819,0.6430205007887793
TN,TCGA-LUSC,21.64360087226779,0.013980490297388765,0.3025881519952948
TN,TCGA-LUSC,37.66039004777275,0.008738118343602058,0.32908094510365143
TN,TCGA-LUSC,117.89915439489138,0.006043132739721319,0.7124802399092267
TN,TCGA-LUSC,173.76553244610966,0.003309025089268888,0.5749945065143439
TN,TCGA-LUSC,73.24120961616195,0.006057831784783246,0.44368292756875816
TN,TCGA-LUSC,90.43574038915844,0.005157493889040231,0.4664217784079135
TN,TCGA-LUSC,1.073258798583971,0.011627475082336684,0.012479289937433729
TN,TCGA-LUSC,50.24964569245854,0.007254476157306728,0.3645348565890512
TN,TCGA-LUSC,75.8258866789615,0.008460007191859294,0.6414875466331221
TN,TCGA-LUSC,15.33817136098851,0.00690627600925859,0.10592964489629211
TN,TCGA-LUSC,54.40893566993204,0.010558906669670373,0.5744988737349117
TN,TCGA-LUSC,75.81162167688697,0.0035248776640869122,0.26722669192706605
TN,TCGA-LUSC,161.10950344811317,0.004054709268429692,0.6532521968631698
TN,TCGA-LUSC,197.15834044728,0.0032826924259097582,0.6472101908912237
TN,TCGA-LUSC,57.922325436856674,0.006729252619332709,0.3897739601638094
TN,TCGA-LUSC,178.05053690373188,0.003582829773347981,0.6379247647792841
TN,TCGA-LUSC,155.882946400238,0.004269212377753144,0.6654974042525261
TN,TCGA-LUSC,173.69735812201344,0.003136995792518563,0.5448878816003462
TN,TCGA-LUSC,63.682173236113194,0.010183885524119982,0.6485319621637541
TN,TCGA-LUSC,140.2576854040661,0.004897689872296683,0.6869386453152688
TN,TCGA-LUSC,136.7258877717366,0.004469813603836938,0.6111392331587908
TN,TCGA-LUSC,64.74298224691653,0.0053946403613597,0.3492651051440104
TN,TCGA-LUSC,104.33645402965007,0.005760352168663642,0.6010147192403692
TN,TCGA-LUSC,123.29736651618884,0.004640185226720838,0.572122618602004
TN,TCGA-LUSC,119.52593057420181,0.005611148351124499,0.6706777282580538
TN,TCGA-LUSC,133.2632994930999,0.0038681641785716534,0.515484321417475
TN,TCGA-LUSC,102.10446496634215,0.005703472467225102,0.5823500047162824
TN,TCGA-LUSC,107.53517122246521,0.005209838726367968,0.5602408994814095
TN,TCGA-LUSC,99.26560239844592,0.00665397323660766,0.6605106616749963
TN,TCGA-LUSC,58.98631176216281,0.007118505010206031,0.41989435581253093
TN,TCGA-LUSC,44.55126003164369,0.014385365502185696,0.6408861591381116
TN,TCGA-LUSC,82.47137019046775,0.007825132352966127,0.6453493870708754
TN,TCGA-LUSC,45.332818464955515,0.013495621291280535,0.6117945500694091
TN,TCGA-LUSC,71.47047164063495,0.0041759241811303105,0.2984552707609156
TN,TCGA-LUSC,113.59749985377309,0.005828553519873796,0.6621091076215722
TN,TCGA-LUSC,91.69322509513573,0.006680573520365662,0.612563331567492
TN,TCGA-LUSC,163.7568792791949,0.0038909859289317705,0.637175713041126
TN,TCGA-LUSC,58.97898267804301,0.0057825360967828235,0.3410480962873126
TN,TCGA-LUSC,100.97611433161099,0.006242009301296746,0.6302938448667195
TN,TCGA-LUSC,84.74782195267024,0.00710581691978102,0.6022025071458735
TN,TCGA-LUSC,129.8103742267557,0.0050062933190461525,0.6498688092342879
TN,TCGA-LUSC,141.42701568896376,0.004698089990400786,0.6644368467805755
TN,TCGA-LUSC,72.97665707011102,0.00914514404173812,0.6673820405906918
TN,TCGA-LUSC,95.00122193390864,0.00620838385367755,0.5898040523341159
TN,TCGA-LUSC,218.27027913248247,0.0018927922117023543,0.4131402843880617
TN,TCGA-LUSC,96.38449559452705,0.006865645397988621,0.6617417686160192
TN,TCGA-LUSC,58.15030538759546,0.00997246065759385,0.5799016327048634
TN,TCGA-LUSC,149.22965801025808,0.0037406139005901726,0.558210533133489
TN,TCGA-LUSC,127.99553554474883,0.005377311892667609,0.6882719154931376
TN,TCGA-LUSC,98.89364689414079,0.006733432996266272,0.6658937451181131
TN,TCGA-LUSC,64.80052126033122,0.006983263814405055,0.4525191352718565
TN,TCGA-LUSC,126.88679132289721,0.00400752735702834,0.5085022874720568
TN,TCGA-LUSC,112.9447578841076,0.004074505206997328,0.46019400410184896
TN,TCGA-LUSC,57.10317637939231,0.007986149621633576,0.45603451043635923
TN,TCGA-LUSC,179.3914877509199,0.003499305867802522,0.6277456857206183
TN,TCGA-LUSC,84.06798050807282,0.005353000004925814,0.45001590007381703
TN,TCGA-LUSC,66.0519797325652,0.009968149564310904,0.6584160129930425
TN,TCGA-LUSC,37.80802825573851,0.007773906893686093,0.2939160914939642
TN,TCGA-LUSC,81.74691238840595,0.006705973347066225,0.548192615681608
TN,TCGA-LUSC,89.8462710629666,0.006855859938437101,0.6159734503985532
TN,TCGA-LUSC,135.16224998201554,0.0045846528557610166,0.6196719953711319
