supercluster,region_a,region_b,omega,kn,kf
MGE interneuron,Human A13,Human A14,42.08386112775582,0.00020545038628707246,0.008646145525148946
MGE interneuron,Human A13,Human A19,18.587593122196076,0.0008791986562294806,0.016342186895575126
MGE interneuron,Human A13,Human A1C,32.64563034473283,0.0008103544323895766,0.02645453124800591
MGE interneuron,Human A13,Human A23,31.654255382194158,0.0003965274439781281,0.012551780977732354
MGE interneuron,Human A13,Human A24,29.76724313047529,0.000315783325940177,0.009399999039811374
MGE interneuron,Human A13,Human A25,41.81342440143289,0.0003631201247690824,0.015183295885670906
MGE interneuron,Human A13,Human A29-A30,21.546270787924044,0.0007776049653754745,0.016754487150014274
MGE interneuron,Human A13,Human A32,57.52485185551006,0.00015831539263614183,0.009107069507840966
MGE interneuron,Human A13,Human A35-A36,36.71536459984579,0.0006707472756612722,0.02462673078025688
MGE interneuron,Human A13,Human A38,57.46216311494559,0.0002735247704095886,0.015717324973253823
MGE interneuron,Human A13,Human A40,19.262593881113784,0.0009662761604957429,0.018612985256631416
MGE interneuron,Human A13,Human A43,32.1890930259147,0.00024973259949081475,0.008038665876613334
MGE interneuron,Human A13,Human A44-A45,49.277764215414535,0.00020796050682159536,0.010247828821272682
MGE interneuron,Human A13,Human A46,26.267528512448,0.0005628231182082197,0.014783972304999303
MGE interneuron,Human A13,Human A5-A7,33.096053823380515,0.0007066000157328499,0.02338567215229592
MGE interneuron,Human A13,Human ANC,36.40080232550031,0.002058938659694612,0.07494701915187413
MGE interneuron,Human A13,Human AON,57.223367034925516,0.00013704576975023656,0.00784222038300168
MGE interneuron,Human A13,Human BL,35.52304251003125,0.00190477051053887,0.0676632438177262
MGE interneuron,Human A13,Human BM,25.906352543478185,0.0010951917666792875,0.028372424010308327
MGE interneuron,Human A13,Human BNST,41.68827897667363,0.0008143165961150454,0.033947457434179276
MGE interneuron,Human A13,Human CA1C-CA3C,108.13413784802631,0.0004330425630961263,0.04682668421189915
MGE interneuron,Human A13,Human CA1R-CA2R,36.951064122905,0.0012197787536379658,0.04507212294143362
MGE interneuron,Human A13,Human CA1R-CA2R-CA3R,60.43495355047198,0.0007240686563193478,0.043759055612012446
MGE interneuron,Human A13,Human CA1U,55.585997070207874,0.001124041194474735,0.06248095054286558
MGE interneuron,Human A13,Human CA1U-CA2U-CA3U,88.74816084082178,0.0006229651936616995,0.0552870152053222
MGE interneuron,Human A13,Human CA2U-CA3U,42.57498280440055,0.001446635515750927,0.061590482207330835
MGE interneuron,Human A13,Human CA3R,53.260587606379744,0.002507833046150731,0.13356866165668518
MGE interneuron,Human A13,Human CA4C-DGC,106.05343240203176,0.0007713828774440802,0.08180780184910051
MGE interneuron,Human A13,Human CEN,57.615162721775356,0.0008185887641736236,0.04716312485008031
MGE interneuron,Human A13,Human CMN,59.375717197164334,0.0011886559708577204,0.07057730077036882
MGE interneuron,Human A13,Human Cla,74.2753997425101,0.0002150987377416056,0.0159765447298671
MGE interneuron,Human A13,Human CoA,28.669105291062564,0.0017306479439513005,0.04961612812690078
MGE interneuron,Human A13,Human DGR-CA4Rpy,65.8090535443553,0.0015891089211263962,0.10457775407821968
MGE interneuron,Human A13,Human DGU-CA4Upy,101.47385133830078,0.000877384337718006,0.08903156785215043
MGE interneuron,Human A13,Human FI,25.24408347102282,0.0013050045617840483,0.03294364408774207
MGE interneuron,Human A13,Human HTHso,28.790636013602732,0.00294164077433682,0.08469170881670388
MGE interneuron,Human A13,Human ITG,20.384760397874878,0.0002642333554152316,0.00538633363926601
MGE interneuron,Human A13,Human Idg,44.892990547301515,0.00020799760762367427,0.009337634632910938
MGE interneuron,Human A13,Human Ig,50.21032205886111,0.0002728803844355358,0.013701411986054082
MGE interneuron,Human A13,Human LEC,56.89135733425186,0.0006965467327347704,0.03962748907201945
MGE interneuron,Human A13,Human LG,73.13358142472116,0.001587112670901481,0.11607123374758013
MGE interneuron,Human A13,Human La,36.358412424934535,0.0015224770410167334,0.05535484816478037
MGE interneuron,Human A13,Human M1C,42.68754221039166,0.0008246879786043095,0.035203902897074035
MGE interneuron,Human A13,Human MEC,49.36052546245924,0.0008960959578899302,0.04423176734623271
MGE interneuron,Human A13,Human MTG,14.53618753630775,0.0004000907992029385,0.005815794888765161
MGE interneuron,Human A13,Human Pir,45.28997907311508,0.00075704498647506,0.03428655159486215
MGE interneuron,Human A13,Human Pro,30.618580759622404,0.00028449686449908573,0.008710890221524608
MGE interneuron,Human A13,Human Pu,65.7337322625081,0.00037335370243798765,0.024541932315274798
MGE interneuron,Human A13,Human Pul,64.79896715252565,0.0016021860002330707,0.1038199980013392
MGE interneuron,Human A13,Human S1C,33.43834375737369,0.0007074872887667587,0.023657203165755182
MGE interneuron,Human A13,Human SC,35.34892963542485,0.001196945793717857,0.04231075263955028
MGE interneuron,Human A13,Human SEP,47.478532168942195,0.0006396644064292067,0.030370327097976404
MGE interneuron,Human A13,Human SI,31.958402442104088,0.0009373914050806189,0.029957531769335834
MGE interneuron,Human A13,Human STG,41.96540486249889,0.0002580554279900685,0.010829400512568654
MGE interneuron,Human A13,Human Sub,58.0899382710927,0.00044445338682278727,0.025818269804913797
MGE interneuron,Human A13,Human TF,23.884975985868923,0.00047274930370715996,0.01129160576638177
MGE interneuron,Human A13,Human TH-TL,69.78433292644085,0.00010811246596574477,0.00754455631845204
MGE interneuron,Human A13,Human V1C,66.8504755491805,0.0005983947400186875,0.040002972936377494
MGE interneuron,Human A13,Human V2,34.169849961749385,0.0006688609444705394,0.02285487811783232
MGE interneuron,Human A14,Human A19,20.385135750842284,0.001107669953656207,0.022580002372410965
MGE interneuron,Human A14,Human A1C,31.819500810645813,0.0012273806366401633,0.03905463916254265
MGE interneuron,Human A14,Human A23,44.31318737622819,0.0007127346954137028,0.03158354610740634
MGE interneuron,Human A14,Human A24,23.475924425014888,0.000506135427997473,0.01188199705649124
MGE interneuron,Human A14,Human A25,30.309590971594833,0.0005006774408259742,0.015175328440140154
MGE interneuron,Human A14,Human A29-A30,30.690007521760617,0.0014147985610036625,0.0434201784789785
MGE interneuron,Human A14,Human A32,84.02821906978048,0.00033852571021540504,0.028445712538733077
MGE interneuron,Human A14,Human A35-A36,31.969086605343588,0.0006901555062582094,0.022063641150723446
MGE interneuron,Human A14,Human A38,28.94016889455562,0.0003352443857781423,0.009702029145370997
MGE interneuron,Human A14,Human A40,17.652175138657523,0.0013373242464154089,0.023606681814897987
MGE interneuron,Human A14,Human A43,48.83700396695062,0.0005099026285274447,0.024902116692153364
MGE interneuron,Human A14,Human A44-A45,46.411033797642915,0.000410261839229742,0.0190406760863747
MGE interneuron,Human A14,Human A46,41.30283473739745,0.0009313099575423224,0.03846574126566318
MGE interneuron,Human A14,Human A5-A7,35.72809850217981,0.0010462252478816896,0.03737963871178449
MGE interneuron,Human A14,Human ANC,38.21137732226407,0.002130299201245099,0.08140166658809425
MGE interneuron,Human A14,Human AON,22.058904480290337,0.00020335320797592053,0.004485748990501446
MGE interneuron,Human A14,Human BL,33.8689314559275,0.002062910755759717,0.06986858298652145
MGE interneuron,Human A14,Human BM,29.383051956255247,0.0012813721617241907,0.037650624803240995
MGE interneuron,Human A14,Human BNST,34.74329196629163,0.0010575326727950785,0.036742166414812163
MGE interneuron,Human A14,Human CA1C-CA3C,79.93480854361073,0.0005913634650110407,0.047270525355343776
MGE interneuron,Human A14,Human CA1R-CA2R,35.90983207425423,0.001270059629484638,0.045607628019082906
MGE interneuron,Human A14,Human CA1R-CA2R-CA3R,40.659524939087575,0.0010481421528768424,0.042616962004604915
MGE interneuron,Human A14,Human CA1U,56.07579524014285,0.00104797052687797,0.05876578068291367
MGE interneuron,Human A14,Human CA1U-CA2U-CA3U,61.03481882239644,0.0009165824010739787,0.055943440785347395
MGE interneuron,Human A14,Human CA2U-CA3U,40.569327194106926,0.0017627197484087747,0.07151235422470942
MGE interneuron,Human A14,Human CA3R,41.707402268609925,0.002599821686814738,0.10843180891863828
MGE interneuron,Human A14,Human CA4C-DGC,70.45422627539878,0.0010563530488900941,0.07442453673321009
MGE interneuron,Human A14,Human CEN,54.59864989403509,0.0009673650435716701,0.052816825333697616
MGE interneuron,Human A14,Human CMN,54.47946303631336,0.0013264014646968592,0.07226163956726445
MGE interneuron,Human A14,Human Cla,37.48349061495445,0.00035697996591630375,0.01338085520215053
MGE interneuron,Human A14,Human CoA,22.405478102697327,0.0014243668114031173,0.031913619403101355
MGE interneuron,Human A14,Human DGR-CA4Rpy,63.053087604697254,0.0018338904810527696,0.11563245715924067
MGE interneuron,Human A14,Human DGU-CA4Upy,66.20037530083626,0.0012203831321166143,0.0807898213569299
MGE interneuron,Human A14,Human FI,30.869454505136208,0.001508107419829704,0.0465544533852914
MGE interneuron,Human A14,Human HTHso,19.725289051773945,0.002635894827107863,0.051993787374778305
MGE interneuron,Human A14,Human ITG,21.86368974557171,0.0005295238489690145,0.011577345146739504
MGE interneuron,Human A14,Human Idg,37.398079435077804,0.00039732478211186497,0.014859183762944508
MGE interneuron,Human A14,Human Ig,54.8933483331958,0.0005798041787041032,0.031827392746646845
MGE interneuron,Human A14,Human LEC,38.233510815970384,0.0009576503887854054,0.036614336497545044
MGE interneuron,Human A14,Human LG,69.10636614673732,0.0019449831387935007,0.13441071693869405
MGE interneuron,Human A14,Human La,37.084858195602,0.001659948368500269,0.06155894985785337
MGE interneuron,Human A14,Human M1C,42.600659738087565,0.0011436366136324473,0.048719674241374605
MGE interneuron,Human A14,Human MEC,47.08952193336909,0.0011113672401840123,0.05233375203267292
MGE interneuron,Human A14,Human MTG,14.4817377482146,0.0007505894958558867,0.010869840235549561
MGE interneuron,Human A14,Human Pir,31.052348654361857,0.0008818129314507415,0.027382362595333318
MGE interneuron,Human A14,Human Pro,26.19003560184558,0.0006496990203270092,0.017015640472848564
MGE interneuron,Human A14,Human Pu,44.87782161260371,0.0005801371200400234,0.026035290184005834
MGE interneuron,Human A14,Human Pul,48.18844751648727,0.0021654912201463893,0.10435166000943827
MGE interneuron,Human A14,Human S1C,38.847974395603174,0.0012197934224157602,0.04738650364193262
MGE interneuron,Human A14,Human SC,29.530974000953123,0.0015941543011234187,0.04707692921998327
MGE interneuron,Human A14,Human SEP,28.610955699834673,0.0011105976636714542,0.031775260555643864
MGE interneuron,Human A14,Human SI,28.46645091459172,0.0012988708404134811,0.03697424302302486
MGE interneuron,Human A14,Human STG,23.281674317010292,0.0007354955376853043,0.017123567570003627
MGE interneuron,Human A14,Human Sub,63.087868112279935,0.00067229130965185,0.04241342547634787
MGE interneuron,Human A14,Human TF,22.278101415536877,0.0007715718057163324,0.017189154937117368
MGE interneuron,Human A14,Human TH-TL,26.800224948056915,0.00023041483511659585,0.006175169412494213
MGE interneuron,Human A14,Human V1C,51.01415470149914,0.0010496081301763103,0.05354487152876554
MGE interneuron,Human A14,Human V2,32.64411493661489,0.0010418689743857505,0.03401089054874151
MGE interneuron,Human A19,Human A1C,64.70361486575892,0.0001697492849604621,0.010983392357819702
MGE interneuron,Human A19,Human A23,42.10380019173442,0.00021768680710194238,0.009165441830596815
MGE interneuron,Human A19,Human A24,70.20793776730426,0.00034844357344132436,0.02446350471958561
MGE interneuron,Human A19,Human A25,80.14344176987973,0.00030838719720987937,0.024715211382166383
MGE interneuron,Human A19,Human A29-A30,8.445699158615827,0.0023438497107041317,0.019795449529615837
MGE interneuron,Human A19,Human A32,31.57228538706986,0.0005674588122292147,0.017915971565108456
MGE interneuron,Human A19,Human A35-A36,111.82957087057243,0.00023040829790709058,0.02576646107996895
MGE interneuron,Human A19,Human A38,52.32527815821682,0.0003880084833809627,0.02030265182065672
MGE interneuron,Human A19,Human A40,34.759081533465945,0.00014444719729507114,0.005020851908060019
MGE interneuron,Human A19,Human A43,23.34074191378652,0.00048635111650150776,0.011351795889743613
MGE interneuron,Human A19,Human A44-A45,26.122272139527375,0.0004143450791250201,0.01082363491657778
MGE interneuron,Human A19,Human A46,55.88144908467708,0.0002491086343251157,0.013920551465592394
MGE interneuron,Human A19,Human A5-A7,105.96990788169457,9.770138177407037e-05,0.01035340642651251
MGE interneuron,Human A19,Human ANC,73.07201356054686,0.0007471699946875045,0.054597215983839056
MGE interneuron,Human A19,Human AON,39.256563667141286,0.0007880998965374545,0.030938093764490044
MGE interneuron,Human A19,Human BL,105.14827349953846,0.000540141208643182,0.056794915534784565
MGE interneuron,Human A19,Human BM,106.88046704595777,0.0002387081254685968,0.025513235937748714
MGE interneuron,Human A19,Human BNST,95.91729724383896,0.0005834589220352015,0.05596380285442028
MGE interneuron,Human A19,Human CA1C-CA3C,48.38522405648497,0.001193581973850133,0.057751731234520265
MGE interneuron,Human A19,Human CA1R-CA2R,125.52655489029554,0.0003490964093053287,0.04382086958467042
MGE interneuron,Human A19,Human CA1R-CA2R-CA3R,90.6392877697166,0.0005354133396274206,0.04852948376623478
MGE interneuron,Human A19,Human CA1U,140.91119348699718,0.0005379716788465596,0.07580623132847226
MGE interneuron,Human A19,Human CA1U-CA2U-CA3U,68.18809191373482,0.0009297753195544607,0.06339960494890173
MGE interneuron,Human A19,Human CA2U-CA3U,117.80903399231977,0.00043595543217754047,0.05135948832854032
MGE interneuron,Human A19,Human CA3R,121.15351021357496,0.001031759750443219,0.12500131546327808
MGE interneuron,Human A19,Human CA4C-DGC,79.47818294727597,0.00106401556574367,0.08456602379292474
MGE interneuron,Human A19,Human CEN,139.33175781195865,0.0005166548669077332,0.07198643078835801
MGE interneuron,Human A19,Human CMN,184.19763983189407,0.0004835327506432464,0.08906559144990975
MGE interneuron,Human A19,Human Cla,48.27411008046782,0.0006357845721869494,0.030691934425215936
MGE interneuron,Human A19,Human CoA,75.13587923392096,0.0007418050145429887,0.05573617198781898
MGE interneuron,Human A19,Human DGR-CA4Rpy,154.02688266618517,0.0007789861223983572,0.11998480407323833
MGE interneuron,Human A19,Human DGU-CA4Upy,66.04129494549416,0.0011136037876371928,0.07354383619176728
MGE interneuron,Human A19,Human FI,189.5702964205177,0.00020276610034725,0.03843842974686062
MGE interneuron,Human A19,Human HTHso,54.339025876029396,0.0014674101377007624,0.07973763744326959
MGE interneuron,Human A19,Human ITG,30.750032220087743,0.000280620677131834,0.008629094863426735
MGE interneuron,Human A19,Human Idg,41.01490190789371,0.0004887679117343929,0.020046767955512176
MGE interneuron,Human A19,Human Ig,29.45034272065128,0.0005045905401634167,0.014860364341411175
MGE interneuron,Human A19,Human LEC,156.8131833642184,0.0002899086052714116,0.04546149127729068
MGE interneuron,Human A19,Human LG,69.87748635443663,0.0018894185094030123,0.132027816108629
MGE interneuron,Human A19,Human La,126.68526025317216,0.0004265540550217001,0.05403811147246999
MGE interneuron,Human A19,Human M1C,59.42416039445436,0.00031477964517615084,0.01870551612385702
MGE interneuron,Human A19,Human MEC,131.617681853512,0.00026948013088676725,0.03546835013289731
MGE interneuron,Human A19,Human MTG,28.979178381342273,0.0003107312179628692,0.009004735393997732
MGE interneuron,Human A19,Human Pir,189.62261080252767,0.0002356929023445307,0.04469270349019511
MGE interneuron,Human A19,Human Pro,33.26136071029486,0.0003520689797689295,0.011710293330999866
MGE interneuron,Human A19,Human Pu,49.3327316420355,0.000940164450588817,0.04638088054027985
MGE interneuron,Human A19,Human Pul,44.60910572274465,0.0024229955938307843,0.10808766661094191
MGE interneuron,Human A19,Human S1C,59.96379308448287,0.0003313584525519431,0.019869509685619152
MGE interneuron,Human A19,Human SC,47.3992430074734,0.0008400405318557734,0.039817285305559
MGE interneuron,Human A19,Human SEP,52.6625313635128,0.000960842835426778,0.05060041595606927
MGE interneuron,Human A19,Human SI,105.77639242184577,0.0004893712875806569,0.05176392935511551
MGE interneuron,Human A19,Human STG,21.772456806736496,0.0009692457638847711,0.0211028615292935
MGE interneuron,Human A19,Human Sub,50.66204578282531,0.0007116710063071246,0.036054709103840905
MGE interneuron,Human A19,Human TF,54.39673989850865,0.00017923103414653143,0.009749583946209592
MGE interneuron,Human A19,Human TH-TL,31.715465531112994,0.0006719129482429284,0.021310031949907104
MGE interneuron,Human A19,Human V1C,47.40893639301564,0.000498062645150916,0.0236126202636969
MGE interneuron,Human A19,Human V2,39.35780777334198,0.0001444536076637235,0.005685377322594589
MGE interneuron,Human A1C,Human A23,40.56898117122378,0.0002480766281747185,0.010064216057440838
MGE interneuron,Human A1C,Human A24,77.00641258759552,0.0003815961847364,0.02938535324366354
MGE interneuron,Human A1C,Human A25,80.10642393633537,0.0003838218731547526,0.030746597686972955
MGE interneuron,Human A1C,Human A29-A30,24.016050877825414,0.0018810940183047477,0.04517644964957987
MGE interneuron,Human A1C,Human A32,43.26368370881267,0.0005372475501759104,0.023243308084145053
MGE interneuron,Human A1C,Human A35-A36,87.4411984411729,0.000428772976531938,0.03749242292714156
MGE interneuron,Human A1C,Human A38,78.83770468806681,0.0005108039897842199,0.040270614100094616
MGE interneuron,Human A1C,Human A40,25.539577810596793,0.00024368191237046215,0.006223533162020447
MGE interneuron,Human A1C,Human A43,40.27597189392933,0.00036303670940885605,0.014621656304615677
MGE interneuron,Human A1C,Human A44-A45,30.773758501198163,0.00034470077789354524,0.010607738494071107
MGE interneuron,Human A1C,Human A46,47.57645754700815,0.00014043354474097686,0.006681330579544955
MGE interneuron,Human A1C,Human A5-A7,60.713185018472,6.686507401017553e-05,0.00405959160965361
MGE interneuron,Human A1C,Human ANC,68.95895898704732,0.0010594007491904493,0.0730551728142714
MGE interneuron,Human A1C,Human AON,48.94713610918637,0.0008207007102256907,0.0401709493683228
MGE interneuron,Human A1C,Human BL,88.81104784130461,0.0007778047663403159,0.06907765631464455
MGE interneuron,Human A1C,Human BM,95.32201453764658,0.0004346277424348596,0.0414295919828402
MGE interneuron,Human A1C,Human BNST,92.00549730560084,0.0006633562460386286,0.061032421307560536
MGE interneuron,Human A1C,Human CA1C-CA3C,54.33917718271199,0.0010590096010161952,0.05754571034781217
MGE interneuron,Human A1C,Human CA1R-CA2R,86.11324032875756,0.000582961300945047,0.050200686610645986
MGE interneuron,Human A1C,Human CA1R-CA2R-CA3R,117.35617444557033,0.0004284974023825831,0.05028681590348417
MGE interneuron,Human A1C,Human CA1U,99.00478649566217,0.0008442593786455775,0.08358571952976582
MGE interneuron,Human A1C,Human CA1U-CA2U-CA3U,80.87318801990904,0.0007475598485804345,0.06045754819038021
MGE interneuron,Human A1C,Human CA2U-CA3U,98.63328707693121,0.0005451558678073772,0.0537705152111186
MGE interneuron,Human A1C,Human CA3R,96.33533793881001,0.0013273962623181305,0.12787516750913042
MGE interneuron,Human A1C,Human CA4C-DGC,96.8166935287318,0.0008806698531314584,0.08526354327062166
MGE interneuron,Human A1C,Human CEN,98.55357279114122,0.0006543459202669809,0.06448812828361819
MGE interneuron,Human A1C,Human CMN,138.3034215516726,0.0006846064391375323,0.09468341294902761
MGE interneuron,Human A1C,Human Cla,69.93334002526089,0.0005556994983067776,0.03886192196695476
MGE interneuron,Human A1C,Human CoA,70.77303503060192,0.0012891626693729862,0.09123795475967864
MGE interneuron,Human A1C,Human DGR-CA4Rpy,130.0712548768018,0.0008724115198657247,0.11347566115791272
MGE interneuron,Human A1C,Human DGU-CA4Upy,92.46187700566492,0.0009450720296570695,0.08738313376764606
MGE interneuron,Human A1C,Human FI,86.97755008098177,0.0004501378720343492,0.03915188930821417
MGE interneuron,Human A1C,Human HTHso,64.48407373428063,0.002104723994103746,0.13572117722609559
MGE interneuron,Human A1C,Human ITG,51.73378190899336,0.0003083597792358008,0.015952617568490257
MGE interneuron,Human A1C,Human Idg,79.10356383870347,0.00042190937451979093,0.03337453514147373
MGE interneuron,Human A1C,Human Ig,16.21780988508175,0.000316421287625259,0.005131660286299221
MGE interneuron,Human A1C,Human LEC,187.85578724169636,0.000293456626104475,0.0551275255181483
MGE interneuron,Human A1C,Human LG,83.87374435289213,0.001687287350434982,0.1415191078802524
MGE interneuron,Human A1C,Human La,98.52586699619611,0.0006668238253694351,0.06569939552824366
MGE interneuron,Human A1C,Human M1C,42.71115339151131,0.0003755776422176665,0.016041354287180908
MGE interneuron,Human A1C,Human MEC,132.5653112377632,0.0003119911753546678,0.0413592072643271
MGE interneuron,Human A1C,Human MTG,70.6743090776462,0.0002240552400213324,0.01583494928373385
MGE interneuron,Human A1C,Human Pir,135.04720619073336,0.00038187507732471504,0.051571162306573035
MGE interneuron,Human A1C,Human Pro,54.13256762837112,0.00020040712289603102,0.010848552133376682
MGE interneuron,Human A1C,Human Pu,51.53259930024893,0.0009335396801560248,0.048107726268362974
MGE interneuron,Human A1C,Human Pul,62.42620079098267,0.0019292832878522325,0.12043782591015068
MGE interneuron,Human A1C,Human S1C,47.02755197687829,7.294502071273723e-05,0.0034304257530227136
MGE interneuron,Human A1C,Human SC,38.811212219983744,0.0008977614875083901,0.03484321161461641
MGE interneuron,Human A1C,Human SEP,73.14908643038524,0.0006732495844803856,0.049247592044376676
MGE interneuron,Human A1C,Human SI,93.92614467510396,0.0005309111121554627,0.049866433929934326
MGE interneuron,Human A1C,Human STG,46.50280945877602,0.000653391003806928,0.03038451735211197
MGE interneuron,Human A1C,Human Sub,71.77250474809848,0.0006443861383702602,0.04624920717578834
MGE interneuron,Human A1C,Human TF,66.08606778193523,0.0002833365692333044,0.018724599719453137
MGE interneuron,Human A1C,Human TH-TL,48.17962402831132,0.00062927397420197,0.030318183487852195
MGE interneuron,Human A1C,Human V1C,69.23549449655964,0.0002561925589667681,0.0177376185064032
MGE interneuron,Human A1C,Human V2,36.44260213703049,9.516522566676319e-05,0.003468068456254573
MGE interneuron,Human A23,Human A24,109.17303280880292,0.00017947773163442193,0.01959412828417427
MGE interneuron,Human A23,Human A25,75.20303257265944,0.00021020798687287142,0.015808278083833716
MGE interneuron,Human A23,Human A29-A30,17.96845110123332,0.0013617899545997343,0.02446925620937607
MGE interneuron,Human A23,Human A32,33.55213141427937,0.0002243241732682278,0.007526554140895156
MGE interneuron,Human A23,Human A35-A36,86.17321609860007,0.00027470597322701664,0.02367229719446795
MGE interneuron,Human A23,Human A38,132.87977335288335,0.00024586840441379466,0.0326709378531401
MGE interneuron,Human A23,Human A40,22.32332050151041,0.0002743991417931289,0.006125499987587416
MGE interneuron,Human A23,Human A43,34.984186843526736,0.00025325645604730695,0.008859971177688403
MGE interneuron,Human A23,Human A44-A45,33.79667523775506,0.00023003127102919508,0.00777429216150172
MGE interneuron,Human A23,Human A46,18.16252807423508,0.0001813241129661621,0.0032933042922836924
MGE interneuron,Human A23,Human A5-A7,44.66248329374565,0.00017542615182416244,0.007834967575132743
MGE interneuron,Human A23,Human ANC,71.31852237280859,0.0011216408766725318,0.0799937699572266
MGE interneuron,Human A23,Human AON,67.11722847647586,0.00043772332157537277,0.029378776183656207
MGE interneuron,Human A23,Human BL,53.15540381554171,0.0008957706573266809,0.047615051016312956
MGE interneuron,Human A23,Human BM,78.80513997088744,0.00044917162921695886,0.035397033111394
MGE interneuron,Human A23,Human BNST,94.55905851919755,0.0005273822327168708,0.049868767405459646
MGE interneuron,Human A23,Human CA1C-CA3C,65.32914626169013,0.0007563370322560994,0.04941085260339136
MGE interneuron,Human A23,Human CA1R-CA2R,64.70174063600369,0.000577974306729315,0.03739594368827418
MGE interneuron,Human A23,Human CA1R-CA2R-CA3R,94.50879576575801,0.0004494103677226166,0.042473232658110975
MGE interneuron,Human A23,Human CA1U,97.7671119627381,0.0006657701049026423,0.06509042038746052
MGE interneuron,Human A23,Human CA1U-CA2U-CA3U,89.3872928720522,0.0005944609931514217,0.05313725889583715
MGE interneuron,Human A23,Human CA2U-CA3U,67.90208113357818,0.000695495573685151,0.04722559687241362
MGE interneuron,Human A23,Human CA3R,86.5569427739267,0.0014294152102088398,0.12372581055022697
MGE interneuron,Human A23,Human CA4C-DGC,99.46149471099913,0.0007652859440798682,0.07611648387950179
MGE interneuron,Human A23,Human CEN,127.71787217282599,0.000469781302757764,0.05999946837479977
MGE interneuron,Human A23,Human CMN,108.68581922483247,0.0006129163914035318,0.06661532011602092
MGE interneuron,Human A23,Human Cla,104.55158143536036,0.0003319523994597911,0.03470614832478362
MGE interneuron,Human A23,Human CoA,74.244292864921,0.0010708910880141381,0.07950755156495555
MGE interneuron,Human A23,Human DGR-CA4Rpy,125.55861717768268,0.0009239755612974504,0.11601309378248105
MGE interneuron,Human A23,Human DGU-CA4Upy,113.28490286940895,0.0007679145165656744,0.08699312142115156
MGE interneuron,Human A23,Human FI,66.67939522366652,0.0004848166247353703,0.03232727933173377
MGE interneuron,Human A23,Human HTHso,57.726876796634805,0.0019992449017813916,0.11541016413143465
MGE interneuron,Human A23,Human ITG,84.62412716174114,0.00012652335139363248,0.010706928177264412
MGE interneuron,Human A23,Human Idg,74.94790463402266,0.0002272975565509966,0.017035475591930464
MGE interneuron,Human A23,Human Ig,27.61227676174863,0.00026416570823660127,0.007294216646792374
MGE interneuron,Human A23,Human LEC,135.6705586959234,0.00028644830102540157,0.03886260103761428
MGE interneuron,Human A23,Human LG,89.08432053270649,0.0015796867441378102,0.14072532025604018
MGE interneuron,Human A23,Human La,92.48498737982621,0.000688994678286714,0.06372166412611416
MGE interneuron,Human A23,Human M1C,52.6360888228447,0.0003281019337210767,0.0172700025262897
MGE interneuron,Human A23,Human MEC,96.14571617718396,0.0003277242001801609,0.03150927793491637
MGE interneuron,Human A23,Human MTG,73.21683917339091,0.00017259107447640805,0.012636572942701901
MGE interneuron,Human A23,Human Pir,130.27705960369946,0.00030781641064263343,0.04010141687628718
MGE interneuron,Human A23,Human Pro,57.38598919736302,0.00018535670955153116,0.010636878131982922
MGE interneuron,Human A23,Human Pu,65.4626101235003,0.0006017074081207867,0.03938933746623294
MGE interneuron,Human A23,Human Pul,63.316386510726694,0.0018821716475891487,0.11917230751828581
MGE interneuron,Human A23,Human S1C,44.31019653923525,0.00028142642851948106,0.012470060359033246
MGE interneuron,Human A23,Human SC,43.13970589000364,0.0007650078310765503,0.033002212836191966
MGE interneuron,Human A23,Human SEP,66.23687121614869,0.0006339048666140321,0.04198787501320356
MGE interneuron,Human A23,Human SI,86.54154470952976,0.0004810117590794018,0.04162750065417961
MGE interneuron,Human A23,Human STG,47.02761264767875,0.0005193602201159261,0.024424271256224945
MGE interneuron,Human A23,Human Sub,91.26854697772156,0.00035922430157148117,0.032785880043515944
MGE interneuron,Human A23,Human TF,123.33274832672019,0.00011605819696244456,0.014313776397222096
MGE interneuron,Human A23,Human TH-TL,68.99922442461975,0.0003364867175367757,0.023217322539223623
MGE interneuron,Human A23,Human V1C,77.24359566176378,0.00038297477248921074,0.02958234847481257
MGE interneuron,Human A23,Human V2,47.47957594039453,0.0001835746853827932,0.008716048215366364
MGE interneuron,Human A24,Human A25,30.03000045752064,0.00010711411669331338,0.00321663697330712
MGE interneuron,Human A24,Human A29-A30,31.172218316825713,0.0014091614193671156,0.04392668740815972
MGE interneuron,Human A24,Human A32,105.87109762185187,0.00019461863188705605,0.020604488175545766
MGE interneuron,Human A24,Human A35-A36,55.6289438303269,0.00022192665114362524,0.012345545210921282
MGE interneuron,Human A24,Human A38,51.06703765688364,0.0001012261323727221,0.005169318713738488
MGE interneuron,Human A24,Human A40,53.6632015472258,0.0004580285823658608,0.024579280129889303
MGE interneuron,Human A24,Human A43,95.51771956833633,0.00021304433816943203,0.02034950934888962
MGE interneuron,Human A24,Human A44-A45,94.62971047907598,0.00020456596115553394,0.01935801767802208
MGE interneuron,Human A24,Human A46,103.82793019983527,0.0002582847281393083,0.02681716872493153
MGE interneuron,Human A24,Human A5-A7,92.84745904844482,0.00027550488125786495,0.02557992818023627
MGE interneuron,Human A24,Human ANC,56.136071626488466,0.001426131411445416,0.08005741506168496
MGE interneuron,Human A24,Human AON,44.10193492369383,0.0002215424641798001,0.009770451338092316
MGE interneuron,Human A24,Human BL,40.33794652265885,0.0009964426405512676,0.040194449947454004
MGE interneuron,Human A24,Human BM,39.27246418860971,0.0004455376654130267,0.017497362009609864
MGE interneuron,Human A24,Human BNST,35.569945236572046,0.00040468891156304114,0.01439476242214532
MGE interneuron,Human A24,Human CA1C-CA3C,76.41732820592159,0.000568837286415561,0.04346902561178374
MGE interneuron,Human A24,Human CA1R-CA2R,55.22260339538094,0.000631407999134791,0.0348679935168916
MGE interneuron,Human A24,Human CA1R-CA2R-CA3R,83.12481401406365,0.00033612110145398745,0.027940004044564922
MGE interneuron,Human A24,Human CA1U,76.36106105849862,0.0006025603612135298,0.046012148534057336
MGE interneuron,Human A24,Human CA1U-CA2U-CA3U,68.66116526980119,0.0005381037443226156,0.03694683012123395
MGE interneuron,Human A24,Human CA2U-CA3U,65.13873978760247,0.0007178907072555878,0.04676249597585964
MGE interneuron,Human A24,Human CA3R,75.71185643085673,0.0015668139837359991,0.11862639539047865
MGE interneuron,Human A24,Human CA4C-DGC,97.22410258649121,0.0006359362910591566,0.06182833520040818
MGE interneuron,Human A24,Human CEN,67.1905651808826,0.0003866496763359912,0.02597921028002058
MGE interneuron,Human A24,Human CMN,88.02751080440943,0.0005168460642599312,0.04549667250585759
MGE interneuron,Human A24,Human Cla,51.455945418359775,0.00020553281454693568,0.010575885287008984
MGE interneuron,Human A24,Human CoA,33.00471472035126,0.0010719621006680853,0.03537980332357861
MGE interneuron,Human A24,Human DGR-CA4Rpy,113.17057118633888,0.000936491607025202,0.10598329007825452
MGE interneuron,Human A24,Human DGU-CA4Upy,86.76142145588665,0.0007299398799841359,0.06333062156476293
MGE interneuron,Human A24,Human FI,39.53793646590901,0.000482111003522224,0.019061674226777327
MGE interneuron,Human A24,Human HTHso,33.42593078495714,0.002017950747503111,0.06745188201349152
MGE interneuron,Human A24,Human ITG,87.08076837338368,0.00011644811876567471,0.010140391657749992
MGE interneuron,Human A24,Human Idg,59.2155214347325,0.00011402285316640821,0.006751922705724802
MGE interneuron,Human A24,Human Ig,103.78994702092345,0.00024834179892790215,0.02577538215380779
MGE interneuron,Human A24,Human LEC,70.8460134666165,0.00019016163973738703,0.013472194089668797
MGE interneuron,Human A24,Human LG,84.53922160359309,0.0017564937108428941,0.148492611066265
MGE interneuron,Human A24,Human La,46.22305549262213,0.0006992515688804242,0.03232154407166293
MGE interneuron,Human A24,Human M1C,91.06623034561711,0.0005209769277738892,0.047443404909408925
MGE interneuron,Human A24,Human MEC,72.14418527223344,0.00036838402166205374,0.026576765110117664
MGE interneuron,Human A24,Human MTG,70.43849967919473,0.0001287935883374624,0.009072027130790684
MGE interneuron,Human A24,Human Pir,67.6469037578386,0.00022768829055575337,0.01540240787801184
MGE interneuron,Human A24,Human Pro,108.1269370799579,0.00019789682889065482,0.02139797796578303
MGE interneuron,Human A24,Human Pu,52.67469727555203,0.0004482629069340858,0.023612112922611922
MGE interneuron,Human A24,Human Pul,70.11641100415186,0.0020700447163990313,0.14514410613200746
MGE interneuron,Human A24,Human S1C,86.74872098768445,0.0003954998103157007,0.03430910269575885
MGE interneuron,Human A24,Human SC,40.40000668830451,0.0008036724233397405,0.03246837127813141
MGE interneuron,Human A24,Human SEP,29.017970483655414,0.0004254160415272244,0.012344710136310524
MGE interneuron,Human A24,Human SI,38.46649856805522,0.00038225271690220874,0.01470392358735403
MGE interneuron,Human A24,Human STG,68.13275841945268,0.00045735726180988956,0.03116101183027558
MGE interneuron,Human A24,Human Sub,64.04382457722032,0.0003326119412560988,0.021301740818094304
MGE interneuron,Human A24,Human TF,57.25650375265071,0.00016415445805289343,0.009398910343519836
MGE interneuron,Human A24,Human TH-TL,51.21061761902778,0.00016570717996493127,0.008485967029911516
MGE interneuron,Human A24,Human V1C,135.50472371576632,0.0005236894000738587,0.07096238746988363
MGE interneuron,Human A24,Human V2,122.03723325716453,0.0003365410310624188,0.041070536308371056
MGE interneuron,Human A25,Human A29-A30,23.939637280332427,0.0017916767736929047,0.042892092085804384
MGE interneuron,Human A25,Human A32,67.4573219617683,0.0002247648477540303,0.015162034700631457
MGE interneuron,Human A25,Human A35-A36,63.30337185423859,0.00018590281561906897,0.011768275065883876
MGE interneuron,Human A25,Human A38,128.62418245692925,7.124475932843258e-05,0.009163798922960324
MGE interneuron,Human A25,Human A40,55.34563539294082,0.000371027040097979,0.020534727282184778
MGE interneuron,Human A25,Human A43,62.671379009126035,0.0002739460286808929,0.01716857539150515
MGE interneuron,Human A25,Human A44-A45,77.47981850494178,0.0002724984755661274,0.021113132429736864
MGE interneuron,Human A25,Human A46,60.658961163218805,0.00033166968733667405,0.020118738683172235
MGE interneuron,Human A25,Human A5-A7,101.04668766627832,0.0002512403397196953,0.02538700413682571
MGE interneuron,Human A25,Human ANC,62.244995902532736,0.0013420093379307278,0.08353336574065882
MGE interneuron,Human A25,Human AON,59.17986464874591,0.0002787729298462713,0.016497744256036676
MGE interneuron,Human A25,Human BL,42.494896960617645,0.0008599809883264344,0.03654480348702195
MGE interneuron,Human A25,Human BM,40.21824663828559,0.00031420629108648064,0.012636826110217034
MGE interneuron,Human A25,Human BNST,50.41661860825269,0.0003339004088920407,0.01683412956824964
MGE interneuron,Human A25,Human CA1C-CA3C,65.75080663566033,0.0006810442367714705,0.04477920792229183
MGE interneuron,Human A25,Human CA1R-CA2R,68.21260432333344,0.0005347699147105465,0.036478048596173276
MGE interneuron,Human A25,Human CA1R-CA2R-CA3R,78.68973682336413,0.0004353591126989022,0.03425829400192994
MGE interneuron,Human A25,Human CA1U,91.02399117611459,0.0005280747037474698,0.04806746717423902
MGE interneuron,Human A25,Human CA1U-CA2U-CA3U,60.27549103599613,0.0004803667953320388,0.028954344466026495
MGE interneuron,Human A25,Human CA2U-CA3U,64.47600960466707,0.0007172108608012135,0.046242894349590585
MGE interneuron,Human A25,Human CA3R,85.41695697437576,0.0013857282702437876,0.11836469203758976
MGE interneuron,Human A25,Human CA4C-DGC,98.74622020284815,0.0007691134249825865,0.07594704362429722
MGE interneuron,Human A25,Human CEN,71.08297050024197,0.00032134759275756855,0.022842341456310016
MGE interneuron,Human A25,Human CMN,107.59590693567479,0.00040302049923677326,0.04336335612904905
MGE interneuron,Human A25,Human Cla,57.986335530988555,0.0002443776049930608,0.014170561799387008
MGE interneuron,Human A25,Human CoA,49.889252900400336,0.0009276133433236962,0.046277936678861764
MGE interneuron,Human A25,Human DGR-CA4Rpy,110.04393810255927,0.0009386329598987963,0.10329086734012513
MGE interneuron,Human A25,Human DGU-CA4Upy,74.61134349043533,0.0007457717755621723,0.05564303411194109
MGE interneuron,Human A25,Human FI,22.879682221997605,0.0004140683483278699,0.009473752227929077
MGE interneuron,Human A25,Human HTHso,44.813087778709246,0.0018289717365776845,0.08196187097603405
MGE interneuron,Human A25,Human ITG,99.68956185202202,0.00012580822376238084,0.012541766704252891
MGE interneuron,Human A25,Human Idg,44.16736017204442,0.00010873943374615873,0.004802733735170754
MGE interneuron,Human A25,Human Ig,58.18969124043372,0.0003273877134231742,0.019050589960006106
MGE interneuron,Human A25,Human LEC,72.40180725524584,0.00018964145685711222,0.01373038420697266
MGE interneuron,Human A25,Human LG,85.30892711023633,0.0018296204702899388,0.1560829593393607
MGE interneuron,Human A25,Human La,45.92379372988338,0.0006007768599089908,0.027589952592147537
MGE interneuron,Human A25,Human M1C,81.104135499471,0.0005705784874047277,0.04627627495555624
MGE interneuron,Human A25,Human MEC,56.350307647316974,0.00029647365778059725,0.016706381825262025
MGE interneuron,Human A25,Human MTG,54.50035672225626,0.0002901978243345165,0.015815884946253807
MGE interneuron,Human A25,Human Pir,70.35877637176881,0.00020396812479740712,0.0143509476795898
MGE interneuron,Human A25,Human Pro,101.80256113589208,0.0002229522723835582,0.022697112339713246
MGE interneuron,Human A25,Human Pu,58.18821168036923,0.0005096495680029167,0.029655596945762447
MGE interneuron,Human A25,Human Pul,72.80729788946797,0.0021204619854514645,0.15438510743805747
MGE interneuron,Human A25,Human S1C,60.40175309718688,0.0004603943273545955,0.027808624488217706
MGE interneuron,Human A25,Human SC,43.373889673593744,0.0008457044616414844,0.03668149201570374
MGE interneuron,Human A25,Human SEP,31.38850776875919,0.0005335805203185242,0.016748296307276568
MGE interneuron,Human A25,Human SI,34.864416901429834,0.0003041518576679434,0.010604077167079527
MGE interneuron,Human A25,Human STG,58.993331219816675,0.0006474135112857571,0.03819307970746519
MGE interneuron,Human A25,Human Sub,46.41579565873297,0.0002990291871872374,0.013879677648479822
MGE interneuron,Human A25,Human TF,69.37164759865288,0.00013542728143644975,0.009394813643052977
MGE interneuron,Human A25,Human TH-TL,45.82665848479853,0.00022581829184697944,0.010348497740092092
MGE interneuron,Human A25,Human V1C,109.43189129779775,0.0006539235716011291,0.07156009320452242
MGE interneuron,Human A25,Human V2,104.29857168129193,0.0003728968387057942,0.03889260766148343
MGE interneuron,Human A29-A30,Human A32,24.294577512394795,0.0011066910482846885,0.026886591454825814
MGE interneuron,Human A29-A30,Human A35-A36,24.672502425390647,0.0022206936861012714,0.054790070356383315
MGE interneuron,Human A29-A30,Human A38,36.91330835026268,0.0016272509363851355,0.060067215578038194
MGE interneuron,Human A29-A30,Human A40,8.896861945086057,0.002431281512604239,0.02163077596727992
MGE interneuron,Human A29-A30,Human A43,23.634203687337372,0.0011261949583558535,0.026616721037434673
MGE interneuron,Human A29-A30,Human A44-A45,13.799014676343361,0.0011842238953346062,0.016341122911798737
MGE interneuron,Human A29-A30,Human A46,17.85852644349088,0.001537520941661062,0.027457858394075076
MGE interneuron,Human A29-A30,Human A5-A7,25.326628542579652,0.001956524064021753,0.049552158204097266
MGE interneuron,Human A29-A30,Human ANC,27.253262301592382,0.0037960834705029773,0.10345565854035677
MGE interneuron,Human A29-A30,Human AON,35.47061756987356,0.0011478896724014635,0.04071635558215976
MGE interneuron,Human A29-A30,Human BL,25.43324276561639,0.0037628197777074173,0.09570070888969545
MGE interneuron,Human A29-A30,Human BM,24.918995386611392,0.002862231814193954,0.0713239413733115
MGE interneuron,Human A29-A30,Human BNST,38.167586046368804,0.002149606019791402,0.0820452727261807
MGE interneuron,Human A29-A30,Human CA1C-CA3C,51.72127044302547,0.0010772971492550069,0.05571917720411858
MGE interneuron,Human A29-A30,Human CA1R-CA2R,26.787172284959635,0.0029876882286085193,0.08003171931348227
MGE interneuron,Human A29-A30,Human CA1R-CA2R-CA3R,42.772945794980146,0.0016319007705912925,0.06980120320328768
MGE interneuron,Human A29-A30,Human CA1U,34.713482139533916,0.0028741799976331256,0.09977279601364314
MGE interneuron,Human A29-A30,Human CA1U-CA2U-CA3U,54.42742772979419,0.001531287101002538,0.08334401802338169
MGE interneuron,Human A29-A30,Human CA2U-CA3U,32.3639949472145,0.002879866517699462,0.0932039854274776
MGE interneuron,Human A29-A30,Human CA3R,36.52832692522624,0.004503262367817078,0.16449664000169065
MGE interneuron,Human A29-A30,Human CA4C-DGC,72.36274468140157,0.0014044292956190427,0.10162835854196142
MGE interneuron,Human A29-A30,Human CEN,41.7028696484699,0.002139987660816692,0.08924362646837253
MGE interneuron,Human A29-A30,Human CMN,34.414399362429826,0.0028726339102090317,0.09885997060799201
MGE interneuron,Human A29-A30,Human Cla,46.535477447072665,0.0010996567213384903,0.051173050555369186
MGE interneuron,Human A29-A30,Human CoA,28.50419700162193,0.00401380059327142,0.11441016283583554
MGE interneuron,Human A29-A30,Human DGR-CA4Rpy,42.25913076125437,0.0029396969950916466,0.12422903971404443
MGE interneuron,Human A29-A30,Human DGU-CA4Upy,68.22831529351797,0.0016535158208040874,0.11281659876464144
MGE interneuron,Human A29-A30,Human FI,25.05333915014643,0.0030918381770836294,0.07746087044784666
MGE interneuron,Human A29-A30,Human HTHso,26.69712234674509,0.00554108766932996,0.14793109544214253
MGE interneuron,Human A29-A30,Human ITG,18.960042821655172,0.0013141849306154531,0.024917002560042922
MGE interneuron,Human A29-A30,Human Idg,22.276465194393268,0.001294298022888803,0.02883238485805444
MGE interneuron,Human A29-A30,Human Ig,28.220629714722538,0.0010509847795026714,0.029659452298154202
MGE interneuron,Human A29-A30,Human LEC,38.83435405136099,0.00199769177695592,0.07757906975179867
MGE interneuron,Human A29-A30,Human LG,50.33519483694515,0.001906503553966083,0.09596422784621116
MGE interneuron,Human A29-A30,Human La,33.861067872209496,0.0032451180829654192,0.10988316366062642
MGE interneuron,Human A29-A30,Human M1C,16.30568784431974,0.0018599240112582086,0.030327340341731377
MGE interneuron,Human A29-A30,Human MEC,37.60736292794807,0.0023303295376879904,0.08763754866554968
MGE interneuron,Human A29-A30,Human MTG,18.040885956047735,0.0011943140700306524,0.021546483933126206
MGE interneuron,Human A29-A30,Human Pir,24.768885773597184,0.0022511538682447353,0.05575857302134529
MGE interneuron,Human A29-A30,Human Pro,13.112202505365918,0.001182824509955013,0.015509434502840334
MGE interneuron,Human A29-A30,Human Pu,44.41682587633782,0.00118726506649801,0.052734545727700755
MGE interneuron,Human A29-A30,Human Pul,47.70260878217561,0.0016170654660631967,0.07713824130277915
MGE interneuron,Human A29-A30,Human S1C,28.22457308529523,0.0014800835048486226,0.041774725054939864
MGE interneuron,Human A29-A30,Human SC,27.805960951270013,0.0021261476507681873,0.059119578553894686
MGE interneuron,Human A29-A30,Human SEP,39.164753438366915,0.0011456852613420804,0.04487048077843354
MGE interneuron,Human A29-A30,Human SI,31.708208410408098,0.002361704919335792,0.07488543178618534
MGE interneuron,Human A29-A30,Human STG,33.005493003849296,0.0005247581489759729,0.01731990141473938
MGE interneuron,Human A29-A30,Human Sub,45.999196982058876,0.001403844922964087,0.0645757391436883
MGE interneuron,Human A29-A30,Human TF,21.176548194147653,0.001672226229742908,0.03541197934566852
MGE interneuron,Human A29-A30,Human TH-TL,38.79477707777195,0.0010317704993994693,0.04002730651962384
MGE interneuron,Human A29-A30,Human V1C,20.288637201027907,0.0012043632353281276,0.024434888739828575
MGE interneuron,Human A29-A30,Human V2,11.28111678268431,0.001720590105775487,0.019410177918384418
MGE interneuron,Human A32,Human A35-A36,65.05001511100961,0.0003684078230281648,0.023964934454996274
MGE interneuron,Human A32,Human A38,147.20765037018407,0.00021798939602516582,0.0320897067944802
MGE interneuron,Human A32,Human A40,22.559341726601062,0.0006339146599415276,0.014300697439123027
MGE interneuron,Human A32,Human A43,42.18264531079831,0.00010482591577568777,0.004421834424545454
MGE interneuron,Human A32,Human A44-A45,56.60466209519236,0.00015751762758441318,0.008916232083452059
MGE interneuron,Human A32,Human A46,25.42551553994549,0.00029799689772270414,0.007576724753904161
MGE interneuron,Human A32,Human A5-A7,26.716202146956043,0.0004498752368857604,0.01201895776954971
MGE interneuron,Human A32,Human ANC,56.75994787065285,0.0017520135560026558,0.09944419810738787
MGE interneuron,Human A32,Human AON,169.34632267364782,0.0001290887387164414,0.0218607032002087
MGE interneuron,Human A32,Human BL,37.559287033054076,0.0013895433479982234,0.052190257452336214
MGE interneuron,Human A32,Human BM,49.553005845177054,0.0008118295014489358,0.04022859203058629
MGE interneuron,Human A32,Human BNST,70.77742137146357,0.0006862035437588188,0.04856771736320946
MGE interneuron,Human A32,Human CA1C-CA3C,78.18847407271204,0.0005088076495416545,0.03978289371418521
MGE interneuron,Human A32,Human CA1R-CA2R,42.32703206338025,0.0007971397377060917,0.03374055923688027
MGE interneuron,Human A32,Human CA1R-CA2R-CA3R,76.85192341902858,0.0005286548655790394,0.04062814324457718
MGE interneuron,Human A32,Human CA1U,65.45750244066994,0.0008102190606121939,0.053034916137499985
MGE interneuron,Human A32,Human CA1U-CA2U-CA3U,89.20449314614844,0.0005728187151849457,0.051098003152701035
MGE interneuron,Human A32,Human CA2U-CA3U,48.07797008944987,0.0010971166810141977,0.05274714297443711
MGE interneuron,Human A32,Human CA3R,65.24092539485025,0.0018436208816567917,0.12027953239655878
MGE interneuron,Human A32,Human CA4C-DGC,111.13302707838261,0.000680202943383534,0.07559301212583784
MGE interneuron,Human A32,Human CEN,85.83064361868348,0.0007291774377116915,0.06258576879101696
MGE interneuron,Human A32,Human CMN,73.16771730020284,0.0008703970527553615,0.06368496549493402
MGE interneuron,Human A32,Human Cla,158.44186635780247,0.00021728025640090765,0.03442628934686166
MGE interneuron,Human A32,Human CoA,59.7415791713226,0.001354174971460463,0.08090055126932877
MGE interneuron,Human A32,Human DGR-CA4Rpy,74.29402775841304,0.0012612202685752315,0.0937011336430014
MGE interneuron,Human A32,Human DGU-CA4Upy,102.91035051008843,0.000759573278908207,0.07816795237054075
MGE interneuron,Human A32,Human FI,43.977092019678295,0.000940389873843171,0.0413556120163748
MGE interneuron,Human A32,Human HTHso,47.519461293748606,0.002429517770399188,0.11544937565295862
MGE interneuron,Human A32,Human ITG,61.45802126338213,0.000187583369537591,0.011528502713698135
MGE interneuron,Human A32,Human Idg,79.1109244820804,8.990369146953886e-05,0.007112364146506945
MGE interneuron,Human A32,Human Ig,62.428434261719595,0.00014110731503960352,0.008809108740797645
MGE interneuron,Human A32,Human LEC,53.80751738952417,0.000423825766966775,0.022805012326193166
MGE interneuron,Human A32,Human LG,74.0356911586135,0.001752027199683283,0.129712544657242
MGE interneuron,Human A32,Human La,57.664869960100496,0.0012048042476823114,0.0694748802699772
MGE interneuron,Human A32,Human M1C,43.31468723511066,0.0007505593971040368,0.03251024553693457
MGE interneuron,Human A32,Human MEC,55.823051261965254,0.0006499905782481589,0.03628445736934141
MGE interneuron,Human A32,Human MTG,43.33000762885018,0.00026869245203675705,0.011642445996567144
MGE interneuron,Human A32,Human Pir,55.65006354619818,0.00046770511519827486,0.02602781938166594
MGE interneuron,Human A32,Human Pro,62.33528955607786,0.00019875030806558425,0.012389158002627871
MGE interneuron,Human A32,Human Pu,71.03674344859809,0.0005441854068308763,0.03865715913351593
MGE interneuron,Human A32,Human Pul,63.695297121053066,0.001875978975867385,0.11949103826072194
MGE interneuron,Human A32,Human S1C,46.72686530117165,0.0004909983793133207,0.02294281513326712
MGE interneuron,Human A32,Human SC,39.46049121414914,0.0010840482164553725,0.04277707512115127
MGE interneuron,Human A32,Human SEP,45.456650084425796,0.0005407593647121097,0.02458110922159476
MGE interneuron,Human A32,Human SI,54.8865512305684,0.000738866677446679,0.040553843744237004
MGE interneuron,Human A32,Human STG,51.87503535451826,0.0003546341178035635,0.01839665739897825
MGE interneuron,Human A32,Human Sub,82.69937930926115,0.0003445703389887192,0.028495753162748785
MGE interneuron,Human A32,Human TF,58.28539619325097,0.0003230395940787971,0.01882849072698966
MGE interneuron,Human A32,Human TH-TL,137.84710620957716,0.0001466371010701597,0.020213500045482807
MGE interneuron,Human A32,Human V1C,90.78994525382384,0.00048003733915862653,0.04358256374200297
MGE interneuron,Human A32,Human V2,39.05049026568208,0.000449250187979035,0.01754344009253115
MGE interneuron,Human A35-A36,Human A38,49.89305092141208,0.00018524953026267054,0.00924266424656309
MGE interneuron,Human A35-A36,Human A40,59.284335996890746,0.0003809809449428485,0.022586202348404767
MGE interneuron,Human A35-A36,Human A43,61.82714627611638,0.00037513546936263466,0.023193555537643188
MGE interneuron,Human A35-A36,Human A44-A45,62.40313721346197,0.00038334666634571874,0.02392203462029511
MGE interneuron,Human A35-A36,Human A46,80.18204857253201,0.00038669126714179847,0.031005697964537636
MGE interneuron,Human A35-A36,Human A5-A7,80.66612114697676,0.0003024221446905871,0.024395221361139436
MGE interneuron,Human A35-A36,Human ANC,76.09383141025215,0.001036201203195208,0.0788485196630366
MGE interneuron,Human A35-A36,Human AON,46.04881828096738,0.0004535441116344514,0.020885170379057637
MGE interneuron,Human A35-A36,Human BL,42.678534008273765,0.0005022188235266033,0.02143396313947538
MGE interneuron,Human A35-A36,Human BM,33.885706769556,0.0002459014180940234,0.00833254334775207
MGE interneuron,Human A35-A36,Human BNST,36.34443845606893,0.0004999939081687469,0.0181719978238484
MGE interneuron,Human A35-A36,Human CA1C-CA3C,60.17866528729261,0.0007630600354538758,0.045919934467688425
MGE interneuron,Human A35-A36,Human CA1R-CA2R,126.6608041280277,0.0002580262436043364,0.032681811501059616
MGE interneuron,Human A35-A36,Human CA1R-CA2R-CA3R,75.42591972003021,0.00041298598777570524,0.03114984795946772
MGE interneuron,Human A35-A36,Human CA1U,181.0739798160098,0.00026310414455798413,0.047641314561200944
MGE interneuron,Human A35-A36,Human CA1U-CA2U-CA3U,54.69278664826738,0.0006719835953683836,0.03675265541261864
MGE interneuron,Human A35-A36,Human CA2U-CA3U,83.35824759053183,0.0005257234159863156,0.043823382673927457
MGE interneuron,Human A35-A36,Human CA3R,112.66349712838836,0.0009164640441391451,0.10325204420514175
MGE interneuron,Human A35-A36,Human CA4C-DGC,94.24248145651475,0.0007448895879062873,0.0702002431754092
MGE interneuron,Human A35-A36,Human CEN,103.14672316775838,0.000368387777946916,0.03799799215027619
MGE interneuron,Human A35-A36,Human CMN,121.4692395220169,0.00028365272573140153,0.03445508088294058
MGE interneuron,Human A35-A36,Human Cla,62.6277272739379,0.0003894479253389836,0.024390238455530795
MGE interneuron,Human A35-A36,Human CoA,68.04660517648621,0.000546116585654286,0.03716137968434792
MGE interneuron,Human A35-A36,Human DGR-CA4Rpy,141.41948491753575,0.000653538232877235,0.0924230402674151
MGE interneuron,Human A35-A36,Human DGU-CA4Upy,69.4249001172846,0.0008075272263083648,0.056062497028446096
MGE interneuron,Human A35-A36,Human FI,47.975908534199284,0.0003284477385689172,0.015757578663846968
MGE interneuron,Human A35-A36,Human HTHso,41.858889315212586,0.0013639131653677378,0.05709189022468938
MGE interneuron,Human A35-A36,Human ITG,59.96723609096571,0.0002516983087317928,0.015093651903416196
MGE interneuron,Human A35-A36,Human Idg,31.74650433170183,0.00027279818213142505,0.00866038867071567
MGE interneuron,Human A35-A36,Human Ig,56.53345987424052,0.00046163709447378035,0.02609794215689444
MGE interneuron,Human A35-A36,Human LEC,75.99155781536174,0.00019072289957151932,0.014493330249502542
MGE interneuron,Human A35-A36,Human LG,84.52652228158311,0.0019516563805815933,0.1649667265392239
MGE interneuron,Human A35-A36,Human La,64.3438629209097,0.00043454570795264014,0.027960349465374335
MGE interneuron,Human A35-A36,Human M1C,87.39493783574892,0.0006048854470623022,0.0528639260437591
MGE interneuron,Human A35-A36,Human MEC,107.09630414993612,0.00027193673695879344,0.029123419490880115
MGE interneuron,Human A35-A36,Human MTG,51.806857581309885,0.00035973110728981946,0.018636538242930583
MGE interneuron,Human A35-A36,Human Pir,102.42598137024771,0.00012410697080854946,0.012711778279954363
MGE interneuron,Human A35-A36,Human Pro,76.64564004475048,0.0004257510549226977,0.03263196210427788
MGE interneuron,Human A35-A36,Human Pu,52.419006890910424,0.0007973238588797448,0.04179492485290463
MGE interneuron,Human A35-A36,Human Pul,60.16230912348704,0.0025171023764986034,0.15143469127037285
MGE interneuron,Human A35-A36,Human S1C,66.9382020046908,0.0005785737644885521,0.03872868752194909
MGE interneuron,Human A35-A36,Human SC,51.09482697553633,0.0009909137829796069,0.05063056828901717
MGE interneuron,Human A35-A36,Human SEP,40.97205203480176,0.0008413369527430024,0.03447130140658784
MGE interneuron,Human A35-A36,Human SI,48.73789361036211,0.0005059989339361424,0.024661322209136353
MGE interneuron,Human A35-A36,Human STG,45.477257685203504,0.0009538617681691922,0.0433790174270942
MGE interneuron,Human A35-A36,Human Sub,61.06190525849889,0.0004284152071649583,0.026159848791206856
MGE interneuron,Human A35-A36,Human TF,66.72358018394283,0.0002449091192448978,0.016341213255715754
MGE interneuron,Human A35-A36,Human TH-TL,41.17883082907265,0.0004207554793815504,0.01732621870585823
MGE interneuron,Human A35-A36,Human V1C,99.61928154865505,0.0007423939833432433,0.07395675524669808
MGE interneuron,Human A35-A36,Human V2,101.25768852774448,0.0004071873895062461,0.04123085385904884
MGE interneuron,Human A38,Human A40,44.860383240369195,0.0005110474138781734,0.02292578284057443
MGE interneuron,Human A38,Human A43,113.08731910756073,0.0002723429337754008,0.030798532258548034
MGE interneuron,Human A38,Human A44-A45,125.43392621527292,0.00021256995749457963,0.026663484363958802
MGE interneuron,Human A38,Human A46,100.88896601319799,0.000406853210208102,0.0410469996970457
MGE interneuron,Human A38,Human A5-A7,100.75211729025824,0.00035779839031305086,0.0360489453870861
MGE interneuron,Human A38,Human ANC,64.26532021310906,0.0013594363153122343,0.08736461011286983
MGE interneuron,Human A38,Human AON,35.62310910565198,0.00020844161355510087,0.007425338341831504
MGE interneuron,Human A38,Human BL,44.74908188052723,0.0009545891431518199,0.04271698772916312
MGE interneuron,Human A38,Human BM,36.03064865482591,0.0003810320543186336,0.013728832075381227
MGE interneuron,Human A38,Human BNST,50.629016464470695,0.0004003547000929423,0.020269564702633802
MGE interneuron,Human A38,Human CA1C-CA3C,68.75587290685003,0.0005119579051617695,0.035200112660959806
MGE interneuron,Human A38,Human CA1R-CA2R,50.73658527696143,0.0005882410690136865,0.029845343161423857
MGE interneuron,Human A38,Human CA1R-CA2R-CA3R,83.89814060455473,0.0004317386387754135,0.036222069020398706
MGE interneuron,Human A38,Human CA1U,96.61872744734305,0.00048102573010393136,0.04647609391207094
MGE interneuron,Human A38,Human CA1U-CA2U-CA3U,102.83056214933715,0.000460806061666927,0.047384946363032227
MGE interneuron,Human A38,Human CA2U-CA3U,52.08273443830263,0.0007786189428259092,0.040552603627833764
MGE interneuron,Human A38,Human CA3R,69.08724055664528,0.0015325291630127213,0.10587821094513414
MGE interneuron,Human A38,Human CA4C-DGC,106.36979073277337,0.0006914795105247823,0.07355253083052166
MGE interneuron,Human A38,Human CEN,102.12385889895171,0.00029912291332646955,0.030547586193995738
MGE interneuron,Human A38,Human CMN,107.85731662886555,0.0004624302297948509,0.04987648371374229
MGE interneuron,Human A38,Human Cla,60.70510136641069,0.00017168825208725328,0.010422352746378582
MGE interneuron,Human A38,Human CoA,28.05132042690092,0.0009030320994963814,0.025331242778750068
MGE interneuron,Human A38,Human DGR-CA4Rpy,111.09103063410498,0.0009451857511483799,0.1050016592357442
MGE interneuron,Human A38,Human DGU-CA4Upy,107.99847513948764,0.0006936432749580858,0.07491241598623362
MGE interneuron,Human A38,Human FI,45.53781697042394,0.0005387637292316206,0.02453412409205258
MGE interneuron,Human A38,Human HTHso,26.30821425155521,0.00187910056485834,0.049435780260511625
MGE interneuron,Human A38,Human ITG,95.85666830979613,0.00010926045168794651,0.010473342876829994
MGE interneuron,Human A38,Human Idg,89.8600695236254,0.00011906368786617709,0.010699071269393907
MGE interneuron,Human A38,Human Ig,103.74745392352789,0.00034634611951632607,0.03593252807611272
MGE interneuron,Human A38,Human LEC,97.31007080697859,0.0002610375216182549,0.02540157971195059
MGE interneuron,Human A38,Human LG,86.50061777859439,0.0016910026309679223,0.14627277224395374
MGE interneuron,Human A38,Human La,56.6492400308999,0.0006492548468086904,0.03677979365809064
MGE interneuron,Human A38,Human M1C,71.00219866031092,0.000549641986528443,0.03902578951954045
MGE interneuron,Human A38,Human MEC,127.8087006347102,0.00034746222744801614,0.04440869580977308
MGE interneuron,Human A38,Human MTG,45.7309008255463,0.00028457569131334003,0.013013902716811632
MGE interneuron,Human A38,Human Pir,76.77833564454184,0.0002491576503136577,0.019129909704187396
MGE interneuron,Human A38,Human Pro,81.23549420243269,0.0002688093467606105,0.021836860130331294
MGE interneuron,Human A38,Human Pu,55.974471791023355,0.0003959011419586788,0.0221603573026
MGE interneuron,Human A38,Human Pul,60.30570878622003,0.0020390930007029,0.12296894868840864
MGE interneuron,Human A38,Human S1C,83.97323359627052,0.0005779261364886133,0.04853032646074844
MGE interneuron,Human A38,Human SC,50.86172609725615,0.0008831224450444348,0.04491713191018919
MGE interneuron,Human A38,Human SEP,39.5892003024465,0.0006297303807891066,0.02493052218159585
MGE interneuron,Human A38,Human SI,37.99115230133191,0.00042289190048162807,0.01606615059819723
MGE interneuron,Human A38,Human STG,44.12011803049213,0.0005851604150350609,0.025817346578118648
MGE interneuron,Human A38,Human Sub,133.58288934880122,0.0002719564134863946,0.03632872349044988
MGE interneuron,Human A38,Human TF,42.71187723235773,0.0001793333716223362,0.0076596649523980095
MGE interneuron,Human A38,Human TH-TL,35.05874656573508,0.00013481534592260473,0.004726457045872505
MGE interneuron,Human A38,Human V1C,86.13987502248361,0.0006713198972271113,0.05782741204724991
MGE interneuron,Human A38,Human V2,86.80652801844745,0.00044165041820922726,0.03833813940263832
MGE interneuron,Human A40,Human A43,10.09377574778117,0.0005827682174066268,0.005882331699436673
MGE interneuron,Human A40,Human A44-A45,14.65919398855503,0.0005170192219380113,0.007579085070201094
MGE interneuron,Human A40,Human A46,33.780882302406475,0.0002984758625795416,0.010082777983908744
MGE interneuron,Human A40,Human A5-A7,29.356069871650345,0.00014574106428025848,0.004278384866179952
MGE interneuron,Human A40,Human ANC,68.02953023618136,0.0009552379431131549,0.06498438853376406
MGE interneuron,Human A40,Human AON,39.24295795861947,0.0008967210985017051,0.035189988369109484
MGE interneuron,Human A40,Human BL,83.82133940542222,0.0006000949005263165,0.05030075833247946
MGE interneuron,Human A40,Human BM,85.65425020977247,0.00027107046052740787,0.023218337050492845
MGE interneuron,Human A40,Human BNST,91.44023064630241,0.0006132658692752627,0.05607717253403516
MGE interneuron,Human A40,Human CA1C-CA3C,38.80671795794484,0.0013628144200155301,0.052886354826562856
MGE interneuron,Human A40,Human CA1R-CA2R,89.01153440592172,0.0004517698204702503,0.04021272491834477
MGE interneuron,Human A40,Human CA1R-CA2R-CA3R,68.05793483396064,0.0006586991581835977,0.04482970438284403
MGE interneuron,Human A40,Human CA1U,103.83362123689426,0.0007143469496777423,0.07417323060456946
MGE interneuron,Human A40,Human CA1U-CA2U-CA3U,54.27165766576102,0.0010092432773821387,0.054773305651554124
MGE interneuron,Human A40,Human CA2U-CA3U,95.24978861899302,0.0004885982860458445,0.04653888346546897
MGE interneuron,Human A40,Human CA3R,108.64397460376125,0.0010883790359205968,0.11824582433782348
MGE interneuron,Human A40,Human CA4C-DGC,61.83020452720004,0.0012364982583636728,0.07645294021215253
MGE interneuron,Human A40,Human CEN,87.45064255497604,0.0006924992845713403,0.060559507404624915
MGE interneuron,Human A40,Human CMN,154.98579807868106,0.0005215336317701542,0.08083030614477033
MGE interneuron,Human A40,Human Cla,35.4140623475553,0.0007983833417708479,0.02827399744272236
MGE interneuron,Human A40,Human CoA,72.00732756413467,0.000904201135955534,0.0651091073806128
MGE interneuron,Human A40,Human DGR-CA4Rpy,121.15617462675836,0.0009194062961939736,0.11139174977461819
MGE interneuron,Human A40,Human DGU-CA4Upy,52.310497225239295,0.0011713160210739476,0.06127212347026707
MGE interneuron,Human A40,Human FI,112.34223518118912,0.00022407533336004704,0.02517312379863776
MGE interneuron,Human A40,Human HTHso,61.86335779908297,0.0014993362032019444,0.09275397199980046
MGE interneuron,Human A40,Human ITG,30.650734163204078,0.00036222462728024226,0.011102450758132385
MGE interneuron,Human A40,Human Idg,34.9884326633636,0.0005427080975943832,0.01898850572854324
MGE interneuron,Human A40,Human Ig,12.174819796626416,0.0005985283128236202,0.007286974351806419
MGE interneuron,Human A40,Human LEC,119.69391726774717,0.00034368697814181066,0.04113724072770791
MGE interneuron,Human A40,Human LG,70.00504452329925,0.0021710902515014014,0.15198726972045656
MGE interneuron,Human A40,Human La,88.5827739715084,0.0005816795485929995,0.051526787976862706
MGE interneuron,Human A40,Human M1C,41.21881419220402,0.0005465773847598136,0.022529271664075562
MGE interneuron,Human A40,Human MEC,65.88219228103658,0.0004140679871769102,0.027279706748610986
MGE interneuron,Human A40,Human MTG,33.04237747694408,0.0004395736566246631,0.014524558691112719
MGE interneuron,Human A40,Human Pir,121.99895524374942,0.0003199502935468349,0.0390336015426448
MGE interneuron,Human A40,Human Pro,34.134160694113646,0.0004121219843060435,0.014067438037879472
MGE interneuron,Human A40,Human Pu,44.553784249396614,0.001149658855783781,0.05122165262099876
MGE interneuron,Human A40,Human Pul,49.02028449042513,0.002642138718954544,0.12951839166631915
MGE interneuron,Human A40,Human S1C,32.46298382105877,0.0003700913967910715,0.012014271026341596
MGE interneuron,Human A40,Human SC,36.502977799030035,0.0010332523885051485,0.03771678899839819
MGE interneuron,Human A40,Human SEP,47.14415126743889,0.0010332964167987647,0.04871388257766355
MGE interneuron,Human A40,Human SI,114.88219630370236,0.0004080885351211052,0.046882107201073143
MGE interneuron,Human A40,Human STG,22.60927269179272,0.0010273894046455732,0.02322852721029034
MGE interneuron,Human A40,Human Sub,39.13580519658544,0.0007830885743822358,0.030646801898694988
MGE interneuron,Human A40,Human TF,47.783078682780726,0.00021007034647643606,0.010037807894602553
MGE interneuron,Human A40,Human TH-TL,29.489182712627464,0.0008300018870025325,0.024476077297643256
MGE interneuron,Human A40,Human V1C,47.6312078714194,0.0006282427002449881,0.029923958649070853
MGE interneuron,Human A40,Human V2,20.609938788693583,0.0002724670154971824,0.005615528511334955
MGE interneuron,Human A43,Human A44-A45,33.484493144427,0.00011363169561242681,0.003804899732723921
MGE interneuron,Human A43,Human A46,20.48830828818758,0.00022725057038337697,0.004655979744681097
MGE interneuron,Human A43,Human A5-A7,37.01106248437896,0.0003481098575883551,0.012883915690630871
MGE interneuron,Human A43,Human ANC,52.274360265056885,0.0016819877866652453,0.08792483552156467
MGE interneuron,Human A43,Human AON,104.34413224046146,0.00020688462170260612,0.021587196325454576
MGE interneuron,Human A43,Human BL,40.797546945638906,0.0012743987839063213,0.051992344213883275
MGE interneuron,Human A43,Human BM,49.56759293440672,0.0007487633090313274,0.037114394906284216
MGE interneuron,Human A43,Human BNST,72.70414739273497,0.0007065861805751813,0.05137174581820762
MGE interneuron,Human A43,Human CA1C-CA3C,78.86288154110878,0.0004536284976822851,0.03577445047638919
MGE interneuron,Human A43,Human CA1R-CA2R,52.87995005045234,0.0007537001732235695,0.03985562751307963
MGE interneuron,Human A43,Human CA1R-CA2R-CA3R,103.75072130525844,0.0003549085407634486,0.03682201710160451
MGE interneuron,Human A43,Human CA1U,76.82495102567971,0.000843862711207182,0.06482971146088906
MGE interneuron,Human A43,Human CA1U-CA2U-CA3U,95.18479069549812,0.0005396254479918778,0.0513641353210713
MGE interneuron,Human A43,Human CA2U-CA3U,51.76149368917642,0.0009201420474056953,0.04762792677993577
MGE interneuron,Human A43,Human CA3R,65.06822926435653,0.0018076110721767054,0.11761805166518317
MGE interneuron,Human A43,Human CA4C-DGC,136.1395075372063,0.0005232078919397295,0.07122926474825461
MGE interneuron,Human A43,Human CEN,83.72586865231314,0.000710791710175983,0.05951165336534738
MGE interneuron,Human A43,Human CMN,76.21023579132296,0.0008546169951942732,0.06513056271502748
MGE interneuron,Human A43,Human Cla,139.34874387152698,0.00020636695203527975,0.02875697554271189
MGE interneuron,Human A43,Human CoA,58.07468544479609,0.001414478148051151,0.0821453735166083
MGE interneuron,Human A43,Human DGR-CA4Rpy,83.87883871600114,0.0011211926284665262,0.09404433565271314
MGE interneuron,Human A43,Human DGU-CA4Upy,105.45380603326966,0.000714845534038973,0.07538318229029492
MGE interneuron,Human A43,Human FI,46.120660128609536,0.000901271335779605,0.04156722896114909
MGE interneuron,Human A43,Human HTHso,47.4683431847153,0.002442856480372005,0.11595834976130408
MGE interneuron,Human A43,Human ITG,58.92810848154863,0.00015137955846995408,0.008920511043406387
MGE interneuron,Human A43,Human Idg,70.52538529842289,0.00011305903474830936,0.0079735319870923
MGE interneuron,Human A43,Human Ig,42.07150549739718,9.233533263198606e-05,0.003884686454430599
MGE interneuron,Human A43,Human LEC,93.66983047732867,0.00038797801124799687,0.03634183454253098
MGE interneuron,Human A43,Human LG,77.7358745553448,0.0016101126900710714,0.12516351809533355
MGE interneuron,Human A43,Human La,59.642497555959054,0.001136297473557672,0.0677716192895059
MGE interneuron,Human A43,Human M1C,32.80639691404159,0.0006908744818239149,0.022665102468498167
MGE interneuron,Human A43,Human MEC,66.51537673005414,0.0005761737037814278,0.038324410968972294
MGE interneuron,Human A43,Human MTG,41.194633080421504,0.00017418232723535223,0.0071753770595542445
MGE interneuron,Human A43,Human Pir,60.22732991406499,0.00046687899448162075,0.0281188752305915
MGE interneuron,Human A43,Human Pro,54.653987553832216,0.00013039091288398908,0.00712638332989436
MGE interneuron,Human A43,Human Pu,62.07692573709853,0.0005768677608890759,0.03581017715283748
MGE interneuron,Human A43,Human Pul,66.16013764182051,0.001695745290522856,0.11219074182646108
MGE interneuron,Human A43,Human S1C,58.30642360199699,0.000301811407880413,0.017597543795790455
MGE interneuron,Human A43,Human SC,34.517827752295105,0.0010524743536242465,0.036329128452109866
MGE interneuron,Human A43,Human SEP,71.3894890154709,0.0004620764133385363,0.03298739903433963
MGE interneuron,Human A43,Human SI,56.05091221876942,0.0007534383815362305,0.042230908585738955
MGE interneuron,Human A43,Human STG,50.47083772303821,0.00025927562960021463,0.013085858227090994
MGE interneuron,Human A43,Human Sub,87.87449678139618,0.0003891912626191433,0.03419998635437342
MGE interneuron,Human A43,Human TF,49.806180604052166,0.00032316084683682404,0.0160954075017133
MGE interneuron,Human A43,Human TH-TL,90.04802173440692,0.00020106420112286634,0.01810543355272303
MGE interneuron,Human A43,Human V1C,101.33430969191568,0.0003258096420740384,0.03301569517054281
MGE interneuron,Human A43,Human V2,37.92158099799805,0.0003536075287362847,0.013409356542474942
MGE interneuron,Human A44-A45,Human A46,36.35106418880483,0.0001875533132144244,0.006817762527480557
MGE interneuron,Human A44-A45,Human A5-A7,31.104274807154606,0.0002869616828297815,0.008925735041861064
MGE interneuron,Human A44-A45,Human ANC,49.64281665324568,0.001439327497370231,0.07145227105592533
MGE interneuron,Human A44-A45,Human AON,89.61241101416829,0.000240957814706784,0.02159281072858013
MGE interneuron,Human A44-A45,Human BL,48.11021592472377,0.001275068204680473,0.06134380664592743
MGE interneuron,Human A44-A45,Human BM,49.00408913601508,0.0006864635177857058,0.0336395194141932
MGE interneuron,Human A44-A45,Human BNST,69.49841959822811,0.0007158048293133372,0.049747304378056356
MGE interneuron,Human A44-A45,Human CA1C-CA3C,82.96687768098452,0.0005406052555802732,0.0448523301134259
MGE interneuron,Human A44-A45,Human CA1R-CA2R,56.063716854839946,0.0007280493741491038,0.04081715396863878
MGE interneuron,Human A44-A45,Human CA1R-CA2R-CA3R,93.41571879385835,0.00045737170475821233,0.042725706555960766
MGE interneuron,Human A44-A45,Human CA1U,84.1407413607008,0.0007938700019321406,0.06679681050659128
MGE interneuron,Human A44-A45,Human CA1U-CA2U-CA3U,89.30216313438706,0.0006427134622747078,0.05739570245672268
MGE interneuron,Human A44-A45,Human CA2U-CA3U,55.551708215620344,0.0008945223170091071,0.049692242746850565
MGE interneuron,Human A44-A45,Human CA3R,67.98593947419586,0.0018470610201728344,0.12557417872261678
MGE interneuron,Human A44-A45,Human CA4C-DGC,113.87637585223615,0.0006870615805115877,0.07824008277596897
MGE interneuron,Human A44-A45,Human CEN,81.86272852797364,0.0006971639303469273,0.057071741569485634
MGE interneuron,Human A44-A45,Human CMN,95.80723515213246,0.0008737874504682365,0.08371515973999263
MGE interneuron,Human A44-A45,Human Cla,117.2013979595629,0.00023139945670016865,0.02712033981234311
MGE interneuron,Human A44-A45,Human CoA,58.2495132320851,0.0012541845044342606,0.07305563688651956
MGE interneuron,Human A44-A45,Human DGR-CA4Rpy,92.15530039193263,0.0011533990053826017,0.10629183181278998
MGE interneuron,Human A44-A45,Human DGU-CA4Upy,103.01853445737999,0.0008411381785639205,0.08665282243180508
MGE interneuron,Human A44-A45,Human FI,43.56494055292165,0.0008114549380234678,0.03535098613636709
MGE interneuron,Human A44-A45,Human HTHso,46.171856936485035,0.0022883647185530927,0.10565804840353324
MGE interneuron,Human A44-A45,Human ITG,59.33124638861885,0.00014993046265601338,0.008895561221003547
MGE interneuron,Human A44-A45,Human Idg,114.75584998752127,0.00016687976338704584,0.019150429093196877
MGE interneuron,Human A44-A45,Human Ig,51.932107292039866,0.00010798419883590462,0.005607846999791165
MGE interneuron,Human A44-A45,Human LEC,120.52605710961797,0.0003972357472282254,0.04787725835641086
MGE interneuron,Human A44-A45,Human LG,84.51658567010699,0.0015461108999321738,0.1306720143296038
MGE interneuron,Human A44-A45,Human La,56.878952606939606,0.0010663237034949304,0.06065137539474447
MGE interneuron,Human A44-A45,Human M1C,37.76505741494698,0.0004937353639282516,0.018645944366540164
MGE interneuron,Human A44-A45,Human MEC,75.54360404347446,0.0005412566176972481,0.04088847561323114
MGE interneuron,Human A44-A45,Human MTG,58.563733518965066,0.0001545909236013116,0.0090534216542379
MGE interneuron,Human A44-A45,Human Pir,96.10360840899548,0.0004248657377820997,0.040831130490209866
MGE interneuron,Human A44-A45,Human Pro,86.58146336565838,0.00011856577892006018,0.01026559864398794
MGE interneuron,Human A44-A45,Human Pu,81.7603421164794,0.0005118179742745038,0.04184641267804688
MGE interneuron,Human A44-A45,Human Pul,65.53683018337998,0.00170749799524182,0.11190400615262491
MGE interneuron,Human A44-A45,Human S1C,35.62102145184456,0.00030744440876686165,0.010951483879934047
MGE interneuron,Human A44-A45,Human SC,35.93695865376615,0.0010655038674117735,0.03829096842860483
MGE interneuron,Human A44-A45,Human SEP,61.72990707383034,0.0006619807176150697,0.04086400818304578
MGE interneuron,Human A44-A45,Human SI,59.01869768190891,0.0007128651569986552,0.042072373188870166
MGE interneuron,Human A44-A45,Human STG,63.97409407187587,0.0002808610486077725,0.01796783114475934
MGE interneuron,Human A44-A45,Human Sub,88.87477632834488,0.0004684242737384868,0.041631102555275405
MGE interneuron,Human A44-A45,Human TF,48.27059451664896,0.00029974129442731636,0.01446869048319648
MGE interneuron,Human A44-A45,Human TH-TL,93.71098915652865,0.0001791623267787685,0.01678947886202362
MGE interneuron,Human A44-A45,Human V1C,96.85855729967695,0.00026878587446858,0.026034212023558732
MGE interneuron,Human A44-A45,Human V2,41.13013291161397,0.00027200455238066156,0.011187583391980675
MGE interneuron,Human A46,Human A5-A7,44.08849523020992,0.0001231219476776473,0.005428261402920109
MGE interneuron,Human A46,Human ANC,71.2947728309226,0.0012849729349975955,0.09161185349453743
MGE interneuron,Human A46,Human AON,62.00833942633913,0.0005603788145540519,0.034748159740197196
MGE interneuron,Human A46,Human BL,58.52778447291465,0.0009812684110333805,0.05743146607104111
MGE interneuron,Human A46,Human BM,81.17206359185371,0.0005690367395004016,0.0461898864048277
MGE interneuron,Human A46,Human BNST,86.94869010847843,0.0006865959310393152,0.059698616837679644
MGE interneuron,Human A46,Human CA1C-CA3C,46.961791204467985,0.0008944158628957373,0.04200337100327368
MGE interneuron,Human A46,Human CA1R-CA2R,58.529543396476804,0.0006098104688322711,0.03569192829914428
MGE interneuron,Human A46,Human CA1R-CA2R-CA3R,97.07154506315072,0.00040900602184126464,0.03970284648026433
MGE interneuron,Human A46,Human CA1U,71.87653229373794,0.0008181966404998695,0.05880913725351676
MGE interneuron,Human A46,Human CA1U-CA2U-CA3U,70.02663643591838,0.0007451026979461204,0.05217703573649488
MGE interneuron,Human A46,Human CA2U-CA3U,63.766488063580155,0.0006444975966505354,0.04109734830382246
MGE interneuron,Human A46,Human CA3R,82.49203819190322,0.0014578557601899822,0.12026149304787812
MGE interneuron,Human A46,Human CA4C-DGC,90.09371342634451,0.0008168122861276343,0.0735896520295004
MGE interneuron,Human A46,Human CEN,90.50554341573307,0.0007331128719189626,0.06635077885809443
MGE interneuron,Human A46,Human CMN,97.94223815172352,0.0007504907147376232,0.07350474031348948
MGE interneuron,Human A46,Human Cla,88.64907375902375,0.000467664714250506,0.04145804374808587
MGE interneuron,Human A46,Human CoA,73.80601259167813,0.0013039303824470276,0.09623790222555699
MGE interneuron,Human A46,Human DGR-CA4Rpy,105.18572413934729,0.0009742143684745254,0.10247344381494985
MGE interneuron,Human A46,Human DGU-CA4Upy,93.2210124593715,0.0008634152040150913,0.0804884394911016
MGE interneuron,Human A46,Human FI,74.73747314655903,0.0005558898290525145,0.04154580117125759
MGE interneuron,Human A46,Human HTHso,60.21378643464853,0.0022526163386020546,0.13563855913178405
MGE interneuron,Human A46,Human ITG,67.2123213724388,0.00023284988026497368,0.015650380983903305
MGE interneuron,Human A46,Human Idg,51.46493464416449,0.0002779401809571572,0.014304173247947347
MGE interneuron,Human A46,Human Ig,29.960848839001763,0.00015144058536558467,0.004537288486228225
MGE interneuron,Human A46,Human LEC,150.70442527413383,0.0002581821308260694,0.03890918964219402
MGE interneuron,Human A46,Human LG,77.34807742083473,0.0017668203441406662,0.1366601567672981
MGE interneuron,Human A46,Human La,83.8428781793437,0.0008561195553702244,0.07177952758785962
MGE interneuron,Human A46,Human M1C,50.07612762571682,0.0004232375681610345,0.021194098479229987
MGE interneuron,Human A46,Human MEC,79.17866518278318,0.00040117320496329927,0.03176435887609312
MGE interneuron,Human A46,Human MTG,125.89757419292404,0.00011484037128109984,0.01445812416370521
MGE interneuron,Human A46,Human Pir,101.75148229857079,0.00032303922075563405,0.032869719552461
MGE interneuron,Human A46,Human Pro,82.34652741237632,0.00014759791854233946,0.012154176045256444
MGE interneuron,Human A46,Human Pu,55.75909502137859,0.0008065745038517659,0.044973864402091904
MGE interneuron,Human A46,Human Pul,59.68975453385898,0.0019946314257465484,0.11905906018833265
MGE interneuron,Human A46,Human S1C,63.65150508858514,0.00013267123907820743,0.008444724049295416
MGE interneuron,Human A46,Human SC,34.27846148510287,0.0009196386428800402,0.03152379780017573
MGE interneuron,Human A46,Human SEP,46.34555040378132,0.0006203563723888182,0.028750757524852906
MGE interneuron,Human A46,Human SI,90.22644663625071,0.0005496615864017879,0.049594011793477825
MGE interneuron,Human A46,Human STG,50.05966395049487,0.0004877244048354895,0.02441531980651972
MGE interneuron,Human A46,Human Sub,61.94232173632155,0.0005783500985503504,0.03582434788063908
MGE interneuron,Human A46,Human TF,77.83530020202177,0.00026211397359774346,0.02040171982212517
MGE interneuron,Human A46,Human TH-TL,68.49510910845878,0.00044348278352429843,0.030376401645219826
MGE interneuron,Human A46,Human V1C,111.28174193396393,0.00023486344135859852,0.02613601287099023
MGE interneuron,Human A46,Human V2,73.47354504979965,0.00012579053438573401,0.0092422764950286
MGE interneuron,Human A5-A7,Human ANC,76.01502972620763,0.001020780572663384,0.07759466557494238
MGE interneuron,Human A5-A7,Human AON,53.59871510149867,0.0006986171079425501,0.037444979333645684
MGE interneuron,Human A5-A7,Human BL,78.1489555907235,0.0007017307638396918,0.05483952629995256
MGE interneuron,Human A5-A7,Human BM,113.2660630311386,0.000297398202793948,0.033685123583006654
MGE interneuron,Human A5-A7,Human BNST,105.33132396401393,0.0005422186408066953,0.05711260731413732
MGE interneuron,Human A5-A7,Human CA1C-CA3C,52.946003400876414,0.0010247332464001792,0.054255529948895015
MGE interneuron,Human A5-A7,Human CA1R-CA2R,99.73606416491774,0.0005036053649983218,0.050227616997269436
MGE interneuron,Human A5-A7,Human CA1R-CA2R-CA3R,109.56952376522429,0.00043682248147225065,0.047862431264858014
MGE interneuron,Human A5-A7,Human CA1U,114.13394666162662,0.0007146702376989353,0.08156813479018231
MGE interneuron,Human A5-A7,Human CA1U-CA2U-CA3U,76.27641900948723,0.0007386203513800942,0.056339315410802754
MGE interneuron,Human A5-A7,Human CA2U-CA3U,102.52666311498078,0.0004945860470359803,0.05070825702582799
MGE interneuron,Human A5-A7,Human CA3R,93.97038528944137,0.0012214164514627833,0.11477697454282001
MGE interneuron,Human A5-A7,Human CA4C-DGC,84.13040492763191,0.0009007084083657772,0.07577696311753568
MGE interneuron,Human A5-A7,Human CEN,113.85154569410498,0.000546817939516902,0.062256067627264905
MGE interneuron,Human A5-A7,Human CMN,152.7030243224505,0.0005575361297813202,0.08513745318664186
MGE interneuron,Human A5-A7,Human Cla,73.16916714260618,0.0005176090990006378,0.03787302667931146
MGE interneuron,Human A5-A7,Human CoA,81.13954585677878,0.0010710114893310104,0.08690138585171045
MGE interneuron,Human A5-A7,Human DGR-CA4Rpy,137.27730524221693,0.0008247221023159907,0.11321562777963512
MGE interneuron,Human A5-A7,Human DGU-CA4Upy,88.73065451436185,0.0009091449958697579,0.08066903053198042
MGE interneuron,Human A5-A7,Human FI,108.3711916323461,0.00031059992262521315,0.033660083735808845
MGE interneuron,Human A5-A7,Human HTHso,65.64779105030811,0.0018697003686177604,0.12274169912570279
MGE interneuron,Human A5-A7,Human ITG,65.930059000046,0.00022105577997670115,0.014574220616165093
MGE interneuron,Human A5-A7,Human Idg,71.65928000416349,0.00033819599948156046,0.024234881823137072
MGE interneuron,Human A5-A7,Human Ig,14.21757669919701,0.0003164036110419496,0.0044984926078918165
MGE interneuron,Human A5-A7,Human LEC,202.0366799905525,0.0002271186602121289,0.04588630007316091
MGE interneuron,Human A5-A7,Human LG,89.05022115706629,0.0017825253715849955,0.15873427855772562
MGE interneuron,Human A5-A7,Human La,113.53344472834029,0.0005589894492075019,0.0634639977353253
MGE interneuron,Human A5-A7,Human M1C,66.39514129806916,0.00032953631814364593,0.021879610405992844
MGE interneuron,Human A5-A7,Human MEC,142.8894162518114,0.0002566625217852885,0.0366743579116177
MGE interneuron,Human A5-A7,Human MTG,73.90521586644024,0.00019477845385921323,0.014395143678596624
MGE interneuron,Human A5-A7,Human Pir,169.28369497356474,0.0002710586832960621,0.04588581546302666
MGE interneuron,Human A5-A7,Human Pro,61.251767719926725,0.0001924867942314809,0.01179015640942
MGE interneuron,Human A5-A7,Human Pu,56.63900478336641,0.0008524817411182695,0.048283717412930194
MGE interneuron,Human A5-A7,Human Pul,65.19294052937093,0.002106184122878629,0.13730833626673172
MGE interneuron,Human A5-A7,Human S1C,33.807504171548736,0.00013604343593721327,0.0045992890279591605
MGE interneuron,Human A5-A7,Human SC,44.76151575541751,0.0008457003851112983,0.03785483111252204
MGE interneuron,Human A5-A7,Human SEP,67.08879750607113,0.0007164156044324652,0.04806346141595921
MGE interneuron,Human A5-A7,Human SI,115.08647132859497,0.0003905190639003432,0.044943461050836596
MGE interneuron,Human A5-A7,Human STG,48.228351020256255,0.0006792059624143323,0.032756983570369394
MGE interneuron,Human A5-A7,Human Sub,72.95649548967351,0.0005891047479352952,0.042979017885686616
MGE interneuron,Human A5-A7,Human TF,97.38386427129939,0.00017210483122727225,0.01676023352467157
MGE interneuron,Human A5-A7,Human TH-TL,54.25606758641095,0.0005306107533401085,0.02878885289529736
MGE interneuron,Human A5-A7,Human V1C,80.49053236607776,0.0003563709175960902,0.028684484877096926
MGE interneuron,Human A5-A7,Human V2,77.34732633373271,9.442157636955454e-05,0.0073032564804014
MGE interneuron,Human ANC,Human AON,43.39133653584285,0.0020036739810986503,0.08694209202196357
MGE interneuron,Human ANC,Human BL,87.50755834446322,0.000996559590287258,0.08720649649079659
MGE interneuron,Human ANC,Human BM,97.32232435797671,0.0009246591599085659,0.08998997868119571
MGE interneuron,Human ANC,Human BNST,73.30102833286529,0.001551537562527898,0.1137292988303622
MGE interneuron,Human ANC,Human CA1C-CA3C,42.21534377868335,0.0022430434444321635,0.0946908501172258
MGE interneuron,Human ANC,Human CA1R-CA2R,92.81574493731533,0.0008440702181465843,0.07834300607667748
MGE interneuron,Human ANC,Human CA1R-CA2R-CA3R,66.06548304679148,0.0015146267088082528,0.10006454515298921
MGE interneuron,Human ANC,Human CA1U,94.08921304856887,0.0010100955478891307,0.09503909520475132
MGE interneuron,Human ANC,Human CA1U-CA2U-CA3U,61.33691103429723,0.0019488429851660723,0.11953600880094561
MGE interneuron,Human ANC,Human CA2U-CA3U,79.89491878396139,0.0010479915291294775,0.08372919810607911
MGE interneuron,Human ANC,Human CA3R,113.2058896070329,0.001345599578521292,0.15232979734135138
MGE interneuron,Human ANC,Human CA4C-DGC,63.29836266080482,0.0020288350952329132,0.12842193963702142
MGE interneuron,Human ANC,Human CEN,94.80071050573443,0.0012864415033723895,0.12195556854376767
MGE interneuron,Human ANC,Human CMN,105.63238407056157,0.0011736295526016695,0.1239732876569809
MGE interneuron,Human ANC,Human Cla,53.71730630747106,0.0016759000172739083,0.09002483456859858
MGE interneuron,Human ANC,Human CoA,91.7511932914976,0.0010056210147707286,0.09226692810422109
MGE interneuron,Human ANC,Human DGR-CA4Rpy,101.79004039659459,0.0012769500498520914,0.12998079715887786
MGE interneuron,Human ANC,Human DGU-CA4Upy,70.53078385621771,0.0021482364990736487,0.15151680418820135
MGE interneuron,Human ANC,Human FI,116.90027630818946,0.0008740714299339085,0.10217919167236816
MGE interneuron,Human ANC,Human HTHso,61.92377232529678,0.0017174227165089931,0.10634929328339561
MGE interneuron,Human ANC,Human ITG,52.27720630921763,0.0013259938789951678,0.06931925557699015
MGE interneuron,Human ANC,Human Idg,53.69066241672042,0.0016679250407032045,0.08955200029679042
MGE interneuron,Human ANC,Human Ig,54.903709488523496,0.0016756394553636656,0.09199882186479444
MGE interneuron,Human ANC,Human LEC,81.73770920590914,0.0012280283760295507,0.10037622629650826
MGE interneuron,Human ANC,Human LG,38.66680585958508,0.00218925861818586,0.08465163796581615
MGE interneuron,Human ANC,Human La,128.31270079049855,0.000951680949264096,0.12211275289094158
MGE interneuron,Human ANC,Human M1C,53.171516730623445,0.0008430177268859186,0.04482453116932677
MGE interneuron,Human ANC,Human MEC,107.72573043713503,0.0009745622134297424,0.10498542629815008
MGE interneuron,Human ANC,Human MTG,50.61606284697124,0.0013944998283886654,0.0705840909538113
MGE interneuron,Human ANC,Human Pir,87.10034916732218,0.0010525222170586737,0.09167505261217454
MGE interneuron,Human ANC,Human Pro,48.93871984672434,0.001454222392931616,0.07116778228251344
MGE interneuron,Human ANC,Human Pu,47.81405395657876,0.0020051825664653493,0.0958759074257653
MGE interneuron,Human ANC,Human Pul,28.220604482542203,0.003159452801102033,0.08916166788116055
MGE interneuron,Human ANC,Human S1C,63.827780246729375,0.0013729829310744248,0.08763445280712877
MGE interneuron,Human ANC,Human SC,47.437538974422395,0.0017439954564806971,0.08273085243801864
MGE interneuron,Human ANC,Human SEP,42.67636365492869,0.002400209247073802,0.10243220267604417
MGE interneuron,Human ANC,Human SI,79.99500011275572,0.0015287077843935326,0.12228897938493118
MGE interneuron,Human ANC,Human STG,32.10040824881588,0.002333343374268502,0.0749012748986885
MGE interneuron,Human ANC,Human Sub,62.47527368283195,0.0017183224941651342,0.10735266809833316
MGE interneuron,Human ANC,Human TF,58.4120047725794,0.0011273437112149134,0.0658504062398229
MGE interneuron,Human ANC,Human TH-TL,43.20700975219766,0.001828335736595711,0.07899692000138238
MGE interneuron,Human ANC,Human V1C,44.74283399592264,0.0013822183800493986,0.06184436752466335
MGE interneuron,Human ANC,Human V2,64.29702704849419,0.0009675394560856173,0.06220991057842228
MGE interneuron,Human AON,Human BL,38.97261938992941,0.001617565400184128,0.06304076067969488
MGE interneuron,Human AON,Human BM,39.73985243820834,0.0009493732591962359,0.03772795322923933
MGE interneuron,Human AON,Human BNST,39.3452654838464,0.0007299150930053295,0.028718703114961122
MGE interneuron,Human AON,Human CA1C-CA3C,106.82387340591902,0.00044591964787802653,0.04763486401413429
MGE interneuron,Human AON,Human CA1R-CA2R,48.041384279066605,0.0009643891537000985,0.04633058992747026
MGE interneuron,Human AON,Human CA1R-CA2R-CA3R,59.2403772885918,0.0006110792321426402,0.03620056426535298
MGE interneuron,Human AON,Human CA1U,62.9091451482064,0.0008631492450782335,0.05429998114319137
MGE interneuron,Human AON,Human CA1U-CA2U-CA3U,65.8089292528247,0.0007040296155865064,0.04633143516402577
MGE interneuron,Human AON,Human CA2U-CA3U,55.65646724884904,0.001265601143823773,0.07043888861133371
MGE interneuron,Human AON,Human CA3R,59.58830681232492,0.00216465912476365,0.1289883720705151
MGE interneuron,Human AON,Human CA4C-DGC,96.33759054626526,0.0007351745751369711,0.07082494719957005
MGE interneuron,Human AON,Human CEN,56.661326494649494,0.0007528312638732673,0.04265641803770283
MGE interneuron,Human AON,Human CMN,62.98245722220179,0.0009330645248717315,0.058766696523287865
MGE interneuron,Human AON,Human Cla,48.49868220767183,0.00020157517843487403,0.009776130519867698
MGE interneuron,Human AON,Human CoA,19.094106894338687,0.0013393875680631846,0.02557440939754678
MGE interneuron,Human AON,Human DGR-CA4Rpy,73.34316824690818,0.0014423722702049664,0.10578815208831775
MGE interneuron,Human AON,Human DGU-CA4Upy,80.31392517489424,0.0009276833040369088,0.07450588746641895
MGE interneuron,Human AON,Human FI,43.70619156326553,0.0010989333334068796,0.048030190785139024
MGE interneuron,Human AON,Human HTHso,18.050427554821674,0.002395483912451945,0.04323950882045462
MGE interneuron,Human AON,Human ITG,52.793861918945694,0.0002606988921688353,0.013763301315583603
MGE interneuron,Human AON,Human Idg,67.87640232241914,0.00015642579824775134,0.010617620415469937
MGE interneuron,Human AON,Human Ig,99.22244296746895,0.00029395533069557416,0.029166966034925083
MGE interneuron,Human AON,Human LEC,52.437537417941755,0.0005580248407009057,0.029261448464394726
MGE interneuron,Human AON,Human LG,70.96153441794975,0.0018968896621246515,0.13460620104591153
MGE interneuron,Human AON,Human La,41.898655870081164,0.0013537125516582104,0.05671873634893683
MGE interneuron,Human AON,Human M1C,61.129481260659695,0.0010020231326929975,0.06125315431270412
MGE interneuron,Human AON,Human MEC,55.135636659225824,0.0008614648656660468,0.04749741382805194
MGE interneuron,Human AON,Human MTG,22.67940623626757,0.00039655593450584666,0.008993653134060814
MGE interneuron,Human AON,Human Pir,47.570870906812296,0.0005437342865463456,0.025865913552903894
MGE interneuron,Human AON,Human Pro,49.68631312071871,0.00034641618366358553,0.017212142971593312
MGE interneuron,Human AON,Human Pu,46.61812474637374,0.0004679980974090783,0.02181719368608198
MGE interneuron,Human AON,Human Pul,49.60840798820504,0.002063211796281842,0.10235265255602699
MGE interneuron,Human AON,Human S1C,61.657044243074495,0.0007628232944878297,0.04703342961788396
MGE interneuron,Human AON,Human SC,36.78658082556323,0.0012512223192674373,0.04602819097848026
MGE interneuron,Human AON,Human SEP,41.78282674169038,0.0005722674041467853,0.023910949797382036
MGE interneuron,Human AON,Human SI,38.93597184391422,0.0008694211485560433,0.03385175736068166
MGE interneuron,Human AON,Human STG,52.42629679898599,0.00041706186793006206,0.02186500927164093
MGE interneuron,Human AON,Human Sub,78.6355199848141,0.00044820035137175466,0.03524446768749431
MGE interneuron,Human AON,Human TF,40.5485944233979,0.0004519444222285253,0.018325711078861367
MGE interneuron,Human AON,Human TH-TL,44.40613719050399,0.00012693195367417047,0.005636557748713911
MGE interneuron,Human AON,Human V1C,96.23673638223634,0.000731004927900273,0.07034952854045426
MGE interneuron,Human AON,Human V2,66.13066679196095,0.0007296607691968254,0.04825295319892118
MGE interneuron,Human BL,Human BM,50.439591797971374,0.00032790155730042945,0.016539220700152783
MGE interneuron,Human BL,Human BNST,39.231814152016284,0.0009516855144152396,0.037336349232704694
MGE interneuron,Human BL,Human CA1C-CA3C,39.090702567528,0.001700505291168748,0.06647394655158512
MGE interneuron,Human BL,Human CA1R-CA2R,103.6973543908988,0.00037604006691876373,0.03899436008445234
MGE interneuron,Human BL,Human CA1R-CA2R-CA3R,45.35851548281184,0.0008438738603807369,0.03827686556161985
MGE interneuron,Human BL,Human CA1U,88.62911949749491,0.0004989797667222971,0.0442241373716626
MGE interneuron,Human BL,Human CA1U-CA2U-CA3U,37.06799824938679,0.0011734431178961936,0.043497187439931084
MGE interneuron,Human BL,Human CA2U-CA3U,87.8933053033541,0.0004766436183852468,0.04189378307162989
MGE interneuron,Human BL,Human CA3R,140.26553907245133,0.00054764669057367,0.07681595827455978
MGE interneuron,Human BL,Human CA4C-DGC,46.00378280208884,0.0013769631329973988,0.0633455128968961
MGE interneuron,Human BL,Human CEN,64.57874402776403,0.0007073982991379596,0.04568289368570594
MGE interneuron,Human BL,Human CMN,56.96130783848281,0.00028327443498986355,0.016135682294229903
MGE interneuron,Human BL,Human Cla,46.144705845859555,0.0012516348982192188,0.05775632420473821
MGE interneuron,Human BL,Human CoA,69.21457682123784,0.0007209796759373767,0.04990230316671872
MGE interneuron,Human BL,Human DGR-CA4Rpy,160.902422042907,0.0005882876831655188,0.09465691307934226
MGE interneuron,Human BL,Human DGU-CA4Upy,50.441677744715825,0.0012441756924176453,0.06275830933473954
MGE interneuron,Human BL,Human FI,87.10176812452617,0.00036652137431669425,0.031924659758415366
MGE interneuron,Human BL,Human HTHso,60.378533747849275,0.0011830061445331783,0.07142817642160956
MGE interneuron,Human BL,Human ITG,52.7377839521125,0.0009551119616361694,0.05037048828284666
MGE interneuron,Human BL,Human Idg,34.3174085911401,0.001108256144907289,0.03803247894842521
MGE interneuron,Human BL,Human Ig,39.420622782748474,0.001363121593897758,0.05373510216006237
MGE interneuron,Human BL,Human LEC,35.35982045260492,0.0005494078178042532,0.019426961792815868
MGE interneuron,Human BL,Human LG,75.23946107705862,0.00258418697302382,0.19443283517266763
MGE interneuron,Human BL,Human La,95.03775165211812,0.0002715007490294763,0.025802820759627417
MGE interneuron,Human BL,Human M1C,72.27267699751921,0.001088078497243131,0.0786383457791989
MGE interneuron,Human BL,Human MEC,80.97921497698714,0.0004507203291086962,0.0364989784253915
MGE interneuron,Human BL,Human MTG,53.714614260694724,0.001082350276661225,0.05813802760581391
MGE interneuron,Human BL,Human Pir,37.685561928677,0.00046605950990682803,0.017563714523042617
MGE interneuron,Human BL,Human Pro,57.92418310218903,0.0011910701532152524,0.06899176564239262
MGE interneuron,Human BL,Human Pu,42.287242363275524,0.001787888802927177,0.07560488712796809
MGE interneuron,Human BL,Human Pul,54.44231248934779,0.003419576892789194,0.18616967377858223
MGE interneuron,Human BL,Human S1C,60.1375473430425,0.001053003477668321,0.06332504649066704
MGE interneuron,Human BL,Human SC,46.240303332988304,0.001515545511625275,0.07007928417250167
MGE interneuron,Human BL,Human SEP,38.395638549656574,0.0016849873769686978,0.06469616628682405
MGE interneuron,Human BL,Human SI,50.91926959066152,0.0007762265680171109,0.03952488988029723
MGE interneuron,Human BL,Human STG,47.2446629346926,0.0020623364020187643,0.09743438817132322
MGE interneuron,Human BL,Human Sub,34.55060982247954,0.001012899846959219,0.03499630740153721
MGE interneuron,Human BL,Human TF,60.18290893308746,0.0007694855768403677,0.04630988039630812
MGE interneuron,Human BL,Human TH-TL,40.3910952838955,0.001483264356265826,0.0599106719451389
MGE interneuron,Human BL,Human V1C,76.9654966959481,0.0014947515009591742,0.1150442917083368
MGE interneuron,Human BL,Human V2,83.93463784326153,0.0009017620581574484,0.07568907177223957
MGE interneuron,Human BM,Human BNST,34.4370201376879,0.0004736702834289282,0.016311793089066336
MGE interneuron,Human BM,Human CA1C-CA3C,35.97865310131187,0.0011689234582887684,0.042056291607757396
MGE interneuron,Human BM,Human CA1R-CA2R,73.73097306086719,0.0003327110312209985,0.024531108080008784
MGE interneuron,Human BM,Human CA1R-CA2R-CA3R,59.535949905289556,0.0005340435399707302,0.031794789442940896
MGE interneuron,Human BM,Human CA1U,98.80022441323615,0.00039040664442666073,0.03857226408177257
MGE interneuron,Human BM,Human CA1U-CA2U-CA3U,50.273484949561244,0.0007637495123375283,0.03839634961373547
MGE interneuron,Human BM,Human CA2U-CA3U,80.8997137373959,0.00036717691394081033,0.029704507228792004
MGE interneuron,Human BM,Human CA3R,105.78692172457764,0.0008742707644070684,0.0924864129204172
MGE interneuron,Human BM,Human CA4C-DGC,63.21469483907529,0.0010552677292875188,0.06670842748043442
MGE interneuron,Human BM,Human CEN,87.04685737408622,0.00032582514652016207,0.028362055058031292
MGE interneuron,Human BM,Human CMN,147.28467473418658,0.00020552670567021165,0.03027093399382602
MGE interneuron,Human BM,Human Cla,38.04645245076167,0.0007198971634638437,0.02738953319916533
MGE interneuron,Human BM,Human CoA,56.67853952883273,0.0006931556496528444,0.03928704988848247
MGE interneuron,Human BM,Human DGR-CA4Rpy,149.8156250102411,0.000636874486065375,0.09541374918296022
MGE interneuron,Human BM,Human DGU-CA4Upy,67.94528658812483,0.0009528206825549588,0.0647396743432894
MGE interneuron,Human BM,Human FI,119.1177681271534,0.0001388249995813217,0.016536524110380046
MGE interneuron,Human BM,Human HTHso,49.694699066329534,0.0013820964211934974,0.06868286573186189
MGE interneuron,Human BM,Human ITG,42.75270282833453,0.00041425288064129463,0.017710430301838803
MGE interneuron,Human BM,Human Idg,31.16660429091083,0.0005680254483459296,0.017703424375764797
MGE interneuron,Human BM,Human Ig,49.133933028728805,0.0008339750918438134,0.04097647631028188
MGE interneuron,Human BM,Human LEC,67.87559278331972,0.00024381011446130595,0.01654875604563017
MGE interneuron,Human BM,Human LG,78.55722794031753,0.00213134205854712,0.1674323239120717
MGE interneuron,Human BM,Human La,97.74893035956781,0.00021845110696644692,0.021353362041833718
MGE interneuron,Human BM,Human M1C,96.92630708993354,0.0005760643230387546,0.05583578747840901
MGE interneuron,Human BM,Human MEC,157.87851441954606,0.00019468522025026258,0.03073661335255358
MGE interneuron,Human BM,Human MTG,40.24750865302228,0.0005738151338082285,0.023094629563181812
MGE interneuron,Human BM,Human Pir,64.58982169247204,0.00023191156397553534,0.01497912656560215
MGE interneuron,Human BM,Human Pro,52.625230556263304,0.0006062054835705725,0.03190170333737247
MGE interneuron,Human BM,Human Pu,42.16224966143986,0.0010403290715873537,0.04386261404631994
MGE interneuron,Human BM,Human Pul,48.03372557950342,0.0026941478059234842,0.12940995638034988
MGE interneuron,Human BM,Human S1C,76.26463922578341,0.0006444521576377978,0.049148911300524345
MGE interneuron,Human BM,Human SC,45.70477690361031,0.0009765005661613985,0.04463074052265588
MGE interneuron,Human BM,Human SEP,25.108113880928645,0.0010978377140127451,0.027564634346210377
MGE interneuron,Human BM,Human SI,53.784261212029506,0.00030037473892826044,0.016155433420012726
MGE interneuron,Human BM,Human STG,43.30208801524915,0.0013135873628013972,0.05688107559974512
MGE interneuron,Human BM,Human Sub,50.17424592987746,0.0006031642388130327,0.030263310854312442
MGE interneuron,Human BM,Human TF,51.91041629841652,0.0002890979023912417,0.01500719246412834
MGE interneuron,Human BM,Human TH-TL,30.78618176676718,0.0008055729833703366,0.024800516292436098
MGE interneuron,Human BM,Human V1C,84.24401268760501,0.0009831369622667835,0.08282340272285636
MGE interneuron,Human BM,Human V2,86.88888672158942,0.0004814989287642826,0.0418369058779664
MGE interneuron,Human BNST,Human CA1C-CA3C,53.389017077734,0.0010299871482800733,0.054990001449371384
MGE interneuron,Human BNST,Human CA1R-CA2R,43.803228497735915,0.000818118955574346,0.03583625154935214
MGE interneuron,Human BNST,Human CA1R-CA2R-CA3R,58.64066974398748,0.0006694908982885872,0.039259394663146555
MGE interneuron,Human BNST,Human CA1U,56.19672203641614,0.0007935035365371685,0.04459229767769244
MGE interneuron,Human BNST,Human CA1U-CA2U-CA3U,59.29397457247886,0.0007052741453002494,0.04181850723805974
MGE interneuron,Human BNST,Human CA2U-CA3U,51.282641089220334,0.0008793575605020125,0.04509577816431706
MGE interneuron,Human BNST,Human CA3R,64.15930448572794,0.0015913457521648366,0.10209963665521352
MGE interneuron,Human BNST,Human CA4C-DGC,73.36736937447938,0.0010816815774890034,0.07936013184120524
MGE interneuron,Human BNST,Human CEN,41.45251426973221,0.00035965288174737294,0.014908516212783288
MGE interneuron,Human BNST,Human CMN,48.464698629485795,0.0004952149601052972,0.024000443798316062
MGE interneuron,Human BNST,Human Cla,45.76046083737178,0.0005498004405698514,0.025159121529066436
MGE interneuron,Human BNST,Human CoA,30.841998353176656,0.0012224255266683863,0.03770204608038748
MGE interneuron,Human BNST,Human DGR-CA4Rpy,105.9263677706485,0.0010920214015771442,0.1156738605968796
MGE interneuron,Human BNST,Human DGU-CA4Upy,74.80422624883786,0.0009760023408514939,0.07300909992445051
MGE interneuron,Human BNST,Human FI,45.118728243921055,0.0005594412479544392,0.0252412776348964
MGE interneuron,Human BNST,Human HTHso,31.684195675722044,0.0020750063238532384,0.06574490639332667
MGE interneuron,Human BNST,Human ITG,70.33357915097137,0.0004154128529220097,0.029217472771321
MGE interneuron,Human BNST,Human Idg,51.41252690288227,0.00048148716087082573,0.02475447161166373
MGE interneuron,Human BNST,Human Ig,73.80270656328825,0.0007601311573050614,0.056099736752198155
MGE interneuron,Human BNST,Human LEC,51.93120868088773,0.00039914919014877147,0.020728299888423188
MGE interneuron,Human BNST,Human LG,88.06115242442064,0.0020328409955754035,0.17901432076597662
MGE interneuron,Human BNST,Human La,35.19455302364486,0.0006045033847259119,0.02127522642670889
MGE interneuron,Human BNST,Human M1C,96.28406158382089,0.0008309495218646169,0.0800071949362593
MGE interneuron,Human BNST,Human MEC,86.42255227008062,0.0004942892791378772,0.04271774106283366
MGE interneuron,Human BNST,Human MTG,55.515280357039046,0.0005878235827893583,0.03263319099903038
MGE interneuron,Human BNST,Human Pir,34.918444723850094,0.00042409014515797805,0.014808568291628419
MGE interneuron,Human BNST,Human Pro,76.92864427753265,0.0005915034728688512,0.04550356025325304
MGE interneuron,Human BNST,Human Pu,45.16811600222624,0.0008339321880297324,0.0376671458069173
MGE interneuron,Human BNST,Human Pul,56.91019221165118,0.0024966389268081413,0.14208420120774184
MGE interneuron,Human BNST,Human S1C,87.88202136436435,0.0007544587387936558,0.06630335900119544
MGE interneuron,Human BNST,Human SC,57.06644749474641,0.0009073902795806466,0.05178153974693224
MGE interneuron,Human BNST,Human SEP,32.97147582369431,0.0006840327174805101,0.02255356820702456
MGE interneuron,Human BNST,Human SI,27.661952886134024,0.00037093672879477755,0.01026083431565781
MGE interneuron,Human BNST,Human STG,61.874204643033586,0.0010277070800143125,0.06358855818190007
MGE interneuron,Human BNST,Human Sub,65.33811878273782,0.0005397012444345726,0.03526306401605753
MGE interneuron,Human BNST,Human TF,90.95457851637737,0.00036852384658962603,0.03351893113979355
MGE interneuron,Human BNST,Human TH-TL,50.516881901953354,0.0006253347653067363,0.031589962488186116
MGE interneuron,Human BNST,Human V1C,111.07295964143715,0.0010429695179788438,0.11584571117771328
MGE interneuron,Human BNST,Human V2,93.64149504447307,0.0006957416479881494,0.06515028808231582
MGE interneuron,Human CA1C-CA3C,Human CA1R-CA2R,26.659324014697876,0.001118652713718875,0.029822525154952553
MGE interneuron,Human CA1C-CA3C,Human CA1R-CA2R-CA3R,23.170465557578325,0.00041466608628070155,0.009608006270062797
MGE interneuron,Human CA1C-CA3C,Human CA1U,44.50243750553749,0.000902363433038961,0.04015737228609863
MGE interneuron,Human CA1C-CA3C,Human CA1U-CA2U-CA3U,53.680070886605776,0.000358827247061058,0.019261872058283197
MGE interneuron,Human CA1C-CA3C,Human CA2U-CA3U,19.97622060245558,0.0011835374228457117,0.02364260465002769
MGE interneuron,Human CA1C-CA3C,Human CA3R,34.80947230252049,0.0021716565573767638,0.07559421878459346
MGE interneuron,Human CA1C-CA3C,Human CA4C-DGC,111.9012036671691,0.0002268685134666985,0.025386859731104924
MGE interneuron,Human CA1C-CA3C,Human CEN,70.40607437420304,0.000788338814797229,0.05550384122668478
MGE interneuron,Human CA1C-CA3C,Human CMN,63.530948574769795,0.0010790782434758714,0.0685548643944185
MGE interneuron,Human CA1C-CA3C,Human Cla,125.82813167986478,0.0002890563775032538,0.03637142393138412
MGE interneuron,Human CA1C-CA3C,Human CoA,39.881828119734855,0.001922845454761044,0.07668659192759336
MGE interneuron,Human CA1C-CA3C,Human DGR-CA4Rpy,75.42468342532464,0.0011045493048315088,0.08331028164457896
MGE interneuron,Human CA1C-CA3C,Human DGU-CA4Upy,72.30771472582019,0.00044662285283764017,0.032294277833016055
MGE interneuron,Human CA1C-CA3C,Human FI,34.99028924749117,0.0015496728674946505,0.05422350187262688
MGE interneuron,Human CA1C-CA3C,Human HTHso,32.32752588186283,0.003209450312474574,0.10375358804307454
MGE interneuron,Human CA1C-CA3C,Human ITG,78.42249631178656,0.0005149352453773102,0.04038250738141101
MGE interneuron,Human CA1C-CA3C,Human Idg,87.27084821733393,0.0004444663257435036,0.0387889532516774
MGE interneuron,Human CA1C-CA3C,Human Ig,69.33429169112678,0.0005759963037149658,0.039936295734784286
MGE interneuron,Human CA1C-CA3C,Human LEC,59.117628405120385,0.0007489214150603934,0.04427445792017727
MGE interneuron,Human CA1C-CA3C,Human LG,127.76022526290505,0.001424927729925201,0.18204908775860362
MGE interneuron,Human CA1C-CA3C,Human La,43.333703849293066,0.0014595388167537428,0.06324722284175431
MGE interneuron,Human CA1C-CA3C,Human M1C,55.02447731621423,0.00110098897874288,0.06058134308623947
MGE interneuron,Human CA1C-CA3C,Human MEC,43.718284968688494,0.0009132853784417879,0.0399272704324546
MGE interneuron,Human CA1C-CA3C,Human MTG,65.74288369807965,0.0006219405297391559,0.040888163913763376
MGE interneuron,Human CA1C-CA3C,Human Pir,59.751878492961595,0.0008879068373537717,0.053054101458632374
MGE interneuron,Human CA1C-CA3C,Human Pro,78.8597549010828,0.0006105750194147649,0.04814979637977222
MGE interneuron,Human CA1C-CA3C,Human Pu,79.3063669943136,0.0005534915429904032,0.04389540343664582
MGE interneuron,Human CA1C-CA3C,Human Pul,104.88856509778087,0.001556534181238859,0.16326263679579311
MGE interneuron,Human CA1C-CA3C,Human S1C,44.47367859735969,0.0009382120737145027,0.04172574222254113
MGE interneuron,Human CA1C-CA3C,Human SC,49.862464354603866,0.0013671027423682396,0.06816711176041754
MGE interneuron,Human CA1C-CA3C,Human SEP,61.70045486657054,0.0007797600741512585,0.04811155126192342
MGE interneuron,Human CA1C-CA3C,Human SI,43.973702885438065,0.0012065317371383593,0.05305566813077367
MGE interneuron,Human CA1C-CA3C,Human STG,105.45716386710471,0.0005445334332548327,0.05742495150187201
MGE interneuron,Human CA1C-CA3C,Human Sub,82.86341662015802,0.0003843110635081014,0.03184532776720782
MGE interneuron,Human CA1C-CA3C,Human TF,54.47071567651177,0.0007881423922374248,0.042930680160170584
MGE interneuron,Human CA1C-CA3C,Human TH-TL,117.42727870451166,0.0003637729315674781,0.0427168654203315
MGE interneuron,Human CA1C-CA3C,Human V1C,101.50506034647877,0.0008932689767907421,0.09067132139478162
MGE interneuron,Human CA1C-CA3C,Human V2,64.4763210246812,0.0010095826366554777,0.06509417418194265
MGE interneuron,Human CA1R-CA2R,Human CA1R-CA2R-CA3R,35.19918128928394,0.0005617254844133094,0.01977227716067492
MGE interneuron,Human CA1R-CA2R,Human CA1U,75.05148944020165,0.0001666919349846026,0.012510477998263683
MGE interneuron,Human CA1R-CA2R,Human CA1U-CA2U-CA3U,35.00620274122482,0.0009600863046485642,0.03360897582960097
MGE interneuron,Human CA1R-CA2R,Human CA2U-CA3U,43.08449359157417,0.00036551233243463626,0.015747913744421416
MGE interneuron,Human CA1R-CA2R,Human CA3R,157.55628600403153,0.0006075067888413783,0.095716513372083
MGE interneuron,Human CA1R-CA2R,Human CA4C-DGC,68.46776145079633,0.0009963878709930189,0.06822044706361685
MGE interneuron,Human CA1R-CA2R,Human CEN,61.01293088001919,0.0006663839467592477,0.04065803768317637
MGE interneuron,Human CA1R-CA2R,Human CMN,149.20022188467695,0.00035968957425309154,0.05366576428816624
MGE interneuron,Human CA1R-CA2R,Human Cla,44.619665632814865,0.0008464894542120514,0.03777007640864568
MGE interneuron,Human CA1R-CA2R,Human CoA,86.6868227745022,0.0005576692593342674,0.048342576250697544
MGE interneuron,Human CA1R-CA2R,Human DGR-CA4Rpy,162.7281211862317,0.0006234748709712293,0.10145689435997637
MGE interneuron,Human CA1R-CA2R,Human DGU-CA4Upy,48.60325409367228,0.0010853122363020965,0.052749706391962484
MGE interneuron,Human CA1R-CA2R,Human FI,75.06836561840228,0.00038915163827535994,0.029212977463054953
MGE interneuron,Human CA1R-CA2R,Human HTHso,55.22399311166266,0.001340350208279518,0.07401949066924371
MGE interneuron,Human CA1R-CA2R,Human ITG,57.978223452669496,0.0006161769944297449,0.03572484746944204
MGE interneuron,Human CA1R-CA2R,Human Idg,51.55134395882114,0.0007011175962674817,0.03614355436076684
MGE interneuron,Human CA1R-CA2R,Human Ig,52.313922764458646,0.000813544365000432,0.04255969707609315
MGE interneuron,Human CA1R-CA2R,Human LEC,79.94084996281698,0.00035124718125694045,0.02807899821672346
MGE interneuron,Human CA1R-CA2R,Human LG,78.52625289577594,0.0021505143941312824,0.16887183716955945
MGE interneuron,Human CA1R-CA2R,Human La,86.3704056665254,0.0004978423292779883,0.04299884393770777
MGE interneuron,Human CA1R-CA2R,Human M1C,63.214625031274664,0.0007344470587469509,0.046427795424011056
MGE interneuron,Human CA1R-CA2R,Human MEC,58.78788555081215,0.0004005912299264548,0.0235499113775755
MGE interneuron,Human CA1R-CA2R,Human MTG,52.05454300677006,0.0007143618580245752,0.03718578006093642
MGE interneuron,Human CA1R-CA2R,Human Pir,101.00024859563585,0.00029278264012912614,0.02957111943752833
MGE interneuron,Human CA1R-CA2R,Human Pro,65.92635745239816,0.0007276498615306393,0.047971304871456955
MGE interneuron,Human CA1R-CA2R,Human Pu,38.23565767697121,0.0012265582851853957,0.04689826271320162
MGE interneuron,Human CA1R-CA2R,Human Pul,52.55485619720271,0.002806018698878858,0.14746990920624023
MGE interneuron,Human CA1R-CA2R,Human S1C,59.968349892294135,0.0007730432362316514,0.04635812727221106
MGE interneuron,Human CA1R-CA2R,Human SC,43.4787203946878,0.0012840120716004475,0.05582720184451971
MGE interneuron,Human CA1R-CA2R,Human SEP,44.26357806021497,0.0013607929089268164,0.06023356314806914
MGE interneuron,Human CA1R-CA2R,Human SI,64.07369459935903,0.000768123917690315,0.04921653731655244
MGE interneuron,Human CA1R-CA2R,Human STG,44.38989332261828,0.0014887577757467384,0.06608579884861618
MGE interneuron,Human CA1R-CA2R,Human Sub,28.55707437958269,0.0007435742684075437,0.02123430568965801
MGE interneuron,Human CA1R-CA2R,Human TF,66.43572235191165,0.0005112276411119673,0.03396377762353739
MGE interneuron,Human CA1R-CA2R,Human TH-TL,43.04040009024639,0.0009711564935238773,0.041798964031508457
MGE interneuron,Human CA1R-CA2R,Human V1C,89.96295305399921,0.0009314012464171776,0.0837916066058649
MGE interneuron,Human CA1R-CA2R,Human V2,99.99944291572471,0.0005501751390243369,0.05501720740851509
MGE interneuron,Human CA1R-CA2R-CA3R,Human CA1U,47.603577634672895,0.000563977194245736,0.02684733215046189
MGE interneuron,Human CA1R-CA2R-CA3R,Human CA1U-CA2U-CA3U,33.17879051104821,0.0003592725838124635,0.011920229794676739
MGE interneuron,Human CA1R-CA2R-CA3R,Human CA2U-CA3U,22.693570329625867,0.0003628201245071017,0.008233684012505526
MGE interneuron,Human CA1R-CA2R-CA3R,Human CA3R,58.776274608378216,0.001338158985822794,0.07865200002038943
MGE interneuron,Human CA1R-CA2R-CA3R,Human CA4C-DGC,147.74552056531473,0.0002971418694686027,0.043901380186389505
MGE interneuron,Human CA1R-CA2R-CA3R,Human CEN,89.1859487168056,0.0004910779913929206,0.04379725655632091
MGE interneuron,Human CA1R-CA2R-CA3R,Human CMN,84.66571861055026,0.0005242762114733425,0.044388222194807356
MGE interneuron,Human CA1R-CA2R-CA3R,Human Cla,85.82134531984532,0.0003858982053068088,0.0331183031359442
MGE interneuron,Human CA1R-CA2R-CA3R,Human CoA,55.56403223870012,0.0014408556107414385,0.08005974760654924
MGE interneuron,Human CA1R-CA2R-CA3R,Human DGR-CA4Rpy,157.03683017299346,0.0005703507754154509,0.08956607785795129
MGE interneuron,Human CA1R-CA2R-CA3R,Human DGU-CA4Upy,60.315930163642854,0.0004278863446155048,0.025808362879805206
MGE interneuron,Human CA1R-CA2R-CA3R,Human FI,50.540713999434224,0.0006966918811222955,0.035211305109529766
MGE interneuron,Human CA1R-CA2R-CA3R,Human HTHso,46.62462935907184,0.002479779875177818,0.11561881757225119
MGE interneuron,Human CA1R-CA2R-CA3R,Human ITG,105.1350224927727,0.0003188958649382402,0.03352712393313409
MGE interneuron,Human CA1R-CA2R-CA3R,Human Idg,84.29910133441554,0.00037384474121632174,0.03151477572313306
MGE interneuron,Human CA1R-CA2R-CA3R,Human Ig,86.9531105901583,0.00043088998211869404,0.037467224267358136
MGE interneuron,Human CA1R-CA2R-CA3R,Human LEC,119.9994629365281,0.00024374544263896478,0.02924932220990209
MGE interneuron,Human CA1R-CA2R-CA3R,Human LG,120.35933225561698,0.0015297916552106687,0.1841247021113711
MGE interneuron,Human CA1R-CA2R-CA3R,Human La,67.72028688312488,0.0007277650773898948,0.04928445982436326
MGE interneuron,Human CA1R-CA2R-CA3R,Human M1C,78.0672234396227,0.0006507550528736974,0.05080264011715442
MGE interneuron,Human CA1R-CA2R-CA3R,Human MEC,91.55024296839593,0.00038168483031522963,0.03494333895271025
MGE interneuron,Human CA1R-CA2R-CA3R,Human MTG,132.75444449111617,0.000263807534995364,0.035021622760880236
MGE interneuron,Human CA1R-CA2R-CA3R,Human Pir,89.26341320925965,0.0003871260949272231,0.03455619657557579
MGE interneuron,Human CA1R-CA2R-CA3R,Human Pro,116.06522118639569,0.00038358907955835485,0.04452135136362639
MGE interneuron,Human CA1R-CA2R-CA3R,Human Pu,50.43836234771264,0.0006680405974397216,0.03369487371664711
MGE interneuron,Human CA1R-CA2R-CA3R,Human Pul,91.49382497241714,0.0018225920026361114,0.16675591368531562
MGE interneuron,Human CA1R-CA2R-CA3R,Human S1C,100.47764229633597,0.00040418847206752243,0.040611904716703104
MGE interneuron,Human CA1R-CA2R-CA3R,Human SC,58.662453914615185,0.0008731678844443433,0.051222170780938325
MGE interneuron,Human CA1R-CA2R-CA3R,Human SEP,71.38793280009556,0.0005136755647313352,0.036670236696091686
MGE interneuron,Human CA1R-CA2R-CA3R,Human SI,58.48026343345799,0.0006457865052867428,0.03776576495094093
MGE interneuron,Human CA1R-CA2R-CA3R,Human STG,92.02997744132621,0.000646027423780695,0.059453889237015445
MGE interneuron,Human CA1R-CA2R-CA3R,Human Sub,61.015535515709274,0.0003830894347321984,0.02337440701059544
MGE interneuron,Human CA1R-CA2R-CA3R,Human TF,69.75444707947926,0.00040318485995072327,0.028123936976679982
MGE interneuron,Human CA1R-CA2R-CA3R,Human TH-TL,65.74943563832002,0.00048621151429483487,0.031968132665738364
MGE interneuron,Human CA1R-CA2R-CA3R,Human V1C,154.64276695812072,0.0005908951764397195,0.09137766506684517
MGE interneuron,Human CA1R-CA2R-CA3R,Human V2,130.4852507147813,0.0004799099791489782,0.06262117394977988
MGE interneuron,Human CA1U,Human CA1U-CA2U-CA3U,31.841660928277577,0.0008019753508251338,0.025536227193810365
MGE interneuron,Human CA1U,Human CA2U-CA3U,48.925659261143075,0.00048459660193443373,0.023709208225351892
MGE interneuron,Human CA1U,Human CA3R,112.83617900240351,0.0007405085562447351,0.08355615600524233
MGE interneuron,Human CA1U,Human CA4C-DGC,78.28227810381927,0.0009292130457577568,0.07274091406570565
MGE interneuron,Human CA1U,Human CEN,81.89281702635363,0.0005263394353412559,0.04310341907215576
MGE interneuron,Human CA1U,Human CMN,145.14808544773618,0.0002920722417244126,0.042393726698726895
MGE interneuron,Human CA1U,Human Cla,71.00161696270459,0.0007279593288715583,0.05168628943296588
MGE interneuron,Human CA1U,Human CoA,83.16994203916953,0.000568677704323664,0.047296891707567124
MGE interneuron,Human CA1U,Human DGR-CA4Rpy,165.37745770183497,0.0006487583406284158,0.10729000503598848
MGE interneuron,Human CA1U,Human DGU-CA4Upy,62.88698499916431,0.0009427910313263479,0.05928928544436669
MGE interneuron,Human CA1U,Human FI,85.40718236720706,0.000544624773707044,0.046514867369696386
MGE interneuron,Human CA1U,Human HTHso,48.825545148965084,0.0014611266982477594,0.07134030757365425
MGE interneuron,Human CA1U,Human ITG,95.12127831487368,0.0006213228292208869,0.05910102176170472
MGE interneuron,Human CA1U,Human Idg,77.18543136505278,0.0006861630740847213,0.05296179285999988
MGE interneuron,Human CA1U,Human Ig,73.02609514598157,0.0009359545488311645,0.06834910593525886
MGE interneuron,Human CA1U,Human LEC,83.21289757965823,0.00041319384189024736,0.03438305684575865
MGE interneuron,Human CA1U,Human LG,89.75304370051073,0.002030769677103102,0.18226775957470676
MGE interneuron,Human CA1U,Human La,82.11127449844282,0.0005136121779120711,0.04217335052628113
MGE interneuron,Human CA1U,Human M1C,95.9956118508983,0.0008110485583826502,0.07785710260273151
MGE interneuron,Human CA1U,Human MEC,82.82734400502474,0.00044980360484689027,0.03725603791335359
MGE interneuron,Human CA1U,Human MTG,77.03406287969233,0.0007984908000597004,0.0615109905006548
MGE interneuron,Human CA1U,Human Pir,109.21834452527736,0.00031510469001821625,0.03441521259594027
MGE interneuron,Human CA1U,Human Pro,89.45013191893364,0.0008522094826319379,0.07623025064399302
MGE interneuron,Human CA1U,Human Pu,51.21390337000255,0.001027328013631455,0.052613477619417995
MGE interneuron,Human CA1U,Human Pul,59.91112615371699,0.0027910280403538245,0.1672136330241995
MGE interneuron,Human CA1U,Human S1C,73.05707492916918,0.001059777608944772,0.07742425218493396
MGE interneuron,Human CA1U,Human SC,64.8068404223666,0.001228316888775568,0.07960333659897606
MGE interneuron,Human CA1U,Human SEP,48.928060264469856,0.0013589148297974605,0.06648906668661195
MGE interneuron,Human CA1U,Human SI,68.36015712946782,0.0008062581518563058,0.05511593394781139
MGE interneuron,Human CA1U,Human STG,59.662092813963774,0.0015373666847785946,0.0917225138363563
MGE interneuron,Human CA1U,Human Sub,45.50277714838458,0.0006037231130675768,0.027471078273242935
MGE interneuron,Human CA1U,Human TF,96.02684704387948,0.000562435950879079,0.05400895102704424
MGE interneuron,Human CA1U,Human TH-TL,72.32729073045142,0.0008193703740610834,0.05926283926063471
MGE interneuron,Human CA1U,Human V1C,99.69397158458409,0.0011661564647232705,0.11625876945730076
MGE interneuron,Human CA1U,Human V2,117.62644124870964,0.0007640930894924508,0.08987755089972879
MGE interneuron,Human CA1U-CA2U-CA3U,Human CA2U-CA3U,21.02142830585158,0.000937768953068342,0.019713242814379646
MGE interneuron,Human CA1U-CA2U-CA3U,Human CA3R,43.52767004806966,0.0017476278458096852,0.07607016823922273
MGE interneuron,Human CA1U-CA2U-CA3U,Human CA4C-DGC,107.19056210595903,0.00041438535060612743,0.04441819865994571
MGE interneuron,Human CA1U-CA2U-CA3U,Human CEN,102.70971447111033,0.0004664892431356024,0.04791297696630209
MGE interneuron,Human CA1U-CA2U-CA3U,Human CMN,58.159953053904715,0.0006988814089012368,0.04064690993194272
MGE interneuron,Human CA1U-CA2U-CA3U,Human Cla,120.93748430423781,0.0003409995925050364,0.041239632866329326
MGE interneuron,Human CA1U-CA2U-CA3U,Human CoA,58.09057556497885,0.001814495286152379,0.1054050755325327
MGE interneuron,Human CA1U-CA2U-CA3U,Human DGR-CA4Rpy,90.65890299818744,0.0008896231852480578,0.08065226205634221
MGE interneuron,Human CA1U-CA2U-CA3U,Human DGU-CA4Upy,116.45441603787175,0.0002448199334171286,0.028510362380522354
MGE interneuron,Human CA1U-CA2U-CA3U,Human FI,38.59504239148662,0.0011251308273268908,0.04342447197664977
MGE interneuron,Human CA1U-CA2U-CA3U,Human HTHso,48.37385322803991,0.0029910869580477956,0.14469040150090845
MGE interneuron,Human CA1U-CA2U-CA3U,Human ITG,100.94978605473936,0.0004495574215398051,0.0453827255237636
MGE interneuron,Human CA1U-CA2U-CA3U,Human Idg,93.38082255936287,0.00037907022706740374,0.03539788961131862
MGE interneuron,Human CA1U-CA2U-CA3U,Human Ig,78.74328012017213,0.0006181060589721439,0.04867169854561916
MGE interneuron,Human CA1U-CA2U-CA3U,Human LEC,57.12784378328138,0.0004961747365393165,0.028345392838228865
MGE interneuron,Human CA1U-CA2U-CA3U,Human LG,139.25721628146823,0.0013840975665498144,0.19274557417968136
MGE interneuron,Human CA1U-CA2U-CA3U,Human La,62.938787917679754,0.0009247039676786788,0.05819974690836536
MGE interneuron,Human CA1U-CA2U-CA3U,Human M1C,73.43567274108067,0.0009030645700925109,0.06631715423337833
MGE interneuron,Human CA1U-CA2U-CA3U,Human MEC,64.89041230323805,0.0004712663285226273,0.030580666362466518
MGE interneuron,Human CA1U-CA2U-CA3U,Human MTG,88.30575413573163,0.0006225680583785154,0.054976341895933006
MGE interneuron,Human CA1U-CA2U-CA3U,Human Pir,50.91995198731646,0.0007008723128163253,0.03568838451784673
MGE interneuron,Human CA1U-CA2U-CA3U,Human Pro,103.53082222101092,0.0005368354398956729,0.055579014489777104
MGE interneuron,Human CA1U-CA2U-CA3U,Human Pu,66.37524728108515,0.0006286010738791182,0.04172355171988215
MGE interneuron,Human CA1U-CA2U-CA3U,Human Pul,119.89366805650175,0.0014667436701262175,0.17585327871008782
MGE interneuron,Human CA1U-CA2U-CA3U,Human S1C,70.19489219498415,0.0007232432253494629,0.05076798023415817
MGE interneuron,Human CA1U-CA2U-CA3U,Human SC,48.98204799822381,0.0010942974482094493,0.05360093013252908
MGE interneuron,Human CA1U-CA2U-CA3U,Human SEP,56.85977960645994,0.000650413550415673,0.036982371129690286
MGE interneuron,Human CA1U-CA2U-CA3U,Human SI,51.31987055484112,0.0007327796178502029,0.037606155133298354
MGE interneuron,Human CA1U-CA2U-CA3U,Human STG,94.75106948972119,0.0007418284444918961,0.07028903849350343
MGE interneuron,Human CA1U-CA2U-CA3U,Human Sub,113.50560653528335,0.00015774361248017528,0.017904784411628988
MGE interneuron,Human CA1U-CA2U-CA3U,Human TF,62.319446984036695,0.0006006766393187932,0.037433835978576864
MGE interneuron,Human CA1U-CA2U-CA3U,Human TH-TL,86.04696226277709,0.0004694050134706339,0.04039087548006601
MGE interneuron,Human CA1U-CA2U-CA3U,Human V1C,114.38193636141493,0.0009003541676598343,0.10298425310800187
MGE interneuron,Human CA1U-CA2U-CA3U,Human V2,86.80001618114744,0.0008092110548565674,0.07023953265551344
MGE interneuron,Human CA2U-CA3U,Human CA3R,88.48811790080872,0.0008102235538433467,0.0716951573585023
MGE interneuron,Human CA2U-CA3U,Human CA4C-DGC,49.47666062157104,0.000913185611593462,0.04518137458931151
MGE interneuron,Human CA2U-CA3U,Human CEN,67.85443275850467,0.0007076082305484162,0.04801435509911198
MGE interneuron,Human CA2U-CA3U,Human CMN,138.28401064134596,0.00043285695599353836,0.05985719590879107
MGE interneuron,Human CA2U-CA3U,Human Cla,49.62010067085763,0.0010328367290328374,0.0512494624711687
MGE interneuron,Human CA2U-CA3U,Human CoA,67.2657576571733,0.0011297847481132705,0.07599582707135784
MGE interneuron,Human CA2U-CA3U,Human DGR-CA4Rpy,183.90696620298402,0.0004629555834533834,0.08514075683964413
MGE interneuron,Human CA2U-CA3U,Human DGU-CA4Upy,45.7203664979941,0.0009257430387758067,0.042325311015796646
MGE interneuron,Human CA2U-CA3U,Human FI,105.87918780277975,0.0004049071057523183,0.04287123549262971
MGE interneuron,Human CA2U-CA3U,Human HTHso,55.91840997065286,0.0019123208707280816,0.10693394244480871
MGE interneuron,Human CA2U-CA3U,Human ITG,68.50997859928191,0.0006657498046849109,0.04561050487143936
MGE interneuron,Human CA2U-CA3U,Human Idg,54.114440087335225,0.0008903670458978251,0.04818171416097551
MGE interneuron,Human CA2U-CA3U,Human Ig,47.30903519957555,0.0009502875441424789,0.044957186875554736
MGE interneuron,Human CA2U-CA3U,Human LEC,100.12005066435742,0.0003751012077493585,0.03755515192412743
MGE interneuron,Human CA2U-CA3U,Human LG,91.68002234868261,0.0020286147784744158,0.18598344822740226
MGE interneuron,Human CA2U-CA3U,Human La,93.03644692879773,0.0005172172457208666,0.04812005483216834
MGE interneuron,Human CA2U-CA3U,Human M1C,73.86759291749372,0.0006831559802403691,0.050463087847546974
MGE interneuron,Human CA2U-CA3U,Human MEC,88.14755529605522,0.00044582134056037634,0.039298061269207235
MGE interneuron,Human CA2U-CA3U,Human MTG,79.55149528131061,0.0006405454131631417,0.050956345412712815
MGE interneuron,Human CA2U-CA3U,Human Pir,101.21373478926402,0.00041997609516241275,0.04250734911359915
MGE interneuron,Human CA2U-CA3U,Human Pro,73.39464097045759,0.0007776118700002321,0.057072544013033175
MGE interneuron,Human CA2U-CA3U,Human Pu,47.29943197164296,0.0012598696862887759,0.059591120519751115
MGE interneuron,Human CA2U-CA3U,Human Pul,62.755752499241346,0.0026283287094607272,0.1649427459775678
MGE interneuron,Human CA2U-CA3U,Human S1C,61.85883571209565,0.0006720058339596963,0.04156949848048268
MGE interneuron,Human CA2U-CA3U,Human SC,55.596770660433094,0.0010569994596144488,0.05876575654438622
MGE interneuron,Human CA2U-CA3U,Human SEP,49.617582433559974,0.0012248973240734315,0.06077644394986051
MGE interneuron,Human CA2U-CA3U,Human SI,79.19211136989033,0.0007080977003398177,0.056075751946074066
MGE interneuron,Human CA2U-CA3U,Human STG,57.07705666463077,0.001422247104706701,0.08117767858645142
MGE interneuron,Human CA2U-CA3U,Human Sub,30.5327447810116,0.0009093139985620232,0.027763852243895406
MGE interneuron,Human CA2U-CA3U,Human TF,77.62321782411654,0.0005328549490705506,0.04136191578036187
MGE interneuron,Human CA2U-CA3U,Human TH-TL,53.44064427965816,0.0011276430783667827,0.06026197262541792
MGE interneuron,Human CA2U-CA3U,Human V1C,93.23689399619536,0.0009358093940112252,0.08725196127006843
MGE interneuron,Human CA2U-CA3U,Human V2,101.74551311571126,0.0005711224803780441,0.058109149817981834
MGE interneuron,Human CA3R,Human CA4C-DGC,24.423466052646244,0.0016289354162180802,0.03978424883995546
MGE interneuron,Human CA3R,Human CEN,82.58437667817263,0.0013291309068829298,0.10976544746862107
MGE interneuron,Human CA3R,Human CMN,106.43830309938171,0.0006835689861082535,0.07275792293272733
MGE interneuron,Human CA3R,Human Cla,53.34280379458135,0.0019159041251620647,0.10219969783774904
MGE interneuron,Human CA3R,Human CoA,120.44213919142693,0.0012219065703371326,0.14716904122346403
MGE interneuron,Human CA3R,Human DGR-CA4Rpy,51.779436303421896,0.0006314417724213482,0.032695699034411024
MGE interneuron,Human CA3R,Human DGU-CA4Upy,24.61894400027847,0.0015755510250309327,0.03878840245481788
MGE interneuron,Human CA3R,Human FI,110.01064231729502,0.0008969342712964782,0.09867231530172052
MGE interneuron,Human CA3R,Human HTHso,88.50560994163621,0.0019179309082023829,0.16974764485636817
MGE interneuron,Human CA3R,Human ITG,79.50108831495018,0.0015687951161709604,0.12472091907877006
MGE interneuron,Human CA3R,Human Idg,67.64692806108442,0.0016776078963536365,0.11348502067934162
MGE interneuron,Human CA3R,Human Ig,64.28694149652212,0.0018338176145102636,0.11789052569931308
MGE interneuron,Human CA3R,Human LEC,108.01194114904965,0.0009882865533382508,0.10674674903756826
MGE interneuron,Human CA3R,Human LG,78.84069606622388,0.002999917366581984,0.2365155733224769
MGE interneuron,Human CA3R,Human La,124.66008188418593,0.0008824169422907142,0.1100021682819534
MGE interneuron,Human CA3R,Human M1C,93.49294084954494,0.0015012591302377594,0.1403571310631581
MGE interneuron,Human CA3R,Human MEC,116.11587553805276,0.0009655037318055913,0.11211031115386351
MGE interneuron,Human CA3R,Human MTG,72.90591629948925,0.0016867570158015594,0.12297456581160476
MGE interneuron,Human CA3R,Human Pir,109.60899280477655,0.0009282199772778915,0.10174125681070226
MGE interneuron,Human CA3R,Human Pro,72.72396886766484,0.001718452127585422,0.12497265902709463
MGE interneuron,Human CA3R,Human Pu,56.219250417339175,0.002376012160444755,0.13357762264268674
MGE interneuron,Human CA3R,Human Pul,57.40699549146761,0.004097540675607528,0.23522749909070648
MGE interneuron,Human CA3R,Human S1C,77.02802672259592,0.00158831026512982,0.12234440554619319
MGE interneuron,Human CA3R,Human SC,71.89037240092428,0.0019494075908242183,0.14014363766554166
MGE interneuron,Human CA3R,Human SEP,59.203783425049714,0.0022907098414239055,0.13561868934129087
MGE interneuron,Human CA3R,Human SI,72.69812072638183,0.001385611095315517,0.10073132268706161
MGE interneuron,Human CA3R,Human STG,53.659826691971794,0.00276554762719665,0.14839880638376604
MGE interneuron,Human CA3R,Human Sub,65.63371447984797,0.0016156555923861199,0.10604147784844023
MGE interneuron,Human CA3R,Human TF,94.33919327714663,0.001312075990351917,0.12378019044811309
MGE interneuron,Human CA3R,Human TH-TL,60.282905959422635,0.002065390577866349,0.12450774597499467
MGE interneuron,Human CA3R,Human V1C,83.04379342284955,0.001949422428102172,0.16188743341318654
MGE interneuron,Human CA3R,Human V2,98.99151336937987,0.0013523757815147091,0.1338737252562389
MGE interneuron,Human CA4C-DGC,Human CEN,107.27623349317713,0.0008062823985591286,0.08649493884926798
MGE interneuron,Human CA4C-DGC,Human CMN,68.55515128227273,0.0009481115296872576,0.06499792935017695
MGE interneuron,Human CA4C-DGC,Human Cla,139.93597927069166,0.00048758270044281233,0.06823036266191325
MGE interneuron,Human CA4C-DGC,Human CoA,65.3963589937659,0.00195717890016701,0.12799237397034569
MGE interneuron,Human CA4C-DGC,Human DGR-CA4Rpy,49.665952185033106,0.0006330334896638143,0.03144021102916765
MGE interneuron,Human CA4C-DGC,Human DGU-CA4Upy,59.23310805899326,0.00034561523543203754,0.020471864587180276
MGE interneuron,Human CA4C-DGC,Human FI,53.76184667138466,0.0013502360191497427,0.07259118183170926
MGE interneuron,Human CA4C-DGC,Human HTHso,50.64711226389566,0.003169302591069809,0.160516024128168
MGE interneuron,Human CA4C-DGC,Human ITG,123.76377566580985,0.0006126629444204476,0.0758254792120068
MGE interneuron,Human CA4C-DGC,Human Idg,125.38332534305616,0.000579426488109769,0.07265041987105163
MGE interneuron,Human CA4C-DGC,Human Ig,112.81911027439592,0.0006412728104700626,0.07234782792039379
MGE interneuron,Human CA4C-DGC,Human LEC,105.66914448877948,0.000641466039253797,0.06778316758655456
MGE interneuron,Human CA4C-DGC,Human LG,146.46297651565519,0.001411025483223801,0.2066629922123986
MGE interneuron,Human CA4C-DGC,Human La,71.52964336294517,0.0012573724483285712,0.0899394028033359
MGE interneuron,Human CA4C-DGC,Human M1C,89.19631649906762,0.001036361015432917,0.09243958513984957
MGE interneuron,Human CA4C-DGC,Human MEC,89.7655962026653,0.0007497965246129746,0.06730593206257007
MGE interneuron,Human CA4C-DGC,Human MTG,127.83438317411716,0.000599739140469006,0.07666728308723059
MGE interneuron,Human CA4C-DGC,Human Pir,85.3246606137424,0.000838381410456943,0.07153460931210932
MGE interneuron,Human CA4C-DGC,Human Pro,125.89206452905725,0.0006613086178523606,0.08325350719229105
MGE interneuron,Human CA4C-DGC,Human Pu,91.50184944465828,0.0008270733860513196,0.07567874445015157
MGE interneuron,Human CA4C-DGC,Human Pul,123.9069245831023,0.0016492170795248803,0.20434941629385356
MGE interneuron,Human CA4C-DGC,Human S1C,99.2475618681786,0.0007603409367471152,0.07546198416071818
MGE interneuron,Human CA4C-DGC,Human SC,68.649778852926,0.0012997463521440692,0.08922729963958764
MGE interneuron,Human CA4C-DGC,Human SEP,101.66868980662602,0.0007736056334605068,0.0786514711809547
MGE interneuron,Human CA4C-DGC,Human SI,61.49153524922258,0.0011663087786611354,0.07171811737451894
MGE interneuron,Human CA4C-DGC,Human STG,137.35305996152962,0.0007122127439920167,0.09782459973090102
MGE interneuron,Human CA4C-DGC,Human Sub,128.86873120420285,0.0004993588159160555,0.06435173702273517
MGE interneuron,Human CA4C-DGC,Human TF,80.36583830013764,0.0008195331620123761,0.06586246957988712
MGE interneuron,Human CA4C-DGC,Human TH-TL,102.48181275973408,0.0006281258208780942,0.06437147276478312
MGE interneuron,Human CA4C-DGC,Human V1C,133.91057236748566,0.000845621779734974,0.11323769653072226
MGE interneuron,Human CA4C-DGC,Human V2,100.30194717945326,0.0008991255388981698,0.09018404231026167
MGE interneuron,Human CEN,Human CMN,105.3076449976701,0.00033084393063649814,0.034840395197102136
MGE interneuron,Human CEN,Human Cla,54.27941438817265,0.00040374091166914716,0.021914820249948248
MGE interneuron,Human CEN,Human CoA,42.34205153141717,0.0010499749701757231,0.044458094293878675
MGE interneuron,Human CEN,Human DGR-CA4Rpy,148.549768596641,0.0007710701315060261,0.11454228960700173
MGE interneuron,Human CEN,Human DGU-CA4Upy,114.91860898370574,0.0007197672487777853,0.08271465102157197
MGE interneuron,Human CEN,Human FI,45.25891695933464,0.0005029303020401612,0.022762080776368744
MGE interneuron,Human CEN,Human HTHso,38.556154006628574,0.0020360311897222563,0.07850153211323052
MGE interneuron,Human CEN,Human ITG,117.96461535998735,0.00035862984934127186,0.042305632234153345
MGE interneuron,Human CEN,Human Idg,68.39254826523147,0.0004914452224371666,0.03361119109525133
MGE interneuron,Human CEN,Human Ig,79.3808818540936,0.0008070101813791061,0.06406117986310547
MGE interneuron,Human CEN,Human LEC,70.09143139621278,0.00034819102963248296,0.024405207666261874
MGE interneuron,Human CEN,Human LG,116.03008513856206,0.0016087209260539628,0.1866600260142277
MGE interneuron,Human CEN,Human La,35.16899642526112,0.0002667925940370954,0.00938282778597675
MGE interneuron,Human CEN,Human M1C,129.50152006745245,0.0005945905524182406,0.07700038035590842
MGE interneuron,Human CEN,Human MEC,150.61539660999466,0.00025008393399391596,0.03766649090428138
MGE interneuron,Human CEN,Human MTG,82.09123817375561,0.0005581185989449371,0.04581664683519162
MGE interneuron,Human CEN,Human Pir,51.705120044812084,0.00036070232033541907,0.018650156773385107
MGE interneuron,Human CEN,Human Pro,84.65438724036908,0.0006274342055092681,0.05311505820103489
MGE interneuron,Human CEN,Human Pu,55.730625099692396,0.0006162982335950916,0.034346685806090696
MGE interneuron,Human CEN,Human Pul,72.07735057092351,0.0022077720325296,0.15913035876931633
MGE interneuron,Human CEN,Human S1C,90.1392732509414,0.0007725287883556214,0.06963518354780604
MGE interneuron,Human CEN,Human SC,58.52576746521369,0.0007747982225590589,0.04534566060595237
MGE interneuron,Human CEN,Human SEP,31.59064605771877,0.0007378061373028834,0.02330777254274805
MGE interneuron,Human CEN,Human SI,34.80748426035381,0.00038934683717627486,0.013552183906831725
MGE interneuron,Human CEN,Human STG,71.44751608071068,0.0010905553754453723,0.07791747272403872
MGE interneuron,Human CEN,Human Sub,92.60924704574411,0.000360938946389481,0.033426284054614036
MGE interneuron,Human CEN,Human TF,125.54686758504872,0.000343264168536303,0.043095741113919075
MGE interneuron,Human CEN,Human TH-TL,73.52838080130462,0.0005600955473877374,0.041182918693440713
MGE interneuron,Human CEN,Human V1C,108.20940064683691,0.001039906713108291,0.11252768215407034
MGE interneuron,Human CEN,Human V2,109.1274958019418,0.0006574913857767635,0.07175038844116666
MGE interneuron,Human CMN,Human Cla,74.87085715377384,0.0007385167488843415,0.055293382011388996
MGE interneuron,Human CMN,Human CoA,66.47462563269889,0.0007454268804775312,0.04955197281629446
MGE interneuron,Human CMN,Human DGR-CA4Rpy,163.61561847132342,0.0005488415126654495,0.0897990435374942
MGE interneuron,Human CMN,Human DGU-CA4Upy,74.26675771437856,0.0008190600347416758,0.06082893315369052
MGE interneuron,Human CMN,Human FI,147.70920050486757,0.00030731629051596824,0.04539344357423528
MGE interneuron,Human CMN,Human HTHso,50.705340725821095,0.001470192912708833,0.07454663257158872
MGE interneuron,Human CMN,Human ITG,125.30161077438905,0.0005468998638606232,0.06852743387403017
MGE interneuron,Human CMN,Human Idg,63.020368458106,0.0006119963799991932,0.03856823736257621
MGE interneuron,Human CMN,Human Ig,72.20388520296342,0.0009295109258653685,0.0671143001860833
MGE interneuron,Human CMN,Human LEC,97.57384447987444,0.0002491613062347842,0.024311626544955202
MGE interneuron,Human CMN,Human LG,90.71225841638945,0.0022019394575267023,0.19974290108840662
MGE interneuron,Human CMN,Human La,104.18779105604023,0.00027265327675255195,0.02840714262903959
MGE interneuron,Human CMN,Human M1C,125.5978582039087,0.0008710685693084385,0.10940434665388288
MGE interneuron,Human CMN,Human MEC,141.39675535942553,0.00032191213322697865,0.0455173311491259
MGE interneuron,Human CMN,Human MTG,100.62164901456698,0.0007294836426594,0.07340184705354195
MGE interneuron,Human CMN,Human Pir,83.42376619409258,0.00020967560781798766,0.017491928883212052
MGE interneuron,Human CMN,Human Pro,108.82810419791991,0.0007736889405843277,0.08419910064268948
MGE interneuron,Human CMN,Human Pu,62.741769926575756,0.0010668479272061115,0.06693592719541008
MGE interneuron,Human CMN,Human Pul,66.99594069981258,0.0028641955293438257,0.19188947383658725
MGE interneuron,Human CMN,Human S1C,90.8700378321882,0.0008690242364860945,0.07896826524657988
MGE interneuron,Human CMN,Human SC,79.22860473379427,0.0010701598733977064,0.0847872736113942
MGE interneuron,Human CMN,Human SEP,47.341781386837305,0.0010213049993377302,0.04835039800793084
MGE interneuron,Human CMN,Human SI,84.97258855575333,0.00037774580152548126,0.03209803857168798
MGE interneuron,Human CMN,Human STG,66.81578503533626,0.0014474901580788604,0.09671519124296205
MGE interneuron,Human CMN,Human Sub,70.127497795347,0.0005372514638886292,0.03767610084939679
MGE interneuron,Human CMN,Human TF,158.932517052675,0.0004250311121747649,0.06755126448363324
MGE interneuron,Human CMN,Human TH-TL,71.43929227856837,0.0008520608190565934,0.06087062189170034
MGE interneuron,Human CMN,Human V1C,116.11928678303245,0.0012234881007200812,0.1420705656431428
MGE interneuron,Human CMN,Human V2,146.10217975892704,0.0007424436965374681,0.10847264241239943
MGE interneuron,Human Cla,Human CoA,21.528378188101012,0.0013163832775852004,0.02833959704034615
MGE interneuron,Human Cla,Human DGR-CA4Rpy,95.09617516203637,0.001105000895421105,0.10508135870517243
MGE interneuron,Human Cla,Human DGU-CA4Upy,113.77293485640502,0.0006200938628321091,0.0705498986608541
MGE interneuron,Human Cla,Human FI,40.14514830735278,0.0009453796090939494,0.03795240461382379
MGE interneuron,Human Cla,Human HTHso,21.441925999278453,0.002395666932889007,0.05136771309392446
MGE interneuron,Human Cla,Human ITG,81.73000687983864,0.00018121850383763456,0.014810989565403937
MGE interneuron,Human Cla,Human Idg,116.00086218190366,0.00013501226390817553,0.015661539018479075
MGE interneuron,Human Cla,Human Ig,127.39487409139936,0.0002763939240542075,0.03521116915451356
MGE interneuron,Human Cla,Human LEC,69.69673284622412,0.00041779879952417054,0.029119211313909262
MGE interneuron,Human Cla,Human LG,92.74998444873205,0.0013840368551368471,0.1283693967904146
MGE interneuron,Human Cla,Human La,44.31078901834193,0.0009286316783593174,0.04114840237552848
MGE interneuron,Human Cla,Human M1C,61.33387312444073,0.0007021181302619264,0.04306362431985454
MGE interneuron,Human Cla,Human MEC,92.61976390135769,0.0005155574200631302,0.0477508065238402
MGE interneuron,Human Cla,Human MTG,47.78596727800607,0.0002974115142252651,0.014212096886870754
MGE interneuron,Human Cla,Human Pir,48.20531907946372,0.00045820319115371473,0.022087831032793326
MGE interneuron,Human Cla,Human Pro,72.1862317652441,0.00026701882755933654,0.019275082971882018
MGE interneuron,Human Cla,Human Pu,30.54251680877099,0.00035316391220131886,0.010786514724660103
MGE interneuron,Human Cla,Human Pul,72.1382216814384,0.0016033391906047148,0.11566203796238092
MGE interneuron,Human Cla,Human S1C,83.64126755939267,0.000526955464224016,0.04407522297504489
MGE interneuron,Human Cla,Human SC,41.23752218263273,0.0010009695721646906,0.04127750493628182
MGE interneuron,Human Cla,Human SEP,44.87902650233663,0.0004257239562894594,0.01910607671699425
MGE interneuron,Human Cla,Human SI,33.966453038808325,0.000688373548880227,0.02338160782119806
MGE interneuron,Human Cla,Human STG,57.24175792075438,0.00038742543172098584,0.022176912774916426
MGE interneuron,Human Cla,Human Sub,158.1552388385866,0.000214681106964859,0.03395294174615943
MGE interneuron,Human Cla,Human TF,36.64995564395925,0.0003604634659001766,0.013210970036509291
MGE interneuron,Human Cla,Human TH-TL,64.21855615640328,0.00010667447751943478,0.0068504809250368014
MGE interneuron,Human Cla,Human V1C,113.62263825928123,0.000584907441099457,0.06645872659520545
MGE interneuron,Human Cla,Human V2,69.49307764076713,0.0005466552251759021,0.03798875400588
MGE interneuron,Human CoA,Human DGR-CA4Rpy,80.26714739336461,0.0013260895298086996,0.10644142374595247
MGE interneuron,Human CoA,Human DGU-CA4Upy,66.92307392926107,0.002032551387206012,0.1360245867510101
MGE interneuron,Human CoA,Human FI,78.3635383632603,0.0006128077693928035,0.048021785146116935
MGE interneuron,Human CoA,Human HTHso,25.436739861111956,0.00037755670156200264,0.009603811600452143
MGE interneuron,Human CoA,Human ITG,42.96459160823111,0.0011299308392192166,0.04854701705259949
MGE interneuron,Human CoA,Human Idg,42.46971613257943,0.0012358768289279928,0.052487338099404285
MGE interneuron,Human CoA,Human Ig,57.18838038425747,0.0015883931770951237,0.09083763321147517
MGE interneuron,Human CoA,Human LEC,70.37926390561977,0.0010053853809792843,0.07075828305479312
MGE interneuron,Human CoA,Human LG,44.66536919972218,0.003104488218749285,0.1386631124666247
MGE interneuron,Human CoA,Human La,53.77393721121859,0.0007677956264871019,0.041287393809765656
MGE interneuron,Human CoA,Human M1C,54.1739750291722,0.0013937384377737997,0.07550435132515529
MGE interneuron,Human CoA,Human MEC,103.7566257491616,0.000932631973946552,0.09676674668247423
MGE interneuron,Human CoA,Human MTG,36.36050949464014,0.0013801876492700363,0.05018432612566821
MGE interneuron,Human CoA,Human Pir,73.9839542313871,0.0006073945013772887,0.04493744699029352
MGE interneuron,Human CoA,Human Pro,45.41221813853296,0.001484000315929762,0.06739174606465417
MGE interneuron,Human CoA,Human Pu,24.478774795225423,0.0018543348743614906,0.04539184578442756
MGE interneuron,Human CoA,Human Pul,41.56205164117843,0.0041167008427063,0.171098533015842
MGE interneuron,Human CoA,Human S1C,65.24654445030782,0.001642366287057986,0.10715872495221591
MGE interneuron,Human CoA,Human SC,46.29450808127441,0.0020075921264228616,0.09294048992058604
MGE interneuron,Human CoA,Human SEP,28.164599307063213,0.0022611303661504833,0.06368383074366149
MGE interneuron,Human CoA,Human SI,37.18903791802541,0.0012839321320177106,0.04774820074177785
MGE interneuron,Human CoA,Human STG,30.759606712166757,0.002363322467405803,0.07269486963143004
MGE interneuron,Human CoA,Human Sub,60.22309989559016,0.0013806035947613433,0.08314422820352325
MGE interneuron,Human CoA,Human TF,42.41077148208763,0.001021209847369019,0.043310297472025056
MGE interneuron,Human CoA,Human TH-TL,23.829490669643665,0.0014547016853075352,0.03466480023715082
MGE interneuron,Human CoA,Human V1C,55.07068258494342,0.0018492064036786816,0.10183705889103342
MGE interneuron,Human CoA,Human V2,66.58915674801713,0.0012753974929759363,0.08492764357580271
MGE interneuron,Human DGR-CA4Rpy,Human DGU-CA4Upy,62.443606727010234,0.0006760859680084211,0.04221724629996787
MGE interneuron,Human DGR-CA4Rpy,Human FI,160.86844039987434,0.0007546928450494967,0.12140626096405657
MGE interneuron,Human DGR-CA4Rpy,Human HTHso,56.250168759637695,0.0022006227949051085,0.12378540358971793
MGE interneuron,Human DGR-CA4Rpy,Human ITG,116.37111314661999,0.0009080375654559056,0.10566934227105054
MGE interneuron,Human DGR-CA4Rpy,Human Idg,90.28737822046388,0.0010450949774915511,0.09435888550908686
MGE interneuron,Human DGR-CA4Rpy,Human Ig,84.9566078033305,0.001171429033729133,0.09952063698796038
MGE interneuron,Human DGR-CA4Rpy,Human LEC,166.2027332241954,0.0005738847020113928,0.0953812060298464
MGE interneuron,Human DGR-CA4Rpy,Human LG,108.18474698019754,0.0019087426294275723,0.20649683841493888
MGE interneuron,Human DGR-CA4Rpy,Human La,189.76612449778358,0.0006317535102173309,0.11988541527181382
MGE interneuron,Human DGR-CA4Rpy,Human M1C,140.73901097665396,0.0009501702698876857,0.13372602404341324
MGE interneuron,Human DGR-CA4Rpy,Human MEC,201.16940554963574,0.0005444683814779306,0.1095303806424876
MGE interneuron,Human DGR-CA4Rpy,Human MTG,121.19357400831979,0.0009174599289489501,0.1111902477987424
MGE interneuron,Human DGR-CA4Rpy,Human Pir,141.56351919982407,0.0006277950336315802,0.0888728742970584
MGE interneuron,Human DGR-CA4Rpy,Human Pro,99.94397543882035,0.0010578063600817852,0.1057213728710419
MGE interneuron,Human DGR-CA4Rpy,Human Pu,85.80195317512147,0.0014333494826977212,0.12298418519801445
MGE interneuron,Human DGR-CA4Rpy,Human Pul,76.3299389740635,0.002636523609662365,0.2012456862292059
MGE interneuron,Human DGR-CA4Rpy,Human S1C,111.57072791118709,0.0009819592259641052,0.10955790561992107
MGE interneuron,Human DGR-CA4Rpy,Human SC,105.91627235128372,0.0013156939260198452,0.13935339619924766
MGE interneuron,Human DGR-CA4Rpy,Human SEP,78.33354121052382,0.0014512922907000641,0.11368486446206899
MGE interneuron,Human DGR-CA4Rpy,Human SI,113.71151986975316,0.00098860131193756,0.1124153577256519
MGE interneuron,Human DGR-CA4Rpy,Human STG,69.3009006460542,0.0016325484787659914,0.11313707992682889
MGE interneuron,Human DGR-CA4Rpy,Human Sub,100.01341880484001,0.0009282456244406019,0.09283701839093816
MGE interneuron,Human DGR-CA4Rpy,Human TF,131.85274004413301,0.0008450566007717044,0.11142302830413023
MGE interneuron,Human DGR-CA4Rpy,Human TH-TL,81.68142500020464,0.001247731859956712,0.10191651633942
MGE interneuron,Human DGR-CA4Rpy,Human V1C,116.77002700627862,0.001249538387050616,0.14590863120128228
MGE interneuron,Human DGR-CA4Rpy,Human V2,143.26658380520084,0.0008938440195402405,0.12805797913423944
MGE interneuron,Human DGU-CA4Upy,Human FI,56.19021239969182,0.0012855450071682646,0.07223504700214814
MGE interneuron,Human DGU-CA4Upy,Human HTHso,51.65352318200921,0.0032372848332512935,0.1672171671811125
MGE interneuron,Human DGU-CA4Upy,Human ITG,92.9222975438444,0.000657203744279834,0.06106888187289936
MGE interneuron,Human DGU-CA4Upy,Human Idg,114.63962534602523,0.0005858724412799562,0.06716419716889535
MGE interneuron,Human DGU-CA4Upy,Human Ig,92.09627558229867,0.0007670107307448171,0.07063883163325496
MGE interneuron,Human DGU-CA4Upy,Human LEC,91.76515259049032,0.0006107162453283632,0.05604246944204857
MGE interneuron,Human DGU-CA4Upy,Human LG,133.53918444138276,0.0015878242749925624,0.21203675871873665
MGE interneuron,Human DGU-CA4Upy,Human La,80.81913248912281,0.0011064729815523182,0.08942418649171155
MGE interneuron,Human DGU-CA4Upy,Human M1C,95.63909498705368,0.001093617818125823,0.10459261838726999
MGE interneuron,Human DGU-CA4Upy,Human MEC,94.68565569598461,0.0006515658330330713,0.061693938129836784
MGE interneuron,Human DGU-CA4Upy,Human MTG,83.09139158523183,0.000748045772896851,0.062156164239449654
MGE interneuron,Human DGU-CA4Upy,Human Pir,62.540495973063706,0.0008144900302753383,0.05093861045853533
MGE interneuron,Human DGU-CA4Upy,Human Pro,109.08451061889643,0.000747186363633189,0.08150645881803922
MGE interneuron,Human DGU-CA4Upy,Human Pu,83.95930827547257,0.0009200330317883298,0.07724533693953403
MGE interneuron,Human DGU-CA4Upy,Human Pul,117.90684508106047,0.0017523854922401614,0.2066182447558586
MGE interneuron,Human DGU-CA4Upy,Human S1C,88.21350090727621,0.0008683803081066485,0.07660286709702663
MGE interneuron,Human DGU-CA4Upy,Human SC,69.1951236069059,0.0012673317163433848,0.08769317476333272
MGE interneuron,Human DGU-CA4Upy,Human SEP,55.52968795185328,0.0009099643546718968,0.05053003666223997
MGE interneuron,Human DGU-CA4Upy,Human SI,67.57245961093302,0.0009480569036377044,0.06406253682992501
MGE interneuron,Human DGU-CA4Upy,Human STG,77.26419453325764,0.0009037616458598312,0.0698284156174111
MGE interneuron,Human DGU-CA4Upy,Human Sub,148.50999063198518,0.0003758770827412139,0.055821502036675595
MGE interneuron,Human DGU-CA4Upy,Human TF,83.55712739692069,0.0007923691583764501,0.06620809071185187
MGE interneuron,Human DGU-CA4Upy,Human TH-TL,93.04681946968037,0.0006937061693900174,0.06454715270823647
MGE interneuron,Human DGU-CA4Upy,Human V1C,113.22946640883893,0.0010565931590756006,0.11963747961335972
MGE interneuron,Human DGU-CA4Upy,Human V2,101.630869400013,0.0009853271605379673,0.1001396559689198
MGE interneuron,Human FI,Human HTHso,72.43796370027778,0.0011430943718774077,0.08280342861604748
MGE interneuron,Human FI,Human ITG,42.55089754923886,0.0005499736545465982,0.023401872629392785
MGE interneuron,Human FI,Human Idg,30.839386438313976,0.000731502820620501,0.0225590981658323
MGE interneuron,Human FI,Human Ig,43.53435448641196,0.0009423700971567686,0.04102547386701724
MGE interneuron,Human FI,Human LEC,46.52873741182994,0.00030573599618248645,0.014225509883719152
MGE interneuron,Human FI,Human LG,76.51388822039523,0.002486716836008149,0.19026837402610242
MGE interneuron,Human FI,Human La,57.300128686141626,0.0002491533689881775,0.014276520105608297
MGE interneuron,Human FI,Human M1C,81.380903898139,0.000630201853717417,0.05128639649380616
MGE interneuron,Human FI,Human MEC,70.28752007378056,0.0003158534232483417,0.022200553826940125
MGE interneuron,Human FI,Human MTG,47.131857942428425,0.0005992017980394303,0.028241494024042114
MGE interneuron,Human FI,Human Pir,59.55148409364854,0.00023013629367378536,0.013704957832085658
MGE interneuron,Human FI,Human Pro,52.44818323842553,0.0007177908117469681,0.037646824021363184
MGE interneuron,Human FI,Human Pu,42.18793433067948,0.00124966122003671,0.052720625486505523
MGE interneuron,Human FI,Human Pul,47.71705382353246,0.0031637250563286935,0.15096363879569452
MGE interneuron,Human FI,Human S1C,65.1195379110326,0.0006694399059013739,0.043593617331502604
MGE interneuron,Human FI,Human SC,31.876888450171915,0.00103343912870486,0.03294282382576768
MGE interneuron,Human FI,Human SEP,10.249086415456494,0.0011877796317254076,0.012173656088072792
MGE interneuron,Human FI,Human SI,49.966874085436324,0.00034282194282471467,0.017129740850847168
MGE interneuron,Human FI,Human STG,50.03646071495203,0.0014887884462220662,0.07449370460226488
MGE interneuron,Human FI,Human Sub,26.06446295560526,0.0008884595849330962,0.02315722193904111
MGE interneuron,Human FI,Human TF,72.03764461436583,0.00033533975585446326,0.024157086157312026
MGE interneuron,Human FI,Human TH-TL,38.51179447749301,0.0010081145105996087,0.03882429884199058
MGE interneuron,Human FI,Human V1C,84.46459978348692,0.0010503002681339483,0.08871319180042295
MGE interneuron,Human FI,Human V2,87.37303335834646,0.000491612020433318,0.0429536334606844
MGE interneuron,Human HTHso,Human ITG,36.323540078741274,0.0020929661488204815,0.07602393979012953
MGE interneuron,Human HTHso,Human Idg,37.549904650845185,0.00224007755034837,0.08411469842608016
MGE interneuron,Human HTHso,Human Ig,48.16801047104774,0.0027018531415522293,0.130142890413521
MGE interneuron,Human HTHso,Human LEC,58.285942281798164,0.0019153255001868959,0.11163655155474961
MGE interneuron,Human HTHso,Human LG,37.87332968441024,0.004562583732173277,0.17280023790132543
MGE interneuron,Human HTHso,Human La,47.999069141433736,0.001431459657603466,0.06870873107848183
MGE interneuron,Human HTHso,Human M1C,44.342438019903476,0.0025277840842812286,0.11208810908493884
MGE interneuron,Human HTHso,Human MEC,76.74098807245258,0.00185358079796262,0.14224562190777656
MGE interneuron,Human HTHso,Human MTG,32.15832925261158,0.0023944943225009175,0.0770029368164936
MGE interneuron,Human HTHso,Human Pir,55.26420502304196,0.0013782402467189662,0.07616735156568488
MGE interneuron,Human HTHso,Human Pro,39.20294224430478,0.0025250658176532116,0.09899000941252709
MGE interneuron,Human HTHso,Human Pu,25.30508667118325,0.003131886241346944,0.07925265278157076
MGE interneuron,Human HTHso,Human Pul,34.96777484315998,0.005698320655259563,0.19925759365724427
MGE interneuron,Human HTHso,Human S1C,60.66528568456184,0.002548332278083566,0.15459530566912982
MGE interneuron,Human HTHso,Human SC,43.657817063003264,0.0031618670660739237,0.13804021394819022
MGE interneuron,Human HTHso,Human SEP,32.226135385020996,0.0033532833319072377,0.10806336263837693
MGE interneuron,Human HTHso,Human SI,38.38954430651924,0.002080135022806046,0.07985543562155512
MGE interneuron,Human HTHso,Human STG,27.229583968533813,0.0035335102676779277,0.09621601453741252
MGE interneuron,Human HTHso,Human Sub,52.866195976762526,0.002476521155238619,0.13092425273344316
MGE interneuron,Human HTHso,Human TF,39.29891337535132,0.0018906774871671366,0.0743015707889082
MGE interneuron,Human HTHso,Human TH-TL,21.327381676586775,0.002619563363258038,0.05586842767420751
MGE interneuron,Human HTHso,Human V1C,45.47255730183572,0.00296194379257515,0.1346871588326901
MGE interneuron,Human HTHso,Human V2,53.726144578609436,0.0022358777703752938,0.12012509235128194
MGE interneuron,Human ITG,Human Idg,41.18676644842004,0.00012652179436421546,0.005211023595113969
MGE interneuron,Human ITG,Human Ig,61.01447628492518,0.00021487104388987345,0.0131102442117358
MGE interneuron,Human ITG,Human LEC,133.24593720931992,0.00025024529775643167,0.03334416923178106
MGE interneuron,Human ITG,Human LG,87.27506693166187,0.0014916466893337525,0.1301835646499951
MGE interneuron,Human ITG,Human La,65.56010524722973,0.0007014342968342834,0.0459861063244722
MGE interneuron,Human ITG,Human M1C,75.67297121670578,0.00042349779528167905,0.032047336472688856
MGE interneuron,Human ITG,Human MEC,85.67490112807809,0.0003456461004396387,0.029613195480471796
MGE interneuron,Human ITG,Human MTG,31.75361088392963,0.00013263655815844082,0.004211689656746832
MGE interneuron,Human ITG,Human Pir,110.94636786693506,0.000283240182308062,0.031424469461048
MGE interneuron,Human ITG,Human Pro,48.38467654053363,0.00012824941222524015,0.006205306327031804
MGE interneuron,Human ITG,Human Pu,70.21598757982018,0.0004053943577933823,0.02846516519174931
MGE interneuron,Human ITG,Human Pul,66.40850722713597,0.0017642713457765896,0.11716262641663355
MGE interneuron,Human ITG,Human S1C,66.10048927311979,0.00032133919919248295,0.021240678289255625
MGE interneuron,Human ITG,Human SC,53.575093266354976,0.0007364885387405905,0.03945744215262863
MGE interneuron,Human ITG,Human SEP,64.97032561806306,0.00048724916756074635,0.031656737073551856
MGE interneuron,Human ITG,Human SI,57.86597881155419,0.00042430660368093754,0.024552916938203655
MGE interneuron,Human ITG,Human STG,37.68496390791247,0.00037204859551055345,0.014020637893804732
MGE interneuron,Human ITG,Human Sub,88.1801214569794,0.00029834544833293424,0.026308137870135116
MGE interneuron,Human ITG,Human TF,29.486611814938716,8.652792432588074e-05,0.002551415315749638
MGE interneuron,Human ITG,Human TH-TL,36.6339305753918,0.0001724280567599802,0.006316717460594832
MGE interneuron,Human ITG,Human V1C,96.11804571579172,0.0004143292463831879,0.039824517445248786
MGE interneuron,Human ITG,Human V2,76.45051727224269,0.00025907917020870553,0.019806736576918945
MGE interneuron,Human Idg,Human Ig,77.7874457313088,0.00015066417888076936,0.011719781638340048
MGE interneuron,Human Idg,Human LEC,80.80564871801135,0.0002471075245000802,0.019967683820330866
MGE interneuron,Human Idg,Human LG,82.17794194166522,0.0016934820046817733,0.1391668658599936
MGE interneuron,Human Idg,Human La,45.59708590882848,0.0009010937988439469,0.04108725135780006
MGE interneuron,Human Idg,Human M1C,64.87183146389323,0.000709279444050054,0.04601225655521899
MGE interneuron,Human Idg,Human MEC,68.91378758296308,0.0004285170089158603,0.02953073012811429
MGE interneuron,Human Idg,Human MTG,35.76214266226746,0.00022068755265245186,0.007892259741743644
MGE interneuron,Human Idg,Human Pir,59.539395709425456,0.0003160432311526439,0.018817023000882685
MGE interneuron,Human Idg,Human Pro,109.79966522361609,0.00015800550178334785,0.01734895119930107
MGE interneuron,Human Idg,Human Pu,48.927014585791206,0.0004878943583444035,0.023871214387041872
MGE interneuron,Human Idg,Human Pul,75.14769429468882,0.0018304320667687688,0.13755274938073486
MGE interneuron,Human Idg,Human S1C,85.39564025441823,0.0004056263112624791,0.034638718554297336
MGE interneuron,Human Idg,Human SC,45.34080315531339,0.0009997999760477509,0.04533173390866811
MGE interneuron,Human Idg,Human SEP,51.342690952000765,0.00041800618597604447,0.021461562422592607
MGE interneuron,Human Idg,Human SI,37.278392487719465,0.0004918696060209636,0.01833610822602942
MGE interneuron,Human Idg,Human STG,63.70261056926315,0.00037468936512740367,0.023868690711155445
MGE interneuron,Human Idg,Human Sub,64.42751468349475,0.0002231152527136504,0.014374761220320354
MGE interneuron,Human Idg,Human TF,34.01669928435009,0.0002483561089621386,0.008448255073996352
MGE interneuron,Human Idg,Human TH-TL,66.07283213347735,0.000108659569880103,0.007179445520383898
MGE interneuron,Human Idg,Human V1C,130.03947195368715,0.0005185794796025126,0.06743580169352861
MGE interneuron,Human Idg,Human V2,82.31938658447078,0.0004182689542475697,0.03443164374098801
MGE interneuron,Human Ig,Human LEC,98.63303311630914,0.00036068910594402024,0.03557586053126848
MGE interneuron,Human Ig,Human LG,83.27980919397079,0.001564282536309147,0.13027315114928645
MGE interneuron,Human Ig,Human La,56.360429699426255,0.0011968997834221656,0.06745778610082348
MGE interneuron,Human Ig,Human M1C,39.38774770313167,0.0006062175294799847,0.023877543104373428
MGE interneuron,Human Ig,Human MEC,55.22556230462169,0.0005979511464911645,0.033022188295667776
MGE interneuron,Human Ig,Human MTG,76.87713154776002,0.0001474590097187806,0.011336225688053118
MGE interneuron,Human Ig,Human Pir,64.70572888263537,0.0004645453384832085,0.03005874472558657
MGE interneuron,Human Ig,Human Pro,114.1889214614511,8.23660652443121e-05,0.009405292155271512
MGE interneuron,Human Ig,Human Pu,73.97089271817872,0.0005934727973692335,0.04389971262535699
MGE interneuron,Human Ig,Human Pul,75.09659463381261,0.001625141211409852,0.12204257077594881
MGE interneuron,Human Ig,Human S1C,42.68062153660062,0.00023231285536789954,0.009915257058044358
MGE interneuron,Human Ig,Human SC,30.704683700688978,0.0010618737988119923,0.03260449912257127
MGE interneuron,Human Ig,Human SEP,55.14754710888277,0.00048009179481527553,0.026475884871163487
MGE interneuron,Human Ig,Human SI,60.531701470617065,0.000747707218844126,0.04525999015849798
MGE interneuron,Human Ig,Human STG,93.37931829098122,0.0002238876088499649,0.020906472288207575
MGE interneuron,Human Ig,Human Sub,70.80943621642938,0.00047817485323880485,0.03385929177071363
MGE interneuron,Human Ig,Human TF,56.01938701351214,0.00035132034991497885,0.019680750647609706
MGE interneuron,Human Ig,Human TH-TL,111.04935498831803,0.0002140399928833726,0.023769003151402707
MGE interneuron,Human Ig,Human V1C,130.07653070784528,0.00020955967623250576,0.027258795660583653
MGE interneuron,Human Ig,Human V2,31.800522939020485,0.00026480315286539746,0.00842087873702102
MGE interneuron,Human LEC,Human LG,102.16469664957302,0.001813655352836091,0.18529154894937355
MGE interneuron,Human LEC,Human La,64.57469828970186,0.0004213295348984127,0.02720722759660541
MGE interneuron,Human LEC,Human M1C,117.72522792600637,0.0005244646138709379,0.061742716207081084
MGE interneuron,Human LEC,Human MEC,52.66792449390044,0.00016990328178293726,0.00894845321620963
MGE interneuron,Human LEC,Human MTG,157.1951656913144,0.0002417598145409782,0.03800347410427051
MGE interneuron,Human LEC,Human Pir,70.78989197885306,9.62208090394454e-05,0.006811460678020189
MGE interneuron,Human LEC,Human Pro,172.15085352583623,0.0003027939946911853,0.052126244628585075
MGE interneuron,Human LEC,Human Pu,48.825921571062366,0.0007153901374609868,0.03492958274438167
MGE interneuron,Human LEC,Human Pul,81.16915491454719,0.00218004919093313,0.1769527505001845
MGE interneuron,Human LEC,Human S1C,133.11574203825353,0.0003573735822022322,0.04757204957971893
MGE interneuron,Human LEC,Human SC,52.70589060273604,0.000811691731576856,0.04278093560763516
MGE interneuron,Human LEC,Human SEP,44.48941101601212,0.0005516722241693821,0.024543572327189213
MGE interneuron,Human LEC,Human SI,57.43923791154792,0.0002708760514764577,0.015558913965296958
MGE interneuron,Human LEC,Human STG,82.30891038288412,0.0007806580789392432,0.06425511585908465
MGE interneuron,Human LEC,Human Sub,17.259686751349356,0.00036799372829339017,0.006351456476805082
MGE interneuron,Human LEC,Human TF,125.76352397149076,0.0002143550916741218,0.026958051710169517
MGE interneuron,Human LEC,Human TH-TL,60.32375237747814,0.00043958632960602526,0.026517496895678352
MGE interneuron,Human LEC,Human V1C,152.79899477885706,0.0006093551635080214,0.09310885644733174
MGE interneuron,Human LEC,Human V2,211.15865972204574,0.00031080376186425453,0.06562890579182586
MGE interneuron,Human LG,Human La,93.30737142992739,0.002166290418684771,0.2021308647213128
MGE interneuron,Human LG,Human M1C,91.58091571216917,0.0012943444673916846,0.11853725157071036
MGE interneuron,Human LG,Human MEC,116.73718269193219,0.0016256185270809842,0.18977012698324258
MGE interneuron,Human LG,Human MTG,77.24840916082951,0.001569933983154919,0.121274902686242
MGE interneuron,Human LG,Human Pir,84.0135215043076,0.001967119040559023,0.16526459781553843
MGE interneuron,Human LG,Human Pro,78.14404080559696,0.0014725701865382483,0.11507258474595039
MGE interneuron,Human LG,Human Pu,90.44873690046174,0.0014406615122826306,0.13030601408707299
MGE interneuron,Human LG,Human Pul,31.18898138981815,0.001188256997411508,0.03706052537858871
MGE interneuron,Human LG,Human S1C,89.33175418945716,0.0016020265379154018,0.14311184089004575
MGE interneuron,Human LG,Human SC,84.23427692193371,0.001866882516970781,0.15725549891523338
MGE interneuron,Human LG,Human SEP,87.05661668027763,0.001873636879724228,0.16311248763618355
MGE interneuron,Human LG,Human SI,82.23738618130874,0.0022719874768942576,0.1868423115364503
MGE interneuron,Human LG,Human STG,67.76844897403768,0.0015857332627283592,0.10746268370164111
MGE interneuron,Human LG,Human Sub,112.33428297539527,0.001516254647548607,0.17032737864048345
MGE interneuron,Human LG,Human TF,80.12326186796544,0.0016727669166220747,0.1340275417045796
MGE interneuron,Human LG,Human TH-TL,88.05239781476998,0.0015290178228353091,0.13463368560216812
MGE interneuron,Human LG,Human V1C,70.49375175454543,0.0013663219119627486,0.09631715767869786
MGE interneuron,Human LG,Human V2,84.43344164675612,0.0015308754619697976,0.12925708398667773
MGE interneuron,Human La,Human M1C,100.77967544192698,0.000715912049950414,0.07214938403896734
MGE interneuron,Human La,Human MEC,183.49268983898548,0.0002481867846021767,0.04554046068914231
MGE interneuron,Human La,Human MTG,59.907551671871964,0.0008287023015380837,0.04964552594999197
MGE interneuron,Human La,Human Pir,55.815153773747745,0.0003654148908788739,0.0203956883256216
MGE interneuron,Human La,Human Pro,62.245400031578214,0.0009705360943882157,0.060411407440280035
MGE interneuron,Human La,Human Pu,47.304853121470316,0.0012546387459786566,0.05935050159902606
MGE interneuron,Human La,Human Pul,59.56756026302468,0.0029651079004872037,0.1766242435486421
MGE interneuron,Human La,Human S1C,77.34088254349128,0.0009132153972243647,0.07062888477363732
MGE interneuron,Human La,Human SC,48.38574799272092,0.001059339617035965,0.05125693974860769
MGE interneuron,Human La,Human SEP,26.887088535546194,0.0012907702633056222,0.034705054348548536
MGE interneuron,Human La,Human SI,47.906837981274684,0.00048436616612834086,0.023204451444321605
MGE interneuron,Human La,Human STG,51.311667291864474,0.0017373576474316171,0.08914671757198751
MGE interneuron,Human La,Human Sub,56.48933618243092,0.0007875268738489038,0.044486870329549594
MGE interneuron,Human La,Human TF,69.93244152166791,0.0005355604892495504,0.03745305259576004
MGE interneuron,Human La,Human TH-TL,47.57984204085343,0.0011291187488557243,0.05372329171592141
MGE interneuron,Human La,Human V1C,74.62334188126596,0.0013150137536546806,0.09813072091754008
MGE interneuron,Human La,Human V2,101.40973637025522,0.0007291077381929088,0.07393862351565594
MGE interneuron,Human M1C,Human MEC,118.36051142066702,0.000394976613418305,0.04674963396339367
MGE interneuron,Human M1C,Human MTG,84.11171586149156,0.00037916812923003313,0.03189248194952986
MGE interneuron,Human M1C,Human Pir,107.02546098768501,0.0005833950969982792,0.06243812919419604
MGE interneuron,Human M1C,Human Pro,53.28410518100403,0.0004354009992184394,0.02319995263826958
MGE interneuron,Human M1C,Human Pu,74.04988512653695,0.0007163888296576628,0.053048510542084176
MGE interneuron,Human M1C,Human Pul,54.26766586575556,0.0017709017152994725,0.09610270256696515
MGE interneuron,Human M1C,Human S1C,39.87180975965565,0.00044339547574050755,0.017678980057017527
MGE interneuron,Human M1C,Human SC,42.46543486354925,0.0007269168133705169,0.03086883858940447
MGE interneuron,Human M1C,Human SEP,60.51430157337644,0.0010816430436133427,0.06545487333596259
MGE interneuron,Human M1C,Human SI,101.85765604352537,0.0007350326467997915,0.07486870251849523
MGE interneuron,Human M1C,Human STG,44.04509031248253,0.0008980182371264547,0.03955329435649105
MGE interneuron,Human M1C,Human Sub,66.41312219548456,0.0007896782160084874,0.05244499585488392
MGE interneuron,Human M1C,Human TF,79.15471848647313,0.00035724003338783263,0.028277234274912154
MGE interneuron,Human M1C,Human TH-TL,68.69310430679162,0.0006941383975985979,0.04768252134958968
MGE interneuron,Human M1C,Human V1C,51.10106475825726,0.00044368065103154975,0.022672553680348963
MGE interneuron,Human M1C,Human V2,71.00706557116412,0.00020554415900503093,0.014595087576240014
MGE interneuron,Human MEC,Human MTG,80.38090853243546,0.0004083528543466628,0.03282377343419804
MGE interneuron,Human MEC,Human Pir,69.92062936941134,0.00023545440137274728,0.01646311993178048
MGE interneuron,Human MEC,Human Pro,98.62935501858237,0.0004674809543753135,0.04610734501350851
MGE interneuron,Human MEC,Human Pu,60.618872597566195,0.0008239831919351914,0.0499489321344553
MGE interneuron,Human MEC,Human Pul,89.23882648934095,0.0020674016424329627,0.18449249645285365
MGE interneuron,Human MEC,Human S1C,75.09558859887156,0.000450351871485202,0.033819438865784604
MGE interneuron,Human MEC,Human SC,30.271069485698604,0.0008077782579622125,0.024452311775810705
MGE interneuron,Human MEC,Human SEP,40.33714630845506,0.0008562979549558027,0.03454061589268308
MGE interneuron,Human MEC,Human SI,80.58883437242228,0.00038671311804630185,0.031164759419876408
MGE interneuron,Human MEC,Human STG,65.48151768067451,0.0010652172235429335,0.06975204045718562
MGE interneuron,Human MEC,Human Sub,30.469924527902272,0.00040745583993056535,0.012415148691137355
MGE interneuron,Human MEC,Human TF,95.12695700446747,0.00031081449844292145,0.029566837429744912
MGE interneuron,Human MEC,Human TH-TL,67.05903225445937,0.0006216398487916634,0.0416865666707774
MGE interneuron,Human MEC,Human V1C,114.52684098236159,0.0007418701573716458,0.08496404554286205
MGE interneuron,Human MEC,Human V2,152.42454536287707,0.00034824053977622316,0.053080405952313725
MGE interneuron,Human MTG,Human Pir,102.87107424762799,0.0003274144919483393,0.03368148051096701
MGE interneuron,Human MTG,Human Pro,46.49582885519896,0.00012979523815502376,0.006034937179475775
MGE interneuron,Human MTG,Human Pu,50.8983898738723,0.0005399338100160183,0.027481761568280593
MGE interneuron,Human MTG,Human Pul,62.406457758041405,0.0018104139875776259,0.1129815240403304
MGE interneuron,Human MTG,Human S1C,113.06712070231906,0.00018240119371601356,0.020623577786135584
MGE interneuron,Human MTG,Human SC,56.494572703194656,0.0007630728482878715,0.04310947450543298
MGE interneuron,Human MTG,Human SEP,76.85573000593492,0.00042995227596435916,0.03304429603695401
MGE interneuron,Human MTG,Human SI,54.062262737674104,0.0005361339700024985,0.02898461554886736
MGE interneuron,Human MTG,Human STG,31.919991497210507,0.0003059892180315672,0.009767173237805717
MGE interneuron,Human MTG,Human Sub,58.251794744653964,0.0004844615725913516,0.02822075608826369
MGE interneuron,Human MTG,Human TF,28.791663378656036,0.00020336955907442143,0.005855347886336445
MGE interneuron,Human MTG,Human TH-TL,21.68603298580307,0.0002625774344345294,0.005694262904474748
MGE interneuron,Human MTG,Human V1C,133.64199912645893,0.0002621198479305566,0.03503022048816299
MGE interneuron,Human MTG,Human V2,106.9537818896309,0.00017971825475034518,0.01922154702015354
MGE interneuron,Human Pir,Human Pro,102.24836137039948,0.00041539593719675254,0.04247355389828932
MGE interneuron,Human Pir,Human Pu,41.31581390483278,0.0007959751954809329,0.032886363049353114
MGE interneuron,Human Pir,Human Pul,65.9379035085072,0.0025355980490507236,0.16719201949466572
MGE interneuron,Human Pir,Human S1C,96.41240747497443,0.000509906287433211,0.04916129275806217
MGE interneuron,Human Pir,Human SC,48.15488381739498,0.0009010288078684244,0.04338893755902988
MGE interneuron,Human Pir,Human SEP,35.13232851062728,0.0007609908763585968,0.026735381461820373
MGE interneuron,Human Pir,Human SI,41.61135718150566,0.0003468165220100725,0.014431506173808645
MGE interneuron,Human Pir,Human STG,59.91479635591866,0.0009672298255711813,0.05795137802846805
MGE interneuron,Human Pir,Human Sub,26.376262786974845,0.00047388565065230055,0.012499332452581637
MGE interneuron,Human Pir,Human TF,132.10111921469823,0.00022458823052632563,0.02966835661497627
MGE interneuron,Human Pir,Human TH-TL,56.712787731833615,0.00048691240886672644,0.027614160088054437
MGE interneuron,Human Pir,Human V1C,126.33736867768792,0.0007411225487063268,0.09363147267125893
MGE interneuron,Human Pir,Human V2,177.0431261103552,0.0003822897700532528,0.06768177597023672
MGE interneuron,Human Pro,Human Pu,59.398182493631474,0.0004998988925643049,0.02969308564889886
MGE interneuron,Human Pro,Human Pul,65.05229822551219,0.0015494472099497336,0.10079510198633787
MGE interneuron,Human Pro,Human S1C,91.77716136975484,0.00016070772569595608,0.014749298874564058
MGE interneuron,Human Pro,Human SC,42.63515101374414,0.0008669660095825243,0.03696322674233407
MGE interneuron,Human Pro,Human SEP,88.63932655823133,0.00045484460218116164,0.040317119225984806
MGE interneuron,Human Pro,Human SI,68.62851448016598,0.0005330961679284327,0.036585598079997436
MGE interneuron,Human Pro,Human STG,23.378180207786674,0.00024257585520397044,0.005670982057016388
MGE interneuron,Human Pro,Human Sub,101.91429649654383,0.00041556583743495093,0.04235209997018012
MGE interneuron,Human Pro,Human TF,45.72954474160529,0.00019476558838156,0.008906541688019628
MGE interneuron,Human Pro,Human TH-TL,51.139617718079954,0.00023099888484549164,0.011813194664301216
MGE interneuron,Human Pro,Human V1C,118.95678625039254,0.00018356895976791548,0.02183677350931883
MGE interneuron,Human Pro,Human V2,63.120952553856434,0.00016187335868155151,0.010217600593071597
MGE interneuron,Human Pu,Human Pul,68.59685182702512,0.0016026496102117187,0.10993671784233282
MGE interneuron,Human Pu,Human S1C,60.556239689185105,0.000870092074646663,0.052689504223963665
MGE interneuron,Human Pu,Human SC,41.31994130446772,0.0009814771984229572,0.04055458023051001
MGE interneuron,Human Pu,Human SEP,38.087683539484786,0.000679703457398639,0.025888330186093038
MGE interneuron,Human Pu,Human SI,38.58700636532287,0.0009082845926200987,0.03504798335695644
MGE interneuron,Human Pu,Human STG,60.669318942845514,0.0005895258759050434,0.035766133390343444
MGE interneuron,Human Pu,Human Sub,68.71038906690795,0.0005310437587523228,0.03648822327542531
MGE interneuron,Human Pu,Human TF,49.89930296386055,0.0005288009131066717,0.026386796970675908
MGE interneuron,Human Pu,Human TH-TL,72.75797965978784,0.0003214883324985827,0.023390841556790987
MGE interneuron,Human Pu,Human V1C,96.21218753368545,0.0008334804952949948,0.08019098171899108
MGE interneuron,Human Pu,Human V2,74.31676423789624,0.0007775381130139154,0.05778411663083387
MGE interneuron,Human Pul,Human S1C,74.96505005065846,0.0017049740949958403,0.12781346836643928
MGE interneuron,Human Pul,Human SC,58.39333230273796,0.0023811196527828396,0.13904151113752838
MGE interneuron,Human Pul,Human SEP,87.88453068416607,0.0019315347694923357,0.1697520267169828
MGE interneuron,Human Pul,Human SI,55.19050473950917,0.0026082247733929414,0.14394924171764836
MGE interneuron,Human Pul,Human STG,67.23463323542855,0.0014218473113576482,0.09559738249591165
MGE interneuron,Human Pul,Human Sub,100.51948569827367,0.0016290064571578985,0.16374689127267883
MGE interneuron,Human Pul,Human TF,57.552438581443774,0.002071173241441661,0.119201070769601
MGE interneuron,Human Pul,Human TH-TL,60.57463264201158,0.001704149294546866,0.1032282174843196
MGE interneuron,Human Pul,Human V1C,52.57151921122548,0.0014539368451408922,0.07643566878623298
MGE interneuron,Human Pul,Human V2,56.19491600635281,0.0018256488811741124,0.10259218553467124
MGE interneuron,Human S1C,Human SC,31.7057956300658,0.0009502185710282642,0.03012743581691531
MGE interneuron,Human S1C,Human SEP,86.84282437864651,0.0005463207978828252,0.04744404110494023
MGE interneuron,Human S1C,Human SI,88.85222892268823,0.0006152716476928537,0.05466825729044502
MGE interneuron,Human S1C,Human STG,67.75496233021912,0.00044765122307009405,0.03033059175619074
MGE interneuron,Human S1C,Human Sub,62.07907654905499,0.0006490083577586104,0.04028983952227324
MGE interneuron,Human S1C,Human TF,76.41679679718541,0.00034733885692746734,0.02654252284959293
MGE interneuron,Human S1C,Human TH-TL,65.1072962299935,0.0005930832960090717,0.03861404984232355
MGE interneuron,Human S1C,Human V1C,126.20525863177755,0.00019263569519335007,0.024311637733589013
MGE interneuron,Human S1C,Human V2,55.06427628725461,0.0001430845409458556,0.007878846695077588
MGE interneuron,Human SC,Human SEP,42.138769306304305,0.0009694105063843203,0.04084976569163651
MGE interneuron,Human SC,Human SI,44.63835661215076,0.0009322280955784905,0.041613130174298824
MGE interneuron,Human SC,Human STG,44.5416376948045,0.0012596155991411364,0.0561053416516686
MGE interneuron,Human SC,Human Sub,35.12228651938235,0.0009956259494461502,0.03496865986257977
MGE interneuron,Human SC,Human TF,44.276518500382686,0.0006561802355117124,0.0290533763372198
MGE interneuron,Human SC,Human TH-TL,39.86844663585842,0.0009983054548682237,0.039800887753700144
MGE interneuron,Human SC,Human V1C,52.71043380878171,0.0010905621895886046,0.05748400610867019
MGE interneuron,Human SC,Human V2,49.109283956915796,0.0007900798794443621,0.03880025714827898
MGE interneuron,Human SEP,Human SI,22.01284851014296,0.0007383812189059255,0.016253873914510844
MGE interneuron,Human SEP,Human STG,99.13809558525963,0.000503543700622607,0.04992036352367937
MGE interneuron,Human SEP,Human Sub,26.354432888000424,0.0005667543136220734,0.01493648852233768
MGE interneuron,Human SEP,Human TF,48.379445205705665,0.0005938420982687384,0.028729751254033712
MGE interneuron,Human SEP,Human TH-TL,50.632674025099114,0.0004848856218689475,0.02455105563154789
MGE interneuron,Human SEP,Human V1C,113.94493223407162,0.0007828886107690836,0.0892061897009097
MGE interneuron,Human SEP,Human V2,78.82916118988972,0.0007676330658476109,0.06051187068239054
MGE interneuron,Human SI,Human STG,56.92365465181295,0.0010601215660694923,0.06034599391587889
MGE interneuron,Human SI,Human Sub,46.50424630958347,0.0005726143921724223,0.026629000733998754
MGE interneuron,Human SI,Human TF,92.84144257892956,0.0003054523235230947,0.028358634354970012
MGE interneuron,Human SI,Human TH-TL,39.624817387601155,0.0007084124792219757,0.028070715124268585
MGE interneuron,Human SI,Human V1C,110.24027391020266,0.0010134943331271866,0.11172789289037924
MGE interneuron,Human SI,Human V2,96.05916728793702,0.0005782996334782217,0.05555098123483716
MGE interneuron,Human STG,Human Sub,86.38800162945407,0.000654724107374383,0.056560307254701056
MGE interneuron,Human STG,Human TF,35.75622734106204,0.0005933219359167826,0.021214954027079524
MGE interneuron,Human STG,Human TH-TL,46.251425251684225,0.0003163308537060838,0.014630752834988391
MGE interneuron,Human STG,Human V1C,72.7046540414783,0.00036634789490109067,0.02663519695760765
MGE interneuron,Human STG,Human V2,40.91756763738908,0.0005996094275971797,0.02453455930972375
MGE interneuron,Human Sub,Human TF,68.10350175943302,0.00040331530216697103,0.02746718439073457
MGE interneuron,Human Sub,Human TH-TL,102.72849236234268,0.0003218243601801813,0.033060531326785575
MGE interneuron,Human Sub,Human V1C,108.62419222721482,0.0008003231509397439,0.086934455791569
MGE interneuron,Human Sub,Human V2,85.20347785336276,0.0006583703558029243,0.05609544402996502
MGE interneuron,Human TF,Human TH-TL,28.97990582394745,0.00034478497633574033,0.009991836143721705
MGE interneuron,Human TF,Human V1C,82.0386343398533,0.0004992476511922331,0.04095759550119024
MGE interneuron,Human TF,Human V2,81.62989024614981,0.00021455541102567493,0.017514134653743407
MGE interneuron,Human TH-TL,Human V1C,93.76106147666651,0.0005711212779881294,0.053548937256077345
MGE interneuron,Human TH-TL,Human V2,53.73244924238073,0.0005324071791207425,0.0286075417283844
MGE interneuron,Human V1C,Human V2,64.09799536606948,0.00017913732397208668,0.0114823433618529
Thalamic excitatory,Human ANC,Human BNST,87.2627830862235,0.0015818231532719403,0.13803429070473539
Thalamic excitatory,Human ANC,Human CM,142.90215307406226,0.0011283162997189145,0.16123882857839184
Thalamic excitatory,Human ANC,Human CM-Pf,116.93398257577785,0.001343311446992847,0.1570787573365045
Thalamic excitatory,Human ANC,Human ETH,20.139366280391066,0.0026273315469193866,0.05291279236343599
Thalamic excitatory,Human ANC,Human LG,45.32774829325616,0.00370615747330078,0.16799177308494798
Thalamic excitatory,Human ANC,Human LP,27.340747562776578,0.006078963920325384,0.166203417988843
Thalamic excitatory,Human ANC,Human LP-VPL,91.21034126288266,0.002092820702133382,0.19088689044361146
Thalamic excitatory,Human ANC,Human M1C,162.14507769432294,0.002098494720491626,0.3402605894952412
Thalamic excitatory,Human ANC,Human MD,16.890826632578367,0.0030267712411995496,0.05112466829157564
Thalamic excitatory,Human ANC,Human MD-Re,56.48394847118053,0.0009127357408325131,0.05155491855298846
Thalamic excitatory,Human ANC,Human MG,17.049368139887296,0.007852745615709804,0.13388435091112239
Thalamic excitatory,Human ANC,Human PAG-DR,84.98799684726441,0.0016616578571647697,0.14122097272595158
Thalamic excitatory,Human ANC,Human PTR,19.43180755675499,0.007871924829067994,0.15296572837969066
Thalamic excitatory,Human ANC,Human Pul,21.282431540605053,0.0033271831187373408,0.07081054694758426
Thalamic excitatory,Human ANC,Human SC,92.44807535988069,0.0014495777506284542,0.13401067313010567
Thalamic excitatory,Human ANC,Human SN,24.929290996658757,0.0044698756556940215,0.11143083093967714
Thalamic excitatory,Human ANC,Human SN-RN,49.39716652664624,0.0020301826801756824,0.10028527193215117
Thalamic excitatory,Human ANC,Human VLN,102.7146458028661,0.00025194299188442985,0.02587823517392358
Thalamic excitatory,Human ANC,Human VPL,25.59294696375648,0.008893075615166338,0.2276000125636281
Thalamic excitatory,Human BNST,Human CM,114.67283810931556,0.0012440747111336962,0.14266157794572787
Thalamic excitatory,Human BNST,Human CM-Pf,84.2236228851801,0.0022797965617178196,0.19201272586905188
Thalamic excitatory,Human BNST,Human ETH,55.6485818168267,0.002482725837905656,0.13816017191944252
Thalamic excitatory,Human BNST,Human LG,77.65509948648452,0.0035488167736018577,0.27558371961335726
Thalamic excitatory,Human BNST,Human LP,58.99705113226812,0.006217536080828938,0.3668162940773868
Thalamic excitatory,Human BNST,Human LP-VPL,92.90429504298613,0.002064389347081866,0.19179063698489118
Thalamic excitatory,Human BNST,Human M1C,95.39547277255164,0.0036535297013269843,0.34853019314664707
Thalamic excitatory,Human BNST,Human MD,53.24616281047863,0.0028610115661752145,0.15233788765522793
Thalamic excitatory,Human BNST,Human MD-Re,135.65814888612098,0.0007976167856340306,0.10820321665961058
Thalamic excitatory,Human BNST,Human MG,41.943432381000505,0.006833240071645517,0.2866095428882068
Thalamic excitatory,Human BNST,Human PAG-DR,125.6716219934787,0.0012922205416874748,0.1623954514471566
Thalamic excitatory,Human BNST,Human PTR,38.69786479440284,0.007040456137345852,0.27245061969393347
Thalamic excitatory,Human BNST,Human Pul,62.53689738548703,0.003352081547776664,0.2096287797810938
Thalamic excitatory,Human BNST,Human SC,108.21140482601525,0.002623136435971391,0.283853278786771
Thalamic excitatory,Human BNST,Human SN,62.12500776134626,0.003372427099068108,0.2095120597041807
Thalamic excitatory,Human BNST,Human SN-RN,107.73184232017573,0.0015834884508662767,0.17059212810454505
Thalamic excitatory,Human BNST,Human VLN,82.16602332153957,0.0021090377486791363,0.17329124484397723
Thalamic excitatory,Human BNST,Human VPL,49.93146428895086,0.008997765250400558,0.4492715942807385
Thalamic excitatory,Human CM,Human CM-Pf,79.5695661624517,0.001641349949533516,0.13060150340514384
Thalamic excitatory,Human CM,Human ETH,44.20828175445469,0.0022688532935219506,0.10030210565954087
Thalamic excitatory,Human CM,Human LG,68.32809046747616,0.003297442007532494,0.22530791580193643
Thalamic excitatory,Human CM,Human LP,47.611961607240296,0.005706950520158955,0.27171910906022817
Thalamic excitatory,Human CM,Human LP-VPL,80.05813019487655,0.0005880904527549752,0.04708142203302171
Thalamic excitatory,Human CM,Human M1C,107.9291655769164,0.0032458732066725842,0.35032438676464195
Thalamic excitatory,Human CM,Human MD,55.265439280196695,0.00257865193458833,0.14251033191575307
Thalamic excitatory,Human CM,Human MD-Re,158.01553135233354,0.0005555275603844252,0.0877819826350105
Thalamic excitatory,Human CM,Human MG,34.65087141064044,0.006574632101479954,0.22781673152065063
Thalamic excitatory,Human CM,Human PAG-DR,69.27875792622524,0.0010408161637644067,0.07210645105513674
Thalamic excitatory,Human CM,Human PTR,30.48039864189545,0.007048469523380065,0.21484016088787522
Thalamic excitatory,Human CM,Human Pul,65.7970868622597,0.0026284633958404448,0.17294523437038387
Thalamic excitatory,Human CM,Human SC,143.07093492556106,0.0015471628195940896,0.22135403108139357
Thalamic excitatory,Human CM,Human SN,48.5629160599183,0.003328347388890954,0.16163425486495964
Thalamic excitatory,Human CM,Human SN-RN,87.91561582073655,0.0014161249365704626,0.1244994958776937
Thalamic excitatory,Human CM,Human VLN,133.5150285455304,0.0012643007489166005,0.1688031505817354
Thalamic excitatory,Human CM,Human VPL,41.293190446898656,0.008149065571793334,0.3365009166203272
Thalamic excitatory,Human CM-Pf,Human ETH,41.18386785008222,0.002345119504646792,0.09658109177202376
Thalamic excitatory,Human CM-Pf,Human LG,77.2231523054037,0.003420506591992045,0.26414230151503904
Thalamic excitatory,Human CM-Pf,Human LP,59.427936918493955,0.005032847527828422,0.2990917454041857
Thalamic excitatory,Human CM-Pf,Human LP-VPL,62.39836572018983,0.002050180948009922,0.1279279405864886
Thalamic excitatory,Human CM-Pf,Human M1C,120.51308891216495,0.0023928732047058562,0.28837254127425394
Thalamic excitatory,Human CM-Pf,Human MD,53.426638240934935,0.0030222876040943113,0.16147066648400876
Thalamic excitatory,Human CM-Pf,Human MD-Re,101.97171293524464,0.001460495948305023,0.14892927358364771
Thalamic excitatory,Human CM-Pf,Human MG,35.36583375630689,0.0066778304769415245,0.2361670425003135
Thalamic excitatory,Human CM-Pf,Human PAG-DR,62.278100315232585,0.0016082441464980893,0.10015839028699361
Thalamic excitatory,Human CM-Pf,Human PTR,30.8208105468732,0.006154981473813312,0.1897015179239145
Thalamic excitatory,Human CM-Pf,Human Pul,60.20584726441988,0.003202650180033487,0.19281826758046294
Thalamic excitatory,Human CM-Pf,Human SC,131.91978269515636,0.0017571999326995305,0.23180943327366546
Thalamic excitatory,Human CM-Pf,Human SN,43.40500238914136,0.004120742480408659,0.17886083720717413
Thalamic excitatory,Human CM-Pf,Human SN-RN,66.78669291093456,0.0018770252406122372,0.12536030833084255
Thalamic excitatory,Human CM-Pf,Human VLN,114.6357657673369,0.0015553980711689739,0.1783042489614941
Thalamic excitatory,Human CM-Pf,Human VPL,45.27979944509912,0.0077760367723730996,0.35209738553076986
Thalamic excitatory,Human ETH,Human LG,154.22405221287877,0.0010913788028172244,0.16831686146971275
Thalamic excitatory,Human ETH,Human LP,89.52742444271529,0.0013238367329672764,0.11851969308521888
Thalamic excitatory,Human ETH,Human LP-VPL,53.508891920801744,0.002710598489132949,0.14504112159570345
Thalamic excitatory,Human ETH,Human M1C,73.14273236304166,0.004220586090172794,0.3087051988086851
Thalamic excitatory,Human ETH,Human MD,154.23387707830824,0.00018788535432611169,0.028978286643947897
Thalamic excitatory,Human ETH,Human MD-Re,52.35690608875321,0.0013117636814679867,0.06867988788125656
Thalamic excitatory,Human ETH,Human MG,36.21208666572474,0.001947164697212084,0.07051089676788366
Thalamic excitatory,Human ETH,Human PAG-DR,66.13608694483784,0.0009999346286894964,0.06613176354216267
Thalamic excitatory,Human ETH,Human PTR,29.504442503674156,0.002204892803565496,0.06505413294956308
Thalamic excitatory,Human ETH,Human Pul,140.6215279840423,0.00036343120009502,0.05110625067443593
Thalamic excitatory,Human ETH,Human SC,61.394481386007016,0.0013782578294856997,0.08461742465747822
Thalamic excitatory,Human ETH,Human SN,41.82178595364709,0.0011648355008130288,0.048715500986211795
Thalamic excitatory,Human ETH,Human SN-RN,74.8212066313061,0.0007885398894138932,0.05899950600286416
Thalamic excitatory,Human ETH,Human VLN,26.955273420878616,0.002686416916300929,0.07241310250136512
Thalamic excitatory,Human ETH,Human VPL,57.55474282513885,0.003018640278445346,0.17373706490752744
Thalamic excitatory,Human LG,Human LP,92.3054926495278,0.001451333055833743,0.1339660127172783
Thalamic excitatory,Human LG,Human LP-VPL,71.21806520137957,0.003669965286621328,0.26136782706939743
Thalamic excitatory,Human LG,Human M1C,79.04784651213932,0.004815254773363193,0.3806355202416598
Thalamic excitatory,Human LG,Human MD,151.49917619867827,0.0009943737589204144,0.1506468053100259
Thalamic excitatory,Human LG,Human MD-Re,84.3779949500076,0.0021183291404314126,0.17874036551377567
Thalamic excitatory,Human LG,Human MG,79.70207818194677,0.0019780160621107193,0.15765199082749504
Thalamic excitatory,Human LG,Human PAG-DR,138.3937831616431,0.00169547746924635,0.2346435412343308
Thalamic excitatory,Human LG,Human PTR,78.73925008299527,0.0025538601027343226,0.2010890293061818
Thalamic excitatory,Human LG,Human Pul,134.35854509549307,0.0010843211846886926,0.14568781679099416
Thalamic excitatory,Human LG,Human SC,84.28247120423387,0.002604675160252698,0.21952845919038128
Thalamic excitatory,Human LG,Human SN,121.49861378428494,0.0012908001795744564,0.15683043249080253
Thalamic excitatory,Human LG,Human SN-RN,127.27113683430181,0.0014441364041665374,0.18379688190207596
Thalamic excitatory,Human LG,Human VLN,40.39788148150411,0.003529402943214456,0.14258040180044937
Thalamic excitatory,Human LG,Human VPL,48.99100465762394,0.00280137627079391,0.1372422379302216
Thalamic excitatory,Human LP,Human LP-VPL,38.14500541922208,0.005847021327554754,0.2230346602258832
Thalamic excitatory,Human LP,Human M1C,48.432833091679214,0.007448672312164535,0.3607603028496772
Thalamic excitatory,Human LP,Human MD,87.71648085698163,0.0012159698862439202,0.10666059924938096
Thalamic excitatory,Human LP,Human MD-Re,50.026524902482805,0.004099950923704344,0.20510629698365274
Thalamic excitatory,Human LP,Human MG,83.02669917469372,0.0006634693842940617,0.05508567298140232
Thalamic excitatory,Human LP,Human PAG-DR,52.319744914030665,0.0033386750179105317,0.17467862528792577
Thalamic excitatory,Human LP,Human PTR,105.94043194735448,0.0011052777386572578,0.11709360105514506
Thalamic excitatory,Human LP,Human Pul,63.87139737009404,0.0010815448094160082,0.06907977829577248
Thalamic excitatory,Human LP,Human SC,29.1905136642488,0.0033919154081365134,0.09901175306918494
Thalamic excitatory,Human LP,Human SN,38.614531845506924,0.0016874298168781396,0.06515931240089884
Thalamic excitatory,Human LP,Human SN-RN,42.35271777548039,0.00261426472794137,0.11072121621289388
Thalamic excitatory,Human LP,Human VLN,26.077473085059975,0.005729525397408461,0.1494115443410867
Thalamic excitatory,Human LP,Human VPL,25.514840824481105,0.0009648816167438135,0.024618800865686383
Thalamic excitatory,Human LP-VPL,Human M1C,85.66115812586789,0.004110233661809525,0.3520873756385307
Thalamic excitatory,Human LP-VPL,Human MD,58.35756694178252,0.0030177945073285774,0.17611114497797106
Thalamic excitatory,Human LP-VPL,Human MD-Re,116.21397739114119,0.0012069524531659228,0.14026474510440695
Thalamic excitatory,Human LP-VPL,Human MG,28.975244761121825,0.0066095297533039585,0.19151274235789936
Thalamic excitatory,Human LP-VPL,Human PAG-DR,60.11333914685497,0.0016408512770128604,0.09863704930462415
Thalamic excitatory,Human LP-VPL,Human PTR,24.152878031868326,0.007474060177861552,0.18052006387873415
Thalamic excitatory,Human LP-VPL,Human Pul,72.49256497139856,0.002632338607976458,0.19082497756545425
Thalamic excitatory,Human LP-VPL,Human SC,113.09592442835589,0.0016282867258730531,0.18415259249703386
Thalamic excitatory,Human LP-VPL,Human SN,46.53781379878817,0.003565929779770924,0.16595057611053296
Thalamic excitatory,Human LP-VPL,Human SN-RN,73.66639594518938,0.0018694637393437494,0.13771665602767097
Thalamic excitatory,Human LP-VPL,Human VLN,80.66616361256862,0.0023237909576305856,0.18745130158963635
Thalamic excitatory,Human LP-VPL,Human VPL,33.049372521621905,0.008444307958345613,0.27907907940266063
Thalamic excitatory,Human M1C,Human MD,74.30231971178833,0.004750207732464412,0.3529514536349798
Thalamic excitatory,Human M1C,Human MD-Re,108.41807673925507,0.003199354963503729,0.34686791194926386
Thalamic excitatory,Human M1C,Human MG,33.374765427675044,0.009595124030243415,0.32023501375882196
Thalamic excitatory,Human M1C,Human PAG-DR,90.47235100470823,0.0032169700822291688,0.2910468464510825
Thalamic excitatory,Human M1C,Human PTR,32.67032593446576,0.008900404856489751,0.2907791276102221
Thalamic excitatory,Human M1C,Human Pul,70.64930731690501,0.005246323786892368,0.37064914150414774
Thalamic excitatory,Human M1C,Human SC,109.98837680840371,0.0034530237530725205,0.37979247768130875
Thalamic excitatory,Human M1C,Human SN,50.022554591747706,0.00643530891472459,0.3219105915015715
Thalamic excitatory,Human M1C,Human SN-RN,76.04615311941471,0.003501338694975503,0.2662633385210388
Thalamic excitatory,Human M1C,Human VLN,148.25362960318057,0.0023845282332558876,0.3535149654714449
Thalamic excitatory,Human M1C,Human VPL,27.2848180176392,0.010162529158423595,0.27728275868653984
Thalamic excitatory,Human MD,Human MD-Re,44.9225469335746,0.001486488520810447,0.0667768503423272
Thalamic excitatory,Human MD,Human MG,42.66018723505354,0.0016747771498334763,0.07144630678888542
Thalamic excitatory,Human MD,Human PAG-DR,100.3922269457817,0.0011985459766582973,0.12032469969363337
Thalamic excitatory,Human MD,Human PTR,39.28908471481803,0.0022524751596562425,0.08849768736575739
Thalamic excitatory,Human MD,Human Pul,126.57735793690621,0.0002739890502100978,0.03468081007923651
Thalamic excitatory,Human MD,Human SC,54.49880189813124,0.0016035740000609486,0.08739286175831554
Thalamic excitatory,Human MD,Human SN,43.57109196211813,0.0009523409557633785,0.04149453536285764
Thalamic excitatory,Human MD,Human SN-RN,108.80130632820227,0.0008696401042429542,0.09461797937702741
Thalamic excitatory,Human MD,Human VLN,22.03206386207258,0.002975026082655076,0.06554596464438825
Thalamic excitatory,Human MD,Human VPL,61.77504936691597,0.0025993051558939745,0.1605722043250295
Thalamic excitatory,Human MD-Re,Human MG,30.53461921067483,0.004945979080749998,0.15102358785466474
Thalamic excitatory,Human MD-Re,Human PAG-DR,142.15876682653416,0.0005637220610663362,0.08013803303410254
Thalamic excitatory,Human MD-Re,Human PTR,28.733537579877442,0.00551701457063563,0.15852334549409028
Thalamic excitatory,Human MD-Re,Human Pul,45.65428969427423,0.001710213586352878,0.07807858651043798
Thalamic excitatory,Human MD-Re,Human SC,123.47442626777104,0.0012351560676819098,0.15251018680818
Thalamic excitatory,Human MD-Re,Human SN,40.00326149736868,0.0020045713109607937,0.08018939034248779
Thalamic excitatory,Human MD-Re,Human SN-RN,111.310589415894,0.0007217344520238339,0.08033668725653022
Thalamic excitatory,Human MD-Re,Human VLN,66.23076194180764,0.0011799804477942827,0.07815100413385072
Thalamic excitatory,Human MD-Re,Human VPL,39.76475435906433,0.006547727975569882,0.2603687945585099
Thalamic excitatory,Human MG,Human PAG-DR,36.3640101653052,0.004006344124041019,0.14568673845233837
Thalamic excitatory,Human MG,Human PTR,45.88169895486568,0.0008103489960681375,0.03718018868597592
Thalamic excitatory,Human MG,Human Pul,33.81047563668647,0.0015127498104772876,0.0511467906115444
Thalamic excitatory,Human MG,Human SC,20.877376451783224,0.004556314217875012,0.09512388715918887
Thalamic excitatory,Human MG,Human SN,15.835162676090626,0.0014246364614366775,0.022559350121139896
Thalamic excitatory,Human MG,Human SN-RN,16.496533559544545,0.0029923498344973706,0.049363399466683444
Thalamic excitatory,Human MG,Human VLN,20.133581250227817,0.0074403488035137515,0.14980086716557944
Thalamic excitatory,Human MG,Human VPL,54.3546809545283,0.0009407890935841175,0.05113629102726457
Thalamic excitatory,Human PAG-DR,Human PTR,28.154531632051395,0.004116550626477358,0.11589955482809776
Thalamic excitatory,Human PAG-DR,Human Pul,97.47058296930331,0.0015434058601292659,0.15043666894503854
Thalamic excitatory,Human PAG-DR,Human SC,138.90007058729952,0.0014918308651814677,0.20721541247801797
Thalamic excitatory,Human PAG-DR,Human SN,85.34563329294582,0.0015331695947665052,0.13084933001083648
Thalamic excitatory,Human PAG-DR,Human SN-RN,197.37634867261855,0.00037224742887965827,0.0734728383150372
Thalamic excitatory,Human PAG-DR,Human VLN,77.17648849746469,0.0019250183908835097,0.14856615970142917
Thalamic excitatory,Human PAG-DR,Human VPL,32.85500670880706,0.005519257910425311,0.18133525567466002
Thalamic excitatory,Human PTR,Human Pul,50.044849774660456,0.002364627008745639,0.11833740342578022
Thalamic excitatory,Human PTR,Human SC,27.46132643664789,0.005072041341075129,0.13928498296743747
Thalamic excitatory,Human PTR,Human SN,32.74581526288672,0.0020930828115975613,0.06853970307849727
Thalamic excitatory,Human PTR,Human SN-RN,15.788705989964054,0.003139373850440275,0.049566650717182886
Thalamic excitatory,Human PTR,Human VLN,23.000733070105692,0.007371895969185244,0.1695590114078179
Thalamic excitatory,Human PTR,Human VPL,65.20215323552578,0.001401302856808037,0.09136796359897767
Thalamic excitatory,Human Pul,Human SC,47.36053274368106,0.0012867666404636127,0.0609419536091534
Thalamic excitatory,Human Pul,Human SN,51.14977468539507,0.0010090307224941359,0.05161169410621645
Thalamic excitatory,Human Pul,Human SN-RN,95.52416955714477,0.001092673138118114,0.10437669411613218
Thalamic excitatory,Human Pul,Human VLN,24.686403878376765,0.0032467946887065648,0.08015168499557883
Thalamic excitatory,Human Pul,Human VPL,48.04268171261324,0.0025027235526395445,0.12023755105412227
Thalamic excitatory,Human SC,Human SN,38.66947596524791,0.002745691174841079,0.1061744388935104
Thalamic excitatory,Human SC,Human SN-RN,89.53878380198573,0.0013068783912569314,0.1170163017302413
Thalamic excitatory,Human SC,Human VLN,84.85414250462632,0.0015722477432491173,0.13341173405823775
Thalamic excitatory,Human SC,Human VPL,15.89304519446663,0.005610428234758656,0.08916678949533095
Thalamic excitatory,Human SN,Human SN-RN,40.25650455828163,0.0008981877896020924,0.03615790084630953
Thalamic excitatory,Human SN,Human VLN,25.09844453973913,0.0044467581801757305,0.11160671356677188
Thalamic excitatory,Human SN,Human VPL,36.359368945628326,0.002926268830055225,0.10639728802607008
Thalamic excitatory,Human SN-RN,Human VLN,53.74682533677928,0.0021902664772926713,0.11771986979605205
Thalamic excitatory,Human SN-RN,Human VPL,32.93102463384956,0.0044693377775676625,0.14717987245007513
Thalamic excitatory,Human VLN,Human VPL,26.147539218889698,0.008076924175910327,0.21119169165761364
Upper-layer intratelencephalic,Human A13,Human A14,56.548746117650104,0.00024370214134925103,0.013781050519486476
Upper-layer intratelencephalic,Human A13,Human A19,47.74691543424021,0.00048499006097414395,0.023156779427779453
Upper-layer intratelencephalic,Human A13,Human A1C,83.3049296885807,0.00034142866742218995,0.028442691133271338
Upper-layer intratelencephalic,Human A13,Human A23,56.8211329049547,0.0002388015787781091,0.013568976245663947
Upper-layer intratelencephalic,Human A13,Human A24,71.6352152989729,0.00038831181132904357,0.02781680020769018
Upper-layer intratelencephalic,Human A13,Human A25,64.49526869140246,0.00041701241348584325,0.026895327655419684
Upper-layer intratelencephalic,Human A13,Human A29-A30,16.809436362539802,0.002409107854657087,0.040495745173353095
Upper-layer intratelencephalic,Human A13,Human A32,41.04114896820332,0.00021974628794011884,0.00901864013856012
Upper-layer intratelencephalic,Human A13,Human A35-A36,48.76152053888156,0.0010122313287789508,0.049357938728354186
Upper-layer intratelencephalic,Human A13,Human A38,75.8904793041785,0.0003743567163935601,0.028410110637845692
Upper-layer intratelencephalic,Human A13,Human A40,24.222692198104248,0.0006545313307305138,0.01585451095830081
Upper-layer intratelencephalic,Human A13,Human A43,77.94260737089475,0.0001846909453659512,0.014395293839617709
Upper-layer intratelencephalic,Human A13,Human A44-A45,45.680418485669584,0.00017270921981288515,0.00788942943738609
Upper-layer intratelencephalic,Human A13,Human A46,41.865292032300026,0.00037223758625622145,0.015583835254015181
Upper-layer intratelencephalic,Human A13,Human A5-A7,71.29069141953224,0.00024143170296014822,0.017211833034624095
Upper-layer intratelencephalic,Human A13,Human AON,35.691685976624406,0.0003358633627902094,0.011987529675761232
Upper-layer intratelencephalic,Human A13,Human BM,26.98691921713286,0.0011863731737097143,0.03201655700027759
Upper-layer intratelencephalic,Human A13,Human BNST,47.47983257198781,0.001730025309985738,0.08214131206342415
Upper-layer intratelencephalic,Human A13,Human CA1R-CA2R-CA3R,31.3957054635444,0.002075498323611395,0.06516173405818351
Upper-layer intratelencephalic,Human A13,Human CA1U-CA2U-CA3U,62.82784282841297,0.0006501809702178958,0.04084946780687501
Upper-layer intratelencephalic,Human A13,Human CEN,51.307896957516284,0.000992601018390898,0.050928270771525924
Upper-layer intratelencephalic,Human A13,Human Cla,73.21122289723061,0.0003135363722868475,0.022954381237881474
Upper-layer intratelencephalic,Human A13,Human CoA,40.76537250945963,0.0021158440392728406,0.08625317043287709
Upper-layer intratelencephalic,Human A13,Human FI,34.05232426167762,0.0016408160464594234,0.05587360006780017
Upper-layer intratelencephalic,Human A13,Human HTHso,36.91651743802707,0.0036934789143598257,0.1363503787489498
Upper-layer intratelencephalic,Human A13,Human ITG,147.44220805716074,0.00010874534669147614,0.0160336540321327
Upper-layer intratelencephalic,Human A13,Human Idg,73.16295906987962,0.0003220677750671746,0.02356343144496689
Upper-layer intratelencephalic,Human A13,Human Ig,89.39859532079274,0.0002685929756650072,0.024011834737483508
Upper-layer intratelencephalic,Human A13,Human LEC,74.84967900626857,0.0010423571743008978,0.07802009990630333
Upper-layer intratelencephalic,Human A13,Human La,42.51087037574207,0.001647241987891804,0.07002569062474817
Upper-layer intratelencephalic,Human A13,Human M1C,83.925257278515,0.0005167108383475263,0.043365090046913315
Upper-layer intratelencephalic,Human A13,Human MEC,63.451775040434946,0.0015133087878961447,0.09602212877629945
Upper-layer intratelencephalic,Human A13,Human MTG,52.9305807346186,0.00026283112533491795,0.013911804099110536
Upper-layer intratelencephalic,Human A13,Human PAG-DR,25.15142558325492,0.0013719099912084176,0.034505492050802423
Upper-layer intratelencephalic,Human A13,Human Pir,66.44991204744053,0.00047075356943917287,0.031281533285251725
Upper-layer intratelencephalic,Human A13,Human Pro,80.54905950618684,0.00048422368526156927,0.03900376243843923
Upper-layer intratelencephalic,Human A13,Human S1C,63.7049793739873,0.000425666695951615,0.02711708808579096
Upper-layer intratelencephalic,Human A13,Human SEP,63.83223087349689,0.0006102779187697054,0.03895540100790502
Upper-layer intratelencephalic,Human A13,Human SI,43.53510403109511,0.0012854640767133198,0.05596281230795
Upper-layer intratelencephalic,Human A13,Human STG,51.0727424054839,0.0008005089421592114,0.04088418699618382
Upper-layer intratelencephalic,Human A13,Human Sub,31.763043204159263,0.0012567216906113374,0.03991730535449198
Upper-layer intratelencephalic,Human A13,Human TF,116.51752330969782,0.00018021908353094227,0.020998681266168946
Upper-layer intratelencephalic,Human A13,Human TH-TL,160.14758349842472,0.0001882399792788815,0.030146177799306416
Upper-layer intratelencephalic,Human A13,Human V1C,76.34242816497,0.0013141691637405767,0.10032686497948368
Upper-layer intratelencephalic,Human A13,Human V2,83.29537582453044,0.00040660390417082476,0.03386822500963021
Upper-layer intratelencephalic,Human A14,Human A19,62.45587327757239,0.0004635884667800561,0.02895382253415926
Upper-layer intratelencephalic,Human A14,Human A1C,101.54839978934545,0.000654187482656333,0.0664316920259708
Upper-layer intratelencephalic,Human A14,Human A23,88.62067289717388,0.00042788137410315966,0.037919135293189396
Upper-layer intratelencephalic,Human A14,Human A24,50.19776306786649,0.00039993133685595206,0.020075658490910184
Upper-layer intratelencephalic,Human A14,Human A25,36.487900389195936,0.00036457931472158914,0.01330273371952266
Upper-layer intratelencephalic,Human A14,Human A29-A30,25.624894029339952,0.003330619986128408,0.08534678419654215
Upper-layer intratelencephalic,Human A14,Human A32,78.85124022971983,0.00022708053822291386,0.017905582070909056
Upper-layer intratelencephalic,Human A14,Human A35-A36,47.02850677208178,0.000716625144894868,0.03370181047973239
Upper-layer intratelencephalic,Human A14,Human A38,85.76585801559838,0.00024593210177204243,0.02109257772205868
Upper-layer intratelencephalic,Human A14,Human A40,38.730368953388535,0.000710219935545114,0.02750708014171409
Upper-layer intratelencephalic,Human A14,Human A43,125.2840215350415,0.0003407669307407431,0.04269265148935326
Upper-layer intratelencephalic,Human A14,Human A44-A45,110.09417473621977,0.000293322267494806,0.032293072971597364
Upper-layer intratelencephalic,Human A14,Human A46,74.44084941704263,0.0006282842520213591,0.04677001339582125
Upper-layer intratelencephalic,Human A14,Human A5-A7,99.39498095939905,0.00045459036352449875,0.04518400052684385
Upper-layer intratelencephalic,Human A14,Human AON,21.795720854364887,0.00025715836285503146,0.005604951892153742
Upper-layer intratelencephalic,Human A14,Human BM,32.78695523817999,0.001089749099083515,0.03572955493249818
Upper-layer intratelencephalic,Human A14,Human BNST,48.996971018070624,0.0014778034954277763,0.07240789503587822
Upper-layer intratelencephalic,Human A14,Human CA1R-CA2R-CA3R,34.15936424356177,0.002272099303868037,0.07761346771837141
Upper-layer intratelencephalic,Human A14,Human CA1U-CA2U-CA3U,51.06195725262826,0.000653663931661595,0.03337735973608928
Upper-layer intratelencephalic,Human A14,Human CEN,61.42296608205117,0.0008413053853025467,0.05167547214608532
Upper-layer intratelencephalic,Human A14,Human Cla,48.688542498264816,0.0004534092489885432,0.02207583548848502
Upper-layer intratelencephalic,Human A14,Human CoA,35.18398578016524,0.0014975506619637952,0.05268980119561121
Upper-layer intratelencephalic,Human A14,Human FI,31.61174403833297,0.0013537486942741485,0.04279435721562185
Upper-layer intratelencephalic,Human A14,Human HTHso,28.152511454835924,0.002936256165369575,0.08266298532989957
Upper-layer intratelencephalic,Human A14,Human ITG,91.30560365542172,0.00024125173733368472,0.022027635510171326
Upper-layer intratelencephalic,Human A14,Human Idg,75.64519070305522,0.00039279885149653515,0.02971334402939647
Upper-layer intratelencephalic,Human A14,Human Ig,110.40975435963168,0.0005220009860163642,0.057634000641552295
Upper-layer intratelencephalic,Human A14,Human LEC,52.025727818394955,0.0012056376740013084,0.06272417747519486
Upper-layer intratelencephalic,Human A14,Human La,48.70437451116768,0.001418515175952766,0.06908789437937843
Upper-layer intratelencephalic,Human A14,Human M1C,98.85634688238733,0.0006245664403637015,0.061742356679691954
Upper-layer intratelencephalic,Human A14,Human MEC,61.989941851019296,0.001394639596827824,0.0864536275104858
Upper-layer intratelencephalic,Human A14,Human MTG,46.23835096739051,0.0005044344328555541,0.023324216346411696
Upper-layer intratelencephalic,Human A14,Human PAG-DR,28.280607937502943,0.0013299613919882892,0.037612116698836476
Upper-layer intratelencephalic,Human A14,Human Pir,53.73399261894122,0.0006953494854348686,0.037363904117941805
Upper-layer intratelencephalic,Human A14,Human Pro,61.92383934562356,0.0008814226222409252,0.0545810728552453
Upper-layer intratelencephalic,Human A14,Human S1C,81.5720346123534,0.0008050202714099618,0.06566714144309954
Upper-layer intratelencephalic,Human A14,Human SEP,39.076003348932446,0.0008799082625354458,0.03438329821358841
Upper-layer intratelencephalic,Human A14,Human SI,39.25570833038701,0.0013405162687856421,0.05262291565958784
Upper-layer intratelencephalic,Human A14,Human STG,38.88594954182972,0.0013908181901915234,0.0540832859656465
Upper-layer intratelencephalic,Human A14,Human Sub,39.02335485529509,0.0018638677261732595,0.07273437168179109
Upper-layer intratelencephalic,Human A14,Human TF,80.17621182200749,0.0002840873686145946,0.02277704904200046
Upper-layer intratelencephalic,Human A14,Human TH-TL,96.68488639914766,0.00024215629508499896,0.023412853881131603
Upper-layer intratelencephalic,Human A14,Human V1C,67.6238166989505,0.0017570820475005392,0.11882059430519311
Upper-layer intratelencephalic,Human A14,Human V2,91.30770498098751,0.0006976971718354224,0.0637051275320181
Upper-layer intratelencephalic,Human A19,Human A1C,50.86330448325928,0.0003901192920320374,0.019842756335419064
Upper-layer intratelencephalic,Human A19,Human A23,46.97496549847504,0.00019782350012273648,0.00929275209305312
Upper-layer intratelencephalic,Human A19,Human A24,144.09371236222754,0.0004496353597525165,0.06478962819606582
Upper-layer intratelencephalic,Human A19,Human A25,151.8016930422082,0.00038373087616363436,0.05825099667420963
Upper-layer intratelencephalic,Human A19,Human A29-A30,6.17888730965198,0.003843655718084386,0.023749515539142882
Upper-layer intratelencephalic,Human A19,Human A32,106.64844235670994,0.00024941448343086,0.026599666159104658
Upper-layer intratelencephalic,Human A19,Human A35-A36,121.17704941234553,0.00044535934818674613,0.05396733174147533
Upper-layer intratelencephalic,Human A19,Human A38,91.9096177780953,0.00043994885159278924,0.04043553079180523
Upper-layer intratelencephalic,Human A19,Human A40,40.331931966917054,0.00018121922481944218,0.007308921446515188
Upper-layer intratelencephalic,Human A19,Human A43,31.61550561310674,0.00033998064555811893,0.010748660007990362
Upper-layer intratelencephalic,Human A19,Human A44-A45,55.79959270099315,0.00025814356659594015,0.014404305874435162
Upper-layer intratelencephalic,Human A19,Human A46,65.48203071943293,0.00023467996449811127,0.015367320644500752
Upper-layer intratelencephalic,Human A19,Human A5-A7,45.444219005615835,0.00019020736338027592,0.008643825077934012
Upper-layer intratelencephalic,Human A19,Human AON,143.8528841932345,0.0002636926009306781,0.037932941184293634
Upper-layer intratelencephalic,Human A19,Human BM,57.61807745171219,0.0007020543449811952,0.040451021624437575
Upper-layer intratelencephalic,Human A19,Human BNST,96.36556065235865,0.0010873446833667964,0.10478258003500274
Upper-layer intratelencephalic,Human A19,Human CA1R-CA2R-CA3R,25.21776485123427,0.00272240447651412,0.06865295591868062
Upper-layer intratelencephalic,Human A19,Human CA1U-CA2U-CA3U,48.792875746487624,0.0010687196845454998,0.052145906775854026
Upper-layer intratelencephalic,Human A19,Human CEN,80.48804553617074,0.0007908700939434823,0.06365558813451863
Upper-layer intratelencephalic,Human A19,Human Cla,64.85239145727539,0.0006060528955325826,0.03930397962489427
Upper-layer intratelencephalic,Human A19,Human CoA,94.72761517459666,0.0010611841676705165,0.10052344546446736
Upper-layer intratelencephalic,Human A19,Human FI,98.33913351944733,0.0007949202151529243,0.07817176517523122
Upper-layer intratelencephalic,Human A19,Human HTHso,66.28556264233934,0.002238178013669089,0.14835888892976903
Upper-layer intratelencephalic,Human A19,Human ITG,42.46355300742495,0.0003227451131630829,0.013704904220687934
Upper-layer intratelencephalic,Human A19,Human Idg,114.53972578103378,0.0003956494941386292,0.04531758456404332
Upper-layer intratelencephalic,Human A19,Human Ig,43.15597095170988,0.0004379839891745607,0.01890162431413136
Upper-layer intratelencephalic,Human A19,Human LEC,108.49879628400271,0.0008610966112833828,0.09342794580848082
Upper-layer intratelencephalic,Human A19,Human La,87.81710218693536,0.000982966065339996,0.08632123140625221
Upper-layer intratelencephalic,Human A19,Human M1C,109.67538619786029,0.00040626549348675716,0.04455732489702439
Upper-layer intratelencephalic,Human A19,Human MEC,103.05690928642377,0.0009805371214717707,0.10105112517948736
Upper-layer intratelencephalic,Human A19,Human MTG,29.560402255906627,0.0002717816046961517,0.008033973560574045
Upper-layer intratelencephalic,Human A19,Human PAG-DR,52.32234838438878,0.0011989882557291707,0.0627338812250523
Upper-layer intratelencephalic,Human A19,Human Pir,110.42826239902533,0.0004799307086760259,0.05299791423102637
Upper-layer intratelencephalic,Human A19,Human Pro,25.89744297882518,0.0009996453083371873,0.025888257371712423
Upper-layer intratelencephalic,Human A19,Human S1C,54.74696507875989,0.00036084367753657634,0.01975509621298624
Upper-layer intratelencephalic,Human A19,Human SEP,100.39049702532456,0.0007408342969392416,0.07437272328313735
Upper-layer intratelencephalic,Human A19,Human SI,100.82996636183017,0.0009918875111529445,0.10001198438427085
Upper-layer intratelencephalic,Human A19,Human STG,15.796038827030952,0.0016783708886364424,0.026511611723059686
Upper-layer intratelencephalic,Human A19,Human Sub,18.213067381708672,0.0022001689274080308,0.04007182492602416
Upper-layer intratelencephalic,Human A19,Human TF,71.08510438902664,0.0002502345458968427,0.017787948816817743
Upper-layer intratelencephalic,Human A19,Human TH-TL,57.67417120617875,0.0005849424405126326,0.0337360704598856
Upper-layer intratelencephalic,Human A19,Human V1C,47.01979977335547,0.0016945214201153167,0.07967605788548417
Upper-layer intratelencephalic,Human A19,Human V2,27.842267904668734,0.0004160081261801885,0.011582609699628044
Upper-layer intratelencephalic,Human A1C,Human A23,84.50780980590926,0.0002975943313092374,0.02514904514959778
Upper-layer intratelencephalic,Human A1C,Human A24,146.75484803065706,0.0005547235049708004,0.08140836367102325
Upper-layer intratelencephalic,Human A1C,Human A25,98.05895562271012,0.0006708495601034591,0.0657828072436997
Upper-layer intratelencephalic,Human A1C,Human A29-A30,20.738110961787914,0.0022957451746115224,0.04760941817108292
Upper-layer intratelencephalic,Human A1C,Human A32,112.82468283592172,0.00034921567460288565,0.039400147728403015
Upper-layer intratelencephalic,Human A1C,Human A35-A36,64.77039350013767,0.0011015194366375452,0.07134584735906377
Upper-layer intratelencephalic,Human A1C,Human A38,95.43939989309229,0.0007633053745046271,0.07284940687789368
Upper-layer intratelencephalic,Human A1C,Human A40,28.134243047774667,0.0006871794863185605,0.019333274685531327
Upper-layer intratelencephalic,Human A1C,Human A43,116.55533727352037,0.00014513850064292702,0.016916666893809412
Upper-layer intratelencephalic,Human A1C,Human A44-A45,104.59015375386333,0.0002083032422320369,0.021786468132476977
Upper-layer intratelencephalic,Human A1C,Human A46,97.91693605584261,0.0002457757984418486,0.024065613140104154
Upper-layer intratelencephalic,Human A1C,Human A5-A7,103.59224416468392,0.0001618505895156603,0.016766465787304313
Upper-layer intratelencephalic,Human A1C,Human AON,101.15409422298802,0.0005690769432472923,0.05756446273736661
Upper-layer intratelencephalic,Human A1C,Human BM,52.00370234321527,0.0013875262734521316,0.07215650331799536
Upper-layer intratelencephalic,Human A1C,Human BNST,73.81283515737805,0.0019327473371628795,0.142661560598865
Upper-layer intratelencephalic,Human A1C,Human CA1R-CA2R-CA3R,37.54681463746344,0.0018513916949704553,0.06951386079239494
Upper-layer intratelencephalic,Human A1C,Human CA1U-CA2U-CA3U,59.11396642817079,0.0008869344383185733,0.05243021261075266
Upper-layer intratelencephalic,Human A1C,Human CEN,77.6215262131679,0.0012095120311089503,0.09388416982786534
Upper-layer intratelencephalic,Human A1C,Human Cla,116.9986674218407,0.0003363242155738273,0.03934948504383367
Upper-layer intratelencephalic,Human A1C,Human CoA,69.10165988403956,0.002305030634220975,0.15928144290822982
Upper-layer intratelencephalic,Human A1C,Human FI,66.77873290132922,0.001805290296260721,0.12055499850335619
Upper-layer intratelencephalic,Human A1C,Human HTHso,56.63329915743413,0.0037365283907850643,0.2116119301655765
Upper-layer intratelencephalic,Human A1C,Human ITG,98.71487337049237,0.00029421718257020466,0.029043611920840786
Upper-layer intratelencephalic,Human A1C,Human Idg,119.79755726601233,0.00046985952162266736,0.05628802294857265
Upper-layer intratelencephalic,Human A1C,Human Ig,83.32072694341271,0.00010144356193825266,0.008452351324424325
Upper-layer intratelencephalic,Human A1C,Human LEC,90.9812890420571,0.001081041929225582,0.09835458822945571
Upper-layer intratelencephalic,Human A1C,Human La,64.25581959749556,0.0017679284077421293,0.11359968882916582
Upper-layer intratelencephalic,Human A1C,Human M1C,77.37107989041542,0.0005749501458695731,0.04448451366908074
Upper-layer intratelencephalic,Human A1C,Human MEC,72.0281335495215,0.0015336858129106957,0.11046852655533804
Upper-layer intratelencephalic,Human A1C,Human MTG,103.26879825204811,0.0002115573251459681,0.021847270729241926
Upper-layer intratelencephalic,Human A1C,Human PAG-DR,40.09095629914765,0.0017594915375199614,0.07053969833943288
Upper-layer intratelencephalic,Human A1C,Human Pir,107.29281139839242,0.0005092383124446578,0.0546376102139603
Upper-layer intratelencephalic,Human A1C,Human Pro,50.06181183397769,0.0003268376727182542,0.016362086071876426
Upper-layer intratelencephalic,Human A1C,Human S1C,158.7729125485915,8.540836548541066e-05,0.013560534944133248
Upper-layer intratelencephalic,Human A1C,Human SEP,111.42540720257227,0.0006404165579599645,0.07135867574995877
Upper-layer intratelencephalic,Human A1C,Human SI,75.31421200659646,0.0015044125268824783,0.11330364399500648
Upper-layer intratelencephalic,Human A1C,Human STG,45.26325172332923,0.0006882469589983608,0.03115229535295866
Upper-layer intratelencephalic,Human A1C,Human Sub,38.97222096768293,0.0013690705514684382,0.053355720052175495
Upper-layer intratelencephalic,Human A1C,Human TF,78.9831466491237,0.0003910295217821095,0.030884742063053063
Upper-layer intratelencephalic,Human A1C,Human TH-TL,99.40810668914551,0.0004301639789640239,0.04276178671468303
Upper-layer intratelencephalic,Human A1C,Human V1C,56.22834043533388,0.0008201266213713498,0.046114358866548424
Upper-layer intratelencephalic,Human A1C,Human V2,101.99217114601304,0.00012028471769398911,0.012268099513295199
Upper-layer intratelencephalic,Human A23,Human A24,143.58502276439086,0.0003454999564477719,0.04960861911164938
Upper-layer intratelencephalic,Human A23,Human A25,110.67610960300046,0.00036550206451174336,0.04045234655202465
Upper-layer intratelencephalic,Human A23,Human A29-A30,16.257547297905536,0.0029965048147555457,0.048715818754289944
Upper-layer intratelencephalic,Human A23,Human A32,100.91227817163927,0.0001577564591695611,0.015919563691091602
Upper-layer intratelencephalic,Human A23,Human A35-A36,75.98652776430943,0.0006338267616090914,0.04816229481877156
Upper-layer intratelencephalic,Human A23,Human A38,118.27248846565209,0.00042335150591593434,0.050070836100358784
Upper-layer intratelencephalic,Human A23,Human A40,20.003562361124665,0.000300164416489573,0.00600435762383977
Upper-layer intratelencephalic,Human A23,Human A43,42.22706570793159,0.00025833397999167507,0.010908685947699948
Upper-layer intratelencephalic,Human A23,Human A44-A45,55.028110652815656,0.00021945660497276788,0.012076282341932726
Upper-layer intratelencephalic,Human A23,Human A46,32.323670003598664,0.00017962336127255317,0.0058060862547111925
Upper-layer intratelencephalic,Human A23,Human A5-A7,56.845087925927594,0.0001356922640559381,0.007713438681127987
Upper-layer intratelencephalic,Human A23,Human AON,111.20270824227504,0.00030266665962537607,0.03365735224498466
Upper-layer intratelencephalic,Human A23,Human BM,56.66290352645572,0.0008756068125736305,0.04961442434796702
Upper-layer intratelencephalic,Human A23,Human BNST,85.88084311587782,0.001286700433053632,0.11050291802821102
Upper-layer intratelencephalic,Human A23,Human CA1R-CA2R-CA3R,32.1309271751105,0.0024667559803246276,0.07925915676257891
Upper-layer intratelencephalic,Human A23,Human CA1U-CA2U-CA3U,52.36692248485521,0.0008995630034655628,0.04710734607272467
Upper-layer intratelencephalic,Human A23,Human CEN,86.08182772331503,0.0008324647736630362,0.07166008923218992
Upper-layer intratelencephalic,Human A23,Human Cla,69.34946886323152,0.0004255872519251904,0.02951424987597426
Upper-layer intratelencephalic,Human A23,Human CoA,81.55881195788,0.0015241750274077948,0.12430990445124893
Upper-layer intratelencephalic,Human A23,Human FI,77.52903178801644,0.0010950199224083021,0.08489583437290454
Upper-layer intratelencephalic,Human A23,Human HTHso,60.14128892200265,0.0028985866251593695,0.17432473568916224
Upper-layer intratelencephalic,Human A23,Human ITG,63.81860834200251,0.00023552181629720603,0.015030674550268457
Upper-layer intratelencephalic,Human A23,Human Idg,126.99115217266045,0.00029534622512092205,0.037506357417951844
Upper-layer intratelencephalic,Human A23,Human Ig,37.38354767901102,0.0003216299276263174,0.0120236677344153
Upper-layer intratelencephalic,Human A23,Human LEC,102.88270299792242,0.0008284317001026427,0.08523129255572412
Upper-layer intratelencephalic,Human A23,Human La,78.18319587779803,0.0011544247439881656,0.0902566158854036
Upper-layer intratelencephalic,Human A23,Human M1C,100.53204997335389,0.0003171384059985524,0.031882574080316264
Upper-layer intratelencephalic,Human A23,Human MEC,88.32353304155465,0.0010669984457088713,0.09424107247485496
Upper-layer intratelencephalic,Human A23,Human MTG,58.542994048059576,0.00019887874621590422,0.011642957256003231
Upper-layer intratelencephalic,Human A23,Human PAG-DR,38.484111297431184,0.0012585382990410064,0.04843372797237382
Upper-layer intratelencephalic,Human A23,Human Pir,113.39832486626968,0.0004056991107971534,0.04600559956413233
Upper-layer intratelencephalic,Human A23,Human Pro,55.520294898097596,0.0007841649819217912,0.04353707104505922
Upper-layer intratelencephalic,Human A23,Human S1C,50.48428826745776,0.0002782612509626644,0.014047821207262558
Upper-layer intratelencephalic,Human A23,Human SEP,79.76362470209136,0.0006016510492194866,0.04798986849156263
Upper-layer intratelencephalic,Human A23,Human SI,84.66775381565229,0.0009743340065039743,0.08249467179689665
Upper-layer intratelencephalic,Human A23,Human STG,40.70808842380186,0.0012947139670547694,0.052705330654396844
Upper-layer intratelencephalic,Human A23,Human Sub,30.001935462626648,0.0014841673977845256,0.04452789448406587
Upper-layer intratelencephalic,Human A23,Human TF,98.46299173920956,0.00017726145480348,0.01745369315999532
Upper-layer intratelencephalic,Human A23,Human TH-TL,73.63559054553174,0.00039410355638050756,0.02902004811017294
Upper-layer intratelencephalic,Human A23,Human V1C,63.095622978633024,0.0015239754158396204,0.09615617826652217
Upper-layer intratelencephalic,Human A23,Human V2,79.86884322801177,0.0003376340765900523,0.026966443131605407
Upper-layer intratelencephalic,Human A24,Human A25,57.326188792144066,0.00013238719130856185,0.007589253122616311
Upper-layer intratelencephalic,Human A24,Human A29-A30,28.603487965272482,0.0035293452509152917,0.10095158440984714
Upper-layer intratelencephalic,Human A24,Human A32,130.4404151803421,0.00016678129770750184,0.021755021717282774
Upper-layer intratelencephalic,Human A24,Human A35-A36,71.22250654038768,0.0004332102561035258,0.03085432029869639
Upper-layer intratelencephalic,Human A24,Human A38,111.73196751976988,0.00019808932667919274,0.022132910214532647
Upper-layer intratelencephalic,Human A24,Human A40,101.55615776934745,0.000562095449616123,0.05708425416264727
Upper-layer intratelencephalic,Human A24,Human A43,140.8934065508671,0.00038089880067542024,0.05366612957829968
Upper-layer intratelencephalic,Human A24,Human A44-A45,114.42964338250688,0.00043085708692879813,0.04930282280608814
Upper-layer intratelencephalic,Human A24,Human A46,141.17955546656745,0.00042189113689962096,0.05956240316277324
Upper-layer intratelencephalic,Human A24,Human A5-A7,151.80538598448697,0.0003878789919776614,0.05888212009244262
Upper-layer intratelencephalic,Human A24,Human AON,93.17523171583339,0.00015951941791927352,0.014863258727803176
Upper-layer intratelencephalic,Human A24,Human BM,53.580990592025955,0.0007084645080879435,0.037960230142644394
Upper-layer intratelencephalic,Human A24,Human BNST,38.85090894591738,0.0008864737173317374,0.034440309675004235
Upper-layer intratelencephalic,Human A24,Human CA1R-CA2R-CA3R,29.049177144899183,0.0024231014277568824,0.07038910261496781
Upper-layer intratelencephalic,Human A24,Human CA1U-CA2U-CA3U,74.44882473806744,0.0006864132568924319,0.05110266026027073
Upper-layer intratelencephalic,Human A24,Human CEN,60.51924454577121,0.0005683748192662811,0.034397614680834576
Upper-layer intratelencephalic,Human A24,Human Cla,82.87361802498184,0.0003297776157510676,0.02732986416094321
Upper-layer intratelencephalic,Human A24,Human CoA,43.58175999760076,0.0014041013485810079,0.06119320798616505
Upper-layer intratelencephalic,Human A24,Human FI,28.918184641473683,0.0008124610993402966,0.02349490008473739
Upper-layer intratelencephalic,Human A24,Human HTHso,30.541494788830615,0.0024736502331374776,0.07554897570475791
Upper-layer intratelencephalic,Human A24,Human ITG,112.24881915044611,0.000320286746289302,0.03595180906051267
Upper-layer intratelencephalic,Human A24,Human Idg,168.64648315477606,0.00014841209883186853,0.025029178525613677
Upper-layer intratelencephalic,Human A24,Human Ig,139.61508217838616,0.0004970348594228471,0.06939356274384341
Upper-layer intratelencephalic,Human A24,Human LEC,95.87368543891245,0.0004376325746107449,0.04195744779605194
Upper-layer intratelencephalic,Human A24,Human La,51.22779632443998,0.0008716259052566006,0.044651474345590754
Upper-layer intratelencephalic,Human A24,Human M1C,130.7852085552234,0.0006753518576788156,0.08832603355468144
Upper-layer intratelencephalic,Human A24,Human MEC,78.53159195309713,0.0007843197388141608,0.061593877689313396
Upper-layer intratelencephalic,Human A24,Human MTG,139.32881828498554,0.0002960171789239054,0.04124372373152287
Upper-layer intratelencephalic,Human A24,Human PAG-DR,33.081877545638086,0.0011163544952984905,0.036931102710987276
Upper-layer intratelencephalic,Human A24,Human Pir,127.62569398615081,0.00021356696309814382,0.027256631877915265
Upper-layer intratelencephalic,Human A24,Human Pro,84.20177234273521,0.0011026421154870366,0.0928444203837514
Upper-layer intratelencephalic,Human A24,Human S1C,132.18252252931362,0.0006042643660485376,0.07987318817887223
Upper-layer intratelencephalic,Human A24,Human SEP,49.47374308519509,0.0002491457765446297,0.012326174139530435
Upper-layer intratelencephalic,Human A24,Human SI,34.773735678333594,0.0005889225442375122,0.020479036888326974
Upper-layer intratelencephalic,Human A24,Human STG,48.84320555525171,0.001491469863326073,0.07284816911389855
Upper-layer intratelencephalic,Human A24,Human Sub,42.748740578640046,0.0017798431787172568,0.07608605431764609
Upper-layer intratelencephalic,Human A24,Human TF,196.85627405916802,0.000221314314384339,0.04356711132566031
Upper-layer intratelencephalic,Human A24,Human TH-TL,123.32696026585374,0.00027201291508670126,0.033546525970696656
Upper-layer intratelencephalic,Human A24,Human V1C,64.26893766240282,0.0020556755127389146,0.13211608138234526
Upper-layer intratelencephalic,Human A24,Human V2,115.88267169685285,0.0007296473889351592,0.08455348882643896
Upper-layer intratelencephalic,Human A25,Human A29-A30,20.897569237498196,0.004290542011080432,0.08966189874294808
Upper-layer intratelencephalic,Human A25,Human A32,75.36011650123478,0.00020177471691674,0.015205766173849196
Upper-layer intratelencephalic,Human A25,Human A35-A36,108.87699575039218,0.00029973509151746155,0.03263425628539007
Upper-layer intratelencephalic,Human A25,Human A38,162.3183830524843,0.00010134030412537872,0.016449394303678477
Upper-layer intratelencephalic,Human A25,Human A40,116.42492360648176,0.00039582188736337476,0.04608353299805433
Upper-layer intratelencephalic,Human A25,Human A43,88.35196889197977,0.00047354207817371986,0.04183837495984795
Upper-layer intratelencephalic,Human A25,Human A44-A45,80.58771594441066,0.0004964857885044636,0.04001065569443446
Upper-layer intratelencephalic,Human A25,Human A46,98.71971486801542,0.00047746963942226156,0.04713566666189979
Upper-layer intratelencephalic,Human A25,Human A5-A7,112.7113896467314,0.0004131084570990105,0.046562028274446596
Upper-layer intratelencephalic,Human A25,Human AON,76.70783092351485,0.000139189553911989,0.010676928767800306
Upper-layer intratelencephalic,Human A25,Human BM,64.05582848561835,0.0003957318599116927,0.025348932144798136
Upper-layer intratelencephalic,Human A25,Human BNST,56.629287206843145,0.0006909804479340229,0.03912973024036891
Upper-layer intratelencephalic,Human A25,Human CA1R-CA2R-CA3R,23.807141957282084,0.0028454412711689894,0.06774182427382931
Upper-layer intratelencephalic,Human A25,Human CA1U-CA2U-CA3U,53.43888978450427,0.0006567666421844003,0.03509688020583112
Upper-layer intratelencephalic,Human A25,Human CEN,66.26837992027842,0.00047732511258636836,0.031631561906363126
Upper-layer intratelencephalic,Human A25,Human Cla,61.19258073457563,0.0003951998853533557,0.02418330089078025
Upper-layer intratelencephalic,Human A25,Human CoA,58.586143874690464,0.0011198018265071014,0.06560487091888621
Upper-layer intratelencephalic,Human A25,Human FI,43.25285011599109,0.0005772226097332219,0.024966523022352263
Upper-layer intratelencephalic,Human A25,Human HTHso,41.321883195811495,0.002159914240466354,0.08925172395752058
Upper-layer intratelencephalic,Human A25,Human ITG,104.22502734241098,0.00034771306169809426,0.03624040336279731
Upper-layer intratelencephalic,Human A25,Human Idg,170.4973846270395,9.085980210640033e-05,0.015491358626871633
Upper-layer intratelencephalic,Human A25,Human Ig,84.36345997875449,0.000639140842954849,0.053920132925408815
Upper-layer intratelencephalic,Human A25,Human LEC,87.0776261984602,0.00038323013217008545,0.0333707701970932
Upper-layer intratelencephalic,Human A25,Human La,66.30833332363117,0.0006518114367145151,0.043220530009821
Upper-layer intratelencephalic,Human A25,Human M1C,120.41407967264394,0.000717297596578037,0.08637272994334375
Upper-layer intratelencephalic,Human A25,Human MEC,91.70180199498037,0.0006595047866097187,0.0604777773564262
Upper-layer intratelencephalic,Human A25,Human MTG,96.2934412490176,0.00045095340959844243,0.04342385565321179
Upper-layer intratelencephalic,Human A25,Human PAG-DR,28.234188249761868,0.0009022851916581872,0.025475289956249723
Upper-layer intratelencephalic,Human A25,Human Pir,71.50596659833786,0.00025177273941548374,0.018003253095015603
Upper-layer intratelencephalic,Human A25,Human Pro,66.18118128868532,0.0013270218404997768,0.08782387300016059
Upper-layer intratelencephalic,Human A25,Human S1C,91.30982154816152,0.0007199413604609245,0.06573771714882765
Upper-layer intratelencephalic,Human A25,Human SEP,31.421970742995878,0.0003309344287210519,0.010398611937122947
Upper-layer intratelencephalic,Human A25,Human SI,36.249375619136806,0.00041249251834357497,0.01495259623751993
Upper-layer intratelencephalic,Human A25,Human STG,46.93564548035438,0.0019041485476492801,0.0893724411743983
Upper-layer intratelencephalic,Human A25,Human Sub,30.695609429147897,0.001807365529084391,0.05547818637647971
Upper-layer intratelencephalic,Human A25,Human TF,176.78581125954292,0.00020921177378184453,0.03698567315307136
Upper-layer intratelencephalic,Human A25,Human TH-TL,85.18956039394808,0.0003917345874808007,0.03337169729859401
Upper-layer intratelencephalic,Human A25,Human V1C,63.34733512916823,0.0024312680450099804,0.1540143516360849
Upper-layer intratelencephalic,Human A25,Human V2,78.32177242542974,0.0008947165902840485,0.0700757891694837
Upper-layer intratelencephalic,Human A29-A30,Human A32,23.873836924999683,0.0032407931134601073,0.0773701662984086
Upper-layer intratelencephalic,Human A29-A30,Human A35-A36,24.041730615088447,0.00545520404131547,0.13115254601164836
Upper-layer intratelencephalic,Human A29-A30,Human A38,24.024908368310754,0.004060222371879656,0.09754647043937409
Upper-layer intratelencephalic,Human A29-A30,Human A40,5.782271858321128,0.004667385481801393,0.02698809172335679
Upper-layer intratelencephalic,Human A29-A30,Human A43,19.39880968493627,0.0024820346036313118,0.04814851690727005
Upper-layer intratelencephalic,Human A29-A30,Human A44-A45,9.077185771057389,0.002631663899054652,0.023888102098704296
Upper-layer intratelencephalic,Human A29-A30,Human A46,15.148669126666707,0.003131491989301658,0.047437936018738136
Upper-layer intratelencephalic,Human A29-A30,Human A5-A7,17.516670662167297,0.0029278503663082156,0.05128619061472689
Upper-layer intratelencephalic,Human A29-A30,Human AON,19.844947803085354,0.003878898217287861,0.07697653265555843
Upper-layer intratelencephalic,Human A29-A30,Human BM,16.266949069113124,0.006183864123969447,0.10059260275492685
Upper-layer intratelencephalic,Human A29-A30,Human BNST,25.61150269361839,0.006701243304041541,0.17162891093205213
Upper-layer intratelencephalic,Human A29-A30,Human CA1R-CA2R-CA3R,30.60339672492651,0.0024126169378277406,0.0738342732936197
Upper-layer intratelencephalic,Human A29-A30,Human CA1U-CA2U-CA3U,25.875742454544945,0.003260983551698,0.0843803705322447
Upper-layer intratelencephalic,Human A29-A30,Human CEN,27.499398138902826,0.004697809109307526,0.12918692307741214
Upper-layer intratelencephalic,Human A29-A30,Human Cla,24.08248497450801,0.002689058284927339,0.06475920574233891
Upper-layer intratelencephalic,Human A29-A30,Human CoA,24.33553194935078,0.007689965213472575,0.18713939414185793
Upper-layer intratelencephalic,Human A29-A30,Human FI,23.106744478366636,0.006975214110217993,0.16117449012670465
Upper-layer intratelencephalic,Human A29-A30,Human HTHso,24.102454110324786,0.010050539628155265,0.242242670171613
Upper-layer intratelencephalic,Human A29-A30,Human ITG,16.159088864865588,0.002620804507870253,0.042349812940115736
Upper-layer intratelencephalic,Human A29-A30,Human Idg,26.2098400019778,0.0037179623257903556,0.09744719769234647
Upper-layer intratelencephalic,Human A29-A30,Human Ig,20.919590424621926,0.002233703877041228,0.04672817023759254
Upper-layer intratelencephalic,Human A29-A30,Human LEC,30.24970496682763,0.005001442403916278,0.15129215712704855
Upper-layer intratelencephalic,Human A29-A30,Human La,25.13588910840898,0.00643431215939302,0.16173215692739046
Upper-layer intratelencephalic,Human A29-A30,Human M1C,18.65130013879473,0.003232859363981686,0.060297030304135475
Upper-layer intratelencephalic,Human A29-A30,Human MEC,29.377235956888008,0.005905947868004371,0.17350042406744406
Upper-layer intratelencephalic,Human A29-A30,Human MTG,11.76174841557854,0.002618337855821963,0.030796231127163284
Upper-layer intratelencephalic,Human A29-A30,Human PAG-DR,18.184397435758697,0.005443778323526332,0.09899182858717101
Upper-layer intratelencephalic,Human A29-A30,Human Pir,28.522662395589027,0.0036108168732002805,0.10299011064658799
Upper-layer intratelencephalic,Human A29-A30,Human Pro,11.523787084488896,0.001358673421029682,0.015657063221300192
Upper-layer intratelencephalic,Human A29-A30,Human S1C,18.729128536394263,0.0025238235204951423,0.0472690151185286
Upper-layer intratelencephalic,Human A29-A30,Human SEP,26.827125634882268,0.003525614599042183,0.09458210578867972
Upper-layer intratelencephalic,Human A29-A30,Human SI,23.34976460786153,0.0058746487368131475,0.13717166515845808
Upper-layer intratelencephalic,Human A29-A30,Human STG,20.22039822855153,0.0007804756711337086,0.015781528878019608
Upper-layer intratelencephalic,Human A29-A30,Human Sub,36.12241729653272,0.0025438251549754027,0.09188911377743851
Upper-layer intratelencephalic,Human A29-A30,Human TF,15.996049835390417,0.003149085735066397,0.05037293235403915
Upper-layer intratelencephalic,Human A29-A30,Human TH-TL,24.427132942137487,0.0025453999688076125,0.062176823428976166
Upper-layer intratelencephalic,Human A29-A30,Human V1C,46.63831422533974,0.0011839258332226633,0.05521630502933575
Upper-layer intratelencephalic,Human A29-A30,Human V2,14.732385802931434,0.00209299470967281,0.030834805546394305
Upper-layer intratelencephalic,Human A32,Human A35-A36,66.65399740477226,0.000452599077863247,0.03016753776129918
Upper-layer intratelencephalic,Human A32,Human A38,113.78877973492497,0.000245208432884408,0.027901968358630038
Upper-layer intratelencephalic,Human A32,Human A40,52.27538052974783,0.00037603507585397126,0.019657376682798936
Upper-layer intratelencephalic,Human A32,Human A43,69.93404428907313,0.00015323745873659252,0.010716515226029876
Upper-layer intratelencephalic,Human A32,Human A44-A45,97.27839620713371,0.00018470824923645288,0.017968122251949666
Upper-layer intratelencephalic,Human A32,Human A46,54.96927518746821,0.0002271953225521932,0.012488762206677112
Upper-layer intratelencephalic,Human A32,Human A5-A7,115.93500419083486,0.00019544490325226521,0.022658905677628682
Upper-layer intratelencephalic,Human A32,Human AON,136.10449238715728,9.127043104902369e-05,0.012422315687884409
Upper-layer intratelencephalic,Human A32,Human BM,41.23100774192313,0.0008377866603744785,0.034542788279980044
Upper-layer intratelencephalic,Human A32,Human BNST,65.2120497786959,0.0011744052101316906,0.07658537102346763
Upper-layer intratelencephalic,Human A32,Human CA1R-CA2R-CA3R,29.897090305758276,0.0022449484513621604,0.0671174265821467
Upper-layer intratelencephalic,Human A32,Human CA1U-CA2U-CA3U,55.05170314547254,0.0007107138095213348,0.03912600566315644
Upper-layer intratelencephalic,Human A32,Human CEN,64.98116800352668,0.0007511047193873408,0.048807661958750546
Upper-layer intratelencephalic,Human A32,Human Cla,50.18677282428517,0.0003140053530854923,0.015758915320911053
Upper-layer intratelencephalic,Human A32,Human CoA,68.56385750588306,0.0013729796804169835,0.09413678316658292
Upper-layer intratelencephalic,Human A32,Human FI,54.02547056919935,0.0010047697628830536,0.05428315925345982
Upper-layer intratelencephalic,Human A32,Human HTHso,50.304588007240234,0.0026488998035762625,0.13325181329136346
Upper-layer intratelencephalic,Human A32,Human ITG,98.0445669439666,0.00017219878909823752,0.016883155705412135
Upper-layer intratelencephalic,Human A32,Human Idg,98.27315714260536,0.00015168780023027903,0.01490683902864634
Upper-layer intratelencephalic,Human A32,Human Ig,77.14484555369067,0.0002473770632748433,0.019083865339863348
Upper-layer intratelencephalic,Human A32,Human LEC,81.13841301367461,0.000692752004473488,0.05620879825502083
Upper-layer intratelencephalic,Human A32,Human La,56.880163106528855,0.001140148541640294,0.06485183501417092
Upper-layer intratelencephalic,Human A32,Human M1C,105.18391107453837,0.0005168674181339596,0.054366136546328644
Upper-layer intratelencephalic,Human A32,Human MEC,70.77378614397972,0.0010198758021289756,0.0721804719132959
Upper-layer intratelencephalic,Human A32,Human MTG,84.62597035407366,0.00022806999319416538,0.01930064448270322
Upper-layer intratelencephalic,Human A32,Human PAG-DR,21.52298241221788,0.0012174760613663837,0.02620371585608497
Upper-layer intratelencephalic,Human A32,Human Pir,78.08156677465024,0.00029607653054593454,0.02311811939022916
Upper-layer intratelencephalic,Human A32,Human Pro,72.86579838118891,0.0007995812723622644,0.05826212778132326
Upper-layer intratelencephalic,Human A32,Human S1C,73.3140968571507,0.00039363018893065265,0.0288586417971604
Upper-layer intratelencephalic,Human A32,Human SEP,50.31039779324171,0.0004557634246440726,0.022929639193453435
Upper-layer intratelencephalic,Human A32,Human SI,53.69469042597498,0.0009186125510241667,0.04932461654865778
Upper-layer intratelencephalic,Human A32,Human STG,45.60676876682668,0.001286493677788761,0.058672819682896456
Upper-layer intratelencephalic,Human A32,Human Sub,16.546406754796845,0.0016750432618658048,0.02771594714271329
Upper-layer intratelencephalic,Human A32,Human TF,140.75434880150715,0.00013912265975188983,0.0195821193769109
Upper-layer intratelencephalic,Human A32,Human TH-TL,71.12721521527011,0.00024313399201740762,0.01729344377636992
Upper-layer intratelencephalic,Human A32,Human V1C,74.87217590344083,0.001618105096724041,0.12115104943217654
Upper-layer intratelencephalic,Human A32,Human V2,110.84805337342871,0.0004644809622624609,0.05148681049581079
Upper-layer intratelencephalic,Human A35-A36,Human A38,53.653677719706366,0.0003205592955869024,0.01719918513547575
Upper-layer intratelencephalic,Human A35-A36,Human A40,105.50667179648656,0.0004512469624636487,0.04760956516781367
Upper-layer intratelencephalic,Human A35-A36,Human A43,46.797730843099664,0.0008515565916529071,0.039850916173840074
Upper-layer intratelencephalic,Human A35-A36,Human A44-A45,69.23001990369383,0.0008907062301080982,0.06166361003872774
Upper-layer intratelencephalic,Human A35-A36,Human A46,69.26057917546945,0.0007659892960626556,0.05305286228750966
Upper-layer intratelencephalic,Human A35-A36,Human A5-A7,71.24974774558952,0.0007504575147717365,0.05346990862126824
Upper-layer intratelencephalic,Human A35-A36,Human AON,110.38311164683316,0.00030679357447226433,0.03386482938350298
Upper-layer intratelencephalic,Human A35-A36,Human BM,50.72550857050437,0.0004107183135721305,0.020833895335166205
Upper-layer intratelencephalic,Human A35-A36,Human BNST,110.90823910147992,0.0006341979207001435,0.07033777462667291
Upper-layer intratelencephalic,Human A35-A36,Human CA1R-CA2R-CA3R,26.972996824885136,0.003492400945900114,0.09420051962498963
Upper-layer intratelencephalic,Human A35-A36,Human CA1U-CA2U-CA3U,28.782434556773158,0.001225250729615593,0.03526569894079937
Upper-layer intratelencephalic,Human A35-A36,Human CEN,56.58962407843187,0.0006499229589611787,0.036778895927555205
Upper-layer intratelencephalic,Human A35-A36,Human Cla,33.31402111491521,0.0008893010147355239,0.029626192782414764
Upper-layer intratelencephalic,Human A35-A36,Human CoA,144.09106852587433,0.0006515288650626488,0.09387949034232726
Upper-layer intratelencephalic,Human A35-A36,Human FI,157.27650639508025,0.00032441646894092955,0.05102308885205746
Upper-layer intratelencephalic,Human A35-A36,Human HTHso,80.76231794118641,0.0014437904479860405,0.11660386320069656
Upper-layer intratelencephalic,Human A35-A36,Human ITG,39.844068621742295,0.0007633646547826915,0.030415553688574178
Upper-layer intratelencephalic,Human A35-A36,Human Idg,43.057113046816944,0.00038829267114647557,0.016718761436804314
Upper-layer intratelencephalic,Human A35-A36,Human Ig,36.0718625266588,0.001042381599478553,0.03760064575670907
Upper-layer intratelencephalic,Human A35-A36,Human LEC,48.32259267492377,0.0005002852347448011,0.024175079619851644
Upper-layer intratelencephalic,Human A35-A36,Human La,86.99119370810193,0.0005723928842758942,0.04979314027318348
Upper-layer intratelencephalic,Human A35-A36,Human M1C,109.19404757821997,0.0009721144403587725,0.10614911045201048
Upper-layer intratelencephalic,Human A35-A36,Human MEC,84.41635520485895,0.00046654603362745166,0.03938411569411303
Upper-layer intratelencephalic,Human A35-A36,Human MTG,54.91031509194755,0.000779299616846048,0.04279158751205049
Upper-layer intratelencephalic,Human A35-A36,Human PAG-DR,44.29957307086826,0.0011500691148804386,0.050947570791194774
Upper-layer intratelencephalic,Human A35-A36,Human Pir,45.36129796886384,0.0005546121643439364,0.025157927643961776
Upper-layer intratelencephalic,Human A35-A36,Human Pro,46.9037416613629,0.0020565738923841656,0.09646101055589044
Upper-layer intratelencephalic,Human A35-A36,Human S1C,63.70657435367909,0.0011097836875034778,0.07070051700444047
Upper-layer intratelencephalic,Human A35-A36,Human SEP,63.60749461144934,0.0007912715430339473,0.050330800409725006
Upper-layer intratelencephalic,Human A35-A36,Human SI,75.02159606911998,0.0006220683976104141,0.04666856405289321
Upper-layer intratelencephalic,Human A35-A36,Human STG,34.34577944916268,0.0028029046281643427,0.09626794417596984
Upper-layer intratelencephalic,Human A35-A36,Human Sub,15.656496835730438,0.0028533404453171323,0.044673315653369364
Upper-layer intratelencephalic,Human A35-A36,Human TF,44.897233666455996,0.0005011757763226053,0.0225014059375235
Upper-layer intratelencephalic,Human A35-A36,Human TH-TL,26.557719648041527,0.0008193870992121324,0.0217610528640978
Upper-layer intratelencephalic,Human A35-A36,Human V1C,52.2149517871735,0.003072523046411437,0.16043164273335261
Upper-layer intratelencephalic,Human A35-A36,Human V2,70.19496398086056,0.0012876882993421877,0.09038923379090047
Upper-layer intratelencephalic,Human A38,Human A40,72.0187611581448,0.0005250826198877154,0.03781579978998631
Upper-layer intratelencephalic,Human A38,Human A43,100.6824031012022,0.00048010588515323737,0.04833821426025773
Upper-layer intratelencephalic,Human A38,Human A44-A45,104.66291900980279,0.00047952671047122144,0.050188665261086604
Upper-layer intratelencephalic,Human A38,Human A46,103.22136846591374,0.0006138620851046145,0.06336368447383751
Upper-layer intratelencephalic,Human A38,Human A5-A7,112.37004525651378,0.0004828259205973079,0.054255170548537415
Upper-layer intratelencephalic,Human A38,Human AON,103.38189790894046,0.0001730267405284787,0.017887832824831917
Upper-layer intratelencephalic,Human A38,Human BM,25.886381393017224,0.00048426713871394574,0.012535923848854377
Upper-layer intratelencephalic,Human A38,Human BNST,66.21729901195967,0.00085353405634013,0.05651871982556522
Upper-layer intratelencephalic,Human A38,Human CA1R-CA2R-CA3R,26.581981088145177,0.0027252504148002153,0.07244255498667912
Upper-layer intratelencephalic,Human A38,Human CA1U-CA2U-CA3U,30.183477895833953,0.0006257505590059574,0.018887328166062055
Upper-layer intratelencephalic,Human A38,Human CEN,54.049537712743096,0.0004683539401894092,0.025314313953179297
Upper-layer intratelencephalic,Human A38,Human Cla,31.214955433106898,0.00039735102911389467,0.012403294665089383
Upper-layer intratelencephalic,Human A38,Human CoA,47.50972795054692,0.0012368950636933288,0.058764547979444456
Upper-layer intratelencephalic,Human A38,Human FI,41.05008840294179,0.0007536718243497027,0.03093829501636171
Upper-layer intratelencephalic,Human A38,Human HTHso,34.33478693516616,0.002359563426708783,0.08101510751605662
Upper-layer intratelencephalic,Human A38,Human ITG,73.86534138410688,0.0002699540725984958,0.019940249730517865
Upper-layer intratelencephalic,Human A38,Human Idg,120.82708909670279,0.0001457597979845108,0.017611732097791887
Upper-layer intratelencephalic,Human A38,Human Ig,89.72722374177111,0.000669721128523407,0.060092217543611194
Upper-layer intratelencephalic,Human A38,Human LEC,62.46275925047038,0.0005241843698301432,0.03274200209555976
Upper-layer intratelencephalic,Human A38,Human La,55.51036115835717,0.0008072914588235093,0.04481304043935003
Upper-layer intratelencephalic,Human A38,Human M1C,129.8273001165148,0.0006929601378212811,0.08996514378170492
Upper-layer intratelencephalic,Human A38,Human MEC,53.756170407057745,0.0007322879079418623,0.039364993566350565
Upper-layer intratelencephalic,Human A38,Human MTG,63.20258484472297,0.0004740939901042261,0.029963965633935604
Upper-layer intratelencephalic,Human A38,Human PAG-DR,41.919627505669204,0.0009496999135596285,0.03981106661858587
Upper-layer intratelencephalic,Human A38,Human Pir,64.06610332797045,0.000372376798922608,0.02385673047671468
Upper-layer intratelencephalic,Human A38,Human Pro,49.34589996812033,0.0012704481736254833,0.06269140849040426
Upper-layer intratelencephalic,Human A38,Human S1C,90.70967734617379,0.000862725953808467,0.07825759290813608
Upper-layer intratelencephalic,Human A38,Human SEP,55.800312106507626,0.0005216323310439307,0.02910724687709644
Upper-layer intratelencephalic,Human A38,Human SI,57.40608704230154,0.000618095705445737,0.035482455867290756
Upper-layer intratelencephalic,Human A38,Human STG,34.05210105815386,0.0017700568029551259,0.060274153132900674
Upper-layer intratelencephalic,Human A38,Human Sub,38.242191324486484,0.001859381255101317,0.07110681370274838
Upper-layer intratelencephalic,Human A38,Human TF,96.3235595463982,0.0001677749608557243,0.016160681432380985
Upper-layer intratelencephalic,Human A38,Human TH-TL,46.64334568036724,0.0002618658820675529,0.012214300859171152
Upper-layer intratelencephalic,Human A38,Human V1C,53.320719435987186,0.002346400048692193,0.12511173868090308
Upper-layer intratelencephalic,Human A38,Human V2,82.11846053850815,0.0009074976909262248,0.07452231332111245
Upper-layer intratelencephalic,Human A40,Human A43,13.650787069476713,0.0006081071860951559,0.008301141712803623
Upper-layer intratelencephalic,Human A40,Human A44-A45,25.312356416846942,0.0004607627335655837,0.01166299053561274
Upper-layer intratelencephalic,Human A40,Human A46,38.04793523355301,0.0003001570429154168,0.01142035572874057
Upper-layer intratelencephalic,Human A40,Human A5-A7,11.459827111896079,0.00030074054846989935,0.0034464346910018494
Upper-layer intratelencephalic,Human A40,Human AON,86.80714565660594,0.00033985358666443295,0.029501719799499383
Upper-layer intratelencephalic,Human A40,Human BM,76.36575137803106,0.00047475730220790813,0.03625519810531387
Upper-layer intratelencephalic,Human A40,Human BNST,115.02668543335618,0.0008867488543329804,0.1019997815257487
Upper-layer intratelencephalic,Human A40,Human CA1R-CA2R-CA3R,22.372485048555966,0.003439400943685038,0.07694794618858279
Upper-layer intratelencephalic,Human A40,Human CA1U-CA2U-CA3U,36.79962039631305,0.001455062970788786,0.053545764977758877
Upper-layer intratelencephalic,Human A40,Human CEN,69.24833109448339,0.0008961442981718184,0.062056497068235524
Upper-layer intratelencephalic,Human A40,Human Cla,43.57670314067242,0.0008115290249011203,0.035363759408155476
Upper-layer intratelencephalic,Human A40,Human CoA,110.0836800347162,0.0008987701616220006,0.09893992689674648
Upper-layer intratelencephalic,Human A40,Human FI,118.28443512099935,0.0005892739835756419,0.06970194027874585
Upper-layer intratelencephalic,Human A40,Human HTHso,78.36075921376013,0.001877408406672161,0.14711514810112628
Upper-layer intratelencephalic,Human A40,Human ITG,29.79433294455749,0.0005460846632506602,0.016270228272806726
Upper-layer intratelencephalic,Human A40,Human Idg,91.08112485011537,0.00040436516774748545,0.036830034328646566
Upper-layer intratelencephalic,Human A40,Human Ig,23.133204421431916,0.0007185842882233007,0.016623157233498765
Upper-layer intratelencephalic,Human A40,Human LEC,119.35100236968458,0.0006952788733812156,0.08298223046451308
Upper-layer intratelencephalic,Human A40,Human La,88.42758946012547,0.0009124900088342441,0.0806892918876608
Upper-layer intratelencephalic,Human A40,Human M1C,66.84874576397334,0.0006509252232959621,0.04351353476346935
Upper-layer intratelencephalic,Human A40,Human MEC,98.81195105025971,0.0009449344656004944,0.09337081816061937
Upper-layer intratelencephalic,Human A40,Human MTG,29.248469448695346,0.00047623115142022437,0.01392903228283144
Upper-layer intratelencephalic,Human A40,Human PAG-DR,41.309330477992795,0.0012117494285130543,0.050056557598964664
Upper-layer intratelencephalic,Human A40,Human Pir,96.52216915017078,0.00045726596031177324,0.044136302367828256
Upper-layer intratelencephalic,Human A40,Human Pro,27.35851847209977,0.0015098240873996755,0.0413065501847452
Upper-layer intratelencephalic,Human A40,Human S1C,28.69484604929145,0.0005566205136218116,0.015972139946255418
Upper-layer intratelencephalic,Human A40,Human SEP,81.31506142714704,0.0008185909347486905,0.06656377214279548
Upper-layer intratelencephalic,Human A40,Human SI,103.0822496374484,0.0007455964526115004,0.07685775965689465
Upper-layer intratelencephalic,Human A40,Human STG,17.972651835778485,0.002212330193640907,0.03976144031608842
Upper-layer intratelencephalic,Human A40,Human Sub,14.406646309543325,0.0024121988659239857,0.03475169588964838
Upper-layer intratelencephalic,Human A40,Human TF,51.18948980656336,0.00039853209173462266,0.02040065444743784
Upper-layer intratelencephalic,Human A40,Human TH-TL,39.17004543242661,0.0008626663893338667,0.033790681663234984
Upper-layer intratelencephalic,Human A40,Human V1C,41.4724354569373,0.002443953667032709,0.10135671071575925
Upper-layer intratelencephalic,Human A40,Human V2,31.702981662927016,0.0008325521014383359,0.026394384005330916
Upper-layer intratelencephalic,Human A43,Human A44-A45,49.86881630586224,0.00011918202794834436,0.005943466658716125
Upper-layer intratelencephalic,Human A43,Human A46,33.163742036591614,0.0002702612360341377,0.008962873914326541
Upper-layer intratelencephalic,Human A43,Human A5-A7,23.00329715612944,0.0001664497157832156,0.0038288922737145974
Upper-layer intratelencephalic,Human A43,Human AON,113.56184021899224,0.0003020171702169201,0.03429762562756607
Upper-layer intratelencephalic,Human A43,Human BM,41.487722585849006,0.0012232147349397486,0.05074839358610311
Upper-layer intratelencephalic,Human A43,Human BNST,68.14646116312362,0.0017040650602116857,0.11612600344515156
Upper-layer intratelencephalic,Human A43,Human CA1R-CA2R-CA3R,30.16157941229956,0.001693902105768884,0.05109076287980965
Upper-layer intratelencephalic,Human A43,Human CA1U-CA2U-CA3U,55.15218043951031,0.0007317498318022982,0.04035759876014167
Upper-layer intratelencephalic,Human A43,Human CEN,71.75052939547224,0.0010022820478614801,0.07191426753763924
Upper-layer intratelencephalic,Human A43,Human Cla,90.4860885967311,0.0002798035938071768,0.02531833277891996
Upper-layer intratelencephalic,Human A43,Human CoA,68.6500154619498,0.0019653594143492223,0.13492195418336272
Upper-layer intratelencephalic,Human A43,Human FI,57.336191916084566,0.0015915375805193427,0.09125270415831793
Upper-layer intratelencephalic,Human A43,Human HTHso,52.296421422606656,0.0034009070470105898,0.17785526814957855
Upper-layer intratelencephalic,Human A43,Human ITG,117.07341927285637,0.00011474308581395316,0.013433365394158276
Upper-layer intratelencephalic,Human A43,Human Idg,78.0841526930492,0.0003184820845544747,0.02486840372035221
Upper-layer intratelencephalic,Human A43,Human Ig,43.235253462931496,9.850202929816669e-05,0.004258760203319341
Upper-layer intratelencephalic,Human A43,Human LEC,68.76904680576241,0.0010275331126872829,0.0706624727208625
Upper-layer intratelencephalic,Human A43,Human La,57.41850064169986,0.0016366270710094595,0.09397267252698001
Upper-layer intratelencephalic,Human A43,Human M1C,63.987182572443764,0.0005594282394492647,0.03579623689382089
Upper-layer intratelencephalic,Human A43,Human MEC,60.58557158696195,0.0013985480111454551,0.08473183064705622
Upper-layer intratelencephalic,Human A43,Human MTG,48.276695882018664,0.00020174814720021422,0.009739733947145477
Upper-layer intratelencephalic,Human A43,Human PAG-DR,31.821620828282867,0.0014454887013321295,0.045997793365358045
Upper-layer intratelencephalic,Human A43,Human Pir,68.03241014587925,0.0004607400586772604,0.031345256642567855
Upper-layer intratelencephalic,Human A43,Human Pro,74.68798708809577,0.0003801047265747453,0.028389256910538747
Upper-layer intratelencephalic,Human A43,Human S1C,51.922633657057276,0.00022405542203596317,0.011633547597250674
Upper-layer intratelencephalic,Human A43,Human SEP,84.04179155052512,0.0005823826869404806,0.0489444843784866
Upper-layer intratelencephalic,Human A43,Human SI,60.98944331591844,0.001392388095072619,0.08492097479819116
Upper-layer intratelencephalic,Human A43,Human STG,35.78018398295227,0.0007331276148459642,0.026231440942171568
Upper-layer intratelencephalic,Human A43,Human Sub,32.03628238413092,0.001441842254424116,0.04619126561610292
Upper-layer intratelencephalic,Human A43,Human TF,85.37126493906472,0.00022024121958534788,0.018802271507723463
Upper-layer intratelencephalic,Human A43,Human TH-TL,110.44071916286961,0.00024316694633867925,0.02685553243028266
Upper-layer intratelencephalic,Human A43,Human V1C,82.57757790551543,0.0010366597980422131,0.08560485523434674
Upper-layer intratelencephalic,Human A43,Human V2,96.29162838206364,0.0002444337633212958,0.02353692510176351
Upper-layer intratelencephalic,Human A44-A45,Human A46,28.70301947059463,0.00016449695011066896,0.0047215591618799645
Upper-layer intratelencephalic,Human A44-A45,Human A5-A7,90.85159450412566,0.00010706903130753908,0.009727392216302075
Upper-layer intratelencephalic,Human A44-A45,Human AON,95.76100371734711,0.00030706474699808157,0.02940482837874954
Upper-layer intratelencephalic,Human A44-A45,Human BM,44.3198586612539,0.0011559311555801987,0.0512307054374543
Upper-layer intratelencephalic,Human A44-A45,Human BNST,66.40386720556793,0.0016450567954560407,0.10923813299108005
Upper-layer intratelencephalic,Human A44-A45,Human CA1R-CA2R-CA3R,35.49351541718358,0.0021220380001287856,0.07531858847342046
Upper-layer intratelencephalic,Human A44-A45,Human CA1U-CA2U-CA3U,56.66857634925431,0.0009271882644450746,0.052542438953838304
Upper-layer intratelencephalic,Human A44-A45,Human CEN,70.90479780402016,0.0010446643544492647,0.07407171482529236
Upper-layer intratelencephalic,Human A44-A45,Human Cla,71.54685088729973,0.0004006444234832199,0.0286648468257821
Upper-layer intratelencephalic,Human A44-A45,Human CoA,66.67158304017842,0.0017825629282461034,0.11884629229490368
Upper-layer intratelencephalic,Human A44-A45,Human FI,56.05340854523961,0.0014823129353357754,0.08308869255626956
Upper-layer intratelencephalic,Human A44-A45,Human HTHso,52.157276697875176,0.003231354799040396,0.16853866636255677
Upper-layer intratelencephalic,Human A44-A45,Human ITG,133.62483700750568,0.0001526786549406121,0.020401660380964495
Upper-layer intratelencephalic,Human A44-A45,Human Idg,118.40262820094188,0.0003812786280645709,0.045144391639694595
Upper-layer intratelencephalic,Human A44-A45,Human Ig,76.49394973142309,0.00017085858112861227,0.01306964771603434
Upper-layer intratelencephalic,Human A44-A45,Human LEC,89.40386913590228,0.0010442015595559556,0.09335565958204574
Upper-layer intratelencephalic,Human A44-A45,Human La,58.55209006991207,0.0016030963701647752,0.09386464305663701
Upper-layer intratelencephalic,Human A44-A45,Human M1C,73.92011046071546,0.00040434182624950014,0.02988899246025047
Upper-layer intratelencephalic,Human A44-A45,Human MEC,73.32503346928647,0.0014832373468200138,0.10875842809847318
Upper-layer intratelencephalic,Human A44-A45,Human MTG,89.6509117742627,0.00015339916482702483,0.013752374992153184
Upper-layer intratelencephalic,Human A44-A45,Human PAG-DR,33.31318687795432,0.001543659761034356,0.05142422609531581
Upper-layer intratelencephalic,Human A44-A45,Human Pir,103.23462013451578,0.000445407345238812,0.045981458090851884
Upper-layer intratelencephalic,Human A44-A45,Human Pro,80.27064997496352,0.00048628496493013386,0.03903441020799418
Upper-layer intratelencephalic,Human A44-A45,Human S1C,48.52508640850131,0.00021619191065918003,0.010490731145555706
Upper-layer intratelencephalic,Human A44-A45,Human SEP,85.59793915417963,0.0007320461425177419,0.06266164116528558
Upper-layer intratelencephalic,Human A44-A45,Human SI,60.35824364440655,0.0013659038410570325,0.08244355683335113
Upper-layer intratelencephalic,Human A44-A45,Human STG,47.47195763350387,0.0008600000118171741,0.04082588412579771
Upper-layer intratelencephalic,Human A44-A45,Human Sub,33.22322686765549,0.0016909562826746094,0.056179024202585935
Upper-layer intratelencephalic,Human A44-A45,Human TF,108.46084126056562,0.000254310079229864,0.027582685134312144
Upper-layer intratelencephalic,Human A44-A45,Human TH-TL,98.08890129312334,0.00031266129095030627,0.03066860250620511
Upper-layer intratelencephalic,Human A44-A45,Human V1C,77.82793441436078,0.001151894016313776,0.08964953195396319
Upper-layer intratelencephalic,Human A44-A45,Human V2,96.26575509876888,0.00024908050994680597,0.02397792337041569
Upper-layer intratelencephalic,Human A46,Human A5-A7,52.53824938794789,0.00010993338988710908,0.005775707853951446
Upper-layer intratelencephalic,Human A46,Human AON,113.5874824485937,0.0003476046047325167,0.039483531939105095
Upper-layer intratelencephalic,Human A46,Human BM,64.72443131253037,0.0010113891686880745,0.06546158877898847
Upper-layer intratelencephalic,Human A46,Human BNST,85.32847036467471,0.001440403259250122,0.12290740682010491
Upper-layer intratelencephalic,Human A46,Human CA1R-CA2R-CA3R,30.0876135499352,0.0026539724061997337,0.07985169612992923
Upper-layer intratelencephalic,Human A46,Human CA1U-CA2U-CA3U,43.67565738377617,0.00113531742654986,0.04958573494382215
Upper-layer intratelencephalic,Human A46,Human CEN,80.32931290369997,0.0010988703196137238,0.08827149774483961
Upper-layer intratelencephalic,Human A46,Human Cla,69.37832458676904,0.0005455471835253219,0.03784914957601744
Upper-layer intratelencephalic,Human A46,Human CoA,84.13253185578839,0.0016608632894410426,0.139732633607008
Upper-layer intratelencephalic,Human A46,Human FI,81.18844855933106,0.0011898968592175744,0.09660587994549565
Upper-layer intratelencephalic,Human A46,Human HTHso,63.79221492738779,0.0030001082819079254,0.1913835523249065
Upper-layer intratelencephalic,Human A46,Human ITG,65.35522292365775,0.000341772413215305,0.022336612254842732
Upper-layer intratelencephalic,Human A46,Human Idg,110.15168678299769,0.0003595277087529681,0.03960258356436576
Upper-layer intratelencephalic,Human A46,Human Ig,60.18310569572661,0.00025292443945937554,0.015221778273016004
Upper-layer intratelencephalic,Human A46,Human LEC,122.2195017092727,0.0007329498780078219,0.08958076886798821
Upper-layer intratelencephalic,Human A46,Human La,77.00159453984669,0.0013672847112171603,0.10528310295367516
Upper-layer intratelencephalic,Human A46,Human M1C,79.24022176124005,0.00044266320313624414,0.03507673038205684
Upper-layer intratelencephalic,Human A46,Human MEC,79.93796343797908,0.0012578613361763262,0.10055087350131067
Upper-layer intratelencephalic,Human A46,Human MTG,120.47375169516988,0.00012560207092906885,0.015131752705507756
Upper-layer intratelencephalic,Human A46,Human PAG-DR,32.05089479927776,0.001556493643977999,0.04988701403888334
Upper-layer intratelencephalic,Human A46,Human Pir,136.15353120175527,0.0002884873087535137,0.039278565793681934
Upper-layer intratelencephalic,Human A46,Human Pro,52.3103977022585,0.0008163612956673444,0.04270418404508982
Upper-layer intratelencephalic,Human A46,Human S1C,78.72431576713079,0.00015942922968739377,0.01255095702042081
Upper-layer intratelencephalic,Human A46,Human SEP,93.03901848971658,0.0005901150964882064,0.05490372937322712
Upper-layer intratelencephalic,Human A46,Human SI,87.1076415049838,0.0010780271543597885,0.09390440289461029
Upper-layer intratelencephalic,Human A46,Human STG,34.63841199734263,0.0012661934199605378,0.043858929348917386
Upper-layer intratelencephalic,Human A46,Human Sub,29.118206465236042,0.0019076453061052582,0.05554720988561132
Upper-layer intratelencephalic,Human A46,Human TF,87.36624995543607,0.0003347566796926078,0.02924643575227623
Upper-layer intratelencephalic,Human A46,Human TH-TL,71.27018641741446,0.000556095161742796,0.03963300584323132
Upper-layer intratelencephalic,Human A46,Human V1C,63.37291938637227,0.0015114526096051992,0.09578516438483228
Upper-layer intratelencephalic,Human A46,Human V2,78.10757437067859,0.000343698478127428,0.026845454441427132
Upper-layer intratelencephalic,Human A5-A7,Human AON,121.61017444279926,0.00032232036226031253,0.03919743548094286
Upper-layer intratelencephalic,Human A5-A7,Human BM,56.05936122062217,0.0009077024525364456,0.05088521966758526
Upper-layer intratelencephalic,Human A5-A7,Human BNST,83.72499089813327,0.0014586489496121956,0.12212537002985274
Upper-layer intratelencephalic,Human A5-A7,Human CA1R-CA2R-CA3R,30.206063159315075,0.002329885239211897,0.07037666068959048
Upper-layer intratelencephalic,Human A5-A7,Human CA1U-CA2U-CA3U,57.487733070990515,0.0009654588845594198,0.055502042646568175
Upper-layer intratelencephalic,Human A5-A7,Human CEN,76.4641980714433,0.0010016930417610292,0.07659365515200187
Upper-layer intratelencephalic,Human A5-A7,Human Cla,80.93289688448989,0.00037454431166393965,0.030312956154569873
Upper-layer intratelencephalic,Human A5-A7,Human CoA,76.82555297400414,0.0017388780273817198,0.13359026600794613
Upper-layer intratelencephalic,Human A5-A7,Human FI,73.22050950970562,0.0012693549565728295,0.09294281666893284
Upper-layer intratelencephalic,Human A5-A7,Human HTHso,59.32380759071759,0.0030644741197693682,0.18179627304793167
Upper-layer intratelencephalic,Human A5-A7,Human ITG,76.34543765040318,0.0002085557444570206,0.015922279585076887
Upper-layer intratelencephalic,Human A5-A7,Human Idg,137.3692900947552,0.0002866786628519112,0.039380844401280715
Upper-layer intratelencephalic,Human A5-A7,Human Ig,40.66323728182368,0.00017438191788561163,0.0070909333046421195
Upper-layer intratelencephalic,Human A5-A7,Human LEC,107.74798707662764,0.0007928959953882992,0.08543294746420826
Upper-layer intratelencephalic,Human A5-A7,Human La,70.55183468742113,0.0014039464177411747,0.09905099557447244
Upper-layer intratelencephalic,Human A5-A7,Human M1C,90.25525210185647,0.00036745939553242647,0.03316514038097494
Upper-layer intratelencephalic,Human A5-A7,Human MEC,76.21763213520433,0.0012079755163938695,0.09206903353684143
Upper-layer intratelencephalic,Human A5-A7,Human MTG,107.14055686065937,0.00013824884832600167,0.014812058594992655
Upper-layer intratelencephalic,Human A5-A7,Human PAG-DR,35.88931511360899,0.0014617582133519165,0.05246150113889301
Upper-layer intratelencephalic,Human A5-A7,Human Pir,126.39800708789365,0.0003397851803646363,0.04294816963609052
Upper-layer intratelencephalic,Human A5-A7,Human Pro,55.136186528749576,0.0005897996519072172,0.0325193036221479
Upper-layer intratelencephalic,Human A5-A7,Human S1C,52.122085955403136,0.00011707282175547505,0.006102079678580461
Upper-layer intratelencephalic,Human A5-A7,Human SEP,92.94263297894835,0.0006020274028156075,0.055954011943160506
Upper-layer intratelencephalic,Human A5-A7,Human SI,83.92898408853353,0.0010957341151933355,0.09196385111932481
Upper-layer intratelencephalic,Human A5-A7,Human STG,36.628207278476864,0.0010425149921189998,0.0381854552222544
Upper-layer intratelencephalic,Human A5-A7,Human Sub,26.156453960790728,0.0016242480787624978,0.042484570093054064
Upper-layer intratelencephalic,Human A5-A7,Human TF,95.15869041834786,0.00022157433417772801,0.021084723470669975
Upper-layer intratelencephalic,Human A5-A7,Human TH-TL,85.0430515487069,0.00036354126966832445,0.03091665893648567
Upper-layer intratelencephalic,Human A5-A7,Human V1C,62.88479151960194,0.0013275925150993077,0.08348537853500396
Upper-layer intratelencephalic,Human A5-A7,Human V2,69.79378513364293,0.00023500511262983096,0.016401896336193978
Upper-layer intratelencephalic,Human AON,Human BM,49.66286883168967,0.0006594280036804933,0.03274908645072731
Upper-layer intratelencephalic,Human AON,Human BNST,55.989038215534435,0.0009114428107262196,0.05103080636102443
Upper-layer intratelencephalic,Human AON,Human CA1R-CA2R-CA3R,23.041021369241157,0.0025608258010313234,0.05900404200446682
Upper-layer intratelencephalic,Human AON,Human CA1U-CA2U-CA3U,52.51139589558906,0.0008319008155349404,0.04368427307041866
Upper-layer intratelencephalic,Human AON,Human CEN,64.25309011255464,0.0006730508836188828,0.0432455990754986
Upper-layer intratelencephalic,Human AON,Human Cla,51.78195977422472,0.0004739224870335629,0.02454063515967249
Upper-layer intratelencephalic,Human AON,Human CoA,51.6509207020531,0.0010302037967836295,0.05321097461462527
Upper-layer intratelencephalic,Human AON,Human FI,47.664219755646535,0.0007219080887984584,0.034409185787868515
Upper-layer intratelencephalic,Human AON,Human HTHso,35.76500403216426,0.0021749567638182526,0.07778733742774274
Upper-layer intratelencephalic,Human AON,Human ITG,72.95443664598005,0.000260628289759477,0.019013990053407898
Upper-layer intratelencephalic,Human AON,Human Idg,104.36919140504665,0.00017840819021919068,0.018620318553214683
Upper-layer intratelencephalic,Human AON,Human Ig,105.58067750306067,0.00045347036400569937,0.047877708259281275
Upper-layer intratelencephalic,Human AON,Human LEC,73.75910789195348,0.0005939532229026451,0.04380945985084969
Upper-layer intratelencephalic,Human AON,Human La,62.66459616410836,0.0009527707399668562,0.059704993657001736
Upper-layer intratelencephalic,Human AON,Human M1C,115.1373313616755,0.0006322856490741718,0.07279968229268499
Upper-layer intratelencephalic,Human AON,Human MEC,87.42820426706487,0.000878471231762357,0.07680316229325944
Upper-layer intratelencephalic,Human AON,Human MTG,65.46220610545653,0.00032769541420255184,0.021451664744340397
Upper-layer intratelencephalic,Human AON,Human PAG-DR,27.872874487216787,0.0010529158197939304,0.02934779049072119
Upper-layer intratelencephalic,Human AON,Human Pir,80.62722220692842,0.00027193532278710114,0.02192538969626841
Upper-layer intratelencephalic,Human AON,Human Pro,55.28321968950002,0.001124449254863694,0.06216317518632419
Upper-layer intratelencephalic,Human AON,Human S1C,98.16176927754097,0.0005951786861804319,0.05842379287175352
Upper-layer intratelencephalic,Human AON,Human SEP,57.36242719420279,0.0004418542186768999,0.02534583044930503
Upper-layer intratelencephalic,Human AON,Human SI,52.02915785348499,0.0007677099824383251,0.039943303861979806
Upper-layer intratelencephalic,Human AON,Human STG,28.948001348318705,0.001653217129297079,0.04785733168795542
Upper-layer intratelencephalic,Human AON,Human Sub,27.22792712317763,0.0021508221230278667,0.058562428020720945
Upper-layer intratelencephalic,Human AON,Human TF,147.91942296457597,0.0001746506296577727,0.025834220359377595
Upper-layer intratelencephalic,Human AON,Human TH-TL,73.6228238724157,0.0003508205850723793,0.025828402145601607
Upper-layer intratelencephalic,Human AON,Human V1C,53.38967843405376,0.002054015821502657,0.10966324420848561
Upper-layer intratelencephalic,Human AON,Human V2,83.23899633947711,0.0007135905822278055,0.05939856386194565
Upper-layer intratelencephalic,Human BM,Human BNST,115.089488843453,0.0005927889866358231,0.06822378146394537
Upper-layer intratelencephalic,Human BM,Human CA1R-CA2R-CA3R,18.00189310429925,0.004142106802859472,0.07456576389166694
Upper-layer intratelencephalic,Human BM,Human CA1U-CA2U-CA3U,13.975028890524792,0.0015157466391739899,0.021182603073172365
Upper-layer intratelencephalic,Human BM,Human CEN,47.51236011386484,0.0006838308029558909,0.03249041536699363
Upper-layer intratelencephalic,Human BM,Human Cla,14.852394010764137,0.001060710646539393,0.015754092453815437
Upper-layer intratelencephalic,Human BM,Human CoA,75.29575479187024,0.0009594520932836655,0.07224266955043349
Upper-layer intratelencephalic,Human BM,Human FI,124.10200965810795,0.00036137857531087997,0.044847807443464116
Upper-layer intratelencephalic,Human BM,Human HTHso,56.327482495454525,0.0016546451493017328,0.0932019956834821
Upper-layer intratelencephalic,Human BM,Human ITG,23.03844687626761,0.000985754888311092,0.022710261627376202
Upper-layer intratelencephalic,Human BM,Human Idg,44.240895840009856,0.0005227918651725522,0.02312878045310336
Upper-layer intratelencephalic,Human BM,Human Ig,41.04525909394066,0.001467951313538821,0.06025244200149143
Upper-layer intratelencephalic,Human BM,Human LEC,67.93585296081426,0.0004899403222581299,0.033284513692502266
Upper-layer intratelencephalic,Human BM,Human La,91.12950929536271,0.0005508489823962861,0.050198597461623445
Upper-layer intratelencephalic,Human BM,Human M1C,74.17072625190926,0.0012322478890863429,0.09139672085591619
Upper-layer intratelencephalic,Human BM,Human MEC,65.24487040903654,0.0005664275251824505,0.036956490476640264
Upper-layer intratelencephalic,Human BM,Human MTG,33.61697275532544,0.0010295321585813556,0.03460975452576082
Upper-layer intratelencephalic,Human BM,Human PAG-DR,41.085585721389805,0.0010815630889047566,0.04443665300228752
Upper-layer intratelencephalic,Human BM,Human Pir,38.76770788791764,0.0007298252601255883,0.02829365249377231
Upper-layer intratelencephalic,Human BM,Human Pro,28.343824963284955,0.002408165883581198,0.06825663228677993
Upper-layer intratelencephalic,Human BM,Human S1C,58.89249646769482,0.0013232851536884452,0.07793156623934976
Upper-layer intratelencephalic,Human BM,Human SEP,41.28591790717421,0.0009400722300896983,0.03881174491829747
Upper-layer intratelencephalic,Human BM,Human SI,131.03850166302385,0.0003549271162727413,0.04650911751595787
Upper-layer intratelencephalic,Human BM,Human STG,21.09801029766191,0.003162261150329646,0.06671741831355107
Upper-layer intratelencephalic,Human BM,Human Sub,23.780224343016872,0.002578909084060434,0.06132703657920127
Upper-layer intratelencephalic,Human BM,Human TF,26.11709902243142,0.0007252501311680018,0.01894142949174608
Upper-layer intratelencephalic,Human BM,Human TH-TL,12.105044465750764,0.001152486685041595,0.013950902568614202
Upper-layer intratelencephalic,Human BM,Human V1C,33.515531774207574,0.003721091117588146,0.12471434758624707
Upper-layer intratelencephalic,Human BM,Human V2,43.75097621588241,0.001655519236415822,0.07243058273736444
Upper-layer intratelencephalic,Human BNST,Human CA1R-CA2R-CA3R,25.21932309239469,0.004544838707429146,0.1146177557654771
Upper-layer intratelencephalic,Human BNST,Human CA1U-CA2U-CA3U,39.32962882346161,0.001894596726970981,0.07451378604191392
Upper-layer intratelencephalic,Human BNST,Human CEN,52.67404933321496,0.0007927589294782363,0.0417578229606833
Upper-layer intratelencephalic,Human BNST,Human Cla,39.708651336795846,0.0015278531671165242,0.060668988706849336
Upper-layer intratelencephalic,Human BNST,Human CoA,82.78867031337217,0.0008332466995239657,0.06898338629659508
Upper-layer intratelencephalic,Human BNST,Human FI,146.36766869743437,0.00039117921894280786,0.05725599031954204
Upper-layer intratelencephalic,Human BNST,Human HTHso,46.35094019413539,0.0013568771140771198,0.0628925299653796
Upper-layer intratelencephalic,Human BNST,Human ITG,57.43465406039812,0.0014592002270396704,0.08380866024487786
Upper-layer intratelencephalic,Human BNST,Human Idg,71.49076896043174,0.000977156613798082,0.0698576777151965
Upper-layer intratelencephalic,Human BNST,Human Ig,65.59788042985245,0.0020010649668841724,0.1312656204300346
Upper-layer intratelencephalic,Human BNST,Human LEC,82.46624760400563,0.0008294672685783941,0.06840305315000408
Upper-layer intratelencephalic,Human BNST,Human La,95.92275777172853,0.0005404483923039389,0.051841300223090844
Upper-layer intratelencephalic,Human BNST,Human M1C,86.80846802021183,0.0015870908934940923,0.13777292907305133
Upper-layer intratelencephalic,Human BNST,Human MEC,88.80146716763005,0.0007857866105827916,0.06977900390043107
Upper-layer intratelencephalic,Human BNST,Human MTG,64.44830778345083,0.001452361631836904,0.0936022494614997
Upper-layer intratelencephalic,Human BNST,Human PAG-DR,52.16580493421702,0.0012716613822534705,0.06633723960901133
Upper-layer intratelencephalic,Human BNST,Human Pir,63.46805634668264,0.0010179457373956555,0.06460703741889287
Upper-layer intratelencephalic,Human BNST,Human Pro,42.07550771134115,0.003071204673342315,0.12922249591632157
Upper-layer intratelencephalic,Human BNST,Human S1C,78.46876341783621,0.0018352086880573711,0.14400655636553145
Upper-layer intratelencephalic,Human BNST,Human SEP,37.22982112036254,0.0010957189702868525,0.040793421261967354
Upper-layer intratelencephalic,Human BNST,Human SI,39.0381531785408,0.00046990662221428516,0.01834428669761197
Upper-layer intratelencephalic,Human BNST,Human STG,33.042210646969785,0.003810856655414894,0.12591912835362568
Upper-layer intratelencephalic,Human BNST,Human Sub,40.11392689252013,0.0034168150166897972,0.13706186778475948
Upper-layer intratelencephalic,Human BNST,Human TF,72.31783811346831,0.001140596646822267,0.0824854836576575
Upper-layer intratelencephalic,Human BNST,Human TH-TL,41.91306818046804,0.0015994778130161828,0.06703902263009318
Upper-layer intratelencephalic,Human BNST,Human V1C,45.23441291119851,0.004302933556655384,0.19464067323120166
Upper-layer intratelencephalic,Human BNST,Human V2,66.0848402913163,0.0022140928334729226,0.14631797129020604
Upper-layer intratelencephalic,Human CA1R-CA2R-CA3R,Human CA1U-CA2U-CA3U,38.31839334904804,0.0021883467629523375,0.08385393204692365
Upper-layer intratelencephalic,Human CA1R-CA2R-CA3R,Human CEN,30.398120252380455,0.003017638511483325,0.09173053835028447
Upper-layer intratelencephalic,Human CA1R-CA2R-CA3R,Human Cla,23.541803794806526,0.0017961317460387669,0.042284181154867914
Upper-layer intratelencephalic,Human CA1R-CA2R-CA3R,Human CoA,31.181572316498567,0.005020174213426536,0.15653692527738083
Upper-layer intratelencephalic,Human CA1R-CA2R-CA3R,Human FI,26.74640444289321,0.004790108969962193,0.12811819183613943
Upper-layer intratelencephalic,Human CA1R-CA2R-CA3R,Human HTHso,27.36551182586843,0.006630893980745519,0.1814578076461713
Upper-layer intratelencephalic,Human CA1R-CA2R-CA3R,Human ITG,27.491744487065805,0.001908029339323325,0.05245505507050183
Upper-layer intratelencephalic,Human CA1R-CA2R-CA3R,Human Idg,25.11962636822476,0.0025199850002439817,0.0633010816596596
Upper-layer intratelencephalic,Human CA1R-CA2R-CA3R,Human Ig,29.720602663157358,0.0018225548657522924,0.054167428996827985
Upper-layer intratelencephalic,Human CA1R-CA2R-CA3R,Human LEC,30.558110185846285,0.003684403287198465,0.11258840161930495
Upper-layer intratelencephalic,Human CA1R-CA2R-CA3R,Human La,27.38568161307554,0.004380656609548405,0.11996726716530759
Upper-layer intratelencephalic,Human CA1R-CA2R-CA3R,Human M1C,35.80921229558934,0.0029371525665118177,0.10517711979875677
Upper-layer intratelencephalic,Human CA1R-CA2R-CA3R,Human MEC,32.38835300238638,0.0039076503007220535,0.12656235734966717
Upper-layer intratelencephalic,Human CA1R-CA2R-CA3R,Human MTG,24.43087216094002,0.0022078321880344928,0.053939265938679176
Upper-layer intratelencephalic,Human CA1R-CA2R-CA3R,Human PAG-DR,28.54231280743869,0.0037117753481602195,0.10594265305812864
Upper-layer intratelencephalic,Human CA1R-CA2R-CA3R,Human Pir,30.33161602717513,0.0027089175685003123,0.08216584753702036
Upper-layer intratelencephalic,Human CA1R-CA2R-CA3R,Human Pro,39.62306100421589,0.0014917956548798962,0.05910951023913032
Upper-layer intratelencephalic,Human CA1R-CA2R-CA3R,Human S1C,34.68413666249987,0.0021991933050555697,0.07627712113980215
Upper-layer intratelencephalic,Human CA1R-CA2R-CA3R,Human SEP,28.269597124404196,0.0024915973257963906,0.07043645259650683
Upper-layer intratelencephalic,Human CA1R-CA2R-CA3R,Human SI,22.27205392584501,0.004183176535231724,0.09316793337401044
Upper-layer intratelencephalic,Human CA1R-CA2R-CA3R,Human STG,34.752269096021294,0.0014882719365762352,0.05172082682795406
Upper-layer intratelencephalic,Human CA1R-CA2R-CA3R,Human Sub,39.51495194550482,0.0023830424020026466,0.09416580599923496
Upper-layer intratelencephalic,Human CA1R-CA2R-CA3R,Human TF,24.830301590634747,0.0022804696567757846,0.05662474934603404
Upper-layer intratelencephalic,Human CA1R-CA2R-CA3R,Human TH-TL,22.499258827660167,0.0018360880150369335,0.04131061948068076
Upper-layer intratelencephalic,Human CA1R-CA2R-CA3R,Human V1C,65.38253807737068,0.001866707316445901,0.12205006219683057
Upper-layer intratelencephalic,Human CA1R-CA2R-CA3R,Human V2,36.53381124141933,0.0019439836958847622,0.07102113340185062
Upper-layer intratelencephalic,Human CA1U-CA2U-CA3U,Human CEN,34.24043619478592,0.00099225012976505,0.033975077257488245
Upper-layer intratelencephalic,Human CA1U-CA2U-CA3U,Human Cla,45.111892269997476,0.0004996426219075775,0.022539824132993717
Upper-layer intratelencephalic,Human CA1U-CA2U-CA3U,Human CoA,37.890912633183824,0.0026038409135944246,0.0986619085677159
Upper-layer intratelencephalic,Human CA1U-CA2U-CA3U,Human FI,30.112058524097385,0.0019848939364118185,0.059769242377358714
Upper-layer intratelencephalic,Human CA1U-CA2U-CA3U,Human HTHso,33.48201482855785,0.004131993837365098,0.13834747893416788
Upper-layer intratelencephalic,Human CA1U-CA2U-CA3U,Human ITG,51.82587396470796,0.0005892259101834622,0.030537147757908445
Upper-layer intratelencephalic,Human CA1U-CA2U-CA3U,Human Idg,34.813893355990835,0.0006448771301732759,0.022450683637569847
Upper-layer intratelencephalic,Human CA1U-CA2U-CA3U,Human Ig,49.98494903599175,0.0008863892287310274,0.04430612042417244
Upper-layer intratelencephalic,Human CA1U-CA2U-CA3U,Human LEC,30.1492389242462,0.001282501326913956,0.03866643892579165
Upper-layer intratelencephalic,Human CA1U-CA2U-CA3U,Human La,28.825871403377935,0.0016053465079731593,0.04627551199669612
Upper-layer intratelencephalic,Human CA1U-CA2U-CA3U,Human M1C,84.45774772807654,0.0011895272469001341,0.10046479213436495
Upper-layer intratelencephalic,Human CA1U-CA2U-CA3U,Human MEC,43.8131566789749,0.00156334763175137,0.06849519473362713
Upper-layer intratelencephalic,Human CA1U-CA2U-CA3U,Human MTG,42.59132324886806,0.0008628804289088751,0.036751219272779814
Upper-layer intratelencephalic,Human CA1U-CA2U-CA3U,Human PAG-DR,41.44056280447271,0.0014471782981715776,0.0599718831546492
Upper-layer intratelencephalic,Human CA1U-CA2U-CA3U,Human Pir,30.604418947237043,0.0009444215671452865,0.02890347330372051
Upper-layer intratelencephalic,Human CA1U-CA2U-CA3U,Human Pro,60.88522981464195,0.0011040349376881906,0.06721942090453939
Upper-layer intratelencephalic,Human CA1U-CA2U-CA3U,Human S1C,53.04793433131395,0.0011589096094318002,0.061477760857066834
Upper-layer intratelencephalic,Human CA1U-CA2U-CA3U,Human SEP,49.04286632324499,0.0007415490998944993,0.03636769337824858
Upper-layer intratelencephalic,Human CA1U-CA2U-CA3U,Human SI,32.25880393850015,0.0015408293174855796,0.049705310855460316
Upper-layer intratelencephalic,Human CA1U-CA2U-CA3U,Human STG,48.060401804216916,0.0015358716379019538,0.07381460803726865
Upper-layer intratelencephalic,Human CA1U-CA2U-CA3U,Human Sub,31.452596552494864,0.0014208527506117908,0.04468950832549526
Upper-layer intratelencephalic,Human CA1U-CA2U-CA3U,Human TF,38.30791586982464,0.000633618585367758,0.024272607461825378
Upper-layer intratelencephalic,Human CA1U-CA2U-CA3U,Human TH-TL,47.98487881843546,0.0004950022657649034,0.023752623737579873
Upper-layer intratelencephalic,Human CA1U-CA2U-CA3U,Human V1C,70.4109625521227,0.002015683406268458,0.1419262088357035
Upper-layer intratelencephalic,Human CA1U-CA2U-CA3U,Human V2,69.09934160994779,0.0010429056398899867,0.07206409307769938
Upper-layer intratelencephalic,Human CEN,Human Cla,33.54402644329068,0.0007206390364276945,0.024173134893998104
Upper-layer intratelencephalic,Human CEN,Human CoA,49.65821652878166,0.00130327548204834,0.06471833608420877
Upper-layer intratelencephalic,Human CEN,Human FI,43.13579968653661,0.0008176412684629015,0.03526960997186142
Upper-layer intratelencephalic,Human CEN,Human HTHso,38.18619742151991,0.0022008838352838194,0.08404338463597982
Upper-layer intratelencephalic,Human CEN,Human ITG,63.49139566052186,0.0007405987869561745,0.04702165060833701
Upper-layer intratelencephalic,Human CEN,Human Idg,67.38273091676412,0.0006033400063784832,0.04065469730112008
Upper-layer intratelencephalic,Human CEN,Human Ig,65.20967038111024,0.0012772715716333565,0.08329045817337381
Upper-layer intratelencephalic,Human CEN,Human LEC,45.26749380118633,0.0008809011108732193,0.039876185575911605
Upper-layer intratelencephalic,Human CEN,Human La,27.656814207919275,0.0005781919311859935,0.015990946817329068
Upper-layer intratelencephalic,Human CEN,Human M1C,95.86782396415754,0.0011484364386675455,0.11009810233620426
Upper-layer intratelencephalic,Human CEN,Human MEC,55.40271546867058,0.0008692480114948012,0.048158700252554164
Upper-layer intratelencephalic,Human CEN,Human MTG,61.23481959346406,0.0009044495925905136,0.05538380763366217
Upper-layer intratelencephalic,Human CEN,Human PAG-DR,61.514591689302165,0.001000644859535594,0.061554259960331176
Upper-layer intratelencephalic,Human CEN,Human Pir,42.039175098266924,0.0007761140065423156,0.03262719261724988
Upper-layer intratelencephalic,Human CEN,Human Pro,46.49501727234651,0.001910198770557336,0.0888147248306784
Upper-layer intratelencephalic,Human CEN,Human S1C,76.81504630985489,0.0012731157902468654,0.09779444838562047
Upper-layer intratelencephalic,Human CEN,Human SEP,43.30054187368249,0.0007555461535536514,0.03271555785944962
Upper-layer intratelencephalic,Human CEN,Human SI,43.45981800431453,0.000710933330280217,0.03089703314717946
Upper-layer intratelencephalic,Human CEN,Human STG,35.780287034627825,0.0024048008022350305,0.08604446296507265
Upper-layer intratelencephalic,Human CEN,Human Sub,44.34936055696757,0.0020787976957650466,0.09219334853447743
Upper-layer intratelencephalic,Human CEN,Human TF,62.19911469812344,0.000635123040792565,0.03950409086167768
Upper-layer intratelencephalic,Human CEN,Human TH-TL,40.191709408101225,0.0008549058661164019,0.034360128142231515
Upper-layer intratelencephalic,Human CEN,Human V1C,49.32167738880395,0.0029286309953121016,0.14444499314163528
Upper-layer intratelencephalic,Human CEN,Human V2,69.19929537549159,0.0014297669163963072,0.09893886316581385
Upper-layer intratelencephalic,Human Cla,Human CoA,38.29435968498002,0.002157160022753333,0.08260706180937583
Upper-layer intratelencephalic,Human Cla,Human FI,31.307137627529272,0.0015874437687777637,0.0496983205450892
Upper-layer intratelencephalic,Human Cla,Human HTHso,30.265264525554432,0.0033977578990602997,0.10283404160885204
Upper-layer intratelencephalic,Human Cla,Human ITG,73.00490849452488,0.00022259396960957795,0.016250452382780292
Upper-layer intratelencephalic,Human Cla,Human Idg,45.34962876113843,0.00022819449976809359,0.010348535849816735
Upper-layer intratelencephalic,Human Cla,Human Ig,97.5022695468585,0.00031974817568028587,0.031176172812295497
Upper-layer intratelencephalic,Human Cla,Human LEC,49.42769266541318,0.0008241360280565632,0.04073514230927414
Upper-layer intratelencephalic,Human Cla,Human La,35.149579748990284,0.0013418138582067258,0.047164193217337655
Upper-layer intratelencephalic,Human Cla,Human M1C,79.263835955727,0.0008846704187581784,0.07012237094733256
Upper-layer intratelencephalic,Human Cla,Human MEC,49.27848489127604,0.001310243914192578,0.06456683492942533
Upper-layer intratelencephalic,Human Cla,Human MTG,63.724726218717954,0.0003842499859555184,0.024486225154561628
Upper-layer intratelencephalic,Human Cla,Human PAG-DR,29.96911464630109,0.0014396644074828203,0.04314546768005177
Upper-layer intratelencephalic,Human Cla,Human Pir,35.66016924195718,0.0004332801412338449,0.015450843165578017
Upper-layer intratelencephalic,Human Cla,Human Pro,83.80712099644344,0.0006056316869040602,0.05075624806364873
Upper-layer intratelencephalic,Human Cla,Human S1C,91.4677051898239,0.0005020329349144034,0.0459198004863327
Upper-layer intratelencephalic,Human Cla,Human SEP,68.18970475015385,0.00043907830090175997,0.029940619700690223
Upper-layer intratelencephalic,Human Cla,Human SI,42.73852329617963,0.0010678966550269888,0.045640326068783266
Upper-layer intratelencephalic,Human Cla,Human STG,37.589382731365056,0.0008975253391559717,0.033737423484632045
Upper-layer intratelencephalic,Human Cla,Human Sub,44.10156038914835,0.0009892660028716833,0.04362817436657694
Upper-layer intratelencephalic,Human Cla,Human TF,57.027428952059175,0.0002889213716175795,0.016476442992653002
Upper-layer intratelencephalic,Human Cla,Human TH-TL,58.8434924592313,0.00020101749174679742,0.011828571259776264
Upper-layer intratelencephalic,Human Cla,Human V1C,59.61880921124439,0.0014601510226453364,0.0870524652386957
Upper-layer intratelencephalic,Human Cla,Human V2,82.26062650311515,0.0005540526211491135,0.04557671573141918
Upper-layer intratelencephalic,Human CoA,Human FI,92.53954005663435,0.00041265122692750233,0.038186554743676916
Upper-layer intratelencephalic,Human CoA,Human HTHso,67.84500471407138,0.0005309777668809166,0.03602418909710288
Upper-layer intratelencephalic,Human CoA,Human ITG,53.304335522297734,0.0018463160854350564,0.09841665209824557
Upper-layer intratelencephalic,Human CoA,Human Idg,71.33340980589789,0.001449438107354824,0.10339336250022667
Upper-layer intratelencephalic,Human CoA,Human Ig,64.39334136706148,0.00235149211644019,0.15142043457588705
Upper-layer intratelencephalic,Human CoA,Human LEC,78.38019117390094,0.001615671630645324,0.12663665128422877
Upper-layer intratelencephalic,Human CoA,Human La,74.51868390820685,0.0008976941002378754,0.06689498290188839
Upper-layer intratelencephalic,Human CoA,Human M1C,60.12794711519955,0.0017929955968666142,0.10780914442618142
Upper-layer intratelencephalic,Human CoA,Human MEC,92.99772745840298,0.001252654923090584,0.11649406113700488
Upper-layer intratelencephalic,Human CoA,Human MTG,55.329966408043475,0.0018375255360575998,0.10167022618398908
Upper-layer intratelencephalic,Human CoA,Human PAG-DR,43.374081044742184,0.0017122458622575367,0.07426709079808286
Upper-layer intratelencephalic,Human CoA,Human Pir,60.42591995536728,0.0015540518912456809,0.09390501518689864
Upper-layer intratelencephalic,Human CoA,Human Pro,40.32188340017831,0.0036068594994875707,0.1454353681791633
Upper-layer intratelencephalic,Human CoA,Human S1C,73.09504113206428,0.0021923787958426305,0.16025201825918264
Upper-layer intratelencephalic,Human CoA,Human SEP,40.78809048233946,0.0019437618971508762,0.07928233613711375
Upper-layer intratelencephalic,Human CoA,Human SI,53.394309766571475,0.0013529468675583416,0.07223966414412264
Upper-layer intratelencephalic,Human CoA,Human STG,30.402269729127088,0.004600477560131378,0.13986495966591064
Upper-layer intratelencephalic,Human CoA,Human Sub,38.986953595330206,0.0045144707837751355,0.1760054629545152
Upper-layer intratelencephalic,Human CoA,Human TF,60.10533163077427,0.001565714061626913,0.09410776291305215
Upper-layer intratelencephalic,Human CoA,Human TH-TL,41.58897579648629,0.002161692558558521,0.08990257949733484
Upper-layer intratelencephalic,Human CoA,Human V1C,44.035825104647614,0.004666647197645637,0.2054996598206172
Upper-layer intratelencephalic,Human CoA,Human V2,60.52643310686334,0.0025330713170199177,0.15331777162452026
Upper-layer intratelencephalic,Human FI,Human HTHso,68.90449781243953,0.0009040276540605366,0.062291571511599086
Upper-layer intratelencephalic,Human FI,Human ITG,47.79780809911153,0.0014021800706058244,0.06702113393521585
Upper-layer intratelencephalic,Human FI,Human Idg,67.52481136180843,0.0008600195794472246,0.05807265986963566
Upper-layer intratelencephalic,Human FI,Human Ig,58.417396135115496,0.001867434853017041,0.10909068156521766
Upper-layer intratelencephalic,Human FI,Human LEC,95.40076301497807,0.000705186790865881,0.06727535791668882
Upper-layer intratelencephalic,Human FI,Human La,97.72097976703238,0.00038156169022955915,0.03728658221079743
Upper-layer intratelencephalic,Human FI,Human M1C,59.42863139658674,0.001396277534215432,0.08297886290822393
Upper-layer intratelencephalic,Human FI,Human MEC,106.53789635417624,0.0006065440482139671,0.0646199269428621
Upper-layer intratelencephalic,Human FI,Human MTG,58.47453046004137,0.0012797811645984935,0.07483460269150183
Upper-layer intratelencephalic,Human FI,Human PAG-DR,30.378325592655727,0.0011842588218916273,0.03597580007739874
Upper-layer intratelencephalic,Human FI,Human Pir,54.270723121120824,0.0009003993949682661,0.04886532626274748
Upper-layer intratelencephalic,Human FI,Human Pro,39.5764201513949,0.003095301434114575,0.12250095005173359
Upper-layer intratelencephalic,Human FI,Human S1C,69.06566922184659,0.001669741318146825,0.11532180156517874
Upper-layer intratelencephalic,Human FI,Human SEP,28.9732862536474,0.0011094690935976206,0.032144965638378584
Upper-layer intratelencephalic,Human FI,Human SI,80.22233873814803,0.0004770666090850979,0.03827139911468437
Upper-layer intratelencephalic,Human FI,Human STG,31.208657593258465,0.003947859169050707,0.12320738503330941
Upper-layer intratelencephalic,Human FI,Human Sub,32.07498978365766,0.0036428163293800867,0.11684329654860756
Upper-layer intratelencephalic,Human FI,Human TF,61.2554191136584,0.0010292937523923343,0.06304982019386257
Upper-layer intratelencephalic,Human FI,Human TH-TL,38.1850690423787,0.0016268857069517018,0.06212274304400982
Upper-layer intratelencephalic,Human FI,Human V1C,42.97035580841458,0.0042622640711476815,0.18315100368663756
Upper-layer intratelencephalic,Human FI,Human V2,61.58958332508008,0.002050318794110023,0.12627828021281698
Upper-layer intratelencephalic,Human HTHso,Human ITG,40.87322483745515,0.0032355389743662305,0.13224691196961996
Upper-layer intratelencephalic,Human HTHso,Human Idg,50.77847762177482,0.0025168593063713074,0.12780228396573112
Upper-layer intratelencephalic,Human HTHso,Human Ig,51.76728458447256,0.0038150567587552963,0.19749512893640092
Upper-layer intratelencephalic,Human HTHso,Human LEC,62.90101548288763,0.0023725673519067792,0.14923689573648202
Upper-layer intratelencephalic,Human HTHso,Human La,55.259679684412134,0.001542231829695856,0.08522323690809785
Upper-layer intratelencephalic,Human HTHso,Human M1C,48.95320767708767,0.0034324984028856927,0.16803180716773505
Upper-layer intratelencephalic,Human HTHso,Human MEC,70.38337031376481,0.0019292609609272782,0.13578788864483438
Upper-layer intratelencephalic,Human HTHso,Human MTG,46.51082907016492,0.003212408428256596,0.14941177931019967
Upper-layer intratelencephalic,Human HTHso,Human PAG-DR,41.06952757366851,0.0027101458650907882,0.11130441033500983
Upper-layer intratelencephalic,Human HTHso,Human Pir,53.19312571099856,0.002571604083803368,0.13679165930866982
Upper-layer intratelencephalic,Human HTHso,Human Pro,35.29484748138373,0.005380752335535243,0.18991283301781567
Upper-layer intratelencephalic,Human HTHso,Human S1C,60.35775412487786,0.0035852378924558902,0.2163969071920479
Upper-layer intratelencephalic,Human HTHso,Human SEP,32.7246221213335,0.0029936171500812457,0.0979649900123521
Upper-layer intratelencephalic,Human HTHso,Human SI,37.64949711694692,0.002027583384346757,0.0763374947833327
Upper-layer intratelencephalic,Human HTHso,Human STG,29.328358133774035,0.006370585528201023,0.18683881389291762
Upper-layer intratelencephalic,Human HTHso,Human Sub,35.9256537907544,0.0061188523209176685,0.2198237700780422
Upper-layer intratelencephalic,Human HTHso,Human TF,45.13258425015464,0.0028376937510888847,0.12807245229715644
Upper-layer intratelencephalic,Human HTHso,Human TH-TL,30.119005540519165,0.0035744565336541254,0.10765907614147353
Upper-layer intratelencephalic,Human HTHso,Human V1C,40.78241356525978,0.006617966892206919,0.26989666275917956
Upper-layer intratelencephalic,Human HTHso,Human V2,49.853618804580385,0.004159859549009257,0.20738405223690115
Upper-layer intratelencephalic,Human ITG,Human Idg,86.21714053849351,0.00024709759299411166,0.021304047901896793
Upper-layer intratelencephalic,Human ITG,Human Ig,90.78975494052666,0.00023139584570080096,0.021008372125431638
Upper-layer intratelencephalic,Human ITG,Human LEC,68.64781339281853,0.0008967971863516127,0.06156316589987022
Upper-layer intratelencephalic,Human ITG,Human La,51.2359599685939,0.0013777590233516707,0.07059080616681523
Upper-layer intratelencephalic,Human ITG,Human M1C,103.55979506843921,0.0005555677926692892,0.05753448675545672
Upper-layer intratelencephalic,Human ITG,Human MEC,62.85509674712293,0.0012430556894620305,0.07813238562319752
Upper-layer intratelencephalic,Human ITG,Human MTG,24.213938660268642,0.00018964925747222492,0.004592155487397949
Upper-layer intratelencephalic,Human ITG,Human PAG-DR,42.17880156176421,0.0011749873045994266,0.049559556358291415
Upper-layer intratelencephalic,Human ITG,Human Pir,79.44748026255647,0.0003997052759957524,0.031755577025512224
Upper-layer intratelencephalic,Human ITG,Human Pro,59.49197883008624,0.0004917867931145434,0.029257369484886414
Upper-layer intratelencephalic,Human ITG,Human S1C,81.75146797903727,0.00038968826908208996,0.03185758805167094
Upper-layer intratelencephalic,Human ITG,Human SEP,95.94610835928637,0.0005284071161482482,0.05069860642377784
Upper-layer intratelencephalic,Human ITG,Human SI,52.65702014180679,0.001144583672004555,0.06027036547072703
Upper-layer intratelencephalic,Human ITG,Human STG,36.484886431197324,0.0008280322372775642,0.030210662138442167
Upper-layer intratelencephalic,Human ITG,Human Sub,27.41409617071097,0.001337841768824937,0.0366757229117609
Upper-layer intratelencephalic,Human ITG,Human TF,52.73675728616022,8.394312977524573e-05,0.004426888460797783
Upper-layer intratelencephalic,Human ITG,Human TH-TL,78.63580497996739,0.00014282818296763782,0.011231409141486267
Upper-layer intratelencephalic,Human ITG,Human V1C,74.38738311984528,0.0012793063448880643,0.09516425120483736
Upper-layer intratelencephalic,Human ITG,Human V2,89.05336599237253,0.000362883831849555,0.032316026690412995
Upper-layer intratelencephalic,Human Idg,Human Ig,53.70657265475863,0.0003966155869581439,0.021300863836977293
Upper-layer intratelencephalic,Human Idg,Human LEC,84.07771389057098,0.00034412651839953754,0.028933370956154628
Upper-layer intratelencephalic,Human Idg,Human La,59.4048745846449,0.0008933850305349314,0.053071425694726754
Upper-layer intratelencephalic,Human Idg,Human M1C,108.48646932576607,0.0007412991658965916,0.08042092922225655
Upper-layer intratelencephalic,Human Idg,Human MEC,61.74163459241229,0.0007767331898511258,0.04795677678358701
Upper-layer intratelencephalic,Human Idg,Human MTG,89.1796923034869,0.0003388911705047074,0.03022221030997832
Upper-layer intratelencephalic,Human Idg,Human PAG-DR,23.422539696329686,0.001104992750932297,0.02588173657286827
Upper-layer intratelencephalic,Human Idg,Human Pir,64.84526593130762,0.00016680559693270532,0.010816553291931787
Upper-layer intratelencephalic,Human Idg,Human Pro,71.12113290781012,0.0010242109780345997,0.07284304509443695
Upper-layer intratelencephalic,Human Idg,Human S1C,109.05098679786896,0.0005326203684546615,0.05808277676862539
Upper-layer intratelencephalic,Human Idg,Human SEP,66.91799318767055,0.00033320482993351723,0.02229739853959003
Upper-layer intratelencephalic,Human Idg,Human SI,74.25201258573367,0.0005720391952992107,0.042475061528889954
Upper-layer intratelencephalic,Human Idg,Human STG,44.217794583395346,0.0014909558238620077,0.06592677835244723
Upper-layer intratelencephalic,Human Idg,Human Sub,19.482136139187347,0.0015216992621387782,0.02964595218788861
Upper-layer intratelencephalic,Human Idg,Human TF,85.0070167998768,0.00016373486702146993,0.013918612591619688
Upper-layer intratelencephalic,Human Idg,Human TH-TL,50.06166939260523,0.0002671674657505345,0.01337484934286344
Upper-layer intratelencephalic,Human Idg,Human V1C,65.83674888009492,0.002060677897736599,0.13566833327604638
Upper-layer intratelencephalic,Human Idg,Human V2,105.17906698140222,0.0007037510152743619,0.07401987517377193
Upper-layer intratelencephalic,Human Ig,Human LEC,62.891804183016546,0.0010519562403423525,0.06615942587671353
Upper-layer intratelencephalic,Human Ig,Human La,54.38599517383571,0.001899080346375099,0.10328337455268238
Upper-layer intratelencephalic,Human Ig,Human M1C,71.48726376062123,0.000663688509885092,0.047445275561049244
Upper-layer intratelencephalic,Human Ig,Human MEC,48.43783950453046,0.001630796731473605,0.07899227034363134
Upper-layer intratelencephalic,Human Ig,Human MTG,78.85284839916619,0.0002272796791305271,0.017921650082690588
Upper-layer intratelencephalic,Human Ig,Human PAG-DR,32.32701612555948,0.001858499658197009,0.0600797484198815
Upper-layer intratelencephalic,Human Ig,Human Pir,63.728357598113774,0.00046227529869897533,0.02946004554426316
Upper-layer intratelencephalic,Human Ig,Human Pro,73.48731331600858,0.00027746876823423676,0.020390434306636326
Upper-layer intratelencephalic,Human Ig,Human S1C,70.10566331775668,0.00019075498948001508,0.013373005068668153
Upper-layer intratelencephalic,Human Ig,Human SEP,87.59258365234393,0.0006762816989004674,0.05923726128348846
Upper-layer intratelencephalic,Human Ig,Human SI,64.67777598329053,0.0015428170016669905,0.09978597241702958
Upper-layer intratelencephalic,Human Ig,Human STG,37.65242915902875,0.0006200605866677892,0.02334678731381474
Upper-layer intratelencephalic,Human Ig,Human Sub,26.72187683814763,0.0015403949393104452,0.04116224385035961
Upper-layer intratelencephalic,Human Ig,Human TF,74.71176710560275,0.00031494492030466207,0.023530091536894532
Upper-layer intratelencephalic,Human Ig,Human TH-TL,109.3425876332565,0.00030213995045270145,0.033036764009882286
Upper-layer intratelencephalic,Human Ig,Human V1C,87.2058045124749,0.0008180878935531892,0.07134201291922179
Upper-layer intratelencephalic,Human Ig,Human V2,115.20052117426937,0.00016656498023848642,0.019188372532855515
Upper-layer intratelencephalic,Human LEC,Human La,57.585048242233526,0.000831331535279288,0.04787226656434786
Upper-layer intratelencephalic,Human LEC,Human M1C,104.9873191005299,0.0012535985028847298,0.1316119460463057
Upper-layer intratelencephalic,Human LEC,Human MEC,37.79461707063288,0.000584556719284044,0.022093097361405883
Upper-layer intratelencephalic,Human LEC,Human MTG,102.26347653976309,0.0007361969334235218,0.07528605782980186
Upper-layer intratelencephalic,Human LEC,Human PAG-DR,44.94406606742347,0.0014371154745986706,0.06458981283687928
Upper-layer intratelencephalic,Human LEC,Human Pir,79.99130821814128,0.00024024790429711816,0.01921774416139329
Upper-layer intratelencephalic,Human LEC,Human Pro,60.62584877291906,0.00200646892091232,0.12164388136679241
Upper-layer intratelencephalic,Human LEC,Human S1C,101.1569193042263,0.0010286209165511597,0.10405212305020496
Upper-layer intratelencephalic,Human LEC,Human SEP,68.13301654798931,0.00047035943075926815,0.03204700687942405
Upper-layer intratelencephalic,Human LEC,Human SI,124.39849922506816,0.00035592920109874025,0.04427705844706077
Upper-layer intratelencephalic,Human LEC,Human STG,48.91867506517967,0.0024645036289843185,0.12056025222323999
Upper-layer intratelencephalic,Human LEC,Human Sub,29.487258070754624,0.0024170636513952933,0.0712725796621335
Upper-layer intratelencephalic,Human LEC,Human TF,78.89217218655226,0.0006405394369493542,0.05053354755208568
Upper-layer intratelencephalic,Human LEC,Human TH-TL,43.57128026300098,0.0008732286626801258,0.038047690795321304
Upper-layer intratelencephalic,Human LEC,Human V1C,60.46589554355662,0.0031949400253921713,0.19318490984329117
Upper-layer intratelencephalic,Human LEC,Human V2,86.82550254249414,0.0014003953063279504,0.12159002623007431
Upper-layer intratelencephalic,Human La,Human M1C,83.0065058915532,0.001473242798224375,0.12228873701049993
Upper-layer intratelencephalic,Human La,Human MEC,87.73795329436727,0.0007237241182765805,0.06349807288735776
Upper-layer intratelencephalic,Human La,Human MTG,57.29829419803993,0.0013477459589571915,0.0772235444605486
Upper-layer intratelencephalic,Human La,Human PAG-DR,57.43015599650071,0.0012381441811368673,0.07110681346884992
Upper-layer intratelencephalic,Human La,Human Pir,45.084890324047905,0.001001735434970152,0.04516313221934173
Upper-layer intratelencephalic,Human La,Human Pro,39.963877313309595,0.0029182565577760395,0.11662484704372282
Upper-layer intratelencephalic,Human La,Human S1C,70.09782830101207,0.0017248557337356477,0.12090864106741764
Upper-layer intratelencephalic,Human La,Human SEP,37.22308811450612,0.0010613338352934397,0.03950612287003443
Upper-layer intratelencephalic,Human La,Human SI,75.34427871642465,0.0005318297025181937,0.040070325336204
Upper-layer intratelencephalic,Human La,Human STG,32.2390600634817,0.003699523150999954,0.1192691490713286
Upper-layer intratelencephalic,Human La,Human Sub,36.18777100790882,0.0029999010083207114,0.10855973073550469
Upper-layer intratelencephalic,Human La,Human TF,54.62236668439103,0.0010728270315556575,0.05860035150655987
Upper-layer intratelencephalic,Human La,Human TH-TL,38.06342661243936,0.0015422826844603784,0.05870456377559358
Upper-layer intratelencephalic,Human La,Human V1C,44.133017113751954,0.0040245767178327925,0.1776167131637223
Upper-layer intratelencephalic,Human La,Human V2,61.4616180788339,0.00203479384851217,0.12506172238641558
Upper-layer intratelencephalic,Human M1C,Human MEC,107.24117392406535,0.001326201575056128,0.14222341376896364
Upper-layer intratelencephalic,Human M1C,Human MTG,117.34151924419632,0.00042581588772891795,0.049965883184427365
Upper-layer intratelencephalic,Human M1C,Human PAG-DR,52.4477396339612,0.001619484020316168,0.08493827623890311
Upper-layer intratelencephalic,Human M1C,Human Pir,97.86380347761238,0.0008093701714273439,0.07920804339720702
Upper-layer intratelencephalic,Human M1C,Human Pro,61.47732619505744,0.0010721556757582486,0.06591326421047208
Upper-layer intratelencephalic,Human M1C,Human S1C,65.05474229864812,0.0004710371703261182,0.030643201728650045
Upper-layer intratelencephalic,Human M1C,Human SEP,92.45560781448613,0.0010589413041924812,0.0979050619189805
Upper-layer intratelencephalic,Human M1C,Human SI,88.22118226961884,0.0013906944144733164,0.12268870542059129
Upper-layer intratelencephalic,Human M1C,Human STG,44.09173823493735,0.001611294164735872,0.07104476053101609
Upper-layer intratelencephalic,Human M1C,Human Sub,36.75321168401609,0.0021557657905031022,0.07923131643952079
Upper-layer intratelencephalic,Human M1C,Human TF,130.13163537594983,0.0005160341095490756,0.06715236258539325
Upper-layer intratelencephalic,Human M1C,Human TH-TL,116.73148624847978,0.0006698405877673833,0.07819148735964192
Upper-layer intratelencephalic,Human M1C,Human V1C,48.89816184389085,0.0017008731763365425,0.08316957185243695
Upper-layer intratelencephalic,Human M1C,Human V2,86.40188371596425,0.00048691692660938167,0.04207053967223849
Upper-layer intratelencephalic,Human MEC,Human MTG,79.45289262500897,0.0011843412185399,0.09409933566802295
Upper-layer intratelencephalic,Human MEC,Human PAG-DR,63.47396810855844,0.0012642951370826253,0.08024982921098808
Upper-layer intratelencephalic,Human MEC,Human Pir,51.395021605537075,0.0008726826074764429,0.04485154146602821
Upper-layer intratelencephalic,Human MEC,Human Pro,52.601858450148775,0.0026007850170377774,0.13680612532548894
Upper-layer intratelencephalic,Human MEC,Human S1C,73.8013853082331,0.0015038425670085452,0.11098566473071998
Upper-layer intratelencephalic,Human MEC,Human SEP,65.14812926638467,0.0009849179054581007,0.06416555902156118
Upper-layer intratelencephalic,Human MEC,Human SI,75.9972873494572,0.0006553696662343088,0.04980631684492662
Upper-layer intratelencephalic,Human MEC,Human STG,43.296224399311306,0.0032751590691056185,0.1418020219994364
Upper-layer intratelencephalic,Human MEC,Human Sub,22.520827732791123,0.002935927852064966,0.06611952539225856
Upper-layer intratelencephalic,Human MEC,Human TF,72.66833945678188,0.0009491713339388865,0.06897470469731748
Upper-layer intratelencephalic,Human MEC,Human TH-TL,49.07706059765936,0.0012590272126669524,0.06178935481015819
Upper-layer intratelencephalic,Human MEC,Human V1C,56.557084111954175,0.003694275589337487,0.20893745523889934
Upper-layer intratelencephalic,Human MEC,Human V2,74.32583039822583,0.001760615615291596,0.13085921761863117
Upper-layer intratelencephalic,Human MTG,Human PAG-DR,40.68775176112691,0.0013847546518775764,0.05634255352566054
Upper-layer intratelencephalic,Human MTG,Human Pir,135.44080283188873,0.0002859625396588654,0.03873099595124255
Upper-layer intratelencephalic,Human MTG,Human Pro,41.183251333331725,0.0006246448201648917,0.025724904622914532
Upper-layer intratelencephalic,Human MTG,Human S1C,118.30590418762326,0.00020270500577441964,0.02398119899150011
Upper-layer intratelencephalic,Human MTG,Human SEP,134.74719742507756,0.0004443987352756669,0.05988148411764506
Upper-layer intratelencephalic,Human MTG,Human SI,64.02034807419528,0.0010947992601820413,0.07008942970822576
Upper-layer intratelencephalic,Human MTG,Human STG,28.536280257789162,0.0009353272465631342,0.02669076044067186
Upper-layer intratelencephalic,Human MTG,Human Sub,22.607236709828257,0.0016728467523092249,0.037818442508722086
Upper-layer intratelencephalic,Human MTG,Human TF,48.77263190123325,0.0002188258290494406,0.01067271161071056
Upper-layer intratelencephalic,Human MTG,Human TH-TL,62.167888299475926,0.0003166767627106633,0.01968712561123616
Upper-layer intratelencephalic,Human MTG,Human V1C,66.61589209207878,0.0012913017170520739,0.086021215841457
Upper-layer intratelencephalic,Human MTG,Human V2,89.10762017864285,0.00026678728130071806,0.02377277973063713
Upper-layer intratelencephalic,Human PAG-DR,Human Pir,22.732191176368243,0.0013016657092709367,0.029589713750869898
Upper-layer intratelencephalic,Human PAG-DR,Human Pro,39.933689768190945,0.0024677366214107465,0.09854582866902042
Upper-layer intratelencephalic,Human PAG-DR,Human S1C,37.22704078289798,0.0017980236245336819,0.06693509879912941
Upper-layer intratelencephalic,Human PAG-DR,Human SEP,32.739171710195656,0.0011163894803326148,0.036549666892065576
Upper-layer intratelencephalic,Human PAG-DR,Human SI,45.2938403956434,0.0012614893760405435,0.05713769845918016
Upper-layer intratelencephalic,Human PAG-DR,Human STG,33.644912163995954,0.003089610881046971,0.10394968671375149
Upper-layer intratelencephalic,Human PAG-DR,Human Sub,27.73841251741197,0.002617069251260413,0.07259334647809582
Upper-layer intratelencephalic,Human PAG-DR,Human TF,47.894581034742075,0.0010415087132270454,0.049882623464042666
Upper-layer intratelencephalic,Human PAG-DR,Human TH-TL,36.790289723194086,0.0014446974274175458,0.05315083691704467
Upper-layer intratelencephalic,Human PAG-DR,Human V1C,47.348808873759715,0.003524737228271851,0.16689210935166945
Upper-layer intratelencephalic,Human PAG-DR,Human V2,42.695624196874654,0.00194483490205195,0.08303594010297558
Upper-layer intratelencephalic,Human Pir,Human Pro,68.8337059616354,0.001163122742903562,0.08006204888231463
Upper-layer intratelencephalic,Human Pir,Human S1C,110.5474969736221,0.0004844859516413705,0.05355870927283683
Upper-layer intratelencephalic,Human Pir,Human SEP,76.01407249054344,0.0002667845556908452,0.02027938055564133
Upper-layer intratelencephalic,Human Pir,Human SI,63.98860420555253,0.0006182451140639882,0.039560641905857216
Upper-layer intratelencephalic,Human Pir,Human STG,49.04639239302075,0.0015085732050194246,0.07399007336697964
Upper-layer intratelencephalic,Human Pir,Human Sub,27.937784383050033,0.0019171134649973855,0.053559902622938894
Upper-layer intratelencephalic,Human Pir,Human TF,91.3202287256856,0.0003042179039376673,0.027781248570036426
Upper-layer intratelencephalic,Human Pir,Human TH-TL,43.92005384911396,0.00046754894237668117,0.020534774726280118
Upper-layer intratelencephalic,Human Pir,Human V1C,65.32165741870158,0.002127779532766644,0.13899008570190763
Upper-layer intratelencephalic,Human Pir,Human V2,102.1443323967557,0.0007697281460138242,0.07862336760157457
Upper-layer intratelencephalic,Human Pro,Human S1C,47.96812042852438,0.0005188257183482459,0.024887094539144332
Upper-layer intratelencephalic,Human Pro,Human SEP,82.02893465550945,0.001239428264001792,0.10166898007799452
Upper-layer intratelencephalic,Human Pro,Human SI,42.86097638372985,0.0024990800920050554,0.1071130128044781
Upper-layer intratelencephalic,Human Pro,Human STG,40.6042184279938,0.00022998074512755066,0.009338188409391837
Upper-layer intratelencephalic,Human Pro,Human Sub,33.972806367297025,0.0013325437399311511,0.0452702504526348
Upper-layer intratelencephalic,Human Pro,Human TF,48.24616242619874,0.0007389847768925792,0.03565317957644761
Upper-layer intratelencephalic,Human Pro,Human TH-TL,78.43744762829469,0.0005531851187217697,0.043390428778490794
Upper-layer intratelencephalic,Human Pro,Human V1C,103.71914106074416,0.00035380104045504724,0.036695940022395096
Upper-layer intratelencephalic,Human Pro,Human V2,39.088777418643964,0.0002527792410680124,0.009880831490161283
Upper-layer intratelencephalic,Human S1C,Human SEP,106.67969988792443,0.0006830835623082457,0.07287114942541797
Upper-layer intratelencephalic,Human S1C,Human SI,78.75275728541595,0.0014332425683886646,0.11287180411943867
Upper-layer intratelencephalic,Human S1C,Human STG,45.80905487621569,0.0008795746446716504,0.04029248316549155
Upper-layer intratelencephalic,Human S1C,Human Sub,32.385563455636685,0.0016094839032111848,0.052124043078271634
Upper-layer intratelencephalic,Human S1C,Human TF,81.55982787926382,0.00046197640715822663,0.037678716252105664
Upper-layer intratelencephalic,Human S1C,Human TH-TL,84.75434607858412,0.0006026726602290726,0.05107912721715576
Upper-layer intratelencephalic,Human S1C,Human V1C,67.36470337295809,0.001059709453771792,0.07138701301485621
Upper-layer intratelencephalic,Human S1C,Human V2,98.28447745677846,0.0001877158628570164,0.018449555491250144
Upper-layer intratelencephalic,Human SEP,Human SI,24.214718954037174,0.0006764139830179724,0.016379174495361075
Upper-layer intratelencephalic,Human SEP,Human STG,60.18872326785191,0.0015572197659117454,0.09372706955769118
Upper-layer intratelencephalic,Human SEP,Human Sub,36.34428698407713,0.0016788205797261084,0.06101553694434042
Upper-layer intratelencephalic,Human SEP,Human TF,105.26435214871948,0.0004457107957068204,0.04691745815576871
Upper-layer intratelencephalic,Human SEP,Human TH-TL,75.34871651622207,0.0005546042100152652,0.0417887153991435
Upper-layer intratelencephalic,Human SEP,Human V1C,73.60900597767146,0.0022051269072937947,0.16231719970051312
Upper-layer intratelencephalic,Human SEP,Human V2,111.61381482095615,0.0009378179181372735,0.10467343545074827
Upper-layer intratelencephalic,Human SI,Human STG,33.29758703188761,0.003127233768150112,0.1041293385640362
Upper-layer intratelencephalic,Human SI,Human Sub,39.471444320804835,0.0024916965600283994,0.0983508620335019
Upper-layer intratelencephalic,Human SI,Human TF,70.87428135608823,0.0008137344768892529,0.05767284626419819
Upper-layer intratelencephalic,Human SI,Human TH-TL,49.289684275719175,0.0011928841670595216,0.058796883971868066
Upper-layer intratelencephalic,Human SI,Human V1C,43.10427928483117,0.003816805417468516,0.16452064669041955
Upper-layer intratelencephalic,Human SI,Human V2,64.91435761770029,0.0017925006347360153,0.11635902723320847
Upper-layer intratelencephalic,Human STG,Human Sub,34.60600637389055,0.0014209341715289026,0.049172856996808095
Upper-layer intratelencephalic,Human STG,Human TF,34.15648063477402,0.0011880043111620296,0.04057804624823391
Upper-layer intratelencephalic,Human STG,Human TH-TL,38.1125333948167,0.0008485018414684199,0.03233855476852862
Upper-layer intratelencephalic,Human STG,Human V1C,104.9920969777675,0.0005629621651874702,0.05910657824217684
Upper-layer intratelencephalic,Human STG,Human V2,32.69417219186247,0.0006876403218600129,0.022481831088958994
Upper-layer intratelencephalic,Human Sub,Human TF,22.279807907378043,0.001545443515211773,0.03443218465062138
Upper-layer intratelencephalic,Human Sub,Human TH-TL,31.89448228004392,0.001361994961017298,0.04344012414967532
Upper-layer intratelencephalic,Human Sub,Human V1C,61.31168099000256,0.0021899352612332005,0.1342686121254879
Upper-layer intratelencephalic,Human Sub,Human V2,43.780835532485206,0.001607764195991742,0.07038925983973277
Upper-layer intratelencephalic,Human TF,Human TH-TL,41.37157620723117,0.00017609156073157656,0.007285185424256696
Upper-layer intratelencephalic,Human TF,Human V1C,60.46061303901439,0.0016063535691750695,0.09712112154973351
Upper-layer intratelencephalic,Human TF,Human V2,64.65311598671157,0.000452008737686247,0.029223773344636012
Upper-layer intratelencephalic,Human TH-TL,Human V1C,61.67842500430787,0.0014069935393528354,0.08678114549851955
Upper-layer intratelencephalic,Human TH-TL,Human V2,87.1716350199761,0.0004870691477974181,0.04245861398128732
Upper-layer intratelencephalic,Human V1C,Human V2,67.04539119807198,0.0005821930491371457,0.03903336073219828
