n_hk,kn_mean,kn_std
250,0.01470109361430071,0.006998019561690415
500,0.01504921925405334,0.006804597788611011
750,0.01598734257273007,0.007064521531935763
1000,0.016646466518228813,0.007119917747487504
