sample,cancer,type,stromal_score,immune_score,admix
TCGA-G3-A3CH-11,TCGA-LIHC,Normal,3666.3998187669094,15498.55262865368,19164.95244742059
TCGA-44-6778-01,TCGA-LUAD,Tumor,13029.067277155762,19244.9805666911,32274.047843846864
TCGA-C8-A1HL-01,TCGA-BRCA,Tumor,12622.666146981723,11971.95479866664,24594.620945648363
TCGA-EW-A2FS-01,TCGA-BRCA,Tumor,10363.107877307444,14053.247924895204,24416.35580220265
TCGA-05-4420-01,TCGA-LUAD,Tumor,8382.63424545545,12760.67534653089,21143.30959198634
TCGA-DX-A3U8-01,TCGA-KIRC,Tumor,11817.93855241477,17782.896920866708,29600.835473281477
TCGA-E2-A153-11,TCGA-BRCA,Normal,12464.559211016942,14363.521403937313,26828.080614954255
TCGA-L5-A4OH-01,TCGA-LUSC,Tumor,4644.34855850747,10069.634683060194,14713.983241567665
TCGA-A2-A3XX-01,TCGA-BRCA,Tumor,9497.642433307486,14482.58537443347,23980.227807740957
TCGA-BP-4989-01,TCGA-KIRC,Tumor,11479.82704059593,19130.210041832757,30610.037082428687
TCGA-CZ-5459-01,TCGA-KIRC,Tumor,8944.200572122463,15996.563865668006,24940.76443779047
TCGA-56-8305-01,TCGA-LUSC,Tumor,8488.03886943197,12139.98966070858,20628.02853014055
TCGA-CZ-5468-11,TCGA-KIRC,Normal,7302.880688685735,10149.666359452192,17452.547048137927
TCGA-BH-A0BQ-11,TCGA-BRCA,Normal,12877.217317890998,14120.10758041163,26997.324898302628
TCGA-DD-AAW0-01,TCGA-LIHC,Tumor,7783.181017803898,14910.354133394863,22693.53515119876
TCGA-CZ-4863-11,TCGA-KIRC,Normal,6342.25868772047,5188.058135297251,11530.316823017722
TCGA-39-5031-01,TCGA-LUSC,Tumor,11970.418122183179,15594.192954141556,27564.611076324734
TCGA-DD-AACA-01,TCGA-LIHC,Tumor,59.85568330361639,7210.562714669042,7270.418397972659
TCGA-A3-3335-01,TCGA-KIRC,Tumor,7318.0980544177655,14967.467276030093,22285.56533044786
TCGA-DD-A3A6-11,TCGA-LIHC,Normal,-5377.880366462312,-3362.4971443124778,-8740.37751077479
TCGA-64-1679-01,TCGA-LUAD,Tumor,13935.272433574832,15139.639070364308,29074.91150393914
TCGA-K7-AAU7-01,TCGA-LIHC,Tumor,8583.643623704946,13279.705614426599,21863.349238131545
TCGA-CJ-6028-01,TCGA-KIRC,Tumor,11826.802899166574,18525.613216507405,30352.41611567398
TCGA-B6-A0RL-01,TCGA-BRCA,Tumor,-4650.043510012147,5307.221705195112,657.1781951829653
TCGA-CZ-5456-01,TCGA-KIRC,Tumor,10476.13541263594,17124.861459404772,27600.996872040712
TCGA-49-6744-01,TCGA-LUAD,Tumor,14547.421027822373,18099.86490255203,32647.285930374404
TCGA-L5-A4ON-01,TCGA-LUSC,Tumor,7094.774853064708,12013.530434635777,19108.305287700485
TCGA-BH-A204-11,TCGA-BRCA,Normal,14008.012010913382,11379.050231677236,25387.06224259062
TCGA-44-2657-11,TCGA-LUAD,Normal,11431.535559254637,19251.266000363026,30682.801559617663
TCGA-55-6982-01,TCGA-LUAD,Tumor,12801.422173192976,15950.203901295503,28751.62607448848
TCGA-RC-A7SH-01,TCGA-LIHC,Tumor,-2996.714784426902,1512.673027647892,-1484.04175677901
TCGA-CC-A3MA-01,TCGA-LIHC,Tumor,5764.048589604139,10092.482074387171,15856.53066399131
TCGA-DD-A3A5-11,TCGA-LIHC,Normal,-4226.336983791742,1672.6687951235872,-2553.6681886681545
TCGA-RC-A7SB-01,TCGA-LIHC,Tumor,-1482.4374949872472,5539.84322212169,4057.4057271344427
TCGA-E2-A2P6-01,TCGA-BRCA,Tumor,10137.956315508793,11802.077347693146,21940.03366320194
TCGA-AO-A1KT-01,TCGA-BRCA,Tumor,12151.75306147432,12811.453255793338,24963.206317267657
TCGA-33-4587-11,TCGA-LUSC,Normal,12599.164245300668,18420.4398054277,31019.60405072837
TCGA-E9-A3HO-01,TCGA-BRCA,Tumor,8211.739457735963,13993.758625104998,22205.49808284096
TCGA-A3-3383-01,TCGA-KIRC,Tumor,8798.077578455774,17342.585751533374,26140.663329989147
TCGA-NJ-A4YI-01,TCGA-LUAD,Tumor,10064.63337024597,14235.83141382915,24300.46478407512
TCGA-D8-A1XJ-01,TCGA-BRCA,Tumor,11113.660511589489,10350.896279234035,21464.556790823524
TCGA-Q1-A73Q-01,TCGA-LUSC,Tumor,3590.031977509083,12647.551768922178,16237.58374643126
TCGA-HU-A4GP-11,TCGA-LIHC,Normal,11405.479644344134,12104.553616430294,23510.033260774428
TCGA-73-4666-01,TCGA-LUAD,Tumor,9654.692904189887,18003.18945471072,27657.882358900606
TCGA-77-A5G6-01,TCGA-LUSC,Tumor,4821.8951634123005,12086.362497133054,16908.257660545354
TCGA-56-A4BX-01,TCGA-LUSC,Tumor,690.6186943056491,4122.739377531878,4813.358071837527
TCGA-34-7107-01,TCGA-LUSC,Tumor,11903.821693656977,14066.007319677996,25969.829013334973
TCGA-44-6146-11,TCGA-LUAD,Normal,12964.313437561115,18453.59929195271,31417.912729513824
TCGA-37-4129-01,TCGA-LUSC,Tumor,2635.926623112562,5135.868048803477,7771.794671916039
TCGA-DD-AAVZ-01,TCGA-LIHC,Tumor,2365.243906248459,9649.816090627799,12015.059996876258
TCGA-E9-A1RF-11,TCGA-BRCA,Normal,13785.062307316719,14044.358678292974,27829.420985609693
TCGA-DD-A116-11,TCGA-LIHC,Normal,1391.0835008942013,12838.6047641226,14229.6882650168
TCGA-E9-A1R4-01,TCGA-BRCA,Tumor,12209.300172931256,16513.662616594924,28722.96278952618
TCGA-77-8145-01,TCGA-LUSC,Tumor,12639.100048263153,12649.536642713316,25288.63669097647
TCGA-LL-A740-01,TCGA-BRCA,Tumor,13660.353185016746,13622.597897527321,27282.951082544067
TCGA-F5-6863-01,TCGA-LIHC,Tumor,3706.894089803245,6188.114385094981,9895.008474898226
TCGA-33-AASD-01,TCGA-LUSC,Tumor,5047.807949209706,10237.089734299345,15284.89768350905
TCGA-BH-A0BZ-01,TCGA-BRCA,Tumor,14240.27070144803,16871.32051099851,31111.59121244654
TCGA-22-5478-01,TCGA-LUSC,Tumor,11699.721176833114,14544.262303939704,26243.98348077282
TCGA-92-8063-01,TCGA-LUSC,Tumor,10212.684323759964,13718.586820921159,23931.271144681123
TCGA-55-7911-01,TCGA-LUAD,Tumor,8224.178711584704,17684.176128168936,25908.35483975364
TCGA-ED-A627-01,TCGA-LIHC,Tumor,11668.098366791568,17257.157921841823,28925.25628863339
TCGA-N6-A4VC-01,TCGA-LUAD,Tumor,2588.133138779798,6613.18684596735,9201.319984747148
TCGA-39-5028-01,TCGA-LUSC,Tumor,11056.977780654492,15742.532034496198,26799.50981515069
TCGA-C8-A3M8-01,TCGA-BRCA,Tumor,10844.550042423736,11388.138677082872,22232.68871950661
TCGA-BH-A0BM-01,TCGA-BRCA,Tumor,11549.27983767819,12018.17959242254,23567.45943010073
TCGA-AY-A69D-01,TCGA-KIRC,Tumor,4582.61827217889,11552.061506682967,16134.679778861857
TCGA-AN-A0XW-01,TCGA-BRCA,Tumor,15584.841281745688,17043.904931425506,32628.746213171195
TCGA-55-A4DG-01,TCGA-LUAD,Tumor,8943.517604796481,15928.94654327432,24872.4641480708
TCGA-DD-AAVV-01,TCGA-LIHC,Tumor,7013.725839926716,15732.749950400099,22746.475790326815
TCGA-37-4133-01,TCGA-LUSC,Tumor,6431.944391834939,14521.880895527847,20953.825287362786
TCGA-77-8146-01,TCGA-LUSC,Tumor,9298.920284175732,14030.46811887652,23329.388403052253
TCGA-CJ-5672-01,TCGA-KIRC,Tumor,10508.946301254979,18290.88944078054,28799.835742035517
TCGA-73-4662-01,TCGA-LUAD,Tumor,12292.35540258932,17156.38111292313,29448.73651551245
TCGA-E2-A1LL-01,TCGA-BRCA,Tumor,7746.521323733228,10090.241087848797,17836.762411582025
TCGA-B0-4700-11,TCGA-KIRC,Normal,7490.301862845383,7850.4995419924635,15340.801404837846
TCGA-BH-A18K-01,TCGA-BRCA,Tumor,12218.3886183369,11815.277825540634,24033.666443877533
TCGA-BH-A28O-01,TCGA-BRCA,Tumor,13097.346224146491,14212.020042578519,27309.36626672501
TCGA-55-6712-01,TCGA-LUAD,Tumor,11733.040733825157,17776.213089587956,29509.253823413113
TCGA-97-7553-01,TCGA-LUAD,Tumor,13414.730389046086,18969.1506950317,32383.881084077788
TCGA-34-7107-11,TCGA-LUSC,Normal,15621.561446881675,19093.280006528887,34714.84145341056
TCGA-77-7142-01,TCGA-LUSC,Tumor,10325.900386527403,14217.362839055724,24543.263225583127
TCGA-60-2719-01,TCGA-LUSC,Tumor,7247.521206944828,14217.266796775508,21464.788003720336
TCGA-A7-A4SC-01,TCGA-BRCA,Tumor,13617.151944526911,14429.157409661351,28046.309354188263
TCGA-A7-A13F-11,TCGA-BRCA,Normal,13149.835108845382,13767.792482485256,26917.627591330638
TCGA-IG-A3Y9-01,TCGA-LUSC,Tumor,12412.781750615952,13138.70131858328,25551.483069199232
TCGA-E9-A24A-01,TCGA-BRCA,Tumor,13670.711522794136,14645.82523670758,28316.536759501716
TCGA-49-AARE-01,TCGA-LUAD,Tumor,8766.74645237636,14331.745637671713,23098.492090048072
TCGA-BC-4073-01,TCGA-LIHC,Tumor,8053.191438706486,16965.733629572507,25018.925068278993
TCGA-B6-A400-01,TCGA-BRCA,Tumor,11753.522639361629,14315.443349885387,26068.965989247015
TCGA-A8-A096-01,TCGA-BRCA,Tumor,14893.119879778296,16787.4009008185,31680.520780596795
TCGA-B0-5075-01,TCGA-KIRC,Tumor,8486.92904752725,17079.234262059104,25566.163309586354
TCGA-AY-A8YK-01,TCGA-KIRC,Tumor,3164.7496464688375,10724.717733685855,13889.467380154692
TCGA-50-8460-01,TCGA-LUAD,Tumor,9687.279694155088,16951.608300137752,26638.88799429284
TCGA-KL-8324-11,TCGA-KIRC,Normal,10181.3033979797,12547.493498544365,22728.796896524065
TCGA-V5-AASX-11,TCGA-KIRC,Normal,-2645.8403207037736,6697.166927212678,4051.3266065089047
TCGA-50-5933-01,TCGA-LUAD,Tumor,14468.765957446802,16741.524704968568,31210.29066241537
TCGA-IE-A4EH-01,TCGA-LUSC,Tumor,8076.953010256271,7875.666176530594,15952.619186786866
TCGA-43-3394-01,TCGA-LUSC,Tumor,8835.50561076817,12815.0174915258,21650.52310229397
TCGA-E2-A1LH-01,TCGA-BRCA,Tumor,10817.732903514483,17309.123909681755,28126.85681319624
TCGA-18-3409-01,TCGA-LUSC,Tumor,14729.271749729483,15412.039876907835,30141.311626637318
TCGA-CJ-4899-01,TCGA-KIRC,Tumor,13910.251641017774,16293.94277931072,30204.194420328495
TCGA-CW-5590-01,TCGA-KIRC,Tumor,11686.232572144978,16782.516973013433,28468.74954515841
TCGA-B6-A0RH-01,TCGA-BRCA,Tumor,10632.317945874904,10544.037304748785,21176.35525062369
TCGA-A8-A07W-01,TCGA-BRCA,Tumor,11347.559035130795,13604.545505968166,24952.10454109896
TCGA-44-6774-01,TCGA-LUAD,Tumor,15997.773286974432,16404.74355658679,32402.51684356122
TCGA-38-4627-11,TCGA-LUAD,Normal,13428.638734069991,18379.7641211954,31808.40285526539
TCGA-CZ-4860-01,TCGA-KIRC,Tumor,10657.794049982618,15183.864761843117,25841.658811825735
TCGA-HU-A4GQ-01,TCGA-LIHC,Tumor,9720.866035258838,13420.364869485438,23141.230904744276
TCGA-73-4670-01,TCGA-LUAD,Tumor,9357.972058022726,12571.030971440308,21929.003029463034
TCGA-MT-A7BN-01,TCGA-LUAD,Tumor,6659.404525480273,14653.65446110594,21313.058986586213
TCGA-B0-5700-01,TCGA-KIRC,Tumor,8620.88668569989,15612.021247046865,24232.907932746755
TCGA-B0-4847-01,TCGA-KIRC,Tumor,6396.70398923858,18057.61697062138,24454.32095985996
TCGA-56-A4BW-01,TCGA-LUSC,Tumor,10433.549554163783,14259.052302912529,24692.60185707631
TCGA-56-8308-01,TCGA-LUSC,Tumor,10631.980019333405,14306.429604031026,24938.40962336443
TCGA-BH-A0HA-11,TCGA-BRCA,Normal,7797.55534574292,12809.144683946655,20606.700029689575
TCGA-85-8353-01,TCGA-LUSC,Tumor,13805.320114199352,16244.171535429796,30049.491649629148
TCGA-HP-A5N0-01,TCGA-LIHC,Tumor,7111.536009523177,11756.798748253448,18868.334757776625
TCGA-A7-A0CE-11,TCGA-BRCA,Normal,12941.416246533281,15076.27250815056,28017.68875468384
TCGA-55-A48Z-01,TCGA-LUAD,Tumor,12411.981398280815,15721.30669056842,28133.288088849236
TCGA-BH-A0HK-11,TCGA-BRCA,Normal,12525.45713091698,13753.528425312408,26278.98555622939
TCGA-B6-A0X7-01,TCGA-BRCA,Tumor,12333.504183979723,11212.978900697493,23546.483084677217
TCGA-EW-A1P0-01,TCGA-BRCA,Tumor,10706.651113640739,12868.477470391324,23575.128584032063
TCGA-22-4604-01,TCGA-LUSC,Tumor,13624.244844776953,16672.416948670787,30296.66179344774
TCGA-77-7337-11,TCGA-LUSC,Normal,13293.653087786883,19037.61461233989,32331.267700126773
TCGA-CZ-5987-11,TCGA-KIRC,Normal,13267.067161774448,15327.771668821853,28594.8388305963
TCGA-KL-8345-01,TCGA-KIRC,Tumor,3580.5309060106592,3820.6401636726114,7401.171069683271
TCGA-BP-4998-01,TCGA-KIRC,Tumor,14829.458076480925,17623.039881129098,32452.497957610023
TCGA-EW-A1PC-01,TCGA-BRCA,Tumor,8160.566707988182,9568.390022611919,17728.9567306001
TCGA-CJ-5675-01,TCGA-KIRC,Tumor,8959.481966041305,18357.268884895875,27316.75085093718
TCGA-A7-A0CH-01,TCGA-BRCA,Tumor,11376.48198996182,11175.241398815506,22551.723388777325
TCGA-E9-A2JS-01,TCGA-BRCA,Tumor,10607.862735634673,11753.59022466993,22361.452960304603
TCGA-A2-A1G6-01,TCGA-BRCA,Tumor,12537.796785364018,14250.266212833496,26788.062998197514
TCGA-75-7031-01,TCGA-LUAD,Tumor,7070.2449432731955,16054.342190021762,23124.587133294957
TCGA-44-A47A-01,TCGA-LUAD,Tumor,9602.933229396342,16535.496228297405,26138.429457693746
TCGA-B6-A0WV-01,TCGA-BRCA,Tumor,6380.423044181192,6542.425028176956,12922.848072358149
TCGA-HE-7129-01,TCGA-KIRC,Tumor,274.95837689446853,7090.609463800516,7365.567840694985
TCGA-05-4398-01,TCGA-LUAD,Tumor,11721.618816722406,17035.84449413032,28757.463310852727
TCGA-UL-AAZ6-01,TCGA-BRCA,Tumor,5306.7521651584975,9589.853693679492,14896.60585883799
TCGA-B6-A0RG-01,TCGA-BRCA,Tumor,8995.401778842159,8606.483900788953,17601.885679631112
TCGA-56-7579-01,TCGA-LUSC,Tumor,7503.840267234376,11734.80862320543,19238.648890439807
TCGA-67-3773-01,TCGA-LUAD,Tumor,10727.37134631701,16862.07199512584,27589.44334144285
TCGA-BH-A0B7-11,TCGA-BRCA,Normal,9728.830430273803,12703.825430885885,22432.65586115969
TCGA-77-8007-01,TCGA-LUSC,Tumor,12179.854321241273,17433.157178898724,29613.011500139997
TCGA-A7-A0DC-01,TCGA-BRCA,Tumor,5527.254569170393,4891.351517616051,10418.606086786443
TCGA-DD-A114-11,TCGA-LIHC,Normal,5501.1310689515885,17123.72318052813,22624.85424947972
TCGA-A2-A0CR-01,TCGA-BRCA,Tumor,12293.137969317013,17862.099787951654,30155.237757268667
TCGA-GM-A2DD-01,TCGA-BRCA,Tumor,13805.38058526468,17506.245354143244,31311.625939407924
TCGA-77-7463-01,TCGA-LUSC,Tumor,4625.307287174237,12281.559538868725,16906.866826042962
TCGA-BH-A6R9-01,TCGA-BRCA,Tumor,16220.722990571088,17174.259205529295,33394.98219610038
TCGA-DD-A1EG-11,TCGA-LIHC,Normal,2437.965697979558,12975.518370253008,15413.484068232567
TCGA-E2-A158-11,TCGA-BRCA,Normal,14117.93773630304,14462.779321979997,28580.717058283037
TCGA-39-5039-01,TCGA-LUSC,Tumor,11480.709206725322,14953.011134296812,26433.720341022134
TCGA-64-5781-01,TCGA-LUAD,Tumor,9926.140402174231,16396.025051816057,26322.16545399029
TCGA-B0-4712-11,TCGA-KIRC,Normal,2188.063684857043,5768.448748886636,7956.512433743679
TCGA-HN-A2OB-01,TCGA-BRCA,Tumor,14116.283674810427,13335.605778633912,27451.88945344434
TCGA-97-7552-01,TCGA-LUAD,Tumor,11694.833691906559,19039.19041715973,30734.02410906629
TCGA-49-AARN-01,TCGA-LUAD,Tumor,10112.682967325982,14969.423692849308,25082.10666017529
TCGA-AR-A24P-01,TCGA-BRCA,Tumor,13441.049530946813,13157.593190813957,26598.64272176077
TCGA-18-5595-01,TCGA-LUSC,Tumor,4918.556382767656,9381.249861049939,14299.806243817595
TCGA-DD-AAEI-01,TCGA-LIHC,Tumor,182.46966104628154,10214.555369663434,10397.025030709716
TCGA-HE-A5NK-01,TCGA-KIRC,Tumor,5798.968851266447,16845.495808984826,22644.464660251273
TCGA-BP-4777-01,TCGA-KIRC,Tumor,10925.204215076392,18841.649232362488,29766.85344743888
TCGA-E9-A1N9-01,TCGA-BRCA,Tumor,12495.947251040187,13898.762138606722,26394.70938964691
TCGA-B6-A0I9-01,TCGA-BRCA,Tumor,8790.379967552519,13030.80670956412,21821.18667711664
TCGA-E2-A1L9-01,TCGA-BRCA,Tumor,13870.742692634023,14272.76500625451,28143.507698888534
TCGA-DX-AB3C-01,TCGA-KIRC,Tumor,-1991.5718508992031,-3534.2634267968897,-5525.835277696093
TCGA-BP-4762-01,TCGA-KIRC,Tumor,14087.424748166206,17205.092334600176,31292.517082766382
TCGA-AR-A1AP-01,TCGA-BRCA,Tumor,12644.275660030358,14813.607543123766,27457.883203154124
TCGA-44-3919-01,TCGA-LUAD,Tumor,12865.738486844417,17585.38063591989,30451.119122764307
TCGA-B0-5109-01,TCGA-KIRC,Tumor,11169.89148809532,17620.464525170708,28790.356013266028
TCGA-BH-A0H5-01,TCGA-BRCA,Tumor,13703.230727451042,19256.26019893427,32959.49092638531
TCGA-BH-A0E6-01,TCGA-BRCA,Tumor,7809.731372601436,13329.003761149423,21138.73513375086
TCGA-D8-A1JA-01,TCGA-BRCA,Tumor,11743.253229621474,11345.30382010646,23088.557049727933
TCGA-56-7221-01,TCGA-LUSC,Tumor,4774.393363041672,9404.271551329908,14178.66491437158
TCGA-BP-4352-01,TCGA-KIRC,Tumor,5286.665100107359,9453.662183211454,14740.327283318813
TCGA-BH-A0BW-01,TCGA-BRCA,Tumor,11435.138923323484,17081.784718167062,28516.923641490546
TCGA-B2-4098-01,TCGA-KIRC,Tumor,5974.726224062066,16187.321619784798,22162.047843846864
TCGA-91-6847-11,TCGA-LUAD,Normal,8449.426315663572,15561.218437933992,24010.644753597564
TCGA-43-2576-01,TCGA-LUSC,Tumor,12206.180577384981,16769.611736249568,28975.79231363455
TCGA-22-4593-11,TCGA-LUSC,Normal,14775.372044233252,18936.03033684308,33711.40238107633
TCGA-CJ-5679-01,TCGA-KIRC,Tumor,8579.777032645874,11703.829652153476,20283.60668479935
TCGA-KL-8346-01,TCGA-KIRC,Tumor,-1635.8597019503686,-4166.719627627917,-5802.579329578286
TCGA-BP-4766-01,TCGA-KIRC,Tumor,9948.30838329672,15359.252194003824,25307.560577300545
TCGA-DD-AACT-01,TCGA-LIHC,Tumor,1992.6247588600854,13075.491269715076,15068.116028575161
TCGA-DX-A7EU-01,TCGA-KIRC,Tumor,11396.003472696135,13328.651606121963,24724.655078818098
TCGA-B6-A0WZ-01,TCGA-BRCA,Tumor,8648.283635411928,6769.461864365039,15417.745499776967
TCGA-33-6737-11,TCGA-LUSC,Normal,14465.55031962031,18888.589007537772,33354.13932715808
TCGA-C8-A135-01,TCGA-BRCA,Tumor,12588.051797767508,14622.543876558873,27210.59567432638
TCGA-55-8299-01,TCGA-LUAD,Tumor,15201.013644543938,18501.36076219207,33702.37440673601
TCGA-39-5027-01,TCGA-LUSC,Tumor,-2809.161996772138,5803.212497203407,2994.050500431269
TCGA-22-5485-01,TCGA-LUSC,Tumor,7451.226883283354,12554.252029374391,20005.478912657745
TCGA-BH-A0E2-01,TCGA-BRCA,Tumor,12945.691906563643,13443.660458120099,26389.352364683742
TCGA-BH-A0BJ-01,TCGA-BRCA,Tumor,13522.461370476729,14351.15684963985,27873.61822011658
TCGA-BH-A203-01,TCGA-BRCA,Tumor,11983.230873788318,14872.349847401176,26855.580721189493
TCGA-A2-A1G1-01,TCGA-BRCA,Tumor,13621.448947286215,16188.353185016746,29809.80213230296
TCGA-BP-5183-01,TCGA-KIRC,Tumor,7905.762981453154,16952.558051575445,24858.3210330286
TCGA-55-A491-01,TCGA-LUAD,Tumor,10536.229423079352,16034.731779250218,26570.96120232957
TCGA-FY-A3NM-01,TCGA-LIHC,Tumor,2214.3828267577665,3986.4909531200065,6200.873779877773
TCGA-KL-8330-01,TCGA-KIRC,Tumor,-2594.685356563441,-908.6453417608609,-3503.330698324302
TCGA-BH-A0C7-01,TCGA-BRCA,Tumor,12261.429788359714,13734.302183661723,25995.731972021436
TCGA-50-6595-01,TCGA-LUAD,Tumor,14128.306745444894,16601.274518881026,30729.58126432592
TCGA-BP-4981-01,TCGA-KIRC,Tumor,6419.718565275569,15745.99667082696,22165.71523610253
TCGA-AK-3428-01,TCGA-KIRC,Tumor,9078.090624986806,15878.083263096127,24956.173888082933
TCGA-E2-A14X-01,TCGA-BRCA,Tumor,10839.630543403775,15827.863821907533,26667.494365311308
TCGA-BH-A8FZ-01,TCGA-BRCA,Tumor,14563.766001066568,16876.300481083792,31440.06648215036
TCGA-S3-AA17-01,TCGA-BRCA,Tumor,11831.87891153208,18023.62511766783,29855.50402919991
TCGA-AR-A1AR-01,TCGA-BRCA,Tumor,14110.535366483415,17039.220202423847,31149.75556890726
TCGA-D8-A13Z-01,TCGA-BRCA,Tumor,12979.829601498266,15723.199079200826,28703.02868069909
TCGA-L5-A88T-01,TCGA-LUSC,Tumor,9694.980862179833,14041.303110933502,23736.283973113335
TCGA-BH-A0DV-11,TCGA-BRCA,Normal,9918.49259097183,11511.499650338334,21429.992241310163
TCGA-DX-A48O-01,TCGA-KIRC,Tumor,7525.325281030888,11917.29606985916,19442.621350890047
TCGA-A7-A6VX-01,TCGA-BRCA,Tumor,12507.845822422529,11857.20917365872,24365.05499608125
TCGA-DD-A39V-01,TCGA-LIHC,Tumor,-134.8540327879964,11901.481107716896,11766.6270749289
TCGA-BP-4340-01,TCGA-KIRC,Tumor,7587.802562872261,14615.586146925434,22203.388709797695
TCGA-85-A512-01,TCGA-LUSC,Tumor,8345.419640432425,11573.955589450768,19919.375229883193
TCGA-55-8302-01,TCGA-LUAD,Tumor,8999.21501307889,15408.240871157057,24407.455884235947
TCGA-44-4112-01,TCGA-LUAD,Tumor,11784.508724656564,14695.909507279572,26480.418231936135
TCGA-60-2710-01,TCGA-LUSC,Tumor,12349.589487355192,16129.888336215514,28479.477823570705
TCGA-KN-8419-11,TCGA-LUAD,Normal,6972.296045938645,8271.417284965108,15243.713330903753
TCGA-05-4430-01,TCGA-LUAD,Tumor,14307.873795355761,16933.705307681153,31241.579103036915
TCGA-AR-A255-01,TCGA-BRCA,Tumor,14788.668564360964,15310.580100663155,30099.24866502412
TCGA-AR-A1AT-01,TCGA-BRCA,Tumor,11643.93484051347,16882.920284175732,28526.855124689202
TCGA-A2-A0CU-01,TCGA-BRCA,Tumor,11670.958292469117,11281.855444098455,22952.813736567572
TCGA-B0-5120-01,TCGA-KIRC,Tumor,12963.11113049767,16383.656940397104,29346.768070894774
TCGA-DX-A6BG-01,TCGA-KIRC,Tumor,15727.9122651744,17858.983749526862,33586.89601470126
TCGA-BH-A0AZ-01,TCGA-BRCA,Tumor,14434.745647521337,14089.925404573321,28524.671052094658
TCGA-MM-A84U-01,TCGA-KIRC,Tumor,11183.959903586245,16286.462152818323,27470.422056404568
TCGA-BH-A1ET-11,TCGA-BRCA,Normal,13331.49018907057,14093.83112396878,27425.32131303935
TCGA-63-6202-01,TCGA-LUSC,Tumor,11779.699496402773,18279.65960823822,30059.359104640993
TCGA-E2-A1IH-01,TCGA-BRCA,Tumor,15436.921941726807,17076.523735484112,32513.44567721092
TCGA-B0-5095-01,TCGA-KIRC,Tumor,14712.706234952933,16748.087594116678,31460.79382906961
TCGA-BP-4167-01,TCGA-KIRC,Tumor,13931.153286890007,18700.790778500235,32631.944065390242
TCGA-ZP-A9D2-01,TCGA-LIHC,Tumor,7660.303813071012,12645.381924813595,20305.685737884607
TCGA-BH-A18R-01,TCGA-BRCA,Tumor,11290.193336869812,13688.795928446696,24978.989265316508
TCGA-HU-A4G3-01,TCGA-LIHC,Tumor,7036.121476824534,12158.148765912414,19194.270242736948
TCGA-DX-A48K-01,TCGA-KIRC,Tumor,14201.345120988564,14077.706692256925,28279.05181324549
TCGA-DD-A73B-01,TCGA-LIHC,Tumor,-2489.4657029043738,1444.5043514233366,-1044.9613514810371
TCGA-B6-A0RS-01,TCGA-BRCA,Tumor,11105.546717471963,15180.762951904278,26286.30966937624
TCGA-33-AAS8-01,TCGA-LUSC,Tumor,1634.0846983271076,12006.049808143387,13640.134506470495
TCGA-AR-A24H-01,TCGA-BRCA,Tumor,9922.74335115177,14582.924657408952,24505.668008560722
TCGA-A8-A099-01,TCGA-BRCA,Tumor,10431.226753831146,12298.818692335724,22730.04544616687
TCGA-66-2790-01,TCGA-LUSC,Tumor,12174.290983231713,15482.175641316073,27656.466624547786
TCGA-75-7027-01,TCGA-LUAD,Tumor,11641.395055769975,13852.77211486913,25494.167170639106
TCGA-HU-A4GD-01,TCGA-LIHC,Tumor,3667.2535279243857,10037.033664609033,13704.287192533418
TCGA-FV-A4ZP-01,TCGA-LIHC,Tumor,-3895.225887064211,7544.395009336033,3649.169122271822
TCGA-KN-8435-01,TCGA-LUAD,Tumor,2665.621473306812,3132.46521183024,5798.086685137052
TCGA-BP-4781-01,TCGA-KIRC,Tumor,10755.75361868164,15754.558662252155,26510.312280933795
TCGA-DD-AACS-01,TCGA-LIHC,Tumor,-1594.2307091588882,2571.4644674800547,977.2337583211665
TCGA-L5-A4OI-01,TCGA-LUSC,Tumor,3088.0367644265316,10877.371602407246,13965.408366833777
TCGA-A8-A09R-01,TCGA-BRCA,Tumor,13110.838385956118,15137.526140199549,28248.364526155667
TCGA-DD-A4NK-01,TCGA-LIHC,Tumor,689.1567173734693,6881.557433863287,7570.714151236756
TCGA-44-2668-01,TCGA-LUAD,Tumor,12712.234466087033,17930.634847689627,30642.86931377666
TCGA-55-8507-01,TCGA-LUAD,Tumor,9655.777826244179,14455.65440763655,24111.43223388073
TCGA-CC-5261-01,TCGA-LIHC,Tumor,10798.517333228268,15366.473150627487,26164.990483855756
TCGA-22-5491-11,TCGA-LUSC,Normal,11831.811326223778,17609.576176291386,29441.387502515165
TCGA-EW-A6SC-01,TCGA-BRCA,Tumor,13528.255921383108,14475.474688575978,28003.730609959086
TCGA-B0-5699-01,TCGA-KIRC,Tumor,8548.356978529224,16411.01120465127,24959.368183180493
TCGA-37-5819-01,TCGA-LUSC,Tumor,6515.970715659634,13438.025977680747,19953.99669334038
TCGA-22-A5C4-01,TCGA-LUSC,Tumor,6770.041675167828,13167.905286011981,19937.94696117981
TCGA-85-A4CL-01,TCGA-LUSC,Tumor,7877.647493200238,15234.685356563434,23112.332849763672
TCGA-DX-A3UB-01,TCGA-KIRC,Tumor,9041.181932411873,7897.570930662863,16938.752863074737
TCGA-BP-4801-01,TCGA-KIRC,Tumor,14206.428247597043,17270.148529521433,31476.576777118476
TCGA-D8-A1XC-01,TCGA-BRCA,Tumor,6580.144744451492,8160.6342932964835,14740.779037747976
TCGA-DD-AACX-01,TCGA-LIHC,Tumor,-2229.6428779476773,6247.596570642207,4017.9536926945293
TCGA-78-8640-01,TCGA-LUAD,Tumor,6439.360990140522,14847.61718168476,21286.97817182528
TCGA-EW-A1PE-01,TCGA-BRCA,Tumor,14032.360507508925,16064.714756285113,30097.07526379404
TCGA-E2-A1II-01,TCGA-BRCA,Tumor,9330.137582367479,18421.44291368774,27751.58049605522
TCGA-S3-AA14-01,TCGA-BRCA,Tumor,13058.676756434263,11965.921920620469,25024.59867705473
TCGA-A8-A09B-01,TCGA-BRCA,Tumor,11535.147394000447,12053.042940141018,23588.190334141465
TCGA-60-2714-01,TCGA-LUSC,Tumor,9211.496909328576,16182.281178634188,25393.778087962764
TCGA-AR-A5QP-01,TCGA-BRCA,Tumor,11758.02951228881,13740.562717483223,25498.59222977203
TCGA-DD-AAE0-01,TCGA-LIHC,Tumor,1877.5091932172654,7019.997045112683,8897.506238329948
TCGA-E9-A6HE-01,TCGA-BRCA,Tumor,10754.924809374588,13546.58221129695,24301.50702067154
TCGA-DD-AADA-01,TCGA-LIHC,Tumor,2082.1610638719976,13282.334327207336,15364.495391079334
TCGA-TQ-A7RN-01,TCGA-LUAD,Tumor,4215.982203135834,6087.8960442501375,10303.878247385972
TCGA-CJ-5676-11,TCGA-KIRC,Normal,10866.999036143894,14418.959142350988,25285.958178494882
TCGA-BH-A0HI-01,TCGA-BRCA,Tumor,12297.406515104394,12470.954915455044,24768.36143055944
TCGA-DD-A1EI-01,TCGA-LIHC,Tumor,7949.078049830652,12977.232902810942,20926.310952641594
TCGA-E9-A1ND-11,TCGA-BRCA,Normal,14161.47334621289,16911.711625511653,31073.184971724542
TCGA-BP-4790-01,TCGA-KIRC,Tumor,14495.56531074861,17875.919204938316,32371.484515686927
TCGA-CZ-5465-11,TCGA-KIRC,Normal,6455.624149590465,5406.0776685094825,11861.701818099948
TCGA-BP-5008-01,TCGA-KIRC,Tumor,13769.290030632332,17590.207649781125,31359.497680413457
TCGA-BP-4170-01,TCGA-KIRC,Tumor,12019.303642813222,17311.745508219505,29331.049151032727
TCGA-EW-A1P1-01,TCGA-BRCA,Tumor,15965.937049643511,16377.211436258152,32343.148485901664
TCGA-BC-A5W4-01,TCGA-LIHC,Tumor,-7124.6866876698205,-2113.214734475234,-9237.901422145054
TCGA-39-5019-01,TCGA-LUSC,Tumor,11348.558586269337,15210.85264258386,26559.411228853198
TCGA-OL-A66P-01,TCGA-BRCA,Tumor,11093.630360482177,17822.256470147895,28915.886830630072
TCGA-A2-A1G4-01,TCGA-BRCA,Tumor,8932.13125890863,11809.789187082355,20741.920445990985
TCGA-E2-A105-01,TCGA-BRCA,Tumor,8286.520822809474,9998.136541121476,18284.65736393095
TCGA-55-7573-01,TCGA-LUAD,Tumor,12892.242599062596,16893.13277997205,29785.375379034645
TCGA-L5-A4OR-01,TCGA-LUSC,Tumor,7689.628722630354,13786.339313931447,21475.9680365618
TCGA-E2-A573-01,TCGA-BRCA,Tumor,9789.934663220232,17161.7701519797,26951.704815199933
TCGA-B0-5085-01,TCGA-KIRC,Tumor,6641.458847565802,13661.864961649782,20303.323809215584
TCGA-DV-A4W0-01,TCGA-KIRC,Tumor,9025.502140886209,14676.747293815697,23702.249434701906
TCGA-DX-A6YU-01,TCGA-KIRC,Tumor,14315.22636547453,18048.90202297213,32364.12838844666
TCGA-DX-A6Z2-01,TCGA-KIRC,Tumor,12490.672039871275,17111.643195949833,29602.31523582111
TCGA-BC-A10T-01,TCGA-LIHC,Tumor,7405.1550457515,10083.037916832585,17488.192962584086
TCGA-43-5668-01,TCGA-LUSC,Tumor,10548.68290541405,17545.30254809782,28093.985453511872
TCGA-A2-A0EV-01,TCGA-BRCA,Tumor,13733.982042727668,15074.035078733676,28808.017121461344
TCGA-BH-A18M-11,TCGA-BRCA,Normal,14685.031829764714,14695.03089827167,29380.062728036384
TCGA-18-4083-01,TCGA-LUSC,Tumor,11007.302579053783,14405.292681588373,25412.595260642156
TCGA-A8-A08A-01,TCGA-BRCA,Tumor,11972.157554591537,13314.17412165974,25286.331676251277
TCGA-AL-3471-01,TCGA-KIRC,Tumor,-1152.674547304232,3666.4745183181876,2513.7999710139557
TCGA-E9-A1RG-01,TCGA-BRCA,Tumor,9207.562732961203,13354.632821481184,22562.195554442387
TCGA-43-8115-01,TCGA-LUSC,Tumor,15311.270182232121,17587.056040141437,32898.32622237356
TCGA-CZ-5461-11,TCGA-KIRC,Normal,8577.603631415797,9620.295539386534,18197.89917080233
TCGA-Q1-A73P-01,TCGA-LUSC,Tumor,5022.2571455507095,14523.922683262808,19546.179828813518
TCGA-D8-A1XL-01,TCGA-BRCA,Tumor,10590.29411259809,16060.855279469015,26651.149392067106
TCGA-CC-A7IH-01,TCGA-LIHC,Tumor,-1192.133695987126,4677.504487910992,3485.370791923866
TCGA-DD-A4NG-01,TCGA-LIHC,Tumor,-39.03940834713649,10255.277296475095,10216.237888127958
TCGA-BP-5170-01,TCGA-KIRC,Tumor,11839.345309538516,15267.891085667809,27107.236395206324
TCGA-KN-8436-01,TCGA-LUAD,Tumor,-1660.0232282284633,2503.0503498727267,843.0271216442634
TCGA-43-A474-01,TCGA-LUSC,Tumor,4288.227340587346,5393.77358527734,9682.000925864686
TCGA-33-AASI-01,TCGA-LUSC,Tumor,4513.193932068545,14790.429339498256,19303.6232715668
TCGA-UZ-A9PV-01,TCGA-KIRC,Tumor,-1209.7165475096663,4162.255440158606,2952.5388926489395
TCGA-BH-A1EO-11,TCGA-BRCA,Normal,15525.213254217397,16457.82292345294,31983.036177670336
TCGA-DX-AB2X-01,TCGA-KIRC,Tumor,8145.601897881905,11321.186536407728,19466.788434289632
TCGA-49-4506-01,TCGA-LUAD,Tumor,4806.3434282602575,15592.677620387029,20399.021048647286
TCGA-B2-5633-01,TCGA-KIRC,Tumor,11431.265218021432,16769.419651689135,28200.684869710567
TCGA-A2-A0ER-01,TCGA-BRCA,Tumor,10460.729519464967,11901.662520912858,22362.392040377825
TCGA-IG-A8O2-01,TCGA-LUSC,Tumor,4520.713686897325,13141.241103326774,17661.9547902241
TCGA-TQ-A7RU-01,TCGA-LUAD,Tumor,3656.130409026755,6975.127514644279,10631.257923671033
TCGA-BP-4982-01,TCGA-KIRC,Tumor,13759.828087470287,16905.554248213342,30665.38233568363
TCGA-CZ-4864-11,TCGA-KIRC,Normal,8732.107203311723,10390.700468701409,19122.807672013132
TCGA-DD-A4ND-01,TCGA-LIHC,Tumor,12216.272131050657,15603.231599846342,27819.503730897
TCGA-66-2785-01,TCGA-LUSC,Tumor,9671.937829170925,17376.413976898406,27048.35180606933
TCGA-OL-A66K-01,TCGA-BRCA,Tumor,11702.524188566833,11495.777173354796,23198.30136192163
TCGA-P4-A5E8-01,TCGA-KIRC,Tumor,-436.61887722724714,10555.434322001103,10118.815444773856
TCGA-56-8201-01,TCGA-LUSC,Tumor,13369.081848971484,18502.87965306808,31871.961502039565
TCGA-DD-AAVW-01,TCGA-LIHC,Tumor,9003.714771763094,13770.33582435024,22774.050596113335
TCGA-CJ-4905-01,TCGA-KIRC,Tumor,13301.48942642823,15670.443410390228,28971.932836818458
TCGA-EP-A2KC-01,TCGA-LIHC,Tumor,630.3681705166928,8536.113366362402,9166.481536879095
TCGA-IE-A3OV-01,TCGA-LUSC,Tumor,12678.132342367313,16298.364281322156,28976.49662368947
TCGA-CC-A7IL-01,TCGA-LIHC,Tumor,-5714.704200301963,-2039.7921898107052,-7754.496390112668
TCGA-EW-A1OX-01,TCGA-BRCA,Tumor,1951.7854470392704,482.3243312456798,2434.10977828495
TCGA-S3-AA10-01,TCGA-BRCA,Tumor,10063.270992715497,17864.539973293442,27927.81096600894
TCGA-BP-5174-01,TCGA-KIRC,Tumor,8250.39825408372,14411.990741353078,22662.3889954368
TCGA-KN-8427-01,TCGA-LUAD,Tumor,7052.28147975128,13840.343532384857,20892.625012136137
TCGA-05-4402-01,TCGA-LUAD,Tumor,11449.253581393776,15576.197476526231,27025.451057920007
TCGA-UZ-A9PZ-01,TCGA-KIRC,Tumor,1784.8283928086457,10643.967518752976,12428.795911561621
TCGA-A8-A0A9-01,TCGA-BRCA,Tumor,11618.711292031508,12963.06488791831,24581.77617994982
TCGA-DD-A4NS-01,TCGA-LIHC,Tumor,12033.56769998607,15717.354728593597,27750.922428579666
TCGA-EU-5905-01,TCGA-KIRC,Tumor,11611.643291631899,15590.717646446323,27202.36093807822
TCGA-B0-4697-01,TCGA-KIRC,Tumor,8197.699499216953,18388.347455349536,26586.04695456649
TCGA-BH-A1FB-01,TCGA-BRCA,Tumor,15170.162729865606,17106.22214279985,32276.384872665454
TCGA-44-8119-01,TCGA-LUAD,Tumor,13424.491130413244,15636.430214707736,29060.92134512098
TCGA-BP-4759-01,TCGA-KIRC,Tumor,8700.676477830602,14535.895954196432,23236.572432027035
TCGA-90-A4EE-01,TCGA-LUSC,Tumor,12263.752588692343,18705.73162024914,30969.48420894148
TCGA-DD-A1EJ-11,TCGA-LIHC,Normal,2329.6620199891076,12292.085061356123,14621.747081345231
TCGA-A2-A04T-01,TCGA-BRCA,Tumor,9041.334888635924,15350.163748598181,24391.498637234105
TCGA-CJ-6030-01,TCGA-KIRC,Tumor,11064.027995446657,18512.01789817458,29576.045893621238
TCGA-OL-A5S0-01,TCGA-BRCA,Tumor,11294.031470956976,14682.20391818057,25976.235389137546
TCGA-DD-AADI-01,TCGA-LIHC,Tumor,4040.2781871625593,14871.001698356657,18911.279885519216
TCGA-CC-A7IG-01,TCGA-LIHC,Tumor,854.5699808776553,8072.688021590373,8927.258002468028
TCGA-CJ-4918-01,TCGA-KIRC,Tumor,15063.417071087551,17194.8656103179,32258.28268140545
TCGA-A8-A07J-01,TCGA-BRCA,Tumor,14881.8509188996,15798.282799600947,30680.133718500547
TCGA-E9-A229-01,TCGA-BRCA,Tumor,14819.07128173162,15020.720941849224,29839.792223580844
TCGA-L5-A4OU-01,TCGA-LUSC,Tumor,12117.946178838221,17118.369712686454,29236.315891524675
TCGA-A2-A0SX-01,TCGA-BRCA,Tumor,13816.329405209322,17252.462521475692,31068.791926685015
TCGA-UZ-A9PM-01,TCGA-KIRC,Tumor,1470.389524502345,15628.924688364914,17099.31421286726
TCGA-B8-5545-01,TCGA-KIRC,Tumor,13970.583978600986,17022.074876844516,30992.6588554455
TCGA-55-7724-01,TCGA-LUAD,Tumor,13037.170399908817,17255.57144565751,30292.74184556633
TCGA-HU-A4G8-01,TCGA-LIHC,Tumor,8256.011391794134,15356.879593970338,23612.890985764472
TCGA-FY-A3I4-01,TCGA-LIHC,Tumor,11340.313178656706,13721.873601177449,25062.186779834155
TCGA-DX-AB2Q-01,TCGA-KIRC,Tumor,12364.767724750836,11734.175455580302,24098.943180331138
TCGA-44-6776-01,TCGA-LUAD,Tumor,6538.704279098954,12807.095781968714,19345.800061067668
TCGA-49-4514-01,TCGA-LUAD,Tumor,3904.1649333672867,14601.375446574933,18505.54037994222
TCGA-43-3394-11,TCGA-LUSC,Normal,11780.51052010238,18235.640229805806,30016.150749908185
TCGA-05-4396-01,TCGA-LUAD,Tumor,8485.659155155503,13480.263238246935,21965.922393402438
TCGA-XM-A8RL-01,TCGA-KIRC,Tumor,-745.7860914861267,16589.35460476975,15843.568513283622
TCGA-85-A50Z-01,TCGA-LUSC,Tumor,4594.3389874867535,14771.345382707153,19365.684370193907
TCGA-B2-3923-01,TCGA-KIRC,Tumor,7373.724320270383,8427.037793008734,15800.762113279117
TCGA-55-8204-01,TCGA-LUAD,Tumor,10736.2748214052,15659.370091193447,26395.644912598647
TCGA-77-7337-01,TCGA-LUSC,Tumor,12199.187276536646,14259.397343697008,26458.584620233654
TCGA-KN-8428-11,TCGA-LUAD,Normal,9216.217209545128,11765.346511192689,20981.563720737817
TCGA-L4-A4E6-01,TCGA-LUAD,Tumor,12475.351517616047,18398.858749350973,30874.21026696702
TCGA-L5-A8NJ-01,TCGA-LUSC,Tumor,-2232.385418616075,7028.036139678927,4795.6507210628515
TCGA-DX-A1L0-01,TCGA-KIRC,Tumor,13564.719973771851,11921.827842636772,25486.547816408623
TCGA-BH-A0AW-01,TCGA-BRCA,Tumor,13497.924346442243,17530.209681617922,31028.134028060165
TCGA-77-8008-11,TCGA-LUSC,Normal,15362.368232428616,18239.923004079148,33602.291236507765
TCGA-BH-A2L8-01,TCGA-BRCA,Tumor,13688.65364358712,17152.290423210212,30840.944066797332
TCGA-HU-A4GC-01,TCGA-LIHC,Tumor,8140.7286414413065,13483.578475475133,21624.30711691644
TCGA-BH-A0B6-01,TCGA-BRCA,Tumor,13679.664797583177,18382.254106238044,32061.91890382122
TCGA-DD-A11B-11,TCGA-LIHC,Normal,2520.7505864044215,10357.697495521938,12878.448081926359
TCGA-DX-AB32-01,TCGA-KIRC,Tumor,13494.875893325752,19085.514810317338,32580.39070364309
TCGA-AO-A0JL-01,TCGA-BRCA,Tumor,5137.447410744811,8439.402347306193,13576.849758051005
TCGA-BH-A0BS-01,TCGA-BRCA,Tumor,8401.647059816765,7887.358434866543,16289.005494683308
TCGA-56-8623-01,TCGA-LUSC,Tumor,12319.56026774093,18791.888659846034,31111.448927586964
TCGA-75-6205-01,TCGA-LUAD,Tumor,14367.672564715544,19051.618999644004,33419.29156435955
TCGA-B6-A0IG-01,TCGA-BRCA,Tumor,8267.913520297963,11565.23352755854,19833.147047856502
TCGA-CJ-4923-01,TCGA-KIRC,Tumor,13215.403529261119,17882.96941973048,31098.3729489916
TCGA-ES-A2HT-11,TCGA-LIHC,Normal,4733.863520790444,15441.165587663763,20175.029108454208
TCGA-98-A538-01,TCGA-LUSC,Tumor,8866.56639561438,13780.509191810172,22647.07558742455
TCGA-XM-A8RC-01,TCGA-KIRC,Tumor,7896.681650290491,16775.687299753616,24672.368950044107
TCGA-BP-4159-01,TCGA-KIRC,Tumor,10528.27214230737,15649.66982089161,26177.94196319898
TCGA-Q1-A6DT-01,TCGA-LUSC,Tumor,-887.686781944798,9797.785230347534,8910.098448402736
TCGA-KN-8424-11,TCGA-LUAD,Normal,6193.023212750475,5154.599850567123,11347.623063317598
TCGA-L5-A8NN-01,TCGA-LUSC,Tumor,8121.911468761915,13211.110083623305,21333.02155238522
TCGA-OL-A66L-01,TCGA-BRCA,Tumor,11483.487318608608,14861.269413961414,26344.756732570022
TCGA-BH-A0DO-01,TCGA-BRCA,Tumor,11067.521088749334,11953.045140828519,23020.566229577853
TCGA-CJ-5680-01,TCGA-KIRC,Tumor,9448.066831108488,14829.653718162841,24277.72054927133
TCGA-34-5234-01,TCGA-LUSC,Tumor,13570.969836228887,17779.955181394896,31350.925017623784
TCGA-BC-A216-11,TCGA-LIHC,Normal,1476.891942585131,11820.802035213808,13297.69397779894
TCGA-G3-AAV1-01,TCGA-LIHC,Tumor,1983.8173260521144,7942.490260832121,9926.307586884235
TCGA-78-7155-01,TCGA-LUAD,Tumor,5187.556581167235,12137.200877460822,17324.757458628057
TCGA-56-7822-01,TCGA-LUSC,Tumor,8745.097810991334,13564.929843939735,22310.02765493107
TCGA-56-A62T-01,TCGA-LUSC,Tumor,9241.266459074104,13173.561109180268,22414.82756825437
TCGA-LL-A73Y-01,TCGA-BRCA,Tumor,13222.89482711798,15527.941566399833,28750.836393517813
TCGA-B0-5705-11,TCGA-KIRC,Normal,8659.253798085512,9089.17817266954,17748.431970755053
TCGA-BC-A10X-01,TCGA-LIHC,Tumor,8769.809133978808,13703.903023412557,22473.712157391365
TCGA-BH-A0DK-01,TCGA-BRCA,Tumor,14410.784877168142,17297.15775299112,31707.94263015926
TCGA-B3-4104-01,TCGA-KIRC,Tumor,6365.120307533412,9682.00092586469,16047.121233398102
TCGA-85-A4JB-01,TCGA-LUSC,Tumor,8401.497660714209,13038.105922860555,21439.603583574764
TCGA-NJ-A55R-01,TCGA-LUAD,Tumor,9806.57487754806,13321.064265984878,23127.63914353294
TCGA-F5-6702-01,TCGA-LIHC,Tumor,13764.793829069615,14327.911060706047,28092.70488977566
TCGA-BH-A0BG-01,TCGA-BRCA,Tumor,11085.274682103369,16376.062486017046,27461.337168120415
TCGA-IE-A6BZ-01,TCGA-LUSC,Tumor,10633.370853835793,10961.977737034726,21595.34859087052
TCGA-DD-A39Z-11,TCGA-LIHC,Normal,-2070.5968619096748,2864.0341528689823,793.4372909593076
TCGA-DX-A8BM-01,TCGA-KIRC,Tumor,12142.291118312274,11763.333180429636,23905.62429874191
TCGA-A8-A06Z-01,TCGA-BRCA,Tumor,6677.207918535161,7815.052826349711,14492.260744884872
TCGA-E9-A1RH-11,TCGA-BRCA,Normal,12976.140866513666,12954.559810436938,25930.700676950604
TCGA-HU-A4GH-11,TCGA-LIHC,Normal,12238.564611425278,12008.696306531561,24247.26091795684
TCGA-AN-A0AT-01,TCGA-BRCA,Tumor,7048.699458411364,14161.619188193956,21210.31864660532
TCGA-77-8136-01,TCGA-LUSC,Tumor,13336.377673997125,17437.8703648723,30774.248038869424
TCGA-CW-5589-01,TCGA-KIRC,Tumor,11479.449985718038,16453.5045779647,27932.95456368274
TCGA-66-2756-01,TCGA-LUSC,Tumor,7428.873931843409,12872.913200888714,20301.787132732123
TCGA-E2-A14U-01,TCGA-BRCA,Tumor,6618.995625359683,11238.906759234374,17857.902384594057
TCGA-A3-3385-01,TCGA-KIRC,Tumor,7146.2997578399445,12055.44044002493,19201.740197864874
TCGA-50-5051-01,TCGA-LUAD,Tumor,8000.240128213965,12739.823500359507,20740.063628573473
TCGA-BP-5000-01,TCGA-KIRC,Tumor,11052.993804586262,16743.922204852486,27796.916009438748
TCGA-44-6147-11,TCGA-LUAD,Normal,12048.873993755336,18187.64043242665,30236.514426181988
TCGA-43-8116-01,TCGA-LUSC,Tumor,9161.718551204674,15106.355084587161,24268.073635791836
TCGA-18-3410-01,TCGA-LUSC,Tumor,9409.657033264994,17026.54262143531,26436.199654700304
TCGA-MW-A4EC-01,TCGA-KIRC,Tumor,9019.561747998763,15199.61569579857,24219.177443797333
TCGA-L5-A4OM-01,TCGA-LUSC,Tumor,6361.59520013733,11097.141239392306,17458.736439529635
TCGA-55-A48Y-01,TCGA-LUAD,Tumor,11790.096962516549,15348.609286507275,27138.706249023824
TCGA-AK-3447-01,TCGA-KIRC,Tumor,-5425.076254384843,-2.721197939459671,-5427.797452324303
TCGA-Q1-A73O-01,TCGA-LUSC,Tumor,4369.134068865758,14716.426984030939,19085.561052896697
TCGA-CC-A9FU-01,TCGA-LIHC,Tumor,-4976.380949700786,8183.5670555392135,3207.1861058384275
TCGA-86-A456-01,TCGA-LUAD,Tumor,10343.675322610372,16669.759778918142,27013.435101528514
TCGA-33-AASB-01,TCGA-LUSC,Tumor,-1532.5537796526478,5788.389971956709,4255.836192304061
TCGA-50-5068-01,TCGA-LUAD,Tumor,10618.448729187392,17809.66070295362,28428.109432141013
TCGA-NK-A5CR-01,TCGA-LUSC,Tumor,3590.7149448350647,9291.318715552694,12882.033660387759
TCGA-NJ-A55A-01,TCGA-LUAD,Tumor,12056.038036435162,17136.24069104964,29192.2787274848
TCGA-ZS-A9CF-01,TCGA-LIHC,Tumor,3511.366235769048,11337.243382811273,14848.609618580322
TCGA-AR-A24Q-01,TCGA-BRCA,Tumor,13135.030369206132,15274.528674367193,28409.559043573325
TCGA-33-4586-01,TCGA-LUSC,Tumor,7242.089482430376,11960.262540330692,19202.352022761068
TCGA-56-7580-01,TCGA-LUSC,Tumor,6869.43476382711,13003.057604824626,19872.492368651736
TCGA-DX-AB2S-01,TCGA-KIRC,Tumor,14056.139864666158,19993.619469611793,34049.75933427795
TCGA-90-7769-01,TCGA-LUSC,Tumor,1746.464837544514,8322.252108171386,10068.7169457159
TCGA-BH-A0DP-11,TCGA-BRCA,Normal,10613.038347401878,12994.363999904312,23607.40234730619
TCGA-37-4135-01,TCGA-LUSC,Tumor,2772.8793575793534,12080.720902450721,14853.600260030074
TCGA-IG-A5B8-01,TCGA-LUSC,Tumor,-673.1176565773712,8416.334414446865,7743.216757869493
TCGA-DX-A8BQ-01,TCGA-KIRC,Tumor,11916.520617374455,18976.45702257111,30892.977639945566
TCGA-EW-A1P5-01,TCGA-BRCA,Tumor,10883.941605798329,14511.849812927485,25395.791418725814
TCGA-BH-A1FN-01,TCGA-BRCA,Tumor,11620.745965523496,11788.140545697326,23408.886511220822
TCGA-DD-AACN-01,TCGA-LIHC,Tumor,6277.842774667326,13199.983407604192,19477.826182271518
TCGA-MM-A564-01,TCGA-KIRC,Tumor,8006.045350484808,13589.267669170815,21595.313019655623
TCGA-98-8020-01,TCGA-LUSC,Tumor,11504.798033452138,15557.853401004937,27062.651434457075
TCGA-DX-AB2G-01,TCGA-KIRC,Tumor,12839.910227709242,15541.860582788202,28381.770810497444
TCGA-A7-A4SE-01,TCGA-BRCA,Tumor,13228.678706659888,13545.40124696244,26774.079953622328
TCGA-A1-A0SJ-01,TCGA-BRCA,Tumor,11864.568858020477,13006.06337248324,24870.632230503717
TCGA-J2-A4AG-01,TCGA-LUAD,Tumor,13157.01693713266,17171.77989185112,30328.79682898378
TCGA-RC-A7S9-01,TCGA-LIHC,Tumor,-1746.3296669279189,10459.043443878949,8712.71377695103
TCGA-22-5471-01,TCGA-LUSC,Tumor,9324.8516998341,16025.71803339585,25350.56973322995
TCGA-E2-A570-01,TCGA-BRCA,Tumor,12217.481552357083,11265.26502947148,23482.746581828564
TCGA-BH-A201-01,TCGA-BRCA,Tumor,13240.178880435404,12035.161290413354,25275.340170848758
TCGA-66-2744-01,TCGA-LUSC,Tumor,12524.137438844384,18481.57605246754,31005.713491311923
TCGA-BH-A0H9-11,TCGA-BRCA,Normal,10950.210779147495,10917.912116022944,21868.12289517044
TCGA-05-4405-01,TCGA-LUAD,Tumor,13592.209408642619,15709.12710658841,29301.33651523103
TCGA-DD-AA3A-01,TCGA-LIHC,Tumor,-942.4984669763217,7926.16307319537,6983.664606219048
TCGA-A8-A09E-01,TCGA-BRCA,Tumor,8793.716547509659,10094.278420739367,18887.994968249026
TCGA-KL-8326-11,TCGA-KIRC,Normal,7116.17805306696,13695.575802005664,20811.753855072624
TCGA-22-4609-11,TCGA-LUSC,Normal,12736.824846943866,18437.784329810445,31174.60917675431
TCGA-MT-A51W-01,TCGA-LUAD,Tumor,1359.7523748147905,12326.496654645434,13686.249029460225
TCGA-D8-A27V-01,TCGA-BRCA,Tumor,13190.859390983653,13235.800063881845,26426.659454865498
TCGA-50-5944-01,TCGA-LUAD,Tumor,12712.106409713411,14799.549798997305,27511.656208710716
TCGA-49-6742-11,TCGA-LUAD,Normal,10433.218741865265,15901.745235244201,26334.963977109466
TCGA-CZ-5454-11,TCGA-KIRC,Normal,7076.9785742527965,7690.101819788455,14767.080394041252
TCGA-86-7955-01,TCGA-LUAD,Tumor,-84.24686535704313,8241.2351091268,8156.988243769756
TCGA-50-6673-01,TCGA-LUAD,Tumor,11964.57732869744,14961.704739217119,26926.28206791456
TCGA-E2-A14Y-01,TCGA-BRCA,Tumor,5654.5568330362,8457.276882790873,14111.833715827073
TCGA-55-7727-01,TCGA-LUAD,Tumor,9876.941854853118,16402.662640515442,26279.60449536856
TCGA-55-8510-01,TCGA-LUAD,Tumor,13233.431020969849,17899.45312071277,31132.884141682618
TCGA-MS-A51U-01,TCGA-BRCA,Tumor,12957.91061888004,14225.615360911343,27183.525979791382
TCGA-L5-A88Y-01,TCGA-LUSC,Tumor,11370.481126009054,16533.447326319456,27903.92845232851
TCGA-A8-A06Y-01,TCGA-BRCA,Tumor,5265.091158273612,5403.854467578552,10668.945625852164
TCGA-GI-A2C8-01,TCGA-BRCA,Tumor,14891.825087556124,14858.224517966413,29750.049605522538
TCGA-DX-A1L3-01,TCGA-KIRC,Tumor,13848.31859876429,16414.849338738426,30263.167937502716
TCGA-AR-A1AM-01,TCGA-BRCA,Tumor,13038.5292203178,14349.798029230868,27388.327249548667
TCGA-55-6980-11,TCGA-LUAD,Normal,11534.435969702554,18109.771485900263,29644.207455602816
TCGA-AN-A041-01,TCGA-BRCA,Tumor,12545.028413352145,11964.99351191171,24510.021925263856
TCGA-MP-A4T8-01,TCGA-LUAD,Tumor,10158.110965868236,12724.97607526238,22883.087041130617
TCGA-86-8279-01,TCGA-LUAD,Tumor,11142.22064002859,12505.014353716895,23647.234993745486
TCGA-B0-5100-01,TCGA-KIRC,Tumor,10106.365519560644,13135.588837279978,23241.954356840622
TCGA-55-A494-01,TCGA-LUAD,Tumor,2264.851266450627,7063.820781863182,9328.672048313809
TCGA-BP-4991-01,TCGA-KIRC,Tumor,11668.069909819653,16238.686454093007,27906.75636391266
TCGA-44-3917-01,TCGA-LUAD,Tumor,5439.52883899663,13614.021677616165,19053.550516612795
TCGA-EP-A3RK-11,TCGA-LIHC,Normal,992.312396315112,7382.040870312809,8374.35326662792
TCGA-75-5125-01,TCGA-LUAD,Tumor,11861.4812765676,17395.6366614276,29257.1179379952
TCGA-B0-5400-01,TCGA-KIRC,Tumor,12509.645725896207,16797.691653287588,29307.337379183795
TCGA-HU-8244-01,TCGA-LIHC,Tumor,-3147.8746621227074,7530.287465508722,4382.412803386014
TCGA-K7-A5RG-01,TCGA-LIHC,Tumor,6249.069218938854,18077.643564607202,24326.712783546056
TCGA-B6-A409-01,TCGA-BRCA,Tumor,8312.267268150394,12672.970959086062,20985.238227236456
TCGA-BP-4330-01,TCGA-KIRC,Tumor,12465.064322268448,18427.009808818784,30892.074131087233
TCGA-21-1078-01,TCGA-LUSC,Tumor,-1295.9340581718825,7591.434383913027,6295.5003257411445
TCGA-34-2600-01,TCGA-LUSC,Tumor,3888.783940046742,11730.465377866767,15619.249317913509
TCGA-CJ-4873-01,TCGA-KIRC,Tumor,10675.935369579009,18191.407424084016,28867.342793663025
TCGA-77-7335-11,TCGA-LUSC,Normal,12936.54654721417,18799.561370898857,31736.107918113026
TCGA-BH-A1EX-01,TCGA-BRCA,Tumor,13671.643488624384,14589.957086593673,28261.600575218057
TCGA-BH-A0C3-11,TCGA-BRCA,Normal,11188.971887764932,13549.413680002584,24738.385567767516
TCGA-55-8615-01,TCGA-LUAD,Tumor,6618.472728500728,11588.625158473416,18207.097886974145
TCGA-MP-A4TF-01,TCGA-LUAD,Tumor,6173.320316820202,13754.300320675622,19927.620637495824
TCGA-RC-A7SF-01,TCGA-LIHC,Tumor,-2905.022863792361,7265.822597008242,4360.799733215881
TCGA-AK-3443-01,TCGA-KIRC,Tumor,-2076.6546398062746,-838.7799185858203,-2915.434558392095
TCGA-A7-A0CJ-01,TCGA-BRCA,Tumor,7650.749384750245,12015.935048762676,19666.68443351292
TCGA-BP-4992-01,TCGA-KIRC,Tumor,7143.062777284511,17855.93885353186,24999.001630816372
TCGA-55-6979-01,TCGA-LUAD,Tumor,13266.13875306569,18797.54448301432,32063.68323608001
TCGA-P4-AAVO-01,TCGA-KIRC,Tumor,-2823.966736411392,1460.3691132664571,-1363.597623144935
TCGA-B0-5711-11,TCGA-KIRC,Normal,8249.402260066665,8945.182337653561,17194.584597720226
TCGA-DX-A8BR-01,TCGA-KIRC,Tumor,12625.191703239256,16108.04761027006,28733.239313509315
TCGA-BH-A0H0-01,TCGA-BRCA,Tumor,7661.915189105748,10960.633145111697,18622.548334217445
TCGA-LL-A5YO-01,TCGA-BRCA,Tumor,12606.008147046447,18741.01826542486,31347.026412471307
TCGA-86-A4JF-01,TCGA-LUAD,Tumor,8411.920026678406,15991.765308778686,24403.685335457092
TCGA-AN-A0FW-01,TCGA-BRCA,Tumor,11043.048092901652,12675.898470071912,23718.946562973564
TCGA-49-6744-11,TCGA-LUAD,Normal,13913.997289946205,17544.050441333526,31458.04773127973
TCGA-86-7701-01,TCGA-LUAD,Tumor,13162.427318918173,17568.445180508435,30730.87249942661
TCGA-A3-3307-01,TCGA-KIRC,Tumor,10918.00815830316,16934.310018334367,27852.318176637527
TCGA-A3-3320-01,TCGA-KIRC,Tumor,10716.301584241726,15902.897742606798,26619.199326848524
TCGA-CZ-5469-01,TCGA-KIRC,Tumor,6519.325081224222,13987.469634311583,20506.794715535805
TCGA-A2-A04Y-01,TCGA-BRCA,Tumor,11187.179098534234,15011.255441565696,26198.43454009993
TCGA-66-2767-01,TCGA-LUSC,Tumor,12461.201288330867,18402.871182391118,30864.072470721985
TCGA-78-8660-01,TCGA-LUAD,Tumor,9623.539634184948,17728.480076320517,27352.019710505465
TCGA-KL-8325-01,TCGA-KIRC,Tumor,-71.8325113587307,4611.971638710147,4540.139127351416
TCGA-BH-A1FU-11,TCGA-BRCA,Normal,13133.83873350715,13973.17712016682,27107.01585367397
TCGA-E2-A156-01,TCGA-BRCA,Tumor,7517.183029941447,8259.163001433823,15776.34603137527
TCGA-AR-A24R-01,TCGA-BRCA,Tumor,12192.987213780467,14344.36630471642,26537.353518496886
TCGA-78-7148-01,TCGA-LUAD,Tumor,9045.984046422684,15479.166316535968,24525.15036295865
TCGA-D8-A1JP-01,TCGA-BRCA,Tumor,14145.633484220194,14700.654707346552,28846.288191566746
TCGA-E2-A1IK-01,TCGA-BRCA,Tumor,8986.686831192914,15013.194072777467,23999.88090397038
TCGA-43-6773-01,TCGA-LUSC,Tumor,13036.434075760491,17726.601916174066,30763.035991934557
TCGA-AN-A0FS-01,TCGA-BRCA,Tumor,12804.769424514587,10780.294199837615,23585.063624352202
TCGA-77-8154-01,TCGA-LUSC,Tumor,5117.98639907582,7992.6919164132705,13110.67831548909
TCGA-C8-A12K-01,TCGA-BRCA,Tumor,11423.734791828185,18059.83305730933,29483.567849137515
TCGA-AR-A2LE-01,TCGA-BRCA,Tumor,10194.265548687395,12089.410950249545,22283.67649893694
TCGA-37-A5EL-01,TCGA-LUSC,Tumor,1315.5658116723644,9936.51652555907,11252.082337231433
TCGA-B0-4688-01,TCGA-KIRC,Tumor,8932.82489759908,14579.805061862677,23512.629959461756
TCGA-BH-A0HK-01,TCGA-BRCA,Tumor,11299.765550798027,12119.244528181884,23419.01007897991
TCGA-B2-4101-01,TCGA-KIRC,Tumor,11787.781276426893,17848.01714397477,29635.79842040166
TCGA-67-6215-01,TCGA-LUAD,Tumor,5696.776307994936,14746.907958074367,20443.684266069304
TCGA-55-A490-01,TCGA-LUAD,Tumor,9490.606447001279,14231.267626958139,23721.874073959418
TCGA-ZS-A9CE-01,TCGA-LIHC,Tumor,-3494.391652021215,-2052.871725527555,-5547.26337754877
TCGA-AR-A250-01,TCGA-BRCA,Tumor,13982.397179067575,15129.995714006302,29112.392893073877
TCGA-D8-A1JG-01,TCGA-BRCA,Tumor,13522.11277257076,15905.352156434546,29427.464929005306
TCGA-KL-8337-01,TCGA-KIRC,Tumor,-2553.3871760704824,1410.6867974227716,-1142.7003786477107
TCGA-B0-5701-11,TCGA-KIRC,Normal,12672.896259534788,12876.655292695654,25549.55155223044
TCGA-C8-A134-01,TCGA-BRCA,Tumor,10951.736784266486,15531.54493046868,26483.281714735167
TCGA-ED-A7PZ-01,TCGA-LIHC,Tumor,-3532.3994951364,678.8268365679942,-2853.572658568406
TCGA-AK-3429-01,TCGA-KIRC,Tumor,9354.75642019623,17860.915266495653,27215.671686691883
TCGA-49-4512-11,TCGA-LUAD,Normal,11135.422980862179,18072.12291205551,29207.54589291769
TCGA-AN-A0FX-01,TCGA-BRCA,Tumor,11989.74040611408,12440.950595691207,24430.691001805288
TCGA-Q1-A5R3-01,TCGA-LUSC,Tumor,-3602.7486868340093,10320.66074657338,6717.91205973937
TCGA-G3-AAV0-01,TCGA-LIHC,Tumor,-4077.8164902411336,4138.034999936677,60.21850969554362
TCGA-AK-3455-01,TCGA-KIRC,Tumor,7942.113205954236,17314.196364925763,25256.30957088
TCGA-GM-A3XN-01,TCGA-BRCA,Tumor,13730.513849275416,14872.147091476272,28602.660940751688
TCGA-49-AAR4-01,TCGA-LUAD,Tumor,10522.491819886953,17428.547149448346,27951.0389693353
TCGA-C8-A275-01,TCGA-BRCA,Tumor,12427.625618591588,16794.223459835335,29221.849078426923
TCGA-AK-3433-01,TCGA-KIRC,Tumor,2166.4328290794656,8137.224876774162,10303.657705853628
TCGA-DD-AAD8-01,TCGA-LIHC,Tumor,1187.534337901212,6868.854953024325,8056.389290925537
TCGA-AO-A129-01,TCGA-BRCA,Tumor,10944.199243830266,16317.779050411784,27261.97829424205
TCGA-DD-A113-11,TCGA-LIHC,Normal,581.1874088030272,6938.48204905957,7519.6694578625975
TCGA-DX-A8BV-01,TCGA-KIRC,Tumor,14262.979365036928,13770.979663339833,28033.95902837676
TCGA-DD-AACU-01,TCGA-LIHC,Tumor,3862.155328576431,11744.732992161105,15606.888320737537
TCGA-BH-A1F8-01,TCGA-BRCA,Tumor,11535.129608393003,11810.607325024936,23345.73693341794
TCGA-G3-AAV3-01,TCGA-LIHC,Tumor,5116.200724088099,15202.710391494427,20318.911115582527
TCGA-A3-3306-01,TCGA-KIRC,Tumor,6179.420780174674,15457.784459262653,21637.205239437328
TCGA-D8-A1JK-01,TCGA-BRCA,Tumor,12715.126405857987,16444.857215623753,29159.98362148174
TCGA-A8-A08X-01,TCGA-BRCA,Tumor,12760.230706344704,15336.027747798955,28096.25845414366
TCGA-AR-A2LN-01,TCGA-BRCA,Tumor,15284.410357864992,15110.641415981994,30395.051773846986
TCGA-DD-AADO-01,TCGA-LIHC,Tumor,-2578.1482987588097,10629.251707150968,8051.103408392159
TCGA-DX-A48R-01,TCGA-KIRC,Tumor,3193.9536138975345,2985.27863883819,6179.232252735725
TCGA-DX-A7ET-01,TCGA-KIRC,Tumor,9650.385230066116,17804.282335261512,27454.66756532763
TCGA-CJ-4869-01,TCGA-KIRC,Tumor,11000.504919887371,18683.200812734718,29683.70573262209
TCGA-G3-A3CJ-01,TCGA-LIHC,Tumor,-3264.8932877624065,2085.440729885304,-1179.4525578771027
TCGA-DD-A73C-01,TCGA-LIHC,Tumor,4822.510545429981,11251.943609493344,16074.454154923325
TCGA-G3-A25X-01,TCGA-LIHC,Tumor,4709.95966438108,14157.25104300486,18867.21070738594
TCGA-05-4418-01,TCGA-LUAD,Tumor,9020.781840669657,16803.78855952057,25824.570400190227
TCGA-B2-5641-11,TCGA-KIRC,Normal,6304.98361163212,4744.979525445095,11049.963137077215
TCGA-BP-4983-01,TCGA-KIRC,Tumor,11178.389451333704,18490.162943743166,29668.55239507687
TCGA-B4-5378-01,TCGA-KIRC,Tumor,9751.229624293112,13994.1321228614,23745.36174715451
TCGA-IG-A3I8-11,TCGA-LUSC,Normal,11382.33345481203,10870.396087166355,22252.729541978384
TCGA-A8-A09A-01,TCGA-BRCA,Tumor,14006.034251365225,14384.03888068868,28390.073132053905
TCGA-91-6835-11,TCGA-LUAD,Normal,13514.532546676663,16202.485628694481,29717.018175371144
TCGA-E2-A1IJ-01,TCGA-BRCA,Tumor,15509.90340332664,16205.498510596084,31715.401913922724
TCGA-B2-5639-01,TCGA-KIRC,Tumor,9339.74536751059,16783.36712504942,26123.11249256001
TCGA-GK-A6C7-01,TCGA-KIRC,Tumor,10883.842006396622,15984.209982735014,26868.051989131636
TCGA-38-4625-11,TCGA-LUAD,Normal,11207.774831958366,17839.085211914662,29046.86004387303
TCGA-A8-A08O-01,TCGA-BRCA,Tumor,11903.786122442081,10680.933125271742,22584.719247713823
TCGA-A3-3359-01,TCGA-KIRC,Tumor,10494.806743334262,17388.522418448625,27883.329161782887
TCGA-21-1082-01,TCGA-LUSC,Tumor,10825.739983987321,15503.23024341236,26328.97022739968
TCGA-35-4123-01,TCGA-LUAD,Tumor,12139.093266093227,18073.310990633003,30212.40425672623
TCGA-A2-A4RY-01,TCGA-BRCA,Tumor,13683.186347857776,14819.430551002053,28502.61689885983
TCGA-DX-AB3A-01,TCGA-KIRC,Tumor,9450.876957085184,10912.405691957214,20363.282649042398
TCGA-AL-3466-01,TCGA-KIRC,Tumor,5081.348047734093,11647.399476844232,16728.747524578324
TCGA-A2-A0SY-01,TCGA-BRCA,Tumor,14114.426857392911,15798.713211301172,29913.140068694083
TCGA-98-A53J-01,TCGA-LUSC,Tumor,4644.746956114293,11125.968151943114,15770.715108057408
TCGA-EW-A1PA-01,TCGA-BRCA,Tumor,12033.638842415854,13629.31374289947,25662.952585315325
TCGA-AO-A126-01,TCGA-BRCA,Tumor,12549.460586728052,12789.189232390625,25338.649819118677
TCGA-CJ-4878-01,TCGA-KIRC,Tumor,8694.87125555976,14186.817836825492,22881.68909238525
TCGA-DD-A11D-01,TCGA-LIHC,Tumor,1504.3244635120645,6913.454142259528,8417.778605771593
TCGA-AO-A0J6-01,TCGA-BRCA,Tumor,5716.685516971604,15388.658917357428,21105.344434329032
TCGA-DD-AACK-01,TCGA-LIHC,Tumor,939.5994129623832,10424.240567225792,11363.839980188175
TCGA-EW-A6SB-01,TCGA-BRCA,Tumor,2876.295550643248,16613.81337213147,19490.108922774718
TCGA-DD-A118-01,TCGA-LIHC,Tumor,2835.4242247290276,8107.668754318001,10943.092979047029
TCGA-63-A5MJ-01,TCGA-LUSC,Tumor,10768.769126211675,13330.583123090753,24099.35224930243
TCGA-50-5936-11,TCGA-LUAD,Normal,12259.480485783472,18067.63026761429,30327.110753397763
TCGA-EW-A2FV-01,TCGA-BRCA,Tumor,13087.155071079109,15365.046744910203,28452.201815989312
TCGA-AY-6386-01,TCGA-KIRC,Tumor,4784.424445642031,13442.216266795363,18226.640712437395
TCGA-B0-4701-01,TCGA-KIRC,Tumor,10834.49761709444,17278.25876651746,28112.7563836119
TCGA-33-4538-01,TCGA-LUSC,Tumor,7586.5966986873245,13556.090397038355,21142.68709572568
TCGA-AO-A03R-01,TCGA-BRCA,Tumor,8864.652664253037,14526.330854511198,23390.983518764235
TCGA-E9-A54X-01,TCGA-BRCA,Tumor,-3357.136562227817,1579.7603389396427,-1777.3762232881745
TCGA-AO-A0JB-01,TCGA-BRCA,Tumor,4711.756010733272,8418.144989285014,13129.901000018286
TCGA-KL-8338-01,TCGA-KIRC,Tumor,-578.782794676139,5761.643975477247,5182.861180801108
TCGA-XM-A8R9-01,TCGA-KIRC,Tumor,7361.5020508325,18994.463171550906,26355.965222383405
TCGA-AL-3467-01,TCGA-KIRC,Tumor,-3209.580048600863,-3919.6633116969933,-7129.243360297856
TCGA-A7-A13G-01,TCGA-BRCA,Tumor,10551.766929745438,8139.291564359552,18691.05849410499
TCGA-AR-A1AS-01,TCGA-BRCA,Tumor,8500.912092102426,8978.025240366009,17478.937332468435
TCGA-B0-4691-01,TCGA-KIRC,Tumor,10721.715523148723,17079.97058620743,27801.686109356153
TCGA-G3-AAV7-01,TCGA-LIHC,Tumor,6274.242967719965,12248.279110213069,18522.522077933034
TCGA-C8-A1HJ-01,TCGA-BRCA,Tumor,8385.166915955968,11670.705736843363,20055.87265279933
TCGA-56-8503-01,TCGA-LUSC,Tumor,14561.955426228418,17345.402991753046,31907.358417981464
TCGA-D8-A1Y1-01,TCGA-BRCA,Tumor,13124.686259914695,13015.99841280338,26140.684672718075
TCGA-CJ-5689-01,TCGA-KIRC,Tumor,14400.615066829701,17477.389984620513,31878.005051450215
TCGA-DD-A4NI-01,TCGA-LIHC,Tumor,3934.496508308155,14477.672989656483,18412.169497964638
TCGA-50-5932-11,TCGA-LUAD,Normal,12657.92433518553,17554.7858339888,30212.71016917433
TCGA-A3-3363-01,TCGA-KIRC,Tumor,6655.712233374183,14512.554122982405,21168.266356356587
TCGA-BH-A0DD-01,TCGA-BRCA,Tumor,10221.765654922627,12817.617747334622,23039.38340225725
TCGA-BP-4325-01,TCGA-KIRC,Tumor,9450.41808841304,16720.142847695253,26170.560936108293
TCGA-DD-AADL-01,TCGA-LIHC,Tumor,-519.7914918944662,6056.340819516889,5536.549327622422
TCGA-98-A53A-01,TCGA-LUSC,Tumor,5876.635041867936,13439.310098538455,19315.94514040639
TCGA-KL-8339-11,TCGA-KIRC,Normal,8133.930982274895,10906.116701163799,19040.047683438694
TCGA-CZ-5985-01,TCGA-KIRC,Tumor,10260.612978709327,17676.165490574607,27936.778469283934
TCGA-55-6969-01,TCGA-LUAD,Tumor,12591.096693762509,17308.711283588975,29899.807977351484
TCGA-77-7138-11,TCGA-LUSC,Normal,12004.968443210582,18018.730518498294,30023.698961708877
TCGA-91-8497-01,TCGA-LUAD,Tumor,12541.481963227128,17530.917548794332,30072.39951202146
TCGA-CC-A5UD-01,TCGA-LIHC,Tumor,383.9841505472832,7120.709825844566,7504.693976391849
TCGA-56-8307-01,TCGA-LUSC,Tumor,6829.153920080145,15699.092466866565,22528.24638694671
TCGA-A2-A0EN-01,TCGA-BRCA,Tumor,15333.441720476101,17468.18059708423,32801.62231756033
TCGA-DX-A6YX-01,TCGA-KIRC,Tumor,7736.732125394159,12894.36264347033,20631.09476886449
TCGA-DD-AAE6-01,TCGA-LIHC,Tumor,-6133.427199315593,-3106.170969779949,-9239.598169095541
TCGA-A3-3316-01,TCGA-KIRC,Tumor,14152.68725613385,15780.771090508195,29933.458346642044
TCGA-B0-5081-01,TCGA-KIRC,Tumor,12627.044963535282,19215.42444423494,31842.469407770222
TCGA-33-AASL-01,TCGA-LUSC,Tumor,661.2084138305581,12820.893856226434,13482.102270056992
TCGA-CW-5587-01,TCGA-KIRC,Tumor,11961.564446795845,18312.321097754702,30273.885544550547
TCGA-E9-A1R2-01,TCGA-BRCA,Tumor,12082.378521064824,13953.403081806759,26035.781602871582
TCGA-E9-A1N4-11,TCGA-BRCA,Normal,9918.677561289285,13962.601797978572,23881.279359267857
TCGA-A8-A08L-01,TCGA-BRCA,Tumor,11681.369987068847,15389.718939561291,27071.08892663014
TCGA-A7-A3RF-01,TCGA-BRCA,Tumor,6920.404757649991,7487.971948269769,14408.37670591976
TCGA-CZ-5470-11,TCGA-KIRC,Normal,9806.830990295304,10350.86070801914,20157.691698314444
TCGA-78-7162-01,TCGA-LUAD,Tumor,11230.50839539769,16824.68309114983,28055.19148654752
TCGA-TQ-A7RP-01,TCGA-LUAD,Tumor,6144.500518512366,9072.235603015106,15216.736121527472
TCGA-68-8251-01,TCGA-LUSC,Tumor,12340.2805004172,15510.621941867514,27850.902442284714
TCGA-A2-A0D4-01,TCGA-BRCA,Tumor,7907.829669038547,7070.849653926409,14978.679322964956
TCGA-EW-A1IW-01,TCGA-BRCA,Tumor,13428.560477397219,14527.920887817,27956.48136521422
TCGA-21-1081-01,TCGA-LUSC,Tumor,9960.174940585657,11530.4270937839,21490.602034369556
TCGA-AO-A03M-01,TCGA-BRCA,Tumor,11707.849199436601,16442.214274357062,28150.063473793663
TCGA-B6-A0IQ-01,TCGA-BRCA,Tumor,6553.160420832235,12619.706621902467,19172.867042734702
TCGA-BH-A1EW-01,TCGA-BRCA,Tumor,13242.700879571454,15694.951977452798,28937.65285702425
TCGA-BH-A1FG-01,TCGA-BRCA,Tumor,7522.063400625026,10166.110932098094,17688.17433272312
TCGA-AR-A0TS-01,TCGA-BRCA,Tumor,13174.927043832231,17768.415879283002,30943.342923115233
TCGA-66-2754-01,TCGA-LUSC,Tumor,4494.874756397679,10761.210243046513,15256.084999444192
TCGA-CJ-5686-01,TCGA-KIRC,Tumor,11556.579050974618,17492.52553655828,29049.1045875329
TCGA-A2-A0CM-01,TCGA-BRCA,Tumor,12378.71164098963,16804.066014996755,29182.777655986385
TCGA-85-A4QQ-01,TCGA-LUSC,Tumor,-135.39827237588543,10371.136300509224,10235.738028133339
TCGA-L5-A43C-01,TCGA-LUSC,Tumor,13987.956959955645,17484.774568832687,31472.731528788332
TCGA-A8-A06X-01,TCGA-BRCA,Tumor,11248.99475577856,13918.500605751895,25167.495361530455
TCGA-BH-A18S-11,TCGA-BRCA,Normal,12468.568086935597,15866.960144198496,28335.528231134092
TCGA-D8-A140-01,TCGA-BRCA,Tumor,12051.773047769271,14527.611418247408,26579.38446601668
TCGA-44-2665-11,TCGA-LUAD,Normal,13351.73732458874,17582.296611588503,30934.033936177242
TCGA-22-4601-01,TCGA-LUSC,Tumor,8253.713491311926,13195.5796912002,21449.293182512127
TCGA-63-A5MB-01,TCGA-LUSC,Tumor,8321.81102510669,13738.14743199186,22059.95845709855
TCGA-BP-5001-01,TCGA-KIRC,Tumor,8563.787771550622,15525.739708197838,24089.52747974846
TCGA-E9-A1R6-01,TCGA-BRCA,Tumor,10434.047551172316,10552.279155239925,20986.32670641224
TCGA-BP-4968-01,TCGA-KIRC,Tumor,10174.559095635628,17098.10123443935,27272.660330074978
TCGA-L5-A4OO-01,TCGA-LUSC,Tumor,13388.848773088572,16624.075667628644,30012.924440717215
TCGA-43-5670-01,TCGA-LUSC,Tumor,1814.0252459943658,6779.343547862838,8593.368793857204
TCGA-B0-4838-01,TCGA-KIRC,Tumor,10348.256895088834,17884.0792416352,28232.336136724036
TCGA-66-2758-01,TCGA-LUSC,Tumor,8646.771858778895,17103.988270504455,25750.76012928335
TCGA-A2-A0CZ-01,TCGA-BRCA,Tumor,14633.627867120118,15459.819132754641,30093.44699987476
TCGA-BH-A1FE-01,TCGA-BRCA,Tumor,15017.298990976331,16502.532383454312,31519.831374430643
TCGA-DD-AAD3-01,TCGA-LIHC,Tumor,6899.83392407628,13121.869019695023,20021.702943771303
TCGA-AN-A0XS-01,TCGA-BRCA,Tumor,13474.223245957783,15598.35834340574,29072.581589363523
TCGA-A2-A04Q-01,TCGA-BRCA,Tumor,12837.473599488945,18764.520167105908,31601.993766594853
TCGA-DX-AB37-01,TCGA-KIRC,Tumor,11959.312788893,18018.214735882317,29977.527524775316
TCGA-ED-A97K-01,TCGA-LIHC,Tumor,8214.193871563708,13570.87023682718,21785.06410839089
TCGA-TQ-A7RG-01,TCGA-LUAD,Tumor,5931.411155684567,8651.577529911196,14582.988685595763
TCGA-94-7557-01,TCGA-LUSC,Tumor,10141.733978530629,13717.743783128153,23859.47776165878
TCGA-WT-AB41-01,TCGA-BRCA,Tumor,7794.019566982366,16538.622938086668,24332.642505069034
TCGA-98-7454-01,TCGA-LUSC,Tumor,15789.183682830833,18517.179281455825,34306.36296428666
TCGA-BH-A0BV-01,TCGA-BRCA,Tumor,13444.48926742715,15253.132588607918,28697.621856035068
TCGA-E2-A109-01,TCGA-BRCA,Tumor,10577.659217067423,13218.366611461865,23796.025828529288
TCGA-GI-A2C9-11,TCGA-BRCA,Normal,13951.478679080941,14944.075645115216,28895.554324196157
TCGA-B6-A1KF-01,TCGA-BRCA,Tumor,6157.925095013696,3068.7500517105254,9226.675146724221
TCGA-BH-A1FL-01,TCGA-BRCA,Tumor,11340.384321086498,11933.633928860381,23274.01824994688
TCGA-B2-A4SR-01,TCGA-KIRC,Tumor,11433.641375176408,16549.96659851664,27983.607973693048
TCGA-E9-A1NI-01,TCGA-BRCA,Tumor,11932.40672194651,10955.26900590555,22887.67572785206
TCGA-33-A5GW-01,TCGA-LUSC,Tumor,464.57073789164133,5889.817734107979,6354.38847199962
TCGA-BC-A69H-01,TCGA-LIHC,Tumor,-1516.2230348944067,8900.807247072196,7384.58421217779
TCGA-A8-A07R-01,TCGA-BRCA,Tumor,6213.216991446301,9510.06390154878,15723.28089299508
TCGA-CJ-4903-01,TCGA-KIRC,Tumor,11436.576000405239,16867.902117247108,28304.478117652347
TCGA-EP-A2KA-01,TCGA-LIHC,Tumor,1713.2911225335447,14646.23074855738,16359.521871090925
TCGA-AN-A03Y-01,TCGA-BRCA,Tumor,9868.049051129397,13601.070198272933,23469.11924940233
TCGA-E2-A1L7-11,TCGA-BRCA,Normal,12725.000975112813,15586.064931538069,28311.06590665088
TCGA-BH-A0C1-01,TCGA-BRCA,Tumor,13388.752730808355,15227.909040125956,28616.66177093431
TCGA-63-A5MV-01,TCGA-LUSC,Tumor,12323.70431427618,16020.293423124382,28343.99773740056
TCGA-DX-AB2E-01,TCGA-KIRC,Tumor,5437.063753804414,14862.969718033393,20300.033471837807
TCGA-DD-AAE2-01,TCGA-LIHC,Tumor,5335.689348475487,14078.186903658006,19413.876252133494
TCGA-B1-A657-01,TCGA-KIRC,Tumor,4987.411583439683,15580.373537154894,20567.785120594577
TCGA-BH-A1FH-01,TCGA-BRCA,Tumor,15184.903441318045,14144.982530987621,29329.885972305667
TCGA-E2-A572-01,TCGA-BRCA,Tumor,1118.6506802572694,5913.52594883542,7032.17662909269
TCGA-BP-5189-01,TCGA-KIRC,Tumor,12950.526034667859,16861.95461011669,29812.480644784548
TCGA-KN-8422-11,TCGA-LUAD,Normal,8919.997917507986,9800.431728735712,18720.429646243698
TCGA-L5-A8NT-01,TCGA-LUSC,Tumor,14516.900925442558,15540.021550978137,30056.922476420696
TCGA-A8-A08H-01,TCGA-BRCA,Tumor,16240.906097902447,18121.08668935832,34361.992787260766
TCGA-CJ-4881-01,TCGA-KIRC,Tumor,12751.700729012908,17456.25001160848,30207.95074062139
TCGA-IG-A3YA-01,TCGA-LUSC,Tumor,13984.744879250637,16439.646032641653,30424.39091189229
TCGA-JL-A3YW-01,TCGA-BRCA,Tumor,14191.676864780133,16451.21734884696,30642.894213627093
TCGA-KR-A7K8-01,TCGA-LIHC,Tumor,5448.862725785046,15432.799237920484,20881.66196370553
TCGA-AN-A0XN-01,TCGA-BRCA,Tumor,14817.19312158517,14948.173449071106,29765.366570656275
TCGA-A1-A0SK-01,TCGA-BRCA,Tumor,4774.15147878039,4456.070118068852,9230.221596849242
TCGA-BP-4807-01,TCGA-KIRC,Tumor,13081.854960059773,15924.934110234175,29006.789070293948
TCGA-AO-A125-01,TCGA-BRCA,Tumor,410.6234333820612,5372.039572976566,5782.663006358627
TCGA-B8-A54G-01,TCGA-KIRC,Tumor,6863.373428809024,18906.4137433216,25769.787172130622
TCGA-PE-A5DC-01,TCGA-BRCA,Tumor,9411.990504962097,12217.492223721554,21629.48272868365
TCGA-E9-A3X8-01,TCGA-BRCA,Tumor,9993.19214225109,14490.226071392888,24483.418213643978
TCGA-05-4244-01,TCGA-LUAD,Tumor,8838.248151436565,15657.619987420618,24495.868138857182
TCGA-BH-A0AU-01,TCGA-BRCA,Tumor,12984.53923035035,14388.02285675691,27372.56208710726
TCGA-AK-3450-01,TCGA-KIRC,Tumor,8292.507458276283,14534.864388964477,22827.37184724076
TCGA-L5-A8NW-01,TCGA-LUSC,Tumor,12261.106090304169,14971.7287075745,27232.83479787867
TCGA-DX-A1KU-01,TCGA-KIRC,Tumor,16248.53256637591,16207.46915590126,32456.00172227717
TCGA-CC-A7IE-01,TCGA-LIHC,Tumor,1706.8883038524655,14533.349055209957,16240.237359062423
TCGA-DD-AACJ-01,TCGA-LIHC,Tumor,-3824.4000410870067,1583.7478721293592,-2240.6521689576475
TCGA-B0-4811-01,TCGA-KIRC,Tumor,8542.95726810818,13952.92998464865,22495.88725275683
TCGA-E9-A1NA-11,TCGA-BRCA,Normal,13676.989842223087,15401.677982008954,29078.66782423204
TCGA-GM-A2DB-01,TCGA-BRCA,Tumor,6717.257549385311,14431.14584057398,21148.40338995929
TCGA-TQ-A7RH-01,TCGA-LUAD,Tumor,5854.840558501841,10026.54727045802,15881.387828959862
TCGA-B8-5550-01,TCGA-KIRC,Tumor,13922.132426792665,16378.961540030981,30301.093966823646
TCGA-E9-A244-01,TCGA-BRCA,Tumor,8918.17667130537,11724.549884829747,20642.726556135116
TCGA-A8-A0AB-01,TCGA-BRCA,Tumor,9654.483034022007,7316.892190232829,16971.375224254836
TCGA-55-7726-01,TCGA-LUAD,Tumor,13457.622159966337,14528.03471570466,27985.656875670997
TCGA-A2-A3XV-01,TCGA-BRCA,Tumor,3848.0228848986953,7428.201635881898,11276.224520780594
TCGA-BP-5194-01,TCGA-KIRC,Tumor,11262.558060017978,16320.717232762097,27583.275292780076
TCGA-49-4512-01,TCGA-LUAD,Tumor,11422.233686559619,13959.183404227177,25381.417090786796
TCGA-DD-A3A8-11,TCGA-LIHC,Normal,336.087509691326,8996.824627437956,9332.912137129282
TCGA-AN-A04A-01,TCGA-BRCA,Tumor,12788.972247979767,12455.53123667662,25244.503484656387
TCGA-56-8623-11,TCGA-LUSC,Normal,12776.568565345926,19033.936548719754,31810.50511406568
TCGA-DX-A1L2-01,TCGA-KIRC,Tumor,13777.987192674129,14665.154634881455,28443.141827555584
TCGA-B8-A54K-01,TCGA-KIRC,Tumor,6094.014293212058,10898.091835083516,16992.106128295574
TCGA-E2-A14O-01,TCGA-BRCA,Tumor,6038.850453153074,9573.832418490838,15612.682871643912
TCGA-A2-A0T7-01,TCGA-BRCA,Tumor,13283.75361868164,14128.324531052345,27412.078149733985
TCGA-A7-A0D9-01,TCGA-BRCA,Tumor,10437.167146718592,10057.021130258468,20494.18827697706
TCGA-66-2770-01,TCGA-LUSC,Tumor,12370.750803096158,16203.101010712166,28573.851813808324
TCGA-ED-A7PX-01,TCGA-LIHC,Tumor,8202.252614723497,11289.624197431494,19491.87681215499
TCGA-GM-A3XL-01,TCGA-BRCA,Tumor,3858.8792196846116,15024.238935002326,18883.118154686937
TCGA-AO-A0JJ-01,TCGA-BRCA,Tumor,14944.267729675648,16510.06636676905,31454.334096444698
TCGA-CJ-4890-01,TCGA-KIRC,Tumor,15344.248255561168,19608.5539541317,34952.80220969287
TCGA-DX-A240-01,TCGA-KIRC,Tumor,11954.52134624666,7249.502523614472,19204.023869861132
TCGA-CJ-5677-11,TCGA-KIRC,Normal,8147.060317692594,9935.435160626264,18082.49547831886
TCGA-34-5241-01,TCGA-LUSC,Tumor,13118.39726912128,16963.620699407755,30082.017968529035
TCGA-A2-A0CV-01,TCGA-BRCA,Tumor,12836.0329652857,14776.70596479181,27612.73893007751
TCGA-BH-A0E0-11,TCGA-BRCA,Normal,7305.420473429229,10810.181134592302,18115.60160802153
TCGA-BP-4326-01,TCGA-KIRC,Tumor,10295.021014877148,15328.724977381036,25623.745992258184
TCGA-43-6647-01,TCGA-LUSC,Tumor,14814.930792317853,16624.801320412498,31439.73211273035
TCGA-AN-A046-01,TCGA-BRCA,Tumor,12791.928215937533,16088.899625292146,28880.82784122968
TCGA-D8-A1X6-01,TCGA-BRCA,Tumor,8781.76461930498,13101.596984326428,21883.36160363141
TCGA-73-A9RS-01,TCGA-LUAD,Tumor,5423.255008182219,13322.647185047706,18745.902193229926
TCGA-CJ-4893-01,TCGA-KIRC,Tumor,11172.52375799754,17453.304715015187,28625.828473012727
TCGA-XM-A8RE-01,TCGA-KIRC,Tumor,3256.5162666546566,16589.89528723615,19846.411553890808
TCGA-A3-3329-01,TCGA-KIRC,Tumor,10067.838336707999,16742.282371845828,26810.120708553826
TCGA-MP-A4TD-01,TCGA-LUAD,Tumor,13120.062001978364,15780.301550471584,28900.363552449948
TCGA-EW-A3U0-01,TCGA-BRCA,Tumor,13169.698075242686,18699.794784483176,31869.492859725862
TCGA-CC-A5UC-01,TCGA-LIHC,Tumor,3973.5963877206123,10916.254497408841,14889.850885129454
TCGA-DX-AB36-01,TCGA-KIRC,Tumor,10699.070887746642,9532.900621511297,20231.97150925794
TCGA-UZ-A9PP-01,TCGA-KIRC,Tumor,5896.476665536302,11394.986135950141,17291.462801486443
TCGA-AO-A0JF-01,TCGA-BRCA,Tumor,15664.12951974638,15633.214576881237,31297.344096627618
TCGA-A2-A0T0-01,TCGA-BRCA,Tumor,10279.800092023634,12993.969159418983,23273.769251442616
TCGA-BH-A0EA-01,TCGA-BRCA,Tumor,13656.322966369156,13491.493070789245,27147.8160371584
TCGA-75-5147-01,TCGA-LUAD,Tumor,11347.808033635058,16428.007131128044,27775.815164763102
TCGA-56-7731-01,TCGA-LUSC,Tumor,12359.264857806596,16644.319246025323,29003.58410383192
TCGA-63-A5MN-01,TCGA-LUSC,Tumor,13191.07281827302,18701.47018870473,31892.54300697775
TCGA-D8-A147-01,TCGA-BRCA,Tumor,10589.945514692121,15138.64663346874,25728.59214816086
TCGA-44-7671-01,TCGA-LUAD,Tumor,11187.851394495749,13093.18794912528,24281.03934362103
TCGA-E9-A54Y-01,TCGA-BRCA,Tumor,-4058.4408494878917,5164.1151505515045,1105.6743010636128
TCGA-LL-A5YN-01,TCGA-BRCA,Tumor,10167.821907534537,17467.149031852274,27634.97093938681
TCGA-MI-A75C-01,TCGA-LIHC,Tumor,-5227.086872279924,9423.668534812088,4196.581662532164
TCGA-AK-3458-01,TCGA-KIRC,Tumor,6117.07511182841,15292.139982861652,21409.215094690062
TCGA-V5-A7RB-01,TCGA-KIRC,Tumor,3564.7586293262684,12234.680234758762,15799.43886408503
TCGA-38-4631-01,TCGA-LUAD,Tumor,5690.9604143596225,13719.259116882673,19410.219531242295
TCGA-L5-A8NS-01,TCGA-LUSC,Tumor,13668.314022910225,15538.09003400934,29206.404056919564
TCGA-CJ-4882-01,TCGA-KIRC,Tumor,13898.068499916273,18434.13828028372,32332.206780199995
TCGA-XM-A8RI-01,TCGA-KIRC,Tumor,12404.450972087569,17917.59444030916,30322.04541239673
TCGA-HU-A4GN-11,TCGA-LIHC,Normal,9769.481214655676,11901.125395567946,21670.606610223622
TCGA-C8-A26Y-01,TCGA-BRCA,Tumor,7654.192678352072,12771.097712495091,20425.290390847164
TCGA-B0-4833-01,TCGA-KIRC,Tumor,10288.301612383508,16899.45734198036,27187.758954363868
TCGA-AN-A0FJ-01,TCGA-BRCA,Tumor,6951.7180981219535,10226.855895774086,17178.57399389604
TCGA-NJ-A55O-01,TCGA-LUAD,Tumor,8891.391546489522,16115.18319597797,25006.574742467492
TCGA-DD-A3A1-01,TCGA-LIHC,Tumor,-1067.8585425088713,9721.894043369299,8654.035500860427
TCGA-BH-A1EV-01,TCGA-BRCA,Tumor,11352.745318262463,9011.778766179763,20364.524084442226
TCGA-KN-8434-11,TCGA-LUAD,Normal,7044.516283539728,10043.429369047128,17087.945652586855
TCGA-AO-A03V-01,TCGA-BRCA,Tumor,10068.393247660362,12155.000713394216,22223.39396105458
TCGA-75-6211-01,TCGA-LUAD,Tumor,10206.302847807823,13928.638401996937,24134.94124980476
TCGA-B6-A0IK-01,TCGA-BRCA,Tumor,10311.792842700092,13941.586324218672,24253.379166918763
TCGA-L5-A8NH-01,TCGA-LUSC,Tumor,6614.278882264622,14437.900814282515,21052.179696547137
TCGA-91-6828-11,TCGA-LUAD,Normal,10058.917076012363,17385.822563238104,27444.739639250467
TCGA-BP-4973-01,TCGA-KIRC,Tumor,10478.860167696886,16754.06000109753,27232.920168794415
TCGA-A3-3326-01,TCGA-KIRC,Tumor,10018.75717439604,18033.051489614973,28051.808664011012
TCGA-AK-3445-01,TCGA-KIRC,Tumor,11081.877631080908,17372.447786437628,28454.325417518536
TCGA-UB-A7MB-01,TCGA-LIHC,Tumor,-297.7239544271979,3972.073939723112,3674.349985295914
TCGA-52-7810-01,TCGA-LUSC,Tumor,2645.057753976078,5852.186945870682,8497.24469984676
TCGA-05-5420-01,TCGA-LUAD,Tumor,10171.64937025723,18936.31490656224,29107.964276819468
TCGA-CJ-4636-01,TCGA-KIRC,Tumor,12744.888841360542,17929.635296551078,30674.52413791162
TCGA-90-6837-01,TCGA-LUSC,Tumor,12802.727636779618,16178.20471740724,28980.932354186858
TCGA-E9-A1R7-11,TCGA-BRCA,Normal,15117.129605578823,15011.728538723797,30128.85814430262
TCGA-V5-AASW-01,TCGA-KIRC,Tumor,810.6466447254534,10893.620533371224,11704.267178096678
TCGA-E2-A15E-01,TCGA-BRCA,Tumor,11854.007764318183,10823.957866121087,22677.96563043927
TCGA-ZS-A9CD-01,TCGA-LIHC,Tumor,2977.666398850688,10859.105783558723,13836.772182409411
TCGA-FY-A3NP-01,TCGA-LIHC,Tumor,3356.353995500125,7121.670248646729,10478.024244146854
TCGA-CW-5583-01,TCGA-KIRC,Tumor,12179.121554214438,15121.62936426303,27300.750918477468
TCGA-E2-A15D-01,TCGA-BRCA,Tumor,12440.03641546841,13778.986743812671,26219.02315928108
TCGA-E9-A1RB-01,TCGA-BRCA,Tumor,9711.027037218912,12280.929928365087,21991.956965584
TCGA-BP-5185-01,TCGA-KIRC,Tumor,4244.151048211093,11133.189108566778,15377.340156777871
TCGA-AO-A1KR-01,TCGA-BRCA,Tumor,871.2884518782521,9808.132896760457,10679.421348638709
TCGA-IG-A3QL-01,TCGA-LUSC,Tumor,5578.43443316115,4028.6819711068274,9607.116404267977
TCGA-CJ-4897-01,TCGA-KIRC,Tumor,11427.651182588113,15264.181007954274,26691.832190542387
TCGA-B2-5636-11,TCGA-KIRC,Normal,10639.919514497942,13219.5048903385,23859.42440483644
TCGA-55-1594-01,TCGA-LUAD,Tumor,9131.959672823617,15460.068131258904,24592.02780408252
TCGA-85-8071-01,TCGA-LUSC,Tumor,5419.900642617635,12103.006268582369,17522.906911200003
TCGA-BH-A18H-01,TCGA-BRCA,Tumor,12294.994786734522,16667.23066553912,28962.22545227364
TCGA-BH-A0HF-01,TCGA-BRCA,Tumor,13880.421620206926,14749.710969808086,28630.13259001501
TCGA-DX-A23R-01,TCGA-KIRC,Tumor,11365.234371812057,11180.918564712734,22546.15293652479
TCGA-BP-5198-01,TCGA-KIRC,Tumor,13406.86203631134,17328.026453276896,30734.888489588237
TCGA-C8-A12M-01,TCGA-BRCA,Tumor,9507.275118301022,12410.715063030559,21917.99018133158
TCGA-56-7823-11,TCGA-LUSC,Normal,13439.715610388255,18498.817420327086,31938.53303071534
TCGA-BP-4962-01,TCGA-KIRC,Tumor,13233.818747212204,17644.055354889,30877.874102101203
TCGA-21-1076-01,TCGA-LUSC,Tumor,14788.245266903712,18436.670950784235,33224.91621768795
TCGA-A3-3358-11,TCGA-KIRC,Normal,6990.572536151638,10294.782687737355,17285.355223888993
TCGA-BP-4342-01,TCGA-KIRC,Tumor,12474.36975208495,16069.815668501036,28544.185420585985
TCGA-C8-A26V-01,TCGA-BRCA,Tumor,10226.265413606834,12726.502080381371,22952.767493988205
TCGA-G3-A3CK-01,TCGA-LIHC,Tumor,1899.3036765833604,11934.516094989773,13833.819771573133
TCGA-56-1622-01,TCGA-LUSC,Tumor,6262.522252412098,11026.137537340623,17288.65978975272
TCGA-CZ-5464-01,TCGA-KIRC,Tumor,12584.55514734334,18051.448921958607,30636.004069301947
TCGA-IG-A3YB-01,TCGA-LUSC,Tumor,9838.54628549558,14434.030666101953,24272.576951597533
TCGA-33-4566-01,TCGA-LUSC,Tumor,6546.2240339277305,16340.11065912279,22886.33469305052
TCGA-L5-A4OG-11,TCGA-LUSC,Normal,9427.74855316053,14083.494128920323,23511.242682080854
TCGA-FY-A76V-01,TCGA-LIHC,Tumor,9242.098825502646,12316.945783446154,21559.0446089488
TCGA-B6-A1KN-01,TCGA-BRCA,Tumor,12018.094221506795,13058.413529444038,25076.507750950834
TCGA-A7-A4SA-01,TCGA-BRCA,Tumor,13465.020972664472,16660.137765289077,30125.15873795355
TCGA-E2-A15S-01,TCGA-BRCA,Tumor,6047.860641885945,8295.80490989704,14343.665551782986
TCGA-DD-A1EC-11,TCGA-LIHC,Normal,1673.5367327670247,8993.612546732948,10667.149279499972
TCGA-E9-A1RI-01,TCGA-BRCA,Tumor,14337.536631456602,13433.807231594215,27771.343863050817
TCGA-GM-A2DI-01,TCGA-BRCA,Tumor,14712.539050242933,18659.81985318431,33372.358903427245
TCGA-64-5774-01,TCGA-LUAD,Tumor,8026.100401442545,12499.877870286069,20525.978271728614
TCGA-CJ-4886-01,TCGA-KIRC,Tumor,13539.73830955118,17169.77011820956,30709.50842776074
TCGA-A8-A09T-01,TCGA-BRCA,Tumor,10918.740925329996,11625.729492730268,22544.470418060264
TCGA-A3-3346-01,TCGA-KIRC,Tumor,6281.012169914458,16924.937003209565,23205.949173124023
TCGA-D8-A27T-01,TCGA-BRCA,Tumor,14997.603209289035,15682.331310408092,30679.934519697126
TCGA-34-5232-01,TCGA-LUSC,Tumor,8875.722426328324,17434.41284278451,26310.135269112834
TCGA-50-5941-01,TCGA-LUAD,Tumor,12854.188513368044,18586.745906425753,31440.934419793797
TCGA-C8-A278-01,TCGA-BRCA,Tumor,14021.319202405557,16287.237605303035,30308.55680770859
TCGA-BC-A10U-11,TCGA-LIHC,Normal,2082.1503925075303,9052.354851010357,11134.505243517888
TCGA-BC-A217-01,TCGA-LIHC,Tumor,390.89563760135934,12164.821925826694,12555.717563428054
TCGA-CZ-5452-11,TCGA-KIRC,Normal,7144.037428572632,4880.868680586529,12024.906109159161
TCGA-A8-A09C-01,TCGA-BRCA,Tumor,10393.492809070656,9739.174539565236,20132.667348635892
TCGA-BH-A18L-01,TCGA-BRCA,Tumor,7036.555445646252,10639.279232629833,17675.834678276085
TCGA-60-2723-01,TCGA-LUSC,Tumor,9848.321255348696,16291.7160212583,26140.037276606996
TCGA-44-2662-01,TCGA-LUAD,Tumor,12227.491292228504,16829.510105011064,29057.001397239568
TCGA-21-1072-01,TCGA-LUSC,Tumor,8852.949734552622,12212.49091090733,21065.440645459952
TCGA-GM-A2DK-01,TCGA-BRCA,Tumor,11857.490186256397,14236.621094799815,26094.11128105621
TCGA-E9-A22A-01,TCGA-BRCA,Tumor,15567.12325960655,16507.298926250227,32074.422185856776
TCGA-DD-A3A9-01,TCGA-LIHC,Tumor,2582.4951012189595,11727.103898059202,14309.598999278162
TCGA-21-5782-01,TCGA-LUSC,Tumor,11812.994153544383,14600.297638763612,26413.291792307995
TCGA-CZ-5460-01,TCGA-KIRC,Tumor,8725.042760033597,17033.62485032088,25758.667610354478
TCGA-B0-4816-01,TCGA-KIRC,Tumor,11707.404559250415,17613.09416944449,29320.498728694904
TCGA-AR-A2LO-01,TCGA-BRCA,Tumor,13822.728666768915,16121.941726808003,29944.67039357692
TCGA-BH-A1FD-11,TCGA-BRCA,Normal,12546.380119518155,13417.85354171386,25964.233661232014
TCGA-D8-A1XM-01,TCGA-BRCA,Tumor,14634.17210670801,16033.750013719113,30667.922120427123
TCGA-DD-A119-01,TCGA-LIHC,Tumor,-449.7019700655874,4670.454273118823,4220.752303053236
TCGA-G3-A25V-01,TCGA-LIHC,Tumor,6002.251230147729,14565.60147575515,20567.85270590288
TCGA-60-2720-01,TCGA-LUSC,Tumor,8427.699417605778,16107.6954552426,24535.394872848377
TCGA-BH-A1EU-01,TCGA-BRCA,Tumor,15527.247927709384,17131.698246907563,32658.946174616947
TCGA-PE-A5DD-01,TCGA-BRCA,Tumor,12646.616245970446,14292.738243417985,26939.354489388432
TCGA-A3-3387-11,TCGA-KIRC,Normal,6823.583467827608,7703.341425972332,14526.92489379994
TCGA-55-6986-11,TCGA-LUAD,Normal,11144.820895837405,17000.052737703092,28144.873633540497
TCGA-WT-AB44-01,TCGA-BRCA,Tumor,9098.35554611242,10688.552479502225,19786.908025614644
TCGA-DX-A8BX-01,TCGA-KIRC,Tumor,13055.528703916065,13284.529071166344,26340.05777508241
TCGA-C8-A8HR-01,TCGA-BRCA,Tumor,14933.880934926343,16563.96387157778,31497.844806504123
TCGA-BP-4994-01,TCGA-KIRC,Tumor,8323.26588779589,14190.958326239252,22514.22421403514
TCGA-BP-4970-01,TCGA-KIRC,Tumor,14383.537326558664,17692.891075818185,32076.42840237685
TCGA-DD-AACI-01,TCGA-LIHC,Tumor,3107.316362899557,14286.264282307118,17393.580645206675
TCGA-L5-A43E-01,TCGA-LUSC,Tumor,2574.5911772693144,13341.233144830283,15915.824322099597
TCGA-97-A4M2-01,TCGA-LUAD,Tumor,11141.985870010281,18255.84823698759,29397.83410699787
TCGA-A2-A0YG-01,TCGA-BRCA,Tumor,10232.397891054712,12359.439156759585,22591.837047814297
TCGA-55-7995-01,TCGA-LUAD,Tumor,10999.608525272026,18316.15923184186,29315.767757113885
TCGA-A8-A09G-01,TCGA-BRCA,Tumor,11355.445173472992,15395.91544519598,26751.360618668972
TCGA-DX-A2J1-01,TCGA-KIRC,Tumor,13456.430524267362,17752.472860767117,31208.90338503448
TCGA-NK-A7XE-01,TCGA-LUSC,Tumor,-169.9557076462661,11600.93635594854,11430.980648302273
TCGA-EW-A6SA-01,TCGA-BRCA,Tumor,3931.807324462101,3522.044714480493,7453.852038942594
TCGA-B0-4703-01,TCGA-KIRC,Tumor,14641.165407556346,17419.2239340244,32060.389341580747
TCGA-UB-A7ME-01,TCGA-LIHC,Tumor,5736.697882471464,14660.498362851718,20397.196245323183
TCGA-56-5897-01,TCGA-LUSC,Tumor,14721.392725630267,16931.980103758757,31653.372829389024
TCGA-CZ-4856-01,TCGA-KIRC,Tumor,10947.43978150719,16908.154504022164,27855.594285529354
TCGA-A1-A0SO-01,TCGA-BRCA,Tumor,5297.734862182646,9910.211612144303,15207.94647432695
TCGA-43-A475-01,TCGA-LUSC,Tumor,11157.331292115934,18467.31555241618,29624.646844532115
TCGA-NJ-A4YP-01,TCGA-LUAD,Tumor,12692.293243016964,14951.47801493484,27643.771257951805
TCGA-BP-4165-01,TCGA-KIRC,Tumor,9823.876716472932,16519.691937519605,26343.568653992537
TCGA-77-A5G1-01,TCGA-LUSC,Tumor,10886.424476597993,15766.930330792598,26653.35480739059
TCGA-E2-A10B-01,TCGA-BRCA,Tumor,12758.313417861867,13940.231060931179,26698.544478793046
TCGA-97-A4M1-01,TCGA-LUAD,Tumor,9747.537332187021,16225.080464395713,25972.617796582734
TCGA-D8-A1XA-01,TCGA-BRCA,Tumor,11425.406638928242,12723.083686629976,24148.490325558218
TCGA-AO-A1KQ-01,TCGA-BRCA,Tumor,10369.211897783407,14985.804237308406,25355.016135091813
TCGA-56-7582-11,TCGA-LUSC,Normal,14387.631573393064,17776.326917475624,32163.95849086869
TCGA-A8-A0A6-01,TCGA-BRCA,Tumor,13035.800908135363,17009.080712043415,30044.881620178778
TCGA-56-A4ZK-01,TCGA-LUSC,Tumor,9209.629420546593,16060.346611096018,25269.97603164261
TCGA-L5-A43J-01,TCGA-LUSC,Tumor,9203.041631548062,11951.71122026996,21154.752851818022
TCGA-78-7149-01,TCGA-LUAD,Tumor,6642.077786704973,12205.675466133467,18847.75325283844
TCGA-AQ-A04J-01,TCGA-BRCA,Tumor,13652.523960618386,17173.24542590479,30825.769386523178
TCGA-37-3789-01,TCGA-LUSC,Tumor,8833.47805151916,15725.013211160465,24558.491262679625
TCGA-BH-A0W4-01,TCGA-BRCA,Tumor,11899.478448318314,10812.824075858993,22712.302524177307
TCGA-BH-A0DD-11,TCGA-BRCA,Normal,13959.186961348667,13800.998211589631,27760.185172938298
TCGA-L5-A4OX-01,TCGA-LUSC,Tumor,5718.400049529537,13197.938062747733,18916.33811227727
TCGA-37-A5EM-01,TCGA-LUSC,Tumor,13317.848628158386,15892.144564344078,29209.993192502465
TCGA-B0-5084-01,TCGA-KIRC,Tumor,6347.089258703196,12708.214918803915,19055.30417750711
TCGA-BP-4965-01,TCGA-KIRC,Tumor,11399.560594185623,15824.890068342316,27224.45066252794
TCGA-D8-A1X5-01,TCGA-BRCA,Tumor,11786.842196353664,13908.52999421686,25695.372190570524
TCGA-66-2792-01,TCGA-LUSC,Tumor,10096.071209970065,13570.269083295458,23666.340293265523
TCGA-DD-A3A2-11,TCGA-LIHC,Normal,668.7921968461487,9471.732360378053,10140.524557224202
TCGA-GM-A3XG-01,TCGA-BRCA,Tumor,6640.032441848518,10477.465776073008,17117.498217921526
TCGA-B0-4707-01,TCGA-KIRC,Tumor,7781.608770105544,14033.633957002163,21815.242727107707
TCGA-85-7699-01,TCGA-LUSC,Tumor,12764.81583594465,17307.50541940404,30072.32125534869
TCGA-A2-A4RW-01,TCGA-BRCA,Tumor,13325.47865375334,14666.083043590213,27991.561697343554
TCGA-51-4081-11,TCGA-LUSC,Normal,13879.265555722839,19267.116533720186,33146.382089443025
TCGA-D8-A1XV-01,TCGA-BRCA,Tumor,6505.413179078831,6949.509125676981,13454.922304755812
TCGA-D8-A13Y-01,TCGA-BRCA,Tumor,6904.874365226882,5801.722063299312,12706.596428526194
TCGA-CJ-6031-01,TCGA-KIRC,Tumor,14025.086194062922,18037.647290579396,32062.73348464232
TCGA-B1-7332-01,TCGA-KIRC,Tumor,4116.3081018788835,13106.196342412335,17222.50444429122
TCGA-FV-A4ZQ-01,TCGA-LIHC,Tumor,1001.5075553654387,16347.989683222007,17349.497238587446
TCGA-AR-A0TU-01,TCGA-BRCA,Tumor,5430.525764506736,14740.49091090733,20171.016675414066
TCGA-BH-A0B0-01,TCGA-BRCA,Tumor,14511.657728367052,15794.38419444847,30306.041922815522
TCGA-E2-A15P-01,TCGA-BRCA,Tumor,12386.750735555874,11860.712938325869,24247.463673881743
TCGA-D8-A1JN-01,TCGA-BRCA,Tumor,4908.592885475598,12239.208450414877,17147.801335890475
TCGA-EP-A26S-01,TCGA-LIHC,Tumor,501.6430580550914,6302.6714826639545,6804.314540719046
TCGA-MP-A4TC-01,TCGA-LUAD,Tumor,13475.998249581036,16437.24141851476,29913.239668095797
TCGA-BH-A0B8-01,TCGA-BRCA,Tumor,11569.324217271456,11490.18537837332,23059.509595644777
TCGA-V5-A7RE-01,TCGA-KIRC,Tumor,-2044.071406962561,6887.231042639021,4843.15963567646
TCGA-E9-A1RD-01,TCGA-BRCA,Tumor,11946.930448988085,11209.233251769063,23156.163700757148
TCGA-A2-A0ET-01,TCGA-BRCA,Tumor,7856.535977160125,13475.919992908264,21332.45597006839
TCGA-60-2724-01,TCGA-LUSC,Tumor,11003.7098863494,12411.59722915995,23415.30711550935
TCGA-E2-A15R-01,TCGA-BRCA,Tumor,9626.755272011444,6505.0254528364785,16131.780724847922
TCGA-A3-3325-01,TCGA-KIRC,Tumor,11867.617311136968,16369.76282385916,28237.38013499613
TCGA-85-7696-01,TCGA-LUSC,Tumor,9530.005124618852,13724.875811714574,23254.880936333426
TCGA-DX-A7EO-01,TCGA-KIRC,Tumor,-2825.2473001476064,-2660.2893481940737,-5485.53664834168
TCGA-BP-4974-01,TCGA-KIRC,Tumor,12360.011853319393,15638.084276200349,27998.09612951974
TCGA-34-5928-01,TCGA-LUSC,Tumor,14177.772076877725,15061.613610492383,29239.385687370108
TCGA-A2-A3KD-01,TCGA-BRCA,Tumor,11804.90525927729,13537.61826514344,25342.52352442073
TCGA-KL-8335-01,TCGA-KIRC,Tumor,2552.2239973434116,3580.54157737513,6132.765574718542
TCGA-E9-A1NG-01,TCGA-BRCA,Tumor,15589.938636840121,15065.743428541678,30655.6820653818
TCGA-68-8250-01,TCGA-LUSC,Tumor,9538.037104942116,15975.096637478946,25513.13374242106
TCGA-A3-3308-01,TCGA-KIRC,Tumor,13340.290507635564,15992.90358765532,29333.194095290884
TCGA-A8-A08J-01,TCGA-BRCA,Tumor,12047.059861795697,13256.630567324293,25303.69042911999
TCGA-A2-A0CO-01,TCGA-BRCA,Tumor,14414.615897012325,17158.063631387657,31572.67952839998
TCGA-66-2780-01,TCGA-LUSC,Tumor,10757.375666080847,14312.672352245081,25070.048018325928
TCGA-BP-4349-01,TCGA-KIRC,Tumor,10344.89541528127,15516.153265783669,25861.048681064938
TCGA-DD-AAVR-01,TCGA-LIHC,Tumor,6618.582999266902,15581.031604630447,22199.61460389735
TCGA-AN-A0FZ-01,TCGA-BRCA,Tumor,10143.20662682728,8165.969975530716,18309.176602357995
TCGA-97-A4M5-01,TCGA-LUAD,Tumor,12565.225749169465,16890.080769734068,29455.306518903533
TCGA-A2-A0YD-01,TCGA-BRCA,Tumor,15478.817718629998,15742.386192515125,31221.203911145123
TCGA-EW-A1J2-01,TCGA-BRCA,Tumor,14040.036775683246,15238.93611674337,29278.972892426616
TCGA-C8-A12N-01,TCGA-BRCA,Tumor,13232.08998616831,12548.905675775688,25780.995661943998
TCGA-B0-4827-01,TCGA-KIRC,Tumor,13753.802323667096,17346.157101508816,31099.95942517591
TCGA-67-6217-01,TCGA-LUAD,Tumor,11060.65228715313,16924.79471834999,27985.44700550312
TCGA-XM-AAZ3-01,TCGA-KIRC,Tumor,3476.1614043875816,13929.95097982656,17406.112384214142
TCGA-HP-A5MZ-01,TCGA-LIHC,Tumor,9327.761425212502,15943.6410121474,25271.402437359902
TCGA-A2-A25F-01,TCGA-BRCA,Tumor,16511.258002468032,19872.225584540025,36383.48358700806
TCGA-A8-A0A1-01,TCGA-BRCA,Tumor,14399.47678795306,17054.718580753546,31454.195368706605
TCGA-BC-A10Y-11,TCGA-LIHC,Normal,4425.382830979037,14669.953191770775,19095.336022749812
TCGA-D8-A27E-01,TCGA-BRCA,Tumor,9431.664943920456,12630.000931493047,22061.665875413502
TCGA-BP-4969-01,TCGA-KIRC,Tumor,7894.365964200835,11981.093043773133,19875.45900797397
TCGA-HU-A4H0-01,TCGA-LIHC,Tumor,7478.919074079022,16622.64570478987,24101.56477886889
TCGA-44-A47B-01,TCGA-LUAD,Tumor,9901.429079186757,15946.870878459853,25848.29995764661
TCGA-DV-5568-01,TCGA-KIRC,Tumor,11879.345140687812,16659.728696317787,28539.0738370056
TCGA-EW-A1IZ-01,TCGA-BRCA,Tumor,10724.262422135198,17902.75057233353,28627.01299446873
TCGA-KL-8331-01,TCGA-KIRC,Tumor,-2757.5268212307274,436.80029042320893,-2320.7265308075184
TCGA-B6-A0IB-01,TCGA-BRCA,Tumor,4687.179858362397,5258.14765712613,9945.327515488527
TCGA-A8-A08Z-01,TCGA-BRCA,Tumor,15225.219856279906,15047.712379711458,30272.932235991364
TCGA-BH-A208-11,TCGA-BRCA,Normal,10699.9992964554,12476.927322435895,23176.926618891295
TCGA-18-3412-01,TCGA-LUSC,Tumor,7015.85655569892,13691.012015134645,20706.868570833565
TCGA-66-2759-01,TCGA-LUSC,Tumor,9691.366826746511,15912.242300759684,25603.609127506195
TCGA-DD-AADQ-01,TCGA-LIHC,Tumor,-2687.849925494629,5429.1029159109385,2741.2529904163093
TCGA-B1-A47O-01,TCGA-KIRC,Tumor,1365.6500822443595,12473.885983562377,13839.536065806737
TCGA-E2-A15T-01,TCGA-BRCA,Tumor,8169.210513207639,9972.368753051622,18141.57926625926
TCGA-BH-A0BC-01,TCGA-BRCA,Tumor,14095.019202546264,16170.019780859922,30265.038983406186
TCGA-HU-A4HD-01,TCGA-LIHC,Tumor,9104.011369280706,12513.355803609742,21617.36717289045
TCGA-51-4079-01,TCGA-LUSC,Tumor,9357.168148566103,14409.283771899583,23766.451920465686
TCGA-38-4628-01,TCGA-LUAD,Tumor,10016.167589951689,12977.809156492232,22993.97674644392
TCGA-AR-A0TV-01,TCGA-BRCA,Tumor,8867.61574645378,15525.284396647181,24392.90014310096
TCGA-22-1016-01,TCGA-LUSC,Tumor,13552.977915735053,16599.89079862161,30152.868714356664
TCGA-B0-5707-01,TCGA-KIRC,Tumor,8281.487495901849,14126.798525933355,22408.286021835203
TCGA-05-4250-01,TCGA-LUAD,Tumor,12159.258587817134,16843.475363978792,29002.733951795926
TCGA-E2-A154-01,TCGA-BRCA,Tumor,10719.221980984596,8455.057238981433,19174.27921996603
TCGA-BP-4993-01,TCGA-KIRC,Tumor,12618.682170913493,16517.45450810272,29136.136679016214
TCGA-85-A4CN-01,TCGA-LUSC,Tumor,11093.566332295366,13733.942914391282,24827.509246686648
TCGA-56-A5DS-01,TCGA-LUSC,Tumor,10254.90735584019,15453.718669400168,25708.62602524036
TCGA-BC-A69I-01,TCGA-LIHC,Tumor,1935.3693313652802,8608.593273832219,10543.9626051975
TCGA-BH-A0BA-11,TCGA-BRCA,Normal,14162.494240080367,15466.261079772103,29628.75531985247
TCGA-B0-5694-01,TCGA-KIRC,Tumor,9758.923678074872,15828.41873285989,25587.34241093476
TCGA-DV-5575-01,TCGA-KIRC,Tumor,12298.54835110252,16673.292000557205,28971.840351659725
TCGA-67-3774-01,TCGA-LUAD,Tumor,11365.61142668995,16800.45553668492,28166.06696337487
TCGA-BP-4173-01,TCGA-KIRC,Tumor,14237.382318798565,19950.457357458345,34187.83967625691
TCGA-ED-A7XP-01,TCGA-LIHC,Tumor,4990.780177490229,13057.762576211466,18048.542753701695
TCGA-CW-5591-11,TCGA-KIRC,Normal,11633.736573203107,17015.36970283683,28649.106276039936
TCGA-IG-A4QS-01,TCGA-LUSC,Tumor,2221.3761276061014,12384.50619189601,14605.88231950211
TCGA-GM-A4E0-01,TCGA-BRCA,Tumor,14751.382816908143,17030.2349135414,31781.617730449543
TCGA-AO-A124-01,TCGA-BRCA,Tumor,5632.741006941167,12458.633046615458,18091.374053556625
TCGA-S3-A6ZF-01,TCGA-BRCA,Tumor,12071.372787176351,14908.451073397988,26979.82386057434
TCGA-A8-A09D-01,TCGA-BRCA,Tumor,14227.027538142665,15311.24883950318,29538.276377645845
TCGA-60-2707-01,TCGA-LUSC,Tumor,12335.055088949139,14898.213677751246,27233.268766700385
TCGA-CZ-5988-11,TCGA-KIRC,Normal,6575.1007461794,5829.054984824539,12404.155731003939
TCGA-05-4389-01,TCGA-LUAD,Tumor,8979.825143839691,17268.14231300136,26247.967456841052
TCGA-22-1012-01,TCGA-LUSC,Tumor,8778.83355119764,14062.827253066393,22841.660804264033
TCGA-77-7338-11,TCGA-LUSC,Normal,12972.82562928546,17769.091732366,30741.91736165146
TCGA-B8-4154-01,TCGA-KIRC,Tumor,9192.516109060667,17023.462154225414,26215.97826328608
TCGA-AN-A0XO-01,TCGA-BRCA,Tumor,10009.963970074026,7035.349581461316,17045.313551535342
TCGA-BH-A0DQ-01,TCGA-BRCA,Tumor,14235.48637304467,13871.375860259152,28106.862233303822
TCGA-DD-A4NQ-01,TCGA-LIHC,Tumor,1678.7230158986968,10631.578064605088,12310.301080503785
TCGA-A2-A4S3-01,TCGA-BRCA,Tumor,10509.920952543096,14942.378898164727,25452.299850707823
TCGA-KL-8336-11,TCGA-KIRC,Normal,13826.933184369485,15824.968325015088,29651.901509384574
TCGA-BP-4797-01,TCGA-KIRC,Tumor,12203.811534472978,17365.73194106547,29569.54347553845
TCGA-A2-A0D1-01,TCGA-BRCA,Tumor,6599.605756120483,8167.741422032483,14767.347178152966
TCGA-AK-3461-01,TCGA-KIRC,Tumor,11887.554977085547,16456.456988800976,28344.011965886522
TCGA-AO-A0J3-01,TCGA-BRCA,Tumor,3913.274721501868,8602.59596700094,12515.870688502808
TCGA-A2-A0ST-01,TCGA-BRCA,Tumor,11990.597672393047,19357.755546393837,31348.353218786884
TCGA-KN-8431-11,TCGA-LUAD,Normal,3790.468659198774,3562.05165987277,7352.520319071544
TCGA-DX-A8BL-01,TCGA-KIRC,Tumor,11796.52823816954,16752.01109911958,28548.53933728912
TCGA-E9-A1RE-01,TCGA-BRCA,Tumor,9452.968544521002,11023.569295625213,20476.537840146215
TCGA-B0-4693-01,TCGA-KIRC,Tumor,9275.930607989168,17517.813113227054,26793.743721216222
TCGA-A2-A25A-01,TCGA-BRCA,Tumor,15330.624480256422,15518.116796845865,30848.741277102286
TCGA-DX-A3UC-01,TCGA-KIRC,Tumor,7804.915030104672,13264.200121853919,21069.11515195859
TCGA-C8-A1HK-01,TCGA-BRCA,Tumor,9573.597648472532,12432.104034546854,22005.701683019386
TCGA-75-6203-01,TCGA-LUAD,Tumor,11782.303309333078,18353.235109126796,30135.538418459873
TCGA-63-A5MG-01,TCGA-LUSC,Tumor,9333.39590565185,15427.456441443279,24760.85234709513
TCGA-77-8133-01,TCGA-LUSC,Tumor,10338.28984067529,16763.95591308128,27102.24575375657
TCGA-43-7657-01,TCGA-LUSC,Tumor,9046.798627243777,9953.217210952218,19000.015838195995
TCGA-39-5035-01,TCGA-LUSC,Tumor,8409.522526794492,16659.177342486913,25068.699869281405
TCGA-DX-AB30-01,TCGA-KIRC,Tumor,10454.376500484741,5891.927107151245,16346.303607635986
TCGA-94-A4VJ-01,TCGA-LUSC,Tumor,8756.893225850476,13716.413419691085,22473.30664554156
TCGA-RC-A6M3-01,TCGA-LIHC,Tumor,-1870.8609331534171,8420.065834889338,6549.20490173592
TCGA-HU-A4H8-01,TCGA-LIHC,Tumor,2278.0197302047163,11756.176251992783,14034.1959821975
TCGA-DV-5567-01,TCGA-KIRC,Tumor,7700.762512892452,10901.478214741506,18602.240727633958
TCGA-AR-A0TR-01,TCGA-BRCA,Tumor,4066.0566465968805,12063.141608049675,16129.198254646555
TCGA-P4-A5EA-01,TCGA-KIRC,Tumor,10239.412534631982,18057.926440190964,28297.338974822946
TCGA-21-A5DI-01,TCGA-LUSC,Tumor,4816.438539047427,11465.762182226488,16282.200721273915
TCGA-G3-A25S-01,TCGA-LIHC,Tumor,-617.0005079592011,8711.383413513962,8094.382905554761
TCGA-85-6175-01,TCGA-LUSC,Tumor,16292.103747500656,17259.99294766894,33552.096695169595
TCGA-B0-5080-01,TCGA-KIRC,Tumor,14753.659374661413,17313.77662459001,32067.435999251422
TCGA-DX-A1KZ-01,TCGA-KIRC,Tumor,12862.135122775562,15701.272982339618,28563.40810511518
TCGA-BP-4787-01,TCGA-KIRC,Tumor,14421.242814347239,17373.180553464463,31794.4233678117
TCGA-55-6981-01,TCGA-LUAD,Tumor,10686.941103467489,14392.554629534516,25079.495733002004
TCGA-55-7903-01,TCGA-LUAD,Tumor,8319.267683241706,15763.647107657798,24082.914790899504
TCGA-55-6975-11,TCGA-LUAD,Normal,11539.9708507402,18047.61078787145,29587.58163861165
TCGA-E9-A1N6-11,TCGA-BRCA,Normal,13539.667167121388,15465.467841679947,29005.135008801335
TCGA-DV-5576-01,TCGA-KIRC,Tumor,7520.242154422409,9762.100187564985,17282.342341987394
TCGA-49-4488-01,TCGA-LUAD,Tumor,7542.378121451493,16010.16274112232,23552.540862573813
TCGA-63-A5ML-01,TCGA-LUSC,Tumor,10189.908074862771,14137.007464608188,24326.91553947096
TCGA-22-5477-01,TCGA-LUSC,Tumor,8583.878393723255,13574.032517831332,22157.910911554587
TCGA-A3-3313-01,TCGA-KIRC,Tumor,7986.463396685176,10974.587732714961,18961.051129400137
TCGA-ED-A4XI-01,TCGA-LIHC,Tumor,7546.998822266338,14927.36073123611,22474.359553502447
TCGA-78-7537-01,TCGA-LUAD,Tumor,9704.631332780813,14059.825042529268,23764.45637531008
TCGA-98-A53H-01,TCGA-LUSC,Tumor,14769.378294523467,17951.340851879937,32720.719146403404
TCGA-DD-AAW3-01,TCGA-LIHC,Tumor,-1097.9375618239828,2882.2146008017553,1784.2770389777725
TCGA-E2-A1LG-01,TCGA-BRCA,Tumor,3333.883659051029,11811.023508239206,15144.907167290236
TCGA-N6-A4VD-01,TCGA-LUAD,Tumor,4910.1829187814,11996.23570995389,16906.41862873529
TCGA-B8-4143-01,TCGA-KIRC,Tumor,9862.89122496964,18035.690873760173,27898.582098729814
TCGA-FY-A3BL-01,TCGA-LIHC,Tumor,-746.920813241275,7955.665838829187,7208.745025587912
TCGA-55-6972-01,TCGA-LUAD,Tumor,-4824.36024860452,4815.727114749527,-8.633133854993503
TCGA-63-A5MH-01,TCGA-LUSC,Tumor,6720.53010115564,11691.500669070909,18412.03077022655
TCGA-A7-A6VW-01,TCGA-BRCA,Tumor,7631.252801866362,12710.203349716536,20341.456151582897
TCGA-86-A4D0-01,TCGA-LUAD,Tumor,5658.220668170372,13262.602974305144,18920.823642475516
TCGA-CJ-5684-01,TCGA-KIRC,Tumor,11124.609331534131,16662.243581210856,27786.852912744987
TCGA-60-2704-01,TCGA-LUSC,Tumor,15623.222622617268,17784.60433918166,33407.82696179893
TCGA-97-7941-01,TCGA-LUAD,Tumor,11455.83425614933,15805.340128636093,27261.174384785423
TCGA-CJ-5671-01,TCGA-KIRC,Tumor,15062.776789219442,18521.19171449597,33583.96850371541
TCGA-E2-A1LK-01,TCGA-BRCA,Tumor,3142.4749517016608,8811.779610433281,11954.254562134942
TCGA-91-6840-01,TCGA-LUAD,Tumor,9833.943370288183,16018.852788921136,25852.79615920932
TCGA-DD-AAVY-01,TCGA-LIHC,Tumor,-2994.8366242804514,3022.7706993373977,27.934075056946313
TCGA-55-6971-11,TCGA-LUAD,Normal,12168.5426749047,17901.900420297537,30070.443095202238
TCGA-B0-4844-01,TCGA-KIRC,Tumor,9055.460218070679,15903.111169896165,24958.571387966844
TCGA-B6-A0RT-01,TCGA-BRCA,Tumor,13340.870318438352,19546.58889778482,32887.45921622317
TCGA-BH-A0HB-01,TCGA-BRCA,Tumor,11226.730732375854,15305.671273007665,26532.40200538352
TCGA-C8-A3M7-01,TCGA-BRCA,Tumor,12744.76078498692,14249.291561545371,26994.05234653229
TCGA-52-7811-01,TCGA-LUSC,Tumor,10738.643864317197,14740.448225449454,25479.09208976665
TCGA-50-5930-01,TCGA-LUAD,Tumor,10903.363489130938,16374.266139664858,27277.629628795796
TCGA-D8-A1Y3-01,TCGA-BRCA,Tumor,8535.145829317262,14044.248407526797,22579.39423684406
TCGA-CZ-5984-11,TCGA-KIRC,Normal,9207.089635803099,8877.301788269659,18084.391424072757
TCGA-A8-A07C-01,TCGA-BRCA,Tumor,10932.930282951562,14748.124493623774,25681.054776575336
TCGA-93-8067-01,TCGA-LUAD,Tumor,7835.958029343434,13960.819680112338,21796.77770945577
TCGA-A8-A06U-01,TCGA-BRCA,Tumor,9410.215501338844,13923.256477183339,23333.471978522182
TCGA-GI-A2C9-01,TCGA-BRCA,Tumor,10410.243294164658,12841.425561463762,23251.66885562842
TCGA-FV-A2QR-01,TCGA-LIHC,Tumor,4233.3445131260305,9042.021413083392,13275.365926209422
TCGA-BH-A1F6-11,TCGA-BRCA,Normal,15023.641338592093,14349.360503287662,29373.001841879755
TCGA-D8-A73W-01,TCGA-BRCA,Tumor,13147.156596363795,14539.43884719996,27686.595443563754
TCGA-CW-5581-11,TCGA-KIRC,Normal,6650.7927343542215,7773.235306119288,14424.02804047351
TCGA-B0-4848-01,TCGA-KIRC,Tumor,12111.056034513083,17325.443983075525,29436.50001758861
TCGA-E9-A245-01,TCGA-BRCA,Tumor,10497.510155666274,10947.624751824642,21445.134907490916
TCGA-A7-A0DB-11,TCGA-BRCA,Normal,14222.374823234419,15806.987075885725,30029.361899120144
TCGA-34-2596-01,TCGA-LUSC,Tumor,11166.071139615608,15141.92985660354,26308.000996219147
TCGA-B6-A0X0-01,TCGA-BRCA,Tumor,5078.441879477177,8885.433367994628,13963.875247471806
TCGA-22-5481-11,TCGA-LUSC,Normal,11643.002874683229,18399.520373948024,30042.523248631252
TCGA-FY-A2QD-01,TCGA-LIHC,Tumor,326.5544240994968,-611.1846143238909,-284.630190224394
TCGA-P4-A5E6-01,TCGA-KIRC,Tumor,0.2561127472399676,12343.076397907938,12343.332510655178
TCGA-85-A5B5-01,TCGA-LUSC,Tumor,6720.466072968829,11579.58651276863,18300.05258573746
TCGA-IG-A3YC-01,TCGA-LUSC,Tumor,13217.455988360558,17244.060600517525,30461.516588878083
TCGA-A8-A06Q-01,TCGA-BRCA,Tumor,4641.734074212694,8111.414403246432,12753.148477459126
TCGA-IE-A4EK-01,TCGA-LUSC,Tumor,5863.583963123005,3943.7450241808256,9807.32898730383
TCGA-CZ-4863-01,TCGA-KIRC,Tumor,11250.698616972022,18003.61275216797,29254.311369139992
TCGA-E9-A1R0-01,TCGA-BRCA,Tumor,12964.110681636219,14503.920989127419,27468.031670763638
TCGA-BH-A1F2-11,TCGA-BRCA,Normal,12313.29617679794,13270.442870067975,25583.739046865914
TCGA-22-1011-01,TCGA-LUSC,Tumor,11144.354912922285,16821.93699335994,27966.291906282226
TCGA-B6-A0RO-01,TCGA-BRCA,Tumor,8559.437411968978,9939.945590674935,18499.383002643914
TCGA-CW-5585-11,TCGA-KIRC,Normal,7654.157107137176,9519.974042018493,17174.13114915567
TCGA-E9-A1NA-01,TCGA-BRCA,Tumor,11576.171676138718,13864.738271559767,25440.909947698485
TCGA-BH-A0DZ-01,TCGA-BRCA,Tumor,12778.717066725574,14198.837350338468,26977.554417064042
TCGA-AN-A0XP-01,TCGA-BRCA,Tumor,11532.8281507893,10127.633548946298,21660.4616997356
TCGA-EW-A6S9-01,TCGA-BRCA,Tumor,12412.5967802985,11590.503318619867,24003.100098918367
TCGA-ED-A66X-01,TCGA-LIHC,Tumor,9405.313787926327,14040.890484840722,23446.20427276705
TCGA-43-7658-11,TCGA-LUSC,Normal,10856.484185020967,17993.147700745893,28849.63188576686
TCGA-AQ-A54O-01,TCGA-BRCA,Tumor,6576.018483523687,11583.911972499842,18159.93045602353
TCGA-HU-A4H4-01,TCGA-LIHC,Tumor,8890.697907799069,16842.94890999835,25733.64681779742
TCGA-85-6798-01,TCGA-LUSC,Tumor,6484.689389281073,9091.472516030259,15576.161905311332
TCGA-BH-A0WA-01,TCGA-BRCA,Tumor,10805.546205291499,13760.116214310936,24565.662419602435
TCGA-DD-AACH-01,TCGA-LIHC,Tumor,5472.482012475251,10926.232223186857,16398.714235662108
TCGA-44-A479-01,TCGA-LUAD,Tumor,12485.514213711514,18530.09518958416,31015.609403295675
TCGA-55-8087-01,TCGA-LUAD,Tumor,9471.309062920805,13821.394746210357,23292.703809131162
TCGA-BH-AB28-01,TCGA-BRCA,Tumor,12479.716105683652,15170.401057005398,27650.11716268905
TCGA-A8-A09N-01,TCGA-BRCA,Tumor,11961.568003917335,13169.826131616308,25131.394135533643
TCGA-DD-A39X-11,TCGA-LIHC,Normal,-440.7060098186703,9391.288057893275,8950.582048074604
TCGA-86-6562-01,TCGA-LUAD,Tumor,13102.041624512614,15296.266243789458,28398.307868302072
TCGA-05-4425-01,TCGA-LUAD,Tumor,11280.617565820114,17280.48196744839,28561.099533268505
TCGA-KN-8435-11,TCGA-LUAD,Normal,11482.434410647726,13120.236300931352,24602.670711579078
TCGA-E2-A15A-01,TCGA-BRCA,Tumor,12712.718234609605,14986.046121569689,27698.764356179294
TCGA-NK-A5D1-01,TCGA-LUSC,Tumor,4412.506051187087,11057.326378560461,15469.832429747548
TCGA-E9-A2JT-01,TCGA-BRCA,Tumor,13934.600137613317,19482.898637515525,33417.49877512884
TCGA-MP-A4SW-01,TCGA-LUAD,Tumor,10594.03264728354,16538.640723694112,27132.673370977653
TCGA-L5-A4OG-01,TCGA-LUSC,Tumor,7218.527109684008,15737.843748373049,22956.370858057056
TCGA-BH-A0HQ-01,TCGA-BRCA,Tumor,12033.32581572478,10868.083958198189,22901.40977392297
TCGA-E2-A3DX-01,TCGA-BRCA,Tumor,14958.695414437014,17338.153578157468,32296.84899259448
TCGA-DX-A3LT-01,TCGA-KIRC,Tumor,13436.681385757718,16374.781922280828,29811.463308038547
TCGA-BP-4798-01,TCGA-KIRC,Tumor,12393.274496367598,19233.02508136493,31626.299577732527
TCGA-90-A59Q-01,TCGA-LUSC,Tumor,10270.626275702238,17664.167319790566,27934.793595492803
TCGA-66-2783-01,TCGA-LUSC,Tumor,9731.167459092398,15192.416081903848,24923.583540996246
TCGA-IF-A4AJ-01,TCGA-LUSC,Tumor,10918.918781404467,15259.329094242607,26178.247875647074
TCGA-CJ-4888-01,TCGA-KIRC,Tumor,12049.343533791947,19401.59706875178,31450.940602543727
TCGA-E2-A1L6-01,TCGA-BRCA,Tumor,11946.44668046552,13845.785928263776,25792.232608729297
TCGA-DX-A8BH-01,TCGA-KIRC,Tumor,8950.635404896948,16513.81557281897,25464.45097771592
TCGA-22-5489-11,TCGA-LUSC,Normal,11513.12169773754,18025.179579758737,29538.301277496277
TCGA-B6-A0I2-01,TCGA-BRCA,Tumor,5181.87941527001,16528.49937032758,21710.37878559759
TCGA-55-8512-01,TCGA-LUAD,Tumor,8397.051258852345,14320.750575147704,22717.80183400005
TCGA-67-3770-01,TCGA-LUAD,Tumor,7725.555649674185,16438.7496380263,24164.305287700485
TCGA-HE-A5NH-01,TCGA-KIRC,Tumor,3016.6773502259057,11891.275726163552,14907.953076389458
TCGA-D8-A73X-01,TCGA-BRCA,Tumor,12698.365249399521,12430.670514586589,25129.03576398611
TCGA-50-6592-01,TCGA-LUAD,Tumor,11657.003704865852,17429.33327329752,29086.336978163374
TCGA-A8-A084-01,TCGA-BRCA,Tumor,10362.27551087891,9624.741941248394,19987.017452127304
TCGA-55-6975-01,TCGA-LUAD,Tumor,12768.835383227775,14698.876146601808,27467.711529829583
TCGA-B0-4818-01,TCGA-KIRC,Tumor,10447.525484495982,17149.910708933745,27597.436193429727
TCGA-BP-4774-01,TCGA-KIRC,Tumor,10823.8511524764,15622.625026207035,26446.476178683435
TCGA-S2-AA1A-01,TCGA-LUAD,Tumor,13092.697066359728,18141.212882745847,31233.909949105575
TCGA-55-8511-01,TCGA-LUAD,Tumor,12331.67582353413,16896.558287966425,29228.234111500555
TCGA-FY-A3TY-01,TCGA-LIHC,Tumor,13719.458315686086,15885.30421971979,29604.762535405876
TCGA-A7-A2KD-01,TCGA-BRCA,Tumor,13355.860028395055,15182.76205418137,28538.622082576425
TCGA-DD-A1EE-01,TCGA-LIHC,Tumor,1821.612586131443,6472.538262272981,8294.150848404424
TCGA-77-A5GH-01,TCGA-LUSC,Tumor,12638.271238956102,17730.42226465378,30368.69350360988
TCGA-18-5592-01,TCGA-LUSC,Tumor,5658.8289359450755,12496.733374889362,18155.562310834437
TCGA-34-8454-01,TCGA-LUSC,Tumor,13211.967349902272,17497.000395392064,30708.967745294336
TCGA-BP-4163-01,TCGA-KIRC,Tumor,11261.51938054305,16780.194172680796,28041.713553223846
TCGA-AR-A252-01,TCGA-BRCA,Tumor,14699.637370600558,18294.82361714791,32994.46098774847
TCGA-CJ-4920-01,TCGA-KIRC,Tumor,12138.99366669152,16221.15695939281,28360.15062608433
TCGA-05-4434-01,TCGA-LUAD,Tumor,13477.189885280011,17918.967489204104,31396.157374484115
TCGA-63-7021-01,TCGA-LUSC,Tumor,10274.38259599514,15690.309933909015,25964.692529904154
TCGA-85-7698-01,TCGA-LUSC,Tumor,12885.412925802779,15571.911145131398,28457.324070934177
TCGA-B0-4821-01,TCGA-KIRC,Tumor,7218.075355254841,14526.049841913522,21744.125197168363
TCGA-AR-A24L-01,TCGA-BRCA,Tumor,13204.191482326252,12159.00603219138,25363.197514517633
TCGA-HU-8243-01,TCGA-LIHC,Tumor,8643.278765476218,12428.639398216092,21071.91816369231
TCGA-96-A4JK-01,TCGA-LUSC,Tumor,9083.70376269722,14627.38867602756,23711.09243872478
TCGA-BP-4765-01,TCGA-KIRC,Tumor,10547.4485842572,15324.77301540622,25872.22159966342
TCGA-55-8092-01,TCGA-LUAD,Tumor,11078.66910749739,17137.29715613202,28215.96626362941
TCGA-AK-3427-01,TCGA-KIRC,Tumor,-2669.2639657120526,2075.2246769674966,-594.039288744556
TCGA-66-2794-01,TCGA-LUSC,Tumor,8271.822796814911,17281.00130718586,25552.82410400077
TCGA-AN-A0XR-01,TCGA-BRCA,Tumor,8087.506989715581,8555.168866181593,16642.675855897174
TCGA-CZ-5467-11,TCGA-KIRC,Normal,5200.995386154522,7761.767146437178,12962.7625325917
TCGA-DD-A11A-11,TCGA-LIHC,Normal,4065.747177027297,15000.495149059989,19066.242326087286
TCGA-BH-A18V-01,TCGA-BRCA,Tumor,12825.343815209784,15530.684107068231,28356.027922278015
TCGA-56-7222-01,TCGA-LUSC,Tumor,4486.334107701419,9547.993487991193,14034.327595692612
TCGA-B6-A0WY-01,TCGA-BRCA,Tumor,12519.246396796338,13632.909992725345,26152.156389521682
TCGA-EW-A423-01,TCGA-BRCA,Tumor,8096.271737065683,13850.588042274587,21946.85977934027
TCGA-BP-4756-01,TCGA-KIRC,Tumor,5232.849409092887,14744.98355534855,19977.832964441437
TCGA-22-5482-01,TCGA-LUSC,Tumor,7340.205564474934,10671.31822588565,18011.523790360585
TCGA-DD-AACW-01,TCGA-LIHC,Tumor,-1260.3841860059365,8763.513028942416,7503.1288429364795
TCGA-A3-3324-01,TCGA-KIRC,Tumor,10948.048049281886,16524.650564875952,27472.698614157838
TCGA-66-2800-01,TCGA-LUSC,Tumor,10926.321151224092,15941.485396524764,26867.806547748856
TCGA-44-7661-01,TCGA-LUAD,Tumor,14236.500152669174,17811.186708072604,32047.68686074178
TCGA-DX-A7EM-01,TCGA-KIRC,Tumor,10983.444965223785,14904.203870339541,25887.648835563326
TCGA-C8-A12X-01,TCGA-BRCA,Tumor,6819.606606002359,8610.275792296747,15429.882398299105
TCGA-KN-8432-01,TCGA-LUAD,Tumor,5973.37807501755,11539.778766179767,17513.156841197317
TCGA-E9-A5UO-01,TCGA-BRCA,Tumor,1523.6467474429628,5276.509518254868,6800.156265697831
TCGA-37-3792-01,TCGA-LUSC,Tumor,10740.824379790258,18511.683528754565,29252.507908544823
TCGA-BH-A18U-01,TCGA-BRCA,Tumor,11556.64307916143,12812.175351455702,24368.81843061713
TCGA-BH-A0C0-01,TCGA-BRCA,Tumor,10984.391159539988,17815.476596588927,28799.867756128915
TCGA-A8-A09I-01,TCGA-BRCA,Tumor,11801.248538386095,14930.64395437091,26731.892492757004
TCGA-B8-5552-11,TCGA-KIRC,Normal,13037.43006977755,14955.789246180098,27993.21931595765
TCGA-E9-A22D-01,TCGA-BRCA,Tumor,11907.200959071994,18442.91369899829,30350.114658070284
TCGA-E2-A1LE-01,TCGA-BRCA,Tumor,13911.80966023017,16188.21801440015,30100.02767463032
TCGA-E2-A15F-01,TCGA-BRCA,Tumor,11114.688519699946,12928.048583975786,24042.737103675732
TCGA-77-A5GB-01,TCGA-LUSC,Tumor,10105.895979524033,15597.686047444233,25703.582026968266
TCGA-B0-5110-01,TCGA-KIRC,Tumor,13086.536131939934,16180.107777404115,29266.64390934405
TCGA-55-6979-11,TCGA-LUAD,Normal,12259.391557746236,19038.19442314267,31297.585980888907
TCGA-BP-4986-01,TCGA-KIRC,Tumor,14402.617726228276,16892.44269840309,31295.060424631367
TCGA-60-2712-01,TCGA-LUSC,Tumor,12759.25605505658,18186.46302521363,30945.71908027021
TCGA-77-6842-01,TCGA-LUSC,Tumor,11381.99552827053,17920.020397164993,29302.015925435524
TCGA-A3-3358-01,TCGA-KIRC,Tumor,11799.331249903258,17998.156127803097,29797.487377706355
TCGA-D8-A27L-01,TCGA-BRCA,Tumor,14380.961970600274,15310.448487168043,29691.410457768317
TCGA-05-4426-01,TCGA-LUAD,Tumor,7077.672212943249,15125.492398200611,22203.16461114386
TCGA-05-4390-01,TCGA-LUAD,Tumor,9769.314029945668,13896.965792254534,23666.279822200202
TCGA-CZ-4865-11,TCGA-KIRC,Normal,10790.058498326263,8860.10666298947,19650.165161315734
TCGA-64-5815-01,TCGA-LUAD,Tumor,14767.692218937449,17106.06207233282,31873.75429127027
TCGA-C8-A12O-01,TCGA-BRCA,Tumor,13890.85821465708,15322.275916120594,29213.134130777675
TCGA-33-4532-01,TCGA-LUSC,Tumor,2009.00886044067,10725.126802657145,12734.135663097815
TCGA-DX-A7EI-01,TCGA-KIRC,Tumor,9692.850146407629,9192.363152836617,18885.213299244246
TCGA-85-A511-01,TCGA-LUSC,Tumor,12583.982450783533,15756.838777126915,28340.82122791045
TCGA-BP-4347-01,TCGA-KIRC,Tumor,11250.204177084986,15771.50478902808,27021.708966113067
TCGA-D8-A1XG-01,TCGA-BRCA,Tumor,9824.99720974212,9665.399839873247,19490.397049615367
TCGA-55-8301-01,TCGA-LUAD,Tumor,12647.33122738983,18332.287220675204,30979.618448065034
TCGA-DD-AACC-01,TCGA-LIHC,Tumor,4780.408455480399,17914.727400388638,22695.135855869037
TCGA-UZ-A9Q1-01,TCGA-KIRC,Tumor,26.176857041140465,8455.868262681037,8482.045119722177
TCGA-C8-A8HQ-01,TCGA-BRCA,Tumor,13224.36391829314,15177.79986970354,28402.16378799668
TCGA-44-A4SU-01,TCGA-LUAD,Tumor,10313.215691295885,15152.498064548807,25465.713755844692
TCGA-E2-A15M-01,TCGA-BRCA,Tumor,15764.522159544209,17462.126376309116,33226.648535853325
TCGA-A8-A083-01,TCGA-BRCA,Tumor,6074.994364607763,9586.143615965957,15661.13798057372
TCGA-CW-6090-01,TCGA-KIRC,Tumor,11512.452958897517,17093.77577470813,28606.228733605647
TCGA-E2-A15I-11,TCGA-BRCA,Normal,11430.585807816937,11281.862558341436,22712.448366158373
TCGA-FY-A3R6-01,TCGA-LIHC,Tumor,11078.6655503759,17059.31438171797,28137.97993209387
TCGA-DD-A1EF-01,TCGA-LIHC,Tumor,3389.4067683804533,13936.66326807722,17326.070036457673
TCGA-DD-A73A-01,TCGA-LIHC,Tumor,441.2609207710266,13292.18043949024,13733.441360261266
TCGA-56-8629-01,TCGA-LUSC,Tumor,7096.845097771591,12550.513494688941,19647.358592460532
TCGA-A3-A8OW-01,TCGA-KIRC,Tumor,10270.39861992691,15881.62615609966,26152.02477602657
TCGA-B0-4822-01,TCGA-KIRC,Tumor,10846.911971092759,16349.867843368458,27196.779814461217
TCGA-BP-4334-01,TCGA-KIRC,Tumor,-270.86768718156236,5996.570507129014,5725.702819947452
TCGA-B0-5696-01,TCGA-KIRC,Tumor,8961.630467420957,14594.680943931711,23556.311411352668
TCGA-05-4433-01,TCGA-LUAD,Tumor,9183.904317934615,17397.66422067661,26581.568538611224
TCGA-B8-4619-11,TCGA-KIRC,Normal,6808.2309314789745,13186.171104860503,19994.402036339477
TCGA-91-6829-11,TCGA-LUAD,Normal,9129.910770845672,17599.523750962097,26729.43452180777
TCGA-55-8508-01,TCGA-LUAD,Tumor,8671.508081616797,15348.651971965151,24020.16005358195
TCGA-BC-A10S-01,TCGA-LIHC,Tumor,4696.332331954851,13841.958465541084,18538.290797495934
TCGA-B6-A0IC-01,TCGA-BRCA,Tumor,1632.5088935072672,7524.315058527871,9156.823952035138
TCGA-56-A5DR-01,TCGA-LUSC,Tumor,8029.966992501617,13645.968185713256,21675.935178214873
TCGA-DD-A39W-11,TCGA-LIHC,Normal,630.3148136943528,8657.542822649066,9287.857636343419
TCGA-A2-A0CW-01,TCGA-BRCA,Tumor,8359.655240633358,13414.090107177977,21773.745347811335
TCGA-A8-A092-01,TCGA-BRCA,Tumor,10689.445316996087,11926.733113170772,22616.17843016686
TCGA-D8-A1XS-01,TCGA-BRCA,Tumor,13075.171128781021,13791.063171269485,26866.234300050506
TCGA-L5-A4OJ-01,TCGA-LUSC,Tumor,2558.0576765861733,11622.567211726117,14180.62488831229
TCGA-HU-A4HB-01,TCGA-LIHC,Tumor,10031.210656730738,18110.539824141986,28141.750480872724
TCGA-50-5044-01,TCGA-LUAD,Tumor,9099.554296054379,15556.12108283956,24655.67537889394
TCGA-BH-A18Q-01,TCGA-BRCA,Tumor,10923.575053434211,14706.260730813981,25629.835784248193
TCGA-A7-A13E-11,TCGA-BRCA,Normal,14725.995640837664,15233.586206023185,29959.58184686085
TCGA-AO-A12B-01,TCGA-BRCA,Tumor,6275.434603418944,9257.550961252982,15532.985564671926
TCGA-A3-3367-01,TCGA-KIRC,Tumor,10211.787929144612,16013.90127580777,26225.68920495238
TCGA-05-4384-01,TCGA-LUAD,Tumor,10679.407120152751,15718.806034161305,26398.213154314057
TCGA-E2-A1LS-11,TCGA-BRCA,Normal,9555.82271238956,8981.521890790176,18537.344603179736
TCGA-38-4626-11,TCGA-LUAD,Normal,9727.16569741672,18470.794417232897,28197.960114649617
TCGA-O1-A52J-01,TCGA-LUAD,Tumor,8559.085256941518,16421.508270166752,24980.59352710827
TCGA-B0-4718-01,TCGA-KIRC,Tumor,9932.112809155082,15991.3206685925,25923.43347774758
TCGA-78-7220-01,TCGA-LUAD,Tumor,8700.14290960718,13238.976573371958,21939.11948297914
TCGA-05-4422-01,TCGA-LUAD,Tumor,7101.753925427085,17055.80705992933,24157.560985356416
TCGA-B0-5692-01,TCGA-KIRC,Tumor,9358.281527592313,17764.499488523074,27122.781016115387
TCGA-A7-A26F-01,TCGA-BRCA,Tumor,12873.966108849603,15024.825860048088,27898.79196889769
TCGA-BH-A0B2-01,TCGA-BRCA,Tumor,14872.193334055639,17033.596393348966,31905.789727404604
TCGA-AO-A12F-01,TCGA-BRCA,Tumor,10701.74940022823,9427.513783142225,20129.263183370454
TCGA-DX-A3U9-01,TCGA-KIRC,Tumor,10017.24184064152,8356.524973722608,18373.766814364128
TCGA-DD-A114-01,TCGA-LIHC,Tumor,11304.80243482714,17099.96872322133,28404.77115804847
TCGA-EW-A1P6-01,TCGA-BRCA,Tumor,11609.18176356117,11300.580131619117,22909.761895180287
TCGA-GM-A2DF-01,TCGA-BRCA,Tumor,10347.844268996054,15530.289266582895,25878.13353557895
TCGA-A8-A09Q-01,TCGA-BRCA,Tumor,13134.1944456561,16025.301850181579,29159.49629583768
TCGA-BH-A0BW-11,TCGA-BRCA,Normal,14514.965851352277,18836.534091660604,33351.49994301288
TCGA-FY-A3R9-01,TCGA-LIHC,Tumor,2402.326897776373,2685.623167442205,5087.950065218578
TCGA-BH-A18J-01,TCGA-BRCA,Tumor,11484.056458046925,11153.123217393873,22637.1796754408
TCGA-AK-3460-01,TCGA-KIRC,Tumor,9950.396413611055,16083.691999431536,26034.08841304259
TCGA-KN-8423-01,TCGA-LUAD,Tumor,6004.342817583547,11233.713361859718,17238.056179443265
TCGA-L5-A4OF-01,TCGA-LUSC,Tumor,8431.192510908455,12021.768728005434,20452.96123891389
TCGA-77-6845-01,TCGA-LUSC,Tumor,4693.198507922614,6886.146120584726,11579.34462850734
TCGA-C8-A12W-01,TCGA-BRCA,Tumor,12828.495424849472,14072.381681387164,26900.877106236636
TCGA-A2-A0YJ-01,TCGA-BRCA,Tumor,5073.668222438286,7431.242974755409,12504.911197193695
TCGA-BP-5169-01,TCGA-KIRC,Tumor,7884.149911283024,17045.644363833864,24929.79427511689
TCGA-DD-AACO-01,TCGA-LIHC,Tumor,300.85777845943085,8384.487505751473,8685.345284210904
TCGA-G3-A3CI-01,TCGA-LIHC,Tumor,3236.724442687144,13470.434911571476,16707.15935425862
TCGA-DD-AAEE-01,TCGA-LIHC,Tumor,-451.6014729409726,3308.5996395037437,2856.998166562771
TCGA-A3-A8OX-01,TCGA-KIRC,Tumor,13466.984503726675,17289.06885872402,30756.053362450693
TCGA-DD-A3A4-11,TCGA-LIHC,Normal,5568.755505588251,14643.367265758341,20212.122771346592
TCGA-44-6779-01,TCGA-LUAD,Tumor,12591.317235294857,18223.346817938134,30814.66405323299
TCGA-D8-A1XD-01,TCGA-BRCA,Tumor,11557.005905553353,9057.519791413095,20614.525696966448
TCGA-66-2734-01,TCGA-LUSC,Tumor,11532.219883014604,15828.123491776267,27360.34337479087
TCGA-BP-4160-01,TCGA-KIRC,Tumor,12659.062614062164,18101.43003600741,30760.492650069573
TCGA-KL-8329-11,TCGA-KIRC,Normal,8837.703911848672,13605.648213629906,22443.352125478577
TCGA-CZ-5458-01,TCGA-KIRC,Tumor,11169.855916880424,16982.999897282487,28152.85581416291
TCGA-77-A5FZ-01,TCGA-LUSC,Tumor,15028.258482285444,19943.34311447937,34971.60159676481
TCGA-DD-A1EB-01,TCGA-LIHC,Tumor,669.4182502282965,7056.059142773116,7725.477393001413
TCGA-AQ-A1H2-01,TCGA-BRCA,Tumor,8902.109153537349,11565.25131316599,20467.36046670334
TCGA-L5-A4OQ-01,TCGA-LUSC,Tumor,11269.384176156305,15057.771919283728,26327.156095440034
TCGA-AR-A24O-01,TCGA-BRCA,Tumor,15689.548709910265,15652.981500998325,31342.53021090859
TCGA-44-6144-11,TCGA-LUAD,Normal,11213.94999486412,18443.287196754685,29657.237191618806
TCGA-BC-A110-11,TCGA-LIHC,Normal,1365.5077973847801,10956.471312968995,12321.979110353775
TCGA-B3-3926-01,TCGA-KIRC,Tumor,2783.8139490380418,13875.029024028856,16658.842973066898
TCGA-DD-AADB-01,TCGA-LIHC,Tumor,2617.30864923658,15395.09375013191,18012.40239936849
TCGA-86-8672-01,TCGA-LUAD,Tumor,11251.96850934377,16743.153866610755,27995.122375954525
TCGA-A8-A0AD-01,TCGA-BRCA,Tumor,12931.918732156348,13103.500044323304,26035.41877647965
TCGA-A7-A3J1-01,TCGA-BRCA,Tumor,14260.482265751303,16676.93449296244,30937.41675871374
TCGA-A2-A0EQ-01,TCGA-BRCA,Tumor,11225.176270284948,17838.996283877426,29064.172554162375
TCGA-BP-5004-01,TCGA-KIRC,Tumor,11214.64363355457,15317.534273175104,26532.177906729674
TCGA-DX-AB2L-01,TCGA-KIRC,Tumor,15115.962869730272,14220.397063686261,29336.359933416534
TCGA-DD-AADC-01,TCGA-LIHC,Tumor,2679.444447414964,9597.522847610831,12276.967295025795
TCGA-55-6983-01,TCGA-LUAD,Tumor,12880.888267268147,17137.738239196715,30018.62650646486
TCGA-91-8499-01,TCGA-LUAD,Tumor,9364.125878199542,15389.587326066187,24753.71320426573
TCGA-91-6836-01,TCGA-LUAD,Tumor,6650.913676484863,13356.20151205805,20007.115188542914
TCGA-38-7271-01,TCGA-LUAD,Tumor,14279.505751477085,19140.34072383482,33419.846475311904
TCGA-B6-A402-01,TCGA-BRCA,Tumor,5089.532984281403,7747.741416404126,12837.274400685528
TCGA-LD-A7W6-01,TCGA-BRCA,Tumor,11851.443079724264,13832.898477107356,25684.34155683162
TCGA-NJ-A4YG-01,TCGA-LUAD,Tumor,10367.693006907397,16083.048160441936,26450.741167349333
TCGA-Q1-A73S-01,TCGA-LUSC,Tumor,-794.511541649139,3383.270733811085,2588.759192161946
TCGA-DX-A6YV-01,TCGA-KIRC,Tumor,9747.007321085086,9207.793945858019,18954.801266943105
TCGA-MM-A563-01,TCGA-KIRC,Tumor,13526.51293185326,18228.319673780436,31754.832605633695
TCGA-BH-A1FR-01,TCGA-BRCA,Tumor,10316.082731216415,14222.616707495701,24538.699438712116
TCGA-BP-5177-01,TCGA-KIRC,Tumor,11077.182230714785,14984.324474768775,26061.50670548356
TCGA-B8-4621-01,TCGA-KIRC,Tumor,5640.5062031527195,15690.850616375417,21331.356819528137
TCGA-44-6148-11,TCGA-LUAD,Normal,13280.513081004716,17591.598484283513,30872.11156528823
TCGA-73-4658-01,TCGA-LUAD,Tumor,14311.747500657813,17910.24187019039,32221.989370848205
TCGA-A8-A08B-01,TCGA-BRCA,Tumor,7053.227674067482,14024.919009352921,21078.146683420404
TCGA-77-A5G7-01,TCGA-LUSC,Tumor,3020.8960963124373,11275.310340557797,14296.206436870234
TCGA-ZP-A9CY-01,TCGA-LIHC,Tumor,5007.445291668482,11475.245468117468,16482.69075978595
TCGA-D8-A1XK-01,TCGA-BRCA,Tumor,7949.366176671301,14795.355952761198,22744.7221294325
TCGA-86-8076-01,TCGA-LUAD,Tumor,11796.051583889948,18130.87588769739,29926.92747158734
TCGA-66-2786-01,TCGA-LUSC,Tumor,10787.952682404484,16255.319554177859,27043.272236582343
TCGA-BH-A0BT-01,TCGA-BRCA,Tumor,11173.27786775331,13615.882052155164,24789.159919908474
TCGA-AO-A03U-01,TCGA-BRCA,Tumor,13590.153392421696,16746.237890942142,30336.39128336384
TCGA-DD-AAVP-01,TCGA-LIHC,Tumor,622.3646471653446,6978.670407647809,7601.035054813154
TCGA-77-8144-01,TCGA-LUSC,Tumor,3138.327348044917,11171.499307008566,14309.826655053483
TCGA-55-6987-01,TCGA-LUAD,Tumor,11762.451014300244,19190.286266668725,30952.73728096897
TCGA-OL-A66H-01,TCGA-BRCA,Tumor,11303.087902269206,15708.746494589035,27011.83439685824
TCGA-77-A5G3-01,TCGA-LUSC,Tumor,8494.117990057504,12900.061152096492,21394.179142153997
TCGA-B0-5077-01,TCGA-KIRC,Tumor,9924.155528383097,15664.567045689593,25588.72257407269
TCGA-AR-A1AJ-01,TCGA-BRCA,Tumor,14698.82634690095,18533.06894314937,33231.89529005032
TCGA-MT-A67A-01,TCGA-LUAD,Tumor,-1855.3412120947796,9755.003730193457,7899.6625180986775
TCGA-78-7152-01,TCGA-LUAD,Tumor,8676.85087809401,16119.042672794068,24795.89355088808
TCGA-E9-A5UP-01,TCGA-BRCA,Tumor,-455.47873536451516,9895.029817627164,9439.55108226265
TCGA-55-8096-01,TCGA-LUAD,Tumor,13262.75593052919,16152.39424387951,29415.1501744087
TCGA-22-4599-01,TCGA-LUSC,Tumor,9518.295080675456,17390.503735118273,26908.79881579373
TCGA-BH-A0DT-01,TCGA-BRCA,Tumor,13155.430460948348,15086.709102600722,28242.13956354907
TCGA-LL-A7SZ-01,TCGA-BRCA,Tumor,7209.748133847948,15836.070101183777,23045.818235031726
TCGA-AN-A0G0-01,TCGA-BRCA,Tumor,8397.616841169176,12023.6753451238,20421.292186292976
TCGA-75-5122-01,TCGA-LUAD,Tumor,9385.397464706683,20086.086842731045,29471.484307437728
TCGA-CC-5262-01,TCGA-LIHC,Tumor,7371.426419788175,14046.229724196444,21417.65614398462
TCGA-85-8584-01,TCGA-LUSC,Tumor,10060.571137504976,16813.773399541566,26874.34453704654
TCGA-50-5931-01,TCGA-LUAD,Tumor,7880.507418877787,9912.861667653971,17793.36908653176
TCGA-49-AARO-01,TCGA-LUAD,Tumor,12012.306784843397,17463.463853989164,29475.77063883256
TCGA-44-2655-01,TCGA-LUAD,Tumor,9230.282067914563,15992.562103992332,25222.844171906894
TCGA-E2-A14Q-01,TCGA-BRCA,Tumor,10919.583963123001,13047.357995854709,23966.94195897771
TCGA-ES-A2HS-01,TCGA-LIHC,Tumor,-2193.0294264563745,-105.15206835076606,-2298.1814948071406
TCGA-51-4080-11,TCGA-LUSC,Normal,12708.727144298402,19101.482728683648,31810.20987298205
TCGA-A2-A1FZ-01,TCGA-BRCA,Tumor,14119.762539627143,14829.07035023857,28948.832889865713
TCGA-22-1002-01,TCGA-LUSC,Tumor,13180.36232546817,16213.697675629355,29394.060001097525
TCGA-OL-A5D6-01,TCGA-BRCA,Tumor,12563.685515564513,13732.431137758253,26296.116653322766
TCGA-39-5011-01,TCGA-LUSC,Tumor,8268.190975774141,18055.884652456003,26324.075628230145
TCGA-21-5786-01,TCGA-LUSC,Tumor,8399.65862890414,13169.548676140123,21569.207305044263
TCGA-BH-A0B9-01,TCGA-BRCA,Tumor,6774.441834450325,16509.08460123795,23283.526435688276
TCGA-73-4668-01,TCGA-LUAD,Tumor,9397.2355650237,13569.180604119672,22966.416169143373
TCGA-AR-A1AQ-01,TCGA-BRCA,Tumor,10701.205160640337,16726.14371164802,27427.348872288356
TCGA-CJ-6033-11,TCGA-KIRC,Normal,4756.83185424807,11371.619404885689,16128.451259133759
TCGA-91-6831-01,TCGA-LUAD,Tumor,11922.308054037847,15326.270563553288,27248.578617591134
TCGA-BH-A1EW-11,TCGA-BRCA,Normal,13220.372827981937,13750.860584195292,26971.23341217723
TCGA-G3-A7M9-01,TCGA-LIHC,Tumor,4621.636337797085,10392.575071726369,15014.211409523454
TCGA-B0-4845-01,TCGA-KIRC,Tumor,8472.67566171887,14714.235797193414,23186.911458912284
TCGA-BH-A0DH-11,TCGA-BRCA,Normal,11089.219529835213,13678.978273135708,24768.19780297092
TCGA-E9-A226-01,TCGA-BRCA,Tumor,12970.89411231667,11066.877249759735,24037.771362076404
TCGA-05-5425-01,TCGA-LUAD,Tumor,11962.40392746736,18022.45482469779,29984.85875216515
TCGA-TQ-A7RR-01,TCGA-LUAD,Tumor,4690.121597834204,8773.13148544999,13463.253083284195
TCGA-E9-A1NF-01,TCGA-BRCA,Tumor,14852.597151770042,14107.846182637357,28960.4433344074
TCGA-HU-8608-01,TCGA-LIHC,Tumor,10152.761055148043,18407.015228926375,28559.776284074418
TCGA-B0-5691-01,TCGA-KIRC,Tumor,13854.305234231102,16265.20835191863,30119.513586149733
TCGA-BC-A8YO-01,TCGA-LIHC,Tumor,3678.5580600179783,15614.80647317314,19293.364533191118
TCGA-77-8140-01,TCGA-LUSC,Tumor,4543.866990672403,11860.922808493753,16404.789799166156
TCGA-HE-A5NF-01,TCGA-KIRC,Tumor,5747.79254439718,16162.325727078165,21910.118271475345
TCGA-BH-A0DL-01,TCGA-BRCA,Tumor,10245.459641164107,16600.043754845658,26845.503396009764
TCGA-A2-A4S1-01,TCGA-BRCA,Tumor,12152.69214154754,15884.326011310182,28037.018152857723
TCGA-BP-4327-01,TCGA-KIRC,Tumor,9947.248361092858,15187.923437462621,25135.17179855548
TCGA-44-6775-01,TCGA-LUAD,Tumor,14523.510057170028,16456.741558520134,30980.251615690162
TCGA-49-6745-11,TCGA-LUAD,Normal,10472.179893539625,17636.916212059597,28109.096105599223
TCGA-75-7025-01,TCGA-LUAD,Tumor,12684.645431814566,16596.13092120722,29280.776353021785
TCGA-HU-A4H6-01,TCGA-LIHC,Tumor,7510.5098700271665,15531.822385944866,23042.332255972033
TCGA-E2-A1B0-01,TCGA-BRCA,Tumor,12915.915242575142,14793.534706558577,27709.44994913372
TCGA-CZ-5462-11,TCGA-KIRC,Normal,7110.7961282533615,10144.544104507328,17255.34023276069
TCGA-C8-A26W-01,TCGA-BRCA,Tumor,13169.701632364176,15276.659390139397,28446.361022503574
TCGA-56-8309-01,TCGA-LUSC,Tumor,13230.243840115265,18937.012102374178,32167.255942489443
TCGA-E9-A1RD-11,TCGA-BRCA,Normal,14141.044797498758,14901.21588828837,29042.26068578713
TCGA-85-8352-01,TCGA-LUSC,Tumor,-750.8941179450339,8200.459825492795,7449.565707547761
TCGA-DX-AATS-01,TCGA-KIRC,Tumor,12244.5476897706,12295.716882396886,24540.264572167485
TCGA-77-8139-01,TCGA-LUSC,Tumor,10023.537945677908,13607.992356691477,23631.530302369385
TCGA-HU-A4H2-01,TCGA-LIHC,Tumor,6064.899253820597,14393.433238542424,20458.33249236302
TCGA-D8-A1JH-01,TCGA-BRCA,Tumor,14993.238621221437,15263.394884105091,30256.63350532653
TCGA-05-5429-01,TCGA-LUAD,Tumor,8175.4923897580775,12778.610353080887,20954.102742838964
TCGA-IG-A625-01,TCGA-LUSC,Tumor,10276.509754645853,12782.761513859125,23059.271268504977
TCGA-AO-A12D-01,TCGA-BRCA,Tumor,13953.99000685252,16625.11078998208,30579.100796834602
TCGA-43-6647-11,TCGA-LUSC,Normal,13164.348164522493,18519.345568442925,31683.693732965417
TCGA-BP-4999-01,TCGA-KIRC,Tumor,11992.30864782949,15582.610966571778,27574.919614401268
TCGA-F5-6813-01,TCGA-LIHC,Tumor,8401.085034621428,13676.811986148608,22077.897020770037
TCGA-UB-A7MA-01,TCGA-LIHC,Tumor,3153.4913569546043,9678.01694979646,12831.508306751064
TCGA-E9-A3Q9-01,TCGA-BRCA,Tumor,8706.616870718048,14240.441443279527,22947.058313997575
TCGA-UZ-A9PJ-01,TCGA-KIRC,Tumor,1555.9631961749656,8114.082244363548,9670.045440538514
TCGA-P4-A5ED-11,TCGA-KIRC,Normal,7103.902426806733,6399.844927513797,13503.74735432053
TCGA-HU-8238-11,TCGA-LIHC,Normal,2058.666276433927,13690.268576743347,15748.934853177274
TCGA-BH-A0B5-11,TCGA-BRCA,Normal,11418.303067313736,10410.83021921042,21829.133286524157
TCGA-97-7546-01,TCGA-LUAD,Tumor,13502.267591780907,16990.836235923827,30493.103827704734
TCGA-AN-A0AL-01,TCGA-BRCA,Tumor,12909.896593014924,15986.849366880215,28896.74595989514
TCGA-B0-5709-11,TCGA-KIRC,Normal,8983.894490823666,11277.256086012549,20261.150576836215
TCGA-DX-A8BK-01,TCGA-KIRC,Tumor,11454.01300994671,16533.504240263293,27987.517250210003
TCGA-67-3772-01,TCGA-LUAD,Tumor,12778.656595660254,16147.175946654428,28925.83254231468
TCGA-B8-5549-11,TCGA-KIRC,Normal,6637.421514675232,5457.719958293874,12095.141472969106
TCGA-B6-A0WW-01,TCGA-BRCA,Tumor,10627.49804625665,10682.96424164224,21310.46228789889
TCGA-BH-A18N-11,TCGA-BRCA,Normal,13489.266312736825,14217.647408774883,27706.913721511708
TCGA-HE-7128-01,TCGA-KIRC,Tumor,8593.749405856583,17800.721656650534,26394.471062507117
TCGA-OL-A5RZ-01,TCGA-BRCA,Tumor,5241.628384928947,8916.366096467216,14157.994481396163
TCGA-85-7710-01,TCGA-LUSC,Tumor,8024.101299165453,14607.169997481305,22631.27129664676
TCGA-D8-A1JL-01,TCGA-BRCA,Tumor,14049.879330844658,16911.843239006757,30961.722569851416
TCGA-05-4395-01,TCGA-LUAD,Tumor,5798.598910631539,15023.054413546324,20821.653324177863
TCGA-A7-A0DB-01,TCGA-BRCA,Tumor,12443.878106677057,11485.14138010122,23929.019486778277
TCGA-B0-4690-01,TCGA-KIRC,Tumor,13930.69797533935,18304.619929729964,32235.317905069314
TCGA-DX-AB35-01,TCGA-KIRC,Tumor,12677.481389134733,13135.229568009545,25812.710957144278
TCGA-AK-3440-01,TCGA-KIRC,Tumor,429.7785326029589,5045.449577662173,5475.228110265132
TCGA-22-4595-01,TCGA-LUSC,Tumor,12129.371653062455,16068.816117362494,28198.18777042495
TCGA-AK-3425-01,TCGA-KIRC,Tumor,12202.89735425018,17154.39979625348,29357.297150503662
TCGA-56-5898-01,TCGA-LUSC,Tumor,10543.41480848812,14683.633881019345,25227.048689507465
TCGA-AR-A1AV-01,TCGA-BRCA,Tumor,11094.139028855174,10508.526560919217,21602.66558977439
TCGA-39-5034-01,TCGA-LUSC,Tumor,11574.745270421434,14781.09900983133,26355.844280252764
TCGA-FV-A496-01,TCGA-LIHC,Tumor,-4362.923334745115,-1476.0026622127625,-5838.925996957878
TCGA-D8-A1JC-01,TCGA-BRCA,Tumor,13042.947165207745,14603.997045112683,27646.944210320427
TCGA-BH-A209-11,TCGA-BRCA,Normal,14494.44481747942,16170.105151775675,30664.549969255095
TCGA-B0-4842-01,TCGA-KIRC,Tumor,8900.675633577084,16818.988139645156,25719.66377322224
TCGA-EW-A1OW-01,TCGA-BRCA,Tumor,12494.865886107382,13767.611069289287,26262.47695539667
TCGA-DD-AAEH-01,TCGA-LIHC,Tumor,3661.391391709709,14713.367859549984,18374.759251259693
TCGA-B6-A2IU-01,TCGA-BRCA,Tumor,9256.590538450819,10068.539089641428,19325.129628092247
TCGA-50-5939-11,TCGA-LUAD,Normal,13985.886715248762,17278.920391114512,31264.807106363274
TCGA-91-7771-01,TCGA-LUAD,Tumor,12864.88122056545,17926.14931749138,30791.03053805683
TCGA-C8-A137-01,TCGA-BRCA,Tumor,9231.55907452929,7582.616279740585,16814.175354269875
TCGA-IG-A4P3-01,TCGA-LUSC,Tumor,10609.506125762815,16536.261009417645,27145.76713518046
TCGA-B0-5107-01,TCGA-KIRC,Tumor,2861.704238293365,16117.907951038924,18979.61218933229
TCGA-55-6984-01,TCGA-LUAD,Tumor,6268.978427915521,14946.803957297652,21215.782385213173
TCGA-44-3918-01,TCGA-LUAD,Tumor,13196.952740095145,18134.45435191582,31331.407092010966
TCGA-E2-A1LB-11,TCGA-BRCA,Normal,7983.703070409334,10261.669443791707,18245.37251420104
TCGA-C8-A1HN-01,TCGA-BRCA,Tumor,9374.427302033098,12049.286619848117,21423.713921881215
TCGA-DX-AB3B-01,TCGA-KIRC,Tumor,6856.2591858300475,6263.71033098959,13119.969516819638
TCGA-44-3398-11,TCGA-LUAD,Normal,14050.75793985256,18534.87596086603,32585.63390071859
TCGA-E2-A1L8-01,TCGA-BRCA,Tumor,12341.831405386616,12632.87864277804,24974.710048164656
TCGA-BP-4988-01,TCGA-KIRC,Tumor,12258.797518457486,18574.936263080646,30833.733781538132
TCGA-BP-4344-01,TCGA-KIRC,Tumor,12466.568984658505,16121.667828453308,28588.236813111813
TCGA-50-8459-01,TCGA-LUAD,Tumor,15571.374019786486,17945.92335585145,33517.297375637936
TCGA-CZ-4866-01,TCGA-KIRC,Tumor,8047.9980413318335,15370.453569574227,23418.45161090606
TCGA-DX-A8BJ-01,TCGA-KIRC,Tumor,11929.970093726206,11227.250072113315,23157.22016583952
TCGA-DD-A3A3-01,TCGA-LIHC,Tumor,-4693.084680034954,2873.275554498672,-1819.8091255362815
TCGA-A7-A26J-01,TCGA-BRCA,Tumor,12869.640649118384,12976.005695897064,25845.646345015448
TCGA-85-A4PA-01,TCGA-LUSC,Tumor,9111.008227250531,19857.33191686354,28968.34014411407
TCGA-98-8023-01,TCGA-LUSC,Tumor,12934.62925873134,16708.646231041228,29643.275489772568
TCGA-BH-A0E7-01,TCGA-BRCA,Tumor,10544.449930841565,8137.697973932263,18682.14790477383
TCGA-39-5029-01,TCGA-LUSC,Tumor,9987.39047710173,15262.56963191953,25249.96010902126
TCGA-BP-4353-01,TCGA-KIRC,Tumor,12357.173270370778,17720.48011009065,30077.65338046143
TCGA-CC-A9FW-01,TCGA-LIHC,Tumor,-1339.8467229596172,10411.637685788537,9071.79096282892
TCGA-77-7465-01,TCGA-LUSC,Tumor,9828.835343829276,16677.29376223288,26506.129106062155
TCGA-77-8131-01,TCGA-LUSC,Tumor,13006.966881341574,18535.88618336905,31542.853064710624
TCGA-D8-A73U-01,TCGA-BRCA,Tumor,15273.62516550886,19122.775657919727,34396.40082342859
TCGA-D8-A27N-01,TCGA-BRCA,Tumor,13391.249830093973,15191.12840392465,28582.378234018623
TCGA-LL-A8F5-01,TCGA-BRCA,Tumor,7732.541836279539,13062.511333399929,20795.053169679468
TCGA-22-5472-01,TCGA-LUSC,Tumor,10005.140513334274,15158.71235579094,25163.852869125214
TCGA-B8-5551-01,TCGA-KIRC,Tumor,10657.655322244533,19411.89137834236,30069.546700586892
TCGA-L5-A88Z-01,TCGA-LUSC,Tumor,7653.619981792264,10506.538130006596,18160.15811179886
TCGA-BP-4174-01,TCGA-KIRC,Tumor,9275.717180699798,16756.834555859325,26032.551736559122
TCGA-C8-A8HP-01,TCGA-BRCA,Tumor,11573.034294984991,16156.114992957515,27729.149287942506
TCGA-BH-A6R8-01,TCGA-BRCA,Tumor,9232.711581891883,14314.614540578335,23547.32612247022
TCGA-KL-8342-01,TCGA-KIRC,Tumor,4780.070528938897,11686.093844406885,16466.164373345782
TCGA-AK-3426-01,TCGA-KIRC,Tumor,11671.011649291457,19537.553809201516,31208.565458492973
TCGA-BH-A202-01,TCGA-BRCA,Tumor,12645.894150308082,15089.298687045066,27735.19283735315
TCGA-77-8150-01,TCGA-LUSC,Tumor,8153.118095589194,14989.108803172141,23142.226898761335
TCGA-50-5939-01,TCGA-LUAD,Tumor,13176.047537101422,16958.583815378635,30134.631352480057
TCGA-OL-A5RY-01,TCGA-BRCA,Tumor,13953.452881507608,17933.078590152905,31886.531471660513
TCGA-78-7143-01,TCGA-LUAD,Tumor,8006.372605661843,15555.484358092941,23561.856963754784
TCGA-BP-4795-01,TCGA-KIRC,Tumor,14407.907165883149,16819.94500532583,31227.85217120898
TCGA-75-5126-01,TCGA-LUAD,Tumor,12863.501057427526,18315.1312237314,31178.632281158927
TCGA-OL-A66I-01,TCGA-BRCA,Tumor,13776.774214246212,18620.086806146723,32396.861020392935
TCGA-85-7843-01,TCGA-LUSC,Tumor,10747.081356490267,14457.137727297664,25204.21908378793
TCGA-BP-4346-01,TCGA-KIRC,Tumor,11586.697198626116,18789.363103588494,30376.06030221461
TCGA-YA-A8S7-01,TCGA-LIHC,Tumor,7554.330049656175,15530.093624900972,23084.423674557147
TCGA-50-6594-01,TCGA-LUAD,Tumor,9503.757125147917,13890.193032938547,23393.950158086463
TCGA-CW-6087-11,TCGA-KIRC,Normal,5347.520334549525,6152.760154610958,11500.280489160483
TCGA-E9-A1NF-11,TCGA-BRCA,Normal,15370.830624452112,15862.77696932686,31233.607593778972
TCGA-C8-A12V-01,TCGA-BRCA,Tumor,11934.519652111263,19148.14504838276,31082.664700494024
TCGA-A7-A26E-01,TCGA-BRCA,Tumor,12915.54174481874,10284.80140483785,23200.34314965659
TCGA-AO-A03N-01,TCGA-BRCA,Tumor,7689.909735228022,6572.354648389512,14262.264383617534
TCGA-39-5040-11,TCGA-LUSC,Normal,11449.723121430387,18186.85430857747,29636.577430007856
TCGA-MP-A5C7-01,TCGA-LUAD,Tumor,4983.591234959971,11505.619728516209,16489.21096347618
TCGA-B0-5094-01,TCGA-KIRC,Tumor,7950.013572782391,14737.392658089982,22687.406230872373
TCGA-ZP-A9D4-01,TCGA-LIHC,Tumor,114.58555454088491,4205.364195489714,4319.949750030599
TCGA-BH-A42T-01,TCGA-BRCA,Tumor,10363.926015250032,13761.07307999161,24124.99909524164
TCGA-44-5645-01,TCGA-LUAD,Tumor,10971.909220233374,16743.612735282895,27715.52195551627
TCGA-BH-A0HO-01,TCGA-BRCA,Tumor,11362.822643442185,13216.833492099893,24579.656135542078
TCGA-MT-A51X-01,TCGA-LUAD,Tumor,5671.02274841104,11558.293583532552,17229.31633194359
TCGA-A8-A09X-01,TCGA-BRCA,Tumor,13544.213168384955,16650.814549865125,30195.02771825008
TCGA-92-7340-11,TCGA-LUSC,Normal,12789.057618895513,18232.485063044627,31021.54268194014
TCGA-AR-A254-01,TCGA-BRCA,Tumor,13957.03134572603,16088.91741089959,30045.94875662562
TCGA-43-6773-11,TCGA-LUSC,Normal,15648.816111734133,18973.497497491862,34622.313609225996
TCGA-50-5935-01,TCGA-LUAD,Tumor,10630.781269391442,16187.300277055856,26818.081546447298
TCGA-TQ-A7RS-01,TCGA-LUAD,Tumor,1796.2680955188407,4424.084481635371,6220.352577154212
TCGA-55-7914-01,TCGA-LUAD,Tumor,9907.945725755497,15768.356736509882,25676.30246226538
TCGA-DX-A7ES-01,TCGA-KIRC,Tumor,15713.032825983868,18115.156967835344,33828.18979381921
TCGA-BH-A0HL-01,TCGA-BRCA,Tumor,4056.60181767782,3808.357423169411,7864.959240847231
TCGA-DX-A6BF-01,TCGA-KIRC,Tumor,11620.376024888592,17376.570490243943,28996.946515132535
TCGA-HU-A4GF-01,TCGA-LIHC,Tumor,6208.959117023383,14455.704207337407,20664.66332436079
TCGA-85-A50M-01,TCGA-LUSC,Tumor,10775.3604723317,14189.96588934369,24965.32636167539
TCGA-BH-A0AZ-11,TCGA-BRCA,Normal,13167.0195627611,13235.216695957573,26402.236258718673
TCGA-KN-8437-01,TCGA-LUAD,Tumor,3423.2812363248486,7539.546652745863,10962.827889070712
TCGA-A3-A6NJ-01,TCGA-KIRC,Tumor,10939.443372398815,18039.696192557338,28979.139564956153
TCGA-55-7576-01,TCGA-LUAD,Tumor,11845.666314425336,16006.456220530275,27852.12253495561
TCGA-BH-A0H7-01,TCGA-BRCA,Tumor,12032.472106567304,12504.914754315188,24537.386860882492
TCGA-ED-A7XO-01,TCGA-LIHC,Tumor,5581.088045792309,13203.35200165473,18784.44004744704
TCGA-EW-A1J5-01,TCGA-BRCA,Tumor,13044.764854288875,16668.23021667766,29712.995070966535
TCGA-DD-A4NE-01,TCGA-LIHC,Tumor,2333.53572529116,3552.5328027668984,5886.068528058058
TCGA-ZP-A9D0-01,TCGA-LIHC,Tumor,592.0259579814992,6118.586888461443,6710.612846442942
TCGA-44-2666-01,TCGA-LUAD,Tumor,8158.6067340474765,12730.229943702358,20888.836677749834
TCGA-55-7284-01,TCGA-LUAD,Tumor,11689.11028342997,16734.901344755144,28424.011628185115
TCGA-CC-A8HV-01,TCGA-LIHC,Tumor,-2832.6105416308455,2479.598247892529,-353.01229373831666
TCGA-B0-5706-11,TCGA-KIRC,Normal,5106.838380327765,3743.244314304324,8850.082694632089
TCGA-73-4676-01,TCGA-LUAD,Tumor,8358.684146466727,14750.0773533215,23108.761499788227
TCGA-44-6145-11,TCGA-LUAD,Normal,11178.990604865427,18098.33889743304,29277.329502298468
TCGA-66-2782-01,TCGA-LUSC,Tumor,11354.897376763609,16741.151207212173,28096.048583975782
TCGA-OL-A6VO-01,TCGA-BRCA,Tumor,8099.081863042378,13436.389701795586,21535.471564837964
TCGA-DX-A2J4-01,TCGA-KIRC,Tumor,15215.967783285745,17861.90770339122,33077.87548667697
TCGA-78-7166-01,TCGA-LUAD,Tumor,2190.9876387214026,11986.75242406291,14177.740062784313
TCGA-IG-A6QS-01,TCGA-LUSC,Tumor,7595.585544691261,13540.862359941853,21136.447904633114
TCGA-50-5049-01,TCGA-LUAD,Tumor,14970.565528847434,19263.80485361347,34234.370382460904
TCGA-EW-A1J1-01,TCGA-BRCA,Tumor,10354.535214517779,14761.630883919363,25116.16609843714
TCGA-DX-AB2P-01,TCGA-KIRC,Tumor,13448.249144841535,14469.107441109798,27917.356585951333
TCGA-A8-A09W-01,TCGA-BRCA,Tumor,12085.547916311956,13084.049704018787,25169.597620330744
TCGA-B6-A0IM-01,TCGA-BRCA,Tumor,11146.869797815347,12040.045218218427,23186.915016033774
TCGA-44-3396-01,TCGA-LUAD,Tumor,13874.502570048415,18025.869661327695,31900.37223137611
TCGA-HU-A4GU-01,TCGA-LIHC,Tumor,4307.069413117166,11551.21135464698,15858.280767764147
TCGA-BP-5010-01,TCGA-KIRC,Tumor,13235.266495658423,15812.16624477442,29047.432740432843
TCGA-B0-5116-01,TCGA-KIRC,Tumor,8331.575323595334,13651.49239538643,21983.067718981765
TCGA-97-8172-01,TCGA-LUAD,Tumor,13816.123092162929,17542.801891690713,31358.92498385364
TCGA-60-2716-01,TCGA-LUSC,Tumor,1665.0458837716142,5601.470351927077,7266.516235698691
TCGA-66-2768-01,TCGA-LUSC,Tumor,6683.560937515387,15045.094338295192,21728.65527581058
TCGA-BH-A1F0-01,TCGA-BRCA,Tumor,15094.965181577823,18436.980420353826,33531.94560193165
TCGA-44-2661-11,TCGA-LUAD,Normal,15326.444862506276,18116.807472206467,33443.25233471274
TCGA-FV-A495-01,TCGA-LIHC,Tumor,4351.953172071528,12944.126773108273,17296.0799451798
TCGA-BP-4161-01,TCGA-KIRC,Tumor,10392.69601385701,18315.01028160076,28707.70629545777
TCGA-85-8481-01,TCGA-LUSC,Tumor,9688.560257891306,14473.511157513782,24162.071415405087
TCGA-B0-5098-01,TCGA-KIRC,Tumor,1740.1260470502457,6248.190609930953,7988.316656981198
TCGA-50-6597-01,TCGA-LUAD,Tumor,5650.967697453307,15414.127907222162,21065.09560467547
TCGA-DD-AACY-01,TCGA-LIHC,Tumor,494.2406882354662,8725.50162870574,9219.742316941207
TCGA-DD-AADW-01,TCGA-LIHC,Tumor,4584.706302493218,9496.144885160411,14080.851187653629
TCGA-EW-A1PD-01,TCGA-BRCA,Tumor,13392.967919773397,12566.200400457583,25959.16832023098
TCGA-D8-A1J8-01,TCGA-BRCA,Tumor,13007.92730414373,16305.080126694305,29313.007430838035
TCGA-B6-A0RV-01,TCGA-BRCA,Tumor,11421.358634673208,14681.549407826507,26102.908042499716
TCGA-37-4141-01,TCGA-LUSC,Tumor,9766.72444550132,15367.814185429026,25134.538630930347
TCGA-43-5670-11,TCGA-LUSC,Normal,13624.141688253756,18180.166920177235,31804.30860843099
TCGA-ED-A459-01,TCGA-LIHC,Tumor,1652.393202633506,8455.377379915488,10107.770582548994
TCGA-CZ-5463-11,TCGA-KIRC,Normal,9575.450908768555,10378.787668833113,19954.238577601667
TCGA-FY-A40M-01,TCGA-LIHC,Tumor,3037.838665966872,6014.277857903686,9052.116523870558
TCGA-AR-A24N-01,TCGA-BRCA,Tumor,12042.609902812346,12222.603807301948,24265.213710114294
TCGA-ED-A7PY-01,TCGA-LIHC,Tumor,-4125.499703807727,3674.008501632925,-451.4912021748023
TCGA-DX-A6Z0-01,TCGA-KIRC,Tumor,13354.37670873394,15280.405039067828,28634.781747801768
TCGA-FY-A3I5-01,TCGA-LIHC,Tumor,7348.6999705918315,12954.68430968907,20303.3842802809
TCGA-60-2715-01,TCGA-LUSC,Tumor,15151.128572775353,17866.275848580317,33017.40442135567
TCGA-43-6143-11,TCGA-LUSC,Normal,14502.480354924173,18983.983891642874,33486.46424656705
TCGA-FV-A3I1-01,TCGA-LIHC,Tumor,6314.132528103088,13912.108458435283,20226.24098653837
TCGA-AQ-A1H3-01,TCGA-BRCA,Tumor,13638.8468284913,14724.900047418905,28363.746875910205
TCGA-BP-4995-01,TCGA-KIRC,Tumor,9962.23095680658,15145.056566392796,25107.287523199375
TCGA-CC-A3M9-01,TCGA-LIHC,Tumor,9861.649789569808,18529.181009361364,28390.830798931172
TCGA-60-2709-11,TCGA-LUSC,Normal,11296.606826915358,18651.32544706741,29947.93227398277
TCGA-77-A5GA-01,TCGA-LUSC,Tumor,5978.575029513693,12888.774405610344,18867.349435124037
TCGA-97-8176-01,TCGA-LUAD,Tumor,7614.76554376258,14807.898363133132,22422.663906895712
TCGA-C8-A131-01,TCGA-BRCA,Tumor,10866.461910798982,13734.006942578093,24600.468853377075
TCGA-AR-A2LQ-01,TCGA-BRCA,Tumor,15298.503673206342,14503.426549240383,29801.930222446725
TCGA-B8-A54H-01,TCGA-KIRC,Tumor,10542.6108990315,16177.290537184443,26719.901436215943
TCGA-A2-A0EP-01,TCGA-BRCA,Tumor,16433.702082632717,19457.47589023015,35891.17797286287
TCGA-DX-A8BU-01,TCGA-KIRC,Tumor,10761.02527272906,11315.793940229665,22076.819212958726
TCGA-G3-A25Z-01,TCGA-LIHC,Tumor,1217.2185167309908,6804.92636561524,8022.144882346231
TCGA-86-8358-01,TCGA-LUAD,Tumor,9625.239938256924,14213.01603659557,23838.255974852495
TCGA-DX-A6YT-01,TCGA-KIRC,Tumor,12049.987372781547,12934.68972979666,24984.677102578207
TCGA-BH-A0H3-01,TCGA-BRCA,Tumor,14158.496035526183,14533.174756256969,28691.67079178315
TCGA-DX-A6BE-01,TCGA-KIRC,Tumor,16211.659445015877,18184.382109142276,34396.04155415815
TCGA-KN-8430-01,TCGA-LUAD,Tumor,6959.878134818842,13023.32964019322,19983.207775012062
TCGA-BH-A1FJ-01,TCGA-BRCA,Tumor,8699.296314692681,7122.687585392723,15821.983900085404
TCGA-05-4415-01,TCGA-LUAD,Tumor,5906.561104959001,13910.69983832545,19817.26094328445
TCGA-B6-A40C-01,TCGA-BRCA,Tumor,11910.736737832547,14041.641037475001,25952.37777530755
TCGA-CJ-4908-01,TCGA-KIRC,Tumor,13710.142214505115,16479.667206519884,30189.809421025
TCGA-BP-4158-01,TCGA-KIRC,Tumor,10650.003953920637,15468.164139768978,26118.168093689615
TCGA-DD-AADD-01,TCGA-LIHC,Tumor,-1471.3606186689794,9084.269345014047,7612.908726345067
TCGA-55-7281-01,TCGA-LUAD,Tumor,11697.444619079844,16865.88167224108,28563.326291320926
TCGA-BP-5176-01,TCGA-KIRC,Tumor,10091.503865977564,15853.620938612916,25945.12480459048
TCGA-78-7161-01,TCGA-LUAD,Tumor,8673.642354510492,12030.892744625973,20704.535099136465
TCGA-DD-A4NF-01,TCGA-LIHC,Tumor,562.5338637121531,4739.622500481924,5302.1563641940775
TCGA-DD-A1EL-01,TCGA-LIHC,Tumor,21.559713347785873,9694.102253171928,9715.661966519714
TCGA-55-6978-11,TCGA-LUAD,Normal,10916.617323800772,18406.364275693795,29322.981599494567
TCGA-CJ-4907-01,TCGA-KIRC,Tumor,12842.834181573602,15781.532314506945,28624.366496080547
TCGA-E2-A1IF-01,TCGA-BRCA,Tumor,12012.626925777451,12640.188527438939,24652.81545321639
TCGA-AO-A0JE-01,TCGA-BRCA,Tumor,15024.60531851574,16565.84203172423,31590.44735023997
TCGA-S3-AA11-01,TCGA-BRCA,Tumor,8808.951698849138,9591.379698798482,18400.33139764762
TCGA-CJ-4912-01,TCGA-KIRC,Tumor,7209.765919455396,14487.661386798969,21697.427306254365
TCGA-CW-6088-11,TCGA-KIRC,Normal,4869.574819857404,3917.1128555890245,8786.687675446428
TCGA-49-4507-01,TCGA-LUAD,Tumor,7410.889125592559,15964.592457720482,23375.48158331304
TCGA-B0-4699-01,TCGA-KIRC,Tumor,10797.137170090344,16728.42738364427,27525.564553734614
TCGA-KR-A7K0-01,TCGA-LIHC,Tumor,3919.396527585279,9760.28605560535,13679.682583190628
TCGA-56-8504-01,TCGA-LUSC,Tumor,10346.037251279395,15575.841764377281,25921.879015656676
TCGA-KN-8426-01,TCGA-LUAD,Tumor,722.8035295425398,10684.379975995053,11407.183505537592
TCGA-55-8621-01,TCGA-LUAD,Tumor,14020.120452463601,18372.603635637064,32392.724088100666
TCGA-D8-A27I-01,TCGA-BRCA,Tumor,14933.969862963579,15955.233671081642,30889.20353404522
TCGA-DX-A8BN-01,TCGA-KIRC,Tumor,9854.25809111465,10789.176332196872,20643.434423311523
TCGA-52-7622-01,TCGA-LUSC,Tumor,12282.459490605568,17233.168694516713,29515.62818512228
TCGA-A3-3317-01,TCGA-KIRC,Tumor,13728.874016268765,16506.26736101828,30235.141377287044
TCGA-G3-A5SM-01,TCGA-LIHC,Tumor,5892.339733244025,13313.661896165253,19206.00162940928
TCGA-63-A5MI-01,TCGA-LUSC,Tumor,5713.2457804912665,10198.462952044993,15911.708732536259
TCGA-49-6743-11,TCGA-LUAD,Normal,13253.653256637586,17249.559910340275,30503.21316697786
TCGA-KL-8340-01,TCGA-KIRC,Tumor,1165.6438122549007,4875.7037401837915,6041.347552438692
TCGA-55-6970-01,TCGA-LUAD,Tumor,10707.227367322037,16905.757004138246,27612.984371460283
TCGA-AR-A0TX-01,TCGA-BRCA,Tumor,14160.509366289236,16893.531177578876,31054.040543868112
TCGA-AO-A0JG-01,TCGA-BRCA,Tumor,13585.297921588546,15949.371534866961,29534.669456455507
TCGA-B0-5119-01,TCGA-KIRC,Tumor,10700.973947743518,15849.932203628316,26550.906151371833
TCGA-CJ-4916-01,TCGA-KIRC,Tumor,11063.092472494918,18708.9579294401,29772.05040193502
TCGA-DD-A11C-01,TCGA-LIHC,Tumor,5521.623645852531,11598.873225484636,17120.496871337167
TCGA-BC-A10Q-01,TCGA-LIHC,Tumor,4421.117842313139,11646.150927201426,16067.268769514565
TCGA-75-6207-01,TCGA-LUAD,Tumor,8101.771046888429,14104.783501034912,22206.55454792334
TCGA-A8-A07L-01,TCGA-BRCA,Tumor,10605.79249092779,9988.425599455175,20594.218090382965
TCGA-B0-4696-01,TCGA-KIRC,Tumor,7965.152681841653,8835.829308823711,16800.981990665365
TCGA-A2-A0SV-01,TCGA-BRCA,Tumor,11887.956931813864,14609.169099758397,26497.12603157226
TCGA-KN-8433-11,TCGA-LUAD,Normal,6704.597754004222,7343.968999010813,14048.566753015035
TCGA-CJ-5678-11,TCGA-KIRC,Normal,7291.120845041485,11312.42534617912,18603.546191220605
TCGA-XX-A899-01,TCGA-BRCA,Tumor,14747.839923904616,17256.425154814988,32004.265078719603
TCGA-A7-A5ZW-01,TCGA-BRCA,Tumor,14608.297604993477,14967.307205563066,29575.604810556542
TCGA-DX-AB2J-01,TCGA-KIRC,Tumor,8356.368460377067,6174.85699330366,14531.225453680727
TCGA-EP-A12J-11,TCGA-LIHC,Normal,5228.901004239557,13047.229939481087,18276.130943720644
TCGA-L5-A4OT-01,TCGA-LUSC,Tumor,13613.534351972103,15741.873967020638,29355.40831899274
TCGA-EU-5906-01,TCGA-KIRC,Tumor,12258.808189821957,16342.116875642863,28600.92506546482
TCGA-UZ-A9PL-01,TCGA-KIRC,Tumor,-3026.310035219445,5501.4832239790485,2475.1731887596034
TCGA-CW-5580-01,TCGA-KIRC,Tumor,11994.314864349562,15873.42699106639,27867.741855415952
TCGA-66-2753-01,TCGA-LUSC,Tumor,10793.355949947018,15201.351571085437,25994.707521032455
TCGA-DD-A4NB-01,TCGA-LIHC,Tumor,12487.186060811578,14744.855498974935,27232.041559786514
TCGA-43-6770-01,TCGA-LUSC,Tumor,11421.554276355131,13822.522353722521,25244.076630077652
TCGA-HU-A4GY-01,TCGA-LIHC,Tumor,15053.40021697315,19471.946260449393,34525.34647742254
TCGA-B0-5690-01,TCGA-KIRC,Tumor,11406.127040455216,16743.81193408631,28149.938974541525
TCGA-KN-8429-01,TCGA-LUAD,Tumor,3145.2672920709083,10537.8052278992,13683.072519970108
TCGA-98-A53B-01,TCGA-LUSC,Tumor,10010.376596166807,15394.147555815707,25404.524151982514
TCGA-E9-A1NE-01,TCGA-BRCA,Tumor,14547.438813429817,18251.359149667853,32798.79796309767
TCGA-55-8205-01,TCGA-LUAD,Tumor,13216.16831038136,18686.405779196746,31902.574089578105
TCGA-BC-A10Z-01,TCGA-LIHC,Tumor,-2457.864235591762,-620.123660626974,-3077.987896218736
TCGA-L5-A8NK-01,TCGA-LUSC,Tumor,7554.3229354131945,13633.660545359624,21187.98348077282
TCGA-AL-3473-01,TCGA-KIRC,Tumor,6619.248180985436,18043.466741336193,24662.71492232163
TCGA-63-A5MR-01,TCGA-LUSC,Tumor,5953.21631041513,12408.484747856648,18361.701058271778
TCGA-KL-8332-11,TCGA-KIRC,Normal,4166.093574245762,5110.605371985133,9276.698946230896
TCGA-66-2763-01,TCGA-LUSC,Tumor,9202.294636035269,14299.112605127146,23501.407241162415
TCGA-BH-A0BR-01,TCGA-BRCA,Tumor,14312.974707571684,15459.534563035482,29772.509270607166
TCGA-55-7913-01,TCGA-LUAD,Tumor,4952.2494375160895,12349.020347916874,17301.269785432964
TCGA-94-A5I6-01,TCGA-LUSC,Tumor,8356.478731143241,12383.723625168317,20740.202356311558
TCGA-OL-A5D8-01,TCGA-BRCA,Tumor,10020.28673663652,13056.161871541193,23076.448608177714
TCGA-CW-5584-01,TCGA-KIRC,Tumor,11211.082954943591,15872.993022244667,27084.07597718826
TCGA-49-6761-11,TCGA-LUAD,Normal,10654.802510809957,18013.60114931045,28668.403660120406
TCGA-66-2742-01,TCGA-LUSC,Tumor,10704.868995774505,14917.055750281066,25621.92474605557
TCGA-B6-A0IJ-01,TCGA-BRCA,Tumor,7974.266027097721,16610.52303475369,24584.78906185141
TCGA-A3-3376-01,TCGA-KIRC,Tumor,13711.476135063673,17084.779814461213,30796.255949524886
TCGA-OL-A5D7-01,TCGA-BRCA,Tumor,6630.520698985627,16303.212637912326,22933.733336897953
TCGA-FV-A3R3-01,TCGA-LIHC,Tumor,9135.744450088434,13836.174585999175,22971.91903608761
TCGA-73-4659-01,TCGA-LUAD,Tumor,12536.068024320124,15150.093450421915,27686.16147474204
TCGA-CZ-5986-01,TCGA-KIRC,Tumor,10614.254882951285,15169.689632707505,25783.94451565879
TCGA-AK-3454-01,TCGA-KIRC,Tumor,10940.001840472669,16003.720794104858,26943.722634577527
TCGA-A2-A1FW-01,TCGA-BRCA,Tumor,11140.826248404712,12054.80015815682,23195.626406561532
TCGA-56-8304-01,TCGA-LUSC,Tumor,3404.602791383546,13733.323975252115,17137.92676663566
TCGA-CZ-5982-11,TCGA-KIRC,Normal,4346.500104828141,1761.486561594622,6107.986666422763
TCGA-37-4130-01,TCGA-LUSC,Tumor,4221.7554113132755,18234.452151228314,22456.20756254159
TCGA-91-A4BC-01,TCGA-LUAD,Tumor,12761.54328417432,18458.796246448856,31220.339530623176
TCGA-O8-A75V-01,TCGA-LIHC,Tumor,3184.2640149601684,13611.047924050948,16795.311939011117
TCGA-B0-5697-11,TCGA-KIRC,Normal,4748.682488915652,2777.4573729363256,7526.139861851978
TCGA-BC-A10R-11,TCGA-LIHC,Normal,2938.8404177929224,13560.61861269447,16499.459030487393
TCGA-49-4490-11,TCGA-LUAD,Normal,11736.21724331527,17945.04118972205,29681.25843303732
TCGA-A7-A13H-01,TCGA-BRCA,Tumor,13284.834983614444,16413.17749163837,29698.012475252814
TCGA-B0-5691-11,TCGA-KIRC,Normal,12322.512678577204,14279.985962878167,26602.49864145537
TCGA-B0-5121-01,TCGA-KIRC,Tumor,9582.743007822006,16887.34890043014,26470.091908252147
TCGA-AY-5543-01,TCGA-KIRC,Tumor,1112.4257176506653,12260.536950865851,13372.962668516517
TCGA-A2-A0EO-01,TCGA-BRCA,Tumor,13907.338358517878,14633.34329740096,28540.681655918837
TCGA-97-8547-01,TCGA-LUAD,Tumor,12691.57826159758,14623.735512257856,27315.313773855436
TCGA-MI-A75H-01,TCGA-LIHC,Tumor,417.22545086655373,13277.599798504827,13694.82524937138
TCGA-85-A4JC-01,TCGA-LUSC,Tumor,9597.94970218957,15277.477528081978,24875.427230271547
TCGA-97-8175-01,TCGA-LUAD,Tumor,7213.031356982749,16242.417874535484,23455.449231518232
TCGA-CZ-4857-01,TCGA-KIRC,Tumor,12164.775683247335,16796.204776504983,28960.980459752318
TCGA-BH-A0BF-01,TCGA-BRCA,Tumor,15614.614388612707,18171.7187566397,33786.33314525241
TCGA-AR-A5QN-01,TCGA-BRCA,Tumor,13021.938805690825,14589.949972350692,27611.888778041517
TCGA-NI-A8LF-01,TCGA-LIHC,Tumor,1407.3075320077587,7718.028780602428,9125.336312610187
TCGA-AQ-A54N-01,TCGA-BRCA,Tumor,-3154.9568910082817,7713.600164348016,4558.643273339734
TCGA-34-5239-01,TCGA-LUSC,Tumor,14746.69808790649,17174.878144668462,31921.576232574953
TCGA-A2-A04V-01,TCGA-BRCA,Tumor,11582.85906453896,11746.042012869231,23328.90107740819
TCGA-66-2757-01,TCGA-LUSC,Tumor,9932.180394463383,15358.11391512719,25290.294309590572
TCGA-DD-AADG-01,TCGA-LIHC,Tumor,-1712.1528436569133,1960.7742930432069,248.62144938629353
TCGA-63-5128-01,TCGA-LUSC,Tumor,7220.700510914085,9574.625656582994,16795.326167497078
TCGA-85-A4QR-01,TCGA-LUSC,Tumor,-5654.876973970258,1935.0847616461215,-3719.792212324137
TCGA-E2-A14T-01,TCGA-BRCA,Tumor,9525.821949747213,11929.00611380256,21454.828063549772
TCGA-90-7767-01,TCGA-LUSC,Tumor,13185.342295553452,16070.31722263106,29255.65951818451
TCGA-92-7341-01,TCGA-LUSC,Tumor,10313.24059114631,13131.91788790283,23445.15847904914
TCGA-E9-A295-01,TCGA-BRCA,Tumor,11720.82202150876,13472.348642932822,25193.170664441583
TCGA-A3-3352-01,TCGA-KIRC,Tumor,10100.827081401516,16454.689099420695,26555.51618082221
TCGA-86-8075-01,TCGA-LUAD,Tumor,14458.656618173682,16041.611252210885,30500.267870384567
TCGA-E2-A1BC-11,TCGA-BRCA,Normal,9113.395055769975,10566.856239103847,19680.251294873822
TCGA-B8-5159-01,TCGA-KIRC,Tumor,10549.348087132585,15893.770168864768,26443.118255997353
TCGA-55-6985-01,TCGA-LUAD,Tumor,12947.886650522658,17172.11426127113,30120.000911793788
TCGA-EW-A1P4-01,TCGA-BRCA,Tumor,11225.172713163458,16293.779151722203,27518.95186488566
TCGA-55-A48X-01,TCGA-LUAD,Tumor,11981.25311424016,17384.10447355868,29365.35758779884
TCGA-DD-AADR-01,TCGA-LIHC,Tumor,-330.79807003646056,9950.161643592746,9619.363573556286
TCGA-NK-A5CX-01,TCGA-LUSC,Tumor,10208.138322496397,15436.132260756141,25644.27058325254
TCGA-B4-5843-01,TCGA-KIRC,Tumor,11140.961419021307,14211.67144467255,25352.632863693856
TCGA-DX-A6YS-01,TCGA-KIRC,Tumor,12148.800650638044,11501.795822915006,23650.59647355305
TCGA-22-4609-01,TCGA-LUSC,Tumor,13579.051616253,17505.875413508333,31084.927029761333
TCGA-43-6771-01,TCGA-LUSC,Tumor,8608.116619552628,14850.790134053383,23458.90675360601
TCGA-A2-A0T4-01,TCGA-BRCA,Tumor,14516.794211797878,15687.023153652732,30203.81736545061
TCGA-BH-A0W3-01,TCGA-BRCA,Tumor,9012.358576982551,10937.227285710866,19949.585862693417
TCGA-22-1017-01,TCGA-LUSC,Tumor,7931.441841485772,15975.57684888002,23907.018690365792
TCGA-BH-A42U-01,TCGA-BRCA,Tumor,11919.82518323819,15477.853738706344,27397.678921944535
TCGA-DD-AAE1-01,TCGA-LIHC,Tumor,-2151.229691833396,7847.735658595131,5696.505966761735
TCGA-B8-A7U6-01,TCGA-KIRC,Tumor,10997.1114259864,16244.993230493874,27242.104656480275
TCGA-A8-A08G-01,TCGA-BRCA,Tumor,11889.433137231998,13742.472891723079,25631.906028955076
TCGA-BH-A0BQ-01,TCGA-BRCA,Tumor,13833.720172171434,15525.853536085506,29359.57370825694
TCGA-IG-A97I-01,TCGA-LUSC,Tumor,8621.505624839061,11416.28262230771,20037.78824714677
TCGA-EW-A1IX-01,TCGA-BRCA,Tumor,13928.53880259523,13939.000296895818,27867.53909949105
TCGA-MI-A75G-01,TCGA-LIHC,Tumor,-2610.703074630608,1056.5113249573988,-1554.1917496732094
TCGA-DX-A23Z-01,TCGA-KIRC,Tumor,14838.770620540407,14473.706799195705,29312.47741973611
TCGA-GM-A5PV-01,TCGA-BRCA,Tumor,6537.341901568478,12977.179545988594,19514.521447557072
TCGA-B6-A401-01,TCGA-BRCA,Tumor,11950.686769280986,14308.798646943022,26259.485416224008
TCGA-C8-A1HG-01,TCGA-BRCA,Tumor,11638.165189457523,15593.766099562814,27231.931289020336
TCGA-E2-A10E-01,TCGA-BRCA,Tumor,11359.130351336102,13563.95519265161,24923.085543987712
TCGA-56-A49D-01,TCGA-LUSC,Tumor,9139.78534010049,16723.354928400262,25863.140268500752
TCGA-CC-A7IF-01,TCGA-LIHC,Tumor,-1781.5807408887486,1548.1659858700077,-233.41475501874083
TCGA-CZ-5456-11,TCGA-KIRC,Normal,4039.7908615185006,3874.7653242566666,7914.556185775167
TCGA-MT-A67D-01,TCGA-LUAD,Tumor,10022.833635622996,14660.548162552568,24683.381798175564
TCGA-A7-A0CG-01,TCGA-BRCA,Tumor,14884.689501848206,16274.243440501934,31158.93294235014
TCGA-44-2657-01,TCGA-LUAD,Tumor,12466.213272509554,18734.238391865892,31200.451664375447
TCGA-DX-AB2F-01,TCGA-KIRC,Tumor,12762.155109070514,13329.373701784327,26091.52881085484
TCGA-55-6982-11,TCGA-LUAD,Normal,12968.151571648272,18775.65395736801,31743.80552901628
TCGA-DD-A3A5-01,TCGA-LIHC,Tumor,-715.2090751624855,5890.7923853961,5175.583310233615
TCGA-55-7725-01,TCGA-LUAD,Tumor,6938.218822069346,17129.22249035088,24067.441312420226
TCGA-A2-A0CS-01,TCGA-BRCA,Tumor,11158.220572488306,11033.052581516193,22191.2731540045
TCGA-A1-A0SG-01,TCGA-BRCA,Tumor,12274.228311478892,14081.082400550451,26355.310712029343
TCGA-GJ-A3OU-01,TCGA-LIHC,Tumor,11486.005760623168,18168.396405168514,29654.402165791682
TCGA-B0-5402-01,TCGA-KIRC,Tumor,12002.051603589203,15945.817970498963,27947.869574088167
TCGA-22-5474-01,TCGA-LUSC,Tumor,10856.996410515454,17169.467762882956,28026.46417339841
TCGA-22-5483-11,TCGA-LUSC,Normal,12174.226955044902,18095.41850069017,30269.645455735073
TCGA-DX-A1L1-01,TCGA-KIRC,Tumor,12572.862889007392,17982.67553508084,30555.538424088234
TCGA-DX-A3LU-01,TCGA-KIRC,Tumor,11674.711055640528,17499.696693481095,29174.407749121623
TCGA-E2-A1BD-01,TCGA-BRCA,Tumor,10389.370105264341,10886.513404635229,21275.88350989957
TCGA-E2-A14Z-01,TCGA-BRCA,Tumor,13435.070009722982,16752.76876599684,30187.83877571982
TCGA-70-6723-01,TCGA-LUSC,Tumor,2031.3475833946577,9589.746980034808,11621.094563429466
TCGA-DV-A4VZ-01,TCGA-KIRC,Tumor,3750.945482329069,7473.487349564573,11224.432831893642
TCGA-B8-5553-01,TCGA-KIRC,Tumor,11571.995615510063,17412.102576802445,28984.098192312507
TCGA-A2-A04R-01,TCGA-BRCA,Tumor,9267.450430358229,7903.056011999655,17170.506442357884
TCGA-CC-A7IJ-01,TCGA-LIHC,Tumor,11597.944816775878,16605.432793902237,28203.377610678115
TCGA-05-5715-01,TCGA-LUAD,Tumor,11631.438672720902,15335.24162394978,26966.680296670682
TCGA-55-A492-01,TCGA-LUAD,Tumor,4320.36593324487,12594.675157980939,16915.04109122581
TCGA-96-8170-01,TCGA-LUSC,Tumor,9773.963187732432,15068.919938031791,24842.883125764223
TCGA-A7-A425-01,TCGA-BRCA,Tumor,12674.25152282228,14475.762815416627,27150.014338238907
TCGA-E9-A1RF-01,TCGA-BRCA,Tumor,13100.985159430234,15525.853536085506,28626.83869551574
TCGA-B6-A408-01,TCGA-BRCA,Tumor,12062.949523489242,15431.066919755107,27494.01644324435
TCGA-UZ-A9PK-01,TCGA-KIRC,Tumor,2370.0993770816094,13071.457493945996,15441.556871027606
TCGA-BH-A0BZ-11,TCGA-BRCA,Normal,13962.306556894942,14732.06053297724,28694.367089872183
TCGA-AN-A0AM-01,TCGA-BRCA,Tumor,10753.903915507104,14486.768549305107,25240.67246481221
TCGA-B8-4620-11,TCGA-KIRC,Normal,12810.606660878835,16579.86420463579,29390.470865514624
TCGA-D8-A1JU-01,TCGA-BRCA,Tumor,16200.070343203126,15398.554829341181,31598.625172544307
TCGA-CJ-4872-01,TCGA-KIRC,Tumor,13543.53731530195,17306.733524040817,30850.270839342767
TCGA-G3-AAV2-01,TCGA-LIHC,Tumor,-1369.811914387068,5264.582489900615,3894.7705755135466
TCGA-78-7145-01,TCGA-LUAD,Tumor,10696.865472423156,13980.451433612823,24677.31690603598
TCGA-63-A5MY-01,TCGA-LUSC,Tumor,-5686.905295861612,2619.1085527102623,-3067.79674315135
TCGA-AR-A1AH-01,TCGA-BRCA,Tumor,8145.150143452742,7981.259327946056,16126.409471398798
TCGA-86-8278-01,TCGA-LUAD,Tumor,12142.753544105912,15534.308813866013,27677.062357971925
TCGA-BC-A3KF-01,TCGA-LIHC,Tumor,719.0649948570863,6521.903994304099,7240.968989161185
TCGA-CJ-5672-11,TCGA-KIRC,Normal,7220.43728392386,5126.7796033978375,12347.216887321698
TCGA-BH-A1EN-01,TCGA-BRCA,Tumor,10543.493065160892,9127.278500943452,19670.771566104344
TCGA-CJ-4876-01,TCGA-KIRC,Tumor,7141.405158670412,15165.776799069066,22307.181957739478
TCGA-E9-A3QA-01,TCGA-BRCA,Tumor,11660.14464314107,17853.889951553912,29514.034594694982
TCGA-BH-A0EB-01,TCGA-BRCA,Tumor,13509.047465339874,15552.738260303053,29061.785725642927
TCGA-63-A5M9-01,TCGA-LUSC,Tumor,10293.128626244743,14602.125999209213,24895.254625453956
TCGA-BH-A1EY-01,TCGA-BRCA,Tumor,14420.033393040812,16489.385262429165,30909.418655469977
TCGA-B4-5844-01,TCGA-KIRC,Tumor,10562.623264531361,15104.537395506039,25667.1606600374
TCGA-DX-A23V-01,TCGA-KIRC,Tumor,13665.934308633758,17191.980784789925,30857.915093423682
TCGA-DD-AAC8-01,TCGA-LIHC,Tumor,344.58547292971343,9026.981903425836,9371.56737635555
TCGA-E2-A574-01,TCGA-BRCA,Tumor,-2913.222028825632,547.5512679984276,-2365.6707608272045
TCGA-D8-A1JB-01,TCGA-BRCA,Tumor,13664.788915514142,17194.24311405724,30859.032029571383
TCGA-38-4632-11,TCGA-LUAD,Normal,11349.935192285771,19139.476343312872,30489.411535598643
TCGA-D8-A27P-01,TCGA-BRCA,Tumor,10994.863325205046,10873.092385255393,21867.95571046044
TCGA-E9-A5FL-01,TCGA-BRCA,Tumor,9789.450894697664,10518.102331968923,20307.553226666587
TCGA-LL-A5YM-01,TCGA-BRCA,Tumor,6004.7092010969645,9599.991489924534,15604.700691021499
TCGA-BH-A1FC-01,TCGA-BRCA,Tumor,8311.385102020999,15721.808244698437,24033.193346719436
TCGA-KN-8425-11,TCGA-LUAD,Normal,2996.7788126137093,4302.491397760194,7299.270210373903
TCGA-DX-A23U-01,TCGA-KIRC,Tumor,12641.959973940702,11598.208043766102,24240.168017706805
TCGA-KL-8324-01,TCGA-KIRC,Tumor,-132.49566124046396,4872.744215104536,4740.248553864072
TCGA-V5-AASX-01,TCGA-KIRC,Tumor,8378.981081685746,14973.443240132434,23352.42432181818
TCGA-CJ-4644-01,TCGA-KIRC,Tumor,11777.99207808782,17056.141429349347,28834.133507437167
TCGA-XX-A89A-01,TCGA-BRCA,Tumor,15431.689416015764,16711.392328831116,32143.08174484688
TCGA-50-5933-11,TCGA-LUAD,Normal,12179.672908045311,17627.61433936458,29807.28724740989
TCGA-GM-A2DL-01,TCGA-BRCA,Tumor,12728.394469013783,13743.792583795675,26472.18705280946
TCGA-64-5778-01,TCGA-LUAD,Tumor,6915.061961172778,17565.02322963555,24480.085190808328
TCGA-E2-A1LH-11,TCGA-BRCA,Normal,8328.953725057581,14226.22718580753,22555.18091086511
TCGA-AK-3436-01,TCGA-KIRC,Tumor,7041.154803732159,14365.758833354204,21406.913637086363
TCGA-68-A59J-01,TCGA-LUSC,Tumor,9436.655585370208,15995.546528922012,25432.20211429222
TCGA-BP-4971-01,TCGA-KIRC,Tumor,13498.54328558141,17814.98215670189,31313.525442283302
TCGA-A3-A8CQ-01,TCGA-KIRC,Tumor,11121.397250829123,15303.05678871289,26424.45403954201
TCGA-L5-A8NG-01,TCGA-LUSC,Tumor,12363.682802696541,15004.070056156928,27367.75285885347
TCGA-DD-AADV-01,TCGA-LIHC,Tumor,4799.833895934495,10528.930209782924,15328.764105717419
TCGA-66-2777-01,TCGA-LUSC,Tumor,11361.751949873851,16017.469068661729,27379.22101853558
TCGA-BH-A18P-11,TCGA-BRCA,Normal,10291.403422322339,10760.20713478648,21051.61055710882
TCGA-J2-8194-01,TCGA-LUAD,Tumor,12119.51131229359,15560.713326682486,27680.224638976077
TCGA-55-A57B-01,TCGA-LUAD,Tumor,12436.205395624227,16267.7232368117,28703.928632435927
TCGA-85-8355-01,TCGA-LUSC,Tumor,12359.659698291933,18890.588109814864,31250.247808106797
TCGA-WQ-A9G7-01,TCGA-LIHC,Tumor,-1842.8877297600811,4386.314965659985,2543.427235899904
TCGA-38-4627-01,TCGA-LUAD,Tumor,16361.50674488206,17143.258891748406,33504.765636630465
TCGA-ZS-A9CG-01,TCGA-LIHC,Tumor,1154.261023488536,7495.306732781093,8649.56775626963
TCGA-AO-A12E-01,TCGA-BRCA,Tumor,12643.521550274589,12958.828356224327,25602.349906498916
TCGA-77-8130-01,TCGA-LUSC,Tumor,10220.730532569189,11476.59006004049,21697.320592609678
TCGA-AR-A24S-01,TCGA-BRCA,Tumor,14578.367984780922,16134.309838226949,30712.67782300787
TCGA-KL-8339-01,TCGA-KIRC,Tumor,-120.54373303578177,6937.500283528469,6816.956550492687
TCGA-BH-A0B3-11,TCGA-BRCA,Normal,13129.886771532332,15326.263449310314,28456.150220842646
TCGA-E2-A15K-01,TCGA-BRCA,Tumor,11928.36583193445,15459.513220306548,27387.879052240998
TCGA-AO-A12G-01,TCGA-BRCA,Tumor,11315.310171707093,12781.480950122907,24096.79112183
TCGA-BH-A0HA-01,TCGA-BRCA,Tumor,13849.823261154346,15053.065847553142,28902.889108707488
TCGA-FY-A3R8-01,TCGA-LIHC,Tumor,7756.274950857405,13606.281381255034,21362.55633211244
TCGA-56-7823-01,TCGA-LUSC,Tumor,3755.818738769667,11810.301412576842,15566.12015134651
TCGA-BP-4770-01,TCGA-KIRC,Tumor,14450.85940786872,15367.753714363706,29818.613122232426
TCGA-85-8072-01,TCGA-LUSC,Tumor,9324.79478589027,15115.023789657043,24439.818575547313
TCGA-DD-AAD6-01,TCGA-LIHC,Tumor,-4025.942987559927,3255.8759847865476,-770.0670027733795
TCGA-F5-6571-01,TCGA-LIHC,Tumor,11800.231201640101,15405.249331984403,27205.480533624504
TCGA-86-7711-01,TCGA-LUAD,Tumor,11834.671251901327,16048.220383938355,27882.891635839682
TCGA-FV-A3I0-01,TCGA-LIHC,Tumor,5068.9977219225875,10013.944389020759,15082.942110943346
TCGA-BP-4803-01,TCGA-KIRC,Tumor,11382.945279708223,15894.719920302461,27277.665200010684
TCGA-05-5423-01,TCGA-LUAD,Tumor,8943.108535825191,17276.305906819736,26219.414442644927
TCGA-BP-4961-01,TCGA-KIRC,Tumor,11911.359234093205,15511.578807548187,27422.93804164139
TCGA-G3-A3CH-01,TCGA-LIHC,Tumor,2680.8993101041633,12477.866402509117,15158.76571261328
TCGA-21-1071-01,TCGA-LUSC,Tumor,11141.085918273438,14734.842201982025,25875.928120255463
TCGA-44-6778-11,TCGA-LUAD,Normal,12649.465500283524,19095.318237142365,31744.78373742589
TCGA-LG-A6GG-01,TCGA-LIHC,Tumor,-926.8827036374678,4325.626915927824,3398.744212290356
TCGA-W8-A86G-01,TCGA-BRCA,Tumor,9637.369722536077,9155.774601195742,18793.14432373182
TCGA-B0-5102-01,TCGA-KIRC,Tumor,6921.016582546181,15336.724943610894,22257.741526157075
TCGA-E2-A153-01,TCGA-BRCA,Tumor,14701.803657587658,13076.661562685116,27778.465220272774
TCGA-AR-A24W-01,TCGA-BRCA,Tumor,12819.246908976802,11558.471439607023,24377.718348583825
TCGA-D8-A1JJ-01,TCGA-BRCA,Tumor,12622.844003056194,13419.664116552009,26042.508119608203
TCGA-QN-A5NN-01,TCGA-LIHC,Tumor,9450.080161871538,10041.793093161967,19491.873255033504
TCGA-DD-AADM-01,TCGA-LIHC,Tumor,-829.6203307503893,6504.232214744323,5674.611883993934
TCGA-CC-5258-01,TCGA-LIHC,Tumor,4129.206224399768,13041.296660836622,17170.50288523639
TCGA-DX-A48P-01,TCGA-KIRC,Tumor,11511.631263833446,14568.109246405238,26079.740510238684
TCGA-77-8008-01,TCGA-LUSC,Tumor,15120.487528264897,16354.335587959253,31474.82311622415
TCGA-CJ-4885-01,TCGA-KIRC,Tumor,8585.77433947715,13965.86012126294,22551.63446074009
TCGA-91-8496-01,TCGA-LUAD,Tumor,8512.711064083062,17078.643779891845,25591.354843974907
TCGA-AO-A03P-01,TCGA-BRCA,Tumor,8093.689266864312,10169.276770223736,18262.96603708805
TCGA-77-8007-11,TCGA-LUSC,Normal,14248.516109060667,19048.24684847197,33296.762957532635
TCGA-DD-A3A6-01,TCGA-LIHC,Tumor,6344.296918333948,11214.25235019073,17558.54926852468
TCGA-E2-A158-01,TCGA-BRCA,Tumor,2985.78019296821,9221.887261199372,12207.667454167582
TCGA-B0-4712-01,TCGA-KIRC,Tumor,11871.95699935414,17436.52933007076,29308.4863294249
TCGA-CJ-4868-01,TCGA-KIRC,Tumor,14337.209376279567,18121.317902255138,32458.527278534704
TCGA-A8-A079-01,TCGA-BRCA,Tumor,8043.508954012101,11648.886353626836,19692.395307638937
TCGA-B8-5549-01,TCGA-KIRC,Tumor,10586.580477763066,16212.861752079323,26799.44222984239
TCGA-86-8280-01,TCGA-LUAD,Tumor,13432.042899335425,17533.613846883363,30965.65674621879
TCGA-BH-A204-01,TCGA-BRCA,Tumor,9940.81352831837,7681.358415167291,17622.17194348566
TCGA-BH-A0B4-01,TCGA-BRCA,Tumor,13198.809557512654,14527.351748378675,27726.161305891328
TCGA-CC-A8HS-01,TCGA-LIHC,Tumor,1105.8308144091534,7749.061108476726,8854.89192288588
TCGA-B0-4815-01,TCGA-KIRC,Tumor,11563.508323636142,18776.144840133555,30339.653163769697
TCGA-AO-A03T-01,TCGA-BRCA,Tumor,6493.1411099400975,12605.50659291643,19098.647702856528
TCGA-UB-AA0U-01,TCGA-LIHC,Tumor,7604.741575405202,13789.57985160837,21394.321427013572
TCGA-E9-A1N6-01,TCGA-BRCA,Tumor,13061.607824541603,12966.355225296084,26027.963049837686
TCGA-96-A4JL-01,TCGA-LUSC,Tumor,12666.87049573159,18325.546475452622,30992.41697118421
TCGA-GM-A2DM-01,TCGA-BRCA,Tumor,7711.878517547102,12632.867971413576,20344.746488960678
TCGA-A2-A4RX-01,TCGA-BRCA,Tumor,14238.926109525008,15211.78460841411,29450.710717939117
TCGA-60-2698-01,TCGA-LUSC,Tumor,11026.457678274677,17227.303001180542,28253.76067945522
TCGA-G3-A25Y-01,TCGA-LIHC,Tumor,7459.74618925068,13500.232918288919,20959.9791075396
TCGA-E9-A1N9-11,TCGA-BRCA,Normal,11702.011963072346,12478.873067890647,24180.885030962992
TCGA-D8-A27H-01,TCGA-BRCA,Tumor,12639.1534050855,12091.182396751308,24730.33580183681
TCGA-B0-4698-01,TCGA-KIRC,Tumor,7200.730830872097,17551.73026662933,24752.461097501426
TCGA-HU-A4GP-01,TCGA-LIHC,Tumor,6407.706166005566,12561.547685549329,18969.253851554895
TCGA-E9-A1NC-01,TCGA-BRCA,Tumor,11445.280276690017,16554.117759294877,27999.398035984894
TCGA-L5-A88S-01,TCGA-LUSC,Tumor,14096.698163889301,13123.736508477003,27220.434672366304
TCGA-B0-5096-01,TCGA-KIRC,Tumor,11003.044704630865,16839.025404995442,27842.070109626307
TCGA-A2-A3XS-01,TCGA-BRCA,Tumor,10860.261848042803,14518.181489178776,25378.44333722158
TCGA-44-6146-01,TCGA-LUAD,Tumor,7705.678454790923,12405.891606290814,20111.570061081737
TCGA-63-7023-01,TCGA-LUSC,Tumor,6561.039444931452,13177.424143117856,19738.463588049308
TCGA-AK-3465-01,TCGA-KIRC,Tumor,5729.612096464403,7261.522037127452,12991.134133591855
TCGA-K7-A6G5-01,TCGA-LIHC,Tumor,2068.6973590342823,11763.329623308146,13832.026982342428
TCGA-DD-A116-01,TCGA-LIHC,Tumor,794.0669014629493,7962.652025434541,8756.71892689749
TCGA-AR-A0TZ-01,TCGA-BRCA,Tumor,11048.049405715876,11487.499751648753,22535.54915736463
TCGA-22-4591-01,TCGA-LUSC,Tumor,5786.301941642381,13281.153362872825,19067.455304515206
TCGA-78-7146-01,TCGA-LUAD,Tumor,7083.356493083451,14195.376271129197,21278.732764212647
TCGA-22-5478-11,TCGA-LUSC,Normal,12200.133470852848,18916.572882295575,31116.706353148424
TCGA-AO-A0J7-01,TCGA-BRCA,Tumor,6527.7554591543085,8697.603124863686,15225.358584017995
TCGA-35-4122-01,TCGA-LUAD,Tumor,11134.811155965985,18126.091559294033,29260.902715260017
TCGA-D8-A1XY-01,TCGA-BRCA,Tumor,13775.988090397037,11296.97676755027,25072.964857947307
TCGA-L5-A43I-01,TCGA-LUSC,Tumor,2848.123148446499,10159.658313716162,13007.78146216266
TCGA-BH-A0BM-11,TCGA-BRCA,Normal,7934.248410340977,12723.10502935891,20657.353439699888
TCGA-A2-A0CK-01,TCGA-BRCA,Tumor,11593.790098876158,13913.339222470651,25507.12932134681
TCGA-G3-AAV5-01,TCGA-LIHC,Tumor,-2889.3430722666963,6242.552572370114,3353.2095001034177
TCGA-BH-A0E1-11,TCGA-BRCA,Normal,7066.068882644537,11707.315631213172,18773.38451385771
TCGA-A2-A0YH-01,TCGA-BRCA,Tumor,13876.562143390827,16419.03607073156,30295.598214122387
TCGA-78-8648-01,TCGA-LUAD,Tumor,16121.68205693927,18985.00122838887,35106.68328532814
TCGA-DD-A11B-01,TCGA-LIHC,Tumor,257.3008258206464,5887.768832130034,6145.06965795068
TCGA-DX-A48N-01,TCGA-KIRC,Tumor,11043.144135181868,12258.1856935613,23301.329828743168
TCGA-G3-A5SK-01,TCGA-LIHC,Tumor,2071.7137980573716,12279.901920254622,14351.615718311994
TCGA-A2-A4S2-01,TCGA-BRCA,Tumor,13239.595512511132,16054.502260488789,29294.09777299992
TCGA-DD-AAD5-01,TCGA-LIHC,Tumor,850.3085493332474,10436.804320326668,11287.112869659915
TCGA-AQ-A7U7-01,TCGA-BRCA,Tumor,15758.528409834424,18465.508534699522,34224.036944533946
TCGA-TQ-A7RF-01,TCGA-LUAD,Tumor,3887.108535825191,8550.139096395458,12437.24763222065
TCGA-B0-4700-01,TCGA-KIRC,Tumor,14625.467830423233,18727.66127423183,33353.12910465506
TCGA-B0-5092-01,TCGA-KIRC,Tumor,11252.647919548264,18612.222010533467,29864.86993008173
TCGA-E2-A10A-01,TCGA-BRCA,Tumor,10781.179923088504,11678.783959745986,22459.96388283449
TCGA-XM-A8R8-01,TCGA-KIRC,Tumor,12156.302619859369,20338.084000410865,32494.386620270234
TCGA-CZ-4859-01,TCGA-KIRC,Tumor,7400.5912588804895,14074.359440935314,21474.950699815803
TCGA-C8-A12P-01,TCGA-BRCA,Tumor,12502.10462833849,13798.40862714528,26300.51325548377
TCGA-DD-A73E-01,TCGA-LIHC,Tumor,-2362.376866327937,1360.7127976169504,-1001.6640687109866
TCGA-94-8491-01,TCGA-LUSC,Tumor,7545.387446231602,15516.195951241545,23061.583397473147
TCGA-77-7142-11,TCGA-LUSC,Normal,13243.405189626374,17883.396274309223,31126.801463935597
TCGA-BH-A0BJ-11,TCGA-BRCA,Normal,12469.364882149242,12753.130691851682,25222.495574000925
TCGA-DD-AADJ-01,TCGA-LIHC,Tumor,-2180.0317045337833,7279.9336979570435,5099.90199342326
TCGA-86-7953-01,TCGA-LUAD,Tumor,11656.914776828617,16901.716114126186,28558.630890954802
TCGA-GM-A5PX-01,TCGA-BRCA,Tumor,13075.39878455635,12922.666659162187,25998.065443718537
TCGA-A7-A13F-01,TCGA-BRCA,Tumor,10511.799112689547,10234.091080883703,20745.89019357325
TCGA-EU-5907-01,TCGA-KIRC,Tumor,8553.674875156008,12825.212201714672,21378.88707687068
TCGA-DX-A3M1-01,TCGA-KIRC,Tumor,14242.14530447299,14133.361415081457,28375.506719554447
TCGA-60-2697-01,TCGA-LUSC,Tumor,14234.949247699758,18969.193380489578,33204.14262818934
TCGA-D8-A1X9-01,TCGA-BRCA,Tumor,12934.540330694097,14321.277029128152,27255.81735982225
TCGA-L5-A891-01,TCGA-LUSC,Tumor,4167.9397202988075,8716.423854664568,12884.363574963376
TCGA-AR-A1AN-01,TCGA-BRCA,Tumor,13653.736939046303,13646.69383849711,27300.430777543414
TCGA-AL-3468-01,TCGA-KIRC,Tumor,-229.3062796983795,7542.705376628528,7313.3990969301485
TCGA-44-5643-01,TCGA-LUAD,Tumor,5791.459767802138,14846.834614957075,20638.294382759213
TCGA-21-5784-01,TCGA-LUSC,Tumor,9158.5633844435,16105.799509488705,25264.362893932204
TCGA-D8-A1Y0-01,TCGA-BRCA,Tumor,14296.217108234701,16120.963518398388,30417.18062663309
TCGA-DD-A4NH-01,TCGA-LIHC,Tumor,5513.27863883819,12808.387017069395,18321.665655907585
TCGA-EW-A1PG-01,TCGA-BRCA,Tumor,12689.362174909624,11968.369220205237,24657.73139511486
TCGA-AN-A0FN-01,TCGA-BRCA,Tumor,16565.447191238894,17423.396437531566,33988.84362877046
TCGA-L5-A8NV-01,TCGA-LUSC,Tumor,11208.493370499247,16032.085280862037,27240.578651361284
TCGA-98-A53D-01,TCGA-LUSC,Tumor,15144.295342394045,17927.78203625506,33072.077378649105
TCGA-UB-AA0V-01,TCGA-LIHC,Tumor,7363.102755502772,13182.546398062714,20545.649153565486
TCGA-EW-A1PF-01,TCGA-BRCA,Tumor,14383.10691485844,14839.382445436593,29222.489360295032
TCGA-AO-A03L-01,TCGA-BRCA,Tumor,13286.887442713876,14571.492068941738,27858.379511655614
TCGA-BW-A5NP-01,TCGA-KIRC,Tumor,-4081.9676510193676,2343.584593498963,-1738.3830575204047
TCGA-AN-A0FY-01,TCGA-BRCA,Tumor,11164.840375580246,12194.05435022731,23358.894725807557
TCGA-77-7138-01,TCGA-LUSC,Tumor,4553.41786187168,11422.64986977389,15976.06773164557
TCGA-DD-A4NL-01,TCGA-LIHC,Tumor,2627.2436895567225,9606.63974998839,12233.883439545112
TCGA-EP-A3JL-01,TCGA-LIHC,Tumor,4539.747843987574,14040.378259346235,18580.12610333381
TCGA-73-7498-01,TCGA-LUAD,Tumor,11153.859541542191,15705.605556313818,26859.46509785601
TCGA-E9-A1R3-01,TCGA-BRCA,Tumor,13061.543796354792,14122.067554352336,27183.611350707128
TCGA-E2-A1IN-01,TCGA-BRCA,Tumor,13305.459174010499,10715.344718561053,24020.803892571552
TCGA-75-6214-01,TCGA-LUAD,Tumor,5201.710367573909,11445.796059305994,16647.506426879903
TCGA-93-7348-01,TCGA-LUAD,Tumor,12762.051952547317,15717.464999359774,28479.51695190709
TCGA-97-8174-01,TCGA-LUAD,Tumor,12666.347598872639,16538.356153974953,29204.703752847592
TCGA-CJ-4640-01,TCGA-KIRC,Tumor,11970.48570749148,18053.29151089016,30023.77721838164
TCGA-A2-A25E-01,TCGA-BRCA,Tumor,11530.106952849845,12614.790680003996,24144.89763285384
TCGA-HU-A4H3-01,TCGA-LIHC,Tumor,5664.200189394203,13619.033661794852,19283.233851189056
TCGA-B0-4839-01,TCGA-KIRC,Tumor,8993.907787816574,16142.252890512977,25136.16067832955
TCGA-CJ-6033-01,TCGA-KIRC,Tumor,10759.90477945987,15788.009832739303,26547.914612199173
TCGA-55-8620-01,TCGA-LUAD,Tumor,6416.165000907571,15052.496708114817,21468.661709022388
TCGA-CZ-5468-01,TCGA-KIRC,Tumor,10508.409175910067,15674.551885710582,26182.96106162065
TCGA-DD-AAD1-01,TCGA-LIHC,Tumor,10702.553309684849,16229.501966407148,26932.055276091996
TCGA-EW-A1IY-01,TCGA-BRCA,Tumor,14309.641684736034,16550.6246659922,30860.266350728234
TCGA-B6-A0X4-01,TCGA-BRCA,Tumor,3188.9949865411872,4677.251932285235,7866.246918826422
TCGA-D8-A1XQ-01,TCGA-BRCA,Tumor,11756.738277188128,16223.550902155232,27980.28917934336
TCGA-44-2662-11,TCGA-LUAD,Normal,13626.485831315327,18618.749328466674,32245.235159782
TCGA-A2-A0CL-01,TCGA-BRCA,Tumor,15118.879709351651,19022.63201662616,34141.51172597781
TCGA-CJ-4892-01,TCGA-KIRC,Tumor,11672.761753064286,17109.91443490594,28782.676187970224
TCGA-A7-A0CH-11,TCGA-BRCA,Normal,12794.770356007637,16112.344613029363,28907.114969037
TCGA-C8-A27A-01,TCGA-BRCA,Tumor,9228.848547954301,10388.434582312602,19617.283130266904
TCGA-B0-5088-01,TCGA-KIRC,Tumor,11965.381238154067,17429.016689484957,29394.397927639024
TCGA-DD-AADF-01,TCGA-LIHC,Tumor,-4019.7571532897055,3489.692694533598,-530.0644587561073
TCGA-B8-5162-01,TCGA-KIRC,Tumor,12852.666065370544,19396.6170986665,32249.283164037042
TCGA-E9-A1R7-01,TCGA-BRCA,Tumor,8536.590020641994,8560.604147817532,17097.194168459526
TCGA-AY-6196-01,TCGA-KIRC,Tumor,15628.241721038936,18723.609712855305,34351.85143389424
TCGA-E9-A249-01,TCGA-BRCA,Tumor,8224.093340668955,12272.008667669452,20496.102008338406
TCGA-77-7141-01,TCGA-LUSC,Tumor,9012.5791185149,12526.86219390533,21539.44131242023
TCGA-90-7766-01,TCGA-LUSC,Tumor,7341.013031053048,16136.685995381933,23477.69902643498
TCGA-B0-5711-01,TCGA-KIRC,Tumor,12329.794106266188,16612.454551722487,28942.248657988675
TCGA-49-AAR2-01,TCGA-LUAD,Tumor,3684.4806672979794,14459.663283555205,18144.143950853184
TCGA-XR-A8TC-01,TCGA-LIHC,Tumor,1257.7981586830756,5223.191824248926,6480.989982932002
TCGA-A8-A07P-01,TCGA-BRCA,Tumor,12162.157641831069,13328.744091280689,25490.901733111757
TCGA-BH-A1F5-01,TCGA-BRCA,Tumor,10525.013819022995,9308.449812646071,19833.463631669067
TCGA-43-2581-01,TCGA-LUSC,Tumor,12719.373608916441,17613.10484080896,30332.4784497254
TCGA-A7-A0DC-11,TCGA-BRCA,Normal,13458.867152487659,12905.087364761133,26363.954517248792
TCGA-DX-A6YR-01,TCGA-KIRC,Tumor,13155.586974293885,14324.254339814852,27479.841314108737
TCGA-B3-A6W5-01,TCGA-KIRC,Tumor,4834.313074532103,13334.31098641174,18168.624060943843
TCGA-DD-AAE3-01,TCGA-LIHC,Tumor,1790.4699874909747,4887.6876824818755,6678.15766997285
TCGA-B8-4151-01,TCGA-KIRC,Tumor,7120.567540984986,13671.657717110345,20792.22525809533
TCGA-55-6543-01,TCGA-LUAD,Tumor,10375.981099977904,15836.646354865075,26212.62745484298
TCGA-49-4501-01,TCGA-LUAD,Tumor,11914.859441638862,16560.424535695736,28475.2839773346
TCGA-78-7156-01,TCGA-LUAD,Tumor,5027.390071860042,12376.417297628908,17403.80736948895
TCGA-A8-A08F-01,TCGA-BRCA,Tumor,12524.58563615206,16188.15042909185,28712.73606524391
TCGA-TQ-A7RJ-01,TCGA-LUAD,Tumor,4944.309942351552,8829.437161507103,13773.747103858655
TCGA-RC-A6M4-01,TCGA-LIHC,Tumor,-3666.7946592522458,-2438.655779548524,-6105.45043880077
TCGA-G3-A7M7-01,TCGA-LIHC,Tumor,-1017.0877474894041,4545.225811081389,3528.138063591985
TCGA-85-8354-01,TCGA-LUSC,Tumor,1955.755194621539,10781.286636733184,12737.041831354723
TCGA-CC-A3MB-01,TCGA-LIHC,Tumor,980.4600675121364,8584.134506470498,9564.594573982635
TCGA-49-AARQ-01,TCGA-LUAD,Tumor,2158.006008270866,14242.166647201931,16400.172655472797
TCGA-Q2-A5QZ-01,TCGA-KIRC,Tumor,2137.5490025848194,10430.625600299423,12568.174602884243
TCGA-AN-A0XL-01,TCGA-BRCA,Tumor,13613.541466215083,12739.60295882716,26353.144425042243
TCGA-L5-A8NU-01,TCGA-LUSC,Tumor,15135.167768652016,18263.560076376798,33398.727845028814
TCGA-E9-A1ND-01,TCGA-BRCA,Tumor,11857.376358368729,17713.20579664465,29570.582155013377
TCGA-AN-A03X-01,TCGA-BRCA,Tumor,13763.41722305318,12838.55140730026,26601.96863035344
TCGA-XR-A8TG-01,TCGA-LIHC,Tumor,6306.018733985562,11152.418907338953,17458.437641324515
TCGA-A8-A08R-01,TCGA-BRCA,Tumor,12395.590182457254,16148.221740372337,28543.81192282959
TCGA-63-A5MW-01,TCGA-LUSC,Tumor,11549.930790910763,12085.533687826002,23635.464478736765
TCGA-B1-A656-01,TCGA-KIRC,Tumor,7701.128896405869,16754.863910554148,24455.992806960017
TCGA-A2-A0YC-01,TCGA-BRCA,Tumor,12341.546835667457,14105.65143867835,26447.198274345807
TCGA-GM-A2DC-01,TCGA-BRCA,Tumor,8228.347657970382,11531.490673109252,19759.838331079634
TCGA-L5-A4OR-11,TCGA-LUSC,Normal,-1997.295259375791,4353.489848554986,2356.1945891791947
TCGA-93-A4JN-01,TCGA-LUAD,Tumor,12222.3832657696,15858.903264024808,28081.286529794408
TCGA-Q1-A5R1-01,TCGA-LUSC,Tumor,3664.6105866576945,13111.27591189933,16775.886498557025
TCGA-A2-A3XT-01,TCGA-BRCA,Tumor,10780.080772548248,16392.681357615937,27172.762130164185
TCGA-AN-A04C-01,TCGA-BRCA,Tumor,7840.756586232754,12452.539697503958,20293.296283736712
TCGA-BC-A10T-11,TCGA-LIHC,Normal,601.2958165831078,10197.10057451452,10798.396391097627
TCGA-60-2708-01,TCGA-LUSC,Tumor,12041.030540871016,11429.68229895861,23470.712839829626
TCGA-B8-A54J-01,TCGA-KIRC,Tumor,11419.789944096341,16725.204631574798,28144.99457567114
TCGA-FV-A2QR-11,TCGA-LIHC,Normal,8557.224882402516,16576.047413277574,25133.27229568009
TCGA-A2-A0YT-01,TCGA-BRCA,Tumor,10778.718395017775,13445.008607164611,24223.727002182386
TCGA-91-6847-01,TCGA-LUAD,Tumor,-632.4811006814562,7783.824856793493,7151.343756112037
TCGA-EP-A2KB-01,TCGA-LIHC,Tumor,-3441.9241100512627,5069.204034968978,1627.279924917715
TCGA-22-4593-01,TCGA-LUSC,Tumor,11712.651313447404,12840.89555036183,24553.546863809235
TCGA-CJ-5679-11,TCGA-KIRC,Normal,10837.976481911162,13542.519978555956,24380.49646046712
TCGA-HE-A5NL-01,TCGA-KIRC,Tumor,3549.0219238567734,16055.839738168837,19604.86166202561
TCGA-55-6642-01,TCGA-LUAD,Tumor,14484.8085753644,16530.285045315304,31015.093620679705
TCGA-34-5240-01,TCGA-LUSC,Tumor,9712.641970375142,13462.036547734791,23174.678518109933
TCGA-UZ-A9PR-01,TCGA-KIRC,Tumor,3318.7979068141067,9780.664804618627,13099.462711432734
TCGA-B0-4836-01,TCGA-KIRC,Tumor,12216.090717854695,17266.32462392023,29482.415341774926
TCGA-DX-A3UF-01,TCGA-KIRC,Tumor,11658.476353162503,13997.98092831302,25656.457281475523
TCGA-33-6737-01,TCGA-LUSC,Tumor,9777.047212063815,15054.638095251492,24831.685307315307
TCGA-BH-A1EO-01,TCGA-BRCA,Tumor,15440.692490505662,15375.992007733355,30816.684498239018
TCGA-E2-A107-01,TCGA-BRCA,Tumor,7984.257981361694,11574.517614646105,19558.7755960078
TCGA-55-8203-01,TCGA-LUAD,Tumor,10547.082200743786,16632.41711752149,27179.499318265276
TCGA-DX-A8BG-01,TCGA-KIRC,Tumor,11953.628508752798,19482.628296282328,31436.256805035126
TCGA-BH-A203-11,TCGA-BRCA,Normal,11216.941534036781,12774.12482288264,23991.066356919422
TCGA-CJ-4891-01,TCGA-KIRC,Tumor,10052.617413854477,16980.171985698344,27032.78939955282
TCGA-90-A4ED-01,TCGA-LUSC,Tumor,8818.161086385422,12911.788981647329,21729.95006803275
TCGA-DX-A48J-01,TCGA-KIRC,Tumor,9690.214319383918,12229.522408599001,21919.73672798292
TCGA-66-2771-01,TCGA-LUSC,Tumor,9135.438537640337,17857.141160595307,26992.579698235644
TCGA-CC-A123-01,TCGA-LIHC,Tumor,-3805.220042015684,2497.234456237413,-1307.9855857782713
TCGA-A2-A04W-01,TCGA-BRCA,Tumor,10622.607004208603,10851.906169663995,21474.513173872598
TCGA-94-A5I4-01,TCGA-LUSC,Tumor,6848.895944346805,11742.915303079975,18591.81124742678
TCGA-85-A53L-01,TCGA-LUSC,Tumor,7167.927056496035,11880.600804573598,19048.527861069633
TCGA-LD-A74U-01,TCGA-BRCA,Tumor,14307.92003793512,15027.141546137751,29335.06158407287
TCGA-50-6595-11,TCGA-LUAD,Normal,12818.389642697835,18503.021937927664,31321.4115806255
TCGA-N6-A4V9-01,TCGA-LUAD,Tumor,7832.834876675664,8805.081550668576,16637.91642734424
TCGA-B6-A0I5-01,TCGA-BRCA,Tumor,8204.32285943038,12436.433051399556,20640.755910829936
TCGA-BH-A0RX-01,TCGA-BRCA,Tumor,13827.630380181425,17310.311988259247,31137.942368440672
TCGA-Q1-A6DW-01,TCGA-LUSC,Tumor,6176.720924964153,13620.428053418731,19797.148978382884
TCGA-BH-A0DV-01,TCGA-BRCA,Tumor,15304.187953346544,14841.342419377306,30145.53037272385
TCGA-CW-6093-01,TCGA-KIRC,Tumor,11404.533450027924,15167.5589169353,26572.092366963225
TCGA-22-4594-01,TCGA-LUSC,Tumor,10334.64379114856,16896.167004602587,27230.810795751146
TCGA-44-7670-01,TCGA-LUAD,Tumor,6412.679021847871,13534.786796437813,19947.465818285684
TCGA-AK-3456-01,TCGA-KIRC,Tumor,5091.866455978507,14449.667772169745,19541.53422814825
TCGA-L5-A8NQ-01,TCGA-LUSC,Tumor,8208.61630506819,14689.328832524017,22897.945137592207
TCGA-MP-A4TJ-01,TCGA-LUAD,Tumor,14223.281889214235,19204.57878081349,33427.86067002772
TCGA-XM-A8RH-01,TCGA-KIRC,Tumor,4352.831781079432,16236.843865161452,20589.675646240885
TCGA-KN-8419-01,TCGA-LUAD,Tumor,2317.2298803833437,9725.86023383008,12043.090114213424
TCGA-GM-A2DO-01,TCGA-BRCA,Tumor,9236.588844315425,19100.49384890957,28337.082693224995
TCGA-60-2721-01,TCGA-LUSC,Tumor,12430.225874400403,16859.592681447666,29289.81855584807
TCGA-CJ-4638-01,TCGA-KIRC,Tumor,5736.872181424449,12979.694430881664,18716.566612306113
TCGA-DD-A73G-01,TCGA-LIHC,Tumor,-2106.883058223946,6068.42791833817,3961.5448601142234
TCGA-B8-4148-01,TCGA-KIRC,Tumor,10897.6898803552,18296.812048060532,29194.50192841573
TCGA-A2-A0T1-01,TCGA-BRCA,Tumor,14445.630439279175,17452.525705408985,31898.15614468816
TCGA-38-6178-01,TCGA-LUAD,Tumor,12360.92959066368,15185.831850026803,27546.761440690483
TCGA-85-8052-01,TCGA-LUSC,Tumor,8673.966052566037,13853.024670494884,22526.99072306092
TCGA-43-3920-01,TCGA-LUSC,Tumor,12429.286794327174,15649.62357831225,28078.910372639424
TCGA-B1-A655-01,TCGA-KIRC,Tumor,2960.4783878134804,13516.236407870125,16476.714795683605
TCGA-BH-A1ET-01,TCGA-BRCA,Tumor,13144.15082870518,13496.32008465048,26640.47091335566
TCGA-BH-A0EI-01,TCGA-BRCA,Tumor,12449.758028499182,9751.048211097146,22200.806239596328
TCGA-E2-A15J-01,TCGA-BRCA,Tumor,8028.120846448575,7947.939770954017,15976.060617402592
TCGA-22-1000-01,TCGA-LUSC,Tumor,15221.246551576147,17872.454568607554,33093.7011201837
TCGA-BH-A18R-11,TCGA-BRCA,Normal,11731.621442350846,13255.591887849358,24987.213330200204
TCGA-BP-5187-01,TCGA-KIRC,Tumor,11669.80578510652,15747.412405179773,27417.218190286294
TCGA-A1-A0SQ-01,TCGA-BRCA,Tumor,9706.449021861943,11879.042785361202,21585.491807223145
TCGA-HU-A4G3-11,TCGA-LIHC,Normal,9865.267382124617,7835.961586464924,17701.22896858954
TCGA-L5-A8NF-01,TCGA-LUSC,Tumor,5852.983741084328,10009.469530186983,15862.453271271312
TCGA-A7-A26H-01,TCGA-BRCA,Tumor,13843.651655370082,14669.195524893516,28512.847180263598
TCGA-86-8074-01,TCGA-LUAD,Tumor,12861.174699973406,15880.51277707345,28741.687477046857
TCGA-CW-6097-01,TCGA-KIRC,Tumor,14118.816345310941,18458.924302822477,32577.74064813342
TCGA-B3-8121-01,TCGA-KIRC,Tumor,10758.183132658956,17549.22249597924,28307.405628638197
TCGA-52-7812-01,TCGA-LUSC,Tumor,7804.274748236563,16508.284248902815,24312.55899713938
TCGA-BP-4351-01,TCGA-KIRC,Tumor,11066.759864750584,15332.388812515212,26399.148677265795
TCGA-DD-AAEB-01,TCGA-LIHC,Tumor,-2484.5284182769647,3801.6273493112967,1317.098931034332
TCGA-BP-5192-01,TCGA-KIRC,Tumor,7560.946295626622,13211.67210881865,20772.61840444527
TCGA-E2-A1IL-01,TCGA-BRCA,Tumor,12303.275765562048,11977.703106993653,24280.9788725557
TCGA-CC-5263-01,TCGA-LIHC,Tumor,4823.606138848743,12047.71081502827,16871.316953877013
TCGA-AN-A04D-01,TCGA-BRCA,Tumor,3015.226044658193,5859.230046419871,8874.456091078064
TCGA-55-8616-01,TCGA-LUAD,Tumor,8155.721908519499,14389.83343159506,22545.55534011456
TCGA-C8-A27B-01,TCGA-BRCA,Tumor,9080.502353356678,16205.096555867767,25285.598909224445
TCGA-97-A4M0-01,TCGA-LUAD,Tumor,8829.02809253581,17351.841381649017,26180.869474184827
TCGA-AN-A0AS-01,TCGA-BRCA,Tumor,12182.105979144118,12331.273868805813,24513.37984794993
TCGA-D8-A4Z1-01,TCGA-BRCA,Tumor,13221.624934746233,14418.461145342462,27640.086080088695
TCGA-49-6767-01,TCGA-LUAD,Tumor,6824.746646554668,16274.094041399378,23098.840687954045
TCGA-A8-A06R-01,TCGA-BRCA,Tumor,12872.575274347215,14773.629054703404,27646.20432905062
TCGA-AO-A1KP-01,TCGA-BRCA,Tumor,6958.686499119864,5272.763869326438,12231.450368446302
TCGA-UB-A7MC-01,TCGA-LIHC,Tumor,-1429.2585287193979,4997.4995799838725,3568.2410512644747
TCGA-CJ-4895-01,TCGA-KIRC,Tumor,13624.885126645062,17353.97209742122,30978.857224066283
TCGA-ED-A8O6-01,TCGA-LIHC,Tumor,660.7922306162873,9118.271869332064,9779.064099948351
TCGA-A3-3373-01,TCGA-KIRC,Tumor,10950.520248717086,15614.304919043123,26564.82516776021
TCGA-E9-A1RC-01,TCGA-BRCA,Tumor,9832.794420047077,7295.609932361218,17128.404352408295
TCGA-A2-A04N-01,TCGA-BRCA,Tumor,12883.065225619717,12110.700322364133,24993.76554798385
TCGA-55-1595-01,TCGA-LUAD,Tumor,12930.798238887157,15758.418139068253,28689.21637795541
TCGA-BH-A8FY-01,TCGA-BRCA,Tumor,4907.322993103851,9091.920713337935,13999.243706441786
TCGA-DD-A1EI-11,TCGA-LIHC,Normal,4048.8793069241437,12216.361059087892,16265.240366012036
TCGA-44-2668-11,TCGA-LUAD,Normal,11697.494418780694,18416.27085904202,30113.765277822713
TCGA-22-5491-01,TCGA-LUSC,Tumor,2070.0917506581645,12650.877677514854,14720.969428173019
TCGA-CJ-4637-01,TCGA-KIRC,Tumor,12214.59672682911,19539.33948418924,31753.93621101835
TCGA-BC-A10X-11,TCGA-LIHC,Normal,2961.609552447135,10075.767160508065,13037.3767129552
TCGA-A8-A09V-01,TCGA-BRCA,Tumor,12545.505067631737,9287.66555178299,21833.170619414726
TCGA-GM-A3NY-01,TCGA-BRCA,Tumor,10141.573908063601,11458.267327248137,21599.84123531174
TCGA-BH-A5J0-01,TCGA-BRCA,Tumor,13170.3703712042,16474.03272608054,29644.40309728474
TCGA-BP-4343-01,TCGA-KIRC,Tumor,14692.163858351141,17691.18010038174,32383.343958732883
TCGA-B6-A0I6-01,TCGA-BRCA,Tumor,10659.206227213948,10866.774937490056,21525.981164704004
TCGA-70-6722-01,TCGA-LUSC,Tumor,13124.398133074053,16067.813009102454,29192.211142176508
TCGA-CZ-5465-01,TCGA-KIRC,Tumor,7495.096862613216,14500.915221468804,21996.01208408202
TCGA-FY-A3RA-01,TCGA-LIHC,Tumor,3695.6144575600774,8582.395074062137,12278.009531622214
TCGA-21-1070-01,TCGA-LUSC,Tumor,11177.354328980266,17587.628736701245,28764.98306568151
TCGA-AO-A0JI-01,TCGA-BRCA,Tumor,7838.330629376924,11607.37474584451,19445.705375221434
TCGA-MI-A75E-01,TCGA-LIHC,Tumor,3658.716436349612,13292.802935750897,16951.51937210051
TCGA-P4-AAVK-01,TCGA-KIRC,Tumor,4682.196331155625,11303.724627015825,15985.92095817145
TCGA-BP-5199-01,TCGA-KIRC,Tumor,13905.719868240161,18301.09126521239,32206.811133452553
TCGA-49-AARR-01,TCGA-LUAD,Tumor,12060.680079978945,16831.05033861601,28891.730418594954
TCGA-BH-A1FJ-11,TCGA-BRCA,Normal,14309.065431054736,13762.940568773589,28072.005999828325
TCGA-85-8276-01,TCGA-LUSC,Tumor,13530.173209865945,16550.26183960027,30080.435049466214
TCGA-CJ-4887-01,TCGA-KIRC,Tumor,10151.971374177378,18340.959482866576,28492.930857043953
TCGA-MP-A4T9-01,TCGA-LUAD,Tumor,12342.774042581328,16755.326336347785,29098.100378929114
TCGA-BH-A18I-01,TCGA-BRCA,Tumor,14916.949036636379,15726.471630971155,30643.420667607534
TCGA-AO-A0JC-01,TCGA-BRCA,Tumor,11974.419883858853,20310.128582624977,32284.54846648383
TCGA-XR-A8TD-01,TCGA-LIHC,Tumor,8626.674122363289,16300.213984496684,24926.888106859973
TCGA-CJ-5676-01,TCGA-KIRC,Tumor,11811.68513283625,17217.833943775524,29029.519076611774
TCGA-DX-A8BZ-01,TCGA-KIRC,Tumor,9282.482825772804,12415.133007920504,21697.615833693308
TCGA-56-8625-01,TCGA-LUSC,Tumor,14816.972580052821,18782.3235601608,33599.29614021362
TCGA-60-2703-01,TCGA-LUSC,Tumor,10873.732667123495,12977.954998473306,23851.6876655968
TCGA-DD-A3A7-01,TCGA-LIHC,Tumor,-3852.693385414397,1794.5749056898421,-2058.118479724555
TCGA-A8-A09Z-01,TCGA-BRCA,Tumor,8296.840032250482,15461.483865611724,23758.323897862207
TCGA-B0-4710-01,TCGA-KIRC,Tumor,12278.827669564798,16184.749820947898,28463.577490512696
TCGA-BP-4338-01,TCGA-KIRC,Tumor,6538.316552856599,15265.44734320453,21803.76389606113
TCGA-E9-A1RH-01,TCGA-BRCA,Tumor,9967.44213978868,9496.105756824029,19463.54789661271
TCGA-BP-4176-01,TCGA-KIRC,Tumor,12539.699845360894,18041.41428223676,30581.114127597655
TCGA-B0-4817-01,TCGA-KIRC,Tumor,5113.394155232891,15915.084440829782,21028.478596062672
TCGA-CW-5589-11,TCGA-KIRC,Normal,7842.755688509846,10215.305922297714,18058.06161080756
TCGA-GM-A2DH-01,TCGA-BRCA,Tumor,11965.33143845321,16429.689649592572,28395.02108804578
TCGA-60-2722-01,TCGA-LUSC,Tumor,5795.493543571218,11258.470927426559,17053.964470997777
TCGA-BH-A1ES-01,TCGA-BRCA,Tumor,10242.500116084859,8605.647977238921,18848.14809332378
TCGA-PL-A8LY-01,TCGA-BRCA,Tumor,4368.138074848699,12330.743857703881,16698.88193255258
TCGA-A3-3347-01,TCGA-KIRC,Tumor,15355.478088103479,18185.858314560417,33541.336402663896
TCGA-44-6147-01,TCGA-LUAD,Tumor,12725.705285167725,16004.634974327655,28730.34025949538
TCGA-OL-A5RW-01,TCGA-BRCA,Tumor,7232.431897586415,10895.900648245992,18128.332545832407
TCGA-BP-4329-01,TCGA-KIRC,Tumor,12295.727553761357,16658.387661516248,28954.115215277605
TCGA-BH-A18M-01,TCGA-BRCA,Tumor,14175.363905629336,14230.403246436192,28405.767152065528
TCGA-86-8073-01,TCGA-LUAD,Tumor,12824.091708445489,15479.735455974285,28303.827164419774
TCGA-E2-A14R-01,TCGA-BRCA,Tumor,7309.0380659840375,15253.865355634753,22562.90342161879
TCGA-A8-A09M-01,TCGA-BRCA,Tumor,10209.372643653249,15448.162445633589,25657.535089286837
TCGA-DD-AACP-01,TCGA-LIHC,Tumor,-3576.856399512024,6599.303400793877,3022.447001281853
TCGA-B0-4714-01,TCGA-KIRC,Tumor,10436.946605186244,18198.176626278513,28635.123231464757
TCGA-33-4582-01,TCGA-LUSC,Tumor,1553.6901955431822,7415.086528950153,8968.776724493335
TCGA-A1-A0SN-01,TCGA-BRCA,Tumor,13543.704500011958,15638.5075736576,29182.212073669558
TCGA-DX-A3U5-01,TCGA-KIRC,Tumor,13072.48194493497,15720.275125336466,28792.757070271437
TCGA-CJ-4870-01,TCGA-KIRC,Tumor,8825.446071195896,14933.123268049083,23758.56933924498
TCGA-97-A4M3-01,TCGA-LUAD,Tumor,10260.278609289318,13320.3812986589,23580.65990794822
TCGA-KN-8436-11,TCGA-LUAD,Normal,6738.411750883297,8410.813761895177,15149.225512778474
TCGA-86-7714-01,TCGA-LUAD,Tumor,10927.441644493283,15209.394222773171,26136.835867266454
TCGA-56-7580-11,TCGA-LUSC,Normal,13826.019004146689,17923.27516332787,31749.29416747456
TCGA-G3-A25T-01,TCGA-LIHC,Tumor,3588.46684405371,9779.010743126015,13367.477587179725
TCGA-FY-A40K-01,TCGA-LIHC,Tumor,8677.832643625108,15320.692997057773,23998.52564068288
TCGA-49-4487-01,TCGA-LUAD,Tumor,12858.040875941162,17988.73687009893,30846.77774604009
TCGA-78-7542-01,TCGA-LUAD,Tumor,3287.2035537444717,14510.871604517877,17798.07515826235
TCGA-B8-5164-01,TCGA-KIRC,Tumor,9955.604039471666,18980.882081704036,28936.4861211757
TCGA-BH-A18F-01,TCGA-BRCA,Tumor,13919.343643544908,15182.470370219238,29101.814013764146
TCGA-85-8666-01,TCGA-LUSC,Tumor,12099.488275429267,15474.49937314176,27573.987648571027
TCGA-55-7994-01,TCGA-LUAD,Tumor,9339.019714726732,17619.642830106637,26958.66254483337
TCGA-DD-AACG-01,TCGA-LIHC,Tumor,-3437.4741510679123,8337.419674202563,4899.945523134651
TCGA-CZ-4864-01,TCGA-KIRC,Tumor,10714.43765258123,18163.960674671125,28878.398327252355
TCGA-B0-5703-01,TCGA-KIRC,Tumor,8112.652281524774,16125.53797663387,24238.190258158644
TCGA-AR-A2LM-01,TCGA-BRCA,Tumor,14776.901606473733,14550.174239855234,29327.075846328968
TCGA-E2-A10C-01,TCGA-BRCA,Tumor,9243.866714882919,14996.443587683465,24240.310302566384
TCGA-49-6742-01,TCGA-LUAD,Tumor,6436.095552613173,12119.909709900418,18556.00526251359
TCGA-56-8201-11,TCGA-LUSC,Normal,12589.058463149031,18831.792448715114,31420.850911864145
TCGA-BP-4164-01,TCGA-KIRC,Tumor,7834.2079255706085,14207.413570249631,22041.62149582024
TCGA-22-5471-11,TCGA-LUSC,Normal,11558.041027906798,17590.474433892832,29148.51546179963
TCGA-MP-A4T6-01,TCGA-LUAD,Tumor,5321.912616946698,15279.405487929285,20601.318104875983
TCGA-AR-A0TW-01,TCGA-BRCA,Tumor,10363.520503400225,15377.60694088959,25741.127444289814
TCGA-55-8506-01,TCGA-LUAD,Tumor,9244.69196706848,14919.663120332854,24164.355087401334
TCGA-MP-A4TA-01,TCGA-LUAD,Tumor,9485.989303307924,15371.143651143186,24857.13295445111
TCGA-KN-8427-11,TCGA-LUAD,Normal,6259.431113837734,10290.186886772939,16549.618000610673
TCGA-P4-AAVL-01,TCGA-KIRC,Tumor,7579.521584044731,12441.861218792514,20021.382802837245
TCGA-BH-A0W5-01,TCGA-BRCA,Tumor,14093.791995632393,17246.632399354425,31340.424394986818
TCGA-AR-A24K-01,TCGA-BRCA,Tumor,8651.911899331208,6941.299289279243,15593.21118861045
TCGA-KL-8326-01,TCGA-KIRC,Tumor,-4801.2282875583805,-3397.3320350590366,-8198.560322617417
TCGA-BP-4964-01,TCGA-KIRC,Tumor,10905.83924568762,16488.986864822346,27394.826110509966
TCGA-BH-A0HY-01,TCGA-BRCA,Tumor,10178.08420303171,10320.187649415278,20498.27185244699
TCGA-BH-A1FB-11,TCGA-BRCA,Normal,12103.970248506022,14593.023325317608,26696.99357382363
TCGA-68-7757-01,TCGA-LUSC,Tumor,10932.087245158556,13952.51735855587,24884.604603714426
TCGA-A2-A0EU-01,TCGA-BRCA,Tumor,11086.832701315765,12519.093440572291,23605.926141888056
TCGA-55-8091-01,TCGA-LUAD,Tumor,13882.861805548713,16868.090644686057,30750.95245023477
TCGA-92-8065-01,TCGA-LUSC,Tumor,9087.958079998647,15860.037985779953,24947.9960657786
TCGA-60-2726-01,TCGA-LUSC,Tumor,5387.86164936181,14723.530555645451,20111.39220500726
TCGA-DD-A1EJ-01,TCGA-LIHC,Tumor,-112.04576979739431,9129.643986733961,9017.598216936567
TCGA-BC-A10W-01,TCGA-LIHC,Tumor,4739.722099883631,11944.643219870344,16684.365319753975
TCGA-CJ-6030-11,TCGA-KIRC,Normal,8589.740529937932,13272.591371447623,21862.331901385554
TCGA-BP-4976-01,TCGA-KIRC,Tumor,10227.52107749262,14626.470938683273,24853.992016175893
TCGA-D8-A1XW-01,TCGA-BRCA,Tumor,13530.95221947214,15726.589015980306,29257.541235452445
TCGA-DX-A2J0-01,TCGA-KIRC,Tumor,13888.336215521038,13890.634116003243,27778.97033152428
TCGA-AN-A0FL-01,TCGA-BRCA,Tumor,3474.1409593815515,6216.8381411226,9690.979100504152
TCGA-F5-6465-01,TCGA-LIHC,Tumor,13024.887659405616,15899.493577341356,28924.381236746973
TCGA-91-6828-01,TCGA-LUAD,Tumor,12769.141295675869,17546.921038375538,30316.062334051407
TCGA-PL-A8LZ-01,TCGA-BRCA,Tumor,14626.165026235172,17528.63031967659,32154.795345911763
TCGA-LL-A5YP-01,TCGA-BRCA,Tumor,13314.490705472304,15127.776070196862,28442.266775669166
TCGA-DX-A6B7-01,TCGA-KIRC,Tumor,6597.48215459126,7228.035295425409,13825.517450016669
TCGA-39-5021-01,TCGA-LUSC,Tumor,10291.254023219783,15911.328120536888,26202.58214375667
TCGA-34-5929-01,TCGA-LUSC,Tumor,9323.286566378727,14331.948393596616,23655.234959975343
TCGA-BP-5173-01,TCGA-KIRC,Tumor,10987.05544353562,16728.26019893427,27715.31564246989
TCGA-52-7809-01,TCGA-LUSC,Tumor,8723.093457457358,13316.443565170037,22039.537022627395
TCGA-DX-A6B8-01,TCGA-KIRC,Tumor,10823.463426234051,8942.848865956457,19766.31229219051
TCGA-44-6776-11,TCGA-LUAD,Normal,11064.305450922835,17034.876957085184,28099.18240800802
TCGA-E2-A1IG-01,TCGA-BRCA,Tumor,12984.57835868673,12303.603020739083,25288.181379425812
TCGA-B4-5832-01,TCGA-KIRC,Tumor,11644.023768550705,14543.89947754778,26187.923246098486
TCGA-HU-A4GC-11,TCGA-LIHC,Normal,9431.682729527904,9252.948046045585,18684.63077557349
TCGA-AO-A0J2-01,TCGA-BRCA,Tumor,8309.549627332424,14336.746950485936,22646.29657781836
TCGA-35-5375-01,TCGA-LUAD,Tumor,7380.884805828722,15288.867431091323,22669.752236920045
TCGA-97-A4M7-01,TCGA-LUAD,Tumor,12009.916399202459,17715.823838060915,29725.740237263373
TCGA-BH-A28Q-01,TCGA-BRCA,Tumor,12450.284482479623,13424.402202376008,25874.68668485563
TCGA-CZ-5457-11,TCGA-KIRC,Normal,7342.766691947367,9882.444721797357,17225.211413744724
TCGA-37-3783-01,TCGA-LUSC,Tumor,9856.790761615168,17189.743355373033,27046.5341169882
TCGA-BH-A0BS-11,TCGA-BRCA,Normal,8902.148281873731,13308.596555164226,22210.744837037957
TCGA-C8-A12L-01,TCGA-BRCA,Tumor,9273.938619955054,13180.849651112232,22454.788271067286
TCGA-78-7539-01,TCGA-LUAD,Tumor,9902.70252867999,17169.01600845379,27071.71853713378
TCGA-DX-A7EN-01,TCGA-KIRC,Tumor,5393.1012893158295,3746.442166523375,9139.543455839204
TCGA-J2-8192-01,TCGA-LUAD,Tumor,15594.939949654345,17155.402904513514,32750.34285416786
TCGA-DD-A39Y-01,TCGA-LIHC,Tumor,-2955.8648012416197,4236.083496672934,1280.2186954313147
TCGA-86-7713-01,TCGA-LUAD,Tumor,7614.633930267471,12839.173903560917,20453.80783382839
TCGA-E9-A1QZ-01,TCGA-BRCA,Tumor,13957.931297462874,16916.79475212013,30874.726049583005
TCGA-43-7656-01,TCGA-LUSC,Tumor,11055.604731759548,16713.91077084567,27769.515502605216
TCGA-GM-A2D9-01,TCGA-BRCA,Tumor,11084.87272737506,12863.180916493471,23948.05364386853
TCGA-KL-8334-01,TCGA-KIRC,Tumor,5662.357600462648,10993.696589356496,16656.054189819144
TCGA-DV-5566-01,TCGA-KIRC,Tumor,9144.17838514001,15051.493599854784,24195.671984994795
TCGA-ES-A2HT-01,TCGA-LIHC,Tumor,-796.9232700190114,5374.718085458153,4577.7948154391415
TCGA-LD-A66U-01,TCGA-BRCA,Tumor,12169.94773789305,15537.417738047832,27707.365475940882
TCGA-AO-A1KO-01,TCGA-BRCA,Tumor,11058.503785773482,11116.232310426389,22174.73609619987
TCGA-85-8479-01,TCGA-LUSC,Tumor,2169.947265111081,8162.451982377614,10332.399247488695
TCGA-KN-8424-01,TCGA-LUAD,Tumor,6621.7808514859535,13317.788157093066,19939.56900857902
TCGA-BH-A0DO-11,TCGA-BRCA,Normal,10197.829784419864,13555.684885188555,23753.51466960842
TCGA-B4-5836-01,TCGA-KIRC,Tumor,11645.720515501194,16603.127779177044,28248.84829467824
TCGA-85-8580-01,TCGA-LUSC,Tumor,6819.482106750227,14182.983259859826,21002.465366610053
TCGA-CJ-5680-11,TCGA-KIRC,Normal,12223.934170739016,13844.63697802267,26068.571148761686
TCGA-F5-6810-01,TCGA-LIHC,Tumor,10514.21084105942,12209.229030501472,22723.43987156089
TCGA-BC-A216-01,TCGA-LIHC,Tumor,269.7578652768352,13476.990686476605,13746.74855175344
TCGA-XM-AAZ2-01,TCGA-KIRC,Tumor,5760.000585349102,15107.34752148273,20867.348106831832
TCGA-63-7022-01,TCGA-LUSC,Tumor,15292.236025141869,17768.615078086408,33060.85110322828
TCGA-AR-A0TP-01,TCGA-BRCA,Tumor,6557.83803559091,6029.018569356129,12586.85660494704
TCGA-B0-5705-01,TCGA-KIRC,Tumor,9512.034546853956,16338.047528658888,25850.082075512844
TCGA-18-3408-01,TCGA-LUSC,Tumor,10617.979189150774,14629.55496301466,25247.534152165434
TCGA-BH-A0DK-11,TCGA-BRCA,Normal,10902.712535898358,11397.95633239386,22300.668868292218
TCGA-56-8626-01,TCGA-LUSC,Tumor,10556.978112727538,13864.624443672106,24421.602556399645
TCGA-CZ-5469-11,TCGA-KIRC,Normal,4254.619656754658,3406.6659218474488,7661.285578602106
TCGA-A8-A07I-01,TCGA-BRCA,Tumor,13685.953788376599,14427.503348168739,28113.457136545338
TCGA-77-A5G8-01,TCGA-LUSC,Tumor,8026.897196656191,13588.623830181215,21615.521026837407
TCGA-A3-3362-01,TCGA-KIRC,Tumor,12461.877141413865,15369.64254587462,27831.519687288484
TCGA-A2-A0EY-01,TCGA-BRCA,Tumor,11705.007059366497,14864.435252087063,26569.44231145356
TCGA-CZ-5461-01,TCGA-KIRC,Tumor,12398.176209780107,16930.639068957218,29328.815278737326
TCGA-DD-AADP-01,TCGA-LIHC,Tumor,3375.8399070195446,11616.790446427189,14992.630353446733
TCGA-CZ-5457-01,TCGA-KIRC,Tumor,9961.12469202335,15348.008132975552,25309.132824998902
TCGA-BP-4782-01,TCGA-KIRC,Tumor,11356.302439751958,17225.631154080485,28581.933593832444
TCGA-44-6777-11,TCGA-LUAD,Normal,13411.65703607917,18557.17555548363,31968.8325915628
TCGA-43-A56U-01,TCGA-LUSC,Tumor,11569.957384896585,18447.256944336954,30017.21432923354
TCGA-B1-A47N-01,TCGA-KIRC,Tumor,2178.2780436394605,12353.335136283622,14531.613179923082
TCGA-HU-A4GH-01,TCGA-LIHC,Tumor,1017.6248728343126,12282.765403053661,13300.390275887974
TCGA-LL-A442-01,TCGA-BRCA,Tumor,5593.797640874251,11338.527503668982,16932.325144543232
TCGA-A8-A08I-01,TCGA-BRCA,Tumor,10251.46050511688,17830.249322134772,28081.709827251652
TCGA-67-6216-01,TCGA-LUAD,Tumor,8364.741924363323,16594.21718984588,24958.959114209203
TCGA-F5-6861-01,TCGA-LIHC,Tumor,4313.970228806771,10643.401936436148,14957.37216524292
TCGA-A8-A091-01,TCGA-BRCA,Tumor,11643.93484051347,12722.468304612292,24366.40314512576
TCGA-D8-A1XT-01,TCGA-BRCA,Tumor,14006.155193495866,14470.80063093879,28476.955824434655
TCGA-F5-6814-01,TCGA-LIHC,Tumor,7981.98142360842,13430.410180571755,21412.391604180175
TCGA-BH-A0DG-01,TCGA-BRCA,Tumor,14659.811838404243,15400.991457561486,30060.80329596573
TCGA-AR-A2LL-01,TCGA-BRCA,Tumor,11194.083471345326,13469.58475953549,24663.668230880816
TCGA-44-A47G-01,TCGA-LUAD,Tumor,12666.436526909874,18529.109866931572,31195.546393841447
TCGA-A8-A08P-01,TCGA-BRCA,Tumor,13372.4611143865,16806.02954605895,30178.49066044545
TCGA-B0-5695-01,TCGA-KIRC,Tumor,10452.363169721688,15028.724465200572,25481.08763492226
TCGA-L5-A4OM-11,TCGA-LUSC,Normal,9317.026032557227,13194.092814417596,22511.118846974823
TCGA-D8-A1X8-01,TCGA-BRCA,Tumor,13748.683625843722,15175.484183613877,28924.1678094576
TCGA-DX-A3U6-01,TCGA-KIRC,Tumor,15481.275689579237,19437.445739122846,34918.72142870208
TCGA-BH-A0E1-01,TCGA-BRCA,Tumor,10515.455833580741,9113.505326536153,19628.961160116894
TCGA-S3-A6ZG-01,TCGA-BRCA,Tumor,11180.481038769529,14140.066589089143,25320.547627858672
TCGA-AO-A0J5-01,TCGA-BRCA,Tumor,14285.98326970945,13069.924374584025,27355.907644293475
TCGA-A2-A0EM-01,TCGA-BRCA,Tumor,12520.391789915953,11306.63790951572,23827.029699431674
TCGA-A8-A08T-01,TCGA-BRCA,Tumor,11528.595176216815,12460.144823248487,23988.739999465302
TCGA-39-5037-01,TCGA-LUSC,Tumor,-5467.171230091448,3225.49816726632,-2241.673062825128
TCGA-S3-AA12-01,TCGA-BRCA,Tumor,7972.469680745529,9483.901272993593,17456.370953739122
TCGA-55-7816-01,TCGA-LUAD,Tumor,15140.916076979029,17520.335112363104,32661.251189342132
TCGA-HN-A2NL-01,TCGA-BRCA,Tumor,6426.384610946869,13553.468798500606,19979.853409447474
TCGA-DD-AACL-01,TCGA-LIHC,Tumor,2282.259819020186,15530.787263591421,17813.047082611607
TCGA-77-8148-01,TCGA-LUSC,Tumor,9725.205723476014,13159.343294586786,22884.5490180628
TCGA-AO-A12A-01,TCGA-BRCA,Tumor,13551.046398766262,14279.470180262197,27830.51657902846
TCGA-A2-A0YM-01,TCGA-BRCA,Tumor,10546.996829828033,15218.496896664776,25765.49372649281
TCGA-78-7147-01,TCGA-LUAD,Tumor,5706.988803791257,14537.720757520536,20244.709561311793
TCGA-G3-A5SI-01,TCGA-LIHC,Tumor,-2799.262527666895,-1059.1684947100512,-3858.431022376946
TCGA-44-3398-01,TCGA-LUAD,Tumor,14456.4156316353,17348.373188196772,31804.788819832072
TCGA-DD-A113-01,TCGA-LIHC,Tumor,2445.410753257056,9938.223943874022,12383.634697131078
TCGA-BH-A1FN-11,TCGA-BRCA,Normal,13818.691333878345,16722.671961074284,30541.36329495263
TCGA-B0-4706-01,TCGA-KIRC,Tumor,9844.25190836472,15441.058874019076,25285.310782383796
TCGA-E2-A9RU-01,TCGA-BRCA,Tumor,8223.659371847236,9819.601056442567,18043.260428289803
TCGA-C8-A130-01,TCGA-BRCA,Tumor,11734.520496364781,13589.256997806344,25323.777494171125
TCGA-E2-A1B4-01,TCGA-BRCA,Tumor,8167.008655005648,8436.126238414377,16603.134893420025
TCGA-LL-A73Z-01,TCGA-BRCA,Tumor,13525.093640378956,16043.215514002648,29568.309154381604
TCGA-78-7633-01,TCGA-LUAD,Tumor,6335.756269637684,11659.379862020829,17995.136131658513
TCGA-C8-A1HI-01,TCGA-BRCA,Tumor,11708.13376915576,12160.944663403152,23869.078432558912
TCGA-DV-5565-01,TCGA-KIRC,Tumor,10527.834616364165,15309.72639150568,25837.561007869845
TCGA-BW-A5NQ-01,TCGA-KIRC,Tumor,4453.195963905346,15539.8650376326,19993.061001537946
TCGA-LL-A6FR-01,TCGA-BRCA,Tumor,7911.390347649525,7434.262970899985,15345.65331854951
TCGA-PL-A8LV-01,TCGA-BRCA,Tumor,9424.401301838923,14367.267052865744,23791.668354704667
TCGA-DD-A1EA-01,TCGA-LIHC,Tumor,735.5913812972503,13631.270159718693,14366.861541015944
TCGA-CZ-5466-11,TCGA-KIRC,Normal,10234.254708472221,13857.15448854418,24091.4091970164
TCGA-60-2695-01,TCGA-LUSC,Tumor,10528.876852960584,15202.511192691014,25731.388045651598
TCGA-DD-AAW2-01,TCGA-LIHC,Tumor,-421.2627837571272,3971.554599985644,3550.291816228517
TCGA-A8-A07E-01,TCGA-BRCA,Tumor,15342.900106516649,15129.75382974502,30472.653936261668
TCGA-XM-AAZ1-01,TCGA-KIRC,Tumor,363.3350603008039,15658.776051904704,16022.111112205508
TCGA-E9-A247-01,TCGA-BRCA,Tumor,8863.471699918526,9288.092406361728,18151.564106280253
TCGA-86-A4P8-01,TCGA-LUAD,Tumor,12205.707480226873,19231.950830675105,31437.658310901978
TCGA-78-7535-01,TCGA-LUAD,Tumor,7328.47773492409,13395.973687432019,20724.45142235611
TCGA-BP-4771-01,TCGA-KIRC,Tumor,12298.061025458464,19522.873568814397,31820.93459427286
TCGA-86-8671-01,TCGA-LUAD,Tumor,15021.848549361388,19706.410366307526,34728.258915668914
TCGA-B2-5641-01,TCGA-KIRC,Tumor,11642.814347244286,18199.464304257704,29842.27865150199
TCGA-18-3421-01,TCGA-LUSC,Tumor,5485.312549687835,15291.332516283535,20776.64506597137
TCGA-A3-3382-01,TCGA-KIRC,Tumor,10115.365036929052,16484.110051260253,26599.475088189305
TCGA-KN-8428-01,TCGA-LUAD,Tumor,3449.3015800204557,9688.215217106823,13137.516797127279
TCGA-DX-A1KX-01,TCGA-KIRC,Tumor,13466.458049746227,14371.620969568878,27838.079019315104
TCGA-A2-A3XZ-01,TCGA-BRCA,Tumor,11186.464117114843,16904.351941149896,28090.81605826474
TCGA-DX-AB2T-01,TCGA-KIRC,Tumor,13615.657953501326,18177.086452967338,31792.744406468664
TCGA-AK-3451-01,TCGA-KIRC,Tumor,7037.348683738408,15236.641773382657,22273.990457121065
TCGA-CZ-5454-01,TCGA-KIRC,Tumor,8975.894524593805,17671.263777162098,26647.158301755902
TCGA-91-6835-01,TCGA-LUAD,Tumor,14205.190369318701,19072.670044618793,33277.860413937495
TCGA-A8-A07F-01,TCGA-BRCA,Tumor,12844.694556112601,14319.043156832751,27163.737712945353
TCGA-35-3615-01,TCGA-LUAD,Tumor,7406.090568703239,14317.21835350864,21723.30892221188
TCGA-B6-A0RN-01,TCGA-BRCA,Tumor,11385.125795181277,10520.716816263699,21905.842611444976
TCGA-FV-A3R2-01,TCGA-LIHC,Tumor,1582.1187104871751,9438.697373105177,11020.816083592352
TCGA-56-6546-01,TCGA-LUSC,Tumor,11013.997081697005,17112.749460733063,28126.746542430068
TCGA-N6-A4VF-01,TCGA-LUAD,Tumor,13582.900421704628,16923.194013679717,30506.094435384344
TCGA-43-A56V-01,TCGA-LUSC,Tumor,7884.189039619407,13088.247107376377,20972.436146995784
TCGA-CZ-5987-01,TCGA-KIRC,Tumor,8025.488576546351,16708.639116798247,24734.1276933446
TCGA-39-5022-01,TCGA-LUSC,Tumor,14125.941259654388,18350.04792827222,32475.989187926607
TCGA-DD-A11D-11,TCGA-LIHC,Normal,5307.367547176182,15873.462562281285,21180.830109457467
TCGA-22-5479-01,TCGA-LUSC,Tumor,8011.430832419894,13437.133140186885,21448.56397260678
TCGA-BP-5178-01,TCGA-KIRC,Tumor,8502.046813857574,17573.588778182235,26075.63559203981
TCGA-LD-A7W5-01,TCGA-BRCA,Tumor,13116.985091889957,17023.19892723519,30140.184019125147
TCGA-DD-A1EH-01,TCGA-LIHC,Tumor,4692.519097718119,10761.299171083749,15453.818268801868
TCGA-55-6980-01,TCGA-LUAD,Tumor,13666.691975511018,17366.962705100832,31033.65468061185
TCGA-DD-A118-11,TCGA-LIHC,Normal,1076.9149738211017,11751.729850130923,12828.644823952025
TCGA-56-A4BY-01,TCGA-LUSC,Tumor,9111.218097418412,13997.251718407675,23108.469815826087
TCGA-BH-A0BL-01,TCGA-BRCA,Tumor,15272.849713024156,17047.223725775195,32320.07343879935
TCGA-37-4132-01,TCGA-LUSC,Tumor,7648.35188486633,16266.890870383158,23915.24275524949
TCGA-50-5936-01,TCGA-LUAD,Tumor,11929.00967092405,15668.245109309722,27597.254780233772
TCGA-AN-A0XV-01,TCGA-BRCA,Tumor,13266.14586730867,14400.127741185639,27666.27360849431
TCGA-60-2713-01,TCGA-LUSC,Tumor,13518.559208202762,17148.260204562623,30666.819412765384
TCGA-B0-5812-01,TCGA-KIRC,Tumor,12995.890005023302,16568.680614672838,29564.57061969614
TCGA-A7-A4SB-01,TCGA-BRCA,Tumor,9205.264832478992,9884.675036971264,19089.939869450256
TCGA-BC-4072-01,TCGA-LIHC,Tumor,7834.257725271458,16032.501464076307,23866.759189347766
TCGA-AN-A0XU-01,TCGA-BRCA,Tumor,9362.646115659914,14399.320274607522,23761.966390267437
TCGA-A7-A6VV-01,TCGA-BRCA,Tumor,12867.74826048598,14624.45405079873,27492.20231128471
TCGA-18-3415-01,TCGA-LUSC,Tumor,10712.531035462864,15958.940191673686,26671.47122713655
TCGA-B4-5835-01,TCGA-KIRC,Tumor,6737.099173053677,15063.46331366691,21800.562486720588
TCGA-CC-A3MC-01,TCGA-LIHC,Tumor,3290.1452932162792,8758.284060352868,12048.429353569147
TCGA-85-6561-01,TCGA-LUSC,Tumor,15055.385090764288,17355.974756819804,32411.35984758409
TCGA-73-4675-01,TCGA-LUAD,Tumor,10816.352740376558,13827.032783771192,24643.38552414775
TCGA-B2-4099-01,TCGA-KIRC,Tumor,9424.632514735738,17404.74289244069,26829.375407176427
TCGA-CJ-5689-11,TCGA-KIRC,Normal,10218.500217395278,13770.890735302597,23989.390952697875
TCGA-50-5932-01,TCGA-LUAD,Tumor,7065.951497635382,13478.605619632832,20544.557117268214
TCGA-MI-A75I-01,TCGA-LIHC,Tumor,324.2387380098371,8480.650728098302,8804.88946610814
TCGA-CJ-4635-01,TCGA-KIRC,Tumor,10443.523722820308,17363.910694862858,27807.434417683166
TCGA-E2-A1LI-01,TCGA-BRCA,Tumor,7860.4950533779265,14679.625005100697,22540.120058478624
TCGA-93-A4JO-01,TCGA-LUAD,Tumor,11824.935410384594,18071.568001103155,29896.50341148775
TCGA-B6-A0WS-01,TCGA-BRCA,Tumor,13982.47899286183,16330.819457792244,30313.298450654074
TCGA-C8-A138-01,TCGA-BRCA,Tumor,13480.042696714587,16443.07154063603,29923.114237350615
TCGA-IE-A4EI-01,TCGA-LUSC,Tumor,8652.441910433143,8949.351284039243,17601.793194472386
TCGA-A7-A426-01,TCGA-BRCA,Tumor,12404.401172386719,14147.102575395355,26551.503747782073
TCGA-DD-AAW1-01,TCGA-LIHC,Tumor,-1771.0018615790104,3338.2020045392674,1567.200142960257
TCGA-A7-A56D-01,TCGA-BRCA,Tumor,8410.415364288354,9876.628828162044,18287.044192450398
TCGA-22-1005-01,TCGA-LUSC,Tumor,12258.402677972157,18888.63525011714,31147.037928089296
TCGA-A8-A07B-01,TCGA-BRCA,Tumor,11703.562868041761,11836.816196159485,23540.379064201246
TCGA-A8-A086-01,TCGA-BRCA,Tumor,12260.668564360964,10810.87121616126,23071.539780522224
TCGA-49-AAR3-01,TCGA-LUAD,Tumor,11611.269793875497,18006.209450855295,29617.479244730792
TCGA-78-7154-01,TCGA-LUAD,Tumor,8973.980793232462,13698.080015534262,22672.060808766724
TCGA-BH-A1FU-01,TCGA-BRCA,Tumor,14519.817765063945,15552.005493276218,30071.823258340162
TCGA-DV-5573-01,TCGA-KIRC,Tumor,11904.48687537551,18011.932859331882,29916.419734707393
TCGA-55-7910-01,TCGA-LUAD,Tumor,8715.929414777529,13168.55623924456,21884.48565402209
TCGA-85-8288-01,TCGA-LUSC,Tumor,12837.217486741702,15058.518914796525,27895.736401538226
TCGA-B6-A0RI-01,TCGA-BRCA,Tumor,11787.478921100283,11640.722759808461,23428.201680908744
TCGA-CW-5587-11,TCGA-KIRC,Normal,7333.820531401303,9732.490708286485,17066.311239687788
TCGA-B0-4846-01,TCGA-KIRC,Tumor,11100.922459535632,17348.209560608255,28449.132020143887
TCGA-66-2789-01,TCGA-LUSC,Tumor,12509.759553783868,14875.608170685544,27385.36772446941
TCGA-85-8351-01,TCGA-LUSC,Tumor,8172.685820902869,13502.239134808991,21674.92495571186
TCGA-E2-A1B6-01,TCGA-BRCA,Tumor,9263.918208719166,18617.351379721305,27881.26958844047
TCGA-E9-A1N4-01,TCGA-BRCA,Tumor,13959.53911637612,16249.475203570622,30209.014319946742
TCGA-XR-A8TE-01,TCGA-LIHC,Tumor,1344.0156693452918,8059.096260379039,9403.111929724331
TCGA-OL-A66O-01,TCGA-BRCA,Tumor,6056.426190432634,5935.686815714933,11992.113006147567
TCGA-85-8277-01,TCGA-LUSC,Tumor,6994.656111621567,14247.178631380619,21241.834743002186
TCGA-A7-A6VY-01,TCGA-BRCA,Tumor,10712.641306229041,15612.099503719637,26324.74080994868
TCGA-77-8143-01,TCGA-LUSC,Tumor,2453.7308604209684,12674.7175057374,15128.448366158369
TCGA-CC-A8HU-01,TCGA-LIHC,Tumor,373.4977563962748,4874.586804036091,5248.084560432366
TCGA-GM-A2DA-01,TCGA-BRCA,Tumor,13407.246205432206,15798.389513245627,29205.635718677833
TCGA-DX-A2IZ-01,TCGA-KIRC,Tumor,2682.5320288678377,2643.6918193241145,5326.223848191952
TCGA-B6-A0I1-01,TCGA-BRCA,Tumor,1031.4229470920363,4479.244764572868,5510.667711664904
TCGA-D8-A141-01,TCGA-BRCA,Tumor,15384.404600056001,17546.47284106786,32930.87744112386
TCGA-KL-8344-01,TCGA-KIRC,Tumor,7245.714189228165,8638.05691112965,15883.771100357815
TCGA-BH-A1FG-11,TCGA-BRCA,Normal,10281.009513330053,10754.522854646279,21035.53236797633
TCGA-CZ-4862-01,TCGA-KIRC,Tumor,12171.217630264797,18623.661713243662,30794.87934350846
TCGA-22-4605-01,TCGA-LUSC,Tumor,12660.524590994344,15887.694605360728,28548.219196355072
TCGA-BH-A0H9-01,TCGA-BRCA,Tumor,10672.232406108455,12456.968313758374,23129.20071986683
TCGA-BH-A18T-01,TCGA-BRCA,Tumor,8633.95910717376,12703.658246175877,21337.617353349637
TCGA-B0-5701-01,TCGA-KIRC,Tumor,8363.73170186031,16171.143831250603,24534.875533110913
TCGA-BH-A0BD-01,TCGA-BRCA,Tumor,13498.0737455448,15495.383233406548,28993.456978951348
TCGA-91-6849-01,TCGA-LUAD,Tumor,9825.577020544904,16662.819834892147,26488.39685543705
TCGA-OL-A5RU-01,TCGA-BRCA,Tumor,12144.677946831722,16392.912570512755,28537.590517344477
TCGA-C8-A12T-01,TCGA-BRCA,Tumor,12340.799840154661,12685.534712186938,25026.3345523416
TCGA-18-3411-01,TCGA-LUSC,Tumor,8531.033796875414,15087.847381477357,23618.88117835277
TCGA-MP-A4SY-01,TCGA-LUAD,Tumor,12619.464737641178,14368.565402209406,26988.030139850584
TCGA-39-5036-01,TCGA-LUSC,Tumor,-449.07591668343593,12100.85776720272,11651.781850519284
TCGA-A7-A0DA-01,TCGA-BRCA,Tumor,11669.528329630342,10880.050114888832,22549.578444519175
TCGA-77-8009-01,TCGA-LUSC,Tumor,8153.530721681975,11854.11803508436,20007.648756766335
TCGA-A2-A25C-01,TCGA-BRCA,Tumor,13108.430214707736,14126.71315501761,27235.143369725345
TCGA-KN-8418-01,TCGA-LUAD,Tumor,-330.8692124662484,3094.2154844537727,2763.3462719875242
TCGA-FY-A4B0-01,TCGA-LIHC,Tumor,6969.862974839834,10398.696877809776,17368.55985264961
TCGA-DD-A39V-11,TCGA-LIHC,Normal,749.7558390683917,10410.71283420127,11160.468673269661
TCGA-HU-A4H5-01,TCGA-LIHC,Tumor,4626.488251508748,12966.319654081188,17592.807905589936
TCGA-E2-A14V-01,TCGA-BRCA,Tumor,9385.35122212732,10289.980573726545,19675.331795853865
TCGA-BH-A1F8-11,TCGA-BRCA,Normal,12926.625735379985,13708.60198090017,26635.227716280155
TCGA-33-4583-01,TCGA-LUSC,Tumor,1868.3211484099156,13166.574922574913,15034.896070984829
TCGA-B0-5713-01,TCGA-KIRC,Tumor,9879.50653944704,15960.121156008197,25839.627695455238
TCGA-BH-A0BV-11,TCGA-BRCA,Normal,11900.581155980053,10821.595937452064,22722.177093432118
TCGA-B8-A8YJ-01,TCGA-KIRC,Tumor,15023.957922404657,17938.61702831204,32962.5749507167
TCGA-B0-4849-01,TCGA-KIRC,Tumor,9604.68689029066,16409.108144654394,26013.795034945055
TCGA-MP-A4SV-01,TCGA-LUAD,Tumor,11469.482931304494,16971.151125601,28440.634056905496
TCGA-BH-A0HP-01,TCGA-BRCA,Tumor,13251.57234056624,14221.236544357776,27472.808884924016
TCGA-B6-A0I8-01,TCGA-BRCA,Tumor,11102.523164205897,7910.365896660551,19012.889060866448
TCGA-IG-A3I8-01,TCGA-LUSC,Tumor,5922.287139064028,8629.548276526795,14551.835415590824
TCGA-E2-A1L7-01,TCGA-BRCA,Tumor,12114.509999479375,16291.228695614238,28405.738695093612
TCGA-55-8513-01,TCGA-LUAD,Tumor,12051.886875656932,17429.464886792633,29481.351762449565
TCGA-56-6545-01,TCGA-LUSC,Tumor,15182.00438730411,17317.500930789498,32499.50531809361
TCGA-34-2608-01,TCGA-LUSC,Tumor,14408.931616872123,17207.05586566238,31615.987482534503
TCGA-BP-4763-01,TCGA-KIRC,Tumor,12372.849504774957,15419.324861718309,27792.174366493266
TCGA-MP-A4T4-01,TCGA-LUAD,Tumor,12894.558285152252,18135.937671576936,31030.495956729188
TCGA-44-7672-01,TCGA-LUAD,Tumor,13333.560433777453,18258.323993544273,31591.884427321726
TCGA-E9-A1N8-01,TCGA-BRCA,Tumor,6972.6161868726995,9025.470126792803,15998.086313665503
TCGA-A8-A085-01,TCGA-BRCA,Tumor,9040.349565983335,5868.919645357237,14909.269211340572
TCGA-50-6593-01,TCGA-LUAD,Tumor,13235.583079470987,15865.978378667398,29101.561458138385
TCGA-AR-A0U0-01,TCGA-BRCA,Tumor,10555.93231900963,16806.271430320234,27362.203749329863
TCGA-67-3771-01,TCGA-LUAD,Tumor,11013.623583940604,16492.832113152483,27506.455697093086
TCGA-22-4613-01,TCGA-LUSC,Tumor,8924.661303780704,16415.496734849516,25340.15803863022
TCGA-B0-4823-01,TCGA-KIRC,Tumor,13281.007520891751,16969.632234724984,30250.639755616736
TCGA-91-6848-01,TCGA-LUAD,Tumor,14275.578689352693,17680.825319725842,31956.404009078535
TCGA-22-4596-01,TCGA-LUSC,Tumor,14341.684235113342,18683.407125781105,33025.09136089445
TCGA-BH-A0AU-11,TCGA-BRCA,Normal,9634.275026840223,13110.528916386535,22744.803943226758
TCGA-A7-A0CE-01,TCGA-BRCA,Tumor,8601.617758591332,11601.128440508972,20202.746199100304
TCGA-BP-4775-01,TCGA-KIRC,Tumor,10597.785410454951,16283.98283914015,26881.7682495951
TCGA-93-A4JP-01,TCGA-LUAD,Tumor,10548.441021152768,16201.66037650892,26750.10139766169
TCGA-B2-4102-01,TCGA-KIRC,Tumor,11325.298568849572,17483.067150517734,28808.365719367306
TCGA-DX-AB2W-01,TCGA-KIRC,Tumor,10204.897784819474,15245.989888657026,25450.8876734765
TCGA-AK-3434-01,TCGA-KIRC,Tumor,10841.988914951307,16703.840559908927,27545.829474860235
TCGA-CZ-4861-01,TCGA-KIRC,Tumor,9594.292981298375,18235.2027038626,27829.495685160975
TCGA-34-8455-01,TCGA-LUSC,Tumor,10564.469410584406,14203.756849358437,24768.226259942843
TCGA-22-5480-01,TCGA-LUSC,Tumor,10285.708470817674,16660.09152270971,26945.799993527384
TCGA-56-7730-11,TCGA-LUSC,Normal,9224.821886428199,15978.532816837786,25203.354703265984
TCGA-77-8128-01,TCGA-LUSC,Tumor,9730.185693561296,9234.596856281314,18964.78254984261
TCGA-91-6849-11,TCGA-LUAD,Normal,11519.119004568816,17048.052535082246,28567.171539651063
TCGA-DX-A6BA-01,TCGA-KIRC,Tumor,10006.282349332407,12235.612200589003,22241.89454992141
TCGA-51-4081-01,TCGA-LUSC,Tumor,9626.09009029291,9737.392421699002,19363.48251199191
TCGA-C8-A12Y-01,TCGA-BRCA,Tumor,10344.738901935732,11543.30387357585,21888.04277551158
TCGA-66-2793-01,TCGA-LUSC,Tumor,2866.139968790758,9127.189572906213,11993.32954169697
TCGA-A7-A13G-11,TCGA-BRCA,Normal,12741.160978039556,11181.544618094882,23922.705596134438
TCGA-38-A44F-01,TCGA-LUAD,Tumor,11832.846448577217,17955.122072023263,29787.96852060048
TCGA-BP-4768-01,TCGA-KIRC,Tumor,7505.846483754449,13696.194741144831,21202.04122489928
TCGA-CJ-5677-01,TCGA-KIRC,Tumor,13762.314515391441,16135.124419048047,29897.438934439488
TCGA-AL-A5DJ-01,TCGA-KIRC,Tumor,-4293.118382635395,11220.310128087327,6927.191745451932
TCGA-BH-A0E0-01,TCGA-BRCA,Tumor,6309.590083961008,11850.141173259111,18159.73125722012
TCGA-56-7223-01,TCGA-LUSC,Tumor,4819.846261434355,5217.212303025099,10037.058564459454
TCGA-E2-A15G-01,TCGA-BRCA,Tumor,9733.01360514544,11051.012487916621,20784.02609306206
TCGA-D8-A146-01,TCGA-BRCA,Tumor,14527.817731293802,14424.056497445428,28951.87422873923
TCGA-C8-A12U-01,TCGA-BRCA,Tumor,5858.9490338221985,14474.219024690192,20333.16805851239
TCGA-BP-4784-01,TCGA-KIRC,Tumor,11847.512460478381,14093.254870287481,25940.767330765862
TCGA-DD-AACV-01,TCGA-LIHC,Tumor,-3088.0225359405777,815.7368855769091,-2272.2856503636685
TCGA-FY-A4B3-01,TCGA-LIHC,Tumor,8033.058131075984,10032.974988989521,18066.033120065505
TCGA-B6-A0WT-01,TCGA-BRCA,Tumor,12587.496886815152,11819.930540448888,24407.42742726404
TCGA-44-7660-01,TCGA-LUAD,Tumor,7421.71344628507,14259.045188669548,21680.758634954618
TCGA-BP-4341-01,TCGA-KIRC,Tumor,7884.050311881318,13972.326968130834,21856.37728001215
TCGA-77-6843-01,TCGA-LUSC,Tumor,5082.87405285308,10823.139728178507,15906.013781031586
TCGA-CZ-5985-11,TCGA-KIRC,Normal,6455.723748992168,5180.485023646132,11636.2087726383
TCGA-55-6969-11,TCGA-LUAD,Normal,12332.90658756949,17960.351040612815,30293.257628182306
TCGA-94-7943-01,TCGA-LUSC,Tumor,8516.776853945546,14146.583235657887,22663.360089603433
TCGA-UZ-A9Q0-01,TCGA-KIRC,Tumor,-3719.799326567114,9623.265735830257,5903.466409263143
TCGA-D8-A27M-01,TCGA-BRCA,Tumor,14653.95325931106,17617.184859157405,32271.138118468465
TCGA-A8-A081-01,TCGA-BRCA,Tumor,9261.478023377378,15792.242807311795,25053.720830689173
TCGA-AO-A03O-01,TCGA-BRCA,Tumor,9943.65566838847,15114.614720685753,25058.270389074223
TCGA-HU-8610-01,TCGA-LIHC,Tumor,10501.832058276002,17186.285833285252,27688.117891561255
TCGA-BH-A0H5-11,TCGA-BRCA,Normal,10559.653068087635,13263.143656771546,23822.79672485918
TCGA-DD-AAEK-01,TCGA-LIHC,Tumor,6662.662848764641,15971.4897162886,22634.152565053242
TCGA-56-7731-11,TCGA-LUSC,Normal,10814.321624006061,18188.61864083626,29002.94026484232
TCGA-33-4533-01,TCGA-LUSC,Tumor,10584.755674438955,12391.30029394093,22976.055968379886
TCGA-B0-4852-01,TCGA-KIRC,Tumor,11193.400504019348,15797.518018480707,26990.918522500055
TCGA-60-2711-01,TCGA-LUSC,Tumor,7775.052995200414,14298.931191931184,22073.9841871316
TCGA-CZ-5470-01,TCGA-KIRC,Tumor,9919.862082745283,17424.228803960108,27344.09088670539
TCGA-B0-4824-01,TCGA-KIRC,Tumor,11074.457475653839,17898.795053237216,28973.252528891055
TCGA-E2-A15L-01,TCGA-BRCA,Tumor,11283.000837218071,9254.854663163951,20537.855500382022
TCGA-BP-4345-01,TCGA-KIRC,Tumor,15289.802954043054,17636.080288509565,32925.88324255262
TCGA-B0-5115-01,TCGA-KIRC,Tumor,12324.600708891532,16443.356110355187,28767.95681924672
TCGA-DD-AACB-01,TCGA-LIHC,Tumor,1329.570198976482,14194.277120588948,15523.84731956543
TCGA-CZ-4865-01,TCGA-KIRC,Tumor,13079.717130044588,17099.666367894726,30179.383497939314
TCGA-DX-A1KY-01,TCGA-KIRC,Tumor,8749.398370872124,5266.421521710679,14015.819892582804
TCGA-90-6837-11,TCGA-LUSC,Normal,13489.678938829606,17581.321960300378,31071.000899129984
TCGA-E2-A15H-01,TCGA-BRCA,Tumor,10176.636454585492,11216.792134934225,21393.428589519717
TCGA-BH-A1EV-11,TCGA-BRCA,Normal,13949.266149514482,14551.746487553592,28501.012637068074
TCGA-A8-A093-01,TCGA-BRCA,Tumor,11305.841114302075,8676.93624900976,19982.777363311834
TCGA-KN-8434-01,TCGA-LUAD,Tumor,7008.53955679504,11762.48302839365,18771.02258518869
TCGA-BP-4758-01,TCGA-KIRC,Tumor,9357.17526280908,17633.558289373515,26990.733552182595
TCGA-BP-5200-01,TCGA-KIRC,Tumor,13645.043334125989,17218.23234138235,30863.27567550834
TCGA-34-8456-01,TCGA-LUSC,Tumor,9336.024618432584,13489.486854269173,22825.511472701757
TCGA-FY-A3YR-01,TCGA-LIHC,Tumor,7728.472489295567,12090.517215032774,19818.98970432834
TCGA-BH-A18S-01,TCGA-BRCA,Tumor,7930.043892740403,10821.258010910566,18751.30190365097
TCGA-44-2665-01,TCGA-LUAD,Tumor,14423.5905145303,15831.036774276155,30254.627288806456
TCGA-HU-A4G2-01,TCGA-LIHC,Tumor,6573.532055602533,14605.992590268284,21179.524645870817
TCGA-AR-A1AO-01,TCGA-BRCA,Tumor,15489.965737378054,18698.983760783576,34188.94949816163
TCGA-55-8505-01,TCGA-LUAD,Tumor,11321.919303434563,12771.43563903659,24093.354942471153
TCGA-A3-A6NN-01,TCGA-KIRC,Tumor,12261.195018341405,16827.482545762057,29088.677564103462
TCGA-BP-4335-01,TCGA-KIRC,Tumor,11379.790112947045,16630.60654268334,28010.396655630386
TCGA-L5-A4OO-11,TCGA-LUSC,Normal,8223.741185641495,7624.636555895911,15848.377741537406
TCGA-B0-5698-01,TCGA-KIRC,Tumor,8515.169035032297,17382.318798570956,25897.487833603253
TCGA-G3-A6UC-01,TCGA-LIHC,Tumor,-1787.0907220759655,4176.61198249018,2389.5212604142143
TCGA-DX-A3U7-01,TCGA-KIRC,Tumor,10696.001091901217,11791.32772655191,22487.328818453127
TCGA-55-8089-01,TCGA-LUAD,Tumor,12413.05920609213,19160.35664645617,31573.4158525483
TCGA-B2-5636-01,TCGA-KIRC,Tumor,12435.426386018033,15110.997128130944,27546.423514148977
TCGA-55-7283-01,TCGA-LUAD,Tumor,8563.755757457217,16093.022329098461,24656.778086555678
TCGA-B0-5108-01,TCGA-KIRC,Tumor,15009.252782167114,18526.708809926164,33535.96159209328
TCGA-DD-A4NJ-01,TCGA-LIHC,Tumor,6765.3533890446815,13873.595504068599,20638.94889311328
TCGA-BP-5168-01,TCGA-KIRC,Tumor,8805.077993547085,15044.254857623677,23849.332851170762
TCGA-AR-A24Z-01,TCGA-BRCA,Tumor,10200.860451928904,12046.184809909279,22247.045261838182
TCGA-44-8117-01,TCGA-LUAD,Tumor,10520.53184594624,14688.485794731012,25209.01764067725
TCGA-D8-A145-01,TCGA-BRCA,Tumor,14158.60274917087,14354.813570531045,28513.416319701915
TCGA-BH-A42V-01,TCGA-BRCA,Tumor,13302.716633342101,15094.136372270772,28396.853005612873
TCGA-BP-4331-01,TCGA-KIRC,Tumor,11841.052727853468,17138.12240831758,28979.17513617105
TCGA-D8-A1XB-01,TCGA-BRCA,Tumor,13627.353768958765,11325.092255803185,24952.44602476195
TCGA-18-4086-01,TCGA-LUSC,Tumor,11109.004239559745,15492.23162376686,26601.235863326605
TCGA-A2-A0YL-01,TCGA-BRCA,Tumor,13786.197029071864,14541.423720991097,28327.62075006296
TCGA-A7-A5ZX-01,TCGA-BRCA,Tumor,12033.926969256503,11196.843797621175,23230.77076687768
TCGA-B2-5635-01,TCGA-KIRC,Tumor,9892.657217593678,17180.174698566316,27072.831916159994
TCGA-BP-4162-01,TCGA-KIRC,Tumor,11184.781598650316,17918.622448419625,29103.40404706994
TCGA-EW-A1P7-01,TCGA-BRCA,Tumor,14562.78067841398,18691.186550478615,33253.967228892594
TCGA-AR-A5QQ-01,TCGA-BRCA,Tumor,10846.236118009754,17311.820207770787,28158.05632578054
TCGA-GJ-A9DB-01,TCGA-LIHC,Tumor,6805.328320343553,11809.917243455977,18615.24556379953
TCGA-BP-5009-01,TCGA-KIRC,Tumor,10342.505029640331,16991.117248521496,27333.622278161827
TCGA-S3-AA15-01,TCGA-BRCA,Tumor,13625.443594718909,18070.13803826438,31695.58163298329
TCGA-B4-5838-01,TCGA-KIRC,Tumor,12208.432235287826,14570.432046737875,26778.8642820257
TCGA-DX-A6B9-01,TCGA-KIRC,Tumor,9314.575175850969,11998.412668305453,21312.98784415642
TCGA-BH-A1FH-11,TCGA-BRCA,Normal,13708.367210881861,15603.206699995917,29311.573910877778
TCGA-DD-A1EC-01,TCGA-LIHC,Tumor,7194.4774112935775,18355.03501260048,25549.51242389406
TCGA-E9-A1RI-11,TCGA-BRCA,Normal,12789.420445287444,12504.598170502624,25294.018615790068
TCGA-AR-A24M-01,TCGA-BRCA,Tumor,13030.959665788174,11519.090547596901,24550.050213385075
TCGA-L5-A43M-01,TCGA-LUSC,Tumor,8660.271134831506,14154.060305028794,22814.3314398603
TCGA-KN-8422-01,TCGA-LUAD,Tumor,-3700.3810003559956,2033.4107138585605,-1666.9702864974352
TCGA-BC-A10W-11,TCGA-LIHC,Normal,1905.6495813206056,12661.065273460747,14566.714854781352
TCGA-B0-4828-01,TCGA-KIRC,Tumor,6596.5679743684595,15700.188060285323,22296.756034653783
TCGA-86-8673-01,TCGA-LUAD,Tumor,9273.959962683992,13920.211581188338,23194.17154387233
TCGA-BC-A10U-01,TCGA-LIHC,Tumor,-826.9702752407211,8417.700349098828,7590.730073858107
TCGA-66-2795-01,TCGA-LUSC,Tumor,11508.874494679087,15764.764043805499,27273.638538484585
TCGA-A2-A0EW-01,TCGA-BRCA,Tumor,14999.122100165045,15334.473285708049,30333.595385873094
TCGA-A3-3380-01,TCGA-KIRC,Tumor,10685.525369114668,16030.971901835826,26716.497270950495
TCGA-BP-5006-01,TCGA-KIRC,Tumor,9694.205409695121,15872.84006602062,25567.045475715742
TCGA-97-8171-01,TCGA-LUAD,Tumor,2658.044804534202,7481.277445626554,10139.322250160756
TCGA-A3-3343-01,TCGA-KIRC,Tumor,8599.700470108499,17532.756580604397,26132.457050712896
TCGA-B8-5163-01,TCGA-KIRC,Tumor,15127.388343954506,18746.193877192065,33873.58222114657
TCGA-EW-A1J3-01,TCGA-BRCA,Tumor,10659.127970541176,11728.637017421166,22387.764987962342
TCGA-50-7109-01,TCGA-LUAD,Tumor,11095.796647469277,16074.17669944715,27169.973346916428
TCGA-EW-A1P3-01,TCGA-BRCA,Tumor,11469.070305211713,12843.11519417127,24312.185499382984
TCGA-FY-A40N-01,TCGA-LIHC,Tumor,5258.798610358706,13508.869609265395,18767.6682196241
TCGA-BH-A1FD-01,TCGA-BRCA,Tumor,11559.254006334715,11605.55705676338,23164.811063098095
TCGA-BP-4760-01,TCGA-KIRC,Tumor,10683.415996071406,13387.034641128932,24070.450637200338
TCGA-EW-A424-01,TCGA-BRCA,Tumor,10297.144616406378,9015.91569847204,19313.060314878418
TCGA-E2-A2P5-01,TCGA-BRCA,Tumor,10454.084816522602,13105.684116917855,23559.768933440457
TCGA-DD-AACZ-01,TCGA-LIHC,Tumor,3461.7017055328142,16958.875499340775,20420.57720487359
TCGA-44-6145-01,TCGA-LUAD,Tumor,13242.302481964634,18195.188644227343,31437.491126191977
TCGA-L5-A4OP-01,TCGA-LUSC,Tumor,4665.765986995677,13519.363117659388,18185.129104655065
TCGA-CC-A7II-01,TCGA-LIHC,Tumor,1079.4298587141711,4508.530545795824,5587.960404509995
TCGA-A2-A259-01,TCGA-BRCA,Tumor,13968.3785632775,15116.019783674103,29084.398346951602
TCGA-E2-A1B1-01,TCGA-BRCA,Tumor,15326.857488599057,16632.559402381074,31959.41689098013
TCGA-A7-A3J0-01,TCGA-BRCA,Tumor,8021.938569299844,13775.614592640635,21797.55316194048
TCGA-55-8085-01,TCGA-LUAD,Tumor,9689.616722973682,17117.34526169748,26806.96198467116
TCGA-F5-6864-01,TCGA-LIHC,Tumor,12083.001017325489,13562.126832206017,25645.127849531505
TCGA-AR-A2LR-01,TCGA-BRCA,Tumor,13697.58913276871,12770.745557467631,26468.33469023634
TCGA-A2-A0ES-01,TCGA-BRCA,Tumor,14292.670658109684,14693.942419095885,28986.61307720557
TCGA-A7-A0D9-11,TCGA-BRCA,Normal,14310.193038566907,15324.712544340891,29634.9055829078
TCGA-XM-A8RD-01,TCGA-KIRC,Tumor,77.63417650807969,16889.33377422128,16966.96795072936
TCGA-NJ-A4YF-01,TCGA-LUAD,Tumor,3797.58290217775,11787.155223044738,15584.738125222488
TCGA-33-4547-01,TCGA-LUSC,Tumor,11613.436080862597,14426.767024020413,26040.20310488301
TCGA-EW-A1P8-01,TCGA-BRCA,Tumor,10675.152802851324,15029.496360563786,25704.64916341511
TCGA-NK-A5CT-01,TCGA-LUSC,Tumor,3090.605006141941,12602.9774795374,15693.58248567934
TCGA-AR-A0U4-01,TCGA-BRCA,Tumor,11550.90544219888,17033.752906694503,28584.658348893383
TCGA-Q1-A73R-01,TCGA-LUSC,Tumor,4047.470686814304,11076.872761145201,15124.343447959505
TCGA-B8-4620-01,TCGA-KIRC,Tumor,12466.053202042527,16803.881044679303,29269.93424672183
TCGA-CJ-4904-01,TCGA-KIRC,Tumor,11858.535979974306,16503.531934592862,28362.067914567167
TCGA-NJ-A7XG-01,TCGA-LUAD,Tumor,473.2643428119518,11007.551577558046,11480.815920369998
TCGA-EP-A3RK-01,TCGA-LIHC,Tumor,5555.821811852471,16180.933029589676,21736.754841442147
TCGA-A8-A08C-01,TCGA-BRCA,Tumor,9903.115154772771,11651.226939566925,21554.342094339696
TCGA-BP-5175-01,TCGA-KIRC,Tumor,7468.944905422497,14971.83542121918,22440.780326641678
TCGA-05-4403-01,TCGA-LUAD,Tumor,10061.403503933518,16431.180083496667,26492.583587430185
TCGA-55-8097-01,TCGA-LUAD,Tumor,10498.531049533758,15673.698176553105,26172.229226086863
TCGA-LL-A7T0-01,TCGA-BRCA,Tumor,9045.400678498409,13814.490373399258,22859.891051897666
TCGA-NI-A4U2-01,TCGA-LIHC,Tumor,493.8707476005584,3930.3987043522648,4424.269451952823
TCGA-DX-AB2Z-01,TCGA-KIRC,Tumor,9790.16231899556,19023.830766568117,28813.993085563678
TCGA-CZ-5455-01,TCGA-KIRC,Tumor,11562.928512833354,18167.749009057432,29730.677521890786
TCGA-39-5024-01,TCGA-LUSC,Tumor,6631.758577263969,14439.924816410032,21071.683393674
TCGA-DD-AAVQ-01,TCGA-LIHC,Tumor,5255.77861421413,16697.636940031265,21953.415554245395
TCGA-B4-5834-01,TCGA-KIRC,Tumor,11094.921595582866,15532.782808747023,26627.70440432989
TCGA-85-8582-01,TCGA-LUSC,Tumor,13878.550574303456,15356.513210456924,29235.06378476038
TCGA-NJ-A4YQ-01,TCGA-LUAD,Tumor,9675.687035220846,17885.559004174833,27561.24603939568
TCGA-97-7547-01,TCGA-LUAD,Tumor,11078.185338974818,15104.636994907738,26182.822333882556
TCGA-A7-A13D-01,TCGA-BRCA,Tumor,9233.956574413205,8271.289228591486,17505.24580300469
TCGA-EW-A1OZ-01,TCGA-BRCA,Tumor,10717.927188762416,13253.187273722466,23971.114462484882
TCGA-EP-A26S-11,TCGA-LIHC,Normal,1174.2378177735045,12821.324267926666,13995.56208570017
TCGA-A2-A1FX-01,TCGA-BRCA,Tumor,13282.746953300117,14322.95599047119,27605.702943771306
TCGA-BH-A0B8-11,TCGA-BRCA,Normal,13607.885643046797,12920.262045035295,26528.147688082092
TCGA-KN-8421-01,TCGA-LUAD,Tumor,-5803.144911895113,-2954.039997917509,-8757.184909812622
TCGA-E2-A10F-01,TCGA-BRCA,Tumor,14700.92860570124,15680.702148765911,30381.63075446715
TCGA-A7-A4SD-01,TCGA-BRCA,Tumor,11832.874905549132,15926.616628698703,27759.491534247834
TCGA-55-5899-01,TCGA-LUAD,Tumor,11925.203550930291,15358.163714828046,27283.367265758337
TCGA-43-8118-01,TCGA-LUSC,Tumor,9899.689646778395,15496.03418663912,25395.723833417516
TCGA-HU-A4G9-01,TCGA-LIHC,Tumor,-4373.110930691011,4275.076662440704,-98.03426825030692
TCGA-05-4397-01,TCGA-LUAD,Tumor,7363.344639764055,14167.403067735864,21530.74770749992
TCGA-HU-A4GN-01,TCGA-LIHC,Tumor,5163.755881281068,13274.643830547062,18438.39971182813
TCGA-DD-AAVU-01,TCGA-LIHC,Tumor,-5437.5012797476265,1346.676396219431,-4090.8248835281956
TCGA-44-6777-01,TCGA-LUAD,Tumor,15877.51412365781,18490.209186322525,34367.723309980334
TCGA-FV-A23B-01,TCGA-LIHC,Tumor,2468.770370078528,13200.598789621868,15669.369159700396
TCGA-55-7815-01,TCGA-LUAD,Tumor,13492.22939493757,16369.190127299353,29861.419522236924
TCGA-E2-A1B5-01,TCGA-BRCA,Tumor,13538.827686449866,18512.217096977987,32051.044783427853
TCGA-BH-A0DE-01,TCGA-BRCA,Tumor,14170.88904679556,15119.993088377862,29290.882135173422
TCGA-DD-A3A1-11,TCGA-LIHC,Normal,1278.4187919576398,11874.959209891273,13153.378001848912
TCGA-AO-A0JM-01,TCGA-BRCA,Tumor,12028.989684629098,12890.343096187204,24919.3327808163
TCGA-91-6830-01,TCGA-LUAD,Tumor,13817.517483786814,16967.903473681097,30785.42095746791
TCGA-E2-A14P-01,TCGA-BRCA,Tumor,9411.56365038336,13959.709858207618,23371.273508590977
TCGA-E9-A227-01,TCGA-BRCA,Tumor,13892.55140448608,16042.521875312192,29935.07327979827
TCGA-L5-A4OS-01,TCGA-LUSC,Tumor,11331.096676877441,16841.23793456191,28172.33461143935
TCGA-44-A4SS-01,TCGA-LUAD,Tumor,12450.938992833693,17852.292804005137,30303.23179683883
TCGA-AR-A2LH-01,TCGA-BRCA,Tumor,13837.60810595944,17337.079327467643,31174.687433427083
TCGA-A8-A07O-01,TCGA-BRCA,Tumor,7940.469815826091,14385.977511900452,22326.447327726542
TCGA-B0-5693-01,TCGA-KIRC,Tumor,10881.216850737383,14087.74133197877,24968.958182716153
TCGA-85-8350-01,TCGA-LUSC,Tumor,11901.33526573583,15124.563989491853,27025.899255227683
TCGA-DD-A4NA-01,TCGA-LIHC,Tumor,7741.167855891548,13148.718172697681,20889.88602858923
TCGA-A2-A0D3-01,TCGA-BRCA,Tumor,9835.547632079943,13456.213539856504,23291.761171936447
TCGA-44-7659-01,TCGA-LUAD,Tumor,9092.002527132194,14967.997287132024,24059.999814264218
TCGA-CJ-6027-01,TCGA-KIRC,Tumor,8307.916908568746,18331.78922366667,26639.706132235417
TCGA-E9-A1NG-11,TCGA-BRCA,Normal,14721.488767910483,15566.365592729282,30287.854360639765
TCGA-AO-A0JA-01,TCGA-BRCA,Tumor,13721.393389776367,14797.71432430873,28519.107714085098
TCGA-XM-A8RB-01,TCGA-KIRC,Tumor,3316.290136164018,17001.482700541867,20317.772836705884
TCGA-A2-A4S0-01,TCGA-BRCA,Tumor,8029.5757091377745,9707.822070756883,17737.397779894658
TCGA-G3-A7M8-01,TCGA-LIHC,Tumor,3091.7219422896414,7154.111196630864,10245.833138920505
TCGA-98-A539-01,TCGA-LUSC,Tumor,9279.53041493653,14008.036910763807,23287.567325700336
TCGA-77-7335-01,TCGA-LUSC,Tumor,15860.361683835497,18307.252199632185,34167.61388346768
TCGA-E9-A1RB-11,TCGA-BRCA,Normal,13634.7525816569,15730.846890403223,29365.599472060123
TCGA-KR-A7K7-01,TCGA-LIHC,Tumor,-2926.237536355671,12107.57005545338,9181.332519097708
TCGA-DD-A4NV-01,TCGA-LIHC,Tumor,6501.40430316018,11907.549556977963,18408.953860138143
TCGA-B0-5703-11,TCGA-KIRC,Normal,7748.040214609242,9205.944242683483,16953.984457292725
TCGA-B6-A0IE-01,TCGA-BRCA,Tumor,8073.666229999984,8814.70000717615,16888.366237176135
TCGA-05-4382-01,TCGA-LUAD,Tumor,13463.26375464867,17135.753365405584,30599.017120054254
TCGA-ZP-A9CV-01,TCGA-LIHC,Tumor,5766.965429225522,14819.142424161404,20586.107853386926
TCGA-BP-5181-01,TCGA-KIRC,Tumor,11506.935863467315,15941.862451402656,27448.79831486997
TCGA-BC-A10Y-01,TCGA-LIHC,Tumor,2292.4901004239546,11291.1786595224,13583.668759946355
TCGA-L5-A8NL-01,TCGA-LUSC,Tumor,15197.911834605107,14943.054751247731,30140.96658585284
TCGA-N6-A4VG-01,TCGA-LUAD,Tumor,8370.379961924162,12260.93534847267,20631.315310396833
TCGA-AK-3453-01,TCGA-KIRC,Tumor,7169.428161764601,16241.468123097791,23410.896284862392
TCGA-IG-A97H-01,TCGA-LUSC,Tumor,6949.765238424225,12646.082677747025,19595.84791617125
TCGA-93-A4JQ-01,TCGA-LUAD,Tumor,13888.019631708474,17979.96500850585,31867.984640214323
TCGA-IG-A4QT-01,TCGA-LUSC,Tumor,9385.678477304351,20198.33892557483,29584.01740287918
TCGA-CC-5260-01,TCGA-LIHC,Tumor,9579.37085664997,14151.499177556358,23730.870034206328
TCGA-F5-6812-01,TCGA-LIHC,Tumor,11659.835173571486,14389.637789913137,26049.472963484623
TCGA-OL-A66J-01,TCGA-BRCA,Tumor,12619.90582070588,13658.521267449662,26278.427088155542
TCGA-77-8138-01,TCGA-LUSC,Tumor,11850.336814941034,15099.16258493542,26949.499399876455
TCGA-21-5783-01,TCGA-LUSC,Tumor,10173.534644646654,11864.536843927071,22038.071488573725
TCGA-05-5428-01,TCGA-LUAD,Tumor,7626.105647071072,13869.992139999744,21496.097787070816
TCGA-AL-7173-01,TCGA-KIRC,Tumor,7066.292981298375,13460.357586391754,20526.65056769013
TCGA-CW-5588-01,TCGA-KIRC,Tumor,13604.573962940081,16932.840927159206,30537.414890099288
TCGA-D8-A1JI-01,TCGA-BRCA,Tumor,8369.074498337523,11047.530065978408,19416.60456431593
TCGA-B0-5113-01,TCGA-KIRC,Tumor,11969.073530260157,16776.551680275563,28745.62521053572
TCGA-OL-A5RX-01,TCGA-BRCA,Tumor,11387.423695663489,13910.521982250972,25297.94567791446
TCGA-A3-A8OU-01,TCGA-KIRC,Tumor,11710.321398871794,16421.917339138043,28132.238738009837
TCGA-EW-A1OY-01,TCGA-BRCA,Tumor,8955.508661337546,11978.784471926458,20934.293133264004
TCGA-AR-A5QM-01,TCGA-BRCA,Tumor,13692.6874193562,15117.29323316734,28809.98065252354
TCGA-FV-A3R2-11,TCGA-LIHC,Normal,3630.8321609935156,14464.525868631335,18095.35802962485
TCGA-A2-A0CQ-01,TCGA-BRCA,Tumor,8858.954155626878,11874.543026677002,20733.49718230388
TCGA-CZ-5452-01,TCGA-KIRC,Tumor,7399.1470675557575,18413.88047340109,25813.027540956846
TCGA-BH-A0BA-01,TCGA-BRCA,Tumor,12924.7262325046,14299.617716378652,27224.343948883252
TCGA-BH-A18L-11,TCGA-BRCA,Normal,13173.827893291982,13749.626263038434,26923.454156330416
TCGA-BP-5201-01,TCGA-KIRC,Tumor,8792.941095024951,17293.077734642673,26086.018829667624
TCGA-D8-A27F-01,TCGA-BRCA,Tumor,11973.12153451519,12327.75587565271,24300.8774101679
TCGA-34-5236-01,TCGA-LUSC,Tumor,12992.439597178502,14300.876937385936,27293.316534564437
TCGA-C8-A26Z-01,TCGA-BRCA,Tumor,11230.056640968523,9966.997499602494,21197.054140571017
TCGA-BP-5190-01,TCGA-KIRC,Tumor,6480.40305788624,14959.239654024906,21439.642711911147
TCGA-L5-A4OW-01,TCGA-LUSC,Tumor,9543.351444447413,14138.608169278454,23681.959613725867
TCGA-CW-5591-01,TCGA-KIRC,Tumor,11426.737002365317,13567.811112346219,24994.548114711535
TCGA-CZ-5989-01,TCGA-KIRC,Tumor,10401.812916234569,15583.528703916065,25985.341620150633
TCGA-DD-A119-11,TCGA-LIHC,Normal,3437.3318662083293,11778.376247208686,15215.708113417015
TCGA-BH-A1EU-11,TCGA-BRCA,Normal,12478.289699966368,13704.475719972364,26182.765419938733
TCGA-E2-A14S-01,TCGA-BRCA,Tumor,9982.858704324124,14196.67817759435,24179.536881918473
TCGA-A8-A06O-01,TCGA-BRCA,Tumor,12097.10500403131,13389.994166208187,25487.099170239497
TCGA-A3-3387-01,TCGA-KIRC,Tumor,13241.69421418993,17185.04795500691,30426.74216919684
TCGA-D8-A1JM-01,TCGA-BRCA,Tumor,3859.16023228228,13241.925427086742,17101.085659369022
TCGA-55-6986-01,TCGA-LUAD,Tumor,9006.019786488283,15642.776119444981,24648.795905933264
TCGA-C8-A1HO-01,TCGA-BRCA,Tumor,9549.434122194438,11606.062168014887,21155.496290209325
TCGA-63-A5MU-01,TCGA-LUSC,Tumor,1743.1353718303544,8703.984600815827,10447.119972646182
TCGA-E9-A228-01,TCGA-BRCA,Tumor,9616.336463168733,10353.877147042225,19970.213610210958
TCGA-E9-A1RA-01,TCGA-BRCA,Tumor,11912.778525567508,13545.988172008208,25458.766697575717
TCGA-V7-A7HQ-01,TCGA-BRCA,Tumor,7443.397658884991,9255.19258970545,16698.59024859044
TCGA-OL-A6VR-01,TCGA-BRCA,Tumor,5086.932728472588,8377.540447482505,13464.473175955092
TCGA-43-6771-11,TCGA-LUSC,Normal,12811.467484279292,18644.65228715313,31456.119771432423
TCGA-AR-A1AW-01,TCGA-BRCA,Tumor,13516.286207570982,19265.875098320354,32782.161305891335
TCGA-AR-A1AY-01,TCGA-BRCA,Tumor,10592.954839472226,11246.974310772533,21839.92915024476
TCGA-21-1075-01,TCGA-LUSC,Tumor,1587.2089513386309,4916.674665499719,6503.88361683835
TCGA-BH-A0H6-01,TCGA-BRCA,Tumor,11921.176889404192,10048.242154422409,21969.4190438266
TCGA-B0-5106-01,TCGA-KIRC,Tumor,11140.844034012156,17190.059939185605,28330.90397319776
TCGA-B0-4843-01,TCGA-KIRC,Tumor,11127.195358856992,15713.114639778123,26840.309998635115
TCGA-EW-A1OV-01,TCGA-BRCA,Tumor,13082.516584656816,18500.77028002482,31583.286864681635
TCGA-DX-A3LW-01,TCGA-KIRC,Tumor,13184.876312638331,10752.698051322168,23937.5743639605
TCGA-A2-A04U-01,TCGA-BRCA,Tumor,6632.167646235259,7059.904391103253,13692.072037338512
TCGA-D8-A1JF-01,TCGA-BRCA,Tumor,12597.972609601693,13169.6589469063,25767.631556507993
TCGA-OL-A6VQ-01,TCGA-BRCA,Tumor,13786.663011986991,14579.285722125209,28365.9487341122
TCGA-56-7582-01,TCGA-LUSC,Tumor,9544.343881342978,13766.490576020104,23310.834457363082
TCGA-C8-A273-01,TCGA-BRCA,Tumor,12188.2028853771,11768.725776607698,23956.9286619848
TCGA-BP-4769-01,TCGA-KIRC,Tumor,11502.482347362482,11875.866275871089,23378.34862323357
TCGA-C8-A132-01,TCGA-BRCA,Tumor,14203.813763302267,16479.53559302477,30683.34935632704
TCGA-91-A4BD-01,TCGA-LUAD,Tumor,3259.2730358090084,16174.953508365845,19434.226544174853
TCGA-BP-4355-01,TCGA-KIRC,Tumor,10594.292317152274,14296.889404196216,24891.18172134849
TCGA-BH-A0EE-01,TCGA-BRCA,Tumor,2358.026506746286,12606.698228615405,14964.724735361691
TCGA-B6-A0RQ-01,TCGA-BRCA,Tumor,9467.214816086402,9155.888429083407,18623.10324516981
TCGA-50-5066-01,TCGA-LUAD,Tumor,11309.54763489412,18192.908529352582,29502.4561642467
TCGA-KL-8341-01,TCGA-KIRC,Tumor,-889.917097118705,270.14559151919093,-619.7715055995141
TCGA-DD-A3A2-01,TCGA-LIHC,Tumor,-1273.328551106184,4514.517181262636,3241.188630156452
TCGA-D8-A27W-01,TCGA-BRCA,Tumor,12533.926637183456,14358.363577777553,26892.29021496101
TCGA-85-6560-01,TCGA-LUSC,Tumor,12550.712693492347,15840.271061662865,28390.983755155212
TCGA-98-8022-01,TCGA-LUSC,Tumor,11155.456689090974,15875.71422018413,27031.170909275104
TCGA-AR-A2LJ-01,TCGA-BRCA,Tumor,12365.685462095124,16286.45148145386,28652.136943548983
TCGA-A8-A075-01,TCGA-BRCA,Tumor,11964.403029744459,15104.750822795406,27069.153852539865
TCGA-A1-A0SD-01,TCGA-BRCA,Tumor,13978.502131036588,13926.820712915807,27905.322843952395
TCGA-49-AAR9-01,TCGA-LUAD,Tumor,4660.906959041036,11194.094142709797,15855.001101750833
TCGA-V5-A7RE-11,TCGA-KIRC,Normal,5259.11163704978,15022.232718482253,20281.344355532034
TCGA-55-7907-01,TCGA-LUAD,Tumor,11880.817788984456,16548.824762518514,28429.64255150297
TCGA-ZP-A9CZ-01,TCGA-LIHC,Tumor,6124.65533772251,14735.27261368225,20859.92795140476
TCGA-DX-A3M2-01,TCGA-KIRC,Tumor,11776.547886763085,17272.738113965777,29049.286000728862
TCGA-64-1680-01,TCGA-LUAD,Tumor,4122.458364934209,13181.58953238204,17304.04789731625
TCGA-J2-A4AE-01,TCGA-LUAD,Tumor,7804.039978218258,16389.26296386454,24193.3029420828
TCGA-A2-A3Y0-01,TCGA-BRCA,Tumor,6611.98809602539,15535.806362013089,22147.79445803848
TCGA-22-5473-01,TCGA-LUSC,Tumor,7715.823365278946,13347.319379698794,21063.14274497774
TCGA-EW-A6SD-01,TCGA-BRCA,Tumor,11376.314805251819,15140.037467971128,26516.352273222947
TCGA-CZ-5466-01,TCGA-KIRC,Tumor,11147.3606805809,17771.133520100968,28918.494200681867
TCGA-DD-A73D-01,TCGA-LIHC,Tumor,-5590.567774561801,-2506.9240551747826,-8097.491829736584
TCGA-L5-A88W-01,TCGA-LUSC,Tumor,3283.870530908822,6455.389379572156,9739.259910480978
TCGA-ED-A82E-01,TCGA-LIHC,Tumor,6358.585875357221,10303.824890563632,16662.410765920853
TCGA-E2-A14W-01,TCGA-BRCA,Tumor,5517.483156438768,5589.073783536209,11106.556939974977
TCGA-55-6972-11,TCGA-LUAD,Normal,11769.703985017313,18420.293963446635,30189.997948463948
TCGA-DD-A4NP-01,TCGA-LIHC,Tumor,-1877.9751761323932,5532.693407927818,3654.718231795425
TCGA-AR-A256-01,TCGA-BRCA,Tumor,10190.31002959108,12297.250001758857,22487.560031349938
TCGA-FY-A3NN-01,TCGA-LIHC,Tumor,3661.764889466107,10970.07730266629,14631.842192132397
TCGA-A2-A0T3-01,TCGA-BRCA,Tumor,10075.436348209547,11415.23327146831,21490.669619677858
TCGA-86-8359-01,TCGA-LUAD,Tumor,9670.109468725328,16781.09768153913,26451.207150264458
TCGA-21-1079-01,TCGA-LUSC,Tumor,10259.794840766746,12479.12206639491,22738.916907161656
TCGA-BH-A0HN-01,TCGA-BRCA,Tumor,5472.827053259731,8309.606541276255,13782.433594535985
TCGA-A7-A26G-01,TCGA-BRCA,Tumor,15091.749543751324,16067.713409700747,31159.46295345207
TCGA-K7-A5RF-01,TCGA-LIHC,Tumor,6739.283245648221,15785.427362537932,22524.710608186153
TCGA-55-8614-01,TCGA-LUAD,Tumor,11330.723179121047,14984.153732937284,26314.87691205833
TCGA-55-7574-01,TCGA-LUAD,Tumor,14790.888208170403,18237.83497376482,33028.723181935224
TCGA-44-5644-01,TCGA-LUAD,Tumor,4745.089796211269,11358.7568535797,16103.846649790969
TCGA-ED-A8O5-01,TCGA-LIHC,Tumor,-1011.2433968821751,8005.526010747344,6994.282613865169
TCGA-AN-A0FV-01,TCGA-BRCA,Tumor,11198.060333170575,9381.096904825892,20579.157237996467
TCGA-DX-A8BS-01,TCGA-KIRC,Tumor,12640.942637194708,14239.996803093341,26880.93944028805
TCGA-MP-A4TI-01,TCGA-LUAD,Tumor,14288.764938714226,19266.860420972942,33555.62535968717
TCGA-73-4677-01,TCGA-LUAD,Tumor,7478.477991014326,15614.724659378877,23093.202650393203
TCGA-DX-A7ER-01,TCGA-KIRC,Tumor,-1098.2505885150604,-1127.5185841305683,-2225.7691726456287
TCGA-50-5942-01,TCGA-LUAD,Tumor,10717.688861622624,15119.256764229536,25836.94562585216
TCGA-A7-A0CD-01,TCGA-BRCA,Tumor,10647.332555682031,9479.881725710471,20127.214281392502
TCGA-DX-A3UA-01,TCGA-KIRC,Tumor,11773.029893609983,11706.027953233981,23479.057846843963
TCGA-68-A59I-01,TCGA-LUSC,Tumor,12824.244664669535,16194.001893942059,29018.246558611594
TCGA-BH-A208-01,TCGA-BRCA,Tumor,15935.356476198376,13927.354281139229,29862.710757337605
TCGA-BH-A1F6-01,TCGA-BRCA,Tumor,11228.569764185919,15949.926445819325,27178.496210005243
TCGA-DX-A8BP-01,TCGA-KIRC,Tumor,12131.342298367632,17862.515971165925,29993.858269533557
TCGA-DX-AB2V-01,TCGA-KIRC,Tumor,10772.938072597357,14782.564543885,25555.502616482358
TCGA-CZ-5453-01,TCGA-KIRC,Tumor,8384.021522836352,11904.938629804677,20288.96015264103
TCGA-AR-A1AU-01,TCGA-BRCA,Tumor,12694.310130901507,12712.092181227457,25406.402312128965
TCGA-ZP-A9D1-01,TCGA-LIHC,Tumor,5412.028732761395,14247.882941435539,19659.911674196934
TCGA-22-5481-01,TCGA-LUSC,Tumor,5793.3983990139095,15091.646387228127,20885.044786242037
TCGA-DX-A3UE-01,TCGA-KIRC,Tumor,8179.6969073586515,5345.7666736552055,13525.463581013857
TCGA-DD-AADU-01,TCGA-LIHC,Tumor,-4078.4496578662656,2488.2989670558163,-1590.1506908104493
TCGA-AR-A24X-01,TCGA-BRCA,Tumor,12306.356232771952,13074.434804632696,25380.791037404648
TCGA-B6-A0IO-01,TCGA-BRCA,Tumor,6996.555614496956,11943.57252630201,18940.128140798966
TCGA-E2-A1IE-01,TCGA-BRCA,Tumor,7902.959969719439,8178.715141827553,16081.675111546992
TCGA-66-2769-01,TCGA-LUSC,Tumor,13202.459164160875,17342.585751533374,30545.04491569425
TCGA-56-8082-11,TCGA-LUSC,Normal,12798.455533870747,18634.037836628497,31432.493370499244
TCGA-78-7167-01,TCGA-LUAD,Tumor,7054.810593130307,12393.10731165759,19447.917904787897
TCGA-78-8662-01,TCGA-LUAD,Tumor,3481.7923277054433,10982.64817001014,14464.440497715583
TCGA-B0-5694-11,TCGA-KIRC,Normal,12129.126211679682,14591.1665079001,26720.292719579782
TCGA-86-8585-01,TCGA-LUAD,Tumor,9709.597074380137,17341.38700159141,27050.984075971548
TCGA-50-6591-01,TCGA-LUAD,Tumor,4231.971464231086,4267.105153182762,8499.076617413848
TCGA-BP-4985-01,TCGA-KIRC,Tumor,11780.474948887484,16135.341403458904,27915.816352346388
TCGA-AN-A0AJ-01,TCGA-BRCA,Tumor,11045.989832373463,16051.603206474862,27097.593038848325
TCGA-AO-A128-01,TCGA-BRCA,Tumor,11146.940940245138,19308.43961406357,30455.380554308707
TCGA-AR-A24T-01,TCGA-BRCA,Tumor,14890.84687914651,14287.374104211838,29178.220983358347
TCGA-A2-A0CT-01,TCGA-BRCA,Tumor,9660.64041132031,10999.946451813525,20660.586863133834
TCGA-BH-A1F2-01,TCGA-BRCA,Tumor,13437.197168373696,11332.89658035112,24770.093748724816
TCGA-BH-A0DZ-11,TCGA-BRCA,Normal,9046.08364582439,12697.07401429884,21743.15766012323
TCGA-DX-A7EF-01,TCGA-KIRC,Tumor,10203.193923626011,9345.888516322935,19549.082439948947
TCGA-E9-A1N5-11,TCGA-BRCA,Normal,13175.460612055653,12346.398749379117,25521.85936143477
TCGA-D8-A1J9-01,TCGA-BRCA,Tumor,12780.783754310967,12641.72876104389,25422.512515354858
TCGA-Q1-A5R2-01,TCGA-LUSC,Tumor,3257.1601056442523,14319.089399412118,17576.24950505637
TCGA-DD-AADY-01,TCGA-LIHC,Tumor,704.555496301462,4981.9549590748065,5686.5104553762685
TCGA-HU-A4GT-01,TCGA-LIHC,Tumor,4347.254214583914,12923.2713698154,17270.525584399315
TCGA-MP-A4TK-01,TCGA-LUAD,Tumor,14598.60444893462,17244.999680590747,31843.604129525367
TCGA-B0-5099-01,TCGA-KIRC,Tumor,7702.935914122529,11254.462051507904,18957.397965630433
TCGA-77-7338-01,TCGA-LUSC,Tumor,12673.94916749567,14949.567840694985,27623.517008190654
TCGA-E2-A150-01,TCGA-BRCA,Tumor,12245.088372237002,14866.69402423289,27111.78239646989
TCGA-AR-A251-01,TCGA-BRCA,Tumor,12072.155353904036,13874.694654608847,25946.850008512884
TCGA-BH-A0B1-01,TCGA-BRCA,Tumor,13010.669844812128,12602.397668734618,25613.067513546746
TCGA-51-6867-01,TCGA-LUSC,Tumor,10298.880491693246,14621.683053158416,24920.563544851662
TCGA-TQ-A7RM-01,TCGA-LUAD,Tumor,3473.1769794579013,5392.781148381775,8865.958127839676
TCGA-FY-A40L-01,TCGA-LIHC,Tumor,8128.7980559655625,12927.824485321948,21056.62254128751
TCGA-55-7570-01,TCGA-LUAD,Tumor,7605.420985609697,12215.084052473165,19820.50503808286
TCGA-78-7163-01,TCGA-LUAD,Tumor,-2446.4174186385862,11571.45137592217,9125.033957283584
TCGA-D8-A1JE-01,TCGA-BRCA,Tumor,13367.907998879953,13010.524002831062,26378.432001711015
TCGA-05-4417-01,TCGA-LUAD,Tumor,14879.33247688504,17472.666127282468,32351.998604167507
TCGA-78-8655-01,TCGA-LUAD,Tumor,11019.891232005084,16645.500210359834,27665.39144236492
TCGA-A2-A0CP-01,TCGA-BRCA,Tumor,12544.93592819342,13006.138072034522,25551.07400022794
TCGA-97-7554-01,TCGA-LUAD,Tumor,13836.928695754952,16169.902395850771,30006.831091605723
TCGA-B8-4622-11,TCGA-KIRC,Normal,11357.465618479018,15731.828655934321,27089.29427441334
TCGA-DD-AADN-01,TCGA-LIHC,Tumor,-2563.421815792328,12637.798141798,10074.376326005673
TCGA-56-8083-11,TCGA-LUSC,Normal,11089.79222639502,17875.097509874246,28964.889736269266
TCGA-KN-8431-01,TCGA-LUAD,Tumor,-135.19551645098545,3831.7099257478985,3696.514409296913
TCGA-KL-8336-01,TCGA-KIRC,Tumor,4525.679428496649,11716.215549179873,16241.894977676522
TCGA-RC-A7SK-01,TCGA-LIHC,Tumor,-2215.6776189799457,1398.6743981527688,-817.0032208271768
TCGA-AL-3472-01,TCGA-KIRC,Tumor,2288.388739346574,10113.824803324107,12402.21354267068
TCGA-C8-A274-01,TCGA-BRCA,Tumor,8598.348763942493,10428.021787369118,19026.37055131161
TCGA-BH-A5IZ-01,TCGA-BRCA,Tumor,8163.213206376364,11728.270633907752,19891.483840284116
TCGA-49-4505-01,TCGA-LUAD,Tumor,11659.120192152095,17096.319116573115,28755.43930872521
TCGA-AK-3431-01,TCGA-KIRC,Tumor,13029.800044182597,16298.047697509592,29327.84774169219
TCGA-B8-A54I-01,TCGA-KIRC,Tumor,8741.000007035444,17310.0238614186,26051.02386845404
TCGA-43-7657-11,TCGA-LUSC,Normal,14039.222194862148,18153.10433988521,32192.326534747357
TCGA-DX-A8BT-01,TCGA-KIRC,Tumor,13402.159521702237,14994.686369667656,28396.845891369892
TCGA-A8-A076-01,TCGA-BRCA,Tumor,12706.276287592143,13746.524453099602,26452.800740691746
TCGA-IG-A51D-01,TCGA-LUSC,Tumor,10843.155650799858,14107.675440805866,24950.831091605723
TCGA-B2-3924-01,TCGA-KIRC,Tumor,9889.007610945464,17915.986621395914,27804.994232341378
TCGA-DX-A6YZ-01,TCGA-KIRC,Tumor,12140.957197753716,15578.442020186096,27719.399217939812
TCGA-CZ-5455-11,TCGA-KIRC,Normal,7336.96146967652,4929.455403011449,12266.416872687969
TCGA-22-5489-01,TCGA-LUSC,Tumor,13680.810190702792,17396.0421732774,31076.852363980193
TCGA-B6-A40B-01,TCGA-BRCA,Tumor,10872.640630826227,11327.041558379427,22199.682189205654
TCGA-AR-A0U2-01,TCGA-BRCA,Tumor,10720.908056570614,14340.293400610954,25061.201457181567
TCGA-33-AASJ-01,TCGA-LUSC,Tumor,-1692.6100181936672,10115.99464743269,8423.384629239023
TCGA-B0-5712-11,TCGA-KIRC,Normal,13305.487630982414,14737.833741154685,28043.3213721371
TCGA-FV-A23B-11,TCGA-LIHC,Normal,7450.223775023318,16629.176579844567,24079.400354867885
TCGA-P4-A5E7-01,TCGA-KIRC,Tumor,7577.775037393392,13960.776994654461,21538.552032047854
TCGA-TQ-A7RV-01,TCGA-LUAD,Tumor,3776.065874287833,6760.199120006415,10536.264994294248
TCGA-B6-A0IH-01,TCGA-BRCA,Tumor,14175.787203086587,15410.930055003115,29586.717258089702
TCGA-D8-A27K-01,TCGA-BRCA,Tumor,13375.150298232551,14897.697895135268,28272.84819336782
TCGA-DX-A8BO-01,TCGA-KIRC,Tumor,12236.679337035854,16913.646699601934,29150.326036637787
TCGA-E9-A5FK-01,TCGA-BRCA,Tumor,11882.806219897084,17591.160958340308,29473.96717823739
TCGA-EW-A1PB-01,TCGA-BRCA,Tumor,7466.625662211351,17938.915826517154,25405.541488728504
TCGA-22-0944-01,TCGA-LUSC,Tumor,4299.891141951375,10291.101066995736,14590.992208947111
TCGA-BH-A0E9-01,TCGA-BRCA,Tumor,12708.716472933931,14320.401977241734,27029.118450175665
TCGA-86-8669-01,TCGA-LUAD,Tumor,9532.217654185315,15984.604823220343,25516.822477405658
TCGA-A1-A0SE-01,TCGA-BRCA,Tumor,11495.891001242457,12388.145127179752,23884.03612842221
TCGA-55-6981-11,TCGA-LUAD,Normal,12129.382324426926,17717.701998207365,29847.08432263429
TCGA-E9-A1NH-01,TCGA-BRCA,Tumor,13627.3751116877,14267.777921926248,27895.153033613948
TCGA-EW-A2FW-01,TCGA-BRCA,Tumor,10233.112872474096,11065.596686023524,21298.70955849762
TCGA-CJ-4902-01,TCGA-KIRC,Tumor,14164.539584936825,17549.236724465194,31713.77630940202
TCGA-AO-A0JD-01,TCGA-BRCA,Tumor,7701.534408255669,13795.676757841353,21497.211166097022
TCGA-A7-A3IY-01,TCGA-BRCA,Tumor,11279.130689037509,14158.460464311287,25437.591153348796
TCGA-CC-A1HT-01,TCGA-LIHC,Tumor,9768.904960974378,17292.35563898031,27061.260599954687
TCGA-77-8156-01,TCGA-LUSC,Tumor,12175.767188649854,17458.75778225857,29634.524970908424
TCGA-G3-AAUZ-01,TCGA-LIHC,Tumor,432.49261629943794,11262.74303033543,11695.235646634868
TCGA-77-8153-01,TCGA-LUSC,Tumor,3342.050809990895,9580.2743655083,12922.325175499194
TCGA-AO-A0J8-01,TCGA-BRCA,Tumor,11841.781937758813,14636.583835077883,26478.365772836696
TCGA-B0-5117-01,TCGA-KIRC,Tumor,2834.8764280196447,2792.560910780692,5627.437338800337
TCGA-IF-A3RQ-01,TCGA-LUSC,Tumor,9569.357559657063,12546.69670333072,22116.054262987782
TCGA-CZ-5467-01,TCGA-KIRC,Tumor,10169.77476723227,15158.60208502477,25328.37685225704
TCGA-B0-4694-01,TCGA-KIRC,Tumor,13131.804060015162,18372.191009544284,31503.995069559445
TCGA-BH-A0DQ-11,TCGA-BRCA,Normal,12307.45182619071,13470.936465701492,25778.388291892203
TCGA-B1-5398-01,TCGA-KIRC,Tumor,5293.000333480137,17484.21965788033,22777.219991360467
TCGA-B8-A54F-01,TCGA-KIRC,Tumor,12383.446169692139,16253.018096574157,28636.464266266295
TCGA-A7-A3IZ-01,TCGA-BRCA,Tumor,9131.50791839445,10300.65193819501,19432.15985658946
TCGA-G3-AAV6-01,TCGA-LIHC,Tumor,-1389.5183674388318,4757.087966995314,3367.569599556482
TCGA-55-8208-01,TCGA-LUAD,Tumor,14243.447210938142,18999.57119800981,33243.01840894795
TCGA-DX-AB2H-01,TCGA-KIRC,Tumor,6282.445689874723,3411.4822643442167,9693.92795421894
TCGA-A2-A1G0-01,TCGA-BRCA,Tumor,13586.279687119644,14978.010584124935,28564.29027124458
TCGA-B8-5546-01,TCGA-KIRC,Tumor,5196.2964286669085,11292.5339228099,16488.83035147681
TCGA-22-5482-11,TCGA-LUSC,Normal,15083.991461782749,18703.51553356118,33787.50699534393
TCGA-DD-A73F-01,TCGA-LIHC,Tumor,4792.648510525727,16313.59587554014,21106.244386065868
TCGA-UZ-A9PN-01,TCGA-KIRC,Tumor,11426.032692310397,15031.6911045228,26457.723796833197
TCGA-75-6206-01,TCGA-LUAD,Tumor,11341.291387066314,14987.22352878271,26328.514915849024
TCGA-D8-A1XZ-01,TCGA-BRCA,Tumor,12171.865026375886,14295.829381992353,26467.69440836824
TCGA-A3-3370-01,TCGA-KIRC,Tumor,12978.581051855454,17523.223495012568,30501.80454686802
TCGA-55-6971-01,TCGA-LUAD,Tumor,13142.727980109386,18733.18192678352,31875.909906892906
TCGA-05-4410-01,TCGA-LUAD,Tumor,10535.745654556787,17510.168859146146,28045.914513702934
TCGA-AR-A0TY-01,TCGA-BRCA,Tumor,7367.221902187597,10578.82239579449,17946.044297982087
TCGA-A2-A0SW-01,TCGA-BRCA,Tumor,11618.953176292798,16331.185841305665,27950.139017598463
TCGA-BH-A18U-11,TCGA-BRCA,Normal,12659.322283930898,14136.751351860945,26796.073635791843
TCGA-EU-5904-01,TCGA-KIRC,Tumor,11720.889606817062,16172.588022575339,27893.4776293924
TCGA-55-8207-01,TCGA-LUAD,Tumor,14159.0651749645,16509.38339944307,30668.448574407572
TCGA-38-4625-01,TCGA-LUAD,Tumor,7346.441198446009,15494.326768324168,22840.767966770178
TCGA-OL-A5DA-01,TCGA-BRCA,Tumor,10217.440195191408,13098.488060144617,23315.928255336024
TCGA-A7-A5ZV-01,TCGA-BRCA,Tumor,5752.672915080759,10719.449636759924,16472.122551840683
TCGA-LL-A50Y-01,TCGA-BRCA,Tumor,8131.722009829922,13743.938425776741,21875.660435606664
TCGA-50-5930-11,TCGA-LUAD,Normal,10619.256195765502,17409.79044783427,28029.046643599773
TCGA-BP-5007-01,TCGA-KIRC,Tumor,9887.28596414455,16249.64950252361,26136.93546666816
TCGA-A3-3374-01,TCGA-KIRC,Tumor,6563.5934581609035,15081.633090235217,21645.22654839612
TCGA-BP-5180-01,TCGA-KIRC,Tumor,6017.340539506138,16764.286725379807,22781.627264885945
TCGA-CZ-5984-01,TCGA-KIRC,Tumor,10415.386891838458,16990.370253008707,27405.757144847164
TCGA-55-6968-01,TCGA-LUAD,Tumor,9643.587570899705,16386.97929186829,26030.566862767995
TCGA-BH-A0BP-01,TCGA-BRCA,Tumor,13544.575994776878,12603.671118227849,26148.247113004727
TCGA-B3-4103-01,TCGA-KIRC,Tumor,8115.352136735295,13118.422168971712,21233.774305707007
TCGA-FY-A3ON-01,TCGA-LIHC,Tumor,8303.043652128148,13777.304225348144,22080.34787747629
TCGA-B0-5083-01,TCGA-KIRC,Tumor,12424.99334868936,16767.416992290553,29192.410340979914
TCGA-CJ-4634-01,TCGA-KIRC,Tumor,12352.652168957637,15139.81692643878,27492.469095396416
TCGA-CW-5581-01,TCGA-KIRC,Tumor,9342.761806533676,15561.947647839337,24904.709454373013
TCGA-66-2727-01,TCGA-LUSC,Tumor,9277.5099699305,14978.79670797411,24256.30667790461
TCGA-AR-A1AK-01,TCGA-BRCA,Tumor,14490.432384439282,16579.57963491663,31070.012019355912
TCGA-HU-A4GX-01,TCGA-LIHC,Tumor,6047.551172316362,16329.958634391787,22377.50980670815
TCGA-DD-AACF-01,TCGA-LIHC,Tumor,645.877220210863,10989.21105915825,11635.088279369113
TCGA-98-A53C-01,TCGA-LUSC,Tumor,14782.112789455834,19153.98228474701,33936.09507420284
TCGA-22-0940-01,TCGA-LUSC,Tumor,11900.773240540486,17691.784811034955,29592.55805157544
TCGA-DD-AAE7-01,TCGA-LIHC,Tumor,3520.4582382961817,12596.930373005274,16117.388611301456
TCGA-E9-A22G-01,TCGA-BRCA,Tumor,4763.579713713629,11854.036221290098,16617.615935003727
TCGA-TQ-A7RQ-01,TCGA-LUAD,Tumor,1763.859161628112,4507.972077721977,6271.831239350089
TCGA-90-7964-01,TCGA-LUSC,Tumor,10906.29811435976,14510.41985008871,25416.71796444847
TCGA-L4-A4E5-01,TCGA-LUAD,Tumor,7377.8683668056365,13622.868238760519,21000.736605566155
TCGA-L5-A4OE-01,TCGA-LUSC,Tumor,6596.397232536965,15387.246740126098,21983.643972663063
TCGA-L5-A8NM-01,TCGA-LUSC,Tumor,8452.84470941497,15718.873619469607,24171.718328884577
TCGA-63-A5MS-01,TCGA-LUSC,Tumor,6866.055498412097,15603.658454425084,22469.71395283718
TCGA-E2-A15M-11,TCGA-BRCA,Normal,13933.98119847415,14693.544021489066,28627.525219963216
TCGA-A3-3378-01,TCGA-KIRC,Tumor,11672.01475755149,18607.782722914588,30279.797480466077
TCGA-TQ-A7RW-01,TCGA-LUAD,Tumor,5920.853619103767,11713.842949146387,17634.696568250154
TCGA-CJ-5683-01,TCGA-KIRC,Tumor,10473.90865458352,15044.735069024759,25518.64372360828
TCGA-DX-A48L-01,TCGA-KIRC,Tumor,9913.953703951243,6112.970193629542,16026.923897580786
TCGA-CW-6090-11,TCGA-KIRC,Normal,6055.917522059637,5942.182119554738,11998.099641614375
TCGA-HU-8604-01,TCGA-LIHC,Tumor,12211.000477003236,17808.19872602144,30019.199203024677
TCGA-LL-A441-01,TCGA-BRCA,Tumor,12971.153782185404,17707.624673027643,30678.778455213047
TCGA-77-A5GF-01,TCGA-LUSC,Tumor,9255.975156433138,13792.137421959309,23048.112578392447
TCGA-A8-A0A2-01,TCGA-BRCA,Tumor,12864.770949799273,13977.114853655683,26841.885803454956
TCGA-BP-5202-01,TCGA-KIRC,Tumor,10390.390999131825,15153.753728434593,25544.144727566418
TCGA-E2-A576-01,TCGA-BRCA,Tumor,7193.356918024387,10575.1976889967,17768.554607021088
TCGA-DD-AAE4-01,TCGA-LIHC,Tumor,2871.440079810098,13852.323917561454,16723.763997371552
TCGA-21-1080-01,TCGA-LUSC,Tumor,7144.659924833293,13799.973760600657,20944.63368543395
TCGA-93-7347-01,TCGA-LUAD,Tumor,14077.425679659256,18343.584638525816,32421.01031818507
TCGA-CW-5585-01,TCGA-KIRC,Tumor,9629.159886138339,13616.251992790068,23245.411878928408
TCGA-97-8177-01,TCGA-LUAD,Tumor,13489.728738530463,17344.66311048323,30834.391849013693
TCGA-B6-A1KC-01,TCGA-BRCA,Tumor,8691.893944873056,7656.4087650400215,16348.302709913078
TCGA-OL-A66N-01,TCGA-BRCA,Tumor,10733.916449857668,14340.577970330112,25074.49442018778
TCGA-KR-A7K2-01,TCGA-LIHC,Tumor,1809.4223307869688,8915.263388805477,10724.685719592446
TCGA-55-6968-11,TCGA-LUAD,Normal,11409.797989832372,18467.984291256205,29877.782281088577
TCGA-78-7160-01,TCGA-LUAD,Tumor,13043.491404795637,17697.60070467027,30741.092109465906
TCGA-A2-A1FV-01,TCGA-BRCA,Tumor,10540.995965875267,7303.812654515979,17844.808620391246
TCGA-B8-4619-01,TCGA-KIRC,Tumor,6563.68594331963,10119.786538940487,16683.472482260117
TCGA-LG-A9QC-01,TCGA-LIHC,Tumor,-1733.132746201918,3797.554445205835,2064.4216990039167
TCGA-43-7658-01,TCGA-LUSC,Tumor,6136.536123497401,15394.912336935948,21531.44846043335
TCGA-B3-3925-01,TCGA-KIRC,Tumor,8667.673504651131,15468.672808141975,24136.346312793106
TCGA-97-7938-01,TCGA-LUAD,Tumor,10992.522739264965,15127.744056103456,26120.26679536842
TCGA-C8-A1HM-01,TCGA-BRCA,Tumor,10091.027211697972,17559.552376784715,27650.579588482688
TCGA-21-1083-01,TCGA-LUSC,Tumor,9860.817423141267,14817.342520687725,24678.159943828992
TCGA-DD-AAD2-01,TCGA-LIHC,Tumor,8947.483795257263,14070.973061277324,23018.456856534587
TCGA-DD-A39W-01,TCGA-LIHC,Tumor,-1402.0856776611945,7450.785800218659,6048.700122557464
TCGA-D8-A1JT-01,TCGA-BRCA,Tumor,7693.299672007506,9937.669032921662,17630.968704929168
TCGA-A2-A04P-01,TCGA-BRCA,Tumor,9269.709202504051,14161.772144418002,23431.481346922053
TCGA-66-2755-01,TCGA-LUSC,Tumor,11343.08061917553,17860.744524664162,29203.82514383969
TCGA-DX-AB2O-01,TCGA-KIRC,Tumor,11716.300920095626,13952.143860799475,25668.4447808951
TCGA-DX-A7EQ-01,TCGA-KIRC,Tumor,-930.3757969401449,1129.8342702202208,199.45847328007585
TCGA-L5-A4OJ-11,TCGA-LUSC,Normal,1992.7634865981745,6754.717595791113,8747.481082389288
TCGA-BH-A0GY-01,TCGA-BRCA,Tumor,12179.1357827004,14428.524242036223,26607.660024736622
TCGA-GJ-A6C0-01,TCGA-LIHC,Tumor,3467.304171878757,13547.702704566142,17015.0068764449
TCGA-E2-A56Z-01,TCGA-BRCA,Tumor,7467.216144378606,10663.873170608156,18131.089314986762
TCGA-BH-A18Q-11,TCGA-BRCA,Normal,11761.245150115308,13725.462736760343,25486.70788687565
TCGA-A7-A13E-01,TCGA-BRCA,Tumor,10600.887220393783,11761.696904544475,22362.584124938257
TCGA-64-1677-01,TCGA-LUAD,Tumor,3275.831436342578,15627.654795993167,18903.486232335745
TCGA-E2-A1LS-01,TCGA-BRCA,Tumor,3449.390508057695,3257.0889632144645,6706.47947127216
TCGA-CJ-5681-01,TCGA-KIRC,Tumor,7506.988319752574,12511.29267314584,20018.280992898413
TCGA-22-4607-01,TCGA-LUSC,Tumor,9130.017484490356,13973.031278185754,23103.04876267611
TCGA-DD-A39X-01,TCGA-LIHC,Tumor,1281.4387881022121,7599.092866479896,8880.531654582108
TCGA-DX-A6YQ-01,TCGA-KIRC,Tumor,10814.236253090316,16627.668360333028,27441.904613423343
TCGA-B8-4622-01,TCGA-KIRC,Tumor,11046.08943177517,17254.251753584907,28300.341185360077
TCGA-DX-A1L4-01,TCGA-KIRC,Tumor,16363.199934711058,16464.417826694447,32827.617761405505
TCGA-A2-A0CX-01,TCGA-BRCA,Tumor,12897.830836922582,14848.040479142011,27745.871316064593
TCGA-A8-A07S-01,TCGA-BRCA,Tumor,10596.504846718733,10970.052402815865,21566.5572495346
TCGA-FY-A3W9-01,TCGA-LIHC,Tumor,1635.7245313337626,4869.987445950184,6505.711977283947
TCGA-BH-A1FM-01,TCGA-BRCA,Tumor,12014.89281216625,9496.817181121925,21511.709993288176
TCGA-78-7159-01,TCGA-LUAD,Tumor,10795.906406054983,14544.059548014808,25339.96595406979
TCGA-A3-3351-01,TCGA-KIRC,Tumor,11798.740767736006,18300.18775635406,30098.928524090064
TCGA-A3-3311-01,TCGA-KIRC,Tumor,11928.113276308697,16827.486102883548,28755.599379192245
TCGA-A1-A0SM-01,TCGA-BRCA,Tumor,12641.052907960886,12014.999525810937,24656.052433771823
TCGA-L5-A4OF-11,TCGA-LUSC,Normal,2858.8941123166696,4725.0525308609795,7583.946643177649
TCGA-CC-A8HT-01,TCGA-LIHC,Tumor,1869.6764116974118,12806.387914792303,14676.064326489715
TCGA-DX-A6BH-01,TCGA-KIRC,Tumor,13842.207464045347,14399.327388850503,28241.53485289585
TCGA-DX-A23T-01,TCGA-KIRC,Tumor,14097.021861944846,17686.797726706693,31783.81958865154
TCGA-43-2578-01,TCGA-LUSC,Tumor,8671.476067523392,14684.25637728001,23355.7324448034
TCGA-33-6738-01,TCGA-LUSC,Tumor,5139.635040460846,12982.01367409281,18121.648714553656
TCGA-AQ-A04H-01,TCGA-BRCA,Tumor,9910.627795358574,12396.724904212399,22307.352699570973
TCGA-MT-A67F-01,TCGA-LUAD,Tumor,8069.749839240056,18051.808191229047,26121.558030469103
TCGA-97-7937-01,TCGA-LUAD,Tumor,8388.706251838008,12499.632428903296,20888.338680741304
TCGA-CJ-4901-01,TCGA-KIRC,Tumor,11714.269803725121,19188.518377288452,30902.788181013573
TCGA-LL-A6FP-01,TCGA-BRCA,Tumor,-313.10139062625603,4612.298893887179,4299.1975032609225
TCGA-A2-A0T5-01,TCGA-BRCA,Tumor,10670.813114634144,11236.850743013445,21907.66385764759
TCGA-FY-A3TY-11,TCGA-LIHC,Normal,6817.326491127595,10679.325306358489,17496.651797486084
TCGA-63-A5MP-01,TCGA-LUSC,Tumor,9621.487175085513,16812.93036174856,26434.417536834073
TCGA-K6-A3WQ-01,TCGA-KIRC,Tumor,3457.984513576299,6498.53726323965,9956.52177681595
TCGA-DD-A1EE-11,TCGA-LIHC,Normal,4040.3528867138375,15032.238901232184,19072.59178794602
TCGA-CC-A5UE-01,TCGA-LIHC,Tumor,-2470.445774300082,8429.403278799244,5958.957504499162
TCGA-CZ-5458-11,TCGA-KIRC,Normal,5536.10113031475,4403.2753209218645,9939.376451236614
TCGA-DD-A1EB-11,TCGA-LIHC,Normal,3862.3723129872888,13856.773876544805,17719.146189532094
TCGA-TQ-A7RI-01,TCGA-LUAD,Tumor,4517.000052062296,7506.134610595098,12023.134662657394
TCGA-A7-A4SF-01,TCGA-BRCA,Tumor,8950.902189008659,13108.415986221782,22059.31817523044
TCGA-33-4589-01,TCGA-LUSC,Tumor,456.02653207389085,13656.51860805108,14112.54514012497
TCGA-44-2656-01,TCGA-LUAD,Tumor,12286.32963878613,18006.47623496701,30292.80587375314
TCGA-J2-A4AD-01,TCGA-LUAD,Tumor,9515.488511820251,12004.310375735022,21519.798887555273
TCGA-A2-A25B-01,TCGA-BRCA,Tumor,11959.750314836205,14057.207001113002,26016.957315949207
TCGA-34-8454-11,TCGA-LUSC,Normal,15047.14324027314,18887.255086979214,33934.398327252355
TCGA-97-A4LX-01,TCGA-LUAD,Tumor,14147.002975993648,18820.932556807707,32967.935532801355
TCGA-E2-A1IO-01,TCGA-BRCA,Tumor,14892.518726246573,15126.804976030235,30019.323702276808
TCGA-A2-A3XW-01,TCGA-BRCA,Tumor,10836.813303184095,14560.998560547745,25397.81186373184
TCGA-BC-A110-01,TCGA-LIHC,Tumor,8868.03548678954,14805.746304631994,23673.781791421534
TCGA-KL-8328-01,TCGA-KIRC,Tumor,-4736.125850057764,-1527.7943510997138,-6263.920201157478
TCGA-BH-A1FE-11,TCGA-BRCA,Normal,11251.232185195451,13582.32416802333,24833.55635321878
TCGA-A1-A0SI-01,TCGA-BRCA,Tumor,14621.028542804353,15512.446745191624,30133.475287995978
TCGA-CJ-4643-01,TCGA-KIRC,Tumor,12515.429605438116,17015.412388294706,29530.84199373282
TCGA-64-1678-01,TCGA-LUAD,Tumor,-585.8543521972424,6425.150289790017,5839.295937592775
TCGA-B8-A54E-01,TCGA-KIRC,Tumor,4195.6710394308575,13339.351427562342,17535.0224669932
TCGA-B6-A0RP-01,TCGA-BRCA,Tumor,13194.633496883998,14568.0523324614,27762.6858293454
TCGA-AQ-A04L-01,TCGA-BRCA,Tumor,9199.196383217924,10250.318669118747,19449.515052336672
TCGA-91-6836-11,TCGA-LUAD,Normal,11602.451689703059,18709.334984317986,30311.786674021045
TCGA-DV-A4VX-01,TCGA-KIRC,Tumor,4350.5907945410545,13808.71360810033,18159.304402641385
TCGA-LG-A9QD-01,TCGA-LIHC,Tumor,-805.2149202110086,8239.239563971198,7434.024643760189
TCGA-CC-A7IK-01,TCGA-LIHC,Tumor,74.05571228965346,5424.588928740777,5498.644641030431
TCGA-P4-A5EB-01,TCGA-KIRC,Tumor,245.37379746639272,9002.54803591454,9247.921833380933
TCGA-DX-A3LY-01,TCGA-KIRC,Tumor,12334.734948015084,16433.389055941643,28768.124003956727
TCGA-E2-A14N-01,TCGA-BRCA,Tumor,6716.69196706848,14213.933773939858,20930.625741008338
TCGA-85-7844-01,TCGA-LUSC,Tumor,13130.313626111067,14993.701047015067,28124.014673126134
TCGA-BH-A18V-11,TCGA-BRCA,Normal,10733.002269634871,12995.669463490955,23728.671733125826
TCGA-AN-A049-01,TCGA-BRCA,Tumor,12396.120193559185,14502.309613092682,26898.429806651868
TCGA-UZ-A9PU-01,TCGA-KIRC,Tumor,1861.776044869257,12599.174916665139,14460.950961534396
TCGA-55-7728-01,TCGA-LUAD,Tumor,7937.535190597264,18329.39528090425,26266.930471501513
TCGA-A1-A0SB-01,TCGA-BRCA,Tumor,7455.840469855222,4726.902234035515,12182.742703890737
TCGA-BH-A0GZ-01,TCGA-BRCA,Tumor,11530.572935764965,11192.628608656127,22723.201544421092
TCGA-BP-5196-01,TCGA-KIRC,Tumor,12273.548901274396,16829.88715988895,29103.436061163346
TCGA-49-4510-01,TCGA-LUAD,Tumor,7056.418412043557,13797.65451738951,20854.072929433067
TCGA-KN-8432-11,TCGA-LUAD,Normal,6198.536751059182,11345.840945451371,17544.377696510554
TCGA-A3-3328-01,TCGA-KIRC,Tumor,-1003.5955856797736,5540.963715390881,4537.368129711107
TCGA-FY-A3WA-01,TCGA-LIHC,Tumor,3529.5893691596975,8918.866752874328,12448.456122034026
TCGA-BH-A0BT-11,TCGA-BRCA,Normal,9178.010167626533,11623.211050715716,20801.22121834225
TCGA-BH-A0C0-11,TCGA-BRCA,Normal,10166.452415761083,12797.381283180915,22963.833698942
TCGA-B8-5552-01,TCGA-KIRC,Tumor,14673.866025409214,17492.23029547466,32166.096320883873
TCGA-UZ-A9PQ-01,TCGA-KIRC,Tumor,2856.7989677593614,4487.394129905286,7344.193097664647
TCGA-55-A493-01,TCGA-LUAD,Tumor,11794.945319106719,17821.99680027916,29616.94211938588
TCGA-MP-A4TE-01,TCGA-LUAD,Tumor,3868.992116079229,9792.1116215718,13661.103737651028
TCGA-BH-A0DP-01,TCGA-BRCA,Tumor,13549.306966357904,14868.653998173595,28417.9609645315
TCGA-18-4721-01,TCGA-LUSC,Tumor,12974.57573305829,17128.023740408924,30102.599473467213
TCGA-66-2765-01,TCGA-LUSC,Tumor,10156.702345758396,16151.768190497362,26308.470536255758
TCGA-CC-5264-01,TCGA-LIHC,Tumor,3009.0330961449945,10010.68606573639,13019.719161881385
TCGA-44-2659-01,TCGA-LUAD,Tumor,13320.505797911032,17028.858307524966,30349.364105435998
TCGA-DD-AAC9-01,TCGA-LIHC,Tumor,3298.468957501682,12000.973795777882,15299.442753279563
TCGA-75-7030-01,TCGA-LUAD,Tumor,14331.777651765118,16913.283873210003,31245.06152497512
TCGA-55-7227-01,TCGA-LUAD,Tumor,13212.685888443153,17141.544359190473,30354.230247633626
TCGA-56-7730-01,TCGA-LUSC,Tumor,883.4502502508112,6818.222885742947,7701.6731359937585
TCGA-BH-A0DT-11,TCGA-BRCA,Normal,10138.8669386101,11257.467819166519,21396.334757776618
TCGA-A8-A06N-01,TCGA-BRCA,Tumor,459.4093546103941,7831.931367817335,8291.340722427729
TCGA-V5-A7RC-01,TCGA-KIRC,Tumor,7507.2800037147135,10325.779444396754,17833.059448111468
TCGA-XM-A8RG-01,TCGA-KIRC,Tumor,4146.8566612306095,13699.787433849215,17846.644095079824
TCGA-38-4630-01,TCGA-LUAD,Tumor,9042.305982802554,12973.700681171878,22016.006663974433
TCGA-55-1592-01,TCGA-LUAD,Tumor,10610.117950659009,15637.170095977552,26247.28804663656
TCGA-L5-A8NR-01,TCGA-LUSC,Tumor,9245.147278619137,11447.70623354585,20692.853512164987
TCGA-BC-A3KG-01,TCGA-LIHC,Tumor,-55.51955220793752,8000.140528812259,7944.620976604321
TCGA-BH-A8G0-01,TCGA-BRCA,Tumor,14579.10786605073,16642.811026513777,31221.918892564507
TCGA-63-A5MT-01,TCGA-LUSC,Tumor,10862.172022282659,15475.72302293414,26337.8950452168
TCGA-75-5146-01,TCGA-LUAD,Tumor,9158.460227920306,16535.802140745498,25694.262368665804
TCGA-50-5931-11,TCGA-LUAD,Normal,10343.045712106734,17236.103319745536,27579.14903185227
TCGA-CZ-5451-01,TCGA-KIRC,Tumor,9296.608155207563,16248.664179871022,25545.272335078585
TCGA-64-5779-01,TCGA-LUAD,Tumor,11822.413411248552,15872.519925086566,27694.933336335118
TCGA-A2-A0T6-01,TCGA-BRCA,Tumor,15903.271240363192,16355.744208069093,32259.015448432285
TCGA-67-4679-01,TCGA-LUAD,Tumor,11275.328126165241,16208.230379900011,27483.558506065252
TCGA-BP-4761-01,TCGA-KIRC,Tumor,5334.462141561613,14242.010133856395,19576.472275418007
TCGA-AN-A0FF-01,TCGA-BRCA,Tumor,12672.341348582424,15260.001390204121,27932.342738786545
TCGA-66-2737-01,TCGA-LUSC,Tumor,14434.59980554027,16081.653768818058,30516.25357435833
TCGA-CC-A9FV-01,TCGA-LIHC,Tumor,10774.385821043576,17719.171089382526,28493.5569104261
TCGA-E2-A15I-01,TCGA-BRCA,Tumor,12633.575838589979,15020.059317252173,27653.635155842152
TCGA-L5-A8NE-01,TCGA-LUSC,Tumor,2153.6094061098593,11833.298203006383,13986.907609116242
TCGA-A3-3323-01,TCGA-KIRC,Tumor,12695.437738413671,17480.025811644224,30175.463550057895
TCGA-LL-A5YL-01,TCGA-BRCA,Tumor,9802.701172246008,14454.107059788625,24256.808232034633
TCGA-BP-4776-01,TCGA-KIRC,Tumor,9668.640377550171,16037.24666414328,25705.88704169345
TCGA-C8-A26X-01,TCGA-BRCA,Tumor,12823.703982203133,16988.10792374139,29811.811905944523
TCGA-BP-4972-01,TCGA-KIRC,Tumor,14355.48942361405,17243.000578313655,31598.490001927705
TCGA-22-5492-01,TCGA-LUSC,Tumor,11263.468683119285,17435.83213425882,28699.300817378105
TCGA-56-8082-01,TCGA-LUSC,Tumor,7093.423146898702,11679.086315072596,18772.509461971298
TCGA-P4-A5E8-11,TCGA-KIRC,Normal,8057.961538623891,10472.236807483463,18530.198346107354
TCGA-G3-A7M5-01,TCGA-LIHC,Tumor,-2375.6378152407488,7137.545681854317,4761.907866613568
TCGA-B0-5696-11,TCGA-KIRC,Normal,7194.0790136867545,9291.717113159517,16485.79612684627
TCGA-B0-4813-01,TCGA-KIRC,Tumor,8714.353609957685,13995.00006050483,22709.353670462515
TCGA-V5-AASV-01,TCGA-KIRC,Tumor,5362.8017284683665,14474.126539531466,19836.928267999832
TCGA-CJ-4641-01,TCGA-KIRC,Tumor,13796.751008531177,18851.651857990928,32648.402866522105
TCGA-AN-A0FD-01,TCGA-BRCA,Tumor,12298.032568486542,12808.109561593217,25106.14213007976
TCGA-AN-A0AK-01,TCGA-BRCA,Tumor,7768.059694352083,13005.30214848449,20773.361842836573
TCGA-85-8048-01,TCGA-LUSC,Tumor,13688.781699960742,18154.75840137782,31843.540101338564
TCGA-D8-A1JS-01,TCGA-BRCA,Tumor,1260.0960591652838,6322.979089247445,7583.075148412729
TCGA-BP-5184-01,TCGA-KIRC,Tumor,12054.74324421299,16613.845386224875,28668.588630437866
TCGA-B8-5158-01,TCGA-KIRC,Tumor,10282.5177328416,17185.80562188417,27468.32335472577
TCGA-AO-A1KS-01,TCGA-BRCA,Tumor,12110.824821616265,13111.428868123377,25222.253689739642
TCGA-AR-A24U-01,TCGA-BRCA,Tumor,14525.989370848201,17126.60089181313,31652.59026266133
TCGA-HU-A4HB-11,TCGA-LIHC,Normal,10469.309296497613,9582.376624308588,20051.6859208062
TCGA-B0-4810-01,TCGA-KIRC,Tumor,13122.142918049718,17812.072431323493,30934.21534937321
TCGA-51-4079-11,TCGA-LUSC,Normal,11726.065218584266,16962.212079297915,28688.27729788218
TCGA-96-7544-01,TCGA-LUSC,Tumor,13658.876979598612,16055.452011926482,29714.328991525093
TCGA-DD-AAEA-01,TCGA-LIHC,Tumor,-257.7383517638591,11793.245015034747,11535.506663270888
TCGA-L5-A8NI-01,TCGA-LUSC,Tumor,10857.981733168042,12824.233993305064,23682.215726473107
TCGA-BP-5195-01,TCGA-KIRC,Tumor,13198.49653082158,16358.803332550047,29557.299863371627
TCGA-AR-A1AX-01,TCGA-BRCA,Tumor,14743.05203837976,17849.49334939291,32592.54538777267
TCGA-44-7662-01,TCGA-LUAD,Tumor,14090.90717010442,16647.204071553297,30738.111241657716
TCGA-GI-A2C8-11,TCGA-BRCA,Normal,6065.4150364365705,4390.455455073748,10455.870491510319
TCGA-38-4626-01,TCGA-LUAD,Tumor,13168.285898011356,17878.8680586531,31047.153956664457
TCGA-21-1077-01,TCGA-LUSC,Tumor,9935.87980081245,14445.029285747452,24380.909086559903
TCGA-L3-A524-01,TCGA-LUAD,Tumor,8827.669272126826,12108.377522031496,20936.046794158323
TCGA-BH-A0C3-01,TCGA-BRCA,Tumor,15157.968917399641,15984.188640006072,31142.157557405713
TCGA-B0-5104-01,TCGA-KIRC,Tumor,9086.922957645205,15625.477837641603,24712.40079528681
TCGA-86-8054-01,TCGA-LUAD,Tumor,9606.159538587308,12292.832056868912,21898.99159545622
TCGA-D8-A1JD-01,TCGA-BRCA,Tumor,13865.769836791722,14066.932171265264,27932.702008056986
TCGA-56-8309-11,TCGA-LUSC,Normal,11498.341857948715,18304.225089244628,29802.566947193343
TCGA-S3-AA0Z-01,TCGA-BRCA,Tumor,10500.839621380434,14980.881181166955,25481.72080254739
TCGA-L5-A88V-01,TCGA-LUSC,Tumor,4550.750020754564,8827.829342593854,13378.579363348417
TCGA-BH-A0DL-11,TCGA-BRCA,Normal,13783.589659020068,15870.289609912656,29653.879268932724
TCGA-BH-A18J-11,TCGA-BRCA,Normal,11759.363432847367,14121.092903064218,25880.456335911585
TCGA-KN-8423-11,TCGA-LUAD,Normal,8822.995214489638,10018.227163294108,18841.222377783746
TCGA-PD-A5DF-01,TCGA-LIHC,Tumor,8008.3930506678735,11421.760589401518,19430.15364006939
TCGA-55-1596-01,TCGA-LUAD,Tumor,8174.389682096335,14404.606157140905,22578.99583923724
TCGA-E9-A1N3-01,TCGA-BRCA,Tumor,8362.00649793791,7776.689271085579,16138.695769023489
TCGA-66-2766-01,TCGA-LUSC,Tumor,6496.015264103604,12879.849587793218,19375.864851896822
TCGA-86-6851-01,TCGA-LUAD,Tumor,10605.102409358831,18793.62097801141,29398.723387370243
TCGA-B4-5377-01,TCGA-KIRC,Tumor,10942.39934035658,16456.983442781417,27399.382783137997
TCGA-B8-5165-01,TCGA-KIRC,Tumor,13891.516282132634,15928.334718378126,29819.85100051076
TCGA-BP-4960-01,TCGA-KIRC,Tumor,9843.252357226174,16729.949831641778,26573.202188867952
TCGA-56-8622-01,TCGA-LUSC,Tumor,11164.836818458756,13325.677852556746,24490.514671015502
TCGA-A3-3331-01,TCGA-KIRC,Tumor,11289.457012721487,16669.130168414504,27958.58718113599
TCGA-DD-A3A4-01,TCGA-LIHC,Tumor,-2859.786949810539,-1346.0076573794104,-4205.79460718995
TCGA-85-7950-01,TCGA-LUSC,Tumor,13235.974362834833,16505.239352907814,29741.213715742648
TCGA-64-5775-01,TCGA-LUAD,Tumor,8055.901965281479,13074.879444818882,21130.78141010036
TCGA-A2-A0T2-01,TCGA-BRCA,Tumor,9207.818845708443,12622.346006047668,21830.16485175611
TCGA-L5-A893-01,TCGA-LUSC,Tumor,9247.62303517582,15862.517299458126,25110.140334633947
TCGA-CZ-5462-01,TCGA-KIRC,Tumor,8000.538926419082,16903.523131842845,24904.062058261927
TCGA-HU-8238-01,TCGA-LIHC,Tumor,8289.170878319146,14905.299463758307,23194.470342077453
TCGA-BH-A0B5-01,TCGA-BRCA,Tumor,13035.43452462195,14713.335845456579,27748.770370078528
TCGA-KL-8329-01,TCGA-KIRC,Tumor,5853.552880522646,13685.37397757381,19538.926858096456
TCGA-64-1676-01,TCGA-LUAD,Tumor,8426.176969608277,16157.630326712035,24583.807296320312
TCGA-CC-5259-01,TCGA-LIHC,Tumor,-7234.829397470337,2153.6520915677356,-5081.177305902602
TCGA-LL-A9Q3-01,TCGA-BRCA,Tumor,10200.387354770803,13755.420813944813,23955.808168715615
TCGA-BH-A18N-01,TCGA-BRCA,Tumor,10034.394280463832,9828.294661362874,19862.688941826706
TCGA-A3-A6NI-01,TCGA-KIRC,Tumor,9972.272710771405,15794.167210037605,25766.43992080901
TCGA-L5-A43C-11,TCGA-LUSC,Normal,-1647.3349758754593,6107.044029228055,4459.709053352595
TCGA-CJ-4884-01,TCGA-KIRC,Tumor,10066.20561794432,17519.118576813697,27585.324194758017
TCGA-D8-A27R-01,TCGA-BRCA,Tumor,12751.956841760151,14837.67502712164,27589.631868881792
TCGA-44-7667-01,TCGA-LUAD,Tumor,6414.165898630476,12111.244561952026,18525.4104605825
TCGA-AO-A0J9-01,TCGA-BRCA,Tumor,13510.509442272054,15824.97899637956,29335.488438651613
TCGA-38-4629-01,TCGA-LUAD,Tumor,12246.301350664919,17720.572595249385,29966.873945914303
TCGA-E9-A1N5-01,TCGA-BRCA,Tumor,14350.111055921941,15360.575443197919,29710.68649911986
TCGA-55-8619-01,TCGA-LUAD,Tumor,11828.058563052367,18441.309437206528,30269.368000258895
TCGA-55-6983-11,TCGA-LUAD,Normal,10116.677614758675,18282.665375896842,28399.342990655517
TCGA-DD-A3A8-01,TCGA-LIHC,Tumor,-3948.3443822667396,3121.3634356615476,-826.980946605192
TCGA-B0-4713-01,TCGA-KIRC,Tumor,8459.823781777348,15599.948376711542,24059.77215848889
TCGA-86-8281-01,TCGA-LUAD,Tumor,10545.605995325644,14488.710737638368,25034.316732964013
TCGA-BP-4337-01,TCGA-KIRC,Tumor,12770.774014439547,15711.890989985743,28482.66500442529
TCGA-L5-A4OQ-11,TCGA-LUSC,Normal,14408.006765284856,12554.19511543056,26962.201880715416
TCGA-CZ-5453-11,TCGA-KIRC,Normal,8860.423246802035,8792.226113605564,17652.6493604076
TCGA-UB-A7MD-01,TCGA-LIHC,Tumor,5495.859414904167,13750.270102028033,19246.1295169322
TCGA-UZ-A9PO-01,TCGA-KIRC,Tumor,3072.3285159289517,14053.671222352456,17125.999738281407
TCGA-B0-4814-01,TCGA-KIRC,Tumor,10789.10518976708,14537.777671464366,25326.882861231446
TCGA-BH-A209-01,TCGA-BRCA,Tumor,11716.393405254352,18190.464786889304,29906.858192143656
TCGA-E2-A1AZ-01,TCGA-BRCA,Tumor,14451.691774297262,16669.04479749875,31120.736571796013
TCGA-AN-A0FK-01,TCGA-BRCA,Tumor,9032.73732599583,10998.687230806241,20031.42455680207
TCGA-56-A4ZJ-01,TCGA-LUSC,Tumor,14364.243499599677,17082.848297492423,31447.0917970921
TCGA-44-6148-01,TCGA-LUAD,Tumor,11573.813304591185,15555.747585083165,27129.56088967435
TCGA-55-6984-11,TCGA-LUAD,Normal,9817.431212333977,17078.658008377806,26896.089220711783
TCGA-ED-A5KG-01,TCGA-LIHC,Tumor,10558.272904949717,19633.745488520257,30192.018393469974
TCGA-G3-AAV4-01,TCGA-LIHC,Tumor,518.5536136161172,7252.746618412886,7771.300232029003
TCGA-A2-A0YI-01,TCGA-BRCA,Tumor,14602.300298162194,16691.17009316337,31293.470391325565
TCGA-B0-5097-01,TCGA-KIRC,Tumor,14556.893642348881,17418.964264155667,31975.85790650455
TCGA-D8-A1XO-01,TCGA-BRCA,Tumor,13988.931611243763,14646.497532669087,28635.42914391285
TCGA-BH-A1FR-11,TCGA-BRCA,Normal,14468.420916662322,15927.580608622357,30396.00152528468
TCGA-34-A5IX-01,TCGA-LUSC,Tumor,4361.247930523561,13195.241764658702,17556.489695182263
TCGA-DX-A48U-01,TCGA-KIRC,Tumor,7026.944103381655,7630.306607550156,14657.25071093181
TCGA-CZ-4858-01,TCGA-KIRC,Tumor,9508.33869762638,17703.605125744525,27211.943823370904
TCGA-D8-A27G-01,TCGA-BRCA,Tumor,13773.5977047561,15223.050012171316,28996.647716927415
TCGA-B0-4945-01,TCGA-KIRC,Tumor,10666.41651247314,15295.092393697927,25961.508906171068
TCGA-CC-A9FS-01,TCGA-LIHC,Tumor,-926.3313498065982,7488.814986062778,6562.48363625618
TCGA-G3-A7M6-01,TCGA-LIHC,Tumor,6449.299587582154,13197.664164393045,19646.9637519752
TCGA-AR-A0TT-01,TCGA-BRCA,Tumor,13830.401377821738,18280.680502105704,32111.081879927442
TCGA-A8-A0A4-01,TCGA-BRCA,Tumor,12122.097339616452,12163.68364695006,24285.78098656651
TCGA-HU-A4G6-01,TCGA-LIHC,Tumor,-1411.0994235155595,9093.70994544715,7682.6105219315905
TCGA-L5-A43H-01,TCGA-LUSC,Tumor,8949.625182393935,13305.107018983039,22254.732201376974
TCGA-97-8179-01,TCGA-LUAD,Tumor,9659.253133939412,14207.207257203238,23866.46039114265
TCGA-WQ-AB4B-01,TCGA-LIHC,Tumor,822.6661582384331,6489.9930574219,7312.659215660333
TCGA-BP-4963-01,TCGA-KIRC,Tumor,11075.74871075452,17156.740382193562,28232.489092948083
TCGA-DD-A39Z-01,TCGA-LIHC,Tumor,-4622.536289533931,-342.86382612880334,-4965.400115662735
TCGA-RC-A6M5-01,TCGA-LIHC,Tumor,6162.271897473849,7978.520344399149,14140.792241872998
TCGA-D8-A1X7-01,TCGA-BRCA,Tumor,11909.87947155358,12121.759413074953,24031.638884628534
TCGA-94-8490-01,TCGA-LUSC,Tumor,2425.9248417376402,8391.87208996365,10817.79693170129
TCGA-78-7153-01,TCGA-LUAD,Tumor,4850.206293347139,13005.917530502174,17856.123823849313
TCGA-60-2725-01,TCGA-LUSC,Tumor,13278.361022503577,17969.916140298043,31248.27716280162
TCGA-BP-4789-01,TCGA-KIRC,Tumor,11750.936612038768,14890.686808679482,26641.62342071825
TCGA-44-2655-11,TCGA-LUAD,Normal,12815.390989282201,16845.136539714385,29660.527528996587
TCGA-DD-AADK-01,TCGA-LIHC,Tumor,3353.1063435802243,13159.154767147844,16512.261110728068
TCGA-BH-A0BC-11,TCGA-BRCA,Normal,12796.762344041748,13898.890194980344,26695.652539022092
TCGA-85-7697-01,TCGA-LUSC,Tumor,11068.282312748084,14652.0786562861,25720.360969034184
TCGA-DD-A4NN-01,TCGA-LIHC,Tumor,1561.978288613689,4528.788352678461,6090.76664129215
TCGA-G3-A5SL-01,TCGA-LIHC,Tumor,-113.17337730956206,6419.8430645277,6306.669687218138
TCGA-CJ-4642-01,TCGA-KIRC,Tumor,10604.881867826483,11375.816808243286,21980.69867606977
TCGA-44-7669-01,TCGA-LUAD,Tumor,11288.019935639739,16337.674030902486,27625.693966542225
TCGA-51-4080-01,TCGA-LUSC,Tumor,3337.8534066332977,10728.13257031576,14065.985976949058
TCGA-86-8055-01,TCGA-LUAD,Tumor,14714.015255661066,16030.477461948783,30744.49271760985
TCGA-91-6831-11,TCGA-LUAD,Normal,12523.813740788839,18328.829698587422,30852.64343937626
TCGA-DD-A11A-01,TCGA-LIHC,Tumor,488.12599639503605,4750.041309324635,5238.167305719671
TCGA-66-2781-01,TCGA-LUSC,Tumor,8551.51925953338,14018.441491120557,22569.960750653936
TCGA-77-7139-01,TCGA-LUSC,Tumor,8379.44706460087,12731.951590503271,21111.39865510414
TCGA-E2-A1LA-01,TCGA-BRCA,Tumor,11693.0266741899,16108.81950563328,27801.84617982318
TCGA-A8-A095-01,TCGA-BRCA,Tumor,11937.365349302858,13178.523293658105,25115.888642960963
TCGA-D8-A143-01,TCGA-BRCA,Tumor,8766.515239479544,14000.780382925248,22767.295622404792
TCGA-B0-5702-01,TCGA-KIRC,Tumor,5923.681530687907,12650.977276916561,18574.658807604468
TCGA-BP-5191-01,TCGA-KIRC,Tumor,6061.029105640031,18649.763870733525,24710.792976373556
TCGA-A2-A0YE-01,TCGA-BRCA,Tumor,9866.252704777206,10941.193476171644,20807.44618094885
TCGA-B0-4837-01,TCGA-KIRC,Tumor,11161.916421715887,15375.003127959284,26536.91954967517
TCGA-50-5935-11,TCGA-LUAD,Normal,13542.754748574265,17562.949427807176,31105.70417638144
TCGA-TQ-A8XE-01,TCGA-LUAD,Tumor,2653.8474011766048,6774.722847047993,9428.570248224598
TCGA-18-3407-01,TCGA-LUSC,Tumor,11500.70378661773,14451.332505026821,25952.036291644552
TCGA-A2-A0D2-01,TCGA-BRCA,Tumor,10877.602815304064,15275.179627599773,26152.782442903837
TCGA-49-4494-01,TCGA-LUAD,Tumor,5655.641755090495,15051.849312003735,20707.49106709423
TCGA-49-6745-01,TCGA-LUAD,Tumor,13337.860993658247,17542.414165448357,30880.275159106604
TCGA-KL-8333-01,TCGA-KIRC,Tumor,11453.034801537102,15744.022468400293,27197.057269937395
TCGA-DD-AAD0-01,TCGA-LIHC,Tumor,-2838.5936199761672,3039.6705835339562,201.07696355778899
TCGA-A8-A07Z-01,TCGA-BRCA,Tumor,8302.20772857812,13047.31175327535,21349.51948185347
TCGA-CZ-4854-01,TCGA-KIRC,Tumor,10949.641639709178,15892.589204530264,26842.230844239442
TCGA-AY-A54L-01,TCGA-KIRC,Tumor,-6111.910171425679,3466.9626882157645,-2644.947483209915
TCGA-KN-8437-11,TCGA-LUAD,Normal,11885.545203443991,15685.344192309694,27570.889395753686
TCGA-96-8169-01,TCGA-LUSC,Tumor,11124.37100439434,15140.87339152116,26265.2443959155
TCGA-DD-AAVS-01,TCGA-LIHC,Tumor,3641.8094379100767,12254.137689306259,15895.947127216336
TCGA-AN-A0FT-01,TCGA-BRCA,Tumor,10366.881983207797,12358.432491378055,22725.31447458585
TCGA-73-7499-01,TCGA-LUAD,Tumor,10298.652835917917,17238.87431738585,27537.527153303767
TCGA-A2-A0YF-01,TCGA-BRCA,Tumor,11009.059797069593,12976.791819746239,23985.85161681583
TCGA-BH-A0DS-01,TCGA-BRCA,Tumor,12280.325217711874,15027.223359932006,27307.54857764388
TCGA-E9-A1R5-01,TCGA-BRCA,Tumor,12092.31000426348,10729.206821005584,22821.516825269064
TCGA-E9-A243-01,TCGA-BRCA,Tumor,14366.068302923788,18906.698313040757,33272.766615964545
TCGA-78-7158-01,TCGA-LUAD,Tumor,6030.018120494675,12601.05307681159,18631.071197306264
TCGA-A2-A25D-01,TCGA-BRCA,Tumor,11004.396410796875,16995.930033896777,28000.326444693652
TCGA-E2-A159-01,TCGA-BRCA,Tumor,12519.246396796338,17182.94925332811,29702.19565012445
TCGA-77-7140-01,TCGA-LUSC,Tumor,5879.790208629111,9789.984462921086,15669.774671550196
TCGA-A8-A0A7-01,TCGA-BRCA,Tumor,14882.843355795161,18626.11256994992,33508.95592574508
TCGA-B6-A0X5-01,TCGA-BRCA,Tumor,6807.2954085272395,6684.0624916454035,13491.357900172643
TCGA-B0-5706-01,TCGA-KIRC,Tumor,10261.676558034687,17856.57913539997,28118.255693434658
TCGA-BP-4967-01,TCGA-KIRC,Tumor,9786.34908475883,15103.708586198987,24890.057670957816
TCGA-73-4676-11,TCGA-LUAD,Normal,10988.314664542897,18701.80455812474,29690.119222667636
TCGA-DV-5569-01,TCGA-KIRC,Tumor,11305.094118789279,16745.04981236465,28050.14393115393
TCGA-B1-A47M-01,TCGA-KIRC,Tumor,3103.517357148783,12101.423349519548,15204.94070666833
TCGA-BH-A18K-11,TCGA-BRCA,Normal,10995.315079634212,11862.918353649355,22858.233433283567
TCGA-B6-A0RE-01,TCGA-BRCA,Tumor,9095.623676808493,11028.954777560302,20124.578454368795
TCGA-A3-3365-01,TCGA-KIRC,Tumor,12612.539022101144,16479.64586379095,29092.184885892093
TCGA-A2-A0CY-01,TCGA-BRCA,Tumor,79.21709557090435,3105.932642640146,3185.14973821105
TCGA-B8-4153-01,TCGA-KIRC,Tumor,7199.596109116948,14537.212089147539,21736.808198264487
TCGA-18-3417-01,TCGA-LUSC,Tumor,11851.315023350642,14098.003627475944,25949.318650826586
TCGA-B0-5699-11,TCGA-KIRC,Normal,7582.324595778449,6325.301889580078,13907.626485358527
TCGA-50-6590-01,TCGA-LUAD,Tumor,11091.560115775294,17485.32592266356,28576.886038438854
TCGA-JL-A3YX-01,TCGA-BRCA,Tumor,9379.684727594562,9437.018411762136,18816.703139356698
TCGA-EW-A1PH-01,TCGA-BRCA,Tumor,8911.453711690236,13223.104697285864,22134.5584089761
TCGA-P4-A5ED-01,TCGA-KIRC,Tumor,683.1238393272979,16107.364642944074,16790.488482271372
TCGA-B0-5399-01,TCGA-KIRC,Tumor,11899.955102597905,17053.356203223073,28953.31130582098
TCGA-B0-5709-01,TCGA-KIRC,Tumor,15108.503585966817,18634.831074720652,33743.33466068747
TCGA-RC-A6M6-01,TCGA-LIHC,Tumor,-1435.5653051202607,8061.500874505931,6625.9355693856705
TCGA-BP-4804-01,TCGA-KIRC,Tumor,14039.282665927469,18388.991294339135,32428.273960266604
TCGA-BH-A0DH-01,TCGA-BRCA,Tumor,9799.389492139293,12924.598176130978,22723.98766827027
TCGA-FV-A2QQ-01,TCGA-LIHC,Tumor,2408.388232794463,12574.292851846167,14982.68108464063
TCGA-AY-6197-01,TCGA-KIRC,Tumor,3694.4299361040758,13160.478016341931,16854.907952446007
TCGA-55-A4DF-01,TCGA-LUAD,Tumor,9569.005404629603,17033.57505062003,26602.580455249634
TCGA-44-3396-11,TCGA-LUAD,Normal,14397.979239805984,18857.823463775192,33255.802703581176
TCGA-33-A4WN-01,TCGA-LUSC,Tumor,5728.850872465653,13456.828921874181,19185.679794339834
TCGA-B0-5710-01,TCGA-KIRC,Tumor,11554.697333706677,15874.913867848994,27429.611201555672
TCGA-86-7954-01,TCGA-LUAD,Tumor,12510.759104922417,17854.163849908608,30364.922954831025
TCGA-DD-AAE9-01,TCGA-LIHC,Tumor,-3583.312575015447,3618.0478663602953,34.73529134484852
TCGA-85-7710-11,TCGA-LUSC,Normal,12645.310782383804,19865.40302552319,32510.713807906992
TCGA-18-3419-01,TCGA-LUSC,Tumor,6414.891551414334,15804.070236264346,22218.96178767868
TCGA-E9-A22H-01,TCGA-BRCA,Tumor,11027.24735924535,13665.094827962235,24692.342187207585
TCGA-D8-A3Z6-01,TCGA-BRCA,Tumor,11707.329859699134,10942.04007108614,22649.369930785273
TCGA-E2-A155-01,TCGA-BRCA,Tumor,7687.544249437513,9197.232852155728,16884.77710159324
TCGA-E2-A1IG-11,TCGA-BRCA,Normal,13149.675038378355,13668.111266985321,26817.786305363676
TCGA-CJ-4639-01,TCGA-KIRC,Tumor,11345.890745152221,17223.425738757,28569.31648390922
TCGA-B6-A0X1-01,TCGA-BRCA,Tumor,7502.897630039664,15078.623765455111,22581.521395494776
TCGA-55-8206-01,TCGA-LUAD,Tumor,12479.552478095135,17518.104797189193,29997.657275284328
TCGA-DD-AADS-01,TCGA-LIHC,Tumor,-1886.327297389711,9169.426833472397,7283.0995360826855
TCGA-DX-A3LS-01,TCGA-KIRC,Tumor,13715.545482047648,17199.596581898917,30915.142063946565
TCGA-PE-A5DE-01,TCGA-BRCA,Tumor,12882.670385134381,18443.753179669806,31326.423564804187
TCGA-A8-A07U-01,TCGA-BRCA,Tumor,13351.111271206591,17960.752995341125,31311.864266547716
TCGA-CJ-4900-01,TCGA-KIRC,Tumor,10128.86431298166,17891.97960846336,28020.84392144502
TCGA-B1-A654-01,TCGA-KIRC,Tumor,1926.9140535847691,11041.10590456839,12968.01995815316
TCGA-A1-A0SP-01,TCGA-BRCA,Tumor,10353.187065473267,14740.355740290728,25093.542805763995
TCGA-TQ-A7RK-01,TCGA-LUAD,Tumor,2832.418457070409,5222.306100998045,8054.724558068454
TCGA-S3-A6ZH-01,TCGA-BRCA,Tumor,9236.91254237097,12624.6367922869,21861.54933465787
TCGA-94-7033-01,TCGA-LUSC,Tumor,12.058641849362175,9780.632790525222,9792.691432374584
TCGA-UZ-A9PX-01,TCGA-KIRC,Tumor,3798.9132656148176,13128.826749328462,16927.74001494328
TCGA-A2-A3XU-01,TCGA-BRCA,Tumor,-2137.264432865668,1620.5320654521602,-516.7323674135077
TCGA-BH-A0DG-11,TCGA-BRCA,Normal,11360.261515969756,14060.913521705053,25421.17503767481
TCGA-A1-A0SH-01,TCGA-BRCA,Tumor,14446.235149932389,12608.000135080558,27054.235285012946
TCGA-TQ-A7RO-01,TCGA-LUAD,Tumor,4731.768376233136,7026.506577438446,11758.274953671582
TCGA-N1-A6IA-01,TCGA-LUAD,Tumor,12764.342738786549,10527.571389373941,23291.91412816049
TCGA-85-A513-01,TCGA-LUSC,Tumor,11774.908053756433,18186.370540054904,29961.278593811337
TCGA-G3-A5SJ-01,TCGA-LIHC,Tumor,4619.38823701573,15052.944905422493,19672.333142438223
TCGA-60-2709-01,TCGA-LUSC,Tumor,14570.606345690856,17861.19627909332,32431.802624784177
TCGA-B8-A54D-01,TCGA-KIRC,Tumor,8754.958151760195,17952.98424200808,26707.942393768273
TCGA-86-A4P7-01,TCGA-LUAD,Tumor,12614.961421835487,17374.93065723729,29989.89207907278
TCGA-E2-A1LB-01,TCGA-BRCA,Tumor,10358.63657559516,10273.98064126683,20632.61721686199
TCGA-DD-A1EH-11,TCGA-LIHC,Normal,176.42255451414894,8905.442176372999,9081.864730887148
TCGA-BH-A0AV-01,TCGA-BRCA,Tumor,13633.034491977476,13382.090242258546,27015.124734236022
TCGA-A2-A0D0-01,TCGA-BRCA,Tumor,3573.0787364901807,13848.546254539619,17421.6249910298
TCGA-A8-A08S-01,TCGA-BRCA,Tumor,10292.324716788116,12250.4027117423,22542.727428530416
TCGA-EW-A2FR-01,TCGA-BRCA,Tumor,14751.53577313219,14512.842249823054,29264.378022955243
TCGA-C8-A133-01,TCGA-BRCA,Tumor,711.9507518781102,7066.2431815975215,7778.193933475632
TCGA-A2-A3XY-01,TCGA-BRCA,Tumor,13890.235718396423,16231.721610216588,30121.95732861301
TCGA-AK-3444-01,TCGA-KIRC,Tumor,9277.936824509241,15644.704079292289,24922.64090380153
TCGA-EW-A3E8-01,TCGA-BRCA,Tumor,13653.94325209269,16599.385687370104,30253.328939462794
TCGA-B0-4834-01,TCGA-KIRC,Tumor,1959.664471138487,2549.043930731812,4508.708401870299
TCGA-39-5030-01,TCGA-LUSC,Tumor,13437.357238840723,18756.417044352853,32193.774283193576
TCGA-A2-A0SU-01,TCGA-BRCA,Tumor,12252.462285084712,13684.534496902288,25936.996781987
TCGA-CJ-5682-01,TCGA-KIRC,Tumor,13000.85574662263,15771.09572005679,28771.95146667942
TCGA-DD-A3A3-11,TCGA-LIHC,Normal,4896.594714691557,14401.155749296104,19297.75046398766
TCGA-HE-7130-01,TCGA-KIRC,Tumor,2349.873584292378,12263.055392880404,14612.928977172782
TCGA-BP-4959-01,TCGA-KIRC,Tumor,10825.302458044116,17129.307861266632,27954.61031931075
TCGA-60-2696-01,TCGA-LUSC,Tumor,10079.601737473738,16361.204389555456,26440.806127029195
TCGA-CZ-4853-01,TCGA-KIRC,Tumor,7990.184145763182,15208.15990161632,23198.3440473795
TCGA-A3-3349-01,TCGA-KIRC,Tumor,13514.970072619868,16363.399133514471,29878.36920613434
TCGA-75-6212-01,TCGA-LUAD,Tumor,8468.225702735519,17000.98826065483,25469.21396339035
TCGA-66-2773-01,TCGA-LUSC,Tumor,11121.927261931061,16768.97501150295,27890.90227343401
TCGA-50-5055-01,TCGA-LUAD,Tumor,14462.718850914676,18927.47901678235,33390.197867697025
TCGA-UZ-A9PS-01,TCGA-KIRC,Tumor,-650.9923609127545,9018.41279775766,8367.420436844906
TCGA-DD-A1EL-11,TCGA-LIHC,Normal,4778.224382885852,13283.380120925245,18061.604503811097
TCGA-C8-A1HE-01,TCGA-BRCA,Tumor,11063.263214326416,12508.61060354277,23571.873817869186
TCGA-78-7150-01,TCGA-LUAD,Tumor,10555.619292318555,12897.169212325538,23452.788504644093
TCGA-55-6978-01,TCGA-LUAD,Tumor,15118.442183408446,18736.429578703417,33854.87176211186
TCGA-A3-3319-01,TCGA-KIRC,Tumor,8250.238183616693,16091.553237923301,24341.791421539994
TCGA-22-5472-11,TCGA-LUSC,Normal,15226.383035006966,18104.19036228325,33330.573397290216
TCGA-B6-A0RM-01,TCGA-BRCA,Tumor,7740.7836867706865,10869.161766009503,18609.94545278019
TCGA-DD-AACE-01,TCGA-LIHC,Tumor,-438.6499935977481,2279.1580090813513,1840.5080154836032
TCGA-IG-A50L-01,TCGA-LUSC,Tumor,11644.923720287548,12132.548162552568,23777.471882840116
TCGA-CW-6088-01,TCGA-KIRC,Tumor,11974.092628681825,14994.046087799547,26968.13871648137
TCGA-78-7536-01,TCGA-LUAD,Tumor,7922.257353799912,15095.16793750272,23017.425291302632
TCGA-AQ-A0Y5-01,TCGA-BRCA,Tumor,13678.160135193128,11178.119110100506,24856.279245293634
TCGA-N6-A4VE-01,TCGA-LUAD,Tumor,8888.972703876669,10261.477359231274,19150.450063107943
TCGA-Q1-A6DV-01,TCGA-LUSC,Tumor,470.0558192284334,12462.357352814946,12932.41317204338
TCGA-KN-8426-11,TCGA-LUAD,Normal,10996.833970510223,12534.193421295164,23531.027391805386
TCGA-63-A5MM-01,TCGA-LUSC,Tumor,11757.944141373064,16825.68619940986,28583.630340782925
TCGA-XM-A8RF-01,TCGA-KIRC,Tumor,4865.694000312371,15673.14326560075,20538.83726591312
TCGA-64-1681-01,TCGA-LUAD,Tumor,10153.557850361689,15938.476071744659,26092.033922106348
TCGA-BH-A1FM-11,TCGA-BRCA,Normal,12355.565451457533,13183.083523407626,25538.64897486516
TCGA-HE-A5NI-01,TCGA-KIRC,Tumor,1178.605962962596,12890.997606541274,14069.60356950387
TCGA-AR-A1AI-01,TCGA-BRCA,Tumor,8624.867104646626,16953.842172433146,25578.70927707977
TCGA-CW-6087-01,TCGA-KIRC,Tumor,11215.589827870772,19650.755643482993,30866.345471353765
TCGA-D8-A3Z5-01,TCGA-BRCA,Tumor,8789.586729460363,11446.99836636944,20236.585095829803
TCGA-97-8552-01,TCGA-LUAD,Tumor,10525.597186947274,16730.152587566674,27255.749774513948
TCGA-39-5040-01,TCGA-LUSC,Tumor,8021.205802273009,13856.599577591816,21877.805379864825
TCGA-DV-5574-01,TCGA-KIRC,Tumor,14298.458094773083,17914.819885547364,32213.277980320447
TCGA-DD-AAVX-01,TCGA-LIHC,Tumor,1495.9865707407043,12626.92402140464,14122.910592145345
TCGA-44-5645-11,TCGA-LUAD,Normal,12095.46517102465,18001.91956233897,30097.384733363622
TCGA-GM-A2DN-01,TCGA-BRCA,Tumor,12780.381799582658,17143.63950374778,29924.02130333044
TCGA-98-A53I-01,TCGA-LUSC,Tumor,10740.418867940458,16151.675705338635,26892.094573279093
TCGA-B6-A1KI-01,TCGA-BRCA,Tumor,10256.515174753436,7896.948434402202,18153.46360915564
TCGA-B0-5697-01,TCGA-KIRC,Tumor,11603.32674158947,17878.39851861649,29481.72526020596
TCGA-92-7340-01,TCGA-LUSC,Tumor,14157.84152517212,15946.902892553258,30104.74441772538
TCGA-85-8287-01,TCGA-LUSC,Tumor,14444.317861449552,17210.349760161644,31654.667621611196
TCGA-BH-A1FC-11,TCGA-BRCA,Normal,13826.168403249245,15413.725952493853,29239.894355743098
TCGA-BH-A0BO-01,TCGA-BRCA,Tumor,14884.212847568615,15702.148034226037,30586.36088179465
TCGA-E2-A152-01,TCGA-BRCA,Tumor,12843.264593273827,13021.874777504014,25865.13937077784
TCGA-RG-A7D4-01,TCGA-LIHC,Tumor,1159.3832784334008,15492.608678644745,16651.991957078146
TCGA-60-2706-01,TCGA-LUSC,Tumor,10684.95622967635,16899.315057120784,27584.271286797135
TCGA-A8-A06T-01,TCGA-BRCA,Tumor,12300.408725641526,13902.90974226347,26203.318467904995
TCGA-LL-A6FQ-01,TCGA-BRCA,Tumor,6276.69738154771,9452.712431773758,15729.409813321468
TCGA-BP-5186-01,TCGA-KIRC,Tumor,11629.592526667857,15555.736913718694,27185.32944038655
TCGA-E9-A248-01,TCGA-BRCA,Tumor,11500.664658281352,17689.92799361744,29190.59265189879
TCGA-A7-A26I-01,TCGA-BRCA,Tumor,13011.51288260514,11210.222131543134,24221.735014148275
TCGA-63-5131-01,TCGA-LUSC,Tumor,8398.54880699942,12692.499556063358,21091.04836306278
TCGA-CJ-4894-01,TCGA-KIRC,Tumor,10805.041094039992,17705.08133116266,28510.12242520265
TCGA-C8-A12Q-01,TCGA-BRCA,Tumor,12917.078421302202,14359.459171196318,27276.53759249852
TCGA-BH-A0HU-01,TCGA-BRCA,Tumor,7749.114465299066,11163.847938684678,18912.962403983744
TCGA-BH-A0H7-11,TCGA-BRCA,Normal,10251.094121603459,12612.58170755902,22863.67582916248
TCGA-AR-A24V-01,TCGA-BRCA,Tumor,14606.84274230427,13907.341915639368,28514.18465794364
TCGA-B6-A0WX-01,TCGA-BRCA,Tumor,13763.879648846818,14536.031124813027,28299.910773659845
TCGA-DD-A4NO-01,TCGA-LIHC,Tumor,3747.3634609891524,8790.547152262527,12537.910613251679
TCGA-BP-5182-01,TCGA-KIRC,Tumor,15043.212621027258,18169.84771073623,33213.06033176349
TCGA-DX-A3UD-01,TCGA-KIRC,Tumor,6557.4609807130255,11304.887805742892,17862.348786455917
TCGA-BC-A10Z-11,TCGA-LIHC,Normal,1521.9002007916242,9371.16897874873,10893.069179540355
TCGA-IG-A7DP-01,TCGA-LUSC,Tumor,16266.300388215906,20028.692687498147,36294.993075714054
TCGA-85-8070-01,TCGA-LUSC,Tumor,-1537.067766822809,6321.232542596106,4784.164775773297
TCGA-L3-A4E7-01,TCGA-LUAD,Tumor,9559.098821281375,14960.826130209218,24519.924951490593
TCGA-D8-A1Y2-01,TCGA-BRCA,Tumor,14974.047950785647,17538.476431959494,32512.52438274514
TCGA-49-AAR0-01,TCGA-LUAD,Tumor,9000.67699001107,16631.72347883104,25632.400468842112
TCGA-AN-A0AR-01,TCGA-BRCA,Tumor,5673.377562837082,8032.243550254891,13705.621113091973
TCGA-CZ-5986-11,TCGA-KIRC,Normal,8385.479942647042,7449.473222389039,15834.95316503608
TCGA-86-8668-01,TCGA-LUAD,Tumor,14042.540989211844,16581.610751287128,30624.15174049897
TCGA-56-8083-01,TCGA-LUSC,Tumor,7668.830233281315,8688.070039271857,16356.900272553172
TCGA-DX-A6BB-01,TCGA-KIRC,Tumor,6135.71798555482,5747.024206155449,11882.74219171027
TCGA-A8-A06P-01,TCGA-BRCA,Tumor,13537.589808171524,12553.704232665008,26091.294040836532
TCGA-IE-A4EJ-01,TCGA-LUSC,Tumor,13998.535839265383,16757.891020941704,30756.426860207088
TCGA-94-8035-01,TCGA-LUSC,Tumor,5099.713465984318,11852.855256955587,16952.568722939905
TCGA-A3-3372-01,TCGA-KIRC,Tumor,11181.331190805515,16691.57560501317,27872.906795818686
TCGA-34-5231-01,TCGA-LUSC,Tumor,8992.33554011822,14233.72559790737,23226.06113802559
TCGA-DD-AAEG-01,TCGA-LIHC,Tumor,-795.8098909928012,2662.9892034045915,1867.1793124117903
TCGA-XR-A8TF-01,TCGA-LIHC,Tumor,-2526.826149908473,5835.575188514773,3308.7490386063
TCGA-B0-5712-01,TCGA-KIRC,Tumor,7356.731950915098,13719.095489294155,21075.827440209254
TCGA-BH-A0AY-11,TCGA-BRCA,Normal,13258.988938871818,13701.864792799079,26960.853731670897
TCGA-33-4587-01,TCGA-LUSC,Tumor,7542.801418908744,11658.077955555676,19200.87937446442
TCGA-B6-A3ZX-01,TCGA-BRCA,Tumor,10440.510840918712,18353.530350210425,28794.041191129138
TCGA-85-A510-01,TCGA-LUSC,Tumor,9326.199848878616,15930.508119608206,25256.707968486822
TCGA-37-A5EN-01,TCGA-LUSC,Tumor,7304.01896756237,13623.04965195648,20927.06861951885
TCGA-BH-A1F0-11,TCGA-BRCA,Normal,12905.553347676261,14068.258977580841,26973.812325257102
TCGA-44-2661-01,TCGA-LUAD,Tumor,13451.991236648482,18937.8515830457,32389.842819694182
TCGA-CJ-5681-11,TCGA-KIRC,Normal,7518.161238351058,8479.910846828487,15998.072085179545
TCGA-ED-A66Y-01,TCGA-LIHC,Tumor,-1953.1229247193223,1770.5074216919675,-182.61550302735486
TCGA-BC-A112-01,TCGA-LIHC,Tumor,6336.2862807396195,9997.008933609304,16333.295214348924
TCGA-D8-A142-01,TCGA-BRCA,Tumor,13244.497225923642,14794.061160539026,28038.558386462668
TCGA-DX-A23Y-01,TCGA-KIRC,Tumor,13869.78582695335,18774.448093183073,32644.233920136423
TCGA-LD-A9QF-01,TCGA-BRCA,Tumor,14928.819151046799,18634.457576964258,33563.27672801106
TCGA-49-4490-01,TCGA-LUAD,Tumor,10347.193315763474,14546.716717767453,24893.910033530927
TCGA-BW-A5NO-01,TCGA-KIRC,Tumor,2418.938655132286,10531.18542480726,12950.124079939545
TCGA-CZ-5463-01,TCGA-KIRC,Tumor,8384.17803618189,15432.592924874098,23816.770961055987
TCGA-BH-A0DX-01,TCGA-BRCA,Tumor,14340.428571227556,15426.766359874313,29767.19493110187
TCGA-50-5946-01,TCGA-LUAD,Tumor,6003.546022369901,11510.709969367668,17514.25599173757
TCGA-43-6143-01,TCGA-LUSC,Tumor,10026.259143617372,12723.008987078694,22749.268130696066
TCGA-B6-A0RU-01,TCGA-BRCA,Tumor,11485.973746529762,11929.354711708529,23415.32845823829
TCGA-FV-A3I1-11,TCGA-LIHC,Normal,3575.8390627660265,13611.06926677989,17186.908329545917
TCGA-EW-A1J6-01,TCGA-BRCA,Tumor,6529.448648983303,14042.007420988422,20571.456069971726
TCGA-MP-A4TH-01,TCGA-LUAD,Tumor,11827.709965146398,17940.313775262523,29768.02374040892
TCGA-E9-A22B-01,TCGA-BRCA,Tumor,12831.899590114914,12943.130779091214,25775.030369206128
TCGA-DX-A1KW-01,TCGA-KIRC,Tumor,12719.796906373685,10369.909093595346,23089.705999969032
TCGA-91-6829-01,TCGA-LUAD,Tumor,14199.136148543588,14862.567763305084,29061.703911848672
TCGA-UB-A7MF-01,TCGA-LIHC,Tumor,2874.9011590193695,15830.76643304295,18705.66759206232
TCGA-BP-4177-01,TCGA-KIRC,Tumor,9640.190519877244,12480.875727289222,22121.066247166465
TCGA-E2-A106-01,TCGA-BRCA,Tumor,6497.996580773248,7899.377948379522,14397.37452915277
TCGA-A1-A0SF-01,TCGA-BRCA,Tumor,11951.99223286763,14746.708759270954,26698.700992138583
TCGA-IF-A4AK-01,TCGA-LUSC,Tumor,10680.1007588432,13255.60967345681,23935.71043230001
TCGA-CJ-4889-01,TCGA-KIRC,Tumor,14949.261928246891,18138.683769366817,33087.94569761371
TCGA-KN-8430-11,TCGA-LUAD,Normal,3242.0565677998857,1980.7048447488123,5222.761412548698
TCGA-BP-4799-01,TCGA-KIRC,Tumor,9331.386132010291,16416.354001128482,25747.740133138774
TCGA-78-7540-01,TCGA-LUAD,Tumor,4975.068371871159,14054.39331801482,19029.46168988598
TCGA-BP-4169-01,TCGA-KIRC,Tumor,14307.361569861274,18134.219581897512,32441.581151758786
TCGA-85-8664-01,TCGA-LUSC,Tumor,-1228.5372773105482,10910.819215772903,9682.281938462354
TCGA-A3-3357-01,TCGA-KIRC,Tumor,8190.716869733085,16639.812373098142,24830.529242831228
TCGA-OL-A5RV-01,TCGA-BRCA,Tumor,10877.375159528736,12655.430793021394,23532.80595255013
TCGA-E2-A1BC-01,TCGA-BRCA,Tumor,13114.872161725198,11448.4674575446,24563.3396192698
TCGA-DD-AACQ-01,TCGA-LIHC,Tumor,-4578.644967475135,-1344.9191782036287,-5923.564145678763
TCGA-BP-4977-01,TCGA-KIRC,Tumor,10776.665935918343,16201.390035275723,26978.055971194066
TCGA-66-2778-01,TCGA-LUSC,Tumor,4154.860184581958,14293.652423640782,18448.51260822274
TCGA-A3-3322-01,TCGA-KIRC,Tumor,11122.3185452949,15153.419359014584,26275.737904309484
TCGA-BH-A0W7-01,TCGA-BRCA,Tumor,14349.27513237191,16603.03529401832,30952.310426390228
TCGA-CJ-4874-01,TCGA-KIRC,Tumor,11430.589364938427,17351.15841432304,28781.747779261466
TCGA-E2-A15C-01,TCGA-BRCA,Tumor,12610.927646066408,13561.312251384927,26172.239897451334
TCGA-HU-8249-01,TCGA-LIHC,Tumor,6369.075826629723,14491.602677409322,20860.678504039046
TCGA-44-8120-01,TCGA-LUAD,Tumor,12741.025807422953,15461.668835929177,28202.69464335213
TCGA-B0-4841-01,TCGA-KIRC,Tumor,7486.442386029288,12589.431960905433,20075.87434693472
TCGA-BP-4166-01,TCGA-KIRC,Tumor,11491.024859044835,16316.651442899612,27807.676301944448
TCGA-CJ-4871-01,TCGA-KIRC,Tumor,11858.397252236213,16093.161056836547,27951.55830907276
TCGA-G3-A25U-01,TCGA-LIHC,Tumor,-1762.891624582975,5073.2591534669955,3310.3675288840204
TCGA-85-8049-01,TCGA-LUSC,Tumor,14508.950758913557,17640.37017702589,32149.320935939446
TCGA-49-4486-01,TCGA-LUAD,Tumor,-2830.2023703824634,7935.827772282311,5105.625401899848
TCGA-AR-A0U3-01,TCGA-BRCA,Tumor,9763.814720122919,12502.666653533834,22266.481373656752
TCGA-HE-A5NJ-01,TCGA-KIRC,Tumor,4019.461912206072,7332.785409047861,11352.247321253933
TCGA-63-7020-01,TCGA-LUSC,Tumor,9378.667390848572,16033.678871289329,25412.3462621379
TCGA-BH-A0HW-01,TCGA-BRCA,Tumor,3097.954019139226,4234.4827920026655,7332.436811141892
TCGA-96-7545-01,TCGA-LUSC,Tumor,12504.228229867713,16856.682956069268,29360.91118593698
TCGA-P4-AAVM-01,TCGA-KIRC,Tumor,-1819.5316700600997,5834.945578011131,4015.4139079510314
TCGA-KL-8343-01,TCGA-KIRC,Tumor,4052.375957348311,4858.554857482966,8910.930814831278
TCGA-55-8094-01,TCGA-LUAD,Tumor,-2306.2241464948747,6043.652567163881,3737.4284206690063
TCGA-66-2791-01,TCGA-LUSC,Tumor,12586.739219937885,17565.574583466416,30152.3138034043
TCGA-GM-A3NW-01,TCGA-BRCA,Tumor,10024.679781676034,13163.579826280762,23188.259607956796
TCGA-CZ-5988-01,TCGA-KIRC,Tumor,11273.33258100964,15992.988958571066,27266.321539580706
TCGA-49-6743-01,TCGA-LUAD,Tumor,12667.845147019714,15781.788427254189,28449.633574273903
TCGA-DD-A1EK-01,TCGA-LIHC,Tumor,2310.8377330667354,11045.107666244065,13355.9453993108
TCGA-66-2788-01,TCGA-LUSC,Tumor,13312.687244877136,16751.58780166233,30064.275046539464
TCGA-D8-A1XU-01,TCGA-BRCA,Tumor,13234.025060258591,12676.947820911311,25910.972881169902
TCGA-MP-A4T7-01,TCGA-LUAD,Tumor,7643.023316875078,15788.57897217762,23431.6022890527
TCGA-BH-A0B3-01,TCGA-BRCA,Tumor,11305.563658825897,15285.203595957148,26590.767254783044
TCGA-PL-A8LX-01,TCGA-BRCA,Tumor,7431.129146867745,11633.4697890914,19064.598935959144
TCGA-CJ-4875-01,TCGA-KIRC,Tumor,8152.264386431718,16401.855173937325,24554.119560369043
TCGA-B0-5402-11,TCGA-KIRC,Normal,12507.237554647825,14774.561020533652,27281.798575181478
TCGA-22-5483-01,TCGA-LUSC,Tumor,11505.569928815352,14290.006374114058,25795.57630292941
TCGA-CJ-6032-01,TCGA-KIRC,Tumor,9677.96003585263,15555.231802467188,25233.191838319817
TCGA-34-5927-01,TCGA-LUSC,Tumor,8791.393747177026,12183.663998356515,20975.05774553354
TCGA-55-6970-11,TCGA-LUAD,Normal,12692.26834316654,19418.0380842762,32110.306427442738
TCGA-B6-A0IN-01,TCGA-BRCA,Tumor,11983.06368907831,15685.255264272451,27668.31895335076
TCGA-KL-8327-01,TCGA-KIRC,Tumor,-4138.095471002005,-5.051112515076966,-4143.146583517082
TCGA-DD-A11C-11,TCGA-LIHC,Normal,1493.4965856980598,11859.233175786245,13352.729761484305
TCGA-BC-A10Q-11,TCGA-LIHC,Normal,1009.2514088480566,7312.847743099279,8322.099151947335
TCGA-DX-A7EL-01,TCGA-KIRC,Tumor,11913.977275509471,17349.1735405319,29263.150816041372
TCGA-A2-A3KC-01,TCGA-BRCA,Tumor,13998.059184985792,14773.195085881689,28771.25427086748
TCGA-BH-A0HX-01,TCGA-BRCA,Tumor,12344.687773942675,13901.80347748024,26246.491251422915
TCGA-KN-8433-01,TCGA-LUAD,Tumor,1917.3951964788976,9842.44133352657,11759.836530005468
TCGA-68-7756-01,TCGA-LUSC,Tumor,10349.206646526527,13942.678360515947,24291.885007042474
TCGA-A8-A097-01,TCGA-BRCA,Tumor,12913.3221010093,14271.843711788733,27185.165812798034
TCGA-CJ-5678-01,TCGA-KIRC,Tumor,8720.571458321312,18002.289502973883,26722.860961295195
TCGA-CZ-5989-11,TCGA-KIRC,Normal,11410.544985345161,12096.11612425723,23506.66110960239
TCGA-55-8090-01,TCGA-LUAD,Tumor,10514.662595488586,15421.213693229223,25935.87628871781
TCGA-E9-A22E-01,TCGA-BRCA,Tumor,15443.274960707033,15500.672673061414,30943.947633768446
TCGA-B6-A0IP-01,TCGA-BRCA,Tumor,10389.971258796064,13575.145896857543,23965.117155653606
TCGA-92-8064-01,TCGA-LUSC,Tumor,12944.471813892753,17843.70591272951,30788.177726622263
TCGA-BP-4987-01,TCGA-KIRC,Tumor,11131.876530737154,16309.38780081808,27441.264331555234
TCGA-97-A4M6-01,TCGA-LUAD,Tumor,12853.694073481009,17772.125956996537,30625.820030477546
TCGA-A2-A04X-01,TCGA-BRCA,Tumor,9787.704348046325,16395.477255106674,26183.181603153
TCGA-F5-6464-01,TCGA-LIHC,Tumor,14098.217054765319,16170.090923289714,30268.307978055032
TCGA-EP-A12J-01,TCGA-LIHC,Tumor,893.8583877290548,8435.994624919265,9329.85301264832
TCGA-IG-A5S3-01,TCGA-LUSC,Tumor,9034.338030666098,12988.188836998565,22022.526867664663
TCGA-CW-5580-11,TCGA-KIRC,Normal,7010.894371221082,10090.09168874624,17100.986059967323
TCGA-E2-A1IU-01,TCGA-BRCA,Tumor,10142.313789333417,13354.689735425014,23497.00352475843
TCGA-A8-A094-01,TCGA-BRCA,Tumor,12244.853602218693,16229.943049471844,28474.796651690536
TCGA-C8-A12Z-01,TCGA-BRCA,Tumor,8308.009393727476,7549.55639261728,15857.565786344756
TCGA-05-4427-01,TCGA-LUAD,Tumor,11401.990108162947,15942.484947663314,27344.47505582626
TCGA-HU-A4GY-11,TCGA-LIHC,Normal,11424.332388238417,11185.222681715011,22609.55506995343
TCGA-B0-5690-11,TCGA-KIRC,Normal,6362.35998125757,4856.470384290129,11218.8303655477
TCGA-KL-8323-01,TCGA-KIRC,Tumor,1093.4306888967985,6765.221775549569,7858.652464446368
TCGA-KN-8429-11,TCGA-LUAD,Normal,6730.308628130242,8109.963097678723,14840.271725808965
TCGA-D8-A1XF-01,TCGA-BRCA,Tumor,6294.447417780259,9383.007079065745,15677.454496846003
TCGA-55-8514-01,TCGA-LUAD,Tumor,7543.103774235351,14021.041746929379,21564.14552116473
TCGA-BH-A1EN-11,TCGA-BRCA,Normal,13963.309665154982,15294.17109923215,29257.48076438713
TCGA-KL-8332-01,TCGA-KIRC,Tumor,3659.2926900309103,9855.318113318517,13514.610803349427
TCGA-66-2787-01,TCGA-LUSC,Tumor,11617.864697117013,16267.893978643198,27885.75867576021
TCGA-05-4424-01,TCGA-LUAD,Tumor,13188.621961566761,16724.098366791568,29912.72032835833
TCGA-A8-A082-01,TCGA-BRCA,Tumor,10312.980921277576,10978.802921680002,21291.78384295758
TCGA-AR-A1AL-01,TCGA-BRCA,Tumor,14260.325752405766,14695.183854495717,28955.509606901483
TCGA-DD-AAED-01,TCGA-LIHC,Tumor,-3651.178895913392,5760.238912488898,2109.060016575506
TCGA-BP-4975-01,TCGA-KIRC,Tumor,11958.597807473609,15350.736445157989,27309.334252631597
TCGA-HU-A4GJ-01,TCGA-LIHC,Tumor,11250.069006468384,19162.195678266235,30412.26468473462
TCGA-LL-A440-01,TCGA-BRCA,Tumor,15619.6583868848,16427.526919726963,32047.185306611762
TCGA-38-4632-01,TCGA-LUAD,Tumor,9405.15016033781,17054.62965271631,26459.77981305412
TCGA-AR-A2LK-01,TCGA-BRCA,Tumor,12264.784153924298,12916.334982910896,25181.119136835194
TCGA-56-8624-01,TCGA-LUSC,Tumor,11072.600658236322,14398.270923768123,25470.871582004445
TCGA-90-7767-11,TCGA-LUSC,Normal,12466.526299200628,17503.63798409145,29970.164283292077
TCGA-CW-5584-11,TCGA-KIRC,Normal,11145.322449967422,14930.661739978354,26075.984189945775
TCGA-49-6761-01,TCGA-LUAD,Tumor,9236.15131837222,16255.863793765744,25492.015112137964
TCGA-A8-A07G-01,TCGA-BRCA,Tumor,14109.85239915743,14032.780247844687,28142.632647002116
TCGA-KN-8425-01,TCGA-LUAD,Tumor,4795.579578633067,13076.437464031278,17872.017042664345
TCGA-AO-A12H-01,TCGA-BRCA,Tumor,8247.545442649152,9473.486021272372,17721.031463921525
TCGA-BH-A0DI-01,TCGA-BRCA,Tumor,15277.580684605175,15314.112322302219,30591.693006907393
TCGA-A3-A8OV-01,TCGA-KIRC,Tumor,8039.649477196006,14980.336941579062,23019.986418775068
TCGA-05-4432-01,TCGA-LUAD,Tumor,10616.403384330933,16318.942229138844,26935.345613469777
TCGA-BH-A0B7-01,TCGA-BRCA,Tumor,14275.543118137797,16745.074712215075,31020.617830352872
TCGA-AY-A71X-01,TCGA-KIRC,Tumor,-7247.18683752482,3165.041330430973,-4082.1455070938464
TCGA-DD-A1EG-01,TCGA-LIHC,Tumor,5412.224374443318,14789.732143686317,20201.956518129635
TCGA-CZ-5982-01,TCGA-KIRC,Tumor,9227.550198610636,14890.74016550183,24118.290364112465
TCGA-FY-A3R7-01,TCGA-LIHC,Tumor,9552.54304637625,14251.649933092904,23804.192979469153
TCGA-E9-A1RC-11,TCGA-BRCA,Normal,13734.903337193446,14449.084404245466,28183.987741438912
TCGA-F5-6811-01,TCGA-LIHC,Tumor,11113.358156262879,13156.543839974558,24269.901996237437
TCGA-BC-A10R-01,TCGA-LIHC,Tumor,4630.315714231438,7057.979988377439,11688.295702608877
TCGA-49-AAQV-01,TCGA-LUAD,Tumor,8568.148802496737,15637.027811117969,24205.176613614705
TCGA-A2-A0EX-01,TCGA-BRCA,Tumor,13436.186945870682,13542.08245261275,26978.269398483433
TCGA-D8-A1XR-01,TCGA-BRCA,Tumor,10647.147585364579,10091.25131035181,20738.39889571639
TCGA-50-5072-01,TCGA-LUAD,Tumor,10833.462494741001,14405.932963456482,25239.395458197483
TCGA-AR-A0TQ-01,TCGA-BRCA,Tumor,12034.172410639283,16015.77587883273,28049.948289472013
TCGA-G3-A3CG-01,TCGA-LIHC,Tumor,1082.1439424106502,10478.3479422024,11560.49188461305
TCGA-DD-A1ED-01,TCGA-LIHC,Tumor,4473.933982189061,13894.454464482955,18368.388446672016
TCGA-BH-A18P-01,TCGA-BRCA,Tumor,11971.94768442366,13797.316590848004,25769.264275271664
TCGA-56-8628-01,TCGA-LUSC,Tumor,13277.678055177592,17016.739194610283,30294.417249787875
TCGA-E2-A15O-01,TCGA-BRCA,Tumor,8293.528352143767,11648.747625888751,19942.275978032518
TCGA-50-5045-01,TCGA-LUAD,Tumor,14181.94458038489,18476.574739653315,32658.519320038205
TCGA-BP-4332-01,TCGA-KIRC,Tumor,11204.64812216911,15408.454298446431,26613.10242061554
TCGA-AO-A12C-01,TCGA-BRCA,Tumor,12749.31034337197,9908.706949754247,22658.017293126217
TCGA-86-8674-01,TCGA-LUAD,Tumor,4317.722991978182,8442.916783337809,12760.63977531599
TCGA-CZ-5451-11,TCGA-KIRC,Normal,6471.937108741258,7218.779665309761,13690.71677405102
TCGA-50-8457-01,TCGA-LUAD,Tumor,13196.831797964503,17516.575234948712,30713.407032913216
TCGA-OL-A97C-01,TCGA-BRCA,Tumor,11082.944767527752,14411.176160531988,25494.12092805974
TCGA-18-3416-01,TCGA-LUSC,Tumor,6556.792241873001,17453.418542902848,24010.21078477585
TCGA-B8-4146-01,TCGA-KIRC,Tumor,9736.634754821738,16080.458575997585,25817.093330819323
TCGA-56-7222-11,TCGA-LUSC,Normal,8593.368793857207,17071.42638038968,25664.795174246887
TCGA-68-7755-01,TCGA-LUSC,Tumor,9494.56552321908,11734.648552738403,21229.214075957483
TCGA-E2-A15K-11,TCGA-BRCA,Normal,12671.68328110687,15222.779670938118,27894.46295204499
TCGA-21-5787-01,TCGA-LUSC,Tumor,9877.361595188879,17375.652752899656,27253.014348088534
TCGA-FY-A4B4-01,TCGA-LIHC,Tumor,7236.974341728492,13850.49199999437,21087.466341722862
TCGA-BH-A18G-01,TCGA-BRCA,Tumor,7358.713267584742,10890.244825077705,18248.958092662448
TCGA-B6-A0IA-01,TCGA-BRCA,Tumor,-877.0687742986738,3188.187519963074,2311.1187456644
TCGA-A8-A090-01,TCGA-BRCA,Tumor,12474.83929212156,14688.162096675467,27163.001388797027
TCGA-AN-A0XT-01,TCGA-BRCA,Tumor,10240.938539750972,11028.499466009645,21269.438005760618
TCGA-HU-8602-01,TCGA-LIHC,Tumor,9060.73898636108,16758.033305801287,25818.772292162368
TCGA-AO-A0J4-01,TCGA-BRCA,Tumor,11667.93473920305,16304.688843330467,27972.623582533517
TCGA-55-6985-11,TCGA-LUAD,Normal,11921.68555777719,18291.287838387358,30212.973396164547
TCGA-77-6844-01,TCGA-LUSC,Tumor,7850.047787563297,13601.46503875827,21451.512826321567
TCGA-A2-A0YK-01,TCGA-BRCA,Tumor,14904.214541704012,17676.339789527596,32580.554331231608
TCGA-18-3414-01,TCGA-LUSC,Tumor,9639.194525860185,15068.048443266864,24707.242969127048
TCGA-A8-A09K-01,TCGA-BRCA,Tumor,7705.98792436051,14763.551729523682,22469.539653884192
TCGA-DD-A115-01,TCGA-LIHC,Tumor,3667.9151525214293,11429.72854153797,15097.6436940594
TCGA-FV-A3I0-11,TCGA-LIHC,Normal,-923.1690688024428,4906.707611086171,3983.538542283728
