sample,nonparenchymal_frac,sse,frac_endothelial,frac_epithelial,frac_immune,kn_pt,admix
TCGA-A3-3306-01,0.3458079482598161,9.520374784166275,0.15884857930907573,0.6541920517401839,0.18695936895074036,0.00201416482188122,21637.205239437328
TCGA-A3-3307-01,0.38948533609950375,10.025960635541141,0.2778195056770396,0.6105146639004962,0.11166583042246411,0.00211513626899307,27852.318176637527
TCGA-A3-3308-01,0.4877924135526194,10.445887106477258,0.40668601364830187,0.5122075864473806,0.08110639990431746,0.002548925123559575,29333.194095290884
TCGA-A3-3311-01,0.37091311516501657,9.699880883336746,0.20869961034203985,0.6290868848349834,0.16221350482297667,0.00186449361932776,28755.599379192245
TCGA-A3-3313-01,0.30004928188480495,8.136956851126937,0.21045784854689725,0.699950718115195,0.08959143333790755,0.00316618248974802,18961.051129400137
TCGA-A3-3316-01,0.4990005191227279,10.870822662543333,0.3416736939835001,0.5009994808772721,0.1573268251392278,0.0018018149307796,29933.458346642044
TCGA-A3-3317-01,0.4635813876306786,10.211623477356692,0.2851020006788162,0.5364186123693214,0.17847938695186244,0.002342837449670757,30235.141377287044
TCGA-A3-3319-01,0.3221522922223059,7.935793694143475,0.012752970538004135,0.6778477077776941,0.3093993216843018,0.004133108532842475,24341.791421539994
TCGA-A3-3320-01,0.3299580044916619,8.470138125115094,0.28296906875980976,0.6700419955083381,0.04698893573185214,0.0022414162985898,26619.199326848524
TCGA-A3-3322-01,0.36548116487821714,8.924929828313983,0.2996631955107887,0.6345188351217829,0.06581796936742854,0.0017604091870807332,26275.737904309484
TCGA-A3-3323-01,0.5547403854699713,10.805216690109527,0.3726367344883213,0.44525961453002877,0.18210365098164985,0.0012568507997617001,30175.46355005789
TCGA-A3-3324-01,0.46210797735816,10.309377447052837,0.2588894499300302,0.53789202264184,0.20321852742812963,0.0026882328599270753,27472.69861415784
TCGA-A3-3325-01,0.4034607941977578,10.40546960230871,0.2887135250661097,0.5965392058022422,0.1147472691316481,0.0034856370864188,28237.38013499613
TCGA-A3-3326-01,0.4432368001644863,10.858354209839769,0.22597895025437928,0.5567631998355137,0.21725784991010702,0.0026113992017752336,28051.80866401101
TCGA-A3-3328-01,0.6040806261622653,12.024273837335688,0.368544225850795,0.39591937383773473,0.23553640031147016,0.0034995028940061,4537.368129711107
TCGA-A3-3329-01,0.3466214647687731,9.999716456623254,0.1762316485450122,0.6533785352312269,0.17038981622376095,0.00276086790864436,26810.120708553823
TCGA-A3-3331-01,0.3843819909947247,9.801598714400628,0.283375339202922,0.6156180090052753,0.10100665179180265,0.002601844084831471,27958.58718113599
TCGA-A3-3335-01,0.27844999017428784,8.210773608054978,0.04679405478305827,0.7215500098257122,0.23165593539122953,0.0021692333329061636,22285.56533044786
TCGA-A3-3343-01,0.40869585003600795,10.341382040432997,0.1770478350765147,0.591304149963992,0.23164801495949322,0.0014035163280798999,26132.457050712896
TCGA-A3-3346-01,0.49560811703374175,10.52802755951668,0.03739995167352559,0.5043918829662583,0.45820816536021614,0.0032389996956947,23205.949173124023
TCGA-A3-3347-01,0.6077448065184308,10.93537345461054,0.22131550745314604,0.3922551934815693,0.3864292990652847,0.0031107843835990003,33541.336402663896
TCGA-A3-3349-01,0.5382864977007504,10.642977843866579,0.4805737188121243,0.4617135022992496,0.05771277888862606,0.0015104482503000751,29878.36920613434
TCGA-A3-3351-01,0.5795859328259922,10.595936401093025,0.24126073634865058,0.42041406717400776,0.3383251964773418,0.0030118865588178497,30098.928524090064
TCGA-A3-3352-01,0.35362006442408833,9.836718958866474,0.21792624783944883,0.6463799355759117,0.1356938165846395,0.0007975069514289,26555.51618082221
TCGA-A3-3357-01,0.3124096425149604,8.543895151374324,0.10116715754609319,0.6875903574850396,0.21124248496886722,0.00286712171587865,24830.529242831228
TCGA-A3-3358-01,0.4196745929907775,10.589743162733477,0.16054687268230308,0.5803254070092225,0.2591277203084744,0.0016980419043683,29797.487377706355
TCGA-A3-3359-01,0.35425078449806247,9.686084952163927,0.23395731106937476,0.6457492155019375,0.12029347342868774,0.0017348190442994665,27883.329161782887
TCGA-A3-3362-01,0.27792062664707484,8.111711572371812,0.26304323238199145,0.7220793733529252,0.014877394265083482,0.0012249711701842285,27831.519687288484
TCGA-A3-3363-01,0.3399304115254148,8.06527478207543,0.0,0.6600695884745852,0.3399304115254148,0.00302340125926518,21168.266356356587
TCGA-A3-3365-01,0.5616927045129398,10.876199405593923,0.4587463714746326,0.43830729548706016,0.1029463330383072,0.00162222319599645,29092.184885892093
TCGA-A3-3367-01,0.38850815863514754,9.992859638309003,0.27810648157845347,0.6114918413648525,0.11040167705669407,0.00215221198437066,26225.68920495238
TCGA-A3-3370-01,0.4289453784515317,10.026721217464138,0.24081923687969245,0.5710546215484683,0.1881261415718393,0.005088691581448525,30501.80454686802
TCGA-A3-3372-01,0.547206217697744,10.297410443506168,0.408469617942517,0.452793782302256,0.13873659975522695,0.00330009472693634,27872.90679581869
TCGA-A3-3373-01,0.33832379988787487,9.117160988632405,0.23566513656498017,0.6616762001121251,0.10265866332289475,0.0028350351134162,26564.82516776021
TCGA-A3-3374-01,0.7773498610154279,11.919335678560774,0.2798434297500581,0.22265013898457214,0.49750643126536975,0.006310735289620433,21645.22654839612
TCGA-A3-3376-01,0.6292715982957336,10.404363384439906,0.542338575176582,0.37072840170426635,0.08693302311915159,0.002971657198165575,30796.25594952489
TCGA-A3-3378-01,0.5658545633429468,9.906986149891111,0.11950719158211244,0.4341454366570532,0.44634737176083433,0.002422540354013083,30279.79748046608
TCGA-A3-3380-01,0.4642666080343886,10.200363323846902,0.3451237662409127,0.5357333919656114,0.11914284179347584,0.0041123637224994795,26716.49727095049
TCGA-A3-3382-01,0.4798190330217177,10.30213500571664,0.27369217048622224,0.5201809669782823,0.20612686253549545,0.002740580172495543,26599.475088189305
TCGA-A3-3383-01,0.4097852635265934,11.708214698669085,0.18959225825420314,0.5902147364734066,0.22019300527239027,0.0037876464393854664,26140.663329989147
TCGA-A3-3385-01,0.23701760127745064,7.0698838286222525,0.18297120768448155,0.7629823987225494,0.054046393592969026,0.00227091415233404,19201.740197864878
TCGA-A3-3387-01,0.5060445599613501,10.811733628794972,0.261777547703188,0.49395544003864994,0.24426701225816203,0.0019513336582006001,30426.74216919684
TCGA-A3-A6NI-01,0.4042896177510842,9.911513150413397,0.25702980347278004,0.5957103822489158,0.1472598142783041,0.0022071927366683333,25766.43992080901
TCGA-A3-A6NJ-01,0.42493589193864933,11.048406720990398,0.2696305273510698,0.5750641080613507,0.15530536458757951,0.00568358289786688,28979.139564956156
TCGA-A3-A6NN-01,0.5066701106030382,10.806558344041983,0.391374351195941,0.49332988939696176,0.11529575940709723,0.0036801132946356,29088.677564103466
TCGA-A3-A8CQ-01,0.3920770248911356,9.480625655661974,0.3869237089217667,0.6079229751088644,0.0051533159693689205,0.0015949701817329445,26424.45403954201
TCGA-A3-A8OU-01,0.39795335381919106,10.693754631215878,0.3211091638712219,0.6020466461808089,0.07684418994796917,0.002736625034889586,28132.23873800984
TCGA-A3-A8OV-01,0.30555958197931987,9.159693737317292,0.21128583534284123,0.6944404180206801,0.09427374663647871,0.0021972355663001,23019.986418775068
TCGA-A3-A8OW-01,0.3909345437474562,9.379676261622096,0.3787857881174909,0.6090654562525438,0.012148755629965135,0.0023152884726457,26152.02477602657
TCGA-A3-A8OX-01,0.40155174220803214,10.474348957209465,0.22325769533208556,0.5984482577919679,0.17829404687594672,0.0020869469813334833,30756.053362450693
TCGA-AK-3425-01,0.37331542617796887,10.014308214731017,0.23046209767393303,0.6266845738220311,0.14285332850403595,0.0013914702328897198,29357.297150503666
TCGA-AK-3426-01,0.7968929384526561,10.193990321312349,0.16694716569014997,0.20310706154734393,0.6299457727625061,0.00461951467448168,31208.565458492973
TCGA-AK-3427-01,0.589415095875383,11.969850246937211,0.37678620115080597,0.41058490412461707,0.21262889472457697,0.01165089808586495,-594.039288744556
TCGA-AK-3428-01,0.4273009489531634,10.710348283295254,0.31255970366901414,0.5726990510468366,0.11474124528414914,0.0022143011156931336,24956.173888082933
TCGA-AK-3429-01,0.45716038177714236,11.703388640328143,0.1700935100658127,0.5428396182228576,0.28706687171132983,0.002749087406770825,27215.671686691883
TCGA-AK-3431-01,0.634455216403861,11.34527251252894,0.4862508847034081,0.365544783596139,0.14820433170045286,0.003670767168512478,29327.84774169219
TCGA-AK-3433-01,0.699419654210967,11.684684610356562,0.4526218289369905,0.300580345789033,0.2467978252739766,0.00370207953575735,10303.657705853628
TCGA-AK-3434-01,0.4457880723071732,11.098357912237635,0.3355156865975611,0.5542119276928268,0.11027238570961212,0.0015225506877750601,27545.829474860235
TCGA-AK-3436-01,0.3655942529267645,10.162554663239703,0.2222167627132618,0.6344057470732355,0.14337749021350274,0.0052099293032162,21406.913637086363
TCGA-AK-3440-01,0.6656837692313482,10.939682187932906,0.4846374374764817,0.33431623076865175,0.18104633175486654,0.005267174917202799,5475.228110265132
TCGA-AK-3443-01,0.638810253661792,9.568514192790325,0.5163080663818396,0.361189746338208,0.12250218727995245,0.0031563587787032605,-2915.434558392095
TCGA-AK-3444-01,0.31176882261107564,8.987090154414181,0.2645261939400725,0.6882311773889244,0.047242628671003206,0.0013309933596229,24922.64090380153
TCGA-AK-3445-01,0.5721533257872161,11.483261632162437,0.22357497910571286,0.4278466742127839,0.3485783466815033,0.0018966642582985375,28454.325417518536
TCGA-AK-3447-01,0.5286736219724117,12.0659123750003,0.3825218660973122,0.47132637802758826,0.14615175587509946,0.02332829935461995,-5427.797452324303
TCGA-AK-3450-01,0.2699306034217732,8.421370030929308,0.24753270273091213,0.7300693965782268,0.022397900690861044,0.0028547692888228502,22827.37184724076
TCGA-AK-3451-01,0.2761546530825192,9.342165922046124,0.09628735680715128,0.7238453469174808,0.17986729627536793,0.010668809948685317,22273.990457121065
TCGA-AK-3453-01,0.40362688644000244,10.128662948520946,0.09747872401977177,0.5963731135599976,0.3061481624202306,0.0020179163163706712,23410.896284862392
TCGA-AK-3454-01,0.37679626123389154,9.635873337951303,0.3011731256510424,0.6232037387661085,0.07562313558284915,0.0019778193248711335,26943.722634577527
TCGA-AK-3455-01,0.33988210208264613,9.089596145486448,0.005857714541942108,0.6601178979173539,0.33402438754070396,0.0020596874334181145,25256.30957088
TCGA-AK-3456-01,0.2701389301729399,7.267224789620792,0.009919682282223067,0.7298610698270601,0.2602192478907169,0.0039062300933316,19541.53422814825
TCGA-AK-3458-01,0.33708515203596134,9.2863605016801,0.09846074857918259,0.6629148479640387,0.23862440345677877,0.007434121148803267,21409.215094690066
TCGA-AK-3460-01,0.45184340980553117,10.08440521116354,0.3793014712932992,0.5481565901944688,0.07254193851223205,0.0022743671566459,26034.08841304259
TCGA-AK-3461-01,0.4843606801785916,9.923473447723952,0.3873079572864583,0.5156393198214084,0.09705272289213322,0.00142180369995994,28344.01196588652
TCGA-AK-3465-01,0.38283458059843545,8.867394005290683,0.3305992620166451,0.6171654194015646,0.05223531858179038,0.0030530790469079,12991.134133591857
TCGA-AL-3466-01,0.3449849760798923,8.258805346301376,0.0640692801156142,0.6550150239201077,0.2809156959642781,,16728.747524578324
TCGA-AL-3467-01,0.3315843501226322,7.299869860395675,0.25598962342998377,0.6684156498773678,0.07559472669264847,0.002306198810691325,-7129.243360297856
TCGA-AL-3468-01,0.21540059735632489,6.542915608670793,0.06109461635868258,0.7845994026436751,0.15430598099764226,0.00282619094914148,7313.399096930148
TCGA-AL-3471-01,0.2009148567197505,5.236110885139059,0.10673953539944223,0.7990851432802495,0.09417532132030836,0.00318871833817608,2513.799971013956
TCGA-AL-3472-01,0.39444174976770197,8.762147848473537,0.12812756153265134,0.605558250232298,0.26631418823505065,0.0033502131555431,12402.21354267068
TCGA-AL-3473-01,0.38353383014874065,8.721257827745251,0.0,0.6164661698512593,0.3835338301487406,0.0032400568925902,24662.71492232163
TCGA-AL-7173-01,0.36783448686550824,8.945441739595603,0.04298289202570793,0.6321655131344918,0.3248515948398002,0.00438800578650635,20526.65056769013
TCGA-AL-A5DJ-01,0.5070895415372088,10.622652128055499,0.050231784777240704,0.4929104584627913,0.45685775675996804,0.008180679888489719,6927.191745451932
TCGA-AY-5543-01,0.6029041760644189,12.292919669571909,0.14208354187393127,0.397095823935581,0.4608206341904878,0.00372320942631465,13372.962668516517
TCGA-AY-6196-01,0.8859263360522935,10.94521304937314,0.24841362249075763,0.11407366394770642,0.637512713561536,0.00284007197642598,34351.85143389424
TCGA-AY-6197-01,0.5705250134683851,12.602429877732218,0.18007717866112039,0.42947498653161487,0.39044783480726475,0.0031022717348167,16854.907952446007
TCGA-AY-6386-01,0.6266185184417543,12.532244301349296,0.1626932253724214,0.37338148155824574,0.46392529306933283,0.00231922027347392,18226.640712437395
TCGA-AY-A54L-01,0.5065354657332979,11.988380742210941,0.1946352695058098,0.4934645342667021,0.3119001962274881,0.0038324974235042593,-2644.947483209915
TCGA-AY-A69D-01,0.5825500863588713,12.619664645368234,0.14610784397089113,0.41744991364112877,0.4364422423879801,0.00342077889484748,16134.679778861857
TCGA-AY-A71X-01,0.5002664637960113,11.209973540080156,0.17762661532614482,0.49973353620398875,0.3226398484698664,0.0027454296503991197,-4082.1455070938464
TCGA-AY-A8YK-01,0.5562956872703857,12.814690804744824,0.21386538775854141,0.44370431272961425,0.3424302995118442,0.0034775490982259572,13889.467380154692
TCGA-B0-4688-01,0.8358109781665035,10.65282649121234,0.31169566640953794,0.16418902183349654,0.5241153117569655,0.0030764289671961,23512.62995946176
TCGA-B0-4690-01,0.6710827097188824,11.446245626721074,0.18745627717933852,0.3289172902811176,0.4836264325395439,0.0019579270224861,32235.317905069314
TCGA-B0-4691-01,0.4363489733790148,10.616090359159926,0.08002062934270443,0.5636510266209852,0.3563283440363104,0.002984010597914625,27801.686109356157
TCGA-B0-4693-01,0.44150469098751854,10.52177750299013,0.2691988617167135,0.5584953090124815,0.1723058292708051,0.00168173315228278,26793.743721216222
TCGA-B0-4694-01,0.440036403839269,10.928242255666687,0.06617450361393958,0.559963596160731,0.37386190022532945,0.001598782944593575,31503.995069559445
TCGA-B0-4696-01,0.6946479274876733,12.262371257686384,0.32653178965559815,0.3053520725123267,0.3681161378320752,0.0030225293534689,16800.981990665365
TCGA-B0-4697-01,0.9029643488777566,9.889610498852933,0.23822979063021818,0.09703565112224342,0.6647345582475385,0.006843223265438199,26586.04695456649
TCGA-B0-4698-01,0.9107603574477612,9.389102420473233,0.22752629493977558,0.0892396425522388,0.6832340625079856,0.0029983611358873,24752.461097501426
TCGA-B0-4699-01,0.7707279491041477,11.04072075803178,0.23972631435060654,0.22927205089585237,0.531001634753541,0.0016671934040687667,27525.564553734614
TCGA-B0-4700-01,0.6326695354840317,12.847422269107401,0.22051955140057897,0.36733046451596824,0.4121499840834528,0.00651068053024748,33353.12910465506
TCGA-B0-4701-01,0.485737669823028,10.653708852009066,0.20316140633962884,0.514262330176972,0.2825762634833991,0.001602745498787875,28112.7563836119
TCGA-B0-4703-01,0.8024836108079884,10.750354371264928,0.49466201171800683,0.19751638919201167,0.3078215990899814,0.004654634286730658,32060.389341580747
TCGA-B0-4706-01,0.4588495065965613,11.003216153687523,0.28033604660332023,0.5411504934034387,0.1785134599932411,0.001970136908925657,25285.3107823838
TCGA-B0-4707-01,0.36861365320404327,8.540628042869063,0.0662973216110829,0.6313863467959567,0.3023163315929603,0.004533922465046325,21815.242727107707
TCGA-B0-4710-01,0.4315713751905196,10.400501683357788,0.2977599032453221,0.5684286248094804,0.13381147194519744,0.00520820201033487,28463.577490512696
TCGA-B0-4712-01,0.5124226351272474,11.59146117581732,0.14599893955952797,0.48757736487275255,0.3664236955677195,0.0026372243983705996,29308.4863294249
TCGA-B0-4713-01,0.23699572781722456,7.597457964817338,0.007664065932526579,0.7630042721827754,0.229331661884698,0.00278606614708115,24059.77215848889
TCGA-B0-4714-01,0.5387305903847924,11.984729363728153,0.23634394522763355,0.46126940961520757,0.3023866451571588,0.0024335355280893666,28635.12323146476
TCGA-B0-4718-01,0.5980648063938678,11.590129507484324,0.3715477832121214,0.4019351936061321,0.22651702318174646,0.0017999790411367834,25923.43347774758
TCGA-B0-4810-01,0.5973803626700493,12.697569520655772,0.3501054616777109,0.4026196373299507,0.24727490099233845,0.0024688089188050003,30934.21534937321
TCGA-B0-4811-01,0.401035194814069,10.21439933623159,0.2826527458537334,0.598964805185931,0.11838244896033566,0.004904054166683,22495.88725275683
TCGA-B0-4813-01,0.6443858864499209,11.762705932865764,0.3465702949154594,0.3556141135500791,0.29781559153446147,0.0035653868888827498,22709.353670462515
TCGA-B0-4814-01,0.35486695658948975,9.403656713661046,0.2915196042277138,0.6451330434105103,0.06334735236177601,0.003239571258358567,25326.882861231446
TCGA-B0-4815-01,0.6421528498476685,11.401620944781946,0.10115731921242746,0.3578471501523315,0.540995530635241,0.0019370069815408779,30339.653163769697
TCGA-B0-4816-01,0.5636766176161951,11.980193711685112,0.3327980276300772,0.4363233823838049,0.23087858998611782,0.0032017786034909002,29320.498728694904
TCGA-B0-4817-01,0.3376165849547229,8.205236025309905,0.0,0.6623834150452771,0.3376165849547228,0.0030980078274435666,21028.478596062672
TCGA-B0-4818-01,0.3849439077415552,10.387117689296318,0.2784359395498252,0.6150560922584448,0.10650796819172989,0.004262512557548934,27597.436193429727
TCGA-B0-4821-01,0.5271869965964775,11.247559648270753,0.2139609502969365,0.4728130034035225,0.3132260462995411,0.006776064004719225,21744.125197168363
TCGA-B0-4822-01,0.6219018302164059,12.602181053488211,0.41702597809642783,0.3780981697835941,0.20487585211997808,0.0050351885563006335,27196.779814461217
TCGA-B0-4823-01,0.48749381741713527,11.115581682408248,0.3473337995919193,0.5125061825828647,0.14016001782521603,0.0017956152160717668,30250.639755616736
TCGA-B0-4824-01,0.3568349379096065,10.685609603727174,0.211177591876124,0.6431650620903935,0.14565734603348252,0.001941991776539325,28973.25252889105
TCGA-B0-4827-01,0.3539006175361997,10.37901533366983,0.14333706256184664,0.6460993824638003,0.21056355497435317,0.0016733257034213,31099.95942517591
TCGA-B0-4828-01,0.3283661662800801,8.79049240402893,0.11089988929429917,0.6716338337199199,0.21746627698578083,0.00230077884434984,22296.756034653783
TCGA-B0-4833-01,0.41476804317753746,11.005977424533201,0.2597317732169034,0.5852319568224625,0.15503626996063402,0.001598562792162,27187.758954363868
TCGA-B0-4834-01,0.6293258720098363,10.325952441685166,0.5510636764742273,0.3706741279901637,0.07826219553560905,0.0033119672141328996,4508.708401870299
TCGA-B0-4836-01,0.5198018481664384,10.603774114983556,0.18558413470238244,0.48019815183356157,0.33421771346405593,0.0027527834587803717,29482.41534177493
TCGA-B0-4837-01,0.5028235587499865,11.452186242057278,0.30584491509881906,0.49717644125001353,0.19697864365116743,0.0021936120052947,26536.91954967517
TCGA-B0-4838-01,0.475962436331964,10.721835042179444,0.20743178287082298,0.524037563668036,0.2685306534611409,0.0030844053709151668,28232.33613672404
TCGA-B0-4839-01,0.4903705864459499,12.296616684172227,0.3405658208326186,0.5096294135540501,0.14980476561333125,0.0047763403713834505,25136.16067832955
TCGA-B0-4841-01,0.5361239275581318,11.589972399907632,0.441320483712711,0.4638760724418682,0.09480344384542078,0.00658469085890024,20075.87434693472
TCGA-B0-4842-01,0.44883181431555286,10.914447944413833,0.05495496619969047,0.5511681856844471,0.3938768481158623,0.005646806957231666,25719.66377322224
TCGA-B0-4843-01,0.5241750428347574,11.766624134582926,0.3715090636743761,0.47582495716524265,0.15266597916038133,0.0024507362550523198,26840.309998635115
TCGA-B0-4844-01,0.33117099967795594,8.856496603227809,0.044149630896989506,0.6688290003220441,0.2870213687809664,0.0036397665071724334,24958.571387966844
TCGA-B0-4845-01,0.43474763794281135,9.840898941275794,0.4124573886215556,0.5652523620571887,0.022290249321255784,0.00219056771180685,23186.911458912284
TCGA-B0-4846-01,0.39773052544488785,10.179362400717354,0.25913952519904937,0.6022694745551121,0.1385910002458385,0.002482700955318089,28449.132020143887
TCGA-B0-4847-01,0.4763246076355039,11.181748745394728,0.09254994614192212,0.5236753923644961,0.38377466149358175,0.0035863164631134573,24454.32095985996
TCGA-B0-4848-01,0.4602597837504776,11.757172377679233,0.22436009252743308,0.5397402162495224,0.23589969122304463,0.0010746285076708333,29436.50001758861
TCGA-B0-4849-01,0.46740164454945143,10.53157278451247,0.3354320786794509,0.5325983554505486,0.1319695658700005,0.0017040497976474334,26013.79503494505
TCGA-B0-4852-01,0.3782644867069561,9.491995099311387,0.2796915796258472,0.6217355132930439,0.09857290708110887,0.0011844913458146,26990.91852250005
TCGA-B0-4945-01,0.4400526341988611,9.34076900537751,0.41400810536147864,0.5599473658011389,0.02604452883738261,0.0036210283639984,25961.508906171068
TCGA-B0-5075-01,0.3368648210795455,8.441172448561602,0.0081261662035165,0.6631351789204545,0.32873865487602905,0.002098979088428833,25566.163309586354
TCGA-B0-5077-01,0.3494583676820715,9.662017731853739,0.23957761642540004,0.6505416323179285,0.10988075125667142,0.002197285177055233,25588.72257407269
TCGA-B0-5080-01,0.7568444547939116,12.367053491803878,0.4698296590113677,0.24315554520608837,0.28701479578254396,0.001547016164606289,32067.435999251426
TCGA-B0-5081-01,0.6967722483185932,11.859137296333213,0.20155636415514477,0.30322775168140675,0.49521588416344847,0.004712671483617111,31842.469407770222
TCGA-B0-5083-01,0.7769021850434152,12.475724186869172,0.3581016274306427,0.22309781495658482,0.4188005576127725,0.003823744661042667,29192.410340979917
TCGA-B0-5084-01,0.5190368237208436,11.403748047358636,0.1825040160107358,0.48096317627915636,0.33653280771010785,0.0036377806616136334,19055.30417750711
TCGA-B0-5085-01,0.3016305090193737,9.25991023207863,0.20291814275032238,0.6983694909806263,0.0987123662690513,0.005511089961063425,20303.323809215584
TCGA-B0-5088-01,0.40862832635611024,11.163657440206117,0.22080903029727655,0.5913716736438898,0.18781929605883368,0.00212977593143705,29394.397927639024
TCGA-B0-5092-01,0.5169703309316824,10.658228570719048,0.07549604825386248,0.4830296690683175,0.44147428267781996,0.002379945895801922,29864.86993008173
TCGA-B0-5094-01,0.36309484901168265,8.715116097075818,0.13797426676184815,0.6369051509883173,0.22512058224983453,0.0021585721077304666,22687.406230872373
TCGA-B0-5095-01,0.5465188748662246,10.845805403532202,0.392967060959242,0.4534811251337753,0.15355181390698275,0.00175633036782755,31460.79382906961
TCGA-B0-5096-01,0.7039129143781129,11.572001545075459,0.27894402088680537,0.29608708562188707,0.4249688934913075,0.004271459231901083,27842.070109626307
TCGA-B0-5097-01,0.652771248615887,11.783359282492555,0.38355990090778025,0.347228751384113,0.2692113477081068,0.0021122291551583998,31975.85790650455
TCGA-B0-5098-01,0.4482763775016433,9.996789399164303,0.23959051064371387,0.5517236224983567,0.2086858668579294,0.00408233733155085,7988.316656981198
TCGA-B0-5099-01,0.31637230853963616,7.875008445158438,0.3163723085396361,0.6836276914603638,0.0,0.0025522555600764,18957.397965630436
TCGA-B0-5100-01,0.6741213615201285,11.528100117305033,0.5137001792176512,0.3258786384798716,0.16042118230247734,0.005868988893420275,23241.954356840622
TCGA-B0-5102-01,0.3675845571229598,9.796928299115102,0.19178605405772953,0.6324154428770402,0.17579850306523018,0.0016511572935568335,22257.741526157075
TCGA-B0-5104-01,0.26444241823556225,8.078087763836365,0.206965963759189,0.7355575817644378,0.0574764544763732,0.00282938943884764,24712.40079528681
TCGA-B0-5106-01,0.5871178138810387,11.427390659526237,0.3285656647549815,0.4128821861189614,0.25855214912605706,0.00255560310185846,28330.90397319776
TCGA-B0-5107-01,0.4452825201410535,9.043852861041032,0.0,0.5547174798589465,0.4452825201410534,0.0038905343965414166,18979.61218933229
TCGA-B0-5108-01,0.6824245112839802,11.770533168712289,0.34039221927708724,0.3175754887160198,0.342032292006893,0.0024575720132258144,33535.96159209328
TCGA-B0-5109-01,0.7168299927034595,11.624194400892879,0.23767180346088038,0.2831700072965405,0.4791581892425791,0.0033166846266722283,28790.356013266028
TCGA-B0-5110-01,0.42489027648473876,9.711034444925723,0.3952150734744385,0.5751097235152612,0.0296752030103002,0.002136193440213633,29266.64390934405
TCGA-B0-5113-01,0.48383677583741436,10.363106210304277,0.30648037951952734,0.5161632241625856,0.1773563963178872,0.0025008272789081003,28745.62521053572
TCGA-B0-5115-01,0.4800941441074046,10.715752816013811,0.4099113792296084,0.5199058558925954,0.07018276487779616,0.003330394405572075,28767.95681924672
TCGA-B0-5116-01,0.3432478861399294,9.12186265801943,0.3419714913224121,0.6567521138600706,0.0012763948175172415,0.003453670772699933,21983.067718981765
TCGA-B0-5117-01,0.6352100324550722,11.387194456919211,0.5144564741683284,0.3647899675449278,0.1207535582867437,0.005602482713385639,5627.437338800337
TCGA-B0-5119-01,0.34664289642097845,9.560534713692327,0.3114974302322132,0.6533571035790215,0.035145466188765205,0.0029829837265163716,26550.906151371837
TCGA-B0-5120-01,0.571390203483222,10.516015449004161,0.4732433016398486,0.428609796516778,0.09814690184337335,0.002552741159360433,29346.768070894774
TCGA-B0-5121-01,0.47336310012244043,11.161646587910418,0.38385002054360895,0.5266368998775596,0.08951307957883144,0.0026745725649991,26470.091908252147
TCGA-B0-5399-01,0.3493942526785834,10.470134635022129,0.2158060960902839,0.6506057473214166,0.13358815658829942,0.0023937449496395,28953.31130582098
TCGA-B0-5400-01,0.4021816008279726,9.98598254219825,0.059022213098524255,0.5978183991720274,0.34315938772944843,0.00328884144768285,29307.337379183795
TCGA-B0-5402-01,0.3672852481898242,9.614333545693064,0.33638458963338663,0.6327147518101758,0.030900658556437522,0.001873077663347857,27947.869574088167
TCGA-B0-5690-01,0.5118038003367269,11.185893064214483,0.46983877047604816,0.48819619966327304,0.04196502986067883,0.0014129051234666751,28149.938974541525
TCGA-B0-5691-01,0.3599704028144176,9.118432562303546,0.31705625823528255,0.6400295971855824,0.04291414457913504,0.000796962608123,30119.513586149733
TCGA-B0-5692-01,0.4182224233462353,11.138804402915763,0.11123712710416042,0.5817775766537647,0.30698529624207477,0.002141041298556775,27122.781016115387
TCGA-B0-5693-01,0.4001378837301204,8.851497887320235,0.4001378837301204,0.5998621162698796,0.0,0.0015126335569572002,24968.958182716156
TCGA-B0-5694-01,0.3812588088896045,10.40466982197312,0.2943250416180667,0.6187411911103955,0.08693376727153772,0.001827842912087833,25587.34241093476
TCGA-B0-5695-01,0.37413836081183394,9.482322678738063,0.37413836081183394,0.6258616391881661,0.0,0.00173903220793094,25481.08763492226
TCGA-B0-5696-01,0.2752448798224123,8.885260836654664,0.2397802162482046,0.7247551201775877,0.03546466357420786,0.0018985304663586798,23556.311411352668
TCGA-B0-5697-01,0.46985027739767493,11.019571106391645,0.144254767910568,0.5301497226023251,0.3255955094871069,0.0012807631004005,29481.72526020596
TCGA-B0-5698-01,0.39606952633942694,10.529770110917744,0.21072631552649462,0.6039304736605731,0.1853432108129323,0.0024288244423658115,25897.487833603253
TCGA-B0-5699-01,0.31527175904215454,9.264018386353616,0.21547451087271824,0.6847282409578455,0.09979724816943639,0.0017975161755059857,24959.368183180493
TCGA-B0-5700-01,0.3156876487843058,9.722191199922682,0.2714545785165876,0.6843123512156942,0.04423307026771808,0.0026908202561884667,24232.907932746755
TCGA-B0-5701-01,0.34494463177952595,9.303313533884666,0.17030622047109797,0.655055368220474,0.17463841130842805,0.002517967438006957,24534.875533110917
TCGA-B0-5702-01,0.4480921193121218,13.219974419547503,0.18740998411938678,0.5519078806878782,0.2606821351927351,0.030246000770561537,18574.658807604468
TCGA-B0-5703-01,0.34818629158910974,9.334747080035335,0.14726779364820733,0.6518137084108903,0.20091849794090236,0.002165410273975175,24238.190258158644
TCGA-B0-5705-01,0.3014676939780695,9.04597931537105,0.22699708748070385,0.6985323060219305,0.07447060649736566,0.0014032227361204,25850.082075512844
TCGA-B0-5706-01,0.5811738920841741,11.550107643731762,0.2427029202845519,0.41882610791582586,0.3384709717996222,0.00335918993455775,28118.255693434658
TCGA-B0-5707-01,0.3109910264532175,7.794524714107476,0.013712516995467928,0.6890089735467825,0.2972785094577496,0.0019997497485264998,22408.286021835203
TCGA-B0-5709-01,0.5089758260444477,11.494562074003117,0.2107733615526311,0.49102417395555226,0.29820246449181653,0.0028265968389752376,33743.33466068747
TCGA-B0-5710-01,0.5699290737641536,10.777738542325096,0.5090277649398454,0.4300709262358465,0.0609013088243082,0.0018155050492724572,27429.611201555672
TCGA-B0-5711-01,0.4286230679919587,10.556342820675633,0.33685030408243344,0.5713769320080413,0.09177276390952538,0.00654922234836558,28942.248657988675
TCGA-B0-5712-01,0.22458939491029928,7.809739176323832,0.1563770602428675,0.7754106050897007,0.06821233466743169,0.0026657171183116714,21075.82744020925
TCGA-B0-5713-01,0.36024548700907244,9.756112028521262,0.3044528368775035,0.6397545129909276,0.0557926501315689,0.00546275815573382,25839.62769545524
TCGA-B0-5812-01,0.4988426580597516,10.694130753010286,0.4539777054669691,0.5011573419402484,0.0448649525927826,0.00277880852743072,29564.57061969614
TCGA-B1-5398-01,0.41887375027299845,8.665711863848193,0.0,0.5811262497270016,0.41887375027299834,0.0035856430007243,22777.219991360467
TCGA-B1-7332-01,0.27998022271857126,7.182520371001837,0.009883211342207631,0.7200197772814287,0.2700970113763637,0.0030151595568781797,17222.50444429122
TCGA-B1-A47M-01,0.3448160232728724,9.042933042354232,0.04764200731886133,0.6551839767271276,0.29717401595401105,0.0034609110907684996,15204.94070666833
TCGA-B1-A47N-01,0.4110552789299302,9.374888671542694,0.06326777202360027,0.5889447210700698,0.3477875069063299,0.006906200251697775,14531.613179923082
TCGA-B1-A47O-01,0.3238347589264724,8.071819365511262,0.0,0.6761652410735276,0.32383475892647245,0.00413437393605585,13839.536065806737
TCGA-B1-A654-01,0.3662360583406079,9.319657594234783,0.00841527386951344,0.6337639416593921,0.35782078447109456,0.0072199771277748,12968.01995815316
TCGA-B1-A655-01,0.2689827027852212,6.668736886845421,0.0,0.7310172972147788,0.26898270278522124,0.0020714538771970667,16476.714795683605
TCGA-B1-A656-01,0.35071786808802297,9.203834980626867,0.0,0.649282131911977,0.350717868088023,0.0055966258720323335,24455.992806960017
TCGA-B1-A657-01,0.3523003718955289,7.594952441146055,0.0,0.6476996281044711,0.35230037189552876,0.002080590168346275,20567.785120594577
TCGA-B2-3923-01,0.7467457668142771,10.047532375686554,0.5158175072626229,0.25325423318572293,0.23092825955165414,0.004395975109293172,15800.762113279116
TCGA-B2-3924-01,0.49327658020431475,10.61178037410769,0.19151300592963133,0.5067234197956852,0.3017635742746834,0.0038147337065519336,27804.994232341374
TCGA-B2-4098-01,0.4205229912488143,8.313622611696994,0.0,0.5794770087511857,0.42052299124881437,0.0033242416158023144,22162.047843846864
TCGA-B2-4099-01,0.37890023598852696,11.181369886690854,0.15983041444818658,0.621099764011473,0.21906982154034035,0.00247632161053308,26829.375407176427
TCGA-B2-4101-01,0.5230441685678553,11.243376725522403,0.31280911904630526,0.4769558314321447,0.21023504952154998,0.00154104712624956,29635.79842040166
TCGA-B2-4102-01,0.45443757271325114,10.580968127108159,0.27621698123213767,0.5455624272867489,0.17822059148111344,0.0013103091799159887,28808.365719367303
TCGA-B2-5633-01,0.5738071863527512,10.253219674589342,0.3956315788322022,0.42619281364724876,0.17817560752054892,0.0012289923171283,28200.684869710567
TCGA-B2-5635-01,0.5325757588440303,10.295094889672455,0.2993330376579861,0.4674242411559697,0.23324272118604422,0.0021306810073066377,27072.831916159997
TCGA-B2-5636-01,0.7521704949937615,8.87595426388885,0.6892023668616901,0.24782950500623843,0.06296812813207141,0.00308460821020555,27546.423514148977
TCGA-B2-5639-01,0.3002626036530982,8.675970713480266,0.04949974155987071,0.6997373963469018,0.25076286209322746,0.0021014401042347398,26123.11249256001
TCGA-B2-5641-01,0.45003150903547995,10.674989743232933,0.15525065503577679,0.54996849096452,0.29478085399970316,0.0014417003668105999,29842.27865150199
TCGA-B2-A4SR-01,0.5271112916642646,10.274517908619133,0.47734731216433723,0.47288870833573543,0.0497639794999274,0.0023402547763515602,27983.607973693048
TCGA-B3-3925-01,0.3986242857567255,7.707879153602838,0.011108885045737536,0.6013757142432745,0.38751540071098806,0.0041586776579535,24136.346312793103
TCGA-B3-3926-01,0.40949541868687944,7.999081085108577,0.11197892048464629,0.5905045813131206,0.29751649820223314,0.007000784665033116,16658.842973066898
TCGA-B3-4103-01,0.26098379773328684,6.356620269538184,0.02383505965784335,0.7390162022667132,0.23714873807544334,0.00269506921611788,21233.774305707007
TCGA-B3-4104-01,0.7409506186552755,11.520036404520459,0.43415838686650626,0.25904938134472455,0.30679223178876913,0.0024300330258488997,16047.121233398102
TCGA-B3-8121-01,0.4719330464089365,9.17376892839629,0.006023057123607818,0.5280669535910635,0.4659099892853286,0.00179123158325574,28307.4056286382
TCGA-B3-A6W5-01,0.22678440776500852,6.801270927208306,0.007090133577211194,0.7732155922349915,0.21969427418779727,,18168.624060943843
TCGA-B4-5377-01,0.34323397376054454,9.321188507392431,0.20360889283285186,0.6567660262394555,0.13962508092769263,0.0033693270108725803,27399.382783138
TCGA-B4-5378-01,0.7464402262918066,9.055064436186669,0.6554409170143578,0.25355977370819344,0.09099930927744876,0.0012547067202198124,23745.36174715451
TCGA-B4-5832-01,0.42992667950949504,10.252565163303828,0.2739969347234028,0.570073320490505,0.15592974478609212,0.01937941334878365,26187.92324609849
TCGA-B4-5834-01,0.4815193187831984,9.898243969207396,0.47073442375038543,0.5184806812168016,0.010784895032813028,0.004197556356335399,26627.70440432989
TCGA-B4-5835-01,0.2789285662303995,7.859730904691901,0.0,0.7210714337696005,0.2789285662303995,0.004434592492625587,21800.562486720588
TCGA-B4-5836-01,0.4175595267181932,10.14639255000256,0.3596682203303043,0.5824404732818068,0.05789130638788889,0.0016987686137134798,28248.84829467824
TCGA-B4-5838-01,0.3210450439526358,9.018184398316103,0.24216221394980406,0.6789549560473642,0.07888283000283168,0.0015692314160316249,26778.8642820257
TCGA-B4-5843-01,0.3619924818398109,8.794487289413174,0.34658380881505585,0.6380075181601891,0.015408673024755046,0.0033375975952668717,25352.632863693856
TCGA-B4-5844-01,0.42929318963066687,9.361558340197401,0.4292931896306668,0.5707068103693331,0.0,0.00197923539547026,25667.1606600374
TCGA-B8-4143-01,0.7452619319389882,11.1198728819936,0.3058488207161558,0.25473806806101185,0.4394131112228324,0.002326824422347625,27898.58209872981
TCGA-B8-4146-01,0.3758098908583076,9.401815629410637,0.2515741496273295,0.6241901091416924,0.1242357412309782,0.010971817083168639,25817.093330819323
TCGA-B8-4148-01,0.4905484291321067,10.968811862505609,0.21928666394417315,0.5094515708678933,0.27126176518793343,0.0021548352571064,29194.50192841573
TCGA-B8-4151-01,0.26763236637582166,8.619104242751522,0.20134259011669758,0.7323676336241783,0.06628977625912397,0.0030633818665344336,20792.22525809533
TCGA-B8-4153-01,0.357237140520577,9.920955654663212,0.3467759393207896,0.642762859479423,0.010461201199787494,0.0023592461290098668,21736.808198264487
TCGA-B8-4154-01,0.27744450046044566,9.698791956700841,0.14050886131855228,0.7225554995395543,0.1369356391418934,0.00469104631447916,26215.97826328608
TCGA-B8-4619-01,0.6824877020457851,10.477506027167754,0.5215880835529209,0.3175122979542148,0.16089961849286433,0.0030120178093219286,16683.472482260117
TCGA-B8-4620-01,0.6552921327303323,11.102097574857718,0.35287173814435363,0.34470786726966773,0.3024203945859786,0.0017786158615944834,29269.93424672183
TCGA-B8-4621-01,0.2783438730193505,6.7105492463918575,0.0,0.7216561269806495,0.27834387301935043,0.002532121101651578,21331.356819528137
TCGA-B8-4622-01,0.4089383589524327,10.346044695654928,0.21576802798216074,0.5910616410475673,0.19317033097027198,0.0024183782599974503,28300.34118536008
TCGA-B8-5158-01,0.37954576898448145,9.87054396571381,0.11124941427635418,0.6204542310155186,0.2682963547081272,0.00253490306348719,27468.32335472577
TCGA-B8-5159-01,0.3187272590289161,8.868102819637661,0.209022294240696,0.6812727409710839,0.10970496478822006,0.0029974204245493004,26443.118255997357
TCGA-B8-5162-01,0.8405391357856393,11.432881561401185,0.3033657099409802,0.15946086421436073,0.537173425844659,0.00500426325182445,32249.28316403704
TCGA-B8-5163-01,0.7085953792459667,12.083367743143732,0.32801964492869196,0.2914046207540333,0.38057573431727476,0.0023367198890447334,33873.58222114657
TCGA-B8-5164-01,0.5189290590691267,10.471085356952969,0.07427463275746922,0.4810709409308734,0.4446544263116573,0.0020633206306395003,28936.4861211757
TCGA-B8-5165-01,0.3668478366342879,9.08067567769047,0.362713202892684,0.6331521633657121,0.004134633741603883,0.0018882846804837167,29819.85100051076
TCGA-B8-5545-01,0.5211021346879364,11.044056581320266,0.3911504788457514,0.4788978653120636,0.12995165584218504,0.002482448861361343,30992.6588554455
TCGA-B8-5546-01,0.20198899445889562,6.531777969492405,0.13925148006444285,0.7980110055411044,0.06273751439445271,0.0029182724650157503,16488.83035147681
TCGA-B8-5549-01,0.39720477975633484,9.505450484724975,0.3469134092090444,0.6027952202436652,0.0502913705472905,0.00248953636891215,26799.44222984239
TCGA-B8-5550-01,0.38879692894119566,10.341532443274028,0.24064021222500026,0.6112030710588043,0.14815671671619549,0.0013764163482881502,30301.09396682365
TCGA-B8-5551-01,0.7094143807125622,10.181221727722093,0.09160721037858605,0.29058561928743776,0.6178071703339763,0.002183162631848,30069.54670058689
TCGA-B8-5552-01,0.5838694641858391,11.131523882355385,0.491960542530092,0.41613053581416093,0.09190892165574706,0.00281140961785788,32166.096320883877
TCGA-B8-5553-01,0.46755043708251454,10.420950533884994,0.34072105417683485,0.5324495629174855,0.1268293829056797,0.004315640191854818,28984.098192312507
TCGA-B8-A54D-01,0.4679946939007551,9.68386945131891,0.05340122267895653,0.5320053060992449,0.41459347122179857,0.0020159328560862334,26707.942393768277
TCGA-B8-A54E-01,0.22841328580793163,7.503913849256432,0.022152084922988074,0.7715867141920684,0.20626120088494357,0.0032594533660866,17535.0224669932
TCGA-B8-A54F-01,0.5569820504038959,9.911894660402284,0.38174451802555864,0.4430179495961041,0.17523753237833717,0.0031857171247457,28636.46426626629
TCGA-B8-A54G-01,0.473449777225021,8.588871165330056,0.0,0.526550222774979,0.473449777225021,0.002198852968605718,25769.787172130626
TCGA-B8-A54H-01,0.38059069937717194,10.50430516894293,0.31251025462462606,0.6194093006228281,0.0680804447525459,0.0016334775729239,26719.901436215943
TCGA-B8-A54I-01,0.4783548512354807,11.03543420615199,0.08881555855594453,0.5216451487645193,0.38953929267953624,0.003535940526294286,26051.02386845404
TCGA-B8-A54J-01,0.4650046194723747,10.81871749574554,0.41640068434804695,0.5349953805276253,0.04860393512432771,0.00166397918478438,28144.99457567114
TCGA-B8-A54K-01,0.6603139512018958,9.479930433480002,0.5815890238821873,0.33968604879810416,0.07872492731970875,0.009041655068937251,16992.106128295574
TCGA-B8-A7U6-01,0.4641312990160402,10.873990206110964,0.3683420716696511,0.5358687009839598,0.09578922734638913,0.00228405495419265,27242.104656480275
TCGA-B8-A8YJ-01,0.8046369807197036,11.1997961109282,0.5275944008992964,0.1953630192802964,0.2770425798204072,0.0022567323659863,32962.5749507167
TCGA-BP-4158-01,0.414616078398077,9.79310917848577,0.3437390700698301,0.585383921601923,0.0708770083282469,0.0020472225621511,26118.168093689612
TCGA-BP-4159-01,0.4701790373529622,11.459860760685643,0.369144550193611,0.5298209626470378,0.10103448715935129,0.0037658294868643753,26177.94196319898
TCGA-BP-4160-01,0.4216265109971038,10.78793925567886,0.15125687739788113,0.5783734890028962,0.27036963359922267,0.00241040007983612,30760.492650069573
TCGA-BP-4161-01,0.4076432241297936,10.566115984566556,0.1261381924656887,0.5923567758702064,0.28150503166410484,0.0012448495085545998,28707.70629545777
TCGA-BP-4162-01,0.434181302140372,10.482978633533879,0.23944216670194648,0.565818697859628,0.19473913543842547,0.00114465857061375,29103.40404706994
TCGA-BP-4163-01,0.4081888691915453,10.342428319811852,0.20837427308669393,0.5918111308084547,0.19981459610485136,0.00230156146856552,28041.713553223846
TCGA-BP-4164-01,0.325085372315717,8.549605707063746,0.21002463090680934,0.674914627684283,0.11506074140890775,0.001296324299279911,22041.62149582024
TCGA-BP-4165-01,0.39737968303892757,11.115128922190781,0.28393389090383003,0.6026203169610724,0.11344579213509749,0.0028725473601895297,26343.568653992537
TCGA-BP-4166-01,0.4842664916568493,11.175963934481047,0.3373640607317483,0.5157335083431507,0.1469024309251011,0.00190039759479235,27807.676301944448
TCGA-BP-4167-01,0.5689379617143155,12.305682511246212,0.13940471472206106,0.4310620382856844,0.42953324699225454,0.00322327436771905,32631.94406539024
TCGA-BP-4169-01,0.6919155595734701,11.570367354209772,0.44605447195803966,0.3080844404265299,0.24586108761543038,0.00172924803787785,32441.581151758783
TCGA-BP-4170-01,0.41346291613832964,11.192730746669708,0.2707510492702131,0.5865370838616704,0.1427118668681166,0.0021744555216287836,29331.049151032727
TCGA-BP-4173-01,0.7048824434903779,10.629902031086797,0.14309605270287545,0.2951175565096221,0.5617863907875025,0.00197783453424176,34187.83967625691
TCGA-BP-4174-01,0.3542073213590322,9.504994685164606,0.10197918170699881,0.6457926786409678,0.25222813965203333,0.0033564716078633857,26032.55173655912
TCGA-BP-4176-01,0.49788151402551994,10.791050802222614,0.14780728873764123,0.50211848597448,0.35007422528787874,0.0012459693496558333,30581.11412759765
TCGA-BP-4177-01,0.5991401630744879,9.879522307695867,0.5411245541932543,0.400859836925512,0.058015608881233555,0.00199812508636305,22121.066247166465
TCGA-BP-4325-01,0.32056066737257083,9.275687147913834,0.15106671517536727,0.6794393326274292,0.16949395219720362,0.00227231145655765,26170.560936108293
TCGA-BP-4326-01,0.6427158530622653,11.021297628916926,0.46530006068475394,0.3572841469377347,0.17741579237751148,0.0045170202388946,25623.745992258184
TCGA-BP-4327-01,0.41523266300166495,10.540579115928884,0.31893225371412903,0.584767336998335,0.0963004092875359,0.0015408156785261,25135.17179855548
TCGA-BP-4329-01,0.473000607652304,11.391076346950838,0.35236968155937315,0.526999392347696,0.12063092609293098,0.0022375689063273627,28954.115215277605
TCGA-BP-4330-01,0.4992454025488863,11.137055385680728,0.23044494886626063,0.5007545974511137,0.26880045368262556,0.0015590889689346,30892.074131087236
TCGA-BP-4331-01,0.4275926373796721,10.388333871808925,0.2245061387834159,0.5724073626203279,0.2030864985962563,0.00285237010827,28979.17513617105
TCGA-BP-4332-01,0.45525666485340033,10.005945584134436,0.40020468003791104,0.5447433351465997,0.055051984815489285,0.00147240943138219,26613.10242061554
TCGA-BP-4334-01,0.6508143091396608,11.98152899647639,0.37580329737211177,0.3491856908603392,0.27501101176754905,0.007231394580432733,5725.702819947452
TCGA-BP-4335-01,0.47469600211298657,11.028245427849773,0.3099186786122826,0.5253039978870134,0.164777323500704,0.0023089175821836,28010.396655630386
TCGA-BP-4337-01,0.40218516517055747,10.34536529004451,0.20276864606203407,0.5978148348294425,0.19941651910852337,0.00273117518074585,28482.66500442529
TCGA-BP-4338-01,0.363076818493697,9.25277722366166,0.06714920179695506,0.636923181506303,0.295927616696742,0.00929202842305975,21803.76389606113
TCGA-BP-4340-01,0.2354485324826443,7.47454098182124,0.19890436124779284,0.7645514675173557,0.03654417123485142,0.0021440288604591,22203.38870979769
TCGA-BP-4341-01,0.344717861472675,9.200335971817747,0.344717861472675,0.655282138527325,0.0,0.00228954540089162,21856.37728001215
TCGA-BP-4342-01,0.5361390041871268,10.613092517845963,0.2812352459247049,0.46386099581287316,0.25490375826242195,0.0022833654764937666,28544.185420585985
TCGA-BP-4343-01,0.5134180836781249,11.425724718576047,0.1949889571220025,0.4865819163218751,0.3184291265561225,0.00318057166894015,32383.343958732883
TCGA-BP-4344-01,0.6007109476698892,10.430550814540084,0.5227634230789616,0.3992890523301108,0.07794752459092764,0.0026017368932831,28588.236813111813
TCGA-BP-4345-01,0.7762688720900786,11.829033625731011,0.4812846613443654,0.2237311279099215,0.294984210745713,0.0016855039609457501,32925.88324255262
TCGA-BP-4346-01,0.45507281070745875,10.150774567999882,0.05033506450308551,0.5449271892925412,0.40473774620437325,0.00220702038105575,30376.06030221461
TCGA-BP-4347-01,0.42709985577546217,9.52754016953027,0.41212948192266313,0.5729001442245378,0.014970373852799077,0.00253183177877824,27021.708966113067
TCGA-BP-4349-01,0.4212227516704785,9.956636477402439,0.3837259075907412,0.5787772483295215,0.03749684407973741,0.0023618191282456574,25861.048681064934
TCGA-BP-4351-01,0.3912556893924113,9.819413054835703,0.2951608349301973,0.6087443106075887,0.09609485446221404,0.002444679588185989,26399.148677265795
TCGA-BP-4352-01,0.6132490129753592,10.05653209218119,0.2568257825750668,0.3867509870246408,0.35642323040029233,0.003851283277983662,14740.327283318811
TCGA-BP-4353-01,0.6430842047311764,10.86851841493401,0.4412152760587877,0.35691579526882355,0.20186892867238873,0.00724450522130785,30077.65338046143
TCGA-BP-4355-01,0.5260370047940434,9.763396293877372,0.5260370047940434,0.47396299520595664,0.0,0.0046167669957285495,24891.18172134849
TCGA-BP-4756-01,0.22142387635904626,5.948407843210205,0.0,0.7785761236409537,0.2214238763590462,0.0030081028357998715,19977.83296444144
TCGA-BP-4758-01,0.5244747651655808,12.59954456096686,0.31846365463482235,0.47552523483441916,0.2060111105307585,0.00173447561189265,26990.733552182595
TCGA-BP-4759-01,0.46272589400687203,11.602812431656648,0.36213908379001775,0.537274105993128,0.10058681021685426,0.003423511189966333,23236.572432027035
TCGA-BP-4760-01,0.7021254586523825,9.579920027158915,0.5748331783490305,0.2978745413476175,0.1272922803033519,0.002669011378635233,24070.450637200334
TCGA-BP-4761-01,0.46301163766293174,9.987256465895584,0.05792144789211434,0.5369883623370683,0.4050901897708174,0.006640457607697023,19576.472275418007
TCGA-BP-4762-01,0.45118178827196986,11.31039872970944,0.30402233237531534,0.5488182117280301,0.14715945589665466,0.0026356580407613,31292.517082766382
TCGA-BP-4763-01,0.44621472585977784,10.016818884019292,0.39209085647550396,0.5537852741402222,0.054123869384273944,0.003943389371082875,27792.174366493266
TCGA-BP-4765-01,0.38786426352107717,8.834013250235994,0.38786426352107706,0.6121357364789228,0.0,0.0015579640019035002,25872.22159966342
TCGA-BP-4766-01,0.33780483552712826,9.044444631675894,0.2948180641692614,0.6621951644728717,0.042986771357866826,0.0021804666008107,25307.560577300545
TCGA-BP-4768-01,0.34309891993430675,9.128280849415514,0.21199816282841252,0.6569010800656933,0.13110075710589422,0.001858398517502043,21202.04122489928
TCGA-BP-4769-01,0.6201131607208157,10.106551010777366,0.5528094081314833,0.3798868392791843,0.06730375258933244,0.0017789635477375603,23378.34862323357
TCGA-BP-4770-01,0.8130195195525545,12.205992196281997,0.3775120037707427,0.18698048044744553,0.4355075157818118,0.00391969029257826,29818.613122232426
TCGA-BP-4771-01,0.6486500273819734,12.00977304951687,0.1740477434497955,0.3513499726180266,0.474602283932178,0.0017638608369228332,31820.93459427286
TCGA-BP-4774-01,0.35215754066101324,9.615731348638572,0.3309015163115942,0.6478424593389868,0.021256024349418957,0.0024400133536649497,26446.476178683435
TCGA-BP-4775-01,0.3689236507336332,9.775237147308228,0.25195128546498213,0.6310763492663668,0.11697236526865112,0.002207036311189057,26881.7682495951
TCGA-BP-4776-01,0.44519678736799484,11.087931453743563,0.36648628217246837,0.5548032126320052,0.07871050519552641,0.002745486043870425,25705.88704169345
TCGA-BP-4777-01,0.399212279060844,10.410167813651128,0.06806122187069034,0.600787720939156,0.3311510571901537,0.0015178357252383166,29766.85344743888
TCGA-BP-4781-01,0.4274516142411926,10.3678963208234,0.27628030922593655,0.5725483857588074,0.15117130501525614,0.0021349866383040665,26510.312280933795
TCGA-BP-4782-01,0.40374864493542695,10.220775908923525,0.2809684200231788,0.596251355064573,0.12278022491224812,0.0013581955499277626,28581.933593832444
TCGA-BP-4784-01,0.717043325379638,10.850631298333095,0.5724200922707117,0.28295667462036195,0.1446232331089264,0.003739854067865967,25940.767330765862
TCGA-BP-4787-01,0.4376955515584715,10.258144133241412,0.13667878803123126,0.5623044484415285,0.3010167635272402,0.0019117239573999,31794.4233678117
TCGA-BP-4789-01,0.4710597087304682,9.572411731107836,0.4710597087304682,0.5289402912695318,0.0,0.0023016341261139334,26641.62342071825
TCGA-BP-4790-01,0.5716872996502276,11.213200086836938,0.344222108579723,0.4283127003497725,0.2274651910705045,0.0022915965670254,32371.484515686927
TCGA-BP-4795-01,0.8248024391635074,10.787810044424592,0.5987842768840116,0.17519756083649257,0.22601816227949573,0.0037563329644863144,31227.85217120898
TCGA-BP-4797-01,0.34174084668897586,9.410441513415194,0.15895283293727208,0.6582591533110241,0.18278801375170384,0.0014777634409152331,29569.54347553845
TCGA-BP-4798-01,0.7224941895181325,9.685717346122413,0.13317698151872703,0.27750581048186745,0.5893172079994055,0.002407715611102625,31626.299577732527
TCGA-BP-4799-01,0.6608604531035651,12.25228933311774,0.32726332373717454,0.3391395468964349,0.3335971293663905,0.006810821378286375,25747.740133138774
TCGA-BP-4801-01,0.4673888807708131,11.254493586107744,0.30116493681665024,0.5326111192291869,0.16622394395416284,0.0016409603046429778,31476.57677711848
TCGA-BP-4803-01,0.47173646535908353,10.611977416765995,0.3684134354191721,0.5282635346409165,0.10332302993991146,0.0020036954262768,27277.665200010684
TCGA-BP-4804-01,0.5625950285959135,12.501149900258735,0.267163559428172,0.4374049714040865,0.2954314691677415,0.0018346163792449198,32428.273960266604
TCGA-BP-4807-01,0.33299776653793545,9.299500500544873,0.20037381187767636,0.6670022334620646,0.13262395466025897,0.00229849733882488,29006.789070293948
TCGA-BP-4959-01,0.31734543376223856,9.142573295535597,0.08456487923430506,0.6826545662377614,0.23278055452793342,0.0015783780934537444,27954.61031931075
TCGA-BP-4960-01,0.48086469884617666,11.741514912556774,0.2570769198126882,0.5191353011538233,0.22378777903348845,0.0025613870435576332,26573.202188867952
TCGA-BP-4961-01,0.49066810804881655,9.360377909338787,0.49066810804881655,0.5093318919511834,0.0,0.0038516017744161667,27422.93804164139
TCGA-BP-4962-01,0.3382078978193761,9.21546686924238,0.024127460567969505,0.6617921021806239,0.3140804372514065,0.00180481382028338,30877.874102101203
TCGA-BP-4963-01,0.38202117031677174,9.900863970339458,0.20291570431781708,0.6179788296832283,0.1791054659989547,0.0018105496316455,28232.489092948083
TCGA-BP-4964-01,0.41038526394025854,10.166706117887733,0.29115257712209497,0.5896147360597415,0.1192326868181636,0.0019032007732716,27394.826110509966
TCGA-BP-4965-01,0.4129782497927659,9.525893221386372,0.37412140967305146,0.5870217502072341,0.03885684011971442,0.0024633045637778455,27224.45066252794
TCGA-BP-4967-01,0.36678907769549174,8.886330933946354,0.21904258253167433,0.6332109223045083,0.14774649516381744,0.003317068639336583,24890.057670957816
TCGA-BP-4968-01,0.42204897113008577,11.149213052252392,0.2134623416119229,0.5779510288699142,0.20858662951816284,0.002281637672982975,27272.660330074978
TCGA-BP-4969-01,0.2688877289516143,7.546650655321519,0.2688877289516143,0.7311122710483857,0.0,0.0025276646107214857,19875.45900797397
TCGA-BP-4970-01,0.5992411016031648,11.06089018039865,0.42703219015556615,0.4007588983968352,0.17220891144759873,0.0007321592187499332,32076.42840237685
TCGA-BP-4971-01,0.6765942400191869,11.238968697980729,0.29858376844535345,0.32340575998081317,0.3780104715738334,0.0024262421991889,31313.525442283302
TCGA-BP-4972-01,0.429704464189143,10.716511363814822,0.2694951167289269,0.570295535810857,0.16020934746021612,0.0023340445986811398,31598.490001927705
TCGA-BP-4973-01,0.38577820543410557,9.553330421884123,0.20726306756707719,0.6142217945658944,0.17851513786702847,0.00148807536484302,27232.92016879441
TCGA-BP-4974-01,0.5139826734885639,10.255571278310162,0.49041280007313914,0.48601732651143614,0.02356987341542474,0.0018920075281849,27998.09612951974
TCGA-BP-4975-01,0.32941666664243163,9.192363250473234,0.2674086638636059,0.6705833333575684,0.06200800277882578,0.0028498024312763547,27309.3342526316
TCGA-BP-4976-01,0.2990102979410568,8.109790181919971,0.26468287894288733,0.7009897020589432,0.034327418998169455,0.00582813165181525,24853.992016175893
TCGA-BP-4977-01,0.3764231502402037,9.399901945388379,0.18583299466948153,0.6235768497597963,0.19059015557072215,0.002984549013927271,26978.055971194062
TCGA-BP-4981-01,0.35809583106382437,10.210294311310754,0.17591957997117802,0.6419041689361756,0.1821762510926463,0.0038303784897023,22165.71523610253
TCGA-BP-4982-01,0.4025346045893795,9.596840202158086,0.3245653332296178,0.5974653954106205,0.07796927135976162,0.0035197660295608504,30665.38233568363
TCGA-BP-4983-01,0.7731132887598035,9.266144796104415,0.12644308391738537,0.22688671124019658,0.646670204842418,0.0027649987750794,29668.55239507687
TCGA-BP-4985-01,0.6147600839131134,11.690583434705388,0.3148457901531871,0.38523991608688657,0.2999142937599263,0.006391546233118867,27915.816352346388
TCGA-BP-4986-01,0.6107739540706458,11.113529926398197,0.3722110792490042,0.38922604592935417,0.23856287482164143,0.0022865763906977665,31295.060424631367
TCGA-BP-4987-01,0.406549827542544,9.987138193120716,0.33719400424490675,0.593450172457456,0.06935582329763716,0.002021876097677914,27441.264331555238
TCGA-BP-4988-01,0.815410257038492,11.097318635342583,0.2884079932627461,0.18458974296150799,0.527002263775746,0.002887133808121775,30833.73378153813
TCGA-BP-4989-01,0.66060770943358,10.706999454487924,0.12825579847294982,0.33939229056641995,0.5323519109606303,0.003988296219792356,30610.037082428687
TCGA-BP-4991-01,0.5204229799507718,9.640389560727108,0.47943740297436704,0.47957702004922814,0.040985576976404814,0.00246741528657148,27906.75636391266
TCGA-BP-4992-01,0.6390072884695515,10.65506287275147,0.14918915716578818,0.3609927115304486,0.48981813130376317,0.006764639161395283,24999.00163081637
TCGA-BP-4993-01,0.5282078129499337,10.515285073481238,0.4698857623696885,0.47179218705006626,0.058322050580245303,0.0021052916811212198,29136.136679016214
TCGA-BP-4994-01,0.40791133903869103,9.5311602791262,0.33071689329321896,0.592088660961309,0.07719444574547193,0.002833426736280733,22514.22421403514
TCGA-BP-4995-01,0.40373770908269957,9.83360369676246,0.3282200431345131,0.5962622909173004,0.07551766594818651,0.0024036192867538,25107.28752319937
TCGA-BP-4998-01,0.5624662967085623,10.867740870503207,0.33398836529924714,0.43753370329143765,0.22847793140931527,0.0018199569476167819,32452.497957610023
TCGA-BP-4999-01,0.5072196947730014,9.66696489805234,0.46674415082739906,0.4927803052269985,0.04047554394560235,0.0024486277205707,27574.919614401268
TCGA-BP-5000-01,0.4377083136108232,11.575121757007855,0.23979307535631145,0.5622916863891768,0.19791523825451177,0.0024073106421785336,27796.916009438748
TCGA-BP-5001-01,0.30040495304276627,9.663563977917386,0.17345290511620343,0.6995950469572337,0.12695204792656273,0.0037098033854533574,24089.52747974846
TCGA-BP-5004-01,0.34904107419312114,8.533521236621437,0.22870703892703595,0.6509589258068789,0.12033403526608538,0.0045988674734895275,26532.177906729677
TCGA-BP-5006-01,0.32736592233682904,9.318053122826537,0.2767449434239964,0.672634077663171,0.050620978912832626,0.0025314661207818875,25567.045475715742
TCGA-BP-5007-01,0.46895134572839825,10.428610972580547,0.3673126493014494,0.5310486542716017,0.10163869642694878,0.0017187115192461428,26136.93546666816
TCGA-BP-5008-01,0.5720707321609074,10.89174699791775,0.35260818406939454,0.4279292678390926,0.21946254809151275,0.0038869995856030833,31359.497680413457
TCGA-BP-5009-01,0.5376610576737132,11.756105606090856,0.27565417356726923,0.4623389423262868,0.262006884106444,0.0021714070827560444,27333.622278161827
TCGA-BP-5010-01,0.5008918959956505,11.469363223949879,0.36344528773635293,0.49910810400434946,0.13744660825929764,0.0035464144083941,29047.432740432843
TCGA-BP-5168-01,0.3791362354697514,10.368574307635129,0.2966985238675833,0.6208637645302486,0.08243771160216812,0.0018372972869571571,23849.33285117076
TCGA-BP-5169-01,0.5928524623374516,11.320666671463691,0.08677964415241567,0.40714753766254846,0.5060728181850359,0.0048160110729999,24929.79427511689
TCGA-BP-5170-01,0.55400931333187,11.63920259696084,0.41537963670256056,0.44599068666812997,0.13862967662930942,0.0032637765971288,27107.236395206324
TCGA-BP-5173-01,0.472976615886217,11.781404697508567,0.2922242094691797,0.527023384113783,0.1807524064170373,0.0031063843832052334,27715.31564246989
TCGA-BP-5174-01,0.28120466704697633,8.996002316861473,0.18419521945884362,0.7187953329530237,0.09700944758813274,0.0023016923468185,22662.3889954368
TCGA-BP-5175-01,0.3503320215895268,9.710139947313456,0.0937185067193107,0.6496679784104732,0.25661351487021605,0.010572460752818534,22440.78032664168
TCGA-BP-5176-01,0.3136226955490955,9.712535485509644,0.283388597609784,0.6863773044509045,0.030234097939311467,0.002275963124268967,25945.12480459048
TCGA-BP-5177-01,0.4085130441988266,10.201137704086053,0.37980139732080764,0.5914869558011734,0.02871164687801892,0.0019984092337131712,26061.50670548356
TCGA-BP-5178-01,0.4132755711248143,11.054156666919004,0.11428652103563285,0.5867244288751857,0.29898905008918153,0.0034977239962708166,26075.63559203981
TCGA-BP-5180-01,0.3687094089331385,10.20054944000643,0.09320815875301591,0.6312905910668615,0.2755012501801226,0.0025457463171190253,22781.627264885945
TCGA-BP-5181-01,0.3155617727581035,9.389143412244264,0.25332671010528807,0.6844382272418965,0.06223506265281545,0.005108336057888384,27448.79831486997
TCGA-BP-5182-01,0.44828231671267604,10.69742456640293,0.14252314745367353,0.551717683287324,0.3057591692590026,0.0015752013307888332,33213.06033176349
TCGA-BP-5183-01,0.36760913976025833,10.470935274662972,0.17804977455111906,0.6323908602397417,0.18955936520913924,0.0019034505715331599,24858.3210330286
TCGA-BP-5184-01,0.34952227787685775,9.960970613057704,0.28562603085357663,0.6504777221231423,0.06389624702328102,0.00145109362697665,28668.588630437866
TCGA-BP-5185-01,0.3502461547906449,10.440862378650237,0.2101805856932432,0.6497538452093551,0.14006556909740162,0.011800799587420167,15377.340156777873
TCGA-BP-5186-01,0.3427659017237582,8.940827201739195,0.3311113029273732,0.6572340982762418,0.011654598796384976,0.0024906190310835124,27185.32944038655
TCGA-BP-5187-01,0.49783844895908436,9.922465896014417,0.3996937691229248,0.5021615510409156,0.09814467983615956,0.001700720994922275,27417.21819028629
TCGA-BP-5189-01,0.48607530604998506,10.673692932131825,0.3071343447951433,0.5139246939500149,0.17894096125484174,0.0016495506324662999,29812.480644784548
TCGA-BP-5190-01,0.24557412646408305,7.927348362909843,0.12112552448374368,0.754425873535917,0.12444860198033933,0.00309583285977831,21439.642711911147
TCGA-BP-5191-01,0.4837289196732769,11.07176614418021,0.052446413900185666,0.5162710803267231,0.43128250577309124,0.007219086230808566,24710.79297637356
TCGA-BP-5192-01,0.3048587916772634,8.113638359281165,0.3048587916772634,0.6951412083227366,0.0,0.00249295074426894,20772.61840444527
TCGA-BP-5194-01,0.42318066156681844,10.287995153781392,0.32218065696810033,0.5768193384331816,0.10100000459871808,0.00118997392016624,27583.27529278008
TCGA-BP-5195-01,0.5239486555650192,10.855766052215715,0.4180546685507581,0.4760513444349808,0.10589398701426098,0.002611868219020586,29557.299863371627
TCGA-BP-5196-01,0.6295623700002305,12.082452201813725,0.3278559162225584,0.3704376299997695,0.3017064537776721,0.00313208102346255,29103.436061163346
TCGA-BP-5198-01,0.5009160084295017,10.381525422252508,0.17255271371188982,0.4990839915704983,0.32836329471761183,0.002996817063383057,30734.88848958824
TCGA-BP-5199-01,0.7544882422676908,11.607453595204317,0.37170938230368455,0.24551175773230918,0.38277885996400624,0.0019184924870747624,32206.811133452557
TCGA-BP-5200-01,0.5088955393626928,10.828397182174642,0.34367418991072773,0.4911044606373071,0.1652213494519651,0.00277339016025455,30863.27567550834
TCGA-BP-5201-01,0.40480253096736185,10.905153450951506,0.15499273170155747,0.5951974690326381,0.24980979926580438,0.004875145761462916,26086.018829667624
TCGA-BP-5202-01,0.3219317067121814,8.36594331013513,0.2985263361855976,0.6780682932878186,0.023405370526583844,0.0034643902527392335,25544.144727566418
TCGA-BW-A5NO-01,0.3048239069814732,9.920659778748744,0.062325504617509936,0.6951760930185268,0.24249840236396328,0.00568552032423806,12950.124079939544
TCGA-BW-A5NP-01,0.3314493009150372,9.758889585643564,0.18064027175562708,0.6685506990849628,0.1508090291594102,0.004642949156681134,-1738.3830575204047
TCGA-BW-A5NQ-01,0.43580720108470217,11.355070309794014,0.0,0.5641927989152978,0.4358072010847021,0.0033351963748589498,19993.061001537943
TCGA-CJ-4634-01,0.38130593896570386,9.47638377954874,0.36078058801801344,0.6186940610342961,0.020525350947690462,0.0023302925229856334,27492.469095396416
TCGA-CJ-4635-01,0.5279790226091559,11.287001355112315,0.24871398761988503,0.4720209773908442,0.2792650349892708,0.003194357502307325,27807.43441768317
TCGA-CJ-4636-01,0.521973307579384,11.637443282206219,0.2521053813302441,0.478026692420616,0.2698679262491399,0.00127989416163905,30674.52413791162
TCGA-CJ-4637-01,0.6682237325200668,10.06954730030844,0.08131728304966217,0.3317762674799331,0.5869064494704047,0.0017387002280002666,31753.93621101835
TCGA-CJ-4638-01,0.22339006008153794,7.133587917512659,0.051102728281031067,0.7766099399184621,0.172287331800507,0.0041377982868787,18716.566612306116
TCGA-CJ-4639-01,0.44711466739238137,10.746294968402568,0.33766039449555385,0.5528853326076186,0.10945427289682737,0.0025186556828871998,28569.31648390922
TCGA-CJ-4640-01,0.39175144324002553,10.848969851326332,0.12391709794460791,0.6082485567599745,0.26783434529541755,0.0018407702828538667,30023.77721838164
TCGA-CJ-4641-01,0.39610870728751446,9.188315483951829,0.0,0.6038912927124855,0.3961087072875145,0.001267685729961575,32648.402866522105
TCGA-CJ-4642-01,0.5768811344395812,12.616807451016241,0.3252162353503857,0.42311886556041883,0.2516648990891954,0.008371803741153663,21980.69867606977
TCGA-CJ-4643-01,0.4656619831514669,10.725896921035762,0.37096728308594173,0.5343380168485331,0.09469470006552512,0.00195226710600485,29530.84199373282
TCGA-CJ-4644-01,0.3879633853176836,10.871686342448555,0.2016035343454907,0.6120366146823164,0.18635985097219282,0.0016406504582911201,28834.133507437167
TCGA-CJ-4868-01,0.6435020649431815,12.20706582067607,0.342132247442954,0.3564979350568185,0.30136981750022745,0.00128432605853958,32458.527278534704
TCGA-CJ-4869-01,0.46481509075105076,11.33167696711825,0.0978065076591514,0.5351849092489492,0.36700858309189943,0.004033563016032525,29683.70573262209
TCGA-CJ-4870-01,0.42723658072848403,10.759101949457495,0.3880025031703408,0.572763419271516,0.03923407755814326,0.00256341332933386,23758.56933924498
TCGA-CJ-4871-01,0.35271396885784523,9.59896818266587,0.2609049147769388,0.6472860311421548,0.09180905408090648,0.0030082816710052,27951.55830907276
TCGA-CJ-4872-01,0.5894473899497392,11.795396501031606,0.4376658947320656,0.41055261005026084,0.15178149521767353,0.00291111510813285,30850.270839342767
TCGA-CJ-4873-01,0.5655077958811667,11.417751330873223,0.13147549718303847,0.43449220411883327,0.43403229869812837,0.0035094765986934573,28867.342793663025
TCGA-CJ-4874-01,0.34652096357260764,10.220019137982835,0.2166695046584146,0.6534790364273924,0.1298514589141931,0.00156812651758328,28781.747779261463
TCGA-CJ-4875-01,0.432553632676443,11.800121273424287,0.242059214073962,0.567446367323557,0.19049441860248095,0.00379039852360106,24554.119560369043
TCGA-CJ-4876-01,0.30082994035830113,8.668471872506096,0.12423931116886242,0.6991700596416989,0.17659062918943866,0.0020291443954518333,22307.18195773948
TCGA-CJ-4878-01,0.3672784659919558,8.497010723074537,0.3538553409471003,0.6327215340080442,0.013423125044855565,0.003154397595269734,22881.68909238525
TCGA-CJ-4881-01,0.4933120436897651,11.54880488343284,0.17594441294260388,0.5066879563102349,0.31736763074716123,0.0019309213233971,30207.95074062139
TCGA-CJ-4882-01,0.7140569493201798,12.154218012074276,0.2968303683733322,0.2859430506798201,0.41722658094684767,0.0026315160266232817,32332.206780199995
TCGA-CJ-4884-01,0.3961767862041836,10.385115666276903,0.12862639671391132,0.6038232137958164,0.26755038949027227,0.002023128775638975,27585.324194758017
TCGA-CJ-4885-01,0.3606347241623403,9.89632945882547,0.22643298225334837,0.6393652758376597,0.13420174190899195,0.0023494631665723835,22551.63446074009
TCGA-CJ-4886-01,0.41655313331650345,10.67338946297959,0.30899278193045904,0.5834468666834965,0.10756035138604447,0.003110661048253275,30709.50842776074
TCGA-CJ-4887-01,0.37014007387290326,10.212497008998316,0.08982349849271962,0.6298599261270967,0.2803165753801837,0.00231623926068285,28492.930857043957
TCGA-CJ-4888-01,0.6683360760790968,10.891206791959325,0.13516856735652047,0.33166392392090316,0.5331675087225763,0.00270232910055598,31450.940602543727
TCGA-CJ-4889-01,0.625394841365374,12.52381947311833,0.27118584254596706,0.3746051586346259,0.35420899881940715,0.0035244448151531167,33087.94569761371
TCGA-CJ-4890-01,0.7333039192715909,11.127285644311302,0.2112788182228518,0.26669608072840906,0.5220251010487391,0.002389248369555475,34952.80220969287
TCGA-CJ-4891-01,0.5358769732993587,11.57590629550806,0.16363140430442533,0.46412302670064126,0.3722455689949334,0.003849894835592075,27032.78939955282
TCGA-CJ-4892-01,0.3883579150142882,10.572098407231868,0.1847049974981209,0.6116420849857118,0.20365291751616726,0.0026553342846618567,28782.676187970224
TCGA-CJ-4893-01,0.4481504680261347,11.653240761250997,0.2865289084773868,0.5518495319738653,0.1616215595487479,0.0013509010805920875,28625.828473012727
TCGA-CJ-4894-01,0.5052268100371008,11.507902442252803,0.26649489876040167,0.4947731899628992,0.23873191127669918,0.0022778071240486877,28510.12242520265
TCGA-CJ-4895-01,0.4267778393331775,10.803657236468386,0.2051573767234025,0.5732221606668225,0.22162046260977503,0.0023403754696320667,30978.857224066283
TCGA-CJ-4897-01,0.32553707089008677,9.000009808767402,0.27204481286237264,0.6744629291099132,0.05349225802771411,0.0019673709201944198,26691.832190542387
TCGA-CJ-4899-01,0.5329046961420103,10.131513921672353,0.46580994888757254,0.46709530385798964,0.06709474725443787,0.0023696176902388002,30204.19442032849
TCGA-CJ-4900-01,0.5049412700374172,11.361581112036808,0.1209090312121833,0.4950587299625828,0.38403223882523396,0.00250575820950946,28020.84392144502
TCGA-CJ-4901-01,0.7388012167197394,11.351250242601491,0.21665078328043513,0.2611987832802606,0.5221504334393043,0.00207412366419686,30902.788181013573
TCGA-CJ-4902-01,0.5775609637334854,11.503009859021184,0.36711033406525145,0.4224390362665146,0.21045062966823397,0.0030794468328582403,31713.77630940202
TCGA-CJ-4903-01,0.4082104656170331,10.301891410148546,0.2263578313485246,0.5917895343829669,0.18185263426850862,0.0018918383126381856,28304.478117652347
TCGA-CJ-4904-01,0.5217977675857891,10.786883811914917,0.4243218330723697,0.4782022324142109,0.09747593451341936,0.0016280354840163833,28362.067914567167
TCGA-CJ-4905-01,0.556383355040276,10.728658793175082,0.495985482524924,0.44361664495972397,0.06039787251535194,0.002119089772852675,28971.932836818454
TCGA-CJ-4907-01,0.462925645532399,10.159582298087027,0.38003746556525553,0.537074354467601,0.08288817996714345,0.00193035691387472,28624.366496080547
TCGA-CJ-4908-01,0.5616319567221757,10.351709601220794,0.48382682915300457,0.43836804327782425,0.07780512756917121,0.0018609175243264715,30189.809421025
TCGA-CJ-4912-01,0.48918442032262666,10.738414187394465,0.3151958458719804,0.5108155796773733,0.1739885744506464,0.0031737359457682667,21697.427306254365
TCGA-CJ-4916-01,0.4638775921810867,11.163934721232078,0.12543065832935046,0.5361224078189133,0.33844693385173624,0.003947038581894325,29772.05040193502
TCGA-CJ-4918-01,0.6959259286837616,11.198993116734643,0.5219304295411067,0.3040740713162384,0.17399549914265494,0.00168384775006635,32258.28268140545
TCGA-CJ-4920-01,0.46754372947240375,10.543568303231734,0.3663840247518545,0.5324562705275963,0.10115970472054917,0.0019294992375592,28360.15062608433
TCGA-CJ-4923-01,0.5771439488551702,12.30904184286021,0.23671910394086285,0.4228560511448299,0.34042484491430736,0.001963025442714057,31098.3729489916
TCGA-CJ-5671-01,0.7186489187204104,12.733702769956576,0.3954546238061058,0.2813510812795896,0.3231942949143046,0.0014230201542109,33583.96850371541
TCGA-CJ-5672-01,0.41626184881940065,11.128020218816683,0.13416136355924832,0.5837381511805994,0.2821004852601523,0.0016362499738386124,28799.83574203552
TCGA-CJ-5675-01,0.4083702895172098,10.525458878030753,0.051451993240535565,0.5916297104827902,0.3569182962766742,0.0014805604377363143,27316.75085093718
TCGA-CJ-5676-01,0.49506996984427387,11.86315027169424,0.2955006525082692,0.5049300301557261,0.19956931733600475,0.0031400737397024,29029.51907661177
TCGA-CJ-5677-01,0.3676505737438356,10.614677003047287,0.151678807665458,0.6323494262561644,0.21597176607837754,0.0029827995749412,29897.438934439488
TCGA-CJ-5678-01,0.37711526775203175,10.296497316105071,0.01665353224792474,0.6228847322479683,0.3604617355041071,0.00470177462467615,26722.860961295195
TCGA-CJ-5679-01,0.25183331441626333,8.329716490060694,0.18398259272957657,0.7481666855837367,0.06785072168668681,0.003658982497140443,20283.60668479935
TCGA-CJ-5680-01,0.3219155746568243,9.605609259710057,0.2227225155921269,0.6780844253431757,0.09919305906469743,0.0021871589420957857,24277.72054927133
TCGA-CJ-5681-01,0.3906690626335252,10.081681742609245,0.11408672203808179,0.6093309373664748,0.2765823405954435,0.0024211609756727,20018.280992898413
TCGA-CJ-5682-01,0.43189969149213214,10.428755985856416,0.34253104971776466,0.5681003085078679,0.08936864177436757,0.001487972665218643,28771.95146667942
TCGA-CJ-5683-01,0.30012942460413494,9.107743922176342,0.2792491829246461,0.6998705753958651,0.020880241679488848,0.0022638146776563857,25518.64372360828
TCGA-CJ-5684-01,0.3563106217275219,10.049713589115346,0.27551307070408526,0.6436893782724781,0.08079755102343679,0.002044030692078982,27786.852912744987
TCGA-CJ-5686-01,0.39712478769888904,10.315891768236304,0.2087355464655139,0.602875212301111,0.18838924123337508,0.0024485205184537,29049.1045875329
TCGA-CJ-5689-01,0.4824308907045012,11.371644348454204,0.30282202408891307,0.5175691092954988,0.17960886661558828,0.0045432068869127,31878.00505145021
TCGA-CJ-6027-01,0.529542423069137,9.847472544752756,0.03479826378068723,0.47045757693086304,0.49474415928844984,0.0019125174580144667,26639.706132235417
TCGA-CJ-6028-01,0.5273393240732404,11.348215424313933,0.16290549068185264,0.47266067592675964,0.3644338333913878,0.0028806109755643503,30352.41611567398
TCGA-CJ-6030-01,0.5457081935267085,11.54930502846044,0.18005485363544213,0.45429180647329154,0.36565333989126636,0.0032669520997692333,29576.04589362124
TCGA-CJ-6031-01,0.5296677376778383,12.017317947372536,0.270806998787041,0.4703322623221618,0.25886073889079725,0.0017744147539675334,32062.73348464232
TCGA-CJ-6032-01,0.2986953353957166,8.989533785851185,0.25965203737656634,0.7013046646042834,0.03904329801915025,0.0015174976908191333,25233.191838319817
TCGA-CJ-6033-01,0.4908866620430602,11.684573864932005,0.3477040059226589,0.5091133379569398,0.14318265612040135,0.0018288446783181667,26547.914612199173
TCGA-CW-5580-01,0.44792143135906526,9.54323121426923,0.36576113485292583,0.5520785686409347,0.0821602965061395,0.002058711363198733,27867.741855415952
TCGA-CW-5581-01,0.26365001314272796,8.50079532426592,0.2237654004576685,0.736349986857272,0.03988461268505946,0.0024834186192503444,24904.709454373013
TCGA-CW-5583-01,0.3870740386613437,8.456511409478795,0.38707403866134366,0.6129259613386563,0.0,0.0072073471469353,27300.750918477468
TCGA-CW-5584-01,0.3788370658001532,9.97652707844482,0.29687394626263053,0.6211629341998468,0.08196311953752262,0.0018746932903403902,27084.07597718826
TCGA-CW-5585-01,0.29752282193686364,8.453907981667335,0.2974667268136355,0.7024771780631364,5.6095123228180736e-05,0.002156651721661611,23245.411878928408
TCGA-CW-5587-01,0.38962779364077404,10.757052177724061,0.19650249573831,0.610372206359226,0.1931252979024641,0.00203605208452634,30273.885544550547
TCGA-CW-5588-01,0.4846622647577693,11.272409239803265,0.32081842946766903,0.5153377352422307,0.1638438352901003,0.0026301846425728502,30537.414890099288
TCGA-CW-5589-01,0.3525100853698172,9.797856425628137,0.31046997235995766,0.6474899146301828,0.042040113009859645,0.0019700178079468,27932.95456368274
TCGA-CW-5590-01,0.4686012469348855,10.952633999873763,0.3493784904743383,0.5313987530651145,0.11922275646054716,0.0015625841784617889,28468.74954515841
TCGA-CW-5591-01,0.22792456494119084,6.519472336369988,0.22792456494119098,0.7720754350588092,0.0,0.0011474958080092332,24994.54811471153
TCGA-CW-6087-01,0.8242363506462871,8.410198778195918,0.09297776402718323,0.17576364935371297,0.7312585866191038,0.0030328092044040835,30866.345471353765
TCGA-CW-6088-01,0.42082944133542677,8.889501485981684,0.4208294413354266,0.5791705586645732,0.0,0.0035214651386796998,26968.13871648137
TCGA-CW-6090-01,0.724585675249904,12.000906176300433,0.357252223976577,0.2754143247500959,0.367333451273327,0.0020568568363638,28606.228733605647
TCGA-CW-6093-01,0.4926625407758862,9.914191583537315,0.4850958800047074,0.5073374592241138,0.007566660771178849,0.0032976870209885834,26572.092366963225
TCGA-CW-6097-01,0.6546712356924431,11.838083631635394,0.2676359158103293,0.34532876430755693,0.3870353198821137,0.0024464332177681425,32577.74064813342
TCGA-CZ-4853-01,0.26702944002452367,8.334656721508894,0.15746649219372325,0.7329705599754763,0.1095629478308004,0.0029865337066893303,23198.3440473795
TCGA-CZ-4854-01,0.40388898807811047,9.853781500614357,0.18294265491955025,0.5961110119218895,0.2209463331585602,0.00150097954516765,26842.23084423944
TCGA-CZ-4856-01,0.38690184236549807,10.619067559380118,0.2925782661737734,0.6130981576345019,0.09432357619172473,0.0026694610825032557,27855.594285529354
TCGA-CZ-4857-01,0.5054567777591759,10.710997701978174,0.23022151296926605,0.4945432222408242,0.2752352647899097,0.0013639747754961,28960.98045975232
TCGA-CZ-4858-01,0.7769742084873235,10.82503231833592,0.1826087415748522,0.22302579151267649,0.5943654669124714,0.00243144853681425,27211.943823370904
TCGA-CZ-4859-01,0.2380079791368921,7.922217432939417,0.2203430537644125,0.7619920208631079,0.017664925372479594,0.00148331195039545,21474.950699815803
TCGA-CZ-4860-01,0.5797874918485215,10.817320019706584,0.12863402025201195,0.42021250815147854,0.45115347159650954,0.007258995359487643,25841.65881182573
TCGA-CZ-4861-01,0.5216813704722113,10.146217915406266,0.08180878630295882,0.4783186295277887,0.43987258416925235,0.0027701877731247664,27829.49568516097
TCGA-CZ-4862-01,0.5612290600484611,11.452604704722154,0.22241043593530752,0.4387709399515389,0.33881862411315367,0.0018342633462569377,30794.87934350846
TCGA-CZ-4863-01,0.42298473188267904,10.797278425721046,0.2088343893288872,0.577015268117321,0.21415034255379195,0.0016530229648897001,29254.311369139992
TCGA-CZ-4864-01,0.5175228516460519,10.7420605033876,0.21717047150739754,0.4824771483539481,0.30035238013865434,0.00261947158013245,28878.398327252355
TCGA-CZ-4865-01,0.40223292180806525,10.820629287630354,0.27814689886030336,0.5977670781919348,0.12408602294776185,0.0028022957048458,30179.383497939318
TCGA-CZ-4866-01,0.2677247828854795,7.654738313168511,0.10114258941136421,0.7322752171145205,0.1665821934741153,0.00387811170184072,23418.45161090606
TCGA-CZ-5451-01,0.35676359821367143,9.412019053353639,0.30920545201743865,0.6432364017863286,0.047558146196232866,0.001638744324196875,25545.272335078585
TCGA-CZ-5452-01,0.44793066547084226,10.446166628764937,0.016268643496962564,0.5520693345291577,0.4316620219738798,0.00289311835646725,25813.02754095685
TCGA-CZ-5453-01,0.3119717199491089,8.46956247023506,0.31197171994910894,0.6880282800508911,0.0,0.002386446789966775,20288.96015264103
TCGA-CZ-5454-01,0.5186262759301415,11.56812163899452,0.1844947646556413,0.48137372406985846,0.3341315112745003,,26647.158301755902
TCGA-CZ-5455-01,0.5232015112796238,11.227790995327666,0.31351523975097007,0.47679848872037617,0.20968627152865382,0.0030809971189113003,29730.677521890782
TCGA-CZ-5456-01,0.438371655393202,9.979586450605222,0.07174547495718013,0.561628344606798,0.3666261804360219,0.002159115305249825,27600.996872040712
TCGA-CZ-5457-01,0.4129857016360706,10.760710284802949,0.34479884180773096,0.5870142983639294,0.06818685982833968,0.0021916995992878,25309.132824998906
TCGA-CZ-5458-01,0.43678606737974257,10.572864001879417,0.310691745073146,0.5632139326202574,0.1260943223065966,0.001907876029138075,28152.85581416291
TCGA-CZ-5459-01,0.34403514905327004,9.477536107899752,0.2515517762802477,0.65596485094673,0.09248337277302232,0.0033947240708587997,24940.76443779047
TCGA-CZ-5460-01,0.41843378265101694,11.321646389449059,0.20252460944989337,0.5815662173489831,0.21590917320112352,0.0019643414437710335,25758.66761035448
TCGA-CZ-5461-01,0.4710505402269384,11.094273955381997,0.3145672120577526,0.5289494597730616,0.15648332816918567,0.00409692878531305,29328.81527873733
TCGA-CZ-5462-01,0.3091379450357947,8.834338302388854,0.05352815744683213,0.6908620549642053,0.25560978758896263,0.0022905510612186873,24904.062058261927
TCGA-CZ-5463-01,0.3566624402701434,8.932547556169514,0.23521026098252532,0.6433375597298566,0.12145217928761806,0.0025004215589640665,23816.770961055987
TCGA-CZ-5464-01,0.44012963517226855,11.494144964850307,0.20331164706031127,0.5598703648277314,0.23681798811195726,0.00172305454222565,30636.004069301947
TCGA-CZ-5465-01,0.3639438726839397,9.595567335439517,0.31297586803358485,0.6360561273160603,0.05096800465035489,0.0025716343629818834,21996.01208408202
TCGA-CZ-5466-01,0.38510173953023397,10.425971418498909,0.09490259673910537,0.614898260469766,0.2901991427911286,0.00221290745996875,28918.494200681867
TCGA-CZ-5467-01,0.45281920774017204,10.226342861241571,0.3952499037606757,0.547180792259828,0.057569303979496375,0.0038803802801310196,25328.37685225704
TCGA-CZ-5468-01,0.5142087594844791,12.052555069607784,0.21781136092498377,0.485791240515521,0.29639739855949526,0.00284167324667085,26182.96106162065
TCGA-CZ-5469-01,0.5190460082424202,11.472212822417674,0.2603126536070526,0.48095399175757975,0.25873335463536773,0.003537178205754425,20506.794715535805
TCGA-CZ-5470-01,0.3670671999435129,10.522980846765844,0.12981233119871227,0.6329328000564871,0.2372548687448006,0.0017000555880845667,27344.09088670539
TCGA-CZ-5982-01,0.3755360968144714,8.980658863491687,0.37546854985317085,0.6244639031855286,6.754696130054593e-05,0.0010571904989853333,24118.290364112465
TCGA-CZ-5984-01,0.37052656591991584,9.699513298316749,0.11826990213635394,0.6294734340800842,0.2522566637835619,0.0021864729211196,27405.757144847164
TCGA-CZ-5985-01,0.3664837421952667,8.99220854009733,0.08754097498940748,0.6335162578047333,0.27894276720585937,0.0022256065121776998,27936.77846928393
TCGA-CZ-5986-01,0.3825132176862409,9.541622550375907,0.3039770479293647,0.6174867823137591,0.07853616975687618,0.0017924062257314143,25783.94451565879
TCGA-CZ-5987-01,0.3604053401675039,9.117429260495681,0.08081739105850483,0.6395946598324961,0.27958794910899915,0.0025146820798364,24734.1276933446
TCGA-CZ-5988-01,0.5191808581311297,10.435021069503849,0.4045605644167971,0.48081914186887037,0.11462029371433263,0.00154292356187344,27266.321539580706
TCGA-CZ-5989-01,0.5059075946480727,11.17186994030277,0.34844720059637274,0.49409240535192733,0.15746039405169995,0.022458886040661402,25985.341620150637
TCGA-DV-5565-01,0.5652024027172693,11.40429260730041,0.4870063730573823,0.43479759728273076,0.07819602965988703,0.0033056196204168335,25837.561007869845
TCGA-DV-5566-01,0.2641177611277019,8.432975296400572,0.22903114695246318,0.7358822388722981,0.03508661417523872,0.0016496017511945429,24195.671984994795
TCGA-DV-5567-01,0.6708217545841493,9.197140173115603,0.5925299979633549,0.3291782454158508,0.07829175662079436,0.0010040553020172,18602.24072763396
TCGA-DV-5568-01,0.4635171585887037,11.27297049417852,0.2668662882258639,0.5364828414112963,0.19665087036283976,0.0034670675825737335,28539.0738370056
TCGA-DV-5569-01,0.4140879407821133,10.246150391535865,0.3214881597842858,0.5859120592178867,0.09259978099782748,0.001896200183393689,28050.14393115393
TCGA-DV-5573-01,0.44166636231351053,10.133118638246687,0.11560862788148517,0.5583336376864895,0.3260577344320253,0.001686546803032611,29916.419734707397
TCGA-DV-5574-01,0.6462951601138249,11.824318903109509,0.4413618038461319,0.353704839886175,0.2049333562676931,0.0020524130631324,32213.277980320447
TCGA-DV-5575-01,0.4533916676206433,10.32894158749205,0.36128234537024545,0.5466083323793567,0.0921093222503979,0.0023263158040362,28971.840351659725
TCGA-DV-5576-01,0.4666118930882135,8.507777647836171,0.46661189308821344,0.5333881069117865,0.0,0.0018404082602815428,17282.342341987394
TCGA-DV-A4VX-01,0.28034974348424735,7.797145739148173,0.0,0.7196502565157527,0.28034974348424735,0.004780017046067312,18159.304402641385
TCGA-DV-A4VZ-01,0.6220561854277673,10.19818580068218,0.4954066714055423,0.37794381457223264,0.1266495140222251,0.0031326192092443667,11224.432831893642
TCGA-DV-A4W0-01,0.353794513533904,8.574656040362434,0.3340177202390384,0.646205486466096,0.019776793294865605,0.0013010940156479999,23702.249434701906
TCGA-DX-A1KU-01,0.8857484256518106,10.661782837089566,0.4367001589383068,0.11425157434818943,0.44904826671350373,0.002150932092974575,32456.00172227717
TCGA-DX-A1KW-01,0.8743146886089017,10.781752721193163,0.6195425796585855,0.12568531139109831,0.25477210895031616,0.0039326653410442555,23089.705999969032
TCGA-DX-A1KX-01,0.8740761552719756,11.74086422413438,0.49365759827329775,0.12592384472802448,0.3804185569986777,0.0033329820763954,27838.079019315104
TCGA-DX-A1KY-01,0.7287245290014224,11.20514919140313,0.500187022885633,0.27127547099857763,0.22853750611578938,0.005050491543009328,14015.819892582804
TCGA-DX-A1KZ-01,0.8454617357426782,11.325447472953103,0.3252791679985968,0.15453826425732176,0.5201825677440814,0.00262296891205885,28563.40810511518
TCGA-DX-A1L0-01,0.8344791988826178,10.946711259099894,0.5581697403867716,0.16552080111738218,0.2763094584958461,0.004028718482356375,25486.547816408623
TCGA-DX-A1L1-01,0.9506695174296979,9.189194723839226,0.31196775748599354,0.04933048257030215,0.6387017599437043,0.002527188183161843,30555.538424088238
TCGA-DX-A1L2-01,0.9282411135705272,9.872141430387535,0.6224987764110743,0.07175888642947281,0.30574233715945287,0.0029470948131213874,28443.141827555584
TCGA-DX-A1L3-01,0.8717231595649265,11.753867997317556,0.4175315292612978,0.12827684043507348,0.45419163030362875,0.00298648577105745,30263.16793750272
TCGA-DX-A1L4-01,0.9218809207067211,11.670309893738201,0.4202924238366862,0.07811907929327885,0.5015884968700348,0.0020204299562062663,32827.617761405505
TCGA-DX-A23R-01,0.7563730895359381,12.06910321827166,0.4719341942298377,0.24362691046406193,0.2844388953061004,0.003964014178996784,22546.15293652479
TCGA-DX-A23T-01,0.8919936076932473,11.985363990531097,0.3489879494812934,0.10800639230675274,0.5430056582119538,0.003922371230321775,31783.81958865154
TCGA-DX-A23U-01,0.8501704132414561,11.228143016043,0.4937207024933111,0.14982958675854388,0.35644971074814497,0.002376411719201,24240.168017706805
TCGA-DX-A23V-01,0.891942480241576,11.01000618494432,0.3944802007691116,0.10805751975842408,0.4974622794724643,0.0026938389296085998,30857.91509342368
TCGA-DX-A23Y-01,0.964107230785062,9.098046141311931,0.33682986948126364,0.03589276921493797,0.6272773613037984,0.002441419577348017,32644.233920136423
TCGA-DX-A23Z-01,0.8494714242739065,11.824634278679861,0.4468265330556072,0.15052857572609346,0.40264489121829944,0.0031346399675493803,29312.47741973611
TCGA-DX-A240-01,0.7553288709949466,12.419885463760654,0.4854672584858215,0.24467112900505344,0.2698616125091251,0.0032872980988496127,19204.02386986113
TCGA-DX-A2IZ-01,0.713763144250068,11.546189627395488,0.4290739505882333,0.286236855749932,0.28468919366183465,0.004286921909470166,5326.223848191952
TCGA-DX-A2J0-01,0.8944756503504909,11.586706666030246,0.5457659432374095,0.10552434964950902,0.34870970711308147,0.005145739389302943,27778.97033152428
TCGA-DX-A2J1-01,0.9338719281785437,11.26830775705384,0.3744191263225592,0.06612807182145633,0.5594528018559846,0.005571028189985933,31208.90338503448
TCGA-DX-A2J4-01,0.927369102372832,12.152777901142759,0.348247880170274,0.07263089762716798,0.579121222202558,0.00362260719437718,33077.87548667697
TCGA-DX-A3LS-01,0.9729454905129532,9.918522947862261,0.5172258385396331,0.027054509487046824,0.45571965197332015,0.002464204694062133,30915.142063946565
TCGA-DX-A3LT-01,0.8518604020464147,11.11364284369666,0.2730842681419327,0.14813959795358528,0.578776133904482,0.0045178992168438,29811.463308038547
TCGA-DX-A3LU-01,0.8782972252982345,10.802068946154625,0.22382745880301508,0.12170277470176548,0.6544697664952195,0.008858086198474875,29174.407749121623
TCGA-DX-A3LW-01,0.7908985674699789,12.178994438614081,0.5499836417101903,0.2091014325300211,0.24091492575978868,0.0028184582546644335,23937.5743639605
TCGA-DX-A3LY-01,0.8863905004030055,11.391291206771255,0.3902976447758996,0.11360949959699454,0.4960928556271058,0.00291857499694642,28768.124003956727
TCGA-DX-A3M1-01,0.8428255671036218,11.676168407561232,0.5036646986776064,0.15717443289637828,0.3391608684260153,0.00290438854124724,28375.506719554447
TCGA-DX-A3M2-01,0.8681920802112914,11.117733450762838,0.2556180577490128,0.13180791978870862,0.6125740224622787,0.00950404909311535,29049.286000728865
TCGA-DX-A3U5-01,0.8962664608034927,11.190711362401508,0.42010520280202296,0.10373353919650728,0.47616125800146986,0.0028623795959941286,28792.75707027144
TCGA-DX-A3U6-01,0.9575999152799259,9.502087416915533,0.24286677393870082,0.04240008472007411,0.714733141341225,0.002733414911971375,34918.72142870208
TCGA-DX-A3U7-01,0.7470900337962274,11.674115767321764,0.4201311650852634,0.25290996620377265,0.3269588687109639,0.0033548483867114997,22487.328818453127
TCGA-DX-A3U8-01,0.8374258891011594,10.65379894098579,0.20448386672998337,0.16257411089884052,0.6329420223711761,0.0020049847134971334,29600.83547328148
TCGA-DX-A3U9-01,0.7095819406382482,11.973778099143276,0.4583243712159999,0.29041805936175175,0.2512575694222484,0.00289676693436715,18373.766814364128
TCGA-DX-A3UA-01,0.8449669739925021,10.670017019299358,0.46940958742573236,0.15503302600749794,0.3755573865667697,0.00272296944160034,23479.057846843963
TCGA-DX-A3UB-01,0.7325910308241941,11.828633784228538,0.5428984513513146,0.267408969175806,0.18969257947287937,0.004996509594696343,16938.752863074737
TCGA-DX-A3UC-01,0.7467885198507427,12.404827249998476,0.36495297071620636,0.25321148014925726,0.38183554913453643,0.0039507579278697195,21069.11515195859
TCGA-DX-A3UD-01,0.7140515302659902,12.674279048965495,0.31126351204149905,0.2859484697340097,0.40278801822449134,0.0044195032556027004,17862.348786455917
TCGA-DX-A3UE-01,0.6912338446194509,11.538949039334948,0.410376075141337,0.3087661553805491,0.28085776947811397,0.005441064441244399,13525.463581013855
TCGA-DX-A3UF-01,0.7712980819137951,12.748841331991844,0.46799621530841234,0.2287019180862049,0.3033018666053828,0.010617579653205776,25656.457281475523
TCGA-DX-A48J-01,0.7409500432341949,12.244536507650595,0.41251131119970846,0.2590499567658051,0.3284387320344865,0.003590325137406875,21919.73672798292
TCGA-DX-A48K-01,0.8084681669469769,11.94418854943698,0.430612404957997,0.1915318330530231,0.37785576198897985,0.005355846565974541,28279.05181324549
TCGA-DX-A48L-01,0.7075634522067411,11.44850422113196,0.48650474924867837,0.2924365477932589,0.2210587029580628,0.0032473046670838334,16026.923897580786
TCGA-DX-A48N-01,0.8618293849604876,10.251718361978464,0.5558762084777223,0.13817061503951242,0.3059531764827652,0.003186306181650675,23301.329828743168
TCGA-DX-A48O-01,0.7250924053391444,12.556952894126947,0.3722330036365578,0.27490759466085557,0.35285940170258656,0.003579855030788,19442.621350890047
TCGA-DX-A48P-01,0.7588655247238754,12.81927549562724,0.3841479081602319,0.24113447527612464,0.3747176165636434,0.0037055331551317833,26079.740510238684
TCGA-DX-A48R-01,0.629461205255746,11.730280678591054,0.32871410257334105,0.370538794744254,0.30074710268240495,0.003921389289506615,6179.232252735725
TCGA-DX-A48U-01,0.6532031192079012,12.124477950642364,0.34909037837359175,0.3467968807920988,0.30411274083430956,0.0029705759516711,14657.25071093181
TCGA-DX-A6B7-01,0.6822209507843415,11.790832479011568,0.42129062538564,0.3177790492156584,0.26093032539870176,0.0038446260686366,13825.517450016669
TCGA-DX-A6B8-01,0.720541108062664,12.505441012275366,0.37823974381442743,0.2794588919373359,0.34230136424823665,0.0034593404339507998,19766.31229219051
TCGA-DX-A6B9-01,0.7207001852278498,12.652911357677304,0.4990083807179183,0.2792998147721502,0.22169180450993156,0.0034951450310124997,21312.98784415642
TCGA-DX-A6BA-01,0.7020226629023372,12.587654681453357,0.34295053369503764,0.2979773370976628,0.3590721292072996,0.004444876893896586,22241.89454992141
TCGA-DX-A6BB-01,0.6595430391177571,12.42963250343875,0.38755373200646,0.34045696088224287,0.2719893071112972,0.005034169813554933,11882.74219171027
TCGA-DX-A6BE-01,0.9379296871372664,10.444435656210565,0.3349551757013428,0.0620703128627336,0.6029745114359236,0.0032919100282191665,34396.04155415815
TCGA-DX-A6BF-01,0.9091759869886954,11.291070878381364,0.3102470570691822,0.09082401301130458,0.5989289299195132,0.0073600367064413285,28996.94651513253
TCGA-DX-A6BG-01,0.9701186262392659,10.561149386075513,0.48106419305948983,0.02988137376073405,0.48905443317977615,0.0017542169650592,33586.89601470126
TCGA-DX-A6BH-01,0.869671940988092,11.179184957558327,0.5407457211601849,0.13032805901190803,0.3289262198279071,0.002614588365622056,28241.53485289585
TCGA-DX-A6YQ-01,0.8840953009166166,10.7398991819049,0.3548829992367199,0.11590469908338338,0.5292123016798967,0.00341178306918788,27441.904613423343
TCGA-DX-A6YR-01,0.9118834938633305,10.169694689697437,0.5524133018277352,0.0881165061366695,0.3594701920355954,0.002983568082251783,27479.841314108737
TCGA-DX-A6YS-01,0.8530455635207593,10.314036740454185,0.5784587753687765,0.14695443647924067,0.2745867881519828,0.004047649238927725,23650.59647355305
TCGA-DX-A6YT-01,0.8545725939870333,10.582772020922526,0.5662605540161901,0.14542740601296664,0.2883120399708433,0.00341663214322606,24984.677102578207
TCGA-DX-A6YU-01,0.9607543873359048,10.370415807325191,0.4492302287225295,0.03924561266409519,0.5115241586133753,0.0022257841314617336,32364.12838844666
TCGA-DX-A6YV-01,0.7740575830860237,11.665411293824626,0.43646649111030617,0.22594241691397635,0.3375910919757176,0.002871741068067343,18954.801266943105
TCGA-DX-A6YX-01,0.8182264414481698,10.713949560370482,0.357565781285388,0.1817735585518302,0.4606606601627818,0.00296832923104515,20631.09476886449
TCGA-DX-A6YZ-01,0.9119905067186768,10.744580470060123,0.5593074303577034,0.08800949328132321,0.35268307636097346,0.0023230138796345497,27719.39921793981
TCGA-DX-A6Z0-01,0.8532180697471357,11.63042374954852,0.42937499072788404,0.1467819302528644,0.4238430790192515,0.005816176513993867,28634.781747801768
TCGA-DX-A6Z2-01,0.8489183650238904,12.15885030077519,0.3842252562788484,0.15108163497610957,0.46469310874504194,0.0031609873464765667,29602.31523582111
TCGA-DX-A7EF-01,0.7366831484602594,11.959677961934071,0.4152952489434663,0.26331685153974066,0.3213878995167932,0.003300634878817114,19549.082439948947
TCGA-DX-A7EI-01,0.7143229133430726,11.642361261414482,0.37708699709513854,0.2856770866569273,0.3372359162479341,0.003055587165806875,18885.21329924425
TCGA-DX-A7EL-01,0.8570877020157239,11.349356694193684,0.30816798406421203,0.14291229798427607,0.548919717951512,0.0026004959175522,29263.15081604137
TCGA-DX-A7EM-01,0.8147744227055271,11.70886070387328,0.4832072201026843,0.18522557729447292,0.3315672026028427,0.004198740003353275,25887.648835563326
TCGA-DX-A7EN-01,0.6248028245720769,12.228395483178929,0.4204688466403045,0.375197175427923,0.20433397793177244,0.00363834023648198,9139.543455839204
TCGA-DX-A7EO-01,0.5878547810734834,11.944146984889631,0.32484273548277504,0.41214521892651657,0.26301204559070834,0.0039852527913714,-5485.53664834168
TCGA-DX-A7EQ-01,0.6402159789061506,12.821880649134208,0.35265746299191664,0.3597840210938495,0.2875585159142338,0.01727501428499682,199.45847328007585
TCGA-DX-A7ER-01,0.689703341021026,11.753858284564098,0.40096429632337544,0.31029665897897396,0.28873904469765055,0.006044954372749887,-2225.7691726456287
TCGA-DX-A7ES-01,0.9289967323337568,11.928537107573735,0.34065972275984774,0.07100326766624318,0.5883370095739092,0.0025150486673895,33828.18979381921
TCGA-DX-A7ET-01,0.8076073178562638,11.08979226553214,0.12237946645126227,0.19239268214373614,0.6852278514050016,0.011058561401166851,27454.66756532763
TCGA-DX-A7EU-01,0.8496236223095177,11.986446642032668,0.4639336219464978,0.15037637769048223,0.3856900003630199,0.00349513333316982,24724.655078818098
TCGA-DX-A8BG-01,0.9604723701424005,9.104312480778837,0.23994998384143326,0.039527629857599514,0.7205223863009672,0.00300806403081834,31436.25680503513
TCGA-DX-A8BH-01,0.8415920090050218,11.11252788430653,0.24766231562325483,0.15840799099497815,0.593929693381767,0.0042883428981679,25464.45097771592
TCGA-DX-A8BJ-01,0.7548302085808065,12.616691084605856,0.3742655540281157,0.2451697914191935,0.3805646545526908,0.0041243088258972,23157.22016583952
TCGA-DX-A8BK-01,0.846581551853683,12.48558501440952,0.3193431028480402,0.15341844814631697,0.5272384490056429,0.008976217796677599,27987.517250210003
TCGA-DX-A8BL-01,0.8867644513438685,11.186199769909159,0.26471056053668796,0.11323554865613154,0.6220538908071805,0.005766639306491571,28548.53933728912
TCGA-DX-A8BM-01,0.7889491079432038,12.02346722340164,0.3962888093976271,0.2110508920567961,0.3926602985455767,0.00291383705428164,23905.62429874191
TCGA-DX-A8BN-01,0.8335944100171809,12.010116875117639,0.416474939854531,0.16640558998281904,0.4171194701626501,0.0041870278237232,20643.434423311523
TCGA-DX-A8BO-01,0.827502085509903,11.449503281395966,0.25163421528322316,0.172497914490097,0.5758678702266797,0.005028198845563367,29150.326036637787
TCGA-DX-A8BP-01,0.8348320928314399,10.686794080102953,0.20483270419754102,0.16516790716856014,0.6299993886338988,0.0034443175413258003,29993.85826953356
TCGA-DX-A8BQ-01,0.9108534631147587,10.286366227244054,0.2100315433845959,0.08914653688524135,0.7008219197301627,0.003988710868446117,30892.97763994557
TCGA-DX-A8BR-01,0.8909821161200685,11.495812903863667,0.437406155168051,0.10901788387993153,0.4535759609520176,0.0023012731059021,28733.239313509315
TCGA-DX-A8BS-01,0.8231989218479591,12.237497513635505,0.3771590820572384,0.1768010781520409,0.44603983979072076,0.0028008478066134804,26880.93944028805
TCGA-DX-A8BT-01,0.8931847919756419,11.008639237368829,0.539152677989492,0.1068152080243581,0.3540321139861499,0.004422138419178686,28396.84589136989
TCGA-DX-A8BU-01,0.7300444939919949,11.79632508185805,0.35123668045001255,0.2699555060080051,0.37880781354198234,0.00453811090924468,22076.81921295873
TCGA-DX-A8BV-01,0.879076792598588,10.90879509780461,0.5731795537754472,0.12092320740141208,0.3058972388231408,0.0026713359735854284,28033.95902837676
TCGA-DX-A8BX-01,0.8465839600188818,11.586140992972409,0.365068349461509,0.15341603998111814,0.4815156105573728,0.0046246508448771,26340.05777508241
TCGA-DX-A8BZ-01,0.8269227070467665,11.376422958271808,0.2656329350054702,0.17307729295323349,0.5612897720412964,0.01166523421518245,21697.615833693308
TCGA-DX-AATS-01,0.8262193233997159,11.281108035857567,0.36070914962582884,0.17378067660028404,0.46551017377388726,0.003913433749358333,24540.264572167485
TCGA-DX-AB2E-01,0.8503348765436435,10.144904168631902,0.3135107344570418,0.1496651234563565,0.5368241420866018,0.002826612369886867,20300.033471837807
TCGA-DX-AB2F-01,0.8926780364346142,11.102255576934683,0.5491189486900708,0.10732196356538579,0.34355908774454336,0.00277005656941265,26091.52881085484
TCGA-DX-AB2G-01,0.9003752095888334,11.61484876703404,0.46172517507790356,0.09962479041116656,0.43865003451092993,0.0039989110821023,28381.770810497444
TCGA-DX-AB2H-01,0.7247169376130438,10.828923003295346,0.5194908373487206,0.27528306238695616,0.20522610026432322,0.0037737156401765,9693.92795421894
TCGA-DX-AB2J-01,0.6689582891293325,12.58273018600344,0.38213596781865505,0.33104171087066747,0.28682232131067753,0.003068509057770717,14531.225453680729
TCGA-DX-AB2L-01,0.8301996230117175,12.183405781709224,0.53418830852028,0.1698003769882826,0.2960113144914374,0.0022387589130196,29336.359933416534
TCGA-DX-AB2O-01,0.8107514569090997,11.76089832376856,0.34654113572756623,0.18924854309090028,0.4642103211815335,0.0034359091985873003,25668.4447808951
TCGA-DX-AB2P-01,0.8605266707523047,11.341445694534803,0.39822837750647344,0.13947332924769526,0.4622982932458313,0.0024667922489547333,27917.356585951333
TCGA-DX-AB2Q-01,0.8313830477890237,12.02368636721539,0.47735518336888044,0.16861695221097628,0.3540278644201432,0.003118053761218325,24098.943180331134
TCGA-DX-AB2S-01,0.979535687210633,8.972101167775438,0.19041640744176552,0.02046431278936702,0.7891192797688674,0.0030014640888759497,34049.75933427795
TCGA-DX-AB2T-01,0.9491950871266335,10.488438299792621,0.4294785864427425,0.050804912873366546,0.519716500683891,0.005989769438394833,31792.744406468664
TCGA-DX-AB2V-01,0.9054552414605099,10.972567552350238,0.533882929717399,0.09454475853949003,0.3715723117431109,0.003189779124282,25555.50261648236
TCGA-DX-AB2W-01,0.8211574605608951,11.7010613940774,0.24962943776535548,0.17884253943910483,0.5715280227955397,0.007279168641375999,25450.8876734765
TCGA-DX-AB2X-01,0.7666949570331307,12.01281749665341,0.3200411065053758,0.2333050429668692,0.4466538505277549,0.00454160224114895,19466.788434289632
TCGA-DX-AB2Z-01,0.9568585130662827,9.019968639044242,0.2124979230350105,0.04314148693371738,0.7443605900312721,0.00336053222279583,28813.99308556368
TCGA-DX-AB30-01,0.6870257925602271,12.397613674353078,0.42674437628821743,0.3129742074397729,0.26028141627200974,0.0025336714677785333,16346.303607635986
TCGA-DX-AB32-01,0.9148869165162254,10.568079483943142,0.2313077520384408,0.08511308348377451,0.6835791644777847,0.00286743027770618,32580.39070364309
TCGA-DX-AB35-01,0.8466971667955556,11.950423800625137,0.5293524725777182,0.15330283320444432,0.31734469421783745,0.00404145336921832,25812.71095714428
TCGA-DX-AB36-01,0.7363240904066337,11.779132475295766,0.414969905822963,0.26367590959336623,0.32135418458367077,0.00342245394991778,20231.97150925794
TCGA-DX-AB37-01,0.8789678580204223,11.460296110263199,0.2608900524636986,0.12103214197957766,0.6180778055567238,0.003588678146551975,29977.52752477532
TCGA-DX-AB3A-01,0.8275260241911557,11.714656467828943,0.5903349790708254,0.17247397580884433,0.23719104512033037,0.0036595847459965337,20363.2826490424
TCGA-DX-AB3B-01,0.6959888123314064,11.697493695227594,0.4587402055633991,0.3040111876685936,0.23724860676800733,0.00305248780740879,13119.969516819638
TCGA-DX-AB3C-01,0.6561126228678242,10.96167328395872,0.39505147521158523,0.34388737713217576,0.26106114765623906,0.004067098374374667,-5525.835277696093
TCGA-EU-5904-01,0.42717677956575617,9.808498364714373,0.4096931255789408,0.5728232204342438,0.017483653986815322,0.0031639949541623002,27893.4776293924
TCGA-EU-5905-01,0.49248072951439126,10.306448952260567,0.3575119043499929,0.5075192704856087,0.13496882516439843,0.0019379888970204,27202.36093807822
TCGA-EU-5906-01,0.35021544376794633,9.30963363905012,0.33543275449199417,0.6497845562320537,0.014782689275952322,0.0051062108236769,28600.92506546482
TCGA-EU-5907-01,0.2931498842337107,8.164672636393094,0.1549128210789053,0.7068501157662893,0.13823706315480525,0.0064352984910159405,21378.88707687068
TCGA-GK-A6C7-01,0.48161732248730027,10.488605316857372,0.44028656996247834,0.5183826775126997,0.04133075252482189,0.0020813979179195,26868.05198913164
TCGA-HE-7128-01,0.48095439792187045,7.776451984226599,0.0,0.5190456020781296,0.48095439792187045,0.00286026348023795,26394.47106250712
TCGA-HE-7129-01,0.24238176026549008,6.6139391193649635,0.12730122417131984,0.7576182397345099,0.11508053609417013,0.0025757126053107,7365.567840694985
TCGA-HE-7130-01,0.8031847267942036,11.418041241613135,0.4030247244994369,0.19681527320579642,0.4001600022947668,0.005212342143523017,14612.928977172782
TCGA-HE-A5NF-01,0.36279751356709045,8.098167581575796,0.0,0.6372024864329096,0.3627975135670905,0.00543060897444425,21910.118271475345
TCGA-HE-A5NH-01,0.2781388170914887,6.5758823629500975,0.010916301507628644,0.7218611829085113,0.26722251558385995,0.001627327160023625,14907.953076389458
TCGA-HE-A5NI-01,0.29448237403445143,8.037719766723141,0.025042188297793172,0.7055176259655486,0.26944018573665834,0.0055510348920346005,14069.60356950387
TCGA-HE-A5NJ-01,0.37576573261784796,8.468207121500923,0.24620640541632374,0.624234267382152,0.12955932720152433,0.0034215148988286335,11352.247321253932
TCGA-HE-A5NK-01,0.5576244090330718,9.971168026732709,0.05721952484419027,0.44237559096692824,0.5004048841888816,0.0022149602344350753,22644.464660251277
TCGA-HE-A5NL-01,0.35155530222924736,8.457594683293097,0.0,0.6484446977707526,0.3515553022292474,0.00303389279577485,19604.86166202561
TCGA-K6-A3WQ-01,0.5858964409035252,12.686162220434145,0.3107367049522634,0.4141035590964748,0.27515973595126175,0.005813689546142162,9956.52177681595
TCGA-KL-8323-01,0.6070397599734763,11.615683507768166,0.4230426288271582,0.39296024002652374,0.18399713114631805,0.0037291160801785498,7858.652464446368
TCGA-KL-8324-01,0.6304967303517715,12.321119824393579,0.4786224269222989,0.3695032696482286,0.1518743034294724,0.00577380187338475,4740.248553864072
TCGA-KL-8325-01,0.5244759127322017,10.469195643046566,0.36275936718172597,0.47552408726779827,0.16171654555047577,0.00397268909088896,4540.139127351416
TCGA-KL-8326-01,0.5387277613845795,10.535505873880538,0.429646902823095,0.46127223861542055,0.10908085856148439,0.0063899744454676425,-8198.560322617417
TCGA-KL-8327-01,0.654756398774713,11.213429591967474,0.4482656321218855,0.34524360122528697,0.20649076665282748,0.013744019234983378,-4143.146583517082
TCGA-KL-8328-01,0.5725902204252679,11.50274220958645,0.3863868869104747,0.42740977957473214,0.1862033335147931,0.006378142286400814,-6263.920201157478
TCGA-KL-8329-01,0.6860369629109998,11.960783945924529,0.3238515083963138,0.3139630370890002,0.3621854545146861,0.004140069808634638,19538.926858096456
TCGA-KL-8330-01,0.5720452204019564,11.424546779572276,0.4115024204368388,0.42795477959804357,0.16054279996511764,0.00429609135984565,-3503.330698324302
TCGA-KL-8331-01,0.5802573533262597,11.904783614388005,0.39487622141387785,0.4197426466737403,0.18538113191238192,0.004772426014126083,-2320.7265308075184
TCGA-KL-8332-01,0.6724907546102349,11.347900261595713,0.5209401766494035,0.3275092453897651,0.15155057796083135,0.00368152346561165,13514.610803349427
TCGA-KL-8333-01,0.7758431895317701,11.787495771229263,0.47002414506046686,0.22415681046822988,0.30581904447130326,,27197.057269937395
TCGA-KL-8334-01,0.6533205995867802,11.624351664849744,0.39934062885776955,0.34667940041321976,0.25397997072901074,0.0039572001514261625,16656.054189819144
TCGA-KL-8335-01,0.6011726685527996,11.469340979126317,0.3741523457644261,0.39882733144720045,0.2270203227883734,0.005334865450591425,6132.765574718542
TCGA-KL-8336-01,0.6917383041061844,12.269891536311397,0.4132489406047948,0.3082616958938156,0.2784893635013895,0.004066161189398244,16241.894977676522
TCGA-KL-8337-01,0.5992040951949701,11.357449367420818,0.4298498984212168,0.4007959048050299,0.1693541967737533,0.0049307501352162,-1142.7003786477107
TCGA-KL-8338-01,0.5608596168280234,12.24179388109597,0.32057424013646835,0.43914038317197657,0.240285376691555,0.0056682225022128664,5182.861180801108
TCGA-KL-8339-01,0.647895114996426,11.215013016854916,0.3978792769849647,0.35210488500357395,0.2500158380114612,0.0037395208312833777,6816.956550492687
TCGA-KL-8340-01,0.6346615136030673,11.660815183640976,0.4660726120307162,0.3653384863969327,0.16858890157235104,0.0045685537048884995,6041.347552438692
TCGA-KL-8341-01,0.5699171966632783,11.274526718763545,0.3940234268541535,0.4300828033367216,0.17589376980912502,0.00473228288550716,-619.7715055995141
TCGA-KL-8342-01,0.7261468693141089,11.79672984895988,0.45104231318921617,0.2738531306858912,0.2751045561248927,0.003939634165828899,16466.164373345782
TCGA-KL-8343-01,0.6218426409672237,9.682457935220677,0.5334384382280417,0.37815735903277625,0.08840420273918206,0.00414583176278775,8910.930814831278
TCGA-KL-8344-01,0.6507882847679698,10.350631637442122,0.5439641172767562,0.34921171523203015,0.10682416749121369,0.0022755844712119668,15883.771100357815
TCGA-KL-8345-01,0.625439662190028,10.996512739768386,0.4819404383588666,0.37456033780997194,0.1434992238311615,0.004602812414545934,7401.171069683271
TCGA-KL-8346-01,0.5608857249636878,11.146039505444913,0.4331253975653669,0.43911427503631223,0.12776032739832083,0.0062991205889357,-5802.579329578286
TCGA-MM-A563-01,0.5532803286039182,12.335290873040133,0.23510970610627013,0.4467196713960818,0.31817062249764805,0.0261207467237939,31754.832605633692
TCGA-MM-A564-01,0.5600215778918531,11.934270558766173,0.4584113036902571,0.43997842210814686,0.1016102742015961,0.0049516556372374,21595.313019655623
TCGA-MM-A84U-01,0.41596953458345975,11.047707344222127,0.25331641517856524,0.5840304654165402,0.16265311940489452,0.00299148483826134,27470.422056404568
TCGA-MW-A4EC-01,0.3662593472906529,9.800330534926003,0.3158798994592531,0.6337406527093471,0.05037944783139982,0.00128663293358165,24219.177443797333
TCGA-P4-A5E6-01,0.24972814436833846,6.95427952564448,0.0,0.7502718556316615,0.24972814436833848,0.006519954908626175,12343.332510655178
TCGA-P4-A5E7-01,0.4658607369596237,9.280705367688295,0.1302543325296825,0.5341392630403763,0.33560640442994116,0.0044972714505408665,21538.552032047854
TCGA-P4-A5E8-01,0.50021576577,10.248691452659434,0.22619412225745542,0.49978423422999996,0.2740216435125447,0.0031488190582605147,10118.815444773856
TCGA-P4-A5EA-01,0.7584256120478567,10.433292857183183,0.09552978274463166,0.24157438795214325,0.6628958293032251,0.0059389390217296,28297.338974822946
TCGA-P4-A5EB-01,0.1661447827640541,5.106347657398723,0.000372201560796035,0.8338552172359459,0.16577258120325794,0.00364514689748425,9247.921833380931
TCGA-P4-A5ED-01,0.7668522023255565,10.836462128361822,0.18452863889825585,0.23314779767444346,0.5823235634273007,0.00855486860006908,16790.488482271372
TCGA-P4-AAVK-01,0.19308914699154978,6.600308027912968,0.0,0.8069108530084502,0.1930891469915498,0.0027790071240334333,15985.92095817145
TCGA-P4-AAVL-01,0.35884131899628935,8.630259291123314,0.058140862311657035,0.6411586810037107,0.30070045668463247,0.0041407023741782,20021.382802837245
TCGA-P4-AAVM-01,0.14008561162773348,4.630693911085962,0.0,0.8599143883722665,0.14008561162773348,0.00243472366725096,4015.413907951032
TCGA-P4-AAVO-01,0.21096113693349028,6.213284090951935,0.0,0.7890388630665097,0.21096113693349025,0.00514078185710942,-1363.597623144935
TCGA-Q2-A5QZ-01,0.36792937311768226,9.994774609585468,0.009646890375725112,0.6320706268823177,0.3582824827419571,0.014159610745072382,12568.174602884244
TCGA-UZ-A9PJ-01,0.30671262804070876,6.97064183675026,0.07757122496697,0.6932873719592912,0.22914140307373876,0.0025407452702492146,9670.045440538514
TCGA-UZ-A9PK-01,0.2900010516885866,7.135614410591313,0.0016462376837355463,0.7099989483114134,0.28835481400485113,0.002312631282555225,15441.556871027606
TCGA-UZ-A9PL-01,0.24535739566100034,6.471429668013349,0.04029163081267447,0.7546426043389997,0.20506576484832603,0.004516900582799676,2475.173188759604
TCGA-UZ-A9PM-01,0.3345546523599694,8.051470818896268,0.0,0.6654453476400306,0.3345546523599694,0.0017965691287774,17099.31421286726
TCGA-UZ-A9PN-01,0.3942883394887404,8.977999116269741,0.09193408972052192,0.6057116605112596,0.3023542497682185,0.0022775238253243332,26457.7237968332
TCGA-UZ-A9PO-01,0.2507187342368956,6.118026196549592,0.0,0.7492812657631044,0.2507187342368956,0.002218771175461517,17125.999738281407
TCGA-UZ-A9PP-01,0.27128010166018623,6.847995726965261,0.0664270505186452,0.7287198983398138,0.20485305114154106,0.0024199564435361,17291.462801486443
TCGA-UZ-A9PQ-01,0.23137952976332743,6.311770130804764,0.18477329196301015,0.7686204702366726,0.046606237800317314,0.0031788673124116666,7344.193097664647
TCGA-UZ-A9PR-01,0.29480898422330626,6.784088134975306,0.04397352117034507,0.7051910157766937,0.2508354630529611,0.00210565653413045,13099.462711432734
TCGA-UZ-A9PS-01,0.27037256820253275,6.6221101257448405,0.05814397131696493,0.7296274317974673,0.21222859688556792,0.0022191306855604332,8367.420436844906
TCGA-UZ-A9PU-01,0.2774687041185018,6.405370273978821,0.0,0.7225312958814982,0.2774687041185019,0.00246500476019255,14460.950961534396
TCGA-UZ-A9PV-01,0.2487360789757589,7.023739774386395,0.13889195298441542,0.7512639210242411,0.1098441259913435,0.0028810017671133,2952.5388926489395
TCGA-UZ-A9PX-01,0.2523478323699,6.645579650277742,0.0006545039429236963,0.7476521676301,0.25169332842697634,0.002489372305720029,16927.74001494328
TCGA-UZ-A9PZ-01,0.3210926167483622,7.9096499085250205,0.07103882017245722,0.6789073832516378,0.2500537965759049,0.0031886176691732332,12428.79591156162
TCGA-UZ-A9Q0-01,0.27440484967320466,7.141123133427226,0.0,0.7255951503267953,0.27440484967320466,0.0074115542346594,5903.466409263143
TCGA-UZ-A9Q1-01,0.17672758555739565,5.658873654580478,0.03147041909183006,0.8232724144426043,0.14525716646556555,0.0019367720903445,8482.045119722177
TCGA-V5-A7RB-01,0.6025125648369662,12.867147192698777,0.2932155363628055,0.3974874351630338,0.30929702847416063,0.00391360091559966,15799.43886408503
TCGA-V5-A7RC-01,0.694479476565863,11.961317836773201,0.38536556137428085,0.30552052343413705,0.3091139151915822,0.0054507332834714,17833.059448111468
TCGA-V5-A7RE-01,0.5798808181513406,12.866460793019764,0.27215905052534634,0.4201191818486594,0.30772176762599435,0.003448647544160683,4843.15963567646
TCGA-V5-AASV-01,0.701652747520282,11.688858894409197,0.19236803537755315,0.29834725247971805,0.5092847121427289,0.003961507097150425,19836.928267999832
TCGA-V5-AASW-01,0.5852097826280758,12.368958679785306,0.22775922444758562,0.41479021737192423,0.3574505581804901,0.0038385942525255,11704.267178096678
TCGA-V5-AASX-01,0.6843875216680709,12.893401165486496,0.2779405873974499,0.31561247833192907,0.40644693427062095,0.00500111575842464,23352.42432181818
TCGA-XM-A8R8-01,1.0,6.720959377157306,0.1262817260799244,0.0,0.8737182739200756,0.0030560814227661,32494.386620270237
TCGA-XM-A8R9-01,0.9020281887173204,8.979210736903353,0.08329164201887305,0.09797181128267964,0.8187365466984473,0.002901584139347925,26355.965222383405
TCGA-XM-A8RB-01,0.8894767196613084,7.958309767968858,0.0438624809733667,0.11052328033869166,0.8456142386879416,0.003620269846400314,20317.772836705884
TCGA-XM-A8RC-01,0.8527386779922848,10.140462463880084,0.12385804320360125,0.14726132200771527,0.7288806347886835,0.00314196374818995,24672.368950044107
TCGA-XM-A8RD-01,0.8203251913677015,8.644366212328807,0.020225433299139298,0.17967480863229843,0.8000997580685623,0.0038652901121146717,16966.96795072936
TCGA-XM-A8RE-01,0.9181465777241575,8.372605164190047,0.09905885161500941,0.08185342227584251,0.819087726109148,0.0045727203837230505,19846.411553890808
TCGA-XM-A8RF-01,0.7954904646146974,11.250248980554858,0.20923040547502236,0.20450953538530256,0.586260059139675,0.002526360893497775,20538.83726591312
TCGA-XM-A8RG-01,0.8171635949081457,11.364675438007586,0.4167631646391341,0.18283640509185425,0.40040043026901173,0.003822126876171985,17846.644095079824
TCGA-XM-A8RH-01,0.9286670719580506,8.022601680160477,0.11749140700432913,0.07133292804194931,0.8111756649537216,0.00304821599804268,20589.675646240885
TCGA-XM-A8RI-01,0.8920241785816677,10.319135006279689,0.19397947121533146,0.10797582141833227,0.6980447073663363,0.002670702901314675,30322.04541239673
TCGA-XM-A8RL-01,0.9227271334974037,6.085602935984778,0.018350264733476576,0.07727286650259639,0.9043768687639271,0.003801486659681925,15843.568513283622
TCGA-XM-AAZ1-01,0.8011434161681489,9.957379682136333,0.05213516006445545,0.19885658383185112,0.7490082561036935,0.00788635709527203,16022.111112205508
TCGA-XM-AAZ2-01,0.7708531000738319,12.49902437813613,0.25686547818987254,0.22914689992616816,0.5139876218839592,0.00295067259174245,20867.348106831832
TCGA-XM-AAZ3-01,0.7548064454702772,12.438600615203033,0.31136568559763084,0.24519355452972283,0.4434407598726464,0.002782273206582325,17406.112384214142
