,Heart,Kidney,Liver,Lung,Marrow,Spleen
Heart,inf,19.427608370957337,26.373195950891773,33.92999861738821,22.67288729759864,18.76880520095824
Kidney,19.427608370957337,inf,27.54606206846053,18.72384923860289,15.453609204896532,13.763083304635629
Liver,26.373195950891773,27.54606206846053,inf,25.341584292250598,18.28163538890224,15.610756233220762
Lung,33.92999861738821,18.72384923860289,25.341584292250598,inf,21.97294645849765,19.6425723445615
Marrow,22.67288729759864,15.453609204896532,18.28163538890224,21.97294645849765,inf,26.1904723147607
Spleen,18.76880520095824,13.763083304635629,15.610756233220762,19.6425723445615,26.1904723147607,inf
