iteration,strong_count,moderate_count,weak_count
0,1396,5590,11825
1,1393,5594,11824
2,1375,5594,11823
3,1391,5609,11797
4,1390,5622,11792
5,1393,5592,11777
6,1396,5587,11809
7,1381,5591,11828
8,1394,5574,11819
9,1389,5603,11815
10,1387,5589,11799
11,1390,5602,11783
12,1388,5606,11803
13,1399,5591,11813
14,1381,5589,11840
15,1375,5596,11830
16,1394,5618,11785
17,1394,5615,11816
18,1389,5604,11783
19,1384,5572,11810
20,1390,5610,11814
21,1384,5588,11823
22,1390,5597,11782
23,1379,5600,11819
24,1378,5595,11804
25,1374,5599,11818
26,1383,5582,11797
27,1385,5565,11819
28,1390,5582,11788
29,1385,5600,11802
30,1403,5597,11774
31,1394,5613,11814
32,1379,5612,11830
33,1380,5574,11803
34,1387,5601,11820
35,1397,5605,11821
36,1382,5599,11811
37,1381,5602,11778
38,1393,5591,11828
39,1399,5604,11776
40,1390,5592,11821
41,1373,5608,11794
42,1376,5600,11788
43,1385,5579,11800
44,1385,5593,11830
45,1377,5596,11807
46,1394,5601,11822
47,1371,5614,11774
48,1384,5590,11814
49,1381,5580,11804
50,1389,5616,11786
51,1398,5586,11802
52,1378,5586,11835
53,1390,5596,11807
54,1388,5582,11790
55,1388,5594,11815
56,1390,5582,11772
57,1379,5607,11800
58,1372,5600,11798
59,1385,5593,11808
60,1384,5596,11793
61,1396,5612,11813
62,1380,5581,11789
63,1395,5582,11812
64,1386,5585,11799
65,1389,5587,11828
66,1386,5598,11818
67,1389,5581,11792
68,1391,5589,11818
69,1398,5581,11778
70,1385,5585,11833
71,1397,5575,11803
72,1381,5595,11800
73,1378,5586,11798
74,1385,5591,11793
75,1391,5571,11822
76,1393,5612,11787
77,1384,5591,11834
78,1382,5605,11807
79,1386,5562,11795
80,1379,5580,11816
81,1372,5588,11815
82,1389,5588,11819
83,1371,5595,11819
84,1400,5592,11790
85,1397,5577,11794
86,1387,5594,11788
87,1391,5598,11801
88,1391,5594,11800
89,1392,5598,11796
90,1399,5593,11803
91,1375,5590,11814
92,1385,5606,11780
93,1376,5597,11803
94,1385,5595,11819
95,1388,5605,11796
96,1390,5583,11806
97,1375,5585,11804
98,1403,5577,11810
99,1385,5590,11785
100,1390,5574,11839
101,1388,5604,11808
102,1390,5576,11807
103,1380,5594,11780
104,1384,5590,11802
105,1392,5605,11811
106,1378,5590,11802
107,1390,5588,11799
108,1384,5572,11801
109,1378,5605,11788
110,1394,5597,11794
111,1383,5595,11824
112,1378,5560,11800
113,1385,5576,11821
114,1380,5599,11795
115,1383,5579,11811
116,1371,5590,11823
117,1389,5569,11791
118,1382,5573,11812
119,1381,5577,11795
120,1404,5595,11803
121,1379,5597,11807
122,1382,5594,11823
123,1390,5605,11796
124,1384,5593,11819
125,1387,5577,11801
126,1380,5592,11813
127,1395,5591,11828
128,1377,5602,11788
129,1388,5619,11800
130,1384,5609,11812
131,1394,5582,11812
132,1383,5575,11811
133,1379,5599,11789
134,1388,5599,11783
135,1386,5585,11822
136,1381,5581,11794
137,1396,5583,11822
138,1387,5600,11806
139,1394,5602,11814
140,1390,5617,11803
141,1385,5592,11819
142,1397,5597,11821
143,1388,5600,11773
144,1385,5558,11801
145,1395,5579,11811
146,1382,5597,11818
147,1396,5592,11784
148,1386,5592,11769
149,1378,5574,11818
150,1389,5593,11789
151,1395,5599,11794
152,1379,5598,11800
153,1391,5605,11784
154,1395,5561,11813
155,1394,5618,11801
156,1382,5589,11801
157,1387,5575,11794
158,1388,5589,11806
159,1383,5588,11818
160,1389,5568,11783
161,1388,5575,11785
162,1400,5585,11818
163,1389,5590,11806
164,1382,5577,11791
165,1391,5614,11801
166,1389,5560,11796
167,1375,5569,11813
168,1386,5582,11787
169,1372,5583,11842
170,1392,5586,11806
171,1391,5590,11812
172,1394,5611,11783
173,1385,5602,11770
174,1387,5597,11805
175,1393,5602,11815
176,1377,5603,11807
177,1386,5588,11798
178,1378,5596,11812
179,1396,5591,11797
180,1380,5599,11805
181,1393,5567,11845
182,1395,5606,11788
183,1386,5600,11774
184,1393,5587,11780
185,1391,5580,11799
186,1382,5596,11816
187,1363,5587,11783
188,1376,5597,11792
189,1385,5590,11791
190,1394,5584,11812
191,1382,5590,11799
192,1380,5605,11800
193,1385,5556,11821
194,1388,5589,11796
195,1379,5614,11813
196,1383,5589,11792
197,1386,5614,11816
198,1404,5588,11812
199,1381,5599,11824
200,1372,5615,11796
201,1393,5580,11809
202,1378,5599,11804
203,1386,5570,11806
204,1387,5579,11786
205,1390,5598,11801
206,1392,5568,11807
207,1385,5596,11784
208,1373,5590,11814
209,1386,5605,11804
210,1393,5607,11797
211,1382,5600,11808
212,1386,5585,11811
213,1398,5601,11824
214,1388,5592,11813
215,1384,5591,11849
216,1388,5592,11782
217,1390,5585,11802
218,1386,5575,11794
219,1388,5589,11802
220,1393,5589,11819
221,1385,5605,11821
222,1390,5593,11811
223,1377,5604,11808
224,1389,5575,11811
225,1382,5590,11813
226,1390,5605,11788
227,1391,5576,11822
228,1389,5584,11813
229,1397,5578,11807
230,1394,5605,11792
231,1377,5583,11792
232,1384,5600,11823
233,1366,5598,11782
234,1394,5591,11825
235,1385,5598,11770
236,1397,5606,11795
237,1387,5611,11794
238,1397,5592,11762
239,1371,5593,11811
240,1386,5591,11817
241,1379,5593,11790
242,1389,5608,11778
243,1388,5573,11806
244,1395,5614,11804
245,1370,5573,11814
246,1396,5596,11805
247,1396,5591,11807
248,1374,5595,11805
249,1399,5592,11828
250,1376,5590,11817
251,1378,5636,11804
252,1383,5597,11782
253,1384,5599,11788
254,1378,5589,11838
255,1384,5599,11797
256,1380,5578,11833
257,1386,5574,11788
258,1386,5605,11830
259,1391,5612,11796
260,1370,5567,11816
261,1381,5603,11815
262,1398,5587,11811
263,1368,5565,11780
264,1385,5584,11802
265,1385,5584,11814
266,1381,5596,11808
267,1390,5563,11807
268,1381,5587,11811
269,1392,5599,11795
270,1370,5591,11796
271,1380,5570,11794
272,1370,5596,11795
273,1381,5583,11802
274,1379,5600,11792
275,1396,5590,11789
276,1389,5593,11803
277,1385,5590,11807
278,1389,5596,11798
279,1389,5613,11789
280,1385,5590,11792
281,1385,5604,11809
282,1382,5577,11785
283,1387,5582,11790
284,1379,5567,11810
285,1387,5597,11818
286,1376,5606,11774
287,1377,5596,11833
288,1390,5596,11781
289,1388,5606,11786
290,1382,5595,11796
291,1375,5584,11799
292,1392,5598,11803
293,1374,5591,11794
294,1389,5614,11783
295,1395,5601,11786
296,1377,5581,11796
297,1384,5569,11799
298,1387,5598,11807
299,1388,5591,11796
300,1384,5594,11824
301,1389,5603,11824
302,1387,5607,11788
303,1395,5610,11793
304,1386,5589,11778
305,1391,5606,11832
306,1373,5589,11783
307,1380,5595,11832
308,1392,5585,11823
309,1388,5594,11782
310,1394,5575,11798
311,1385,5604,11791
312,1405,5590,11803
313,1388,5607,11796
314,1384,5594,11793
315,1390,5586,11795
316,1377,5589,11802
317,1389,5608,11813
318,1374,5578,11840
319,1391,5602,11814
320,1389,5603,11766
321,1385,5598,11807
322,1387,5596,11798
323,1376,5585,11804
324,1374,5597,11803
325,1379,5592,11784
326,1395,5599,11809
327,1388,5587,11830
328,1396,5595,11788
329,1396,5582,11796
330,1392,5591,11803
331,1389,5596,11793
332,1381,5576,11811
333,1380,5600,11805
334,1383,5592,11816
335,1390,5585,11806
336,1388,5602,11787
337,1378,5597,11811
338,1388,5602,11792
339,1384,5613,11803
340,1389,5565,11795
341,1380,5591,11796
342,1382,5605,11806
343,1389,5597,11828
344,1396,5610,11782
345,1392,5596,11808
346,1371,5590,11823
347,1391,5584,11823
348,1397,5601,11814
349,1381,5579,11800
350,1392,5607,11795
351,1370,5614,11803
352,1384,5593,11795
353,1396,5592,11777
354,1397,5589,11803
355,1387,5589,11795
356,1381,5593,11829
357,1397,5596,11805
358,1376,5593,11806
359,1372,5580,11797
360,1386,5596,11805
361,1385,5591,11803
362,1383,5595,11836
363,1381,5592,11813
364,1393,5584,11818
365,1386,5593,11808
366,1389,5606,11806
367,1393,5596,11802
368,1379,5588,11788
369,1386,5572,11827
370,1379,5592,11790
371,1387,5579,11805
372,1391,5608,11805
373,1387,5609,11771
374,1378,5608,11796
375,1382,5607,11788
376,1378,5567,11795
377,1378,5600,11811
378,1394,5609,11797
379,1372,5587,11826
380,1388,5601,11789
381,1399,5612,11796
382,1376,5589,11816
383,1396,5581,11807
384,1372,5602,11775
385,1381,5605,11794
386,1382,5591,11787
387,1391,5581,11799
388,1386,5597,11784
389,1397,5582,11813
390,1392,5591,11822
391,1381,5566,11840
392,1397,5595,11815
393,1401,5594,11797
394,1377,5586,11804
395,1382,5587,11818
396,1368,5574,11794
397,1394,5590,11836
398,1392,5595,11796
399,1382,5602,11752
400,1386,5587,11807
401,1374,5600,11803
402,1385,5584,11823
403,1376,5585,11801
404,1391,5580,11812
405,1389,5591,11801
406,1390,5588,11814
407,1389,5614,11788
408,1386,5574,11789
409,1404,5605,11806
410,1390,5600,11809
411,1391,5575,11790
412,1379,5593,11821
413,1385,5588,11807
414,1372,5591,11803
415,1382,5593,11804
416,1389,5597,11790
417,1386,5567,11809
418,1373,5600,11818
419,1384,5595,11783
420,1376,5608,11783
421,1375,5602,11801
422,1383,5589,11807
423,1368,5567,11823
424,1382,5599,11824
425,1375,5566,11806
426,1401,5598,11804
427,1386,5620,11759
428,1392,5596,11798
429,1382,5589,11827
430,1387,5609,11804
431,1383,5591,11814
432,1392,5612,11808
433,1379,5594,11835
434,1377,5609,11789
435,1387,5578,11812
436,1391,5600,11785
437,1380,5599,11811
438,1375,5593,11847
439,1383,5586,11787
440,1386,5622,11815
441,1396,5592,11802
442,1390,5597,11816
443,1383,5591,11785
444,1372,5609,11774
445,1386,5578,11810
446,1399,5593,11769
447,1385,5574,11814
448,1383,5604,11814
449,1381,5594,11781
450,1390,5604,11791
451,1396,5578,11796
452,1381,5605,11808
453,1389,5586,11823
454,1389,5615,11792
455,1383,5604,11791
456,1375,5592,11818
457,1399,5594,11799
458,1394,5586,11779
459,1391,5612,11788
460,1396,5604,11795
461,1387,5594,11809
462,1382,5602,11829
463,1390,5584,11816
464,1379,5601,11797
465,1375,5587,11821
466,1390,5602,11786
467,1380,5590,11802
468,1388,5591,11807
469,1385,5592,11809
470,1401,5591,11783
471,1379,5604,11800
472,1392,5604,11767
473,1389,5590,11812
474,1379,5609,11805
475,1386,5601,11779
476,1386,5587,11830
477,1397,5609,11812
478,1381,5594,11786
479,1372,5585,11820
480,1376,5600,11800
481,1391,5569,11788
482,1388,5597,11794
483,1385,5591,11785
484,1392,5589,11812
485,1397,5587,11790
486,1384,5592,11810
487,1385,5597,11789
488,1387,5612,11774
489,1386,5598,11779
490,1383,5594,11809
491,1401,5602,11787
492,1397,5585,11798
493,1375,5606,11792
494,1368,5593,11824
495,1383,5598,11827
496,1379,5592,11779
497,1385,5586,11773
498,1388,5583,11795
499,1374,5571,11799
500,1378,5614,11806
501,1375,5579,11808
502,1394,5605,11822
503,1379,5616,11798
504,1386,5569,11828
505,1391,5602,11805
506,1385,5586,11793
507,1377,5594,11785
508,1385,5596,11797
509,1385,5612,11789
510,1384,5610,11821
511,1392,5594,11792
512,1379,5590,11783
513,1379,5583,11816
514,1383,5588,11794
515,1402,5581,11784
516,1380,5596,11793
517,1393,5592,11792
518,1382,5583,11821
519,1383,5580,11820
520,1393,5582,11817
521,1380,5582,11802
522,1389,5579,11832
523,1376,5613,11828
524,1379,5572,11798
525,1384,5578,11814
526,1382,5617,11789
527,1387,5583,11818
528,1387,5592,11803
529,1386,5584,11798
530,1380,5617,11802
531,1375,5609,11791
532,1394,5589,11818
533,1391,5565,11817
534,1392,5595,11783
535,1376,5582,11812
536,1390,5613,11788
537,1379,5593,11807
538,1396,5611,11779
539,1399,5590,11801
540,1387,5595,11798
541,1384,5581,11805
542,1375,5609,11822
543,1397,5567,11797
544,1388,5593,11832
545,1377,5608,11804
546,1375,5597,11814
547,1390,5605,11810
548,1378,5595,11823
549,1394,5596,11794
550,1392,5565,11804
551,1384,5598,11803
552,1392,5546,11797
553,1373,5589,11826
554,1385,5605,11797
555,1394,5582,11797
556,1395,5588,11803
557,1386,5583,11802
558,1390,5607,11815
559,1404,5599,11821
560,1377,5599,11799
561,1399,5567,11783
562,1399,5590,11799
563,1377,5601,11800
564,1391,5588,11806
565,1387,5605,11755
566,1386,5605,11819
567,1381,5601,11813
568,1377,5578,11798
569,1385,5607,11768
570,1383,5593,11812
571,1367,5596,11803
572,1374,5599,11786
573,1383,5594,11809
574,1403,5600,11771
575,1371,5598,11804
576,1382,5598,11791
577,1381,5582,11830
578,1381,5585,11799
579,1381,5584,11815
580,1380,5592,11826
581,1389,5603,11785
582,1389,5598,11807
583,1375,5609,11796
584,1398,5603,11838
585,1397,5589,11795
586,1378,5618,11804
587,1382,5592,11817
588,1382,5607,11793
589,1396,5587,11797
590,1398,5601,11817
591,1374,5592,11788
592,1389,5594,11818
593,1385,5588,11797
594,1385,5584,11791
595,1383,5576,11783
596,1393,5609,11792
597,1383,5600,11782
598,1379,5595,11792
599,1374,5612,11806
600,1383,5582,11808
601,1400,5602,11814
602,1391,5587,11785
603,1396,5577,11788
604,1381,5582,11805
605,1384,5590,11805
606,1379,5586,11793
607,1390,5613,11811
608,1390,5592,11783
609,1392,5582,11772
610,1382,5598,11826
611,1395,5599,11792
612,1399,5596,11790
613,1393,5572,11804
614,1393,5588,11808
615,1393,5591,11781
616,1386,5611,11794
617,1384,5601,11814
618,1387,5611,11801
619,1386,5596,11804
620,1375,5588,11785
621,1386,5598,11813
622,1386,5601,11805
623,1390,5583,11791
624,1388,5584,11777
625,1384,5594,11766
626,1381,5579,11807
627,1398,5571,11771
628,1380,5573,11796
629,1392,5598,11795
630,1392,5609,11773
631,1386,5591,11814
632,1393,5580,11809
633,1399,5589,11838
634,1380,5594,11805
635,1392,5588,11829
636,1381,5590,11816
637,1381,5591,11775
638,1403,5588,11813
639,1392,5597,11830
640,1399,5591,11799
641,1384,5597,11816
642,1384,5607,11793
643,1383,5602,11782
644,1389,5595,11817
645,1383,5602,11803
646,1386,5600,11820
647,1371,5606,11820
648,1383,5551,11807
649,1378,5582,11782
650,1386,5581,11802
651,1366,5608,11801
652,1370,5578,11825
653,1382,5609,11776
654,1381,5591,11833
655,1387,5578,11791
656,1387,5595,11808
657,1390,5579,11805
658,1394,5595,11812
659,1386,5567,11809
660,1383,5598,11798
661,1394,5587,11830
662,1388,5609,11780
663,1382,5589,11785
664,1397,5583,11827
665,1374,5613,11797
666,1388,5610,11801
667,1385,5596,11784
668,1376,5582,11804
669,1396,5591,11814
670,1391,5586,11802
671,1389,5592,11785
672,1384,5583,11828
673,1385,5590,11818
674,1374,5588,11789
675,1398,5591,11800
676,1381,5615,11818
677,1384,5580,11775
678,1392,5591,11786
679,1394,5610,11778
680,1394,5611,11776
681,1392,5597,11786
682,1383,5608,11784
683,1384,5611,11826
684,1383,5587,11806
685,1386,5620,11803
686,1382,5595,11805
687,1384,5590,11817
688,1378,5597,11782
689,1389,5593,11809
690,1385,5594,11820
691,1380,5597,11795
692,1377,5586,11825
693,1376,5595,11820
694,1381,5605,11805
695,1386,5602,11773
696,1381,5596,11804
697,1391,5588,11807
698,1391,5603,11777
699,1369,5590,11810
700,1395,5589,11801
701,1383,5595,11810
702,1390,5574,11811
703,1397,5586,11799
704,1379,5620,11808
705,1407,5580,11766
706,1378,5573,11781
707,1386,5597,11827
708,1372,5589,11812
709,1395,5604,11792
710,1367,5573,11839
711,1399,5600,11824
712,1384,5580,11792
713,1386,5601,11797
714,1400,5576,11799
715,1391,5591,11802
716,1382,5609,11793
717,1378,5580,11793
718,1377,5577,11807
719,1381,5583,11804
720,1389,5607,11794
721,1395,5593,11816
722,1383,5565,11819
723,1382,5606,11804
724,1371,5600,11807
725,1373,5595,11786
726,1382,5600,11801
727,1385,5609,11811
728,1384,5582,11812
729,1385,5582,11821
730,1393,5597,11809
731,1369,5580,11793
732,1396,5585,11801
733,1384,5589,11806
734,1388,5594,11790
735,1388,5603,11813
736,1403,5588,11792
737,1383,5602,11809
738,1389,5583,11814
739,1390,5612,11817
740,1384,5602,11800
741,1385,5604,11796
742,1391,5590,11809
743,1377,5589,11817
744,1381,5584,11810
745,1380,5588,11796
746,1390,5583,11808
747,1367,5589,11772
748,1391,5602,11793
749,1382,5588,11831
750,1383,5570,11776
751,1370,5586,11806
752,1394,5601,11809
753,1386,5582,11810
754,1394,5607,11785
755,1383,5594,11790
756,1379,5588,11808
757,1373,5598,11838
758,1378,5595,11822
759,1388,5604,11815
760,1380,5591,11789
761,1386,5594,11778
762,1386,5599,11804
763,1386,5605,11816
764,1371,5607,11802
765,1395,5612,11801
766,1398,5590,11817
767,1378,5586,11805
768,1389,5600,11795
769,1389,5577,11813
770,1388,5584,11798
771,1395,5568,11786
772,1382,5601,11820
773,1384,5596,11798
774,1395,5583,11818
775,1380,5593,11778
776,1378,5601,11807
777,1387,5595,11806
778,1394,5611,11809
779,1378,5596,11807
780,1387,5588,11812
781,1392,5593,11788
782,1400,5605,11775
783,1388,5615,11778
784,1388,5594,11807
785,1394,5592,11802
786,1389,5605,11762
787,1383,5588,11796
788,1380,5538,11818
789,1383,5596,11809
790,1389,5591,11786
791,1388,5593,11829
792,1386,5573,11791
793,1382,5587,11818
794,1399,5592,11787
795,1398,5609,11790
796,1389,5586,11791
797,1388,5608,11794
798,1381,5593,11801
799,1401,5588,11820
800,1382,5616,11780
801,1374,5599,11833
802,1378,5584,11832
803,1386,5592,11783
804,1380,5590,11822
805,1390,5604,11802
806,1380,5577,11813
807,1383,5575,11815
808,1375,5608,11820
809,1379,5569,11840
810,1387,5604,11778
811,1385,5587,11765
812,1411,5588,11778
813,1394,5579,11823
814,1386,5589,11782
815,1404,5601,11796
816,1381,5585,11795
817,1376,5579,11821
818,1390,5610,11779
819,1403,5558,11803
820,1376,5596,11817
821,1377,5588,11798
822,1391,5573,11797
823,1389,5586,11805
824,1378,5599,11812
825,1382,5601,11807
826,1388,5588,11813
827,1382,5590,11829
828,1383,5599,11814
829,1399,5613,11803
830,1381,5595,11797
831,1389,5600,11798
832,1379,5593,11792
833,1374,5596,11803
834,1391,5591,11824
835,1384,5602,11817
836,1383,5615,11781
837,1390,5584,11807
838,1378,5590,11805
839,1389,5595,11815
840,1386,5612,11788
841,1388,5593,11786
842,1385,5600,11804
843,1396,5588,11807
844,1393,5608,11779
845,1392,5610,11803
846,1368,5566,11807
847,1383,5600,11808
848,1393,5594,11840
849,1393,5601,11767
850,1374,5598,11808
851,1368,5605,11825
852,1391,5577,11776
853,1381,5605,11802
854,1390,5593,11815
855,1392,5589,11810
856,1378,5565,11792
857,1389,5606,11795
858,1377,5576,11788
859,1385,5607,11802
860,1395,5597,11816
861,1392,5592,11806
862,1387,5586,11781
863,1381,5606,11777
864,1399,5598,11800
865,1376,5599,11817
866,1393,5580,11819
867,1389,5574,11821
868,1383,5598,11835
869,1386,5612,11796
870,1402,5606,11807
871,1385,5596,11770
872,1385,5609,11813
873,1390,5599,11816
874,1387,5603,11803
875,1393,5590,11790
876,1387,5584,11824
877,1389,5598,11805
878,1378,5602,11790
879,1377,5582,11821
880,1384,5593,11810
881,1377,5604,11824
882,1372,5587,11806
883,1381,5602,11786
884,1390,5606,11788
885,1385,5572,11806
886,1376,5582,11798
887,1375,5570,11831
888,1379,5588,11788
889,1391,5569,11823
890,1389,5601,11788
891,1384,5586,11810
892,1384,5588,11807
893,1378,5602,11805
894,1382,5599,11812
895,1381,5608,11794
896,1382,5608,11820
897,1396,5575,11785
898,1382,5597,11806
899,1391,5583,11821
900,1384,5591,11802
901,1389,5585,11811
902,1390,5594,11774
903,1386,5597,11815
904,1383,5579,11794
905,1380,5600,11791
906,1394,5613,11778
907,1390,5607,11799
908,1405,5581,11804
909,1391,5599,11807
910,1400,5613,11822
911,1374,5610,11821
912,1380,5589,11814
913,1384,5602,11793
914,1383,5599,11807
915,1372,5587,11827
916,1387,5584,11779
917,1386,5586,11827
918,1379,5588,11814
919,1391,5591,11811
920,1390,5576,11767
921,1399,5612,11785
922,1384,5595,11799
923,1381,5574,11815
924,1375,5589,11801
925,1382,5579,11823
926,1388,5597,11805
927,1387,5585,11822
928,1396,5588,11798
929,1390,5600,11800
930,1371,5570,11799
931,1393,5588,11811
932,1386,5593,11784
933,1396,5608,11800
934,1404,5588,11802
935,1377,5618,11793
936,1387,5588,11819
937,1382,5580,11812
938,1382,5609,11794
939,1397,5578,11807
940,1386,5595,11777
941,1385,5592,11818
942,1385,5598,11802
943,1396,5594,11802
944,1384,5600,11834
945,1393,5569,11784
946,1368,5599,11801
947,1381,5592,11821
948,1387,5596,11793
949,1394,5586,11774
950,1393,5594,11796
951,1394,5583,11807
952,1381,5598,11816
953,1396,5597,11818
954,1378,5595,11819
955,1387,5612,11796
956,1391,5603,11816
957,1394,5610,11787
958,1409,5591,11797
959,1367,5600,11792
960,1385,5595,11788
961,1380,5584,11832
962,1384,5596,11817
963,1385,5590,11802
964,1383,5607,11811
965,1395,5606,11820
966,1393,5602,11829
967,1397,5585,11779
968,1384,5597,11783
969,1383,5594,11787
970,1397,5597,11777
971,1375,5613,11785
972,1382,5601,11814
973,1370,5599,11805
974,1378,5579,11811
975,1401,5588,11818
976,1392,5589,11813
977,1375,5597,11819
978,1381,5592,11774
979,1375,5603,11835
980,1384,5590,11803
981,1390,5620,11792
982,1388,5603,11793
983,1376,5597,11795
984,1370,5578,11812
985,1393,5599,11789
986,1388,5589,11816
987,1394,5590,11806
988,1380,5577,11801
989,1383,5591,11778
990,1375,5598,11821
991,1399,5591,11792
992,1385,5605,11827
993,1385,5584,11795
994,1377,5584,11786
995,1379,5586,11828
996,1396,5603,11803
997,1379,5592,11823
998,1376,5593,11817
999,1382,5603,11798
1000,1383,5603,11805
1001,1386,5592,11782
1002,1377,5590,11787
1003,1383,5596,11773
1004,1375,5579,11812
1005,1378,5587,11812
1006,1386,5596,11800
1007,1383,5583,11805
1008,1382,5602,11804
1009,1385,5580,11778
1010,1386,5598,11831
1011,1379,5592,11814
1012,1396,5593,11820
1013,1386,5591,11808
1014,1393,5598,11797
1015,1388,5573,11824
1016,1360,5606,11843
1017,1396,5573,11807
1018,1385,5612,11777
1019,1376,5579,11825
1020,1384,5582,11821
1021,1373,5597,11815
1022,1384,5594,11796
1023,1388,5569,11798
1024,1381,5600,11811
1025,1389,5585,11807
1026,1378,5590,11823
1027,1385,5613,11794
1028,1395,5604,11768
1029,1386,5613,11801
1030,1376,5597,11791
1031,1398,5563,11826
1032,1389,5611,11813
1033,1388,5607,11796
1034,1395,5598,11799
1035,1377,5581,11791
1036,1379,5618,11792
1037,1398,5577,11809
1038,1382,5612,11791
1039,1397,5598,11794
1040,1392,5598,11787
1041,1379,5583,11787
1042,1393,5588,11807
1043,1388,5593,11837
1044,1374,5622,11818
1045,1376,5592,11815
1046,1399,5609,11802
1047,1394,5581,11793
1048,1388,5611,11798
1049,1392,5607,11783
1050,1378,5584,11802
1051,1391,5610,11750
1052,1383,5585,11809
1053,1390,5586,11815
1054,1384,5592,11808
1055,1387,5583,11811
1056,1383,5605,11834
1057,1383,5600,11788
1058,1380,5585,11817
1059,1394,5625,11796
1060,1389,5593,11791
1061,1376,5572,11832
1062,1389,5590,11796
1063,1378,5611,11824
1064,1395,5625,11794
1065,1376,5591,11808
1066,1383,5594,11779
1067,1391,5598,11802
1068,1380,5591,11815
1069,1391,5585,11788
1070,1374,5581,11830
1071,1384,5603,11805
1072,1396,5609,11826
1073,1384,5584,11823
1074,1398,5596,11779
1075,1376,5592,11813
1076,1391,5600,11795
1077,1375,5584,11784
1078,1391,5576,11794
1079,1395,5597,11812
1080,1388,5592,11808
1081,1389,5596,11864
1082,1386,5595,11796
1083,1377,5575,11824
1084,1384,5606,11811
1085,1398,5589,11810
1086,1387,5590,11815
1087,1391,5608,11788
1088,1389,5589,11814
1089,1388,5593,11801
1090,1388,5595,11805
1091,1384,5568,11812
1092,1379,5599,11796
1093,1390,5549,11798
1094,1393,5612,11778
1095,1391,5602,11786
1096,1379,5582,11817
1097,1394,5601,11803
1098,1388,5614,11777
1099,1389,5590,11824
1100,1376,5587,11782
1101,1381,5603,11814
1102,1380,5579,11760
1103,1373,5587,11809
1104,1377,5584,11795
1105,1390,5590,11831
1106,1392,5592,11800
1107,1386,5585,11810
1108,1388,5606,11792
1109,1387,5594,11805
1110,1381,5583,11807
1111,1388,5595,11791
1112,1394,5582,11795
1113,1373,5600,11796
1114,1388,5598,11797
1115,1379,5597,11842
1116,1390,5577,11794
1117,1394,5601,11795
1118,1388,5578,11801
1119,1372,5576,11798
1120,1385,5595,11793
1121,1392,5615,11778
1122,1380,5582,11791
1123,1381,5605,11813
1124,1380,5584,11823
1125,1372,5580,11791
1126,1384,5591,11812
1127,1380,5602,11815
1128,1391,5589,11809
1129,1389,5607,11815
1130,1393,5607,11796
1131,1390,5607,11804
1132,1380,5604,11811
1133,1392,5586,11814
1134,1388,5604,11806
1135,1395,5563,11811
1136,1373,5589,11813
1137,1382,5596,11782
1138,1402,5580,11787
1139,1389,5584,11811
1140,1380,5578,11820
1141,1381,5594,11787
1142,1393,5590,11808
1143,1388,5556,11866
1144,1394,5602,11760
1145,1376,5610,11807
1146,1390,5582,11809
1147,1379,5576,11815
1148,1380,5585,11828
1149,1389,5598,11790
1150,1376,5580,11799
1151,1380,5602,11820
1152,1376,5590,11795
1153,1379,5585,11808
1154,1385,5590,11790
1155,1392,5593,11807
1156,1386,5601,11800
1157,1396,5592,11806
1158,1399,5600,11768
1159,1394,5583,11801
1160,1391,5594,11816
1161,1387,5598,11840
1162,1380,5591,11782
1163,1382,5586,11807
1164,1385,5590,11841
1165,1403,5576,11813
1166,1379,5594,11780
1167,1384,5596,11780
1168,1385,5605,11793
1169,1386,5595,11807
1170,1378,5590,11778
1171,1383,5592,11793
1172,1389,5587,11798
1173,1408,5585,11802
1174,1375,5566,11793
1175,1384,5584,11801
1176,1383,5609,11808
1177,1382,5581,11803
1178,1378,5576,11813
1179,1388,5591,11770
1180,1392,5596,11805
1181,1376,5596,11795
1182,1370,5599,11820
1183,1391,5607,11816
1184,1391,5591,11789
1185,1379,5576,11823
1186,1383,5578,11816
1187,1388,5588,11781
1188,1398,5586,11771
1189,1386,5605,11802
1190,1386,5600,11812
1191,1385,5597,11811
1192,1379,5589,11803
1193,1392,5580,11796
1194,1373,5564,11808
1195,1384,5570,11823
1196,1392,5611,11775
1197,1388,5596,11809
1198,1386,5597,11815
1199,1390,5604,11829
1200,1382,5575,11815
1201,1394,5575,11800
1202,1374,5580,11813
1203,1378,5581,11778
1204,1383,5590,11788
1205,1374,5584,11819
1206,1392,5584,11805
1207,1388,5614,11794
1208,1381,5595,11817
1209,1380,5584,11819
1210,1385,5609,11789
1211,1379,5572,11811
1212,1389,5571,11776
1213,1394,5597,11774
1214,1379,5611,11778
1215,1389,5588,11784
1216,1391,5597,11800
1217,1392,5591,11826
1218,1388,5596,11795
1219,1384,5607,11770
1220,1379,5597,11822
1221,1372,5606,11773
1222,1390,5588,11809
1223,1383,5605,11804
1224,1396,5580,11831
1225,1389,5592,11769
1226,1384,5593,11814
1227,1401,5590,11807
1228,1390,5604,11774
1229,1382,5599,11828
1230,1395,5585,11809
1231,1384,5606,11789
1232,1384,5620,11776
1233,1385,5597,11806
1234,1387,5581,11789
1235,1392,5597,11806
1236,1387,5593,11789
1237,1389,5586,11806
1238,1385,5608,11796
1239,1400,5602,11817
1240,1374,5596,11793
1241,1389,5587,11801
1242,1388,5596,11770
1243,1375,5583,11799
1244,1379,5582,11799
1245,1374,5579,11771
1246,1377,5603,11812
1247,1387,5596,11806
1248,1384,5603,11803
1249,1396,5587,11776
1250,1382,5600,11789
1251,1389,5591,11778
1252,1379,5611,11819
1253,1387,5602,11819
1254,1385,5596,11815
1255,1380,5603,11838
1256,1379,5588,11774
1257,1377,5569,11834
1258,1385,5566,11811
1259,1385,5596,11784
1260,1379,5580,11792
1261,1382,5605,11815
1262,1400,5591,11797
1263,1398,5607,11800
1264,1388,5569,11818
1265,1384,5595,11811
1266,1384,5584,11795
1267,1387,5594,11802
1268,1396,5588,11843
1269,1402,5604,11801
1270,1386,5585,11809
1271,1392,5594,11797
1272,1386,5592,11794
1273,1392,5578,11794
1274,1388,5586,11782
1275,1381,5606,11803
1276,1386,5587,11813
1277,1384,5579,11793
1278,1386,5589,11813
1279,1392,5571,11811
1280,1382,5603,11772
1281,1391,5576,11792
1282,1400,5601,11776
1283,1386,5594,11815
1284,1392,5598,11796
1285,1383,5591,11773
1286,1378,5605,11792
1287,1382,5564,11788
1288,1385,5574,11789
1289,1396,5606,11779
1290,1383,5611,11806
1291,1390,5589,11802
1292,1394,5575,11800
1293,1391,5558,11827
1294,1380,5601,11807
1295,1395,5602,11784
1296,1384,5588,11803
1297,1397,5564,11822
1298,1378,5573,11807
1299,1398,5603,11789
1300,1390,5604,11802
1301,1395,5568,11796
1302,1396,5593,11804
1303,1392,5572,11824
1304,1388,5589,11800
1305,1379,5584,11832
1306,1386,5570,11804
1307,1396,5574,11836
1308,1399,5573,11822
1309,1393,5575,11803
1310,1377,5570,11791
1311,1394,5591,11798
1312,1380,5575,11787
1313,1383,5619,11795
1314,1380,5583,11812
1315,1369,5601,11830
1316,1384,5608,11818
1317,1401,5599,11815
1318,1380,5593,11800
1319,1374,5613,11768
1320,1393,5592,11795
1321,1390,5599,11787
1322,1372,5594,11785
1323,1395,5585,11833
1324,1379,5601,11777
1325,1388,5606,11831
1326,1377,5574,11834
1327,1376,5586,11811
1328,1373,5598,11803
1329,1379,5590,11799
1330,1382,5621,11782
1331,1376,5598,11807
1332,1395,5609,11782
1333,1376,5609,11801
1334,1383,5594,11827
1335,1386,5592,11789
1336,1385,5596,11796
1337,1383,5569,11832
1338,1386,5582,11817
1339,1386,5599,11804
1340,1382,5610,11824
1341,1398,5586,11805
1342,1383,5598,11792
1343,1386,5592,11797
1344,1390,5607,11783
1345,1379,5592,11788
1346,1391,5588,11769
1347,1375,5609,11779
1348,1383,5599,11793
1349,1385,5590,11786
1350,1380,5568,11808
1351,1382,5579,11821
1352,1379,5596,11800
1353,1386,5599,11812
1354,1386,5599,11801
1355,1377,5589,11802
1356,1380,5582,11790
1357,1377,5600,11805
1358,1382,5589,11828
1359,1388,5590,11814
1360,1380,5604,11788
1361,1390,5591,11788
1362,1381,5598,11811
1363,1385,5607,11808
1364,1369,5613,11814
1365,1399,5593,11802
1366,1400,5589,11796
1367,1381,5601,11795
1368,1389,5596,11801
1369,1387,5592,11800
1370,1375,5590,11811
1371,1375,5608,11786
1372,1394,5596,11804
1373,1375,5580,11786
1374,1391,5578,11785
1375,1397,5578,11783
1376,1383,5590,11825
1377,1384,5591,11788
1378,1392,5576,11812
1379,1373,5609,11786
1380,1393,5611,11805
1381,1389,5595,11793
1382,1388,5588,11828
1383,1399,5602,11799
1384,1394,5593,11805
1385,1397,5570,11812
1386,1400,5578,11820
1387,1388,5599,11794
1388,1384,5596,11804
1389,1389,5597,11796
1390,1380,5593,11771
1391,1387,5596,11787
1392,1373,5583,11811
1393,1384,5588,11799
1394,1376,5594,11811
1395,1381,5605,11800
1396,1389,5599,11798
1397,1396,5607,11778
1398,1370,5579,11795
1399,1394,5604,11785
1400,1388,5589,11806
1401,1384,5597,11819
1402,1386,5570,11784
1403,1386,5607,11807
1404,1393,5594,11791
1405,1383,5590,11804
1406,1400,5593,11800
1407,1393,5593,11807
1408,1397,5599,11771
1409,1378,5595,11781
1410,1376,5610,11810
1411,1386,5610,11795
1412,1372,5621,11800
1413,1387,5595,11803
1414,1393,5590,11798
1415,1391,5599,11791
1416,1400,5584,11790
1417,1389,5583,11813
1418,1404,5605,11806
1419,1375,5608,11808
1420,1389,5609,11816
1421,1387,5606,11775
1422,1378,5608,11787
1423,1390,5591,11775
1424,1386,5610,11797
1425,1396,5598,11803
1426,1391,5586,11822
1427,1403,5589,11781
1428,1395,5602,11784
1429,1395,5584,11788
1430,1394,5599,11771
1431,1377,5602,11787
1432,1387,5610,11802
1433,1387,5608,11809
1434,1375,5584,11826
1435,1381,5593,11769
1436,1391,5582,11816
1437,1383,5600,11793
1438,1393,5601,11820
1439,1379,5587,11805
1440,1392,5581,11826
1441,1382,5558,11808
1442,1386,5604,11800
1443,1374,5578,11828
1444,1389,5612,11789
1445,1387,5585,11808
1446,1387,5601,11806
1447,1387,5606,11847
1448,1395,5576,11789
1449,1382,5583,11801
1450,1379,5565,11795
1451,1389,5610,11789
1452,1393,5577,11773
1453,1378,5588,11809
1454,1369,5601,11789
1455,1395,5589,11777
1456,1382,5602,11788
1457,1401,5595,11806
1458,1374,5590,11832
1459,1381,5600,11808
1460,1390,5561,11803
1461,1390,5612,11798
1462,1393,5595,11814
1463,1393,5578,11809
1464,1398,5585,11816
1465,1381,5593,11812
1466,1385,5600,11788
1467,1390,5584,11814
1468,1383,5592,11806
1469,1387,5589,11820
1470,1383,5604,11804
1471,1388,5591,11843
1472,1381,5585,11817
1473,1373,5582,11822
1474,1376,5578,11772
1475,1378,5577,11815
1476,1381,5611,11794
1477,1390,5605,11775
1478,1385,5579,11799
1479,1389,5599,11820
1480,1393,5615,11813
1481,1394,5608,11796
1482,1395,5599,11818
1483,1390,5596,11793
1484,1388,5564,11825
1485,1384,5600,11801
1486,1398,5585,11792
1487,1390,5604,11770
1488,1388,5586,11791
1489,1397,5615,11825
1490,1388,5580,11783
1491,1385,5598,11806
1492,1392,5594,11815
1493,1391,5589,11788
1494,1387,5575,11788
1495,1374,5591,11803
1496,1389,5599,11781
1497,1382,5572,11810
1498,1396,5638,11795
1499,1391,5586,11825
1500,1389,5601,11783
1501,1385,5611,11800
1502,1391,5589,11795
1503,1366,5589,11824
1504,1398,5579,11802
1505,1381,5599,11789
1506,1383,5582,11817
1507,1402,5589,11790
1508,1390,5597,11816
1509,1399,5592,11791
1510,1385,5587,11794
1511,1380,5592,11782
1512,1392,5584,11795
1513,1383,5572,11791
1514,1395,5605,11810
1515,1385,5606,11810
1516,1388,5574,11812
1517,1388,5577,11813
1518,1387,5605,11818
1519,1389,5604,11805
1520,1387,5589,11800
1521,1389,5585,11806
1522,1386,5605,11793
1523,1378,5584,11811
1524,1389,5612,11800
1525,1394,5573,11815
1526,1376,5577,11806
1527,1390,5600,11792
1528,1375,5607,11796
1529,1390,5609,11790
1530,1388,5587,11854
1531,1382,5582,11791
1532,1365,5590,11829
1533,1385,5600,11780
1534,1387,5584,11809
1535,1382,5574,11818
1536,1387,5600,11817
1537,1383,5605,11794
1538,1393,5579,11805
1539,1396,5601,11794
1540,1382,5580,11810
1541,1385,5601,11775
1542,1384,5590,11819
1543,1393,5601,11803
1544,1385,5595,11791
1545,1388,5578,11800
1546,1398,5568,11802
1547,1378,5592,11785
1548,1384,5585,11842
1549,1390,5595,11831
1550,1378,5594,11817
1551,1383,5593,11800
1552,1382,5607,11804
1553,1386,5594,11799
1554,1398,5597,11824
1555,1381,5608,11778
1556,1374,5589,11814
1557,1390,5592,11783
1558,1366,5594,11821
1559,1382,5576,11789
1560,1373,5597,11805
1561,1389,5566,11801
1562,1388,5609,11784
1563,1381,5582,11797
1564,1378,5575,11808
1565,1382,5608,11789
1566,1393,5591,11806
1567,1390,5604,11822
1568,1377,5588,11778
1569,1379,5597,11811
1570,1392,5609,11829
1571,1387,5600,11778
1572,1380,5581,11797
1573,1377,5591,11826
1574,1384,5600,11772
1575,1394,5585,11794
1576,1375,5602,11800
1577,1382,5613,11815
1578,1387,5596,11804
1579,1389,5588,11796
1580,1385,5594,11801
1581,1384,5608,11812
1582,1388,5597,11795
1583,1406,5599,11816
1584,1391,5607,11801
1585,1389,5580,11801
1586,1390,5597,11796
1587,1378,5607,11792
1588,1399,5581,11774
1589,1386,5580,11825
1590,1382,5588,11819
1591,1387,5595,11825
1592,1388,5595,11794
1593,1389,5600,11790
1594,1387,5588,11796
1595,1365,5597,11796
1596,1385,5594,11837
1597,1397,5601,11810
1598,1390,5602,11809
1599,1376,5593,11830
1600,1391,5585,11795
1601,1404,5586,11824
1602,1389,5605,11812
1603,1384,5607,11789
1604,1388,5596,11776
1605,1383,5582,11785
1606,1385,5571,11783
1607,1375,5599,11814
1608,1388,5597,11820
1609,1385,5576,11819
1610,1393,5598,11796
1611,1393,5599,11801
1612,1388,5596,11813
1613,1378,5585,11796
1614,1381,5569,11792
1615,1380,5565,11826
1616,1381,5596,11791
1617,1386,5578,11823
1618,1396,5594,11787
1619,1386,5596,11831
1620,1384,5591,11786
1621,1381,5582,11804
1622,1379,5600,11780
1623,1372,5608,11815
1624,1390,5600,11799
1625,1378,5601,11783
1626,1382,5594,11787
1627,1375,5600,11801
1628,1387,5617,11814
1629,1400,5597,11783
1630,1396,5580,11833
1631,1398,5568,11802
1632,1383,5595,11806
1633,1385,5573,11833
1634,1377,5586,11801
1635,1392,5597,11769
1636,1386,5582,11810
1637,1380,5600,11796
1638,1372,5597,11801
1639,1385,5591,11748
1640,1395,5592,11803
1641,1388,5597,11824
1642,1371,5605,11796
1643,1384,5590,11787
1644,1389,5600,11819
1645,1377,5593,11799
1646,1378,5592,11781
1647,1371,5589,11802
1648,1378,5598,11791
1649,1395,5564,11804
1650,1394,5601,11810
1651,1401,5615,11793
1652,1384,5585,11807
1653,1377,5595,11816
1654,1402,5558,11805
1655,1403,5579,11787
1656,1381,5592,11820
1657,1396,5578,11829
1658,1393,5608,11784
1659,1387,5595,11812
1660,1379,5583,11803
1661,1387,5582,11786
1662,1403,5607,11804
1663,1370,5591,11815
1664,1381,5581,11811
1665,1373,5584,11830
1666,1379,5576,11801
1667,1397,5597,11789
1668,1370,5597,11786
1669,1390,5612,11791
1670,1385,5610,11798
1671,1391,5601,11821
1672,1387,5592,11785
1673,1382,5607,11792
1674,1389,5580,11810
1675,1379,5598,11815
1676,1389,5609,11801
1677,1383,5583,11797
1678,1375,5589,11802
1679,1367,5612,11795
1680,1387,5598,11783
1681,1386,5598,11789
1682,1382,5601,11762
1683,1384,5576,11801
1684,1387,5591,11816
1685,1393,5598,11813
1686,1387,5590,11790
1687,1381,5604,11812
1688,1388,5610,11802
1689,1394,5612,11817
1690,1378,5571,11829
1691,1383,5592,11820
1692,1388,5587,11781
1693,1387,5592,11805
1694,1386,5583,11814
1695,1390,5581,11762
1696,1367,5594,11847
1697,1393,5560,11804
1698,1393,5606,11804
1699,1380,5600,11803
1700,1388,5579,11806
1701,1397,5601,11766
1702,1401,5586,11808
1703,1393,5599,11811
1704,1379,5588,11793
1705,1393,5597,11813
1706,1377,5605,11808
1707,1395,5595,11801
1708,1378,5583,11792
1709,1390,5594,11813
1710,1387,5596,11811
1711,1379,5570,11802
1712,1390,5595,11813
1713,1385,5588,11812
1714,1390,5606,11789
1715,1394,5598,11789
1716,1388,5591,11799
1717,1386,5579,11788
1718,1390,5582,11804
1719,1389,5599,11771
1720,1382,5606,11803
1721,1381,5600,11794
1722,1401,5593,11769
1723,1381,5591,11798
1724,1378,5613,11775
1725,1379,5592,11762
1726,1380,5585,11802
1727,1389,5598,11803
1728,1379,5586,11829
1729,1390,5594,11808
1730,1402,5596,11800
1731,1388,5578,11808
1732,1393,5598,11793
1733,1395,5586,11791
1734,1387,5604,11813
1735,1387,5589,11821
1736,1373,5604,11805
1737,1385,5608,11797
1738,1397,5576,11770
1739,1393,5604,11780
1740,1394,5597,11802
1741,1385,5589,11796
1742,1389,5609,11798
1743,1375,5604,11799
1744,1380,5604,11802
1745,1393,5580,11806
1746,1387,5579,11826
1747,1378,5604,11808
1748,1384,5594,11800
1749,1394,5594,11810
1750,1378,5580,11821
1751,1379,5590,11816
1752,1387,5619,11807
1753,1378,5573,11801
1754,1391,5596,11801
1755,1393,5609,11822
1756,1385,5584,11797
1757,1389,5609,11810
1758,1396,5614,11801
1759,1380,5565,11793
1760,1385,5589,11839
1761,1386,5587,11804
1762,1383,5574,11785
1763,1395,5580,11793
1764,1386,5587,11813
1765,1377,5584,11774
1766,1380,5605,11794
1767,1385,5594,11803
1768,1383,5599,11796
1769,1367,5577,11833
1770,1374,5598,11783
1771,1376,5583,11796
1772,1367,5596,11814
1773,1392,5602,11784
1774,1394,5612,11825
1775,1391,5597,11828
1776,1385,5580,11803
1777,1390,5600,11817
1778,1375,5603,11807
1779,1375,5585,11774
1780,1388,5573,11788
1781,1390,5605,11806
1782,1385,5580,11811
1783,1387,5599,11785
1784,1382,5604,11793
1785,1379,5573,11796
1786,1387,5584,11804
1787,1387,5594,11774
1788,1387,5598,11783
1789,1392,5613,11786
1790,1372,5601,11801
1791,1382,5621,11797
1792,1382,5604,11819
1793,1383,5601,11801
1794,1388,5585,11796
1795,1380,5611,11787
1796,1373,5593,11808
1797,1382,5607,11801
1798,1380,5564,11818
1799,1395,5582,11817
1800,1388,5593,11807
1801,1388,5592,11809
1802,1389,5603,11791
1803,1383,5606,11807
1804,1385,5596,11818
1805,1397,5590,11793
1806,1383,5591,11779
1807,1383,5587,11793
1808,1380,5577,11804
1809,1390,5594,11804
1810,1394,5576,11775
1811,1395,5600,11792
1812,1381,5583,11794
1813,1382,5565,11813
1814,1393,5583,11791
1815,1399,5582,11825
1816,1385,5590,11801
1817,1394,5603,11794
1818,1379,5577,11790
1819,1376,5588,11822
1820,1389,5593,11818
1821,1385,5568,11831
1822,1393,5587,11833
1823,1381,5608,11782
1824,1391,5588,11841
1825,1390,5589,11840
1826,1393,5599,11795
1827,1382,5581,11801
1828,1386,5589,11776
1829,1383,5576,11813
1830,1393,5577,11792
1831,1390,5610,11796
1832,1385,5579,11786
1833,1397,5577,11804
1834,1389,5591,11781
1835,1393,5588,11789
1836,1379,5598,11776
1837,1401,5614,11787
1838,1379,5599,11825
1839,1389,5572,11828
1840,1383,5566,11802
1841,1387,5622,11801
1842,1380,5612,11843
1843,1370,5584,11848
1844,1373,5579,11811
1845,1373,5568,11826
1846,1376,5581,11811
1847,1382,5576,11811
1848,1384,5588,11798
1849,1393,5605,11806
1850,1380,5592,11805
1851,1388,5604,11780
1852,1382,5583,11767
1853,1392,5587,11807
1854,1393,5584,11807
1855,1395,5581,11796
1856,1406,5599,11817
1857,1385,5598,11790
1858,1371,5588,11805
1859,1388,5601,11796
1860,1390,5601,11779
1861,1382,5601,11792
1862,1392,5585,11810
1863,1387,5613,11793
1864,1382,5606,11800
1865,1387,5595,11814
1866,1395,5618,11800
1867,1386,5597,11798
1868,1392,5573,11815
1869,1382,5600,11783
1870,1381,5613,11769
1871,1394,5590,11796
1872,1386,5597,11804
1873,1394,5586,11808
1874,1408,5607,11781
1875,1398,5572,11805
1876,1385,5596,11768
1877,1392,5608,11757
1878,1384,5598,11783
1879,1392,5581,11779
1880,1392,5590,11808
1881,1383,5591,11800
1882,1370,5593,11837
1883,1387,5584,11811
1884,1360,5585,11808
1885,1381,5611,11807
1886,1389,5594,11815
1887,1376,5588,11798
1888,1395,5577,11806
1889,1387,5580,11802
1890,1379,5581,11801
1891,1382,5612,11808
1892,1400,5597,11781
1893,1372,5569,11790
1894,1384,5609,11795
1895,1386,5609,11809
1896,1387,5604,11820
1897,1392,5601,11797
1898,1382,5614,11812
1899,1380,5620,11782
1900,1374,5596,11804
1901,1393,5604,11816
1902,1384,5617,11795
1903,1380,5592,11811
1904,1378,5576,11817
1905,1386,5591,11785
1906,1382,5593,11795
1907,1382,5595,11812
1908,1383,5589,11779
1909,1385,5592,11771
1910,1385,5598,11797
1911,1391,5598,11783
1912,1385,5588,11784
1913,1391,5597,11786
1914,1395,5582,11799
1915,1386,5604,11795
1916,1381,5585,11846
1917,1382,5600,11760
1918,1378,5575,11797
1919,1380,5614,11796
1920,1391,5586,11787
1921,1392,5585,11806
1922,1383,5588,11810
1923,1388,5560,11821
1924,1388,5606,11775
1925,1387,5588,11776
1926,1387,5563,11775
1927,1381,5572,11831
1928,1399,5599,11797
1929,1384,5565,11818
1930,1384,5601,11792
1931,1396,5605,11792
1932,1378,5575,11787
1933,1376,5601,11813
1934,1385,5591,11788
1935,1391,5600,11818
1936,1378,5587,11806
1937,1377,5608,11788
1938,1379,5587,11782
1939,1386,5575,11808
1940,1386,5572,11810
1941,1385,5606,11820
1942,1380,5578,11819
1943,1386,5621,11820
1944,1391,5574,11818
1945,1400,5601,11783
1946,1393,5607,11772
1947,1382,5600,11798
1948,1383,5575,11819
1949,1387,5593,11805
1950,1395,5593,11775
1951,1391,5598,11792
1952,1386,5590,11796
1953,1375,5593,11786
1954,1389,5576,11817
1955,1376,5591,11796
1956,1385,5595,11808
1957,1389,5603,11803
1958,1380,5599,11813
1959,1385,5599,11814
1960,1385,5609,11799
1961,1389,5596,11800
1962,1380,5596,11804
1963,1373,5581,11841
1964,1395,5599,11794
1965,1388,5602,11791
1966,1393,5593,11796
1967,1385,5583,11790
1968,1384,5601,11803
1969,1379,5593,11792
1970,1390,5584,11795
1971,1385,5596,11827
1972,1387,5606,11799
1973,1391,5603,11777
1974,1380,5602,11795
1975,1397,5608,11797
1976,1386,5550,11848
1977,1385,5570,11785
1978,1383,5573,11809
1979,1388,5593,11797
1980,1377,5575,11808
1981,1382,5593,11757
1982,1394,5598,11793
1983,1394,5575,11808
1984,1389,5627,11791
1985,1383,5587,11813
1986,1385,5583,11800
1987,1392,5563,11786
1988,1378,5592,11791
1989,1379,5598,11801
1990,1392,5601,11798
1991,1381,5582,11822
1992,1393,5595,11787
1993,1379,5596,11822
1994,1387,5606,11790
1995,1389,5598,11816
1996,1389,5586,11775
1997,1386,5587,11756
1998,1397,5594,11803
1999,1394,5602,11799
2000,1385,5603,11820
2001,1398,5571,11813
2002,1381,5597,11823
2003,1387,5593,11811
2004,1383,5594,11785
2005,1386,5595,11784
2006,1387,5606,11789
2007,1383,5564,11805
2008,1392,5584,11812
2009,1388,5602,11815
2010,1381,5594,11798
2011,1382,5595,11798
2012,1370,5587,11794
2013,1394,5601,11790
2014,1394,5583,11783
2015,1397,5595,11794
2016,1385,5566,11786
2017,1380,5572,11806
2018,1394,5606,11791
2019,1374,5605,11813
2020,1376,5597,11799
2021,1379,5594,11843
2022,1392,5564,11802
2023,1384,5598,11797
2024,1385,5589,11807
2025,1384,5597,11795
2026,1398,5593,11791
2027,1376,5595,11804
2028,1383,5602,11791
2029,1387,5584,11810
2030,1384,5603,11765
2031,1381,5593,11791
2032,1380,5590,11823
2033,1391,5598,11809
2034,1386,5597,11801
2035,1396,5605,11822
2036,1386,5585,11813
2037,1392,5580,11799
2038,1394,5585,11785
2039,1389,5613,11773
2040,1392,5569,11799
2041,1378,5596,11820
2042,1382,5589,11817
2043,1385,5603,11801
2044,1377,5568,11809
2045,1394,5598,11785
2046,1384,5582,11816
2047,1398,5608,11806
2048,1395,5612,11795
2049,1384,5599,11775
2050,1383,5587,11799
2051,1387,5601,11824
2052,1376,5591,11807
2053,1390,5584,11785
2054,1384,5596,11791
2055,1399,5602,11784
2056,1385,5594,11814
2057,1386,5588,11827
2058,1364,5596,11816
2059,1399,5593,11815
2060,1380,5612,11794
2061,1398,5592,11800
2062,1400,5587,11827
2063,1381,5587,11824
2064,1391,5592,11783
2065,1383,5583,11805
2066,1384,5586,11783
2067,1383,5599,11806
2068,1390,5605,11773
2069,1386,5593,11817
2070,1391,5596,11814
2071,1378,5600,11797
2072,1385,5579,11804
2073,1389,5580,11779
2074,1388,5585,11818
2075,1387,5586,11799
2076,1402,5581,11840
2077,1391,5568,11825
2078,1386,5589,11783
2079,1383,5575,11793
2080,1399,5577,11780
2081,1391,5589,11807
2082,1377,5605,11806
2083,1368,5594,11828
2084,1383,5598,11794
2085,1393,5592,11792
2086,1373,5600,11798
2087,1389,5580,11777
2088,1390,5605,11799
2089,1378,5587,11823
2090,1387,5578,11835
2091,1383,5590,11810
2092,1385,5584,11812
2093,1396,5597,11801
2094,1390,5598,11803
2095,1373,5588,11794
2096,1386,5607,11824
2097,1393,5597,11783
2098,1376,5586,11837
2099,1385,5600,11801
2100,1383,5592,11792
2101,1378,5589,11793
2102,1401,5613,11784
2103,1388,5589,11814
2104,1381,5605,11772
2105,1383,5596,11812
2106,1387,5592,11772
2107,1379,5595,11789
2108,1391,5597,11795
2109,1391,5607,11801
2110,1391,5609,11794
2111,1403,5584,11769
2112,1398,5600,11796
2113,1388,5604,11778
2114,1390,5573,11796
2115,1377,5614,11786
2116,1398,5591,11824
2117,1384,5590,11804
2118,1376,5605,11806
2119,1394,5596,11805
2120,1386,5608,11785
2121,1386,5582,11815
2122,1381,5592,11803
2123,1383,5591,11803
2124,1383,5575,11797
2125,1383,5616,11815
2126,1376,5599,11830
2127,1378,5595,11808
2128,1370,5619,11816
2129,1390,5591,11835
2130,1400,5594,11798
2131,1372,5579,11784
2132,1380,5597,11807
2133,1385,5595,11815
2134,1388,5563,11824
2135,1386,5576,11821
2136,1393,5589,11789
2137,1387,5603,11793
2138,1371,5593,11822
2139,1383,5597,11805
2140,1390,5615,11783
2141,1383,5604,11818
2142,1394,5594,11821
2143,1391,5575,11820
2144,1387,5592,11800
2145,1397,5586,11808
2146,1381,5594,11828
2147,1383,5592,11801
2148,1392,5586,11815
2149,1388,5605,11800
2150,1397,5601,11819
2151,1384,5596,11827
2152,1379,5611,11840
2153,1375,5603,11796
2154,1385,5579,11836
2155,1394,5573,11816
2156,1402,5578,11791
2157,1376,5592,11771
2158,1381,5598,11794
2159,1381,5604,11811
2160,1385,5591,11803
2161,1391,5568,11787
2162,1401,5590,11811
2163,1386,5613,11798
2164,1383,5599,11799
2165,1377,5599,11812
2166,1387,5584,11817
2167,1389,5607,11782
2168,1389,5613,11785
2169,1387,5585,11799
2170,1373,5591,11802
2171,1381,5583,11792
2172,1387,5599,11823
2173,1400,5601,11813
2174,1377,5596,11831
2175,1376,5586,11782
2176,1388,5591,11822
2177,1378,5605,11808
2178,1400,5596,11817
2179,1383,5595,11786
2180,1400,5574,11786
2181,1395,5603,11806
2182,1392,5573,11781
2183,1386,5595,11789
2184,1381,5580,11795
2185,1377,5601,11822
2186,1385,5601,11786
2187,1376,5600,11802
2188,1389,5594,11781
2189,1374,5589,11803
2190,1402,5605,11794
2191,1375,5555,11808
2192,1382,5570,11806
2193,1380,5590,11799
2194,1388,5581,11831
2195,1382,5596,11773
2196,1385,5596,11807
2197,1384,5587,11805
2198,1368,5589,11788
2199,1386,5606,11832
2200,1389,5597,11793
2201,1389,5593,11792
2202,1383,5576,11816
2203,1380,5596,11794
2204,1392,5607,11770
2205,1383,5594,11795
2206,1375,5595,11827
2207,1400,5589,11793
2208,1379,5589,11811
2209,1388,5594,11798
2210,1385,5596,11830
2211,1385,5613,11785
2212,1384,5602,11814
2213,1386,5591,11799
2214,1400,5581,11812
2215,1382,5618,11818
2216,1378,5590,11829
2217,1384,5604,11786
2218,1383,5610,11777
2219,1397,5578,11789
2220,1379,5599,11817
2221,1392,5582,11774
2222,1393,5592,11809
2223,1394,5600,11793
2224,1381,5603,11804
2225,1383,5598,11803
2226,1388,5579,11819
2227,1385,5596,11811
2228,1392,5592,11798
2229,1393,5590,11822
2230,1381,5598,11808
2231,1394,5587,11786
2232,1385,5570,11814
2233,1388,5594,11812
2234,1378,5590,11843
2235,1376,5597,11793
2236,1394,5590,11818
2237,1381,5577,11795
2238,1383,5602,11781
2239,1378,5596,11812
2240,1396,5591,11806
2241,1393,5585,11800
2242,1380,5609,11789
2243,1388,5597,11811
2244,1385,5576,11809
2245,1382,5587,11804
2246,1384,5599,11799
2247,1389,5610,11810
2248,1379,5562,11798
2249,1397,5600,11808
2250,1388,5566,11769
2251,1390,5580,11825
2252,1385,5597,11798
2253,1385,5598,11801
2254,1393,5591,11777
2255,1390,5584,11788
2256,1397,5618,11792
2257,1369,5591,11784
2258,1398,5612,11774
2259,1403,5582,11783
2260,1382,5588,11769
2261,1388,5574,11813
2262,1383,5589,11802
2263,1386,5619,11805
2264,1392,5590,11837
2265,1381,5596,11818
2266,1407,5588,11807
2267,1382,5593,11792
2268,1384,5600,11819
2269,1397,5592,11764
2270,1391,5603,11796
2271,1383,5601,11772
2272,1396,5605,11802
2273,1392,5580,11792
2274,1379,5585,11792
2275,1395,5583,11774
2276,1376,5571,11810
2277,1378,5602,11808
2278,1382,5583,11781
2279,1377,5585,11819
2280,1378,5577,11798
2281,1395,5602,11780
2282,1391,5605,11773
2283,1391,5598,11790
2284,1391,5602,11800
2285,1390,5607,11774
2286,1382,5606,11821
2287,1386,5599,11825
2288,1382,5606,11815
2289,1389,5605,11807
2290,1383,5592,11818
2291,1379,5590,11823
2292,1388,5591,11790
2293,1375,5593,11771
2294,1384,5572,11776
2295,1397,5588,11786
2296,1386,5603,11824
2297,1379,5607,11799
2298,1385,5590,11794
2299,1384,5613,11788
2300,1389,5584,11833
2301,1381,5564,11775
2302,1390,5578,11789
2303,1385,5585,11786
2304,1386,5589,11776
2305,1385,5597,11815
2306,1378,5588,11789
2307,1402,5601,11793
2308,1376,5605,11820
2309,1394,5600,11800
2310,1378,5601,11807
2311,1378,5584,11808
2312,1376,5608,11811
2313,1397,5593,11816
2314,1384,5598,11797
2315,1390,5585,11788
2316,1374,5576,11838
2317,1380,5586,11799
2318,1389,5601,11790
2319,1408,5589,11804
2320,1403,5584,11821
2321,1384,5605,11788
2322,1382,5587,11806
2323,1389,5595,11794
2324,1375,5568,11820
2325,1382,5585,11809
2326,1375,5591,11801
2327,1382,5585,11799
2328,1386,5601,11800
2329,1396,5584,11830
2330,1385,5590,11811
2331,1381,5594,11822
2332,1391,5578,11811
2333,1375,5594,11799
2334,1389,5577,11802
2335,1376,5591,11825
2336,1391,5587,11802
2337,1372,5592,11794
2338,1398,5574,11799
2339,1388,5597,11794
2340,1367,5572,11822
2341,1384,5603,11807
2342,1394,5606,11790
2343,1388,5604,11770
2344,1377,5576,11833
2345,1377,5591,11802
2346,1384,5581,11823
2347,1380,5601,11813
2348,1399,5574,11804
2349,1384,5583,11798
2350,1389,5597,11794
2351,1381,5589,11793
2352,1393,5598,11805
2353,1392,5577,11801
2354,1384,5603,11796
2355,1394,5578,11822
2356,1387,5600,11790
2357,1388,5583,11811
2358,1378,5597,11816
2359,1401,5598,11811
2360,1384,5602,11801
2361,1373,5591,11816
2362,1383,5577,11792
2363,1378,5584,11819
2364,1385,5591,11772
2365,1391,5596,11826
2366,1382,5599,11834
2367,1387,5599,11797
2368,1382,5601,11806
2369,1384,5604,11809
2370,1383,5592,11784
2371,1378,5587,11820
2372,1385,5573,11810
2373,1392,5589,11793
2374,1387,5604,11760
2375,1395,5607,11798
2376,1388,5586,11763
2377,1375,5599,11814
2378,1394,5582,11799
2379,1387,5577,11791
2380,1375,5589,11800
2381,1373,5578,11815
2382,1375,5576,11840
2383,1394,5603,11814
2384,1384,5592,11823
2385,1385,5592,11831
2386,1386,5589,11810
2387,1399,5567,11785
2388,1376,5598,11834
2389,1388,5586,11822
2390,1387,5589,11828
2391,1383,5591,11787
2392,1388,5584,11766
2393,1386,5590,11817
2394,1374,5603,11816
2395,1386,5595,11790
2396,1400,5585,11804
2397,1387,5592,11838
2398,1387,5593,11777
2399,1394,5608,11802
2400,1378,5600,11818
2401,1394,5610,11777
2402,1380,5605,11817
2403,1383,5603,11807
2404,1387,5586,11788
2405,1387,5604,11809
2406,1386,5590,11823
2407,1378,5603,11824
2408,1395,5595,11790
2409,1392,5604,11803
2410,1382,5600,11806
2411,1389,5598,11785
2412,1367,5572,11797
2413,1391,5603,11805
2414,1393,5576,11796
2415,1388,5606,11794
2416,1388,5594,11806
2417,1391,5577,11854
2418,1388,5606,11770
2419,1390,5608,11799
2420,1392,5588,11793
2421,1393,5600,11793
2422,1374,5586,11826
2423,1376,5567,11794
2424,1392,5589,11811
2425,1389,5589,11835
2426,1381,5590,11790
2427,1384,5594,11784
2428,1387,5598,11777
2429,1391,5570,11823
2430,1382,5619,11786
2431,1392,5598,11804
2432,1379,5608,11781
2433,1385,5592,11803
2434,1390,5607,11787
2435,1379,5604,11822
2436,1369,5590,11856
2437,1377,5577,11782
2438,1390,5580,11791
2439,1383,5597,11802
2440,1384,5597,11816
2441,1387,5605,11794
2442,1387,5608,11787
2443,1386,5600,11821
2444,1382,5588,11799
2445,1385,5570,11809
2446,1386,5601,11808
2447,1379,5604,11788
2448,1388,5598,11795
2449,1395,5597,11794
2450,1381,5611,11792
2451,1387,5608,11803
2452,1384,5594,11803
2453,1383,5579,11791
2454,1390,5595,11771
2455,1388,5596,11814
2456,1382,5597,11813
2457,1381,5587,11803
2458,1385,5604,11836
2459,1386,5606,11797
2460,1386,5584,11817
2461,1380,5584,11809
2462,1388,5588,11810
2463,1386,5601,11818
2464,1400,5594,11812
2465,1380,5565,11832
2466,1373,5609,11807
2467,1383,5602,11790
2468,1389,5602,11801
2469,1396,5598,11808
2470,1390,5593,11798
2471,1382,5592,11821
2472,1380,5583,11772
2473,1388,5581,11808
2474,1393,5586,11802
2475,1388,5590,11803
2476,1385,5602,11824
2477,1390,5587,11799
2478,1390,5603,11813
2479,1380,5582,11760
2480,1377,5561,11785
2481,1392,5574,11789
2482,1398,5606,11822
2483,1387,5594,11807
2484,1369,5586,11809
2485,1377,5592,11812
2486,1406,5596,11791
2487,1382,5593,11826
2488,1380,5583,11797
2489,1386,5572,11803
2490,1389,5609,11782
2491,1391,5594,11846
2492,1379,5585,11822
2493,1393,5593,11803
2494,1379,5594,11779
2495,1389,5611,11799
2496,1380,5604,11804
2497,1385,5596,11785
2498,1400,5621,11785
2499,1383,5609,11788
2500,1388,5601,11800
2501,1385,5592,11818
2502,1384,5613,11809
2503,1391,5596,11801
2504,1381,5601,11814
2505,1379,5601,11809
2506,1388,5592,11792
2507,1390,5598,11816
2508,1389,5589,11807
2509,1392,5593,11796
2510,1388,5595,11802
2511,1382,5611,11815
2512,1389,5606,11805
2513,1379,5572,11832
2514,1384,5583,11790
2515,1379,5604,11825
2516,1392,5582,11816
2517,1387,5598,11788
2518,1390,5596,11791
2519,1383,5615,11809
2520,1383,5600,11796
2521,1380,5617,11785
2522,1401,5598,11817
2523,1381,5596,11805
2524,1389,5599,11790
2525,1374,5565,11797
2526,1390,5588,11780
2527,1397,5568,11796
2528,1388,5585,11815
2529,1373,5581,11779
2530,1395,5614,11776
2531,1391,5584,11801
2532,1378,5575,11807
2533,1386,5601,11810
2534,1387,5607,11811
2535,1394,5598,11785
2536,1387,5601,11790
2537,1380,5557,11802
2538,1390,5602,11832
2539,1378,5586,11811
2540,1388,5602,11795
2541,1392,5590,11817
2542,1384,5599,11804
2543,1379,5606,11812
2544,1380,5602,11820
2545,1396,5602,11796
2546,1391,5603,11798
2547,1376,5583,11793
2548,1391,5597,11787
2549,1380,5591,11809
2550,1393,5596,11800
2551,1396,5582,11819
2552,1377,5585,11788
2553,1391,5610,11798
2554,1388,5581,11822
2555,1392,5610,11831
2556,1385,5598,11824
2557,1377,5599,11783
2558,1392,5593,11807
2559,1388,5606,11778
2560,1386,5601,11801
2561,1384,5592,11800
2562,1383,5600,11804
2563,1386,5584,11795
2564,1386,5589,11817
2565,1390,5594,11815
2566,1378,5626,11804
2567,1385,5602,11798
2568,1388,5597,11793
2569,1392,5579,11817
2570,1383,5598,11798
2571,1393,5588,11797
2572,1380,5590,11800
2573,1399,5590,11790
2574,1382,5563,11826
2575,1383,5592,11808
2576,1389,5572,11799
2577,1378,5588,11779
2578,1386,5608,11796
2579,1389,5602,11836
2580,1390,5610,11784
2581,1383,5597,11794
2582,1384,5575,11792
2583,1379,5581,11819
2584,1394,5582,11808
2585,1386,5580,11802
2586,1389,5561,11810
2587,1391,5603,11783
2588,1403,5595,11826
2589,1388,5580,11796
2590,1378,5598,11776
2591,1386,5604,11790
2592,1387,5594,11843
2593,1380,5576,11808
2594,1380,5597,11804
2595,1372,5582,11797
2596,1390,5600,11801
2597,1383,5580,11819
2598,1381,5600,11805
2599,1378,5584,11821
2600,1392,5588,11786
2601,1391,5612,11815
2602,1382,5602,11798
2603,1387,5571,11814
2604,1384,5588,11783
2605,1380,5582,11777
2606,1389,5583,11799
2607,1394,5607,11805
2608,1391,5594,11805
2609,1395,5602,11762
2610,1389,5616,11803
2611,1392,5607,11778
2612,1389,5596,11807
2613,1394,5596,11798
2614,1384,5568,11793
2615,1390,5556,11813
2616,1378,5604,11815
2617,1385,5598,11822
2618,1379,5597,11779
2619,1398,5592,11836
2620,1383,5608,11800
2621,1375,5594,11828
2622,1390,5578,11791
2623,1392,5603,11802
2624,1385,5612,11819
2625,1385,5619,11782
2626,1389,5591,11806
2627,1384,5581,11794
2628,1374,5613,11777
2629,1391,5585,11799
2630,1386,5601,11784
2631,1395,5588,11839
2632,1398,5597,11786
2633,1393,5580,11776
2634,1375,5574,11823
2635,1388,5601,11820
2636,1387,5595,11796
2637,1380,5586,11831
2638,1378,5595,11835
2639,1382,5598,11789
2640,1366,5588,11818
2641,1387,5603,11805
2642,1382,5573,11778
2643,1379,5599,11821
2644,1388,5593,11821
2645,1391,5590,11830
2646,1381,5554,11828
2647,1392,5590,11841
2648,1381,5585,11807
2649,1388,5607,11782
2650,1403,5593,11804
2651,1393,5587,11800
2652,1378,5601,11800
2653,1375,5570,11826
2654,1383,5609,11787
2655,1388,5599,11798
2656,1384,5598,11818
2657,1379,5602,11826
2658,1381,5598,11814
2659,1392,5597,11790
2660,1393,5590,11793
2661,1377,5605,11813
2662,1372,5598,11805
2663,1371,5578,11823
2664,1390,5598,11804
2665,1396,5601,11777
2666,1381,5592,11774
2667,1381,5579,11790
2668,1398,5585,11804
2669,1372,5587,11823
2670,1385,5601,11794
2671,1390,5594,11810
2672,1389,5600,11792
2673,1386,5610,11786
2674,1386,5582,11784
2675,1379,5572,11813
2676,1382,5589,11781
2677,1390,5601,11833
2678,1381,5561,11822
2679,1394,5599,11799
2680,1386,5592,11775
2681,1387,5612,11795
2682,1379,5597,11800
2683,1385,5583,11781
2684,1383,5607,11803
2685,1382,5582,11798
2686,1394,5585,11837
2687,1391,5592,11772
2688,1385,5580,11803
2689,1382,5610,11825
2690,1386,5588,11793
2691,1384,5581,11793
2692,1388,5585,11829
2693,1376,5602,11822
2694,1393,5599,11833
2695,1383,5587,11804
2696,1383,5605,11814
2697,1393,5596,11827
2698,1393,5600,11802
2699,1378,5585,11783
2700,1387,5592,11793
2701,1386,5593,11813
2702,1392,5579,11803
2703,1403,5603,11784
2704,1393,5610,11795
2705,1395,5583,11828
2706,1376,5599,11803
2707,1400,5599,11789
2708,1388,5600,11777
2709,1379,5563,11814
2710,1377,5584,11789
2711,1375,5594,11810
2712,1381,5596,11795
2713,1390,5619,11798
2714,1380,5595,11835
2715,1387,5581,11813
2716,1388,5612,11779
2717,1393,5600,11808
2718,1391,5598,11786
2719,1392,5608,11793
2720,1391,5596,11787
2721,1366,5611,11814
2722,1389,5587,11817
2723,1381,5587,11798
2724,1389,5603,11809
2725,1385,5583,11829
2726,1387,5608,11785
2727,1389,5591,11812
2728,1395,5610,11803
2729,1393,5586,11773
2730,1376,5600,11802
2731,1404,5597,11799
2732,1373,5599,11840
2733,1376,5593,11822
2734,1386,5605,11799
2735,1411,5577,11800
2736,1393,5580,11824
2737,1388,5605,11795
2738,1392,5601,11780
2739,1394,5581,11813
2740,1374,5609,11808
2741,1385,5588,11796
2742,1390,5607,11810
2743,1391,5606,11805
2744,1392,5584,11794
2745,1393,5580,11832
2746,1401,5585,11810
2747,1381,5586,11824
2748,1395,5598,11793
2749,1384,5589,11805
2750,1403,5573,11822
2751,1380,5603,11833
2752,1399,5571,11779
2753,1378,5595,11789
2754,1373,5587,11789
2755,1388,5599,11788
2756,1386,5600,11834
2757,1376,5603,11776
2758,1380,5609,11784
2759,1382,5594,11782
2760,1377,5582,11784
2761,1394,5602,11784
2762,1377,5593,11781
2763,1393,5602,11770
2764,1386,5611,11789
2765,1389,5603,11815
2766,1390,5596,11788
2767,1387,5590,11805
2768,1376,5564,11794
2769,1376,5612,11824
2770,1399,5590,11828
2771,1400,5620,11796
2772,1386,5585,11834
2773,1381,5618,11780
2774,1388,5587,11825
2775,1374,5593,11805
2776,1357,5578,11819
2777,1396,5578,11785
2778,1387,5594,11821
2779,1379,5585,11790
2780,1387,5575,11794
2781,1391,5592,11808
2782,1389,5600,11805
2783,1381,5575,11814
2784,1397,5594,11813
2785,1384,5582,11819
2786,1382,5597,11826
2787,1386,5589,11821
2788,1379,5593,11783
2789,1391,5579,11794
2790,1377,5603,11803
2791,1390,5605,11793
2792,1377,5617,11809
2793,1386,5596,11826
2794,1391,5610,11798
2795,1388,5576,11806
2796,1377,5603,11820
2797,1380,5579,11799
2798,1379,5586,11813
2799,1373,5597,11798
2800,1389,5598,11779
2801,1385,5591,11804
2802,1388,5594,11803
2803,1405,5608,11803
2804,1383,5585,11818
2805,1391,5603,11792
2806,1380,5600,11777
2807,1376,5610,11814
2808,1383,5594,11769
2809,1385,5575,11801
2810,1378,5595,11806
2811,1400,5610,11819
2812,1398,5588,11815
2813,1393,5595,11781
2814,1381,5602,11807
2815,1390,5588,11813
2816,1386,5614,11800
2817,1372,5590,11810
2818,1388,5598,11833
2819,1377,5592,11807
2820,1375,5585,11797
2821,1373,5590,11828
2822,1388,5608,11789
2823,1381,5603,11795
2824,1383,5599,11804
2825,1388,5615,11778
2826,1390,5599,11802
2827,1380,5596,11816
2828,1375,5589,11782
2829,1395,5603,11814
2830,1388,5576,11799
2831,1387,5602,11788
2832,1393,5600,11801
2833,1376,5596,11804
2834,1390,5591,11812
2835,1383,5600,11781
2836,1386,5593,11801
2837,1380,5589,11821
2838,1386,5568,11805
2839,1390,5586,11803
2840,1376,5600,11830
2841,1391,5606,11784
2842,1380,5597,11812
2843,1389,5609,11825
2844,1387,5596,11789
2845,1378,5563,11827
2846,1381,5575,11800
2847,1395,5600,11783
2848,1386,5595,11791
2849,1386,5584,11815
2850,1399,5607,11795
2851,1376,5566,11816
2852,1370,5602,11811
2853,1381,5591,11831
2854,1389,5601,11767
2855,1384,5591,11785
2856,1379,5589,11822
2857,1392,5596,11803
2858,1384,5583,11792
2859,1383,5582,11800
2860,1379,5570,11823
2861,1401,5586,11776
2862,1384,5605,11775
2863,1388,5610,11778
2864,1383,5595,11802
2865,1373,5592,11792
2866,1380,5588,11816
2867,1384,5595,11823
2868,1395,5596,11816
2869,1380,5589,11812
2870,1391,5578,11824
2871,1387,5572,11796
2872,1388,5635,11784
2873,1392,5596,11776
2874,1376,5591,11802
2875,1392,5595,11766
2876,1393,5572,11812
2877,1386,5618,11770
2878,1387,5583,11810
2879,1378,5596,11807
2880,1378,5599,11801
2881,1388,5588,11797
2882,1391,5593,11806
2883,1383,5607,11793
2884,1380,5607,11812
2885,1379,5597,11773
2886,1377,5586,11797
2887,1396,5578,11757
2888,1385,5591,11813
2889,1387,5586,11822
2890,1373,5586,11829
2891,1399,5577,11806
2892,1397,5606,11777
2893,1397,5601,11804
2894,1384,5578,11793
2895,1385,5578,11840
2896,1384,5576,11815
2897,1387,5613,11785
2898,1389,5579,11787
2899,1387,5593,11794
2900,1397,5621,11793
2901,1389,5579,11806
2902,1391,5595,11796
2903,1384,5600,11802
2904,1379,5577,11828
2905,1391,5580,11792
2906,1393,5589,11829
2907,1383,5583,11757
2908,1389,5597,11778
2909,1390,5602,11777
2910,1374,5591,11822
2911,1399,5575,11813
2912,1389,5593,11812
2913,1358,5575,11817
2914,1388,5605,11810
2915,1379,5575,11810
2916,1394,5616,11803
2917,1393,5581,11815
2918,1387,5611,11799
2919,1377,5578,11809
2920,1386,5590,11800
2921,1379,5587,11820
2922,1391,5623,11818
2923,1379,5588,11781
2924,1381,5612,11790
2925,1389,5588,11799
2926,1388,5600,11832
2927,1378,5605,11811
2928,1399,5597,11835
2929,1394,5614,11792
2930,1372,5567,11787
2931,1389,5608,11804
2932,1382,5593,11811
2933,1386,5594,11788
2934,1390,5585,11789
2935,1385,5631,11803
2936,1385,5611,11798
2937,1384,5596,11813
2938,1392,5591,11818
2939,1389,5597,11811
2940,1387,5611,11815
2941,1389,5608,11815
2942,1379,5588,11799
2943,1390,5592,11826
2944,1399,5584,11801
2945,1388,5599,11808
2946,1373,5611,11789
2947,1382,5591,11806
2948,1377,5606,11795
2949,1383,5594,11828
2950,1385,5590,11789
2951,1387,5611,11782
2952,1369,5576,11831
2953,1399,5604,11801
2954,1385,5573,11807
2955,1380,5587,11811
2956,1391,5587,11799
2957,1386,5582,11807
2958,1388,5594,11810
2959,1369,5596,11819
2960,1387,5584,11820
2961,1388,5573,11802
2962,1401,5595,11794
2963,1383,5605,11814
2964,1390,5612,11792
2965,1390,5600,11810
2966,1391,5612,11803
2967,1383,5591,11809
2968,1395,5577,11790
2969,1386,5586,11827
2970,1389,5591,11791
2971,1387,5602,11808
2972,1376,5597,11806
2973,1389,5592,11778
2974,1394,5582,11774
2975,1393,5617,11778
2976,1389,5583,11839
2977,1387,5576,11821
2978,1383,5602,11805
2979,1386,5595,11826
2980,1395,5592,11816
2981,1385,5609,11805
2982,1391,5600,11810
2983,1375,5608,11798
2984,1387,5582,11840
2985,1392,5593,11818
2986,1378,5597,11766
2987,1382,5608,11834
2988,1388,5600,11809
2989,1383,5595,11818
2990,1382,5606,11798
2991,1385,5585,11795
2992,1381,5578,11822
2993,1389,5602,11808
2994,1378,5600,11809
2995,1380,5582,11803
2996,1380,5592,11809
2997,1385,5581,11803
2998,1374,5593,11795
2999,1394,5608,11781
3000,1379,5608,11814
3001,1384,5587,11782
3002,1379,5599,11804
3003,1378,5601,11775
3004,1396,5600,11812
3005,1384,5582,11795
3006,1388,5568,11778
3007,1398,5584,11804
3008,1375,5580,11813
3009,1397,5593,11790
3010,1377,5603,11802
3011,1384,5588,11799
3012,1382,5559,11805
3013,1382,5585,11799
3014,1389,5585,11791
3015,1377,5589,11815
3016,1405,5571,11804
3017,1385,5623,11762
3018,1385,5588,11805
3019,1407,5584,11789
3020,1378,5573,11812
3021,1378,5593,11788
3022,1376,5584,11784
3023,1376,5601,11800
3024,1394,5582,11801
3025,1382,5616,11788
3026,1385,5572,11827
3027,1386,5602,11763
3028,1395,5596,11786
3029,1379,5602,11807
3030,1390,5588,11809
3031,1379,5595,11805
3032,1384,5596,11785
3033,1391,5587,11812
3034,1394,5594,11801
3035,1383,5612,11778
3036,1389,5609,11788
3037,1388,5595,11823
3038,1388,5598,11795
3039,1391,5597,11815
3040,1386,5593,11803
3041,1384,5595,11823
3042,1383,5597,11816
3043,1398,5597,11803
3044,1386,5599,11810
3045,1379,5582,11803
3046,1374,5601,11788
3047,1384,5571,11828
3048,1379,5596,11791
3049,1387,5589,11801
3050,1388,5590,11815
3051,1379,5584,11799
3052,1381,5602,11814
3053,1390,5593,11799
3054,1388,5580,11809
3055,1389,5587,11788
3056,1370,5595,11793
3057,1383,5611,11776
3058,1389,5597,11816
3059,1389,5593,11808
3060,1390,5587,11826
3061,1377,5578,11807
3062,1395,5591,11776
3063,1390,5580,11818
3064,1399,5589,11802
3065,1384,5588,11817
3066,1386,5576,11816
3067,1392,5600,11825
3068,1383,5593,11828
3069,1370,5567,11824
3070,1383,5591,11820
3071,1386,5603,11817
3072,1409,5620,11772
3073,1392,5590,11812
3074,1391,5617,11836
3075,1385,5604,11792
3076,1372,5597,11802
3077,1369,5600,11820
3078,1378,5601,11790
3079,1388,5577,11795
3080,1396,5618,11764
3081,1378,5607,11816
3082,1382,5594,11814
3083,1386,5606,11793
3084,1379,5574,11807
3085,1381,5589,11804
3086,1388,5604,11799
3087,1371,5624,11804
3088,1379,5596,11813
3089,1387,5602,11785
3090,1387,5574,11813
3091,1391,5581,11819
3092,1374,5615,11816
3093,1390,5582,11789
3094,1388,5567,11813
3095,1395,5601,11801
3096,1389,5591,11793
3097,1380,5576,11842
3098,1386,5602,11816
3099,1390,5591,11791
3100,1392,5579,11787
3101,1393,5573,11843
3102,1383,5587,11805
3103,1389,5577,11813
3104,1380,5593,11789
3105,1377,5582,11831
3106,1389,5613,11822
3107,1387,5555,11799
3108,1387,5600,11795
3109,1389,5624,11811
3110,1375,5605,11798
3111,1396,5624,11791
3112,1390,5604,11783
3113,1387,5594,11817
3114,1383,5596,11831
3115,1384,5581,11812
3116,1375,5598,11809
3117,1377,5597,11811
3118,1382,5581,11788
3119,1371,5588,11790
3120,1385,5594,11827
3121,1379,5595,11796
3122,1389,5589,11814
3123,1385,5592,11808
3124,1385,5598,11810
3125,1384,5591,11784
3126,1371,5590,11776
3127,1377,5590,11793
3128,1381,5588,11796
3129,1379,5615,11830
3130,1377,5577,11803
3131,1393,5616,11779
3132,1388,5595,11812
3133,1383,5606,11790
3134,1385,5591,11826
3135,1376,5608,11812
3136,1382,5588,11804
3137,1384,5602,11799
3138,1377,5570,11812
3139,1392,5596,11821
3140,1384,5571,11829
3141,1396,5603,11818
3142,1409,5589,11794
3143,1383,5581,11787
3144,1389,5607,11773
3145,1366,5592,11792
3146,1389,5590,11816
3147,1397,5575,11768
3148,1395,5554,11834
3149,1381,5608,11803
3150,1382,5589,11814
3151,1390,5572,11821
3152,1386,5612,11786
3153,1386,5608,11789
3154,1386,5575,11819
3155,1376,5581,11782
3156,1384,5601,11797
3157,1398,5601,11792
3158,1379,5603,11799
3159,1386,5591,11812
3160,1391,5623,11818
3161,1389,5592,11844
3162,1388,5589,11798
3163,1406,5590,11791
3164,1392,5575,11793
3165,1381,5600,11779
3166,1377,5585,11843
3167,1396,5599,11769
3168,1393,5591,11812
3169,1374,5554,11832
3170,1387,5597,11797
3171,1392,5607,11793
3172,1393,5593,11791
3173,1383,5601,11816
3174,1383,5596,11800
3175,1382,5587,11793
3176,1391,5592,11807
3177,1384,5606,11823
3178,1386,5578,11803
3179,1387,5586,11823
3180,1392,5579,11805
3181,1376,5605,11831
3182,1374,5575,11791
3183,1384,5599,11794
3184,1382,5541,11816
3185,1399,5566,11813
3186,1388,5601,11806
3187,1395,5588,11797
3188,1394,5568,11803
3189,1396,5587,11782
3190,1397,5579,11810
3191,1381,5583,11812
3192,1388,5576,11802
3193,1385,5607,11799
3194,1393,5593,11800
3195,1385,5607,11789
3196,1382,5601,11804
3197,1382,5594,11829
3198,1385,5581,11779
3199,1383,5600,11806
3200,1394,5599,11802
3201,1384,5604,11820
3202,1386,5590,11805
3203,1383,5587,11786
3204,1383,5596,11812
3205,1369,5593,11807
3206,1384,5599,11797
3207,1385,5602,11815
3208,1379,5613,11802
3209,1392,5576,11809
3210,1388,5603,11821
3211,1382,5591,11795
3212,1394,5586,11800
3213,1390,5610,11791
3214,1389,5612,11800
3215,1394,5594,11799
3216,1388,5595,11789
3217,1387,5601,11812
3218,1396,5576,11806
3219,1375,5582,11798
3220,1386,5581,11791
3221,1399,5605,11784
3222,1389,5603,11798
3223,1384,5599,11820
3224,1378,5601,11785
3225,1376,5607,11783
3226,1388,5592,11791
3227,1396,5586,11810
3228,1384,5591,11801
3229,1379,5595,11790
3230,1380,5587,11832
3231,1393,5578,11810
3232,1391,5569,11796
3233,1388,5593,11781
3234,1406,5592,11789
3235,1386,5592,11806
3236,1387,5605,11819
3237,1386,5586,11787
3238,1390,5592,11825
3239,1378,5599,11811
3240,1380,5599,11779
3241,1394,5584,11828
3242,1400,5596,11775
3243,1395,5588,11796
3244,1364,5596,11801
3245,1397,5578,11814
3246,1385,5595,11803
3247,1389,5598,11812
3248,1372,5566,11825
3249,1391,5593,11785
3250,1384,5605,11784
3251,1377,5585,11806
3252,1388,5592,11812
3253,1387,5582,11827
3254,1375,5591,11821
3255,1388,5603,11796
3256,1382,5589,11801
3257,1385,5609,11796
3258,1392,5586,11798
3259,1401,5594,11788
3260,1401,5589,11802
3261,1380,5587,11805
3262,1382,5585,11783
3263,1388,5591,11816
3264,1381,5577,11811
3265,1369,5584,11791
3266,1374,5575,11778
3267,1398,5612,11785
3268,1394,5576,11828
3269,1389,5591,11820
3270,1386,5582,11805
3271,1378,5588,11798
3272,1384,5610,11803
3273,1370,5601,11816
3274,1376,5602,11802
3275,1382,5597,11798
3276,1387,5585,11826
3277,1381,5594,11800
3278,1380,5607,11779
3279,1390,5585,11809
3280,1385,5572,11790
3281,1393,5575,11811
3282,1384,5620,11800
3283,1383,5590,11825
3284,1387,5607,11798
3285,1364,5574,11816
3286,1394,5581,11809
3287,1372,5587,11781
3288,1392,5592,11787
3289,1390,5597,11802
3290,1393,5585,11795
3291,1384,5605,11804
3292,1385,5579,11785
3293,1392,5598,11802
3294,1385,5578,11795
3295,1385,5591,11794
3296,1395,5606,11788
3297,1390,5593,11793
3298,1369,5587,11798
3299,1380,5563,11812
3300,1397,5597,11818
3301,1385,5586,11780
3302,1397,5607,11796
3303,1373,5599,11808
3304,1377,5597,11791
3305,1392,5612,11780
3306,1378,5596,11807
3307,1388,5596,11792
3308,1381,5608,11818
3309,1383,5603,11817
3310,1392,5575,11836
3311,1389,5602,11796
3312,1390,5595,11780
3313,1391,5602,11779
3314,1388,5575,11788
3315,1379,5602,11808
3316,1383,5593,11821
3317,1401,5595,11792
3318,1389,5586,11780
3319,1384,5589,11793
3320,1394,5578,11803
3321,1384,5609,11823
3322,1405,5600,11806
3323,1378,5590,11819
3324,1382,5592,11791
3325,1384,5578,11812
3326,1393,5597,11817
3327,1393,5593,11809
3328,1388,5594,11805
3329,1396,5611,11781
3330,1375,5579,11810
3331,1392,5604,11801
3332,1389,5579,11788
3333,1376,5600,11790
3334,1387,5611,11794
3335,1384,5605,11802
3336,1393,5581,11820
3337,1379,5615,11779
3338,1407,5570,11802
3339,1385,5594,11768
3340,1395,5591,11818
3341,1398,5595,11823
3342,1392,5616,11814
3343,1394,5607,11807
3344,1384,5570,11781
3345,1390,5613,11792
3346,1372,5592,11818
3347,1398,5579,11774
3348,1383,5575,11814
3349,1397,5612,11801
3350,1367,5601,11819
3351,1387,5590,11806
3352,1389,5610,11801
3353,1390,5594,11775
3354,1387,5599,11795
3355,1374,5593,11783
3356,1390,5602,11805
3357,1381,5581,11788
3358,1381,5588,11789
3359,1378,5606,11808
3360,1394,5595,11775
3361,1390,5602,11788
3362,1389,5595,11824
3363,1376,5574,11806
3364,1383,5593,11831
3365,1385,5608,11789
3366,1384,5595,11791
3367,1391,5604,11794
3368,1391,5585,11788
3369,1396,5586,11779
3370,1390,5622,11829
3371,1381,5586,11813
3372,1393,5590,11811
3373,1389,5593,11834
3374,1388,5621,11754
3375,1380,5610,11802
3376,1387,5587,11779
3377,1375,5585,11781
3378,1378,5580,11804
3379,1397,5582,11819
3380,1384,5608,11796
3381,1399,5599,11806
3382,1383,5603,11797
3383,1394,5594,11787
3384,1374,5606,11798
3385,1390,5582,11798
3386,1390,5603,11842
3387,1372,5586,11852
3388,1388,5564,11804
3389,1392,5586,11786
3390,1393,5597,11819
3391,1395,5583,11796
3392,1392,5582,11813
3393,1385,5584,11797
3394,1379,5602,11802
3395,1385,5604,11787
3396,1401,5585,11800
3397,1386,5574,11803
3398,1363,5586,11809
3399,1389,5586,11799
3400,1399,5569,11798
3401,1383,5589,11786
3402,1389,5600,11804
3403,1383,5595,11833
3404,1382,5606,11804
3405,1385,5577,11810
3406,1390,5601,11785
3407,1385,5589,11807
3408,1397,5577,11816
3409,1386,5590,11796
3410,1391,5589,11798
3411,1375,5569,11802
3412,1389,5622,11801
3413,1388,5598,11810
3414,1381,5584,11799
3415,1383,5605,11771
3416,1400,5584,11829
3417,1382,5599,11796
3418,1383,5599,11826
3419,1382,5569,11801
3420,1387,5608,11792
3421,1375,5610,11791
3422,1381,5574,11819
3423,1380,5606,11829
3424,1374,5568,11803
3425,1383,5598,11805
3426,1386,5570,11818
3427,1378,5598,11794
3428,1377,5614,11769
3429,1395,5589,11800
3430,1382,5578,11798
3431,1383,5586,11810
3432,1386,5600,11821
3433,1394,5579,11810
3434,1383,5587,11828
3435,1399,5604,11802
3436,1383,5618,11808
3437,1394,5601,11822
3438,1391,5587,11776
3439,1399,5592,11782
3440,1380,5588,11803
3441,1388,5590,11804
3442,1382,5594,11801
3443,1383,5606,11798
3444,1375,5594,11778
3445,1384,5601,11783
3446,1377,5586,11815
3447,1382,5599,11782
3448,1386,5595,11797
3449,1390,5595,11780
3450,1384,5614,11809
3451,1380,5584,11795
3452,1385,5591,11805
3453,1371,5603,11815
3454,1388,5599,11809
3455,1388,5612,11779
3456,1375,5585,11778
3457,1378,5584,11803
3458,1394,5608,11820
3459,1387,5583,11801
3460,1390,5606,11799
3461,1387,5562,11810
3462,1377,5588,11814
3463,1386,5575,11796
3464,1401,5601,11790
3465,1387,5594,11776
3466,1392,5583,11811
3467,1379,5596,11821
3468,1392,5595,11802
3469,1390,5587,11802
3470,1376,5581,11803
3471,1379,5619,11781
3472,1379,5595,11833
3473,1389,5580,11812
3474,1393,5614,11815
3475,1388,5608,11778
3476,1397,5608,11804
3477,1383,5602,11819
3478,1386,5613,11779
3479,1389,5579,11810
3480,1398,5593,11805
3481,1379,5606,11774
3482,1376,5582,11820
3483,1381,5577,11790
3484,1396,5571,11815
3485,1381,5589,11810
3486,1383,5602,11807
3487,1390,5593,11795
3488,1382,5569,11819
3489,1388,5577,11795
3490,1374,5593,11801
3491,1391,5597,11767
3492,1382,5579,11831
3493,1382,5586,11803
3494,1389,5577,11803
3495,1388,5593,11800
3496,1381,5613,11801
3497,1385,5586,11823
3498,1376,5611,11785
3499,1392,5589,11771
3500,1381,5597,11763
3501,1388,5590,11782
3502,1377,5613,11826
3503,1387,5604,11810
3504,1388,5596,11811
3505,1370,5595,11784
3506,1390,5592,11801
3507,1387,5598,11810
3508,1383,5565,11815
3509,1375,5592,11826
3510,1380,5595,11801
3511,1383,5597,11818
3512,1377,5591,11809
3513,1396,5587,11790
3514,1374,5600,11796
3515,1394,5584,11782
3516,1390,5590,11809
3517,1387,5599,11800
3518,1384,5586,11813
3519,1392,5598,11782
3520,1380,5599,11789
3521,1392,5609,11811
3522,1387,5594,11812
3523,1378,5588,11803
3524,1379,5594,11793
3525,1371,5588,11824
3526,1394,5561,11787
3527,1382,5590,11800
3528,1376,5572,11811
3529,1389,5604,11806
3530,1376,5584,11801
3531,1384,5602,11816
3532,1394,5572,11809
3533,1385,5602,11828
3534,1392,5604,11777
3535,1384,5594,11761
3536,1381,5578,11816
3537,1373,5591,11786
3538,1392,5596,11814
3539,1380,5594,11796
3540,1389,5624,11811
3541,1381,5580,11788
3542,1380,5578,11775
3543,1381,5585,11803
3544,1390,5585,11817
3545,1379,5585,11795
3546,1383,5609,11789
3547,1375,5608,11789
3548,1414,5571,11784
3549,1388,5599,11812
3550,1387,5590,11816
3551,1389,5603,11817
3552,1373,5586,11814
3553,1376,5589,11808
3554,1393,5593,11801
3555,1385,5572,11810
3556,1396,5575,11776
3557,1376,5604,11794
3558,1405,5604,11805
3559,1382,5585,11777
3560,1381,5592,11793
3561,1387,5577,11844
3562,1389,5557,11830
3563,1378,5609,11801
3564,1394,5629,11797
3565,1387,5605,11806
3566,1376,5579,11800
3567,1384,5601,11815
3568,1387,5581,11826
3569,1375,5571,11819
3570,1380,5574,11817
3571,1382,5594,11834
3572,1390,5570,11832
3573,1394,5593,11787
3574,1382,5599,11808
3575,1391,5592,11814
3576,1383,5602,11804
3577,1375,5580,11829
3578,1376,5588,11816
3579,1384,5581,11794
3580,1378,5589,11822
3581,1382,5605,11797
3582,1387,5607,11794
3583,1388,5602,11791
3584,1387,5584,11814
3585,1385,5589,11813
3586,1386,5568,11799
3587,1382,5595,11806
3588,1382,5603,11784
3589,1383,5588,11823
3590,1389,5594,11824
3591,1380,5587,11803
3592,1387,5594,11779
3593,1375,5600,11807
3594,1400,5586,11809
3595,1381,5585,11769
3596,1399,5604,11821
3597,1387,5600,11807
3598,1389,5615,11771
3599,1386,5603,11790
3600,1383,5568,11795
3601,1397,5617,11822
3602,1381,5587,11793
3603,1378,5601,11807
3604,1389,5594,11809
3605,1378,5588,11784
3606,1409,5596,11805
3607,1391,5600,11811
3608,1390,5597,11789
3609,1405,5584,11815
3610,1388,5571,11799
3611,1381,5593,11795
3612,1385,5592,11811
3613,1401,5611,11795
3614,1381,5596,11773
3615,1386,5572,11773
3616,1396,5589,11806
3617,1396,5594,11828
3618,1363,5575,11841
3619,1384,5587,11789
3620,1376,5597,11812
3621,1373,5596,11816
3622,1385,5575,11792
3623,1390,5587,11795
3624,1381,5594,11805
3625,1384,5577,11789
3626,1377,5591,11809
3627,1376,5609,11795
3628,1380,5588,11799
3629,1399,5570,11818
3630,1376,5575,11834
3631,1397,5608,11798
3632,1376,5583,11829
3633,1389,5585,11806
3634,1390,5596,11820
3635,1390,5607,11782
3636,1375,5604,11794
3637,1391,5589,11828
3638,1389,5594,11795
3639,1378,5581,11816
3640,1380,5572,11839
3641,1391,5586,11813
3642,1384,5594,11808
3643,1381,5593,11797
3644,1388,5599,11844
3645,1370,5588,11838
3646,1387,5582,11806
3647,1369,5571,11818
3648,1396,5581,11791
3649,1391,5599,11792
3650,1392,5587,11789
3651,1393,5576,11792
3652,1385,5588,11787
3653,1393,5607,11791
3654,1388,5621,11790
3655,1387,5593,11792
3656,1387,5599,11783
3657,1390,5592,11818
3658,1385,5552,11801
3659,1389,5597,11820
3660,1390,5606,11786
3661,1382,5602,11801
3662,1393,5601,11787
3663,1384,5608,11813
3664,1372,5599,11803
3665,1392,5617,11799
3666,1381,5599,11795
3667,1377,5599,11804
3668,1377,5592,11799
3669,1386,5592,11810
3670,1392,5572,11804
3671,1391,5610,11803
3672,1381,5585,11784
3673,1393,5609,11805
3674,1392,5610,11788
3675,1385,5590,11789
3676,1386,5597,11787
3677,1385,5601,11793
3678,1395,5594,11786
3679,1380,5581,11804
3680,1393,5593,11803
3681,1390,5585,11801
3682,1388,5603,11819
3683,1390,5590,11810
3684,1383,5585,11815
3685,1393,5589,11781
3686,1388,5593,11782
3687,1403,5590,11786
3688,1398,5605,11790
3689,1387,5588,11800
3690,1383,5602,11780
3691,1381,5579,11778
3692,1376,5593,11819
3693,1370,5615,11787
3694,1384,5576,11801
3695,1380,5593,11814
3696,1392,5619,11798
3697,1376,5585,11819
3698,1375,5601,11789
3699,1392,5584,11809
3700,1396,5573,11785
3701,1376,5596,11808
3702,1387,5596,11806
3703,1384,5584,11821
3704,1386,5601,11810
3705,1389,5592,11787
3706,1369,5592,11810
3707,1375,5601,11787
3708,1399,5603,11780
3709,1384,5572,11813
3710,1380,5587,11807
3711,1379,5582,11806
3712,1378,5583,11802
3713,1391,5591,11796
3714,1397,5578,11803
3715,1391,5597,11823
3716,1382,5602,11772
3717,1396,5589,11783
3718,1385,5601,11794
3719,1386,5594,11793
3720,1389,5581,11772
3721,1390,5568,11798
3722,1389,5597,11791
3723,1384,5599,11800
3724,1385,5586,11812
3725,1399,5577,11815
3726,1392,5602,11797
3727,1389,5571,11822
3728,1389,5603,11812
3729,1393,5603,11836
3730,1391,5595,11806
3731,1384,5611,11806
3732,1382,5602,11788
3733,1384,5603,11790
3734,1401,5591,11804
3735,1387,5590,11821
3736,1390,5570,11797
3737,1394,5605,11789
3738,1382,5584,11827
3739,1382,5594,11791
3740,1383,5580,11842
3741,1381,5591,11837
3742,1382,5591,11774
3743,1390,5605,11797
3744,1386,5587,11797
3745,1388,5598,11830
3746,1386,5602,11790
3747,1383,5582,11803
3748,1378,5583,11781
3749,1396,5614,11786
3750,1384,5597,11824
3751,1380,5595,11817
3752,1390,5629,11798
3753,1376,5584,11801
3754,1385,5594,11796
3755,1392,5605,11806
3756,1378,5606,11800
3757,1388,5610,11815
3758,1385,5588,11783
3759,1380,5595,11802
3760,1385,5598,11784
3761,1384,5584,11801
3762,1392,5596,11794
3763,1369,5582,11797
3764,1390,5572,11822
3765,1380,5596,11831
3766,1393,5566,11816
3767,1371,5623,11805
3768,1387,5596,11808
3769,1382,5593,11810
3770,1391,5586,11793
3771,1372,5605,11794
3772,1389,5590,11806
3773,1388,5593,11794
3774,1379,5593,11803
3775,1376,5593,11798
3776,1394,5589,11801
3777,1374,5593,11806
3778,1376,5604,11812
3779,1388,5591,11822
3780,1379,5577,11807
3781,1380,5597,11823
3782,1384,5588,11831
3783,1389,5597,11804
3784,1394,5586,11820
3785,1386,5591,11761
3786,1388,5613,11787
3787,1391,5573,11802
3788,1399,5604,11818
3789,1396,5596,11787
3790,1392,5587,11809
3791,1387,5605,11797
3792,1385,5580,11800
3793,1385,5591,11803
3794,1382,5571,11799
3795,1394,5587,11813
3796,1389,5570,11824
3797,1384,5580,11801
3798,1393,5559,11817
3799,1394,5594,11828
3800,1387,5586,11796
3801,1392,5588,11771
3802,1399,5605,11807
3803,1387,5577,11804
3804,1380,5599,11828
3805,1394,5596,11827
3806,1389,5581,11811
3807,1398,5606,11779
3808,1379,5594,11789
3809,1379,5595,11802
3810,1377,5607,11793
3811,1388,5586,11789
3812,1392,5598,11795
3813,1379,5610,11784
3814,1375,5601,11787
3815,1376,5594,11780
3816,1392,5575,11816
3817,1385,5585,11793
3818,1396,5602,11825
3819,1392,5597,11815
3820,1390,5600,11817
3821,1389,5587,11802
3822,1379,5593,11793
3823,1389,5582,11813
3824,1388,5623,11805
3825,1391,5581,11806
3826,1394,5615,11775
3827,1392,5606,11801
3828,1394,5577,11819
3829,1388,5600,11767
3830,1390,5594,11789
3831,1402,5594,11826
3832,1386,5588,11802
3833,1394,5593,11788
3834,1390,5580,11787
3835,1384,5581,11791
3836,1384,5586,11838
3837,1389,5584,11808
3838,1380,5582,11819
3839,1394,5602,11817
3840,1381,5594,11813
3841,1390,5586,11805
3842,1385,5579,11810
3843,1377,5607,11779
3844,1385,5595,11759
3845,1396,5600,11800
3846,1383,5604,11787
3847,1374,5589,11818
3848,1384,5576,11830
3849,1389,5594,11804
3850,1376,5580,11803
3851,1381,5601,11800
3852,1397,5587,11775
3853,1391,5590,11790
3854,1392,5566,11844
3855,1388,5581,11779
3856,1380,5622,11803
3857,1384,5586,11802
3858,1381,5600,11773
3859,1391,5592,11803
3860,1387,5595,11807
3861,1386,5602,11783
3862,1395,5600,11824
3863,1377,5612,11786
3864,1377,5585,11788
3865,1392,5604,11811
3866,1384,5572,11790
3867,1379,5609,11788
3868,1397,5599,11822
3869,1387,5597,11831
3870,1390,5575,11820
3871,1392,5570,11788
3872,1373,5611,11818
3873,1382,5597,11798
3874,1395,5606,11799
3875,1393,5597,11790
3876,1378,5599,11800
3877,1390,5589,11797
3878,1386,5605,11789
3879,1386,5588,11802
3880,1392,5577,11794
3881,1392,5601,11804
3882,1390,5593,11794
3883,1381,5583,11773
3884,1384,5577,11795
3885,1379,5579,11803
3886,1398,5584,11801
3887,1379,5596,11794
3888,1389,5598,11777
3889,1384,5567,11829
3890,1382,5568,11808
3891,1369,5570,11826
3892,1389,5614,11812
3893,1393,5613,11808
3894,1385,5590,11805
3895,1387,5590,11803
3896,1373,5570,11796
3897,1386,5581,11820
3898,1384,5619,11806
3899,1385,5602,11808
3900,1401,5596,11781
3901,1393,5600,11788
3902,1389,5613,11804
3903,1384,5594,11782
3904,1379,5587,11826
3905,1380,5593,11805
3906,1397,5607,11814
3907,1394,5589,11802
3908,1387,5587,11802
3909,1393,5585,11774
3910,1382,5599,11807
3911,1384,5579,11825
3912,1383,5601,11805
3913,1393,5594,11797
3914,1388,5605,11785
3915,1404,5598,11782
3916,1401,5598,11804
3917,1386,5601,11814
3918,1393,5579,11786
3919,1390,5602,11804
3920,1382,5578,11817
3921,1383,5595,11813
3922,1373,5603,11789
3923,1384,5585,11800
3924,1391,5580,11819
3925,1378,5605,11816
3926,1394,5558,11820
3927,1388,5611,11815
3928,1404,5579,11814
3929,1390,5572,11796
3930,1388,5585,11774
3931,1395,5598,11815
3932,1384,5570,11785
3933,1387,5588,11821
3934,1382,5604,11790
3935,1390,5605,11799
3936,1383,5598,11793
3937,1393,5589,11808
3938,1389,5570,11805
3939,1381,5593,11788
3940,1388,5595,11799
3941,1387,5585,11826
3942,1391,5589,11802
3943,1368,5567,11794
3944,1394,5608,11786
3945,1392,5600,11810
3946,1396,5580,11809
3947,1372,5616,11809
3948,1387,5594,11806
3949,1388,5593,11810
3950,1389,5569,11797
3951,1373,5576,11796
3952,1377,5591,11802
3953,1382,5596,11818
3954,1396,5582,11792
3955,1374,5577,11783
3956,1390,5609,11801
3957,1395,5578,11789
3958,1386,5589,11793
3959,1394,5599,11786
3960,1382,5601,11777
3961,1377,5616,11791
3962,1386,5585,11807
3963,1390,5616,11793
3964,1384,5592,11798
3965,1382,5605,11806
3966,1387,5596,11805
3967,1388,5568,11817
3968,1381,5599,11806
3969,1372,5592,11764
3970,1365,5576,11834
3971,1396,5599,11786
3972,1399,5577,11765
3973,1380,5592,11807
3974,1381,5608,11800
3975,1393,5597,11783
3976,1394,5603,11815
3977,1386,5597,11781
3978,1379,5606,11803
3979,1386,5584,11805
3980,1392,5620,11760
3981,1381,5595,11825
3982,1385,5584,11810
3983,1374,5587,11810
3984,1386,5606,11798
3985,1379,5595,11802
3986,1395,5600,11830
3987,1400,5584,11797
3988,1378,5611,11796
3989,1386,5598,11794
3990,1386,5560,11823
3991,1395,5604,11790
3992,1399,5590,11803
3993,1384,5603,11778
3994,1402,5578,11784
3995,1376,5595,11816
3996,1371,5594,11830
3997,1386,5594,11779
3998,1380,5587,11785
3999,1376,5579,11807
4000,1398,5616,11802
4001,1388,5585,11833
4002,1374,5570,11802
4003,1374,5603,11818
4004,1370,5606,11784
4005,1373,5583,11817
4006,1377,5601,11778
4007,1385,5605,11805
4008,1391,5590,11783
4009,1391,5553,11812
4010,1391,5592,11794
4011,1388,5591,11811
4012,1389,5596,11803
4013,1382,5596,11817
4014,1374,5592,11791
4015,1383,5604,11807
4016,1403,5589,11812
4017,1377,5587,11803
4018,1385,5585,11814
4019,1390,5609,11818
4020,1382,5598,11792
4021,1387,5601,11808
4022,1384,5578,11802
4023,1392,5598,11806
4024,1388,5582,11796
4025,1398,5583,11810
4026,1397,5607,11802
4027,1388,5607,11778
4028,1384,5596,11792
4029,1387,5570,11790
4030,1384,5588,11816
4031,1386,5619,11799
4032,1395,5585,11812
4033,1386,5605,11813
4034,1383,5604,11805
4035,1379,5602,11806
4036,1381,5584,11783
4037,1385,5576,11825
4038,1383,5608,11789
4039,1387,5594,11828
4040,1392,5600,11802
4041,1391,5568,11843
4042,1373,5597,11806
4043,1376,5607,11808
4044,1387,5580,11800
4045,1378,5603,11777
4046,1389,5591,11831
4047,1385,5591,11803
4048,1401,5573,11807
4049,1390,5598,11811
4050,1390,5562,11783
4051,1399,5592,11787
4052,1395,5592,11823
4053,1379,5589,11813
4054,1393,5592,11790
4055,1385,5597,11803
4056,1380,5594,11792
4057,1386,5625,11785
4058,1394,5585,11797
4059,1382,5595,11815
4060,1378,5599,11801
4061,1402,5596,11805
4062,1396,5590,11818
4063,1380,5593,11825
4064,1401,5629,11789
4065,1396,5590,11799
4066,1385,5603,11778
4067,1379,5584,11789
4068,1384,5587,11809
4069,1384,5601,11779
4070,1385,5611,11791
4071,1387,5594,11797
4072,1368,5580,11781
4073,1404,5601,11833
4074,1385,5593,11806
4075,1398,5590,11800
4076,1391,5576,11818
4077,1383,5595,11782
4078,1361,5573,11798
4079,1383,5562,11814
4080,1385,5593,11790
4081,1380,5585,11797
4082,1386,5604,11794
4083,1398,5599,11790
4084,1387,5603,11795
4085,1395,5620,11786
4086,1377,5592,11809
4087,1392,5589,11787
4088,1371,5587,11793
4089,1385,5598,11817
4090,1387,5589,11775
4091,1397,5582,11787
4092,1392,5603,11792
4093,1395,5586,11795
4094,1381,5584,11806
4095,1383,5600,11783
4096,1393,5602,11798
4097,1379,5583,11788
4098,1366,5603,11814
4099,1393,5601,11807
4100,1388,5620,11811
4101,1385,5605,11805
4102,1389,5600,11780
4103,1383,5618,11806
4104,1386,5590,11816
4105,1382,5572,11809
4106,1394,5617,11818
4107,1392,5601,11777
4108,1384,5574,11801
4109,1391,5595,11795
4110,1389,5576,11801
4111,1371,5612,11806
4112,1389,5587,11785
4113,1384,5581,11804
4114,1397,5596,11815
4115,1393,5603,11800
4116,1384,5611,11775
4117,1398,5597,11803
4118,1385,5624,11808
4119,1387,5579,11806
4120,1381,5568,11792
4121,1378,5595,11806
4122,1386,5612,11799
4123,1373,5595,11818
4124,1377,5584,11802
4125,1389,5591,11789
4126,1378,5584,11802
4127,1389,5596,11793
4128,1385,5585,11821
4129,1400,5565,11777
4130,1385,5583,11826
4131,1378,5603,11809
4132,1376,5583,11786
4133,1391,5609,11791
4134,1389,5577,11824
4135,1387,5612,11807
4136,1387,5579,11834
4137,1391,5578,11808
4138,1402,5580,11804
4139,1388,5600,11779
4140,1402,5583,11798
4141,1392,5586,11786
4142,1382,5608,11809
4143,1386,5580,11819
4144,1378,5596,11804
4145,1407,5584,11782
4146,1390,5597,11809
4147,1392,5574,11821
4148,1390,5587,11790
4149,1396,5596,11818
4150,1384,5579,11834
4151,1393,5585,11795
4152,1382,5595,11785
4153,1396,5582,11813
4154,1380,5596,11802
4155,1368,5586,11817
4156,1389,5598,11820
4157,1383,5594,11790
4158,1408,5617,11778
4159,1386,5579,11824
4160,1385,5584,11817
4161,1395,5566,11826
4162,1385,5593,11786
4163,1387,5567,11803
4164,1375,5607,11792
4165,1377,5609,11771
4166,1385,5594,11813
4167,1406,5597,11785
4168,1380,5602,11782
4169,1382,5598,11815
4170,1389,5602,11806
4171,1387,5623,11801
4172,1391,5585,11805
4173,1379,5579,11808
4174,1384,5594,11788
4175,1398,5579,11797
4176,1383,5597,11819
4177,1381,5589,11823
4178,1380,5605,11777
4179,1394,5588,11781
4180,1393,5584,11823
4181,1387,5602,11810
4182,1380,5583,11802
4183,1381,5570,11803
4184,1385,5591,11841
4185,1389,5572,11793
4186,1386,5572,11805
4187,1386,5584,11806
4188,1393,5581,11819
4189,1402,5603,11785
4190,1366,5599,11818
4191,1386,5590,11805
4192,1384,5594,11817
4193,1388,5594,11804
4194,1380,5582,11794
4195,1384,5604,11799
4196,1391,5592,11798
4197,1385,5594,11813
4198,1384,5589,11838
4199,1392,5591,11805
4200,1391,5597,11804
4201,1382,5604,11807
4202,1375,5604,11820
4203,1377,5576,11785
4204,1383,5598,11789
4205,1382,5563,11798
4206,1386,5602,11785
4207,1383,5598,11791
4208,1389,5568,11813
4209,1387,5581,11803
4210,1385,5581,11804
4211,1388,5617,11815
4212,1378,5583,11826
4213,1388,5575,11793
4214,1375,5585,11810
4215,1384,5605,11807
4216,1389,5581,11826
4217,1381,5615,11767
4218,1388,5587,11810
4219,1374,5595,11797
4220,1370,5593,11813
4221,1386,5595,11794
4222,1384,5577,11803
4223,1387,5614,11796
4224,1385,5600,11806
4225,1385,5586,11795
4226,1380,5609,11795
4227,1394,5588,11809
4228,1385,5607,11788
4229,1395,5607,11795
4230,1386,5597,11827
4231,1397,5578,11817
4232,1385,5592,11829
4233,1381,5608,11815
4234,1375,5579,11822
4235,1363,5540,11826
4236,1389,5608,11784
4237,1391,5596,11811
4238,1379,5576,11819
4239,1382,5578,11790
4240,1391,5604,11789
4241,1374,5590,11811
4242,1384,5583,11817
4243,1384,5587,11797
4244,1391,5612,11802
4245,1383,5589,11805
4246,1386,5603,11813
4247,1372,5587,11817
4248,1389,5578,11804
4249,1379,5602,11795
4250,1395,5603,11796
4251,1394,5602,11784
4252,1410,5569,11822
4253,1373,5588,11787
4254,1387,5582,11818
4255,1412,5585,11768
4256,1396,5613,11811
4257,1375,5596,11795
4258,1381,5608,11782
4259,1388,5602,11809
4260,1388,5592,11798
4261,1386,5589,11810
4262,1377,5594,11809
4263,1380,5595,11817
4264,1381,5572,11792
4265,1384,5592,11825
4266,1380,5596,11833
4267,1377,5586,11835
4268,1390,5601,11813
4269,1382,5589,11799
4270,1380,5586,11831
4271,1395,5596,11804
4272,1391,5583,11793
4273,1392,5611,11800
4274,1391,5574,11818
4275,1377,5591,11831
4276,1389,5598,11776
4277,1392,5603,11805
4278,1395,5594,11794
4279,1382,5600,11807
4280,1395,5597,11826
4281,1388,5592,11792
4282,1384,5600,11811
4283,1375,5588,11814
4284,1381,5587,11758
4285,1383,5583,11809
4286,1406,5575,11782
4287,1391,5594,11795
4288,1394,5604,11792
4289,1386,5574,11800
4290,1388,5593,11836
4291,1393,5598,11800
4292,1380,5583,11821
4293,1376,5600,11799
4294,1396,5589,11817
4295,1387,5585,11805
4296,1391,5607,11810
4297,1399,5588,11798
4298,1386,5586,11806
4299,1390,5592,11830
4300,1380,5587,11782
4301,1387,5568,11797
4302,1388,5580,11845
4303,1389,5588,11793
4304,1382,5598,11831
4305,1382,5575,11797
4306,1378,5597,11814
4307,1382,5600,11804
4308,1382,5621,11800
4309,1392,5576,11798
4310,1386,5598,11787
4311,1400,5594,11805
4312,1396,5591,11776
4313,1377,5590,11816
4314,1379,5580,11848
4315,1398,5576,11791
4316,1392,5593,11776
4317,1387,5562,11843
4318,1384,5590,11800
4319,1387,5603,11808
4320,1383,5600,11790
4321,1392,5604,11781
4322,1380,5604,11798
4323,1388,5585,11773
4324,1378,5580,11809
4325,1407,5616,11782
4326,1387,5599,11782
4327,1393,5586,11830
4328,1391,5596,11798
4329,1394,5595,11804
4330,1384,5587,11788
4331,1392,5605,11787
4332,1380,5599,11806
4333,1379,5578,11807
4334,1386,5597,11805
4335,1390,5605,11815
4336,1383,5582,11787
4337,1383,5582,11794
4338,1381,5586,11811
4339,1379,5592,11800
4340,1395,5597,11798
4341,1382,5590,11792
4342,1385,5580,11823
4343,1380,5588,11828
4344,1401,5581,11794
4345,1383,5598,11798
4346,1391,5574,11787
4347,1380,5575,11789
4348,1386,5611,11826
4349,1381,5602,11815
4350,1375,5582,11804
4351,1388,5593,11821
4352,1388,5583,11769
4353,1390,5589,11812
4354,1391,5603,11827
4355,1396,5586,11804
4356,1380,5573,11830
4357,1398,5596,11775
4358,1378,5565,11821
4359,1392,5567,11762
4360,1383,5598,11809
4361,1376,5594,11809
4362,1371,5580,11801
4363,1371,5590,11791
4364,1366,5597,11771
4365,1385,5598,11771
4366,1392,5584,11812
4367,1395,5601,11797
4368,1383,5592,11807
4369,1388,5588,11809
4370,1391,5593,11805
4371,1384,5596,11777
4372,1390,5580,11773
4373,1380,5581,11815
4374,1390,5587,11785
4375,1388,5603,11763
4376,1379,5616,11809
4377,1388,5603,11785
4378,1384,5603,11815
4379,1384,5601,11808
4380,1390,5581,11807
4381,1381,5577,11794
4382,1385,5588,11793
4383,1394,5600,11780
4384,1395,5585,11786
4385,1381,5593,11809
4386,1386,5582,11779
4387,1390,5610,11819
4388,1380,5593,11802
4389,1372,5586,11809
4390,1391,5597,11809
4391,1383,5570,11813
4392,1389,5603,11812
4393,1384,5581,11797
4394,1373,5592,11810
4395,1394,5590,11819
4396,1386,5612,11801
4397,1383,5587,11805
4398,1381,5589,11810
4399,1391,5612,11796
4400,1388,5576,11829
4401,1393,5591,11795
4402,1384,5585,11799
4403,1385,5583,11802
4404,1383,5564,11783
4405,1373,5612,11817
4406,1387,5585,11788
4407,1385,5585,11819
4408,1394,5597,11809
4409,1392,5586,11802
4410,1390,5574,11790
4411,1392,5605,11769
4412,1381,5604,11793
4413,1379,5581,11801
4414,1384,5595,11815
4415,1386,5593,11779
4416,1379,5603,11836
4417,1385,5583,11788
4418,1382,5603,11808
4419,1386,5599,11803
4420,1391,5576,11798
4421,1393,5591,11818
4422,1389,5616,11761
4423,1384,5599,11809
4424,1387,5622,11805
4425,1385,5587,11784
4426,1382,5583,11807
4427,1399,5593,11811
4428,1374,5586,11794
4429,1384,5597,11807
4430,1398,5582,11792
4431,1398,5600,11797
4432,1387,5605,11796
4433,1385,5585,11799
4434,1380,5594,11798
4435,1368,5596,11823
4436,1376,5589,11793
4437,1388,5588,11779
4438,1382,5590,11782
4439,1375,5603,11821
4440,1383,5590,11812
4441,1384,5580,11804
4442,1392,5594,11837
4443,1373,5604,11818
4444,1384,5596,11779
4445,1376,5590,11847
4446,1391,5613,11796
4447,1383,5587,11782
4448,1386,5585,11799
4449,1382,5573,11787
4450,1381,5600,11804
4451,1387,5576,11833
4452,1381,5581,11831
4453,1391,5598,11804
4454,1382,5591,11806
4455,1370,5601,11803
4456,1385,5596,11789
4457,1384,5582,11814
4458,1405,5584,11789
4459,1376,5576,11808
4460,1377,5611,11788
4461,1390,5572,11784
4462,1380,5584,11786
4463,1383,5595,11805
4464,1388,5599,11789
4465,1385,5592,11803
4466,1376,5591,11810
4467,1379,5587,11776
4468,1394,5591,11810
4469,1376,5597,11822
4470,1393,5591,11806
4471,1381,5611,11802
4472,1393,5600,11783
4473,1380,5567,11796
4474,1394,5601,11784
4475,1404,5581,11803
4476,1386,5585,11818
4477,1395,5603,11813
4478,1393,5588,11801
4479,1382,5576,11793
4480,1366,5555,11808
4481,1385,5599,11792
4482,1371,5573,11838
4483,1383,5579,11815
4484,1390,5613,11783
4485,1383,5594,11803
4486,1379,5589,11800
4487,1381,5597,11798
4488,1380,5584,11793
4489,1384,5592,11806
4490,1374,5615,11838
4491,1388,5622,11791
4492,1388,5585,11815
4493,1382,5566,11795
4494,1377,5595,11812
4495,1386,5580,11813
4496,1377,5615,11796
4497,1375,5596,11804
4498,1389,5611,11806
4499,1384,5601,11791
4500,1373,5587,11814
4501,1378,5598,11778
4502,1394,5607,11812
4503,1375,5579,11815
4504,1381,5567,11789
4505,1400,5591,11823
4506,1403,5588,11827
4507,1385,5567,11779
4508,1365,5590,11799
4509,1388,5576,11803
4510,1381,5583,11794
4511,1389,5604,11795
4512,1380,5597,11827
4513,1401,5596,11796
4514,1385,5593,11796
4515,1386,5584,11810
4516,1390,5587,11819
4517,1385,5585,11805
4518,1382,5569,11827
4519,1380,5589,11788
4520,1376,5594,11798
4521,1384,5616,11790
4522,1376,5593,11813
4523,1385,5590,11807
4524,1378,5612,11779
4525,1393,5592,11802
4526,1400,5610,11802
4527,1396,5583,11798
4528,1381,5607,11793
4529,1379,5580,11819
4530,1394,5612,11786
4531,1380,5606,11796
4532,1379,5603,11800
4533,1389,5576,11819
4534,1378,5579,11795
4535,1384,5603,11808
4536,1393,5599,11803
4537,1394,5622,11790
4538,1387,5586,11812
4539,1393,5580,11807
4540,1380,5596,11813
4541,1393,5589,11788
4542,1391,5607,11786
4543,1383,5581,11834
4544,1375,5609,11796
4545,1376,5597,11795
4546,1380,5625,11801
4547,1397,5577,11789
4548,1376,5593,11801
4549,1386,5608,11809
4550,1370,5604,11805
4551,1383,5603,11800
4552,1381,5596,11795
4553,1399,5594,11803
4554,1386,5590,11801
4555,1384,5585,11791
4556,1385,5616,11832
4557,1396,5608,11778
4558,1374,5608,11791
4559,1374,5602,11791
4560,1381,5595,11792
4561,1390,5589,11808
4562,1383,5586,11796
4563,1386,5599,11814
4564,1388,5587,11777
4565,1381,5598,11823
4566,1398,5611,11785
4567,1374,5587,11785
4568,1390,5581,11788
4569,1376,5601,11795
4570,1385,5593,11805
4571,1391,5599,11835
4572,1374,5588,11804
4573,1391,5577,11813
4574,1390,5606,11794
4575,1370,5588,11816
4576,1394,5591,11802
4577,1373,5605,11801
4578,1392,5586,11774
4579,1394,5584,11792
4580,1379,5579,11772
4581,1380,5605,11798
4582,1401,5575,11803
4583,1388,5599,11782
4584,1381,5587,11803
4585,1383,5604,11806
4586,1378,5594,11799
4587,1386,5581,11778
4588,1385,5594,11800
4589,1387,5587,11812
4590,1387,5571,11797
4591,1375,5610,11807
4592,1378,5583,11818
4593,1377,5581,11816
4594,1379,5584,11812
4595,1388,5602,11825
4596,1378,5604,11803
4597,1382,5595,11831
4598,1389,5583,11807
4599,1389,5573,11805
4600,1394,5577,11786
4601,1394,5596,11785
4602,1392,5606,11806
4603,1389,5616,11812
4604,1389,5588,11849
4605,1384,5586,11774
4606,1378,5590,11810
4607,1386,5588,11812
4608,1381,5571,11813
4609,1389,5602,11800
4610,1383,5601,11800
4611,1404,5586,11810
4612,1396,5589,11810
4613,1378,5583,11787
4614,1390,5596,11824
4615,1384,5590,11819
4616,1381,5597,11820
4617,1372,5589,11808
4618,1396,5598,11779
4619,1374,5608,11778
4620,1381,5599,11790
4621,1388,5602,11813
4622,1390,5586,11819
4623,1373,5596,11829
4624,1390,5576,11783
4625,1389,5599,11792
4626,1384,5593,11815
4627,1399,5584,11786
4628,1386,5596,11809
4629,1391,5607,11788
4630,1392,5602,11804
4631,1395,5594,11799
4632,1396,5590,11827
4633,1388,5593,11817
4634,1381,5599,11835
4635,1388,5601,11805
4636,1385,5592,11829
4637,1385,5616,11777
4638,1386,5584,11779
4639,1390,5584,11794
4640,1399,5568,11803
4641,1394,5591,11772
4642,1380,5597,11800
4643,1385,5598,11802
4644,1391,5591,11821
4645,1377,5598,11800
4646,1379,5601,11822
4647,1385,5572,11818
4648,1391,5594,11801
4649,1381,5612,11805
4650,1391,5609,11796
4651,1382,5601,11808
4652,1390,5600,11829
4653,1381,5575,11796
4654,1397,5600,11782
4655,1387,5626,11787
4656,1383,5586,11835
4657,1383,5590,11814
4658,1381,5606,11813
4659,1381,5589,11815
4660,1389,5584,11781
4661,1386,5585,11792
4662,1399,5596,11792
4663,1385,5589,11776
4664,1395,5600,11795
4665,1386,5603,11814
4666,1387,5597,11777
4667,1383,5585,11810
4668,1374,5570,11818
4669,1383,5591,11819
4670,1388,5583,11780
4671,1390,5605,11834
4672,1382,5601,11792
4673,1400,5598,11809
4674,1396,5611,11831
4675,1390,5584,11826
4676,1387,5588,11800
4677,1406,5575,11829
4678,1390,5595,11797
4679,1387,5587,11782
4680,1398,5606,11798
4681,1382,5614,11821
4682,1403,5598,11816
4683,1384,5583,11798
4684,1397,5610,11825
4685,1391,5605,11782
4686,1393,5587,11803
4687,1383,5584,11789
4688,1381,5584,11827
4689,1372,5570,11805
4690,1395,5621,11794
4691,1384,5587,11783
4692,1373,5601,11801
4693,1391,5613,11789
4694,1386,5627,11797
4695,1391,5579,11799
4696,1384,5588,11814
4697,1388,5596,11792
4698,1387,5580,11804
4699,1387,5588,11815
4700,1384,5607,11792
4701,1382,5568,11775
4702,1390,5588,11816
4703,1362,5617,11820
4704,1387,5620,11788
4705,1392,5594,11851
4706,1394,5588,11790
4707,1387,5593,11795
4708,1380,5599,11800
4709,1379,5607,11824
4710,1385,5599,11815
4711,1382,5586,11818
4712,1358,5597,11795
4713,1393,5606,11790
4714,1386,5562,11816
4715,1387,5603,11792
4716,1378,5589,11797
4717,1384,5594,11762
4718,1381,5595,11798
4719,1393,5577,11814
4720,1385,5590,11785
4721,1381,5598,11823
4722,1383,5612,11795
4723,1387,5600,11774
4724,1398,5597,11804
4725,1388,5591,11800
4726,1379,5600,11784
4727,1386,5588,11804
4728,1376,5594,11813
4729,1382,5589,11790
4730,1385,5605,11773
4731,1376,5584,11810
4732,1370,5582,11794
4733,1375,5628,11785
4734,1387,5582,11785
4735,1392,5601,11810
4736,1387,5584,11815
4737,1386,5604,11792
4738,1385,5593,11794
4739,1393,5594,11819
4740,1388,5602,11840
4741,1391,5600,11810
4742,1385,5590,11789
4743,1376,5582,11815
4744,1376,5603,11827
4745,1381,5602,11824
4746,1390,5605,11831
4747,1381,5596,11780
4748,1375,5599,11796
4749,1369,5590,11792
4750,1381,5584,11832
4751,1384,5605,11801
4752,1391,5596,11790
4753,1384,5564,11809
4754,1384,5600,11795
4755,1383,5571,11826
4756,1400,5609,11807
4757,1387,5578,11804
4758,1391,5583,11825
4759,1385,5594,11798
4760,1389,5603,11800
4761,1392,5611,11790
4762,1385,5601,11806
4763,1379,5588,11773
4764,1380,5591,11792
4765,1379,5595,11833
4766,1379,5606,11798
4767,1386,5595,11795
4768,1388,5590,11805
4769,1393,5602,11820
4770,1395,5605,11816
4771,1389,5561,11785
4772,1394,5613,11759
4773,1402,5603,11775
4774,1394,5591,11796
4775,1388,5598,11808
4776,1383,5596,11804
4777,1392,5589,11813
4778,1377,5594,11806
4779,1393,5603,11803
4780,1382,5582,11788
4781,1386,5601,11803
4782,1383,5565,11785
4783,1378,5592,11796
4784,1383,5579,11785
4785,1381,5599,11809
4786,1384,5593,11814
4787,1389,5598,11791
4788,1389,5591,11799
4789,1382,5602,11791
4790,1372,5593,11781
4791,1383,5587,11827
4792,1391,5578,11799
4793,1384,5603,11784
4794,1387,5604,11810
4795,1398,5562,11789
4796,1381,5578,11798
4797,1387,5598,11801
4798,1390,5597,11824
4799,1389,5601,11790
4800,1383,5595,11798
4801,1386,5585,11794
4802,1373,5575,11822
4803,1394,5566,11805
4804,1380,5596,11783
4805,1392,5574,11798
4806,1379,5585,11794
4807,1367,5584,11809
4808,1387,5593,11796
4809,1376,5585,11793
4810,1387,5591,11809
4811,1393,5593,11814
4812,1385,5605,11788
4813,1368,5590,11816
4814,1381,5609,11787
4815,1385,5578,11801
4816,1381,5604,11771
4817,1387,5608,11787
4818,1372,5600,11803
4819,1377,5577,11826
4820,1367,5603,11820
4821,1393,5580,11823
4822,1374,5607,11783
4823,1369,5608,11810
4824,1391,5583,11804
4825,1392,5607,11819
4826,1386,5595,11826
4827,1375,5593,11792
4828,1380,5580,11815
4829,1379,5581,11816
4830,1384,5601,11809
4831,1383,5601,11814
4832,1373,5589,11816
4833,1397,5607,11796
4834,1388,5566,11833
4835,1383,5594,11785
4836,1403,5586,11805
4837,1383,5596,11797
4838,1395,5581,11792
4839,1384,5608,11802
4840,1384,5600,11804
4841,1387,5588,11816
4842,1401,5600,11784
4843,1388,5592,11815
4844,1380,5586,11822
4845,1391,5601,11816
4846,1387,5579,11802
4847,1391,5589,11785
4848,1388,5572,11782
4849,1389,5604,11796
4850,1395,5588,11791
4851,1389,5602,11808
4852,1381,5602,11800
4853,1387,5586,11794
4854,1384,5602,11811
4855,1384,5602,11787
4856,1384,5591,11831
4857,1388,5597,11803
4858,1391,5590,11769
4859,1404,5574,11803
4860,1374,5584,11817
4861,1376,5599,11782
4862,1382,5606,11795
4863,1390,5603,11809
4864,1371,5583,11818
4865,1385,5602,11790
4866,1386,5592,11785
4867,1384,5595,11805
4868,1379,5583,11809
4869,1390,5596,11835
4870,1378,5583,11790
4871,1379,5602,11811
4872,1379,5579,11815
4873,1400,5592,11791
4874,1383,5583,11827
4875,1390,5589,11791
4876,1394,5596,11814
4877,1396,5587,11783
4878,1386,5582,11791
4879,1383,5591,11800
4880,1396,5589,11797
4881,1388,5592,11804
4882,1381,5599,11804
4883,1387,5610,11781
4884,1389,5588,11809
4885,1382,5597,11797
4886,1382,5595,11791
4887,1394,5625,11812
4888,1361,5582,11842
4889,1385,5599,11799
4890,1372,5603,11796
4891,1384,5597,11812
4892,1396,5617,11821
4893,1391,5617,11798
4894,1382,5565,11810
4895,1399,5581,11799
4896,1372,5610,11804
4897,1385,5590,11781
4898,1387,5593,11810
4899,1385,5599,11816
4900,1376,5586,11821
4901,1377,5593,11794
4902,1396,5577,11793
4903,1371,5599,11812
4904,1387,5603,11783
4905,1396,5580,11800
4906,1394,5597,11796
4907,1379,5598,11787
4908,1377,5599,11811
4909,1373,5602,11823
4910,1388,5585,11792
4911,1378,5566,11798
4912,1394,5592,11826
4913,1382,5587,11788
4914,1384,5588,11802
4915,1398,5589,11791
4916,1373,5626,11795
4917,1385,5577,11811
4918,1390,5599,11800
4919,1386,5595,11814
4920,1385,5602,11797
4921,1385,5599,11805
4922,1399,5591,11798
4923,1383,5579,11803
4924,1392,5600,11795
4925,1393,5589,11791
4926,1385,5622,11798
4927,1384,5593,11799
4928,1392,5596,11783
4929,1391,5599,11808
4930,1373,5607,11784
4931,1381,5589,11811
4932,1387,5574,11783
4933,1389,5598,11808
4934,1388,5575,11832
4935,1389,5623,11778
4936,1385,5593,11818
4937,1376,5594,11804
4938,1381,5581,11807
4939,1390,5580,11782
4940,1394,5565,11803
4941,1399,5603,11799
4942,1384,5584,11793
4943,1402,5589,11786
4944,1394,5603,11807
4945,1394,5567,11781
4946,1392,5580,11798
4947,1386,5579,11820
4948,1390,5602,11810
4949,1386,5607,11811
4950,1381,5592,11830
4951,1393,5604,11808
4952,1387,5600,11789
4953,1387,5610,11786
4954,1389,5593,11813
4955,1374,5596,11792
4956,1380,5580,11798
4957,1389,5581,11817
4958,1393,5587,11821
4959,1384,5585,11810
4960,1381,5590,11806
4961,1381,5590,11810
4962,1387,5606,11763
4963,1384,5575,11833
4964,1386,5577,11819
4965,1400,5595,11797
4966,1382,5594,11784
4967,1385,5581,11804
4968,1373,5594,11805
4969,1387,5603,11784
4970,1393,5593,11806
4971,1392,5589,11816
4972,1386,5571,11796
4973,1383,5594,11800
4974,1402,5589,11784
4975,1388,5567,11817
4976,1377,5601,11819
4977,1382,5583,11816
4978,1375,5595,11807
4979,1390,5576,11809
4980,1386,5576,11834
4981,1375,5597,11803
4982,1373,5574,11808
4983,1377,5563,11824
4984,1385,5603,11777
4985,1380,5598,11781
4986,1382,5572,11804
4987,1396,5586,11821
4988,1378,5600,11801
4989,1395,5596,11802
4990,1385,5585,11848
4991,1380,5601,11815
4992,1378,5621,11784
4993,1393,5572,11823
4994,1390,5608,11792
4995,1386,5596,11820
4996,1380,5611,11795
4997,1373,5596,11794
4998,1390,5581,11804
4999,1383,5592,11826
5000,1382,5588,11813
5001,1383,5582,11809
5002,1389,5604,11796
5003,1397,5588,11798
5004,1384,5599,11797
5005,1384,5603,11786
5006,1376,5567,11808
5007,1380,5601,11801
5008,1389,5574,11827
5009,1395,5597,11787
5010,1377,5609,11773
5011,1391,5582,11816
5012,1386,5584,11826
5013,1382,5598,11828
5014,1376,5592,11786
5015,1397,5582,11812
5016,1384,5604,11793
5017,1385,5598,11841
5018,1367,5588,11823
5019,1394,5602,11786
5020,1383,5590,11792
5021,1371,5600,11804
5022,1380,5598,11791
5023,1381,5569,11812
5024,1395,5586,11807
5025,1386,5620,11788
5026,1384,5600,11795
5027,1391,5596,11805
5028,1399,5579,11824
5029,1388,5604,11825
5030,1380,5599,11798
5031,1382,5580,11816
5032,1378,5601,11782
5033,1389,5621,11825
5034,1375,5583,11816
5035,1390,5589,11817
5036,1387,5594,11812
5037,1383,5587,11834
5038,1391,5593,11785
5039,1372,5576,11832
5040,1394,5586,11776
5041,1388,5596,11798
5042,1400,5573,11789
5043,1382,5601,11803
5044,1374,5592,11824
5045,1386,5610,11772
5046,1380,5607,11822
5047,1394,5585,11799
5048,1387,5594,11841
5049,1394,5587,11804
5050,1381,5598,11774
5051,1390,5599,11790
5052,1385,5592,11815
5053,1400,5603,11802
5054,1382,5607,11808
5055,1387,5553,11794
5056,1386,5591,11813
5057,1386,5600,11792
5058,1380,5573,11789
5059,1373,5606,11809
5060,1391,5599,11806
5061,1379,5587,11847
5062,1390,5589,11819
5063,1392,5580,11819
5064,1381,5584,11820
5065,1383,5593,11803
5066,1385,5603,11788
5067,1384,5577,11795
5068,1394,5576,11829
5069,1382,5601,11803
5070,1384,5603,11788
5071,1395,5604,11814
5072,1394,5593,11759
5073,1388,5591,11832
5074,1390,5594,11742
5075,1365,5576,11812
5076,1380,5603,11801
5077,1394,5608,11773
5078,1384,5588,11799
5079,1388,5589,11806
5080,1395,5608,11787
5081,1387,5563,11809
5082,1377,5592,11786
5083,1387,5574,11827
5084,1379,5601,11784
5085,1384,5607,11787
5086,1387,5587,11829
5087,1390,5596,11794
5088,1391,5587,11761
5089,1387,5590,11809
5090,1398,5592,11826
5091,1380,5590,11828
5092,1408,5574,11793
5093,1385,5597,11803
5094,1387,5597,11786
5095,1385,5596,11804
5096,1368,5599,11823
5097,1384,5606,11809
5098,1385,5601,11794
5099,1392,5589,11786
5100,1382,5610,11793
5101,1387,5600,11761
5102,1398,5596,11779
5103,1385,5600,11859
5104,1375,5593,11810
5105,1370,5577,11786
5106,1391,5584,11805
5107,1411,5579,11789
5108,1395,5593,11821
5109,1399,5609,11799
5110,1386,5588,11824
5111,1392,5591,11805
5112,1380,5586,11817
5113,1387,5601,11825
5114,1406,5578,11803
5115,1382,5598,11788
5116,1390,5584,11802
5117,1374,5609,11770
5118,1379,5591,11813
5119,1386,5587,11789
5120,1384,5582,11816
5121,1374,5585,11790
5122,1384,5595,11823
5123,1381,5597,11799
5124,1387,5597,11817
5125,1396,5586,11802
5126,1385,5594,11788
5127,1394,5599,11791
5128,1390,5580,11808
5129,1392,5588,11789
5130,1388,5596,11794
5131,1380,5592,11818
5132,1385,5591,11819
5133,1381,5593,11779
5134,1383,5587,11817
5135,1395,5586,11807
5136,1384,5587,11825
5137,1375,5593,11786
5138,1377,5603,11801
5139,1403,5614,11824
5140,1383,5584,11797
5141,1387,5601,11789
5142,1395,5602,11817
5143,1391,5591,11804
5144,1372,5571,11784
5145,1382,5592,11814
5146,1390,5566,11779
5147,1389,5588,11796
5148,1392,5582,11824
5149,1400,5583,11771
5150,1381,5593,11806
5151,1390,5592,11797
5152,1391,5597,11775
5153,1392,5596,11841
5154,1376,5565,11813
5155,1381,5598,11794
5156,1388,5605,11825
5157,1388,5574,11804
5158,1375,5572,11797
5159,1377,5598,11821
5160,1377,5576,11800
5161,1386,5587,11789
5162,1387,5595,11791
5163,1392,5613,11798
5164,1383,5597,11807
5165,1387,5598,11794
5166,1388,5596,11799
5167,1393,5576,11818
5168,1386,5608,11794
5169,1390,5585,11810
5170,1393,5589,11796
5171,1390,5592,11776
5172,1402,5589,11787
5173,1372,5587,11813
5174,1388,5589,11801
5175,1379,5590,11817
5176,1393,5588,11799
5177,1389,5612,11797
5178,1380,5555,11829
5179,1371,5572,11811
5180,1384,5600,11814
5181,1398,5555,11800
5182,1394,5596,11797
5183,1393,5594,11804
5184,1381,5599,11783
5185,1401,5570,11788
5186,1385,5608,11797
5187,1387,5621,11760
5188,1377,5597,11799
5189,1383,5611,11810
5190,1381,5583,11818
5191,1378,5594,11808
5192,1379,5590,11801
5193,1380,5604,11794
5194,1388,5603,11824
5195,1386,5587,11792
5196,1384,5568,11796
5197,1376,5573,11802
5198,1381,5568,11796
5199,1391,5594,11788
5200,1401,5600,11778
5201,1380,5589,11797
5202,1385,5579,11812
5203,1379,5587,11781
5204,1393,5592,11776
5205,1397,5585,11771
5206,1386,5582,11793
5207,1385,5591,11821
5208,1384,5604,11811
5209,1387,5577,11821
5210,1388,5601,11786
5211,1379,5581,11831
5212,1373,5592,11820
5213,1392,5585,11813
5214,1415,5603,11799
5215,1372,5577,11804
5216,1389,5589,11802
5217,1381,5608,11817
5218,1382,5593,11781
5219,1372,5605,11792
5220,1387,5586,11799
5221,1388,5579,11790
5222,1387,5595,11799
5223,1387,5584,11853
5224,1368,5589,11803
5225,1398,5579,11818
5226,1376,5601,11778
5227,1388,5605,11797
5228,1390,5603,11798
5229,1387,5588,11825
5230,1382,5607,11834
5231,1388,5599,11794
5232,1383,5570,11812
5233,1387,5589,11780
5234,1380,5610,11819
5235,1385,5604,11803
5236,1388,5603,11799
5237,1360,5610,11831
5238,1385,5586,11804
5239,1392,5593,11796
5240,1385,5585,11813
5241,1378,5599,11788
5242,1385,5586,11806
5243,1386,5593,11795
5244,1390,5608,11797
5245,1376,5554,11805
5246,1382,5599,11828
5247,1382,5592,11796
5248,1382,5573,11816
5249,1387,5604,11788
5250,1390,5606,11785
5251,1371,5584,11798
5252,1383,5568,11832
5253,1383,5586,11795
5254,1374,5607,11795
5255,1396,5614,11793
5256,1400,5567,11810
5257,1381,5590,11791
5258,1407,5597,11799
5259,1369,5585,11822
5260,1402,5591,11808
5261,1393,5581,11825
5262,1393,5600,11809
5263,1404,5580,11815
5264,1387,5586,11780
5265,1394,5591,11810
5266,1375,5586,11821
5267,1381,5591,11797
5268,1404,5593,11811
5269,1389,5580,11805
5270,1386,5600,11781
5271,1380,5603,11792
5272,1405,5590,11794
5273,1374,5598,11807
5274,1390,5578,11806
5275,1385,5577,11815
5276,1382,5589,11820
5277,1390,5594,11803
5278,1387,5598,11803
5279,1390,5573,11802
5280,1401,5601,11806
5281,1383,5619,11796
5282,1395,5603,11806
5283,1388,5602,11800
5284,1401,5592,11829
5285,1392,5589,11781
5286,1390,5602,11817
5287,1385,5601,11795
5288,1399,5588,11813
5289,1385,5600,11795
5290,1395,5594,11802
5291,1383,5594,11821
5292,1390,5605,11795
5293,1383,5605,11836
5294,1399,5584,11796
5295,1399,5597,11793
5296,1391,5610,11773
5297,1379,5574,11816
5298,1384,5577,11787
5299,1389,5611,11808
5300,1391,5609,11808
5301,1390,5599,11786
5302,1387,5596,11790
5303,1375,5595,11783
5304,1387,5596,11797
5305,1389,5595,11796
5306,1381,5579,11822
5307,1380,5605,11782
5308,1384,5580,11816
5309,1381,5606,11799
5310,1389,5608,11847
5311,1392,5594,11809
5312,1385,5600,11821
5313,1393,5560,11821
5314,1383,5606,11816
5315,1370,5591,11787
5316,1383,5570,11806
5317,1384,5590,11797
5318,1381,5574,11806
5319,1383,5597,11779
5320,1379,5608,11782
5321,1371,5590,11796
5322,1390,5590,11786
5323,1387,5569,11825
5324,1388,5583,11774
5325,1393,5601,11784
5326,1398,5573,11808
5327,1391,5587,11781
5328,1390,5578,11818
5329,1383,5563,11807
5330,1383,5590,11802
5331,1392,5591,11811
5332,1396,5585,11793
5333,1379,5596,11795
5334,1392,5585,11809
5335,1393,5578,11801
5336,1388,5578,11794
5337,1386,5598,11789
5338,1379,5605,11800
5339,1386,5588,11796
5340,1382,5582,11791
5341,1385,5610,11821
5342,1380,5591,11814
5343,1374,5591,11802
5344,1391,5599,11807
5345,1373,5601,11788
5346,1385,5601,11765
5347,1394,5594,11800
5348,1380,5577,11805
5349,1380,5603,11797
5350,1384,5571,11788
5351,1388,5581,11794
5352,1375,5585,11803
5353,1396,5558,11817
5354,1395,5590,11826
5355,1384,5595,11793
5356,1397,5599,11814
5357,1376,5609,11800
5358,1381,5594,11796
5359,1388,5596,11799
5360,1375,5607,11794
5361,1370,5609,11783
5362,1395,5593,11777
5363,1396,5593,11805
5364,1385,5581,11819
5365,1388,5579,11806
5366,1379,5576,11800
5367,1391,5609,11832
5368,1389,5600,11808
5369,1410,5588,11794
5370,1388,5608,11807
5371,1383,5598,11787
5372,1382,5578,11818
5373,1381,5612,11814
5374,1400,5585,11789
5375,1375,5609,11828
5376,1393,5592,11783
5377,1377,5586,11815
5378,1375,5607,11791
5379,1381,5605,11804
5380,1379,5594,11799
5381,1381,5572,11828
5382,1395,5597,11809
5383,1380,5615,11806
5384,1385,5559,11795
5385,1379,5593,11818
5386,1390,5597,11810
5387,1378,5593,11821
5388,1385,5608,11764
5389,1382,5593,11789
5390,1381,5602,11771
5391,1394,5596,11786
5392,1388,5600,11821
5393,1384,5594,11804
5394,1382,5593,11806
5395,1386,5602,11812
5396,1391,5593,11819
5397,1384,5570,11807
5398,1391,5582,11815
5399,1383,5591,11831
5400,1396,5592,11788
5401,1389,5597,11808
5402,1390,5596,11804
5403,1379,5614,11821
5404,1407,5587,11799
5405,1387,5586,11799
5406,1385,5593,11805
5407,1377,5596,11824
5408,1378,5597,11787
5409,1386,5610,11772
5410,1399,5598,11800
5411,1392,5570,11830
5412,1380,5585,11817
5413,1382,5589,11775
5414,1393,5613,11799
5415,1380,5612,11782
5416,1385,5598,11785
5417,1374,5584,11804
5418,1385,5591,11812
5419,1389,5601,11797
5420,1384,5585,11792
5421,1391,5585,11818
5422,1377,5573,11812
5423,1374,5581,11782
5424,1390,5597,11785
5425,1383,5596,11815
5426,1387,5604,11786
5427,1388,5590,11816
5428,1382,5595,11781
5429,1373,5588,11803
5430,1380,5585,11816
5431,1377,5601,11834
5432,1394,5614,11795
5433,1381,5612,11802
5434,1382,5585,11828
5435,1386,5583,11798
5436,1391,5596,11804
5437,1389,5604,11812
5438,1388,5600,11791
5439,1385,5614,11774
5440,1382,5598,11794
5441,1398,5584,11786
5442,1386,5608,11815
5443,1390,5584,11826
5444,1372,5596,11814
5445,1391,5602,11778
5446,1397,5594,11785
5447,1393,5598,11781
5448,1386,5587,11794
5449,1381,5590,11795
5450,1388,5592,11783
5451,1390,5595,11814
5452,1376,5614,11812
5453,1396,5592,11814
5454,1389,5603,11810
5455,1391,5584,11818
5456,1382,5578,11806
5457,1376,5586,11821
5458,1383,5603,11790
5459,1379,5601,11796
5460,1376,5580,11810
5461,1369,5594,11805
5462,1381,5585,11804
5463,1390,5591,11808
5464,1390,5591,11816
5465,1389,5579,11811
5466,1378,5613,11800
5467,1374,5574,11819
5468,1389,5564,11805
5469,1379,5593,11823
5470,1383,5601,11806
5471,1383,5596,11799
5472,1391,5597,11786
5473,1395,5583,11834
5474,1382,5611,11808
5475,1387,5616,11775
5476,1380,5588,11800
5477,1384,5593,11816
5478,1386,5586,11822
5479,1388,5578,11820
5480,1384,5607,11789
5481,1389,5599,11821
5482,1383,5587,11783
5483,1393,5577,11803
5484,1386,5584,11833
5485,1389,5614,11818
5486,1389,5581,11794
5487,1371,5602,11806
5488,1389,5597,11806
5489,1388,5597,11800
5490,1384,5618,11806
5491,1388,5601,11801
5492,1382,5589,11814
5493,1374,5584,11835
5494,1385,5586,11795
5495,1386,5603,11773
5496,1392,5582,11791
5497,1384,5582,11804
5498,1385,5594,11805
5499,1405,5589,11776
5500,1390,5593,11792
5501,1383,5577,11805
5502,1400,5593,11799
5503,1391,5596,11811
5504,1386,5596,11791
5505,1384,5601,11775
5506,1385,5581,11774
5507,1393,5594,11810
5508,1376,5602,11814
5509,1385,5574,11811
5510,1387,5583,11795
5511,1392,5585,11806
5512,1387,5590,11805
5513,1387,5579,11787
5514,1384,5582,11808
5515,1384,5596,11801
5516,1383,5592,11829
5517,1378,5614,11824
5518,1377,5572,11819
5519,1389,5587,11770
5520,1386,5581,11819
5521,1383,5606,11793
5522,1370,5597,11819
5523,1379,5602,11832
5524,1378,5585,11828
5525,1392,5601,11810
5526,1382,5589,11828
5527,1394,5580,11813
5528,1385,5588,11795
5529,1390,5602,11822
5530,1380,5601,11838
5531,1377,5601,11786
5532,1384,5598,11800
5533,1381,5587,11785
5534,1384,5607,11789
5535,1389,5585,11831
5536,1383,5604,11803
5537,1388,5589,11811
5538,1381,5586,11790
5539,1386,5594,11805
5540,1396,5602,11783
5541,1388,5586,11785
5542,1380,5595,11809
5543,1381,5587,11784
5544,1388,5606,11794
5545,1384,5597,11812
5546,1374,5586,11809
5547,1365,5610,11787
5548,1399,5581,11800
5549,1388,5599,11788
5550,1389,5591,11830
5551,1384,5601,11795
5552,1380,5577,11817
5553,1393,5607,11829
5554,1395,5588,11802
5555,1374,5600,11801
5556,1377,5590,11814
5557,1376,5602,11795
5558,1392,5593,11831
5559,1376,5618,11808
5560,1392,5602,11785
5561,1386,5592,11788
5562,1392,5613,11808
5563,1387,5592,11785
5564,1406,5588,11786
5565,1377,5585,11808
5566,1382,5573,11824
5567,1382,5593,11803
5568,1381,5584,11828
5569,1392,5590,11815
5570,1372,5593,11819
5571,1367,5601,11780
5572,1387,5604,11804
5573,1381,5595,11789
5574,1380,5590,11794
5575,1390,5574,11832
5576,1373,5596,11809
5577,1393,5591,11790
5578,1393,5601,11833
5579,1376,5588,11804
5580,1385,5599,11792
5581,1393,5598,11791
5582,1386,5609,11778
5583,1377,5604,11803
5584,1383,5587,11826
5585,1395,5597,11794
5586,1389,5589,11786
5587,1389,5612,11789
5588,1387,5602,11794
5589,1381,5600,11803
5590,1391,5591,11846
5591,1392,5584,11833
5592,1389,5597,11807
5593,1385,5612,11783
5594,1386,5593,11795
5595,1400,5570,11790
5596,1394,5596,11814
5597,1387,5616,11819
5598,1394,5599,11816
5599,1387,5607,11794
5600,1386,5614,11787
5601,1401,5593,11813
5602,1377,5579,11823
5603,1400,5582,11780
5604,1384,5609,11805
5605,1383,5593,11790
5606,1397,5601,11792
5607,1382,5597,11826
5608,1391,5607,11768
5609,1378,5599,11791
5610,1385,5560,11814
5611,1394,5603,11815
5612,1378,5579,11812
5613,1376,5598,11797
5614,1369,5587,11828
5615,1404,5601,11790
5616,1386,5585,11797
5617,1386,5602,11803
5618,1393,5608,11816
5619,1387,5581,11811
5620,1383,5601,11790
5621,1377,5570,11804
5622,1389,5595,11792
5623,1381,5607,11833
5624,1391,5597,11800
5625,1385,5582,11816
5626,1386,5594,11784
5627,1382,5578,11828
5628,1381,5590,11794
5629,1384,5591,11826
5630,1380,5590,11816
5631,1396,5617,11793
5632,1381,5586,11820
5633,1372,5600,11802
5634,1395,5612,11812
5635,1395,5603,11808
5636,1385,5592,11789
5637,1381,5589,11795
5638,1389,5587,11792
5639,1391,5587,11820
5640,1397,5584,11796
5641,1381,5594,11808
5642,1381,5599,11816
5643,1382,5593,11803
5644,1388,5585,11779
5645,1407,5577,11765
5646,1381,5587,11801
5647,1384,5608,11793
5648,1386,5587,11799
5649,1383,5570,11770
5650,1380,5605,11803
5651,1393,5584,11823
5652,1389,5590,11844
5653,1390,5590,11785
5654,1380,5601,11827
5655,1392,5583,11814
5656,1386,5611,11803
5657,1382,5618,11810
5658,1399,5589,11774
5659,1385,5598,11780
5660,1395,5604,11813
5661,1379,5605,11803
5662,1379,5578,11822
5663,1383,5616,11805
5664,1390,5594,11795
5665,1386,5598,11802
5666,1395,5593,11848
5667,1396,5595,11784
5668,1384,5601,11809
5669,1391,5579,11796
5670,1396,5591,11814
5671,1376,5578,11811
5672,1392,5602,11794
5673,1387,5606,11823
5674,1379,5575,11811
5675,1381,5574,11805
5676,1381,5592,11805
5677,1390,5609,11776
5678,1381,5593,11821
5679,1382,5600,11810
5680,1372,5565,11819
5681,1384,5598,11784
5682,1382,5587,11803
5683,1387,5592,11843
5684,1376,5596,11818
5685,1383,5577,11812
5686,1384,5599,11826
5687,1389,5608,11820
5688,1385,5607,11767
5689,1382,5607,11811
5690,1370,5581,11795
5691,1391,5590,11817
5692,1380,5590,11796
5693,1381,5598,11820
5694,1378,5621,11784
5695,1372,5583,11835
5696,1379,5598,11791
5697,1391,5585,11776
5698,1372,5599,11801
5699,1390,5591,11808
5700,1382,5612,11804
5701,1392,5602,11807
5702,1387,5602,11820
5703,1387,5586,11820
5704,1399,5589,11785
5705,1389,5585,11807
5706,1382,5606,11791
5707,1395,5581,11803
5708,1388,5565,11802
5709,1389,5589,11808
5710,1376,5583,11803
5711,1388,5613,11810
5712,1378,5594,11812
5713,1391,5591,11789
5714,1381,5576,11805
5715,1381,5586,11818
5716,1381,5594,11800
5717,1400,5576,11817
5718,1388,5596,11833
5719,1391,5606,11786
5720,1394,5583,11810
5721,1389,5587,11782
5722,1392,5582,11778
5723,1390,5610,11798
5724,1378,5611,11808
5725,1383,5585,11800
5726,1383,5577,11794
5727,1377,5611,11768
5728,1383,5593,11828
5729,1391,5588,11789
5730,1385,5608,11810
5731,1390,5605,11806
5732,1384,5596,11779
5733,1397,5612,11786
5734,1390,5573,11819
5735,1386,5574,11808
5736,1400,5597,11802
5737,1405,5605,11776
5738,1375,5606,11795
5739,1393,5603,11812
5740,1380,5599,11802
5741,1369,5599,11786
5742,1377,5590,11785
5743,1393,5568,11807
5744,1378,5606,11808
5745,1395,5587,11802
5746,1386,5603,11808
5747,1386,5598,11784
5748,1392,5608,11788
5749,1377,5596,11800
5750,1384,5602,11795
5751,1373,5613,11795
5752,1383,5610,11792
5753,1386,5602,11785
5754,1393,5608,11794
5755,1382,5585,11801
5756,1382,5592,11788
5757,1395,5593,11814
5758,1392,5581,11787
5759,1380,5591,11805
5760,1398,5580,11799
5761,1378,5584,11807
5762,1382,5593,11802
5763,1376,5617,11809
5764,1374,5597,11784
5765,1386,5594,11793
5766,1385,5579,11791
5767,1367,5598,11800
5768,1381,5586,11822
5769,1385,5612,11763
5770,1390,5571,11812
5771,1385,5577,11801
5772,1386,5593,11789
5773,1376,5605,11820
5774,1379,5564,11807
5775,1391,5593,11801
5776,1382,5606,11821
5777,1402,5601,11790
5778,1389,5598,11796
5779,1385,5595,11816
5780,1383,5603,11788
5781,1388,5594,11810
5782,1387,5613,11802
5783,1388,5598,11803
5784,1370,5590,11784
5785,1385,5588,11814
5786,1385,5583,11787
5787,1394,5583,11819
5788,1392,5596,11786
5789,1386,5600,11799
5790,1376,5613,11808
5791,1393,5601,11785
5792,1390,5601,11787
5793,1383,5611,11809
5794,1386,5597,11813
5795,1384,5580,11824
5796,1391,5582,11778
5797,1389,5603,11789
5798,1384,5589,11803
5799,1401,5580,11819
5800,1373,5590,11812
5801,1377,5600,11807
5802,1379,5614,11800
5803,1379,5596,11796
5804,1393,5593,11822
5805,1391,5579,11807
5806,1397,5596,11832
5807,1393,5590,11807
5808,1379,5615,11788
5809,1385,5605,11798
5810,1373,5618,11808
5811,1397,5586,11831
5812,1392,5595,11775
5813,1388,5614,11801
5814,1378,5582,11798
5815,1394,5583,11809
5816,1386,5613,11818
5817,1380,5605,11774
5818,1386,5593,11803
5819,1394,5607,11825
5820,1378,5607,11789
5821,1379,5581,11788
5822,1375,5576,11830
5823,1386,5618,11794
5824,1389,5592,11834
5825,1390,5592,11810
5826,1389,5585,11797
5827,1390,5600,11778
5828,1383,5597,11815
5829,1396,5571,11787
5830,1379,5587,11795
5831,1399,5597,11814
5832,1392,5569,11807
5833,1400,5622,11806
5834,1373,5592,11828
5835,1387,5588,11792
5836,1394,5600,11823
5837,1361,5594,11793
5838,1382,5585,11800
5839,1391,5576,11800
5840,1389,5582,11817
5841,1382,5591,11810
5842,1368,5587,11809
5843,1390,5624,11838
5844,1373,5583,11771
5845,1387,5607,11776
5846,1387,5572,11791
5847,1386,5591,11819
5848,1390,5580,11802
5849,1392,5590,11801
5850,1396,5568,11805
5851,1382,5586,11786
5852,1395,5597,11817
5853,1372,5590,11808
5854,1397,5595,11790
5855,1392,5598,11835
5856,1401,5584,11791
5857,1382,5602,11815
5858,1389,5604,11819
5859,1381,5610,11775
5860,1382,5589,11821
5861,1391,5570,11789
5862,1390,5604,11796
5863,1372,5597,11797
5864,1391,5599,11794
5865,1392,5588,11801
5866,1387,5599,11821
5867,1389,5586,11793
5868,1379,5600,11783
5869,1389,5574,11840
5870,1374,5586,11796
5871,1395,5611,11830
5872,1381,5595,11799
5873,1376,5578,11804
5874,1395,5601,11774
5875,1390,5600,11789
5876,1385,5604,11821
5877,1389,5601,11796
5878,1381,5614,11785
5879,1393,5608,11811
5880,1388,5596,11815
5881,1389,5583,11785
5882,1406,5588,11792
5883,1390,5588,11817
5884,1394,5584,11804
5885,1378,5610,11803
5886,1375,5587,11795
5887,1390,5585,11777
5888,1384,5607,11809
5889,1382,5590,11802
5890,1392,5600,11800
5891,1385,5588,11840
5892,1387,5589,11826
5893,1372,5580,11772
5894,1386,5584,11788
5895,1376,5616,11793
5896,1388,5624,11779
5897,1392,5579,11807
5898,1397,5603,11794
5899,1395,5589,11796
5900,1393,5586,11822
5901,1394,5600,11781
5902,1377,5581,11816
5903,1395,5612,11782
5904,1388,5583,11807
5905,1384,5595,11803
5906,1387,5606,11789
5907,1379,5591,11814
5908,1385,5594,11823
5909,1392,5611,11819
5910,1399,5592,11789
5911,1379,5605,11802
5912,1382,5570,11789
5913,1392,5604,11793
5914,1382,5587,11808
5915,1389,5583,11782
5916,1386,5591,11806
5917,1389,5596,11796
5918,1395,5595,11812
5919,1388,5623,11779
5920,1380,5588,11804
5921,1374,5592,11824
5922,1382,5613,11813
5923,1383,5601,11801
5924,1381,5578,11807
5925,1385,5584,11821
5926,1376,5598,11793
5927,1393,5589,11834
5928,1388,5569,11777
5929,1385,5565,11805
5930,1394,5609,11775
5931,1386,5593,11824
5932,1388,5585,11784
5933,1390,5582,11785
5934,1369,5582,11839
5935,1381,5612,11794
5936,1386,5591,11813
5937,1385,5571,11811
5938,1390,5604,11791
5939,1395,5582,11782
5940,1390,5578,11797
5941,1392,5601,11796
5942,1384,5617,11762
5943,1374,5577,11812
5944,1392,5598,11802
5945,1374,5590,11829
5946,1379,5575,11805
5947,1383,5583,11795
5948,1379,5591,11795
5949,1377,5567,11805
5950,1380,5602,11778
5951,1397,5572,11833
5952,1379,5589,11805
5953,1389,5608,11785
5954,1377,5614,11790
5955,1381,5583,11804
5956,1373,5585,11802
5957,1399,5579,11804
5958,1388,5598,11789
5959,1380,5596,11820
5960,1390,5581,11784
5961,1385,5582,11821
5962,1411,5575,11767
5963,1376,5606,11809
5964,1388,5586,11801
5965,1388,5582,11794
5966,1391,5579,11801
5967,1396,5592,11789
5968,1398,5592,11817
5969,1378,5602,11814
5970,1383,5596,11818
5971,1385,5615,11810
5972,1392,5580,11789
5973,1391,5600,11781
5974,1396,5592,11832
5975,1373,5594,11814
5976,1381,5573,11816
5977,1392,5596,11825
5978,1383,5607,11795
5979,1381,5589,11807
5980,1397,5577,11796
5981,1391,5583,11827
5982,1393,5577,11812
5983,1381,5583,11801
5984,1387,5576,11813
5985,1380,5598,11812
5986,1386,5599,11788
5987,1390,5596,11802
5988,1395,5605,11793
5989,1387,5574,11805
5990,1389,5587,11799
5991,1384,5614,11797
5992,1382,5595,11791
5993,1395,5587,11785
5994,1391,5606,11800
5995,1393,5583,11809
5996,1380,5600,11815
5997,1380,5587,11809
5998,1390,5604,11803
5999,1380,5577,11809
6000,1387,5569,11812
6001,1386,5595,11796
6002,1386,5614,11797
6003,1382,5593,11818
6004,1393,5590,11809
6005,1383,5582,11806
6006,1395,5585,11816
6007,1402,5581,11796
6008,1385,5591,11802
6009,1400,5568,11798
6010,1381,5593,11784
6011,1391,5588,11798
6012,1378,5593,11804
6013,1381,5596,11804
6014,1382,5609,11837
6015,1408,5574,11796
6016,1389,5616,11799
6017,1388,5614,11790
6018,1381,5591,11803
6019,1374,5586,11818
6020,1391,5566,11763
6021,1379,5576,11831
6022,1387,5600,11813
6023,1389,5581,11797
6024,1387,5591,11807
6025,1404,5598,11791
6026,1391,5588,11794
6027,1391,5605,11786
6028,1386,5590,11784
6029,1397,5572,11811
6030,1389,5599,11819
6031,1381,5592,11818
6032,1389,5595,11788
6033,1393,5584,11811
6034,1393,5585,11823
6035,1370,5583,11810
6036,1381,5600,11821
6037,1383,5591,11801
6038,1382,5599,11818
6039,1385,5585,11786
6040,1381,5608,11791
6041,1381,5596,11812
6042,1375,5597,11819
6043,1384,5602,11778
6044,1391,5591,11803
6045,1377,5632,11786
6046,1388,5593,11790
6047,1390,5594,11816
6048,1372,5593,11799
6049,1393,5591,11822
6050,1377,5613,11791
6051,1380,5596,11799
6052,1399,5596,11798
6053,1388,5583,11767
6054,1401,5595,11786
6055,1390,5591,11782
6056,1385,5604,11799
6057,1378,5581,11813
6058,1386,5592,11798
6059,1384,5576,11807
6060,1388,5589,11799
6061,1389,5608,11790
6062,1404,5615,11798
6063,1381,5599,11808
6064,1394,5556,11774
6065,1384,5609,11806
6066,1393,5595,11818
6067,1375,5598,11815
6068,1366,5589,11824
6069,1396,5611,11827
6070,1390,5601,11798
6071,1386,5591,11795
6072,1384,5577,11834
6073,1393,5597,11802
6074,1389,5606,11815
6075,1381,5605,11774
6076,1381,5599,11810
6077,1391,5571,11825
6078,1376,5611,11817
6079,1387,5606,11807
6080,1386,5569,11798
6081,1383,5589,11790
6082,1377,5603,11814
6083,1392,5599,11808
6084,1372,5598,11787
6085,1374,5601,11826
6086,1386,5607,11805
6087,1387,5595,11819
6088,1377,5590,11782
6089,1389,5582,11826
6090,1395,5591,11808
6091,1374,5588,11822
6092,1396,5580,11816
6093,1381,5603,11799
6094,1390,5604,11807
6095,1381,5581,11817
6096,1377,5571,11801
6097,1404,5592,11760
6098,1392,5593,11823
6099,1373,5581,11809
6100,1384,5578,11815
6101,1383,5604,11819
6102,1378,5583,11800
6103,1393,5592,11792
6104,1383,5580,11814
6105,1369,5594,11810
6106,1370,5576,11807
6107,1393,5568,11782
6108,1376,5580,11797
6109,1377,5598,11821
6110,1394,5590,11808
6111,1390,5604,11801
6112,1382,5590,11814
6113,1375,5601,11787
6114,1390,5601,11805
6115,1391,5619,11790
6116,1390,5592,11788
6117,1389,5592,11804
6118,1394,5595,11810
6119,1394,5598,11769
6120,1391,5582,11842
6121,1385,5587,11784
6122,1387,5575,11851
6123,1388,5594,11827
6124,1399,5602,11783
6125,1384,5608,11795
6126,1386,5592,11823
6127,1389,5573,11815
6128,1405,5593,11775
6129,1378,5577,11828
6130,1387,5595,11811
6131,1388,5587,11807
6132,1375,5581,11799
6133,1390,5601,11806
6134,1384,5590,11824
6135,1383,5569,11793
6136,1373,5576,11797
6137,1381,5595,11783
6138,1385,5603,11773
6139,1373,5601,11793
6140,1393,5600,11805
6141,1374,5588,11810
6142,1378,5585,11811
6143,1382,5593,11819
6144,1385,5591,11796
6145,1388,5600,11793
6146,1381,5608,11813
6147,1393,5559,11822
6148,1397,5586,11783
6149,1392,5602,11811
6150,1390,5600,11797
6151,1373,5580,11803
6152,1389,5595,11792
6153,1373,5599,11796
6154,1382,5591,11818
6155,1384,5575,11789
6156,1391,5613,11799
6157,1391,5594,11802
6158,1376,5612,11800
6159,1392,5579,11768
6160,1395,5594,11814
6161,1376,5598,11799
6162,1383,5582,11801
6163,1398,5613,11789
6164,1390,5576,11823
6165,1395,5591,11780
6166,1390,5598,11802
6167,1393,5591,11814
6168,1379,5604,11822
6169,1375,5596,11809
6170,1391,5576,11815
6171,1382,5605,11805
6172,1387,5578,11810
6173,1386,5592,11781
6174,1385,5606,11834
6175,1382,5607,11787
6176,1390,5605,11819
6177,1397,5579,11788
6178,1385,5604,11768
6179,1373,5591,11822
6180,1389,5586,11810
6181,1397,5583,11787
6182,1389,5612,11788
6183,1374,5593,11758
6184,1378,5611,11811
6185,1388,5599,11782
6186,1396,5588,11803
6187,1386,5585,11793
6188,1398,5582,11817
6189,1385,5612,11773
6190,1394,5597,11832
6191,1403,5590,11801
6192,1378,5609,11776
6193,1389,5604,11812
6194,1373,5601,11834
6195,1382,5586,11785
6196,1392,5599,11813
6197,1400,5573,11819
6198,1392,5601,11817
6199,1399,5607,11783
6200,1396,5584,11802
6201,1393,5596,11783
6202,1377,5606,11770
6203,1393,5598,11809
6204,1372,5575,11806
6205,1386,5585,11829
6206,1392,5594,11818
6207,1391,5589,11789
6208,1390,5590,11820
6209,1374,5594,11797
6210,1381,5585,11808
6211,1376,5597,11796
6212,1388,5578,11785
6213,1384,5609,11805
6214,1394,5611,11802
6215,1388,5601,11790
6216,1394,5591,11819
6217,1394,5600,11775
6218,1383,5579,11814
6219,1387,5591,11806
6220,1401,5583,11809
6221,1385,5613,11787
6222,1378,5587,11801
6223,1388,5588,11791
6224,1393,5589,11788
6225,1387,5578,11800
6226,1373,5614,11798
6227,1384,5612,11819
6228,1384,5595,11814
6229,1384,5594,11789
6230,1389,5589,11800
6231,1387,5600,11813
6232,1388,5596,11802
6233,1385,5580,11801
6234,1383,5578,11801
6235,1389,5601,11815
6236,1391,5609,11810
6237,1405,5582,11810
6238,1380,5601,11796
6239,1383,5600,11768
6240,1389,5586,11796
6241,1399,5577,11822
6242,1390,5588,11816
6243,1391,5609,11811
6244,1373,5590,11795
6245,1385,5594,11818
6246,1376,5589,11784
6247,1380,5567,11800
6248,1389,5607,11786
6249,1399,5593,11826
6250,1383,5600,11790
6251,1388,5608,11790
6252,1385,5598,11801
6253,1372,5575,11809
6254,1393,5577,11840
6255,1380,5599,11802
6256,1395,5587,11822
6257,1382,5604,11812
6258,1385,5590,11830
6259,1377,5593,11820
6260,1376,5588,11804
6261,1392,5589,11799
6262,1388,5596,11812
6263,1387,5599,11828
6264,1371,5584,11816
6265,1373,5593,11821
6266,1374,5592,11820
6267,1391,5589,11793
6268,1398,5583,11806
6269,1377,5615,11813
6270,1379,5589,11818
6271,1399,5584,11815
6272,1385,5578,11795
6273,1394,5587,11812
6274,1386,5598,11788
6275,1383,5582,11812
6276,1388,5589,11824
6277,1379,5563,11803
6278,1387,5612,11783
6279,1376,5593,11810
6280,1380,5570,11845
6281,1397,5606,11815
6282,1380,5576,11781
6283,1399,5596,11803
6284,1385,5582,11786
6285,1383,5579,11823
6286,1399,5591,11816
6287,1376,5591,11795
6288,1380,5592,11792
6289,1389,5601,11791
6290,1377,5595,11798
6291,1391,5585,11800
6292,1382,5602,11817
6293,1375,5582,11822
6294,1387,5599,11813
6295,1391,5585,11810
6296,1379,5599,11847
6297,1387,5595,11790
6298,1376,5583,11782
6299,1392,5575,11812
6300,1385,5602,11781
6301,1372,5586,11830
6302,1377,5591,11788
6303,1397,5582,11816
6304,1381,5626,11775
6305,1389,5594,11790
6306,1379,5621,11815
6307,1390,5607,11789
6308,1386,5575,11801
6309,1384,5610,11826
6310,1388,5615,11812
6311,1398,5582,11821
6312,1394,5582,11811
6313,1378,5592,11833
6314,1377,5594,11771
6315,1395,5587,11813
6316,1377,5595,11811
6317,1388,5576,11835
6318,1383,5587,11798
6319,1375,5604,11793
6320,1385,5597,11814
6321,1388,5578,11777
6322,1391,5613,11766
6323,1390,5591,11786
6324,1377,5575,11809
6325,1390,5596,11797
6326,1393,5599,11818
6327,1377,5600,11818
6328,1371,5595,11765
6329,1368,5596,11820
6330,1392,5594,11799
6331,1383,5599,11802
6332,1388,5581,11778
6333,1402,5596,11793
6334,1380,5578,11793
6335,1385,5580,11814
6336,1387,5588,11812
6337,1381,5597,11796
6338,1395,5582,11784
6339,1392,5596,11799
6340,1393,5574,11821
6341,1385,5592,11812
6342,1389,5602,11776
6343,1375,5579,11821
6344,1374,5621,11799
6345,1385,5598,11790
6346,1371,5592,11825
6347,1400,5614,11786
6348,1386,5587,11786
6349,1381,5585,11794
6350,1389,5582,11820
6351,1388,5582,11816
6352,1391,5600,11799
6353,1392,5614,11767
6354,1400,5597,11799
6355,1383,5589,11782
6356,1374,5583,11783
6357,1394,5622,11780
6358,1369,5593,11804
6359,1381,5603,11822
6360,1370,5609,11805
6361,1383,5608,11801
6362,1393,5594,11806
6363,1404,5595,11809
6364,1383,5586,11795
6365,1387,5599,11778
6366,1382,5600,11823
6367,1380,5613,11825
6368,1384,5582,11830
6369,1384,5589,11788
6370,1398,5584,11801
6371,1389,5585,11798
6372,1385,5604,11816
6373,1389,5603,11774
6374,1371,5585,11824
6375,1383,5604,11817
6376,1382,5596,11798
6377,1379,5592,11816
6378,1393,5581,11801
6379,1396,5573,11820
6380,1399,5568,11818
6381,1383,5599,11815
6382,1373,5584,11813
6383,1381,5587,11783
6384,1374,5593,11784
6385,1383,5592,11767
6386,1394,5601,11760
6387,1386,5601,11805
6388,1391,5601,11805
6389,1393,5594,11795
6390,1394,5576,11804
6391,1376,5608,11820
6392,1374,5610,11792
6393,1404,5575,11798
6394,1384,5615,11786
6395,1390,5586,11759
6396,1384,5587,11805
6397,1390,5608,11820
6398,1377,5596,11799
6399,1390,5595,11799
6400,1378,5597,11803
6401,1395,5581,11831
6402,1393,5591,11823
6403,1392,5598,11824
6404,1372,5599,11803
6405,1369,5552,11818
6406,1397,5586,11800
6407,1384,5576,11844
6408,1387,5574,11827
6409,1389,5566,11806
6410,1382,5601,11819
6411,1394,5595,11794
6412,1390,5589,11804
6413,1391,5595,11773
6414,1399,5600,11799
6415,1374,5599,11790
6416,1400,5557,11777
6417,1388,5611,11797
6418,1375,5575,11824
6419,1382,5599,11795
6420,1403,5599,11825
6421,1396,5596,11803
6422,1377,5597,11805
6423,1382,5600,11775
6424,1392,5576,11828
6425,1380,5595,11816
6426,1378,5590,11793
6427,1388,5596,11793
6428,1390,5626,11807
6429,1399,5577,11807
6430,1388,5588,11789
6431,1381,5604,11797
6432,1395,5587,11797
6433,1386,5590,11792
6434,1369,5580,11788
6435,1380,5601,11811
6436,1372,5586,11820
6437,1388,5592,11813
6438,1388,5580,11802
6439,1378,5576,11826
6440,1384,5595,11773
6441,1389,5590,11792
6442,1396,5576,11818
6443,1394,5594,11803
6444,1388,5590,11799
6445,1393,5579,11809
6446,1387,5582,11810
6447,1377,5597,11807
6448,1393,5593,11797
6449,1396,5593,11786
6450,1391,5594,11827
6451,1396,5605,11787
6452,1389,5613,11817
6453,1386,5583,11805
6454,1401,5579,11826
6455,1380,5583,11812
6456,1389,5583,11813
6457,1376,5610,11795
6458,1382,5597,11805
6459,1389,5586,11780
6460,1383,5591,11789
6461,1390,5598,11807
6462,1392,5572,11789
6463,1372,5581,11822
6464,1394,5614,11800
6465,1385,5590,11818
6466,1383,5620,11779
6467,1391,5582,11789
6468,1397,5617,11807
6469,1380,5598,11822
6470,1389,5566,11821
6471,1389,5607,11808
6472,1386,5587,11804
6473,1404,5567,11791
6474,1388,5604,11772
6475,1374,5593,11821
6476,1374,5610,11767
6477,1377,5601,11795
6478,1396,5573,11841
6479,1397,5594,11808
6480,1391,5584,11781
6481,1394,5590,11787
6482,1388,5591,11819
6483,1386,5600,11802
6484,1405,5555,11804
6485,1379,5609,11786
6486,1394,5588,11816
6487,1381,5577,11836
6488,1377,5605,11775
6489,1380,5586,11825
6490,1376,5604,11811
6491,1389,5585,11818
6492,1375,5567,11820
6493,1411,5593,11790
6494,1389,5576,11806
6495,1387,5600,11801
6496,1374,5584,11800
6497,1387,5604,11824
6498,1395,5600,11806
6499,1383,5597,11826
6500,1388,5617,11804
6501,1382,5604,11798
6502,1372,5591,11801
6503,1385,5588,11812
6504,1385,5602,11783
6505,1399,5590,11786
6506,1389,5600,11789
6507,1382,5590,11802
6508,1380,5582,11842
6509,1373,5574,11791
6510,1383,5592,11808
6511,1394,5626,11813
6512,1381,5591,11783
6513,1389,5584,11814
6514,1388,5617,11787
6515,1382,5597,11827
6516,1379,5599,11788
6517,1378,5577,11794
6518,1387,5574,11797
6519,1375,5584,11824
6520,1397,5598,11805
6521,1377,5594,11806
6522,1380,5607,11805
6523,1382,5574,11813
6524,1390,5580,11793
6525,1394,5601,11802
6526,1389,5595,11805
6527,1399,5582,11820
6528,1392,5606,11820
6529,1387,5600,11779
6530,1380,5622,11816
6531,1382,5587,11815
6532,1383,5602,11797
6533,1376,5592,11808
6534,1384,5588,11807
6535,1386,5598,11793
6536,1375,5600,11794
6537,1381,5589,11801
6538,1375,5582,11812
6539,1385,5611,11787
6540,1385,5593,11796
6541,1381,5615,11810
6542,1378,5593,11805
6543,1400,5592,11822
6544,1389,5589,11817
6545,1393,5599,11798
6546,1369,5600,11811
6547,1380,5580,11816
6548,1392,5597,11784
6549,1375,5588,11830
6550,1374,5592,11834
6551,1379,5589,11786
6552,1389,5587,11796
6553,1380,5581,11787
6554,1380,5615,11799
6555,1376,5580,11832
6556,1383,5588,11816
6557,1376,5583,11810
6558,1386,5592,11783
6559,1375,5591,11792
6560,1372,5596,11800
6561,1380,5598,11834
6562,1401,5592,11824
6563,1398,5585,11788
6564,1378,5619,11814
6565,1384,5595,11795
6566,1392,5587,11792
6567,1387,5577,11826
6568,1375,5597,11786
6569,1389,5601,11797
6570,1386,5576,11783
6571,1381,5602,11790
6572,1381,5596,11813
6573,1392,5596,11802
6574,1384,5591,11797
6575,1382,5605,11801
6576,1385,5583,11825
6577,1398,5584,11821
6578,1379,5597,11785
6579,1406,5593,11802
6580,1383,5590,11799
6581,1392,5624,11799
6582,1379,5591,11827
6583,1387,5582,11781
6584,1394,5597,11810
6585,1393,5573,11798
6586,1381,5603,11817
6587,1379,5603,11797
6588,1392,5593,11805
6589,1378,5591,11796
6590,1387,5580,11824
6591,1385,5599,11790
6592,1394,5587,11790
6593,1392,5606,11805
6594,1387,5584,11794
6595,1392,5609,11789
6596,1385,5626,11793
6597,1392,5586,11812
6598,1386,5583,11812
6599,1388,5602,11792
6600,1380,5589,11818
6601,1388,5614,11827
6602,1376,5603,11829
6603,1382,5590,11804
6604,1394,5595,11793
6605,1376,5561,11821
6606,1385,5589,11810
6607,1385,5600,11828
6608,1376,5600,11805
6609,1384,5611,11828
6610,1375,5592,11775
6611,1372,5587,11823
6612,1376,5583,11802
6613,1396,5592,11802
6614,1390,5595,11797
6615,1389,5598,11793
6616,1378,5602,11809
6617,1403,5594,11797
6618,1391,5575,11818
6619,1388,5596,11791
6620,1384,5578,11785
6621,1379,5591,11803
6622,1389,5586,11770
6623,1392,5586,11801
6624,1377,5581,11817
6625,1377,5589,11798
6626,1377,5602,11774
6627,1382,5622,11795
6628,1400,5602,11796
6629,1382,5597,11816
6630,1396,5597,11815
6631,1384,5594,11808
6632,1375,5619,11796
6633,1385,5604,11816
6634,1374,5589,11809
6635,1384,5587,11827
6636,1372,5610,11822
6637,1393,5601,11773
6638,1378,5587,11825
6639,1385,5586,11813
6640,1387,5577,11788
6641,1386,5599,11770
6642,1382,5568,11796
6643,1381,5585,11786
6644,1389,5590,11796
6645,1393,5572,11789
6646,1367,5577,11799
6647,1372,5613,11812
6648,1392,5593,11803
6649,1375,5586,11803
6650,1382,5596,11809
6651,1387,5606,11791
6652,1391,5611,11768
6653,1381,5600,11807
6654,1376,5611,11773
6655,1377,5590,11825
6656,1382,5610,11791
6657,1395,5610,11791
6658,1375,5590,11807
6659,1382,5596,11776
6660,1385,5575,11810
6661,1380,5599,11816
6662,1385,5588,11807
6663,1386,5606,11800
6664,1378,5584,11776
6665,1394,5602,11811
6666,1383,5588,11809
6667,1384,5574,11822
6668,1387,5597,11813
6669,1373,5603,11786
6670,1370,5581,11840
6671,1387,5601,11794
6672,1366,5599,11832
6673,1392,5601,11804
6674,1380,5586,11786
6675,1386,5601,11791
6676,1390,5615,11792
6677,1379,5591,11790
6678,1389,5586,11781
6679,1376,5595,11825
6680,1383,5602,11829
6681,1396,5582,11821
6682,1389,5598,11808
6683,1378,5605,11822
6684,1389,5580,11830
6685,1389,5594,11789
6686,1375,5591,11817
6687,1384,5580,11784
6688,1389,5590,11801
6689,1402,5586,11801
6690,1395,5612,11803
6691,1379,5613,11819
6692,1379,5592,11796
6693,1393,5592,11814
6694,1394,5601,11803
6695,1378,5579,11825
6696,1390,5591,11813
6697,1384,5609,11825
6698,1385,5584,11797
6699,1392,5595,11787
6700,1383,5586,11781
6701,1390,5592,11787
6702,1380,5600,11830
6703,1390,5586,11801
6704,1378,5585,11810
6705,1382,5590,11803
6706,1402,5605,11795
6707,1375,5613,11771
6708,1386,5581,11813
6709,1399,5601,11798
6710,1389,5598,11808
6711,1386,5601,11817
6712,1385,5592,11820
6713,1382,5579,11815
6714,1372,5603,11801
6715,1389,5595,11804
6716,1394,5587,11782
6717,1405,5602,11817
6718,1377,5587,11828
6719,1379,5573,11800
6720,1395,5600,11759
6721,1372,5583,11803
6722,1390,5606,11786
6723,1380,5592,11784
6724,1388,5586,11816
6725,1393,5601,11804
6726,1383,5606,11775
6727,1379,5591,11805
6728,1382,5597,11818
6729,1396,5601,11804
6730,1372,5610,11824
6731,1386,5594,11799
6732,1397,5565,11819
6733,1389,5597,11799
6734,1397,5585,11801
6735,1388,5581,11804
6736,1391,5589,11788
6737,1395,5596,11810
6738,1388,5585,11795
6739,1379,5599,11810
6740,1369,5582,11809
6741,1398,5599,11793
6742,1384,5581,11812
6743,1391,5604,11801
6744,1403,5606,11777
6745,1377,5618,11839
6746,1410,5607,11801
6747,1404,5578,11810
6748,1397,5595,11797
6749,1380,5581,11829
6750,1381,5599,11808
6751,1391,5609,11799
6752,1387,5592,11794
6753,1377,5569,11820
6754,1378,5601,11790
6755,1381,5586,11810
6756,1384,5584,11818
6757,1386,5584,11815
6758,1388,5591,11771
6759,1387,5593,11794
6760,1379,5582,11811
6761,1380,5587,11810
6762,1377,5597,11778
6763,1379,5571,11823
6764,1390,5602,11801
6765,1386,5609,11794
6766,1377,5595,11819
6767,1380,5596,11805
6768,1388,5609,11788
6769,1390,5593,11772
6770,1388,5596,11803
6771,1396,5564,11793
6772,1383,5606,11818
6773,1377,5574,11788
6774,1389,5582,11789
6775,1382,5591,11798
6776,1389,5611,11791
6777,1378,5576,11781
6778,1391,5588,11800
6779,1381,5587,11821
6780,1389,5590,11810
6781,1378,5594,11795
6782,1390,5610,11799
6783,1379,5594,11819
6784,1392,5595,11784
6785,1383,5549,11795
6786,1385,5582,11808
6787,1386,5593,11795
6788,1382,5603,11799
6789,1402,5616,11798
6790,1383,5599,11812
6791,1385,5606,11791
6792,1368,5585,11810
6793,1377,5598,11795
6794,1392,5587,11780
6795,1396,5609,11791
6796,1389,5586,11799
6797,1386,5602,11801
6798,1378,5590,11818
6799,1389,5597,11780
6800,1383,5588,11782
6801,1379,5587,11792
6802,1398,5597,11841
6803,1385,5607,11786
6804,1392,5583,11806
6805,1391,5589,11778
6806,1396,5596,11785
6807,1386,5607,11804
6808,1392,5580,11785
6809,1389,5583,11790
6810,1392,5590,11827
6811,1370,5580,11795
6812,1371,5596,11810
6813,1394,5596,11797
6814,1393,5600,11819
6815,1370,5578,11810
6816,1388,5583,11799
6817,1380,5598,11819
6818,1382,5612,11782
6819,1371,5573,11803
6820,1383,5576,11792
6821,1386,5564,11806
6822,1384,5585,11790
6823,1378,5600,11785
6824,1391,5616,11818
6825,1384,5585,11804
6826,1388,5586,11818
6827,1383,5579,11806
6828,1384,5605,11816
6829,1392,5608,11795
6830,1375,5592,11796
6831,1386,5596,11780
6832,1393,5595,11825
6833,1395,5610,11800
6834,1382,5582,11819
6835,1395,5584,11806
6836,1394,5583,11803
6837,1397,5601,11815
6838,1388,5596,11826
6839,1381,5603,11779
6840,1394,5594,11798
6841,1382,5603,11797
6842,1370,5581,11809
6843,1388,5591,11803
6844,1392,5598,11808
6845,1383,5604,11802
6846,1388,5613,11808
6847,1375,5581,11831
6848,1390,5569,11807
6849,1393,5627,11801
6850,1393,5615,11790
6851,1354,5586,11845
6852,1378,5615,11784
6853,1378,5583,11788
6854,1381,5594,11813
6855,1397,5591,11809
6856,1394,5568,11801
6857,1385,5588,11805
6858,1387,5595,11821
6859,1379,5597,11805
6860,1389,5598,11820
6861,1388,5593,11775
6862,1378,5587,11809
6863,1396,5575,11805
6864,1398,5582,11811
6865,1384,5579,11798
6866,1366,5571,11807
6867,1385,5579,11795
6868,1385,5602,11819
6869,1385,5579,11793
6870,1390,5603,11809
6871,1383,5578,11791
6872,1383,5604,11819
6873,1379,5583,11795
6874,1400,5578,11801
6875,1393,5603,11813
6876,1391,5608,11792
6877,1386,5590,11785
6878,1387,5620,11809
6879,1383,5607,11793
6880,1376,5607,11791
6881,1380,5594,11815
6882,1399,5592,11813
6883,1383,5584,11797
6884,1376,5591,11835
6885,1381,5607,11768
6886,1375,5583,11817
6887,1392,5581,11796
6888,1395,5602,11779
6889,1389,5577,11785
6890,1385,5582,11810
6891,1389,5606,11784
6892,1388,5592,11821
6893,1392,5576,11814
6894,1387,5584,11806
6895,1382,5577,11817
6896,1388,5578,11820
6897,1385,5598,11794
6898,1395,5580,11823
6899,1392,5600,11805
6900,1387,5600,11802
6901,1380,5581,11826
6902,1393,5608,11775
6903,1373,5606,11792
6904,1394,5604,11819
6905,1389,5596,11800
6906,1380,5581,11797
6907,1394,5597,11788
6908,1376,5604,11786
6909,1410,5595,11773
6910,1374,5586,11815
6911,1384,5587,11811
6912,1378,5603,11807
6913,1395,5613,11816
6914,1386,5606,11801
6915,1385,5599,11798
6916,1383,5569,11809
6917,1385,5606,11777
6918,1380,5590,11831
6919,1382,5573,11812
6920,1383,5592,11800
6921,1383,5575,11803
6922,1380,5611,11777
6923,1395,5587,11814
6924,1386,5598,11800
6925,1396,5594,11824
6926,1389,5576,11826
6927,1405,5585,11784
6928,1389,5594,11790
6929,1381,5572,11809
6930,1373,5567,11806
6931,1383,5601,11800
6932,1386,5604,11782
6933,1389,5589,11822
6934,1382,5601,11797
6935,1396,5599,11772
6936,1386,5584,11770
6937,1391,5589,11806
6938,1385,5596,11806
6939,1371,5595,11790
6940,1382,5617,11785
6941,1399,5587,11794
6942,1368,5572,11779
6943,1383,5586,11808
6944,1382,5595,11794
6945,1396,5591,11787
6946,1390,5601,11803
6947,1381,5598,11792
6948,1370,5585,11831
6949,1379,5591,11791
6950,1381,5594,11791
6951,1383,5594,11809
6952,1376,5593,11769
6953,1390,5605,11797
6954,1379,5598,11800
6955,1394,5594,11791
6956,1390,5601,11810
6957,1369,5585,11791
6958,1383,5591,11794
6959,1387,5592,11835
6960,1390,5602,11799
6961,1389,5589,11799
6962,1390,5606,11789
6963,1383,5589,11784
6964,1374,5578,11806
6965,1379,5597,11775
6966,1389,5599,11811
6967,1395,5591,11806
6968,1386,5598,11794
6969,1374,5586,11806
6970,1376,5588,11801
6971,1389,5590,11813
6972,1394,5580,11813
6973,1384,5615,11780
6974,1385,5593,11782
6975,1387,5592,11792
6976,1402,5603,11812
6977,1389,5609,11779
6978,1373,5585,11793
6979,1375,5601,11796
6980,1398,5587,11801
6981,1376,5610,11792
6982,1380,5619,11836
6983,1384,5581,11839
6984,1384,5585,11771
6985,1367,5572,11793
6986,1383,5589,11820
6987,1382,5598,11812
6988,1376,5604,11821
6989,1377,5612,11817
6990,1393,5596,11812
6991,1379,5612,11794
6992,1377,5555,11787
6993,1392,5583,11794
6994,1387,5595,11787
6995,1373,5599,11813
6996,1393,5593,11793
6997,1403,5579,11803
6998,1386,5619,11790
6999,1405,5606,11775
7000,1384,5608,11777
7001,1388,5594,11797
7002,1393,5593,11790
7003,1387,5591,11796
7004,1383,5578,11795
7005,1392,5586,11793
7006,1379,5598,11791
7007,1387,5589,11799
7008,1381,5587,11774
7009,1392,5617,11793
7010,1396,5594,11799
7011,1396,5563,11805
7012,1383,5607,11817
7013,1383,5609,11772
7014,1392,5601,11787
7015,1378,5596,11789
7016,1395,5579,11782
7017,1382,5600,11819
7018,1386,5583,11808
7019,1387,5615,11782
7020,1378,5574,11816
7021,1381,5597,11805
7022,1398,5588,11806
7023,1388,5571,11807
7024,1386,5584,11810
7025,1387,5591,11796
7026,1380,5571,11790
7027,1401,5596,11799
7028,1392,5575,11792
7029,1384,5620,11808
7030,1372,5576,11809
7031,1385,5579,11805
7032,1379,5599,11781
7033,1376,5583,11830
7034,1387,5593,11815
7035,1388,5606,11783
7036,1394,5583,11804
7037,1371,5598,11772
7038,1370,5587,11803
7039,1385,5605,11822
7040,1391,5588,11813
7041,1384,5576,11804
7042,1389,5591,11812
7043,1368,5595,11811
7044,1379,5589,11806
7045,1401,5591,11815
7046,1370,5596,11801
7047,1395,5585,11785
7048,1380,5613,11791
7049,1388,5575,11798
7050,1389,5578,11806
7051,1386,5595,11812
7052,1388,5578,11829
7053,1369,5587,11817
7054,1385,5570,11796
7055,1378,5611,11806
7056,1382,5609,11808
7057,1389,5570,11799
7058,1384,5586,11809
7059,1391,5598,11783
7060,1390,5609,11810
7061,1402,5605,11792
7062,1375,5592,11809
7063,1404,5608,11782
7064,1387,5601,11796
7065,1388,5594,11793
7066,1395,5592,11804
7067,1387,5585,11795
7068,1385,5594,11811
7069,1384,5566,11812
7070,1379,5587,11846
7071,1387,5604,11800
7072,1386,5598,11797
7073,1386,5579,11826
7074,1383,5580,11793
7075,1388,5593,11790
7076,1395,5611,11793
7077,1382,5587,11776
7078,1392,5591,11793
7079,1384,5581,11795
7080,1379,5622,11805
7081,1396,5606,11826
7082,1387,5608,11806
7083,1384,5606,11784
7084,1375,5595,11830
7085,1380,5587,11815
7086,1386,5569,11816
7087,1379,5585,11783
7088,1393,5586,11811
7089,1400,5585,11783
7090,1375,5596,11790
7091,1391,5593,11830
7092,1387,5594,11821
7093,1382,5605,11795
7094,1384,5578,11806
7095,1394,5590,11790
7096,1362,5599,11806
7097,1384,5581,11816
7098,1390,5575,11778
7099,1385,5602,11812
7100,1384,5585,11807
7101,1386,5584,11806
7102,1394,5573,11818
7103,1386,5597,11815
7104,1385,5594,11795
7105,1395,5584,11835
7106,1389,5592,11820
7107,1385,5595,11809
7108,1395,5577,11816
7109,1377,5607,11802
7110,1385,5581,11761
7111,1387,5590,11785
7112,1382,5601,11795
7113,1384,5590,11821
7114,1378,5581,11805
7115,1378,5585,11811
7116,1381,5589,11832
7117,1378,5589,11817
7118,1391,5586,11796
7119,1388,5577,11845
7120,1375,5587,11860
7121,1396,5604,11830
7122,1383,5594,11787
7123,1392,5604,11783
7124,1386,5604,11819
7125,1394,5606,11799
7126,1380,5599,11830
7127,1365,5582,11808
7128,1382,5602,11768
7129,1381,5588,11791
7130,1392,5595,11824
7131,1380,5589,11803
7132,1366,5585,11817
7133,1389,5598,11797
7134,1378,5592,11812
7135,1384,5601,11793
7136,1381,5587,11791
7137,1375,5578,11833
7138,1391,5576,11810
7139,1384,5607,11813
7140,1388,5589,11804
7141,1388,5606,11777
7142,1374,5608,11796
7143,1388,5611,11822
7144,1383,5575,11817
7145,1377,5594,11799
7146,1392,5592,11830
7147,1382,5575,11818
7148,1390,5596,11794
7149,1384,5600,11782
7150,1386,5571,11805
7151,1396,5594,11801
7152,1387,5613,11819
7153,1388,5585,11797
7154,1383,5576,11819
7155,1382,5605,11815
7156,1393,5594,11804
7157,1381,5592,11836
7158,1381,5604,11778
7159,1387,5599,11781
7160,1382,5576,11814
7161,1391,5569,11808
7162,1394,5599,11810
7163,1394,5602,11793
7164,1393,5586,11805
7165,1384,5579,11804
7166,1373,5594,11794
7167,1387,5584,11801
7168,1389,5594,11804
7169,1394,5573,11811
7170,1389,5578,11771
7171,1386,5604,11814
7172,1395,5592,11810
7173,1387,5605,11803
7174,1394,5600,11808
7175,1381,5594,11808
7176,1381,5589,11776
7177,1384,5573,11812
7178,1369,5579,11813
7179,1377,5598,11784
7180,1370,5583,11823
7181,1385,5598,11792
7182,1388,5599,11812
7183,1393,5589,11824
7184,1388,5597,11817
7185,1399,5577,11773
7186,1383,5606,11816
7187,1393,5584,11770
7188,1386,5576,11803
7189,1387,5599,11779
7190,1383,5596,11809
7191,1386,5602,11791
7192,1386,5602,11819
7193,1390,5602,11827
7194,1390,5569,11834
7195,1391,5577,11808
7196,1380,5588,11820
7197,1383,5584,11780
7198,1393,5565,11810
7199,1393,5599,11808
7200,1382,5580,11788
7201,1381,5603,11796
7202,1392,5584,11818
7203,1395,5599,11794
7204,1387,5598,11792
7205,1381,5591,11763
7206,1381,5591,11783
7207,1382,5598,11794
7208,1385,5584,11785
7209,1376,5602,11787
7210,1391,5583,11817
7211,1366,5563,11801
7212,1384,5617,11804
7213,1380,5585,11824
7214,1384,5594,11801
7215,1379,5583,11821
7216,1379,5595,11784
7217,1384,5601,11790
7218,1383,5582,11799
7219,1379,5626,11794
7220,1373,5591,11813
7221,1393,5609,11799
7222,1394,5578,11788
7223,1387,5559,11797
7224,1373,5573,11805
7225,1387,5590,11785
7226,1386,5606,11818
7227,1384,5595,11791
7228,1387,5588,11832
7229,1399,5590,11793
7230,1396,5584,11786
7231,1394,5595,11793
7232,1394,5581,11791
7233,1393,5597,11809
7234,1379,5579,11802
7235,1387,5585,11816
7236,1386,5615,11797
7237,1398,5619,11809
7238,1387,5597,11803
7239,1385,5600,11798
7240,1398,5589,11814
7241,1385,5567,11805
7242,1376,5600,11777
7243,1406,5578,11804
7244,1383,5610,11785
7245,1387,5595,11805
7246,1382,5564,11815
7247,1386,5599,11793
7248,1389,5595,11793
7249,1391,5574,11786
7250,1373,5599,11817
7251,1402,5593,11805
7252,1380,5597,11809
7253,1387,5601,11811
7254,1382,5605,11813
7255,1386,5574,11799
7256,1394,5577,11811
7257,1383,5578,11847
7258,1389,5608,11814
7259,1393,5568,11822
7260,1395,5592,11798
7261,1381,5596,11835
7262,1390,5593,11800
7263,1374,5603,11790
7264,1392,5610,11818
7265,1372,5601,11811
7266,1389,5600,11803
7267,1384,5588,11806
7268,1398,5589,11827
7269,1390,5576,11792
7270,1398,5587,11793
7271,1381,5586,11816
7272,1393,5605,11794
7273,1388,5588,11808
7274,1387,5590,11802
7275,1396,5600,11821
7276,1380,5599,11808
7277,1380,5596,11792
7278,1391,5590,11825
7279,1393,5605,11818
7280,1376,5598,11799
7281,1380,5609,11831
7282,1380,5590,11824
7283,1394,5611,11784
7284,1390,5585,11814
7285,1391,5599,11818
7286,1386,5594,11831
7287,1387,5583,11828
7288,1392,5604,11803
7289,1385,5599,11795
7290,1391,5580,11818
7291,1390,5597,11793
7292,1382,5581,11797
7293,1386,5587,11797
7294,1397,5583,11807
7295,1387,5594,11817
7296,1381,5589,11800
7297,1383,5591,11788
7298,1385,5586,11802
7299,1398,5591,11785
7300,1387,5590,11811
7301,1387,5607,11797
7302,1385,5565,11788
7303,1395,5605,11771
7304,1379,5579,11825
7305,1382,5610,11810
7306,1383,5601,11796
7307,1391,5602,11806
7308,1381,5581,11817
7309,1380,5598,11839
7310,1391,5596,11785
7311,1399,5610,11780
7312,1395,5583,11796
7313,1387,5577,11804
7314,1387,5593,11782
7315,1395,5581,11796
7316,1388,5594,11800
7317,1396,5592,11817
7318,1367,5606,11786
7319,1385,5594,11794
7320,1382,5577,11799
7321,1383,5612,11804
7322,1389,5588,11789
7323,1378,5594,11788
7324,1371,5596,11807
7325,1392,5588,11800
7326,1381,5613,11807
7327,1388,5606,11772
7328,1390,5596,11806
7329,1379,5607,11782
7330,1384,5603,11780
7331,1383,5584,11835
7332,1380,5581,11803
7333,1388,5617,11824
7334,1383,5574,11790
7335,1382,5603,11802
7336,1389,5594,11797
7337,1388,5581,11768
7338,1383,5579,11820
7339,1385,5607,11776
7340,1388,5579,11824
7341,1390,5595,11792
7342,1390,5604,11779
7343,1394,5600,11785
7344,1390,5585,11774
7345,1383,5589,11816
7346,1400,5604,11819
7347,1389,5579,11803
7348,1387,5575,11853
7349,1393,5606,11815
7350,1386,5579,11805
7351,1391,5598,11820
7352,1389,5598,11791
7353,1387,5585,11789
7354,1387,5596,11825
7355,1390,5594,11801
7356,1372,5578,11798
7357,1381,5604,11778
7358,1386,5600,11786
7359,1379,5569,11815
7360,1386,5574,11805
7361,1387,5589,11794
7362,1395,5603,11824
7363,1388,5586,11819
7364,1372,5586,11804
7365,1397,5592,11836
7366,1379,5586,11790
7367,1382,5606,11805
7368,1382,5591,11769
7369,1377,5601,11782
7370,1391,5595,11800
7371,1378,5599,11813
7372,1393,5608,11787
7373,1373,5580,11811
7374,1379,5608,11814
7375,1380,5608,11789
7376,1388,5579,11803
7377,1379,5597,11795
7378,1396,5593,11777
7379,1396,5585,11795
7380,1385,5579,11794
7381,1394,5605,11824
7382,1378,5585,11836
7383,1391,5572,11827
7384,1394,5573,11820
7385,1378,5611,11812
7386,1368,5587,11813
7387,1398,5613,11788
7388,1379,5596,11798
7389,1385,5600,11822
7390,1367,5594,11817
7391,1387,5601,11788
7392,1375,5586,11806
7393,1375,5596,11774
7394,1380,5580,11820
7395,1389,5591,11821
7396,1391,5593,11798
7397,1388,5592,11819
7398,1388,5587,11791
7399,1378,5598,11821
7400,1381,5568,11789
7401,1375,5613,11781
7402,1384,5589,11783
7403,1384,5588,11776
7404,1386,5576,11805
7405,1381,5583,11813
7406,1383,5612,11789
7407,1387,5600,11792
7408,1379,5590,11793
7409,1391,5597,11796
7410,1385,5574,11793
7411,1397,5560,11786
7412,1373,5589,11821
7413,1389,5575,11811
7414,1386,5599,11797
7415,1392,5595,11821
7416,1386,5594,11794
7417,1382,5587,11790
7418,1389,5600,11794
7419,1377,5610,11801
7420,1364,5615,11836
7421,1382,5594,11786
7422,1378,5601,11799
7423,1385,5598,11775
7424,1380,5600,11787
7425,1378,5603,11772
7426,1382,5592,11801
7427,1395,5598,11792
7428,1388,5586,11797
7429,1387,5603,11809
7430,1378,5571,11794
7431,1381,5596,11817
7432,1386,5574,11815
7433,1377,5592,11812
7434,1394,5594,11813
7435,1380,5608,11808
7436,1382,5584,11778
7437,1386,5596,11811
7438,1390,5594,11788
7439,1390,5608,11807
7440,1390,5601,11800
7441,1399,5599,11817
7442,1384,5578,11811
7443,1380,5608,11787
7444,1379,5587,11828
7445,1391,5598,11778
7446,1373,5607,11808
7447,1385,5567,11824
7448,1378,5601,11796
7449,1382,5609,11798
7450,1382,5573,11808
7451,1393,5602,11803
7452,1385,5584,11816
7453,1388,5578,11822
7454,1382,5609,11794
7455,1391,5580,11793
7456,1388,5580,11801
7457,1379,5597,11785
7458,1379,5597,11809
7459,1379,5598,11803
7460,1382,5585,11791
7461,1371,5583,11807
7462,1367,5600,11810
7463,1377,5587,11824
7464,1375,5596,11801
7465,1382,5595,11814
7466,1383,5585,11788
7467,1384,5575,11820
7468,1386,5596,11790
7469,1395,5588,11807
7470,1395,5609,11817
7471,1381,5610,11794
7472,1386,5591,11812
7473,1393,5579,11818
7474,1392,5588,11800
7475,1383,5612,11779
7476,1389,5592,11796
7477,1376,5600,11796
7478,1394,5597,11818
7479,1391,5607,11798
7480,1372,5591,11784
7481,1375,5579,11797
7482,1382,5602,11817
7483,1391,5604,11820
7484,1371,5584,11799
7485,1381,5587,11793
7486,1370,5594,11811
7487,1385,5610,11802
7488,1387,5617,11796
7489,1361,5569,11783
7490,1397,5589,11794
7491,1384,5599,11781
7492,1385,5591,11802
7493,1393,5584,11794
7494,1374,5583,11800
7495,1380,5608,11799
7496,1385,5607,11798
7497,1382,5600,11814
7498,1392,5602,11803
7499,1382,5598,11808
7500,1393,5606,11807
7501,1386,5609,11792
7502,1391,5602,11825
7503,1396,5599,11803
7504,1387,5599,11790
7505,1387,5604,11799
7506,1378,5602,11816
7507,1386,5587,11812
7508,1381,5597,11806
7509,1368,5606,11804
7510,1391,5575,11810
7511,1380,5602,11803
7512,1385,5597,11795
7513,1386,5564,11790
7514,1375,5572,11847
7515,1395,5607,11805
7516,1386,5593,11794
7517,1383,5579,11809
7518,1388,5598,11829
7519,1389,5584,11812
7520,1376,5566,11822
7521,1381,5584,11833
7522,1374,5583,11775
7523,1379,5560,11835
7524,1391,5590,11813
7525,1385,5601,11798
7526,1402,5599,11807
7527,1392,5575,11797
7528,1391,5561,11793
7529,1391,5605,11802
7530,1392,5598,11783
7531,1384,5603,11786
7532,1387,5594,11797
7533,1384,5589,11804
7534,1377,5605,11792
7535,1386,5568,11787
7536,1378,5579,11831
7537,1399,5574,11784
7538,1393,5580,11798
7539,1380,5601,11790
7540,1381,5601,11824
7541,1382,5592,11804
7542,1387,5581,11802
7543,1374,5602,11806
7544,1383,5598,11839
7545,1378,5607,11806
7546,1362,5570,11835
7547,1373,5584,11825
7548,1390,5589,11788
7549,1393,5582,11802
7550,1391,5599,11796
7551,1397,5595,11819
7552,1386,5567,11799
7553,1383,5604,11776
7554,1395,5597,11829
7555,1388,5585,11821
7556,1386,5594,11819
7557,1397,5614,11786
7558,1391,5582,11793
7559,1392,5588,11805
7560,1379,5588,11800
7561,1388,5590,11798
7562,1389,5593,11783
7563,1386,5584,11811
7564,1395,5603,11801
7565,1388,5595,11807
7566,1364,5577,11814
7567,1382,5601,11793
7568,1379,5590,11809
7569,1384,5608,11818
7570,1379,5603,11789
7571,1381,5609,11789
7572,1387,5603,11811
7573,1381,5582,11777
7574,1394,5604,11822
7575,1383,5586,11805
7576,1389,5589,11817
7577,1385,5595,11782
7578,1378,5577,11798
7579,1389,5579,11800
7580,1389,5606,11796
7581,1393,5584,11801
7582,1385,5609,11795
7583,1398,5606,11798
7584,1388,5587,11806
7585,1385,5583,11782
7586,1387,5612,11805
7587,1401,5584,11799
7588,1385,5583,11784
7589,1389,5580,11794
7590,1385,5604,11809
7591,1382,5603,11826
7592,1377,5587,11796
7593,1393,5592,11759
7594,1386,5594,11778
7595,1388,5594,11804
7596,1384,5603,11801
7597,1387,5575,11795
7598,1389,5589,11814
7599,1374,5591,11792
7600,1379,5585,11780
7601,1382,5590,11787
7602,1400,5586,11800
7603,1382,5581,11806
7604,1382,5604,11806
7605,1390,5585,11786
7606,1382,5569,11803
7607,1392,5580,11803
7608,1390,5573,11812
7609,1388,5585,11798
7610,1376,5599,11813
7611,1385,5589,11804
7612,1371,5597,11788
7613,1370,5586,11823
7614,1372,5578,11798
7615,1403,5590,11821
7616,1377,5578,11809
7617,1391,5592,11804
7618,1382,5594,11792
7619,1390,5601,11794
7620,1381,5584,11785
7621,1381,5587,11841
7622,1370,5602,11823
7623,1398,5577,11804
7624,1379,5594,11787
7625,1369,5597,11788
7626,1369,5589,11809
7627,1388,5608,11775
7628,1384,5609,11792
7629,1395,5585,11775
7630,1384,5587,11825
7631,1388,5605,11816
7632,1390,5590,11815
7633,1378,5579,11800
7634,1383,5590,11815
7635,1390,5584,11802
7636,1380,5592,11790
7637,1391,5589,11796
7638,1393,5594,11784
7639,1377,5558,11811
7640,1385,5596,11797
7641,1385,5582,11826
7642,1390,5592,11787
7643,1393,5577,11794
7644,1391,5578,11815
7645,1393,5608,11814
7646,1384,5594,11776
7647,1355,5586,11816
7648,1394,5602,11792
7649,1383,5590,11796
7650,1386,5578,11790
7651,1378,5596,11807
7652,1399,5565,11805
7653,1386,5616,11806
7654,1380,5602,11793
7655,1396,5607,11768
7656,1405,5587,11806
7657,1386,5608,11811
7658,1397,5594,11792
7659,1378,5602,11796
7660,1397,5597,11819
7661,1385,5582,11784
7662,1394,5576,11785
7663,1377,5576,11793
7664,1395,5584,11797
7665,1381,5594,11802
7666,1403,5591,11785
7667,1387,5597,11803
7668,1385,5611,11807
7669,1381,5593,11789
7670,1396,5589,11827
7671,1390,5569,11815
7672,1380,5598,11795
7673,1384,5585,11818
7674,1385,5605,11765
7675,1382,5592,11851
7676,1374,5589,11778
7677,1391,5601,11767
7678,1388,5613,11791
7679,1383,5588,11796
7680,1388,5598,11817
7681,1374,5630,11825
7682,1378,5603,11776
7683,1397,5577,11781
7684,1384,5593,11796
7685,1375,5582,11796
7686,1391,5597,11815
7687,1381,5568,11801
7688,1376,5597,11806
7689,1382,5581,11807
7690,1379,5593,11841
7691,1389,5574,11808
7692,1389,5602,11816
7693,1393,5596,11776
7694,1386,5605,11802
7695,1391,5605,11786
7696,1383,5594,11783
7697,1377,5595,11791
7698,1378,5586,11792
7699,1383,5605,11777
7700,1365,5577,11838
7701,1385,5589,11787
7702,1377,5601,11805
7703,1383,5612,11796
7704,1387,5596,11815
7705,1381,5595,11787
7706,1394,5583,11793
7707,1380,5566,11805
7708,1383,5588,11801
7709,1389,5600,11805
7710,1384,5595,11811
7711,1378,5588,11770
7712,1388,5585,11778
7713,1375,5597,11822
7714,1396,5594,11822
7715,1397,5579,11799
7716,1400,5581,11809
7717,1389,5603,11804
7718,1392,5582,11811
7719,1379,5576,11825
7720,1388,5595,11808
7721,1376,5589,11808
7722,1380,5609,11779
7723,1379,5598,11798
7724,1392,5609,11820
7725,1385,5599,11807
7726,1391,5586,11782
7727,1377,5606,11778
7728,1381,5585,11796
7729,1393,5616,11814
7730,1385,5605,11804
7731,1380,5605,11799
7732,1374,5586,11802
7733,1376,5605,11810
7734,1388,5587,11807
7735,1385,5606,11800
7736,1395,5595,11794
7737,1374,5591,11796
7738,1382,5611,11804
7739,1395,5602,11817
7740,1383,5583,11794
7741,1391,5602,11853
7742,1387,5589,11812
7743,1383,5604,11783
7744,1372,5596,11838
7745,1391,5608,11812
7746,1393,5592,11797
7747,1379,5601,11801
7748,1394,5588,11805
7749,1399,5583,11802
7750,1378,5595,11792
7751,1394,5565,11809
7752,1384,5587,11815
7753,1378,5609,11800
7754,1389,5607,11780
7755,1377,5606,11820
7756,1385,5603,11778
7757,1391,5583,11796
7758,1400,5591,11790
7759,1386,5586,11795
7760,1396,5599,11775
7761,1396,5599,11818
7762,1370,5584,11828
7763,1402,5610,11803
7764,1383,5583,11829
7765,1388,5590,11817
7766,1377,5564,11799
7767,1374,5591,11792
7768,1393,5593,11790
7769,1392,5628,11788
7770,1387,5581,11794
7771,1392,5600,11787
7772,1386,5606,11813
7773,1376,5568,11825
7774,1388,5575,11824
7775,1383,5614,11812
7776,1397,5607,11799
7777,1385,5592,11810
7778,1380,5576,11783
7779,1380,5610,11815
7780,1374,5616,11835
7781,1386,5605,11759
7782,1377,5597,11809
7783,1391,5587,11799
7784,1376,5593,11831
7785,1393,5586,11810
7786,1391,5583,11829
7787,1388,5590,11785
7788,1388,5610,11781
7789,1386,5607,11791
7790,1403,5580,11822
7791,1402,5595,11796
7792,1391,5574,11783
7793,1384,5609,11774
7794,1375,5586,11809
7795,1387,5601,11796
7796,1389,5559,11770
7797,1382,5601,11809
7798,1372,5578,11823
7799,1391,5589,11802
7800,1385,5592,11762
7801,1383,5594,11790
7802,1391,5589,11776
7803,1394,5600,11795
7804,1384,5586,11773
7805,1390,5605,11787
7806,1377,5580,11803
7807,1406,5569,11810
7808,1383,5568,11812
7809,1392,5590,11798
7810,1392,5601,11793
7811,1385,5601,11806
7812,1385,5607,11804
7813,1388,5597,11800
7814,1392,5584,11799
7815,1386,5570,11822
7816,1389,5599,11790
7817,1411,5565,11801
7818,1379,5607,11794
7819,1395,5580,11823
7820,1382,5613,11795
7821,1394,5601,11788
7822,1373,5588,11804
7823,1383,5592,11820
7824,1373,5584,11790
7825,1395,5588,11790
7826,1382,5613,11808
7827,1380,5602,11803
7828,1380,5583,11805
7829,1381,5597,11779
7830,1389,5608,11812
7831,1397,5616,11779
7832,1381,5593,11835
7833,1379,5583,11784
7834,1372,5604,11803
7835,1396,5574,11794
7836,1381,5584,11800
7837,1382,5593,11816
7838,1388,5595,11803
7839,1388,5610,11800
7840,1379,5602,11765
7841,1384,5584,11793
7842,1383,5601,11787
7843,1389,5577,11815
7844,1388,5590,11807
7845,1390,5593,11827
7846,1385,5624,11802
7847,1386,5580,11814
7848,1384,5595,11837
7849,1384,5572,11820
7850,1383,5582,11780
7851,1384,5608,11805
7852,1395,5576,11810
7853,1383,5614,11813
7854,1386,5594,11794
7855,1380,5605,11758
7856,1379,5595,11781
7857,1386,5612,11769
7858,1389,5608,11807
7859,1378,5591,11802
7860,1390,5595,11800
7861,1367,5579,11814
7862,1376,5599,11821
7863,1377,5594,11822
7864,1386,5617,11802
7865,1380,5588,11818
7866,1382,5579,11782
7867,1386,5604,11805
7868,1371,5621,11814
7869,1395,5603,11801
7870,1386,5609,11801
7871,1382,5600,11778
7872,1386,5608,11807
7873,1388,5594,11816
7874,1386,5585,11809
7875,1382,5572,11800
7876,1384,5607,11782
7877,1404,5594,11784
7878,1388,5603,11799
7879,1377,5595,11829
7880,1374,5591,11825
7881,1388,5600,11803
7882,1387,5596,11824
7883,1373,5580,11813
7884,1388,5597,11783
7885,1375,5610,11789
7886,1377,5581,11795
7887,1374,5609,11765
7888,1388,5619,11795
7889,1390,5596,11808
7890,1374,5588,11817
7891,1378,5580,11812
7892,1387,5601,11813
7893,1387,5607,11789
7894,1379,5603,11789
7895,1389,5583,11803
7896,1381,5597,11828
7897,1387,5580,11814
7898,1388,5579,11805
7899,1384,5590,11770
7900,1399,5599,11813
7901,1388,5596,11803
7902,1385,5596,11791
7903,1386,5586,11823
7904,1377,5575,11799
7905,1385,5602,11804
7906,1374,5570,11808
7907,1384,5592,11826
7908,1383,5578,11786
7909,1391,5579,11816
7910,1383,5612,11809
7911,1377,5562,11826
7912,1377,5594,11797
7913,1398,5611,11793
7914,1384,5582,11790
7915,1377,5590,11792
7916,1377,5614,11804
7917,1391,5589,11800
7918,1382,5589,11802
7919,1381,5587,11819
7920,1391,5597,11779
7921,1372,5597,11803
7922,1369,5600,11792
7923,1390,5599,11780
7924,1383,5603,11794
7925,1394,5569,11788
7926,1386,5587,11826
7927,1389,5596,11791
7928,1393,5566,11835
7929,1381,5591,11834
7930,1380,5579,11821
7931,1377,5573,11792
7932,1380,5589,11810
7933,1387,5599,11815
7934,1389,5579,11791
7935,1383,5592,11785
7936,1387,5591,11796
7937,1389,5568,11818
7938,1375,5583,11787
7939,1384,5588,11784
7940,1374,5589,11807
7941,1382,5608,11809
7942,1392,5582,11798
7943,1381,5586,11800
7944,1390,5608,11804
7945,1377,5586,11787
7946,1374,5587,11820
7947,1391,5570,11807
7948,1377,5599,11820
7949,1396,5605,11783
7950,1397,5593,11779
7951,1386,5592,11781
7952,1387,5604,11775
7953,1391,5591,11775
7954,1392,5606,11783
7955,1390,5569,11804
7956,1393,5608,11797
7957,1396,5596,11789
7958,1395,5593,11805
7959,1387,5616,11790
7960,1386,5601,11802
7961,1378,5578,11831
7962,1386,5597,11807
7963,1379,5583,11793
7964,1397,5621,11797
7965,1409,5615,11789
7966,1396,5564,11810
7967,1400,5561,11773
7968,1389,5593,11795
7969,1364,5588,11826
7970,1388,5611,11799
7971,1371,5569,11805
7972,1389,5584,11815
7973,1389,5603,11802
7974,1393,5594,11826
7975,1380,5582,11802
7976,1387,5602,11813
7977,1385,5585,11822
7978,1375,5579,11818
7979,1379,5609,11793
7980,1393,5612,11806
7981,1386,5585,11837
7982,1378,5590,11823
7983,1387,5585,11830
7984,1387,5608,11794
7985,1385,5598,11798
7986,1383,5589,11795
7987,1379,5582,11800
7988,1389,5595,11778
7989,1373,5601,11801
7990,1384,5613,11796
7991,1380,5577,11826
7992,1386,5603,11794
7993,1378,5592,11776
7994,1385,5570,11809
7995,1392,5608,11793
7996,1385,5615,11790
7997,1384,5592,11791
7998,1384,5597,11801
7999,1375,5595,11813
8000,1394,5590,11808
8001,1382,5589,11810
8002,1384,5574,11805
8003,1384,5588,11806
8004,1381,5596,11773
8005,1389,5611,11777
8006,1383,5596,11812
8007,1386,5588,11800
8008,1390,5596,11778
8009,1385,5595,11787
8010,1389,5602,11788
8011,1378,5591,11796
8012,1385,5582,11783
8013,1394,5574,11815
8014,1381,5584,11798
8015,1389,5577,11819
8016,1385,5607,11808
8017,1386,5602,11784
8018,1386,5605,11787
8019,1377,5591,11790
8020,1402,5587,11791
8021,1385,5586,11816
8022,1402,5616,11810
8023,1408,5585,11812
8024,1378,5587,11816
8025,1376,5568,11818
8026,1376,5595,11791
8027,1395,5603,11763
8028,1399,5577,11813
8029,1376,5586,11811
8030,1396,5583,11790
8031,1377,5564,11812
8032,1391,5595,11814
8033,1380,5606,11798
8034,1390,5604,11809
8035,1380,5572,11813
8036,1369,5597,11806
8037,1387,5600,11796
8038,1388,5602,11783
8039,1403,5572,11791
8040,1393,5596,11790
8041,1392,5594,11793
8042,1381,5600,11793
8043,1384,5584,11821
8044,1395,5584,11802
8045,1383,5575,11797
8046,1383,5607,11799
8047,1411,5619,11780
8048,1392,5594,11791
8049,1392,5595,11805
8050,1389,5598,11819
8051,1391,5596,11768
8052,1390,5573,11813
8053,1382,5618,11787
8054,1390,5602,11760
8055,1389,5590,11800
8056,1396,5580,11823
8057,1377,5586,11765
8058,1373,5593,11751
8059,1386,5595,11780
8060,1385,5600,11798
8061,1394,5595,11794
8062,1380,5588,11822
8063,1382,5583,11823
8064,1376,5584,11807
8065,1375,5599,11790
8066,1390,5588,11818
8067,1396,5593,11808
8068,1382,5594,11814
8069,1388,5582,11809
8070,1380,5581,11831
8071,1373,5567,11813
8072,1388,5591,11778
8073,1401,5584,11803
8074,1371,5584,11817
8075,1380,5580,11833
8076,1403,5593,11795
8077,1391,5605,11801
8078,1386,5586,11816
8079,1378,5584,11806
8080,1384,5599,11797
8081,1393,5598,11780
8082,1388,5587,11788
8083,1395,5598,11789
8084,1391,5613,11810
8085,1389,5560,11803
8086,1381,5591,11805
8087,1388,5581,11801
8088,1392,5573,11815
8089,1380,5586,11791
8090,1389,5594,11789
8091,1387,5603,11818
8092,1387,5599,11810
8093,1389,5610,11816
8094,1383,5577,11789
8095,1382,5578,11812
8096,1393,5608,11795
8097,1386,5601,11794
8098,1401,5567,11807
8099,1389,5582,11818
8100,1386,5624,11770
8101,1380,5592,11802
8102,1368,5607,11801
8103,1386,5605,11811
8104,1373,5577,11822
8105,1395,5584,11801
8106,1396,5600,11795
8107,1388,5578,11819
8108,1380,5595,11821
8109,1399,5595,11816
8110,1389,5604,11811
8111,1383,5590,11801
8112,1382,5607,11790
8113,1388,5606,11836
8114,1387,5593,11814
8115,1378,5590,11792
8116,1392,5603,11817
8117,1392,5601,11811
8118,1399,5612,11837
8119,1388,5587,11799
8120,1382,5604,11820
8121,1396,5591,11777
8122,1394,5597,11825
8123,1394,5608,11819
8124,1385,5554,11819
8125,1370,5607,11810
8126,1382,5594,11755
8127,1382,5601,11791
8128,1395,5581,11796
8129,1378,5598,11789
8130,1384,5574,11813
8131,1387,5584,11795
8132,1380,5599,11787
8133,1383,5597,11798
8134,1377,5621,11807
8135,1376,5593,11836
8136,1388,5587,11825
8137,1387,5592,11773
8138,1382,5590,11792
8139,1394,5600,11807
8140,1390,5585,11785
8141,1387,5600,11785
8142,1390,5597,11780
8143,1383,5599,11815
8144,1381,5596,11818
8145,1386,5598,11786
8146,1394,5607,11789
8147,1387,5579,11790
8148,1387,5596,11783
8149,1392,5617,11788
8150,1384,5594,11814
8151,1383,5572,11795
8152,1382,5602,11785
8153,1390,5590,11795
8154,1376,5602,11806
8155,1396,5605,11791
8156,1388,5602,11809
8157,1390,5588,11803
8158,1395,5588,11800
8159,1385,5582,11800
8160,1387,5603,11797
8161,1382,5568,11825
8162,1371,5600,11788
8163,1382,5595,11819
8164,1384,5597,11805
8165,1379,5573,11816
8166,1391,5594,11753
8167,1380,5578,11844
8168,1386,5586,11784
8169,1380,5609,11829
8170,1391,5595,11791
8171,1376,5592,11835
8172,1370,5587,11792
8173,1379,5585,11799
8174,1385,5598,11801
8175,1387,5598,11798
8176,1410,5594,11810
8177,1389,5592,11784
8178,1387,5603,11809
8179,1387,5594,11767
8180,1384,5593,11809
8181,1382,5596,11813
8182,1380,5607,11800
8183,1388,5573,11815
8184,1385,5590,11831
8185,1380,5603,11799
8186,1387,5576,11824
8187,1374,5577,11795
8188,1393,5580,11786
8189,1388,5600,11804
8190,1379,5594,11826
8191,1369,5579,11840
8192,1394,5585,11809
8193,1392,5578,11807
8194,1372,5564,11820
8195,1386,5603,11803
8196,1385,5580,11815
8197,1389,5606,11817
8198,1385,5567,11801
8199,1386,5589,11812
8200,1395,5613,11782
8201,1383,5574,11819
8202,1380,5577,11786
8203,1398,5598,11794
8204,1392,5574,11806
8205,1394,5600,11806
8206,1399,5574,11810
8207,1391,5581,11816
8208,1390,5600,11811
8209,1397,5614,11804
8210,1390,5605,11791
8211,1380,5579,11794
8212,1392,5590,11792
8213,1377,5594,11796
8214,1385,5598,11787
8215,1383,5608,11787
8216,1393,5592,11776
8217,1382,5576,11813
8218,1387,5574,11812
8219,1385,5579,11793
8220,1377,5594,11804
8221,1396,5583,11803
8222,1397,5599,11805
8223,1396,5588,11813
8224,1378,5580,11819
8225,1392,5605,11778
8226,1391,5604,11792
8227,1385,5577,11786
8228,1383,5583,11817
8229,1385,5609,11790
8230,1381,5594,11794
8231,1377,5601,11796
8232,1377,5581,11796
8233,1388,5599,11810
8234,1382,5595,11849
8235,1391,5586,11825
8236,1384,5574,11797
8237,1380,5606,11826
8238,1388,5604,11807
8239,1381,5598,11784
8240,1397,5591,11812
8241,1391,5610,11802
8242,1383,5596,11818
8243,1382,5600,11826
8244,1386,5608,11800
8245,1375,5605,11782
8246,1386,5602,11825
8247,1398,5587,11812
8248,1384,5609,11787
8249,1392,5599,11821
8250,1388,5592,11798
8251,1381,5597,11815
8252,1379,5588,11809
8253,1385,5594,11797
8254,1368,5581,11810
8255,1382,5590,11794
8256,1385,5602,11794
8257,1392,5602,11804
8258,1397,5593,11788
8259,1389,5578,11826
8260,1381,5608,11792
8261,1375,5600,11799
8262,1392,5591,11794
8263,1380,5560,11801
8264,1380,5597,11788
8265,1385,5600,11819
8266,1387,5592,11810
8267,1386,5575,11806
8268,1394,5609,11789
8269,1387,5589,11829
8270,1385,5592,11780
8271,1392,5595,11833
8272,1391,5625,11813
8273,1385,5596,11790
8274,1388,5588,11811
8275,1383,5580,11801
8276,1374,5593,11809
8277,1396,5593,11791
8278,1393,5600,11806
8279,1376,5579,11817
8280,1389,5583,11837
8281,1377,5604,11822
8282,1373,5604,11823
8283,1390,5564,11812
8284,1388,5618,11785
8285,1385,5611,11794
8286,1392,5606,11810
8287,1386,5597,11810
8288,1363,5591,11810
8289,1375,5615,11810
8290,1396,5571,11788
8291,1368,5595,11816
8292,1383,5582,11802
8293,1381,5600,11788
8294,1382,5579,11808
8295,1396,5589,11818
8296,1369,5601,11779
8297,1378,5606,11815
8298,1376,5582,11809
8299,1386,5584,11808
8300,1380,5577,11809
8301,1386,5583,11808
8302,1382,5592,11810
8303,1389,5601,11780
8304,1393,5604,11801
8305,1373,5625,11796
8306,1394,5604,11805
8307,1374,5585,11779
8308,1383,5610,11804
8309,1383,5604,11805
8310,1394,5595,11794
8311,1402,5579,11830
8312,1387,5575,11812
8313,1388,5586,11778
8314,1401,5597,11803
8315,1384,5604,11786
8316,1394,5593,11807
8317,1394,5599,11798
8318,1398,5582,11803
8319,1382,5592,11789
8320,1391,5574,11798
8321,1390,5601,11792
8322,1382,5584,11800
8323,1378,5588,11820
8324,1381,5592,11808
8325,1391,5583,11814
8326,1380,5601,11785
8327,1390,5588,11801
8328,1384,5613,11792
8329,1390,5612,11774
8330,1378,5587,11827
8331,1403,5589,11782
8332,1386,5584,11796
8333,1386,5584,11798
8334,1389,5616,11764
8335,1385,5567,11787
8336,1386,5593,11807
8337,1393,5576,11801
8338,1383,5596,11803
8339,1390,5601,11791
8340,1388,5595,11799
8341,1400,5600,11789
8342,1394,5593,11808
8343,1384,5597,11802
8344,1379,5583,11845
8345,1385,5586,11796
8346,1385,5598,11806
8347,1383,5582,11806
8348,1389,5598,11807
8349,1391,5583,11808
8350,1370,5568,11835
8351,1393,5594,11816
8352,1391,5591,11835
8353,1382,5583,11786
8354,1392,5574,11797
8355,1388,5586,11803
8356,1384,5609,11778
8357,1381,5583,11799
8358,1381,5610,11807
8359,1386,5586,11795
8360,1377,5585,11812
8361,1388,5607,11796
8362,1383,5610,11784
8363,1382,5618,11798
8364,1394,5575,11796
8365,1384,5605,11807
8366,1388,5589,11781
8367,1396,5586,11808
8368,1382,5575,11826
8369,1383,5603,11830
8370,1388,5618,11808
8371,1371,5592,11801
8372,1387,5599,11796
8373,1381,5586,11802
8374,1380,5582,11807
8375,1379,5564,11807
8376,1376,5610,11799
8377,1381,5591,11798
8378,1392,5586,11794
8379,1384,5603,11776
8380,1374,5594,11835
8381,1387,5585,11818
8382,1389,5575,11791
8383,1387,5593,11791
8384,1386,5595,11806
8385,1385,5604,11806
8386,1397,5583,11798
8387,1381,5599,11803
8388,1382,5605,11783
8389,1399,5585,11809
8390,1391,5601,11783
8391,1383,5556,11808
8392,1381,5591,11796
8393,1385,5601,11811
8394,1392,5584,11805
8395,1381,5592,11790
8396,1379,5590,11819
8397,1395,5594,11818
8398,1382,5610,11804
8399,1385,5586,11802
8400,1388,5578,11802
8401,1386,5599,11775
8402,1378,5595,11833
8403,1381,5611,11810
8404,1375,5597,11818
8405,1375,5591,11782
8406,1392,5574,11799
8407,1382,5596,11807
8408,1376,5595,11806
8409,1385,5583,11829
8410,1380,5584,11798
8411,1381,5602,11809
8412,1394,5577,11787
8413,1391,5604,11785
8414,1384,5601,11792
8415,1383,5588,11797
8416,1388,5582,11799
8417,1388,5601,11792
8418,1379,5604,11829
8419,1382,5577,11799
8420,1390,5590,11769
8421,1392,5572,11821
8422,1386,5580,11829
8423,1397,5589,11801
8424,1381,5592,11803
8425,1377,5577,11845
8426,1389,5598,11798
8427,1389,5613,11789
8428,1386,5589,11819
8429,1396,5613,11779
8430,1378,5581,11802
8431,1386,5595,11793
8432,1384,5562,11837
8433,1387,5592,11816
8434,1382,5600,11796
8435,1379,5604,11789
8436,1395,5597,11800
8437,1379,5598,11810
8438,1375,5587,11806
8439,1382,5583,11793
8440,1386,5605,11813
8441,1401,5608,11792
8442,1384,5595,11816
8443,1384,5594,11809
8444,1387,5594,11785
8445,1389,5620,11813
8446,1375,5555,11811
8447,1382,5602,11809
8448,1391,5605,11796
8449,1392,5583,11816
8450,1372,5576,11821
8451,1387,5609,11800
8452,1389,5579,11811
8453,1389,5593,11807
8454,1375,5595,11796
8455,1379,5607,11812
8456,1384,5589,11805
8457,1384,5577,11824
8458,1387,5612,11812
8459,1355,5595,11815
8460,1393,5590,11777
8461,1381,5589,11803
8462,1386,5581,11805
8463,1387,5587,11807
8464,1380,5600,11809
8465,1389,5585,11808
8466,1379,5599,11794
8467,1388,5594,11808
8468,1387,5600,11811
8469,1393,5567,11788
8470,1386,5610,11795
8471,1383,5591,11807
8472,1378,5597,11792
8473,1384,5594,11823
8474,1378,5613,11808
8475,1383,5579,11807
8476,1384,5599,11791
8477,1388,5587,11787
8478,1392,5593,11781
8479,1384,5579,11797
8480,1388,5602,11807
8481,1396,5569,11808
8482,1405,5593,11789
8483,1371,5587,11806
8484,1394,5608,11814
8485,1387,5577,11810
8486,1383,5601,11787
8487,1402,5585,11804
8488,1380,5580,11825
8489,1373,5573,11800
8490,1375,5607,11798
8491,1393,5602,11781
8492,1375,5592,11802
8493,1379,5603,11808
8494,1385,5571,11831
8495,1399,5597,11795
8496,1386,5587,11808
8497,1376,5592,11838
8498,1387,5576,11822
8499,1390,5579,11789
8500,1387,5608,11790
8501,1380,5602,11791
8502,1381,5600,11796
8503,1381,5608,11787
8504,1378,5585,11795
8505,1377,5590,11794
8506,1388,5576,11790
8507,1391,5598,11809
8508,1381,5597,11800
8509,1383,5613,11793
8510,1381,5594,11810
8511,1392,5574,11791
8512,1390,5586,11827
8513,1385,5591,11793
8514,1379,5593,11778
8515,1381,5600,11812
8516,1382,5592,11799
8517,1387,5587,11784
8518,1390,5585,11816
8519,1382,5593,11817
8520,1379,5598,11802
8521,1374,5592,11793
8522,1394,5597,11788
8523,1397,5622,11801
8524,1386,5601,11814
8525,1380,5568,11796
8526,1391,5586,11791
8527,1394,5589,11790
8528,1376,5591,11812
8529,1371,5604,11788
8530,1390,5571,11837
8531,1390,5614,11771
8532,1394,5611,11821
8533,1372,5616,11792
8534,1374,5593,11789
8535,1383,5613,11794
8536,1394,5589,11830
8537,1408,5596,11793
8538,1387,5616,11802
8539,1392,5581,11803
8540,1377,5585,11814
8541,1377,5598,11798
8542,1383,5589,11807
8543,1391,5597,11800
8544,1378,5617,11802
8545,1401,5602,11762
8546,1383,5617,11810
8547,1377,5594,11800
8548,1391,5607,11806
8549,1392,5576,11767
8550,1385,5594,11790
8551,1402,5600,11786
8552,1386,5597,11821
8553,1386,5592,11801
8554,1382,5594,11791
8555,1381,5606,11819
8556,1387,5595,11819
8557,1389,5594,11803
8558,1405,5586,11801
8559,1387,5603,11790
8560,1367,5587,11821
8561,1394,5602,11789
8562,1388,5588,11782
8563,1374,5609,11793
8564,1381,5585,11804
8565,1388,5591,11813
8566,1398,5595,11799
8567,1373,5590,11809
8568,1381,5595,11768
8569,1389,5592,11765
8570,1386,5600,11821
8571,1397,5596,11816
8572,1386,5577,11793
8573,1381,5594,11810
8574,1386,5602,11812
8575,1378,5611,11821
8576,1375,5560,11810
8577,1371,5598,11796
8578,1400,5579,11798
8579,1384,5589,11804
8580,1374,5601,11835
8581,1381,5604,11784
8582,1401,5576,11807
8583,1387,5611,11835
8584,1382,5595,11811
8585,1379,5595,11791
8586,1375,5579,11823
8587,1388,5597,11785
8588,1378,5611,11794
8589,1379,5565,11804
8590,1379,5612,11809
8591,1381,5602,11816
8592,1384,5599,11806
8593,1382,5602,11792
8594,1385,5579,11820
8595,1388,5584,11763
8596,1401,5591,11805
8597,1382,5591,11821
8598,1392,5607,11779
8599,1385,5601,11796
8600,1385,5591,11799
8601,1382,5597,11791
8602,1386,5572,11787
8603,1379,5577,11787
8604,1392,5597,11803
8605,1380,5584,11797
8606,1381,5592,11793
8607,1385,5620,11784
8608,1383,5592,11813
8609,1390,5587,11801
8610,1378,5599,11803
8611,1401,5595,11804
8612,1388,5610,11795
8613,1394,5602,11811
8614,1388,5593,11801
8615,1375,5592,11817
8616,1375,5607,11831
8617,1387,5591,11789
8618,1399,5587,11798
8619,1385,5602,11799
8620,1394,5576,11801
8621,1362,5610,11837
8622,1380,5585,11810
8623,1397,5598,11801
8624,1363,5584,11823
8625,1384,5580,11802
8626,1383,5591,11788
8627,1386,5598,11796
8628,1389,5597,11803
8629,1391,5596,11806
8630,1389,5612,11808
8631,1384,5604,11803
8632,1391,5597,11801
8633,1386,5606,11780
8634,1385,5604,11790
8635,1377,5594,11795
8636,1386,5581,11815
8637,1393,5599,11784
8638,1400,5606,11795
8639,1388,5590,11789
8640,1384,5580,11803
8641,1386,5588,11817
8642,1395,5606,11772
8643,1388,5576,11800
8644,1382,5596,11795
8645,1383,5588,11806
8646,1382,5618,11794
8647,1375,5594,11828
8648,1383,5584,11777
8649,1394,5570,11803
8650,1393,5615,11810
8651,1394,5598,11754
8652,1394,5576,11842
8653,1386,5600,11787
8654,1375,5594,11807
8655,1395,5597,11818
8656,1384,5576,11814
8657,1381,5593,11796
8658,1377,5590,11792
8659,1387,5605,11784
8660,1392,5604,11817
8661,1390,5605,11826
8662,1383,5574,11798
8663,1394,5579,11806
8664,1387,5586,11809
8665,1377,5598,11810
8666,1381,5570,11810
8667,1383,5598,11828
8668,1378,5593,11822
8669,1382,5593,11798
8670,1386,5568,11785
8671,1382,5592,11843
8672,1385,5585,11809
8673,1378,5586,11821
8674,1379,5570,11809
8675,1384,5565,11810
8676,1383,5600,11780
8677,1395,5622,11794
8678,1387,5592,11803
8679,1385,5599,11793
8680,1398,5597,11819
8681,1389,5598,11781
8682,1391,5585,11820
8683,1387,5577,11810
8684,1392,5582,11796
8685,1393,5598,11785
8686,1372,5605,11803
8687,1380,5594,11780
8688,1376,5572,11805
8689,1393,5595,11784
8690,1374,5586,11794
8691,1393,5582,11807
8692,1373,5606,11820
8693,1377,5579,11800
8694,1394,5563,11794
8695,1380,5593,11798
8696,1381,5589,11799
8697,1381,5577,11819
8698,1380,5603,11802
8699,1386,5604,11795
8700,1386,5604,11802
8701,1377,5604,11815
8702,1368,5595,11785
8703,1380,5585,11812
8704,1388,5597,11767
8705,1377,5599,11791
8706,1381,5598,11814
8707,1382,5607,11799
8708,1383,5593,11794
8709,1388,5593,11781
8710,1383,5577,11813
8711,1378,5598,11815
8712,1397,5563,11787
8713,1402,5598,11809
8714,1371,5584,11840
8715,1387,5587,11795
8716,1373,5575,11805
8717,1397,5590,11803
8718,1384,5590,11792
8719,1383,5592,11815
8720,1378,5588,11824
8721,1381,5594,11805
8722,1407,5591,11815
8723,1393,5596,11817
8724,1386,5597,11769
8725,1394,5588,11806
8726,1391,5604,11789
8727,1384,5601,11770
8728,1397,5582,11772
8729,1388,5584,11797
8730,1397,5597,11812
8731,1370,5590,11808
8732,1376,5583,11818
8733,1387,5567,11795
8734,1394,5591,11785
8735,1380,5588,11795
8736,1401,5594,11786
8737,1395,5613,11794
8738,1387,5582,11815
8739,1389,5608,11807
8740,1381,5571,11820
8741,1383,5601,11790
8742,1391,5594,11782
8743,1381,5593,11816
8744,1381,5599,11800
8745,1388,5603,11804
8746,1382,5602,11788
8747,1377,5606,11781
8748,1384,5597,11774
8749,1389,5581,11790
8750,1385,5586,11796
8751,1387,5596,11804
8752,1390,5588,11783
8753,1391,5592,11808
8754,1398,5592,11799
8755,1389,5608,11801
8756,1378,5598,11807
8757,1390,5613,11797
8758,1385,5601,11804
8759,1386,5578,11802
8760,1395,5595,11775
8761,1379,5594,11798
8762,1387,5602,11826
8763,1387,5589,11775
8764,1382,5584,11811
8765,1388,5601,11787
8766,1382,5587,11782
8767,1395,5596,11799
8768,1381,5581,11794
8769,1397,5590,11774
8770,1384,5592,11835
8771,1395,5590,11810
8772,1390,5596,11782
8773,1391,5591,11771
8774,1372,5604,11788
8775,1374,5590,11790
8776,1371,5608,11804
8777,1388,5582,11811
8778,1395,5599,11806
8779,1392,5587,11785
8780,1379,5610,11790
8781,1390,5588,11806
8782,1382,5598,11807
8783,1388,5585,11801
8784,1385,5608,11784
8785,1379,5577,11764
8786,1381,5600,11794
8787,1388,5594,11795
8788,1387,5598,11787
8789,1390,5585,11818
8790,1388,5614,11806
8791,1383,5587,11791
8792,1384,5585,11789
8793,1407,5580,11776
8794,1394,5583,11780
8795,1380,5596,11800
8796,1399,5590,11799
8797,1393,5599,11792
8798,1394,5589,11796
8799,1367,5592,11805
8800,1383,5594,11813
8801,1389,5601,11794
8802,1386,5586,11814
8803,1387,5595,11814
8804,1388,5593,11794
8805,1377,5562,11823
8806,1392,5599,11799
8807,1394,5601,11797
8808,1380,5611,11810
8809,1391,5594,11799
8810,1370,5593,11765
8811,1367,5590,11828
8812,1387,5602,11825
8813,1388,5613,11815
8814,1383,5599,11811
8815,1398,5578,11811
8816,1375,5605,11814
8817,1377,5608,11795
8818,1383,5598,11796
8819,1379,5597,11811
8820,1372,5590,11815
8821,1374,5555,11808
8822,1386,5604,11816
8823,1397,5601,11807
8824,1386,5586,11783
8825,1384,5569,11805
8826,1379,5625,11787
8827,1386,5602,11780
8828,1393,5597,11810
8829,1384,5586,11799
8830,1392,5592,11809
8831,1370,5591,11817
8832,1387,5602,11819
8833,1378,5608,11785
8834,1380,5592,11817
8835,1381,5587,11794
8836,1383,5590,11816
8837,1377,5595,11813
8838,1372,5595,11815
8839,1394,5595,11776
8840,1382,5596,11789
8841,1380,5577,11791
8842,1392,5592,11799
8843,1384,5597,11789
8844,1381,5593,11794
8845,1374,5611,11798
8846,1380,5583,11776
8847,1373,5570,11783
8848,1386,5593,11820
8849,1384,5616,11798
8850,1389,5594,11825
8851,1392,5611,11798
8852,1385,5585,11788
8853,1382,5588,11807
8854,1380,5606,11799
8855,1380,5589,11797
8856,1387,5594,11835
8857,1379,5586,11780
8858,1382,5600,11795
8859,1388,5614,11790
8860,1386,5578,11790
8861,1391,5590,11802
8862,1388,5572,11824
8863,1391,5600,11818
8864,1387,5593,11782
8865,1383,5601,11804
8866,1371,5586,11800
8867,1384,5603,11806
8868,1371,5593,11815
8869,1393,5590,11824
8870,1382,5588,11772
8871,1375,5603,11825
8872,1392,5601,11781
8873,1382,5591,11797
8874,1386,5582,11779
8875,1399,5604,11805
8876,1379,5600,11808
8877,1394,5581,11800
8878,1385,5576,11811
8879,1383,5594,11793
8880,1395,5609,11803
8881,1400,5614,11808
8882,1390,5602,11799
8883,1373,5589,11803
8884,1374,5589,11814
8885,1382,5591,11819
8886,1374,5569,11816
8887,1394,5566,11807
8888,1380,5575,11792
8889,1386,5600,11804
8890,1389,5599,11811
8891,1371,5588,11816
8892,1374,5601,11804
8893,1395,5599,11797
8894,1367,5597,11829
8895,1383,5578,11798
8896,1389,5575,11794
8897,1390,5609,11797
8898,1387,5582,11815
8899,1379,5565,11794
8900,1378,5582,11826
8901,1393,5595,11801
8902,1391,5586,11803
8903,1388,5573,11791
8904,1391,5625,11785
8905,1394,5601,11786
8906,1392,5600,11806
8907,1386,5586,11809
8908,1387,5598,11807
8909,1378,5596,11815
8910,1379,5602,11802
8911,1384,5606,11818
8912,1390,5572,11813
8913,1394,5594,11804
8914,1378,5577,11810
8915,1395,5600,11801
8916,1388,5580,11809
8917,1386,5601,11780
8918,1383,5590,11777
8919,1385,5564,11795
8920,1389,5603,11756
8921,1378,5612,11771
8922,1389,5590,11790
8923,1383,5613,11815
8924,1389,5598,11799
8925,1385,5598,11823
8926,1380,5584,11819
8927,1375,5600,11810
8928,1376,5595,11844
8929,1377,5606,11803
8930,1392,5556,11801
8931,1390,5593,11808
8932,1405,5607,11811
8933,1383,5586,11811
8934,1393,5573,11817
8935,1386,5588,11803
8936,1385,5569,11796
8937,1367,5597,11821
8938,1377,5577,11806
8939,1384,5579,11819
8940,1384,5582,11802
8941,1387,5579,11818
8942,1380,5574,11787
8943,1383,5598,11780
8944,1390,5604,11802
8945,1389,5584,11809
8946,1381,5589,11795
8947,1376,5583,11788
8948,1385,5575,11843
8949,1385,5588,11804
8950,1399,5608,11791
8951,1388,5581,11815
8952,1396,5578,11814
8953,1397,5606,11797
8954,1393,5594,11805
8955,1390,5587,11785
8956,1396,5603,11779
8957,1379,5607,11811
8958,1385,5586,11828
8959,1386,5588,11791
8960,1384,5574,11815
8961,1380,5593,11798
8962,1387,5592,11807
8963,1381,5597,11783
8964,1389,5598,11799
8965,1369,5586,11781
8966,1403,5605,11813
8967,1378,5620,11811
8968,1378,5593,11793
8969,1379,5592,11806
8970,1387,5587,11817
8971,1391,5585,11807
8972,1372,5612,11785
8973,1395,5601,11819
8974,1392,5590,11799
8975,1407,5600,11794
8976,1392,5577,11795
8977,1388,5592,11829
8978,1384,5573,11757
8979,1381,5587,11800
8980,1381,5590,11809
8981,1370,5605,11800
8982,1385,5573,11826
8983,1378,5588,11807
8984,1385,5592,11800
8985,1382,5599,11785
8986,1390,5592,11799
8987,1384,5587,11818
8988,1383,5575,11800
8989,1391,5610,11810
8990,1378,5581,11812
8991,1382,5592,11834
8992,1394,5592,11798
8993,1380,5594,11808
8994,1373,5604,11813
8995,1379,5598,11819
8996,1385,5613,11792
8997,1387,5603,11799
8998,1382,5600,11811
8999,1371,5568,11771
9000,1374,5619,11817
9001,1390,5589,11821
9002,1390,5582,11791
9003,1391,5603,11795
9004,1376,5594,11823
9005,1387,5583,11788
9006,1392,5597,11788
9007,1392,5586,11781
9008,1404,5587,11813
9009,1391,5594,11795
9010,1386,5605,11819
9011,1373,5551,11794
9012,1393,5605,11775
9013,1392,5582,11814
9014,1377,5587,11815
9015,1373,5591,11805
9016,1383,5600,11794
9017,1385,5606,11793
9018,1385,5598,11800
9019,1389,5585,11832
9020,1394,5609,11789
9021,1398,5578,11797
9022,1385,5593,11793
9023,1384,5580,11793
9024,1395,5625,11825
9025,1375,5579,11806
9026,1384,5576,11778
9027,1391,5587,11797
9028,1390,5608,11792
9029,1381,5594,11800
9030,1386,5591,11800
9031,1386,5579,11821
9032,1374,5593,11799
9033,1393,5616,11802
9034,1387,5600,11785
9035,1388,5594,11838
9036,1396,5602,11818
9037,1401,5575,11814
9038,1384,5598,11771
9039,1383,5596,11802
9040,1393,5572,11793
9041,1378,5587,11810
9042,1396,5581,11821
9043,1380,5589,11813
9044,1387,5597,11778
9045,1383,5593,11789
9046,1390,5624,11807
9047,1376,5605,11812
9048,1389,5586,11812
9049,1374,5580,11824
9050,1369,5586,11807
9051,1382,5605,11776
9052,1391,5579,11829
9053,1377,5603,11812
9054,1399,5602,11795
9055,1383,5594,11808
9056,1376,5596,11806
9057,1381,5592,11844
9058,1385,5587,11813
9059,1384,5588,11812
9060,1382,5619,11801
9061,1385,5599,11789
9062,1383,5609,11795
9063,1390,5602,11792
9064,1396,5606,11790
9065,1390,5588,11806
9066,1398,5579,11805
9067,1382,5601,11800
9068,1389,5593,11801
9069,1386,5595,11797
9070,1385,5605,11798
9071,1373,5589,11819
9072,1397,5571,11781
9073,1388,5584,11793
9074,1370,5581,11800
9075,1392,5592,11786
9076,1388,5592,11823
9077,1392,5588,11780
9078,1397,5577,11812
9079,1391,5573,11819
9080,1393,5613,11799
9081,1388,5587,11813
9082,1399,5582,11817
9083,1392,5588,11820
9084,1381,5597,11802
9085,1401,5600,11813
9086,1389,5592,11805
9087,1381,5577,11768
9088,1378,5591,11770
9089,1393,5586,11830
9090,1387,5595,11799
9091,1382,5603,11789
9092,1393,5584,11813
9093,1380,5587,11806
9094,1389,5601,11781
9095,1393,5606,11768
9096,1386,5609,11793
9097,1394,5598,11807
9098,1384,5591,11808
9099,1379,5598,11776
9100,1389,5581,11817
9101,1381,5598,11819
9102,1391,5593,11811
9103,1384,5578,11817
9104,1388,5586,11799
9105,1377,5582,11849
9106,1384,5599,11769
9107,1385,5591,11778
9108,1400,5596,11812
9109,1387,5592,11794
9110,1393,5592,11785
9111,1386,5613,11810
9112,1379,5588,11796
9113,1384,5589,11786
9114,1396,5564,11794
9115,1389,5617,11787
9116,1393,5596,11793
9117,1393,5600,11804
9118,1388,5608,11790
9119,1398,5590,11794
9120,1384,5587,11819
9121,1373,5597,11764
9122,1386,5603,11781
9123,1385,5606,11789
9124,1386,5578,11796
9125,1376,5607,11793
9126,1389,5590,11792
9127,1390,5595,11806
9128,1378,5606,11806
9129,1397,5603,11791
9130,1393,5590,11807
9131,1376,5602,11817
9132,1373,5615,11781
9133,1399,5600,11778
9134,1382,5585,11826
9135,1389,5586,11806
9136,1384,5589,11792
9137,1394,5604,11780
9138,1392,5566,11811
9139,1404,5597,11811
9140,1379,5585,11791
9141,1378,5565,11821
9142,1379,5580,11814
9143,1403,5592,11777
9144,1389,5563,11796
9145,1382,5580,11787
9146,1388,5588,11787
9147,1391,5608,11788
9148,1370,5581,11819
9149,1381,5594,11764
9150,1387,5568,11821
9151,1370,5568,11815
9152,1393,5589,11779
9153,1384,5619,11798
9154,1391,5622,11779
9155,1384,5581,11842
9156,1396,5611,11804
9157,1380,5599,11800
9158,1381,5600,11808
9159,1384,5571,11826
9160,1394,5590,11800
9161,1386,5604,11799
9162,1382,5596,11814
9163,1397,5593,11780
9164,1367,5567,11826
9165,1393,5584,11821
9166,1381,5595,11818
9167,1387,5592,11806
9168,1368,5608,11808
9169,1379,5589,11812
9170,1393,5590,11820
9171,1384,5575,11826
9172,1381,5581,11801
9173,1391,5597,11786
9174,1390,5606,11794
9175,1386,5610,11816
9176,1380,5611,11803
9177,1382,5601,11799
9178,1397,5600,11806
9179,1386,5581,11821
9180,1400,5600,11804
9181,1389,5600,11788
9182,1377,5581,11792
9183,1383,5603,11804
9184,1387,5601,11800
9185,1398,5597,11803
9186,1391,5587,11796
9187,1381,5585,11812
9188,1396,5592,11793
9189,1382,5610,11798
9190,1376,5601,11806
9191,1384,5587,11813
9192,1389,5594,11800
9193,1396,5580,11794
9194,1388,5595,11801
9195,1400,5599,11826
9196,1387,5577,11801
9197,1387,5610,11798
9198,1381,5591,11801
9199,1401,5583,11808
9200,1377,5615,11791
9201,1382,5615,11806
9202,1383,5608,11793
9203,1380,5589,11800
9204,1393,5601,11816
9205,1373,5595,11792
9206,1381,5588,11828
9207,1379,5584,11812
9208,1395,5594,11789
9209,1384,5574,11775
9210,1381,5611,11813
9211,1389,5593,11806
9212,1381,5582,11786
9213,1377,5590,11771
9214,1389,5568,11804
9215,1380,5599,11814
9216,1379,5572,11811
9217,1384,5589,11778
9218,1388,5596,11788
9219,1374,5595,11786
9220,1369,5582,11818
9221,1384,5579,11765
9222,1381,5589,11831
9223,1401,5616,11814
9224,1384,5593,11828
9225,1385,5600,11814
9226,1383,5606,11787
9227,1386,5605,11816
9228,1383,5618,11780
9229,1384,5593,11790
9230,1386,5576,11797
9231,1400,5589,11776
9232,1399,5587,11820
9233,1390,5585,11813
9234,1391,5579,11814
9235,1386,5577,11824
9236,1389,5592,11800
9237,1377,5617,11823
9238,1389,5568,11798
9239,1389,5594,11785
9240,1386,5587,11797
9241,1404,5587,11775
9242,1373,5583,11796
9243,1384,5600,11830
9244,1381,5566,11828
9245,1374,5578,11778
9246,1388,5606,11797
9247,1388,5610,11779
9248,1374,5585,11799
9249,1395,5584,11803
9250,1379,5591,11801
9251,1399,5608,11787
9252,1380,5580,11784
9253,1377,5602,11797
9254,1393,5596,11798
9255,1383,5592,11828
9256,1384,5566,11807
9257,1382,5583,11800
9258,1393,5584,11802
9259,1385,5591,11775
9260,1386,5594,11783
9261,1380,5595,11789
9262,1387,5576,11825
9263,1390,5610,11808
9264,1384,5599,11784
9265,1373,5584,11782
9266,1392,5584,11787
9267,1387,5590,11790
9268,1390,5608,11818
9269,1392,5588,11809
9270,1382,5597,11794
9271,1398,5579,11810
9272,1386,5594,11791
9273,1385,5609,11813
9274,1379,5587,11783
9275,1389,5579,11774
9276,1384,5602,11784
9277,1396,5600,11781
9278,1407,5625,11783
9279,1395,5590,11801
9280,1390,5609,11804
9281,1380,5587,11817
9282,1385,5576,11812
9283,1388,5578,11786
9284,1372,5577,11797
9285,1384,5580,11818
9286,1375,5593,11798
9287,1391,5586,11821
9288,1382,5610,11805
9289,1391,5590,11789
9290,1388,5593,11807
9291,1392,5586,11837
9292,1391,5599,11783
9293,1381,5581,11808
9294,1388,5600,11807
9295,1384,5591,11782
9296,1374,5586,11801
9297,1403,5577,11815
9298,1399,5566,11808
9299,1380,5607,11820
9300,1384,5587,11792
9301,1379,5587,11780
9302,1378,5580,11828
9303,1389,5588,11812
9304,1384,5597,11817
9305,1386,5566,11798
9306,1373,5591,11821
9307,1382,5592,11786
9308,1382,5589,11797
9309,1388,5579,11805
9310,1384,5592,11772
9311,1396,5596,11794
9312,1392,5588,11801
9313,1386,5592,11799
9314,1391,5589,11788
9315,1381,5589,11803
9316,1397,5580,11808
9317,1383,5599,11807
9318,1391,5605,11823
9319,1389,5614,11797
9320,1388,5608,11786
9321,1364,5606,11804
9322,1388,5605,11811
9323,1384,5570,11803
9324,1383,5605,11805
9325,1391,5607,11792
9326,1392,5579,11796
9327,1392,5606,11802
9328,1380,5579,11822
9329,1389,5571,11825
9330,1382,5583,11844
9331,1395,5595,11819
9332,1375,5588,11810
9333,1393,5589,11796
9334,1388,5602,11824
9335,1383,5585,11778
9336,1380,5606,11801
9337,1379,5586,11810
9338,1384,5591,11791
9339,1378,5606,11783
9340,1383,5597,11813
9341,1377,5610,11787
9342,1384,5583,11799
9343,1377,5598,11818
9344,1382,5591,11820
9345,1388,5605,11804
9346,1378,5580,11804
9347,1391,5610,11795
9348,1381,5574,11820
9349,1382,5590,11808
9350,1385,5594,11809
9351,1386,5576,11800
9352,1379,5575,11802
9353,1383,5596,11800
9354,1379,5606,11794
9355,1395,5592,11807
9356,1389,5604,11834
9357,1387,5590,11818
9358,1380,5579,11810
9359,1382,5595,11780
9360,1379,5607,11788
9361,1377,5598,11824
9362,1385,5586,11807
9363,1390,5589,11791
9364,1390,5608,11809
9365,1385,5581,11797
9366,1379,5592,11814
9367,1382,5563,11816
9368,1383,5582,11794
9369,1388,5575,11820
9370,1387,5591,11809
9371,1381,5590,11808
9372,1371,5578,11823
9373,1382,5591,11815
9374,1393,5579,11814
9375,1393,5610,11801
9376,1376,5596,11833
9377,1388,5592,11788
9378,1397,5608,11774
9379,1389,5582,11801
9380,1387,5606,11788
9381,1373,5581,11800
9382,1388,5602,11784
9383,1377,5614,11791
9384,1397,5594,11793
9385,1385,5582,11805
9386,1380,5602,11829
9387,1389,5602,11828
9388,1394,5583,11820
9389,1381,5576,11825
9390,1375,5590,11800
9391,1388,5598,11804
9392,1385,5598,11802
9393,1392,5588,11829
9394,1389,5606,11785
9395,1386,5581,11802
9396,1383,5591,11799
9397,1392,5606,11813
9398,1381,5576,11786
9399,1385,5591,11801
9400,1393,5594,11843
9401,1392,5624,11796
9402,1381,5594,11779
9403,1378,5588,11825
9404,1381,5581,11813
9405,1386,5599,11802
9406,1377,5567,11818
9407,1379,5579,11807
9408,1382,5607,11811
9409,1382,5590,11802
9410,1384,5582,11816
9411,1381,5582,11781
9412,1377,5593,11790
9413,1384,5595,11824
9414,1376,5568,11781
9415,1382,5590,11834
9416,1380,5600,11779
9417,1380,5579,11809
9418,1381,5605,11791
9419,1390,5598,11804
9420,1388,5584,11797
9421,1387,5594,11821
9422,1377,5573,11794
9423,1377,5584,11801
9424,1368,5591,11819
9425,1395,5583,11832
9426,1395,5607,11801
9427,1380,5572,11783
9428,1380,5591,11811
9429,1400,5585,11820
9430,1375,5606,11814
9431,1383,5578,11815
9432,1389,5592,11813
9433,1392,5584,11790
9434,1393,5594,11819
9435,1381,5599,11803
9436,1377,5582,11809
9437,1381,5608,11794
9438,1378,5605,11817
9439,1392,5591,11821
9440,1386,5596,11783
9441,1382,5621,11789
9442,1391,5587,11808
9443,1384,5595,11771
9444,1395,5609,11793
9445,1398,5580,11766
9446,1404,5597,11772
9447,1376,5603,11812
9448,1386,5598,11786
9449,1397,5573,11828
9450,1380,5595,11757
9451,1380,5582,11801
9452,1387,5595,11782
9453,1379,5594,11795
9454,1380,5602,11802
9455,1392,5582,11790
9456,1384,5607,11804
9457,1368,5608,11794
9458,1378,5579,11830
9459,1383,5593,11794
9460,1394,5597,11813
9461,1396,5587,11794
9462,1378,5591,11807
9463,1374,5592,11806
9464,1388,5588,11805
9465,1385,5603,11807
9466,1396,5590,11802
9467,1392,5607,11792
9468,1385,5615,11797
9469,1393,5611,11847
9470,1382,5577,11807
9471,1376,5589,11826
9472,1376,5574,11807
9473,1384,5589,11818
9474,1398,5590,11781
9475,1384,5605,11794
9476,1391,5574,11799
9477,1381,5605,11830
9478,1388,5594,11794
9479,1383,5569,11789
9480,1382,5583,11816
9481,1388,5601,11821
9482,1401,5571,11815
9483,1383,5585,11788
9484,1383,5596,11788
9485,1385,5601,11780
9486,1384,5585,11793
9487,1399,5597,11814
9488,1382,5599,11813
9489,1394,5585,11777
9490,1395,5602,11816
9491,1378,5603,11820
9492,1389,5573,11816
9493,1401,5597,11792
9494,1383,5590,11806
9495,1370,5610,11822
9496,1390,5595,11811
9497,1386,5587,11814
9498,1376,5619,11825
9499,1391,5593,11814
9500,1385,5594,11809
9501,1377,5577,11782
9502,1381,5565,11798
9503,1372,5608,11778
9504,1381,5588,11821
9505,1389,5604,11780
9506,1380,5593,11837
9507,1386,5584,11791
9508,1376,5586,11767
9509,1394,5581,11813
9510,1396,5589,11782
9511,1390,5597,11791
9512,1377,5590,11788
9513,1375,5584,11809
9514,1392,5592,11830
9515,1378,5580,11840
9516,1393,5581,11807
9517,1387,5589,11801
9518,1378,5601,11800
9519,1388,5569,11808
9520,1389,5590,11809
9521,1400,5604,11818
9522,1388,5583,11792
9523,1386,5573,11788
9524,1396,5595,11777
9525,1371,5593,11825
9526,1388,5625,11778
9527,1389,5569,11791
9528,1375,5587,11793
9529,1383,5614,11798
9530,1393,5610,11778
9531,1398,5581,11794
9532,1398,5600,11782
9533,1386,5590,11820
9534,1384,5581,11816
9535,1378,5630,11777
9536,1390,5576,11800
9537,1389,5559,11816
9538,1383,5594,11780
9539,1381,5590,11815
9540,1378,5601,11789
9541,1375,5575,11795
9542,1369,5576,11844
9543,1402,5605,11805
9544,1386,5595,11828
9545,1383,5589,11772
9546,1376,5591,11809
9547,1372,5594,11807
9548,1388,5589,11804
9549,1389,5590,11807
9550,1383,5599,11807
9551,1379,5588,11821
9552,1390,5600,11807
9553,1388,5589,11814
9554,1391,5609,11799
9555,1398,5594,11804
9556,1398,5583,11807
9557,1379,5585,11780
9558,1393,5598,11783
9559,1396,5580,11820
9560,1380,5602,11782
9561,1387,5601,11789
9562,1387,5604,11822
9563,1399,5569,11806
9564,1394,5589,11837
9565,1377,5597,11770
9566,1385,5578,11807
9567,1395,5579,11801
9568,1385,5611,11805
9569,1384,5607,11791
9570,1379,5611,11784
9571,1377,5573,11816
9572,1393,5599,11787
9573,1378,5594,11771
9574,1383,5598,11806
9575,1393,5581,11773
9576,1375,5604,11807
9577,1381,5598,11799
9578,1387,5595,11812
9579,1386,5590,11807
9580,1388,5577,11791
9581,1386,5592,11787
9582,1378,5575,11799
9583,1376,5599,11827
9584,1388,5597,11819
9585,1377,5612,11792
9586,1390,5585,11798
9587,1388,5612,11801
9588,1403,5601,11789
9589,1377,5601,11810
9590,1383,5572,11805
9591,1382,5577,11820
9592,1389,5605,11816
9593,1386,5582,11809
9594,1385,5594,11824
9595,1385,5597,11798
9596,1377,5592,11814
9597,1382,5598,11810
9598,1391,5598,11795
9599,1380,5567,11790
9600,1385,5597,11794
9601,1383,5614,11780
9602,1378,5601,11824
9603,1399,5615,11799
9604,1383,5594,11811
9605,1388,5595,11840
9606,1391,5592,11800
9607,1384,5611,11786
9608,1384,5618,11780
9609,1401,5591,11803
9610,1394,5587,11788
9611,1389,5590,11826
9612,1386,5605,11794
9613,1381,5599,11779
9614,1386,5614,11838
9615,1392,5577,11818
9616,1393,5610,11785
9617,1387,5595,11790
9618,1376,5599,11803
9619,1373,5603,11772
9620,1380,5594,11787
9621,1385,5593,11820
9622,1386,5580,11798
9623,1387,5578,11805
9624,1396,5588,11808
9625,1392,5592,11786
9626,1401,5591,11815
9627,1375,5571,11801
9628,1387,5577,11789
9629,1396,5585,11813
9630,1387,5585,11826
9631,1380,5610,11781
9632,1397,5581,11792
9633,1377,5578,11795
9634,1382,5592,11823
9635,1383,5580,11796
9636,1391,5591,11807
9637,1387,5600,11804
9638,1386,5587,11765
9639,1392,5611,11795
9640,1398,5588,11784
9641,1385,5578,11767
9642,1396,5590,11826
9643,1393,5592,11803
9644,1382,5605,11822
9645,1397,5575,11810
9646,1382,5599,11814
9647,1376,5581,11797
9648,1387,5598,11795
9649,1397,5598,11834
9650,1388,5592,11820
9651,1387,5602,11786
9652,1389,5590,11800
9653,1401,5602,11804
9654,1388,5593,11765
9655,1388,5600,11790
9656,1387,5601,11781
9657,1389,5600,11767
9658,1393,5592,11815
9659,1383,5584,11801
9660,1393,5592,11802
9661,1386,5597,11816
9662,1395,5579,11811
9663,1393,5590,11816
9664,1379,5601,11801
9665,1385,5596,11812
9666,1376,5590,11787
9667,1379,5585,11818
9668,1394,5583,11783
9669,1384,5601,11793
9670,1396,5588,11787
9671,1383,5593,11796
9672,1387,5593,11803
9673,1392,5596,11807
9674,1379,5600,11808
9675,1393,5588,11832
9676,1378,5595,11815
9677,1390,5605,11831
9678,1385,5604,11814
9679,1383,5583,11824
9680,1397,5611,11791
9681,1383,5588,11791
9682,1382,5601,11805
9683,1379,5596,11806
9684,1381,5595,11809
9685,1386,5559,11809
9686,1381,5596,11816
9687,1388,5586,11805
9688,1384,5597,11817
9689,1389,5601,11809
9690,1383,5597,11824
9691,1387,5585,11780
9692,1392,5599,11797
9693,1388,5581,11797
9694,1381,5604,11816
9695,1373,5582,11845
9696,1378,5605,11782
9697,1380,5603,11813
9698,1389,5583,11792
9699,1383,5597,11788
9700,1394,5598,11807
9701,1384,5588,11814
9702,1404,5581,11810
9703,1391,5610,11821
9704,1384,5569,11823
9705,1385,5575,11803
9706,1384,5608,11806
9707,1369,5598,11796
9708,1378,5599,11790
9709,1385,5608,11786
9710,1393,5572,11811
9711,1390,5599,11793
9712,1393,5606,11813
9713,1391,5611,11829
9714,1379,5600,11813
9715,1384,5616,11789
9716,1389,5585,11798
9717,1382,5579,11809
9718,1372,5576,11791
9719,1384,5603,11797
9720,1374,5603,11786
9721,1387,5582,11783
9722,1398,5589,11789
9723,1369,5597,11812
9724,1384,5584,11816
9725,1393,5581,11831
9726,1384,5585,11817
9727,1387,5583,11813
9728,1367,5598,11792
9729,1382,5593,11821
9730,1377,5604,11805
9731,1383,5607,11794
9732,1387,5591,11817
9733,1379,5603,11824
9734,1390,5596,11798
9735,1383,5592,11801
9736,1373,5600,11792
9737,1387,5612,11788
9738,1393,5596,11786
9739,1398,5584,11787
9740,1377,5588,11816
9741,1361,5592,11804
9742,1385,5595,11806
9743,1378,5596,11787
9744,1385,5597,11806
9745,1383,5586,11795
9746,1394,5582,11809
9747,1387,5595,11782
9748,1382,5609,11773
9749,1397,5607,11795
9750,1373,5581,11805
9751,1386,5599,11802
9752,1374,5590,11802
9753,1384,5604,11801
9754,1390,5591,11843
9755,1375,5593,11838
9756,1387,5586,11783
9757,1384,5602,11781
9758,1381,5596,11784
9759,1389,5576,11837
9760,1381,5591,11796
9761,1385,5587,11808
9762,1377,5596,11813
9763,1384,5584,11835
9764,1373,5592,11810
9765,1379,5586,11802
9766,1380,5590,11800
9767,1371,5581,11805
9768,1394,5587,11799
9769,1387,5597,11822
9770,1397,5599,11791
9771,1402,5597,11760
9772,1384,5610,11797
9773,1379,5599,11790
9774,1382,5586,11834
9775,1380,5593,11827
9776,1380,5591,11812
9777,1378,5613,11815
9778,1380,5580,11795
9779,1388,5594,11800
9780,1386,5592,11801
9781,1379,5587,11809
9782,1388,5599,11809
9783,1392,5595,11814
9784,1385,5594,11799
9785,1380,5604,11801
9786,1386,5586,11804
9787,1379,5581,11804
9788,1391,5597,11808
9789,1382,5584,11820
9790,1403,5572,11808
9791,1383,5597,11790
9792,1394,5597,11821
9793,1391,5590,11798
9794,1389,5606,11799
9795,1388,5590,11779
9796,1382,5605,11808
9797,1397,5583,11800
9798,1373,5587,11827
9799,1385,5599,11791
9800,1386,5585,11819
9801,1378,5569,11790
9802,1388,5611,11797
9803,1390,5602,11772
9804,1374,5601,11811
9805,1391,5604,11814
9806,1384,5606,11824
9807,1382,5601,11786
9808,1393,5591,11818
9809,1384,5612,11840
9810,1390,5588,11795
9811,1368,5602,11827
9812,1383,5606,11805
9813,1381,5598,11815
9814,1391,5606,11816
9815,1393,5581,11771
9816,1377,5589,11823
9817,1399,5591,11814
9818,1385,5580,11807
9819,1396,5591,11813
9820,1396,5581,11792
9821,1394,5593,11770
9822,1393,5632,11813
9823,1390,5599,11810
9824,1380,5590,11792
9825,1384,5592,11821
9826,1391,5605,11793
9827,1389,5595,11800
9828,1375,5601,11818
9829,1393,5584,11774
9830,1374,5612,11794
9831,1392,5601,11762
9832,1389,5588,11804
9833,1379,5587,11839
9834,1389,5587,11815
9835,1374,5575,11811
9836,1396,5575,11815
9837,1391,5595,11779
9838,1397,5576,11843
9839,1385,5587,11815
9840,1404,5588,11780
9841,1382,5597,11775
9842,1400,5596,11805
9843,1375,5607,11798
9844,1389,5608,11803
9845,1387,5602,11810
9846,1399,5596,11804
9847,1388,5619,11782
9848,1373,5590,11811
9849,1389,5600,11793
9850,1391,5579,11818
9851,1396,5608,11809
9852,1379,5590,11800
9853,1397,5587,11789
9854,1391,5602,11767
9855,1385,5603,11797
9856,1393,5577,11818
9857,1383,5604,11819
9858,1393,5610,11795
9859,1396,5595,11824
9860,1385,5585,11791
9861,1374,5564,11811
9862,1374,5569,11821
9863,1388,5590,11814
9864,1379,5580,11813
9865,1396,5601,11786
9866,1385,5607,11794
9867,1381,5606,11814
9868,1386,5577,11798
9869,1384,5596,11799
9870,1387,5594,11808
9871,1392,5589,11813
9872,1383,5574,11782
9873,1384,5588,11823
9874,1385,5600,11811
9875,1385,5576,11836
9876,1380,5609,11814
9877,1394,5586,11822
9878,1382,5586,11786
9879,1380,5593,11806
9880,1390,5601,11784
9881,1384,5601,11813
9882,1369,5593,11813
9883,1380,5573,11817
9884,1386,5601,11786
9885,1382,5579,11788
9886,1388,5596,11797
9887,1389,5599,11818
9888,1393,5604,11804
9889,1393,5583,11800
9890,1393,5596,11782
9891,1388,5601,11798
9892,1388,5567,11804
9893,1386,5624,11800
9894,1389,5586,11794
9895,1379,5599,11796
9896,1380,5587,11815
9897,1374,5612,11795
9898,1375,5600,11814
9899,1381,5604,11793
9900,1390,5588,11782
9901,1384,5572,11792
9902,1379,5611,11822
9903,1391,5597,11770
9904,1394,5573,11812
9905,1371,5584,11816
9906,1386,5590,11779
9907,1388,5595,11799
9908,1401,5609,11788
9909,1387,5581,11808
9910,1389,5592,11805
9911,1394,5606,11789
9912,1387,5609,11817
9913,1388,5582,11820
9914,1382,5574,11802
9915,1381,5568,11811
9916,1383,5599,11801
9917,1384,5589,11828
9918,1369,5594,11803
9919,1384,5607,11812
9920,1391,5594,11799
9921,1386,5609,11794
9922,1388,5600,11786
9923,1378,5587,11825
9924,1391,5602,11798
9925,1385,5584,11812
9926,1393,5585,11814
9927,1399,5601,11820
9928,1377,5611,11804
9929,1382,5599,11819
9930,1388,5600,11788
9931,1396,5617,11806
9932,1395,5585,11803
9933,1399,5589,11795
9934,1397,5607,11798
9935,1379,5609,11825
9936,1379,5593,11774
9937,1386,5588,11797
9938,1372,5599,11795
9939,1398,5589,11805
9940,1387,5583,11801
9941,1390,5584,11803
9942,1387,5601,11795
9943,1356,5599,11816
9944,1386,5583,11818
9945,1375,5605,11797
9946,1381,5597,11801
9947,1380,5582,11809
9948,1392,5585,11828
9949,1392,5589,11812
9950,1390,5617,11774
9951,1383,5616,11792
9952,1393,5585,11796
9953,1390,5608,11821
9954,1380,5589,11814
9955,1387,5590,11800
9956,1385,5589,11787
9957,1390,5594,11793
9958,1374,5592,11778
9959,1366,5596,11815
9960,1393,5601,11787
9961,1395,5619,11822
9962,1387,5596,11804
9963,1382,5608,11789
9964,1386,5606,11780
9965,1387,5592,11783
9966,1379,5603,11808
9967,1389,5605,11817
9968,1387,5553,11813
9969,1392,5595,11793
9970,1382,5588,11799
9971,1378,5598,11797
9972,1381,5581,11813
9973,1389,5582,11818
9974,1395,5560,11770
9975,1394,5599,11765
9976,1373,5583,11809
9977,1388,5579,11796
9978,1391,5610,11811
9979,1396,5573,11800
9980,1374,5592,11824
9981,1378,5595,11811
9982,1388,5593,11804
9983,1385,5586,11810
9984,1375,5573,11812
9985,1391,5595,11807
9986,1397,5586,11832
9987,1375,5590,11788
9988,1394,5593,11810
9989,1374,5590,11800
9990,1385,5589,11804
9991,1379,5590,11798
9992,1373,5608,11815
9993,1389,5588,11792
9994,1379,5600,11781
9995,1391,5595,11807
9996,1394,5576,11823
9997,1375,5594,11804
9998,1398,5596,11808
9999,1394,5583,11794
