,CKI omega,Raw JS,Spearman dist,Cosine dist,Marker Jaccard dist
CKI omega,1.0,-0.39598773058688774,-0.46099759927366357,-0.3860251927272273,-0.35780675375327753
Raw JS,-0.39598773058688774,1.0,0.6324718300040383,0.9346561061977168,0.8842639606203097
Spearman dist,-0.46099759927366357,0.6324718300040383,1.0,0.7368628280003676,0.5691572827167621
Cosine dist,-0.3860251927272273,0.9346561061977167,0.7368628280003676,1.0,0.8948062222866391
Marker Jaccard dist,-0.35780675375327753,0.8842639606203095,0.5691572827167621,0.8948062222866391,1.0
