,CKI omega,Raw JS,Spearman dist,Cosine dist,Marker Jaccard dist
CKI omega,1.0,-0.5504179370019855,-0.5676687809711619,-0.44170415007201813,-0.38385928957940435
Raw JS,-0.5504179370019855,1.0,0.8596351106419865,0.9536210105463584,0.7963322858648834
Spearman dist,-0.5676687809711619,0.8596351106419865,1.0,0.7368628280003676,0.5691572827167621
Cosine dist,-0.4417041500720182,0.9536210105463585,0.7368628280003676,1.0,0.8948062222866391
Marker Jaccard dist,-0.38385928957940435,0.7963322858648834,0.5691572827167621,0.8948062222866391,1.0
