Cancer,n_Tumor,n_Normal,n_Genes,n_HK,omega,kn,kf,p_value,cohens_d,null_mean,null_std,ci_95_lower,ci_95_upper,time_s
TCGA-LUAD,495,76,13524,1125,47.2971,0.000063,0.002976,5.1485e-01,-0.0760,48.7456,19.0514,15.1401,85.8257,86
TCGA-LUSC,567,58,13532,1125,21.5721,0.000208,0.004497,1.0000e+00,-1.9790,57.2728,18.0397,27.5086,100.0981,79
TCGA-LIHC,365,57,13621,1125,30.0425,0.000187,0.005630,8.8119e-01,-1.2243,51.4482,17.4844,21.6858,86.1091,73
TCGA-KIRC,755,82,13518,1125,54.1454,0.000096,0.005225,3.5644e-01,0.3656,46.8351,19.9926,14.5594,82.0560,85
TCGA-BRCA,1032,109,13525,1125,85.2145,0.000043,0.003695,1.6832e-01,1.0417,57.6861,26.4271,25.5524,124.2950,96
